hdg_err
177.316        4.69719e-15    -3.75775e-14   -6.56075e-11   -1.51427e-07   -1.72567e-08   5.99631e-08    0.0898143      -6.3386e-06    -3.73541e-06   -1.68031e-19   -1.74983e-19   -2.95322e-19   -5.27493e-15   -3.10859e-15   7.47427e-11    
178.287        -7.92564e-11   -2.07334e-10   -2.15482e-06   0.000357467    -1.62698e-06   -0.000573051   0.119708       3.92431e-05    5.6484e-05     -1.57876e-13   -1.74117e-14   -6.19474e-14   3.14538e-11    4.07863e-11    2.05493e-08    
179.277        -4.50163e-11   -7.26767e-10   -1.41761e-05   0.00165022     -5.63634e-06   -0.000987033   0.134631       9.08683e-05    3.77698e-05    -3.79946e-12   -1.41353e-13   -2.16628e-12   1.33754e-10    -9.63555e-12   4.85222e-08    
180.257        1.14821e-10    -1.77361e-09   0.000273063    0.00333278     8.94276e-05    -0.00147486    0.143561       0.000128335    1.4539e-05     -3.20149e-11   7.06573e-12    -1.95655e-11   3.16192e-10    -2.32553e-10   8.09943e-08    
181.243        5.48924e-10    -4.08014e-09   0.00040362     0.00567216     9.68728e-05    -0.00391684    0.149494       0.000171794    3.67498e-05    -1.34307e-10   6.96526e-12    -8.11677e-11   7.71598e-10    -6.18669e-10   1.17125e-07    
182.227        1.01215e-09    -8.40451e-09   0.000511904    0.00782908     9.81694e-05    -0.00916094    0.153723       0.000204613    0.000106653    -3.76623e-10   6.23194e-12    -1.84473e-10   1.7024e-09     -1.02366e-09   1.56525e-07    
183.228        9.31463e-10    -1.51868e-08   0.00150959     0.00834727     0.000247007    -0.0164179     0.156893       0.000205162    0.000189963    -8.60662e-10   4.60317e-11    -3.33411e-10   3.17018e-09    -1.70655e-09   1.99274e-07    
184.204        -1.02866e-10   -2.44761e-08   0.00192651     0.00682752     0.000269878    -0.0250223     0.159375       0.000176907    0.000274053    -1.66793e-09   4.74771e-11    -5.63777e-10   5.07411e-09    -2.90008e-09   2.45233e-07    
185.198        -2.19991e-09   -3.69368e-08   0.00230237     0.00384252     0.000282093    -0.0353287     0.161347       0.000135748    0.000365425    -2.92928e-09   4.73707e-11    -8.94404e-10   7.80354e-09    -4.35907e-09   2.93963e-07    
186.167        -5.44194e-09   -5.21669e-08   0.00250435     -0.000465292   0.000273854    -0.0466961     0.162972       8.44854e-05    0.00045762     -4.63415e-09   4.21556e-11    -1.33019e-09   1.08828e-08    -5.63624e-09   3.45779e-07    
187.152        -9.74648e-09   -7.06241e-08   0.00241221     -0.00547957    0.000238079    -0.0591099     0.164329       3.29803e-05    0.000548418    -6.90504e-09   2.86568e-11    -1.85357e-09   1.48717e-08    -6.41154e-09   4.0062e-07     
188.137        -1.49239e-08   -9.21216e-08   0.00186785     -0.0107092     0.000168057    -0.0722116     0.165472       -1.3324e-05    0.000634591    -9.77025e-09   5.46731e-13    -2.40335e-09   2.02326e-08    -6.1195e-09    4.58139e-07    
189.122        -2.12922e-08   -1.16338e-07   0.000695174    -0.0166712     5.74781e-05    -0.0854528     0.166446       -6.18661e-05   0.000710353    -1.32256e-08   -4.90923e-11   -2.88534e-09   2.60807e-08    -4.76449e-09   5.18204e-07    
190.121        -2.9321e-08    -1.43882e-07   -0.00126305    -0.0238338     -9.65983e-05   -0.0991161     0.167298       -0.000116729   0.000778665    -1.75759e-08   -1.29199e-10   -3.39407e-09   3.1677e-08     -2.89726e-09   5.81856e-07    
191.092        -3.89777e-08   -1.7391e-07    -0.00451247    -0.0320448     -0.000321347   -0.112957      0.168024       -0.000175544   0.000842088    -2.27669e-08   -2.60441e-10   -3.70509e-09   3.67155e-08    1.47561e-09    6.46476e-07    
192.078        -5.03045e-08   -2.07512e-07   -0.00894536    -0.0409013     -0.000595577   -0.127241      0.168665       -0.000232779   0.000900277    -2.91901e-08   -4.4251e-10    -3.84006e-09   4.3071e-08     7.55352e-09    7.13877e-07    
193.062        -6.35075e-08   -2.44765e-07   -0.0151336     -0.0507406     -0.000946189   -0.142229      0.169244       -0.000292902   0.00095807     -3.6726e-08    -7.04748e-10   -3.93902e-09   4.66607e-08    1.86992e-08    7.85215e-07    
194.047        -7.8672e-08    -2.85905e-07   -0.0234111     -0.0613397     -0.0013795     -0.157818      0.169758       -0.000352536   0.0010137      -4.6064e-08    -1.06782e-09   -4.04524e-09   5.0167e-08     3.31787e-08    8.58788e-07    
195.052        -9.60808e-08   -3.31509e-07   -0.0341716     -0.0727666     -0.00190192    -0.173971      0.170219       -0.000412026   0.00106582     -5.69804e-08   -1.55828e-09   -3.92055e-09   5.13852e-08    5.32834e-08    9.35049e-07    
196.017        -1.15379e-07   -3.78522e-07   -0.0475597     -0.0849898     -0.00251334    -0.189421      0.170632       -0.000472875   0.00110939     -6.94533e-08   -2.19766e-09   -3.20882e-09   4.83451e-08    7.41187e-08    1.01301e-06    
197.002        -1.37566e-07   -4.29497e-07   -0.0640853     -0.0983978     -0.00322042    -0.204933      0.171008       -0.000535807   0.0011469      -8.38371e-08   -3.01898e-09   -1.4495e-09    3.99507e-08    9.84097e-08    1.09378e-06    
198            -1.62834e-07   -4.84667e-07   -0.0837536     -0.113026      -0.0040094     -0.220747      0.171349       -0.000600952   0.00118151     -1.00808e-07   -4.02987e-09   8.75765e-10    2.25913e-08    1.27194e-07    1.17684e-06    
198.986        -1.90726e-07   -5.42609e-07   -0.10689       -0.128481      -0.00488811    -0.236409      0.171648       -0.000666129   0.00121246     -1.19884e-07   -5.27295e-09   4.32353e-09    -4.65646e-09   1.62733e-07    1.25903e-06    
199.957        -2.21241e-07   -6.03004e-07   -0.133496      -0.144664      -0.00584694    -0.251817      0.171933       -0.000730719   0.00123977     -1.41386e-07   -6.76627e-09   9.39071e-09    -4.1047e-08    2.04823e-07    1.34629e-06    
200.942        -2.55252e-07   -6.67357e-07   -0.164157      -0.16192       -0.00689471    -0.267287      0.172191       -0.000795912   0.00126382     -1.66329e-07   -8.55428e-09   1.60727e-08    -9.03212e-08   2.49742e-07    1.43452e-06    
201.938        -2.9322e-07    -7.35882e-07   -0.19877       -0.180482      -0.00801543    -0.282932      0.172427       -0.00086314    0.00128595     -1.94894e-07   -1.06491e-08   2.51044e-08    -1.60993e-07   3.05377e-07    1.52448e-06    
202.912        -3.3431e-07    -8.06513e-07   -0.237771      -0.199939      -0.00922783    -0.298369      0.172648       -0.000931234   0.0013065      -2.28126e-07   -1.31211e-08   3.63182e-08    -2.52384e-07   3.68488e-07    1.61743e-06    
203.898        -3.79773e-07   -8.81855e-07   -0.281448      -0.220732      -0.0105232     -0.314311      0.172852       -0.00100131    0.00132775     -2.67495e-07   -1.59992e-08   4.92173e-08    -3.75128e-07   4.50127e-07    1.71175e-06    
204.882        -4.29512e-07   -9.61724e-07   -0.329226      -0.242791      -0.0118752     -0.330914      0.17304        -0.00107348    0.00135158     -3.14483e-07   -1.92578e-08   6.30142e-08    -5.38353e-07   5.6598e-07     1.80739e-06    
205.875        -4.84155e-07   -1.04701e-06   -0.38251       -0.266258      -0.0133228     -0.348288      0.173207       -0.00114791    0.00137775     -3.69959e-07   -2.30436e-08   7.7736e-08     -7.53869e-07   7.23854e-07    1.90073e-06    
206.853        -5.42887e-07   -1.13567e-06   -0.440033      -0.290801      -0.0148239     -0.365918      0.173366       -0.00122406    0.00140479     -4.34626e-07   -2.72868e-08   9.35414e-08    -1.02762e-06   9.14842e-07    1.99784e-06    
207.837        -6.06677e-07   -1.22934e-06   -0.502609      -0.316633      -0.0163918     -0.384078      0.173528       -0.00130202    0.00143295     -5.09261e-07   -3.20756e-08   1.1106e-07     -1.36991e-06   1.1509e-06     2.10475e-06    
208.823        -6.75341e-07   -1.32786e-06   -0.570253      -0.343475      -0.0180216     -0.402695      0.17368        -0.00138025    0.00146206     -5.94928e-07   -3.74635e-08   1.30939e-07    -1.77201e-06   1.43635e-06    2.21466e-06    
209.825        -7.49864e-07   -1.4328e-06    -0.64354       -0.371536      -0.0197162     -0.422006      0.173823       -0.0014591     0.00149237     -6.92947e-07   -4.35159e-08   1.52826e-07    -2.24675e-06   1.77786e-06    2.32643e-06    
210.792        -8.27037e-07   -1.5391e-06    -0.720888      -0.399876      -0.0214541     -0.441287      0.173955       -0.0015378     0.00152415     -8.0221e-07    -5.0197e-08    1.74913e-07    -2.80258e-06   2.18389e-06    2.43729e-06    
211.777        -9.10407e-07   -1.65292e-06   -0.803355      -0.429429      -0.0232302     -0.461651      0.174079       -0.00161748    0.0015594      -9.26544e-07   -5.75384e-08   1.95837e-07    -3.45465e-06   2.69208e-06    2.54988e-06    
212.763        -9.9885e-07    -1.77261e-06   -0.889647      -0.459867      -0.0250162     -0.482934      0.174195       -0.00169819    0.00159899     -1.06709e-06   -6.54608e-08   2.14686e-07    -4.2114e-06    3.3323e-06     2.66252e-06    
213.747        -1.09259e-06   -1.89844e-06   -0.980257      -0.491276      -0.0268248     -0.505194      0.174307       -0.00178063    0.00164326     -1.22581e-06   -7.40631e-08   2.30874e-07    -5.08708e-06   4.11982e-06    2.77954e-06    
214.732        -1.19184e-06   -2.03047e-06   -1.07504       -0.523734      -0.0286503     -0.528404      0.17441        -0.00186546    0.00169213     -1.40355e-06   -8.33704e-08   2.45617e-07    -6.09423e-06   5.063e-06      2.89543e-06    
215.734        -1.29856e-06   -2.17119e-06   -1.17449       -0.557779      -0.0304896     -0.552878      0.174505       -0.00195417    0.00174568     -1.60276e-06   -9.34228e-08   2.58827e-07    -7.2641e-06    6.16246e-06    3.00848e-06    
216.702        -1.40798e-06   -2.31364e-06   -1.27627       -0.592193      -0.0323232     -0.577561      0.174594       -0.0020453     0.00180264     -1.81884e-06   -1.04162e-07   2.72067e-07    -8.5802e-06    7.39713e-06    3.12228e-06    
217.687        -1.5248e-06    -2.46507e-06   -1.38201       -0.628003      -0.0341524     -0.603568      0.174678       -0.00213961    0.00186477     -2.05514e-06   -1.15648e-07   2.83358e-07    -1.00486e-05   8.80168e-06    3.23615e-06    
218.673        -1.64736e-06   -2.62341e-06   -1.49103       -0.664753      -0.035974      -0.630668      0.174757       -0.00223645    0.00193247     -2.3102e-06    -1.27925e-07   2.92475e-07    -1.16563e-05   1.03897e-05    3.34841e-06    
219.679        -1.77826e-06   -2.79236e-06   -1.60436       -0.703061      -0.0377943     -0.659436      0.174829       -0.00233713    0.00200697     -2.58583e-06   -1.41107e-07   2.98211e-07    -1.34249e-05   1.21848e-05    3.45899e-06    
220.65         -1.91115e-06   -2.96314e-06   -1.71917       -0.741473      -0.0395972     -0.688619      0.174897       -0.00243987    0.00208637     -2.87719e-06   -1.55114e-07   3.02149e-07    -1.53174e-05   1.41402e-05    3.56829e-06    
221.627        -2.05086e-06   -3.1424e-06    -1.83686       -0.781092      -0.04138       -0.719126      0.174958       -0.0025462     0.00217162     -3.18403e-06   -1.69985e-07   3.05194e-07    -1.73512e-05   1.62642e-05    3.67047e-06    
222.612        -2.19779e-06   -3.33092e-06   -1.95821       -0.822032      -0.0431595     -0.751151      0.175009       -0.00265668    0.00226362     -3.5065e-06    -1.85924e-07   3.05442e-07    -1.95337e-05   1.85718e-05    3.76026e-06    
223.597        -2.35116e-06   -3.52795e-06   -2.08277       -0.864139      -0.0449335     -0.784734      0.175057       -0.00277127    0.0023634      -3.84559e-06   -2.0299e-07    3.02077e-07    -2.1853e-05    2.10892e-05    3.84886e-06    
224.604        -2.51463e-06   -3.73828e-06   -2.21193       -0.908276      -0.0467089     -0.820534      0.1751         -0.00289183    0.00247191     -4.20188e-06   -2.2136e-07    2.95739e-07    -2.43375e-05   2.38189e-05    3.93304e-06    
225.588        -2.68182e-06   -3.95321e-06   -2.34351       -0.953057      -0.0484839     -0.857249      0.175141       -0.00301622    0.00258606     -4.56842e-06   -2.41114e-07   2.90526e-07    -2.69401e-05   2.66821e-05    4.01528e-06    
226.568        -2.85542e-06   -4.17619e-06   -2.47843       -0.999047      -0.0502605     -0.895244      0.175179       -0.00314498    0.00270537     -4.94238e-06   -2.62383e-07   2.88848e-07    -2.96537e-05   2.96414e-05    4.09663e-06    
227.554        -3.0374e-06    -4.40989e-06   -2.6153        -1.04665       -0.0519996     -0.934853      0.175215       -0.00327868    0.00283002     -5.32077e-06   -2.84762e-07   2.89537e-07    -3.24791e-05   3.2683e-05     4.17566e-06    
228.523        -3.22342e-06   -4.6486e-06    -2.75449       -1.09485       -0.0537369     -0.975164      0.175254       -0.00341491    0.00295725     -5.69857e-06   -3.08824e-07   2.93119e-07    -3.53568e-05   3.57342e-05    4.2645e-06     
229.507        -3.41943e-06   -4.90057e-06   -2.89834       -1.14478       -0.0554823     -1.01735       0.175291       -0.00355463    0.00308944     -6.07426e-06   -3.34887e-07   2.98899e-07    -3.8273e-05    3.88332e-05    4.35565e-06    
230.492        -3.62291e-06   -5.16246e-06   -3.04517       -1.19583       -0.0572186     -1.06081       0.175327       -0.00369611    0.00322439     -6.44491e-06   -3.6279e-07    3.08156e-07    -4.11801e-05   4.19179e-05    4.44678e-06    
231.477        -3.8339e-06    -5.43438e-06   -3.19574       -1.24789       -0.05896       -1.10546       0.175362       -0.00383844    0.0033611      -6.80577e-06   -3.92942e-07   3.2082e-07     -4.40464e-05   4.49546e-05    4.53594e-06    
232.483        -4.05651e-06   -5.72164e-06   -3.35157       -1.30172       -0.0607129     -1.15187       0.175395       -0.0039823     0.00349966     -7.15625e-06   -4.25696e-07   3.36701e-07    -4.6861e-05    4.79152e-05    4.62566e-06    
233.447        -4.27765e-06   -6.00704e-06   -3.50852       -1.35455       -0.0624704     -1.19756       0.175423       -0.00412234    0.0036344      -7.48793e-06   -4.61012e-07   3.57519e-07    -4.95466e-05   5.0715e-05     4.70166e-06    
234.432        -4.51074e-06   -6.3081e-06    -3.67052       -1.40896       -0.0642329     -1.24472       0.175449       -0.00426196    0.00376829     -7.80247e-06   -4.99111e-07   3.81307e-07    -5.21171e-05   5.33553e-05    4.77463e-06    
235.417        -4.751e-06     -6.61864e-06   -3.83632       -1.46386       -0.0660019     -1.29246       0.175471       -0.0043986     0.0038994      -8.09766e-06   -5.40238e-07   4.10286e-07    -5.45257e-05   5.58174e-05    4.83619e-06    
236.403        -4.99875e-06   -6.93937e-06   -4.00603       -1.51911       -0.0677771     -1.34077       0.17549        -0.00453077    0.00402718     -8.37248e-06   -5.8458e-07    4.41951e-07    -5.67284e-05   5.80852e-05    4.88949e-06    
237.387        -5.25322e-06   -7.26915e-06   -4.17949       -1.57447       -0.0695583     -1.38932       0.175503       -0.00465778    0.00415021     -8.62465e-06   -6.32339e-07   4.7637e-07     -5.87165e-05   6.01282e-05    4.91982e-06    
238.372        -5.5149e-06    -7.60821e-06   -4.3558        -1.63002       -0.0713293     -1.43798       0.175514       -0.00477962    0.00426728     -8.85517e-06   -6.83219e-07   5.17374e-07    -6.04907e-05   6.19159e-05    4.94653e-06    
239.365        -5.78613e-06   -7.95913e-06   -4.53687       -1.68611       -0.0731109     -1.48683       0.175523       -0.00489676    0.00437708     -9.06628e-06   -7.38044e-07   5.63763e-07    -6.20557e-05   6.33975e-05    4.96451e-06    
240.343        -6.0604e-06    -8.31269e-06   -4.71966       -1.74156       -0.0748832     -1.53445       0.175531       -0.00500769    0.00447595     -9.25589e-06   -7.96371e-07   6.19933e-07    -6.34184e-05   6.45232e-05    4.97658e-06    
241.327        -6.34424e-06   -8.67679e-06   -4.90669       -1.79758       -0.0766588     -1.58161       0.175538       -0.00511455    0.004564       -9.42724e-06   -8.58843e-07   6.82203e-07    -6.46064e-05   6.52587e-05    4.98421e-06    
242.312        -6.63556e-06   -9.04812e-06   -5.09746       -1.85383       -0.0784394     -1.6278        0.175541       -0.00521745    0.00464013     -9.58215e-06   -9.25711e-07   7.51668e-07    -6.56438e-05   6.56027e-05    4.97592e-06    
243.31         -6.93885e-06   -9.432e-06     -5.29284       -1.9111        -0.0802205     -1.67355       0.175542       -0.00531756    0.00470493     -9.72581e-06   -9.97068e-07   8.31263e-07    -6.65382e-05   6.55587e-05    4.95686e-06    
244.296        -7.24668e-06   -9.81888e-06   -5.49129       -1.96814       -0.0820097     -1.71788       0.17554        -0.00541393    0.0047586      -9.85936e-06   -1.07338e-06   9.15154e-07    -6.73198e-05   6.51975e-05    4.92203e-06    
245.267        -7.55793e-06   -1.02072e-05   -5.69278       -2.02472       -0.0838103     -1.76065       0.175539       -0.00550605    0.00480147     -9.98561e-06   -1.15492e-06   1.00475e-06    -6.79814e-05   6.45464e-05    4.89654e-06    
246.252        -7.88176e-06   -1.06086e-05   -5.8983        -2.08247       -0.0856018     -1.80318       0.175536       -0.00559666    0.00483575     -1.01039e-05   -1.2411e-06    1.09778e-06    -6.8553e-05    6.36252e-05    4.85539e-06    
247.252        -8.21908e-06   -1.10235e-05   -6.10911       -2.1416        -0.0874007     -1.84542       0.175529       -0.00568674    0.00486097     -1.02178e-05   -1.33302e-06   1.19202e-06    -6.90636e-05   6.2425e-05     4.79059e-06    
248.222        -8.55498e-06   -1.14326e-05   -6.32051       -2.19961       -0.0891954     -1.88526       0.175516       -0.00577329    0.00487514     -1.03279e-05   -1.4302e-06    1.28852e-06    -6.9517e-05    6.09819e-05    4.69123e-06    
249.207        -8.90512e-06   -1.18553e-05   -6.53699       -2.25926       -0.0909937     -1.92481       0.1755         -0.00586081    0.00488097     -1.04392e-05   -1.53341e-06   1.38836e-06    -6.99517e-05   5.92978e-05    4.57127e-06    
250.192        -9.26471e-06   -1.22852e-05   -6.75736       -2.31978       -0.0927968     -1.96335       0.175484       -0.00594867    0.00487787     -1.05517e-05   -1.64301e-06   1.48732e-06    -7.03821e-05   5.73884e-05    4.45547e-06    
251.177        -9.63335e-06   -1.27214e-05   -6.98153       -2.38105       -0.094605      -2.00083       0.17547        -0.00603658    0.00486622     -1.06653e-05   -1.75934e-06   1.58749e-06    -7.0802e-05    5.52761e-05    4.33956e-06    
252.162        -1.00117e-05   -1.31648e-05   -7.20957       -2.44315       -0.0964172     -2.03735       0.175452       -0.00612435    0.00484668     -1.07816e-05   -1.88264e-06   1.6907e-06     -7.12012e-05   5.29849e-05    4.20279e-06    
253.147        -1.03998e-05   -1.36147e-05   -7.44132       -2.50618       -0.0982324     -2.07285       0.17543        -0.00621308    0.00481954     -1.08997e-05   -2.01319e-06   1.79648e-06    -7.16151e-05   5.05308e-05    4.03529e-06    
254.138        -1.08005e-05   -1.40743e-05   -7.67719       -2.57066       -0.100047      -2.10764       0.175405       -0.00630387    0.00478526     -1.10211e-05   -2.15113e-06   1.90456e-06    -7.20604e-05   4.79218e-05    3.84844e-06    
255.117        -1.12065e-05   -1.45344e-05   -7.91495       -2.63546       -0.101857      -2.14092       0.175378       -0.00639542    0.00474404     -1.11448e-05   -2.29639e-06   2.01431e-06    -7.25383e-05   4.51969e-05    3.64398e-06    
256.102        -1.16259e-05   -1.50043e-05   -8.1569        -2.70202       -0.103668      -2.17358       0.175349       -0.00649078    0.00469702     -1.12729e-05   -2.44971e-06   2.12392e-06    -7.30965e-05   4.2365e-05     3.42218e-06    
257.108        -1.2066e-05    -1.54914e-05   -8.40474       -2.77166       -0.105481      -2.20629       0.175321       -0.0065932     0.00464494     -1.14053e-05   -2.61174e-06   2.23276e-06    -7.37943e-05   3.94333e-05    3.19807e-06    
258.076        -1.25014e-05   -1.5966e-05    -8.65141       -2.84056       -0.107285      -2.23654       0.175296       -0.00669786    0.00458707     -1.15428e-05   -2.78152e-06   2.34451e-06    -7.4611e-05    3.64591e-05    3.00216e-06    
259.058        -1.29547e-05   -1.64539e-05   -8.90257       -2.91205       -0.109084      -2.26648       0.175273       -0.00680839    0.00452427     -1.16852e-05   -2.95987e-06   2.45623e-06    -7.55406e-05   3.34036e-05    2.81133e-06    
260.042        -1.3421e-05    -1.69486e-05   -9.15608       -2.9854        -0.110867      -2.29542       0.175253       -0.00692403    0.00445535     -1.18312e-05   -3.146e-06     2.57042e-06    -7.65831e-05   3.02485e-05    2.6421e-06     
261.047        -1.39102e-05   -1.74607e-05   -9.41497       -3.06211       -0.112644      -2.32415       0.175232       -0.0070468     0.00438062     -1.19805e-05   -3.34147e-06   2.68824e-06    -7.77481e-05   2.69893e-05    2.46071e-06    
262.012        -1.43923e-05   -1.79563e-05   -9.67175       -3.13774       -0.11441       -2.35015       0.175212       -0.00717113    0.00430026     -1.21343e-05   -3.54585e-06   2.80834e-06    -7.9013e-05    2.36904e-05    2.28747e-06    
263.014        -1.49063e-05   -1.84782e-05   -9.93583       -3.2181        -0.116172      -2.37667       0.17519        -0.00730479    0.00421537     -1.22919e-05   -3.76041e-06   2.9303e-06     -8.04212e-05   2.03205e-05    2.09762e-06    
263.982        -1.54165e-05   -1.89871e-05   -10.1984       -3.29794       -0.117922      -2.40093       0.175167       -0.00744092    0.00412636     -1.24506e-05   -3.98461e-06   3.05279e-06    -8.19367e-05   1.69479e-05    1.9021e-06     
264.967        -1.59485e-05   -1.95104e-05   -10.4658       -3.3809        -0.119667      -2.42491       0.175144       -0.00758361    0.00403385     -1.26137e-05   -4.21961e-06   3.17896e-06    -8.35574e-05   1.35588e-05    1.69835e-06    
265.952        -1.64944e-05   -2.00395e-05   -10.736        -3.46586       -0.121406      -2.44811       0.175125       -0.00773156    0.00393882     -1.2777e-05    -4.46582e-06   3.30624e-06    -8.52822e-05   1.01945e-05    1.52201e-06    
266.954        -1.70639e-05   -2.05843e-05   -11.0106       -3.55405       -0.123134      -2.47126       0.175105       -0.00788563    0.00384212     -1.2941e-05    -4.72307e-06   3.43521e-06    -8.70914e-05   6.87547e-06    1.34719e-06    
267.922        -1.76282e-05   -2.11156e-05   -11.2835       -3.64119       -0.124852      -2.49274       0.175085       -0.00803894    0.00374576     -1.31054e-05   -4.99161e-06   3.57064e-06    -8.89102e-05   3.67939e-06    1.1629e-06     
268.907        -1.82162e-05   -2.16629e-05   -11.5612       -3.73132       -0.126564      -2.51443       0.175065       -0.00819641    0.00364986     -1.32745e-05   -5.27274e-06   3.70955e-06    -9.07523e-05   5.91091e-07    9.75806e-07    
269.892        -1.88177e-05   -2.22157e-05   -11.8416       -3.823         -0.128271      -2.53578       0.175044       -0.00835634    0.00355538     -1.34458e-05   -5.56726e-06   3.85164e-06    -9.26158e-05   -2.3592e-06    7.90232e-07    
270.883        -1.94382e-05   -2.27792e-05   -12.1258       -3.91695       -0.129974      -2.55726       0.175023       -0.00851934    0.00346345     -1.3616e-05    -5.87569e-06   3.99966e-06    -9.44952e-05   -5.13725e-06   5.89668e-07    
271.877        -2.00749e-05   -2.33507e-05   -12.4138       -4.0127        -0.131681      -2.57876       0.175          -0.00868452    0.00337459     -1.37877e-05   -6.20017e-06   4.15446e-06    -9.63757e-05   -7.73224e-06   3.7988e-07     
272.847        -2.07106e-05   -2.3914e-05    -12.7015       -4.1078        -0.133383      -2.59954       0.174976       -0.0088482     0.00329004     -1.39612e-05   -6.53936e-06   4.31489e-06    -9.82276e-05   -1.01186e-05   1.55255e-07    
273.832        -2.13717e-05   -2.44936e-05   -12.9943       -4.20589       -0.135084      -2.6209        0.174949       -0.00901531    0.00320899     -1.41342e-05   -6.8946e-06    4.48042e-06    -0.000100081   -1.23174e-05   -9.20691e-08   
274.831        -2.20571e-05   -2.50875e-05   -13.2916       -4.3069        -0.136779      -2.64254       0.174924       -0.00918615    0.00313017     -1.43107e-05   -7.26578e-06   4.65192e-06    -0.000101948   -1.43741e-05   -3.2905e-07    
275.803        -2.27398e-05   -2.56711e-05   -13.5878       -4.40705       -0.138468      -2.66332       0.174899       -0.00935556    0.00305488     -1.44886e-05   -7.65291e-06   4.83091e-06    -0.000103799   -1.62676e-05   -5.67558e-07   
276.789        -2.34478e-05   -2.62697e-05   -13.8889       -4.51006       -0.140156      -2.68453       0.174873       -0.00952768    0.00298245     -1.46703e-05   -8.05769e-06   5.01334e-06    -0.000105633   -1.8008e-05    -8.02975e-07   
277.772        -2.41692e-05   -2.68725e-05   -14.1927       -4.6142        -0.141843      -2.70568       0.174852       -0.00969978    0.0029135      -1.48563e-05   -8.48136e-06   5.20089e-06    -0.000107423   -1.95889e-05   -1.00103e-06   
278.781        -2.49258e-05   -2.74978e-05   -14.5036       -4.72238       -0.143533      -2.72754       0.17483        -0.00987568    0.00284698     -1.50422e-05   -8.92561e-06   5.39451e-06    -0.000109191   -2.10286e-05   -1.20317e-06   
279.758        -2.56751e-05   -2.81094e-05   -14.8134       -4.82886       -0.145226      -2.74862       0.174811       -0.0100478     0.00278495     -1.52277e-05   -9.3909e-06    5.59121e-06    -0.000110899   -2.23033e-05   -1.38475e-06   
280.727        -2.64342e-05   -2.87224e-05   -15.1252       -4.93566       -0.146919      -2.76966       0.174789       -0.010217      0.00272703     -1.54192e-05   -9.87684e-06   5.79266e-06    -0.0001125     -2.34174e-05   -1.59254e-06   
281.712        -2.72203e-05   -2.93512e-05   -15.4426       -5.0449        -0.148616      -2.79134       0.174764       -0.0103853     0.00267327     -1.5614e-05    -1.03856e-05   6.00023e-06    -0.000113982   -2.43571e-05   -1.81989e-06   
282.697        -2.80228e-05   -2.9987e-05    -15.7636       -5.15504       -0.150316      -2.81331       0.17474        -0.0105501     0.002624       -1.58125e-05   -1.09181e-05   6.21064e-06    -0.000115322   -2.51287e-05   -2.0472e-06    
283.697        -2.8854e-05    -3.06395e-05   -16.0975       -5.26749       -0.152088      -2.83588       0.174715       -0.0107123     0.00257829     -1.6013e-05    -1.14957e-05   6.42555e-06    -0.000116495   -2.57528e-05   -2.28055e-06   
284.667        -2.96751e-05   -3.12777e-05   -16.4281       -5.37717       -0.153841      -2.85785       0.174692       -0.0108653     0.00253706     -1.62165e-05   -1.20937e-05   6.6468e-06     -0.000117477   -2.62423e-05   -2.50241e-06   
285.652        -3.05251e-05   -3.19324e-05   -16.764        -5.48898       -0.155594      -2.88032       0.174667       -0.0110149     0.00249842     -1.64223e-05   -1.2717e-05    6.87122e-06    -0.000118281   -2.66234e-05   -2.73615e-06   
286.637        -3.13862e-05   -3.25946e-05   -17.0997       -5.59823       -0.157314      -2.90378       0.17468        -0.0111407     0.00246944     -1.65937e-05   -1.33559e-05   7.12961e-06    -0.000118389   -2.66719e-05   -2.57019e-06   
287.622        -3.22536e-05   -3.32773e-05   -17.4411       -5.70124       -0.159056      -2.9345        0.174677       -0.0112194     0.0024925      -1.67733e-05   -1.403e-05     7.4473e-06     -0.000117134   -2.50834e-05   -2.56987e-06   
288.608        -3.31383e-05   -3.39845e-05   -17.7855       -5.80562       -0.160797      -2.97396       0.174668       -0.0113004     0.00257527     -1.69607e-05   -1.47271e-05   7.77127e-06    -0.00011597    -2.16854e-05   -2.63883e-06   
289.612        -3.40599e-05   -3.4727e-05    -18.1356       -5.9151        -0.162537      -3.02131       0.174657       -0.0113962     0.00270622     -1.71545e-05   -1.54503e-05   8.09113e-06    -0.0001152     -1.68831e-05   -2.73111e-06   
290.577        -3.49672e-05   -3.54591e-05   -18.4817       -6.02526       -0.16427       -3.07235       0.174647       -0.0115131     0.00286621     -1.73593e-05   -1.6203e-05    8.40708e-06    -0.000115183   -1.13519e-05   -2.80395e-06   
291.562        -3.59189e-05   -3.62216e-05   -18.8339       -6.14363       -0.166001      -3.12713       0.17464        -0.0116612     0.00304207     -1.75757e-05   -1.69909e-05   8.7247e-06     -0.000115977   -5.48628e-06   -2.85339e-06   
292.547        -3.68954e-05   -3.69958e-05   -19.1888       -6.26819       -0.16773       -3.18341       0.174635       -0.0118398     0.00322247     -1.77998e-05   -1.78177e-05   9.04703e-06    -0.00011762    3.41313e-07    -2.87918e-06   
293.532        -3.78986e-05   -3.77797e-05   -19.5466       -6.39932       -0.169459      -3.23975       0.174631       -0.01205       0.00339687     -1.80342e-05   -1.86857e-05   9.37867e-06    -0.000120108   5.80462e-06    -2.8914e-06    
294.517        -3.89298e-05   -3.8571e-05    -19.9073       -6.53734       -0.171187      -3.29482       0.174625       -0.0122922     0.00355611     -1.82759e-05   -1.9596e-05    9.72084e-06    -0.000123435   1.0631e-05     -2.92903e-06   
295.502        -3.99895e-05   -3.93666e-05   -20.2709       -6.68239       -0.172914      -3.3472        0.174615       -0.0125665     0.0036911      -1.85253e-05   -2.05484e-05   1.0074e-05     -0.000127579   1.4556e-05     -3.00091e-06   
296.487        -4.10775e-05   -4.01636e-05   -20.6372       -6.83445       -0.174642      -3.39588       0.174608       -0.0128723     0.0037958      -1.87859e-05   -2.15413e-05   1.04413e-05    -0.000132501   1.742e-05      -3.04787e-06   
297.479        -4.22029e-05   -4.09673e-05   -21.0078       -6.99406       -0.17637       -3.4405        0.174602       -0.0132061     0.00386655     -1.90584e-05   -2.25738e-05   1.08195e-05    -0.000138054   1.91352e-05    -3.08004e-06   
298.475        -4.33631e-05   -4.17739e-05   -21.3824       -7.1605        -0.178101      -3.48037       0.174595       -0.0135642     0.00390069     -1.93374e-05   -2.36438e-05   1.12177e-05    -0.000144117   1.96585e-05    -3.12212e-06   
299.448        -4.45281e-05   -4.25596e-05   -21.7558       -7.3308        -0.17983       -3.51412       0.174585       -0.0139463     0.00389691     -1.96256e-05   -2.47487e-05   1.16403e-05    -0.000150781   1.90037e-05    -3.19637e-06   
300.427        -4.5728e-05    -4.33465e-05   -22.133        -7.50704       -0.181561      -3.54262       0.174576       -0.0143449     0.00385559     -1.99219e-05   -2.58862e-05   1.20844e-05    -0.000157706   1.71999e-05    -3.26342e-06   
301.412        -4.69661e-05   -4.41345e-05   -22.5146       -7.6902        -0.183295      -3.56571       0.174565       -0.0147646     0.00377671     -2.02238e-05   -2.70576e-05   1.25549e-05    -0.000165008   1.42832e-05    -3.35766e-06   
302.414        -4.82575e-05   -4.49318e-05   -22.9029       -7.88214       -0.185035      -3.58335       0.174555       -0.0152074     0.00365886     -2.0538e-05    -2.82638e-05   1.30528e-05    -0.000172673   1.02382e-05    -3.42971e-06   
303.382        -4.95365e-05   -4.56947e-05   -23.2879       -8.07376       -0.186775      -3.59408       0.174543       -0.0156551     0.003506       -2.08591e-05   -2.95012e-05   1.35765e-05    -0.000180423   5.24503e-06    -3.51915e-06   
304.367        -5.08693e-05   -4.64664e-05   -23.6794       -8.27325       -0.188519      -3.59959       0.174535       -0.0161182     0.00331858     -2.11891e-05   -3.07719e-05   1.41267e-05    -0.000188304   -6.7357e-07    -3.57972e-06   
305.353        -5.22316e-05   -4.72309e-05   -24.0742       -8.47636       -0.190267      -3.59936       0.174527       -0.0165837     0.00309877     -2.15249e-05   -3.20772e-05   1.47038e-05    -0.000196029   -7.41497e-06   -3.63164e-06   
306.337        -5.36249e-05   -4.79876e-05   -24.4722       -8.68414       -0.192019      -3.59352       0.174518       -0.0170582     0.00284895     -2.18691e-05   -3.34193e-05   1.53056e-05    -0.000203794   -1.48811e-05   -3.69058e-06   
307.322        -5.50511e-05   -4.87373e-05   -24.8737       -8.89645       -0.193777      -3.58238       0.17451        -0.0175393     0.00257215     -2.22194e-05   -3.48003e-05   1.59316e-05    -0.00021152    -2.29548e-05   -3.73858e-06   
308.325        -5.65376e-05   -4.9495e-05    -25.2826       -9.11672       -0.195542      -3.56644       0.174501       -0.0180316     0.00226963     -2.257e-05     -3.62245e-05   1.65817e-05    -0.000219232   -3.15624e-05   -3.79979e-06   
309.293        -5.80036e-05   -5.02154e-05   -25.6875       -9.33387       -0.197309      -3.5454        0.174492       -0.0185146     0.0019509      -2.29199e-05   -3.7691e-05    1.72466e-05    -0.000226687   -4.04389e-05   -3.8614e-06    
310.277        -5.95273e-05   -5.09429e-05   -26.0992       -9.55771       -0.199083      -3.52041       0.174481       -0.0190016     0.00161472     -2.32656e-05   -3.92045e-05   1.79306e-05    -0.000233934   -4.95648e-05   -3.93575e-06   
311.262        -6.10836e-05   -5.16626e-05   -26.5143       -9.78472       -0.200862      -3.49138       0.17447        -0.019486      0.0012645      -2.36149e-05   -4.07681e-05   1.8634e-05     -0.000240902   -5.88451e-05   -4.01523e-06   
312.247        -6.2673e-05    -5.2375e-05    -26.9329       -10.0147       -0.202647      -3.45868       0.174461       -0.0199663     0.000903592    -2.39612e-05   -4.23853e-05   1.93506e-05    -0.000247554   -6.81707e-05   -4.07971e-06   
313.232        -6.42939e-05   -5.308e-05     -27.3549       -10.2461       -0.204438      -3.42266       0.174449       -0.0204325     0.000534906    -2.43029e-05   -4.40616e-05   2.00838e-05    -0.000253613   -7.74476e-05   -4.16491e-06   
314.217        -6.59481e-05   -5.37778e-05   -27.7806       -10.4799       -0.206237      -3.38361       0.174441       -0.0208909     0.000161187    -2.46411e-05   -4.57998e-05   2.08321e-05    -0.000259272   -8.65922e-05   -4.217e-06     
315.203        -6.76346e-05   -5.44678e-05   -28.2099       -10.7154       -0.208044      -3.34177       0.174439       -0.0213387     -0.000215474   -2.49772e-05   -4.7604e-05    2.1594e-05     -0.000264471   -9.55451e-05   -4.19341e-06   
316.203        -6.93801e-05   -5.5161e-05    -28.6462       -10.9563       -0.209862      -3.29704       0.174437       -0.0217811     -0.000596577   -2.53155e-05   -4.94779e-05   2.23693e-05    -0.000269256   -0.000104315   -4.16665e-06   
317.177        -7.11122e-05   -5.58264e-05   -29.0804       -11.192        -0.211687      -3.25031       0.174432       -0.0221979     -0.00097269    -2.56526e-05   -5.14235e-05   2.31558e-05    -0.000273371   -0.000112738   -4.17805e-06   
318.157        -7.28876e-05   -5.64889e-05   -29.5196       -11.4302       -0.21352       -3.20157       0.174428       -0.0226025     -0.00134599    -2.59898e-05   -5.34422e-05   2.3952e-05     -0.000276972   -0.000120795   -4.17207e-06   
319.142        -7.47037e-05   -5.71473e-05   -29.9633       -11.6701       -0.215363      -3.15106       0.174429       -0.0229913     -0.00171456    -2.63237e-05   -5.55382e-05   2.47596e-05    -0.000279981   -0.000128438   -4.10955e-06   
320.127        -7.65506e-05   -5.77981e-05   -30.4107       -11.9092       -0.217214      -3.09911       0.17443        -0.0233542     -0.00207575    -2.66496e-05   -5.77164e-05   2.55797e-05    -0.000282165   -0.000135612   -4.05593e-06   
321.112        -7.84296e-05   -5.84409e-05   -30.8616       -12.1485       -0.219075      -3.0459        0.174433       -0.0236994     -0.00242838    -2.69756e-05   -5.99758e-05   2.64104e-05    -0.000283783   -0.000142299   -3.97393e-06   
322.097        -8.03415e-05   -5.90759e-05   -31.3162       -12.3882       -0.220946      -2.99165       0.174441       -0.0240273     -0.00277102    -2.72955e-05   -6.23183e-05   2.72522e-05    -0.000284861   -0.000148465   -3.84039e-06   
323.098        -8.23167e-05   -5.97131e-05   -31.7778       -12.632        -0.222829      -2.93592       0.174451       -0.0243439     -0.00310624    -2.76148e-05   -6.47477e-05   2.81065e-05    -0.000285461   -0.000154139   -3.68047e-06   
324.087        -8.43036e-05   -6.03346e-05   -32.2407       -12.873        -0.22472       -2.87969       0.174463       -0.0246376     -0.00342834    -2.79299e-05   -6.7264e-05    2.89718e-05    -0.000285478   -0.000159276   -3.50343e-06   
325.057        -8.6283e-05    -6.09348e-05   -32.7025       -13.1088       -0.226619      -2.82361       0.174474       -0.0249061     -0.00373452    -2.82439e-05   -6.98651e-05   2.98473e-05    -0.000284933   -0.000163854   -3.34237e-06   
326.044        -8.83311e-05   -6.15381e-05   -33.1719       -13.3488       -0.228529      -2.76623       0.174483       -0.0251619     -0.00403212    -2.85597e-05   -7.25554e-05   3.07318e-05    -0.000283897   -0.000167936   -3.19433e-06   
327.031        -9.04112e-05   -6.2132e-05    -33.6447       -13.5885       -0.23045       -2.70836       0.174497       -0.0254006     -0.0043172     -2.8873e-05    -7.5336e-05    3.16346e-05    -0.000282407   -0.000171502   -2.99553e-06   
328.007        -9.25035e-05   -6.2711e-05    -34.1188       -13.8253       -0.23238       -2.65043       0.17451        -0.0256174     -0.00458831    -2.91811e-05   -7.82071e-05   3.25454e-05    -0.00028041    -0.000174573   -2.81927e-06   
328.992        -9.46462e-05   -6.32854e-05   -34.5984       -14.0642       -0.234321      -2.59172       0.174527       -0.0258232     -0.00484877    -2.94883e-05   -8.11709e-05   3.34643e-05    -0.000278098   -0.000177177   -2.59321e-06   
329.996        -9.6867e-05    -6.38618e-05   -35.0864       -14.3084       -0.236278      -2.53167       0.174549       -0.0260218     -0.00510046    -2.97916e-05   -8.42341e-05   3.43913e-05    -0.00027549    -0.000179319   -2.31357e-06   
330.962        -9.90372e-05   -6.44063e-05   -35.5691       -14.5432       -0.238243      -2.47328       0.174579       -0.0261974     -0.00533252    -3.00922e-05   -8.73908e-05   3.53282e-05    -0.000272602   -0.000180992   -1.94601e-06   
331.949        -0.00010129    -6.4953e-05    -36.0608       -14.7834       -0.240224      -2.4134        0.17461        -0.0263659     -0.00555712    -3.03898e-05   -9.06489e-05   3.62742e-05    -0.000269427   -0.000182263   -1.56821e-06   
332.932        -0.000103571   -6.54872e-05   -36.5557       -15.0233       -0.242219      -2.35313       0.174647       -0.0265228     -0.00577131    -3.06867e-05   -9.40096e-05   3.72333e-05    -0.000266032   -0.000183184   -1.12434e-06   
333.917        -0.000105887   -6.60106e-05   -37.0548       -15.2625       -0.244229      -2.2922        0.174688       -0.0266622     -0.00597649    -3.0981e-05    -9.74766e-05   3.82084e-05    -0.000262228   -0.000183791   -6.42708e-07   
334.908        -0.000108255   -6.65258e-05   -37.5598       -15.5037       -0.246255      -2.23009       0.174733       -0.0267928     -0.00617514    -3.12773e-05   -0.000101052   3.91917e-05    -0.000258227   -0.000184135   -1.18815e-07   
335.9          -0.00011066    -6.70286e-05   -38.0688       -15.7454       -0.248297      -2.16716       0.17478        -0.0269143     -0.00636639    -3.15784e-05   -0.000104737   4.01877e-05    -0.000254078   -0.000184237   4.17899e-07    
336.887        -0.000113092   -6.75168e-05   -38.5811       -15.9869       -0.250355      -2.1036        0.174831       -0.0270285     -0.00655028    -3.18806e-05   -0.000108533   4.11966e-05    -0.000249866   -0.000184127   9.8467e-07     
337.861        -0.000115528   -6.79854e-05   -39.0939       -16.2264       -0.252426      -2.04005       0.174886       -0.0271387     -0.00672546    -3.21843e-05   -0.00011244    4.22194e-05    -0.000245756   -0.000183825   1.60547e-06    
338.842        -0.000118016   -6.84443e-05   -39.6127       -16.4673       -0.254516      -1.97524       0.174947       -0.0272379     -0.00689545    -3.24918e-05   -0.000116464   4.32591e-05    -0.000241395   -0.000183331   2.28248e-06    
339.827        -0.000120552   -6.88919e-05   -40.1368       -16.7102       -0.256624      -1.9094        0.175009       -0.0273328     -0.00705954    -3.28015e-05   -0.00012061    4.43128e-05    -0.000237001   -0.000182641   2.95452e-06    
340.812        -0.000123125   -6.93261e-05   -40.6653       -16.9539       -0.258751      -1.843         0.175068       -0.0274227     -0.007216      -3.31163e-05   -0.000124879   4.53781e-05    -0.000232587   -0.000181735   3.59226e-06    
341.797        -0.000125738   -6.97472e-05   -41.1982       -17.1985       -0.260897      -1.77609       0.175132       -0.0275082     -0.00736447    -3.34345e-05   -0.000129274   4.64583e-05    -0.000228171   -0.000180604   4.27562e-06    
342.782        -0.000128386   -7.01544e-05   -41.7353       -17.4438       -0.263062      -1.70882       0.175202       -0.0275901     -0.00750478    -3.3756e-05    -0.000133797   4.7553e-05     -0.000223778   -0.000179258   5.02474e-06    
343.767        -0.000131074   -7.05482e-05   -42.2769       -17.6903       -0.265246      -1.64112       0.175277       -0.0276691     -0.00763712    -3.40774e-05   -0.000138453   4.86644e-05    -0.00021942    -0.000177697   5.82197e-06    
344.752        -0.0001338     -7.09277e-05   -42.823        -17.9378       -0.267451      -1.57295       0.175355       -0.0277455     -0.00776255    -3.44019e-05   -0.000143244   4.97898e-05    -0.00021511    -0.000175971   6.63677e-06    
345.737        -0.000136567   -7.12931e-05   -43.3737       -18.1864       -0.269678      -1.50417       0.175438       -0.0278191     -0.00788183    -3.47312e-05   -0.000148173   5.09358e-05    -0.000210834   -0.000174098   7.49915e-06    
346.726        -0.000139381   -7.16448e-05   -43.93         -18.4367       -0.271927      -1.43461       0.175523       -0.0278899     -0.00799558    -3.50634e-05   -0.000153247   5.20954e-05    -0.00020658    -0.000172094   8.36846e-06    
347.714        -0.000142232   -7.19811e-05   -44.4907       -18.6876       -0.274199      -1.36462       0.175605       -0.0279583     -0.00810306    -3.53942e-05   -0.00015847    5.32761e-05    -0.000202381   -0.000169957   9.20078e-06    
348.692        -0.000145095   -7.22998e-05   -45.0538       -18.9367       -0.276494      -1.29499       0.175689       -0.0280203     -0.0082024     -3.57185e-05   -0.000163843   5.44712e-05    -0.000198172   -0.000167678   1.0043e-05     
349.677        -0.000148018   -7.26054e-05   -45.6236       -19.1893       -0.278815      -1.22439       0.17578        -0.0280863     -0.00829692    -3.6044e-05    -0.000169373   5.56819e-05    -0.000194156   -0.000165282   1.09648e-05    
350.662        -0.000150979   -7.2895e-05    -46.198        -19.4433       -0.281161      -1.15321       0.175875       -0.0281551     -0.00838715    -3.6374e-05    -0.000175062   5.6909e-05     -0.000190333   -0.000162828   1.19051e-05    
351.661        -0.000154025   -7.31722e-05   -46.7818       -19.7024       -0.283537      -1.08017       0.17597        -0.0282244     -0.00847573    -3.67076e-05   -0.000180918   5.81537e-05    -0.000186554   -0.000160322   1.28421e-05    
352.635        -0.000157037   -7.34269e-05   -47.3635       -19.9573       -0.285935      -1.0085        0.176066       -0.028298      -0.00855694    -3.70502e-05   -0.00018694    5.9413e-05     -0.000183132   -0.000157788   1.37782e-05    
353.625        -0.000160139   -7.36692e-05   -47.9547       -20.2182       -0.288364      -0.935064      0.176164       -0.0283772     -0.00863594    -3.7395e-05    -0.000193136   6.06892e-05    -0.000179885   -0.000155185   1.47142e-05    
354.614        -0.00016328    -7.38948e-05   -48.5511       -20.4807       -0.290823      -0.861239      0.176263       -0.0284605     -0.00871026    -3.77458e-05   -0.000199511   6.19769e-05    -0.000176849   -0.00015252    1.56589e-05    
355.592        -0.000166427   -7.41016e-05   -49.1497       -20.7416       -0.29331       -0.787816      0.17636        -0.0285423     -0.00877908    -3.80995e-05   -0.000206067   6.32814e-05    -0.000173911   -0.000149816   1.65751e-05    
356.584        -0.000169664   -7.42943e-05   -49.758        -21.0094       -0.295831      -0.71265       0.176459       -0.028637      -0.00884636    -3.84622e-05   -0.000212815   6.46015e-05    -0.00017135    -0.00014708    1.74982e-05    
357.557        -0.000172883   -7.44668e-05   -50.3664       -21.2735       -0.298381      -0.638453      0.176555       -0.0287299     -0.0089082     -3.88237e-05   -0.000219753   6.59402e-05    -0.000168898   -0.00014434    1.8373e-05     
358.557        -0.000176228   -7.46255e-05   -50.9883       -21.5461       -0.300972      -0.561336      0.17665        -0.0288272     -0.00897155    -3.91884e-05   -0.000226895   6.72969e-05    -0.000166516   -0.000141614   1.92296e-05    
359.528        -0.000179525   -7.47625e-05   -51.6073       -21.8139       -0.303588      -0.485808      0.176742       -0.0289309     -0.00903025    -3.95609e-05   -0.000234232   6.86681e-05    -0.000164518   -0.000138951   2.00459e-05    
360.512        -0.000182907   -7.4883e-05    -52.2359       -22.0874       -0.306243      -0.408311      0.176836       -0.0290418     -0.00909005    -3.99367e-05   -0.000241774   7.0059e-05     -0.000162718   -0.000136346   2.08623e-05    
361.519        -0.000186417   -7.4987e-05    -52.8781       -22.3699       -0.308941      -0.327887      0.176927       -0.0291607     -0.00915183    -4.0317e-05    -0.000249537   7.14601e-05    -0.000161085   -0.00013378    2.16465e-05    
362.493        -0.000189851   -7.50695e-05   -53.5155       -22.644        -0.311666      -0.249638      0.177018       -0.0292751     -0.00920884    -4.07034e-05   -0.000257508   7.28758e-05    -0.000159528   -0.000131288   2.2423e-05     
363.471        -0.000193342   -7.51336e-05   -54.16         -22.9206       -0.314428      -0.170139      0.177109       -0.0293896     -0.00926622    -4.10911e-05   -0.000265694   7.43074e-05    -0.000157996   -0.000128866   2.31789e-05    
364.452        -0.000196892   -7.5179e-05    -54.8118       -23.2006       -0.31723       -0.0894422     0.177202       -0.0295109     -0.00932375    -4.14832e-05   -0.000274103   7.57558e-05    -0.000156683   -0.000126504   2.3962e-05     
365.437        -0.000200499   -7.52052e-05   -55.4709       -23.4838       -0.320071      -0.0075063     0.177296       -0.0296369     -0.00938185    -4.18775e-05   -0.000282739   7.72229e-05    -0.000155527   -0.000124216   2.4739e-05     
366.422        -0.000204151   -7.52117e-05   -56.1361       -23.7688       -0.322952      0.0753428      0.177392       -0.0297663     -0.00944017    -4.22793e-05   -0.000291606   7.87087e-05    -0.000154495   -0.000122004   2.55262e-05    
367.407        -0.000207848   -7.51983e-05   -56.8077       -24.0557       -0.325874      0.15919        0.177486       -0.0298983     -0.0094993     -4.26869e-05   -0.000300709   8.02123e-05    -0.000153565   -0.000119884   2.62825e-05    
368.392        -0.000211588   -7.51647e-05   -57.4853       -24.3442       -0.328837      0.244017       0.177582       -0.0300323     -0.00955954    -4.30948e-05   -0.000310052   8.17334e-05    -0.000152721   -0.000117865   2.70532e-05    
369.377        -0.000215377   -7.51104e-05   -58.1698       -24.6334       -0.331842      0.330083       0.177678       -0.0301596     -0.00962155    -4.35055e-05   -0.000319639   8.32635e-05    -0.000151705   -0.000115957   2.78206e-05    
370.362        -0.000219214   -7.50328e-05   -58.8601       -24.9306       -0.334898      0.418267       0.177723       -0.0303325     -0.00969222    -4.36717e-05   -0.000329492   8.47679e-05    -0.000152092   -0.000114352   2.80104e-05    
371.347        -0.000223109   -7.49142e-05   -59.5593       -25.2357       -0.338008      0.517482       0.177975       -0.0305485     -0.0098325     -4.33823e-05   -0.000339647   8.58725e-05    -0.000153867   -0.000114968   3.04743e-05    
372.332        -0.00022705    -7.47453e-05   -60.2661       -25.5409       -0.341159      0.631977       0.178079       -0.0307555     -0.0100708     -4.29711e-05   -0.000350077   8.64723e-05    -0.000155406   -0.000118681   3.12842e-05    
373.317        -0.00023103    -7.45432e-05   -60.9811       -25.8445       -0.344377      0.75208        0.178186       -0.0309428     -0.0103354     -4.24417e-05   -0.000360814   8.67411e-05    -0.000156345   -0.000123098   3.2118e-05     
374.302        -0.000235054   -7.42973e-05   -61.7016       -26.1476       -0.347613      0.882752       0.178393       -0.0311169     -0.0106595     -4.17211e-05   -0.000371777   8.62191e-05    -0.000156899   -0.000129227   3.40404e-05    
375.287        -0.000239111   -7.40005e-05   -62.4325       -26.4444       -0.35091       1.02682        0.178562       -0.0312432     -0.01106       -4.10102e-05   -0.000383103   8.43805e-05    -0.000156075   -0.000137534   3.55179e-05    
376.273        -0.000243204   -7.36706e-05   -63.1723       -26.7331       -0.354286      1.17458        0.178715       -0.0313093     -0.011466      -4.07366e-05   -0.000394731   8.14985e-05    -0.000153553   -0.000145748   3.68102e-05    
377.258        -0.000247327   -7.33147e-05   -63.9204       -27.0141       -0.357725      1.32217        0.178868       -0.0313225     -0.0118522     -4.11621e-05   -0.000406678   7.79203e-05    -0.000149603   -0.000153085   3.80794e-05    
378.242        -0.000251484   -7.29324e-05   -64.677        -27.2891       -0.361226      1.46953        0.179021       -0.0312943     -0.012218      -4.24028e-05   -0.00041896    7.38273e-05    -0.000144586   -0.000159563   3.93359e-05    
379.227        -0.000255677   -7.25291e-05   -65.4423       -27.5598       -0.364792      1.61392        0.179172       -0.0312364     -0.0125457     -4.45188e-05   -0.0004316     6.98339e-05    -0.000138866   -0.000164649   4.05585e-05    
380.212        -0.000259909   -7.21058e-05   -66.2162       -27.8276       -0.368424      1.75471        0.17933        -0.0311588     -0.0128316     -4.74544e-05   -0.000444607   6.6347e-05     -0.000132748   -0.000168283   4.18385e-05    
381.197        -0.00026418    -7.16637e-05   -66.9988       -28.0938       -0.372122      1.8914         0.179489       -0.0310703     -0.0130742     -5.10794e-05   -0.000457986   6.3724e-05     -0.000126497   -0.000170455   4.31204e-05    
382.183        -0.000268503   -7.12024e-05   -67.7912       -28.3604       -0.37589       2.02397        0.179647       -0.0309799     -0.0132731     -5.51955e-05   -0.000471744   6.22557e-05    -0.000120361   -0.000171191   4.43742e-05    
383.174        -0.000272884   -7.0722e-05    -68.5939       -28.6289       -0.37973       2.15229        0.179804       -0.0308944     -0.013428      -5.9589e-05    -0.000485884   6.21908e-05    -0.000114526   -0.000170517   4.56001e-05    
384.152        -0.000277258   -7.02328e-05   -69.401        -28.8956       -0.383634      2.27317        0.179964       -0.0308182     -0.0135298     -6.40312e-05   -0.000500398   6.39275e-05    -0.000109165   -0.000168278   4.68454e-05    
385.141        -0.000281727   -6.9723e-05    -70.2214       -29.1681       -0.387614      2.38992        0.180121       -0.0307588     -0.0135865     -6.8299e-05    -0.000515287   6.74099e-05    -0.000104396   -0.000164655   4.80512e-05    
386.129        -0.000286241   -6.91997e-05   -71.0506       -29.4438       -0.391665      2.50054        0.180277       -0.0307188     -0.0135947     -7.21784e-05   -0.000530549   7.27395e-05    -0.00010032    -0.000159639   4.92194e-05    
387.11         -0.000290768   -6.86664e-05   -71.8859       -29.7212       -0.395781      2.6048         0.180432       -0.0307012     -0.0135599     -7.54608e-05   -0.000546169   7.96163e-05    -9.70179e-05   -0.000153484   5.03726e-05    
388.099        -0.000295382   -6.81173e-05   -72.7336       -30.0055       -0.399974      2.70329        0.180592       -0.0307099     -0.0134764     -7.80294e-05   -0.000562157   8.82947e-05    -9.45348e-05   -0.000145969   5.15568e-05    
389.077        -0.000299998   -6.75656e-05   -73.5863       -30.2915       -0.404232      2.79294        0.180746       -0.0307449     -0.0133387     -7.97935e-05   -0.000578502   9.87405e-05    -9.28961e-05   -0.000137047   5.26755e-05    
390.063        -0.000304702   -6.70001e-05   -74.4514       -30.585        -0.408566      2.87638        0.180901       -0.0308083     -0.0131535     -8.07034e-05   -0.000595207   0.000110587    -9.20917e-05   -0.000126897   5.37901e-05    
391.059        -0.00030951    -6.64178e-05   -75.3304       -30.887        -0.412981      2.9546         0.181051       -0.0309007     -0.0129272     -8.07358e-05   -0.000612275   0.000123372    -9.21072e-05   -0.000115739   5.48272e-05    
392.032        -0.000314254   -6.58457e-05   -76.2085       -31.187        -0.417449      3.02209        0.181198       -0.0310181     -0.0126502     -7.99515e-05   -0.000629684   0.000137051    -9.28984e-05   -0.000103443   5.58379e-05    
393.017        -0.000319115   -6.52542e-05   -77.1014       -31.4964       -0.421998      3.08589        0.181345       -0.0311638     -0.0123447     -7.8352e-05    -0.000647448   0.000150713    -9.44352e-05   -9.05894e-05   5.68206e-05    
394.002        -0.000324025   -6.46568e-05   -78.0032       -31.8109       -0.426617      3.14275        0.18149        -0.0313357     -0.0120006     -7.60488e-05   -0.000665567   0.000164442    -9.66733e-05   -7.6937e-05    5.77799e-05    
394.987        -0.000328994   -6.40522e-05   -78.9147       -32.131        -0.431309      3.19331        0.181633       -0.0315324     -0.0116225     -7.31282e-05   -0.000684042   0.000177843    -9.95507e-05   -6.26412e-05   5.8707e-05     
395.972        -0.000334013   -6.34417e-05   -79.8352       -32.4562       -0.436071      3.2377         0.181778       -0.0317522     -0.0112142     -6.97291e-05   -0.000702874   0.000190586    -0.000103001   -4.78479e-05   5.96437e-05    
396.957        -0.000339091   -6.2824e-05    -80.7654       -32.7866       -0.440905      3.27661        0.181921       -0.0319932     -0.0107807     -6.59712e-05   -0.000722071   0.000202338    -0.000106956   -3.27252e-05   6.05397e-05    
397.945        -0.000344238   -6.21973e-05   -81.7062       -33.1226       -0.445815      3.31081        0.182062       -0.0322536     -0.0103273     -6.19767e-05   -0.000741641   0.000212837    -0.00011134    -1.74442e-05   6.14116e-05    
398.927        -0.000349407   -6.15691e-05   -82.6538       -33.4613       -0.450794      3.33946        0.1822         -0.0325306     -0.00985569    -5.78734e-05   -0.000761588   0.000221957    -0.000116087   -2.06801e-06   6.22414e-05    
399.93         -0.000354743   -6.0916e-05    -83.6209       -33.8114       -0.455868      3.36656        0.182334       -0.0328272     -0.00937601    -5.37377e-05   -0.000781947   0.000229429    -0.000121186   1.30889e-05    6.30054e-05    
400.897        -0.000359948   -6.02856e-05   -84.5813       -34.1542       -0.460986      3.38555        0.182466       -0.0331314     -0.00888084    -4.97257e-05   -0.000802676   0.000235429    -0.000126471   2.82687e-05    6.37664e-05    
401.893        -0.000365356   -5.96255e-05   -85.5643       -34.5101       -0.466206      3.40395        0.182599       -0.0334515     -0.00838232    -4.58861e-05   -0.000823822   0.000239751    -0.000131962   4.30729e-05    6.45088e-05    
402.867        -0.000370705   -5.89736e-05   -86.5473       -34.8628       -0.471486      3.41837        0.182732       -0.0337782     -0.00788813    -4.23076e-05   -0.000845376   0.000242465    -0.00013756    5.73135e-05    6.52622e-05    
403.852        -0.000376168   -5.83067e-05   -87.5452       -35.2227       -0.476856      3.43065        0.182864       -0.0341151     -0.007392      -3.90378e-05   -0.00086735    0.00024372     -0.000143244   7.1163e-05     6.59794e-05    
404.838        -0.000381697   -5.76315e-05   -88.5542       -35.5867       -0.482309      3.44051        0.182991       -0.0344593     -0.00689781    -3.61033e-05   -0.000889754   0.000243606    -0.000148967   8.4526e-05     6.6642e-05     
405.823        -0.000387272   -5.69508e-05   -89.5726       -35.9534       -0.487845      3.44797        0.183115       -0.0348087     -0.00640802    -3.35412e-05   -0.000912592   0.000242256    -0.000154677   9.73485e-05    6.72649e-05    
406.821        -0.000392981   -5.62507e-05   -90.6084       -36.328        -0.493481      3.45509        0.183233       -0.0351651     -0.0059289     -3.13941e-05   -0.000935889   0.000239838    -0.000160366   0.000109404    6.78023e-05    
407.792        -0.000398592   -5.55641e-05   -91.6411       -36.6961       -0.499176      3.45967        0.183346       -0.0355189     -0.00546637    -2.96418e-05   -0.000959616   0.00023659     -0.000165939   0.000120661    6.83043e-05    
408.777        -0.000404343   -5.48593e-05   -92.6915       -37.0722       -0.504971      3.4635         0.183455       -0.0358775     -0.00501137    -2.82766e-05   -0.000983789   0.000232636    -0.000171422   0.000131289    6.87537e-05    
409.762        -0.000410144   -5.41492e-05   -93.752        -37.4507       -0.510854      3.4658         0.18356        -0.0362375     -0.00456644    -2.72842e-05   -0.00100841    0.000228137    -0.000176793   0.000141283    6.91477e-05    
410.747        -0.000416008   -5.34292e-05   -94.8238       -37.8322       -0.516829      3.46841        0.183663       -0.0365984     -0.00414309    -2.66492e-05   -0.00103349    0.000223411    -0.000182031   0.000150295    6.95185e-05    
411.732        -0.000421929   -5.27033e-05   -95.9065       -38.2165       -0.522895      3.46976        0.183763       -0.0369593     -0.00373065    -2.63343e-05   -0.00105902    0.000218448    -0.000187119   0.000158692    6.98525e-05    
412.717        -0.000427908   -5.19716e-05   -97.0003       -38.6032       -0.529051      3.47015        0.183857       -0.037319      -0.00333093    -2.63111e-05   -0.00108499    0.000213411    -0.000192027   0.000166434    7.01245e-05    
413.702        -0.000433948   -5.12335e-05   -98.1052       -38.9924       -0.5353        3.46983        0.183946       -0.0376763     -0.00294542    -2.65326e-05   -0.00111142    0.000208446    -0.000196725   0.000173494    7.03337e-05    
414.687        -0.000440042   -5.04901e-05   -99.2209       -39.3834       -0.541641      3.46897        0.184035       -0.0380296     -0.00257517    -2.69456e-05   -0.00113829    0.000203666    -0.000201177   0.000179868    7.05459e-05    
415.672        -0.000446196   -4.97405e-05   -100.348       -39.7765       -0.548077      3.46778        0.184123       -0.0383783     -0.00222107    -2.75096e-05   -0.00116561    0.000199192    -0.00020537    0.000185543    7.07369e-05    
416.657        -0.000452412   -4.89847e-05   -101.487       -40.1716       -0.554608      3.46637        0.184203       -0.0387213     -0.00188339    -2.81658e-05   -0.00119338    0.000195104    -0.000209278   0.000190531    7.08484e-05    
417.642        -0.000458685   -4.82237e-05   -102.637       -40.5682       -0.561235      3.4648         0.184279       -0.0390574     -0.00156232    -2.88578e-05   -0.0012216     0.000191465    -0.000212877   0.000194853    7.09095e-05    
418.641        -0.000465105   -4.74447e-05   -103.807       -40.9716       -0.567978      3.46408        0.184344       -0.0393891     -0.00126031    -2.95632e-05   -0.00125028    0.000188448    -0.000216168   0.000198368    7.08477e-05    
419.617        -0.000471433   -4.66817e-05   -104.975       -41.3672       -0.574785      3.46186        0.184403       -0.0397068     -0.00097116    -3.01896e-05   -0.00127939    0.00018573     -0.000219106   0.00020152     7.0745e-05     
420.608        -0.000477927   -4.59006e-05   -106.164       -41.7703       -0.581713      3.45985        0.18446        -0.0400183     -0.000695334   -3.07152e-05   -0.00130894    0.000183568    -0.000221687   0.000204058    7.06095e-05    
421.582        -0.000484358   -4.51299e-05   -107.354       -42.167        -0.58871       3.45772        0.18451        -0.0403155     -0.000439071   -3.10977e-05   -0.00133892    0.000181939    -0.000223901   0.000206029    7.04102e-05    
422.567        -0.000490927   -4.43468e-05   -108.562       -42.5694       -0.595821      3.45486        0.184554       -0.0406052     -0.00019011    -3.13175e-05   -0.00136933    0.00018068     -0.000225762   0.000207634    7.0138e-05     
423.552        -0.000497555   -4.35613e-05   -109.783       -42.9725       -0.60303       3.45136        0.184589       -0.0408836     4.8323e-05     -3.13271e-05   -0.00140018    0.000179802    -0.000227252   0.000208865    6.9779e-05     
424.537        -0.000504237   -4.2774e-05    -111.015       -43.3758       -0.610336      3.44726        0.184617       -0.0411502     0.000276007    -3.1105e-05    -0.00143145    0.0001793      -0.000228368   0.000209729    6.93436e-05    
425.522        -0.000510983   -4.19838e-05   -112.26        -43.7801       -0.617743      3.44272        0.184639       -0.0414062     0.000492687    -3.06665e-05   -0.00146316    0.000179165    -0.000229146   0.000210219    6.88639e-05    
426.507        -0.00051779    -4.11889e-05   -113.516       -44.1851       -0.625248      3.43912        0.184659       -0.0416519     0.000688986    -3.00188e-05   -0.00149529    0.000179619    -0.000229607   0.000210062    6.83575e-05    
427.499        -0.000524702   -4.03894e-05   -114.789       -44.5935       -0.632863      3.43373        0.184675       -0.0418888     0.000885406    -2.91426e-05   -0.00152785    0.000180134    -0.000229762   0.000209871    6.78058e-05    
428.478        -0.000531587   -3.95969e-05   -116.067       -44.9973       -0.640556      3.42883        0.184685       -0.0421129     0.0010635      -2.80669e-05   -0.00156081    0.000181041    -0.000229632   0.0002092      6.7216e-05     
429.463        -0.000538574   -3.8799e-05    -117.36        -45.4041       -0.648356      3.42312        0.184692       -0.0423279     0.00123559     -2.67661e-05   -0.00159418    0.000182109    -0.000229206   0.000208325    6.65885e-05    
430.447        -0.000545619   -3.80013e-05   -118.665       -45.8112       -0.656252      3.41659        0.184691       -0.0425325     0.00140114     -2.52484e-05   -0.00162795    0.000183296    -0.000228496   0.000207279    6.58852e-05    
431.432        -0.000552727   -3.72035e-05   -119.982       -46.2189       -0.664246      3.40923        0.184684       -0.0427269     0.00156044     -2.35333e-05   -0.00166212    0.000184582    -0.000227515   0.00020607     6.51272e-05    
432.417        -0.000559898   -3.6406e-05    -121.312       -46.6271       -0.672339      3.40097        0.184669       -0.0429111     0.00171442     -2.1627e-05    -0.00169668    0.00018592     -0.000226266   0.000204731    6.42977e-05    
433.402        -0.000567127   -3.56102e-05   -122.654       -47.0355       -0.680529      3.3916         0.184649       -0.0430858     0.0018645      -1.95646e-05   -0.00173164    0.000187266    -0.000224786   0.000203318    6.34203e-05    
434.387        -0.00057442    -3.4816e-05    -124.008       -47.4448       -0.688817      3.38099        0.184627       -0.0432524     0.0020119      -1.73846e-05   -0.00176699    0.000188586    -0.000223112   0.000201862    6.25269e-05    
435.372        -0.000581772   -3.40218e-05   -125.375       -47.8545       -0.697201      3.37046        0.184602       -0.0434118     0.00214757     -1.51222e-05   -0.00180272    0.000190024    -0.000221283   0.000200091    6.16123e-05    
436.357        -0.000589187   -3.32307e-05   -126.754       -48.2651       -0.705684      3.35826        0.184564       -0.043565      0.00228418     -1.27943e-05   -0.00183884    0.000191349    -0.000219329   0.000198405    6.05715e-05    
437.343        -0.000596677   -3.24422e-05   -128.147       -48.6774       -0.714268      3.34433        0.184519       -0.0437136     0.00242202     -1.04435e-05   -0.00187534    0.000192566    -0.000217285   0.000196799    5.94738e-05    
438.342        -0.00060433    -3.16463e-05   -129.563       -49.0962       -0.722981      3.32914        0.184475       -0.0438604     0.00255818     -8.08165e-06   -0.00191224    0.000193752    -0.000215166   0.000195111    5.83847e-05    
439.312        -0.00061182    -3.0878e-05    -130.97        -49.5036       -0.731733      3.31276        0.18442        -0.0439979     0.00269132     -5.74536e-06   -0.00194951    0.000194815    -0.000213024   0.000193559    5.72043e-05    
440.297        -0.000619492   -3.0104e-05    -132.401       -49.9189       -0.740614      3.29359        0.184356       -0.0441362     0.00283352     -3.43822e-06   -0.00198715    0.000195738    -0.000210868   0.000192244    5.59458e-05    
441.283        -0.00062723    -2.93366e-05   -133.845       -50.3358       -0.749595      3.27194        0.184289       -0.0442732     0.00298207     -1.17617e-06   -0.00202517    0.000196534    -0.000208731   0.000191165    5.46554e-05    
442.284        -0.000635162   -2.85649e-05   -135.315       -50.7612       -0.758714      3.24697        0.184217       -0.0444124     0.00314219     1.03411e-06    -0.00206359    0.000197195    -0.000206624   0.000190384    5.33284e-05    
443.252        -0.000642889   -2.78261e-05   -136.772       -51.1734       -0.767857      3.22074        0.184145       -0.0445445     0.0033006      3.18964e-06    -0.00210234    0.000197777    -0.000204571   0.000189778    5.20233e-05    
444.255        -0.000650969   -2.70695e-05   -138.271       -51.603        -0.77718       3.19051        0.18407        -0.0446845     0.00347393     5.27561e-06    -0.00214148    0.000198282    -0.000202588   0.000189441    5.06879e-05    
445.228        -0.000658871   -2.6343e-05    -139.758       -52.0212       -0.786533      3.15932        0.183995       -0.0448201     0.0036436      7.2868e-06     -0.00218094    0.000198762    -0.000200711   0.00018918     4.93761e-05    
446.214        -0.000666937   -2.5617e-05    -141.269       -52.4467       -0.79601       3.12505        0.183921       -0.0449597     0.00382213     9.237e-06      -0.00222076    0.0001992      -0.000198928   0.000189131    4.80921e-05    
447.202        -0.000675092   -2.48985e-05   -142.795       -52.8753       -0.805592      3.08828        0.183847       -0.0451019     0.00400581     1.11202e-05    -0.00226091    0.000199607    -0.000197257   0.000189229    4.68093e-05    
448.177        -0.000683206   -2.41981e-05   -144.323       -53.3002       -0.815237      3.05015        0.18376        -0.0452448     0.00418784     1.29364e-05    -0.00230138    0.000200009    -0.000195723   0.000189349    4.54179e-05    
449.18         -0.000691622   -2.34891e-05   -145.888       -53.7397       -0.82505       3.00804        0.18367        -0.0453965     0.00438239     1.46979e-05    -0.0023422     0.000200402    -0.000194326   0.000189689    4.39906e-05    
450.167        -0.000699979   -2.28015e-05   -147.454       -54.1748       -0.834925      2.96425        0.183576       -0.0455492     0.00457742     1.64124e-05    -0.00238335    0.000200805    -0.000193083   0.000190123    4.2551e-05     
451.133        -0.000708214   -2.21401e-05   -149.015       -54.6023       -0.844836      2.91929        0.183476       -0.045702      0.00477094     1.80945e-05    -0.00242478    0.000201214    -0.000191998   0.000190631    4.10678e-05    
452.135        -0.000716836   -2.14652e-05   -150.62        -55.0488       -0.85494       2.87017        0.183374       -0.0458665     0.00497557     1.97535e-05    -0.00246655    0.000201635    -0.00019107    0.000191248    3.95646e-05    
453.103        -0.000725225   -2.08247e-05   -152.21        -55.4821       -0.865047      2.82089        0.183268       -0.046029      0.00517351     2.13948e-05    -0.00250859    0.00020207     -0.000190302   0.000191846    3.80471e-05    
454.087        -0.000733826   -2.01852e-05   -153.827       -55.9253       -0.875292      2.76871        0.183162       -0.0461998     0.00537629     2.30337e-05    -0.00255093    0.000202516    -0.000189697   0.000192478    3.65431e-05    
455.072        -0.000742508   -1.9557e-05    -155.458       -56.3717       -0.885635      2.71458        0.183052       -0.0463759     0.00557944     2.46804e-05    -0.00259358    0.00020297     -0.000189256   0.000193097    3.50046e-05    
456.057        -0.000751263   -1.89381e-05   -157.104       -56.8208       -0.896076      2.66006        0.182938       -0.0465576     0.00577238     2.6345e-05     -0.00263651    0.000203397    -0.000188984   0.000193378    3.34458e-05    
457.042        -0.000760079   -1.83329e-05   -158.763       -57.2721       -0.906608      2.60359        0.182817       -0.0467443     0.00596645     2.80316e-05    -0.00267974    0.000203839    -0.000188864   0.000193693    3.18258e-05    
458.027        -0.000768978   -1.77566e-05   -160.436       -57.7304       -0.917176      2.53799        0.182704       -0.0469649     0.00621146     2.90569e-05    -0.00272327    0.000204549    -0.000189799   0.000195487    3.03173e-05    
459.012        -0.000777968   -1.72109e-05   -162.126       -58.2011       -0.927867      2.463          0.182633       -0.0472493     0.00649967     2.90741e-05    -0.00276711    0.000206223    -0.000192564   0.000198342    2.92597e-05    
460.008        -0.00078714    -1.66637e-05   -163.839       -58.6894       -0.938688      2.39098        0.182516       -0.0476005     0.00673969     2.90693e-05    -0.00281122    0.000208331    -0.000197022   0.000199426    2.77176e-05    
460.982        -0.000796197   -1.613e-05     -165.546       -59.1794       -0.949543      2.32585        0.182379       -0.0480051     0.00692363     2.92597e-05    -0.00285564    0.000209808    -0.000202988   0.000198863    2.60027e-05    
461.967        -0.000805444   -1.55931e-05   -167.278       -59.6854       -0.960489      2.26438        0.182172       -0.0484612     0.00706756     2.9411e-05     -0.00290035    0.000210265    -0.000210191   0.000197006    2.35515e-05    
462.961        -0.000814869   -1.50476e-05   -169.038       -60.2062       -0.971601      2.20988        0.182021       -0.0489631     0.00715039     2.89194e-05    -0.00294554    0.000209265    -0.000218434   0.000193255    2.17292e-05    
463.943        -0.000824249   -1.45034e-05   -170.801       -60.725        -0.982839      2.16455        0.181882       -0.0494651     0.00716564     2.70018e-05    -0.00299116    0.000206982    -0.000226519   0.0001876      2.00375e-05    
464.929        -0.000833752   -1.39536e-05   -172.587       -61.2488       -0.994217      2.12553        0.181742       -0.0499615     0.00713001     2.3289e-05     -0.0030372     0.00020363     -0.000234182   0.000180513    1.83614e-05    
465.907        -0.000843253   -1.34087e-05   -174.381       -61.7707       -1.00569       2.0915         0.181602       -0.0504471     0.00705863     1.78164e-05    -0.00308362    0.000199466    -0.000241366   0.000172582    1.67095e-05    
466.893        -0.000852914   -1.28636e-05   -176.202       -62.2974       -1.0173        2.05945        0.18146        -0.0509158     0.00696833     1.07638e-05    -0.00313046    0.000194911    -0.000247802   0.000164262    1.50447e-05    
467.885        -0.000862701   -1.23233e-05   -178.045       -62.8268       -1.02906       2.02803        0.181313       -0.0513646     0.00687038     2.52441e-06    -0.00317769    0.000190287    -0.00025345    0.000155939    1.33436e-05    
468.874        -0.000872532   -1.17948e-05   -179.903       -63.355        -1.04092       1.99618        0.181166       -0.0517932     0.00677513     -6.29315e-06   -0.00322531    0.000185809    -0.000258383   0.000147975    1.16582e-05    
469.864        -0.000882453   -1.12791e-05   -181.78        -63.8823       -1.05292       1.96208        0.181013       -0.0521908     0.0066937      -1.50523e-05   -0.0032733     0.000182085    -0.000262283   0.00014068     9.93486e-06    
470.848        -0.000892383   -1.07824e-05   -183.668       -64.4038       -1.06501       1.92497        0.180855       -0.0525503     0.00663331     -2.31017e-05   -0.00332165    0.000179518    -0.000265038   0.000134294    8.1761e-06     
471.82         -0.000902267   -1.03094e-05   -185.561       -64.9166       -1.07718       1.88417        0.180692       -0.0528719     0.00659987     -2.98316e-05   -0.00337033    0.000178242    -0.000266729   0.00012899     6.37974e-06    
472.802        -0.000912314   -9.8526e-06    -187.482       -65.4305       -1.0895        1.83754        0.180527       -0.0531549     0.00660045     -3.48177e-05   -0.00341933    0.000178637    -0.000267206   0.000124869    4.57932e-06    
473.787        -0.000922471   -9.41687e-06   -189.424       -65.9425       -1.10196       1.78467        0.180365       -0.0533981     0.00663832     -3.76498e-05   -0.00346868    0.000180784    -0.000266516   0.000122017    2.82822e-06    
474.772        -0.000932691   -9.00593e-06   -191.384       -66.4499       -1.11454       1.7253         0.180199       -0.0535992     0.00671539     -3.80971e-05   -0.00351835    0.000184778    -0.000264657   0.000120472    1.05706e-06    
475.779        -0.000943206   -8.61317e-06   -193.386       -66.9636       -1.12732       1.65732        0.180034       -0.0537614     0.00683723     -3.5981e-05    -0.00356837    0.000190697    -0.000261589   0.000120286    -6.8297e-07    
476.757        -0.000953497   -8.25944e-06   -195.374       -67.4586       -1.14012       1.58373        0.179869       -0.0538788     0.00699846     -3.13445e-05   -0.00361867    0.000198175    -0.000257549   0.000121436    -2.4044e-06    
477.733        -0.000963828   -7.93594e-06   -197.377       -67.9463       -1.15302       1.50251        0.179703       -0.0539483     0.0072028      -2.431e-05     -0.00366923    0.000207546    -0.000252281   0.000123899    -4.12304e-06   
478.719        -0.000974337   -7.64003e-06   -199.409       -68.4339       -1.16608       1.41237        0.17954        -0.0539757     0.00745286     -1.50225e-05   -0.00372006    0.000218525    -0.000245895   0.000127668    -5.79991e-06   
479.698        -0.000984822   -7.37926e-06   -201.448       -68.912        -1.1792        1.31465        0.179375       -0.0539625     0.00774465     -3.83212e-06   -0.00377111    0.000230685    -0.000238593   0.000132651    -7.47212e-06   
480.682        -0.00099544    -7.14996e-06   -203.512       -69.3871       -1.19246       1.20823        0.179202       -0.0539057     0.00807851     8.84339e-06    -0.0038224     0.000244088    -0.000230215   0.000138765    -9.20835e-06   
481.667        -0.00100613    -6.95494e-06   -205.594       -69.8561       -1.20582       1.09372        0.179031       -0.0538054     0.00845109     2.25464e-05    -0.0038739     0.000258437    -0.000220835   0.000145895    -1.09065e-05   
482.657        -0.00101694    -6.79415e-06   -207.699       -70.322        -1.21931       0.970634       0.178855       -0.0536656     0.00886172     3.68708e-05    -0.00392562    0.000273377    -0.000210556   0.000153965    -1.26378e-05   
483.637        -0.0010277     -6.67124e-06   -209.808       -70.7769       -1.23284       0.84104        0.178681       -0.0534893     0.00930195     5.12439e-05    -0.0039775     0.000288426    -0.000199595   0.000162757    -1.43349e-05   
484.623        -0.0010386     -6.5831e-06    -211.942       -71.2287       -1.24649       0.703583       0.178506       -0.0532736     0.00977205     6.52668e-05    -0.00402955    0.000303597    -0.00018778    0.000172178    -1.60241e-05   
485.607        -0.00104954    -6.53191e-06   -214.089       -71.6728       -1.26021       0.559425       0.178328       -0.0530179     0.0102667      7.85722e-05    -0.00408174    0.000318618    -0.000175167   0.000182084    -1.77336e-05   
486.592        -0.00106054    -6.51766e-06   -216.253       -72.1103       -1.27402       0.408775       0.178147       -0.0527247     0.0107826      9.08496e-05    -0.00413406    0.00033319     -0.000161836   0.000192345    -1.94538e-05   
487.591        -0.00107177    -6.54033e-06   -218.452       -72.548        -1.28797       0.250038       0.177959       -0.052393      0.0113212      0.0001019      -0.00418651    0.00034716     -0.000147717   0.000202909    -2.12233e-05   
488.562        -0.00108275    -6.60167e-06   -220.631       -72.9661       -1.30188       0.0889554      0.177772       -0.05203       0.0118659      0.000111461    -0.00423904    0.000360008    -0.000133219   0.000213501    -2.29713e-05   
489.558        -0.00109407    -6.70057e-06   -222.857       -73.3904       -1.31597       -0.0804296     0.177582       -0.0516405     0.0124275      0.00011948     -0.00429169    0.000371627    -0.000118274   0.000224142    -2.47243e-05   
490.543        -0.00110532    -6.83734e-06   -225.084       -73.8029       -1.33008       -0.253227      0.177388       -0.0512204     0.0129922      0.00012591     -0.00434442    0.000381921    -0.00010292    0.000234617    -2.65089e-05   
491.525        -0.00111661    -7.01152e-06   -227.325       -74.2083       -1.34425       -0.429984      0.177191       -0.0507726     0.013558       0.000130778    -0.00439722    0.000390748    -8.72106e-05   0.000244816    -2.82977e-05   
492.511        -0.00112799    -7.22345e-06   -229.584       -74.6091       -1.35851       -0.610772      0.176992       -0.0503003     0.0141223      0.000134177    -0.00445009    0.000397989    -7.12413e-05   0.000254634    -3.0093e-05    
493.487        -0.00113933    -7.47108e-06   -231.846       -75.0007       -1.37278       -0.793393      0.17679        -0.0498114     0.0146778      0.000136282    -0.00450298    0.000403542    -5.52663e-05   0.000263942    -3.19136e-05   
494.472        -0.00115082    -7.75762e-06   -234.135       -75.3909       -1.38715       -0.980112      0.176581       -0.0493022     0.0152275      0.000137277    -0.0045559     0.000407411    -3.91421e-05   0.000272714    -3.37772e-05   
495.457        -0.00116238    -8.08175e-06   -236.439       -75.7761       -1.40159       -1.16929       0.176369       -0.0487757     0.0157659      0.00013739     -0.00460885    0.000409612    -2.29788e-05   0.000280853    -3.56581e-05   
496.463        -0.00117424    -8.45017e-06   -238.788       -76.1656       -1.4162        -1.36395       0.176153       -0.0482317     0.0162974      0.00013682     -0.00466186    0.000410147    -6.76392e-06   0.00028834     -3.7549e-05    
497.442        -0.00118586    -8.848e-06     -241.116       -76.5384       -1.43075       -1.55585       0.175936       -0.0476769     0.016803       0.000135883    -0.00471488    0.000409116    9.28407e-06    0.000295017    -3.94435e-05   
498.429        -0.00119762    -9.28495e-06   -243.468       -76.9118       -1.44539       -1.74984       0.175717       -0.0471239     0.0172902      0.000134823    -0.00476791    0.000406691    2.48243e-05    0.000300848    -4.13291e-05   
499.403        -0.00120928    -9.75298e-06   -245.817       -77.2766       -1.46003       -1.94219       0.175494       -0.0465723     0.0177505      0.000133917    -0.00482093    0.000403033    3.98922e-05    0.000305774    -4.32534e-05   
500.382        -0.00122107    -1.02589e-05   -248.187       -77.6402       -1.47475       -2.13553       0.175269       -0.0460179     0.0181879      0.000133369    -0.00487393    0.00039822     5.46135e-05    0.000309791    -4.51733e-05   
501.367        -0.00123299    -1.08041e-05   -250.582       -78.0039       -1.48956       -2.3299        0.175041       -0.0454657     0.0186015      0.000133373    -0.00492693    0.000392439    6.88432e-05    0.000312885    -4.71022e-05   
502.352        -0.00124496    -1.1385e-05    -252.99        -78.3652       -1.50443       -2.52372       0.174806       -0.0449196     0.0189875      0.000134115    -0.0049799     0.000385893    8.24969e-05    0.00031503     -4.9085e-05    
503.337        -0.00125701    -1.20025e-05   -255.415       -78.7255       -1.51936       -2.71698       0.17456        -0.0443833     0.019345       0.000135763    -0.00503284    0.000378807    9.54793e-05    0.000316207    -5.11594e-05   
504.322        -0.0012691     -1.26547e-05   -257.853       -79.084        -1.53435       -2.90888       0.174313       -0.0438598     0.0196718      0.000138444    -0.00508573    0.000371383    0.000107733    0.00031641     -5.32292e-05   
505.307        -0.00128127    -1.33429e-05   -260.307       -79.4426       -1.54939       -3.09957       0.174064       -0.0433518     0.0199674      0.000142265    -0.00513856    0.000363839    0.000119193    0.000315625    -5.52897e-05   
506.292        -0.00129349    -1.40651e-05   -262.774       -79.8016       -1.56448       -3.28825       0.173813       -0.0428694     0.0202299      0.0001473      -0.00519133    0.000356555    0.000129596    0.000313844    -5.73596e-05   
507.295        -0.001306      -1.48359e-05   -265.285       -80.1678       -1.57972       -3.47834       0.173557       -0.0424012     0.0204637      0.000153611    -0.00524404    0.000349439    0.000139235    0.000311053    -5.94411e-05   
508.276        -0.00131831    -1.56243e-05   -267.776       -80.5254       -1.5949        -3.66194       0.1733         -0.0419559     0.0206572      0.000161143    -0.00529665    0.000342706    0.000148021    0.000307305    -6.15347e-05   
509.25         -0.00133058    -1.64393e-05   -270.269       -80.8814       -1.61008       -3.84145       0.173035       -0.0415395     0.0208148      0.000169846    -0.00534913    0.000336662    0.000155765    0.000302631    -6.36808e-05   
510.232        -0.00134303    -1.72946e-05   -272.789       -81.2419       -1.62535       -4.02001       0.172767       -0.0411458     0.0209415      0.000179647    -0.00540149    0.00033127     0.000162609    0.000297065    -6.58468e-05   
511.217        -0.00135556    -1.81854e-05   -275.327       -81.6047       -1.64067       -4.19637       0.172497       -0.0407777     0.0210369      0.000190415    -0.00545371    0.00032666     0.000168517    0.000290677    -6.80038e-05   
512.223        -0.00136844    -1.91308e-05   -277.914       -81.9777       -1.65615       -4.37419       0.172223       -0.0404325     0.0211052      0.000202114    -0.00550582    0.000322889    0.0001735      0.000283453    -7.01633e-05   
513.201        -0.00138102    -2.00818e-05   -280.469       -82.3427       -1.67151       -4.54359       0.17195        -0.0401264     0.0211361      0.000214488    -0.00555775    0.000320223    0.000177366    0.000275538    -7.2308e-05    
514.172        -0.00139358    -2.10576e-05   -283.025       -82.7064       -1.68686       -4.70877       0.171681       -0.0398449     0.0211366      0.000227388    -0.00560947    0.000318328    0.000180454    0.000266988    -7.44026e-05   
515.157        -0.00140637    -2.20799e-05   -285.616       -83.0788       -1.7023        -4.87374       0.171412       -0.0395975     0.0211119      0.000240738    -0.00566101    0.000317602    0.000182421    0.000257804    -7.64613e-05   
516.142        -0.00141923    -2.31348e-05   -288.22        -83.4539       -1.71778       -5.03572       0.17114        -0.0393786     0.0210592      0.000254395    -0.00571235    0.000317776    0.000183522    0.000248032    -7.85313e-05   
517.127        -0.00143216    -2.42219e-05   -290.838       -83.8319       -1.73327       -5.19467       0.170862       -0.0391888     0.0209795      0.000268222    -0.00576347    0.000318852    0.000183758    0.00023772     -8.0639e-05    
518.129        -0.00144539    -2.53622e-05   -293.499       -84.2195       -1.7489        -5.35387       0.170581       -0.0390252     0.020876       0.000282143    -0.0058144     0.000320763    0.000183154    0.000226854    -8.27422e-05   
519.104        -0.00145831    -2.64994e-05   -296.123       -84.5999       -1.76437       -5.50448       0.170303       -0.0388998     0.0207439      0.000295882    -0.00586508    0.000323579    0.000181633    0.000215648    -8.48149e-05   
520.082        -0.00147135    -2.76729e-05   -298.765       -84.9847       -1.77987       -5.65308       0.170025       -0.0387999     0.0205912      0.000309358    -0.00591551    0.000327039    0.000179409    0.000204109    -8.68691e-05   
521.067        -0.00148454    -2.88865e-05   -301.432       -85.3755       -1.79543       -5.80009       0.169745       -0.0387278     0.0204184      0.000322495    -0.00596568    0.000331163    0.000176421    0.000192257    -8.89124e-05   
522.06         -0.00149791    -3.01414e-05   -304.126       -85.7732       -1.81104       -5.9455        0.169464       -0.0386863     0.0202254      0.000335235    -0.00601561    0.000335954    0.000172611    0.000180095    -9.09406e-05   
523.037        -0.00151113    -3.14052e-05   -306.802       -86.1689       -1.82656       -6.08487       0.169185       -0.0386786     0.0200111      0.000347458    -0.00606527    0.000341313    0.00016803     0.000167732    -9.29395e-05   
524.022        -0.00152453    -3.27096e-05   -309.504       -86.5708       -1.84213       -6.22265       0.168906       -0.0386942     0.019779       0.000359125    -0.00611464    0.000346982    0.000162877    0.000155156    -9.49163e-05   
525.025        -0.00153823    -3.40693e-05   -312.25        -86.9827       -1.85782       -6.36038       0.168626       -0.0387313     0.0195289      0.000370239    -0.00616377    0.00035288     0.000157179    0.000142321    -9.68634e-05   
525.995        -0.00155156    -3.54118e-05   -314.948       -87.3858       -1.87331       -6.48925       0.168348       -0.0387973     0.0192605      0.000380654    -0.00621257    0.000358953    0.000150967    0.000129456    -9.87983e-05   
526.978        -0.00156512    -3.68004e-05   -317.679       -87.7962       -1.88886       -6.61743       0.168066       -0.0388815     0.018979       0.000390381    -0.00626106    0.000365057    0.000144362    0.000116526    -0.00010074    
527.962        -0.00157878    -3.82218e-05   -320.425       -88.2118       -1.90442       -6.74334       0.167786       -0.038993      0.0186854      0.000399396    -0.00630923    0.00037131     0.000137157    0.000103602    -0.000102641   
528.947        -0.00159251    -3.96728e-05   -323.181       -88.6303       -1.91997       -6.8667        0.167506       -0.0391222     0.0183811      0.000407687    -0.00635708    0.00037743     0.000129651    9.07398e-05    -0.00010452    
529.932        -0.00160631    -4.11534e-05   -325.949       -89.0529       -1.93551       -6.98773       0.167229       -0.0392753     0.0180685      0.000415259    -0.00640459    0.000383484    0.000121681    7.80106e-05    -0.000106354   
530.918        -0.00162018    -4.2663e-05    -328.727       -89.4779       -1.95104       -7.10651       0.166955       -0.0394413     0.0177489      0.000422125    -0.00645177    0.000389243    0.000113567    6.54557e-05    -0.000108134   
531.902        -0.0016341     -4.41995e-05   -331.513       -89.9046       -1.96655       -7.22289       0.166681       -0.0396185     0.0174233      0.000428325    -0.0064986     0.000394665    0.00010537     5.30997e-05    -0.000109897   
532.909        -0.00164842    -4.58029e-05   -334.355       -90.3427       -1.9822        -7.34061       0.166403       -0.0398057     0.017091       0.000433914    -0.00654511    0.00039975     9.70536e-05    4.08713e-05    -0.000111658   
533.872        -0.00166217    -4.73589e-05   -337.118       -90.7647       -1.99753       -7.44915       0.166134       -0.0400018     0.016756       0.000438908    -0.00659123    0.000404395    8.88478e-05    2.89998e-05    -0.000113364   
534.874        -0.00167655    -4.90109e-05   -339.97        -91.2042       -2.0131        -7.56188       0.165859       -0.0402025     0.0164166      0.000443349    -0.006637      0.000408645    8.06365e-05    1.73141e-05    -0.000115061   
535.843        -0.00169052    -5.06322e-05   -342.764       -91.632        -2.02843       -7.6676        0.165593       -0.0404108     0.0160774      0.000447306    -0.00668238    0.000412491    7.25195e-05    6.01271e-06    -0.000116688   
536.827        -0.00170477    -5.23083e-05   -345.598       -92.067        -2.04384       -7.77413       0.165331       -0.0406203     0.0157386      0.000450822    -0.00672739    0.000415912    6.45635e-05    -4.93845e-06   -0.000118234   
537.815        -0.00171914    -5.40181e-05   -348.449       -92.5045       -2.05925       -7.87962       0.165071       -0.0408315     0.0154011      0.00045396     -0.00677201    0.00041892     5.67806e-05    -1.55133e-05   -0.000119735   
538.797        -0.0017335     -5.57457e-05   -351.297       -92.9415       -2.07459       -7.98297       0.16482        -0.0410476     0.0150668      0.000456784    -0.00681624    0.000421567    4.90879e-05    -2.56631e-05   -0.000121141   
539.785        -0.001748      -5.75097e-05   -354.164       -93.3808       -2.08994       -8.08574       0.164574       -0.04126       0.014736       0.000459333    -0.00686008    0.000423826    4.1708e-05     -3.53935e-05   -0.000122474   
540.767        -0.00176249    -5.9291e-05    -357.03        -93.8176       -2.10523       -8.18664       0.164332       -0.0414648     0.0144106      0.000461661    -0.00690353    0.000425706    3.47615e-05    -4.46606e-05   -0.00012375    
541.762        -0.00177722    -6.11237e-05   -359.931       -94.2588       -2.12058       -8.28813       0.164093       -0.0416578     0.014089       0.000463798    -0.0069466     0.000427239    2.83312e-05    -5.3509e-05    -0.000124976   
542.74         -0.00179178    -6.29519e-05   -362.805       -94.6934       -2.13578       -8.38655       0.16386        -0.0418474     0.013776       0.000465809    -0.00698924    0.000428496    2.21957e-05    -6.18385e-05   -0.000126137   
543.743        -0.00180676    -6.48552e-05   -365.741       -95.1371       -2.15113       -8.4876        0.163629       -0.0420255     0.0134696      0.000467738    -0.0070315     0.000429497    1.65454e-05    -6.96614e-05   -0.000127244   
544.707        -0.00182125    -6.67113e-05   -368.603       -95.5641       -2.16616       -8.58351       0.163404       -0.042192      0.0131782      0.000469648    -0.00707331    0.000430297    1.14043e-05    -7.68554e-05   -0.000128314   
545.712        -0.00183638    -6.86785e-05   -371.56        -96.0006       -2.18138       -8.68557       0.163248       -0.0422962     0.0129         0.000472616    -0.00711469    0.000430802    8.30118e-06    -8.34149e-05   -0.000128599   
546.689        -0.00185115    -7.06388e-05   -374.46        -96.417        -2.19641       -8.79453       0.162916       -0.0423461     0.012714       0.000477078    -0.0071555     0.000430436    7.06789e-06    -8.69943e-05   -0.000130773   
547.662        -0.00186593    -7.26422e-05   -377.359       -96.8313       -2.21129       -8.91415       0.162824       -0.0423885     0.0126105      0.000482085    -0.00719569    0.000429342    6.17271e-06    -8.78661e-05   -0.000130405   
548.647        -0.00188095    -7.47051e-05   -380.287       -97.2503       -2.22618       -9.03917       0.162679       -0.0424335     0.012537       0.000487078    -0.00723533    0.00042795     5.22258e-06    -8.77534e-05   -0.000130582   
549.632        -0.00189603    -7.68283e-05   -383.219       -97.6695       -2.24079       -9.17743       0.162449       -0.0424767     0.0125714      0.000492489    -0.00727429    0.000425024    4.34773e-06    -8.42891e-05   -0.000131649   
550.617        -0.0019112     -7.90078e-05   -386.16        -98.0932       -2.25549       -9.32797       0.162291       -0.0425444     0.0126888      0.000497714    -0.00731283    0.000419686    2.79146e-06    -7.83517e-05   -0.000131944   
551.602        -0.00192641    -8.12246e-05   -389.104       -98.5216       -2.27022       -9.48316       0.162155       -0.0426411     0.0128322      0.000501949    -0.00735085    0.000412239    4.54358e-07    -7.17964e-05   -0.000132012   
552.587        -0.00194172    -8.34803e-05   -392.056       -98.9546       -2.2849        -9.64035       0.162025       -0.0427593     0.0129837      0.000504883    -0.00738836    0.000402938    -2.43036e-06   -6.51972e-05   -0.00013201    
553.572        -0.00195709    -8.57705e-05   -395.014       -99.3903       -2.29953       -9.79819       0.161897       -0.0428896     0.0131355      0.000506475    -0.00742535    0.000392096    -5.57589e-06   -5.87974e-05   -0.000131985   
554.557        -0.00197252    -8.80919e-05   -397.976       -99.8268       -2.3141        -9.95589       0.161773       -0.0430226     0.013283       0.00050688     -0.00746185    0.000380081    -8.71012e-06   -5.27323e-05   -0.000131919   
555.557        -0.00198826    -9.04839e-05   -400.979       -100.27        -2.32872       -10.1164       0.161653       -0.0431509     0.013431       0.000506362    -0.00749784    0.000366796    -1.16198e-05   -4.68193e-05   -0.000131796   
556.532        -0.00200366    -9.28473e-05   -403.93        -100.701       -2.34309       -10.2717       0.161543       -0.0432671     0.0135633      0.000505267    -0.00753333    0.000353459    -1.41061e-05   -4.16122e-05   -0.000131606   
557.512        -0.00201922    -9.5256e-05    -406.898       -101.133       -2.35744       -10.4276       0.161434       -0.0433665     0.0136899      0.00050398     -0.00756832    0.000339683    -1.60438e-05   -3.6736e-05    -0.000131395   
558.498        -0.00203493    -9.77086e-05   -409.885       -101.564       -2.37178       -10.5826       0.161328       -0.0434448     0.013801       0.000502863    -0.0076028     0.000326281    -1.73208e-05   -3.24792e-05   -0.000131143   
559.482        -0.00205067    -0.000100186   -412.874       -101.992       -2.38604       -10.7353       0.161224       -0.0434989     0.0138948      0.000502258    -0.00763677    0.000313631    -1.78754e-05   -2.88895e-05   -0.000130882   
560.468        -0.00206649    -0.000102696   -415.871       -102.416       -2.40024       -10.8859       0.161123       -0.0435268     0.0139707      0.000502456    -0.00767023    0.000301936    -1.7667e-05    -2.59639e-05   -0.000130582   
561.452        -0.00208235    -0.000105231   -418.87        -102.835       -2.41438       -11.0342       0.161022       -0.0435269     0.0140282      0.000503685    -0.00770318    0.000291343    -1.66697e-05   -2.36934e-05   -0.000130297   
562.437        -0.00209827    -0.000107795   -421.875       -103.25        -2.42845       -11.18         0.160922       -0.0434978     0.0140676      0.000506106    -0.00773561    0.00028192     -1.48704e-05   -2.20499e-05   -0.000129996   
563.422        -0.00211425    -0.000110387   -424.885       -103.66        -2.44246       -11.3234       0.160825       -0.0434393     0.0140889      0.000509776    -0.00776752    0.00027371     -1.22846e-05   -2.10154e-05   -0.000129674   
564.407        -0.0021303     -0.00011301    -427.902       -104.066       -2.45641       -11.4657       0.160728       -0.043352      0.0141023      0.000514642    -0.00779891    0.000265948    -8.94977e-06   -2.02522e-05   -0.000129342   
565.392        -0.00214639    -0.000115658   -430.921       -104.466       -2.47028       -11.6051       0.160632       -0.0432362     0.0140955      0.000520692    -0.00782978    0.000259517    -4.90054e-06   -2.01332e-05   -0.000129015   
566.391        -0.00216278    -0.000118371   -433.981       -104.867       -2.4842        -11.7429       0.160534       -0.0430924     0.0140649      0.00052784     -0.00786014    0.00025453     -1.6467e-07    -2.07434e-05   -0.000128684   
567.362        -0.00217876    -0.000121034   -436.976       -105.252       -2.49783       -11.8745       0.160447       -0.042924      0.01402        0.000535734    -0.00788997    0.00025027     5.13797e-06    -2.17921e-05   -0.000128295   
568.347        -0.00219502    -0.000123759   -440.009       -105.638       -2.51149       -12.0049       0.160358       -0.0427321     0.0139557      0.000544222    -0.00791928    0.000246924    1.09606e-05    -2.34013e-05   -0.000127895   
569.332        -0.00221135    -0.000126509   -443.047       -106.019       -2.52508       -12.1321       0.160277       -0.0425185     0.0138723      0.000553043    -0.00794806    0.000244303    1.72413e-05    -2.555e-05     -0.000127427   
570.317        -0.00222772    -0.000129283   -446.087       -106.397       -2.5386        -12.256        0.160203       -0.0422856     0.0137699      0.000561948    -0.00797631    0.000242228    2.38931e-05    -2.82229e-05   -0.000126885   
571.302        -0.00224415    -0.000132082   -449.133       -106.77        -2.55204       -12.3768       0.160131       -0.0420358     0.0136499      0.00057069     -0.00800404    0.000240445    3.08394e-05    -3.1358e-05    -0.000126321   
572.303        -0.00226091    -0.000134953   -452.224       -107.146       -2.56553       -12.4977       0.160058       -0.0417697     0.0135204      0.000578987    -0.00803126    0.0002384      3.80431e-05    -3.46757e-05   -0.000125754   
573.3          -0.00227766    -0.000137835   -455.308       -107.517       -2.57892       -12.6141       0.159986       -0.041491      0.0133701      0.00058668     -0.00805796    0.000236492    4.54024e-05    -3.8542e-05    -0.000125196   
574.261        -0.00229386    -0.000140636   -458.302       -107.87        -2.59194       -12.7243       0.159922       -0.0412064     0.013217       0.000593452    -0.00808413    0.000233964    5.27648e-05    -4.24221e-05   -0.000124607   
575.242        -0.00231045    -0.000143518   -461.351       -108.229       -2.60504       -12.8339       0.159857       -0.0409133     0.013047       0.000599288    -0.00810978    0.000231125    6.01356e-05    -4.66821e-05   -0.000124      
576.227        -0.00232715    -0.000146434   -464.413       -108.587       -2.61809       -12.9411       0.159797       -0.0406146     0.0128653      0.000604063    -0.00813491    0.000227739    6.74528e-05    -5.11776e-05   -0.000123341   
577.212        -0.00234393    -0.000149376   -467.48        -108.942       -2.63107       -13.0461       0.159743       -0.040313      0.0126746      0.000607681    -0.00815954    0.000223691    7.46466e-05    -5.58106e-05   -0.000122636   
578.21         -0.00236097    -0.000152378   -470.583       -109.301       -2.64407       -13.1511       0.159692       -0.0400102     0.0124814      0.000610084    -0.00818368    0.000218884    8.16415e-05    -6.03624e-05   -0.000121886   
579.182        -0.00237764    -0.000155328   -473.621       -109.649       -2.65679       -13.2514       0.159642       -0.0397139     0.0122875      0.000611282    -0.0082073     0.000213412    8.83084e-05    -6.48388e-05   -0.000121163   
580.167        -0.00239457    -0.000158338   -476.696       -110           -2.66953       -13.3512       0.159591       -0.0394221     0.0120874      0.000611369    -0.00823043    0.00020729     9.46264e-05    -6.93512e-05   -0.000120443   
581.167        -0.00241183    -0.000161418   -479.814       -110.357       -2.68232       -13.4505       0.159539       -0.0391357     0.0118788      0.000610433    -0.00825305    0.000200497    0.000100571    -7.39552e-05   -0.000119715   
582.137        -0.00242863    -0.000164429   -482.855       -110.702       -2.69478       -13.5452       0.159494       -0.0388622     0.011675       0.000608592    -0.00827516    0.000193211    0.000106061    -7.8335e-05    -0.000118974   
583.122        -0.00244573    -0.000167507   -485.937       -111.053       -2.70729       -13.6403       0.159449       -0.0385983     0.0114705      0.000605987    -0.00829678    0.000185455    0.000111082    -8.25695e-05   -0.000118211   
584.107        -0.00246291    -0.000170613   -489.026       -111.404       -2.71973       -13.7345       0.159406       -0.038347      0.0112684      0.000602787    -0.00831789    0.000177363    0.000115595    -8.65957e-05   -0.000117436   
585.092        -0.00248013    -0.000173738   -492.114       -111.756       -2.73208       -13.8277       0.159368       -0.0381098     0.0110698      0.000599161    -0.0083385     0.000169045    0.000119583    -9.0392e-05    -0.000116619   
586.077        -0.00249742    -0.000176889   -495.206       -112.108       -2.74435       -13.9203       0.159335       -0.0378883     0.010876       0.000595308    -0.00835861    0.000160635    0.000123011    -9.39176e-05   -0.000115752   
587.062        -0.00251478    -0.000180064   -498.301       -112.462       -2.75654       -14.0124       0.159302       -0.0376836     0.0106884      0.000591399    -0.00837821    0.000152251    0.00012586     -9.71438e-05   -0.000114906   
588.058        -0.00253237    -0.000183299   -501.428       -112.821       -2.76875       -14.1061       0.159267       -0.0374954     0.0105124      0.000587631    -0.00839731    0.00014421     0.000128124    -9.98778e-05   -0.000114063   
589.032        -0.00254964    -0.000186487   -504.495       -113.173       -2.78068       -14.1981       0.15924        -0.037329      0.0103524      0.000584186    -0.00841591    0.000136696    0.000129784    -0.000102096   -0.000113183   
590.017        -0.00256718    -0.000189739   -507.6         -113.532       -2.79264       -14.2916       0.159212       -0.037181      0.0102005      0.000581208    -0.008434      0.000129578    0.00013083     -0.000103955   -0.000112294   
591.002        -0.00258475    -0.000193011   -510.701       -113.892       -2.8045        -14.3851       0.159191       -0.037054      0.0100582      0.000578848    -0.00845158    0.000122904    0.000131254    -0.000105462   -0.000111359   
591.987        -0.00260242    -0.000196313   -513.81        -114.255       -2.81629       -14.4793       0.159171       -0.0369487     0.00992753     0.000577236    -0.00846866    0.000116808    0.000131049    -0.000106557   -0.000110406   
592.988        -0.00262041    -0.000199689   -516.963       -114.626       -2.82812       -14.5751       0.159152       -0.0368646     0.00980469     0.000576513    -0.00848523    0.000111212    0.000130191    -0.000107325   -0.000109442   
593.957        -0.00263788    -0.000202983   -520.026       -114.989       -2.83959       -14.6691       0.159141       -0.0368062     0.00970048     0.000576693    -0.00850128    0.000106404    0.00012875     -0.000107597   -0.000108442   
594.942        -0.00265572    -0.00020636    -523.14        -115.36        -2.85113       -14.7656       0.159129       -0.0367684     0.0096078      0.000577888    -0.00851682    0.000102292    0.000126702    -0.000107444   -0.000107446   
595.928        -0.00267363    -0.000209766   -526.256       -115.734       -2.86257       -14.8648       0.159121       -0.0367532     0.00953928     0.000580169    -0.00853185    9.94268e-05    0.000124074    -0.000106547   -0.000106416   
596.914        -0.00269161    -0.0002132     -529.375       -116.111       -2.87394       -14.9651       0.15911        -0.0367609     0.00948388     0.000583517    -0.00854637    9.7182e-05     0.000120868    -0.000105268   -0.000105427   
597.897        -0.0027096     -0.000216652   -532.488       -116.491       -2.88519       -15.0664       0.159106       -0.0367909     0.00944153     0.000587872    -0.00856038    9.55086e-05    0.000117133    -0.00010363    -0.000104371   
598.882        -0.00272768    -0.000220134   -535.606       -116.874       -2.89637       -15.1692       0.159105       -0.036842      0.00941295     0.000593203    -0.00857388    9.44049e-05    0.0001129      -0.000101612   -0.000103297   
599.884        -0.00274615    -0.000223705   -538.777       -117.267       -2.90761       -15.275        0.159106       -0.0369135     0.00939577     0.000599518    -0.00858687    9.37756e-05    0.000108156    -9.92468e-05   -0.000102203   
600.852        -0.00276405    -0.000227182   -541.849       -117.65        -2.91846       -15.3792       0.159108       -0.0370071     0.00939638     0.000606611    -0.00859935    9.36326e-05    0.000103026    -9.65097e-05   -0.000101131   
601.837        -0.00278232    -0.000230746   -544.972       -118.043       -2.92938       -15.4866       0.159114       -0.037119      0.00940866     0.000614486    -0.00861134    9.38579e-05    9.74709e-05    -9.34414e-05   -0.000100023   
602.835        -0.00280089    -0.000234385   -548.132       -118.444       -2.94031       -15.5979       0.159123       -0.0372503     0.00944059     0.000623141    -0.00862283    9.47378e-05    9.14903e-05    -8.98214e-05   -9.88748e-05   
603.815        -0.00281921    -0.00023799    -551.245       -118.842       -2.95101       -15.7089       0.159136       -0.0374008     0.00948426     0.000632325    -0.00863384    9.56918e-05    8.51782e-05    -8.59952e-05   -9.77227e-05   
604.792        -0.00283753    -0.000241613   -554.349       -119.242       -2.96159       -15.8223       0.159151       -0.0375682     0.00954687     0.000641974    -0.00864437    9.70262e-05    7.85759e-05    -8.17089e-05   -9.65509e-05   
605.777        -0.00285606    -0.00024529    -557.475       -119.648       -2.97215       -15.9379       0.159169       -0.0377522     0.00961978     0.000651998    -0.00865442    9.83197e-05    7.16682e-05    -7.72153e-05   -9.53624e-05   
606.763        -0.00287468    -0.000249002   -560.608       -120.058       -2.98264       -16.0555       0.159188       -0.037953      0.00970465     0.000662304    -0.008664      9.95772e-05    6.44767e-05    -7.24831e-05   -9.41734e-05   
607.747        -0.00289333    -0.000252736   -563.737       -120.471       -2.99304       -16.1748       0.15921        -0.0381684     0.00980047     0.000672726    -0.00867313    0.00010071     5.70748e-05    -6.75595e-05   -9.29583e-05   
608.733        -0.00291207    -0.000256504   -566.87        -120.887       -3.00335       -16.2959       0.159235       -0.0383959     0.00990696     0.000683103    -0.00868178    0.000101653    4.95359e-05    -6.2454e-05    -9.17322e-05   
609.724        -0.00293099    -0.000260325   -570.023       -121.308       -3.01364       -16.42         0.159261       -0.0386345     0.0100266      0.000693362    -0.00868999    0.000102459    4.18877e-05    -5.70878e-05   -9.0499e-05    
610.702        -0.0029497     -0.000264123   -573.135       -121.726       -3.02371       -16.5452       0.159292       -0.0388816     0.0101615      0.00070333     -0.00869773    0.000103125    3.42308e-05    -5.14363e-05   -8.92407e-05   
611.687        -0.00296862    -0.000267978   -576.269       -122.149       -3.03377       -16.6728       0.159322       -0.0391366     0.0103035      0.000712929    -0.00870504    0.000103386    2.65542e-05    -4.57278e-05   -8.80017e-05   
612.673        -0.00298764    -0.00027187    -579.409       -122.576       -3.04376       -16.802        0.159354       -0.0393986     0.0104516      0.000722087    -0.00871191    0.000103197    1.8898e-05     -3.99984e-05   -8.67473e-05   
613.657        -0.00300667    -0.000275779   -582.542       -123.003       -3.05365       -16.932        0.15939        -0.0396658     0.010603       0.000730714    -0.00871834    0.000102495    1.13079e-05    -3.43491e-05   -8.54687e-05   
614.662        -0.00302619    -0.000279805   -585.744       -123.442       -3.06364       -17.0656       0.159424       -0.0399391     0.0107571      0.000738821    -0.00872435    0.000101294    3.74964e-06    -2.87649e-05   -8.42057e-05   
615.628        -0.003045      -0.000283698   -588.822       -123.866       -3.0732        -17.1955       0.159461       -0.0402124     0.010912       0.000746216    -0.00872993    9.95741e-05    -3.58507e-06   -2.3368e-05    -8.29614e-05   
616.618        -0.00306436    -0.000287723   -591.98        -124.302       -3.08291       -17.3294       0.159501       -0.0404874     0.0110696      0.000752962    -0.0087351     9.74129e-05    -1.07656e-05   -1.80304e-05   -8.16696e-05   
617.597        -0.00308355    -0.000291727   -595.101       -124.735       -3.09243       -17.4621       0.159548       -0.0407616     0.0112232      0.000759       -0.00873985    9.47285e-05    -1.77242e-05   -1.29919e-05   -8.03389e-05   
618.582        -0.00310294    -0.000295789   -598.244       -125.172       -3.10193       -17.5977       0.159594       -0.0410347     0.0113862      0.000764378    -0.00874421    9.17515e-05    -2.44551e-05   -7.80847e-06   -7.90163e-05   
619.571        -0.00312247    -0.000299895   -601.401       -125.612       -3.11139       -17.7331       0.159642       -0.0413066     0.011538       0.000769064    -0.00874817    8.82641e-05    -3.09603e-05   -3.13461e-06   -7.76842e-05   
620.552        -0.0031419     -0.000303996   -604.533       -126.049       -3.1207        -17.8689       0.159695       -0.041575      0.0116942      0.000773101    -0.00875174    8.44844e-05    -3.71897e-05   1.53121e-06    -7.6326e-05    
621.553        -0.00316181    -0.000308211   -607.73        -126.497       -3.13011       -18.0069       0.159746       -0.0418415     0.0118429      0.000776497    -0.00875492    8.03428e-05    -4.31696e-05   5.82371e-06    -7.49853e-05   
622.522        -0.00318113    -0.000312319   -610.827       -126.931       -3.13917       -18.1413       0.159798       -0.0420994     0.011987       0.000779242    -0.00875772    7.5921e-05     -4.87718e-05   9.84012e-06    -7.36738e-05   
623.507        -0.00320085    -0.000316523   -613.976       -127.372       -3.14828       -18.2774       0.159848       -0.0423511     0.0121246      0.00078138     -0.00876012    7.12528e-05    -5.4022e-05    1.35292e-05    -7.23805e-05   
624.504        -0.00322087    -0.000320808   -617.163       -127.82        -3.15743       -18.4156       0.159901       -0.0425966     0.0122608      0.000782976    -0.00876213    6.63948e-05    -5.89295e-05   1.70546e-05    -7.10623e-05   
625.477        -0.00324047    -0.000325016   -620.276       -128.257       -3.16629       -18.5494       0.159954       -0.0428318     0.0123805      0.00078404     -0.00876375    6.13896e-05    -6.34428e-05   1.99707e-05    -6.97686e-05   
626.477        -0.00326068    -0.000329368   -623.474       -128.706       -3.1753        -18.6867       0.160009       -0.0430612     0.0124979      0.00078466     -0.00876499    5.62645e-05    -6.76177e-05   2.27083e-05    -6.84537e-05   
627.447        -0.00328035    -0.000333619   -626.579       -129.142       -3.18398       -18.8196       0.160068       -0.0432789     0.0126041      0.000784863    -0.00876584    5.10747e-05    -7.13969e-05   2.50367e-05    -6.71403e-05   
628.433        -0.0033004     -0.000337963   -629.733       -129.585       -3.19271       -18.9531       0.16012        -0.0434889     0.0126966      0.000784715    -0.0087663     4.58738e-05    -7.48207e-05   2.6854e-05     -6.58886e-05   
629.433        -0.00332082    -0.000342397   -632.935       -130.034       -3.20149       -19.0866       0.160171       -0.0436906     0.0127721      0.000784244    -0.00876638    4.07089e-05    -7.78808e-05   2.80756e-05    -6.46582e-05   
630.402        -0.00334067    -0.000346719   -636.038       -130.47        -3.20993       -19.2149       0.160225       -0.0438777     0.0128349      0.000783495    -0.00876608    3.56067e-05    -8.05088e-05   2.88904e-05    -6.34299e-05   
631.397        -0.00336111    -0.00035118    -639.226       -130.916       -3.21851       -19.3439       0.16028        -0.0440543     0.0128776      0.00078252     -0.0087654     3.06384e-05    -8.27026e-05   2.90344e-05    -6.21859e-05   
632.372        -0.0033812     -0.000355577   -642.349       -131.352       -3.22684       -19.4695       0.160335       -0.0442147     0.0129106      0.000781358    -0.00876436    2.57554e-05    -8.44221e-05   2.88947e-05    -6.0972e-05    
633.377        -0.00340198    -0.000360116   -645.571       -131.796       -3.23497       -19.5885       0.160479       -0.0443321     0.012853       0.000780433    -0.00876295    2.1297e-05     -8.48107e-05   2.58602e-05    -5.88052e-05   
634.342        -0.00342196    -0.000364483   -648.659       -132.21        -3.24288       -19.6947       0.16062        -0.0443606     0.0127499      0.00077962     -0.00876103    1.7243e-05     -8.27586e-05   2.1535e-05     -5.6726e-05    
635.327        -0.00344242    -0.000368981   -651.813       -132.623       -3.25089       -19.8072       0.160725       -0.0443365     0.0126857      0.000778932    -0.00875863    1.291e-05      -7.92164e-05   1.85343e-05    -5.50305e-05   
636.312        -0.00346293    -0.00037352    -654.966       -133.031       -3.25886       -19.9269       0.160755       -0.0442798     0.0126773      0.000778336    -0.00875591    8.08211e-06    -7.48437e-05   1.7358e-05     -5.41416e-05   
637.297        -0.00348351    -0.000378102   -658.122       -133.436       -3.26688       -20.0533       0.160758       -0.0441962     0.0127126      0.000777883    -0.00875286    2.89497e-06    -6.98298e-05   1.75786e-05    -5.35405e-05   
638.282        -0.00350413    -0.000382718   -661.278       -133.838       -3.27483       -20.1844       0.160849       -0.0440974     0.0127717      0.000777535    -0.00874952    -2.48871e-06   -6.45289e-05   1.85384e-05    -5.20275e-05   
639.267        -0.00352482    -0.000387371   -664.433       -134.239       -3.28268       -20.3207       0.160928       -0.0439929     0.0128637      0.000777257    -0.00874583    -8.16229e-06   -5.92133e-05   2.04875e-05    -5.06564e-05   
640.252        -0.00354558    -0.00039207    -667.59        -134.639       -3.29047       -20.464        0.161004       -0.043886      0.0130005      0.000776999    -0.00874179    -1.4232e-05    -5.39811e-05   2.37689e-05    -4.93265e-05   
641.237        -0.00356638    -0.000396813   -670.746       -135.039       -3.29818       -20.6151       0.161078       -0.0437818     0.0131851      0.000776714    -0.00873742    -2.07024e-05   -4.89733e-05   2.84352e-05    -4.80378e-05   
642.222        -0.00358727    -0.000401606   -673.905       -135.441       -3.30582       -20.7744       0.161151       -0.0436847     0.0134177      0.000776365    -0.00873269    -2.75404e-05   -4.43126e-05   3.44483e-05    -4.67716e-05   
