time           lon            lat            Heading         Pitch          Roll          V0[0]          V0[1]          V0[2]          h0             Lon_sp         Lat_sp         Alt_sp         Hdg_sp          Roll_sp       Pitch_sp       Vn_sp          Vh_sp          Ve_sp          
0.001998       -122.14        47.6415        -40.3078       -0.000855985   -0.000472829   0              -0             0              116.989        -122.14        47.6415        116.989        -50.5998       0              0              0              -0             0              -40.3078       47.6415        
1.00328        -122.14        47.6415        -40.3078       -0.000855985   -0.000472829   0              -0             0              116.989        -122.14        47.6415        116.989        -50.5998       0              0              0              -0             0              -40.3078       47.6415        
1.97179        -122.14        47.6415        -40.3078       -0.000855985   -0.000472829   0              -0             0              116.989        -122.14        47.6415        116.989        -50.5998       0              0              0              -0             0              -40.3078       47.6415        
2.96551        -122.14        47.6415        -40.3078       -0.000855985   -0.000472829   0              -0             0              116.989        -122.14        47.6415        116.989        -50.5998       0              0              0              -0             0              -40.3078       47.6415        
3.94842        -122.14        47.6415        -40.3078       -0.000855985   -0.000472829   0              -0             0              116.989        -122.14        47.6415        116.989        -50.5998       0              0              0              -0             0              -40.3078       47.6415        
4.93651        -122.14        47.6415        -40.3078       -0.000855985   -0.000472829   0              -0             0              116.989        -122.14        47.6415        116.989        -50.5998       0              0              0              -0             0              -40.3078       47.6415        
5.91219        -122.14        47.6415        -40.3078       -0.000855985   -0.000472829   0              -0             0              116.989        -122.14        47.6415        116.989        -50.5998       0              0              0              -0             0              -40.3078       47.6415        
6.912          -122.14        47.6415        -40.3078       -0.000855985   -0.000472829   0              -0             0              116.989        -122.14        47.6415        116.989        -50.5998       0              0              0              -0             0              -40.3078       47.6415        
7.88228        -122.14        47.6415        -40.3078       -0.000855985   -0.000472829   0              -0             0              116.989        -122.14        47.6415        116.989        -50.5998       0              0              0              -0             0              -40.3078       47.6415        
8.86701        -122.14        47.6415        -40.3078       -0.000855985   -0.000472829   0              -0             0              116.989        -122.14        47.6415        116.989        -50.5998       0              0              0              -0             0              -40.3078       47.6415        
9.8522         -122.14        47.6415        -40.3078       -0.000855985   -0.000472829   0              -0             0              116.989        -122.14        47.6415        116.989        -50.5998       0              0              0              -0             0              -40.3078       47.6415        
10.837         -122.14        47.6415        -40.3078       -0.000855985   -0.000472829   0              -0             0              116.989        -122.14        47.6415        116.989        -50.5998       0              0              0              -0             0              -40.3078       47.6415        
11.8363        -122.14        47.6415        -40.3078       -0.000855985   -0.000472829   0              -0             0              116.989        -122.14        47.6415        116.989        -50.5998       0              0              0              -0             0              -40.3078       47.6415        
12.808         -122.14        47.6415        -40.3078       -0.000855985   -0.000472829   0              -0             0              116.989        -122.14        47.6415        116.989        -50.5998       0              0              0              -0             0              -40.3078       47.6415        
13.7968        -122.14        47.6415        -40.3078       -0.000855985   -0.000472829   0              -0             0              116.989        -122.14        47.6415        116.989        -50.5998       0              0              0              -0             0              -40.3078       47.6415        
14.7772        -122.14        47.6415        -40.3078       -0.000855985   -0.000472829   0              -0             0              116.989        -122.14        47.6415        116.989        -50.5998       0              0              0              -0             0              -40.3078       47.6415        
15.7624        -122.14        47.6415        -40.3078       -0.000855985   -0.000472829   0              -0             0              116.989        -122.14        47.6415        116.989        -50.5998       0              0              0              -0             0              -40.3078       47.6415        
16.7629        -122.14        47.6415        -40.3078       -0.000855985   -0.000472829   0              -0             0              116.989        -122.14        47.6415        116.989        -50.5998       0              0              0              -0             0              -40.3078       47.6415        
17.7319        -122.14        47.6415        -40.3078       -0.000855985   -0.000472829   0              -0             0              116.989        -122.14        47.6415        116.989        -50.5998       0              0              0              -0             0              -40.3078       47.6415        
18.7194        -122.14        47.6415        -40.3078       -0.000855985   -0.000472829   0              -0             0              116.989        -122.14        47.6415        116.989        -50.5998       0              0              0              -0             0              -40.3078       47.6415        
19.7017        -122.14        47.6415        -40.3078       -0.000855985   -0.000472829   0              -0             0              116.989        -122.14        47.6415        116.989        -50.5998       0              0              0              -0             0              -40.3078       47.6415        
20.6867        -122.14        47.6415        -40.3078       -0.000855985   -0.000472829   0              -0             0              116.989        -122.14        47.6415        116.989        -50.5998       0              0              0              -0             0              -40.3078       47.6415        
21.686         -122.14        47.6415        -40.3078       -0.000855985   -0.000472829   0              -0             0              116.989        -122.14        47.6415        116.989        -50.5998       0              0              0              -0             0              -40.3078       47.6415        
22.6575        -122.14        47.6415        -40.3078       -0.000855985   -0.000472829   0              -0             0              116.989        -122.14        47.6415        116.989        -50.5998       0              0              0              -0             0              -40.3078       47.6415        
23.6416        -122.14        47.6415        -40.3078       -0.000855985   -0.000472829   0              -0             0              116.989        -122.14        47.6415        116.989        -50.5998       0              0              0              -0             0              -40.3078       47.6415        
24.6272        -122.14        47.6415        -40.3078       -0.000855985   -0.000472829   0              -0             0              116.989        -122.14        47.6415        116.989        -50.5998       0              0              0              -0             0              -40.3078       47.6415        
25.612         -122.14        47.6415        -40.3078       -0.000855985   -0.000472829   0              -0             0              116.989        -122.14        47.6415        116.989        -50.5998       0              0              0              -0             0              -40.3078       47.6415        
26.597         -122.14        47.6415        -40.3078       -0.000855985   -0.000472829   0              -0             0              116.989        -122.14        47.6415        116.989        -50.5998       0              0              0              -0             0              -40.3078       47.6415        
27.5863        -122.14        47.6415        -40.3078       -0.000855985   -0.000472829   0              -0             0              116.989        -122.14        47.6415        116.989        -50.5998       0              0              0              -0             0              -40.3078       47.6415        
28.567         -122.14        47.6415        -40.3078       -0.000855985   -0.000472829   0              -0             0              116.989        -122.14        47.6415        116.989        -50.5998       0              0              0              -0             0              -40.3078       47.6415        
29.5518        -122.14        47.6415        -40.3078       -0.000855985   -0.000472829   0              -0             0              116.989        -122.14        47.6415        116.989        -50.5998       0              0              0              -0             0              -40.3078       47.6415        
30.5529        -122.14        47.6415        -40.3078       -0.000855985   -0.000472829   0              -0             0              116.989        -122.14        47.6415        116.989        -50.5998       0              0              0              -0             0              -40.3078       47.6415        
31.5222        -122.14        47.6415        -40.3078       -0.000855985   -0.000472829   0              -0             0              116.989        -122.14        47.6415        116.989        -50.5998       0              0              0              -0             0              -40.3078       47.6415        
32.5125        -122.14        47.6415        -40.3078       -0.000855985   -0.000472829   0              -0             0              116.989        -122.14        47.6415        116.989        -50.5998       0              0              0              -0             0              -40.3078       47.6415        
33.4925        -122.14        47.6415        -40.3078       -0.000855985   -0.000472829   0              -0             0              116.989        -122.14        47.6415        116.989        -50.5998       0              0              0              -0             0              -40.3078       47.6415        
34.4767        -122.14        47.6415        -40.3078       -0.000855985   -0.000472829   0              -0             0              116.989        -122.14        47.6415        116.989        -50.5998       0              0              0              -0             0              -40.3078       47.6415        
35.4638        -122.14        47.6415        -40.3078       -0.000855985   -0.000472829   0              -0             0              116.989        -122.14        47.6415        116.989        -50.5998       0              0              0              -0             0              -40.3078       47.6415        
36.4467        -122.14        47.6415        -40.3078       -0.000855985   -0.000472829   0              -0             0              116.989        -122.14        47.6415        116.989        -50.5998       0              0              0              -0             0              -40.3078       47.6415        
37.4377        -122.14        47.6415        -40.3078       -0.000855985   -0.000472829   0              -0             0              116.989        -122.14        47.6415        116.989        -50.5998       0              0              0              -0             0              -40.3078       47.6415        
38.4166        -122.14        47.6415        -40.3078       -0.000855985   -0.000472829   0              -0             0              116.989        -122.14        47.6415        116.989        -50.5998       0              0              0              -0             0              -40.3078       47.6415        
39.4088        -122.14        47.6415        -40.3078       -0.000855985   -0.000472829   0              -0             0              116.989        -122.14        47.6415        116.989        -50.5998       0              0              0              -0             0              -40.3078       47.6415        
40.3868        -122.14        47.6415        -40.3078       -0.000855985   -0.000472829   0              -0             0              116.989        -122.14        47.6415        116.989        -50.5998       0              0              0              -0             0              -40.3078       47.6415        
41.3726        -122.14        47.6415        -40.3078       -0.000855985   -0.000472829   0              -0             0              116.989        -122.14        47.6415        116.989        -50.5998       0              0              0              -0             0              -40.3078       47.6415        
42.3707        -122.14        47.6415        -40.3078       -0.000855985   -0.000472829   0              -0             0              116.989        -122.14        47.6415        116.989        -50.5998       0              0              0              -0             0              -40.3078       47.6415        
43.3423        -122.14        47.6415        -40.3078       -0.000855985   -0.000472829   0              -0             0              116.989        -122.14        47.6415        116.989        -50.5998       0              0              0              -0             0              -40.3078       47.6415        
44.3272        -122.14        47.6415        -40.3078       -0.000855985   -0.000472829   0              -0             0              116.989        -122.14        47.6415        116.989        -50.5998       0              0              0              -0             0              -40.3078       47.6415        
45.3125        -122.14        47.6415        -40.3078       -0.000855985   -0.000472829   0              -0             0              116.989        -122.14        47.6415        116.989        -50.5998       0              0              0              -0             0              -40.3078       47.6415        
46.297         -122.14        47.6415        -40.3078       -0.000855985   -0.000472829   0              -0             0              116.989        -122.14        47.6415        116.989        -50.5998       0              0              0              -0             0              -40.3078       47.6415        
47.2822        -122.14        47.6415        -40.3078       -0.000855985   -0.000472829   0              -0             0              116.989        -122.14        47.6415        116.989        -50.5998       0              0              0              -0             0              -40.3078       47.6415        
48.2675        -122.14        47.6415        -40.3078       -0.000855985   -0.000472829   0              -0             0              116.989        -122.14        47.6415        116.989        -50.5998       0              0              0              -0             0              -40.3078       47.6415        
49.2516        -122.14        47.6415        -40.3078       -0.000855985   -0.000472829   0              -0             0              116.989        -122.14        47.6415        116.989        -50.5998       0              0              0              -0             0              -40.3078       47.6415        
50.2479        -122.14        47.6415        -40.3078       -0.000855985   -0.000472829   0              -0             0              116.989        -122.14        47.6415        116.989        -50.5998       0              0              0              -0             0              -40.3078       47.6415        
51.2218        -122.14        47.6415        -40.3078       -0.000855985   -0.000472829   0              -0             0              116.989        -122.14        47.6415        116.989        -50.5998       0              0              0              -0             0              -40.3078       47.6415        
52.2067        -122.14        47.6415        -40.3078       -0.000855985   -0.000472829   0              -0             0              116.989        -122.14        47.6415        116.989        -50.5998       0              0              0              -0             0              -40.3078       47.6415        
53.2113        -122.14        47.6415        -40.3078       -0.000855985   -0.000472829   0              -0             0              116.989        -122.14        47.6415        116.989        -50.5998       0              0              0              -0             0              -40.3078       47.6415        
54.1776        -122.14        47.6415        -40.3078       -0.000855985   -0.000472829   0              -0             0              116.989        -122.14        47.6415        116.989        -50.5998       0              0              0              -0             0              -40.3078       47.6415        
55.1627        -122.14        47.6415        -40.3078       -0.000855985   -0.000472829   0              -0             0              116.989        -122.14        47.6415        116.989        -50.5998       0              0              0              -0             0              -40.3078       47.6415        
56.1475        -122.14        47.6415        -40.3078       -0.000855985   -0.000472829   0              -0             0              116.989        -122.14        47.6415        116.989        -50.5998       0              0              0              -0             0              -40.3078       47.6415        
57.1451        -122.14        47.6415        -40.3078       -0.000855985   -0.000472829   0              -0             0              116.989        -122.14        47.6415        116.989        -50.5998       0              0              0              -0             0              -40.3078       47.6415        
58.1178        -122.14        47.6415        -40.3078       -0.000855985   -0.000472829   0              -0             0              116.989        -122.14        47.6415        116.989        -50.5998       0              0              0              -0             0              -40.3078       47.6415        
59.1079        -122.14        47.6415        -40.3078       -0.000855985   -0.000472829   0              -0             0              116.989        -122.14        47.6415        116.989        -50.5998       0              0              0              -0             0              -40.3078       47.6415        
60.0875        -122.14        47.6415        -40.3078       -0.000855985   -0.000472829   0              -0             0              116.989        -122.14        47.6415        116.989        -50.5998       0              0              0              -0             0              -40.3078       47.6415        
61.0718        -122.14        47.6415        -40.3078       -0.000855985   -0.000472829   0              -0             0              116.989        -122.14        47.6415        116.989        -50.5998       0              0              0              -0             0              -40.3078       47.6415        
62.0576        -122.14        47.6415        -40.3078       -0.000855985   -0.000472829   0              -0             0              116.989        -122.14        47.6415        116.989        -50.5998       0              0              0              -0             0              -40.3078       47.6415        
63.0621        -122.14        47.6415        -40.3078       -0.000855985   -0.000472829   0              -0             0              116.989        -122.14        47.6415        116.989        -50.5998       0              0              0              -0             0              -40.3078       47.6415        
64.0269        -122.14        47.6415        -40.3078       -0.000855985   -0.000472829   0              -0             0              116.989        -122.14        47.6415        116.989        -50.5998       0              0              0              -0             0              -40.3078       47.6415        
65.0263        -122.14        47.6415        -40.3078       -0.000855985   -0.000472829   0              -0             0              116.989        -122.14        47.6415        116.989        -50.5998       0              0              0              -0             0              -40.3078       47.6415        
65.9967        -122.14        47.6415        -40.3078       -0.000855985   -0.000472829   0              -0             0              116.989        -122.14        47.6415        116.989        -50.5998       0              0              0              -0             0              -40.3078       47.6415        
66.9986        -122.14        47.6415        -40.3078       -0.000855985   -0.000472829   0              -0             0              116.989        -122.14        47.6415        116.989        -50.5998       0              0              0              -0             0              -40.3078       47.6415        
67.9672        -122.14        47.6415        -40.3078       -0.000855985   -0.000472829   0              -0             0              116.989        -122.14        47.6415        116.989        -50.5998       0              0              0              -0             0              -40.3078       47.6415        
68.9519        -122.14        47.6415        -40.3078       -0.000855985   -0.000472829   0              -0             0              116.989        -122.14        47.6415        116.989        -50.5998       0              0              0              -0             0              -40.3078       47.6415        
69.9538        -122.14        47.6415        -40.3078       -0.000855985   -0.000472829   0              -0             0              116.989        -122.14        47.6415        116.989        -50.5998       0              0              0              -0             0              -40.3078       47.6415        
70.9217        -122.14        47.6415        -40.3078       -0.000855985   -0.000472829   0              -0             0              116.989        -122.14        47.6415        116.989        -50.5998       0              0              0              -0             0              -40.3078       47.6415        
71.9193        -122.14        47.6415        -40.3078       -0.000855985   -0.000472829   0              -0             0              116.989        -122.14        47.6415        116.989        -50.5998       0              0              0              -0             0              -40.3078       47.6415        
72.8925        -122.14        47.6415        -40.3078       -0.000855985   -0.000472829   0              -0             0              116.989        -122.14        47.6415        116.989        -50.5998       0              0              0              -0             0              -40.3078       47.6415        
73.8964        -122.14        47.6415        -40.3078       -0.000855985   -0.000472829   0              -0             0              116.989        -122.14        47.6415        116.989        -50.5998       0              0              0              -0             0              -40.3078       47.6415        
74.8625        -122.14        47.6415        -40.3078       -0.000855985   -0.000472829   0              -0             0              116.989        -122.14        47.6415        116.989        -50.5998       0              0              0              -0             0              -40.3078       47.6415        
75.8567        -122.14        47.6415        -40.3078       -0.000855985   -0.000472829   0              -0             0              116.989        -122.14        47.6415        116.989        -50.5998       0              0              0              -0             0              -40.3078       47.6415        
76.832         -122.14        47.6415        -40.3078       -0.000855985   -0.000472829   0              -0             0              116.989        -122.14        47.6415        116.989        -50.5998       0              0              0              -0             0              -40.3078       47.6415        
77.8166        -122.14        47.6415        -40.3078       -0.000855985   -0.000472829   0              -0             0              116.989        -122.14        47.6415        116.989        -50.5998       0              0              0              -0             0              -40.3078       47.6415        
78.8123        -122.14        47.6415        -40.3078       -0.000855985   -0.000472829   0              -0             0              116.989        -122.14        47.6415        116.989        -50.5998       0              0              0              -0             0              -40.3078       47.6415        
79.7868        -122.14        47.6415        -40.3078       -0.000855985   -0.000472829   0              -0             0              116.989        -122.14        47.6415        116.989        -50.5998       0              0              0              -0             0              -40.3078       47.6415        
80.7718        -122.14        47.6415        -40.3078       -0.000855985   -0.000472829   0              -0             0              116.989        -122.14        47.6415        116.989        -50.5998       0              0              0              -0             0              -40.3078       47.6415        
81.7683        -122.14        47.6415        -40.3078       -0.000855985   -0.000472829   0              -0             0              116.989        -122.14        47.6415        116.989        -50.5998       0              0              0              -0             0              -40.3078       47.6415        
82.7418        -122.14        47.6415        -40.3078       -0.000855985   -0.000472829   0              -0             0              116.989        -122.14        47.6415        116.989        -50.5998       0              0              0              -0             0              -40.3078       47.6415        
83.7329        -122.14        47.6415        -40.3078       -0.000855985   -0.000472829   0              -0             0              116.989        -122.14        47.6415        116.989        -50.5998       0              0              0              -0             0              -40.3078       47.6415        
84.7122        -122.14        47.6415        -40.3078       -0.000855985   -0.000472829   0              -0             0              116.989        -122.14        47.6415        116.989        -50.5998       0              0              0              -0             0              -40.3078       47.6415        
85.6983        -122.14        47.6415        -40.3078       -0.000855985   -0.000472829   0              -0             0              116.989        -122.14        47.6415        116.989        -50.5998       0              0              0              -0             0              -40.3078       47.6415        
86.682         -122.14        47.6415        -40.3078       -0.000855985   -0.000472829   0              -0             0              116.989        -122.14        47.6415        116.989        -50.5998       0              0              0              -0             0              -40.3078       47.6415        
87.6759        -122.14        47.6415        -40.3078       -0.000855985   -0.000472829   0              -0             0              116.989        -122.14        47.6415        116.989        -50.5998       0              0              0              -0             0              -40.3078       47.6415        
88.6528        -122.14        47.6415        -40.3078       -0.000855985   -0.000472829   0              -0             0              116.989        -122.14        47.6415        116.989        -50.5998       0              0              0              -0             0              -40.3078       47.6415        
89.6458        -122.14        47.6415        -40.3078       -0.000855985   -0.000472829   0              -0             0              116.989        -122.14        47.6415        116.989        -50.5998       0              0              0              -0             0              -40.3078       47.6415        
90.6226        -122.14        47.6415        -40.3078       -0.000855985   -0.000472829   0              -0             0              116.989        -122.14        47.6415        116.989        -50.5998       0              0              0              -0             0              -40.3078       47.6415        
91.607         -122.14        47.6415        -40.3078       -0.000855985   -0.000472829   0              -0             0              116.989        -122.14        47.6415        116.989        -50.5998       0              0              0              -0             0              -40.3078       47.6415        
92.5919        -122.14        47.6415        -40.3078       -0.000855985   -0.000472829   0              -0             0              116.989        -122.14        47.6415        116.989        -50.5998       0              0              0              -0             0              -40.3078       47.6415        
93.5777        -122.14        47.6415        -40.3078       -0.000855985   -0.000472829   0              -0             0              116.989        -122.14        47.6415        116.989        -50.5998       0              0              0              -0             0              -40.3078       47.6415        
94.5619        -122.14        47.6415        -40.3078       -0.000855985   -0.000472829   0              -0             0              116.989        -122.14        47.6415        116.989        -50.5998       0              0              0              -0             0              -40.3078       47.6415        
95.5467        -122.14        47.6415        -40.3078       -0.000855985   -0.000472829   0              -0             0              116.989        -122.14        47.6415        116.989        -50.5998       0              0              0              -0             0              -40.3078       47.6415        
96.5335        -122.14        47.6415        -40.3078       -0.000855985   -0.000472829   0              -0             0              116.989        -122.14        47.6415        116.989        -50.5998       0              0              0              -0             0              -40.3078       47.6415        
97.5167        -122.14        47.6415        -40.3078       -0.000855985   -0.000472829   0              -0             0              116.989        -122.14        47.6415        116.989        -50.5998       0              0              0              -0             0              -40.3078       47.6415        
98.5021        -122.14        47.6415        -40.3078       -0.000855985   -0.000472829   0              -0             0              116.989        -122.14        47.6415        116.989        -50.5998       0              0              0              -0             0              -40.3078       47.6415        
99.4873        -122.14        47.6415        -40.3078       -0.000855985   -0.000472829   0              -0             0              116.989        -122.14        47.6415        116.989        -50.5998       0              0              0              -0             0              -40.3078       47.6415        
100.472        -122.14        47.6415        -40.3078       -0.000855985   -0.000472829   0              -0             0              116.989        -122.14        47.6415        116.989        -50.5998       0              0              0              -0             0              -40.3078       47.6415        
101.457        -122.14        47.6415        -40.3078       -0.000855985   -0.000472829   0              -0             0              116.989        -122.14        47.6415        116.989        -50.5998       0              0              0              -0             0              -40.3078       47.6415        
102.45         -122.14        47.6415        -40.3078       -0.000855985   -0.000472829   0              -0             0              116.989        -122.14        47.6415        116.989        -50.5998       0              0              0              -0             0              -40.3078       47.6415        
103.427        -122.14        47.6415        -40.3078       -0.000855985   -0.000472829   0              -0             0              116.989        -122.14        47.6415        116.989        -50.5998       0              0              0              -0             0              -40.3078       47.6415        
104.412        -122.14        47.6415        -40.3078       -0.000855985   -0.000472829   0              -0             0              116.989        -122.14        47.6415        116.989        -50.5998       0              0              0              -0             0              -40.3078       47.6415        
105.397        -122.14        47.6415        -40.3078       -0.000855985   -0.000472829   0              -0             0              116.989        -122.14        47.6415        116.989        -50.5998       0              0              0              -0             0              -40.3078       47.6415        
106.382        -122.14        47.6415        -40.3078       -0.000855985   -0.000472829   0              -0             0              116.989        -122.14        47.6415        116.989        -50.5998       0              0              0              -0             0              -40.3078       47.6415        
107.382        -122.14        47.6415        -40.3078       -0.000855985   -0.000472829   0              -0             0              116.989        -122.14        47.6415        116.989        -50.5998       0              0              0              -0             0              -40.3078       47.6415        
108.352        -122.14        47.6415        -40.3078       -0.000855985   -0.000472829   0              -0             0              116.989        -122.14        47.6415        116.989        -50.5998       0              0              0              -0             0              -40.3078       47.6415        
109.338        -122.14        47.6415        -40.3078       -0.000855985   -0.000472829   0              -0             0              116.989        -122.14        47.6415        116.989        -50.5998       0              0              0              -0             0              -40.3078       47.6415        
110.331        -122.14        47.6415        -40.3078       -0.000855985   -0.000472829   0              -0             0              116.989        -122.14        47.6415        116.989        -50.5998       0              0              0              -0             0              -40.3078       47.6415        
111.308        -122.14        47.6415        -40.3078       -0.000855985   -0.000472829   0              -0             0              116.989        -122.14        47.6415        116.989        -50.5998       0              0              0              -0             0              -40.3078       47.6415        
112.302        -122.14        47.6415        -40.3078       -0.000855985   -0.000472829   0              -0             0              116.989        -122.14        47.6415        116.989        -50.5998       0              0              0              -0             0              -40.3078       47.6415        
113.278        -122.14        47.6415        -40.3078       -0.000855985   -0.000472829   0              -0             0              116.989        -122.14        47.6415        116.989        -50.5998       0              0              0              -0             0              -40.3078       47.6415        
114.268        -122.14        47.6415        -40.3078       -0.000855985   -0.000472829   0              -0             0              116.989        -122.14        47.6415        116.989        -50.5998       0              0              0              -0             0              -40.3078       47.6415        
115.247        -122.14        47.6415        -40.3078       -0.000855985   -0.000472829   0              -0             0              116.989        -122.14        47.6415        116.989        -50.5998       0              0              0              -0             0              -40.3078       47.6415        
116.242        -122.14        47.6415        -40.3078       -0.000855985   -0.000472829   0              -0             0              116.989        -122.14        47.6415        116.989        -50.5998       0              0              0              -0             0              -40.3078       47.6415        
117.218        -122.14        47.6415        -40.3078       -0.000855985   -0.000472829   0              -0             0              116.989        -122.14        47.6415        116.989        -50.5998       0              0              0              -0             0              -40.3078       47.6415        
118.202        -122.14        47.6415        -40.3078       -0.000855985   -0.000472829   0              -0             0              116.989        -122.14        47.6415        116.989        -50.5998       0              0              0              -0             0              -40.3078       47.6415        
119.192        -122.14        47.6415        -40.3078       -0.000855985   -0.000472829   0              -0             0              116.989        -122.14        47.6415        116.989        -50.5998       0              0              0              -0             0              -40.3078       47.6415        
120.172        -122.14        47.6415        -40.3078       -0.000855985   -0.000472829   0              -0             0              116.989        -122.14        47.6415        116.989        -50.5998       0              0              0              -0             0              -40.3078       47.6415        
121.157        -122.14        47.6415        -40.3078       -0.000855985   -0.000472829   0              -0             0              116.989        -122.14        47.6415        116.989        -50.5998       0              0              0              -0             0              -40.3078       47.6415        
122.142        -122.14        47.6415        -40.3078       -0.000855985   -0.000472829   0              -0             0              116.989        -122.14        47.6415        116.989        -50.5998       0              0              0              -0             0              -40.3078       47.6415        
123.131        -122.14        47.6415        -40.3078       -0.000855985   -0.000472829   0              -0             0              116.989        -122.14        47.6415        116.989        -50.5998       0              0              0              -0             0              -40.3078       47.6415        
124.112        -122.14        47.6415        -40.3078       -0.000855985   -0.000472829   0              -0             0              116.989        -122.14        47.6415        116.989        -50.5998       0              0              0              -0             0              -40.3078       47.6415        
125.097        -122.14        47.6415        -40.3078       -0.000855985   -0.000472829   0              -0             0              116.989        -122.14        47.6415        116.989        -50.5998       0              0              0              -0             0              -40.3078       47.6415        
126.083        -122.14        47.6415        -40.3078       -0.000855985   -0.000472829   0              -0             0              116.989        -122.14        47.6415        116.989        -50.5998       0              0              0              -0             0              -40.3078       47.6415        
127.067        -122.14        47.6415        -40.3078       -0.000855985   -0.000472829   0              -0             0              116.989        -122.14        47.6415        116.989        -50.5998       0              0              0              -0             0              -40.3078       47.6415        
128.052        -122.14        47.6415        -40.3078       -0.000855985   -0.000472829   0              -0             0              116.989        -122.14        47.6415        116.989        -50.5998       0              0              0              -0             0              -40.3078       47.6415        
129.05         -122.14        47.6415        -40.3078       -0.000855985   -0.000472829   0              -0             0              116.989        -122.14        47.6415        116.989        -50.5998       0              0              0              -0             0              -40.3078       47.6415        
130.038        -122.14        47.6415        -40.3078       -0.000855985   -0.000472829   0              -0             0              116.989        -122.14        47.6415        116.989        -50.5998       0              0              0              -0             0              -40.3078       47.6415        
131.023        -122.14        47.6415        -40.3078       -0.000855985   -0.000472829   0              -0             0              116.989        -122.14        47.6415        116.989        -50.5998       0              0              0              -0             0              -40.3078       47.6415        
131.992        -122.14        47.6415        -40.3078       -0.000855985   -0.000472829   0              -0             0              116.989        -122.14        47.6415        116.989        -50.5998       0              0              0              -0             0              -40.3078       47.6415        
132.977        -122.14        47.6415        -40.3078       -0.000855985   -0.000472829   0              -0             0              116.989        -122.14        47.6415        116.989        -50.5998       0              0              0              -0             0              -40.3078       47.6415        
133.963        -122.14        47.6415        -40.3078       -0.000855985   -0.000472829   0              -0             0              116.989        -122.14        47.6415        116.989        -50.5998       0              0              0              -0             0              -40.3078       47.6415        
134.949        -122.14        47.6415        -40.3078       -0.000855985   -0.000472829   0              -0             0              116.989        -122.14        47.6415        116.989        -50.5998       0              0              0              -0             0              -40.3078       47.6415        
135.942        -122.14        47.6415        -40.3078       -0.000855985   -0.000472829   0              -0             0              116.989        -122.14        47.6415        116.989        -50.5998       0              0              0              -0             0              -40.3078       47.6415        
136.917        -122.14        47.6415        -40.3078       -0.000855985   -0.000472829   0              -0             0              116.989        -122.14        47.6415        116.989        -50.5998       0              0              0              -0             0              -40.3078       47.6415        
137.902        -122.14        47.6415        -40.3078       -0.000855985   -0.000472829   0              -0             0              116.989        -122.14        47.6415        116.989        -50.5998       0              0              0              -0             0              -40.3078       47.6415        
138.887        -122.14        47.6415        -40.3078       -0.000855985   -0.000472829   0              -0             0              116.989        -122.14        47.6415        116.989        -50.5998       0              0              0              -0             0              -40.3078       47.6415        
139.873        -122.14        47.6415        -40.3078       -0.000855985   -0.000472829   0              -0             0              116.989        -122.14        47.6415        116.989        -50.5998       0              0              0              -0             0              -40.3078       47.6415        
140.862        -122.14        47.6415        -40.3078       -0.000855985   -0.000472829   0              -0             0              116.989        -122.14        47.6415        116.989        -50.5998       0              0              0              -0             0              -40.3078       47.6415        
141.854        -122.14        47.6415        -40.3078       -0.000855985   -0.000472829   0              -0             0              116.989        -122.14        47.6415        116.989        -50.5998       0              0              0              -0             0              -40.3078       47.6415        
142.827        -122.14        47.6415        -40.3078       -0.000855985   -0.000472829   0              -0             0              116.989        -122.14        47.6415        116.989        -50.5998       0              0              0              -0             0              -40.3078       47.6415        
143.817        -122.14        47.6415        -40.3078       -0.000855985   -0.000472829   0              -0             0              116.989        -122.14        47.6415        116.989        -50.5998       0              0              0              -0             0              -40.3078       47.6415        
144.797        -122.14        47.6415        -40.3078       -0.000855985   -0.000472829   0              -0             0              116.989        -122.14        47.6415        116.989        -50.5998       0              0              0              -0             0              -40.3078       47.6415        
145.783        -122.14        47.6415        -40.3078       -0.000855985   -0.000472829   0              -0             0              116.989        -122.14        47.6415        116.989        -50.5998       0              0              0              -0             0              -40.3078       47.6415        
146.778        -122.14        47.6415        -40.3078       -0.000855985   -0.000472829   0              -0             0              116.989        -122.14        47.6415        116.989        -50.5998       0              0              0              -0             0              -40.3078       47.6415        
147.752        -122.14        47.6415        -40.3078       -0.000855985   -0.000472829   0              -0             0              116.989        -122.14        47.6415        116.989        -50.5998       0              0              0              -0             0              -40.3078       47.6415        
148.737        -122.14        47.6415        -40.3078       -0.000855985   -0.000472829   0              -0             0              116.989        -122.14        47.6415        116.989        -50.5998       0              0              0              -0             0              -40.3078       47.6415        
149.722        -122.14        47.6415        -40.3078       -0.000855985   -0.000472829   0              -0             0              116.989        -122.14        47.6415        116.989        -50.5998       0              0              0              -0             0              -40.3078       47.6415        
150.707        -122.14        47.6415        -40.3078       -0.000855985   -0.000472829   0              -0             0              116.989        -122.14        47.6415        116.989        -50.5998       0              0              0              -0             0              -40.3078       47.6415        
151.692        -122.14        47.6415        -40.3078       -0.000855985   -0.000472829   0              -0             0              116.989        -122.14        47.6415        116.989        -50.5998       0              0              0              -0             0              -40.3078       47.6415        
152.698        -122.14        47.6415        -40.3078       -0.000855985   -0.000472829   0              -0             0              116.989        -122.14        47.6415        116.989        -50.5998       0              0              0              -0             0              -40.3078       47.6415        
153.663        -122.14        47.6415        -40.3078       -0.000855985   -0.000472829   0              -0             0              116.989        -122.14        47.6415        116.989        -50.5998       0              0              0              -0             0              -40.3078       47.6415        
154.661        -122.14        47.6415        -40.3078       -0.000855985   -0.000472829   0              -0             0              116.989        -122.14        47.6415        116.989        -50.5998       0              0              0              -0             0              -40.3078       47.6415        
155.632        -122.14        47.6415        -40.3078       -0.000855985   -0.000472829   0              -0             0              116.989        -122.14        47.6415        116.989        -50.5998       0              0              0              -0             0              -40.3078       47.6415        
156.617        -122.14        47.6415        -40.3078       -0.000855985   -0.000472829   0              -0             0              116.989        -122.14        47.6415        116.989        -50.5998       0              0              0              -0             0              -40.3078       47.6415        
157.602        -122.14        47.6415        -40.3078       -0.000855985   -0.000472829   0              -0             0              116.989        -122.14        47.6415        116.989        -50.5998       0              0              0              -0             0              -40.3078       47.6415        
158.587        -122.14        47.6415        -40.3078       -0.000855985   -0.000472829   0              -0             0              116.989        -122.14        47.6415        116.989        -50.5998       0              0              0              -0             0              -40.3078       47.6415        
159.589        -122.14        47.6415        -40.3078       -0.000855985   -0.000472829   0              -0             0              116.989        -122.14        47.6415        116.989        -50.5998       0              0              0              -0             0              -40.3078       47.6415        
160.558        -122.14        47.6415        -40.3078       -0.000855985   -0.000472829   0              -0             0              116.989        -122.14        47.6415        116.989        -50.5998       0              0              0              -0             0              -40.3078       47.6415        
161.562        -122.14        47.6415        -40.3078       -0.000855985   -0.000472829   0              -0             0              116.989        -122.14        47.6415        116.989        -50.5998       0              0              0              -0             0              -40.3078       47.6415        
162.528        -122.14        47.6415        -40.3078       -0.000855985   -0.000472829   0              -0             0              116.989        -122.14        47.6415        116.989        -50.5998       0              0              0              -0             0              -40.3078       47.6415        
163.527        -122.14        47.6415        -40.3078       -0.000855985   -0.000472829   0              -0             0              116.989        -122.14        47.6415        116.989        -50.5998       0              0              0              -0             0              -40.3078       47.6415        
164.497        -122.14        47.6415        -40.3078       -0.000855985   -0.000472829   0              -0             0              116.989        -122.14        47.6415        116.989        -50.5998       0              0              0              -0             0              -40.3078       47.6415        
165.483        -122.14        47.6415        -40.3078       -0.000855985   -0.000472829   0              -0             0              116.989        -122.14        47.6415        116.989        -50.5998       0              0              0              -0             0              -40.3078       47.6415        
166.468        -122.14        47.6415        -40.3078       -0.000855985   -0.000472829   0              -0             0              116.989        -122.14        47.6415        116.989        -50.5998       0              0              0              -0             0              -40.3078       47.6415        
167.487        -122.14        47.6415        -40.3078       -0.000855985   -0.000472829   0              -0             0              116.989        -122.14        47.6415        116.989        -50.5998       0              0              0              -0             0              -40.3078       47.6415        
168.457        -122.14        47.6415        -40.3078       -0.000855985   -0.000472829   0              -0             0              116.989        -122.14        47.6415        116.989        -50.5998       0              0              0              -0             0              -40.3078       47.6415        
169.422        -122.14        47.6415        -40.3078       -0.000855985   -0.000472829   0              -0             0              116.989        -122.14        47.6415        116.989        -50.5998       0              0              0              -0             0              -40.3078       47.6415        
170.408        -122.14        47.6415        -40.3078       -0.000855985   -0.000472829   0              -0             0              116.989        -122.14        47.6415        116.989        -50.5998       0              0              0              -0             0              -40.3078       47.6415        
171.392        -122.14        47.6415        -40.3078       -0.000855985   -0.000472829   0              -0             0              116.989        -122.14        47.6415        116.989        -50.5998       0              0              0              -0             0              -40.3078       47.6415        
172.377        -122.14        47.6415        -40.3078       -0.000855985   -0.000472829   0              -0             0              116.989        -122.14        47.6415        116.989        -50.5998       0              0              0              -0             0              -40.3078       47.6415        
173.378        -122.14        47.6415        -40.3078       -0.000855985   -0.000472829   0              -0             0              116.989        -122.14        47.6415        116.989        -50.5998       0              0              0              -0             0              -40.3078       47.6415        
174.347        -122.14        47.6415        -40.3078       -0.000855985   -0.000472829   0              -0             0              116.989        -122.14        47.6415        116.989        -50.5998       0              0              0              -0             0              -40.3078       47.6415        
175.353        -122.14        47.6415        -40.3078       -0.000855985   -0.000472829   0              -0             0              116.989        -122.14        47.6415        116.989        -50.5998       0              0              0              -0             0              -40.3078       47.6415        
176.317        -122.14        47.6415        -40.3078       -0.000855985   -0.000472829   0              -0             0              116.989        -122.14        47.6415        116.989        -50.5998       0              0              0              -0             0              -40.3078       47.6415        
177.316        -122.14        47.6415        -45.4538       -0.000363175   -0.000214024   2.48134e-05    -6.90266e-05   -0.000131718   116.989        -122.14        47.6415        116.989        -50.5998       0              0              0              -0             0              nan            47.6415        
178.287        -122.14        47.6415        -47.1743       0.00528265     0.00678875     -0.00204843    -0.00588476    -0.00107062    116.986        -122.14        47.6415        116.989        -50.5998       0              0              0              -0             0              nan            47.6415        
179.277        -122.14        47.6415        -48.0348       0.00951455     -0.00500193    -0.00333049    -0.0110591     -0.00580921    116.979        -122.14        47.6415        116.989        -50.5998       0              0              0              -0             0              nan            47.6415        
180.257        -122.14        47.6415        -48.5533       0.011932       -0.0154506     -0.00469321    0.417344       -0.012116      117.041        -122.14        47.6415        116.989        -50.5998       0              0              0              0.0748829      0              nan            47.6415        
181.243        -122.14        47.6415        -48.9001       0.022145       -0.0210008     -0.00598035    0.452482       -0.0169264     117.474        -122.14        47.6415        117.421        -50.5998       0              0              0              0.47449        0              nan            47.6415        
182.227        -122.14        47.6415        -49.1461       0.0353983      -0.0195489     -0.0146855     0.462278       -0.0169113     117.924        -122.14        47.6415        117.898        -50.5998       0              0              0              0.489278       0              nan            47.6415        
183.228        -122.14        47.6415        -49.3288       0.0454036      -0.0282633     -0.0185612     0.976144       -0.0241361     118.462        -122.14        47.6415        118.384        -50.5998       0              0              0              0.494306       0              nan            47.6415        
184.204        -122.14        47.6415        -49.4622       0.0503236      -0.0425531     -0.0249038     0.971676       -0.0305516     119.416        -122.14        47.6415        119.342        -50.5998       0              0              0              1.00664        0              nan            47.6415        
185.198        -122.14        47.6415        -49.5833       0.0630002      -0.0522332     -0.0277001     0.96089        -0.0310342     120.377        -122.14        47.6415        120.332        -50.5998       0              0              0              1.0001         0              nan            47.6415        
186.167        -122.14        47.6415        -49.6693       0.0658014      -0.0549094     -0.0304321     0.951478       -0.0318661     121.303        -122.14        47.6415        121.297        -50.5998       0              0              0              0.997874       0              nan            47.6415        
187.152        -122.14        47.6415        -49.7455       0.0782517      -0.0566905     -0.0290751     0.951741       -0.0324507     122.24         -122.14        47.6415        122.281        -50.5998       0              0              0              0.997083       0              nan            47.6415        
188.137        -122.14        47.6415        -49.8145       0.0949618      -0.0535257     -0.0292469     0.946865       -0.0262994     123.178        -122.14        47.6415        123.265        -50.5998       0              0              0              0.996811       0              nan            47.6415        
189.122        -122.14        47.6415        -49.8749       0.101625       -0.0510273     -0.0362923     0.944459       -0.0273816     124.112        -122.14        47.6415        124.249        -50.5998       0              0              0              0.996716       0              nan            47.6415        
190.121        -122.14        47.6415        -49.9172       0.105554       -0.0606011     -0.0455867     0.934766       -0.027841      125.051        -122.14        47.6415        125.233        -50.5998       0              0              0              0.996682       0              nan            47.6415        
191.092        -122.14        47.6415        -49.9768       0.110497       -0.0518052     -0.0454447     0.932029       -0.0286089     125.96         -122.14        47.6415        126.217        -50.5998       0              0              0              0.996671       0              nan            47.6415        
192.078        -122.14        47.6415        -50.0137       0.133247       -0.0565165     -0.04235       0.927466       -0.0283724     126.881        -122.14        47.6415        127.18         -50.5998       0              0              0              0.996665       0              nan            47.6415        
193.062        -122.14        47.6415        -50.0372       0.127826       -0.0449951     -0.052412      0.923636       -0.0334087     127.797        -122.14        47.6415        128.163        -50.5998       0              0              0              0.996661       0              nan            47.6415        
194.047        -122.14        47.6415        -50.0712       0.147301       -0.0550362     -0.050449      0.92056        -0.0328133     128.711        -122.14        47.6415        129.147        -50.5998       0              0              0              0.996659       0              nan            47.6415        
195.052        -122.14        47.6415        -50.0998       0.155507       -0.0499286     -0.0550854     0.918506       -0.0287865     129.644        -122.14        47.6415        130.152        -50.5998       0              0              0              0.996656       0              nan            47.6415        
196.017        -122.14        47.6415        -50.1289       0.160404       -0.0603135     -0.0650418     0.914309       -0.0226294     130.539        -122.14        47.6415        131.115        -50.5998       0              0              0              0.996655       0              nan            47.6415        
197.002        -122.14        47.6415        -50.1501       0.172355       -0.0582707     -0.0692401     0.911199       -0.0257212     131.451        -122.14        47.6415        132.098        -50.5998       0              0              0              0.996653       0              nan            47.6415        
198            -122.14        47.6415        -50.1726       0.176861       -0.0675921     -0.0730482     0.915323       -0.0251355     132.377        -122.14        47.6415        133.082        -50.5998       0              0              0              0.996651       0              nan            47.6415        
198.986        -122.14        47.6415        -50.2077       0.180892       -0.0584433     -0.0732758     0.913746       -0.0228109     133.297        -122.14        47.6415        134.065        -50.5998       0              0              0              0.996649       0              nan            47.6415        
199.957        -122.14        47.6415        -50.2119       0.197768       -0.0489948     -0.083145      0.909683       -0.0205479     134.205        -122.14        47.6415        135.028        -50.5998       0              0              0              0.996647       0              39.6193        47.6415        
200.942        -122.14        47.6415        -50.234        0.217264       -0.0604354     -0.0876261     0.910499       -0.0198645     135.125        -122.14        47.6415        136.012        -50.5998       0              0              0              0.996646       0              nan            47.6415        
201.938        -122.14        47.6415        -50.2515       0.226623       -0.0468899     -0.0978833     0.909127       -0.019784      136.059        -122.14        47.6415        136.995        -50.5998       0              0              0              0.996643       0              nan            47.6414        
202.912        -122.14        47.6415        -50.2622       0.249905       -0.0539016     -0.105003      0.906175       -0.0228948     136.975        -122.14        47.6415        137.979        -50.5998       0              0              0              0.996642       0              nan            47.6414        
203.898        -122.14        47.6415        -50.2781       0.263872       -0.0581276     -0.113467      0.899485       -0.0366305     137.898        -122.14        47.6415        138.963        -50.5998       0              0              0              0.99664        0              nan            47.6414        
204.882        -122.14        47.6415        -50.2928       0.271858       -0.0565352     -0.121555      0.897387       -0.0400524     138.819        -122.14        47.6415        139.926        -50.5998       0              0              0              0.996638       0              nan            47.6414        
205.875        -122.14        47.6415        -50.3176       0.271815       -0.0524683     -0.132638      0.892956       -0.0416644     139.748        -122.14        47.6415        140.931        -50.5998       0              0              0              0.996636       0              nan            47.6414        
206.853        -122.14        47.6415        -50.3224       0.275058       -0.0710248     -0.13705       0.892783       -0.0453661     140.665        -122.14        47.6415        141.894        -50.5998       0              0              0              0.996635       0              nan            47.6414        
207.837        -122.14        47.6415        -50.3109       0.279432       -0.0733924     -0.142684      0.893292       -0.0435146     141.59         -122.14        47.6415        142.878        -50.5998       0              0              0              0.996633       0              nan            47.6414        
208.823        -122.14        47.6415        -50.3185       0.316293       -0.0751296     -0.140533      0.885106       -0.0444795     142.518        -122.14        47.6415        143.862        -50.5998       0              0              0              0.996631       0              nan            47.6414        
209.825        -122.14        47.6415        -50.3288       0.346636       -0.0842787     -0.141939      0.885062       -0.0479108     143.46         -122.14        47.6415        144.867        -50.5998       0              0              0              0.996629       0              nan            47.6414        
210.792        -122.14        47.6415        -50.344        0.346348       -0.0925302     -0.146168      0.886361       -0.058602      144.373        -122.14        47.6415        145.83         -50.5998       0              0              0              0.996628       0              nan            47.6414        
211.777        -122.14        47.6415        -50.3527       0.354258       -0.0975371     -0.148031      0.887209       -0.067045      145.309        -122.14        47.6415        146.814        -50.5998       0              0              0              0.996626       0              nan            47.6414        
212.763        -122.14        47.6415        -50.3643       0.359995       -0.0890285     -0.152893      0.889037       -0.0739362     146.246        -122.14        47.6415        147.777        -50.5998       0              0              0              0.996624       0              nan            47.6414        
213.747        -122.14        47.6415        -50.3665       0.366122       -0.0889705     -0.156143      0.89166        -0.0786431     147.189        -122.14        47.6415        148.761        -50.5998       0              0              0              0.996622       0              nan            47.6414        
214.732        -122.14        47.6415        -50.3792       0.3785         -0.0833993     -0.16617       0.894091       -0.080669      148.135        -122.14        47.6415        149.745        -50.5998       0              0              0              0.99662        0              nan            47.6414        
215.734        -122.14        47.6415        -50.3944       0.382447       -0.101137      -0.166316      0.898295       -0.0789905     149.102        -122.14        47.6415        150.749        -50.5998       0              0              0              0.996618       0              nan            47.6414        
216.702        -122.14        47.6415        -50.4017       0.384094       -0.102809      -0.166919      0.898633       -0.0821321     150.042        -122.14        47.6415        151.712        -50.5998       0              0              0              0.996616       0              nan            47.6414        
217.687        -122.14        47.6415        -50.4099       0.397774       -0.113874      -0.160847      0.898191       -0.088301      151.001        -122.14        47.6415        152.696        -50.5998       0              0              0              0.996615       0              nan            47.6414        
218.673        -122.14        47.6415        -50.4203       0.415839       -0.11192       -0.156694      0.895694       -0.0913405     151.96         -122.14        47.6415        153.68         -50.5998       0              0              0              0.996613       0              nan            47.6414        
219.679        -122.14        47.6415        -50.4304       0.425349       -0.117004      -0.158047      0.893283       -0.0912657     152.934        -122.14        47.6415        154.685        -50.5998       0              0              0              0.996611       0              nan            47.6414        
220.65         -122.14        47.6415        -50.4388       0.444286       -0.125617      -0.159275      0.890853       -0.0946895     153.879        -122.14        47.6415        155.648        -50.5998       0              0              0              0.996609       0              55.0738        47.6414        
221.627        -122.14        47.6415        -50.4551       0.456352       -0.126111      -0.15744       0.884944       -0.0973216     154.825        -122.14        47.6415        156.611        -50.5998       0              0              0              0.996607       0              nan            47.6413        
222.612        -122.14        47.6415        -50.4774       0.456868       -0.134712      -0.157408      0.884497       -0.10406       155.774        -122.14        47.6415        157.595        -50.5998       0              0              0              0.996606       0              nan            47.6413        
223.597        -122.14        47.6415        -50.4835       0.471285       -0.141697      -0.156834      0.877762       -0.109749      156.725        -122.14        47.6415        158.579        -50.5998       0              0              0              0.996604       0              nan            47.6413        
224.604        -122.14        47.6415        -50.4935       0.476889       -0.153776      -0.154814      0.873211       -0.112821      157.688        -122.14        47.6415        159.584        -50.5998       0              0              0              0.996602       0              nan            47.6413        
225.588        -122.14        47.6415        -50.4996       0.495047       -0.159198      -0.157521      0.870127       -0.108609      158.629        -122.14        47.6415        160.568        -50.5998       0              0              0              0.9966         0              nan            47.6413        
226.568        -122.14        47.6415        -50.5041       0.515059       -0.162062      -0.156156      0.866941       -0.106646      159.566        -122.14        47.6415        161.552        -50.5998       0              0              0              0.996599       0              nan            47.6413        
227.554        -122.14        47.6415        -50.5101       0.513564       -0.168367      -0.150509      0.858989       -0.103363      160.506        -122.14        47.6415        162.494        -50.5998       0              0              0              0.996596       0              nan            47.6413        
228.523        -122.14        47.6415        -50.5022       0.522112       -0.188323      -0.146313      0.853622       -0.105371      161.423        -122.14        47.6415        163.457        -50.5998       0              0              0              0.996595       0              nan            47.6413        
229.507        -122.14        47.6415        -50.503        0.527748       -0.186416      -0.135749      0.844498       -0.107392      162.35         -122.14        47.6415        164.441        -50.5998       0              0              0              0.996593       0              nan            47.6413        
230.492        -122.14        47.6415        -50.5061       0.549029       -0.196198      -0.128983      0.844183       -0.0948307     163.274        -122.14        47.6415        165.404        -50.5998       0              0              0              0.996591       0              nan            47.6413        
231.477        -122.14        47.6415        -50.5111       0.559453       -0.200086      -0.117022      0.842851       -0.092167      164.2          -122.14        47.6415        166.388        -50.5998       0              0              0              0.996589       0              nan            47.6412        
232.483        -122.14        47.6415        -50.5134       0.570435       -0.214691      -0.111846      0.834299       -0.0860012     165.138        -122.14        47.6415        167.393        -50.5998       0              0              0              0.996587       0              39.2352        47.6412        
233.447        -122.14        47.6415        -50.5288       0.578375       -0.213934      -0.104291      0.834419       -0.0770063     166.039        -122.14        47.6415        168.356        -50.5998       0              0              0              0.996586       0              nan            47.6412        
234.432        -122.14        47.6415        -50.5337       0.577833       -0.22718       -0.0930691     0.831614       -0.0692774     166.96         -122.14        47.6415        169.34         -50.5998       0              0              0              0.996584       0              nan            47.6412        
235.417        -122.14        47.6415        -50.5457       0.593095       -0.221815      -0.0756751     0.82639        -0.0611335     167.878        -122.14        47.6415        170.324        -50.5998       0              0              0              0.996582       0              nan            47.6412        
236.403        -122.14        47.6415        -50.5543       0.606527       -0.225565      -0.0645776     0.822525       -0.0507119     168.794        -122.14        47.6415        171.308        -50.5998       0              0              0              0.99658        0              nan            47.6412        
237.387        -122.14        47.6415        -50.5746       0.607541       -0.223662      -0.0551373     0.820155       -0.039851      169.708        -122.14        47.6415        172.292        -50.5998       0              0              0              0.996579       0              nan            47.6412        
238.372        -122.14        47.6415        -50.5783       0.62435        -0.21007       -0.0500289     0.821156       -0.0247748     170.623        -122.14        47.6415        173.255        -50.5998       0              0              0              0.996578       0              nan            47.6411        
239.365        -122.14        47.6415        -50.5857       0.640133       -0.21883       -0.0400993     0.822722       -0.0076986     171.548        -122.14        47.6415        174.259        -50.5998       0              0              0              0.996575       0              nan            47.6411        
240.343        -122.14        47.6415        -50.5906       0.656333       -0.201422      -0.0406311     0.819101       0.0135297      172.46         -122.14        47.6415        175.223        -50.5998       0              0              0              0.996573       0              nan            47.6411        
241.327        -122.14        47.6415        -50.5941       0.659582       -0.212359      -0.0308529     0.80978        0.0312251      173.373        -122.14        47.6415        176.206        -50.5998       0              0              0              0.996571       0              nan            47.6411        
242.312        -122.14        47.6415        -50.6058       0.664176       -0.213006      -0.0319047     0.804037       0.0478954      174.281        -122.14        47.6415        177.19         -50.5998       0              0              0              0.996569       0              nan            47.6411        
243.31         -122.14        47.6415        -50.6132       0.697959       -0.20746       -0.0321747     0.796145       0.0548061      175.196        -122.14        47.6415        178.174        -50.5998       0              0              0              0.996567       0              nan            47.6411        
244.296        -122.14        47.6415        -50.6237       0.702387       -0.207157      -0.0275319     0.791179       0.0643728      176.096        -122.14        47.6415        179.158        -50.5998       0              0              0              0.996566       0              nan            47.6411        
245.267        -122.14        47.6415        -50.6169       0.723711       -0.197055      -0.0235627     0.793409       0.0720982      176.986        -122.14        47.6415        180.142        -50.5998       0              0              0              0.996564       0              nan            47.641         
246.252        -122.14        47.6415        -50.6267       0.723632       -0.18313       -0.0245558     0.794126       0.0812703      177.892        -122.14        47.6415        181.105        -50.5998       0              0              0              0.996562       0              nan            47.641         
247.252        -122.14        47.6415        -50.6412       0.721817       -0.185718      -0.0247174     0.792832       0.0907107      178.809        -122.14        47.6415        182.11         -50.5998       0              0              0              0.99656        0              nan            47.641         
248.222        -122.14        47.6415        -50.6618       0.7247         -0.174958      -0.0300154     0.789521       0.0997534      179.703        -122.14        47.6415        183.073        -50.5998       0              0              0              0.996559       0              nan            47.641         
249.207        -122.14        47.6415        -50.6729       0.743581       -0.171434      -0.0367273     0.781114       0.107277       180.603        -122.14        47.6415        184.057        -50.5998       0              0              0              0.996557       0              nan            47.641         
250.192        -122.14        47.6415        -50.6688       0.744442       -0.179328      -0.0358007     0.774692       0.110192       181.499        -122.14        47.6415        185.041        -50.5998       0              0              0              0.996554       0              nan            47.6409        
251.177        -122.14        47.6415        -50.6673       0.753354       -0.171612      -0.0355657     0.771447       0.11533        182.392        -122.14        47.6415        186.025        -50.5998       0              0              0              0.996553       0              nan            47.6409        
252.162        -122.14        47.6415        -50.6777       0.775511       -0.155987      -0.0391872     0.770145       0.122214       183.286        -122.14        47.6415        187.009        -50.5998       0              0              0              0.996551       0              nan            47.6409        
253.147        -122.14        47.6415        -50.6931       0.787392       -0.136834      -0.0452868     0.77123        0.124907       184.18         -122.14        47.6415        187.993        -50.5998       0              0              0              0.996549       0              nan            47.6409        
254.138        -122.14        47.6415        -50.7017       0.801935       -0.121743      -0.0485372     0.769332       0.125711       185.081        -122.14        47.6415        188.977        -50.5998       0              0              0              0.996547       0              nan            47.6408        
255.117        -122.14        47.6415        -50.709        0.810683       -0.10375       -0.0572186     0.764813       0.130618       185.969        -122.14        47.6415        189.94         -50.5998       0              0              0              0.996546       0              79.7307        47.6408        
256.102        -122.14        47.6415        -50.7159       0.817183       -0.100122      -0.0774418     0.767318       0.124219       186.865        -122.14        47.6415        190.924        -50.5998       0              0              0              0.996544       0              nan            47.6408        
257.108        -122.14        47.6415        -50.7146       0.81639        -0.0980343     -0.0887472     0.771029       0.126586       187.778        -122.14        47.6415        191.929        -50.5998       0              0              0              0.996542       0              nan            47.6408        
258.076        -122.14        47.6415        -50.6983       0.835239       -0.0850559     -0.0931551     0.776693       0.128606       188.671        -122.14        47.6415        192.892        -50.5998       0              0              0              0.99654        0              nan            47.6407        
259.058        -122.14        47.6415        -50.6939       0.845688       -0.0846122     -0.0967657     0.774741       0.138086       189.578        -122.14        47.6415        193.876        -50.5998       0              0              0              0.996538       0              nan            47.6407        
260.042        -122.14        47.6415        -50.6817       0.860516       -0.071307      -0.102268      0.780438       0.140068       190.489        -122.14        47.6415        194.839        -50.5998       0              0              0              0.996537       0              nan            47.6407        
261.047        -122.14        47.6415        -50.6858       0.87822        -0.0533417     -0.112873      0.780164       0.139476       191.42         -122.14        47.6415        195.844        -50.5998       0              0              0              0.996534       0              nan            47.6407        
262.012        -122.14        47.6415        -50.6805       0.89787        -0.0467352     -0.118401      0.777036       0.139517       192.317        -122.14        47.6415        196.807        -50.5998       0              0              0              0.996533       0              nan            47.6406        
263.014        -122.14        47.6415        -50.6866       0.912258       -0.0404789     -0.127761      0.777427       0.135592       193.244        -122.14        47.6415        197.811        -50.5998       0              0              0              0.996531       0              nan            47.6406        
263.982        -122.14        47.6415        -50.6877       0.914703       -0.033301      -0.1285        0.769059       0.135481       194.143        -122.14        47.6415        198.774        -50.5998       0              0              0              0.996529       0              nan            47.6406        
264.967        -122.14        47.6415        -50.6898       0.93859        -0.025763      -0.133309      0.767737       0.130899       195.048        -122.14        47.6415        199.758        -50.5998       0              0              0              0.996527       0              nan            47.6405        
265.952        -122.14        47.6415        -50.6764       0.939891       -0.0171025     -0.132522      0.767361       0.120771       195.955        -122.14        47.6415        200.742        -50.5998       0              0              0              0.996525       0              nan            47.6405        
266.954        -122.14        47.6415        -50.6744       0.944997       -0.00965677    -0.126877      0.768827       0.113782       196.877        -122.14        47.6415        201.726        -50.5998       0              0              0              0.996524       0              nan            47.6405        
267.922        -122.14        47.6415        -50.6772       0.963258       0.0136808      -0.122779      0.766339       0.105934       197.774        -122.14        47.6415        202.689        -50.5998       0              0              0              0.996522       0              nan            47.6405        
268.907        -122.14        47.6415        -50.6772       0.98677        0.0115288      -0.125488      0.759611       0.0976442      198.68         -122.14        47.6415        203.673        -50.5998       0              0              0              0.99652        0              nan            47.6404        
269.892        -122.14        47.6415        -50.6753       0.999484       0.0144833      -0.121293      0.754878       0.085766       199.581        -122.14        47.6415        204.657        -50.5998       0              0              0              0.996518       0              nan            47.6404        
270.883        -122.14        47.6415        -50.6802       1.00795        0.0355501      -0.118619      0.750821       0.075979       200.484        -122.14        47.6415        205.641        -50.5998       0              0              0              0.996517       0              nan            47.6403        
271.877        -122.14        47.6415        -50.6826       1.02675        0.0507376      -0.116328      0.740701       0.0673397      201.383        -122.14        47.6415        206.646        -50.5998       0              0              0              0.996514       0              nan            47.6403        
272.847        -122.14        47.6415        -50.6872       1.0421         0.0602619      -0.115081      0.740942       0.0584075      202.261        -122.14        47.6415        207.609        -50.5998       0              0              0              0.996512       0              nan            47.6403        
273.832        -122.14        47.6415        -50.6946       1.04707        0.0746452      -0.120665      0.740564       0.0557422      203.151        -122.14        47.6415        208.593        -50.5998       0              0              0              0.996511       0              nan            47.6402        
274.831        -122.14        47.6415        -50.6893       1.06758        0.0800561      -0.120061      0.743897       0.0568274      204.054        -122.14        47.6415        209.577        -50.5998       0              0              0              0.996509       0              nan            47.6402        
275.803        -122.14        47.6415        -50.6887       1.08382        0.0967945      -0.116442      0.739296       0.0468701      204.938        -122.14        47.6415        210.54         -50.5998       0              0              0              0.996507       0              nan            47.6402        
276.789        -122.14        47.6415        -50.6863       1.09591        0.0932431      -0.109674      0.736414       0.0383464      205.829        -122.14        47.6415        211.524        -50.5998       0              0              0              0.996505       0              nan            47.6401        
277.772        -122.14        47.6415        -50.6716       1.11334        0.0942088      -0.103807      0.724576       0.033748       206.713        -122.14        47.6415        212.508        -50.5998       0              0              0              0.996504       0              nan            47.6401        
278.781        -122.14        47.6415        -50.6721       1.11831        0.110678       -0.100327      0.720464       0.0311862      207.611        -122.14        47.6415        213.513        -50.5998       0              0              0              0.996502       0              nan            47.64          
279.758        -122.14        47.6415        -50.6639       1.11363        0.118748       -0.0895577     0.71252        0.0210265      208.482        -122.14        47.6415        214.497        -50.5998       0              0              0              0.996499       0              nan            47.64          
280.727        -122.14        47.6415        -50.6723       1.13352        0.114955       -0.0777278     0.712015       0.0161018      209.341        -122.14        47.6415        215.46         -50.5998       0              0              0              0.996498       0              nan            47.6399        
281.712        -122.14        47.6415        -50.6782       1.14734        0.123868       -0.0653034     0.703183       0.0035594      210.209        -122.14        47.6415        216.444        -50.5998       0              0              0              0.996496       0              nan            47.6399        
282.697        -122.14        47.6415        -50.6772       1.15369        0.121726       -0.0492119     0.704769       0.00403643     211.075        -122.14        47.6415        217.428        -50.5998       0              0              0              0.996494       0              117.01         47.6399        
283.697        -122.14        47.6415        -50.6783       1.15832        0.129898       -0.033641      -0.491914      -0.00150622    211.359        -122.14        47.6415        218.091        -50.5998       0              0              0              -0.334868      0              nan            47.6398        
284.667        -122.14        47.6415        -50.6736       1.17186        0.14086        -0.0254618     -0.275071      0.000448595    211.207        -122.14        47.6415        217.977        -50.5998       0              0              0              -0.000649253   0              nan            47.6398        
285.652        -122.14        47.6415        -50.6767       1.17454        0.144429       -0.0171015     -0.273382      -0.000495742   211.125        -122.14        47.6415        217.995        -50.5998       0              0              0              0.0209255      0              nan            47.6397        
286.637        -122.14        47.6415        -51.3102       -8.23937       -11.0213       0.97688        0.225283       -0.166001      211.201        -122.14        47.6415        218.057        -51.3642       -11.3572       -9.38988       0.458585       0.50946        -0.000551667   nan            47.6397        
287.622        -122.14        47.6415        -50.4313       -1.55258       -3.03043       2.39418        -0.260152      -0.385766      211.297        -122.14        47.6415        218.354        -50.4314       -3.54498       -2.87542       2.2659         0.0590777      0.00828461     nan            47.6396        
288.608        -122.14        47.6415        -50.3626       0.579248       -0.441301      2.72864        -0.290324      -0.404986      211.205        -122.14        47.6415        218.363        -50.3406       -0.987441      -0.774429      2.80083        -0.00827199    0.00520694     nan            47.6396        
289.612        -122.14        47.6415        -50.3633       1.07556        0.165245       2.75201        -0.289438      -0.361402      211.103        -122.14        47.6415        218.356        -50.3342       -0.383255      -0.278063      2.92518        -0.00643139    0.00466036     nan            47.6396        
290.577        -122.14        47.6416        -50.3567       1.19514        0.279105       2.71969        -0.290935      -0.303458      211.012        -122.14        47.6416        218.351        -50.3339       -0.252243      -0.169233      2.95324        -0.00432991    0.00469124     nan            47.6396        
291.562        -122.14        47.6416        -50.3491       1.24474        0.301387       2.67477        -0.2931        -0.241324      210.913        -122.14        47.6416        218.347        -50.3338       -0.221224      -0.143153      2.95989        -0.00348279    0.00473809     nan            47.6395        
292.547        -122.14        47.6416        -50.3417       1.26608        0.311082       2.62919        -0.297364      -0.173473      210.812        -122.14        47.6416        218.344        -50.3338       -0.214173      -0.137151      2.9614         -0.0031834     0.00475783     nan            47.6395        
293.532        -122.14        47.6416        -50.3375       1.29674        0.314116       2.58578        -0.30095       -0.110447      210.707        -122.14        47.6416        218.342        -50.3338       -0.212575      -0.135777      2.96174        -0.00308036    0.00476448     nan            47.6395        
294.517        -122.14        47.6417        -50.3451       1.31432        0.319509       2.54484        -0.306393      -0.0331715     210.6          -122.14        47.6417        218.339        -50.3338       -0.212239      -0.135468      2.96182        -0.00304449    0.00476634     nan            47.6394        
295.502        -122.14        47.6417        -50.3552       1.32764        0.316231       2.50943        -0.306097      0.0366892      210.493        -122.14        47.6417        218.337        -50.3338       -0.212239      -0.135473      2.96182        -0.00303299    0.00476565     nan            47.6394        
296.487        -122.14        47.6417        -50.3477       1.35166        0.308112       2.48603        -0.30708       0.0994723      210.387        -122.14        47.6417        218.334        -50.3338       -0.212239      -0.135474      2.96182        -0.00302932    0.00476556     nan            47.6393        
297.479        -122.14        47.6417        -50.3432       1.36665        0.284277       2.48056        -0.317631      0.150665       210.273        -122.14        47.6417        218.332        -50.3338       -0.21224       -0.135473      2.96182        -0.00302799    0.0047657      nan            47.6393        
298.475        -122.14        47.6418        -50.346        1.38554        0.2933         2.46791        -0.316535      0.205828       210.155        -122.14        47.6418        218.329        -50.3338       -0.21224       -0.135473      2.96182        -0.00302806    0.00476543     nan            47.6393        
299.448        -122.14        47.6418        -50.3552       1.41561        0.3075         2.4616         -0.323846      0.249219       210.045        -122.14        47.6418        218.327        -50.3338       -0.21224       -0.135475      2.96182        -0.0030277     0.00476513     nan            47.6392        
300.427        -122.14        47.6418        -50.353        1.44105        0.312255       2.45961        -0.328173      0.285731       209.928        -122.14        47.6418        218.325        -50.3338       -0.212229      -0.135468      2.96182        -0.00302774    0.00476557     nan            47.6392        
301.412        -122.14        47.6418        -50.3606       1.46652        0.335774       2.46709        -0.336626      0.322335       209.802        -122.14        47.6418        218.322        -50.3338       -0.212227      -0.135465      2.96182        -0.00302739    0.00476606     nan            47.6391        
302.414        -122.14        47.6419        -50.3541       1.50901        0.34529        2.47522        -0.338608      0.353816       209.668        -122.14        47.6419        218.32         -50.3338       -0.212225      -0.135461      2.96182        -0.00302739    0.00476611     nan            47.6391        
303.382        -122.14        47.6419        -50.3589       1.54347        0.363458       2.48315        -0.339847      0.378833       209.544        -122.14        47.6419        218.317        -50.3338       -0.212224      -0.135457      2.96182        -0.00302712    0.00476586     nan            47.639         
304.367        -122.14        47.6419        -50.3507       1.58314        0.37884        2.49321        -0.339719      0.396102       209.414        -122.14        47.6419        218.315        -50.3338       -0.212224      -0.135467      2.96182        -0.00302714    0.00476627     nan            47.639         
305.353        -122.14        47.6419        -50.3482       1.62538        0.401888       2.50849        -0.348498      0.412439       209.282        -122.14        47.6419        218.312        -50.3338       -0.212224      -0.135462      2.96182        -0.00302724    0.00476705     nan            47.6389        
306.337        -122.14        47.642         -50.35         1.66554        0.417672       2.52612        -0.353962      0.423323       209.146        -122.14        47.642         218.31         -50.3338       -0.212224      -0.135452      2.96182        -0.00302724    0.00476673     nan            47.6389        
307.322        -122.14        47.642         -50.3469       1.70372        0.439045       2.5448         -0.361279      0.422105       209.007        -122.14        47.642         218.307        -50.3338       -0.212225      -0.135467      2.96182        -0.00302683    0.00476572     nan            47.6388        
308.325        -122.14        47.642         -50.3504       1.72767        0.474517       2.56422        -0.358602      0.4171         208.859        -122.14        47.642         218.305        -50.3338       -0.212224      -0.13546       2.96182        -0.00302688    0.00476585     nan            47.6388        
309.293        -122.14        47.642         -50.3504       1.74253        0.494349       2.59033        -0.358592      0.412234       208.727        -122.14        47.6421        218.302        -50.3338       -0.212224      -0.135461      2.96182        -0.00302645    0.00476592     nan            47.6387        
310.277        -122.14        47.6421        -50.3538       1.75805        0.532964       2.62118        -0.362252      0.403516       208.588        -122.14        47.6421        218.3          -50.3338       -0.212223      -0.135466      2.96182        -0.00302645    0.00476589     nan            47.6387        
311.262        -122.14        47.6421        -50.355        1.79743        0.558189       2.64472        -0.364228      0.390602       208.448        -122.14        47.6421        218.297        -50.3338       -0.212223      -0.135464      2.96182        -0.00302627    0.00476622     nan            47.6386        
312.247        -122.14        47.6421        -50.3509       1.81204        0.584542       2.67599        -0.365477      0.375286       208.308        -122.14        47.6421        218.295        -50.3338       -0.212223      -0.135468      2.96182        -0.00302602    0.0047669      nan            47.6385        
313.232        -122.14        47.6421        -50.3563       1.84171        0.623081       2.70887        -0.371895      0.357431       208.165        -122.14        47.6422        218.292        -50.3338       -0.212223      -0.135468      2.96182        -0.00302617    0.0047678      nan            47.6385        
314.217        -122.14        47.6422        -50.3475       1.86541        0.659689       2.74909        -0.384127      0.341069       208.017        -122.14        47.6422        218.29         -50.3338       -0.212223      -0.135468      2.96182        -0.00302598    0.00476872     nan            47.6384        
315.203        -122.14        47.6422        -50.3276       1.89297        0.691409       2.78464        -0.385727      0.32409        207.863        -122.14        47.6422        218.287        -50.3338       -0.212223      -0.135468      2.96182        -0.00302622    0.00476964     nan            47.6383        
316.203        -122.14        47.6422        -50.3268       1.92761        0.714035       2.81495        -0.38412       0.308354       207.705        -122.14        47.6422        218.285        -50.3338       -0.212223      -0.135468      2.96182        -0.00302619    0.00477052     nan            47.6383        
317.177        -122.14        47.6423        -50.3367       1.96168        0.741639       2.85922        -0.389284      0.287675       207.558        -122.14        47.6423        218.282        -50.3338       -0.212237      -0.135469      2.96182        -0.0030262     0.00477053     nan            47.6382        
318.157        -122.14        47.6423        -50.3322       1.98857        0.764857       2.89343        -0.387179      0.260468       207.408        -122.14        47.6423        218.28         -50.3338       -0.212231      -0.135469      2.96182        -0.00302613    0.00477031     nan            47.6381        
319.142        -122.14        47.6423        -50.3177       2.01427        0.799878       2.93086        -0.39053       0.234905       207.257        -122.14        47.6423        218.278        -50.3338       -0.212232      -0.135452      2.96182        -0.00302611    0.00476989     nan            47.638         
320.127        -122.14        47.6423        -50.32         2.03994        0.847265       2.9629         -0.393304      0.20956        207.105        -122.14        47.6423        218.275        -50.3338       -0.21223       -0.135449      2.96182        -0.00302624    0.00476751     nan            47.6379        
321.112        -122.14        47.6424        -50.3128       2.06945        0.875869       2.98685        -0.39302       0.189131       206.953        -122.14        47.6424        218.273        -50.3338       -0.212229      -0.135467      2.96182        -0.00302618    0.00476565     nan            47.6379        
322.097        -122.14        47.6424        -50.2997       2.08416        0.918831       3.01197        -0.395937      0.165087       206.802        -122.14        47.6424        218.27         -50.3338       -0.212229      -0.135469      2.96182        -0.00302623    0.00476578     nan            47.6378        
323.098        -122.14        47.6424        -50.2931       2.11033        0.953122       3.0405         -0.396678      0.144183       206.643        -122.14        47.6424        218.268        -50.3338       -0.212228      -0.135467      2.96182        -0.00302626    0.00476615     nan            47.6377        
324.087        -122.14        47.6424        -50.2889       2.12816        0.991841       3.06156        -0.395754      0.12301        206.492        -122.14        47.6424        218.265        -50.3338       -0.212238      -0.135469      2.96182        -0.00302613    0.0047664      nan            47.6376        
325.057        -122.14        47.6425        -50.2931       2.15063        1.02355        3.08254        -0.400065      0.107309       206.35         -122.14        47.6425        218.263        -50.3338       -0.21224       -0.135473      2.96182        -0.00302609    0.00476586     nan            47.6375        
326.044        -122.14        47.6425        -50.2965       2.17324        1.0454         3.09645        -0.406854      0.0873217      206.197        -122.14        47.6425        218.26         -50.3338       -0.212236      -0.135473      2.96182        -0.00302618    0.00476571     nan            47.6374        
327.031        -122.14        47.6425        -50.2838       2.20068        1.09563        3.11426        -0.404088      0.069227       206.044        -122.14        47.6425        218.258        -50.3338       -0.212231      -0.135467      2.96182        -0.00302618    0.00476572     nan            47.6373        
328.007        -122.14        47.6426        -50.2896       2.20527        1.12775        3.11632        -0.410432      0.0555165      205.895        -122.14        47.6426        218.255        -50.3338       -0.212229      -0.135468      2.96182        -0.0030262     0.00476593     nan            47.6373        
328.992        -122.14        47.6426        -50.2773       2.21108        1.1511         3.13186        -0.413101      0.0363211      205.739        -122.14        47.6426        218.253        -50.3338       -0.212225      -0.135465      2.96182        -0.00302619    0.00476639     nan            47.6372        
329.996        -122.14        47.6426        -50.2641       2.20916        1.17927        3.13827        -0.418758      0.0229317      205.572        -122.14        47.6426        218.251        -50.3338       -0.212221      -0.135467      2.96182        -0.00302619    0.00476699     nan            47.6371        
330.962        -122.14        47.6426        -50.2424       2.21255        1.20913        3.14757        -0.430209      0.0104468      205.417        -122.14        47.6426        218.248        -50.3338       -0.212217      -0.135469      2.96182        -0.00302619    0.00476818     nan            47.637         
331.949        -122.14        47.6427        -50.24         2.21364        1.23547        3.1537         -0.434229      0.00545166     205.246        -122.14        47.6427        218.246        -50.3338       -0.212216      -0.135468      2.96182        -0.00302457    0.00477002     nan            47.6369        
332.932        -122.14        47.6427        -50.2238       2.2237         1.2648         3.1556         -0.44041       0.00117042     205.074        -122.14        47.6427        218.243        -50.3338       -0.212237      -0.135468      2.96182        -0.00302591    0.00477064     nan            47.6368        
333.917        -122.14        47.6427        -50.2147       2.2411         1.30172        3.15601        -0.444423      -0.00245517    204.899        -122.14        47.6427        218.241        -50.3338       -0.212233      -0.135468      2.96182        -0.00302622    0.0047703      nan            47.6366        
334.908        -122.14        47.6427        -50.2045       2.24649        1.31286        3.15515        -0.441866      -0.00913739    204.722        -122.14        47.6427        218.238        -50.3338       -0.212229      -0.135466      2.96182        -0.0030259     0.00477026     nan            47.6365        
335.9          -122.14        47.6428        -50.2016       2.26391        1.3271         3.15006        -0.444453      -0.0136414     204.547        -122.14        47.6428        218.236        -50.3338       -0.212226      -0.135458      2.96182        -0.00302622    0.00477004     nan            47.6364        
336.887        -122.14        47.6428        -50.1944       2.27075        1.34747        3.14754        -0.450814      -0.0169838     204.371        -122.14        47.6428        218.234        -50.3338       -0.212222      -0.13545       2.96182        -0.00302607    0.0047692      nan            47.6363        
337.861        -122.14        47.6428        -50.1813       2.27545        1.36771        3.15622        -0.457049      -0.0249504     204.198        -122.14        47.6428        218.231        -50.3338       -0.212218      -0.135446      2.96182        -0.00302622    0.00476776     nan            47.6362        
338.842        -122.14        47.6428        -50.1678       2.30064        1.39077        3.15584        -0.463468      -0.0273434     204.015        -122.14        47.6428        218.229        -50.3338       -0.212216      -0.135445      2.96182        -0.00302613    0.00476642     nan            47.6361        
339.827        -122.14        47.6429        -50.1692       2.31022        1.40973        3.15416        -0.465384      -0.0393347     203.828        -122.14        47.6429        218.226        -50.3338       -0.212223      -0.135461      2.96182        -0.00302614    0.00476605     nan            47.636         
340.812        -122.14        47.6429        -50.1778       2.32106        1.41891        3.15191        -0.469312      -0.0495839     203.642        -122.14        47.6429        218.224        -50.3338       -0.212228      -0.135467      2.96182        -0.0030263     0.00476571     nan            47.6358        
341.797        -122.14        47.6429        -50.1668       2.33362        1.4382         3.14686        -0.471405      -0.0587356     203.454        -122.14        47.6429        218.221        -50.3338       -0.212228      -0.135468      2.96182        -0.00302631    0.00476612     nan            47.6357        
342.782        -122.14        47.643         -50.151        2.34439        1.45587        3.14172        -0.473988      -0.0637947     203.269        -122.14        47.6429        218.219        -50.3338       -0.212231      -0.13547       2.96182        -0.00302621    0.0047666      nan            47.6356        
343.767        -122.14        47.643         -50.1394       2.35138        1.48355        3.13432        -0.479742      -0.0715194     203.082        -122.14        47.643         218.216        -50.3338       -0.212237      -0.135469      2.96182        -0.00302616    0.00476665     nan            47.6355        
344.752        -122.14        47.643         -50.1353       2.36007        1.49921        3.13214        -0.482463      -0.0681193     202.89         -122.14        47.643         218.214        -50.3338       -0.21224       -0.135465      2.96182        -0.00302619    0.00476607     nan            47.6353        
345.737        -122.14        47.643         -50.1239       2.38274        1.524          3.12794        -0.48841       -0.0704825     202.697        -122.14        47.643         218.212        -50.3338       -0.212234      -0.135474      2.96182        -0.00302616    0.00476552     nan            47.6352        
346.726        -122.14        47.6431        -50.1224       2.39069        1.53785        3.11775        -0.496835      -0.0737396     202.501        -122.14        47.6431        218.209        -50.3338       -0.212235      -0.135468      2.96182        -0.00302618    0.00476572     nan            47.6351        
347.714        -122.14        47.6431        -50.1315       2.40139        1.57319        3.10928        -0.50916       -0.0799706     202.296        -122.14        47.6431        218.207        -50.3338       -0.21224       -0.135472      2.96182        -0.00302618    0.0047657      nan            47.6349        
348.692        -122.14        47.6431        -50.1292       2.39353        1.60325        3.09101        -0.510005      -0.088027      202.092        -122.14        47.6431        218.204        -50.3338       -0.212239      -0.135473      2.96182        -0.00302615    0.0047657      nan            47.6348        
349.677        -122.14        47.6431        -50.1099       2.39613        1.62349        3.07638        -0.512688      -0.0784186     201.883        -122.14        47.6431        218.202        -50.3338       -0.212239      -0.135473      2.96182        -0.00302613    0.00476569     nan            47.6347        
350.662        -122.14        47.6432        -50.1056       2.4054         1.63777        3.06607        -0.515411      -0.0746314     201.674        -122.14        47.6432        218.2          -50.3338       -0.212235      -0.135474      2.96182        -0.00302615    0.00476572     nan            47.6345        
351.661        -122.14        47.6432        -50.1065       2.41918        1.65548        3.05163        -0.521692      -0.0763324     201.457        -122.14        47.6432        218.197        -50.3338       -0.212231      -0.135473      2.96182        -0.00302616    0.00476573     nan            47.6344        
352.635        -122.14        47.6432        -50.1068       2.42895        1.65936        3.03985        -0.529923      -0.0816871     201.249        -122.14        47.6432        218.195        -50.3338       -0.212228      -0.135467      2.96182        -0.00302612    0.00476596     nan            47.6342        
353.625        -122.14        47.6432        -50.1069       2.4345         1.67837        3.02029        -0.538306      -0.0854178     201.027        -122.14        47.6432        218.192        -50.3338       -0.212226      -0.135468      2.96182        -0.00302612    0.00476657     nan            47.6341        
354.614        -122.14        47.6433        -50.1048       2.43757        1.68186        3.01101        -0.546831      -0.0852152     200.802        -122.14        47.6433        218.19         -50.3338       -0.212227      -0.135469      2.96182        -0.00302622    0.00476729     nan            47.6339        
355.592        -122.14        47.6433        -50.1117       2.44581        1.69873        3.00222        -0.553952      -0.0859866     200.576        -122.14        47.6433        218.187        -50.3338       -0.212227      -0.135463      2.96182        -0.0030262     0.00476779     nan            47.6338        
356.584        -122.14        47.6433        -50.1101       2.45463        1.70478        2.99901        -0.561185      -0.0812436     200.339        -122.14        47.6433        218.185        -50.3338       -0.212227      -0.135467      2.96182        -0.00302608    0.00476789     nan            47.6336        
357.557        -122.14        47.6433        -50.1217       2.45733        1.73029        2.98738        -0.572697      -0.0777577     200.105        -122.14        47.6433        218.183        -50.3338       -0.212226      -0.135457      2.96182        -0.00302613    0.00476812     nan            47.6334        
358.557        -122.14        47.6434        -50.1263       2.46685        1.74702        2.97525        -0.572935      -0.0703913     199.858        -122.14        47.6434        218.18         -50.3338       -0.212224      -0.135453      2.96182        -0.00302621    0.00476732     nan            47.6333        
359.528        -122.14        47.6434        -50.1359       2.47037        1.75059        2.97008        -0.573521      -0.0639233     199.625        -122.14        47.6434        218.178        -50.3338       -0.212222      -0.135449      2.96182        -0.00302621    0.00476622     nan            47.6331        
360.512        -122.14        47.6434        -50.1359       2.47856        1.76943        2.96339        -0.580925      -0.0615609     199.385        -122.14        47.6434        218.175        -50.3338       -0.212221      -0.13546       2.96182        -0.00302614    0.00476616     nan            47.6329        
361.519        -122.14        47.6434        -50.1438       2.47398        1.76949        2.95202        -0.585796      -0.0628013     199.13         -122.14        47.6434        218.173        -50.3338       -0.212219      -0.135452      2.96182        -0.00302615    0.0047659      nan            47.6328        
362.493        -122.14        47.6435        -50.1455       2.48235        1.77403        2.95311        -0.591781      -0.0580477     198.891        -122.14        47.6435        218.171        -50.3338       -0.212218      -0.135458      2.96182        -0.00302616    0.00476652     nan            47.6326        
363.471        -122.14        47.6435        -50.1504       2.48486        1.7876         2.9479         -0.596449      -0.0552003     198.651        -122.14        47.6435        218.168        -50.3338       -0.212216      -0.135447      2.96182        -0.00302617    0.00476636     nan            47.6324        
364.452        -122.14        47.6435        -50.1438       2.48836        1.79917        2.94144        -0.604253      -0.0510216     198.403        -122.14        47.6435        218.166        -50.3338       -0.212215      -0.135463      2.96182        -0.0030262     0.00476611     nan            47.6322        
365.437        -122.14        47.6435        -50.1452       2.49191        1.8159         2.94042        -0.602396      -0.0456096     198.152        -122.14        47.6435        218.163        -50.3338       -0.212216      -0.135454      2.96182        -0.00302596    0.00476693     nan            47.6321        
366.422        -122.14        47.6436        -50.1427       2.50507        1.82482        2.93985        -0.609032      -0.0427369     197.905        -122.14        47.6436        218.161        -50.3338       -0.212216      -0.135454      2.96182        -0.00302623    0.00476693     76.2669        47.6319        
367.407        -122.14        47.6436        -50.1501       2.51461        1.83389        2.944          -0.615782      -0.0338745     197.653        -122.14        47.6436        218.159        -50.3338       -0.212216      -0.135454      2.96182        -0.00302592    0.00476693     133.879        47.6317        
368.392        -122.14        47.6436        -50.1465       2.51415        1.84937        2.94415        -0.617927      -0.0335532     197.401        -122.14        47.6436        218.156        -50.3338       -0.212216      -0.135454      2.96182        -0.00302622    0.00476693     nan            47.6315        
369.377        -122.14        47.6437        -50.1473       2.51316        1.84622        2.95109        -0.62091       -0.0222701     197.147        -122.14        47.6437        218.154        -50.3338       -0.212216      -0.135454      2.96182        -0.00302589    0.00476693     nan            47.6313        
370.362        -122.14        47.6437        -72.3895       9.2764         13.4387        1.31066        -0.683309      0.0167842      197.072        -122.14        47.6437        218.314        -72.4356       11.0957        7.14311        1.80492        0.296384       -0.13169       nan            47.6311        
371.347        -122.14        47.6437        -114.354       -7.32901       2.44318        0.323408       -0.81438       0.448601       196.621        -122.14        47.6437        218.238        -114.954       0.222004       -8.11691       0.388824       -0.120737      -0.218419      nan            47.6309        
372.332        -122.14        47.6437        -142.536       3.59117        5.50453        -0.0432436     -0.685917      0.876615       196.239        -122.14        47.6437        218.161        -142.733       3.93486        3.33458        -0.196085      0.0570299      0.570249       nan            47.6307        
373.317        -122.14        47.6437        -143.427       2.17878        3.00989        -0.104929      -0.744915      0.149048       195.896        -122.14        47.6437        218.174        -143.631       1.43103        1.9273         -0.157992      -0.0163359     -0.187928      nan            47.6304        
374.302        -122.14        47.6437        -144.432       -9.8967        -12.1506       0.192405       -0.0336118     1.04278        195.76         -122.14        47.6437        218.218        -144.901       -13.7055       -10.0034       0.00457448     0.630589       0.0643695      nan            47.6302        
375.287        -122.14        47.6437        -143.344       -2.93676       -2.5696        0.492279       -0.706535      2.62274        195.689        -122.14        47.6437        218.63         -143.704       -4.20221       -3.0653        -0.00501113    0.0862419      2.1685         nan            47.63          
376.273        -122.14        47.6437        -143.273       -0.657949      0.532207       0.547319       -0.762779      2.99808        195.346        -122.14        47.6437        218.648        -143.588       -1.14623       -0.799821      -0.00556386    -0.00682182    2.7772         nan            47.6298        
377.258        -122.14        47.6437        -143.27        -0.136118      1.28506        0.533988       -0.765246      3.03245        194.992        -122.14        47.6437        218.64         -143.58        -0.439519      -0.274912      -0.00603564    -0.0063976     2.91909        nan            47.6295        
378.242        -122.14        47.6437        -143.272       -0.017174      1.48586        0.489422       -0.765063      2.98278        194.642        -122.14        47.6437        218.635        -143.579       -0.27887       -0.153788      -0.00637653    -0.00434327    2.9511         nan            47.6293        
379.227        -122.14        47.6437        -143.28        0.00659392     1.55019        0.435349       -0.763137      2.91842        194.297        -122.14        47.6437        218.632        -143.579       -0.242223      -0.125693      -0.00651673    -0.00348204    2.95867        nan            47.629         
380.212        -122.14        47.6437        -143.266       0.0161513      1.5843         0.38081        -0.764165      2.8624         193.957        -122.14        47.6437        218.629        -143.579       -0.233921      -0.119223      -0.00656254    -0.00317712    2.96038        nan            47.6288        
381.197        -122.14        47.6437        -143.265       0.0146225      1.6177         0.323049       -0.77195       2.80764        193.621        -122.14        47.6437        218.627        -143.579       -0.232038      -0.117732      -0.00657583    -0.00307125    2.96077        nan            47.6286        
382.183        -122.14        47.6437        -143.272       0.00414037     1.64987        0.250293       -0.778642      2.74569        193.28         -122.14        47.6437        218.624        -143.579       -0.231611      -0.117382      -0.0065796     -0.00303548    2.96087        nan            47.6283        
383.174        -122.14        47.6437        -143.279       0.0144399      1.67691        0.192348       -0.784906      2.68954        192.932        -122.14        47.6437        218.622        -143.579       -0.231604      -0.117378      -0.00658047    -0.00302292    2.96087        nan            47.6281        
384.152        -122.14        47.6437        -143.274       0.0217989      1.7007         0.130938       -0.781912      2.63552        192.599        -122.14        47.6437        218.619        -143.579       -0.231596      -0.117373      -0.00658138    -0.00301888    2.96087        76.4806        47.6278        
385.141        -122.14        47.6437        -143.283       0.0136604      1.71235        0.0659317      -0.788584      2.58381        192.261        -122.14        47.6437        218.617        -143.579       -0.231588      -0.117368      -0.00658238    -0.00301759    2.96087        nan            47.6276        
386.129        -122.14        47.6437        -143.292       0.0178658      1.7279         0.00877429     -0.792845      2.53171        191.924        -122.14        47.6437        218.614        -143.579       -0.231607      -0.117365      -0.00658331    -0.00301746    2.96087        nan            47.6273        
387.11         -122.14        47.6437        -143.296       0.0225834      1.74115        -0.0458538     -0.79596       2.48515        191.595        -122.14        47.6437        218.612        -143.579       -0.231597      -0.117366      -0.00658247    -0.0030174     2.96087        nan            47.627         
388.099        -122.14        47.6437        -143.288       0.034938       1.74474        -0.10191       -0.802684      2.44554        191.258        -122.14        47.6437        218.609        -143.579       -0.231591      -0.117367      -0.00658258    -0.00301705    2.96087        nan            47.6268        
389.077        -122.14        47.6437        -143.304       0.0393464      1.7472         -0.146055      -0.805825      2.40522        190.93         -122.14        47.6437        218.607        -143.579       -0.231609      -0.117372      -0.00658332    -0.00301708    2.96087        nan            47.6265        
390.063        -122.14        47.6437        -143.305       0.0455977      1.74065        -0.186999      -0.807621      2.37434        190.597        -122.14        47.6437        218.604        -143.579       -0.23161       -0.11737       -0.00658248    -0.00301668    2.96087        nan            47.6262        
391.059        -122.14        47.6437        -143.323       0.0506316      1.72896        -0.222357      -0.804969      2.35345        190.263        -122.14        47.6437        218.602        -143.579       -0.231608      -0.117375      -0.0065819     -0.00301668    2.96087        nan            47.6259        
392.032        -122.14        47.6437        -143.33        0.0468749      1.72151        -0.256268      -0.809442      2.33586        189.951        -122.139       47.6437        218.599        -143.579       -0.231606      -0.11738       -0.00658222    -0.00301639    2.96087        nan            47.6257        
393.017        -122.139       47.6437        -143.336       0.0589579      1.71783        -0.283204      -0.81148       2.32498        189.631        -122.139       47.6437        218.597        -143.579       -0.231612      -0.117382      -0.00658334    -0.00301641    2.96087        nan            47.6254        
394.002        -122.139       47.6437        -143.342       0.0642846      1.69425        -0.309024      -0.812718      2.32185        189.315        -122.139       47.6437        218.594        -143.579       -0.231613      -0.117368      -0.00658365    -0.00301605    2.96087        nan            47.6251        
394.987        -122.139       47.6437        -143.35        0.0857831      1.69014        -0.320461      -0.806649      2.32371        189.005        -122.139       47.6437        218.592        -143.579       -0.23161       -0.117371      -0.00658308    -0.00301605    2.96087        nan            47.6248        
395.972        -122.139       47.6437        -143.347       0.092762       1.66031        -0.335119      -0.807242      2.33098        188.705        -122.139       47.6437        218.589        -143.579       -0.231609      -0.117375      -0.00658254    -0.00301614    2.96087        nan            47.6245        
396.957        -122.139       47.6437        -143.357       0.0978796      1.64695        -0.339081      -0.809915      2.34764        188.406        -122.139       47.6437        218.587        -143.579       -0.231603      -0.117372      -0.00658232    -0.0030161     2.96087        nan            47.6242        
397.945        -122.139       47.6437        -143.363       0.116524       1.62784        -0.346592      -0.812029      2.36334        188.11         -122.139       47.6437        218.584        -143.579       -0.231601      -0.11737       -0.00658259    -0.00301573    2.96087        nan            47.6239        
398.927        -122.139       47.6437        -143.373       0.12696        1.60482        -0.349426      -0.818499      2.38259        187.816        -122.139       47.6437        218.582        -143.579       -0.231602      -0.117368      -0.0065826     -0.00301573    2.96087        nan            47.6237        
399.93         -122.139       47.6437        -143.389       0.13439        1.58705        -0.348401      -0.814082      2.4041         187.51         -122.139       47.6437        218.579        -143.579       -0.231603      -0.117366      -0.00658226    -0.00301556    2.96087        nan            47.6233        
400.897        -122.139       47.6437        -143.39        0.155482       1.57074        -0.343128      -0.815489      2.43155        187.237        -122.139       47.6437        218.577        -143.579       -0.231603      -0.117364      -0.00658159    -0.00301556    2.96087        nan            47.623         
401.893        -122.139       47.6437        -143.395       0.164326       1.56155        -0.337388      -0.824532      2.46048        186.943        -122.139       47.6437        218.575        -143.579       -0.231604      -0.117362      -0.00658059    -0.00301545    2.96087        nan            47.6227        
402.867        -122.139       47.6437        -143.392       0.179307       1.55005        -0.335071      -0.828693      2.48947        186.664        -122.139       47.6437        218.572        -143.579       -0.231605      -0.11736       -0.00657931    -0.00301545    2.96087        nan            47.6224        
403.852        -122.139       47.6437        -143.401       0.198797       1.52531        -0.327068      -0.832378      2.52292        186.378        -122.139       47.6437        218.57         -143.579       -0.231604      -0.117373      -0.00657901    -0.00301541    2.96087        nan            47.6221        
404.838        -122.139       47.6437        -143.414       0.230159       1.52408        -0.318226      -0.835065      2.55456        186.092        -122.139       47.6437        218.567        -143.579       -0.231602      -0.117372      -0.00657874    -0.00301519    2.96087        nan            47.6218        
405.823        -122.139       47.6437        -143.424       0.251486       1.52685        -0.298894      -0.839791      2.58846        185.807        -122.139       47.6437        218.565        -143.579       -0.231599      -0.117366      -0.00657945    -0.00301543    2.96087        nan            47.6215        
406.821        -122.139       47.6437        -143.445       0.247558       1.51371        -0.290849      -0.83996       2.62384        185.515        -122.139       47.6437        218.562        -143.579       -0.231598      -0.11736       -0.00657885    -0.00301527    2.96087        nan            47.6212        
407.792        -122.139       47.6437        -143.454       0.275117       1.50324        -0.283059      -0.846613      2.65135        185.247        -122.139       47.6437        218.56         -143.579       -0.231596      -0.117364      -0.00657911    -0.00301546    2.96087        nan            47.6208        
408.777        -122.139       47.6437        -143.467       0.297623       1.48708        -0.273469      -0.845049      2.68106        184.967        -122.139       47.6437        218.557        -143.579       -0.231595      -0.117362      -0.00657866    -0.00301539    2.96087        nan            47.6205        
409.762        -122.139       47.6437        -143.481       0.318789       1.47013        -0.263505      -0.852285      2.70939        184.693        -122.139       47.6437        218.555        -143.579       -0.231597      -0.117367      -0.00657926    -0.00301544    2.96087        nan            47.6202        
410.747        -122.139       47.6437        -143.486       0.34701        1.45853        -0.24985       -0.859381      2.73754        184.417        -122.139       47.6437        218.552        -143.579       -0.231598      -0.117366      -0.00657919    -0.00301547    2.96087        nan            47.6198        
411.732        -122.139       47.6437        -143.495       0.366837       1.45235        -0.234851      -0.859738      2.76749        184.142        -122.139       47.6437        218.55         -143.579       -0.231596      -0.117372      -0.00657952    -0.00301547    2.96087        nan            47.6195        
412.717        -122.139       47.6437        -143.511       0.386394       1.43209        -0.22186       -0.851764      2.79546        183.873        -122.139       47.6437        218.548        -143.579       -0.231594      -0.117379      -0.00658089    -0.00301553    2.96087        nan            47.6192        
413.702        -122.139       47.6437        -143.527       0.414171       1.41508        -0.200279      -0.857346      2.82799        183.613        -122.139       47.6437        218.545        -143.579       -0.231613      -0.117381      -0.00658326    -0.00301553    2.96087        37.134         47.6188        
414.687        -122.139       47.6437        -143.526       0.435849       1.41551        -0.183107      -0.865099      2.8565         183.351        -122.139       47.6437        218.543        -143.579       -0.23161       -0.117379      -0.00658339    -0.00301554    2.96087        nan            47.6185        
415.672        -122.139       47.6437        -143.531       0.459038       1.40447        -0.166969      -0.869167      2.88185        183.088        -122.139       47.6437        218.54         -143.579       -0.231608      -0.117377      -0.00658331    -0.00301551    2.96087        nan            47.6181        
416.657        -122.139       47.6437        -143.551       0.487377       1.40236        -0.142723      -0.872212      2.90521        182.827        -122.139       47.6437        218.538        -143.579       -0.231608      -0.117374      -0.0065833     -0.00301528    2.96087        nan            47.6178        
417.642        -122.138       47.6437        -143.564       0.517265       1.40497        -0.123974      -0.868681      2.92664        182.571        -122.138       47.6437        218.535        -143.579       -0.231609      -0.117369      -0.00658303    -0.00301534    2.96087        nan            47.6174        
418.641        -122.138       47.6437        -143.595       0.528127       1.40706        -0.100977      -0.869869      2.93482        182.308        -122.138       47.6437        218.533        -143.579       -0.231602      -0.117369      -0.00658221    -0.00301537    2.96087        nan            47.617         
419.617        -122.138       47.6437        -143.605       0.545687       1.41448        -0.0779681     -0.875502      2.95097        182.068        -122.138       47.6437        218.53         -143.579       -0.231609      -0.117368      -0.00658216    -0.0030154     2.96087        nan            47.6167        
420.608        -122.138       47.6437        -143.613       0.568919       1.40247        -0.0577564     -0.87674       2.96009        181.813        -122.138       47.6437        218.528        -143.579       -0.231602      -0.117366      -0.00658133    -0.00301545    2.96087        nan            47.6163        
421.582        -122.138       47.6437        -143.629       0.58698        1.39828        -0.0403564     -0.877404      2.96519        181.581        -122.138       47.6437        218.526        -143.579       -0.231594      -0.117365      -0.00658106    -0.00301545    2.96087        nan            47.6159        
422.567        -122.138       47.6437        -143.648       0.594786       1.38178        -0.0202691     -0.879877      2.9786         181.341        -122.138       47.6437        218.523        -143.579       -0.231585      -0.117363      -0.00658142    -0.00301548    2.96087        nan            47.6155        
423.552        -122.138       47.6437        -143.67        0.610615       1.38472        0.00291485     -0.881085      2.99773        181.104        -122.138       47.6437        218.521        -143.579       -0.231586      -0.117365      -0.00658215    -0.00301544    2.96087        nan            47.6152        
424.537        -122.138       47.6437        -143.689       0.629454       1.38065        0.0180102      -0.883285      3.0107         180.869        -122.138       47.6437        218.518        -143.579       -0.231586      -0.117366      -0.00658308    -0.00301549    2.96087        nan            47.6148        
425.522        -122.138       47.6437        -143.7         0.635949       1.3788         0.0268906      -0.883333      3.02151        180.638        -122.138       47.6437        218.516        -143.579       -0.231609      -0.117363      -0.00658257    -0.00301319    2.96087        nan            47.6144        
426.507        -122.138       47.6437        -143.707       0.6576         1.37563        0.038178       -0.881162      3.02684        180.415        -122.138       47.6437        218.513        -143.579       -0.231611      -0.117357      -0.00658083    -0.0030152     2.96087        nan            47.614         
427.499        -122.138       47.6437        -143.719       0.673469       1.37582        0.0519436      -0.878433      3.03391        180.193        -122.138       47.6437        218.511        -143.579       -0.231609      -0.117381      -0.00657846    -0.00301523    2.96087        nan            47.6136        
428.478        -122.138       47.6437        -143.729       0.670505       1.38588        0.0634245      -0.874452      3.04353        179.99         -122.138       47.6437        218.508        -143.579       -0.231606      -0.117374      -0.00657889    -0.00301538    2.96087        nan            47.6132        
429.463        -122.138       47.6437        -143.738       0.68601        1.39998        0.0823366      -0.874351      3.04713        179.786        -122.138       47.6437        218.506        -143.579       -0.231593      -0.117378      -0.00657996    -0.00301517    2.96087        nan            47.6128        
430.447        -122.138       47.6437        -143.757       0.705282       1.42042        0.0857837      -0.873694      3.05199        179.59         -122.138       47.6437        218.504        -143.579       -0.231597      -0.117381      -0.00658196    -0.00301541    2.96087        nan            47.6124        
431.432        -122.138       47.6437        -143.771       0.71887        1.42936        0.104675       -0.86906       3.05278        179.4          -122.138       47.6437        218.501        -143.579       -0.231613      -0.11738       -0.00658362    -0.00301532    2.96087        nan            47.612         
432.417        -122.138       47.6437        -143.79        0.728364       1.44967        0.111749       -0.874519      3.04915        179.212        -122.138       47.6437        218.499        -143.579       -0.231608      -0.117368      -0.00658308    -0.00301541    2.96087        nan            47.6116        
433.402        -122.138       47.6437        -143.802       0.737195       1.46671        0.112068       -0.872785      3.04526        179.027        -122.138       47.6437        218.496        -143.579       -0.231604      -0.117372      -0.0065828     -0.00301551    2.96087        nan            47.6112        
434.387        -122.138       47.6437        -143.806       0.741154       1.47606        0.111525       -0.872871      3.04071        178.848        -122.138       47.6437        218.494        -143.579       -0.23161       -0.117376      -0.00658291    -0.00301551    2.96087        nan            47.6108        
435.372        -122.138       47.6437        -143.812       0.752715       1.48685        0.110096       -0.872565      3.03489        178.674        -122.138       47.6437        218.491        -143.579       -0.231608      -0.117377      -0.00658297    -0.00301545    2.96087        nan            47.6103        
436.357        -122.138       47.6437        -143.844       0.765022       1.50975        0.107964       -0.878424      3.03153        178.501        -122.138       47.6437        218.489        -143.579       -0.231616      -0.117378      -0.00658333    -0.00301542    2.96087        nan            47.6099        
437.343        -122.138       47.6437        -143.858       0.763768       1.51189        0.105127       -0.882377      3.01855        178.326        -122.138       47.6437        218.487        -143.579       -0.231612      -0.117379      -0.0065833     -0.0030154     2.96087        nan            47.6095        
438.342        -122.138       47.6437        -143.856       0.776178       1.51474        0.101649       -0.88582       3.00695        178.141        -122.138       47.6437        218.484        -143.579       -0.231616      -0.117381      -0.00658335    -0.00301535    2.96087        nan            47.6091        
439.312        -122.138       47.6437        -143.88        0.779358       1.5124         0.096455       -0.889639      2.99663        177.98         -122.138       47.6437        218.482        -143.579       -0.231617      -0.117378      -0.00658348    -0.00301538    2.96087        nan            47.6086        
440.297        -122.138       47.6437        -143.9         0.79606        1.51342        0.0874901      -0.890517      2.98782        177.81         -122.138       47.6437        218.479        -143.579       -0.23161       -0.117375      -0.00658331    -0.00301535    2.96087        nan            47.6082        
441.283        -122.138       47.6437        -143.908       0.807394       1.52279        0.0819641      -0.887436      2.97986        177.646        -122.138       47.6437        218.477        -143.579       -0.23161       -0.117376      -0.0065833     -0.00301539    2.96087        nan            47.6077        
442.284        -122.138       47.6437        -143.917       0.802076       1.5405         0.0799044      -0.886995      2.97356        177.47         -122.138       47.6437        218.475        -143.579       -0.231608      -0.117375      -0.0065833     -0.00301539    2.96087        nan            47.6073        
443.252        -122.137       47.6437        -143.912       0.808427       1.56123        0.0691568      -0.887755      2.96268        177.331        -122.137       47.6437        218.472        -143.579       -0.231614      -0.117379      -0.00658332    -0.00301537    2.96087        nan            47.6068        
444.255        -122.137       47.6437        -143.92        0.817417       1.55931        0.0566271      -0.887694      2.95442        177.162        -122.137       47.6437        218.47         -143.579       -0.231617      -0.117381      -0.00658353    -0.00301536    2.96087        nan            47.6064        
445.228        -122.137       47.6437        -143.914       0.829652       1.55579        0.0485773      -0.887645      2.94774        177.027        -122.137       47.6437        218.467        -143.579       -0.231612      -0.117375      -0.00658345    -0.00301535    2.96087        nan            47.6059        
446.214        -122.137       47.6437        -143.907       0.837243       1.56644        0.0463693      -0.884021      2.94647        176.885        -122.137       47.6437        218.465        -143.579       -0.231609      -0.117372      -0.00658305    -0.00301538    2.96087        nan            47.6055        
447.202        -122.137       47.6437        -143.907       0.82374        1.57199        0.0355908      -0.880511      2.94218        176.747        -122.137       47.6437        218.462        -143.579       -0.231603      -0.117369      -0.00658262    -0.00301546    2.96087        nan            47.605         
448.177        -122.137       47.6437        -143.935       0.822377       1.56454        0.0220163      -0.882905      2.93851        176.627        -122.137       47.6437        218.46         -143.579       -0.231596      -0.117365      -0.00658245    -0.00301546    2.96087        nan            47.6045        
449.18         -122.137       47.6437        -143.944       0.825627       1.56665        0.00832683     -0.87939       2.94112        176.485        -122.137       47.6437        218.458        -143.579       -0.231587      -0.117361      -0.00658256    -0.00301549    2.96087        nan            47.6041        
450.167        -122.137       47.6437        -143.947       0.838528       1.56114        0.00345064     -0.886029      2.94341        176.359        -122.137       47.6437        218.455        -143.579       -0.231587      -0.117358      -0.00658285    -0.00301544    2.96087        nan            47.6036        
451.133        -122.137       47.6437        -143.958       0.846175       1.57004        -0.00666704    -0.884074      2.94963        176.254        -122.137       47.6437        218.453        -143.579       -0.231587      -0.117358      -0.00658288    -0.00301553    2.96087        nan            47.6031        
452.135        -122.137       47.6437        -143.964       0.854175       1.57781        -0.0192002     -0.888984      2.95307        176.121        -122.137       47.6437        218.45         -143.579       -0.231613      -0.117367      -0.00658326    -0.00301552    2.96087        nan            47.6026        
453.103        -122.137       47.6437        -143.968       0.864266       1.57153        -0.0239536     -0.887592      2.94984        176.02         -122.137       47.6437        218.448        -143.579       -0.2316        -0.117372      -0.00658284    -0.00301539    2.96087        nan            47.6021        
454.087        -122.137       47.6437        -143.964       0.872069       1.58176        -0.0359261     -0.889905      2.95827        175.908        -122.137       47.6437        218.446        -143.579       -0.231609      -0.117376      -0.0065833     -0.00301534    2.96087        nan            47.6016        
455.072        -122.137       47.6437        -143.973       0.883793       1.58915        -0.0451267     -0.89275       2.96083        175.795        -122.137       47.6437        218.443        -143.579       -0.231614      -0.117379      -0.00658332    -0.00301537    2.96087        nan            47.6011        
456.057        -122.137       47.6437        -143.978       0.889095       1.59297        -0.0515954     -0.892987      2.96157        175.681        -122.137       47.6437        218.441        -143.579       -0.231618      -0.11738       -0.00658334    -0.00301537    2.96087        nan            47.6006        
457.042        -122.137       47.6437        -143.994       0.90421        1.59391        -0.0584082     -0.890154      2.97083        175.576        -122.137       47.6437        218.439        -143.579       -0.231617      -0.117381      -0.00658347    -0.00301542    2.96087        nan            47.6001        
458.027        -122.137       47.6437        -166.974       2.86239        20.6193        -0.632072      -0.956265      0.979547       175.679        -122.137       47.6437        218.626        -166.588       19.6233        2.50751        -0.143912      0.287946       1.53845        nan            47.5996        
459.012        -122.137       47.6437        147.883        3.38392        3.64818        -0.513867      -1.03857       -1.23068       175.295        -122.137       47.6437        218.458        148.154        4.70318        3.36924        0.0374134      -0.239796      -1.08875       nan            47.5991        
460.008        -122.137       47.6437        121.839        2.41836        -8.76504       -0.467426      -0.932231      -0.503282      175.202        -122.137       47.6437        218.46         122.235        -6.57051       1.8382         0.341091       0.0680272      -0.780943      nan            47.5986        
460.982        -122.137       47.6437        120.892        1.46584        -4.97717       -0.905283      -0.983764      0.128032       175.034        -122.137       47.6437        218.437        121.332        -2.72931       0.82618        -0.315741      -0.0431433     -0.115182      nan            47.598         
461.967        -122.137       47.6437        120.024        -5.88465       -11.5177       -1.98138       -0.727453      0.443175       175.009        -122.137       47.6437        218.492        120.652        -9.30245       -6.48766       -1.12569       0.375375       0.127589       nan            47.5975        
462.961        -122.137       47.6436        120.711        -1.18006       -4.77365       -2.98916       -1.05352       0.518146       174.865        -122.137       47.6437        218.647        121.179        -2.61147       -1.79136       -2.48904       0.0154756      0.0293605      nan            47.597         
463.943        -122.137       47.6436        120.787        0.135357       -2.94908       -3.20147       -1.07571       0.499432       174.618        -122.137       47.6436        218.643        121.221        -0.801208      -0.488144      -2.85118       -0.0091338     0.000829369    nan            47.5964        
464.929        -122.137       47.6436        120.794        0.462328       -2.51638       -3.21381       -1.07619       0.449029       174.367        -122.137       47.6436        218.636        121.224        -0.382758      -0.181589      -2.93437       -0.00586448    -0.00646488    nan            47.5958        
465.907        -122.137       47.6436        120.8          0.566604       -2.4072        -3.16104       -1.07425       0.386513       174.132        -122.137       47.6436        218.631        121.224        -0.288746      -0.111112      -2.95308       -0.00405577    -0.00831183    nan            47.5953        
466.893        -122.137       47.6435        120.797        0.615267       -2.36274       -3.0947        -1.07712       0.318354       173.894        -122.137       47.6436        218.627        121.224        -0.267234      -0.0946076     -2.9575        -0.0033618     -0.00879798    nan            47.5947        
467.885        -122.137       47.6435        120.787        0.639584       -2.33548       -3.02779       -1.07708       0.25647        173.653        -122.137       47.6435        218.625        121.224        -0.262391      -0.0907968     -2.9585        -0.00311944    -0.00891986    nan            47.5941        
468.874        -122.137       47.6435        120.791        0.661855       -2.31217       -2.95563       -1.07315       0.179313       173.423        -122.137       47.6435        218.622        121.224        -0.261298      -0.0899168     -2.95872       -0.00303683    -0.00894955    nan            47.5935        
469.864        -122.137       47.6435        120.782        0.682306       -2.30092       -2.88841       -1.07122       0.105466       173.201        -122.137       47.6435        218.62         121.224        -0.26109       -0.0897331     -2.95877       -0.00300822    -0.00895713    nan            47.5929        
470.848        -122.137       47.6434        120.773        0.698602       -2.27701       -2.82145       -1.07141       0.036477       172.993        -122.137       47.6435        218.617        121.224        -0.261091      -0.0897311     -2.95877       -0.00299819    -0.00895924    nan            47.5923        
471.82         -122.137       47.6434        120.763        0.711127       -2.25326       -2.75248       -1.06707       -0.0277221     172.806        -122.137       47.6434        218.614        121.224        -0.261087      -0.0897106     -2.95877       -0.0029949     -0.00896101    nan            47.5917        
472.802        -122.137       47.6434        120.762        0.715682       -2.22331       -2.69269       -1.07335       -0.0935749     172.614        -122.137       47.6434        218.612        121.224        -0.261089      -0.0897117     -2.95877       -0.00299201    -0.00895976    nan            47.5911        
473.787        -122.137       47.6434        120.774        0.72857        -2.21128       -2.63274       -1.0714        -0.154361      172.421        -122.137       47.6434        218.609        121.224        -0.261089      -0.0897151     -2.95877       -0.00299175    -0.0089589     nan            47.5905        
474.772        -122.137       47.6434        120.769        0.732409       -2.20286       -2.57018       -1.06451       -0.210152      172.239        -122.137       47.6433        218.607        121.224        -0.261076      -0.0897101     -2.95877       -0.00299196    -0.00895841    nan            47.5899        
475.779        -122.137       47.6433        120.777        0.749951       -2.18413       -2.51115       -1.05839       -0.264823      172.046        -122.137       47.6433        218.604        121.224        -0.26108       -0.0897082     -2.95877       -0.00299201    -0.00895798    nan            47.5893        
476.757        -122.137       47.6433        120.782        0.739402       -2.16237       -2.45519       -1.05156       -0.317146      171.891        -122.137       47.6433        218.601        121.224        -0.261077      -0.0897112     -2.95877       -0.002992      -0.00895756    nan            47.5887        
477.733        -122.137       47.6433        120.782        0.739169       -2.15966       -2.39617       -1.04779       -0.368222      171.75         -122.137       47.6433        218.599        121.224        -0.261076      -0.0897124     -2.95877       -0.00299203    -0.00895738    nan            47.5881        
478.719        -122.137       47.6433        120.793        0.751512       -2.15696       -2.3465        -1.04202       -0.40707       171.607        -122.137       47.6432        218.596        121.224        -0.261074      -0.0897183     -2.95877       -0.00299203    -0.008958      nan            47.5874        
479.698        -122.137       47.6432        120.794        0.74539        -2.17072       -2.30435       -1.03766       -0.442802      171.483        -122.137       47.6432        218.594        121.224        -0.261072      -0.0897243     -2.95877       -0.00299202    -0.00895958    nan            47.5868        
480.682        -122.137       47.6432        120.778        0.748467       -2.17032       -2.26229       -1.03548       -0.463392      171.359        -122.137       47.6432        218.591        121.224        -0.26107       -0.0897098     -2.95877       -0.002992      -0.00896101    nan            47.5862        
481.667        -122.137       47.6432        120.787        0.746149       -2.17749       -2.23133       -1.03022       -0.483194      171.244        -122.137       47.6432        218.588        121.224        -0.26107       -0.0897058     -2.95877       -0.00299207    -0.00896095    nan            47.5855        
482.657        -122.137       47.6432        120.779        0.741142       -2.18579       -2.19998       -1.01835       -0.497217      171.133        -122.137       47.6431        218.586        121.224        -0.26107       -0.0897113     -2.95877       -0.00299178    -0.00896093    nan            47.5849        
483.637        -122.137       47.6431        120.788        0.730142       -2.19342       -2.16821       -1.01223       -0.49554       171.047        -122.137       47.6431        218.583        121.224        -0.26107       -0.089712      -2.95877       -0.00299188    -0.00896094    nan            47.5843        
484.623        -122.137       47.6431        120.79         0.719508       -2.19567       -2.13615       -1.0036        -0.500546      170.962        -122.137       47.6431        218.581        121.224        -0.261069      -0.089706      -2.95877       -0.00299188    -0.00896094    nan            47.5836        
485.607        -122.137       47.6431        120.784        0.706982       -2.2145        -2.11745       -0.993133      -0.493912      170.892        -122.137       47.6431        218.578        121.224        -0.261067      -0.0897046     -2.95877       -0.00299188    -0.00896093    nan            47.583         
486.592        -122.137       47.6431        120.781        0.692648       -2.23527       -2.09886       -0.98579       -0.487327      170.834        -122.137       47.643         218.575        121.224        -0.261065      -0.0897026     -2.95877       -0.00299205    -0.00896098    nan            47.5823        
487.591        -122.137       47.643         120.769        0.681393       -2.26464       -2.08709       -0.977044      -0.471719      170.772        -122.137       47.643         218.573        121.224        -0.261068      -0.0897044     -2.95877       -0.00299204    -0.00896101    nan            47.5816        
488.562        -122.137       47.643         120.774        0.66662        -2.27346       -2.07637       -0.978709      -0.454615      170.742        -122.137       47.643         218.57         121.224        -0.261069      -0.0897081     -2.95877       -0.00299196    -0.00896092    nan            47.581         
489.558        -122.137       47.643         120.773        0.648401       -2.28799       -2.07328       -0.974293      -0.433516      170.692        -122.137       47.643         218.568        121.224        -0.261069      -0.0897075     -2.95877       -0.00299196    -0.00896093    nan            47.5803        
490.543        -122.137       47.643         120.765        0.617955       -2.32251       -2.06969       -0.966999      -0.402734      170.661        -122.137       47.6429        218.565        121.224        -0.26107       -0.0897056     -2.95877       -0.00299194    -0.00896094    nan            47.5796        
491.525        -122.137       47.6429        120.764        0.58889        -2.34059       -2.06848       -0.958763      -0.372347      170.641        -122.137       47.6429        218.563        121.224        -0.261071      -0.0897055     -2.95877       -0.0029918     -0.00896093    nan            47.579         
492.511        -122.137       47.6429        120.762        0.553794       -2.35557       -2.07728       -0.949203      -0.335869      170.627        -122.137       47.6429        218.56         121.224        -0.261072      -0.089711      -2.95877       -0.00299189    -0.00896093    nan            47.5783        
493.487        -122.137       47.6429        120.755        0.514506       -2.3787        -2.08995       -0.938795      -0.305307      170.635        -122.137       47.6428        218.557        121.224        -0.261073      -0.0897098     -2.95877       -0.00299183    -0.00896091    nan            47.5776        
494.472        -122.137       47.6429        120.744        0.498147       -2.40313       -2.10913       -0.930939      -0.271018      170.644        -122.137       47.6428        218.555        121.224        -0.261075      -0.08971       -2.95877       -0.00299193    -0.00896092    nan            47.5769        
495.457        -122.137       47.6428        120.74         0.461613       -2.43945       -2.13276       -0.918448      -0.23175       170.664        -122.137       47.6428        218.552        121.224        -0.261075      -0.0897097     -2.95877       -0.002992      -0.00896088    nan            47.5762        
496.463        -122.137       47.6428        120.737        0.423912       -2.47833       -2.16014       -0.922262      -0.190771      170.67         -122.137       47.6428        218.55         121.224        -0.261075      -0.0897097     -2.95877       -0.002992      -0.00896088    nan            47.5755        
497.442        -122.137       47.6428        120.736        0.392235       -2.49743       -2.19256       -0.917213      -0.147181      170.702        -122.137       47.6427        218.547        121.224        -0.261075      -0.0897097     -2.95877       -0.00299201    -0.00896088    nan            47.5748        
498.429        -122.137       47.6428        120.739        0.348051       -2.52951       -2.22752       -0.910586      -0.109621      170.734        -122.137       47.6427        218.545        121.224        -0.261075      -0.0897097     -2.95877       -0.00299201    -0.00896088    nan            47.5741        
499.403        -122.137       47.6427        120.729        0.310811       -2.56585       -2.2714        -0.907073      -0.0705295     170.782        -122.137       47.6427        218.542        121.224        -0.261075      -0.0897097     -2.95877       -0.00299208    -0.00896088    nan            47.5734        
500.382        -122.137       47.6427        120.73         0.279724       -2.59428       -2.31999       -0.901429      -0.0299171     170.83         -122.137       47.6427        218.539        121.224        -0.261075      -0.0897097     -2.95877       -0.00299208    -0.00896088    nan            47.5727        
501.367        -122.137       47.6427        120.727        0.25525        -2.61735       -2.37038       -0.894062      0.00922093     170.879        -122.137       47.6426        218.537        121.224        -0.261075      -0.0897097     -2.95877       -0.002992      -0.00896088    nan            47.572         
502.352        -122.137       47.6426        120.713        0.227575       -2.63581       -2.42244       -0.882808      0.052548       170.938        -122.137       47.6426        218.534        121.224        -0.261075      -0.0897097     -2.95877       -0.00299173    -0.00896088    nan            47.5713        
503.337        -122.137       47.6426        120.69         0.19913        -2.65972       -2.47495       -0.873381      0.0894022      171.008        -122.137       47.6426        218.532        121.224        -0.261075      -0.0897097     -2.95877       -0.00299202    -0.00896088    nan            47.5706        
504.322        -122.137       47.6426        120.691        0.179449       -2.68127       -2.52715       -0.866631      0.127685       171.086        -122.137       47.6426        218.529        121.224        -0.261075      -0.0897097     -2.95877       -0.00299196    -0.00896088    nan            47.5699        
505.307        -122.137       47.6426        120.693        0.157412       -2.70388       -2.58579       -0.853547      0.168152       171.174        -122.137       47.6425        218.527        121.224        -0.261075      -0.0897097     -2.95877       -0.002992      -0.00896088    nan            47.5691        
506.292        -122.137       47.6425        120.691        0.134824       -2.72109       -2.63874       -0.848937      0.207562       171.269        -122.137       47.6425        218.524        121.224        -0.261075      -0.0897097     -2.95877       -0.00299203    -0.00896088    nan            47.5684        
507.295        -122.137       47.6425        120.688        0.103302       -2.74007       -2.69039       -0.843448      0.241765       171.356        -122.137       47.6425        218.521        121.224        -0.261075      -0.0897097     -2.95877       -0.00299203    -0.00896088    nan            47.5677        
508.276        -122.137       47.6425        120.685        0.0771958      -2.75463       -2.73907       -0.833585      0.278987       171.468        -122.137       47.6425        218.519        121.224        -0.261075      -0.0897097     -2.95877       -0.00299201    -0.00896088    nan            47.5669        
509.25         -122.137       47.6424        120.671        0.0472583      -2.76164       -2.79746       -0.823033      0.30857        171.595        -122.137       47.6424        218.516        121.224        -0.261075      -0.0897097     -2.95877       -0.00299201    -0.00896088    nan            47.5662        
510.232        -122.137       47.6424        120.666        0.0185852      -2.76823       -2.85162       -0.819915      0.328702       171.72         -122.137       47.6424        218.514        121.224        -0.261075      -0.0897097     -2.95877       -0.00299201    -0.00896088    nan            47.5655        
511.217        -122.137       47.6424        120.669        -0.00990559    -2.78268       -2.90143       -0.806627      0.352184       171.848        -122.137       47.6424        218.511        121.224        -0.261075      -0.0897097     -2.95877       -0.00299201    -0.00896088    nan            47.5647        
512.223        -122.137       47.6424        120.668        -0.0276901     -2.7992        -2.95319       -0.788332      0.372095       171.975        -122.137       47.6424        218.509        121.224        -0.261075      -0.0897097     -2.95877       -0.00299202    -0.00896088    nan            47.564         
513.201        -122.137       47.6423        120.672        -0.045996      -2.8141        -3.00044       -0.784865      0.393936       172.132        -122.137       47.6423        218.506        121.224        -0.261075      -0.0897097     -2.95877       -0.00299181    -0.00896088    nan            47.5632        
514.172        -122.137       47.6423        120.685        -0.0618659     -2.81154       -3.04477       -0.773026      0.410394       172.302        -122.137       47.6423        218.504        121.224        -0.261075      -0.0897097     -2.95877       -0.00299204    -0.00896088    nan            47.5625        
515.157        -122.137       47.6423        120.694        -0.0717369     -2.81719       -3.08874       -0.769779      0.425444       172.464        -122.137       47.6423        218.501        121.224        -0.261075      -0.0897097     -2.95877       -0.00299182    -0.00896088    nan            47.5617        
516.142        -122.137       47.6422        120.691        -0.0861001     -2.81991       -3.13128       -0.756632      0.443056       172.633        -122.137       47.6422        218.499        121.224        -0.261075      -0.0897097     -2.95877       -0.00299197    -0.00896088    nan            47.5609        
517.127        -122.137       47.6422        120.681        -0.10283       -2.8297        -3.17903       -0.746012      0.451969       172.811        -122.137       47.6422        218.496        121.224        -0.261075      -0.0897097     -2.95877       -0.00299204    -0.00896088    86.7547        47.5602        
518.129        -122.137       47.6422        120.683        -0.100832      -2.8158        -3.21728       -0.736016      0.46092        172.982        -122.137       47.6422        218.493        121.224        -0.261075      -0.0897097     -2.95877       -0.00299204    -0.00896088    nan            47.5594        
519.104        -122.137       47.6422        120.69         -0.0966232     -2.81869       -3.25101       -0.726388      0.460975       173.181        -122.137       47.6422        218.491        121.224        -0.261075      -0.0897097     -2.95877       -0.00299027    -0.00896088    nan            47.5586        
520.082        -122.137       47.6421        120.695        -0.0972087     -2.81791       -3.28258       -0.720434      0.470632       173.382        -122.137       47.6421        218.488        121.224        -0.261075      -0.0897097     -2.95877       -0.00299152    -0.00896088    nan            47.5578        
521.067        -122.137       47.6421        120.698        -0.0947227     -2.81503       -3.31391       -0.714256      0.472539       173.58         -122.137       47.6421        218.486        121.224        -0.261075      -0.0897097     -2.95877       -0.00299202    -0.00896088    nan            47.5571        
522.06         -122.137       47.6421        120.702        -0.094508      -2.80795       -3.34016       -0.704156      0.477548       173.78         -122.137       47.6421        218.483        121.224        -0.261075      -0.0897097     -2.95877       -0.00299202    -0.00896088    nan            47.5563        
523.037        -122.137       47.6421        120.709        -0.088585      -2.80745       -3.35864       -0.695729      0.48377        173.995        -122.137       47.6421        218.481        121.224        -0.261075      -0.0897097     -2.95877       -0.00299201    -0.00896088    nan            47.5555        
524.022        -122.137       47.642         120.715        -0.0843108     -2.78179       -3.37998       -0.681996      0.484794       174.211        -122.137       47.642         218.478        121.224        -0.261075      -0.0897097     -2.95877       -0.00299201    -0.00896088    nan            47.5547        
525.025        -122.137       47.642         120.723        -0.0668662     -2.76514       -3.39509       -0.669284      0.483596       174.426        -122.137       47.642         218.476        121.224        -0.261075      -0.0897097     -2.95877       -0.00299202    -0.00896088    nan            47.5539        
525.995        -122.137       47.642         120.726        -0.0562583     -2.75916       -3.40925       -0.658063      0.483082       174.669        -122.137       47.642         218.473        121.224        -0.261075      -0.0897097     -2.95877       -0.0029917     -0.00896088    nan            47.5531        
526.978        -122.137       47.6419        120.724        -0.0528981     -2.7577        -3.41415       -0.64287       0.4687         174.912        -122.137       47.642         218.471        121.224        -0.261075      -0.0897097     -2.95877       -0.00299203    -0.00896088    nan            47.5523        
527.962        -122.137       47.6419        120.735        -0.0513768     -2.76422       -3.42623       -0.63092       0.455614       175.166        -122.137       47.6419        218.468        121.224        -0.261075      -0.0897097     -2.95877       -0.00299189    -0.00896088    nan            47.5515        
528.947        -122.137       47.6419        120.74         -0.0309731     -2.7505        -3.43052       -0.619822      0.442976       175.425        -122.137       47.6419        218.466        121.224        -0.261075      -0.0897097     -2.95877       -0.002992      -0.00896088    nan            47.5506        
529.932        -122.137       47.6419        120.752        -0.000820181   -2.72707       -3.42511       -0.605505      0.427469       175.689        -122.137       47.6419        218.463        121.224        -0.261075      -0.0897097     -2.95877       -0.00299202    -0.00896088    nan            47.5498        
530.918        -122.137       47.6418        120.766        0.0149076      -2.71103       -3.41942       -0.594955      0.415429       175.962        -122.137       47.6419        218.461        121.224        -0.261075      -0.0897097     -2.95877       -0.00299202    -0.00896088    nan            47.549         
531.902        -122.137       47.6418        120.77         0.0323799      -2.70555       -3.41238       -0.583023      0.403268       176.24         -122.137       47.6418        218.458        121.224        -0.261075      -0.0897097     -2.95877       -0.00299192    -0.00896088    nan            47.5482        
532.909        -122.137       47.6418        120.771        0.0497194      -2.69813       -3.39726       -0.568515      0.391381       176.513        -122.137       47.6418        218.456        121.224        -0.261075      -0.0897097     -2.95877       -0.00299199    -0.00896088    nan            47.5473        
533.872        -122.137       47.6418        120.785        0.0759652      -2.67937       -3.3951        -0.558879      0.383429       176.816        -122.137       47.6418        218.453        121.224        -0.261075      -0.0897097     -2.95877       -0.00299193    -0.00896088    nan            47.5465        
534.874        -122.137       47.6417        120.787        0.0731134      -2.64119       -3.38039       -0.545047      0.362676       177.105        -122.137       47.6417        218.45         121.224        -0.261075      -0.0897097     -2.95877       -0.00299193    -0.00896088    nan            47.5457        
535.843        -122.137       47.6417        120.805        0.0918517      -2.63153       -3.35452       -0.535482      0.347205       177.418        -122.137       47.6417        218.448        121.224        -0.261075      -0.0897097     -2.95877       -0.00299201    -0.00896088    nan            47.5448        
536.827        -122.137       47.6417        120.826        0.107542       -2.60696       -3.33392       -0.522529      0.322175       177.726        -122.137       47.6417        218.445        121.224        -0.261075      -0.0897097     -2.95877       -0.00299201    -0.00896088    nan            47.544         
537.815        -122.137       47.6417        120.838        0.136032       -2.58114       -3.30787       -0.514047      0.301922       178.039        -122.137       47.6417        218.443        121.224        -0.261075      -0.0897097     -2.95877       -0.00299202    -0.00896088    nan            47.5432        
538.797        -122.137       47.6416        120.862        0.161135       -2.56253       -3.27959       -0.504586      0.279894       178.358        -122.137       47.6416        218.441        121.224        -0.261075      -0.0897097     -2.95877       -0.00299194    -0.00896088    nan            47.5423        
539.785        -122.137       47.6416        120.881        0.175339       -2.54234       -3.25339       -0.498482      0.262432       178.674        -122.137       47.6416        218.438        121.224        -0.261075      -0.0897097     -2.95877       -0.00299203    -0.00896088    nan            47.5415        
540.767        -122.137       47.6416        120.896        0.197158       -2.51499       -3.22223       -0.482746      0.244657       178.998        -122.137       47.6416        218.435        121.224        -0.261075      -0.0897097     -2.95877       -0.00299177    -0.00896088    nan            47.5406        
541.762        -122.137       47.6416        120.909        0.206484       -2.48186       -3.19145       -0.467879      0.226131       179.324        -122.137       47.6416        218.433        121.224        -0.261075      -0.0897097     -2.95877       -0.00299198    -0.00896088    nan            47.5397        
542.74         -122.137       47.6415        120.925        0.217973       -2.44626       -3.16393       -0.457574      0.197913       179.664        -122.137       47.6415        218.43         121.224        -0.261075      -0.0897097     -2.95877       -0.00299198    -0.00896088    nan            47.5389        
543.743        -122.137       47.6415        120.939        0.233163       -2.42353       -3.13321       -0.450155      0.169697       179.995        -122.137       47.6415        218.428        121.224        -0.261075      -0.0897097     -2.95877       -0.00299201    -0.00896088    nan            47.538         
544.707        -122.137       47.6415        120.949        0.244486       -2.40761       -3.10998       -0.435348      0.144523       180.348        -122.137       47.6415        218.425        121.224        -0.261075      -0.0897097     -2.95877       -0.00299201    -0.00896088    nan            47.5371        
545.712        -122.137       47.6415        92.3997        2.56677        6.19237        -1.19442       -0.45909       0.0791699      180.905        -122.137       47.6415        218.61         92.4732        9.13856        1.18411        -1.47988       0.0557577      0.17692        nan            47.5362        
546.689        -122.137       47.6415        48.9007        -7.95119       -2.62547       -0.25201       -0.448986      -0.850742      181.22         -122.137       47.6415        218.491        49.4603        0.47406        -11.0665       -0.273725      -0.128838      -0.232655      nan            47.5354        
547.662        -122.137       47.6415        28.1212        9.11656        2.44816        0.144487       -0.243753      -0.668715      181.685        -122.137       47.6415        218.435        28.0262        5.14134        5.32217        0.378635       0.0853921      -0.526191      nan            47.5345        
548.647        -122.137       47.6415        27.6615        6.08514        -2.17548       -0.0167925     -0.272053      0.142388       182.148        -122.137       47.6415        218.43         27.707         0.533744       2.31652        0.0309895      -0.0299951     0.434618       nan            47.5337        
549.632        -122.137       47.6415        26.5684        -3.40711       -14.7446       -0.330365      0.170074       -1.62556       183            -122.137       47.6415        218.676        26.8432        -12.0962       -7.18365       -0.119892      0.716159       -0.757178      nan            47.5328        
550.617        -122.137       47.6415        27.5407        1.89584        -5.89362       -0.393852      -0.285438      -2.86907       183.583        -122.137       47.6415        218.944        27.6166        -3.26908       -1.87676       -0.0235886     0.0364884      -2.39223       nan            47.532         
551.602        -122.137       47.6415        27.655         3.28068        -3.59437       -0.367771      -0.300969      -3.15584       184.001        -122.137       47.6415        218.948        27.6725        -0.962112      -0.492874      0.0010913      -0.00746966    -2.82775       nan            47.5311        
552.587        -122.137       47.6415        27.6774        3.62324        -3.06803       -0.315229      -0.293865      -3.19457       184.416        -122.137       47.6415        218.941        27.6768        -0.433864      -0.169882      0.00768445     -0.00561526    -2.92776       nan            47.5302        
553.572        -122.137       47.6415        27.6839        3.71196        -2.95217       -0.248806      -0.283369      -3.18216       184.832        -122.137       47.6415        218.936        27.6774        -0.314211      -0.0946939     0.0094581      -0.00396026    -2.95042       nan            47.5293        
554.557        -122.137       47.6415        27.6944        3.72191        -2.93269       -0.183207      -0.265568      -3.16129       185.254        -122.137       47.6415        218.933        27.6775        -0.287364      -0.0773398     0.0099254      -0.00331985    -2.95555       nan            47.5284        
555.557        -122.137       47.6415        27.7092        3.7513         -2.93385       -0.119844      -0.254585      -3.12846       185.677        -122.137       47.6415        218.93         27.6775        -0.281274      -0.0732867     0.0100463      -0.00309336    -2.95671       nan            47.5275        
556.532        -122.137       47.6415        27.7264        3.76323        -2.92739       -0.0588488     -0.245596      -3.0952        186.107        -122.137       47.6415        218.927        27.6775        -0.279947      -0.072378      0.010077       -0.00301486    -2.95697       nan            47.5267        
557.512        -122.137       47.6415        27.7318        3.77026        -2.93487       0.00374168     -0.236325      -3.06672       186.535        -122.137       47.6415        218.925        27.6775        -0.279689      -0.0721929     0.0100846      -0.00298877    -2.95702       nan            47.5258        
558.498        -122.137       47.6415        27.7423        3.78374        -2.92888       0.0601365      -0.219346      -3.0392        186.963        -122.137       47.6415        218.922        27.6775        -0.279689      -0.0721707     0.0100868      -0.00297888    -2.95702       nan            47.5249        
559.482        -122.137       47.6415        27.7448        3.78431        -2.9251        0.115342       -0.211816      -3.00869       187.398        -122.137       47.6415        218.92         27.6775        -0.279689      -0.0721716     0.0100867      -0.00297564    -2.95702       nan            47.524         
560.468        -122.137       47.6415        27.7547        3.78932        -2.93492       0.162602       -0.199611      -2.98191       187.831        -122.137       47.6415        218.917        27.6775        -0.27969       -0.0721678     0.0100866      -0.00297487    -2.95702       nan            47.5231        
561.452        -122.137       47.6415        27.751         3.79971        -2.94754       0.206275       -0.190537      -2.9646        188.27         -122.137       47.6415        218.914        27.6775        -0.279691      -0.0721707     0.0100863      -0.00297448    -2.95702       nan            47.5222        
562.437        -122.137       47.6415        27.755         3.8055         -2.95105       0.252804       -0.180886      -2.9448        188.707        -122.137       47.6415        218.912        27.6775        -0.27969       -0.0721756     0.0100864      -0.00297448    -2.95702       nan            47.5212        
563.422        -122.137       47.6415        27.7602        3.81236        -2.94041       0.282956       -0.170041      -2.92188       189.146        -122.137       47.6415        218.909        27.6775        -0.27969       -0.0721711     0.0100867      -0.00297455    -2.95702       nan            47.5203        
564.407        -122.137       47.6415        27.763         3.79955        -2.93628       0.314303       -0.157883      -2.89989       189.587        -122.137       47.6415        218.907        27.6775        -0.279693      -0.0721722     0.0100865      -0.00297455    -2.95702       nan            47.5194        
565.392        -122.138       47.6415        27.7618        3.78942        -2.92693       0.340213       -0.152678      -2.88092       190.029        -122.138       47.6415        218.904        27.6775        -0.279688      -0.0721723     0.0100866      -0.00297412    -2.95702       nan            47.5185        
566.391        -122.138       47.6415        27.7625        3.78907        -2.93076       0.358734       -0.140173      -2.86352       190.468        -122.138       47.6415        218.901        27.6775        -0.279688      -0.0721706     0.0100867      -0.00297181    -2.95702       nan            47.5176        
567.362        -122.138       47.6415        27.7778        3.79207        -2.92677       0.369235       -0.126822      -2.8467        190.914        -122.138       47.6415        218.899        27.6775        -0.279688      -0.0721708     0.0100867      -0.00297277    -2.95702       nan            47.5166        
568.347        -122.138       47.6415        27.7804        3.77991        -2.91372       0.381139       -0.112647      -2.82529       191.363        -122.138       47.6415        218.896        27.6775        -0.279688      -0.0721706     0.0100867      -0.00297277    -2.95702       nan            47.5157        
569.332        -122.138       47.6415        27.7977        3.78928        -2.90205       0.383329       -0.100232      -2.81116       191.817        -122.138       47.6415        218.894        27.6775        -0.279688      -0.0721704     0.0100867      -0.00297276    -2.95702       nan            47.5148        
570.317        -122.138       47.6415        27.8171        3.78167        -2.90004       0.384942       -0.0905187     -2.79609       192.269        -122.138       47.6415        218.891        27.6775        -0.279688      -0.0721702     0.0100867      -0.00297247    -2.95702       nan            47.5138        
571.302        -122.138       47.6415        27.8227        3.76185        -2.89813       0.377882       -0.0766333     -2.78743       192.725        -122.138       47.6415        218.888        27.6775        -0.279688      -0.07217       0.0100867      -0.00297275    -2.95702       nan            47.5129        
572.303        -122.138       47.6415        27.8233        3.76716        -2.87716       0.36866        -0.0674044     -2.78358       193.182        -122.138       47.6415        218.886        27.6775        -0.279688      -0.0721698     0.0100867      -0.00297274    -2.95702       nan            47.5119        
573.3          -122.138       47.6415        27.8209        3.75486        -2.86513       0.358644       -0.0544471     -2.77824       193.64         -122.138       47.6415        218.883        27.6775        -0.279688      -0.0721696     0.0100867      -0.00297277    -2.95702       nan            47.511         
574.261        -122.138       47.6415        27.829         3.73155        -2.86753       0.345785       -0.0462741     -2.77316       194.102        -122.138       47.6415        218.881        27.6775        -0.279688      -0.0721694     0.0100867      -0.00297272    -2.95702       nan            47.51          
575.242        -122.138       47.6415        27.8337        3.71841        -2.86588       0.325277       -0.0338209     -2.77684       194.564        -122.138       47.6415        218.878        27.6775        -0.279688      -0.0721692     0.0100865      -0.00297272    -2.95702       nan            47.5091        
576.227        -122.138       47.6415        27.8471        3.70515        -2.86524       0.306234       -0.0277799     -2.78402       195.023        -122.138       47.6415        218.876        27.6775        -0.279688      -0.072169      0.0100862      -0.00297278    -2.95702       nan            47.5081        
577.212        -122.138       47.6415        27.8588        3.69676        -2.85689       0.278732       -0.0231183     -2.78831       195.479        -122.138       47.6415        218.873        27.6775        -0.279688      -0.0721688     0.0100859      -0.00297278    -2.95702       nan            47.5072        
578.21         -122.138       47.6415        27.8704        3.68032        -2.84294       0.239058       -0.0116053     -2.79601       195.934        -122.138       47.6415        218.87         27.6775        -0.279688      -0.0721686     0.0100856      -0.00297277    -2.95702       nan            47.5062        
579.182        -122.138       47.6415        27.8635        3.65704        -2.82077       0.209133       -0.00329986    -2.80292       196.388        -122.138       47.6415        218.868        27.6775        -0.279688      -0.0721684     0.0100853      -0.00297277    -2.95702       nan            47.5052        
580.167        -122.138       47.6415        27.8627        3.63484        -2.81427       0.177432       0.0122864      -2.81514       196.845        -122.138       47.6415        218.865        27.6775        -0.279689      -0.0721683     0.010085       -0.00297276    -2.95702       nan            47.5043        
581.167        -122.138       47.6415        27.8648        3.62203        -2.81575       0.146282       0.0208646      -2.82062       197.304        -122.138       47.6415        218.863        27.6775        -0.279689      -0.072168      0.0100847      -0.00297283    -2.95702       nan            47.5033        
582.137        -122.138       47.6415        27.8681        3.60504        -2.79576       0.115147       0.0285158      -2.84141       197.761        -122.138       47.6415        218.86         27.6775        -0.279689      -0.0721679     0.0100844      -0.00297283    -2.95702       nan            47.5023        
583.122        -122.138       47.6415        27.8738        3.59932        -2.79281       0.078154       0.0351114      -2.8555        198.214        -122.138       47.6415        218.858        27.6775        -0.279689      -0.0721685     0.0100842      -0.00297275    -2.95702       nan            47.5013        
584.107        -122.138       47.6415        27.8769        3.58899        -2.78399       0.0450524      0.0504016      -2.8737        198.672        -122.138       47.6415        218.855        27.6775        -0.279691      -0.0721677     0.010084       -0.00297273    -2.95702       nan            47.5004        
585.092        -122.138       47.6415        27.8876        3.58346        -2.77339       0.0149069      0.0597549      -2.88856       199.131        -122.138       47.6415        218.852        27.6775        -0.279681      -0.0721712     0.0100838      -0.00297275    -2.95702       nan            47.4994        
586.077        -122.138       47.6415        27.9006        3.5703         -2.76684       -0.0276033     0.0654203      -2.90271       199.587        -122.138       47.6415        218.85         27.6775        -0.279689      -0.0721763     0.0100847      -0.00297275    -2.95702       nan            47.4984        
587.062        -122.138       47.6415        27.895         3.57016        -2.76231       -0.0575447     0.0751836      -2.92048       200.043        -122.138       47.6415        218.847        27.6775        -0.279689      -0.0721796     0.0100858      -0.00297278    -2.95702       nan            47.4974        
588.058        -122.138       47.6415        27.8944        3.56706        -2.77037       -0.0914122     0.0854428      -2.94378       200.5          -122.138       47.6415        218.845        27.6775        -0.279689      -0.0721704     0.0100867      -0.00297275    -2.95702       nan            47.4964        
589.032        -122.138       47.6415        27.9038        3.55634        -2.75424       -0.124757      0.0952985      -2.96542       200.955        -122.138       47.6415        218.842        27.6775        -0.27969       -0.0721677     0.0100865      -0.00297274    -2.95702       nan            47.4954        
590.017        -122.138       47.6415        27.9062        3.55246        -2.74655       -0.158942      0.103462       -2.9819        201.41         -122.138       47.6415        218.84         27.6775        -0.279692      -0.0721705     0.0100863      -0.00297261    -2.95702       nan            47.4944        
591.002        -122.139       47.6415        27.918         3.5484         -2.74561       -0.19666       0.114057       -3.00197       201.863        -122.139       47.6415        218.837        27.6775        -0.279691      -0.0721775     0.010086       -0.00297267    -2.95702       nan            47.4934        
591.987        -122.139       47.6415        27.9225        3.55653        -2.74836       -0.229052      0.12163        -3.02183       202.318        -122.139       47.6415        218.834        27.6775        -0.279689      -0.072171      0.0100867      -0.00297268    -2.95702       nan            47.4924        
592.988        -122.139       47.6415        27.9254        3.5496         -2.74566       -0.259468      0.141575       -3.03665       202.777        -122.139       47.6415        218.832        27.6775        -0.279693      -0.0721718     0.0100867      -0.00297268    -2.95702       nan            47.4913        
593.957        -122.139       47.6415        27.9344        3.56546        -2.74657       -0.289198      0.150676       -3.05521       203.238        -122.139       47.6415        218.829        27.6775        -0.279691      -0.0721714     0.0100865      -0.00297265    -2.95702       nan            47.4903        
594.942        -122.139       47.6415        27.9337        3.56453        -2.75126       -0.311752      0.15499        -3.0723        203.698        -122.139       47.6415        218.827        27.6775        -0.279683      -0.0721652     0.0100867      -0.00297265    -2.95702       nan            47.4893        
595.928        -122.139       47.6415        27.9424        3.56717        -2.75055       -0.342089      0.163043       -3.08618       204.154        -122.139       47.6415        218.824        27.6775        -0.279683      -0.0721647     0.0100867      -0.00297266    -2.95702       nan            47.4883        
596.914        -122.139       47.6415        27.9317        3.56941        -2.762         -0.36453       0.177179       -3.10992       204.611        -122.139       47.6415        218.822        27.6775        -0.279683      -0.0721705     0.0100867      -0.00297269    -2.95702       nan            47.4872        
597.897        -122.139       47.6415        27.9493        3.57471        -2.75777       -0.382497      0.18832        -3.12525       205.071        -122.139       47.6415        218.819        27.6775        -0.279683      -0.0721708     0.0100867      -0.00297268    -2.95702       nan            47.4862        
598.882        -122.139       47.6415        27.9536        3.58318        -2.77061       -0.398146      0.200663       -3.13947       205.533        -122.139       47.6415        218.817        27.6775        -0.279683      -0.0721715     0.0100867      -0.00297268    -2.95702       nan            47.4852        
599.884        -122.139       47.6415        27.9586        3.58764        -2.78389       -0.417383      0.206046       -3.14722       205.999        -122.139       47.6415        218.814        27.6775        -0.279683      -0.0721646     0.0100867      -0.00297277    -2.95702       nan            47.4841        
600.852        -122.139       47.6415        27.9532        3.59556        -2.79635       -0.436097      0.21168        -3.15761       206.454        -122.139       47.6415        218.812        27.6775        -0.279684      -0.0721639     0.0100867      -0.00297278    -2.95702       nan            47.4831        
601.837        -122.139       47.6414        27.9626        3.60536        -2.79721       -0.446759      0.217286       -3.1716        206.909        -122.139       47.6415        218.809        27.6775        -0.279684      -0.0721657     0.0100867      -0.00297265    -2.95702       nan            47.482         
602.835        -122.139       47.6414        27.9726        3.60931        -2.7971        -0.459783      0.22467        -3.18528       207.365        -122.139       47.6415        218.806        27.6775        -0.279684      -0.0721703     0.0100867      -0.00297253    -2.95702       nan            47.481         
603.815        -122.139       47.6414        27.9737        3.61598        -2.79981       -0.468258      0.230155       -3.1936        207.812        -122.139       47.6415        218.804        27.6775        -0.279684      -0.0721718     0.0100867      -0.00297271    -2.95702       nan            47.4799        
604.792        -122.139       47.6414        27.9788        3.63276        -2.82155       -0.48017       0.234608       -3.19732       208.254        -122.139       47.6415        218.801        27.6775        -0.279684      -0.0721656     0.0100867      -0.00297265    -2.95702       nan            47.4789        
605.777        -122.139       47.6414        27.9831        3.64677        -2.83631       -0.492696      0.244084       -3.2058        208.695        -122.139       47.6415        218.799        27.6775        -0.279684      -0.0721677     0.0100867      -0.00297265    -2.95702       nan            47.4778        
606.763        -122.139       47.6414        27.9832        3.65583        -2.83867       -0.49502       0.251438       -3.21521       209.134        -122.139       47.6415        218.796        27.6775        -0.279684      -0.0721671     0.0100867      -0.00297265    -2.95702       nan            47.4767        
607.747        -122.139       47.6414        27.9899        3.65328        -2.84          -0.482499      0.258975       -3.21791       209.571        -122.139       47.6415        218.794        27.6775        -0.279684      -0.0721637     0.0100867      -0.00297265    -2.95702       nan            47.4757        
608.733        -122.139       47.6414        27.9928        3.67436        -2.85575       -0.47828       0.267455       -3.22074       210.01         -122.139       47.6415        218.791        27.6775        -0.279684      -0.0721683     0.0100867      -0.00297265    -2.95702       nan            47.4746        
609.724        -122.139       47.6414        27.9945        3.6851         -2.87451       -0.466752      0.275077       -3.22036       210.448        -122.139       47.6415        218.789        27.6775        -0.279684      -0.0721697     0.0100867      -0.00297268    -2.95702       nan            47.4735        
610.702        -122.139       47.6414        28.0011        3.70345        -2.88527       -0.46255       0.279042       -3.2247        210.881        -122.139       47.6415        218.786        27.6775        -0.279684      -0.0721699     0.0100867      -0.00297268    -2.95702       nan            47.4724        
611.687        -122.139       47.6414        27.9961        3.72986        -2.88196       -0.456781      0.284859       -3.22071       211.311        -122.139       47.6415        218.784        27.6775        -0.279683      -0.0721679     0.0100867      -0.00297268    -2.95702       nan            47.4714        
612.673        -122.139       47.6414        28             3.7542         -2.89941       -0.443278      0.289407       -3.21062       211.737        -122.139       47.6415        218.781        27.6775        -0.279683      -0.072166      0.0100867      -0.00297266    -2.95702       nan            47.4703        
613.657        -122.139       47.6414        28.0062        3.76991        -2.90409       -0.429456      0.294735       -3.19692       212.157        -122.139       47.6415        218.779        27.6775        -0.279684      -0.0721648     0.0100867      -0.00297145    -2.95702       nan            47.4692        
614.662        -122.139       47.6414        28.0021        3.78553        -2.91222       -0.413593      0.303784       -3.1861        212.584        -122.139       47.6415        218.776        27.6775        -0.279684      -0.0721654     0.0100867      -0.0029727     -2.95702       nan            47.4681        
615.628        -122.14        47.6414        27.9974        3.80098        -2.92117       -0.397499      0.310722       -3.17517       212.998        -122.14        47.6415        218.773        27.6775        -0.279684      -0.072169      0.0100867      -0.00297274    -2.95702       nan            47.467         
616.618        -122.14        47.6414        28.0096        3.83048        -2.92587       -0.38083       0.309442       -3.16811       213.414        -122.14        47.6415        218.771        27.6775        -0.279684      -0.0721683     0.0100867      -0.00297276    -2.95702       nan            47.4659        
617.597        -122.14        47.6414        28.0196        3.85347        -2.93874       -0.36333       0.317601       -3.1621        213.82         -122.14        47.6415        218.768        27.6775        -0.279684      -0.0721714     0.0100867      -0.00297264    -2.95702       nan            47.4648        
618.582        -122.14        47.6414        28.0175        3.87672        -2.94555       -0.344572      0.310519       -3.14942       214.223        -122.14        47.6415        218.766        27.6775        -0.279684      -0.0721716     0.0100867      -0.00297266    -2.95702       nan            47.4637        
619.571        -122.14        47.6414        28.02          3.88983        -2.94982       -0.330668      0.314927       -3.13401       214.615        -122.14        47.6415        218.763        27.6775        -0.279684      -0.0721718     0.0100867      -0.00297266    -2.95702       nan            47.4625        
620.552        -122.14        47.6414        28.0267        3.90293        -2.95822       -0.307503      0.324459       -3.11741       215.005        -122.14        47.6415        218.761        27.6775        -0.279684      -0.0721657     0.0100867      -0.00297268    -2.95702       nan            47.4614        
621.553        -122.14        47.6415        28.0221        3.92049        -2.96359       -0.284045      0.3306         -3.10164       215.4          -122.14        47.6415        218.758        27.6775        -0.279684      -0.0721656     0.0100867      -0.00297268    -2.95702       nan            47.4603        
622.522        -122.14        47.6415        28.0147        3.94465        -2.9769        -0.258969      0.341936       -3.09391       215.786        -122.14        47.6415        218.756        27.6775        -0.279684      -0.0721703     0.0100867      -0.0029727     -2.95702       nan            47.4592        
623.507        -122.14        47.6415        28.01          3.97339        -2.98163       -0.234289      0.348273       -3.07484       216.177        -122.14        47.6415        218.753        27.6775        -0.279684      -0.0721645     0.0100867      -0.00297266    -2.95702       90.9979        47.4581        
624.504        -122.14        47.6415        28.0163        3.98899        -2.98872       -0.218448      0.358038       -3.05916       216.574        -122.14        47.6415        218.751        27.6775        -0.279684      -0.0721676     0.0100867      -0.00297266    -2.95702       nan            47.4569        
625.477        -122.14        47.6415        28.0101        4.00669        -2.98679       -0.193101      0.364139       -3.03789       216.961        -122.14        47.6415        218.748        27.6775        -0.279684      -0.0721648     0.0100867      -0.00297265    -2.95702       nan            47.4558        
626.477        -122.14        47.6415        28.0155        4.02422        -2.99554       -0.180984      0.367485       -3.01576       217.356        -122.14        47.6415        218.746        27.6775        -0.279683      -0.072172      0.0100867      -0.00297263    -2.95702       nan            47.4546        
627.447        -122.14        47.6415        28.0152        4.04162        -2.99833       -0.158202      0.376241       -2.99224       217.738        -122.14        47.6415        218.743        27.6775        -0.279684      -0.0721655     0.0100867      -0.00297268    -2.95702       nan            47.4535        
628.433        -122.14        47.6415        27.9993        4.04354        -3.00449       -0.14036       0.383454       -2.97102       218.125        -122.14        47.6415        218.741        27.6775        -0.279683      -0.0721708     0.0100867      -0.00297243    -2.95702       nan            47.4524        
629.433        -122.14        47.6415        27.9937        4.06027        -3.00581       -0.111863      0.389692       -2.95708       218.517        -122.14        47.6415        218.738        27.6775        -0.279684      -0.0721643     0.0100867      -0.00297267    -2.95702       nan            47.4512        
630.402        -122.14        47.6415        27.9933        4.06695        -2.99255       -0.0810009     0.386979       -2.93504       218.891        -122.14        47.6415        218.736        27.6775        -0.279684      -0.0721645     0.0100867      -0.00297265    -2.95702       nan            47.4501        
631.397        -122.14        47.6415        27.9973        4.06878        -2.99121       -0.0510915     0.394951       -2.91748       219.269        -122.14        47.6415        218.733        27.6775        -0.279684      -0.0721655     0.0100867      -0.00297265    -2.95702       nan            47.4489        
632.372        -122.14        47.6415        27.9896        4.07614        -2.97388       -0.0188925     0.399877       -2.90097       219.636        -122.14        47.6415        218.731        27.6775        -0.279683      -0.0721688     0.0100867      -0.00297267    -2.95702       nan            47.4477        
633.377        -122.14        47.6415        28.3489        8.63857        12.4663        0.797214       0.226364       -0.317781      220.229        -122.14        47.6415        218.944        27.7921        15.6444        4.58103        0.247123       -0.0462515     -0.879401      nan            47.4465        
634.342        -122.14        47.6415        28.5049        8.01079        -1.54675       1.14698        0.466449       1.21604        220.455        -122.14        47.6415        218.721        27.9703        1.71381        3.98705        0.552244       -0.146166      1.14728        nan            47.4454        
635.327        -122.14        47.6415        28.2132        5.9551         -10.4999       0.262204       0.515641       0.981486       220.95         -122.14        47.6415        218.738        27.7773        -7.24393       1.93113        -0.128661      0.0712966      1.23185        nan            47.4442        
636.312        -122.14        47.6415        27.4086        1.12453        -8.53648       -0.42437       0.395107       -0.0755806     221.329        -122.14        47.6415        218.751        27.1801        -5.29434       -2.94275       -0.770126      -0.0286223     0.205079       nan            47.4431        
637.297        -122.14        47.6415        27.2153        -0.476048      -2.37995       -0.138601      0.426889       -0.876713      221.669        -122.14        47.6415        218.733        27.0608        0.841432       -4.52514       -0.488384      -0.0015795     -0.62683       nan            47.4419        
638.282        -122.14        47.6415        27.1683        5.1131         -0.731008      0.202001       0.208142       -0.63761       221.856        -122.14        47.6415        218.609        26.7793        2.46686        1.07777        -0.0195727     -0.240156      -0.446732      nan            47.4407        
639.267        -122.14        47.6415        27.1541        4.31416        -2.5799        0.203322       0.23506        -0.445503      222.002        -122.14        47.6415        218.379        26.8016        0.618512       0.293773       -0.00262789    -0.224105      -0.110367      nan            47.4395        
640.252        -122.14        47.6415        27.1453        4.09066        -3.0549        0.166739       0.248103       -0.437897      222.162        -122.14        47.6415        218.165        26.8034        0.147685       0.0703876      -0.000594995   -0.210887      -0.0261867     nan            47.4383        
641.237        -122.14        47.6415        27.1348        4.03398        -3.17272       0.12007        0.259316       -0.471423      222.325        -122.14        47.6415        217.965        26.8035        0.0351177      0.0167677      -0.000140818   -0.205879      -0.00638988    nan            47.4371        
642.222        -122.14        47.6415        27.129         4.00529        -3.2079        0.0756193      0.266309       -0.506302      222.49         -122.14        47.6415        217.762        26.8035        0.00830481     0.00397213     -3.22582e-05   -0.20409       -0.0015112     nan            47.4359        
