bag_time_ns,data
1671607365001566720,0.234063715
1671607365021242112,0.234058738
1671607365041802240,0.231593579
1671607365061355776,0.231496334
1671607365081722624,0.231399536
1671607365100979712,0.234431431
1671607365121406976,0.234452218
1671607365140886272,0.234247908
1671607365161668864,0.234256640
1671607365182982144,0.234265059
1671607365201516800,0.234138072
1671607365221606144,0.234138563
1671607365240971520,0.235261902
1671607365261533696,0.235304713
1671607365281755392,0.235348985
1671607365301183232,0.235923678
1671607365321772032,0.235992014
1671607365341072384,0.236840174
1671607365361494016,0.236939222
1671607365383010560,0.237040192
1671607365401485056,0.234967023
1671607365421872128,0.234989375
1671607365441068544,0.237472817
1671607365461180416,0.237582311
1671607365481724416,0.237691447
1671607365501057536,0.236493394
1671607365521464320,0.236556306
1671607365541792512,0.237653315
1671607365561081856,0.237755805
1671607365582557184,0.237860888
1671607365600880896,0.238360360
1671607365621312256,0.238477200
1671607365641743360,0.240424529
1671607365661073408,0.240611568
1671607365681842432,0.240802929
1671607365701381632,0.237392321
1671607365721119488,0.237443447
1671607365742887680,0.237969920
1671607365761169920,0.238037437
1671607365782646784,0.238103539
1671607365801247744,0.234636068
1671607365821468160,0.234577894
1671607365841717760,0.234600082
1671607365860985600,0.234543964
1671607365881639168,0.234484404
1671607365900911104,0.232109025
1671607365921160448,0.231963590
1671607365941406464,0.230844840
1671607365960780032,0.230661854
1671607365983631360,0.230477110
1671607366000930048,0.232498407
1671607366021460224,0.232392177
1671607366040835328,0.231765881
1671607366060952576,0.231639743
1671607366081424384,0.231513694
1671607366101814272,0.234968171
1671607366120835840,0.234969839
1671607366141234432,0.231988057
1671607366162015488,0.231875256
1671607366182893568,0.231761590
1671607366201276672,0.235122740
1671607366221676800,0.235137910
1671607366241307648,0.233904600
1671607366261966080,0.233870462
1671607366281367296,0.233834639
1671607366301686528,0.238687724
1671607366321142784,0.238832682
1671607366341560320,0.235258684
1671607366362010368,0.235265449
1671607366383101696,0.235272303
1671607366402131712,0.236963481
1671607366421806848,0.237031713
1671607366441055232,0.235458091
1671607366461793536,0.235461682
1671607366481018624,0.235465765
1671607366501472512,0.234582990
1671607366520837120,0.234552383
1671607366541117184,0.235307202
1671607366561816576,0.235305414
1671607366582938368,0.235303432
1671607366601379072,0.235108614
1671607366621708800,0.235101402
1671607366641851648,0.236810371
1671607366661377792,0.236868560
1671607366681818880,0.236926869
1671607366700995328,0.237816647
1671607366721382912,0.237908766
1671607366741805056,0.237094000
1671607366761995008,0.237152159
1671607366783211776,0.237210259
1671607366801607936,0.237924233
1671607366820781568,0.238005787
1671607366840916736,0.241903663
1671607366861496064,0.242132306
1671607366881726976,0.242363125
1671607366901313536,0.238158748
1671607366921528320,0.238220036
1671607366941796608,0.237115890
1671607366961206784,0.237134561
1671607366982592512,0.237156272
1671607367001026048,0.234070450
1671607367021756416,0.233977169
1671607367041139200,0.234839752
1671607367061710080,0.234782010
1671607367081162496,0.234723523
1671607367101463296,0.232813045
1671607367121771008,0.232685998
1671607367141175040,0.230599299
1671607367161954304,0.230406955
1671607367182992384,0.230210036
1671607367201447424,0.231111750
1671607367221846784,0.230953276
1671607367240822272,0.229795352
1671607367261524992,0.229595006
1671607367281658112,0.229394674
1671607367301146624,0.233855814
1671607367321421056,0.233830243
1671607367341748992,0.231425479
1671607367360977664,0.231315732
1671607367383406848,0.231204346
1671607367401614080,0.236121476
1671607367420881408,0.236191556
1671607367441106176,0.233945116
1671607367461555456,0.233938724
1671607367480845568,0.233927727
1671607367501537280,0.233320951
1671607367520705536,0.233313903
1671607367541019392,0.233651400
1671607367561569280,0.233627826
1671607367583815168,0.233581513
1671607367601066240,0.237413108
1671607367621739520,0.237502664
1671607367640753408,0.238176405
1671607367661488128,0.238307819
1671607367681700096,0.238451153
1671607367701088256,0.236858338
1671607367722035712,0.236936808
1671607367741820928,0.236046791
1671607367761985280,0.236088648
1671607367783731456,0.236122936
1671607367801319168,0.236810967
1671607367821861888,0.236864179
1671607367842037504,0.237755388
1671607367861619456,0.237843066
1671607367882344704,0.237938687
1671607367901415936,0.236504123
1671607367920635136,0.236546978
1671607367940804352,0.236953080
1671607367961121536,0.236992180
1671607367983682560,0.237035275
1671607368000831744,0.236596614
1671607368021147392,0.236626044
1671607368041356032,0.238750950
1671607368061620224,0.238858461
1671607368081292544,0.238964841
1671607368100855296,0.236351967
1671607368121216512,0.236351773
1671607368141537536,0.236146554
1671607368161016832,0.236138612
1671607368183464448,0.236133933
1671607368200786944,0.232951835
1671607368221137152,0.232826784
1671607368241574400,0.235467955
1671607368261320448,0.235448003
1671607368281838336,0.235430360
1671607368301582848,0.233855307
1671607368321226752,0.233778223
1671607368341390848,0.234822184
1671607368361799424,0.234784767
1671607368383379456,0.234746650
1671607368401675264,0.234137654
1671607368421155328,0.234082907
1671607368441383680,0.231408402
1671607368461678592,0.231253549
1671607368481137408,0.231096447
1671607368500754688,0.232236966
1671607368520958464,0.232127488
1671607368541228032,0.231044695
1671607368562138368,0.230908796
1671607368583223808,0.230774552
1671607368601736960,0.237066239
1671607368621090304,0.237164244
1671607368641448960,0.235623732
1671607368660875264,0.235656083
1671607368681225472,0.235688522
1671607368700869120,0.236630633
1671607368721277952,0.236705333
1671607368741396992,0.233527005
1671607368761411584,0.233474031
1671607368783717120,0.233417407
1671607368800977152,0.233554810
1671607368821311488,0.233507365
1671607368841663232,0.230010673
1671607368861151744,0.229835004
1671607368881316352,0.229658037
1671607368901744640,0.230366945
1671607368920968448,0.230220944
1671607368941297152,0.231951714
1671607368961047808,0.231877193
1671607368983116032,0.231802613
1671607369001546496,0.234066159
1671607369021033728,0.234080672
1671607369041157120,0.235278234
1671607369061413888,0.235339671
1671607369081021952,0.235403061
1671607369101305600,0.233564481
1671607369121599232,0.233562008
1671607369140752896,0.236203983
1671607369161072128,0.236297965
1671607369183516416,0.236390814
1671607369200839680,0.235305116
1671607369221271040,0.235353857
1671607369241515520,0.234716535
1671607369260980736,0.234736726
1671607369281199104,0.234754637
1671607369301527552,0.233140409
1671607369320643840,0.233093232
1671607369341018880,0.231064111
1671607369361979648,0.230946049
1671607369383225344,0.230829954
1671607369401649920,0.226142973
1671607369420958464,0.225852236
1671607369441296896,0.226069748
1671607369461940480,0.225799263
1671607369481443584,0.225528091
1671607369500630528,0.223483071
1671607369520911104,0.223148167
1671607369541257728,0.224817902
1671607369561429504,0.224552542
1671607369582912768,0.224284634
1671607369601461248,0.223031431
1671607369621693440,0.222728536
1671607369640970240,0.222367942
1671607369661445632,0.222064286
1671607369680705280,0.221762255
1671607369701182720,0.222513571
1671607369721537536,0.222254083
1671607369741796608,0.223537445
1671607369762241280,0.223335296
1671607369783326976,0.223133832
1671607369801787136,0.225296900
1671607369820907264,0.225182816
1671607369841292288,0.223435923
1671607369861624064,0.223254994
1671607369880765184,0.223073021
1671607369901318656,0.225975499
1671607369921562624,0.225907072
1671607369940814336,0.226311624
1671607369961307392,0.226262763
1671607369982701056,0.226213396
1671607370001385984,0.227103576
1671607370021655552,0.227090493
1671607370040891392,0.226983905
1671607370061289984,0.226972327
1671607370081730048,0.226960748
1671607370101001984,0.226924822
1671607370121326848,0.226912454
1671607370141656576,0.227518037
1671607370161369856,0.227531418
1671607370182656000,0.227545977
1671607370201006080,0.226645231
1671607370221260288,0.226625532
1671607370241539328,0.225566760
1671607370261108992,0.225505218
1671607370281299712,0.225441113
1671607370302023168,0.225530535
1671607370321065472,0.225472227
1671607370341272064,0.227980077
1671607370361739776,0.228017032
1671607370382999808,0.228050858
1671607370401355264,0.227549925
1671607370421485312,0.227566570
1671607370440748032,0.229087710
1671607370461670912,0.229163334
1671607370480991488,0.229237825
1671607370501423360,0.226317331
1671607370521528832,0.226281762
1671607370541636352,0.227782473
1671607370561147648,0.227805525
1671607370582573568,0.227828026
1671607370600796416,0.226791739
1671607370621212928,0.226773277
1671607370641457152,0.232250303
1671607370661829632,0.232437938
1671607370681144064,0.232625142
1671607370701545472,0.231776386
1671607370720964608,0.231927276
1671607370742553344,0.234326437
1671607370761064448,0.234558389
1671607370783662080,0.234789446
1671607370801014016,0.229721025
1671607370821337344,0.229757011
1671607370841710848,0.226416171
1671607370860823296,0.226329073
1671607370881382912,0.226245165
1671607370900992768,0.223275304
1671607370921530624,0.223086461
1671607370941010432,0.220513105
1671607370961336064,0.220237911
1671607370983140096,0.219964460
1671607371001524224,0.220085695
1671607371020966912,0.219824389
1671607371041550592,0.220164269
1671607371061887744,0.219927117
1671607371081176832,0.219690844
1671607371101755136,0.222596645
1671607371121036288,0.222476736
1671607371141671168,0.224150434
1671607371161030656,0.224089637
1671607371182694912,0.224027216
1671607371200948480,0.224393472
1671607371221342208,0.224366486
1671607371241499648,0.225219876
1671607371260755456,0.225223079
1671607371281314560,0.225218743
1671607371301664768,0.223227665
1671607371321114368,0.223134547
1671607371341439232,0.225762501
1671607371362008576,0.225792691
1671607371383268096,0.225834623
1671607371401678080,0.227876022
1671607371420960768,0.227973446
1671607371441340160,0.230170831
1671607371461689344,0.230339780
1671607371480974336,0.230510101
1671607371501462528,0.227217659
1671607371521643520,0.227274910
1671607371540795136,0.227888510
1671607371561153280,0.227969572
1671607371582625792,0.228047192
1671607371600930304,0.227090359
1671607371621348608,0.227117002
1671607371640930048,0.227769226
1671607371661551104,0.227826610
1671607371681000704,0.227893606
1671607371701334528,0.225116938
1671607371721859328,0.225073174
1671607371742038784,0.226661235
1671607371762149888,0.226668298
1671607371783301888,0.226674259
1671607371800997120,0.225073770
1671607371821432064,0.225026414
1671607371840926464,0.224813357
1671607371861516032,0.224753931
1671607371880800768,0.224693000
1671607371901268992,0.221564680
1671607371921596160,0.221398458
1671607371941772800,0.225941464
1671607371961552384,0.225959837
1671607371982706176,0.225971878
1671607372000949248,0.224177465
1671607372021180160,0.224110633
1671607372041536000,0.224418566
1671607372061952512,0.224372283
1671607372080964608,0.224324569
1671607372101521152,0.223304749
1671607372121837824,0.223224044
1671607372141039616,0.221569911
1671607372161880064,0.221426591
1671607372183032832,0.221279964
1671607372201376000,0.221747339
1671607372221843712,0.221623659
1671607372240738048,0.220787033
1671607372261312768,0.220637694
1671607372281799680,0.220487118
1671607372301231104,0.222031012
1671607372321383168,0.221946418
1671607372341698304,0.223467886
1671607372361255936,0.223447993
1671607372383396352,0.223427787
1671607372401759232,0.221841842
1671607372421152000,0.221761316
1671607372441559040,0.225820884
1671607372460756992,0.225895971
1671607372481289216,0.225970462
1671607372501684992,0.225676998
1671607372520894208,0.225738123
1671607372541259264,0.225513726
1671607372561766400,0.225559130
1671607372583235072,0.225601479
1671607372601683200,0.226032108
1671607372620830720,0.226095736
1671607372641068288,0.227468610
1671607372661613824,0.227586776
1671607372681099520,0.227702156
1671607372701387264,0.227730706
1671607372721941504,0.227841169
1671607372742606592,0.230155662
1671607372760897024,0.230354249
1671607372783568384,0.230554238
1671607372800948992,0.228555903
1671607372821139200,0.228673235
1671607372841572864,0.228096083
1671607372860925184,0.228186890
1671607372881685504,0.228277057
1671607372901163008,0.228474259
1671607372921814528,0.228571460
1671607372941449984,0.228582472
1671607372960867328,0.228681177
1671607372983365120,0.228779301
1671607373001838848,0.227459460
1671607373021143040,0.227501214
1671607373041408000,0.227956921
1671607373061663744,0.228009626
1671607373080926464,0.228060275
1671607373101633024,0.225779623
1671607373120814336,0.225741789
1671607373141276416,0.226965711
1671607373161603072,0.226979017
1671607373182902272,0.226995349
1671607373201424896,0.223974064
1671607373221801984,0.223876283
1671607373241043200,0.224184170
1671607373261686784,0.224100634
1671607373280909824,0.224018157
1671607373301557760,0.224278986
1671607373321757696,0.224209279
1671607373340942592,0.223214552
1671607373361500928,0.223109379
1671607373382664192,0.223004192
1671607373401158656,0.223180965
1671607373421404416,0.223082423
1671607373441835776,0.220253646
1671607373461123328,0.220050633
1671607373481636096,0.219846740
1671607373500905472,0.221568018
1671607373521322240,0.221434101
1671607373541438976,0.221880451
1671607373561056512,0.221768856
1671607373583160576,0.221656829
1671607373601583616,0.221407041
1671607373620822016,0.221289575
1671607373641301504,0.225494295
1671607373661964288,0.225541234
1671607373681367040,0.225590006
1671607373700745728,0.223571643
1671607373721073664,0.223544046
1671607373742497536,0.227322936
1671607373761418752,0.227439761
1671607373783071232,0.227556929
1671607373801738752,0.224612445
1671607373821139200,0.224617198
1671607373841469184,0.227269858
1671607373861251072,0.227377519
1671607373881498624,0.227484837
1671607373900931584,0.227615416
1671607373921301760,0.227722064
1671607373941521152,0.228285462
1671607373961956352,0.228407815
1671607373983331328,0.228528619
1671607374001577472,0.228698388
1671607374021767680,0.228819072
1671607374040939520,0.229979113
1671607374061398016,0.230138764
1671607374081548032,0.230298832
1671607374101021696,0.228305861
1671607374121369088,0.228384420
1671607374141716992,0.228441879
1671607374160868096,0.228517383
1671607374183314176,0.228593633
1671607374200765696,0.226695925
1671607374221410560,0.226699844
1671607374241712384,0.228695616
1671607374260917760,0.228774667
1671607374281459712,0.228855059
1671607374300956160,0.229875907
1671607374321424384,0.229987726
1671607374341805312,0.229205713
1671607374361314816,0.229284808
1671607374383032320,0.229364201
1671607374401708288,0.228842303
1671607374420858368,0.228897661
1671607374441134848,0.226750553
1671607374461776128,0.226723015
1671607374481362176,0.226697683
1671607374500810496,0.226157054
1671607374521091584,0.226114318
1671607374541257984,0.225270763
1671607374561724160,0.225193143
1671607374583299072,0.225116521
1671607374601701120,0.223505065
1671607374620918016,0.223374218
1671607374641154304,0.225062758
1671607374661534208,0.224998951
1671607374680926208,0.224932671
1671607374701238272,0.223478243
1671607374722176000,0.223359734
1671607374742283008,0.224511534
1671607374762035712,0.224442735
1671607374783277824,0.224372864
1671607374801581056,0.223241031
1671607374820889856,0.223130971
1671607374840955136,0.225652307
1671607374861391872,0.225639001
1671607374881096960,0.225625977
1671607374901509888,0.223344013
1671607374921867008,0.223245263
1671607374940988928,0.224536926
1671607374961289216,0.224491924
1671607374982786304,0.224448055
1671607375001135104,0.225214690
1671607375021495296,0.225200221
1671607375040797696,0.225625396
1671607375061513728,0.225628138
1671607375080806144,0.225630939
1671607375101567232,0.226479724
1671607375121056512,0.226514295
1671607375141677056,0.227532387
1671607375160964352,0.227601111
1671607375183647488,0.227668986
1671607375200937728,0.225695267
1671607375221582080,0.225689620
1671607375240790784,0.228259444
1671607375261310720,0.228353769
1671607375281597440,0.228446677
1671607375301191424,0.227929458
1671607375321432832,0.227995723
1671607375340725760,0.228249088
1671607375361176576,0.228319675
1671607375383656448,0.228386939
1671607375400987136,0.225358725
1671607375421303552,0.225310653
1671607375441548544,0.227355704
1671607375461858048,0.227390677
1671607375481036800,0.227426246
1671607375501511680,0.228526011
1671607375521752832,0.228605017
1671607375540876032,0.227919281
1671607375561149952,0.227971971
1671607375582756864,0.228024095
1671607375601260544,0.228826806
1671607375621485824,0.228905931
1671607375641718272,0.227445751
1671607375661071104,0.227466881
1671607375681534464,0.227486998
1671607375700947456,0.227268785
1671607375721256192,0.227278411
1671607375740801280,0.225939482
1671607375761840384,0.225895271
1671607375782208000,0.225851372
1671607375801646336,0.226992548
1671607375820974336,0.226994634
1671607375841251072,0.226393521
1671607375861797888,0.226372272
1671607375880956160,0.226351872
1671607375901425664,0.224201083
1671607375921812224,0.224100530
1671607375940934400,0.224868581
1671607375961664768,0.224800691
1671607375983082496,0.224733457
1671607376001619456,0.224004462
1671607376021157376,0.223914817
1671607376041213440,0.224229008
1671607376061562368,0.224157766
1671607376081109248,0.224087089
1671607376101395456,0.224352196
1671607376121658880,0.224298030
1671607376140776960,0.227517784
1671607376161065216,0.227586091
1671607376182382336,0.227653310
1671607376201675264,0.225067720
1671607376220852480,0.225038186
1671607376240966656,0.226105168
1671607376261227520,0.226117924
1671607376281792256,0.226129323
1671607376301508096,0.224864244
1671607376321010944,0.224827558
1671607376341288448,0.227804393
1671607376361995776,0.227886751
1671607376383402240,0.227950215
1671607376401556224,0.227069139
1671607376420923904,0.227100834
1671607376441030400,0.225996658
1671607376461587712,0.225995094
1671607376480688384,0.226000279
1671607376501416448,0.226016790
1671607376521670144,0.226014629
1671607376540797440,0.229038462
1671607376561291776,0.229143783
1671607376583694592,0.229265317
1671607376600888576,0.229572937
1671607376621156864,0.229691699
1671607376641527040,0.229724973
1671607376661683968,0.229833841
1671607376681116160,0.229955599
1671607376701646336,0.230446771
1671607376721408256,0.230569348
1671607376742867712,0.229487598
1671607376761013248,0.229563177
1671607376782690816,0.229648367
1671607376801265920,0.230801672
1671607376821524480,0.230928168
1671607376841287936,0.228417575
1671607376861689088,0.228447467
1671607376880986880,0.228477165
1671607376901430784,0.228913993
1671607376921811456,0.228957951
1671607376941075200,0.226733789
1671607376961483776,0.226689473
1671607376982744576,0.226650760
1671607377001262080,0.226701617
1671607377021046784,0.226658151
1671607377041137152,0.223707631
1671607377061552128,0.223575115
1671607377080976128,0.223425597
1671607377101580800,0.224410221
1671607377121790976,0.224269375
1671607377141163008,0.224268854
1671607377161627648,0.224174336
1671607377182168832,0.224088982
1671607377201588736,0.222983405
1671607377220933120,0.222815260
1671607377241233152,0.225983500
1671607377261715968,0.225974381
1671607377281324800,0.225966930
1671607377301154560,0.224055573
1671607377321425152,0.223934978
1671607377341729280,0.226669595
1671607377360987904,0.226710245
1671607377383413248,0.226696730
1671607377401797888,0.225692987
1671607377421095680,0.225693688
1671607377441667840,0.226977646
1671607377461003008,0.227135912
1671607377481706752,0.227123305
1671607377501189120,0.226502940
1671607377521689344,0.226598412
1671607377540995328,0.229237974
1671607377562021632,0.229419738
1671607377583259648,0.229600132
1671607377601569536,0.227121398
1671607377620967680,0.227273867
1671607377641456640,0.228394553
1671607377660759808,0.228366062
1671607377681489920,0.228564262
1671607377701084928,0.227143377
1671607377721510400,0.227176741
1671607377741806080,0.228342384
1671607377761573888,0.228243709
1671607377783299584,0.228368685
1671607377801713152,0.227693632
1671607377821029632,0.227626234
1671607377841208832,0.226741061
1671607377861941760,0.226615757
1671607377881011200,0.226593420
1671607377901412608,0.225578308
1671607377921738752,0.225372314
1671607377941146368,0.227320492
1671607377961820416,0.227238506
1671607377982890496,0.227202967
1671607378001135360,0.230154410
1671607378021677568,0.230156332
1671607378040866816,0.228635550
1671607378061318912,0.228623942
1671607378081632256,0.228701428
1671607378101245952,0.229043782
1671607378121837312,0.229087666
1671607378141407488,0.226832852
1671607378161113856,0.226782814
1671607378182586112,0.226777062
1671607378200893696,0.230447471
1671607378221531904,0.230537936
1671607378241116672,0.226374060
1671607378261948672,0.226300940
1671607378281103104,0.226240188
1671607378301718528,0.226463243
1671607378321072384,0.226399690
1671607378341562368,0.224166974
1671607378362013440,0.224030361
1671607378383213056,0.223880410
1671607378401562880,0.224043772
1671607378421746688,0.223914459
1671607378440964096,0.222301453
1671607378461293824,0.222148970
1671607378481787648,0.221950933
1671607378501185024,0.221873909
1671607378521489920,0.221709237
1671607378541657088,0.226642057
1671607378560945408,0.226687014
1671607378582483968,0.226709545
1671607378600767232,0.225739270
1671607378621178112,0.225761712
1671607378641279232,0.228276536
1671607378661863424,0.228367507
1671607378680954112,0.228470504
1671607378701453312,0.226077676
1671607378721819392,0.226087123
1671607378742467584,0.229635045
1671607378761014784,0.229754046
1671607378783660544,0.229906887
1671607378800979968,0.227417275
1671607378821210624,0.227445021
1671607378841528576,0.227915347
1671607378861872384,0.227958441
1671607378881284864,0.228015885
1671607378901568512,0.225769565
1671607378921032960,0.225731879
1671607378941278464,0.227003261
1671607378961681408,0.227026954
1671607378982985984,0.227037728
1671607379001431296,0.226523653
1671607379020934144,0.226510793
1671607379041168384,0.224435195
1671607379060856320,0.224356294
1671607379081435904,0.224280030
1671607379100979456,0.228732899
1671607379121805568,0.228812128
1671607379141172736,0.228670135
1671607379162072832,0.228751138
1671607379182158848,0.228833720
1671607379200722176,0.231116056
1671607379221220608,0.231277689
1671607379241485568,0.229307204
1671607379261064704,0.229397550
1671607379281349888,0.229485914
1671607379300834048,0.231377944
1671607379321204224,0.231537178
1671607379341436672,0.228175089
1671607379361794560,0.228201747
1671607379383083008,0.228247523
1671607379401476352,0.228232637
1671607379420732928,0.228265405
1671607379440965632,0.225228325
1671607379461486080,0.225158304
1671607379480820224,0.225106001
1671607379501146624,0.227217048
1671607379521565184,0.227222100
1671607379540658688,0.224719465
1671607379561432832,0.224617288
1671607379582707456,0.224527195
1671607379601085952,0.225678861
1671607379621468672,0.225658417
1671607379641515008,0.224547163
1671607379660881408,0.224479064
1671607379681376768,0.224416062
1671607379700773888,0.226452649
1671607379721544960,0.226697862
1671607379741298432,0.226880446
1671607379761707776,0.227365389
1671607379782211584,0.228046238
1671607379801055744,0.229515076
1671607379821488128,0.230842158
1671607379840886016,0.236100778
1671607379861361408,0.238421366
1671607379880827392,0.241285220
1671607379901044736,0.244350895
1671607379921253632,0.248554856
1671607379941601792,0.254295498
1671607379960692480,0.260171235
1671607379982209280,0.266962737
1671607380001772032,0.273150504
1671607380021386240,0.281878591
1671607380041625600,0.293096453
1671607380061103872,0.303958803
1671607380081340416,0.315994948
1671607380100724992,0.331551164
1671607380121123072,0.345811576
1671607380141510400,0.362737834
1671607380160964608,0.379349947
1671607380182528000,0.397052824
1671607380200860928,0.417005867
1671607380221422336,0.436740398
1671607380241626112,0.449894965
1671607380261317632,0.471465409
1671607380281546240,0.493998468
1671607380301014272,0.508854926
1671607380321394432,0.533031166
1671607380341607168,0.551193774
1671607380361159168,0.577074885
1671607380382352640,0.603987098
1671607380401639168,0.624585152
1671607380420811776,0.653316736
1671607380441082624,0.678257406
1671607380461767168,0.708919823
1671607380481664000,0.740681827
1671607380501092608,0.770598829
1671607380521482752,0.804439127
1671607380541609984,0.836368144
1671607380560990208,0.872307897
1671607380583333376,0.909384847
1671607380601639680,0.942710459
1671607380621072896,0.981945992
1671607380641733120,1.019030452
1671607380661301248,1.060494184
1671607380681405440,1.103135824
1671607380700728064,1.136967897
1671607380722502400,1.181702614
1671607380741280000,1.230246663
1671607380761251584,1.277508974
1671607380782480640,1.326006532
1671607380801689600,1.400539875
1671607380821123840,1.452292204
1671607380841402112,1.520000696
1671607380861876736,1.574617863
1671607380881121024,1.630441546
1671607380901488384,1.695476770
1671607380920962304,1.753885508
1671607380941129984,1.801160216
1671607380961613056,1.861439347
1671607380982820352,1.922799230
1671607381001119744,1.974922299
1671607381021559552,2.038102150
1671607381041701888,2.100470543
1671607381061103104,2.165632725
1671607381081364736,2.231755257
1671607381101863936,2.286424398
1671607381121043456,2.354066133
1671607381141403136,2.428549528
1671607381161700608,2.497987270
1671607381182074624,2.568171978
1671607381201355776,2.631984949
1671607381221777920,2.703356981
1671607381240894208,2.769838095
1671607381261221376,2.842366457
1671607381280913408,2.915498018
1671607381301046016,2.980344296
1671607381321342208,3.054357290
1671607381341552384,3.125149727
1671607381360903936,3.200109720
1671607381382312960,3.275535345
1671607381401799168,3.362919807
1671607381421280768,3.439383507
1671607381441828096,3.523513317
1671607381461033984,3.600801468
1671607381481697792,3.678374529
1671607381501068544,3.760430336
1671607381521451008,3.838618279
1671607381540645888,3.919945955
1671607381561386496,3.998737097
1671607381582338048,4.077786922
1671607381601787648,4.167232037
1671607381621214976,4.246867180
1671607381641427968,4.324290752
1671607381662003456,4.404254913
1671607381681072128,4.484355927
1671607381701620480,4.558269024
1671607381721986816,4.638566017
1671607381742611968,4.715843678
1671607381761090560,4.796310425
1671607381782799872,4.876875877
1671607381801380864,4.969820023
1671607381820825344,5.050693512
1671607381841200640,5.146406174
1671607381861950720,5.227560520
1671607381881045248,5.308747768
1671607381901394688,5.407497883
1671607381921842432,5.488817692
1671607381941045760,5.593873024
1671607381960460288,5.675369740
1671607381982975232,5.756841660
1671607382001381120,5.852040291
1671607382020737280,5.933561325
1671607382041347328,6.015028954
1671607382061740288,6.096450329
1671607382080993536,6.177818298
1671607382101548288,6.278871536
1671607382120762112,6.360326767
1671607382140892416,6.462261677
1671607382161484544,6.543834209
1671607382182921472,6.625357628
1671607382201144320,6.693520546
1671607382221449728,6.774853230
1671607382240657920,6.905627251
1671607382261011712,6.987401962
1671607382281380864,7.069147110
1671607382302042368,7.156523228
1671607382321150464,7.238253593
1671607382341359616,7.319946766
1671607382360651776,7.401623249
1671607382383137536,7.483289719
1671607382401517568,7.612960339
1671607382420728320,7.695056438
1671607382440943104,7.777105331
1671607382461523712,7.859103203
1671607382480742400,7.941043854
1671607382501289728,8.022931099
1671607382520666112,8.104761124
1671607382541264896,8.186553001
1671607382561937920,8.268307686
1671607382581902080,8.349996567
1671607382601424384,8.431600571
1671607382621666816,8.513100624
1671607382641041152,8.651915550
1671607382661460736,8.733749390
1671607382681104896,8.815493584
1671607382700488960,8.897150040
1671607382721272320,8.978712082
1671607382740867840,9.060160637
1671607382761240576,9.141477585
1671607382782884352,9.222656250
1671607382801369344,9.303700447
1671607382822252800,9.384625435
1671607382841039104,9.465437889
1671607382860425216,9.546132088
1671607382880958976,9.626713753
1671607382901424384,9.707201958
1671607382921678592,9.787622452
1671607382940842752,9.867997169
1671607382961083904,9.948332787
1671607382982544128,10.028626442
1671607383001168896,10.108857155
1671607383021601024,10.189007759
1671607383040855040,10.269097328
1671607383061261056,10.349131584
1671607383080799744,10.429100037
1671607383101365504,10.508996010
1671607383120467712,10.588840485
1671607383140716288,-0.000002014
1671607383160969984,-0.000001685
1671607383183422208,-0.000001694
1671607383200666368,-0.000001235
1671607383220972544,-0.000001678
1671607383240322560,-0.000002287
1671607383261909760,-0.000003644
1671607383281160192,-0.000003270
1671607383301706240,-0.000002588
1671607383321099008,-0.000002709
1671607383340267264,-0.000003286
1671607383360609280,-0.000003068
1671607383382459648,-0.000003361
1671607383400768768,-0.000002947
1671607383421400832,-0.000001469
1671607383441079552,0.000000001
1671607383461173760,0.000000808
1671607383480757760,0.000000531
1671607383501285376,0.000000406
1671607383520692480,0.000001494
1671607383540985088,0.000002832
1671607383561385984,0.000003328
1671607383582843904,0.000003509
1671607383600210176,0.000002023
1671607383621692672,0.000001181
1671607383641120768,0.000001526
1671607383660493568,0.000001917
1671607383680995840,0.000003036
1671607383701524224,0.000002593
1671607383721192448,0.000001716
1671607383742510848,0.000002420
1671607383761328896,0.000001922
1671607383782460160,0.000001115
1671607383801046528,-0.000000096
1671607383820544000,-0.000001102
1671607383841603328,-0.000000869
1671607383862284544,-0.000000731
1671607383880308992,-0.000000690
1671607383901970432,-0.000000216
1671607383921185536,-0.000000648
1671607383941220096,-0.000001366
1671607383960646912,-0.000001625
1671607383982100224,-0.000001438
1671607384001604352,-0.000000901
1671607384020920832,-0.000000321
1671607384041399552,-0.000000184
1671607384061306880,0.000000246
1671607384081393664,0.000001346
1671607384101801472,0.000002198
1671607384121022208,0.000002815
1671607384140182016,0.000002062
1671607384162009600,0.000000848
1671607384182017792,0.000000256
1671607384200476416,0.000000054
1671607384221245696,-0.000000788
1671607384241285376,-0.000000344
1671607384260710400,0.000000359
1671607384280192256,-0.000000093
1671607384301677824,-0.000000741
1671607384321043712,-0.000000573
1671607384341348608,-0.000000527
1671607384360843008,-0.000000645
1671607384382374144,-0.000001258
1671607384400727552,-0.000001374
1671607384421224704,-0.000001168
1671607384441520128,-0.000001484
1671607384460663040,-0.000001868
1671607384480942848,-0.000001835
1671607384501560576,-0.000002172
1671607384520790272,-0.000002278
1671607384540903680,-0.000001651
1671607384560157440,-0.000001018
1671607384582666752,-0.000000269
1671607384601111552,-0.000000041
1671607384620434432,-0.000000716
1671607384640698112,-0.000001623
1671607384660020480,-0.000001092
1671607384681639680,-0.000000361
1671607384701144832,-0.000000291
1671607384721573888,-0.000000227
1671607384742132224,-0.000001014
1671607384760890624,-0.000000865
1671607384782507776,-0.000000337
1671607384800940288,-0.000000439
1671607384820649984,-0.000000137
1671607384841345536,-0.000000452
1671607384860544768,-0.000000649
1671607384881083904,-0.000000244
1671607384900444160,0.000000343
1671607384920822272,-0.000000042
1671607384941319424,0.000001040
1671607384960556800,0.000000642
1671607384982130944,0.000000760
1671607385001698816,0.000000811
1671607385020169728,0.000000583
1671607385040661248,0.000000931
1671607385061026560,0.000000377
1671607385080307200,0.000000465
1671607385100905984,0.000001123
1671607385121340928,0.000000924
1671607385140514048,0.000000629
1671607385161317632,-0.000000544
1671607385182657280,-0.000001359
1671607385201064704,-0.000001527
1671607385220297472,-0.000001907
1671607385241562112,-0.000000323
1671607385261118720,0.000000186
1671607385280322560,-0.000000432
1671607385300877056,-0.000000446
1671607385320237568,-0.000000405
1671607385341475840,0.000000282
1671607385361990400,0.000000128
1671607385382130432,-0.000000572
1671607385400624128,-0.000000157
1671607385420897792,0.000000389
1671607385440336640,0.000001072
1671607385462148352,0.000001050
1671607385480050688,0.000000556
1671607385500976640,0.000000904
1671607385520046080,0.000000962
1671607385540455680,0.000001810
1671607385560677632,0.000001342
1671607385582072320,0.000001277
1671607385600291328,0.000001723
1671607385620734464,0.000002276
1671607385641912320,0.000003132
1671607385661169152,0.000002844
1671607385681712384,0.000001975
1671607385701092608,0.000002131
1671607385720257024,0.000001961
1671607385741173248,0.000002677
1671607385761547520,0.000002543
1671607385781876224,0.000001941
1671607385800276224,0.000001712
1671607385820708096,0.000001903
1671607385839996928,0.000001464
1671607385860510720,0.000000765
1671607385881154048,-0.000000313
1671607385900404992,0.000000117
1671607385920692480,0.000000429
1671607385940830464,-0.000000321
1671607385960066048,-0.000000432
1671607385982657280,-0.000001304
1671607386000048640,-0.000002455
1671607386020589312,-0.000001727
1671607386040860928,-0.000001414
1671607386060265472,-0.000000909
1671607386080820224,-0.000001026
1671607386101242368,-0.000001661
1671607386121617408,-0.000001546
1671607386140889856,-0.000000390
1671607386160073472,-0.000000091
1671607386182623744,-0.000000225
1671607386200251136,-0.000000801
1671607386221735680,-0.000001070
1671607386240934656,-0.000001474
1671607386260337920,-0.000000774
1671607386280775424,-0.000000223
1671607386300256768,-0.000000192
1671607386320776448,-0.000000008
1671607386340841984,0.000000447
1671607386360141824,0.000000811
1671607386382626304,0.000001139
1671607386400318976,0.000001345
1671607386420829952,0.000001840
1671607386441381888,0.000001968
1671607386460557824,0.000001653
1671607386481106944,0.000000600
1671607386501579264,0.000001070
1671607386520857088,0.000001808
1671607386541147904,0.000001921
1671607386560218880,0.000001432
1671607386582841088,0.000000359
1671607386600281600,0.000000238
1671607386621471744,0.000000953
1671607386640726016,0.000000460
1671607386660937984,-0.000000670
1671607386680482048,-0.000001263
1671607386701402112,-0.000001496
1671607386720902656,-0.000000221
1671607386742382592,0.000000530
1671607386760657152,0.000001266
1671607386782091776,0.000002004
1671607386800354560,0.000001864
1671607386820579328,0.000001047
1671607386840917504,0.000002091
1671607386860539392,0.000002035
1671607386880975104,0.000001543
1671607386900491776,0.000001490
1671607386920059136,-0.000000221
1671607386941309696,-0.000000504
1671607386960783872,-0.000000497
1671607386982047488,-0.000000882
1671607387000292608,-0.000000507
1671607387020424192,-0.000000461
1671607387040563200,-0.000001006
1671607387061156864,-0.000001142
1671607387080034304,-0.000000301
1671607387100840448,-0.000000166
1671607387120158208,-0.000000085
1671607387140933376,-0.000000395
1671607387160079360,-0.000000104
1671607387182713600,0.000001069
1671607387200969472,0.000001296
1671607387220362752,0.000000788
1671607387240665344,0.000001014
1671607387261213952,0.000000542
1671607387280368384,0.000000281
1671607387301096448,0.000000683
1671607387320332288,0.000000602
1671607387340564480,0.000000639
1671607387361149952,-0.000000152
1671607387382165504,-0.000001360
1671607387400520704,-0.000000499
1671607387420804096,-0.000000596
1671607387440873984,-0.000000411
1671607387460057856,-0.000000498
1671607387480722944,-0.000001267
1671607387500167936,-0.000000949
1671607387520425728,-0.000001102
1671607387540695552,-0.000002101
1671607387561004544,-0.000001636
1671607387582421248,-0.000001594
1671607387600709376,-0.000001989
1671607387620914432,-0.000001789
1671607387640008192,-0.000001194
1671607387660641024,-0.000001112
1671607387680715264,-0.000001607
1671607387701124096,-0.000002564
1671607387720435712,-0.000003497
1671607387741439744,-0.000004885
1671607387760449536,-0.000005405
1671607387782870528,-0.000005786
1671607387800316672,-0.000006705
1671607387820643584,-0.000008028
1671607387841079040,-0.000009300
1671607387860537600,-0.000009491
1671607387880832768,-0.000010444
1671607387899975424,-0.000012156
1671607387920270592,-0.000014422
1671607387940802560,-0.000016132
1671607387961561856,-0.000016873
1671607387982686464,-0.000017558
1671607388001076992,-0.000018175
1671607388020336128,-0.000019268
1671607388040553984,-0.000019791
1671607388061460224,-0.000020022
1671607388080872704,-0.000020426
1671607388100437248,-0.000022024
1671607388120721664,-0.000022663
1671607388140935936,-0.000021536
1671607388160357632,-0.000021515
1671607388181896192,-0.000023307
1671607388200269056,-0.000024940
1671607388220552192,-0.000024318
1671607388240797696,-0.000022162
1671607388261307392,-0.000023289
1671607388280424192,-0.000024897
1671607388300107008,-0.000025713
1671607388320339200,-0.000024583
1671607388340706560,-0.000025120
1671607388360696064,-0.000025589
1671607388382791680,-0.000024695
1671607388400948736,-0.000023585
1671607388420307712,-0.000025315
1671607388440361984,-0.000026856
1671607388461086464,-0.000026219
1671607388480272384,-0.000025557
1671607388501056512,-0.000026653
1671607388520032512,-0.000025678
1671607388540153856,-0.000025974
1671607388560859904,-0.000024255
1671607388582128640,-0.000024671
1671607388600428032,-0.000023468
1671607388620919552,-0.000023358
1671607388640260096,-0.000022394
1671607388660729600,-0.000021938
1671607388680889856,-0.000019820
1671607388700574720,-0.000019299
1671607388721085440,-0.000017342
1671607388740529408,-0.000016520
1671607388760797440,-0.000015580
1671607388782378752,-0.000016753
1671607388800899328,-0.000017358
1671607388820335360,-0.000015861
1671607388840694528,-0.000013682
1671607388861014016,-0.000012235
1671607388880698368,-0.000012439
1671607388900229376,-0.000012949
1671607388920402176,-0.000011453
1671607388940672512,-0.000009345
1671607388961103616,-0.000007228
1671607388982643456,-0.000006834
1671607389000963584,-0.000008295
1671607389020169216,-0.000008246
1671607389040509696,-0.000008508
1671607389060861184,-0.000006989
1671607389080410624,-0.000004412
1671607389100867584,-0.000002915
1671607389120143616,-0.000002637
1671607389140355328,-0.000003708
1671607389160764416,-0.000005449
1671607389182318336,-0.000005482
1671607389200887808,-0.000004015
1671607389220353280,-0.000002699
1671607389240421888,-0.000001631
1671607389261037312,-0.000000591
1671607389280403968,0.000000279
1671607389300971264,-0.000000017
1671607389320220928,0.000000076
1671607389340374528,-0.000000637
1671607389360669696,-0.000001563
1671607389382166272,-0.000001620
1671607389400657408,-0.000000969
1671607389420075520,-0.000000306
1671607389440403456,0.000000032
1671607389460730880,0.000000343
1671607389480311040,0.000000649
1671607389500695808,0.000000778
1671607389520069632,0.000000929
1671607389540420096,0.000000789
1671607389561056256,0.000000495
1671607389582280704,0.000000101
1671607389600696576,0.000000375
1671607389620067328,0.000000805
1671607389640414720,0.000000732
1671607389660676352,0.000001575
1671607389680279808,0.000001285
1671607389700647680,0.000001062
1671607389721113856,0.000001704
1671607389741896960,0.000002288
1671607389760147968,0.000002038
1671607389782778112,0.000002479
1671607389800200704,0.000002850
1671607389820768256,0.000001945
1671607389840909056,0.000001125
1671607389860070912,0.000000618
1671607389880661248,0.000000509
1671607389900324864,0.000001062
1671607389920496384,0.000000391
1671607389940705024,0.000000683
1671607389961041920,0.000001147
1671607389982662144,0.000000748
1671607390000870912,0.000000904
1671607390020228096,0.000000943
1671607390040350208,0.000001104
1671607390061051136,0.000002033
1671607390080091136,0.000002344
1671607390100831488,0.000002260
1671607390120176640,0.000001981
1671607390140635136,0.000001216
1671607390161250048,0.000000769
1671607390182734080,0.000000038
1671607390199968256,-0.000000923
1671607390220456704,-0.000001524
1671607390240641280,-0.000000949
1671607390261380608,-0.000001014
1671607390280574464,-0.000001187
1671607390301094144,-0.000000613
1671607390320253696,0.000000735
1671607390340437248,0.000001324
1671607390360909824,0.000001512
1671607390382272000,0.000000580
1671607390401130240,0.000000703
1671607390420621568,0.000000810
1671607390440242432,0.000001164
1671607390461228288,0.000001062
1671607390480256000,0.000000804
1671607390500843008,-0.000000257
1671607390520167936,-0.000000493
1671607390540364032,-0.000000756
1671607390560705024,-0.000001407
1671607390582093568,-0.000001494
1671607390600496640,-0.000001118
1671607390620756224,-0.000000177
1671607390640857088,0.000000347
1671607390660278272,0.000000480
1671607390681043712,0.000000264
1671607390700273408,0.000000738
1671607390720946432,0.000000931
1671607390741668096,0.000000600
1671607390761082880,0.000000337
1671607390782613248,-0.000000108
1671607390801024768,0.000000145
1671607390820357632,-0.000000078
1671607390840385792,-0.000000476
1671607390860964608,-0.000000298
1671607390880341760,-0.000000705
1671607390901131520,-0.000000565
1671607390920294144,-0.000000985
1671607390941013504,-0.000000284
1671607390960248064,0.000000314
1671607390981978112,0.000001282
1671607391000423168,0.000000816
1671607391020794624,0.000000028
1671607391039966208,0.000000544
1671607391060188928,0.000000332
1671607391081060864,-0.000000175
1671607391100340480,-0.000000874
1671607391120681216,-0.000002047
1671607391140134144,-0.000000743
1671607391160547072,-0.000000047
1671607391182140160,0.000000599
1671607391200505856,0.000000388
1671607391220901120,0.000000408
1671607391240211968,0.000000416
1671607391260452864,0.000000138
1671607391280862208,-0.000000704
1671607391300445184,-0.000000701
1671607391320721920,-0.000000095
1671607391341176320,0.000000247
1671607391360498176,0.000000675
1671607391382025728,-0.000000108
1671607391400468480,-0.000000072
1671607391421014272,0.000000967
1671607391440459264,0.000000850
1671607391460712192,0.000000277
1671607391480283648,0.000000009
1671607391500771840,-0.000000147
1671607391519985408,-0.000000205
1671607391540305152,0.000000056
1671607391560854528,-0.000000575
1671607391582209024,-0.000001053
1671607391600552960,-0.000001737
1671607391621068544,-0.000001439
1671607391640247552,-0.000001517
1671607391660568576,-0.000001704
1671607391679955456,-0.000001167
1671607391700476416,0.000000125
1671607391720953344,0.000001160
1671607391740399104,0.000001132
1671607391760942848,0.000001219
1671607391782427136,0.000001276
1671607391800883200,0.000001394
1671607391820373504,0.000001337
1671607391840654336,0.000000521
1671607391860967680,0.000000095
1671607391880534528,0.000000229
1671607391900873984,0.000000102
1671607391919998976,-0.000000901
1671607391940625664,-0.000000718
1671607391961209856,-0.000000774
1671607391982668288,-0.000001009
1671607392001059328,-0.000001406
1671607392020820224,-0.000001258
1671607392040951296,-0.000000897
1671607392060441600,-0.000000483
1671607392080925952,0.000000134
1671607392100154112,0.000000495
1671607392120471296,0.000000353
1671607392140861440,0.000000336
1671607392160564224,0.000000574
1671607392182783488,-0.000000106
1671607392200203520,0.000000210
1671607392220390656,0.000000120
1671607392240630272,0.000000682
1671607392259886848,0.000001251
1671607392280406528,0.000001324
1671607392300951808,0.000001027
1671607392320178176,0.000000903
1671607392340613888,0.000000525
1671607392361080832,-0.000000148
1671607392382523136,-0.000000797
1671607392400928256,-0.000001107
1671607392420392192,-0.000000931
1671607392440467200,-0.000001549
1671607392461050112,-0.000002243
1671607392480182272,-0.000002151
1671607392500799232,-0.000001055
1671607392520070912,-0.000000476
1671607392540507904,-0.000000300
1671607392561104896,0.000000469
1671607392582626304,0.000001456
1671607392601045504,0.000001885
1671607392620095488,0.000001338
1671607392640488192,0.000001356
1671607392660904960,0.000001350
1671607392680555008,0.000000934
1671607392700991232,0.000000426
1671607392720612096,0.000000169
1671607392740192768,-0.000000013
1671607392760995072,0.000000384
1671607392782483456,0.000000708
1671607392801115136,0.000000305
1671607392820310528,0.000000339
1671607392840672768,0.000000802
1671607392860093184,-0.000000248
1671607392880953600,-0.000000745
1671607392900367360,-0.000001346
1671607392920835840,-0.000001105
1671607392940102656,-0.000000405
1671607392960384256,0.000000081
1671607392982850048,0.000000199
1671607393000274944,0.000000015
1671607393020394240,0.000000315
1671607393040454400,0.000000482
1671607393061050368,0.000000676
1671607393080006656,0.000000681
1671607393100441344,0.000000919
1671607393121000704,0.000001458
1671607393139995136,0.000002017
1671607393160652288,0.000001763
1671607393182807808,0.000000780
1671607393200210944,-0.000000107
1671607393220746240,-0.000000509
1671607393240834560,-0.000001409
1671607393260417024,-0.000001382
1671607393280558592,-0.000001280
1671607393300141056,-0.000001131
1671607393320774912,-0.000000925
1671607393341020160,-0.000000761
1671607393360187136,-0.000000107
1671607393381743872,0.000000378
1671607393400120320,0.000000859
1671607393420518144,0.000000943
1671607393440877824,0.000000761
1671607393460149248,0.000000840
1671607393480849664,0.000000766
1671607393500150528,-0.000000131
1671607393520449536,-0.000000188
1671607393540708864,0.000000469
1671607393561220864,0.000000507
1671607393582342144,0.000000290
1671607393600838144,-0.000000073
1671607393620035328,-0.000000531
1671607393640169984,-0.000000195
1671607393660690944,-0.000000191
1671607393680940288,-0.000000374
1671607393700452864,-0.000000880
1671607393720886528,-0.000000975
1671607393740888320,-0.000001064
1671607393760959744,-0.000000785
1671607393782475008,-0.000000481
1671607393800858880,-0.000000044
1671607393820198400,0.000000679
1671607393840579328,0.000000645
1671607393860962560,-0.000001100
1671607393880416512,-0.000000360
1671607393900926720,0.000000020
1671607393920054528,0.000000409
1671607393940338944,0.000000020
1671607393960816384,-0.000000548
1671607393982344704,-0.000000622
1671607394000729856,-0.000000575
1671607394020038400,-0.000000452
1671607394040270848,0.000000385
1671607394061420800,0.000000524
1671607394080380160,0.000000906
1671607394100250368,0.000001429
1671607394120927744,0.000000953
1671607394140223488,0.000000512
1671607394161134848,0.000001897
1671607394182211584,0.000001169
1671607394200857344,0.000000406
1671607394220459264,-0.000000608
1671607394240710400,-0.000000608
1671607394260074496,-0.000000085
1671607394280743424,-0.000000159
1671607394300472064,-0.000000495
1671607394320878592,-0.000000337
1671607394341108480,0.000000027
1671607394360294400,-0.000000252
1671607394382652928,-0.000001127
1671607394400064512,-0.000001291
1671607394420703744,-0.000000855
1671607394441093632,-0.000000692
1671607394461109760,-0.000000960
1671607394480102144,0.000000028
1671607394500699648,0.000000752
1671607394519924992,0.000001455
1671607394540092160,0.000001431
1671607394560771328,0.000001347
1671607394582112256,0.000001019
1671607394600389888,0.000001053
1671607394620743936,0.000000628
1671607394640158720,-0.000000503
1671607394660684032,-0.000001322
1671607394681037568,-0.000001353
1671607394700439552,-0.000001124
1671607394722022656,-0.000000450
1671607394740569600,-0.000000592
1671607394760343040,-0.000000773
1671607394782806528,-0.000001153
1671607394800222464,-0.000001126
1671607394820657920,-0.000000247
1671607394840420608,0.000000013
1671607394860837376,-0.000000138
1671607394881052672,0.000000079
1671607394900288512,0.000000753
1671607394920950016,0.000000744
1671607394940158720,0.000000407
1671607394960609792,0.000000682
1671607394981873152,0.000000443
1671607395000413184,0.000000711
1671607395020817920,0.000001116
1671607395039936000,0.000000854
1671607395060258816,0.000000800
1671607395080770560,0.000000339
1671607395100132352,0.000000326
1671607395120614400,-0.000000405
1671607395140884992,-0.000001101
1671607395160152064,-0.000000713
1671607395182716928,-0.000000877
1671607395200000768,-0.000000949
1671607395220295424,-0.000000087
1671607395240679424,-0.000000770
1671607395260011776,-0.000000361
1671607395280942336,-0.000000178
1671607395300448256,-0.000000003
1671607395320849408,-0.000000171
1671607395340407808,-0.000000818
1671607395359940608,-0.000000436
1671607395382582784,0.000000175
1671607395399983360,0.000000836
1671607395420203776,0.000001147
1671607395440967680,0.000001422
1671607395460294912,0.000002204
1671607395480730368,0.000002360
1671607395500227328,0.000001189
1671607395520648704,0.000000282
1671607395541070336,0.000000142
1671607395560427008,0.000000345
1671607395582900992,0.000000237
1671607395600733184,0.000000626
1671607395620025600,0.000001145
1671607395640354304,0.000000798
1671607395661010688,0.000000454
1671607395680387840,0.000000028
1671607395699991552,-0.000000008
1671607395720534528,-0.000000077
1671607395740099840,-0.000000613
1671607395760829184,-0.000001614
1671607395782406912,-0.000001355
1671607395800854016,-0.000001015
1671607395819997696,-0.000000670
1671607395840126208,-0.000000927
1671607395860458240,-0.000001505
1671607395881016320,-0.000000669
1671607395900712960,0.000000337
1671607395919977728,-0.000000280
1671607395940431104,0.000000014
1671607395960748800,-0.000000214
1671607395982581760,-0.000000312
1671607396000932864,-0.000000487
1671607396020379648,-0.000000098
1671607396040752128,0.000000803
1671607396060115456,0.000002123
1671607396080833792,0.000002249
1671607396100352768,0.000001346
1671607396120810240,0.000000861
1671607396140134400,0.000001010
1671607396160630528,0.000000712
1671607396182054656,-0.000000652
1671607396200533760,-0.000000406
1671607396220944384,-0.000000159
1671607396240199424,0.000000036
1671607396260595712,0.000000264
1671607396280034816,0.000000494
1671607396300547840,0.000000632
1671607396319939328,0.000000436
1671607396340360448,-0.000000233
1671607396359755008,-0.000001175
1671607396382553344,-0.000001672
1671607396400013568,-0.000001598
1671607396420399616,-0.000001905
1671607396440714240,-0.000001052
1671607396460023040,-0.000000372
1671607396480554240,0.000000578
1671607396500980736,0.000000798
1671607396520254208,0.000000978
1671607396539954176,0.000001034
1671607396560623360,0.000000948
1671607396582094080,0.000001326
1671607396600655872,0.000000320
1671607396619805696,-0.000000489
1671607396640197376,-0.000000842
1671607396660771584,-0.000000418
1671607396680200704,-0.000000446
1671607396700810240,-0.000000299
1671607396720103168,0.000000273
1671607396742076160,0.000000636
1671607396760383488,0.000000780
1671607396782937088,0.000000030
1671607396800483840,-0.000000190
1671607396819885056,-0.000000208
1671607396840269056,-0.000000383
1671607396860776192,-0.000001451
1671607396880181504,-0.000001422
1671607396900650240,-0.000000426
1671607396919784960,0.000000547
1671607396940227584,0.000001534
1671607396960647680,0.000002131
1671607396981978112,0.000001658
1671607397000324096,0.000001782
1671607397021022976,0.000001128
1671607397040326912,0.000001055
1671607397060859392,-0.000000119
1671607397080421376,-0.000000315
1671607397100804864,0.000000130
1671607397120048640,0.000000205
1671607397140303104,-0.000000014
1671607397160474624,0.000000193
1671607397182175232,0.000001053
1671607397200607488,0.000000893
1671607397220203264,0.000000857
1671607397240467712,-0.000000501
1671607397261145344,-0.000000863
1671607397280601600,-0.000002606
1671607397300028160,-0.000002543
1671607397320416512,-0.000002328
1671607397340778240,-0.000001849
1671607397361092864,-0.000001126
1671607397382347008,-0.000000202
1671607397400698368,0.000000119
1671607397419988736,0.000000566
1671607397440384512,0.000000525
1671607397460864000,0.000000213
1671607397480139776,-0.000000635
1671607397500699648,0.000000025
1671607397520109568,-0.000000481
1671607397540382464,-0.000001514
1671607397560160768,-0.000001324
1671607397582695424,-0.000001006
1671607397599981824,-0.000000190
1671607397620392448,0.000000350
1671607397640794880,-0.000000063
1671607397660287232,0.000000281
1671607397680668672,0.000000789
1671607397700088832,0.000000932
1671607397721021184,-0.000000408
1671607397740901888,-0.000001533
1671607397761566976,-0.000002171
1671607397782617088,-0.000001347
1671607397799962880,-0.000000497
1671607397820393984,-0.000000475
1671607397840664064,0.000000067
1671607397859919616,0.000000281
1671607397880552192,0.000000396
1671607397899925760,-0.000000493
1671607397920386560,-0.000000649
1671607397940745984,-0.000000721
1671607397960105728,-0.000000642
1671607397982868736,-0.000000888
1671607398000042240,-0.000000609
1671607398020727296,0.000000565
1671607398040855296,0.000000688
1671607398060067840,0.000000885
1671607398080763648,0.000000969
1671607398100136192,0.000002188
1671607398120676608,0.000001170
1671607398139970048,0.000000371
1671607398160204800,-0.000000321
1671607398182855168,-0.000000028
1671607398200243200,-0.000000777
1671607398220951040,-0.000000816
1671607398240619776,0.000000323
1671607398259939072,0.000001263
1671607398280602880,0.000000990
1671607398300032256,-0.000000556
1671607398320508160,-0.000000515
1671607398340820992,0.000000163
1671607398360217856,0.000001192
1671607398381713152,0.000001539
1671607398400142336,0.000000929
1671607398420576256,0.000001037
1671607398439989760,0.000000756
1671607398460458240,0.000000725
1671607398480850176,0.000000304
1671607398500335104,0.000000520
1671607398520789248,0.000001436
1671607398539998208,0.000002173
1671607398560651520,0.000001862
1671607398582154240,0.000001283
1671607398600799488,0.000000655
1671607398620403968,0.000000206
1671607398640856320,-0.000000117
1671607398660311296,-0.000000223
1671607398680771328,0.000000204
1671607398700600832,0.000001483
1671607398721841664,0.000001737
1671607398740626944,0.000001141
1671607398759984640,0.000000605
1671607398782643968,0.000000518
1671607398799985152,0.000000533
1671607398820365056,-0.000000013
1671607398840762112,-0.000000767
1671607398860105728,-0.000000494
1671607398880635392,-0.000000336
1671607398900121856,0.000000399
1671607398920620032,-0.000000070
1671607398940724736,0.000000084
1671607398959959552,-0.000000182
1671607398982687232,-0.000000371
1671607399000236800,-0.000000988
1671607399020760064,-0.000001261
1671607399041082368,-0.000000885
1671607399060360960,-0.000000616
1671607399081742848,-0.000000801
1671607399100281088,-0.000000274
1671607399120656640,0.000000354
1671607399140110336,0.000000001
1671607399160558336,0.000000322
1671607399182071808,0.000000966
1671607399200497152,0.000000922
1671607399220991488,0.000001179
1671607399240248832,0.000000780
1671607399260600320,0.000000767
1671607399280006400,0.000000127
1671607399300731648,-0.000000796
1671607399320298752,-0.000000695
1671607399340849408,-0.000000840
1671607399360493568,-0.000000203
1671607399382700800,0.000000559
1671607399399879168,0.000001243
1671607399420155904,0.000000435
1671607399440298240,-0.000000239
1671607399460892928,-0.000000210
1671607399480217600,-0.000000904
1671607399500648448,-0.000001567
1671607399519960064,-0.000002889
1671607399539974144,-0.000002353
1671607399560690176,-0.000001452
1671607399581777408,-0.000000013
1671607399600378624,0.000000926
1671607399620083200,0.000000768
1671607399640460544,-0.000000597
1671607399660051200,-0.000000747
1671607399680621568,-0.000001317
1671607399699988480,-0.000000993
1671607399720463872,-0.000000860
1671607399740084736,-0.000000165
1671607399760943104,0.000000114
1671607399782144000,0.000000148
1671607399800853248,0.000000323
1671607399820243456,-0.000000085
1671607399840534272,0.000000186
1671607399861350912,-0.000000687
1671607399880642048,-0.000000616
1671607399899940608,-0.000000819
1671607399920396800,-0.000000412
1671607399940750336,-0.000000920
1671607399960115200,-0.000000884
1671607399982826240,-0.000001191
1671607400000404992,-0.000000585
1671607400020842496,-0.000000468
1671607400039993088,0.000000435
1671607400060363008,0.000001041
1671607400081004032,0.000000212
1671607400100468992,0.000000843
1671607400120856576,0.000001054
1671607400139873024,0.000001180
1671607400160469248,0.000000602
1671607400182770944,0.000000225
1671607400200291328,-0.000000156
1671607400220692736,-0.000000099
1671607400240120320,0.000000452
1671607400260504320,0.000001107
1671607400279962880,0.000001721
1671607400300662528,0.000001867
1671607400319946496,0.000000293
1671607400340669696,-0.000000995
1671607400361342464,-0.000001555
1671607400382612992,-0.000001651
1671607400400005632,-0.000001613
1671607400420352256,-0.000001186
1671607400440939776,-0.000000503
1671607400460346624,0.000001371
1671607400480856320,0.000001785
1671607400500164864,0.000001511
1671607400520755200,0.000001039
1671607400539955968,0.000000772
1671607400560774912,-0.000000710
1671607400582257152,0.000000353
1671607400600754688,0.000001238
1671607400620090112,0.000001259
1671607400640243968,0.000001805
1671607400660430080,0.000001399
1671607400679936256,-0.000000158
1671607400700385536,-0.000002117
1671607400720965120,-0.000006307
1671607400741620992,-0.000006985
1671607400759841536,-0.000002707
1671607400782714880,0.000000707
1671607400800364544,-0.000000626
1671607400820481792,-0.000001120
1671607400841096448,0.000001382
1671607400860405504,0.000003707
1671607400881093376,0.000002712
1671607400900381184,-0.000000369
1671607400919775232,-0.000000137
1671607400940228864,-0.000000479
1671607400960880640,-0.000000313
1671607400982195968,-0.000000553
1671607401000579840,-0.000000094
1671607401019917056,0.000000373
1671607401040612608,0.000000354
1671607401060355584,0.000000604
1671607401080649728,0.000000501
1671607401100124928,0.000001384
1671607401120577536,0.000001476
1671607401140922624,0.000001762
1671607401160332544,0.000001836
1671607401181920512,0.000001149
1671607401200547072,-0.000000131
1671607401219942656,-0.000000363
1671607401240383232,0.000000749
1671607401261211136,0.000000708
1671607401280474368,0.000000444
1671607401300951808,-0.000000229
1671607401320221696,0.000000538
1671607401340454656,0.000000616
1671607401360632576,0.000001075
1671607401382179584,0.000000977
1671607401400842752,-0.000000168
1671607401420362752,-0.000001408
1671607401440888320,-0.000000510
1671607401460142336,-0.000000799
1671607401480841216,-0.000002238
1671607401500313344,-0.000002043
1671607401520832512,0.000000028
1671607401540350720,0.000000504
1671607401561110272,0.000000723
1671607401582523392,0.000000440
1671607401599920384,-0.000000287
1671607401620411392,0.000000280
1671607401640859904,0.000000025
1671607401660816128,0.000000017
1671607401681035264,-0.000000348
1671607401700529664,-0.000000138
1671607401720508672,0.000000260
1671607401740320512,0.000000944
1671607401761549312,0.000002248
1671607401782618880,0.000001859
1671607401799923712,0.000002392
1671607401820837632,0.000002060
1671607401840215808,0.000003207
1671607401860742912,0.000005363
1671607401880235008,0.000004961
1671607401900599040,0.000003522
1671607401920214528,0.000002563
1671607401940706304,0.000003013
1671607401960033024,0.000005532
1671607401982726400,0.000004441
1671607402000071168,0.000002534
1671607402020754688,0.000003119
1671607402040018432,0.000003649
1671607402060261120,0.000003957
1671607402080890368,0.000005227
1671607402100430080,0.000005102
1671607402120645376,0.000004325
1671607402140915200,0.000005314
1671607402160043776,0.000006115
1671607402182727168,0.000008140
1671607402200201472,0.000008395
1671607402220628480,0.000007801
1671607402241011200,0.000007469
1671607402260311808,0.000006298
1671607402280665344,0.000007777
1671607402300125440,0.000008441
1671607402320677120,0.000009791
1671607402339827968,0.000010299
1671607402360375808,0.000010242
1671607402382886144,0.000010185
1671607402400286720,0.000009925
1671607402420780032,0.000010870
1671607402440019456,0.000011407
1671607402460248320,0.000012296
1671607402480787712,0.000011692
1671607402500605696,0.000012568
1671607402519879424,0.000013343
1671607402540460544,0.000088390
1671607402560890880,0.000014910
1671607402582128896,0.000016493
1671607402600556288,0.000016673
1671607402621037824,0.000016394
1671607402640519424,0.000017537
1671607402661073920,0.000017997
1671607402680171776,0.000017575
1671607402700480256,0.000018416
1671607402720220928,0.000019125
1671607402740972800,0.000018285
1671607402759973632,0.000019492
1671607402781762048,0.000018838
1671607402800560640,0.000019910
1671607402820088320,0.000019649
1671607402840583680,0.000019410
1671607402860079616,0.000020353
1671607402880864256,0.000020049
1671607402900388864,0.000020859
1671607402921101568,0.000020598
1671607402940499456,0.000020510
1671607402959960064,0.000021094
1671607402982814976,0.000020235
1671607403000391424,0.000021033
1671607403019971840,0.000020675
1671607403040216064,0.000020579
1671607403060658688,0.000020548
1671607403079966976,0.000020396
1671607403100508672,0.000019196
1671607403120982016,0.000017954
1671607403140284416,0.000017240
1671607403160554752,0.000015616
1671607403182140672,0.000014333
1671607403200662016,0.000014395
1671607403220055296,0.000013515
1671607403240318976,0.000013312
1671607403260677632,0.000013351
1671607403280175872,0.000011978
1671607403300653824,0.000011834
1671607403320030464,0.000011211
1671607403340196096,0.000010970
1671607403360689920,0.000009784
1671607403382233600,0.000009276
1671607403400701440,0.000007818
1671607403420199680,0.000008166
1671607403440570112,0.000007683
1671607403461290752,0.000007009
1671607403480490496,0.000006373
1671607403500877824,0.000005510
1671607403520122624,0.000005641
1671607403540280320,0.000005161
1671607403560692736,0.000004652
1671607403582021888,0.000003049
1671607403600493312,0.000002768
1671607403619947776,0.000002747
1671607403640224768,0.000002650
1671607403660721152,0.000002488
1671607403680286208,0.000002847
1671607403700717568,0.000002477
1671607403720325376,0.000002517
1671607403742162432,0.000002196
1671607403760698368,0.000001482
1671607403782532864,0.000000367
1671607403800072192,-0.000001379
1671607403820473344,-0.000001506
1671607403840824832,-0.000000660
1671607403860222464,0.000000010
1671607403881042176,-0.000000612
1671607403900530432,-0.000000534
1671607403919964672,-0.000000654
1671607403940400640,-0.000000917
1671607403960158720,-0.000001004
1671607403982645760,-0.000000900
1671607403999959552,-0.000001727
1671607404020349696,-0.000003076
1671607404040868864,-0.000003192
1671607404060263168,-0.000002773
1671607404080903680,-0.000002743
1671607404100345856,-0.000001574
1671607404120881920,-0.000000983
1671607404140197632,-0.000001591
1671607404160869632,-0.000002663
1671607404182226944,-0.000003086
1671607404200801792,-0.000003668
1671607404220214528,-0.000003618
1671607404240505344,-0.000003349
1671607404260995840,-0.000002556
1671607404280271616,-0.000002308
1671607404300779520,-0.000002445
1671607404319979776,-0.000002249
1671607404340410368,-0.000002486
1671607404361236224,-0.000002477
1671607404382375680,-0.000002781
1671607404401056000,-0.000003162
1671607404420546816,-0.000002910
1671607404440955136,-0.000002349
1671607404460241152,-0.000001508
1671607404480682752,-0.000001969
1671607404500040448,-0.000001625
1671607404520295424,-0.000001128
1671607404540525312,-0.000001602
1671607404561198848,-0.000001826
1671607404582558208,-0.000002192
1671607404599934720,-0.000002020
1671607404620371456,-0.000002666
1671607404640775168,-0.000001892
1671607404660100096,-0.000000571
1671607404680554496,-0.000000396
1671607404700982016,-0.000000106
1671607404720410880,-0.000000132
1671607404740937216,-0.000000748
1671607404760524288,-0.000001197
1671607404782024960,-0.000001805
1671607404800636416,-0.000001832
1671607404820071680,-0.000001608
1671607404840729856,-0.000001207
1671607404860128000,-0.000001381
1671607404880857088,-0.000000910
1671607404900448000,-0.000000534
1671607404921169920,-0.000000181
1671607404940563200,0.000000046
1671607404959943936,0.000000117
1671607404982797824,0.000000129
1671607405000269568,-0.000000723
1671607405020941568,-0.000001316
1671607405040358144,-0.000001385
1671607405060198656,-0.000001191
1671607405080756736,-0.000000806
1671607405100415744,0.000000165
1671607405120715520,0.000000270
1671607405141071872,0.000000174
1671607405160273408,0.000000451
1671607405181787136,-0.000000045
1671607405200069376,-0.000001214
1671607405220622592,-0.000001346
1671607405240131072,-0.000000947
1671607405261218560,-0.000000666
1671607405280272128,0.000000100
1671607405300903680,0.000000646
1671607405320208896,0.000000618
1671607405340696320,0.000001044
1671607405360098816,0.000000979
1671607405381674496,-0.000000293
1671607405399880704,-0.000000813
1671607405420090112,-0.000001187
1671607405440228608,-0.000001394
1671607405460739328,-0.000000683
1671607405480856320,-0.000000018
1671607405500683008,0.000000397
1671607405520789760,0.000000899
1671607405540108544,0.000001417
1671607405560790784,0.000000699
1671607405582076672,-0.000000563
1671607405600584192,-0.000001355
1671607405620637696,-0.000001715
1671607405640843008,-0.000001232
1671607405660470016,-0.000000330
1671607405680743168,0.000000680
1671607405700196608,0.000000116
1671607405720444928,0.000000633
1671607405740580096,-0.000000048
1671607405760796928,-0.000001101
1671607405781403648,-0.000001025
1671607405800969728,-0.000000541
1671607405820306432,-0.000001274
1671607405840707072,-0.000000941
1671607405860212480,-0.000000034
1671607405880648704,0.000000403
1671607405900078592,0.000000780
1671607405920834048,0.000000435
1671607405940318720,-0.000000347
1671607405961158912,-0.000000607
1671607405981445632,-0.000000846
1671607406000002048,-0.000001389
1671607406020490240,-0.000000170
1671607406040087296,0.000000904
1671607406061080320,0.000000290
1671607406080328704,0.000000378
1671607406100907008,0.000000871
1671607406120292864,0.000000807
1671607406140714496,0.000000348
1671607406160497152,0.000000408
1671607406181878272,-0.000000124
1671607406200103936,0.000000228
1671607406220377088,0.000000396
1671607406240615168,0.000000561
1671607406261409280,0.000000876
1671607406280613120,0.000001250
1671607406300186368,-0.000000030
1671607406320785152,-0.000000473
1671607406340050176,-0.000000786
1671607406360695552,-0.000001186
1671607406381693696,-0.000001108
1671607406400206848,0.000000093
1671607406420579584,0.000001136
1671607406440866560,0.000001282
1671607406460321792,0.000000946
1671607406480459008,0.000000631
1671607406500931328,-0.000000094
1671607406520320256,-0.000000318
1671607406540831232,-0.000000651
1671607406560572672,-0.000000875
1671607406582037248,-0.000001025
1671607406600385792,-0.000000429
1671607406620711680,-0.000000096
1671607406640825344,0.000000181
1671607406660122368,0.000001053
1671607406680573696,0.000001019
1671607406700995328,0.000000802
1671607406720446464,-0.000000048
1671607406741149952,-0.000000878
1671607406761341696,-0.000002127
1671607406781423872,-0.000001478
1671607406800728320,-0.000000113
1671607406820036864,0.000000140
1671607406840646144,0.000000302
1671607406860216320,0.000000629
1671607406880618240,0.000000308
1671607406900046336,-0.000000525
1671607406920428800,-0.000000966
1671607406940950272,-0.000001418
1671607406960306944,-0.000001167
1671607406982820608,-0.000000477
1671607407000116480,0.000000348
1671607407020750592,0.000000479
1671607407040944640,0.000000699
1671607407060542208,0.000000630
1671607407080856576,0.000000187
1671607407100203008,-0.000000128
1671607407120602112,-0.000000228
1671607407141063424,-0.000000767
1671607407160469248,-0.000000774
1671607407181829888,0.000000009
1671607407200308736,0.000000767
1671607407220694784,-0.000000126
1671607407240214272,0.000000531
1671607407260596992,0.000000390
1671607407280945920,-0.000000413
1671607407300441600,-0.000000127
1671607407320855040,-0.000000503
1671607407339961600,-0.000000469
1671607407360695040,-0.000000691
1671607407382113024,-0.000000191
1671607407400357120,0.000000358
1671607407420780544,0.000000500
1671607407441009408,0.000001114
1671607407460580096,0.000000180
1671607407480741120,-0.000001225
1671607407500216064,-0.000000979
1671607407520698624,-0.000000885
1671607407539987968,-0.000000922
1671607407560825088,0.000000726
1671607407581812736,0.000001303
1671607407600243456,0.000001124
1671607407620959232,0.000000198
1671607407640164608,-0.000000157
1671607407660781568,-0.000001297
1671607407680009216,-0.000002133
1671607407700439296,-0.000001157
1671607407720873728,-0.000000072
1671607407740771840,0.000000131
1671607407760684800,0.000000159
1671607407782240768,0.000000364
1671607407800826368,0.000000017
1671607407819986944,-0.000000448
1671607407840556544,-0.000001178
1671607407861065984,-0.000001776
1671607407880315392,-0.000001702
1671607407900100864,-0.000000837
1671607407920459008,-0.000000749
1671607407940729088,-0.000000621
1671607407960142336,0.000000753
1671607407981502464,0.000000572
1671607407999976448,0.000000172
1671607408020448768,0.000000236
1671607408041087744,-0.000000489
1671607408060411904,-0.000000873
1671607408079905024,-0.000001261
1671607408100504064,-0.000001553
1671607408120887808,-0.000001888
1671607408140517376,-0.000000639
1671607408161066496,-0.000000033
1671607408182782976,0.000000473
1671607408200051456,0.000000224
1671607408220443648,0.000000100
1671607408240831232,-0.000000245
1671607408260168704,-0.000000409
1671607408280707328,-0.000000482
1671607408300077312,-0.000000861
1671607408320367616,-0.000000880
1671607408340601856,-0.000000164
1671607408360192256,0.000000761
1671607408381498112,0.000001108
1671607408399853824,0.000001320
1671607408420173056,0.000001433
1671607408440514816,0.000000649
1671607408461098752,0.000000111
1671607408480324352,0.000000137
1671607408500813056,-0.000000494
1671607408520142848,-0.000000911
1671607408540254464,-0.000000117
1671607408560971264,0.000000416
1671607408582024960,0.000001038
1671607408600639232,0.000001190
1671607408620063232,0.000000690
1671607408640598016,0.000000453
1671607408660144896,-0.000000141
1671607408680331776,-0.000000925
1671607408700899328,-0.000000757
1671607408720294144,-0.000000141
1671607408741334528,-0.000000722
1671607408760605184,-0.000000029
1671607408781815296,0.000001130
1671607408800166144,0.000001011
1671607408820736256,0.000001267
1671607408840219136,0.000001070
1671607408860900096,0.000000740
1671607408880064000,-0.000000115
1671607408900696576,-0.000000837
1671607408919855360,-0.000001306
1671607408940555264,-0.000001125
1671607408960195072,-0.000000226
1671607408981519872,-0.000000247
1671607409000940288,0.000000090
1671607409020194816,0.000000587
1671607409040483840,0.000000225
1671607409059799040,-0.000000047
1671607409080344320,-0.000000146
1671607409100676864,-0.000000378
1671607409120067328,-0.000000783
1671607409140196864,-0.000000677
1671607409160632064,-0.000000251
1671607409182009600,-0.000000054
1671607409200138496,0.000000404
1671607409220437760,0.000000560
1671607409240673280,0.000000525
1671607409259799040,0.000000253
1671607409280290048,-0.000000267
1671607409300054272,-0.000000344
1671607409320258048,-0.000000011
1671607409340486656,-0.000000377
1671607409360976640,-0.000000665
1671607409381353984,-0.000000148
1671607409400978432,0.000000200
1671607409420455424,0.000000708
1671607409440854016,0.000001261
1671607409460257536,0.000001117
1671607409480795136,0.000000047
1671607409500154112,-0.000000072
1671607409520473600,-0.000000549
1671607409540860928,-0.000000663
1671607409560314624,-0.000000267
1671607409581898496,0.000000323
1671607409600217856,0.000000367
1671607409620922624,0.000000600
1671607409640067072,0.000000823
1671607409660617472,0.000000539
1671607409680320512,0.000000391
1671607409700126720,0.000000276
1671607409720685312,-0.000000049
1671607409740886528,-0.000000381
1671607409761105664,-0.000000643
1671607409781473280,-0.000001144
1671607409800948736,-0.000001357
1671607409820167680,-0.000000462
1671607409840503808,0.000000510
1671607409860060160,0.000000404
1671607409880402176,0.000000722
1671607409900117248,0.000001090
1671607409920866304,0.000000629
1671607409940052480,-0.000000211
1671607409960571648,-0.000000530
1671607409982071296,-0.000000936
1671607410000756736,-0.000000859
1671607410020040192,-0.000000800
1671607410040851968,-0.000000639
1671607410060591872,-0.000000441
1671607410080103936,0.000000228
1671607410100602624,0.000000569
1671607410120869632,0.000000368
1671607410139961600,0.000000454
1671607410160724480,-0.000000118
1671607410182055936,-0.000000621
1671607410200483328,-0.000000455
1671607410220246016,-0.000000331
1671607410240374016,-0.000000336
1671607410261169664,0.000000099
1671607410280354816,0.000000591
1671607410299443200,0.000000947
1671607410319868416,0.000001111
1671607410340139520,0.000001242
1671607410361233408,0.000000457
1671607410381403904,-0.000000015
1671607410399973376,-0.000000666
1671607410420236032,-0.000001479
1671607410440655616,-0.000001710
1671607410461140480,-0.000000831
1671607410480282880,0.000000017
1671607410499938560,0.000000508
1671607410520602368,0.000001229
1671607410540076544,0.000001097
1671607410560663808,0.000000672
1671607410581826304,0.000000489
1671607410600253952,0.000000238
1671607410620527872,-0.000001062
1671607410640139520,-0.000001390
1671607410660920064,-0.000000826
1671607410680264960,-0.000000902
1671607410700678912,-0.000000140
1671607410721951488,0.000000237
1671607410740965376,0.000000537
1671607410760468736,0.000000757
1671607410781989632,0.000000365
1671607410800460800,-0.000000288
1671607410820844544,-0.000000878
1671607410840970752,-0.000001200
1671607410860157952,-0.000000379
1671607410880884736,-0.000000150
1671607410900365568,0.000000497
1671607410919548672,0.000000875
1671607410940059648,0.000000019
1671607410959430400,0.000000034
1671607410981993984,0.000000308
1671607411000255744,-0.000000538
1671607411020556288,-0.000000941
1671607411040749824,-0.000000864
1671607411059999744,-0.000000866
1671607411080451840,-0.000000566
1671607411100783872,0.000000141
1671607411120025088,0.000000547
1671607411140619264,0.000000279
1671607411160346880,-0.000000005
1671607411182480384,-0.000000808
1671607411201228032,-0.000000961
1671607411220733696,-0.000000879
1671607411240218368,-0.000000794
1671607411259905792,-0.000000829
1671607411280084480,-0.000000325
1671607411299440128,0.000000106
1671607411320709632,0.000000235
1671607411340014336,0.000000486
1671607411360662272,0.000000776
1671607411381894656,0.000000090
1671607411400312064,-0.000000401
1671607411420825856,-0.000000849
1671607411440107520,-0.000001538
1671607411460600576,-0.000001022
1671607411479816960,-0.000000265
1671607411500385536,0.000000643
1671607411519380480,0.000000408
1671607411539997952,0.000000429
1671607411559576832,0.000000060
1671607411582190336,0.000000042
1671607411600710400,0.000000206
1671607411620723968,0.000000042
1671607411639864832,-0.000000468
1671607411660424448,-0.000000780
1671607411679485440,-0.000001140
1671607411699980544,-0.000000626
1671607411720706560,0.000000441
1671607411740956160,0.000001452
1671607411760261632,0.000000984
1671607411781508608,0.000000663
1671607411799859712,0.000000592
1671607411819312896,-0.000000124
1671607411840727808,-0.000000834
1671607411860243968,-0.000001036
1671607411879270144,-0.000001159
1671607411900701696,-0.000000897
1671607411920818432,0.000000033
1671607411940019456,0.000000575
1671607411960458240,0.000001798
1671607411982711552,0.000001462
1671607412000101376,0.000000847
1671607412020832768,0.000000102
1671607412040136192,-0.000000321
1671607412061042432,-0.000000343
1671607412080091648,-0.000000895
1671607412100744704,-0.000000700
1671607412120245504,-0.000000070
1671607412140919296,-0.000000022
1671607412160676352,0.000000089
1671607412182022400,0.000000564
1671607412200288000,0.000000612
1671607412219729664,0.000000780
1671607412240266240,0.000000772
1671607412259554560,0.000000239
1671607412280141312,-0.000000565
1671607412300969728,-0.000000746
1671607412320066048,-0.000001231
1671607412340462848,-0.000001032
1671607412361165056,0.000000095
1671607412381327360,0.000000595
1671607412400902656,0.000000555
1671607412420430848,0.000000845
1671607412439787264,0.000000464
1671607412460320000,0.000000192
1671607412479530752,0.000000744
1671607412500060672,0.000000453
1671607412520542976,0.000000062
1671607412540728320,-0.000000245
1671607412560238336,-0.000000584
1671607412581308928,-0.000000733
1671607412599555328,0.000000116
1671607412620130816,0.000001782
1671607412640634880,0.000002740
1671607412660457728,0.000001996
1671607412680439808,0.000001630
1671607412700911872,0.000001083
1671607412720850176,-0.000000212
1671607412739894784,-0.000001219
1671607412759505664,-0.000001008
1671607412781698304,-0.000000533
1671607412801031168,-0.000000000
1671607412820196352,-0.000000002
1671607412840476672,0.000000309
1671607412860501248,-0.000000348
1671607412879284480,-0.000000333
1671607412899985408,-0.000000697
1671607412919275008,-0.000001221
1671607412940865280,-0.000001733
1671607412960094464,-0.000001546
1671607412981561856,-0.000001000
1671607413000024064,-0.000000372
1671607413020401152,0.000000002
1671607413039800064,0.000000537
1671607413060375552,0.000000432
1671607413079585024,-0.000000456
1671607413100154624,-0.000000936
1671607413120477184,-0.000001323
1671607413139759872,-0.000001029
1671607413160055040,-0.000000204
1671607413181521408,-0.000000232
1671607413200145920,0.000000641
1671607413220482048,0.000001633
1671607413240738304,0.000000978
1671607413260994560,0.000000188
1671607413279182080,-0.000000058
1671607413300749056,-0.000000478
1671607413320092928,-0.000001044
1671607413339604480,-0.000000904
1671607413359772928,-0.000000358
1671607413381496064,-0.000000170
1671607413399992576,0.000000503
1671607413419436800,0.000000809
1671607413440871936,0.000000827
1671607413460079360,0.000000795
1671607413480672768,0.000000064
1671607413500206848,-0.000000977
1671607413520643840,-0.000000959
1671607413540132608,-0.000000174
1671607413560518400,-0.000000252
1671607413581800192,0.000000394
1671607413599243520,0.000000787
1671607413621040384,0.000000934
1671607413640547328,0.000001055
1671607413661527040,0.000001559
1671607413679620096,0.000000925
1671607413700016640,-0.000000085
1671607413719486464,-0.000000698
1671607413742049280,-0.000000832
1671607413760539136,-0.000000395
1671607413781105664,0.000000123
1671607413800893184,0.000000373
1671607413819128832,-0.000000083
1671607413840869888,0.000000133
1671607413860270592,0.000000071
1671607413880855296,-0.000000649
1671607413899330560,-0.000000835
1671607413920892416,-0.000000612
1671607413939335168,-0.000000590
1671607413959973632,-0.000000597
1671607413981659904,-0.000000197
1671607414000204288,0.000000730
1671607414019967232,0.000000893
1671607414040600576,0.000001205
1671607414060153088,0.000001199
1671607414080670208,-0.000000034
1671607414100244992,-0.000001087
1671607414119506688,-0.000001727
1671607414141065472,-0.000001544
1671607414159312896,-0.000000727
1671607414182148864,-0.000000264
1671607414200673792,0.000000132
1671607414219234816,0.000000625
1671607414240076032,0.000001784
1671607414259420928,0.000001384
1671607414280043008,0.000000604
1671607414300654080,0.000000238
1671607414320058624,0.000000066
1671607414339314688,-0.000000479
1671607414359514880,0.000000050
1671607414382023936,0.000000910
1671607414399322112,0.000000382
1671607414420846592,0.000000716
1671607414441008896,0.000000154
1671607414460507136,-0.000000599
1671607414479895296,-0.000000694
1671607414499195392,-0.000000845
1671607414520956928,-0.000000984
1671607414539852032,-0.000000093
1671607414560220928,0.000000821
1671607414581747200,0.000001605
1671607414600097536,0.000001398
1671607414619248384,0.000001416
1671607414639734016,0.000000910
1671607414660100096,-0.000000590
1671607414679422976,-0.000001037
1671607414699881728,-0.000000880
1671607414720420352,0.000000282
1671607414740400384,-0.000000063
1671607414760816896,0.000000387
1671607414782095872,0.000001409
1671607414799363840,0.000001427
1671607414819800832,0.000000884
1671607414839407872,0.000000394
1671607414860278016,-0.000000167
1671607414879385856,-0.000001032
1671607414900039168,-0.000001281
1671607414920494592,-0.000000617
1671607414940104192,0.000000194
1671607414959425280,0.000000325
1671607414981189632,0.000000675
1671607414999724288,0.000000149
1671607415020200192,-0.000000135
1671607415039596288,-0.000000627
1671607415060468992,-0.000001004
1671607415079806208,-0.000001536
1671607415099505408,-0.000001120
1671607415120086272,-0.000000521
1671607415139353344,0.000000109
1671607415160379392,0.000000490
1671607415181784064,-0.000000053
1671607415200291584,-0.000000741
1671607415219835648,-0.000001276
1671607415239485184,-0.000000796
1671607415260150784,-0.000001084
1671607415279381248,-0.000001809
1671607415299789312,-0.000001155
1671607415319291904,-0.000000331
1671607415339472128,0.000000096
1671607415360155392,0.000000155
1671607415381552896,0.000000525
1671607415399864576,0.000000321
1671607415419214080,-0.000000303
1671607415440157952,-0.000000597
1671607415459807488,-0.000000860
1671607415480168960,-0.000001113
1671607415499676160,-0.000000945
1671607415520084224,0.000000114
1671607415539500544,0.000000718
1671607415559921152,0.000001094
1671607415581185792,0.000001513
1671607415599650816,0.000001344
1671607415620095744,0.000000476
1671607415639365376,0.000000102
1671607415659940608,-0.000000384
1671607415680222208,-0.000001450
1671607415699623168,-0.000000716
1671607415720264448,0.000000446
1671607415740310528,0.000000612
1671607415760504576,0.000000504
1671607415781673728,0.000000500
1671607415800102912,0.000000695
1671607415819867904,0.000000116
1671607415839438592,-0.000000704
1671607415860441344,-0.000001469
1671607415879605248,-0.000001505
1671607415899098624,-0.000000532
1671607415920869120,0.000000040
1671607415939525888,0.000000277
1671607415960096768,0.000000417
1671607415981457152,0.000000392
1671607415999889920,-0.000000177
1671607416019523840,-0.000000339
1671607416040055040,-0.000000059
1671607416059495168,-0.000000979
1671607416080065536,-0.000001674
1671607416099559680,-0.000001735
1671607416120254208,-0.000001375
1671607416139603712,-0.000001796
1671607416160109568,-0.000001047
1671607416181813248,-0.000000880
1671607416199298816,-0.000001018
1671607416219986432,-0.000001002
1671607416239305472,-0.000001330
1671607416260043264,-0.000001357
1671607416279531776,-0.000000442
1671607416300221440,-0.000000567
1671607416319863296,-0.000000946
1671607416340314624,-0.000000394
1671607416360277504,-0.000000261
1671607416381494016,0.000000400
1671607416399985920,0.000001134
1671607416419457280,0.000001391
1671607416439723008,0.000001725
1671607416460121088,0.000001369
1671607416479512832,0.000000951
1671607416500051968,0.000000937
1671607416519470336,0.000001047
1671607416539717376,0.000000244
1671607416560104960,-0.000000067
1671607416581644032,0.000000029
1671607416600166144,0.000000121
1671607416619875840,0.000000049
1671607416640167168,0.000000362
1671607416659956736,0.000000168
1671607416680093440,0.000000792
1671607416699412736,0.000000907
1671607416719897856,0.000000704
1671607416739944192,0.000000865
1671607416760118784,0.000001353
1671607416781671168,0.000000935
1671607416800111616,0.000000688
1671607416819818496,0.000000709
1671607416839368448,0.000000475
1671607416860244736,0.000000411
1671607416879660544,-0.000000241
1671607416899090688,-0.000000648
1671607416919423232,-0.000000300
1671607416939682560,-0.000000177
1671607416960302336,0.000000351
1671607416981526272,0.000000548
1671607416999779584,0.000000536
1671607417020056832,0.000000874
1671607417039252480,0.000000778
1671607417059462912,0.000000944
1671607417080046848,0.000001633
1671607417099993856,0.000002036
1671607417120104192,0.000002313
1671607417139289344,0.000002195
1671607417159930880,0.000001503
1671607417181044992,0.000001874
1671607417199763968,0.000001759
1671607417220256768,0.000000992
1671607417239782656,0.000000715
1671607417260449536,-0.000000095
1671607417279487232,-0.000001103
1671607417300049152,-0.000000986
1671607417319406592,-0.000000573
1671607417339805440,-0.000000566
1671607417360328448,-0.000000665
1671607417381638144,-0.000000588
1671607417400118016,-0.000000808
1671607417419185920,-0.000000383
1671607417439478528,-0.000000014
1671607417460229632,-0.000000084
1671607417479281152,-0.000000450
1671607417499941888,-0.000000814
1671607417519205632,-0.000001086
1671607417539454208,-0.000000592
1671607417560327936,-0.000001124
1671607417581294848,-0.000001439
1671607417599399424,-0.000001693
1671607417620128768,-0.000001762
1671607417639118336,-0.000001416
1671607417659508224,-0.000000901
1671607417680040960,-0.000001317
1671607417700262912,-0.000001253
1671607417719492864,-0.000000657
1671607417740164608,-0.000000364
1671607417760004352,0.000000055
1671607417781193984,-0.000000047
1671607417799475200,0.000000104
1671607417819841024,0.000000853
1671607417840164352,0.000000358
1671607417859390720,0.000000506
1671607417879813376,0.000000633
1671607417899172352,0.000001015
1671607417919703808,0.000001152
1671607417939418880,0.000000644
1671607417960257280,0.000001122
1671607417981776384,0.000001536
1671607418000249856,0.000001477
1671607418019195648,0.000001248
1671607418039584512,0.000000807
1671607418060033024,0.000001290
1671607418079219712,0.000001837
1671607418099887104,0.000000975
1671607418120100608,0.000001322
1671607418139280128,0.000001047
1671607418159653376,0.000000181
1671607418181303808,0.000000655
1671607418199700480,0.000000361
1671607418219966208,0.000000372
1671607418239255552,0.000000198
1671607418259693312,-0.000000557
1671607418279204608,-0.000000821
1671607418299589376,-0.000000167
1671607418319034112,0.000000070
1671607418339615744,0.000000027
1671607418359899904,0.000000015
1671607418381349888,-0.000000139
1671607418399470848,-0.000000328
1671607418419779840,-0.000000194
1671607418439243008,-0.000000261
1671607418459733760,-0.000000527
1671607418479086080,-0.000000616
1671607418499691776,-0.000000858
1671607418520241920,-0.000000067
1671607418539387648,0.000000188
1671607418559803136,-0.000000795
1671607418581187840,-0.000001827
1671607418599478528,-0.000003492
1671607418619968768,-0.000005211
1671607418639201280,-0.000006256
1671607418660049920,-0.000007023
1671607418679269120,-0.000008320
1671607418699925504,-0.000009283
1671607418721212160,-0.000010191
1671607418740354816,-0.000010163
1671607418760643584,-0.000010307
1671607418781630976,-0.000010487
1671607418799897344,-0.000011347
1671607418819430656,-0.000012921
1671607418839695104,-0.000015250
1671607418860471552,-0.000016451
1671607418879365888,-0.000016623
1671607418899759360,-0.000015961
1671607418920050944,-0.000015474
1671607418939462144,-0.000016253
1671607418960117760,-0.000017074
1671607418981140480,-0.000017594
1671607418999849472,-0.000017679
1671607419020092160,-0.000016979
1671607419039154176,-0.000017070
1671607419059397376,-0.000018118
1671607419079886336,-0.000018862
1671607419099133184,-0.000019030
1671607419119701760,-0.000018103
1671607419139092736,-0.000018655
1671607419159542016,-0.000019205
1671607419181203200,-0.000018892
1671607419199612928,-0.000017763
1671607419220259840,-0.000017367
1671607419239484416,-0.000018138
1671607419259899904,-0.000018855
1671607419279416576,-0.000018600
1671607419299970048,-0.000017764
1671607419319501312,-0.000017814
1671607419339250176,-0.000017838
1671607419359499776,-0.000017916
1671607419381954048,-0.000016642
1671607419399253248,-0.000017109
1671607419419671296,-0.000017777
1671607419440139776,-0.000018574
1671607419459421696,-0.000017592
1671607419480172800,-0.000016318
1671607419499668480,-0.000016352
1671607419519924992,-0.000016800
1671607419539288832,-0.000016880
1671607419559837952,-0.000015839
1671607419581486336,-0.000016174
1671607419600051456,-0.000016062
1671607419619319552,-0.000015103
1671607419639818496,-0.000012327
1671607419660201984,-0.000011023
1671607419679726592,-0.000011131
1671607419700071424,-0.000011621
1671607419719252992,-0.000011422
1671607419740770816,-0.000010987
1671607419759387904,-0.000011246
1671607419781074944,-0.000011989
1671607419799582720,-0.000005955
1671607419820106240,-0.000007043
1671607419840303104,-0.000002718
1671607419859510784,-0.000003928
1671607419879701760,-0.000002415
1671607419899260160,-0.000004157
1671607419919610624,-0.000008998
1671607419939166720,-0.000007168
1671607419959578880,-0.000007002
1671607419981099776,-0.000002199
1671607419999741696,-0.000005502
1671607420020081408,-0.000005350
1671607420039457792,-0.000005268
1671607420060039168,-0.000003495
1671607420079614720,-0.000002627
1671607420100305408,-0.000002902
1671607420119694336,-0.000001427
1671607420140113920,-0.000002738
1671607420159474176,-0.000001708
1671607420182148096,0.000000040
1671607420199781376,-0.000000670
1671607420220376320,-0.000000316
1671607420239886080,-0.000001110
1671607420260221952,-0.000000460
1671607420279805696,0.000000022
1671607420299417856,-0.000000785
1671607420319816448,-0.000000707
1671607420340109568,0.000000253
1671607420359723008,-0.000000512
1671607420382070016,-0.000000838
1671607420399401472,0.000000412
1671607420419704320,0.000000904
1671607420439999232,0.000001206
1671607420459417344,0.000000495
1671607420479885312,0.000000149
1671607420499238656,0.000000521
1671607420519596032,0.000001407
1671607420539883776,0.000001654
1671607420560129536,0.000001877
1671607420581746176,0.000001556
1671607420599382528,0.000001942
1671607420620286208,0.000001698
1671607420639566848,0.000002302
1671607420660438016,0.000002038
1671607420679520256,0.000001972
1671607420700012288,0.000001084
1671607420720297216,0.000001070
1671607420740664576,0.000001201
1671607420759306752,0.000001120
1671607420781085952,0.000001075
1671607420799388416,0.000001692
1671607420819893248,0.000002075
1671607420840031744,0.000002118
1671607420859577344,0.000002471
1671607420879740416,0.000002151
1671607420900132352,0.000001999
1671607420919422208,0.000001579
1671607420939618048,0.000001004
1671607420960665344,0.000001604
1671607420981761792,0.000001982
1671607420999373568,0.000001560
1671607421019675648,-0.000000438
1671607421039936000,-0.000002736
1671607421059573248,-0.000003822
1671607421079864320,-0.000003466
1671607421099244032,-0.000002702
1671607421119928320,-0.000001563
1671607421139453696,-0.000000248
1671607421160033280,-0.000000130
1671607421181540864,-0.000000473
1671607421199999232,-0.000001296
1671607421219137792,-0.000002758
1671607421239557632,-0.000003957
1671607421260371968,-0.000003397
1671607421279577856,-0.000002366
1671607421300126208,-0.000000695
1671607421319461632,0.000000347
1671607421339917312,-0.000000117
1671607421359267840,-0.000001327
1671607421381835264,-0.000003698
1671607421400233984,-0.000004554
1671607421419551744,-0.000003187
1671607421440085504,-0.000001032
1671607421459435776,-0.000000090
1671607421479739136,-0.000000544
1671607421500339456,-0.000001388
1671607421519718400,-0.000003776
1671607421540039424,-0.000004792
1671607421559159040,-0.000004201
1671607421581712896,-0.000003964
1671607421600149248,-0.000002586
1671607421619538432,-0.000001262
1671607421640112640,-0.000000973
1671607421659396608,-0.000000363
1671607421679998720,-0.000000647
1671607421699375360,-0.000001929
1671607421719616512,-0.000002834
1671607421740345600,-0.000002749
1671607421759400448,-0.000002459
1671607421782015232,-0.000001438
1671607421799243520,-0.000000489
1671607421819566336,0.000000452
1671607421839744512,0.000000552
1671607421860147456,0.000000067
1671607421879771136,0.000000207
1671607421899161344,-0.000000189
1671607421919752960,-0.000001376
1671607421939958272,-0.000002225
1671607421959242240,-0.000002040
1671607421980846592,-0.000001306
1671607421999415296,0.000000463
1671607422020276992,0.000001275
1671607422039724032,0.000001359
1671607422060288256,0.000000668
1671607422079677184,-0.000000562
1671607422100238336,-0.000001830
1671607422119291648,-0.000002233
1671607422139527424,-0.000001419
1671607422160308224,-0.000000232
1671607422181517568,0.000000887
1671607422199939840,0.000003009
1671607422219544320,0.000004193
1671607422239942656,0.000004220
1671607422259223040,0.000003036
1671607422279769344,0.000001662
1671607422299323648,0.000001760
1671607422319825408,0.000001356
1671607422339157760,0.000000395
1671607422359493120,0.000000874
1671607422380910592,0.000001147
1671607422399145728,0.000002089
1671607422419518720,0.000003259
1671607422439705088,0.000002368
1671607422460460544,0.000002798
1671607422479798272,0.000002814
1671607422500162816,0.000002015
1671607422519439616,0.000001453
1671607422539568896,0.000000410
1671607422560183296,0.000001060
1671607422581178368,0.000000733
1671607422599848448,0.000000370
1671607422620205824,0.000001527
1671607422639386368,0.000003012
1671607422660089344,0.000003003
1671607422679205632,0.000002411
1671607422699877376,0.000002057
1671607422719277056,0.000000656
1671607422740206080,0.000000609
1671607422759817728,0.000000378
1671607422781567232,0.000000339
1671607422800129280,0.000000754
1671607422819353088,0.000001941
1671607422839646976,0.000002311
1671607422860014848,0.000002062
1671607422879274496,0.000001941
1671607422899781632,0.000002047
1671607422919943936,0.000001955
1671607422940155392,0.000001143
1671607422959398144,0.000000483
1671607422980986368,0.000000703
1671607422999630336,-0.000000336
1671607423020032000,-0.000000017
1671607423039524608,-0.000000267
1671607423060208128,-0.000000221
1671607423079476480,0.000000420
1671607423099172352,0.000000970
1671607423119577856,0.000001059
1671607423139942144,0.000000471
1671607423159271168,-0.000000108
1671607423181946880,-0.000000975
1671607423200221696,-0.000001356
1671607423219708416,-0.000000747
1671607423239761664,-0.000001356
1671607423260298240,-0.000000286
1671607423279382528,0.000000234
1671607423300028416,0.000001121
1671607423319970816,0.000001558
1671607423339056384,0.000000988
1671607423359829504,-0.000002073
1671607423381064960,-0.000003006
1671607423399499776,-0.000003045
1671607423419718144,-0.000001801
1671607423439914752,-0.000000443
1671607423460606976,0.000000912
1671607423479546624,0.000000664
1671607423500047616,-0.000000034
1671607423519973376,-0.000000269
1671607423540198400,-0.000000527
1671607423559732480,-0.000000786
1671607423582011392,-0.000001000
1671607423599348480,0.000000814
1671607423620134656,0.000001455
1671607423639186688,0.000001385
1671607423660054016,0.000000558
1671607423679246336,-0.000000712
1671607423699758592,-0.000002280
1671607423719117568,-0.000002498
1671607423739752448,-0.000000761
1671607423760276480,0.000001165
1671607423781664256,0.000001650
1671607423800106240,0.000000643
1671607423819545856,-0.000000929
1671607423839936768,-0.000002092
1671607423859384832,-0.000002315
1671607423879932160,-0.000002663
1671607423899162624,-0.000001751
1671607423919354112,-0.000000553
1671607423939984640,0.000001381
1671607423959206144,0.000001233
1671607423981872128,0.000001028
1671607423999117568,0.000000185
1671607424019615232,0.000000040
1671607424039767808,-0.000000623
1671607424060323584,-0.000000993
1671607424079521536,-0.000000574
1671607424100056576,0.000000655
1671607424119193600,0.000001386
1671607424139684096,0.000002038
1671607424159951616,0.000001985
1671607424181345792,0.000001493
1671607424199848960,0.000000309
1671607424219097088,-0.000001093
1671607424239322112,-0.000001451
1671607424259595264,-0.000001114
1671607424279088640,0.000000580
1671607424299940352,0.000002245
1671607424319247616,0.000002164
1671607424339491584,0.000001688
1671607424359451136,0.000000516
1671607424381837312,-0.000000284
1671607424399319040,-0.000001571
1671607424419926784,-0.000002379
1671607424439246336,-0.000001123
1671607424459898880,-0.000000629
1671607424479340288,0.000000036
1671607424499828224,0.000001346
1671607424519359744,0.000000928
1671607424539596032,0.000000880
1671607424560047360,0.000001189
1671607424581519104,0.000000403
1671607424600037632,-0.000000708
1671607424619399424,-0.000001799
1671607424639562752,-0.000001820
1671607424660535808,-0.000000438
1671607424679476736,0.000001007
1671607424699106048,0.000001965
1671607424720206592,-0.000000248
1671607424739118848,-0.000001155
1671607424759739136,-0.000002314
1671607424781675776,-0.000002066
1671607424799816704,-0.000000236
1671607424819596288,0.000001641
1671607424839857408,0.000002280
1671607424859125248,0.000001612
1671607424879777792,-0.000000422
1671607424900030976,-0.000001914
1671607424919193088,-0.000001939
1671607424939669248,-0.000000069
1671607424959727104,0.000001316
1671607424981847296,0.000001824
1671607424999256576,0.000000871
1671607425019596800,-0.000001945
1671607425039840512,-0.000002587
1671607425060464896,-0.000002512
1671607425079564800,-0.000000885
1671607425099882240,0.000001660
1671607425119618048,0.000003399
1671607425139484160,0.000002245
1671607425160351232,0.000000406
1671607425181752576,-0.000001029
1671607425199978496,-0.000001909
1671607425219310336,-0.000001040
1671607425239593472,0.000000003
1671607425260402432,0.000001002
1671607425279491584,0.000001044
1671607425299802112,-0.000000003
1671607425318952448,-0.000001232
1671607425339302912,-0.000002543
1671607425359982592,-0.000002935
1671607425381249792,-0.000002192
1671607425399451136,-0.000001387
1671607425419721728,-0.000000312
1671607425440089344,0.000000768
1671607425459386112,0.000000179
1671607425479649024,0.000000234
1671607425500138752,-0.000000934
1671607425519337728,-0.000002310
1671607425539652096,-0.000002004
1671607425559350784,-0.000001600
1671607425581468416,-0.000000625
1671607425600062720,0.000000379
1671607425619069440,0.000001065
1671607425639463936,0.000001382
1671607425660165888,0.000001287
1671607425679269376,0.000001250
1671607425699693056,0.000000238
1671607425719760896,-0.000001244
1671607425739611392,-0.000001170
1671607425760931840,-0.000001311
1671607425781119488,-0.000000494
1671607425799660544,0.000000869
1671607425819042048,0.000002516
1671607425839494144,0.000002982
1671607425860137472,0.000002719
1671607425879890176,0.000001649
1671607425899257856,0.000000088
1671607425919738880,-0.000001173
1671607425940075264,-0.000000492
1671607425959215360,0.000000686
1671607425981966336,0.000001228
1671607425999219968,0.000001829
1671607426019777280,0.000001325
1671607426040014848,0.000001303
1671607426059283200,0.000001807
1671607426079496704,0.000000657
1671607426099951360,0.000000042
1671607426119281664,-0.000001427
1671607426139815168,-0.000001944
1671607426159375872,-0.000001307
1671607426181730560,-0.000000879
1671607426199139328,-0.000000414
1671607426219463424,0.000000614
1671607426239569152,0.000001870
1671607426260380928,0.000002276
1671607426279714304,0.000001080
1671607426299126016,-0.000000020
1671607426319795200,-0.000001802
1671607426339038720,-0.000001159
1671607426359607808,-0.000000791
1671607426381051136,0.000000151
1671607426399492096,0.000002020
1671607426419709184,0.000001821
1671607426439884544,0.000002095
1671607426459323392,0.000000646
1671607426479856640,-0.000000629
1671607426499057152,-0.000001131
1671607426520059648,-0.000002057
1671607426539610624,-0.000001884
1671607426560208384,-0.000000844
1671607426581310976,0.000000659
1671607426599810048,0.000002918
1671607426619174144,0.000002429
1671607426639810560,0.000001188
1671607426659226112,-0.000001533
1671607426679547904,-0.000002353
1671607426699116032,-0.000002077
1671607426719599616,-0.000002093
1671607426740498688,-0.000000426
1671607426759609344,-0.000000022
1671607426781091328,0.000001182
1671607426799422208,0.000000911
1671607426819960064,0.000000397
1671607426839191040,-0.000000021
1671607426859680768,-0.000001735
1671607426879076608,-0.000002077
1671607426899812608,-0.000001705
1671607426919329024,-0.000001435
1671607426940010752,0.000000290
1671607426959266048,0.000000975
1671607426980940288,0.000001777
1671607426999550464,0.000001595
1671607427019940864,-0.000000131
1671607427039165952,-0.000000489
1671607427059556864,-0.000000605
1671607427080066048,-0.000001543
1671607427099706880,-0.000001633
1671607427119366400,-0.000001182
1671607427139866112,-0.000000740
1671607427159472128,0.000000968
1671607427181689856,0.000002162
1671607427198947072,0.000002390
1671607427219636480,0.000001652
1671607427239721984,0.000000800
1671607427260238592,0.000000678
1671607427279447808,-0.000000554
1671607427299821056,-0.000000757
1671607427319284736,-0.000000937
1671607427339365120,-0.000000042
1671607427359833600,0.000000641
1671607427381164800,0.000001337
1671607427399594240,0.000001511
1671607427420069888,0.000000691
1671607427439100160,-0.000001658
1671607427459658752,-0.000002045
1671607427480094976,-0.000001468
1671607427499350528,-0.000000362
1671607427519830272,0.000000310
1671607427539176192,0.000000054
1671607427559965696,0.000001792
1671607427581904384,0.000001227
1671607427599229696,0.000000894
1671607427620013312,-0.000000773
1671607427639059968,-0.000001020
1671607427659682048,-0.000001027
1671607427680009472,-0.000001011
1671607427699217920,0.000000901
1671607427719590144,0.000001540
1671607427740141056,0.000000765
1671607427759964160,0.000001144
1671607427782091776,-0.000000433
1671607427799277824,-0.000001026
1671607427820057088,0.000000077
1671607427839104768,-0.000000009
1671607427859615232,0.000000220
1671607427880030976,0.000002010
1671607427899340032,0.000001465
1671607427919984384,0.000000199
1671607427940021248,-0.000000323
1671607427959661568,-0.000002603
1671607427981939968,-0.000001131
1671607427999410944,-0.000001336
1671607428019768832,0.000000044
1671607428040170240,0.000000350
1671607428059341824,0.000000041
1671607428080013312,-0.000001371
1671607428099281664,-0.000001562
1671607428119536384,-0.000001631
1671607428140007936,-0.000001259
1671607428159841536,0.000000103
1671607428180987648,0.000001764
1671607428199304960,0.000001349
1671607428219604224,0.000000655
1671607428240039424,-0.000000434
1671607428259251712,-0.000001838
1671607428279805184,-0.000001824
1671607428299164416,-0.000000514
1671607428319661568,0.000000837
1671607428339862528,0.000002660
1671607428359465984,0.000001610
1671607428381888512,-0.000000058
1671607428400165120,-0.000000333
1671607428419641856,-0.000000867
1671607428440126720,-0.000000540
1671607428459497984,0.000001529
1671607428480096512,0.000002766
1671607428499848448,0.000000825
1671607428519097856,-0.000000992
1671607428539553536,-0.000003114
1671607428559941120,-0.000001441
1671607428581428992,-0.000000090
1671607428599647744,0.000001449
1671607428620004352,0.000000996
1671607428639064064,-0.000000125
1671607428659352832,-0.000001238
1671607428680013824,-0.000002405
1671607428699335936,-0.000001456
1671607428720214016,0.000001000
1671607428741577472,0.000002873
1671607428759903232,0.000001611
1671607428781578496,-0.000000677
1671607428800200448,-0.000002625
1671607428819825152,-0.000002823
1671607428839133952,-0.000000141
1671607428859542016,0.000001819
1671607428880187392,0.000001768
1671607428899472896,0.000000002
1671607428918995968,-0.000001306
1671607428939185920,-0.000002307
1671607428959575296,-0.000001657
1671607428981162496,0.000000300
1671607428999493888,0.000002248
1671607429019848960,0.000002004
1671607429039126272,0.000000593
1671607429059771904,-0.000001603
1671607429080203776,-0.000003109
1671607429099715840,-0.000002319
1671607429119064064,-0.000000800
1671607429139749632,0.000000717
1671607429160157952,0.000001786
1671607429181431040,0.000002423
1671607429199686400,0.000000603
1671607429220032512,-0.000001382
1671607429239000832,-0.000001067
1671607429259645440,-0.000000618
1671607429279787008,0.000000092
1671607429299292928,0.000001486
1671607429319404288,0.000002729
1671607429339516416,0.000003866
1671607429360145408,0.000000830
1671607429381308416,-0.000003058
1671607429399795456,-0.000002401
1671607429419056896,-0.000000925
1671607429439176448,0.000001214
1671607429459476480,0.000003604
1671607429479818496,0.000002843
1671607429499118336,0.000000921
1671607429519407616,-0.000000973
1671607429539847424,-0.000000572
1671607429558955264,0.000000968
1671607429581632768,0.000001156
1671607429600083200,0.000002309
1671607429619257344,-0.000001442
1671607429639837952,-0.000003612
1671607429659059712,-0.000002283
1671607429679818240,-0.000000709
1671607429699147520,0.000001308
1671607429720065280,0.000000447
1671607429740631552,-0.000000464
1671607429760716288,-0.000001065
1671607429781764352,-0.000000593
1671607429799266816,0.000000045
1671607429819745024,-0.000000231
1671607429839144448,-0.000001399
1671607429859501312,-0.000002870
1671607429880062976,-0.000001145
1671607429899358464,0.000000846
1671607429919784192,0.000001128
1671607429940082944,-0.000000416
1671607429959515136,-0.000000879
1671607429980997376,-0.000001899
1671607429999571456,-0.000001696
1671607430019940864,-0.000001422
1671607430039132416,0.000001779
1671607430059778048,0.000002384
1671607430079275008,0.000000670
1671607430099836672,-0.000004033
1671607430120087040,-0.000003734
1671607430139194368,-0.000001942
1671607430159552000,0.000001121
1671607430181165568,0.000001827
1671607430199555328,-0.000000635
1671607430219892992,-0.000001681
1671607430240123392,-0.000000946
1671607430259287040,0.000000692
1671607430279668736,0.000001756
1671607430299356928,0.000001517
1671607430319734784,-0.000001209
1671607430339150080,-0.000002348
1671607430359675648,-0.000001459
1671607430382043136,0.000000308
1671607430399230464,0.000002017
1671607430419534848,0.000001989
1671607430439677440,-0.000001606
1671607430460267776,-0.000002606
1671607430479649792,-0.000000358
1671607430499119104,0.000000935
1671607430519544064,0.000001659
1671607430540056576,0.000001138
1671607430559425792,0.000000056
1671607430581863680,-0.000001293
1671607430600105472,-0.000002870
1671607430619427328,-0.000001074
1671607430639701760,-0.000000108
1671607430660305920,0.000001165
1671607430679448576,0.000000964
1671607430699765248,0.000001057
1671607430720467456,-0.000000157
1671607430739534336,-0.000001765
1671607430759302144,-0.000000656
1671607430782139136,0.000000193
1671607430799288576,0.000002542
1671607430819978752,0.000002895
1671607430839283200,0.000002428
1671607430859624448,0.000000814
1671607430879990528,-0.000001754
1671607430899481344,-0.000002250
1671607430919726336,-0.000001257
1671607430939319296,0.000000957
1671607430960209664,0.000003230
1671607430981491456,0.000002860
1671607430999939840,0.000000775
1671607431019156992,-0.000000851
1671607431039738368,-0.000000841
1671607431060379136,0.000001421
1671607431079630848,0.000001708
1671607431099108352,0.000002249
1671607431119780608,0.000002179
1671607431139163392,0.000000474
1671607431159582976,-0.000002296
1671607431181977600,-0.000001549
1671607431199446528,-0.000000733
1671607431219723520,0.000000631
1671607431240045056,-0.000000062
1671607431259460864,-0.000000625
1671607431279946496,-0.000000825
1671607431299426304,-0.000000302
1671607431319806464,-0.000000837
1671607431339208704,-0.000000079
1671607431359383552,0.000000748
1671607431381988352,-0.000000289
1671607431399395072,-0.000000837
1671607431419980032,-0.000001291
1671607431439104256,-0.000001391
1671607431459379968,-0.000001243
1671607431479734784,0.000000037
1671607431499119616,0.000000540
1671607431519386624,0.000001416
1671607431539591424,0.000000751
1671607431560371200,-0.000000850
1671607431581387520,-0.000002445
1671607431599928576,-0.000001289
1671607431619310592,0.000000735
1671607431639339264,0.000002746
1671607431660011776,0.000002466
1671607431679386368,0.000000080
1671607431699906560,-0.000000523
1671607431719345920,-0.000000455
1671607431739953920,-0.000001018
1671607431759630080,0.000000171
1671607431781893376,0.000000981
1671607431799281664,0.000002417
1671607431819853056,0.000002802
1671607431840113152,0.000000780
1671607431859578624,-0.000001818
1671607431880007680,-0.000002922
1671607431899280896,-0.000001607
1671607431919934464,-0.000000847
1671607431939234816,0.000000673
1671607431959993344,0.000001918
1671607431981244928,0.000001002
1671607431999666944,-0.000000110
1671607432020093440,-0.000001357
1671607432039322112,-0.000002210
1671607432059736320,-0.000000855
1671607432080219136,0.000001270
1671607432099557888,0.000002422
1671607432120040704,0.000002518
1671607432139197696,0.000001271
1671607432160075520,-0.000000212
1671607432180283648,-0.000001171
1671607432200116992,-0.000002251
1671607432219439872,-0.000001306
1671607432239836672,-0.000000394
1671607432259148032,0.000002105
1671607432279728640,0.000003246
1671607432299291136,0.000001514
1671607432319691776,0.000000859
1671607432340244480,0.000000100
1671607432359518976,-0.000001049
1671607432381007616,-0.000001368
1671607432399409664,-0.000001240
1671607432419957760,-0.000000912
1671607432439148544,0.000000240
1671607432459572224,0.000001423
1671607432480085504,0.000001282
1671607432499430400,0.000001357
1671607432520145408,-0.000000525
1671607432539288320,-0.000001485
1671607432559623680,-0.000001976
1671607432581186304,-0.000001334
1671607432599681792,-0.000000306
1671607432620067584,0.000001067
1671607432639184896,0.000001679
1671607432659825920,0.000002214
1671607432680086272,0.000001485
1671607432699550208,-0.000000087
1671607432720467456,-0.000002314
1671607432739814400,-0.000002779
1671607432760477184,-0.000002848
1671607432781370624,-0.000001626
1671607432799675136,-0.000001009
1671607432820059392,-0.000000256
1671607432839284224,0.000000676
1671607432859970816,0.000000115
1671607432879184384,-0.000000472
1671607432899810560,-0.000001053
1671607432920164864,-0.000000696
1671607432939317760,-0.000001510
1671607432960010496,-0.000001687
1671607432981272064,-0.000001094
1671607432999741184,0.000000027
1671607433020105984,0.000001825
1671607433039634176,0.000002431
1671607433060058368,0.000002301
1671607433079137536,0.000001345
1671607433099632640,0.000000134
1671607433119984128,-0.000000136
1671607433139107584,-0.000001069
1671607433159481088,-0.000001426
1671607433181054720,0.000000357
1671607433199372032,0.000001160
1671607433219891200,0.000001653
1671607433240113152,0.000002058
1671607433259332352,0.000002296
1671607433279986688,0.000001365
1671607433299296256,0.000000222
1671607433319602944,-0.000000642
1671607433339751680,-0.000001630
1671607433359220224,-0.000001237
1671607433380770560,-0.000000871
1671607433399177472,-0.000000649
1671607433419697152,-0.000000385
1671607433439038208,0.000001043
1671607433459601152,0.000001495
1671607433480180480,0.000002006
1671607433499548416,0.000001957
1671607433520104960,-0.000000091
1671607433539191296,-0.000000278
1671607433559857664,-0.000001450
1671607433581480704,-0.000000557
1671607433599817216,0.000000446
1671607433619275264,0.000001429
1671607433639782656,0.000002081
1671607433660061184,0.000001378
1671607433679465472,0.000001115
1671607433699843328,0.000000670
1671607433719247616,-0.000000639
1671607433739941632,-0.000001283
1671607433759215360,-0.000000589
1671607433781794048,0.000000416
1671607433800090624,0.000001200
1671607433819407104,0.000001336
1671607433840191232,0.000001186
1671607433859740672,0.000000796
1671607433879465216,0.000001716
1671607433899177728,0.000000857
1671607433919873536,-0.000000713
1671607433939225600,-0.000002294
1671607433959957760,-0.000002555
1671607433981389824,-0.000001358
1671607433999762176,0.000000098
1671607434020129792,0.000000851
1671607434039184384,0.000001381
1671607434059773184,0.000002239
1671607434079262208,0.000001541
1671607434099778048,0.000000352
1671607434119194880,-0.000000411
1671607434139584512,-0.000002678
1671607434160275712,-0.000001863
1671607434180294400,-0.000001319
1671607434199993088,0.000000715
1671607434219519744,0.000002282
1671607434240207616,0.000002477
1671607434259895808,0.000000854
1671607434280029696,-0.000000162
1671607434299369984,-0.000001548
1671607434319678976,-0.000002997
1671607434339218432,-0.000002592
1671607434360032512,-0.000001417
1671607434381346048,-0.000000677
1671607434399809280,0.000000061
1671607434419298048,0.000000840
1671607434439497472,0.000001200
1671607434460311296,0.000000261
1671607434479627520,-0.000000521
1671607434500128000,-0.000001175
1671607434519347968,-0.000001234
1671607434539898880,-0.000002210
1671607434559099136,-0.000002354
1671607434580748800,-0.000001702
1671607434600141824,-0.000000161
1671607434619273728,0.000001176
1671607434639811584,0.000001612
1671607434659242496,0.000001296
1671607434679574784,0.000000859
1671607434699256832,-0.000000064
1671607434719797760,-0.000000700
1671607434739779328,-0.000000749
1671607434760247296,-0.000001011
1671607434780526592,-0.000000856
1671607434798974464,-0.000000442
1671607434819681792,0.000000032
1671607434839749888,0.000001184
1671607434859545600,0.000001254
1671607434880048640,0.000002498
1671607434899433728,0.000002333
1671607434919925504,0.000001039
1671607434939148800,-0.000000604
1671607434959755520,-0.000001218
1671607434980967424,-0.000000918
1671607434999435520,-0.000000235
1671607435019921664,0.000000158
1671607435039141120,0.000001196
1671607435059709184,0.000003344
1671607435079307776,0.000002882
1671607435099878144,0.000001405
1671607435119147520,-0.000000460
1671607435139453696,-0.000002823
1671607435160103680,-0.000002996
1671607435180654336,-0.000000936
1671607435199112960,-0.000000181
1671607435219720960,0.000001439
1671607435239831040,0.000001780
1671607435259238656,0.000001377
1671607435279886848,0.000000235
1671607435299250688,-0.000001470
1671607435319795712,-0.000002221
1671607435340007424,-0.000000518
1671607435359103744,0.000000587
1671607435381678336,0.000002428
1671607435399105280,0.000002374
1671607435419373824,0.000002526
1671607435439853312,0.000000584
1671607435460451328,-0.000000817
1671607435479610368,-0.000001139
1671607435499040256,0.000000288
1671607435519310848,0.000000228
1671607435539569664,0.000001881
1671607435560183808,0.000001997
1671607435581224192,0.000001605
1671607435599646720,-0.000000069
1671607435619784192,-0.000001999
1671607435638910208,-0.000003713
1671607435659447040,-0.000001707
1671607435679790848,0.000000190
1671607435699382528,0.000000953
1671607435720000256,0.000000694
1671607435739318016,-0.000001798
1671607435760046336,-0.000002975
1671607435781169152,-0.000001812
1671607435799630080,-0.000000538
1671607435820187136,0.000001279
1671607435839263744,0.000001767
1671607435859791872,0.000000855
1671607435878958080,-0.000001787
1671607435899423488,-0.000002166
1671607435920017920,-0.000001895
1671607435939108352,0.000000046
1671607435959845120,0.000001611
1671607435981838080,0.000002472
1671607435999068928,0.000001772
1671607436019306496,-0.000000027
1671607436039804672,-0.000001381
1671607436059509504,-0.000003183
1671607436079699968,-0.000002123
1671607436098950912,-0.000000912
1671607436119323904,0.000000769
1671607436139641856,0.000002188
1671607436160485888,0.000000948
1671607436180585984,0.000001729
1671607436199072768,0.000000654
1671607436219263488,-0.000000139
1671607436239450112,-0.000001590
1671607436259889664,-0.000001567
1671607436279291904,-0.000000960
1671607436299737088,0.000000150
1671607436319039232,0.000001192
1671607436339323904,0.000001505
1671607436359676416,0.000000063
1671607436381916416,-0.000001855
1671607436399457280,-0.000002395
1671607436419876096,-0.000003594
1671607436439086080,-0.000002982
1671607436459851008,-0.000001658
1671607436479084288,0.000000276
1671607436499686656,0.000001321
1671607436518981632,0.000000934
1671607436539709184,0.000000345
1671607436559418112,-0.000000677
1671607436581681920,-0.000001431
1671607436599933952,-0.000001012
1671607436619350784,-0.000001168
1671607436639658752,0.000000695
1671607436660196864,0.000001987
1671607436679422976,0.000003407
1671607436699640832,0.000002958
1671607436720279296,0.000001619
1671607436740057600,0.000000306
1671607436760182528,-0.000000778
1671607436780481792,-0.000001192
1671607436800029184,0.000000115
1671607436819306496,0.000000683
1671607436839465728,0.000001926
1671607436860142592,0.000002543
1671607436879358464,0.000000369
1671607436900016384,-0.000000760
1671607436919580416,-0.000002346
1671607436939992320,-0.000001560
1671607436959768576,0.000001830
1671607436980882944,0.000002157
1671607436999529728,0.000000957
1671607437020098304,-0.000000277
1671607437039608064,-0.000001757
1671607437060063232,-0.000001629
1671607437079139328,-0.000000210
1671607437099555584,0.000000477
1671607437120120832,0.000001075
1671607437139841792,0.000001041
1671607437159438336,-0.000001021
1671607437180796928,-0.000001974
1671607437199228416,-0.000001198
1671607437219395840,0.000000582
1671607437239659264,0.000001894
1671607437260231424,0.000000902
1671607437279261952,-0.000001459
1671607437299852032,-0.000003397
1671607437319521280,-0.000002755
1671607437339823360,-0.000001063
1671607437359117568,0.000001371
1671607437380809472,0.000002958
1671607437399167488,0.000002813
1671607437419887360,0.000001370
1671607437439019776,-0.000000517
1671607437459521024,-0.000001173
1671607437480132352,-0.000001192
1671607437499355136,0.000000437
1671607437519973120,0.000002356
1671607437539379968,0.000001441
1671607437560386816,0.000001049
1671607437580578560,-0.000001549
1671607437599013632,-0.000002488
1671607437619629568,-0.000001899
1671607437639061248,-0.000000465
1671607437659602688,0.000001295
1671607437680078592,0.000001824
1671607437699409408,0.000001481
1671607437718953472,0.000000488
1671607437739857152,-0.000000499
1671607437760067072,-0.000002687
1671607437780533760,-0.000001515
1671607437799013888,-0.000001586
1671607437819695360,-0.000000244
1671607437839234816,0.000002004
1671607437859692800,0.000002116
1671607437879017472,0.000000364
1671607437899542784,-0.000000964
1671607437920088832,-0.000002542
1671607437939558400,-0.000002747
1671607437960446976,-0.000000772
1671607437980848128,0.000000760
1671607437999312640,0.000002116
1671607438020024832,0.000002348
1671607438039225344,0.000001576
1671607438059938304,0.000000236
1671607438080280576,-0.000001752
1671607438099667200,-0.000001741
1671607438119088896,0.000000127
1671607438138353920,0.000001248
1671607438158683392,0.000002261
1671607438181173504,0.000002184
1671607438198834176,0.000001411
1671607438219565056,0.000001448
1671607438239725568,0.000000079
1671607438260223232,-0.000001136
1671607438279758336,-0.000000541
1671607438299062016,0.000000750
1671607438319627264,0.000001804
1671607438339053312,0.000001033
1671607438359607552,-0.000001298
1671607438380922112,-0.000004555
1671607438399223808,-0.000003574
1671607438419749376,-0.000001967
1671607438439111168,0.000000992
1671607438460041984,0.000001568
1671607438479386368,0.000000779
1671607438499828736,-0.000000504
1671607438518994432,-0.000001537
1671607438539506176,-0.000003287
1671607438560111616,-0.000001849
1671607438581279744,-0.000000378
1671607438599718400,0.000000640
1671607438619985920,0.000001890
1671607438639173376,0.000002261
1671607438659706368,0.000001318
1671607438680004608,-0.000000078
1671607438699499008,-0.000000951
1671607438719680768,-0.000001996
1671607438739892736,-0.000000895
1671607438760812032,0.000000103
1671607438780477184,-0.000000198
1671607438800044544,0.000001054
1671607438820377600,0.000001664
1671607438839376640,0.000001640
1671607438860260096,0.000001405
1671607438879494400,0.000000410
1671607438899923968,-0.000000718
1671607438919096832,-0.000002311
1671607438939465472,-0.000001783
1671607438959864576,-0.000000986
1671607438981218304,-0.000000819
1671607438999565312,-0.000000091
1671607439019758336,0.000000946
1671607439040008192,0.000001120
1671607439059175680,0.000000871
1671607439079862528,-0.000000068
1671607439099441152,-0.000000490
1671607439119027456,-0.000001890
1671607439139379712,-0.000002026
1671607439158571008,-0.000000262
1671607439181206272,0.000000396
1671607439199626496,0.000000876
1671607439219981056,0.000001480
1671607439239261184,0.000001987
1671607439258857216,0.000001297
1671607439279160320,-0.000000066
1671607439299775488,-0.000001469
1671607439319153152,-0.000002018
1671607439339368704,-0.000001800
1671607439359943936,-0.000001067
1671607439380388352,0.000000025
1671607439400074240,0.000001427
1671607439419360256,0.000001515
1671607439438817536,0.000001845
1671607439459538944,0.000000719
1671607439478652416,-0.000000621
1671607439499154944,-0.000001566
1671607439519856128,-0.000001859
1671607439539261696,-0.000001274
1671607439560077312,0.000000182
1671607439580577792,0.000000619
1671607439598996992,0.000001368
1671607439619438336,0.000002539
1671607439638863616,0.000001101
1671607439659798272,-0.000000408
1671607439679076864,-0.000000407
1671607439699963904,-0.000001594
1671607439719787776,-0.000001371
1671607439739113216,-0.000000964
1671607439759577856,0.000001203
1671607439780672000,0.000002126
1671607439800130048,0.000003286
1671607439819570944,0.000002337
1671607439839055872,-0.000000418
1671607439859593984,-0.000001406
1671607439879950080,-0.000001962
1671607439899487488,-0.000001642
1671607439919815680,0.000000099
1671607439939982592,0.000000975
1671607439959368448,0.000001665
1671607439980816128,0.000002169
1671607439999549440,0.000001020
1671607440020216064,0.000000134
1671607440039860224,-0.000001358
1671607440059709184,-0.000001768
1671607440079757056,-0.000000795
1671607440100263424,-0.000001345
1671607440119838720,-0.000000604
1671607440139385600,0.000000234
1671607440159123456,0.000001630
1671607440180401664,0.000001633
1671607440199742464,0.000001352
1671607440219009024,0.000000485
1671607440239223040,-0.000000220
1671607440259931648,-0.000000425
1671607440279897856,-0.000001669
1671607440299161088,-0.000001378
1671607440319591168,-0.000000277
1671607440339046400,0.000001895
1671607440359394560,0.000002820
1671607440380990976,0.000002455
1671607440399264768,0.000000552
1671607440419752448,-0.000000650
1671607440439947264,-0.000000967
1671607440459439616,-0.000002094
1671607440479760640,-0.000000361
1671607440500065280,0.000001176
1671607440519235328,0.000001424
1671607440539738368,0.000001677
1671607440559399680,0.000001020
1671607440580625408,0.000000571
1671607440600095232,-0.000001084
1671607440619242496,-0.000002056
1671607440639486464,-0.000001856
1671607440658809344,-0.000000974
1671607440679300864,0.000000427
1671607440699683840,0.000001151
1671607440719180288,0.000001476
1671607440739331840,-0.000000296
1671607440760480256,-0.000002186
1671607440780761600,-0.000002537
1671607440799994112,-0.000002132
1671607440819313408,-0.000001304
1671607440840058368,-0.000000097
1671607440859173120,0.000000922
1671607440879663616,0.000000923
1671607440899279872,0.000001082
1671607440918792192,0.000001003
1671607440939231744,-0.000000091
1671607440958694144,-0.000001549
1671607440980326144,-0.000000895
1671607440998645760,-0.000000942
1671607441019252992,-0.000000487
1671607441038854656,0.000000317
1671607441059453184,0.000001639
1671607441079058688,0.000001525
1671607441098520832,0.000000714
1671607441119097344,0.000000552
1671607441139173632,-0.000000675
1671607441158360576,-0.000001519
1671607441180961536,-0.000001595
1671607441199467008,-0.000001082
1671607441219971328,0.000001046
1671607441239465728,0.000001609
1671607441259759104,0.000001154
1671607441279278080,0.000000206
1671607441300020992,-0.000001156
1671607441319282176,-0.000002724
1671607441338781952,-0.000002206
1671607441359047424,-0.000001105
1671607441380547584,0.000000432
1671607441399101952,0.000002620
1671607441419327232,0.000003039
1671607441438594304,0.000001996
1671607441460229888,-0.000000250
1671607441478413824,-0.000001380
1671607441499031296,-0.000002070
1671607441519192832,-0.000000500
1671607441538431744,0.000000786
1671607441559017216,0.000002850
1671607441580089088,0.000002908
1671607441599668992,0.000001777
1671607441618702080,-0.000001266
1671607441639180032,-0.000002162
1671607441658920448,-0.000001741
1671607441679025152,0.000000341
1671607441698487040,0.000001070
1671607441720625920,0.000000732
1671607441739736832,0.000000332
1671607441758747648,-0.000001428
1671607441780454912,-0.000002903
1671607441800094976,-0.000004116
1671607441819492864,-0.000001847
1671607441838716160,0.000000465
1671607441858917120,0.000001526
1671607441879176192,0.000001683
1671607441898384384,0.000000278
1671607441918617600,-0.000001266
1671607441939196928,-0.000002320
1671607441958387968,-0.000002260
1671607441980787712,-0.000000892
1671607441999053568,-0.000000166
1671607442018600192,0.000001342
1671607442038727936,0.000001014
1671607442059498752,0.000001192
1671607442078556416,-0.000001464
1671607442100142336,-0.000001236
1671607442118412800,-0.000001677
1671607442139806720,-0.000001431
1671607442158967552,-0.000000113
1671607442180573184,0.000000036
1671607442199241984,0.000001715
1671607442218270720,0.000002481
1671607442238495488,0.000001710
1671607442260136704,0.000000587
1671607442279121152,-0.000000517
1671607442299565312,-0.000002018
1671607442319064064,-0.000001133
1671607442338422528,0.000000483
1671607442358953216,0.000000953
1671607442380527104,0.000001321
1671607442400163328,0.000001146
1671607442418376960,0.000001511
1671607442439024128,0.000000634
1671607442459759872,-0.000001471
1671607442478557440,-0.000003221
1671607442500138240,-0.000002195
1671607442519261696,-0.000000923
1671607442538348800,0.000000214
1671607442558710784,0.000001526
1671607442580442112,0.000002232
1671607442598791424,0.000001653
1671607442618556672,0.000001478
1671607442639141376,-0.000000822
1671607442658505728,-0.000002079
1671607442679088896,-0.000001120
1671607442698586880,-0.000000611
1671607442720140800,0.000000539
1671607442738996224,0.000002618
1671607442759161600,0.000002928
1671607442780384256,0.000001993
1671607442798787072,-0.000001317
1671607442819138048,-0.000002618
1671607442839431680,-0.000003032
1671607442859018496,-0.000001318
1671607442879352576,0.000000749
1671607442898911488,0.000001830
1671607442918301696,0.000001836
1671607442938787584,0.000000149
1671607442959062528,-0.000001653
1671607442980600320,-0.000002701
1671607442999878656,-0.000001612
1671607443019047168,-0.000000596
1671607443039230464,0.000002729
1671607443058566144,0.000003083
1671607443078887168,0.000001438
1671607443099299072,0.000000239
1671607443119575552,-0.000002555
1671607443138816000,-0.000001816
1671607443159479808,-0.000000309
1671607443180658432,0.000000985
1671607443199054848,0.000001712
1671607443218402560,0.000001712
1671607443239084800,0.000000374
1671607443258238464,-0.000000607
1671607443278904832,-0.000001789
1671607443299327488,-0.000002117
1671607443318616576,-0.000000154
1671607443338903040,0.000001891
1671607443359318784,0.000002524
1671607443380694016,0.000000379
1671607443398818816,-0.000000173
1671607443419323904,-0.000001755
1671607443438917632,-0.000001611
1671607443459284736,-0.000000430
1671607443478471936,0.000000791
1671607443498841856,0.000002620
1671607443519216384,-0.000000112
1671607443538801152,-0.000000706
1671607443559214336,-0.000002290
1671607443580769024,-0.000001900
1671607443599033600,-0.000000230
1671607443618424576,0.000001249
1671607443638616320,0.000002314
1671607443659115264,0.000001601
1671607443679409664,0.000001797
1671607443698767104,-0.000001678
1671607443719543296,-0.000002432
1671607443739489792,-0.000000909
1671607443759163904,0.000001538
1671607443780692480,0.000002264
1671607443799257344,0.000001028
1671607443818705920,-0.000002163
1671607443838813440,-0.000002402
1671607443859142656,-0.000000340
1671607443878677760,0.000002630
1671607443898990592,0.000001868
1671607443919179520,-0.000000592
1671607443938555136,-0.000001463
1671607443959056128,-0.000001515
1671607443980681472,0.000000020
1671607443999099648,0.000001239
1671607444018695424,0.000001373
1671607444038830080,0.000001060
1671607444059158016,-0.000001538
1671607444078652672,-0.000002933
1671607444099132160,-0.000000780
1671607444118524160,0.000000911
1671607444138536704,0.000000624
1671607444159353600,-0.000000269
1671607444180936448,-0.000003457
1671607444199446016,-0.000003280
1671607444218755072,-0.000000299
1671607444239220736,-0.000000023
1671607444258742272,-0.000000682
1671607444279255552,-0.000004697
1671607444298486272,-0.000003779
1671607444318896128,-0.000002443
1671607444339104512,-0.000000853
1671607444358829312,-0.000002694
1671607444380092416,-0.000005080
1671607444398374144,-0.000004428
1671607444418993920,-0.000003002
1671607444439327232,-0.000004100
1671607444459064832,-0.000007202
1671607444479179008,-0.000005914
1671607444498591232,-0.000003432
1671607444519279104,-0.000003387
1671607444538856448,-0.000006122
1671607444559455488,-0.000006831
1671607444580806656,-0.000006026
1671607444599198464,-0.000005868
1671607444618577408,-0.000006913
1671607444639236096,-0.000008827
1671607444658535936,-0.000006333
1671607444679000832,-0.000003527
1671607444698421760,-0.000002519
1671607444718974720,-0.000003222
1671607444739123200,-0.000005026
1671607444758959616,-0.000004412
1671607444780525568,-0.000003412
1671607444798910464,-0.000002460
1671607444819179008,-0.000004840
1671607444838626816,-0.000005765
1671607444859010560,-0.000003420
1671607444878598912,-0.000001592
1671607444899204608,-0.000002053
1671607444918608384,-0.000004267
1671607444939034112,-0.000003856
1671607444959212032,-0.000003144
1671607444980601344,-0.000000580
1671607444999194368,-0.000000687
1671607445018244096,-0.000002603
1671607445038726912,-0.000002891
1671607445059289344,-0.000001449
1671607445078610176,-0.000001255
1671607445099135488,-0.000001430
1671607445119327744,-0.000005208
1671607445138670080,-0.000004328
1671607445158962432,-0.000001591
1671607445180506368,0.000000135
1671607445198898176,0.000000946
1671607445219221248,-0.000000355
1671607445238753280,-0.000000070
1671607445258941696,0.000000088
1671607445278482432,0.000001600
1671607445298996736,0.000002557
1671607445319454976,0.000004538
1671607445338688768,0.000004020
1671607445359192320,0.000003776
1671607445380752896,0.000003035
1671607445399023360,0.000002797
1671607445419314944,0.000002750
1671607445438748160,0.000004009
1671607445459127808,0.000005614
1671607445479017728,0.000008307
1671607445499352320,0.000008117
1671607445518628352,0.000007153
1671607445539413760,0.000006091
1671607445558627072,0.000005096
1671607445581159680,0.000004934
1671607445599358464,0.000005085
1671607445618689280,0.000005680
1671607445638914304,0.000006367
1671607445659167744,0.000008996
1671607445678867968,0.000010177
1671607445698459392,0.000007811
1671607445718812416,0.000005492
1671607445739550720,0.000004001
1671607445759230464,0.000002865
1671607445780762624,0.000004073
1671607445799425792,0.000005861
1671607445818866944,0.000008612
1671607445839353088,0.000007956
1671607445858591488,0.000007538
1671607445879197696,0.000004962
1671607445898605312,0.000002680
1671607445918847744,0.000004057
1671607445939031808,0.000002422
1671607445959399424,0.000002432
1671607445980787712,0.000004010
1671607445999233792,0.000005666
1671607446018481664,0.000005839
1671607446038691584,0.000004204
1671607446059137792,0.000001161
1671607446078664448,-0.000000715
1671607446099057664,0.000000165
1671607446118372864,0.000004286
1671607446138849024,0.000003849
1671607446159461376,0.000002818
1671607446180995584,0.000001341
1671607446198300928,-0.000000598
1671607446218936576,-0.000000572
1671607446239160064,0.000001599
1671607446259178240,0.000003400
1671607446279176704,0.000003117
1671607446298386432,0.000000953
1671607446318797568,-0.000001660
1671607446339393024,-0.000001876
1671607446358562304,-0.000000664
1671607446380413184,0.000001079
1671607446398832384,0.000003066
1671607446419136768,0.000000738
1671607446438876928,-0.000001107
1671607446459532032,-0.000002851
1671607446478845696,-0.000003269
1671607446498470912,-0.000001491
1671607446518826240,0.000001115
1671607446539261184,0.000001812
1671607446558689280,0.000000285
1671607446580114432,-0.000001685
1671607446599781120,-0.000002781
1671607446619225856,-0.000002476
1671607446638316032,-0.000000716
1671607446658757632,0.000000296
1671607446679322112,0.000001615
1671607446698715392,0.000000442
1671607446719266304,-0.000001208
1671607446738665728,-0.000002870
1671607446759051776,-0.000002550
1671607446780532992,-0.000001627
1671607446799315200,-0.000000601
1671607446818505472,-0.000000024
1671607446838701824,0.000000606
1671607446859302912,-0.000000858
1671607446878768384,-0.000002786
1671607446898344192,-0.000002649
1671607446919969536,-0.000000379
1671607446939392256,0.000001882
1671607446958714368,0.000001295
1671607446981105920,-0.000000320
1671607446998325760,-0.000001710
1671607447018985728,-0.000003831
1671607447038438656,-0.000003524
1671607447058720000,0.000000072
1671607447079240192,0.000002099
1671607447098623744,0.000001856
1671607447118910464,0.000000412
1671607447138344192,-0.000000151
1671607447158903808,-0.000002821
1671607447180334336,-0.000003642
1671607447198986496,-0.000002384
1671607447219293952,0.000001178
1671607447238667776,0.000002315
1671607447259273984,0.000002977
1671607447278765056,0.000001790
1671607447298522112,-0.000001299
1671607447319264768,-0.000003356
1671607447339219456,-0.000004766
1671607447358643712,-0.000003666
1671607447380162816,-0.000001626
1671607447399038720,-0.000000065
1671607447418549760,0.000002095
1671607447438928640,0.000003090
1671607447459286016,0.000003687
1671607447478845184,0.000002147
1671607447498509824,-0.000001365
1671607447518962432,-0.000003440
1671607447539140352,-0.000004084
1671607447558319616,-0.000003077
1671607447580965888,-0.000000753
1671607447598355968,0.000001060
1671607447618857472,0.000002242
1671607447638408704,0.000001897
1671607447659093760,0.000003188
1671607447678351872,0.000001095
1671607447699317504,-0.000001785
1671607447720036096,-0.000003416
1671607447739058432,-0.000003893
1671607447758581504,-0.000002616
1671607447781063424,-0.000001085
1671607447798599424,-0.000000508
1671607447818707200,0.000000347
1671607447838864896,0.000002027
1671607447859226112,0.000003416
1671607447878579712,0.000003149
1671607447899216640,0.000001719
1671607447918704896,-0.000000232
1671607447938219008,-0.000001351
1671607447958664192,-0.000000605
1671607447980446976,-0.000001535
1671607447998829056,-0.000000916
1671607448019168256,-0.000000822
1671607448038559232,-0.000000085
1671607448059311616,0.000001105
1671607448078434560,0.000002837
1671607448099028736,0.000003585
1671607448118208000,0.000002110
1671607448139084032,0.000001340
1671607448158686464,-0.000000080
1671607448181247232,-0.000002722
1671607448198621952,-0.000003080
1671607448218923520,-0.000000654
1671607448239086336,0.000001293
1671607448259630848,0.000003759
1671607448278736896,0.000006548
1671607448298318592,0.000005554
1671607448318733824,0.000002573
1671607448339107072,-0.000001050
1671607448358540288,-0.000001857
1671607448381187328,-0.000002665
1671607448398365696,0.000000770
1671607448418808320,0.000002745
1671607448438975744,0.000003102
1671607448459194624,0.000002605
1671607448478898432,0.000001993
1671607448498482176,0.000003598
1671607448519073024,0.000001093
1671607448538468352,-0.000000201
1671607448558666752,-0.000002448
1671607448581052672,-0.000001129
1671607448598383616,0.000000855
1671607448618718976,0.000000208
1671607448638317824,-0.000000940
1671607448658916864,0.000000857
1671607448678407424,0.000001212
1671607448698947840,0.000001784
1671607448718521088,0.000001411
1671607448739456000,0.000000373
1671607448759580416,-0.000000075
1671607448780920832,-0.000002376
1671607448799369216,-0.000003762
1671607448818613248,-0.000002666
1671607448838947072,-0.000001179
1671607448859160064,-0.000000643
1671607448878591488,-0.000000770
1671607448899350528,0.000000857
1671607448918629120,0.000001857
1671607448939195648,0.000001425
1671607448958559232,0.000000752
1671607448981192192,-0.000000438
1671607448998665984,-0.000001691
1671607449019219968,-0.000003095
1671607449038753792,-0.000002841
1671607449059053312,-0.000001898
1671607449078549760,-0.000001236
1671607449098875392,0.000000046
1671607449119421184,0.000001192
1671607449138644224,0.000000333
1671607449159143168,0.000000215
1671607449180831232,-0.000000841
1671607449199227648,-0.000000336
1671607449218485760,-0.000000566
1671607449238611200,-0.000002670
1671607449258667264,-0.000003342
1671607449279330048,-0.000002752
1671607449298894592,-0.000000997
1671607449319261440,0.000000599
1671607449338611456,0.000000717
1671607449358977792,0.000001686
1671607449380563968,0.000003875
1671607449398972160,0.000003755
1671607449418499584,0.000001834
1671607449438750464,-0.000000110
1671607449459325440,-0.000000278
1671607449478807296,-0.000000610
1671607449499247360,-0.000000484
1671607449518506752,0.000000954
1671607449538798080,0.000001337
1671607449559115776,0.000002873
1671607449580749568,0.000003496
1671607449599254016,0.000002176
1671607449618777344,0.000000248
1671607449638897152,-0.000002394
1671607449659287296,-0.000002175
1671607449679031808,-0.000001250
1671607449698445312,-0.000001874
1671607449719105792,-0.000000155
1671607449739997696,0.000000614
1671607449759158528,0.000000804
1671607449780782336,0.000000861
1671607449799538176,0.000001613
1671607449818664960,0.000001548
1671607449838844672,-0.000000281
1671607449859158272,-0.000000954
1671607449878521088,-0.000000147
1671607449899161088,-0.000002144
1671607449918746624,-0.000001143
1671607449939239168,0.000001031
1671607449958676224,0.000002195
1671607449980243200,0.000004114
1671607449998902528,0.000005540
1671607450019394560,0.000004801
1671607450038881536,0.000001551
1671607450059632896,-0.000001643
1671607450079074048,-0.000002959
1671607450098413056,-0.000003488
1671607450119059712,-0.000003855
1671607450138295296,-0.000002952
1671607450158858240,-0.000000737
1671607450180741120,0.000000323
1671607450198745344,0.000001350
1671607450219239424,0.000002901
1671607450238462976,0.000001438
1671607450259311104,-0.000000101
1671607450278458112,-0.000002457
1671607450299007488,-0.000002149
1671607450319503104,-0.000001334
1671607450338708736,-0.000000414
1671607450359086848,0.000001313
1671607450380170240,0.000004076
1671607450398745600,0.000004808
1671607450419214080,0.000002826
1671607450439447296,-0.000001307
1671607450458564608,-0.000002338
1671607450478929408,-0.000003747
1671607450499177216,-0.000002839
1671607450518750464,0.000000305
1671607450538966528,0.000002026
1671607450559670784,0.000000551
1671607450580931584,-0.000001269
1671607450599282944,-0.000003130
1671607450618706176,-0.000003500
1671607450639214336,-0.000001395
1671607450658506752,0.000002240
1671607450679031808,0.000003547
1671607450698461440,0.000000884
1671607450719144960,-0.000001488
1671607450739997952,-0.000002511
1671607450758947072,-0.000002391
1671607450780454400,-0.000000406
1671607450799067648,0.000002254
1671607450818548992,0.000003769
1671607450839051776,0.000002455
1671607450858433536,-0.000000727
1671607450879091712,-0.000002039
1671607450898348032,-0.000002550
1671607450919016192,-0.000000115
1671607450938391808,0.000001989
1671607450958889216,0.000002463
1671607450980470784,0.000001360
1671607450999085312,-0.000000224
1671607451018988288,-0.000002931
1671607451039408896,-0.000003419
1671607451058788096,-0.000001374
1671607451079333632,0.000002820
1671607451098640128,0.000003461
1671607451119049216,0.000002903
1671607451139529984,-0.000000742
1671607451158763264,-0.000004588
1671607451180262400,-0.000004590
1671607451198859264,-0.000000872
1671607451219404544,0.000002232
1671607451238721536,0.000002941
1671607451258903040,0.000000226
1671607451278403328,-0.000001542
1671607451299079936,-0.000002942
1671607451319512832,-0.000002409
1671607451338577920,-0.000000369
1671607451359035648,0.000000495
1671607451380749568,0.000000438
1671607451399077120,0.000000022
1671607451418458112,-0.000001310
1671607451438750208,-0.000002965
1671607451459218688,-0.000003940
1671607451478659328,-0.000004882
1671607451499261184,-0.000002656
1671607451518816512,0.000000089
1671607451539200768,0.000002419
1671607451558550272,0.000002634
1671607451581305856,0.000002146
1671607451598460160,0.000002509
1671607451618810112,0.000001504
1671607451639173376,-0.000000799
1671607451658535424,-0.000001887
1671607451679269632,-0.000000088
1671607451698964992,0.000000208
1671607451719584768,0.000001254
1671607451739620096,0.000001916
1671607451758502656,0.000001899
1671607451781075456,0.000002492
1671607451798501376,0.000002518
1671607451818859776,0.000001823
1671607451839121920,0.000000545
1671607451858501632,-0.000000664
1671607451879172096,-0.000002206
1671607451898608640,-0.000003156
1671607451919011072,-0.000001805
1671607451939208704,0.000000594
1671607451958467840,0.000001153
1671607451980183040,0.000000690
1671607451998913280,0.000000930
1671607452019403520,0.000001126
1671607452039061248,-0.000000854
1671607452058394368,-0.000002933
1671607452078876928,-0.000002921
1671607452099244032,-0.000002024
1671607452118563840,0.000000055
1671607452138796800,0.000000474
1671607452159496960,0.000000367
1671607452181007616,0.000000619
1671607452199249920,0.000002192
1671607452218512640,0.000002675
1671607452239028992,0.000001484
1671607452259745792,0.000002039
1671607452279016192,0.000001441
1671607452298319872,-0.000000522
1671607452318756096,-0.000000041
1671607452339153408,0.000000024
1671607452358297344,-0.000000525
1671607452381070592,-0.000001265
1671607452398246400,-0.000001132
1671607452418902784,0.000000927
1671607452439096576,0.000000877
1671607452458309888,0.000000127
1671607452479104256,0.000000684
1671607452498390272,-0.000000380
1671607452518942464,-0.000000818
1671607452539265280,-0.000001752
1671607452558585344,0.000000043
1671607452580154368,-0.000000132
1671607452598696448,0.000000549
1671607452619329280,0.000001785
1671607452638716160,0.000000467
1671607452658964992,-0.000000642
1671607452678609408,-0.000002280
1671607452699144192,-0.000002877
1671607452718425088,-0.000000795
1671607452739277568,-0.000000619
1671607452759717632,0.000001010
1671607452780838912,0.000001139
1671607452799399424,0.000000775
1671607452818908672,0.000001279
1671607452838396928,0.000001992
1671607452858710528,0.000000001
1671607452879178752,-0.000001330
1671607452898777344,-0.000001532
1671607452919457792,-0.000001141
1671607452939034112,-0.000000539
1671607452958454016,0.000001059
1671607452981181952,0.000000874
1671607452998574848,0.000001206
1671607453019096576,0.000002807
1671607453038574080,0.000001322
1671607453059014656,0.000000082
1671607453078934272,0.000000794
1671607453098427136,-0.000000883
1671607453119104768,0.000000113
1671607453138393088,-0.000000205
1671607453158985728,0.000000206
1671607453180472320,-0.000000090
1671607453198919424,0.000001628
1671607453218374912,0.000002238
1671607453238644480,0.000000786
1671607453259210496,0.000000422
1671607453278392064,0.000001050
1671607453299014656,0.000000455
1671607453318498048,0.000001608
1671607453339316480,0.000001715
1671607453358482944,0.000001049
1671607453381213440,-0.000000583
1671607453398749440,0.000000034
1671607453418467328,0.000000443
1671607453438667008,0.000000049
1671607453459493632,-0.000000755
1671607453478727168,0.000000734
1671607453499248384,0.000000554
1671607453518788864,0.000001453
1671607453539084800,0.000002377
1671607453558462976,0.000003295
1671607453581033472,0.000002464
1671607453598377472,0.000001755
1671607453618836736,0.000001973
1671607453639068672,0.000001358
1671607453658600448,-0.000000328
1671607453678550016,-0.000000355
1671607453699089920,0.000000231
1671607453719106816,0.000002187
1671607453738972672,0.000002185
1671607453758637568,0.000002357
1671607453781262848,0.000001136
1671607453798433536,-0.000001162
1671607453818879232,-0.000002074
1671607453839188736,-0.000001366
1671607453858836224,-0.000001982
1671607453878855936,-0.000000430
1671607453898282752,0.000000360
1671607453918483712,0.000003653
1671607453938760448,0.000002773
1671607453959239168,0.000000586
1671607453980633856,-0.000001853
1671607453999195392,-0.000002539
1671607454018754560,-0.000002867
1671607454038937344,-0.000001484
1671607454058176768,-0.000001085
1671607454079017728,0.000001165
1671607454098533632,0.000001732
1671607454119170560,0.000001659
1671607454138469632,-0.000000598
1671607454159081472,-0.000003935
1671607454180790784,-0.000005946
1671607454199229440,-0.000004371
1671607454218776576,-0.000000997
1671607454239251712,0.000000607
1671607454258698240,0.000001395
1671607454279106560,0.000002039
1671607454298475776,0.000000723
1671607454318976256,-0.000000934
1671607454339286016,-0.000002760
1671607454358753792,-0.000002695
1671607454380104960,-0.000002331
1671607454398556416,-0.000001239
1671607454419146752,0.000000031
1671607454438318848,0.000002297
1671607454459007488,0.000000445
1671607454479209984,-0.000001008
1671607454498459136,-0.000003289
1671607454518827776,-0.000001045
1671607454539145216,-0.000001306
1671607454558508544,-0.000002422
1671607454580840448,-0.000003192
1671607454598236416,-0.000000409
1671607454618700032,0.000001733
1671607454639232256,0.000000847
1671607454658365184,-0.000000031
1671607454678917632,0.000002506
1671607454698390016,0.000000115
1671607454718735104,-0.000000754
1671607454738557952,-0.000000374
1671607454759131904,-0.000000429
1671607454781142528,-0.000000659
1671607454798459392,0.000000117
1671607454818971392,0.000000827
1671607454838303232,0.000000982
1671607454858816000,0.000001747
1671607454879111936,-0.000000385
1671607454898483456,-0.000000951
1671607454918919168,-0.000001235
1671607454938238976,-0.000002621
1671607454959340288,-0.000003079
1671607454980418048,-0.000001818
1671607454999050496,0.000000383
1671607455018341376,0.000002068
1671607455038961408,0.000004112
1671607455058309376,0.000004055
1671607455078862080,0.000000786
1671607455098397952,-0.000001596
1671607455119051264,-0.000002400
1671607455138555136,-0.000001836
1671607455159280896,-0.000002897
1671607455180718592,-0.000001712
1671607455199111936,0.000002283
1671607455218569472,0.000001886
1671607455239154688,0.000000736
1671607455258447104,0.000000453
1671607455278478080,-0.000000133
1671607455299196672,-0.000000871
1671607455318212608,-0.000000749
1671607455338552064,-0.000000823
1671607455359204352,-0.000002079
1671607455380405760,-0.000001877
1671607455398636544,0.000001628
1671607455419165696,0.000002583
1671607455438674176,0.000001017
1671607455459471104,0.000000900
1671607455478826240,0.000001198
1671607455499530752,-0.000001031
1671607455518638592,0.000000265
1671607455538804736,-0.000001035
1671607455559504128,-0.000000908
1671607455580711936,-0.000000941
1671607455598355712,-0.000000064
1671607455618878208,0.000000087
1671607455639058944,-0.000000538
1671607455658304256,0.000000305
1671607455678982912,0.000001758
1671607455698393856,0.000000883
1671607455718898176,0.000003134
1671607455738657280,0.000002659
1671607455758967040,-0.000000627
1671607455780356352,-0.000002956
1671607455798943232,-0.000002687
1671607455818226688,-0.000001304
1671607455838493952,0.000000931
1671607455859292160,0.000001364
1671607455878305792,0.000001901
1671607455899107072,0.000001676
1671607455918369536,0.000004087
1671607455938561024,0.000002506
1671607455959280640,0.000000128
1671607455980396544,0.000000226
1671607455998959360,0.000000037
1671607456018296832,0.000001577
1671607456038621184,-0.000000179
1671607456059139584,0.000000552
1671607456078671104,0.000001210
1671607456099196160,0.000002135
1671607456118711040,0.000001365
1671607456139298560,0.000002568
1671607456158790912,0.000002912
1671607456180266496,0.000001018
1671607456198849280,0.000000015
1671607456218556416,-0.000000703
1671607456239157504,0.000000445
1671607456258327808,0.000001119
1671607456279067904,0.000001808
1671607456298466304,0.000000895
1671607456318864640,0.000002878
1671607456338333184,0.000001571
1671607456358768896,-0.000001589
1671607456380295168,-0.000000848
1671607456398945280,-0.000001749
1671607456419259392,-0.000002452
1671607456438679552,-0.000001100
1671607456459248896,-0.000002030
1671607456479349248,-0.000002763
1671607456499026688,-0.000002121
1671607456518339328,0.000001232
1671607456538691584,0.000002883
1671607456559545088,0.000001687
1671607456580866304,0.000001417
1671607456599024896,0.000000118
1671607456618459136,-0.000000270
1671607456638552320,-0.000002458
1671607456658808320,-0.000003444
1671607456678493440,-0.000002418
1671607456698825472,-0.000002478
1671607456719240960,0.000000228
1671607456739357184,0.000001130
1671607456759265536,0.000000269
1671607456780677120,-0.000000307
1671607456799221760,-0.000000463
1671607456818391808,-0.000000332
1671607456838952960,0.000000774
1671607456859411712,-0.000000995
1671607456878763520,-0.000000881
1671607456899235328,-0.000001571
1671607456918495232,-0.000000436
1671607456939035648,-0.000000869
1671607456958295296,0.000000729
1671607456981217536,0.000002068
1671607456998547200,0.000004262
1671607457018973696,0.000002995
1671607457038398976,0.000000682
1671607457058975744,-0.000000141
1671607457078406912,0.000000767
1671607457098973696,-0.000000694
1671607457118587904,-0.000000348
1671607457139004928,0.000000897
1671607457158348032,0.000000227
1671607457181101312,0.000000587
1671607457198424576,0.000002014
1671607457219225344,0.000001971
1671607457238871808,0.000003129
1671607457259431936,0.000002156
1671607457278719232,-0.000000837
1671607457299369984,-0.000001803
1671607457318878976,-0.000001474
1671607457339221248,-0.000003126
1671607457358417152,-0.000001524
1671607457380897280,-0.000000381
1671607457398322688,0.000000935
1671607457419096064,0.000002082
1671607457439243264,0.000000686
1671607457458479616,-0.000000804
1671607457478973184,-0.000002230
1671607457498398464,-0.000003443
1671607457518761984,-0.000000062
1671607457538251008,0.000000086
1671607457558780672,-0.000000478
1671607457581125120,0.000000673
1671607457598636544,0.000000897
1671607457619140352,0.000002168
1671607457638259712,0.000002866
1671607457658628096,0.000003958
1671607457679024896,0.000002758
1671607457698271744,0.000000454
1671607457718544384,-0.000000537
1671607457739654656,-0.000001019
1671607457758356736,-0.000002204
1671607457781117952,-0.000001365
1671607457798551808,-0.000000265
1671607457819021056,0.000002711
1671607457839278848,0.000002814
1671607457858392064,0.000000482
1671607457879006720,-0.000000365
1671607457898449664,-0.000000880
1671607457919156736,0.000000135
1671607457938481152,-0.000000276
1671607457959044096,-0.000001392
1671607457980395776,-0.000002359
1671607457998783744,-0.000001082
1671607458018178304,-0.000000539
1671607458038865152,0.000000670
1671607458059559424,0.000002567
1671607458078723584,0.000001876
1671607458099357696,0.000000067
1671607458118782208,0.000000973
1671607458139225600,-0.000001131
1671607458158703360,-0.000002079
1671607458180408832,-0.000002426
1671607458198936576,-0.000002142
1671607458218297600,-0.000001839
1671607458239064576,-0.000001154
1671607458259111680,-0.000001732
1671607458278242048,-0.000002503
1671607458298883840,-0.000000893
1671607458318275328,-0.000001218
1671607458338800384,-0.000001778
1671607458359257600,-0.000002346
1671607458380701952,-0.000002355
1671607458399036928,-0.000000741
1671607458419246592,0.000000300
1671607458438404096,0.000000230
1671607458459288064,0.000000477
1671607458478248192,0.000001227
1671607458498790656,0.000001462
1671607458518301440,0.000001881
1671607458538706432,0.000001617
1671607458559247360,-0.000000190
1671607458580391680,-0.000002895
1671607458598744832,-0.000003762
1671607458618983424,-0.000001502
1671607458638436864,-0.000000693
1671607458658727168,-0.000000234
1671607458679250176,0.000001403
1671607458698789888,-0.000000146
1671607458719123712,0.000001523
1671607458738852864,0.000001653
1671607458758887168,-0.000000572
1671607458781230592,-0.000000490
1671607458798719488,0.000001642
1671607458819220736,0.000002688
1671607458838716160,0.000001636
1671607458859375360,0.000002234
1671607458878547712,0.000002534
1671607458899223808,0.000001202
1671607458918258432,0.000002415
1671607458938755072,0.000000633
1671607458958454016,-0.000001746
1671607458980761088,-0.000001842
1671607458998073344,-0.000001609
1671607459018956032,-0.000000140
1671607459039220480,0.000000772
1671607459058811392,0.000002368
1671607459079241216,0.000001949
1671607459098604032,0.000001903
1671607459119085312,0.000001332
1671607459138432256,-0.000001160
1671607459159143680,-0.000001113
1671607459180603392,-0.000003968
1671607459198915584,-0.000002087
1671607459218443520,0.000000255
1671607459239019776,0.000000973
1671607459259503360,0.000001387
1671607459279028224,0.000001542
1671607459298501888,-0.000000272
1671607459319079936,-0.000001554
1671607459338554368,-0.000000857
1671607459359322368,-0.000002586
1671607459380397056,-0.000002300
1671607459398878208,-0.000000512
1671607459419143424,0.000000506
1671607459438217216,0.000000641
1671607459459195648,-0.000002517
1671607459479238400,-0.000001613
1671607459498381312,-0.000000397
1671607459518710784,0.000001028
1671607459538903040,-0.000000227
1671607459558355712,-0.000000577
1671607459580840704,-0.000000437
1671607459599240960,0.000000679
1671607459618471680,0.000002955
1671607459638810624,0.000002865
1671607459659290368,0.000000687
1671607459678366464,0.000001737
1671607459699101440,0.000002075
1671607459718510336,0.000002139
1671607459738970368,0.000001737
1671607459758563328,0.000000300
1671607459781168896,-0.000001882
1671607459798226688,-0.000002255
1671607459818950144,0.000000047
1671607459838201344,0.000000338
1671607459858799616,-0.000000880
1671607459878969600,0.000000295
1671607459898639616,-0.000001794
1671607459919296512,-0.000001785
1671607459938794240,-0.000000964
1671607459959591680,-0.000000050
1671607459980875264,-0.000000697
1671607459999401728,-0.000001211
1671607460018874112,-0.000000409
1671607460039027968,-0.000001224
1671607460058702592,-0.000001606
1671607460078851328,-0.000001082
1671607460099306752,-0.000000663
1671607460118584576,0.000000839
1671607460138841344,0.000001195
1671607460158662656,0.000000010
1671607460180748032,0.000000307
1671607460199020544,0.000000155
1671607460219198976,-0.000000125
1671607460238491648,-0.000001039
1671607460259344384,-0.000000531
1671607460278478592,-0.000000819
1671607460298914816,-0.000001197
1671607460318429696,-0.000000513
1671607460339004160,0.000002153
1671607460358252288,0.000001634
1671607460380761856,0.000000301
1671607460399093504,0.000001354
1671607460418439936,0.000001243
1671607460438996992,0.000001217
1671607460459545088,-0.000000420
1671607460478321152,-0.000001050
1671607460498773504,-0.000000227
1671607460519264768,0.000001629
1671607460538825216,0.000000250
1671607460559438592,-0.000000671
1671607460581013504,-0.000001092
1671607460599272448,-0.000002120
1671607460618732544,-0.000000741
1671607460638989568,-0.000000076
1671607460658537472,0.000001075
1671607460678785280,0.000002497
1671607460699256064,0.000001540
1671607460718743296,0.000000833
1671607460739100416,0.000000228
1671607460758585088,-0.000001097
1671607460780898048,-0.000000032
1671607460798185728,-0.000000239
1671607460818592000,0.000000177
1671607460838946816,-0.000001541
1671607460858614528,-0.000001840
1671607460879109632,-0.000001871
1671607460898618880,-0.000000511
1671607460919305984,0.000001146
1671607460938550272,0.000001656
1671607460959145216,0.000001486
1671607460980303616,-0.000000133
1671607460998720768,-0.000000575
1671607461018946048,-0.000000107
1671607461039098624,-0.000001720
1671607461059658752,-0.000001984
1671607461078658560,-0.000001975
1671607461099116800,-0.000000865
1671607461118330112,0.000000998
1671607461138917888,0.000000056
1671607461159403264,-0.000000904
1671607461180847616,-0.000001134
1671607461199069184,-0.000001469
1671607461218718720,-0.000000406
1671607461238888448,0.000001849
1671607461258231808,0.000001108
1671607461278612736,0.000001684
1671607461298902016,0.000000608
1671607461319127808,0.000002168
1671607461339292928,0.000001361
1671607461358751232,-0.000000476
1671607461380297472,0.000000616
1671607461398472448,0.000002269
1671607461419312640,0.000002794
1671607461438608128,0.000003026
1671607461459024896,0.000001208
1671607461478340096,0.000000779
1671607461498855168,0.000000254
1671607461519237632,0.000000382
1671607461538583040,0.000000537
1671607461558875392,-0.000000497
1671607461580412928,-0.000000869
1671607461598798336,0.000000156
1671607461619286528,-0.000000698
1671607461638657024,-0.000001590
1671607461659010304,-0.000001255
1671607461678437888,-0.000001342
1671607461698906112,-0.000001764
1671607461718227712,-0.000000657
1671607461739404800,-0.000000564
1671607461759352320,0.000000161
1671607461779924480,-0.000000248
1671607461798329088,-0.000000152
1671607461819145216,-0.000000044
1671607461839153920,0.000000058
1671607461858404096,0.000000367
1671607461879105536,-0.000000459
1671607461898539008,-0.000001042
1671607461918962176,0.000000588
1671607461938310144,0.000000132
1671607461958703872,0.000000806
1671607461980331776,0.000001663
1671607461998758144,0.000000487
1671607462018910464,-0.000000661
1671607462038300672,-0.000001470
1671607462058813184,-0.000003974
1671607462079163136,-0.000002073
1671607462098625536,-0.000002226
1671607462119041024,-0.000000642
1671607462138312704,-0.000000792
1671607462158603264,-0.000001916
1671607462181195776,-0.000000955
1671607462198521088,-0.000000828
1671607462218875648,0.000000377
1671607462238262016,0.000000388
1671607462258556416,0.000000768
1671607462279040000,-0.000000903
1671607462298526976,-0.000001618
1671607462318945280,-0.000001050
1671607462338356224,0.000000788
1671607462358805248,0.000000470
1671607462380289792,0.000000496
1671607462398841344,0.000002646
1671607462418328832,0.000002906
1671607462438600960,0.000002342
1671607462459131648,0.000001068
1671607462478795008,-0.000000153
1671607462499210752,0.000001081
1671607462518743808,0.000001559
1671607462539136768,0.000000042
1671607462558568192,0.000003110
1671607462581007360,0.000004407
1671607462598406912,0.000006842
1671607462618970112,0.000009350
1671607462638230784,0.000009494
1671607462658559488,0.000003581
1671607462679257600,0.000001443
1671607462698694144,0.000002668
1671607462719286272,0.000002120
1671607462738916864,0.000001540
1671607462759539968,0.000001154
1671607462781000192,0.000000207
1671607462798324736,0.000001248
1671607462819030528,0.000000829
1671607462839153664,-0.000000249
1671607462858432256,-0.000001756
1671607462879096576,-0.000002812
1671607462898524160,-0.000001919
1671607462918933504,0.000000766
1671607462938381312,0.000001641
1671607462958944256,0.000001695
1671607462980140800,0.000000354
1671607462998400512,-0.000001464
1671607463018997504,-0.000001676
1671607463039375616,-0.000002444
1671607463058790400,-0.000001072
1671607463079105280,-0.000001204
1671607463098617088,-0.000001021
1671607463118976000,0.000000816
1671607463138315008,0.000000917
1671607463158571776,-0.000002628
1671607463180099840,-0.000003832
1671607463198508032,-0.000005318
1671607463218709760,-0.000003104
1671607463238842880,-0.000000687
1671607463259349248,0.000000076
1671607463278493696,-0.000001174
1671607463298882560,-0.000001847
1671607463319250944,-0.000004731
1671607463338430208,-0.000004523
1671607463359287808,-0.000003592
1671607463380615936,-0.000001694
1671607463399072000,-0.000001008
1671607463418664448,-0.000000302
1671607463439249152,-0.000000651
1671607463458481152,-0.000001672
1671607463479087104,-0.000001949
1671607463499277568,-0.000002158
1671607463518716928,-0.000001579
1671607463539120384,-0.000003503
1671607463558454272,-0.000004567
1671607463580883712,-0.000002399
1671607463599372800,-0.000000585
1671607463618857728,0.000000892
1671607463639306496,0.000000103
1671607463658787840,-0.000001225
1671607463679327232,-0.000002146
1671607463698725376,-0.000002283
1671607463719275008,-0.000002525
1671607463738818048,-0.000002125
1671607463759297280,-0.000004415
1671607463780805632,-0.000002027
1671607463799273216,-0.000001697
1671607463818613760,-0.000002607
1671607463838967040,-0.000003509
1671607463858308608,-0.000003189
1671607463878903040,-0.000000251
1671607463899181568,-0.000000645
1671607463918708992,-0.000001613
1671607463938994176,-0.000001651
1671607463958264320,-0.000001773
1671607463979780864,-0.000001750
1671607463998374656,-0.000001751
1671607464018812928,-0.000002286
1671607464039163904,-0.000001060
1671607464058291200,0.000000016
1671607464078931968,0.000000375
1671607464099222016,-0.000001506
1671607464118649344,-0.000001292
1671607464138833664,-0.000001259
1671607464159040256,-0.000002507
1671607464180565760,-0.000002637
1671607464199115520,-0.000000956
1671607464218644992,-0.000000473
1671607464238820864,-0.000000255
1671607464258964224,0.000001489
1671607464278612480,-0.000000782
1671607464299244288,-0.000001140
1671607464318534656,0.000000895
1671607464339130368,-0.000000439
1671607464358404352,-0.000001764
1671607464380236032,-0.000001081
1671607464398657280,-0.000002201
1671607464419096320,-0.000000329
1671607464438313472,-0.000000241
1671607464459017216,0.000000688
1671607464478411264,0.000001243
1671607464499202048,-0.000000687
1671607464518575104,0.000000124
1671607464539013120,0.000000137
1671607464558438656,0.000001747
1671607464579858176,0.000000945
1671607464599294720,0.000001890
1671607464618726144,0.000002852
1671607464639154944,0.000003237
1671607464658591744,0.000002734
1671607464679106816,0.000002120
1671607464698541824,0.000003557
1671607464719162112,0.000002949
1671607464738877440,0.000003619
1671607464759415552,0.000004710
1671607464779630848,0.000005372
1671607464799158016,0.000005146
1671607464818369280,0.000002994
1671607464838657792,0.000004322
1671607464858927360,0.000003243
1671607464878464512,0.000004393
1671607464899058944,0.000003339
1671607464918440704,0.000002301
1671607464938918656,0.000002741
1671607464958373376,-0.000000540
1671607464980942336,0.000000767
1671607464998366464,0.000000435
1671607465018852352,0.000001870
1671607465039129856,0.000001031
1671607465059442688,0.000000331
1671607465078920960,0.000001964
1671607465098498816,0.000000895
1671607465118633472,0.000003092
1671607465138964992,0.000002612
1671607465158844928,0.000001862
1671607465179885312,0.000001390
1671607465199184384,-0.000000312
1671607465218675456,0.000001703
1671607465238963200,0.000000401
1671607465259702784,-0.000000122
1671607465278731008,-0.000000755
1671607465298229760,-0.000001391
1671607465318755584,0.000000684
1671607465339151872,0.000000754
1671607465358569984,-0.000000701
1671607465379921664,-0.000000625
1671607465398260736,0.000000205
1671607465418697472,-0.000000242
1671607465439163648,-0.000000859
1671607465458908672,0.000001381
1671607465478966528,0.000001545
1671607465498296064,0.000002093
1671607465518589184,0.000002625
1671607465538965504,0.000002131
1671607465558535936,0.000000709
1671607465579846144,0.000001095
1671607465598604800,0.000002847
1671607465618989824,0.000002377
1671607465639126016,0.000000685
1671607465658713088,0.000000421
1671607465679109888,0.000001671
1671607465698439168,0.000002837
1671607465719460608,0.000000890
1671607465739304960,0.000001553
1671607465758923008,-0.000000608
1671607465780384512,0.000001493
1671607465798315776,0.000001253
1671607465818736384,0.000000778
1671607465838871808,-0.000001395
1671607465859342848,-0.000003887
1671607465878633984,-0.000002365
1671607465899071488,-0.000001982
1671607465918263552,-0.000001683
1671607465938505216,-0.000000402
1671607465959356160,-0.000002059
1671607465979713536,-0.000000959
1671607465998229248,-0.000001533
1671607466018717952,-0.000000991
1671607466039120128,-0.000002562
1671607466058322176,-0.000003145
1671607466079073536,-0.000002808
1671607466098386432,-0.000002695
1671607466119029248,-0.000000635
1671607466138297088,-0.000000749
1671607466158680320,0.000000901
1671607466180332544,-0.000000954
1671607466198816256,-0.000002059
1671607466218311680,-0.000002335
1671607466238506496,-0.000002468
1671607466258775808,-0.000002159
1671607466278206464,-0.000000100
1671607466298967296,-0.000000124
1671607466318532352,-0.000000212
1671607466339040256,-0.000000351
1671607466358178816,0.000001535
1671607466379696384,0.000000747
1671607466399343360,0.000001008
1671607466418577152,0.000000091
1671607466438828288,0.000000797
1671607466458978304,0.000000946
1671607466478544896,0.000001247
1671607466498995456,0.000000347
1671607466518234880,0.000001921
1671607466538705408,0.000002236
1671607466559457536,-0.000000275
1671607466579866112,-0.000000729
1671607466598238208,-0.000000280
1671607466618838272,-0.000001111
1671607466638226944,0.000000501
1671607466658522880,0.000000551
1671607466679138560,0.000000601
1671607466698329600,0.000001084
1671607466718881024,0.000000261
1671607466739431424,0.000000509
1671607466758657280,0.000000405
1671607466780221696,0.000000415
1671607466798661120,0.000001199
1671607466819026176,0.000000856
1671607466839073024,0.000001008
1671607466858596096,0.000000508
1671607466878619648,0.000000553
1671607466899040512,0.000001246
1671607466919180032,0.000001020
1671607466938616576,0.000000121
1671607466958778368,-0.000000590
1671607466980363008,0.000000408
1671607466998788608,0.000002063
1671607467019157248,0.000001787
1671607467038381824,0.000000207
1671607467058929664,-0.000000338
1671607467078234880,-0.000000007
1671607467098715904,0.000000687
1671607467119103232,0.000002135
1671607467138447360,0.000001646
1671607467158985984,0.000000477
1671607467180255232,0.000000718
1671607467198794496,0.000001913
1671607467218221824,0.000003590
1671607467238695680,0.000002290
1671607467259346176,0.000000840
1671607467278797568,0.000001497
1671607467299175424,0.000002298
1671607467318303232,0.000001786
1671607467338496256,0.000000194
1671607467359149312,-0.000001119
1671607467379320064,-0.000001812
1671607467399245824,-0.000000321
1671607467419013120,0.000000972
1671607467439165696,0.000000083
1671607467458777856,-0.000000413
1671607467479308288,-0.000000287
1671607467498395392,-0.000000857
1671607467518776576,0.000000319
1671607467538215168,-0.000000937
1671607467558691584,-0.000000686
1671607467580255744,-0.000000107
1671607467598789376,-0.000000117
1671607467619134464,-0.000002130
1671607467638427136,-0.000002442
1671607467658735616,-0.000001916
1671607467679334912,-0.000001994
1671607467699013120,-0.000002314
1671607467719647744,-0.000002956
1671607467739807488,-0.000002306
1671607467758293504,-0.000001962
1671607467780976384,-0.000002446
1671607467798373120,-0.000000115
1671607467819096576,-0.000000080
1671607467838302464,-0.000000616
1671607467858900736,-0.000000696
1671607467879413760,-0.000000023
1671607467898686720,0.000000100
1671607467919122176,0.000000431
1671607467938199040,-0.000000813
1671607467958644992,-0.000000718
1671607467980214784,0.000002252
1671607467998608384,0.000003962
1671607468019091456,0.000003767
1671607468038348288,0.000001928
1671607468058770176,0.000000747
1671607468078288640,0.000000229
1671607468098786048,0.000000861
1671607468119174144,0.000001764
1671607468138263296,0.000002447
1671607468158479872,0.000002590
1671607468180069632,0.000001812
1671607468198520064,0.000001633
1671607468219036416,0.000000544
1671607468239379968,0.000000514
1671607468258888448,0.000001786
1671607468278244352,0.000001920
1671607468298804736,0.000000866
1671607468319005696,0.000003166
1671607468338205952,0.000003679
1671607468358507520,0.000003184
1671607468380072704,0.000001453
1671607468398681856,-0.000000375
1671607468418172416,-0.000001681
1671607468438428160,-0.000000488
1671607468459054080,-0.000000123
1671607468478523136,-0.000000756
1671607468497696512,-0.000000963
1671607468519405568,0.000001345
1671607468538587904,0.000002737
1671607468559368448,0.000002067
1671607468579670784,0.000000306
1671607468599035136,-0.000000193
1671607468618382848,-0.000000814
1671607468639196928,-0.000001849
1671607468658346752,-0.000002436
1671607468678841600,-0.000001677
1671607468698239232,-0.000000572
1671607468718895872,-0.000000968
1671607468740127744,-0.000001650
1671607468759167488,-0.000002848
1671607468780332800,-0.000003990
1671607468798853888,-0.000003680
1671607468818520320,-0.000001327
1671607468838945280,-0.000000969
1671607468858684416,-0.000000930
1671607468878059520,0.000000510
1671607468898621440,0.000000221
1671607468919016448,0.000000709
1671607468939462912,-0.000000349
1671607468958933760,0.000000104
1671607468980139264,0.000000993
1671607468998621184,0.000005829
1671607469019238912,0.000003498
1671607469038776320,0.000001427
1671607469058324224,-0.000000306
1671607469077655296,-0.000000319
1671607469098519808,-0.000001207
1671607469118916864,0.000001118
1671607469138294528,0.000001606
1671607469159214848,0.000000434
1671607469179530496,0.000000176
1671607469198239232,-0.000000291
1671607469218678528,0.000000998
1671607469238891776,0.000002952
1671607469259468544,0.000001682
1671607469278707968,-0.000000041
1671607469299103488,-0.000002624
1671607469318455808,-0.000001641
1671607469338948608,-0.000001581
1671607469359576576,-0.000001963
1671607469379808512,-0.000001475
1671607469398181376,0.000000172
1671607469417982976,0.000000082
1671607469438305280,-0.000000651
1671607469458745856,-0.000001027
1671607469478319360,-0.000000317
1671607469498875904,0.000000146
1671607469518502912,0.000001801
1671607469537977344,0.000001719
1671607469558168064,-0.000000685
1671607469579713792,-0.000002257
1671607469598819840,-0.000003245
1671607469618094336,-0.000000043
1671607469638727168,0.000000282
1671607469659023360,0.000000013
1671607469678419200,0.000001013
1671607469698917632,-0.000001254
1671607469719354368,0.000002116
1671607469737541632,0.000001866
1671607469759380736,0.000000961
1671607469779793152,0.000000457
1671607469799082496,0.000000128
1671607469818579712,0.000000892
1671607469837810944,0.000002142
1671607469858438144,0.000001552
1671607469878970112,0.000000572
1671607469898233856,0.000000489
1671607469918694400,0.000000999
1671607469938248192,0.000002294
1671607469958579456,0.000002740
1671607469980229120,0.000001418
1671607469998657280,0.000001462
1671607470019157760,0.000001859
1671607470037581568,0.000000099
1671607470059414272,0.000000702
1671607470078449408,0.000000539
1671607470099084288,-0.000000014
1671607470118287360,-0.000000245
1671607470138865152,0.000001669
1671607470158249728,0.000001940
1671607470179666688,0.000001723
1671607470199013376,0.000001453
1671607470219198464,0.000000405
1671607470238604288,0.000000862
1671607470258104576,0.000000905
1671607470277576448,0.000001120
1671607470299300096,0.000000638
1671607470318521856,0.000002332
1671607470337693184,0.000002794
1671607470357969152,0.000001575
1671607470379665664,0.000000841
1671607470398138112,0.000000561
1671607470418683648,-0.000000108
1671607470437993216,-0.000001010
1671607470458331648,-0.000001858
1671607470478947840,-0.000002588
1671607470498180864,-0.000002056
1671607470518493696,-0.000001057
1671607470538943232,0.000000736
1671607470559055872,-0.000000554
1671607470579455744,-0.000001785
1671607470597873408,-0.000000883
1671607470619440384,-0.000000235
1671607470638385152,0.000000459
1671607470657844480,-0.000002774
1671607470678468864,-0.000002465
1671607470698769152,-0.000002768
1671607470718426368,-0.000000893
1671607470739111424,-0.000001226
1671607470759683584,-0.000003500
1671607470779651328,-0.000004100
1671607470798915072,-0.000002729
1671607470818335232,-0.000003024
1671607470838563584,-0.000003074
1671607470858147328,-0.000003706
1671607470878521344,-0.000002439
1671607470898062592,-0.000001465
1671607470918557696,0.000000123
1671607470938997504,0.000001237
1671607470958737408,0.000001252
1671607470979838720,0.000001187
1671607470998187776,0.000002143
1671607471018603776,0.000002897
1671607471038967552,0.000002613
1671607471058606592,0.000001400
1671607471078887424,0.000001447
1671607471098281984,0.000000158
1671607471118733824,0.000000716
1671607471139138816,0.000000209
1671607471158747392,0.000000321
1671607471179937280,0.000000043
1671607471198516480,0.000000529
1671607471218983168,0.000001578
1671607471239398656,0.000002003
1671607471258944000,0.000002246
1671607471279288064,0.000000669
1671607471298603520,0.000000044
1671607471319017472,0.000000938
1671607471338137856,0.000001137
1671607471358753792,0.000001251
1671607471380051968,0.000000952
1671607471399425792,0.000001245
1671607471418871296,0.000002697
1671607471438003456,0.000002328
1671607471459818496,0.000002859
1671607471477785600,0.000001283
1671607471499339264,0.000001091
1671607471518783744,0.000002444
1671607471539088128,0.000003023
1671607471558632960,0.000002415
1671607471579803648,0.000001112
1671607471598194432,0.000000182
1671607471617693696,0.000000757
1671607471638111744,0.000001246
1671607471658705408,0.000001061
1671607471679077376,0.000000962
1671607471697588992,-0.000000327
1671607471718117376,-0.000000292
1671607471739475968,-0.000001295
1671607471758869248,-0.000001583
1671607471779980288,-0.000002322
1671607471798272256,-0.000002528
1671607471818546432,-0.000000792
1671607471839147264,0.000000913
1671607471859995136,-0.000000174
1671607471878684160,-0.000002623
1671607471897847808,-0.000000982
1671607471919144704,-0.000000699
1671607471939433728,-0.000001751
1671607471957862656,-0.000001136
1671607471980282624,0.000000658
1671607471998650368,0.000000800
1671607472018952192,-0.000000078
1671607472038546176,-0.000000400
1671607472059091456,-0.000001457
1671607472079487744,-0.000000241
1671607472098764288,0.000000009
1671607472119767296,0.000001167
1671607472137602304,0.000000770
1671607472158323456,0.000001532
1671607472179659264,-0.000000265
1671607472198009600,-0.000003072
1671607472218484992,-0.000003286
1671607472237769728,-0.000001656
1671607472258515456,-0.000000396
1671607472278619648,-0.000000398
1671607472297917440,-0.000002748
1671607472318455808,-0.000001530
1671607472337731840,0.000000040
1671607472358757376,0.000000288
1671607472379961088,-0.000000539
1671607472399113216,0.000000279
1671607472418572544,-0.000001051
1671607472437893632,-0.000000110
1671607472458203648,-0.000000528
1671607472478776832,-0.000000103
1671607472498407168,0.000000607
1671607472517825024,0.000001192
1671607472539217664,0.000000462
1671607472558349056,0.000000811
1671607472579658240,0.000001527
1671607472599369984,0.000001742
1671607472617740032,0.000002275
1671607472639170048,-0.000000066
1671607472658426368,-0.000001639
1671607472677818880,-0.000000912
1671607472698345728,-0.000002642
1671607472717699840,-0.000000755
1671607472739025920,0.000001083
1671607472757857280,-0.000000232
1671607472779256320,0.000000178
1671607472799132928,0.000001194
1671607472818380032,0.000001325
1671607472837608448,0.000002395
1671607472859207680,0.000000405
1671607472878243328,-0.000000408
1671607472897849088,-0.000000769
1671607472919540480,-0.000001672
1671607472937579264,-0.000000294
1671607472958081280,-0.000001009
1671607472979576576,-0.000001327
1671607472999052288,-0.000001071
1671607473018536448,-0.000000716
1671607473037838336,0.000001598
1671607473059210752,0.000001316
1671607473078507008,-0.000001591
1671607473098112512,-0.000002064
1671607473118435072,-0.000002086
1671607473137632768,-0.000001785
1671607473158224640,-0.000000302
1671607473179597568,-0.000001386
1671607473197869824,-0.000002085
1671607473218146304,-0.000002100
1671607473238386432,-0.000000213
1671607473258659328,0.000000571
1671607473277994752,0.000000024
1671607473297515008,-0.000000579
1671607473317820928,0.000000063
1671607473338406144,-0.000001354
1671607473357558016,-0.000000776
1671607473380282624,-0.000000388
1671607473398571264,-0.000000694
1671607473417940480,-0.000001122
1671607473437563904,0.000000150
1671607473458039040,0.000001137
1671607473478385664,0.000003307
1671607473497801216,0.000002724
1671607473518331904,0.000000316
1671607473538453504,0.000000166
1671607473557772544,-0.000001017
1671607473580259072,-0.000001597
1671607473597574144,-0.000000590
1671607473618186752,-0.000001824
1671607473638305024,-0.000000586
1671607473657473024,0.000000400
1671607473678122496,0.000000490
1671607473698564608,0.000001275
1671607473717922816,0.000000764
1671607473739357440,-0.000001061
1671607473757672960,-0.000003475
1671607473780224256,-0.000003118
1671607473797629184,-0.000001661
1671607473818448640,-0.000001061
1671607473838532352,-0.000000166
1671607473859321600,-0.000000778
1671607473878329344,0.000000916
1671607473897737984,0.000000244
1671607473918121472,-0.000000630
1671607473937704704,-0.000000068
1671607473958857216,-0.000001643
1671607473979925504,-0.000001235
1671607473998396672,-0.000000560
1671607474017755392,-0.000001667
1671607474038411520,-0.000001973
1671607474058976512,-0.000001673
1671607474079091200,-0.000000674
1671607474098368768,0.000001172
1671607474117719296,0.000002100
1671607474138987008,0.000002207
1671607474158532864,0.000002261
1671607474179845376,0.000000073
1671607474198385152,-0.000000271
1671607474218095104,0.000000789
1671607474238348544,-0.000000568
1671607474257649408,-0.000001768
1671607474278130432,-0.000002493
1671607474298627072,-0.000002605
1671607474317827840,0.000000119
1671607474338043904,0.000001779
1671607474358638592,0.000001261
1671607474379774208,0.000001461
1671607474398038016,0.000002283
1671607474418566912,0.000001146
1671607474439077376,0.000001147
1671607474458691328,0.000000671
1671607474477846784,-0.000000480
1671607474498206976,-0.000001908
1671607474517881088,-0.000000634
1671607474538315776,-0.000001292
1671607474558552064,-0.000000750
1671607474579964160,-0.000000359
1671607474598307840,-0.000000078
1671607474617730816,0.000000358
1671607474637990144,0.000000835
1671607474658340608,0.000001383
1671607474677691648,0.000001735
1671607474698390528,-0.000000162
1671607474717753600,-0.000001335
1671607474738902528,-0.000000087
1671607474757842688,-0.000000365
1671607474779373312,-0.000000654
1671607474798904576,-0.000000523
1671607474818195456,0.000000368
1671607474838390528,-0.000001160
1671607474857636864,-0.000000840
1671607474877944576,-0.000000274
1671607474898310656,0.000001650
1671607474917569792,0.000002224
1671607474937780736,0.000001315
1671607474958439680,0.000001578
1671607474980485632,0.000000864
1671607474997733888,0.000001328
1671607475018224128,0.000002161
1671607475037520384,0.000000940
1671607475057966080,-0.000001166
1671607475078299648,-0.000001950
1671607475097661696,-0.000000838
1671607475119379200,-0.000000646
1671607475137700608,0.000001166
1671607475158256896,0.000001241
1671607475179730176,-0.000000031
1671607475198032128,0.000000225
1671607475218337280,0.000000147
1671607475237820928,0.000002345
1671607475258209024,0.000000195
1671607475278842368,-0.000002135
1671607475298180864,-0.000002466
1671607475317509120,-0.000000331
1671607475337903872,-0.000001461
1671607475358579968,-0.000001929
1671607475380124416,-0.000001918
1671607475398461696,-0.000000978
1671607475417870336,0.000000239
1671607475439104000,-0.000000743
1671607475458278144,-0.000001328
1671607475477660160,0.000000411
1671607475498244864,0.000001214
1671607475518770432,0.000001852
1671607475538213632,0.000001705
1671607475558709504,-0.000001624
1671607475580144384,-0.000001278
1671607475597679616,-0.000002560
1671607475618099200,-0.000000360
1671607475637483008,0.000000692
1671607475658103296,-0.000000179
1671607475677525760,0.000001622
1671607475698874880,0.000001841
1671607475718470912,0.000001405
1671607475738439680,0.000001488
1671607475758214912,0.000000882
1671607475779772416,-0.000000260
1671607475799313664,-0.000000369
1671607475817592576,0.000000932
1671607475837857792,-0.000001418
1671607475858579200,0.000000020
1671607475879117056,0.000001766
1671607475897581056,0.000000380
1671607475918047232,0.000000107
1671607475937533184,-0.000001664
1671607475957989632,-0.000004103
1671607475979454720,-0.000003308
1671607475999091456,-0.000002926
1671607476018151168,-0.000003168
1671607476038346240,-0.000003647
1671607476058685184,-0.000001812
1671607476078187776,-0.000001487
1671607476097649152,-0.000000736
1671607476118015488,0.000001318
1671607476138293248,0.000001033
1671607476157579520,-0.000000801
1671607476180141568,-0.000002045
1671607476198339584,-0.000001565
1671607476217897216,-0.000000150
1671607476238182400,0.000000617
1671607476257862400,-0.000000940
1671607476278228480,-0.000002014
1671607476297924608,-0.000000087
1671607476317450752,0.000000994
1671607476338090240,0.000001188
1671607476357608448,0.000001226
1671607476380225280,0.000001871
1671607476398415616,0.000001525
1671607476417668096,0.000001392
1671607476439335680,0.000000547
1671607476457950464,0.000001916
1671607476478285824,0.000000541
1671607476497735680,0.000001232
1671607476518186496,0.000000736
1671607476538725120,0.000002465
1671607476558156544,0.000002679
1671607476580052992,0.000001383
1671607476598521088,0.000000307
1671607476617909248,0.000001126
1671607476638340864,-0.000000060
1671607476657471488,-0.000001576
1671607476677923584,-0.000000572
1671607476698338304,0.000000070
1671607476717593088,0.000001127
1671607476738790400,0.000001296
1671607476758174976,0.000000334
1671607476779779328,-0.000000953
1671607476798025728,-0.000001222
1671607476818543104,-0.000001843
1671607476837765120,-0.000002600
1671607476858514432,-0.000005090
1671607476877768960,-0.000005080
1671607476898535680,-0.000003798
1671607476917833472,-0.000003126
1671607476938296832,-0.000002077
1671607476957691392,-0.000001671
1671607476980414720,0.000000104
1671607476997664768,0.000000148
1671607477018059264,-0.000000177
1671607477038321152,-0.000000205
1671607477057383424,0.000000887
1671607477078020608,0.000000482
1671607477098287104,-0.000001406
1671607477117671424,0.000000124
1671607477138089984,-0.000000068
1671607477158545152,-0.000000540
1671607477179993856,-0.000000778
1671607477198533376,-0.000000521
1671607477217699328,0.000000404
1671607477238211072,-0.000000042
1671607477257515520,0.000000344
1671607477278188288,0.000000201
1671607477298458624,0.000000174
1671607477317873408,0.000001892
1671607477338297088,0.000001393
1671607477357649920,0.000001757
1671607477380100608,0.000001521
1671607477398400512,0.000000810
1671607477417880832,0.000001631
1671607477438234624,0.000002545
1671607477458123520,0.000002840
1671607477478348800,0.000002919
1671607477498106368,0.000004293
1671607477518488576,0.000006400
1671607477537721344,0.000005330
1671607477558324992,0.000002692
1671607477579705856,0.000002441
1671607477598165504,0.000001980
1671607477617618688,0.000002913
1671607477637803264,0.000003315
1671607477658309376,0.000002477
1671607477677653760,0.000002438
1671607477698211072,0.000001115
1671607477717604608,0.000000937
1671607477738347008,0.000000556
1671607477758488832,-0.000000136
1671607477779628032,0.000000312
1671607477798108160,0.000000253
1671607477818177536,-0.000000085
1671607477837480448,0.000000659
1671607477858511360,0.000000324
1671607477878395392,0.000000740
1671607477897855744,-0.000001165
1671607477917842432,-0.000000476
1671607477937888256,-0.000000946
1671607477958578944,-0.000000918
1671607477979639040,0.000000624
1671607477998204672,0.000000182
1671607478018557440,0.000001060
1671607478037908224,0.000000608
1671607478058248192,0.000001347
1671607478078077696,0.000000981
1671607478097528576,-0.000000560
1671607478118075648,-0.000000157
1671607478138406656,-0.000001102
1671607478157729024,-0.000000348
1671607478179461376,-0.000000992
1671607478197899264,-0.000001675
1671607478218658816,-0.000000734
1671607478237749504,-0.000000293
1671607478258239744,-0.000000811
1671607478278675200,-0.000000890
1671607478297944832,0.000000348
1671607478318280192,0.000001553
1671607478337592064,0.000000918
1671607478358371840,0.000000546
1671607478379600640,-0.000000035
1671607478398096640,0.000000395
1671607478418387968,0.000000197
1671607478438618624,-0.000000695
1671607478457835008,-0.000000364
1671607478478315776,-0.000000761
1671607478497626880,-0.000002435
1671607478517899520,-0.000002486
1671607478538350080,-0.000002157
1671607478557527040,-0.000000996
1671607478580077824,-0.000000459
1671607478598350336,-0.000000421
1671607478617939456,-0.000000226
1671607478638135552,0.000000872
1671607478658540288,0.000000768
1671607478677866496,0.000001056
1671607478698294272,0.000000594
1671607478717886208,0.000000825
1671607478739008256,0.000001105
1671607478758524928,0.000000618
1671607478779706368,0.000000841
1671607478798006528,0.000000857
1671607478818458880,0.000001465
1671607478837651968,0.000001691
1671607478858019584,0.000000755
1671607478877454336,0.000000268
1671607478898065920,0.000000730
1671607478918345984,0.000000887
1671607478938493952,0.000000769
1671607478957939712,0.000001035
1671607478979484416,0.000000817
1671607478998046464,0.000000408
1671607479018366976,0.000001648
1671607479038480640,0.000001462
1671607479058599424,0.000000981
1671607479077854976,0.000001496
1671607479098290688,0.000002150
1671607479118695936,0.000002362
1671607479138017280,0.000002150
1671607479158738432,0.000002022
1671607479180186624,0.000001947
1671607479197401344,0.000003228
1671607479218076672,0.000002264
1671607479238566912,0.000001603
1671607479257780480,0.000001209
1671607479278326272,0.000001116
1671607479297725952,0.000001896
1671607479318129920,0.000002528
1671607479337584896,0.000002231
1671607479358657024,0.000001909
1671607479379819520,0.000000461
1671607479398080000,-0.000000441
1671607479417580288,0.000000350
1671607479438217728,0.000001114
1671607479458418432,0.000001128
1671607479477906688,0.000000491
1671607479498254848,-0.000001509
1671607479518438400,0.000000263
1671607479537658368,0.000000003
1671607479558258176,-0.000001924
1671607479579443968,-0.000000901
1671607479597879296,-0.000001253
1671607479618147584,-0.000001512
1671607479638358016,-0.000001640
1671607479657879296,-0.000001102
1671607479678147072,-0.000000720
1671607479698516736,-0.000002158
1671607479718761728,-0.000001810
1671607479738537728,-0.000001707
1671607479757828864,-0.000001932
1671607479780985600,-0.000000580
1671607479797694976,-0.000001097
1671607479818477824,-0.000000913
1671607479837684224,-0.000001548
1671607479858052608,-0.000002201
1671607479878481152,-0.000002846
1671607479897890304,-0.000001602
1671607479918363392,-0.000000694
1671607479937601280,-0.000000923
1671607479958152192,-0.000001215
1671607479979800064,-0.000000774
1671607479998300672,-0.000000388
1671607480017857792,-0.000000053
1671607480038362368,0.000000044
1671607480058595328,0.000000889
1671607480078042112,0.000001415
1671607480098424064,0.000001317
1671607480117959680,0.000001629
1671607480138228224,0.000001567
1671607480157603840,0.000000744
1671607480180346368,0.000000979
1671607480197606912,0.000001031
1671607480218245376,0.000000223
1671607480238409728,0.000000542
1671607480258614784,-0.000000033
1671607480278103040,-0.000000373
1671607480298501120,-0.000001599
1671607480317558272,-0.000000204
1671607480338149888,-0.000001232
1671607480358471936,-0.000001725
1671607480380089600,-0.000001693
1671607480398542080,-0.000001492
1671607480418032384,-0.000000808
1671607480438353408,-0.000000837
1671607480457830400,-0.000001299
1671607480478287872,-0.000001593
1671607480497808384,-0.000002241
1671607480518194432,-0.000001786
1671607480538094336,-0.000000708
1671607480557664512,0.000000017
1671607480580318976,0.000000066
1671607480597558272,-0.000000049
1671607480618097152,0.000000403
1671607480637689600,0.000000671
1671607480658011136,-0.000000324
1671607480678551552,-0.000000854
1671607480697873920,-0.000000486
1671607480718450688,0.000001629
1671607480738256128,0.000000553
1671607480758756608,0.000000346
1671607480780067328,0.000001569
1671607480798530816,0.000001961
1671607480817920768,0.000001896
1671607480838415872,0.000001117
1671607480857614592,0.000002119
1671607480878100992,0.000001940
1671607480897626368,0.000001318
1671607480918105088,0.000002534
1671607480938337536,0.000001255
1671607480957811712,0.000001283
1671607480980440320,0.000001556
1671607480997508096,0.000002364
1671607481018199040,0.000003204
1671607481038422272,0.000002467
1671607481057707776,0.000002889
1671607481078163456,0.000002831
1671607481098424832,0.000001466
1671607481117734912,0.000001869
1671607481138398976,0.000002808
1671607481157633792,0.000001234
1671607481180047360,-0.000000248
1671607481197427712,-0.000000126
1671607481218036224,0.000000748
1671607481238343424,0.000000876
1671607481258009344,0.000000759
1671607481278281216,0.000000286
1671607481298530304,-0.000001534
1671607481317778688,-0.000001612
1671607481338082560,-0.000000426
1671607481358642944,-0.000000622
1671607481379826176,-0.000001753
1671607481398206464,-0.000000979
1671607481418578432,-0.000001238
1671607481437798656,-0.000001032
1671607481458664704,-0.000001163
1671607481478586880,-0.000001137
1671607481497951232,-0.000000801
1671607481518216448,-0.000000772
1671607481537370112,0.000000424
1671607481558342144,0.000000399
1671607481579445248,0.000001003
1671607481597654784,0.000000595
1671607481618249728,0.000000233
1671607481637470464,0.000000071
1671607481658433792,0.000000286
1671607481678627328,-0.000000055
1671607481697943552,-0.000001267
1671607481717797632,0.000000112
1671607481738253824,-0.000000297
1671607481757591296,-0.000000032
1671607481780084736,-0.000001377
1671607481798651136,-0.000000279
1671607481817779200,0.000001441
1671607481838342144,0.000000548
1671607481858780928,0.000000199
1671607481878139136,-0.000000386
1671607481897414144,0.000000185
1671607481917892096,0.000002086
1671607481938030336,0.000002869
1671607481958776832,0.000002270
1671607481980007936,0.000001379
1671607481998383872,0.000001070
1671607482017807360,0.000000638
1671607482038246400,0.000000033
1671607482058154752,-0.000001880
1671607482078478336,-0.000002878
1671607482098340096,-0.000002031
1671607482117660416,-0.000000528
1671607482138145280,-0.000000213
1671607482158751488,0.000000030
1671607482179986688,-0.000001256
1671607482198400000,0.000000391
1671607482217750272,0.000001454
1671607482238036736,0.000001398
1671607482257713920,0.000001349
1671607482278009600,0.000001724
1671607482298275584,0.000001961
1671607482318548480,0.000003141
1671607482337809664,0.000003020
1671607482358517504,0.000002213
1671607482379641856,0.000000906
1671607482398038272,0.000001159
1671607482417502464,0.000001392
1671607482437992192,0.000001051
1671607482458487040,0.000000401
1671607482477915392,-0.000000544
1671607482498312448,-0.000001327
1671607482517626880,-0.000001057
1671607482538279424,-0.000000818
1671607482557581824,-0.000000168
1671607482580238336,0.000000653
1671607482597681920,0.000001544
1671607482617962496,0.000000896
1671607482638530304,0.000000667
1671607482657823232,0.000000775
1671607482678261504,0.000000631
1671607482697796352,-0.000000629
1671607482718274560,-0.000000601
1671607482737868288,0.000000143
1671607482758032384,-0.000000677
1671607482779463680,-0.000001593
1671607482798153728,-0.000001542
1671607482817620736,-0.000001430
1671607482838325504,-0.000001653
1671607482857564160,-0.000002095
1671607482878433792,-0.000001364
1671607482897426432,-0.000002250
1671607482917864960,-0.000001291
1671607482938071296,-0.000001251
1671607482958415872,-0.000002071
1671607482979809536,-0.000001867
1671607482998189312,-0.000002634
1671607483017408000,-0.000001449
1671607483037654784,-0.000000554
1671607483057800192,-0.000000998
1671607483078054912,-0.000000709
1671607483097284352,-0.000000096
1671607483117874688,0.000001181
1671607483138425088,0.000001492
1671607483157797888,0.000001515
1671607483179415296,0.000001240
1671607483197935616,0.000001068
1671607483217699840,0.000000486
1671607483237903360,-0.000000497
1671607483257278720,0.000000397
1671607483277859840,-0.000000521
1671607483298223360,-0.000001295
1671607483317613312,0.000000186
1671607483337761024,0.000000930
1671607483358077696,0.000001107
1671607483379408128,0.000000373
1671607483397781248,0.000001444
1671607483418313472,0.000000231
1671607483437479168,0.000000822
1671607483458018816,-0.000000239
1671607483477374720,-0.000002826
1671607483497784064,-0.000003132
1671607483518196480,-0.000002427
1671607483537531648,-0.000000569
1671607483557907200,0.000000657
1671607483579475968,0.000001582
1671607483597837056,0.000001762
1671607483618277376,0.000002627
1671607483637688576,0.000001295
1671607483658263552,0.000000208
1671607483677715200,0.000000044
1671607483698326016,-0.000000260
1671607483717713920,-0.000000686
1671607483738194944,0.000000796
1671607483757550080,0.000002284
1671607483780129024,0.000002013
1671607483797404672,0.000003076
1671607483818041088,0.000002204
1671607483837368576,0.000000212
1671607483857649920,-0.000000735
1671607483878238208,-0.000000025
1671607483897550336,-0.000001548
1671607483918010624,-0.000001281
1671607483937371648,-0.000000339
1671607483958022400,-0.000001425
1671607483979735552,-0.000002268
1671607483998436352,-0.000002081
1671607484018310656,-0.000001220
1671607484038321152,-0.000001124
1671607484057701632,-0.000001607
1671607484078226944,-0.000001042
1671607484097429248,-0.000003044
1671607484117664512,-0.000001894
1671607484137885696,-0.000001222
1671607484158193408,-0.000002042
1671607484179995648,-0.000001745
1671607484197374464,-0.000001051
1671607484217614848,0.000000247
1671607484237640960,-0.000000616
1671607484258390784,-0.000000559
1671607484277731328,0.000000107
1671607484298425088,0.000000817
1671607484318439680,0.000001422
1671607484337557760,0.000001705
1671607484358003200,0.000001535
1671607484380284928,-0.000000560
1671607484397754112,-0.000000083
1671607484417669120,-0.000000166
1671607484437809152,-0.000000182
1671607484458469376,0.000000108
1671607484477451264,-0.000000113
1671607484498141184,-0.000000556
1671607484517675776,-0.000000256
1671607484538305536,-0.000001293
1671607484557742080,-0.000000501
1671607484579233024,-0.000000423
1671607484597632256,-0.000000815
1671607484618342400,-0.000000414
1671607484637731328,-0.000000567
1671607484658430720,-0.000000025
1671607484677633536,-0.000000234
1671607484698239232,-0.000000292
1671607484717560064,0.000000120
1671607484738475008,-0.000000460
1671607484758143232,-0.000001322
1671607484780154112,-0.000001294
1671607484797469952,-0.000001016
1671607484817801472,-0.000001024
1671607484837430272,-0.000000107
1671607484858136576,0.000001488
1671607484878334720,0.000001747
1671607484897553152,0.000000466
1671607484918128128,0.000000600
1671607484937544960,0.000000343
1671607484958305280,-0.000000148
1671607484979390208,-0.000001125
1671607484997537024,-0.000001821
1671607485018088448,-0.000001947
1671607485038393088,-0.000001092
1671607485057747968,-0.000001145
1671607485077873408,-0.000001568
1671607485097538304,-0.000001444
1671607485118000384,-0.000002704
1671607485137330944,-0.000001221
1671607485157627648,-0.000000330
1671607485180370688,0.000000168
1671607485197804544,-0.000000850
1671607485218388992,-0.000000326
1671607485237367040,0.000000252
1671607485257780992,0.000000078
1671607485278289152,-0.000000378
1671607485297573376,-0.000001820
1671607485318135296,-0.000000755
1671607485337361920,-0.000001183
1671607485357910528,-0.000001020
1671607485379279104,-0.000001370
1671607485397659648,-0.000000355
1671607485418254592,-0.000000740
1671607485437509376,-0.000000881
1671607485458508800,-0.000001439
1671607485477581824,-0.000000900
1671607485497990656,-0.000001074
1671607485518425856,-0.000000522
1671607485537603328,0.000000443
1671607485558019328,0.000000384
1671607485579480320,-0.000000996
1671607485597793024,-0.000000053
1671607485618052608,0.000001643
1671607485638317568,0.000001450
1671607485657395200,0.000001822
1671607485678107392,0.000001441
1671607485697769984,0.000001077
1671607485718339840,0.000002003
1671607485738132480,0.000000451
1671607485758397184,0.000000733
1671607485779772160,0.000001456
1671607485798194688,0.000001358
1671607485817409024,0.000001468
1671607485837923840,0.000000338
1671607485857515776,0.000000616
1671607485877986816,0.000001523
1671607485897485312,0.000001312
1671607485917794048,0.000001968
1671607485938041088,0.000001535
1671607485958821120,0.000000476
1671607485980057600,0.000000049
1671607485997466880,0.000000800
1671607486017907200,0.000001484
1671607486038405632,0.000002196
1671607486057704960,0.000002800
1671607486077995008,0.000002404
1671607486098491392,0.000001520
1671607486117885952,0.000002779
1671607486138353408,0.000001832
1671607486157633024,0.000001167
1671607486179214592,0.000000424
1671607486197771008,0.000000229
1671607486218423552,0.000000268
1671607486237947904,-0.000000040
1671607486257272576,0.000000452
1671607486277898752,0.000001633
1671607486298509568,0.000000707
1671607486317827584,0.000000665
1671607486338150912,0.000001284
1671607486358691328,0.000001287
1671607486380057856,-0.000000087
1671607486398237184,-0.000000331
1671607486417560576,0.000000556
1671607486438216192,-0.000000706
1671607486457565184,-0.000001197
1671607486478009344,-0.000001357
1671607486498437120,-0.000001945
1671607486517616128,-0.000002522
1671607486538081280,-0.000001522
1671607486557449216,-0.000001345
1671607486580203520,-0.000000999
1671607486597547264,-0.000000656
1671607486618049024,0.000000491
1671607486637368320,0.000000522
1671607486657685760,0.000000083
1671607486678258432,0.000000256
1671607486697616896,0.000001951
1671607486718055680,0.000003101
1671607486737949184,0.000002930
1671607486758265088,0.000000733
1671607486779672320,-0.000001006
1671607486798176256,-0.000000005
1671607486817515008,0.000000880
1671607486837844736,0.000000279
1671607486858492672,0.000000830
1671607486877691392,0.000000150
1671607486898163712,0.000000525
1671607486917548288,0.000001011
1671607486938363392,-0.000000301
1671607486957837568,-0.000000949
1671607486980496640,-0.000002147
1671607486997728256,-0.000002111
1671607487018324736,-0.000002652
1671607487037476096,-0.000002663
1671607487058205952,-0.000003089
1671607487077363200,-0.000002924
1671607487097856512,-0.000002604
1671607487118218496,-0.000001296
1671607487138385920,-0.000000954
1671607487158076160,-0.000000372
1671607487179299328,-0.000000951
1671607487197586944,-0.000001346
1671607487218054400,-0.000002341
1671607487238223872,-0.000001706
1671607487258832640,-0.000002624
1671607487277900288,-0.000002132
1671607487297323776,-0.000003174
1671607487317739776,-0.000002655
1671607487338137088,-0.000001334
1671607487357885184,-0.000001142
1671607487380202752,-0.000001661
1671607487397622016,-0.000002061
1671607487418114048,-0.000002263
1671607487438264064,-0.000002651
1671607487457647872,-0.000003204
1671607487477489408,-0.000003308
1671607487497900288,-0.000003313
1671607487517495296,-0.000001134
1671607487537795840,-0.000001526
1671607487558415360,-0.000000738
1671607487579754240,-0.000001052
1671607487598233088,-0.000001079
1671607487617755136,-0.000000472
1671607487638117120,-0.000000241
1671607487657427456,-0.000000151
1671607487677994240,0.000000872
1671607487697367040,-0.000000074
1671607487717937152,0.000000772
1671607487739140864,0.000000844
1671607487758182144,-0.000000338
1671607487779596544,-0.000000345
1671607487797875200,-0.000000355
1671607487818142464,-0.000000249
1671607487838408448,0.000000416
1671607487857662208,0.000000083
1671607487878320896,0.000001325
1671607487897541632,0.000002923
1671607487918054912,0.000003254
1671607487938473472,0.000003492
1671607487957718272,0.000004262
1671607487980359168,0.000002978
1671607487997815040,0.000000762
1671607488018178048,-0.000000373
1671607488038411264,-0.000000509
1671607488057977344,-0.000002395
1671607488078161408,-0.000003684
1671607488097485312,-0.000003349
1671607488117899264,-0.000000004
1671607488138132736,0.000000077
1671607488157833984,-0.000001532
1671607488180114176,-0.000002284
1671607488197340416,-0.000002904
1671607488218252032,-0.000002680
1671607488237538560,-0.000001684
1671607488258366720,-0.000001656
1671607488278301696,-0.000001948
1671607488297853184,-0.000002406
1671607488318332672,-0.000001154
1671607488337344768,-0.000000260
1671607488357701888,-0.000000898
1671607488379246592,-0.000000689
1671607488397543680,0.000000626
1671607488417939712,0.000001680
1671607488437497856,0.000001376
1671607488457966080,0.000000345
1671607488477748224,0.000000185
1671607488498300928,-0.000000629
1671607488517606144,-0.000000864
1671607488538034432,0.000000200
1671607488558146048,-0.000000019
1671607488579609344,0.000000642
1671607488597965824,-0.000000407
1671607488618311936,-0.000000485
1671607488637573376,-0.000000244
1671607488657860608,0.000000581
1671607488678295552,0.000001191
1671607488697723904,0.000000685
1671607488718095872,0.000001270
1671607488737721856,0.000000717
1671607488758191360,0.000000944
1671607488779893248,0.000000553
1671607488798288896,0.000000248
1671607488818316544,-0.000000219
1671607488837574144,-0.000000106
1671607488857949184,-0.000001112
1671607488877540352,-0.000001506
1671607488898279680,0.000000113
1671607488917573888,0.000000943
1671607488937858304,0.000000794
1671607488958172928,0.000000481
1671607488980042752,-0.000000840
1671607488998492160,0.000000318
1671607489017958400,0.000000574
1671607489038526976,0.000000283
1671607489057655808,0.000000566
1671607489078230016,0.000001207
1671607489097492992,0.000000777
1671607489118035712,0.000002660
1671607489138374912,0.000003064
1671607489157881600,0.000001584
1671607489179412224,0.000001075
1671607489197939200,0.000000695
1671607489217509120,0.000000452
1671607489237668096,0.000001135
1671607489258564352,0.000000667
1671607489277829376,0.000000932
1671607489298331904,-0.000000258
1671607489317557760,0.000000061
1671607489337950464,0.000001287
1671607489358811136,0.000000955
1671607489379926272,-0.000001021
1671607489398050048,-0.000001215
1671607489418384640,-0.000000214
1671607489437475328,-0.000001599
1671607489457811712,-0.000002748
1671607489478183168,-0.000003439
1671607489497531648,-0.000003512
1671607489517924864,-0.000001838
1671607489537623040,-0.000001007
1671607489558000640,-0.000000436
1671607489579580160,-0.000000722
1671607489598067200,-0.000000549
1671607489618440192,-0.000000408
1671607489637759488,-0.000000319
1671607489658676224,0.000000351
1671607489677856768,0.000001230
1671607489698508032,-0.000000181
1671607489717940224,0.000000918
1671607489738428416,0.000000498
1671607489757871360,-0.000000978
1671607489779489280,-0.000001369
1671607489798053376,-0.000001132
1671607489818413312,-0.000001261
1671607489837565696,-0.000001150
1671607489858284032,-0.000001789
1671607489877512448,-0.000001029
1671607489898042880,-0.000000591
1671607489917479424,-0.000000086
1671607489938084608,0.000000573
1671607489957613056,0.000000358
1671607489980329472,-0.000000112
1671607489997658368,0.000000486
1671607490018087936,0.000001325
1671607490037609728,0.000000948
1671607490058120960,0.000000880
1671607490077550336,0.000000293
1671607490098197760,-0.000000717
1671607490117747200,-0.000000992
1671607490138198016,0.000000871
1671607490157552896,0.000000915
1671607490180149504,0.000001543
1671607490198272512,0.000000734
1671607490217401856,0.000001416
1671607490237995520,0.000000430
1671607490258413568,0.000000897
1671607490277443328,-0.000000333
1671607490298179072,0.000000377
1671607490318390272,0.000000168
1671607490337458176,-0.000000536
1671607490358047232,-0.000000582
1671607490380102400,-0.000000919
1671607490398431744,-0.000001584
1671607490417534976,-0.000000942
1671607490437631232,-0.000001891
1671607490458280704,-0.000002259
1671607490478401536,-0.000000719
1671607490497717248,-0.000001329
1671607490518083328,-0.000001212
1671607490537572352,-0.000000091
1671607490558209536,0.000000929
1671607490579623168,0.000000795
1671607490598077184,0.000000002
1671607490617492480,0.000000301
1671607490637716224,-0.000000699
1671607490658103296,0.000000277
1671607490677415424,-0.000000305
1671607490697599232,-0.000000179
1671607490718108928,0.000001238
1671607490738298624,0.000001106
1671607490758137344,0.000000565
1671607490779557888,0.000001126
1671607490797829376,0.000000646
1671607490818189568,0.000001552
1671607490838420992,0.000002207
1671607490857658624,0.000001771
1671607490878008064,0.000001799
1671607490898368000,0.000002095
1671607490917683712,0.000003229
1671607490938320640,0.000002286
1671607490957529600,0.000001534
1671607490980120832,0.000000227
1671607490998377472,0.000000722
1671607491017672960,0.000001271
1671607491038078208,-0.000000067
1671607491058397952,-0.000000427
1671607491077743616,-0.000000818
1671607491098476288,-0.000001498
1671607491118045696,-0.000001608
1671607491137507328,-0.000001365
1671607491158216704,-0.000001732
1671607491179643392,-0.000001806
1671607491198130432,-0.000001203
1671607491217645056,-0.000002815
1671607491237975808,-0.000001444
1671607491258642432,-0.000000162
1671607491277826304,0.000000185
1671607491298129408,-0.000001686
1671607491318424064,-0.000000115
1671607491337625088,0.000000111
1671607491358341120,-0.000001062
1671607491379586560,-0.000001296
1671607491398065408,-0.000002050
1671607491418501120,-0.000001157
1671607491437565952,-0.000002092
1671607491457917184,-0.000001580
1671607491478269696,-0.000001611
1671607491497680640,-0.000001091
1671607491517825536,-0.000000987
1671607491538432000,0.000000071
1671607491557863424,-0.000000887
1671607491580286464,-0.000002289
1671607491597601024,-0.000000641
1671607491618081536,0.000000503
1671607491638335744,-0.000000163
1671607491657520640,-0.000000974
1671607491678035200,-0.000000375
1671607491698448384,0.000000328
1671607491718002432,0.000001117
1671607491739076608,0.000001695
1671607491757946368,0.000000581
1671607491779358464,-0.000000660
1671607491797877760,-0.000000158
1671607491818084608,-0.000000379
1671607491837474048,-0.000000025
1671607491857995008,0.000000974
1671607491878143488,0.000000433
1671607491897821440,-0.000001265
1671607491918068224,-0.000000613
1671607491937539328,-0.000000300
1671607491957831424,0.000000394
1671607491980116992,0.000000722
1671607491997532416,0.000000750
1671607492017778432,0.000000395
1671607492038002176,-0.000000196
1671607492058217984,-0.000001516
1671607492077653248,-0.000001320
1671607492097934848,-0.000001173
1671607492118461696,-0.000000750
1671607492138098688,0.000000384
1671607492157568512,-0.000000707
1671607492179332608,-0.000000893
1671607492197770496,-0.000001057
1671607492217686784,-0.000001218
1671607492238219008,-0.000001536
1671607492258847488,-0.000000478
1671607492278027008,0.000000016
1671607492298396160,-0.000000908
1671607492317735680,0.000000714
1671607492337984256,0.000001548
1671607492358713856,0.000000577
1671607492379832064,0.000000409
1671607492398288128,0.000001201
1671607492417712128,0.000000744
1671607492438090496,-0.000000130
1671607492458663424,-0.000001163
1671607492478110720,-0.000000782
1671607492497515776,-0.000001431
1671607492517814016,-0.000000607
1671607492538324480,-0.000000585
1671607492557773056,-0.000000776
1671607492579252480,-0.000001403
1671607492597850880,-0.000000803
1671607492618326528,-0.000000200
1671607492637656832,-0.000000558
1671607492658221312,-0.000000205
1671607492677690624,-0.000000451
1671607492698256128,0.000000655
1671607492717767936,0.000002656
1671607492738701056,0.000001723
1671607492757961472,0.000000849
1671607492780191744,-0.000000993
1671607492798567936,-0.000001224
1671607492818064640,-0.000000809
1671607492838397440,-0.000000239
1671607492857986304,-0.000000360
1671607492878205696,-0.000000864
1671607492897498112,-0.000001783
1671607492918030592,-0.000001167
1671607492938207488,-0.000000864
1671607492957888000,-0.000000900
1671607492979271424,-0.000000409
1671607492997681920,-0.000000734
1671607493018161408,-0.000000192
1671607493038310912,-0.000000039
1671607493057780736,0.000000009
1671607493078132224,-0.000000421
1671607493097527040,-0.000001858
1671607493118138368,-0.000000269
1671607493137508096,-0.000000523
1671607493158285312,-0.000001672
1671607493179726336,-0.000001223
1671607493198203648,-0.000000919
1671607493217652480,-0.000001137
1671607493237871616,-0.000001183
1671607493258521600,-0.000001420
1671607493277872640,-0.000001331
1671607493298468864,-0.000000837
1671607493317702656,0.000000598
1671607493338141952,0.000000464
1671607493357492736,-0.000000033
1671607493378859008,-0.000000040
1671607493398159616,0.000000605
1671607493417639936,-0.000000190
1671607493437889536,-0.000001118
1671607493458696192,-0.000000841
1671607493477679616,-0.000000598
1671607493498234624,-0.000001634
1671607493517669888,-0.000001517
1671607493538050048,-0.000001028
1671607493557766400,-0.000000986
1671607493578968320,-0.000000583
1671607493597490432,0.000000032
1671607493617768448,0.000000392
1671607493638010112,0.000000530
1671607493658570752,0.000000398
1671607493677754880,0.000000139
1671607493698414336,-0.000000386
1671607493717827328,-0.000000183
1671607493737929728,0.000000655
1671607493758223360,-0.000000736
1671607493779648000,-0.000000636
1671607493797838336,0.000000033
1671607493817890816,0.000000262
1671607493837871360,0.000000260
1671607493858218752,-0.000000155
1671607493877575168,-0.000000281
1671607493898099712,0.000000263
1671607493918383872,0.000001391
1671607493937765120,0.000001850
1671607493958408192,0.000001276
1671607493978644992,-0.000000019
1671607493998304000,0.000001102
1671607494017601792,0.000001235
1671607494038147328,0.000000551
1671607494058900480,0.000000269
1671607494077981184,-0.000000094
1671607494097532160,-0.000000456
1671607494117788160,0.000000013
1671607494138124032,0.000001415
1671607494157749504,0.000001233
1671607494180182528,0.000000050
1671607494197614080,-0.000000428
1671607494218293760,-0.000000029
1671607494237905408,0.000000501
1671607494257673472,0.000000975
1671607494278111232,0.000000585
1671607494298574336,0.000000214
1671607494318184192,0.000000539
1671607494337636352,0.000001461
1671607494358711552,0.000000916
1671607494378759936,0.000000576
1671607494398136576,-0.000000247
1671607494417330176,-0.000000985
1671607494437796096,-0.000000510
1671607494458170112,-0.000000612
1671607494477613312,-0.000000511
1671607494498142208,-0.000001154
1671607494517571584,-0.000000006
1671607494537908736,0.000000338
1671607494558593792,0.000000920
1671607494578772992,0.000001020
1671607494598169856,0.000001158
1671607494617536768,0.000001533
1671607494638118144,0.000001456
1671607494657290496,0.000000968
1671607494677765888,0.000001783
1671607494697373952,0.000001840
1671607494717936896,0.000003423
1671607494739089152,0.000003254
1671607494758029824,0.000002676
1671607494779491072,0.000000959
1671607494797951744,0.000000582
1671607494817580544,0.000001584
1671607494837893632,0.000000744
1671607494858256384,0.000001033
1671607494877736704,0.000000485
1671607494898328832,-0.000000331
1671607494917595392,0.000000935
1671607494937958144,0.000000635
1671607494958655744,0.000001367
1671607494980161792,0.000000424
1671607494997471232,-0.000000589
1671607495017871616,0.000000192
1671607495038207232,0.000000037
1671607495057771520,0.000000220
1671607495077962496,-0.000000347
1671607495097475840,-0.000000930
1671607495117896192,-0.000001298
1671607495138403072,-0.000000077
1671607495158090240,0.000000297
1671607495179309056,-0.000001363
1671607495197858560,-0.000001688
1671607495217363200,-0.000002232
1671607495237804800,-0.000001778
1671607495258126848,-0.000001533
1671607495277441792,-0.000000696
1671607495298264320,-0.000001661
1671607495317749504,-0.000000288
1671607495338285312,-0.000000082
1671607495357883648,-0.000000496
1671607495380252416,-0.000001048
1671607495397491200,0.000000118
1671607495417949440,0.000001300
1671607495438257152,0.000000840
1671607495457828864,-0.000000020
1671607495477753088,-0.000000817
1671607495498057472,0.000000006
1671607495518304000,0.000001320
1671607495537457664,0.000000973
1671607495558041088,0.000000311
1671607495579350784,-0.000000446
1671607495597896704,-0.000000299
1671607495618188800,-0.000000783
1671607495638492416,-0.000001619
1671607495658013184,-0.000000958
1671607495678243328,0.000000098
1671607495697669120,-0.000000343
1671607495718303488,0.000000088
1671607495738115072,-0.000000310
1671607495758357760,-0.000000323
1671607495778826240,0.000000129
1671607495798238208,0.000000113
1671607495817510400,0.000001299
1671607495837785856,0.000000846
1671607495858431232,-0.000000851
1671607495877598464,-0.000001317
1671607495897985024,-0.000001232
1671607495917480960,-0.000000617
1671607495937757952,0.000000338
1671607495958318336,-0.000000331
1671607495978694912,-0.000001241
1671607495998333440,-0.000001208
1671607496017702400,-0.000001036
1671607496038327552,-0.000001314
1671607496057967104,-0.000001104
1671607496077639936,-0.000000126
1671607496098411776,-0.000000690
1671607496117861632,0.000000163
1671607496138340352,0.000000329
1671607496157728000,-0.000000116
1671607496179258880,0.000000155
1671607496197755392,0.000000557
1671607496218547200,0.000000581
1671607496238045440,0.000000373
1671607496257301248,-0.000000388
1671607496277753344,-0.000000316
1671607496298386944,-0.000000498
1671607496317671168,0.000001093
1671607496338211840,0.000000955
1671607496358532096,0.000000045
1671607496379622912,-0.000000325
1671607496398092544,-0.000001226
1671607496417361664,-0.000001282
1671607496437850624,-0.000000122
1671607496458680320,-0.000001340
1671607496477565952,-0.000001731
1671607496497956096,-0.000000956
1671607496518385920,-0.000000767
1671607496537454848,-0.000001727
1671607496557839104,-0.000001448
1671607496579369472,-0.000001015
1671607496597750272,-0.000000379
1671607496618246912,0.000000742
1671607496637336832,0.000000505
1671607496657647616,-0.000000440
1671607496678264320,-0.000000433
1671607496697410304,-0.000000307
1671607496717756672,0.000000529
1671607496738205952,0.000000613
1671607496757423872,-0.000000212
1671607496780108288,0.000000222
1671607496797580800,0.000000079
1671607496817876992,0.000000466
1671607496838116608,-0.000000762
1671607496857656064,-0.000000256
1671607496878056192,-0.000000796
1671607496897577984,-0.000000860
1671607496918163456,-0.000000743
1671607496937413120,-0.000000812
1671607496957825536,-0.000000536
1671607496979363840,-0.000001384
1671607496997848320,-0.000001520
1671607497018376192,-0.000001350
1671607497037726464,-0.000001598
1671607497058216192,-0.000002071
1671607497077650432,-0.000002490
1671607497097335808,-0.000001824
1671607497117951744,-0.000001123
1671607497138453760,-0.000000951
1671607497157830656,-0.000001221
1671607497179454464,-0.000000881
1671607497196979456,-0.000000609
1671607497217527040,0.000000114
1671607497236903168,-0.000000307
1671607497257260800,-0.000001092
1671607497277626368,-0.000001779
1671607497298284032,-0.000002017
1671607497317430016,-0.000002070
1671607497337823488,-0.000002244
1671607497358434560,-0.000002905
1671607497379537408,-0.000002085
1671607497398219008,-0.000002245
1671607497417579776,-0.000001917
1671607497436958208,-0.000001990
1671607497457666048,-0.000002149
1671607497478061568,-0.000001425
1671607497497565184,-0.000001169
1671607497516929024,-0.000000988
1671607497538284544,-0.000001043
1671607497557921280,-0.000001505
1671607497579056128,-0.000001694
1671607497597342208,-0.000001420
1671607497617916672,-0.000001554
1671607497637572608,-0.000000560
1671607497658436608,0.000000592
1671607497677534720,0.000000996
1671607497698267648,0.000000936
1671607497717779968,0.000001387
1671607497737433856,0.000001375
1671607497758320896,0.000000310
1671607497779737856,0.000000391
1671607497797004800,0.000000467
1671607497817726720,0.000000099
1671607497838042368,-0.000000824
1671607497857332480,-0.000000796
1671607497877758464,-0.000000374
1671607497897222656,-0.000000252
1671607497917532160,-0.000000138
1671607497936721152,0.000000245
1671607497958750464,-0.000000816
1671607497978644224,-0.000001188
1671607497997195008,-0.000000631
1671607498017572096,-0.000000766
1671607498038099968,-0.000001243
1671607498057532160,-0.000001400
1671607498076807168,-0.000000939
1671607498097264128,-0.000000811
1671607498117826048,0.000000128
1671607498138412800,0.000001041
1671607498157755648,0.000000608
1671607498179330560,0.000000123
1671607498197719808,-0.000000142
1671607498218264576,0.000000490
1671607498237294080,0.000000302
1671607498257628416,-0.000000844
1671607498277250816,-0.000000840
1671607498297603072,-0.000000742
1671607498318048000,0.000000678
1671607498338474752,0.000000847
1671607498357912576,0.000000811
1671607498379351040,0.000000106
1671607498397510656,-0.000000553
1671607498417850112,0.000000269
1671607498438285568,-0.000000654
1671607498457754368,-0.000001011
1671607498478398720,-0.000001296
1671607498497599488,-0.000001148
1671607498518246656,-0.000000075
1671607498537490176,-0.000000249
1671607498558067968,-0.000000980
1671607498579421184,-0.000001441
1671607498596740608,-0.000001170
1671607498618219776,0.000000222
1671607498637677312,0.000000563
1671607498657121536,0.000000157
1671607498677468160,0.000000566
1671607498697934848,-0.000000012
1671607498718803968,0.000000728
1671607498738165760,0.000000588
1671607498758447104,-0.000000060
1671607498779120384,0.000000199
1671607498798303744,-0.000000217
1671607498818053376,-0.000000173
1671607498837747200,-0.000000043
1671607498857193216,0.000000070
1671607498878020096,-0.000000082
1671607498897285120,-0.000000132
1671607498917722880,0.000000822
1671607498938117632,0.000000318
1671607498957579520,-0.000000293
1671607498979468288,-0.000000427
1671607498997659904,-0.000000442
1671607499018142464,0.000000216
1671607499038609152,-0.000000046
1671607499056873728,-0.000000057
1671607499078463744,0.000001193
1671607499098153728,0.000000879
1671607499117505024,-0.000000102
1671607499137990144,0.000001031
1671607499158902528,0.000001451
1671607499179154688,0.000002080
1671607499197671936,0.000002176
1671607499217441536,0.000002562
1671607499237789440,0.000002503
1671607499257158144,0.000002120
1671607499277755648,0.000001633
1671607499297292800,0.000001192
1671607499318042624,0.000001337
1671607499337639168,0.000001596
1671607499358355968,0.000000881
1671607499378606592,0.000000481
1671607499398429952,-0.000000299
1671607499417773824,0.000001373
1671607499438222848,0.000000364
1671607499457914112,-0.000000600
1671607499478236416,-0.000000728
1671607499496812544,-0.000000739
1671607499518567936,0.000000316
1671607499537918208,0.000000869
1671607499558624000,0.000001084
1671607499579015424,0.000001268
1671607499598373376,0.000001033
1671607499616879360,0.000000694
1671607499637485568,-0.000000053
1671607499658038016,0.000000310
1671607499678505984,-0.000000639
1671607499697004032,-0.000001078
1671607499717491968,0.000000776
1671607499738846464,-0.000001091
1671607499756712960,-0.000001173
1671607499779455744,-0.000001317
1671607499797840640,-0.000001740
1671607499818153984,-0.000000987
1671607499837283584,-0.000001177
1671607499857875968,-0.000000905
1671607499877172992,-0.000000657
1671607499897762816,-0.000000672
1671607499916804352,-0.000001148
1671607499937207808,0.000000487
1671607499957767680,0.000000457
1671607499978964736,0.000000680
1671607499997394688,0.000000563
1671607500017851648,0.000000463
1671607500038447872,0.000000373
1671607500057853440,0.000000525
1671607500077288192,0.000000131
1671607500097851136,-0.000000208
1671607500117751040,-0.000001772
1671607500137333504,-0.000000064
1671607500156757760,0.000000785
1671607500179453440,-0.000000228
1671607500196799232,-0.000001265
1671607500218576896,-0.000000128
1671607500237635072,-0.000000044
1671607500258586368,0.000000210
1671607500277639424,-0.000000716
1671607500298421504,-0.000000683
1671607500316720640,0.000000985
1671607500338509056,0.000000459
1671607500357966336,-0.000000326
1671607500379356928,-0.000000099
1671607500396765184,0.000000786
1671607500417438720,0.000000368
1671607500436926976,0.000001078
1671607500457489664,0.000001429
1671607500477029632,0.000001946
1671607500497577984,0.000001880
1671607500516944640,0.000002041
1671607500537543936,0.000002508
1671607500556920064,0.000002440
1671607500579495168,0.000001386
1671607500596895744,0.000001112
1671607500617541632,0.000001021
1671607500638118144,0.000000468
1671607500658857472,0.000000079
1671607500677941760,-0.000000585
1671607500697482496,0.000000328
1671607500716670208,0.000001787
1671607500737504000,0.000002642
1671607500757050880,0.000000024
1671607500779646720,-0.000000543
1671607500797683712,-0.000000178
1671607500818607104,0.000000188
1671607500836884224,0.000000856
1671607500857471232,-0.000000028
1671607500876913664,-0.000000390
1671607500897369600,0.000000100
1671607500917035264,0.000001545
1671607500936990208,0.000002334
1671607500957447424,0.000003494
1671607500978986496,0.000002847
1671607500998525696,0.000002501
1671607501017564672,0.000002618
1671607501037037312,0.000001366
1671607501057487616,0.000001006
1671607501076962816,0.000000487
1671607501097638144,0.000000303
1671607501116952320,0.000001022
1671607501137734400,0.000000563
1671607501157202688,-0.000000268
1671607501178706944,-0.000000275
1671607501196995840,0.000000011
1671607501217534720,-0.000000900
1671607501237196288,-0.000001263
1671607501257736960,-0.000001008
1671607501278297344,-0.000001427
1671607501297636352,-0.000002141
1671607501317127424,-0.000000758
1671607501337304576,-0.000000283
1671607501357684736,-0.000000788
1671607501378994688,-0.000000663
1671607501397274624,-0.000000430
1671607501417591040,-0.000000234
1671607501436713472,-0.000000355
1671607501458381056,-0.000000606
1671607501477560832,-0.000001114
1671607501497035776,-0.000001184
1671607501517553920,-0.000000678
1671607501537238016,-0.000000985
1671607501557934848,-0.000001343
1671607501579442176,-0.000000335
1671607501597629184,-0.000000074
1671607501618236416,-0.000000532
1671607501636761088,-0.000001088
1671607501657070592,-0.000001092
1671607501677581056,-0.000000841
1671607501697026560,-0.000000939
1671607501717646080,-0.000000790
1671607501738467072,-0.000000555
1671607501757349376,-0.000000500
1671607501778798080,-0.000000951
1671607501798184448,-0.000000473
1671607501817520896,-0.000000261
1671607501836631040,-0.000000335
1671607501857226496,-0.000000033
1671607501876859904,0.000000190
1671607501898180864,-0.000000267
1671607501917604864,-0.000000326
1671607501936969216,-0.000000546
1671607501957385984,-0.000000978
1671607501978755328,-0.000001690
1671607501997026304,-0.000001050
1671607502017487360,-0.000000339
1671607502036914688,-0.000000875
1671607502057298176,-0.000001236
1671607502076786944,-0.000001327
1671607502097604864,-0.000001473
1671607502116837376,-0.000001038
1671607502137268480,-0.000000330
1671607502157798144,-0.000000850
1671607502179346432,-0.000000671
1671607502196788992,-0.000000042
1671607502217321984,-0.000000018
1671607502236948224,-0.000000660
1671607502257790208,-0.000000127
1671607502276825344,-0.000000766
1671607502297456128,-0.000000802
1671607502317596672,-0.000000175
1671607502336990720,0.000000003
1671607502357846272,-0.000001159
1671607502379043584,-0.000000124
1671607502397528576,-0.000000236
1671607502416618496,-0.000001029
1671607502436922112,-0.000001246
1671607502457760000,-0.000001618
1671607502477991680,-0.000001658
1671607502497720832,-0.000001699
1671607502516839168,-0.000002447
1671607502537304576,-0.000002635
1671607502557153280,-0.000002335
1671607502579380224,-0.000001793
1671607502596862464,-0.000001394
1671607502618396672,-0.000000745
1671607502638030336,-0.000000082
1671607502657718784,-0.000000204
1671607502676982272,-0.000000470
1671607502697449216,-0.000000615
1671607502717944576,-0.000000313
1671607502737633024,-0.000001263
1671607502756820480,-0.000001415
1671607502779646720,-0.000001867
1671607502796843264,-0.000001646
1671607502817430016,-0.000000559
1671607502836740352,-0.000000793
1671607502857050624,-0.000001426
1671607502877529344,-0.000001872
1671607502896970496,-0.000000986
1671607502917505536,-0.000000477
1671607502936997120,-0.000000789
1671607502957350144,-0.000000534
1671607502979172096,-0.000000713
1671607502997804288,-0.000001444
1671607503017032704,0.000000084
1671607503037324800,-0.000001697
1671607503057721088,-0.000001965
1671607503076997888,-0.000001268
1671607503097552896,-0.000001670
1671607503118015744,-0.000001412
1671607503138240000,-0.000000858
1671607503157020928,-0.000001536
1671607503179272960,-0.000000900
1671607503197645312,-0.000000815
1671607503217331456,-0.000001592
1671607503236667136,-0.000002475
1671607503256876032,-0.000001905
1671607503277466112,-0.000002477
1671607503296797440,-0.000002115
1671607503317337088,-0.000001225
1671607503336833536,-0.000001220
1671607503357067776,-0.000001643
1671607503378600960,-0.000002126
1671607503396954368,-0.000001878
1671607503417150720,-0.000002502
1671607503437445632,-0.000002549
1671607503456897792,-0.000001764
1671607503477359360,-0.000001325
1671607503496897280,-0.000001180
1671607503517472512,-0.000000597
1671607503536932352,-0.000000720
1671607503557491712,-0.000000473
1671607503578841600,-0.000000196
1671607503598532608,0.000000132
1671607503616993792,0.000001341
1671607503637268736,0.000001922
1671607503657845248,0.000001848
1671607503677074176,0.000001644
1671607503696545280,0.000001329
1671607503718851840,0.000001712
1671607503736784384,0.000001683
1671607503756956416,0.000001273
1671607503779870976,0.000001270
1671607503797824512,0.000001691
1671607503817478656,0.000002138
1671607503837652480,0.000001907
1671607503856939008,0.000002507
1671607503877413120,0.000002327
1671607503896855040,0.000002056
1671607503917248000,0.000002625
1671607503937460480,0.000001773
1671607503958160640,0.000001448
1671607503978512640,0.000001088
1671607503996897536,0.000000280
1671607504018595584,0.000001151
1671607504037957888,0.000000048
1671607504058991616,-0.000000215
1671607504076874496,-0.000000960
1671607504097577728,-0.000001301
1671607504117992448,0.000000000
1671607504137470208,0.000001388
1671607504156846336,0.000000913
1671607504179500032,0.000000323
1671607504196617728,-0.000000223
1671607504217175040,-0.000000027
1671607504237283328,-0.000000002
1671607504257896704,-0.000000475
1671607504277034240,-0.000000024
1671607504297468160,-0.000000703
1671607504317739520,-0.000000210
1671607504336906496,-0.000000450
1671607504357851392,0.000000002
1671607504379182336,-0.000000449
1671607504397611264,0.000000507
1671607504417003008,0.000001050
1671607504437550592,-0.000000254
1671607504456975104,-0.000001626
1671607504477560832,-0.000000780
1671607504496944128,-0.000000818
1671607504517149440,-0.000000655
1671607504537470976,-0.000000402
1671607504556593152,-0.000000343
1671607504579048704,-0.000000516
1671607504597373184,-0.000000857
1671607504616617216,-0.000000392
1671607504637129216,-0.000000402
1671607504657441280,-0.000001284
1671607504676975872,-0.000001260
1671607504697350144,-0.000001460
1671607504716679680,-0.000000725
1671607504737544448,-0.000000105
1671607504756665088,-0.000000214
1671607504779263232,0.000000572
1671607504797529344,0.000001090
1671607504816865536,0.000001137
1671607504837137920,0.000000930
1671607504857737472,0.000000852
1671607504876858880,0.000001169
1671607504897088256,0.000000601
1671607504917570816,0.000001572
1671607504936868608,0.000002420
1671607504957480192,0.000001455
1671607504978967552,0.000001186
1671607504997303808,0.000001443
1671607505016721664,0.000001188
1671607505037089024,-0.000000261
1671607505057470208,0.000000129
1671607505076939008,-0.000000169
1671607505097357568,-0.000000289
1671607505117762560,0.000000384
1671607505137018368,0.000001084
1671607505157361152,0.000001323
1671607505179038208,0.000000195
1671607505197287936,0.000000207
1671607505217487616,-0.000000165
1671607505236627712,0.000000265
1671607505257178368,-0.000000316
1671607505277677056,0.000000493
1671607505297017856,-0.000000626
1671607505316555008,-0.000000490
1671607505336943872,-0.000000377
1671607505357691648,-0.000001645
1671607505379243520,-0.000001328
1671607505397531136,-0.000000610
1671607505417016320,0.000000736
1671607505437325568,-0.000000141
1671607505456626688,-0.000001595
1671607505477251328,-0.000000585
1671607505497766912,0.000000182
1671607505516906240,0.000001524
1671607505537682688,0.000000632
1671607505556994048,0.000001113
1671607505579368192,0.000001309
1671607505597709824,0.000001260
1671607505617132800,0.000001573
1671607505637236480,0.000001355
1671607505657757184,0.000000449
1671607505676951040,0.000001265
1671607505697433344,0.000000944
1671607505716669952,0.000000893
1671607505737819392,0.000000977
1671607505757748992,0.000000868
1671607505779256064,0.000000304
1671607505797454336,0.000000339
1671607505817180928,0.000000596
1671607505837582336,0.000000056
1671607505857232640,0.000000410
1671607505877724928,0.000000552
1671607505896997376,0.000001046
1671607505917348352,0.000001813
1671607505937763840,0.000001585
1671607505956941568,-0.000001691
1671607505979470336,-0.000001215
1671607505996913664,0.000000973
1671607506017405184,0.000002471
1671607506036778496,0.000001087
1671607506057436160,0.000000564
1671607506077806080,0.000001315
1671607506097271808,0.000000581
1671607506117604352,-0.000000219
1671607506136790272,0.000000724
1671607506157073152,-0.000000178
1671607506178742272,-0.000002570
1671607506197166080,-0.000002476
1671607506217929728,-0.000001728
1671607506237127424,-0.000000922
1671607506256642048,-0.000001326
1671607506277015808,-0.000000057
1671607506297575680,0.000000591
1671607506317207552,0.000000531
1671607506337684992,0.000000633
1671607506357461504,0.000000472
1671607506378632448,-0.000000549
1671607506396902144,-0.000000312
1671607506417227008,-0.000000119
1671607506437494272,0.000000457
1671607506456936704,0.000000148
1671607506477432576,-0.000000699
1671607506496818176,-0.000000257
1671607506517296640,-0.000000214
1671607506536822784,0.000000537
1671607506557355264,-0.000000974
1671607506578805504,-0.000001003
1671607506597317888,-0.000001351
1671607506616969728,-0.000001918
1671607506637280768,-0.000001434
1671607506657844736,-0.000001333
1671607506677121280,0.000000091
1671607506697510144,0.000000554
1671607506716894976,-0.000000812
1671607506738022400,0.000000456
1671607506757146112,0.000000685
1671607506780067328,-0.000000007
1671607506796954368,0.000000180
1671607506817733888,-0.000000096
1671607506837233664,0.000000951
1671607506858077952,0.000000309
1671607506877236480,-0.000000654
1671607506897721344,-0.000001245
1671607506917081600,-0.000000246
1671607506937493504,-0.000000182
1671607506956746752,-0.000000985
1671607506979453184,-0.000000178
1671607506996878848,-0.000000720
1671607507017470720,0.000000286
1671607507036875776,0.000000380
1671607507057134848,0.000000480
1671607507077716224,-0.000001800
1671607507096993792,-0.000001732
1671607507117593088,-0.000001212
1671607507136882688,-0.000000887
1671607507157381888,-0.000001310
1671607507178767616,-0.000000175
1671607507197110272,-0.000000094
1671607507217633792,-0.000000153
1671607507237044736,0.000000127
1671607507257439488,0.000000500
1671607507276655616,0.000000101
1671607507297268992,-0.000000009
1671607507317355264,0.000000647
1671607507337476352,0.000001528
1671607507358117632,-0.000000289
1671607507379315968,0.000000295
1671607507397800960,0.000000905
1671607507416995840,0.000001526
1671607507437654784,0.000000594
1671607507457307904,0.000000916
1671607507476772352,0.000001093
1671607507497050368,0.000000640
1671607507517505280,0.000001308
1671607507536890112,0.000001128
1671607507557669632,0.000000896
1671607507578830848,0.000000477
1671607507597139712,0.000000704
1671607507617373184,0.000000909
1671607507636791808,0.000001051
1671607507657469440,0.000001184
1671607507677653248,0.000000884
1671607507697249024,0.000000552
1671607507716830208,0.000000569
1671607507737440768,0.000000809
1671607507756984576,0.000000822
1671607507778665728,0.000000483
1671607507797855232,0.000001165
1671607507817300992,0.000001721
1671607507837587200,0.000001134
1671607507857277696,0.000001695
1671607507877840640,0.000000980
1671607507897325824,0.000000481
1671607507917608960,0.000000747
1671607507937000192,0.000000337
1671607507957435904,-0.000000052
1671607507978818816,-0.000000131
1671607507997228544,0.000000291
1671607508017679360,0.000001321
1671607508036806912,0.000001225
1671607508057133568,0.000000920
1671607508077606656,0.000000585
1671607508096968704,0.000000394
1671607508117357824,0.000000354
1671607508137701376,0.000000395
1671607508157305344,0.000000069
1671607508178566400,0.000000170
1671607508196931584,0.000000516
1671607508217219328,0.000000816
1671607508236854784,0.000000547
1671607508257381120,0.000000695
1671607508277516288,0.000000731
1671607508296744192,0.000000238
1671607508317223936,0.000000327
1671607508337345280,0.000000389
1671607508357663232,0.000000119
1671607508379064320,0.000000114
1671607508397698048,0.000000380
1671607508416895744,0.000000651
1671607508437483008,0.000000519
1671607508456976640,0.000000309
1671607508477329664,0.000000299
1671607508496699136,0.000000435
1671607508517133312,0.000000603
1671607508536585216,0.000000341
1671607508557227008,-0.000000243
1671607508578566656,-0.000000260
1671607508597369088,0.000000190
1671607508617279744,0.000000541
1671607508637549312,0.000000210
1671607508656702464,-0.000000003
1671607508677109760,-0.000000615
1671607508696628480,-0.000000918
1671607508717529344,-0.000000707
1671607508738175232,-0.000000315
1671607508757404672,-0.000000740
1671607508779417856,-0.000001283
1671607508796791040,-0.000000829
1671607508817526272,0.000000273
1671607508836837888,0.000000350
1671607508857556224,0.000000228
1671607508876708864,0.000000220
1671607508897249280,0.000000299
1671607508917543424,0.000000439
1671607508936593408,0.000000614
1671607508956903680,-0.000000250
1671607508978326784,-0.000000602
1671607508996776704,-0.000000572
1671607509017231104,-0.000000648
1671607509037429760,-0.000000534
1671607509056957952,-0.000000965
1671607509077345280,-0.000000782
1671607509096972288,-0.000000337
1671607509117420800,0.000000304
1671607509136750848,0.000000570
1671607509157115648,-0.000000302
1671607509178712064,-0.000000447
1671607509197034240,-0.000000744
1671607509217493760,-0.000000128
1671607509236968960,-0.000000706
1671607509257602816,-0.000001007
1671607509276776448,-0.000000887
1671607509297321728,0.000000584
1671607509316900096,0.000001419
1671607509337538304,0.000001395
1671607509356784384,-0.000000304
1671607509379399424,-0.000000252
1671607509397776640,-0.000000274
1671607509417378048,0.000000466
1671607509436808192,-0.000000583
1671607509457609728,-0.000000894
1671607509477618432,-0.000000415
1671607509497054720,0.000000400
1671607509517731072,-0.000000846
1671607509537256704,-0.000001560
1671607509558128896,-0.000002643
1671607509579275520,-0.000000877
1671607509596478976,0.000000341
1671607509617149952,0.000000445
1671607509637612032,-0.000000776
1671607509657192960,-0.000000297
1671607509677299968,0.000000242
1671607509696795648,0.000000472
1671607509717277440,0.000000338
1671607509737850624,0.000000934
1671607509757261824,0.000000180
1671607509778705408,0.000001400
1671607509797092864,0.000001285
1671607509817825024,0.000001414
1671607509836955904,-0.000000040
1671607509857685248,-0.000000303
1671607509876953600,-0.000000494
1671607509897405440,-0.000001230
1671607509917629952,-0.000000830
1671607509937058560,-0.000001527
1671607509956617728,-0.000002826
1671607509979105536,-0.000002302
1671607509997509888,-0.000001325
1671607510016640768,0.000000622
1671607510036869888,0.000000822
1671607510057682432,-0.000000180
1671607510077561088,0.000000896
1671607510096858880,0.000001376
1671607510117391104,0.000000934
1671607510136632320,0.000001972
1671607510157166080,0.000001703
1671607510178669568,-0.000000544
1671607510197225984,-0.000001970
1671607510217546496,-0.000002091
1671607510236623616,-0.000000703
1671607510257071872,-0.000000498
1671607510277609984,-0.000000689
1671607510297025280,0.000000331
1671607510317599744,0.000001610
1671607510337188864,0.000001476
1671607510357410560,0.000000720
1671607510378874112,-0.000000152
1671607510397255168,0.000000291
1671607510416761600,0.000000490
1671607510437021952,0.000001107
1671607510457235456,0.000000452
1671607510477732864,-0.000001183
1671607510496994816,-0.000002511
1671607510517259008,-0.000001891
1671607510536629760,-0.000000682
1671607510557009408,-0.000001607
1671607510579545344,-0.000001703
1671607510596894208,-0.000001887
1671607510617478656,0.000000188
1671607510636755200,0.000001248
1671607510657027328,0.000000472
1671607510676601088,0.000000109
1671607510696892416,0.000001162
1671607510717329152,0.000001822
1671607510736739328,0.000001353
1671607510757044736,0.000000235
1671607510778553088,-0.000000496
1671607510796981248,-0.000000865
1671607510817664512,-0.000000716
1671607510837065472,-0.000001684
1671607510857530880,-0.000001610
1671607510876845824,-0.000000942
1671607510897194496,-0.000000873
1671607510916605440,0.000000516
1671607510936927488,0.000001228
1671607510957430528,0.000001822
1671607510978957056,0.000001995
1671607510997324544,0.000001942
1671607511016723456,0.000001801
1671607511036966912,0.000001321
1671607511057368832,0.000001229
1671607511076805632,0.000000179
1671607511097150464,-0.000001206
1671607511117392640,-0.000001728
1671607511137614848,-0.000001727
1671607511156944384,-0.000001701
1671607511179652096,-0.000001204
1671607511197094656,0.000000131
1671607511216573440,0.000001256
1671607511237032448,0.000002017
1671607511257793024,0.000001216
1671607511277066752,0.000001666
1671607511297654016,0.000001393
1671607511317069568,0.000001835
1671607511337671168,0.000001996
1671607511357417984,0.000000487
1671607511378759936,-0.000000509
1671607511397251840,-0.000000898
1671607511416711680,-0.000000515
1671607511436983296,-0.000001275
1671607511457617920,-0.000001298
1671607511477725696,-0.000001261
1671607511497028864,-0.000000605
1671607511517359104,0.000000330
1671607511537578752,0.000001462
1671607511557214976,0.000001917
1671607511578676224,0.000001198
1671607511597313792,0.000000625
1671607511616696832,0.000001304
1671607511637309952,0.000001240
1671607511656676864,0.000001269
1671607511677367296,0.000001244
1671607511696942848,0.000000021
1671607511716643584,0.000001721
1671607511737884160,0.000001773
1671607511757063424,0.000000424
1671607511778630144,-0.000000385
1671607511797050112,-0.000000350
1671607511817677056,-0.000000704
1671607511837050112,-0.000001567
1671607511857504768,-0.000000939
1671607511876929024,-0.000000836
1671607511897585152,0.000000095
1671607511916624896,0.000000938
1671607511936952064,0.000001479
1671607511957405440,0.000000795
1671607511978781952,0.000000893
1671607511997236480,0.000000854
1671607512016592384,0.000001437
1671607512037061120,0.000001225
1671607512057741568,0.000000837
1671607512076984576,0.000000595
1671607512097446656,-0.000000330
1671607512116792320,-0.000001050
1671607512137060864,-0.000000155
1671607512156519424,-0.000000852
1671607512178899200,-0.000000539
1671607512197415168,-0.000001110
1671607512217126912,-0.000000644
1671607512236611072,-0.000000356
1671607512257306880,-0.000000283
1671607512276532736,-0.000000147
1671607512297319424,-0.000000304
1671607512316977152,0.000000254
1671607512337592320,0.000000515
1671607512357167360,-0.000000243
1671607512378612480,-0.000000577
1671607512397065984,-0.000000342
1671607512417466112,0.000000214
1671607512437094144,0.000000546
1671607512457762048,-0.000000308
1671607512477326336,-0.000001105
1671607512496888064,-0.000001515
1671607512516567552,-0.000000534
1671607512537046784,-0.000000468
1671607512557553664,-0.000001427
1671607512579070720,-0.000002053
1671607512596511488,-0.000002310
1671607512616845824,-0.000001548
1671607512637255680,-0.000001422
1671607512657646080,-0.000000893
1671607512677280768,0.000000007
1671607512696944384,0.000000638
1671607512717524736,0.000001550
1671607512737785088,0.000001596
1671607512756596736,0.000000450
1671607512779236864,-0.000001369
1671607512796444416,-0.000001655
1671607512816994304,-0.000001582
1671607512837342720,-0.000001552
1671607512856852480,-0.000001233
1671607512877659392,0.000000100
1671607512897193472,0.000000857
1671607512917453568,0.000001720
1671607512936637696,0.000002027
1671607512956924160,0.000001548
1671607512978831104,0.000000660
1671607512997377792,-0.000000140
1671607513016804096,-0.000000282
1671607513037200128,-0.000000888
1671607513057361408,-0.000000854
1671607513076901120,-0.000000899
1671607513097515520,-0.000000055
1671607513116795648,0.000001673
1671607513137353472,0.000002244
1671607513156829696,0.000001180
1671607513179484416,0.000000999
1671607513197040384,0.000001191
1671607513217439488,0.000001249
1671607513236673536,0.000000427
1671607513257230336,-0.000000388
1671607513277661952,-0.000001105
1671607513297199616,-0.000001210
1671607513317530112,-0.000001032
1671607513337111296,-0.000000210
1671607513357682176,-0.000000013
1671607513378879744,0.000000583
1671607513397347328,0.000000779
1671607513416702208,0.000001613
1671607513437047808,0.000001929
1671607513457551872,0.000001992
1671607513476877568,0.000001353
1671607513497134336,0.000000414
1671607513516847104,0.000000627
1671607513537409024,0.000000222
1671607513556920576,-0.000001422
1671607513579178240,-0.000001566
1671607513597391360,-0.000002279
1671607513616831232,-0.000001156
1671607513637344512,-0.000001379
1671607513656830720,-0.000001624
1671607513677319424,-0.000000949
1671607513696940800,-0.000000706
1671607513717065728,0.000000259
1671607513738002176,0.000000736
1671607513757032448,0.000001199
1671607513778663168,0.000001911
1671607513797234432,0.000001089
1671607513817045504,0.000001207
1671607513837597696,0.000000916
1671607513856931584,0.000000832
1671607513877399552,0.000000550
1671607513897196032,-0.000000023
1671607513917606400,0.000000112
1671607513936983808,-0.000001040
1671607513957369088,-0.000001637
1671607513978945536,-0.000001468
1671607513997538816,-0.000000640
1671607514017005568,-0.000000551
1671607514037591040,-0.000001698
1671607514056969728,-0.000000905
1671607514077444864,0.000000972
1671607514096933376,0.000001291
1671607514117246464,0.000000898
1671607514136578304,0.000001629
1671607514157106944,0.000002160
1671607514178655488,0.000001376
1671607514197043456,0.000001713
1671607514217443840,0.000000679
1671607514236836352,-0.000000554
1671607514257235712,-0.000001296
1671607514276539904,-0.000001253
1671607514297289984,-0.000001563
1671607514316762880,-0.000002087
1671607514337152256,-0.000002553
1671607514357349120,-0.000001351
1671607514378657024,-0.000000738
1671607514397187840,-0.000000034
1671607514416539136,0.000000809
1671607514436575744,0.000000665
1671607514457149952,0.000000135
1671607514477234688,-0.000000720
1671607514496686336,-0.000000358
1671607514516943104,-0.000000396
1671607514537242368,0.000000009
1671607514557863168,-0.000000448
1671607514579085824,-0.000001731
1671607514597247488,-0.000002341
1671607514617561344,-0.000001341
1671607514636704768,-0.000001063
1671607514657161984,-0.000001185
1671607514677548032,0.000000144
1671607514696884992,0.000000969
1671607514717519872,0.000001563
1671607514737293312,0.000001146
1671607514756581376,0.000000529
1671607514779523328,0.000000758
1671607514796703232,0.000002947
1671607514817158912,0.000002882
1671607514837574656,0.000001867
1671607514856948480,0.000001711
1671607514877455360,0.000001575
1671607514897035008,0.000000590
1671607514917265664,0.000000880
1671607514936880640,0.000000953
1671607514957390848,-0.000001322
1671607514978859776,-0.000001355
1671607514997172480,-0.000001099
1671607515017484288,-0.000001470
1671607515036641792,-0.000001012
1671607515057313280,-0.000000109
1671607515076851456,-0.000000534
1671607515097496320,0.000000420
1671607515116676096,0.000000062
1671607515136926464,-0.000000055
1671607515157362432,0.000002094
1671607515178890240,0.000002030
1671607515197219072,0.000000629
1671607515217572096,-0.000000522
1671607515236925952,0.000000518
1671607515257319168,0.000000635
1671607515276977408,-0.000000106
1671607515296528384,-0.000002289
1671607515317269248,-0.000002249
1671607515337589504,-0.000001496
1671607515357070336,-0.000001990
1671607515379432448,-0.000002603
1671607515396657152,-0.000000591
1671607515416913408,-0.000000592
1671607515437266944,-0.000000747
1671607515456513280,-0.000000336
1671607515477097472,0.000000500
1671607515497632000,0.000001568
1671607515516669952,0.000001376
1671607515536967424,0.000001782
1671607515557682432,0.000000926
1671607515578740992,-0.000000184
1671607515597075712,-0.000000466
1671607515616524288,-0.000000612
1671607515636888576,-0.000001254
1671607515657343744,-0.000000491
1671607515676618240,-0.000000901
1671607515697230336,0.000000362
1671607515716654336,0.000001630
1671607515737645312,0.000000981
1671607515757700096,-0.000000111
1671607515779230464,-0.000000084
1671607515796599808,-0.000000494
1671607515817251328,0.000001187
1671607515837441024,0.000000319
1671607515856725760,0.000000337
1671607515877166592,0.000001614
1671607515897563136,0.000001225
1671607515916906240,0.000002359
1671607515937299200,0.000001549
1671607515956668672,0.000000243
1671607515979159552,0.000000475
1671607515997546496,-0.000000306
1671607516016803584,0.000001076
1671607516037011968,0.000002494
1671607516057382144,0.000000403
1671607516076756992,-0.000000360
1671607516097012224,-0.000000674
1671607516117222912,-0.000000463
1671607516137591040,0.000000497
1671607516156927232,-0.000000973
1671607516179186944,-0.000000091
1671607516196607232,0.000000083
1671607516216816896,0.000000069
1671607516237150464,0.000000053
1671607516256641024,-0.000002068
1671607516277251072,-0.000001881
1671607516296682240,-0.000001323
1671607516316864768,-0.000001126
1671607516337161216,0.000000028
1671607516358139136,-0.000000875
1671607516379127040,-0.000000880
1671607516397549056,0.000000285
1671607516416947968,-0.000000860
1671607516437229312,0.000000366
1671607516458129408,0.000000506
1671607516477071616,-0.000000043
1671607516496786944,0.000000474
1671607516517275392,0.000000414
1671607516537516544,0.000002199
1671607516556777216,0.000000520
1671607516579259392,-0.000000422
1671607516596672000,-0.000000033
1671607516617084672,-0.000000254
1671607516637237760,0.000000616
1671607516658035712,-0.000000113
1671607516677056512,-0.000000745
1671607516697572608,-0.000001402
1671607516716857088,-0.000001356
1671607516737654016,-0.000000287
1671607516756748288,-0.000000653
1671607516779507456,-0.000002639
1671607516797689088,-0.000001277
1671607516817532672,-0.000001651
1671607516836645376,-0.000000804
1671607516857338112,-0.000000243
1671607516877483520,-0.000000233
1671607516896772864,0.000000251
1671607516917163008,0.000000045
1671607516937491968,0.000000376
1671607516957138176,0.000000701
1671607516979399168,-0.000000155
1671607516996822016,0.000001978
1671607517017235456,0.000001045
1671607517037461504,0.000000900
1671607517057108992,0.000000984
1671607517077299712,0.000001268
1671607517097036544,0.000001072
1671607517117269504,0.000000440
1671607517136536576,0.000001269
1671607517156957952,0.000001734
1671607517179454464,0.000001460
1671607517196730112,0.000001357
1671607517217391872,0.000002748
1671607517236686336,0.000003160
1671607517257577472,0.000002901
1671607517276649728,0.000003517
1671607517297195264,0.000001777
1671607517317643264,-0.000001044
1671607517337072896,-0.000000080
1671607517357682176,-0.000000660
1671607517379027456,0.000000392
1671607517397634304,0.000000533
1671607517416812544,-0.000000178
1671607517437371904,-0.000002039
1671607517456788224,0.000000055
1671607517477198592,-0.000002134
1671607517496767232,-0.000002773
1671607517516984576,-0.000000004
1671607517537190144,0.000000450
1671607517557915904,-0.000000359
1671607517578881536,-0.000000506
1671607517597363456,0.000000784
1671607517616712704,0.000001814
1671607517637094144,0.000001613
1671607517657580544,0.000000297
1671607517676693504,-0.000000826
1671607517697139712,-0.000000168
1671607517717864192,0.000001656
1671607517737801216,0.000002636
1671607517756802304,0.000001064
1671607517779501824,0.000001968
1671607517796676608,0.000002275
1671607517817509120,0.000003787
1671607517836806912,0.000002728
1671607517857264896,0.000000574
1671607517876800256,-0.000000359
1671607517897686528,-0.000000521
1671607517917175296,-0.000000601
1671607517936515072,-0.000000415
1671607517957013248,-0.000001384
1671607517979498496,-0.000001790
1671607517996950016,-0.000002544
1671607518017446144,-0.000001148
1671607518036673536,-0.000000180
1671607518057477120,-0.000001023
1671607518077773568,-0.000002263
1671607518097151488,-0.000003116
1671607518117567488,-0.000001126
1671607518136824832,-0.000002808
1671607518156956416,-0.000003641
1671607518179751680,-0.000004747
1671607518197019136,-0.000005441
1671607518217499136,-0.000003666
1671607518236864512,-0.000002258
1671607518257266688,-0.000001934
1671607518276709632,-0.000002495
1671607518297352960,-0.000000749
1671607518316785664,0.000000682
1671607518337097216,-0.000000437
1671607518358046208,-0.000000390
1671607518378803200,0.000000787
1671607518397349888,0.000000532
1671607518416722944,-0.000001012
1671607518437271296,-0.000002905
1671607518456637184,-0.000004315
1671607518477376256,-0.000003759
1671607518497606400,-0.000004000
1671607518517031168,-0.000002725
1671607518537352448,-0.000002213
1671607518556754176,-0.000000227
1671607518579480576,0.000000395
1671607518596775168,0.000000109
1671607518617229312,0.000001514
1671607518637426176,-0.000000575
1671607518656698624,-0.000001218
1671607518677369088,-0.000000613
1671607518696623872,-0.000003333
1671607518717360384,-0.000003527
1671607518736829952,-0.000001750
1671607518757658112,-0.000001647
1671607518779045632,-0.000001131
1671607518797421056,0.000002334
1671607518816779520,0.000001956
1671607518837411840,0.000000052
1671607518857293312,0.000002489
1671607518877523456,0.000000742
1671607518896643840,-0.000000850
1671607518917322240,-0.000000716
1671607518937655808,-0.000001699
1671607518957172992,-0.000000268
1671607518978518016,0.000000971
1671607518997120512,0.000000695
1671607519017362432,0.000002589
1671607519037713664,0.000001656
1671607519057329408,0.000000640
1671607519077339392,0.000002508
1671607519097028608,0.000001539
1671607519117250560,-0.000000314
1671607519136680192,0.000000378
1671607519157500160,0.000000014
1671607519178821120,0.000001235
1671607519197308416,0.000002141
1671607519217626368,0.000001718
1671607519236720640,0.000000799
1671607519257398016,0.000000862
1671607519277502976,0.000000411
1671607519297057024,-0.000000304
1671607519316572416,-0.000000390
1671607519336943616,0.000000385
1671607519357748480,0.000001518
1671607519378795520,-0.000000062
1671607519397219584,-0.000000348
1671607519417485056,0.000001502
1671607519436809216,0.000000270
1671607519457464320,-0.000000517
1671607519476776704,0.000000589
1671607519497394432,-0.000000099
1671607519516669952,-0.000000858
1671607519536947968,0.000001122
1671607519557766144,0.000001114
1671607519578972160,-0.000000801
1671607519597438976,-0.000000966
1671607519616774656,-0.000000420
1671607519636965632,-0.000000396
1671607519657690880,0.000002087
1671607519677062144,0.000000729
1671607519697623552,0.000000654
1671607519716976896,0.000001646
1671607519738353408,0.000001932
1671607519757353472,0.000001554
1671607519778164736,0.000001259
1671607519797466880,0.000000939
1671607519817158656,0.000001411
1671607519837546240,-0.000000144
1671607519856737792,-0.000000603
1671607519877180416,0.000001926
1671607519896809472,0.000002557
1671607519917018624,0.000003894
1671607519937472000,0.000003972
1671607519956649984,0.000002997
1671607519979272960,0.000001755
1671607519996742912,-0.000000095
1671607520017295104,-0.000001049
1671607520036670208,-0.000001091
1671607520057187328,-0.000000693
1671607520077512448,0.000000232
1671607520097136384,-0.000000553
1671607520117448192,-0.000001096
1671607520136738816,-0.000000717
1671607520157081344,0.000000403
1671607520178558976,0.000001393
1671607520196923136,-0.000000965
1671607520217474304,-0.000000550
1671607520236785408,-0.000000376
1671607520256594176,-0.000002271
1671607520277088512,-0.000001923
1671607520296650752,-0.000001698
1671607520316980992,0.000000078
1671607520337224960,-0.000001190
1671607520357745920,-0.000001692
1671607520379190528,-0.000000605
1671607520397609472,0.000001186
1671607520416886528,-0.000000243
1671607520436698624,-0.000000251
1671607520457505536,-0.000000505
1671607520477474816,-0.000000685
1671607520496998656,-0.000002033
1671607520517467904,-0.000001474
1671607520537568768,0.000000586
1671607520557334528,-0.000000000
1671607520579664896,-0.000000404
1671607520597118976,0.000000637
1671607520617521152,0.000001241
1671607520636931072,0.000000584
1671607520657596160,0.000002088
1671607520676762880,0.000002200
1671607520697596672,0.000001766
1671607520717727744,0.000002683
1671607520737714176,0.000003374
1671607520757600256,0.000002461
1671607520779626752,0.000000229
1671607520797833984,-0.000000306
1671607520817314816,-0.000001826
1671607520837007872,-0.000002892
1671607520857395968,-0.000004460
1671607520876909824,-0.000004138
1671607520897459712,-0.000002520
1671607520916931072,-0.000001432
1671607520937225216,-0.000001431
1671607520956541440,0.000000129
1671607520978280960,0.000000273
1671607520996826368,0.000001927
1671607521017318656,-0.000000470
1671607521037592832,0.000000039
1671607521057091584,-0.000000275
1671607521077079040,-0.000000341
1671607521097453824,-0.000000354
1671607521116969472,0.000001396
1671607521137318912,0.000000319
1671607521156503296,-0.000001231
1671607521179179776,-0.000001220
1671607521197618432,-0.000004219
1671607521216825344,-0.000003528
1671607521237189376,-0.000001033
1671607521257891584,0.000000277
1671607521277254144,0.000001003
1671607521296720640,0.000003118
1671607521317073664,0.000003320
1671607521337362432,0.000001866
1671607521356517376,0.000001076
1671607521378254848,-0.000000599
1671607521396490496,-0.000001637
1671607521417256448,-0.000000774
1671607521437546240,-0.000000622
1671607521456913152,-0.000002771
1671607521477425664,-0.000000912
1671607521497008896,0.000000522
1671607521517206784,0.000000564
1671607521537480704,0.000002487
1671607521556950784,0.000002701
1671607521578355200,0.000002001
1671607521596520960,0.000000109
1671607521616727296,-0.000000992
1671607521637032704,-0.000001729
1671607521657552640,-0.000003403
1671607521677749760,-0.000000730
1671607521697312256,0.000000013
1671607521717559296,0.000000253
1671607521737616896,0.000000111
1671607521757029632,0.000000622
1671607521780432384,-0.000000441
1671607521796842496,-0.000000100
1671607521817816064,0.000001670
1671607521836783104,0.000000407
1671607521857596160,0.000000814
1671607521876826880,0.000000559
1671607521897164544,-0.000000186
1671607521917499648,0.000000540
1671607521937722368,0.000001384
1671607521956882944,-0.000000518
1671607521978227968,-0.000001300
1671607521996607232,-0.000000358
1671607522016988672,0.000000495
1671607522037553920,0.000000703
1671607522056833024,0.000001521
1671607522077356800,0.000003300
1671607522096581120,0.000001313
1671607522116966912,0.000000712
1671607522137272320,0.000000640
1671607522156473344,-0.000001113
1671607522178992896,-0.000001252
1671607522197369344,-0.000002656
1671607522216593408,0.000000261
1671607522236844288,0.000000848
1671607522257308416,-0.000001297
1671607522276783360,-0.000000550
1671607522297284608,0.000000778
1671607522316636672,-0.000001430
1671607522337232896,-0.000000569
1671607522356621824,-0.000000194
1671607522378214400,-0.000000478
1671607522396701952,0.000000159
1671607522417367808,0.000000649
1671607522436531456,-0.000000508
1671607522457556736,-0.000000409
1671607522476719616,0.000001069
1671607522497122048,0.000000301
1671607522516506112,0.000000896
1671607522536730368,0.000001482
1671607522557233152,0.000001787
1671607522578440960,-0.000001215
1671607522596901888,-0.000001497
1671607522617352960,-0.000001072
1671607522636594432,0.000000028
1671607522657345280,-0.000001681
1671607522677499904,-0.000003313
1671607522696856576,-0.000001738
1671607522717517568,-0.000000185
1671607522737573632,-0.000000137
1671607522757527040,0.000000974
1671607522777853184,0.000001491
1671607522797363456,0.000000824
1671607522816931584,0.000001593
1671607522837020672,0.000001714
1671607522857712384,-0.000000047
1671607522876938240,-0.000002388
1671607522897519360,-0.000002282
1671607522916864000,-0.000002500
1671607522937083392,-0.000002668
1671607522957965824,-0.000000142
1671607522977955072,0.000001412
1671607522996437760,0.000000444
1671607523016870144,0.000001273
1671607523037355520,0.000002107
1671607523057037568,0.000000932
1671607523077358848,-0.000001072
1671607523098748416,-0.000002256
1671607523116989440,-0.000000061
1671607523137180928,-0.000000828
1671607523157720064,-0.000001813
1671607523177896704,-0.000000397
1671607523197531392,-0.000000388
1671607523216971264,-0.000000538
1671607523237411072,0.000000456
1671607523256905984,0.000000993
1671607523277317632,0.000001141
1671607523296818688,-0.000000726
1671607523317260544,0.000001509
1671607523336656640,0.000001231
1671607523357566976,0.000000597
1671607523378930688,0.000000037
1671607523397364224,-0.000000478
1671607523416743680,-0.000000562
1671607523436910592,-0.000000975
1671607523457504256,-0.000000595
1671607523476951296,-0.000001333
1671607523497246464,-0.000001222
1671607523517747968,0.000000610
1671607523537244928,0.000000691
1671607523556414208,0.000000742
1671607523578113792,0.000001729
1671607523597528064,0.000002118
1671607523616909824,-0.000000156
1671607523637467904,-0.000002015
1671607523656718848,-0.000000524
1671607523677072128,-0.000002517
1671607523697583616,-0.000001974
1671607523716843776,0.000000082
1671607523737405440,-0.000000082
1671607523757265920,0.000000540
1671607523778342912,0.000002199
1671607523796535296,0.000001623
1671607523817107712,-0.000000016
1671607523837005312,0.000001425
1671607523857395456,0.000001457
1671607523876841472,0.000000241
1671607523897434880,-0.000000879
1671607523916868352,-0.000000052
1671607523937333504,-0.000000662
1671607523956779776,-0.000000976
1671607523978158080,-0.000000095
1671607523997396224,0.000001512
1671607524016821248,0.000001329
1671607524037230848,0.000000832
1671607524056699136,-0.000000335
1671607524077185536,-0.000001006
1671607524097490432,-0.000001225
1671607524116903680,-0.000000093
1671607524137760512,-0.000000567
1671607524156808448,-0.000001012
1671607524178380800,-0.000000092
1671607524196743168,0.000000425
1671607524217169408,-0.000000520
1671607524237516288,0.000000022
1671607524256696064,-0.000000686
1671607524277057792,-0.000000995
1671607524296583168,-0.000000185
1671607524316654080,0.000000370
1671607524336948224,0.000000391
1671607524357107712,0.000001964
1671607524377760768,0.000002189
1671607524397170688,0.000001002
1671607524417466880,0.000000743
1671607524436721920,0.000000765
1671607524457339392,-0.000001707
1671607524476783616,-0.000001717
1671607524497381376,-0.000000581
1671607524516860672,-0.000000694
1671607524537265408,0.000000216
1671607524556709888,0.000001544
1671607524578200064,0.000000024
1671607524596881920,0.000000861
1671607524617489664,0.000002507
1671607524636726528,0.000001150
1671607524657008128,-0.000001175
1671607524676535296,0.000000455
1671607524696999936,-0.000000729
1671607524716263680,0.000000464
1671607524736831744,0.000000286
1671607524757374976,-0.000000497
1671607524777938944,-0.000000734
1671607524798504960,0.000000144
1671607524817202176,0.000001141
1671607524837443328,0.000000879
1671607524856799232,0.000001129
1671607524877434368,0.000000560
1671607524896988160,-0.000000365
1671607524917358336,0.000000612
1671607524936693248,0.000001483
1671607524956944640,0.000000775
1671607524978601216,0.000001108
1671607524996813824,0.000001840
1671607525017316096,0.000000616
1671607525037390336,-0.000000558
1671607525057462784,-0.000000629
1671607525075902464,-0.000001661
1671607525096510720,-0.000001719
1671607525117312256,-0.000001026
1671607525137537536,0.000000741
1671607525156967936,0.000000741
1671607525178365952,0.000001768
1671607525196935168,0.000002325
1671607525217492736,0.000001382
1671607525236771584,0.000000888
1671607525257289728,0.000001078
1671607525276666112,-0.000001882
1671607525297032960,-0.000003151
1671607525317426688,-0.000002136
1671607525336910848,-0.000001676
1671607525356231936,-0.000000652
1671607525378919936,0.000000493
1671607525397362688,0.000001260
1671607525416699648,0.000001067
1671607525436819200,0.000001029
1671607525457138944,0.000000410
1671607525476710656,-0.000001413
1671607525497246464,-0.000000751
1671607525516522496,-0.000000702
1671607525537036288,-0.000001838
1671607525556442368,-0.000000136
1671607525578129152,0.000000909
1671607525597497344,0.000001550
1671607525616932608,0.000001923
1671607525637144320,0.000000906
1671607525658052608,0.000000089
1671607525675980288,0.000000557
1671607525697642496,-0.000000364
1671607525716956416,-0.000001092
1671607525738047488,-0.000000939
1671607525757126912,-0.000000157
1671607525777651456,-0.000001285
1671607525796301568,0.000000496
1671607525816521472,0.000002337
1671607525836413184,0.000002481
1671607525857281024,0.000000748
1671607525876450816,0.000002009
1671607525895851264,0.000000909
1671607525916582656,0.000000304
1671607525936868608,0.000001157
1671607525956961280,0.000000092
1671607525979246848,-0.000000950
1671607525996627712,-0.000001062
1671607526016828928,-0.000000256
1671607526036399616,-0.000000187
1671607526056925184,-0.000000471
1671607526076134144,0.000000342
1671607526096609280,-0.000000062
1671607526116987392,0.000001651
1671607526136023808,0.000002119
1671607526156572416,0.000001716
1671607526177894912,0.000001353
1671607526197326336,0.000000091
1671607526216465664,-0.000000409
1671607526236789760,-0.000002101
1671607526256148224,-0.000001532
1671607526276436480,-0.000002241
1671607526296787456,-0.000000575
1671607526316118528,0.000000100
1671607526337514496,-0.000000599
1671607526357001984,-0.000000580
1671607526378088960,0.000000493
1671607526397745920,-0.000000505
1671607526416024832,-0.000002290
1671607526437473280,-0.000002967
1671607526457180416,-0.000003088
1671607526477302272,-0.000002432
1671607526496559872,-0.000002494
1671607526516844032,0.000001855
1671607526536081664,0.000001825
1671607526556722944,-0.000001479
1671607526577837824,-0.000001606
1671607526597226240,0.000000100
1671607526616353024,-0.000000786
1671607526636892928,-0.000002333
1671607526656253696,-0.000002348
1671607526676408576,-0.000000969
1671607526696887296,-0.000001433
1671607526716020736,0.000001341
1671607526737496576,0.000001860
1671607526756421376,0.000000593
1671607526778610944,0.000000631
1671607526797280000,-0.000000847
1671607526816731392,-0.000001624
1671607526837050624,-0.000002056
1671607526857796864,-0.000001904
1671607526876680192,-0.000001781
1671607526897080064,-0.000000663
1671607526917685248,0.000001549
1671607526936668928,0.000001465
1671607526956006400,0.000000821
1671607526978589440,0.000001026
1671607526997111552,0.000000595
1671607527017709568,0.000000530
1671607527037797632,0.000002702
1671607527057136128,0.000001504
1671607527077793024,0.000001008
1671607527096028928,0.000001481
1671607527116309504,0.000000439
1671607527135939584,-0.000000771
1671607527157518848,-0.000001987
1671607527177878528,-0.000000857
1671607527197505536,0.000000315
1671607527216647424,0.000001141
1671607527237257472,0.000002196
1671607527257969920,0.000002263
1671607527276215040,0.000002247
1671607527296819968,0.000002469
1671607527317349120,0.000002963
1671607527336819456,0.000001793
1671607527356449024,-0.000000060
1671607527378591744,0.000000501
1671607527396944384,-0.000001275
1671607527417533952,-0.000003305
1671607527436826368,-0.000002409
1671607527457575936,-0.000001325
1671607527475889664,-0.000000883
1671607527496277760,-0.000000837
1671607527516646912,0.000000616
1671607527536855552,0.000001059
1671607527556539392,0.000000800
1671607527577629952,-0.000000815
1671607527597064448,-0.000000295
1671607527616288000,-0.000001437
1671607527636804096,-0.000002335
1671607527656765440,-0.000002602
1671607527676966912,-0.000000470
1671607527697608448,-0.000000293
1671607527716061952,-0.000000319
1671607527737280768,0.000001347
1671607527757620992,0.000001966
1671607527777719808,-0.000000721
1671607527796160768,-0.000001502
1671607527816800768,-0.000000404
1671607527835922944,-0.000001032
1671607527857904384,-0.000002297
1671607527877179392,-0.000001304
1671607527897538560,-0.000002172
1671607527916964864,-0.000000033
1671607527936061952,0.000001797
1671607527957851392,0.000002283
1671607527978038272,0.000001344
1671607527997004032,0.000001604
1671607528016070656,0.000001032
1671607528036360192,-0.000000725
1671607528056645376,-0.000001037
1671607528076264448,-0.000001005
1671607528096673792,-0.000001699
1671607528116220672,0.000000269
1671607528136699136,0.000001138
1671607528156036352,0.000000252
1671607528178530560,0.000000264
1671607528196886016,0.000001029
1671607528217232128,0.000000651
1671607528236851456,0.000000512
1671607528256541440,0.000001523
1671607528276137728,-0.000000681
1671607528296644352,-0.000002738
1671607528317221888,-0.000002303
1671607528336336128,-0.000001918
1671607528357934592,-0.000002087
1671607528378217472,-0.000001313
1671607528396615680,0.000000315
1671607528416862208,0.000001043
1671607528436399872,0.000002152
1671607528457095424,0.000002172
1671607528475998976,0.000000985
1671607528496671744,0.000002104
1671607528516701184,0.000001954
1671607528535812608,-0.000001313
1671607528556891648,-0.000002304
1671607528577841920,-0.000001859
1671607528597485312,-0.000002035
1671607528616689920,-0.000000644
1671607528635978752,0.000001254
1671607528656483328,0.000001072
1671607528675838720,0.000001335
1671607528696381696,0.000001594
1671607528716858112,0.000000371
1671607528736377600,-0.000000710
1671607528756803840,-0.000000868
1671607528778537984,-0.000001983
1671607528796820480,-0.000002201
1671607528817368576,-0.000000707
1671607528836390144,-0.000000545
1671607528856947968,-0.000000011
1671607528876071168,0.000003054
1671607528896686592,0.000002686
1671607528916253952,0.000003178
1671607528936746240,0.000002327
1671607528955968256,0.000000759
1671607528977556224,-0.000001532
1671607528995943680,-0.000000909
1671607529017368320,-0.000002213
1671607529036687360,-0.000001950
1671607529056793344,0.000000350
1671607529076524800,0.000001313
1671607529095924224,0.000001203
1671607529116214016,0.000002826
1671607529137617152,0.000002735
1671607529156086272,0.000001214
1671607529178667776,0.000000837
1671607529196163840,-0.000000616
1671607529217450496,-0.000001940
1671607529236823296,-0.000002248
1671607529257520640,-0.000000697
1671607529276619776,0.000001007
1671607529296054272,0.000000923
1671607529316515328,0.000002024
1671607529335789568,0.000001224
1671607529356480768,-0.000000026
1671607529377885696,-0.000000365
1671607529396364800,-0.000000274
1671607529416811520,-0.000001309
1671607529435923712,-0.000001206
1671607529456424192,-0.000000807
1671607529476641280,-0.000001077
1671607529495993344,-0.000000312
1671607529516214784,0.000002572
1671607529536441600,0.000001837
1671607529557150720,0.000000739
1671607529578318592,0.000000215
1671607529596676352,-0.000000610
1671607529616298240,-0.000001889
1671607529636574976,-0.000001527
1671607529655921920,-0.000000937
1671607529676452608,-0.000001546
1671607529696862208,-0.000000021
1671607529716189696,0.000001799
1671607529737489920,0.000000927
1671607529756560640,0.000000594
1671607529777988864,0.000000766
1671607529796588544,0.000000551
1671607529816745216,-0.000000349
1671607529835906816,-0.000000564
1671607529856763648,-0.000002744
1671607529877046016,-0.000002710
1671607529896316928,-0.000001632
1671607529916778496,-0.000000041
1671607529937259776,-0.000000112
1671607529956820224,0.000000986
1671607529978249216,0.000001413
1671607529996905472,0.000000973
1671607530015991808,0.000001104
1671607530036452864,0.000001735
1671607530056819200,-0.000000307
1671607530076188928,-0.000000913
1671607530096699136,-0.000001083
1671607530116295680,-0.000001252
1671607530136831232,-0.000002063
1671607530156250624,0.000000210
1671607530177735680,-0.000000355
1671607530196246528,-0.000000622
1671607530216750080,-0.000000073
1671607530236203008,0.000002065
1671607530256902912,0.000002723
1671607530276078080,0.000002154
1671607530295901440,0.000001762
1671607530316509184,0.000001308
1671607530336669184,-0.000000398
1671607530356060672,-0.000000715
1671607530378501632,-0.000002078
1671607530395972096,-0.000002569
1671607530416912896,-0.000001808
1671607530436051456,0.000000127
1671607530456474624,0.000001191
1671607530476026624,0.000001923
1671607530496372736,0.000002150
1671607530516628224,0.000003378
1671607530536047616,0.000000455
1671607530556799744,-0.000001586
1671607530578028800,-0.000001654
1671607530596455936,-0.000001157
1671607530616744192,-0.000000369
1671607530637029120,0.000001662
1671607530656178176,0.000000842
1671607530676907008,0.000000750
1671607530696086528,0.000001246
1671607530716748800,0.000001166
1671607530736882688,-0.000001101
1671607530755814912,-0.000001712
1671607530778411264,-0.000001137
1671607530796640768,-0.000000756
1671607530816905728,-0.000000470
1671607530836177408,0.000001254
1671607530857637632,0.000001826
1671607530876240128,0.000001253
1671607530896848384,0.000000626
1671607530916513280,0.000002654
1671607530936804096,0.000001050
1671607530957082624,-0.000001581
1671607530978626816,-0.000003624
1671607530995953920,-0.000002744
1671607531016557312,-0.000002256
1671607531036029184,0.000000019
1671607531056286464,0.000002178
1671607531076773632,0.000001813
1671607531096282624,0.000000258
1671607531116694272,0.000000979
1671607531137054976,0.000001279
1671607531156318976,-0.000000876
1671607531177896448,-0.000003334
1671607531196277760,-0.000001452
1671607531216695040,-0.000001557
1671607531236259584,-0.000001114
1671607531257023232,0.000001504
1671607531277383680,0.000001128
1671607531296772864,-0.000000037
1671607531315984384,-0.000001428
1671607531336226304,-0.000002341
1671607531356962048,-0.000003496
1671607531377965824,-0.000003083
1671607531396444672,-0.000001691
1671607531416779008,0.000000074
1671607531436142080,0.000002115
1671607531456534272,0.000002272
1671607531475925248,0.000001768
1671607531496419840,-0.000000726
1671607531516957696,-0.000000422
1671607531536146688,-0.000000761
1671607531556664064,-0.000002650
1671607531578252288,-0.000003741
1671607531596667904,-0.000001743
1671607531616033280,-0.000000010
1671607531636351488,0.000000642
1671607531656761856,0.000001997
1671607531676286976,0.000000112
1671607531695743232,-0.000000181
1671607531716188416,0.000000873
1671607531735823872,0.000001022
1671607531756371712,-0.000000233
1671607531778009600,0.000001434
1671607531796453376,0.000000786
1671607531816015616,-0.000000684
1671607531836115968,-0.000001414
1671607531856622592,-0.000000598
1671607531876122112,-0.000001098
1671607531896860672,-0.000000044
1671607531916274432,0.000002559
1671607531936901888,0.000002743
1671607531956450560,0.000001683
1671607531978678272,0.000000674
1671607531996024320,0.000000373
1671607532016509952,-0.000000530
1671607532036985344,-0.000000186
1671607532056955392,-0.000001079
1671607532075841024,0.000000706
1671607532096403456,0.000001299
1671607532116512768,0.000000568
1671607532135961600,0.000000887
1671607532156739584,0.000001705
1671607532178481152,0.000001359
1671607532196656640,-0.000000289
1671607532216002816,-0.000000816
1671607532236315136,-0.000001082
1671607532256265216,-0.000001285
1671607532276706304,-0.000000989
1671607532296102400,0.000000112
1671607532316687872,0.000001318
1671607532336181248,0.000001074
1671607532356876800,0.000000975
1671607532378062848,-0.000000710
1671607532396742144,-0.000002179
1671607532416396800,-0.000002149
1671607532435756800,-0.000001961
1671607532456260864,-0.000002162
1671607532475695616,-0.000000944
1671607532496445696,0.000000267
1671607532515694848,0.000000821
1671607532535983616,0.000002222
1671607532556547328,0.000003195
1671607532577948672,0.000002050
1671607532596376064,0.000001364
1671607532616727040,0.000003033
1671607532635780096,-0.000000149
1671607532656546048,-0.000003399
1671607532676698624,-0.000001831
1671607532696059648,-0.000000657
1671607532716641792,-0.000000173
1671607532736807936,0.000001759
1671607532756259584,0.000002327
1671607532777891072,0.000002157
1671607532796279808,0.000001994
1671607532817075456,0.000002254
1671607532836367616,0.000000486
1671607532856757248,-0.000001601
1671607532876635392,-0.000001164
1671607532896309504,-0.000001705
1671607532916756992,-0.000001400
1671607532935834368,0.000000970
1671607532956631808,0.000001649
1671607532978655488,0.000001175
1671607532995927296,0.000001765
1671607533016311296,0.000003230
1671607533036460288,0.000001735
1671607533056210944,-0.000001294
1671607533076403968,-0.000001368
1671607533096711168,-0.000001348
1671607533116438528,-0.000000920
1671607533136612352,0.000000210
1671607533156038912,0.000002518
1671607533178609664,0.000002918
1671607533195842304,0.000001117
1671607533216208384,0.000000547
1671607533236715008,-0.000002534
1671607533256209920,-0.000004917
1671607533276583680,-0.000005420
1671607533295894016,-0.000002888
1671607533316535040,-0.000002078
1671607533336049920,0.000000395
1671607533356650752,0.000002357
1671607533378201344,0.000001465
1671607533396962816,-0.000000755
1671607533416139008,-0.000001364
1671607533436387072,-0.000001331
1671607533456906240,-0.000002193
1671607533475960576,-0.000001425
1671607533496763392,0.000001107
1671607533516144128,0.000000634
1671607533536411392,0.000001297
1671607533556963328,0.000002436
1671607533577996544,0.000000477
1671607533596264704,-0.000000836
1671607533616661248,-0.000000055
1671607533636139008,-0.000000909
1671607533656727040,-0.000002149
1671607533676222464,0.000000919
1671607533696709632,0.000001841
1671607533716694528,0.000001928
1671607533736429824,0.000003114
1671607533756651008,0.000002567
1671607533778694912,0.000001186
1671607533796682240,-0.000000816
1671607533816048384,-0.000001630
1671607533836251904,-0.000002283
1671607533857021696,-0.000002745
1671607533876253696,-0.000001468
1671607533896756992,-0.000000460
1671607533916083456,0.000001836
1671607533936379136,0.000002626
1671607533956381440,0.000002339
1671607533978732288,0.000001655
1671607533996166912,0.000000468
1671607534016652288,0.000000004
1671607534035955712,-0.000000724
1671607534056466944,-0.000002388
1671607534075887872,-0.000002153
1671607534096557568,-0.000000284
1671607534116782080,0.000000667
1671607534136187904,0.000000354
1671607534156516352,0.000001498
1671607534177779968,0.000001279
1671607534196024576,-0.000000959
1671607534216401408,-0.000001211
1671607534236481280,-0.000001697
1671607534257045504,-0.000000900
1671607534276491264,-0.000000095
1671607534295898368,0.000001054
1671607534316733440,0.000002073
1671607534336032000,0.000001615
1671607534356333312,0.000000005
1671607534378035712,-0.000001449
1671607534396560896,-0.000003259
1671607534416032256,-0.000002758
1671607534436391680,-0.000000911
1671607534457182720,0.000000132
1671607534476559872,0.000001589
1671607534496031488,0.000002616
1671607534516485632,0.000001778
1671607534535945728,0.000001027
1671607534556761600,0.000001728
1671607534578140416,-0.000000230
1671607534596425472,-0.000002166
1671607534615978240,-0.000000820
1671607534636253952,-0.000000904
1671607534656713472,-0.000000554
1671607534675835136,-0.000000951
1671607534696335616,0.000000063
1671607534717117184,0.000002052
1671607534736450816,0.000001369
1671607534757150720,0.000000453
1671607534778852352,-0.000000620
1671607534795888640,-0.000001023
1671607534816666880,0.000000701
1671607534836979200,0.000000501
1671607534856401152,-0.000000688
1671607534876718080,0.000000142
1671607534896353792,0.000001139
1671607534916840960,0.000000012
1671607534936235776,-0.000000463
1671607534957281280,-0.000000026
1671607534978384896,-0.000000640
1671607534996770304,-0.000002001
1671607535016077568,-0.000001040
1671607535036335360,-0.000000234
1671607535057011712,-0.000000334
1671607535076306432,-0.000000167
1671607535096799488,0.000001255
1671607535116104704,0.000001068
1671607535136512000,0.000001220
1671607535156240896,0.000001787
1671607535178535936,0.000001029
1671607535196882688,-0.000001848
1671607535216195328,-0.000003534
1671607535236328448,-0.000001506
1671607535257200128,-0.000002014
1671607535276631040,-0.000001388
1671607535296065280,0.000000821
1671607535316752384,0.000001452
1671607535336057856,0.000000386
1671607535356959232,0.000000436
1671607535378182144,0.000000482
1671607535396685056,0.000000153
1671607535416086528,-0.000000278
1671607535436653824,-0.000000388
1671607535456444672,-0.000002248
1671607535476761088,-0.000001834
1671607535496120832,-0.000000416
1671607535516916480,0.000001663
1671607535536401920,0.000001772
1671607535556004864,0.000002145
1671607535578619648,0.000001263
1671607535595995136,0.000000597
1671607535616499712,-0.000000207
1671607535635831552,-0.000001499
1671607535656586496,-0.000000410
1671607535676984064,-0.000000277
1671607535696324096,0.000000840
1671607535716579584,-0.000000256
1671607535736769536,-0.000000824
1671607535756819200,-0.000000489
1671607535778117888,0.000000994
1671607535796404480,0.000001417
1671607535816114432,0.000002861
1671607535836331264,0.000002574
1671607535857019392,0.000000351
1671607535876340992,-0.000000826
1671607535895890944,-0.000000150
1671607535916299008,-0.000000047
1671607535936615680,-0.000000863
1671607535955905024,-0.000001729
1671607535977597952,-0.000002041
1671607535996119808,-0.000001464
1671607536016619264,0.000000212
1671607536036242688,0.000001948
1671607536056537088,0.000001629
1671607536075949312,0.000001874
1671607536096351744,0.000002087
1671607536116807936,-0.000000196
1671607536135890176,-0.000002880
1671607536156309760,-0.000001014
1671607536177941248,0.000000443
1671607536196386560,0.000001168
1671607536216908032,0.000001598
1671607536236026624,0.000000770
1671607536256482048,-0.000000068
1671607536276933120,-0.000000811
1671607536296673280,-0.000001873
1671607536316040704,-0.000000817
1671607536336747776,0.000000001
1671607536356553216,-0.000000854
1671607536377866752,-0.000002295
1671607536396316416,-0.000002365
1671607536416745984,0.000000653
1671607536435854592,0.000001263
1671607536456481024,0.000001600
1671607536476030976,0.000002807
1671607536496450048,0.000000791
1671607536515895040,0.000001419
1671607536536592128,-0.000000094
1671607536557054720,-0.000001031
1671607536578621952,-0.000001539
1671607536595762688,-0.000000431
1671607536616552448,0.000000737
1671607536636313856,0.000000598
1671607536657052160,0.000000526
1671607536676275712,0.000001710
1671607536696029696,0.000001076
1671607536716367360,0.000001042
1671607536736717568,0.000002030
1671607536756670720,0.000000053
1671607536778108928,-0.000002027
1671607536796352512,-0.000002190
1671607536816251392,-0.000001460
1671607536836280064,-0.000001569
1671607536856675328,-0.000001098
1671607536876123648,-0.000000661
1671607536896476416,-0.000000158
1671607536916782080,0.000001453
1671607536936214528,0.000003821
1671607536956740352,0.000002247
1671607536977901824,0.000001050
1671607536996321536,0.000001264
1671607537016766464,0.000000790
1671607537035942656,-0.000000762
1671607537056363776,-0.000001618
1671607537075732992,-0.000001288
1671607537096303872,-0.000001236
1671607537115756288,-0.000000619
1671607537136093696,0.000001260
1671607537156602112,0.000000760
1671607537178054400,0.000001810
1671607537196617984,0.000001928
1671607537215931648,0.000003893
1671607537236548352,0.000003485
1671607537255929600,0.000002065
1671607537276575744,-0.000000438
1671607537296296448,-0.000002426
1671607537316830720,-0.000002527
1671607537336431616,-0.000002968
1671607537356755968,-0.000001656
1671607537378216448,-0.000000023
1671607537396445952,0.000000875
1671607537416001024,0.000001600
1671607537436410112,0.000002329
1671607537456851968,0.000001355
1671607537476242944,-0.000000388
1671607537496663040,-0.000001296
1671607537515996672,-0.000000440
1671607537536144640,-0.000001045
1671607537556683520,-0.000002114
1671607537578129152,-0.000000613
1671607537596573952,-0.000000521
1671607537616390656,-0.000000708
1671607537636372480,-0.000000040
1671607537656676864,0.000001534
1671607537676096256,0.000000980
1671607537696520448,-0.000001033
1671607537716835840,-0.000001209
1671607537736905984,-0.000001772
1671607537756786432,-0.000002420
1671607537778353664,-0.000001478
1671607537796980736,0.000000994
1671607537816965632,0.000002987
1671607537835980544,0.000001666
1671607537856488448,0.000000506
1671607537875785216,0.000001099
1671607537896505344,-0.000001200
1671607537915862528,-0.000002581
1671607537936129024,-0.000002913
1671607537956517376,-0.000002597
1671607537977998592,-0.000002147
1671607537996465664,-0.000000805
1671607538016082432,0.000000982
1671607538036300800,0.000000989
1671607538056904192,0.000000718
1671607538076665856,-0.000000062
1671607538096096256,-0.000000612
1671607538116466432,-0.000001185
1671607538136826880,-0.000002243
1671607538156131584,-0.000001669
1671607538178558976,-0.000002146
1671607538196065024,-0.000001707
1671607538216550656,-0.000000304
1671607538236770816,0.000002190
1671607538256156160,0.000001624
1671607538276598528,-0.000000324
1671607538296303360,0.000000749
1671607538316724480,-0.000000467
1671607538336212224,-0.000002080
1671607538356860160,-0.000001739
1671607538378393600,-0.000000793
1671607538395767552,0.000000217
1671607538416358912,0.000000755
1671607538435977216,0.000000976
1671607538456263168,-0.000000392
1671607538475788544,-0.000001144
1671607538496192256,-0.000001644
1671607538515748096,-0.000000347
1671607538536257792,-0.000000009
1671607538556799232,-0.000000734
1671607538578477568,-0.000001368
1671607538595854336,-0.000001487
1671607538616585472,0.000000151
1671607538636092160,0.000001411
1671607538656618496,0.000001104
1671607538675945984,0.000000416
1671607538696430592,0.000000300
1671607538716825600,0.000000129
1671607538736168448,-0.000000889
1671607538756690944,-0.000001644
1671607538778056192,-0.000000698
1671607538796282624,-0.000000041
1671607538816631296,0.000001074
1671607538835740672,0.000001764
1671607538856441856,0.000001901
1671607538876584960,0.000001784
1671607538895890176,0.000002331
1671607538916175104,0.000002643
1671607538935764480,0.000002000
1671607538956516864,-0.000000239
1671607538977620992,0.000000003
1671607538996075264,0.000000892
1671607539016977408,0.000000559
1671607539036159744,0.000000665
1671607539056520192,0.000001131
1671607539076000256,0.000002086
1671607539096709632,0.000000549
1671607539115975424,0.000000482
1671607539136063744,0.000000958
1671607539156638208,0.000000212
1671607539178146560,-0.000001542
1671607539196647168,-0.000002242
1671607539215867136,-0.000001150
1671607539236340480,0.000000166
1671607539256855808,0.000000455
1671607539276034816,0.000001186
1671607539295765504,0.000000136
1671607539316113920,0.000000498
1671607539336627712,0.000002108
1671607539356424448,0.000001017
1671607539377571072,-0.000000638
1671607539396076032,-0.000000062
1671607539416589824,-0.000001183
1671607539435903488,-0.000001147
1671607539456466688,0.000000263
1671607539476525312,0.000001937
1671607539495941888,0.000001511
1671607539516040448,0.000002230
1671607539536283136,0.000002910
1671607539556966656,0.000000984
1671607539578327296,-0.000000882
1671607539596516096,-0.000001700
1671607539615723520,-0.000001323
1671607539635934208,-0.000002027
1671607539656496896,-0.000001666
1671607539675661056,-0.000000713
1671607539696226048,-0.000000250
1671607539716551936,0.000002089
1671607539735742208,0.000002937
1671607539756325120,0.000002174
1671607539778648064,-0.000000232
1671607539795650560,-0.000001072
1671607539816182272,-0.000002068
1671607539836348672,-0.000003297
1671607539857025280,-0.000002934
1671607539876157184,-0.000000426
1671607539896619520,-0.000000534
1671607539915884800,0.000001682
1671607539936529920,0.000002731
1671607539956164352,0.000001363
1671607539978703104,-0.000000636
1671607539995901696,0.000000267
1671607540016249088,-0.000000482
1671607540036548608,-0.000001534
1671607540055754240,-0.000000441
1671607540076497152,0.000000992
1671607540095922176,0.000001378
1671607540116163584,0.000001407
1671607540136754944,0.000002979
1671607540156163584,0.000002563
1671607540177601536,0.000000292
1671607540196094464,-0.000001994
1671607540216575744,-0.000002827
1671607540235881216,-0.000003226
1671607540256648704,-0.000001629
1671607540275866880,-0.000000473
1671607540296481792,-0.000000100
1671607540316070656,0.000001909
1671607540336636160,0.000003127
1671607540356178688,0.000002401
1671607540378401792,0.000001055
1671607540395677440,0.000000523
1671607540416003584,-0.000001231
1671607540436253952,-0.000003364
1671607540456842240,-0.000002769
1671607540475860480,-0.000000713
1671607540496249088,0.000001292
1671607540516625920,0.000002763
1671607540535744000,0.000003483
1671607540556311552,0.000002773
1671607540578652672,0.000001395
1671607540596166912,0.000000278
1671607540616512512,-0.000000988
1671607540635832064,-0.000002026
1671607540656558336,-0.000004308
1671607540675927808,-0.000001861
1671607540696523264,-0.000001400
1671607540716088832,-0.000000060
1671607540737190400,0.000001304
1671607540756390400,0.000001386
1671607540778119936,0.000000855
1671607540796549120,0.000000559
1671607540816249344,0.000000962
1671607540836819456,-0.000001115
1671607540856131328,-0.000002634
1671607540875742720,-0.000002018
1671607540896264192,-0.000000824
1671607540915609600,-0.000000554
1671607540936076800,0.000000867
1671607540956566016,0.000001047
1671607540977885696,0.000001066
1671607540996306432,0.000000774
1671607541015645440,0.000001357
1671607541036096256,0.000000093
1671607541056219904,-0.000001812
1671607541075810304,-0.000001899
1671607541096347136,-0.000001893
1671607541116816128,-0.000001220
1671607541136206848,0.000000283
1671607541156585728,0.000002964
1671607541178162944,0.000002130
1671607541196431872,0.000000955
1671607541216735232,0.000001032
1671607541235814400,-0.000000111
1671607541256074752,-0.000002262
1671607541276710912,-0.000001948
1671607541296002816,-0.000000959
1671607541316618752,0.000000517
1671607541335902976,0.000000847
1671607541356698368,0.000002376
1671607541378007296,0.000002284
1671607541396468736,0.000001240
1671607541415970816,0.000000329
1671607541436495872,-0.000001737
1671607541455794176,-0.000002652
1671607541476667392,-0.000001711
1671607541495997952,-0.000000277
1671607541516582144,0.000000495
1671607541535921664,0.000001067
1671607541556667648,0.000001302
1671607541578097664,0.000000294
1671607541596413440,-0.000000510
1671607541615886336,-0.000000761
1671607541636171520,-0.000000987
1671607541656340480,-0.000000884
1671607541676663552,0.000000733
1671607541696121344,0.000001339
1671607541716431104,0.000001709
1671607541737354496,0.000001394
1671607541756440064,0.000001569
1671607541777781248,0.000001010
1671607541796167680,-0.000000626
1671607541815814144,-0.000001097
1671607541836359168,-0.000001636
1671607541856927232,-0.000000229
1671607541876632832,0.000001020
1671607541895899648,0.000002412
1671607541916240640,0.000002598
1671607541936425216,0.000001573
1671607541955920896,-0.000000134
1671607541978490880,-0.000001060
1671607541996661504,-0.000001904
1671607542016114688,-0.000002193
1671607542036404736,-0.000001701
1671607542056793600,-0.000000057
1671607542076133888,0.000000692
1671607542096816384,0.000000846
1671607542116073216,0.000002167
1671607542136423424,0.000002623
1671607542155876096,0.000000538
1671607542178233344,-0.000001993
1671607542196632576,-0.000002046
1671607542215928320,-0.000000356
1671607542236184576,-0.000000934
1671607542256558848,-0.000000463
1671607542276239872,0.000000987
1671607542296619776,0.000001934
1671607542316349184,0.000002131
1671607542335823872,0.000001853
1671607542356562432,-0.000000255
1671607542377889280,-0.000001958
1671607542396250368,-0.000002347
1671607542415812608,-0.000002690
1671607542436018432,-0.000000956
1671607542456217088,0.000000824
1671607542476658944,0.000001552
1671607542496037376,0.000001852
1671607542516314368,0.000002208
1671607542536451584,0.000002277
1671607542555772672,0.000000248
1671607542578593792,-0.000003163
1671607542595927808,-0.000003850
1671607542616298496,-0.000003526
1671607542635777792,-0.000002851
1671607542656389632,-0.000001563
1671607542675660544,0.000001007
1671607542696196864,0.000001397
1671607542716748544,0.000002680
1671607542736835072,0.000001754
1671607542756700160,-0.000000196
1671607542778078208,-0.000001587
1671607542796441856,-0.000002009
1671607542816566784,-0.000002234
1671607542836616704,-0.000001701
1671607542855837696,-0.000001553
1671607542876425216,-0.000000154
1671607542896140800,0.000000876
1671607542916424192,0.000002676
1671607542935760128,0.000002812
1671607542956341504,0.000002119
1671607542977799936,0.000001349
1671607542996425216,-0.000001180
1671607543016758272,-0.000003468
1671607543036226560,-0.000002273
1671607543056643840,-0.000001671
1671607543076163584,-0.000001901
1671607543095763968,-0.000001020
1671607543116144128,0.000001418
1671607543136733184,0.000002376
1671607543156041728,0.000002630
1671607543177752320,0.000001683
1671607543196114688,0.000000918
1671607543215781120,0.000000518
1671607543236235264,-0.000000025
1671607543256766976,-0.000001096
1671607543276047360,-0.000003629
1671607543296558848,-0.000002394
1671607543315959808,-0.000000438
1671607543336207360,0.000000352
1671607543355705856,0.000000443
1671607543378480128,0.000001186
1671607543395932416,0.000001421
1671607543416166912,0.000000756
1671607543436351488,0.000000756
1671607543455867136,0.000000473
1671607543476740096,-0.000000001
1671607543496231936,-0.000001660
1671607543515618304,-0.000001757
1671607543535936000,0.000001541
1671607543556628224,0.000002231
1671607543578097664,0.000000500
1671607543596445440,0.000000974
1671607543615963904,0.000002132
1671607543636764928,0.000001347
1671607543656036864,-0.000000008
1671607543676907264,-0.000001310
1671607543696375040,-0.000001693
1671607543716835584,-0.000001058
1671607543736631808,-0.000000080
1671607543755955968,-0.000000207
1671607543778471168,0.000001113
1671607543795748352,0.000001164
1671607543816386304,0.000001175
1671607543835739648,-0.000001037
1671607543856329984,-0.000002195
1671607543875894272,-0.000002687
1671607543896305408,-0.000001127
1671607543915762432,0.000001077
1671607543936237312,0.000000778
1671607543956739840,0.000000400
1671607543978227712,0.000001338
1671607543996523264,0.000000416
1671607544015901952,0.000000270
1671607544036166144,0.000000659
1671607544056285184,-0.000000837
1671607544075837440,-0.000001162
1671607544096418048,-0.000000939
1671607544115864576,0.000000425
1671607544136108288,0.000001275
1671607544156434176,0.000000610
1671607544177943808,0.000000898
1671607544196320256,0.000002198
1671607544216625152,0.000001745
1671607544235887872,-0.000000247
1671607544256236544,-0.000001049
1671607544275838976,-0.000002012
1671607544296262144,-0.000001195
1671607544316711936,0.000000688
1671607544336037120,0.000001397
1671607544356332288,0.000001379
1671607544377937152,0.000001952
1671607544396590592,0.000001175
1671607544415971584,-0.000001170
1671607544436414464,-0.000003147
1671607544456057600,-0.000002845
1671607544476579072,-0.000001688
1671607544496183296,-0.000001682
1671607544515699456,-0.000000254
1671607544536111360,0.000000361
1671607544556567552,0.000001733
1671607544578435072,0.000001187
1671607544595823616,-0.000000800
1671607544616163584,-0.000001060
1671607544636486656,-0.000000818
1671607544655571200,-0.000001121
1671607544676121600,-0.000001136
1671607544695565312,0.000000317
1671607544716245504,0.000001577
1671607544736269824,0.000001635
1671607544756562432,0.000000073
1671607544778083072,-0.000001250
1671607544796377344,-0.000001031
1671607544816657920,-0.000001558
1671607544836183296,-0.000001571
1671607544855614976,-0.000000276
1671607544876127232,0.000000304
1671607544896542208,0.000000786
1671607544916118528,0.000002078
1671607544936246272,0.000000215
1671607544956912896,-0.000000007
1671607544978191616,-0.000001432
1671607544996654080,-0.000001805
1671607545016167168,-0.000001276
1671607545036251904,0.000001019
1671607545056762112,0.000001743
1671607545076119296,0.000000893
1671607545096830720,0.000000372
1671607545116241408,0.000000424
1671607545136699392,-0.000000494
1671607545156080896,-0.000002325
1671607545178528512,-0.000002666
1671607545196722176,-0.000001192
1671607545215948800,0.000000263
1671607545236131584,0.000000995
1671607545256711680,0.000001626
1671607545276697856,0.000002382
1671607545296052992,0.000001478
1671607545316359168,0.000001854
1671607545336627456,0.000000288
1671607545356207104,-0.000000942
1671607545378359552,-0.000000784
1671607545395748352,-0.000000704
1671607545415961856,0.000000235
1671607545436351488,0.000000967
1671607545456765696,0.000000947
1671607545475869952,0.000001709
1671607545496387072,0.000001635
1671607545515699968,0.000000319
1671607545536051200,-0.000000781
1671607545556814336,-0.000001903
1671607545578209280,-0.000001536
1671607545596598272,-0.000001212
1671607545616129280,0.000001400
1671607545636563968,0.000002753
1671607545655798016,0.000001947
1671607545676222208,0.000001302
1671607545695751424,0.000001116
1671607545716290560,0.000002384
1671607545737127424,0.000000716
1671607545756037120,-0.000001937
1671607545777674752,-0.000003044
1671607545796094720,-0.000000765
1671607545816780032,0.000001036
1671607545836248064,0.000001226
1671607545856774144,0.000002609
1671607545876159488,0.000001019
1671607545896607232,-0.000000192
1671607545916128256,-0.000000656
1671607545936433920,-0.000001618
1671607545956107776,-0.000002797
1671607545978578176,-0.000001895
1671607545995847936,-0.000000910
1671607546016213760,-0.000000156
1671607546036421888,0.000000512
1671607546055900160,0.000001086
1671607546076282112,0.000001480
1671607546096687872,0.000000593
1671607546115987200,-0.000000328
1671607546136224512,-0.000001367
1671607546156525312,-0.000001356
1671607546177892352,-0.000000838
1671607546196263168,-0.000000102
1671607546216474368,0.000000743
1671607546235678976,0.000000584
1671607546255986176,0.000001593
1671607546276460288,0.000000522
1671607546296334336,0.000000192
1671607546316737024,0.000000147
1671607546335990528,-0.000000229
1671607546356618240,-0.000002195
1671607546377986048,-0.000003218
1671607546396271360,-0.000001574
1671607546416457984,0.000000003
1671607546436866560,0.000001326
1671607546456409088,0.000002066
1671607546476620800,0.000001119
1671607546496136704,0.000000337
1671607546516384512,0.000001143
1671607546536566272,-0.000000198
1671607546556150016,-0.000001861
1671607546578481920,-0.000001127
1671607546595940864,0.000001302
1671607546616416768,0.000001626
1671607546635721984,0.000001681
1671607546656560640,0.000001673
1671607546676826112,0.000001884
1671607546696430336,0.000000140
1671607546716648192,-0.000002062
1671607546736179712,-0.000002926
1671607546756678144,-0.000002230
1671607546777467392,-0.000001201
1671607546796539648,0.000000100
1671607546815967488,0.000002023
1671607546836373248,0.000001725
1671607546857000704,-0.000000098
1671607546876221184,-0.000000862
1671607546896558336,-0.000002031
1671607546915812864,-0.000001273
1671607546936034304,-0.000001880
1671607546956797184,-0.000000780
1671607546977972992,0.000000193
1671607546996491264,0.000002254
1671607547015718144,0.000003455
1671607547035947520,0.000001913
1671607547056403200,-0.000000382
1671607547075740416,-0.000001854
1671607547096372992,-0.000002325
1671607547116563200,-0.000001761
1671607547136733440,-0.000001868
1671607547156034048,0.000000222
1671607547178646016,0.000002081
1671607547196004864,0.000002980
1671607547216339200,0.000003525
1671607547236570368,0.000003044
1671607547256078336,0.000001092
1671607547276471552,-0.000000303
1671607547295743744,-0.000001608
1671607547316230144,-0.000000389
1671607547336518400,-0.000000265
1671607547355771648,0.000000168
1671607547378336000,0.000000386
1671607547396556800,0.000002851
1671607547416239616,0.000002676
1671607547436727808,0.000000304
1671607547456253184,-0.000002086
1671607547475930368,-0.000002456
1671607547496355584,-0.000002790
1671607547516832000,-0.000002639
1671607547536183552,-0.000000763
1671607547556662272,0.000001536
1671607547578041856,0.000003043
1671607547596519424,0.000002466
1671607547615704576,0.000002075
1671607547636282624,-0.000000084
1671607547656610816,-0.000001349
1671607547675952128,-0.000003206
1671607547696518400,-0.000002791
1671607547715752192,-0.000001038
1671607547736595200,0.000000589
1671607547756845824,0.000000981
1671607547778328064,0.000001184
1671607547795744512,0.000001438
1671607547816289280,0.000001411
1671607547836397568,-0.000000363
1671607547856834048,-0.000002115
1671607547876199936,-0.000002800
1671607547896568064,-0.000002150
1671607547916009984,0.000000230
1671607547936434176,0.000001055
1671607547955954432,0.000002648
1671607547978505728,0.000003336
1671607547995734528,0.000002015
1671607548016041216,0.000000601
1671607548036255744,-0.000001321
1671607548056545536,-0.000001044
1671607548076066304,-0.000001051
1671607548096424960,-0.000000088
1671607548115716352,0.000002128
1671607548136264192,0.000003785
1671607548156649472,0.000002289
1671607548177009152,-0.000000923
1671607548196373760,-0.000002539
1671607548216655360,-0.000001721
1671607548235815168,-0.000001459
1671607548256147968,-0.000000501
1671607548276668928,0.000001913
1671607548296069120,0.000002127
1671607548316730624,0.000002846
1671607548336181504,0.000001624
1671607548357015808,-0.000001771
1671607548377090560,-0.000002328
1671607548396806400,-0.000001317
1671607548416414976,-0.000000907
1671607548436926464,-0.000000566
1671607548456500992,0.000000711
1671607548476753152,0.000000806
1671607548496291072,0.000000811
1671607548515783424,0.000000480
1671607548536193536,-0.000000545
1671607548556523008,-0.000002242
1671607548578681344,-0.000002261
1671607548596146176,-0.000001686
1671607548615702016,-0.000001779
1671607548636232960,-0.000000893
1671607548656943616,0.000001087
1671607548676276480,0.000002488
1671607548695714560,0.000001646
1671607548716346624,0.000001044
1671607548736912384,-0.000001101
1671607548756502528,-0.000002398
1671607548777890816,-0.000002130
1671607548796338944,-0.000001320
1671607548816183552,-0.000000085
1671607548836220160,0.000000998
1671607548856994304,0.000003281
1671607548876077568,0.000003573
1671607548896632832,0.000002639
1671607548916083456,0.000000953
1671607548936456192,-0.000002122
1671607548955686144,-0.000002910
1671607548977462016,-0.000000796
1671607548995854592,0.000001075
1671607549016161536,0.000002123
1671607549036632576,0.000001852
1671607549055858944,-0.000000196
1671607549076652288,-0.000001255
1671607549096043520,-0.000002986
1671607549116603648,-0.000000979
1671607549135705344,-0.000002094
1671607549156344832,-0.000000638
1671607549177691136,0.000000533
1671607549196132352,0.000002210
1671607549216624896,0.000003056
1671607549235954432,0.000002905
1671607549256641280,0.000001970
1671607549275969792,0.000000753
1671607549296389376,-0.000001278
1671607549315703552,-0.000001959
1671607549336355072,-0.000000662
1671607549357009408,0.000000109
1671607549377403392,0.000001223
1671607549395975168,0.000002253
1671607549416763648,0.000002907
1671607549436080896,0.000002657
1671607549456970496,0.000002129
1671607549476112896,0.000001769
1671607549495734016,0.000000282
1671607549516474624,-0.000001080
1671607549535924736,-0.000000752
1671607549556807168,-0.000002356
1671607549578132224,-0.000001078
1671607549596592128,0.000000261
1671607549616011520,0.000001225
1671607549636710656,0.000001140
1671607549656520448,-0.000000495
1671607549676050176,-0.000000983
1671607549696534272,-0.000000829
1671607549716101120,-0.000003489
1671607549737183488,-0.000003621
1671607549756246784,-0.000002117
1671607549777669120,-0.000000476
1671607549795965952,0.000000656
1671607549817015296,0.000001368
1671607549835985152,0.000001372
1671607549856441600,0.000001867
1671607549875945216,0.000001010
1671607549896397568,-0.000000133
1671607549915980288,0.000000677
1671607549936056832,-0.000000609
1671607549956638464,-0.000001481
1671607549978116864,-0.000002240
1671607549996636160,-0.000001921
1671607550015853824,0.000000499
1671607550036598016,0.000001425
1671607550055994624,0.000002709
1671607550076625664,0.000002509
1671607550095997440,0.000003050
1671607550116507392,0.000000744
1671607550135971072,-0.000000269
1671607550156437760,0.000000277
1671607550178081280,-0.000000565
1671607550196642816,-0.000001969
1671607550215672064,0.000000013
1671607550235989504,0.000001512
1671607550256536320,0.000003158
1671607550276076800,0.000004120
1671607550296580352,0.000002406
1671607550316144640,0.000000937
1671607550336258048,-0.000000782
1671607550355657216,-0.000001366
1671607550377271296,-0.000002218
1671607550396552704,-0.000000849
1671607550415756544,0.000001190
1671607550436447744,0.000001134
1671607550455667968,0.000002457
1671607550476292096,0.000003040
1671607550496499712,0.000002431
1671607550515867392,0.000000808
1671607550536126464,-0.000000151
1671607550556705792,-0.000001124
1671607550577882624,-0.000002207
1671607550596343808,-0.000000931
1671607550616712448,0.000000071
1671607550636201728,0.000000064
1671607550657023232,0.000001120
1671607550676093696,0.000001779
1671607550696566016,0.000001505
1671607550715964672,-0.000000631
1671607550736790016,-0.000001793
1671607550755589120,-0.000002091
1671607550777287168,-0.000002208
1671607550795921152,-0.000002002
1671607550816747776,-0.000000987
1671607550835681792,-0.000002010
1671607550856250368,-0.000000656
1671607550876593920,0.000001309
1671607550895989248,0.000001020
1671607550916262400,0.000000415
1671607550936485632,-0.000000613
1671607550955717120,-0.000000855
1671607550978337536,-0.000002106
1671607550995799296,-0.000003200
1671607551016089088,-0.000002461
1671607551036237312,-0.000000306
1671607551056620544,0.000000768
1671607551076068608,0.000002004
1671607551096480256,0.000002249
1671607551115977472,0.000002827
1671607551136112128,0.000002237
1671607551156545280,0.000000905
1671607551177115904,-0.000000835
1671607551195690240,-0.000002848
1671607551216287488,-0.000003151
1671607551236651776,-0.000002179
1671607551255808256,-0.000000196
1671607551276435968,0.000000627
1671607551296673280,0.000000867
1671607551315961088,0.000003106
1671607551336188416,0.000003121
1671607551356344064,0.000001933
1671607551377963008,0.000001185
1671607551396274432,-0.000000122
1671607551415612416,-0.000001501
1671607551436021504,-0.000002666
1671607551456539136,-0.000003963
1671607551476514560,-0.000002633
1671607551496052992,-0.000002021
1671607551516317184,0.000000588
1671607551535645952,0.000002117
1671607551555975424,0.000002011
1671607551577178624,0.000001806
1671607551595593728,0.000002178
1671607551616240896,0.000001684
1671607551635729152,0.000000199
1671607551656357888,-0.000000529
1671607551676457728,-0.000001822
1671607551696592640,-0.000004265
1671607551715717632,-0.000003826
1671607551735856896,-0.000003221
1671607551756852992,-0.000001993
1671607551778398208,-0.000000748
1671607551796509696,0.000000099
1671607551816130304,0.000000613
1671607551836428288,-0.000000520
1671607551855588608,-0.000000428
1671607551876006656,0.000000021
1671607551896379392,-0.000000164
1671607551916931328,0.000000500
1671607551935780096,0.000000548
1671607551956318720,-0.000000198
1671607551977415680,-0.000000051
1671607551995835392,0.000000078
1671607552016179200,0.000001312
1671607552035766016,0.000000191
1671607552056262912,0.000000065
1671607552076558336,0.000000771
1671607552096109824,0.000000882
1671607552116539392,-0.000000034
1671607552135868416,-0.000001433
1671607552156235264,-0.000002236
1671607552177009152,-0.000001498
1671607552196532736,-0.000000942
1671607552215838208,0.000000197
1671607552236100096,0.000000445
1671607552256567040,0.000001170
1671607552275992064,0.000001344
1671607552296496384,0.000000671
1671607552315841792,0.000001851
1671607552336413696,0.000002516
1671607552357155072,0.000002060
1671607552377362944,0.000001187
1671607552395754752,0.000001536
1671607552415694592,0.000002207
1671607552436051968,0.000001031
1671607552457038336,0.000001222
1671607552475862272,0.000000065
1671607552496271104,0.000000104
1671607552515545344,-0.000000466
1671607552535945472,-0.000000241
1671607552556766976,-0.000001092
1671607552577989376,-0.000001904
1671607552596157440,-0.000000761
1671607552616762624,0.000000143
1671607552635872256,0.000000007
1671607552656495872,-0.000001324
1671607552675900416,-0.000002234
1671607552696405248,-0.000001511
1671607552715931136,-0.000001179
1671607552736856832,-0.000001064
1671607552756113408,-0.000001376
1671607552777890048,-0.000000661
1671607552796070912,-0.000000189
1671607552816151296,-0.000000332
1671607552836033536,-0.000000081
1671607552856844544,0.000000267
1671607552876068096,-0.000000218
1671607552895802624,-0.000000708
1671607552916178944,0.000000592
1671607552935611392,0.000000968
1671607552956157184,-0.000000146
1671607552977409280,-0.000000561
1671607552995967744,-0.000000675
1671607553016757760,0.000000083
1671607553035988992,0.000000791
1671607553057007616,0.000000270
1671607553076087552,-0.000000497
1671607553096599040,-0.000001031
1671607553115738880,-0.000000895
1671607553136146688,-0.000000096
1671607553156817664,-0.000000461
1671607553176979712,-0.000000786
1671607553196499712,-0.000000651
1671607553216662528,0.000000732
1671607553236870400,0.000000258
1671607553256222976,0.000000125
1671607553275432704,0.000000108
1671607553296102400,0.000000336
1671607553316409344,0.000000385
1671607553336578816,0.000000874
1671607553355945472,0.000000063
1671607553378447104,-0.000000291
1671607553395725056,-0.000000297
1671607553416566528,0.000000607
1671607553435699200,0.000000265
1671607553456632064,0.000000576
1671607553475673088,0.000000169
1671607553496243200,-0.000000164
1671607553516763392,0.000000169
1671607553536105984,0.000000927
1671607553555847936,0.000000612
1671607553577342720,0.000000361
1671607553595767808,0.000000274
1671607553615133952,0.000000533
1671607553636741632,0.000000117
1671607553656419072,0.000000128
1671607553675536128,0.000000714
1671607553695972096,0.000000247
1671607553715430144,0.000000672
1671607553735965184,0.000000498
1671607553755668224,0.000000094
1671607553777139712,0.000000304
1671607553796785152,-0.000000124
1671607553816154112,-0.000000156
1671607553836938752,-0.000000431
1671607553856356608,-0.000000151
1671607553876755456,-0.000000415
1671607553896128768,0.000000406
1671607553915778048,0.000000567
1671607553935162624,0.000000777
1671607553955649024,0.000000224
1671607553977359360,-0.000000107
1671607553995854592,-0.000000190
1671607554016779776,0.000000447
1671607554036039936,-0.000000280
1671607554055899392,-0.000000513
1671607554076022528,-0.000001201
1671607554096493312,-0.000000886
1671607554116855552,-0.000000169
1671607554135963904,-0.000000398
1671607554156350976,-0.000000438
1671607554176924160,-0.000000415
1671607554196412672,-0.000000509
1671607554216822272,-0.000000354
1671607554235050496,0.000000084
1671607554255394816,-0.000000181
1671607554275879424,-0.000000187
1671607554296404224,-0.000000309
1671607554315804160,0.000000728
1671607554336127232,0.000000651
1671607554356872192,0.000000555
1671607554377201920,0.000000654
1671607554396621824,0.000000576
1671607554415073792,0.000001075
1671607554436498176,0.000001271
1671607554456401152,0.000001327
1671607554476397312,0.000000959
1671607554496733952,0.000000837
1671607554516078592,0.000000944
1671607554535128576,0.000000508
1671607554555640064,0.000000009
1671607554577144320,-0.000000895
1671607554596715776,-0.000001217
1671607554615965696,-0.000000753
1671607554636243712,-0.000000453
1671607554655713792,-0.000000745
1671607554675138816,-0.000001063
1671607554696816896,-0.000000710
1671607554716270848,-0.000000160
1671607554736075520,0.000000350
1671607554754989312,0.000000190
1671607554777579520,-0.000000131
1671607554796868096,-0.000000121
1671607554815543808,-0.000000069
1671607554835522816,-0.000000522
1671607554856158720,-0.000000519
1671607554875085824,-0.000000036
1671607554895425536,0.000000227
1671607554916852224,0.000001158
1671607554935923200,0.000001068
1671607554956611840,0.000000924
1671607554977953792,0.000000232
1671607554995770624,0.000000605
1671607555015122944,0.000000926
1671607555036665088,0.000001051
1671607555056287744,0.000000208
1671607555076572160,0.000000029
1671607555095015936,0.000000089
1671607555115219456,-0.000000118
1671607555135866368,-0.000000606
1671607555155132672,0.000000228
1671607555177774080,-0.000000037
1671607555196190720,-0.000000099
1671607555215382784,-0.000000517
1671607555235540480,-0.000000062
1671607555256025600,-0.000000034
1671607555275113472,-0.000000383
1671607555295660032,-0.000000439
1671607555315984384,-0.000000022
1671607555336280320,0.000000207
1671607555355993344,0.000000120
1671607555377058816,-0.000000541
1671607555395712768,-0.000000343
1671607555416045824,-0.000000084
1671607555435480320,-0.000000031
1671607555456512256,-0.000000167
1671607555475524608,-0.000000533
1671607555495860224,-0.000000659
1671607555515204864,-0.000000072
1671607555535526400,0.000000159
1671607555555170048,-0.000000392
1671607555577626112,-0.000000211
1671607555595895296,-0.000000324
1671607555615205376,0.000000141
1671607555635773952,-0.000000155
1671607555655169792,-0.000000190
1671607555675598336,-0.000000112
1671607555695980288,-0.000000376
1671607555716390656,0.000000219
1671607555735863552,0.000000070
1671607555755369728,-0.000000193
1671607555777876736,-0.000000191
1671607555795580672,-0.000000605
1671607555816129536,-0.000000319
1671607555836592896,-0.000000083
1671607555856925184,0.000000031
1671607555875313408,0.000000160
1671607555895951872,0.000000063
1671607555916413696,0.000001183
1671607555936752128,0.000001088
1671607555954940928,0.000000719
1671607555977544704,0.000000230
1671607555995930880,0.000000323
1671607556016760064,0.000000425
1671607556036086784,0.000000196
1671607556055381760,-0.000000789
1671607556075962112,-0.000001070
1671607556095379712,-0.000001220
1671607556116932864,-0.000000896
1671607556135133696,-0.000000932
1671607556155547136,-0.000001454
1671607556177048320,-0.000001320
1671607556195424768,-0.000000834
1671607556216838400,0.000000006
1671607556235922944,0.000000094
1671607556256325120,0.000000389
1671607556275887872,0.000000429
1671607556295251968,0.000000329
1671607556315726080,0.000000760
1671607556336059648,0.000000777
1671607556355259136,0.000000257
1671607556376799488,0.000000208
1671607556395195392,-0.000000420
1671607556415950336,0.000000057
1671607556435082496,0.000000353
1671607556456417792,0.000000357
1671607556475806464,0.000000372
1671607556496135424,0.000000536
1671607556516491776,0.000000645
1671607556535809280,0.000000664
1671607556555162624,0.000000203
1671607556576761344,0.000000249
1671607556595302144,-0.000000055
1671607556616789760,0.000000684
1671607556635970816,0.000000558
1671607556655524608,0.000000342
1671607556675753984,0.000000250
1671607556695087104,-0.000000064
1671607556715638784,0.000000646
1671607556736027136,0.000000778
1671607556755665664,0.000000031
1671607556777757696,-0.000000660
1671607556796601344,-0.000000582
1671607556815093504,-0.000000342
1671607556835474944,-0.000001003
1671607556856091136,-0.000001072
1671607556875430400,-0.000001553
1671607556895808768,-0.000001717
1671607556915165184,-0.000001404
1671607556935341312,-0.000000772
1671607556955700992,-0.000000789
1671607556977444608,-0.000000653
1671607556995869696,-0.000000540
1671607557015135232,-0.000000336
1671607557035280640,-0.000000004
1671607557056814848,0.000000034
1671607557075199744,-0.000000179
1671607557095702528,0.000000271
1671607557115044096,0.000000765
1671607557135494912,0.000001501
1671607557155869184,0.000000930
1671607557177469184,0.000000872
1671607557196145920,-0.000000109
1671607557215471616,0.000000104
1671607557235634432,0.000000170
1671607557256263424,0.000000128
1671607557275397888,-0.000000077
1671607557295877120,0.000000127
1671607557315147520,0.000000454
1671607557336537344,0.000001186
1671607557355994880,0.000000833
1671607557377455360,0.000000644
1671607557395732992,0.000000780
1671607557416170240,0.000001164
1671607557435622912,0.000001051
1671607557454995712,0.000001245
1671607557475500800,0.000000521
1671607557495941632,-0.000000074
1671607557516600576,-0.000000110
1671607557535048448,0.000000336
1671607557555623424,-0.000000404
1671607557577280000,-0.000000417
1671607557595884288,-0.000000550
1671607557615177984,-0.000000300
1671607557635712512,0.000000068
1671607557656060160,0.000000316
1671607557676421888,0.000000059
1671607557695691776,0.000000126
1671607557715220736,-0.000000266
1671607557735976704,0.000000077
1671607557755760384,0.000000237
1671607557776760320,-0.000000004
1671607557795137280,-0.000000682
1671607557816471296,-0.000001123
1671607557836717056,-0.000001223
1671607557856029440,-0.000001468
1671607557875491328,-0.000001209
1671607557896143360,-0.000001321
1671607557915070208,-0.000000762
1671607557935306752,-0.000000529
1671607557956118272,-0.000000271
1671607557977302528,-0.000000419
1671607557996154624,-0.000000756
1671607558015216640,-0.000001259
1671607558035817216,-0.000001423
1671607558055595520,-0.000001164
1671607558075640576,-0.000001273
1671607558095143936,-0.000001754
1671607558115595008,-0.000001817
1671607558135993344,-0.000001857
1671607558155166976,-0.000002078
1671607558177733376,-0.000002466
1671607558196195072,-0.000002294
1671607558215667200,-0.000001503
1671607558236110336,-0.000000873
1671607558255586304,-0.000000403
1671607558274923264,-0.000001291
1671607558295454720,-0.000001932
1671607558315998976,-0.000001914
1671607558335337984,-0.000001892
1671607558356882432,-0.000002651
1671607558377012480,-0.000002229
1671607558395240448,-0.000001665
1671607558415847936,-0.000000919
1671607558435284224,-0.000000679
1671607558456219904,-0.000000506
1671607558476522496,-0.000000676
1671607558495795968,0.000000083
1671607558515153920,0.000000505
1671607558536818176,0.000000659
1671607558556398592,0.000000528
1671607558577494528,0.000001331
1671607558595964160,0.000001693
1671607558615414784,0.000002139
1671607558635921408,0.000002463
1671607558655784960,0.000002052
1671607558675677184,0.000001137
1671607558695149056,-0.000000004
1671607558715744000,0.000000183
1671607558735678976,0.000000102
1671607558755296768,-0.000000640
1671607558778095616,-0.000000101
1671607558795691776,0.000000465
1671607558815486976,0.000000026
1671607558835955456,-0.000000911
1671607558855309824,-0.000001874
1671607558875732992,-0.000001151
1671607558895226880,-0.000001453
1671607558915650560,-0.000000552
1671607558934984960,0.000000474
1671607558955255040,0.000001320
1671607558977735680,0.000001209
1671607558995151872,-0.000000039
1671607559015811328,0.000000229
1671607559035099648,0.000000380
1671607559055507968,-0.000000263
1671607559075080448,-0.000000240
1671607559095456000,0.000000566
1671607559115843584,0.000001705
1671607559135321856,0.000001427
1671607559156139008,0.000000972
1671607559177274368,0.000000324
1671607559196611328,0.000000277
1671607559215809536,0.000000602
1671607559235318784,0.000000053
1671607559255835136,-0.000000780
1671607559275043072,-0.000000975
1671607559295437056,-0.000000282
1671607559315643904,0.000000048
1671607559334946304,-0.000000306
1671607559355018496,-0.000001155
1671607559377517056,-0.000001047
1671607559394769920,-0.000001615
1671607559415211008,-0.000001115
1671607559435944448,-0.000001212
1671607559455506432,-0.000001132
1671607559476771328,-0.000001092
1671607559494910720,0.000000323
1671607559515062784,0.000000379
1671607559535527424,0.000001259
1671607559556147712,0.000000258
1671607559577335552,-0.000000161
1671607559595990784,-0.000000792
1671607559615274752,-0.000001721
1671607559636736768,-0.000000998
1671607559656168448,-0.000001365
1671607559675670784,-0.000001627
1671607559694882816,-0.000001633
1671607559715183872,-0.000001249
1671607559736418816,0.000000219
1671607559755500800,0.000000841
1671607559776915200,0.000000598
1671607559795249920,0.000000063
1671607559815423232,-0.000000062
1671607559835009280,-0.000001250
1671607559856644608,-0.000001853
1671607559875318272,-0.000002017
1671607559895970816,-0.000002277
1671607559915284992,-0.000001654
1671607559935571712,-0.000002175
1671607559955150336,-0.000003267
1671607559977627392,-0.000002654
1671607559995736576,-0.000001755
1671607560016213248,0.000000268
1671607560035269632,0.000001315
1671607560055847936,0.000000719
1671607560074988032,-0.000000562
1671607560095303424,-0.000001093
1671607560115959040,-0.000000827
1671607560135563264,-0.000000397
1671607560156201472,-0.000001158
1671607560177281280,-0.000001083
1671607560195714048,-0.000000447
1671607560215106048,0.000000152
1671607560235494912,-0.000001101
1671607560254843904,-0.000000343
1671607560275348736,0.000000493
1671607560295690240,0.000000710
1671607560314908416,0.000000802
1671607560335090688,0.000000505
1671607560355473408,0.000000664
1671607560377819904,0.000000657
1671607560395087872,0.000000156
1671607560415562752,0.000000355
1671607560435896832,0.000000443
1671607560455268352,-0.000000736
1671607560475705856,-0.000002202
1671607560495126784,-0.000000107
1671607560515849728,0.000000945
1671607560534996224,0.000001356
1671607560555676672,0.000000231
1671607560576978688,0.000001433
1671607560595247360,0.000001312
1671607560615708928,0.000001506
1671607560634966016,-0.000000099
1671607560655441920,0.000000298
1671607560675886080,-0.000000574
1671607560695390464,-0.000001039
1671607560715831552,-0.000001386
1671607560735712512,-0.000001170
1671607560755058176,-0.000002137
1671607560777794048,-0.000000165
1671607560795281152,0.000000457
1671607560815442944,0.000000169
1671607560835444224,-0.000000702
1671607560856271872,-0.000000904
1671607560875427584,-0.000001188
1671607560895274752,-0.000001074
1671607560915652864,0.000000953
1671607560935136256,0.000000776
1671607560956065792,0.000000186
1671607560977321216,0.000000243
1671607560995751424,0.000001953
1671607561016325632,0.000001709
1671607561035681792,0.000001532
1671607561055261696,0.000002428
1671607561075782400,0.000003113
1671607561095160832,0.000002293
1671607561115639552,0.000003061
1671607561134937344,0.000000852
1671607561155510016,0.000000617
1671607561177854208,0.000000614
1671607561195186432,0.000002088
1671607561215484416,0.000001586
1671607561235859456,-0.000000144
1671607561255499520,-0.000000418
1671607561275872768,0.000000391
1671607561295386880,0.000000030
1671607561315800320,0.000000899
1671607561336024320,0.000000398
1671607561355657216,0.000001530
1671607561376920576,-0.000000218
1671607561395459584,0.000000637
1671607561415758848,-0.000000495
1671607561435956480,-0.000002062
1671607561455536640,-0.000002029
1671607561475850496,-0.000001007
1671607561495215104,-0.000001662
1671607561515467008,-0.000001642
1671607561535739648,-0.000001229
1671607561556336384,-0.000002168
1671607561577658880,-0.000002373
1671607561595894784,-0.000002465
1671607561615266304,-0.000002046
1671607561635627008,0.000000138
1671607561656108544,-0.000000027
1671607561675342848,-0.000000064
1671607561694944256,-0.000000758
1671607561715561216,-0.000001002
1671607561736446976,-0.000002361
1671607561755394816,-0.000001971
1671607561777125632,-0.000000560
1671607561795319808,-0.000000630
1671607561816725504,-0.000000450
1671607561835348480,-0.000000807
1671607561856084224,-0.000000506
1671607561875141632,-0.000001153
1671607561895446016,-0.000001489
1671607561915755264,-0.000001568
1671607561935957760,-0.000001485
1671607561955736832,-0.000001287
1671607561977255936,-0.000000669
1671607561995986944,0.000000199
1671607562015145216,-0.000000540
1671607562035595776,-0.000000594
1671607562056231936,-0.000000877
1671607562075204864,-0.000001621
1671607562096022016,-0.000001270
1671607562115567104,-0.000001123
1671607562134872320,-0.000002414
1671607562155478272,-0.000003678
1671607562177857536,-0.000003288
1671607562195169280,-0.000001964
1671607562215829760,-0.000001659
1671607562235940608,-0.000003187
1671607562255707648,-0.000003238
1671607562275986176,-0.000002094
1671607562295384832,-0.000004640
1671607562315823616,-0.000001872
1671607562334964992,-0.000001614
1671607562356011008,-0.000000765
1671607562377303040,-0.000001358
1671607562395891200,-0.000001600
1671607562415534848,-0.000000885
1671607562435974400,0.000000361
1671607562455655168,-0.000000221
1671607562476066560,-0.000001489
1671607562495337728,0.000000062
1671607562515890688,0.000001316
1671607562535206400,0.000000125
1671607562555223296,-0.000001673
1671607562577625856,-0.000002566
1671607562596074240,-0.000000937
1671607562615488256,-0.000000468
1671607562635798272,-0.000000918
1671607562655327488,-0.000002680
1671607562675524352,-0.000002190
1671607562694932992,-0.000001499
1671607562715579904,-0.000000745
1671607562735827456,-0.000000527
1671607562755306240,-0.000000114
1671607562778188544,0.000000767
1671607562795317504,-0.000000099
1671607562815961600,0.000000281
1671607562835414784,0.000000578
1671607562855826176,-0.000000109
1671607562875368704,-0.000000235
1671607562895602944,-0.000000061
1671607562915017472,0.000001118
1671607562935905792,0.000001665
1671607562955232256,0.000001913
1671607562977788928,0.000001478
1671607562995381248,0.000002500
1671607563015520256,0.000003122
1671607563035859712,0.000002021
1671607563055265792,0.000001747
1671607563075870976,0.000001683
1671607563095540224,0.000001240
1671607563115897344,0.000002141
1671607563135128576,0.000001520
1671607563155557376,0.000000897
1671607563177306880,-0.000000197
1671607563195776512,0.000000851
1671607563215485696,0.000001437
1671607563236013568,0.000002630
1671607563255138816,0.000001920
1671607563275783680,0.000001954
1671607563295398912,0.000001974
1671607563315722752,0.000002191
1671607563335231488,0.000002907
1671607563355628288,0.000002565
1671607563377216768,0.000002767
1671607563395875328,0.000002352
1671607563415101440,0.000001008
1671607563435710464,0.000001256
1671607563454997760,0.000001971
1671607563475566080,0.000000789
1671607563495082752,-0.000000975
1671607563515495936,0.000000384
1671607563535953152,0.000001027
1671607563555238144,0.000000097
1671607563576931072,-0.000001184
1671607563595310336,-0.000001045
1671607563616013568,-0.000001078
1671607563635523072,-0.000001350
1671607563655872256,-0.000002038
1671607563675321088,-0.000001294
1671607563695760384,-0.000001686
1671607563715642112,0.000000394
1671607563735864320,0.000000414
1671607563756023808,-0.000001189
1671607563777307392,-0.000000744
1671607563795848960,-0.000000317
1671607563815296256,-0.000000021
1671607563835971072,0.000000437
1671607563855307776,0.000000521
1671607563876025856,0.000000359
1671607563895559936,-0.000000692
1671607563916030976,-0.000000508
1671607563935021824,-0.000000008
1671607563955682048,0.000000689
1671607563976936704,-0.000000879
1671607563995300096,-0.000001562
1671607564015620864,-0.000001266
1671607564035747328,-0.000001786
1671607564056284160,-0.000001511
1671607564075390208,-0.000000548
1671607564096026624,-0.000001139
1671607564115483648,0.000000214
1671607564135616256,0.000000462
1671607564156058112,0.000000194
1671607564177303296,-0.000000612
1671607564195883008,0.000000110
1671607564216022528,-0.000000744
1671607564235118080,-0.000000998
1671607564255406080,-0.000000617
1671607564275939584,-0.000000188
1671607564295013632,-0.000000528
1671607564315319296,0.000000461
1671607564335654656,0.000002163
1671607564355928832,0.000001729
1671607564377411328,0.000001062
1671607564395937280,0.000000934
1671607564415412736,0.000001434
1671607564435972096,0.000000200
1671607564455869952,-0.000000016
1671607564475944192,0.000000090
1671607564495161344,-0.000000572
1671607564515401984,0.000000144
1671607564535544576,0.000001782
1671607564555945728,0.000001126
1671607564577366528,0.000000639
1671607564595672064,0.000000934
1671607564615098112,0.000000085
1671607564635507456,0.000000116
1671607564656555776,0.000000264
1671607564675507456,0.000000038
1671607564694969088,-0.000000561
1671607564715287808,0.000001413
1671607564736019968,0.000002614
1671607564755627520,0.000000476
1671607564777247744,0.000000666
1671607564795766528,0.000001393
1671607564815742976,0.000000923
1671607564835997952,-0.000000630
1671607564855540224,-0.000001596
1671607564876063232,-0.000000562
1671607564895592704,-0.000000740
1671607564915767552,0.000000693
1671607564936015104,0.000000107
1671607564955331072,-0.000000932
1671607564977711616,-0.000000142
1671607564994974720,-0.000000042
1671607565015284992,0.000000479
1671607565035768576,-0.000000150
1671607565055023872,0.000000031
1671607565075756288,0.000001572
1671607565094940160,0.000002376
1671607565115463168,0.000001995
1671607565135709440,0.000001739
1671607565156262144,0.000003613
1671607565177357568,0.000001784
1671607565195970304,0.000000494
1671607565215432704,-0.000000393
1671607565235926272,0.000001574
1671607565255088384,0.000003242
1671607565275740928,0.000004044
1671607565294871040,0.000001963
1671607565315324928,0.000002121
1671607565335699712,0.000003226
1671607565355099136,0.000002645
1671607565377871872,0.000000297
1671607565395309056,-0.000000793
1671607565416171008,0.000000379
1671607565435589888,0.000001224
1671607565455353088,0.000000730
1671607565475772416,-0.000001079
1671607565495399680,0.000000123
1671607565515985920,0.000000065
1671607565535277056,-0.000000528
1671607565555898368,0.000000169
1671607565577253632,-0.000000282
1671607565595686144,-0.000000823
1671607565616043776,-0.000001701
1671607565635269120,-0.000003209
1671607565655937792,-0.000003711
1671607565676042752,-0.000003705
1671607565695802624,-0.000004316
1671607565716029696,-0.000002192
1671607565735270144,-0.000001503
1671607565754832384,-0.000002450
1671607565778600192,-0.000003648
1671607565795383552,-0.000003930
1671607565815817984,-0.000003022
1671607565835173376,-0.000002444
1671607565855990784,-0.000003006
1671607565875128064,-0.000002334
1671607565895611392,-0.000002250
1671607565916158720,-0.000001253
1671607565935123456,-0.000001139
1671607565956098560,-0.000001856
1671607565977441536,-0.000001679
1671607565995725312,-0.000001762
1671607566015372032,-0.000001680
1671607566035433216,-0.000002198
1671607566055803648,-0.000002436
1671607566075312896,-0.000001519
1671607566095945216,-0.000001610
1671607566115205888,0.000000116
1671607566135756288,0.000000024
1671607566155073536,-0.000000323
1671607566177544192,-0.000000406
1671607566194934272,0.000000484
1671607566215527936,0.000001169
1671607566235035136,0.000000971
1671607566255276288,0.000001527
1671607566275773440,0.000001318
1671607566295110144,0.000000049
1671607566315390464,0.000000931
1671607566335824640,0.000001295
1671607566355012096,0.000001030
1671607566377636864,0.000001589
1671607566395025152,0.000001662
1671607566415702528,0.000001626
1671607566434954496,0.000001998
1671607566455704832,0.000001912
1671607566475048192,0.000001440
1671607566495781888,0.000001846
1671607566515179776,0.000004312
1671607566535796992,0.000002888
1671607566555072768,0.000002698
1671607566577457408,0.000001492
1671607566595775232,0.000001690
1671607566615165184,0.000001458
1671607566635499520,0.000000665
1671607566655152128,-0.000000926
1671607566675625984,-0.000000075
1671607566695012864,0.000000222
1671607566715842816,0.000000639
1671607566735227392,-0.000000599
1671607566754898944,-0.000000401
1671607566778028800,-0.000001048
1671607566795358464,-0.000002055
1671607566815406080,-0.000001494
1671607566835532544,-0.000000921
1671607566855994112,-0.000001166
1671607566875343360,-0.000001696
1671607566895765248,-0.000001146
1671607566915149568,-0.000000676
1671607566935525376,-0.000001938
1671607566954856192,-0.000001814
1671607566977732608,-0.000002054
1671607566995164672,-0.000001418
1671607567016033280,-0.000001643
1671607567035027200,0.000000198
1671607567055287552,0.000000470
1671607567075960832,0.000000366
1671607567095321088,-0.000000178
1671607567115661824,0.000001378
1671607567134946560,0.000001100
1671607567155750400,0.000000610
1671607567176819200,-0.000000304
1671607567195371264,0.000000158
1671607567215769856,-0.000000539
1671607567235194368,-0.000000755
1671607567255762688,-0.000002238
1671607567275275264,-0.000001691
1671607567295923712,-0.000000794
1671607567315298560,-0.000000089
1671607567336000512,0.000000838
1671607567355258624,0.000000628
1671607567376702976,0.000001181
1671607567395119616,0.000001437
1671607567415566336,0.000001010
1671607567435829504,0.000001542
1671607567455228928,0.000001881
1671607567475433472,0.000002107
1671607567494823168,0.000001231
1671607567515466496,0.000001598
1671607567535942400,0.000000657
1671607567555431680,-0.000001008
1671607567576950528,-0.000001833
1671607567595372544,-0.000002525
1671607567614896896,-0.000002277
1671607567635493632,-0.000002856
1671607567654870272,-0.000002231
1671607567675521024,-0.000001758
1671607567695135744,-0.000000978
1671607567715671552,-0.000001067
1671607567735263232,-0.000000298
1671607567755772672,0.000000586
1671607567777242880,0.000000710
1671607567795746304,-0.000000242
1671607567815476736,-0.000000694
1671607567834896896,-0.000001392
1671607567855355392,-0.000000532
1671607567874950144,-0.000000468
1671607567895390720,-0.000000418
1671607567915923200,0.000000236
1671607567934859008,0.000001074
1671607567955124480,0.000001191
1671607567977788416,0.000000855
1671607567995132672,-0.000001595
1671607568015676672,0.000000262
1671607568035164416,0.000001781
1671607568055586560,0.000000719
1671607568075973632,0.000000413
1671607568095500544,-0.000000570
1671607568115866880,-0.000000120
1671607568134969600,-0.000002425
1671607568155277824,-0.000005571
1671607568177920256,-0.000006549
1671607568195495168,-0.000006754
1671607568215627264,-0.000005600
1671607568235009536,-0.000004828
1671607568255630336,-0.000004888
1671607568275194112,-0.000003931
1671607568295880192,-0.000003519
1671607568315277312,-0.000001744
1671607568335807488,-0.000000694
1671607568355240448,-0.000001313
1671607568376915200,-0.000001833
1671607568395455488,-0.000002085
1671607568416100608,-0.000001952
1671607568435521280,-0.000000630
1671607568455783936,-0.000002036
1671607568475496704,-0.000001494
1671607568495009280,-0.000000857
1671607568515709952,-0.000000977
1671607568535039744,0.000000414
1671607568555937280,0.000000742
1671607568577398016,0.000001268
1671607568595999232,0.000000669
1671607568615765504,0.000001405
1671607568634870272,0.000000357
1671607568655671040,-0.000000260
1671607568675776768,-0.000000745
1671607568695192320,-0.000000955
1671607568715853824,0.000000483
1671607568735329280,-0.000000079
1671607568754863360,0.000000043
1671607568777110016,-0.000000475
1671607568795388928,-0.000000691
1671607568815898112,0.000000154
1671607568835146752,-0.000000238
1671607568855905280,0.000001510
1671607568875324928,0.000000798
1671607568894778112,0.000000652
1671607568915307520,0.000001947
1671607568935519744,0.000002661
1671607568955005952,0.000002571
1671607568977315072,0.000000869
1671607568995669760,0.000001342
1671607569015074560,0.000001546
1671607569035574528,0.000001951
1671607569056177152,0.000001346
1671607569075388672,0.000001019
1671607569094797568,0.000001244
1671607569115414016,0.000001229
1671607569134839040,0.000000952
1671607569155388416,0.000001700
1671607569177596928,0.000000118
1671607569194782720,0.000000295
1671607569215230976,-0.000000355
1671607569235443712,-0.000003145
1671607569256331008,-0.000002109
1671607569275066112,-0.000002281
1671607569295498752,-0.000003296
1671607569315801856,-0.000003349
1671607569334862080,-0.000003153
1671607569355448832,-0.000003283
1671607569376735744,-0.000002977
1671607569395187968,-0.000001790
1671607569415785472,-0.000001099
1671607569435424768,-0.000000526
1671607569455891968,-0.000000696
1671607569475023872,-0.000000463
1671607569495235328,-0.000000612
1671607569515659264,0.000000022
1671607569535062272,0.000000430
1671607569555719936,-0.000000575
1671607569576924928,-0.000000588
1671607569595209216,-0.000000499
1671607569615514624,0.000000734
1671607569635798272,-0.000000975
1671607569655497728,-0.000002085
1671607569675448320,-0.000002028
1671607569695003136,-0.000001453
1671607569715647232,-0.000001013
1671607569735010816,-0.000000754
1671607569755033600,-0.000001445
1671607569778705408,-0.000000492
1671607569795630336,0.000000115
1671607569815539200,0.000000274
1671607569835713536,-0.000000538
1671607569854881536,-0.000000182
1671607569875349248,0.000000047
1671607569895812352,-0.000001409
1671607569915066368,-0.000001229
1671607569935211776,-0.000001658
1671607569955691264,-0.000001618
1671607569977308928,-0.000001728
1671607569995726592,-0.000001970
1671607570015166720,-0.000002096
1671607570035990528,-0.000000275
1671607570055420160,-0.000000597
1671607570075936512,-0.000001391
1671607570095422720,-0.000000900
1671607570115787520,-0.000000960
1671607570135035392,-0.000000944
1671607570155673088,-0.000000491
1671607570177189120,-0.000001092
1671607570195415552,-0.000000351
1671607570215977984,0.000000177
1671607570235066112,0.000000497
1671607570256012288,0.000000584
1671607570274988288,0.000000092
1671607570295452672,-0.000000283
1671607570315788800,0.000000023
1671607570335107072,0.000001540
1671607570355601664,0.000000764
1671607570377765120,0.000000742
1671607570395639808,0.000002079
1671607570415326208,0.000002542
1671607570435592448,0.000001830
1671607570455187968,0.000001197
1671607570475267584,-0.000000312
1671607570496137984,-0.000000760
1671607570514877952,0.000000048
1671607570535134208,0.000001203
1671607570556190720,0.000001966
1671607570577320192,0.000000601
1671607570595577600,0.000000112
1671607570614815488,0.000000675
1671607570635015168,0.000000259
1671607570655906560,0.000000033
1671607570675049216,0.000000712
1671607570695470080,0.000000697
1671607570715039232,0.000001487
1671607570735607040,0.000001783
1671607570756246272,0.000000558
1671607570777748736,0.000000705
1671607570795678976,0.000000440
1671607570815303424,0.000001028
1671607570835533824,0.000000689
1671607570855081728,0.000000101
1671607570875487232,-0.000000734
1671607570894833920,-0.000000923
1671607570915248384,-0.000000453
1671607570935441408,-0.000000334
1671607570954898944,-0.000000012
1671607570977639680,-0.000000213
1671607570994906368,-0.000000555
1671607571015641856,-0.000000827
1671607571035089920,-0.000000787
1671607571055335680,-0.000000188
1671607571075930368,0.000000895
1671607571095373312,0.000000351
1671607571115710976,0.000001183
1671607571134952704,0.000000579
1671607571155507200,0.000000298
1671607571177015552,0.000001025
1671607571195383040,0.000001439
1671607571215920640,0.000001084
1671607571234983168,0.000000555
1671607571255812096,0.000000476
1671607571275004928,0.000000499
1671607571295391744,0.000000169
1671607571315969536,-0.000000058
1671607571334996992,-0.000000900
1671607571355403776,-0.000002128
1671607571376778752,-0.000002694
1671607571394950912,-0.000001054
1671607571415661824,-0.000000759
1671607571435800320,-0.000001513
1671607571455551232,-0.000002105
1671607571475971584,-0.000001395
1671607571495541248,-0.000001161
1671607571516022784,-0.000000052
1671607571535248384,-0.000000565
1671607571556170240,-0.000001309
1671607571577214464,-0.000001508
1671607571595669248,-0.000000932
1671607571615039232,-0.000000670
1671607571635060224,-0.000001478
1671607571655644928,-0.000001578
1671607571675781120,-0.000000439
1671607571695155200,-0.000000287
1671607571715474176,-0.000000161
1671607571735943680,-0.000000166
1671607571755519232,-0.000001101
1671607571778242048,-0.000001065
1671607571795842304,-0.000000720
1671607571815424768,-0.000000614
1671607571834994176,-0.000000858
1671607571855468800,-0.000001949
1671607571875024896,-0.000001080
1671607571895452672,-0.000001202
1671607571915710464,-0.000000058
1671607571934971648,-0.000000193
1671607571955683584,-0.000000208
1671607571976922112,-0.000000535
1671607571995349504,-0.000001059
1671607572015109888,-0.000000951
1671607572035375360,-0.000000639
1671607572056018432,-0.000000270
1671607572075207936,-0.000001457
1671607572095826432,-0.000000789
1671607572115220736,0.000000599
1671607572135832064,0.000001621
1671607572154895360,0.000001937
1671607572177728256,0.000001367
1671607572194938368,0.000001535
1671607572215197440,0.000002012
1671607572234804992,0.000001506
1671607572255059456,0.000001397
1671607572275607296,0.000000952
1671607572295050496,0.000000947
1671607572315558656,0.000000513
1671607572335066880,0.000000543
1671607572355792640,0.000001055
1671607572376837376,0.000000851
1671607572395171584,0.000001781
1671607572415558656,0.000000398
1671607572435789568,0.000001075
1671607572455013376,0.000002275
1671607572475750400,0.000000235
1671607572495277824,-0.000000602
1671607572515973888,0.000000550
1671607572535427328,0.000000830
1671607572554841088,0.000001697
1671607572577234176,0.000002255
1671607572595564032,0.000001611
1671607572615920896,0.000001955
1671607572635093248,0.000000491
1671607572655494656,0.000000829
1671607572675034112,0.000000313
1671607572695569920,0.000000359
1671607572715022848,0.000001743
1671607572736655360,0.000001862
1671607572755521280,0.000001271
1671607572777908736,0.000002164
1671607572795206144,0.000001524
1671607572815796736,0.000001984
1671607572835840768,0.000000836
1671607572855271936,0.000000559
1671607572875820288,0.000001664
1671607572895181824,0.000001684
1671607572915933952,0.000002257
1671607572935138048,0.000001021
1671607572956030720,0.000000698
1671607572977097728,0.000001793
1671607572995690240,0.000001864
1671607573015226880,0.000001298
1671607573035612416,0.000000330
1671607573056301824,0.000000807
1671607573075522048,0.000001420
1671607573094859776,0.000002139
1671607573115129088,0.000002081
1671607573135681280,0.000001232
1671607573155155968,-0.000000655
1671607573177882112,-0.000000718
1671607573195409408,0.000001459
1671607573215696384,0.000001163
1671607573234977792,0.000000733
1671607573255493888,0.000000443
1671607573276037120,-0.000000192
1671607573295501824,0.000000457
1671607573316082432,0.000000790
1671607573335238912,0.000000148
1671607573355853568,-0.000000681
1671607573377544448,-0.000001823
1671607573395841792,-0.000000316
1671607573415437824,0.000001916
1671607573435104256,0.000001105
1671607573455636480,0.000000433
1671607573475085056,-0.000000164
1671607573495892224,0.000000672
1671607573515513344,0.000001304
1671607573535091712,0.000000341
1671607573555641600,0.000000133
1671607573576967936,-0.000000592
1671607573595884544,-0.000000192
1671607573615545088,0.000000973
1671607573635730432,0.000001296
1671607573655006464,0.000000742
1671607573675731712,0.000000009
1671607573695248128,0.000000174
1671607573715814912,0.000001321
1671607573735627008,0.000000541
1671607573755129088,-0.000000381
1671607573777858816,0.000000288
1671607573795070976,0.000000295
1671607573816226560,0.000001851
1671607573835137024,0.000002130
1671607573855754752,0.000000798
1671607573875024384,0.000000320
1671607573896007680,0.000000424
1671607573915202048,0.000001761
1671607573935509504,0.000000627
1671607573956249856,0.000001189
1671607573977516288,0.000000838
1671607573994902784,0.000001463
1671607574015436288,0.000001933
1671607574035823360,0.000001785
1671607574055387648,0.000001265
1671607574075881472,0.000000520
1671607574095266816,0.000000222
1671607574115714560,0.000001329
1671607574135830016,0.000000416
1671607574155258368,-0.000000252
1671607574176893184,-0.000000492
1671607574195298816,0.000000668
1671607574216000000,0.000001361
1671607574235329024,0.000001090
1671607574256339456,0.000000635
1671607574275413760,0.000000783
1671607574294881024,-0.000000502
1671607574315121152,0.000001110
1671607574335399424,0.000000543
1671607574355567104,-0.000000556
1671607574377181184,-0.000000513
1671607574395536128,-0.000000239
1671607574415036160,-0.000000298
1671607574435587840,0.000000320
1671607574455066624,0.000000820
1671607574475585792,-0.000000861
1671607574496176128,-0.000000945
1671607574515665408,0.000000978
1671607574536076288,0.000001423
1671607574555503360,0.000001129
1671607574577033472,-0.000000187
1671607574595703552,-0.000001908
1671607574615112704,-0.000000120
1671607574635663616,0.000000176
1671607574655511552,0.000000133
1671607574675794432,-0.000000509
1671607574695534592,-0.000001155
1671607574714916608,-0.000000045
1671607574735670784,0.000000172
1671607574755291904,-0.000001020
1671607574776886272,-0.000001698
1671607574795268352,-0.000001865
1671607574815179264,-0.000001327
1671607574835633152,-0.000001242
1671607574854949376,-0.000002321
1671607574875686400,-0.000001298
1671607574895187200,-0.000001108
1671607574915724032,-0.000000873
1671607574934810112,-0.000000582
1671607574955100416,-0.000002070
1671607574976504320,-0.000002699
1671607574994946816,-0.000002271
1671607575015572736,-0.000002538
1671607575036068608,-0.000001699
1671607575055112448,-0.000001264
1671607575075603968,-0.000000244
1671607575095074560,0.000000161
1671607575115436032,-0.000000545
1671607575135650048,-0.000000830
1671607575154991616,-0.000000840
1671607575177432576,-0.000001102
1671607575194905856,0.000000865
1671607575215211264,0.000000355
1671607575235641600,-0.000000430
1671607575255010048,-0.000001217
1671607575275712768,-0.000001789
1671607575295218176,-0.000000788
1671607575315997696,0.000000140
1671607575335352064,0.000000263
1671607575355689472,-0.000000735
1671607575377077248,-0.000002049
1671607575395549952,-0.000001475
1671607575415067904,-0.000000243
1671607575435618048,-0.000001950
1671607575455391744,-0.000001645
1671607575475842816,-0.000000918
1671607575495284480,-0.000002583
1671607575515695616,-0.000001983
1671607575534948864,0.000000638
1671607575555175936,0.000000591
1671607575576764160,-0.000000656
1671607575595589376,-0.000000538
1671607575615207168,-0.000000078
1671607575635680512,0.000001403
1671607575655187200,0.000000247
1671607575674948608,-0.000000509
1671607575695535616,-0.000002249
1671607575716084224,-0.000000211
1671607575735474944,0.000000988
1671607575754975488,0.000000462
1671607575777671424,-0.000000906
1671607575794923008,-0.000001368
1671607575816010752,-0.000000172
1671607575834896640,0.000000391
1671607575855615488,-0.000000875
1671607575875029248,-0.000000859
1671607575895891200,-0.000001066
1671607575915166976,-0.000000723
1671607575935685120,0.000000448
1671607575955237376,0.000000514
1671607575976699648,0.000000302
1671607575995088384,-0.000000848
1671607576015482112,0.000000093
1671607576035638272,0.000000157
1671607576056013824,0.000000899
1671607576075680768,0.000000476
1671607576095285760,-0.000000916
1671607576115772416,-0.000000545
1671607576135280896,-0.000000035
1671607576155807488,-0.000000044
1671607576177088512,0.000000211
1671607576195521536,0.000000032
1671607576214997760,-0.000000559
1671607576235254272,-0.000001019
1671607576255591680,-0.000001174
1671607576275120128,-0.000000377
1671607576295664640,-0.000001112
1671607576315126272,-0.000001383
1671607576335893248,-0.000002108
1671607576355213056,-0.000002933
1671607576377931776,-0.000002088
1671607576395241216,-0.000000905
1671607576415724800,-0.000000917
1671607576435458816,-0.000002505
1671607576454981888,-0.000002378
1671607576475667456,-0.000001509
1671607576495042560,-0.000001780
1671607576515650816,-0.000001393
1671607576534977024,-0.000001778
1671607576555588352,-0.000001846
1671607576577033216,-0.000002190
1671607576595326720,-0.000000956
1671607576615656448,-0.000000024
1671607576634967296,-0.000000858
1671607576655895040,-0.000002550
1671607576675975936,-0.000002387
1671607576695428096,-0.000002218
1671607576715680512,-0.000001548
1671607576734958336,-0.000001929
1671607576756116992,-0.000001606
1671607576777586432,-0.000001252
1671607576795716352,-0.000000932
1671607576815552768,-0.000000460
1671607576835723776,-0.000000875
1671607576855081216,-0.000000234
1671607576875379200,-0.000001047
1671607576895933184,-0.000001164
1671607576915048704,-0.000000770
1671607576935246592,-0.000000009
1671607576955610112,-0.000001055
1671607576977047296,-0.000001111
1671607576995390720,-0.000000816
1671607577015681280,-0.000000205
1671607577035849216,-0.000000003
1671607577055247616,0.000000973
1671607577075848448,-0.000000039
1671607577095218944,-0.000000968
1671607577115615488,-0.000000416
1671607577134854912,-0.000000241
1671607577155458304,-0.000000745
1671607577177766144,-0.000000419
1671607577194944000,-0.000000363
1671607577215470848,-0.000001383
1671607577235932928,-0.000001482
1671607577255325440,0.000000166
1671607577275649024,0.000000330
1671607577295213824,-0.000001024
1671607577315750400,-0.000000418
1671607577335194112,-0.000000335
1671607577355671040,-0.000000777
1671607577376990208,-0.000001138
1671607577395670016,-0.000000910
1671607577415188224,-0.000000668
1671607577435614464,-0.000000844
1671607577455341568,-0.000000465
1671607577475834880,-0.000000365
1671607577495293440,-0.000000325
1671607577515838464,0.000000289
1671607577535213312,0.000000540
1671607577556029696,-0.000000990
1671607577577094144,-0.000000976
1671607577595443968,-0.000000364
1671607577616000768,0.000000513
1671607577635518720,0.000000518
1671607577655311872,-0.000000475
1671607577675528960,-0.000000616
1671607577695010304,0.000000224
1671607577715572992,0.000001171
1671607577734858496,0.000000648
1671607577756101120,0.000000886
1671607577778182656,0.000000741
1671607577795789056,0.000000345
1671607577815822848,0.000002341
1671607577835571200,0.000002385
1671607577856320256,0.000001251
1671607577875372288,0.000000830
1671607577895685120,0.000000657
1671607577914935296,0.000002147
1671607577935173888,0.000003015
1671607577955763712,0.000003194
1671607577976890368,0.000001275
1671607577995055104,0.000001355
1671607578015430400,0.000001451
1671607578034916608,0.000001957
1671607578055427840,0.000002351
1671607578074923264,0.000002157
1671607578095550720,0.000000764
1671607578115088384,0.000001588
1671607578135491840,0.000003624
1671607578155059456,0.000003919
1671607578177746176,0.000003108
1671607578195296000,0.000002219
1671607578215555584,0.000001779
1671607578235106048,-0.000000199
1671607578255799808,0.000001289
1671607578274870272,0.000001188
1671607578295430912,0.000000016
1671607578315641088,0.000000940
1671607578334863104,0.000000147
1671607578355650816,-0.000000649
1671607578376798976,-0.000001102
1671607578395094016,-0.000001166
1671607578415720192,-0.000000609
1671607578435124480,-0.000002002
1671607578455881216,-0.000002485
1671607578475024384,-0.000000978
1671607578495463680,-0.000002923
1671607578515705344,-0.000001618
1671607578534829056,-0.000002605
1671607578555438336,-0.000002760
1671607578576530688,-0.000002991
1671607578595014656,-0.000001298
1671607578615214080,-0.000001224
1671607578635417088,-0.000002170
1671607578656486400,-0.000002543
1671607578675039488,-0.000002796
1671607578695796736,-0.000003694
1671607578715003136,-0.000001958
1671607578735464960,-0.000001138
1671607578755297536,-0.000001385
1671607578776774400,-0.000002610
1671607578795079168,-0.000002284
1671607578815686912,-0.000001635
1671607578835884032,-0.000000846
1671607578854953728,0.000000131
1671607578875799296,-0.000000212
1671607578895014656,-0.000001362
1671607578915619328,-0.000000806
1671607578935198720,-0.000000217
1671607578955843072,-0.000000091
1671607578977066240,-0.000000575
1671607578995663616,-0.000000791
1671607579015057920,0.000000289
1671607579035409152,-0.000000217
1671607579055894272,-0.000000819
1671607579075162112,-0.000000224
1671607579095918336,0.000000401
1671607579115172096,0.000001583
1671607579135568896,0.000001216
1671607579154753280,0.000001919
1671607579177370880,0.000001665
1671607579195725056,0.000001272
1671607579214978816,0.000001283
1671607579235590912,0.000001929
1671607579254908928,0.000002005
1671607579275466496,0.000000624
1671607579295104256,0.000000484
1671607579315273984,0.000000801
1671607579335497216,0.000000677
1671607579355977728,0.000000876
1671607579377074688,0.000001283
1671607579395404288,0.000001351
1671607579414811648,0.000001909
1671607579435119104,0.000002020
1671607579455719936,0.000000064
1671607579475822336,-0.000000241
1671607579495331328,-0.000001232
1671607579515725056,0.000000200
1671607579535093760,0.000000294
1671607579555974912,-0.000000070
1671607579577106688,0.000000225
1671607579595467008,-0.000000381
1671607579615028480,-0.000000358
1671607579635330048,-0.000000687
1671607579656067840,-0.000000544
1671607579675315456,0.000001294
1671607579695959296,0.000000780
1671607579715833600,0.000000083
1671607579735814656,-0.000000147
1671607579755653632,0.000000101
1671607579777550080,-0.000000179
1671607579795335424,-0.000000132
1671607579815207936,-0.000000302
1671607579835591680,-0.000000204
1671607579855256320,-0.000000569
1671607579875565824,-0.000000450
1671607579895005440,-0.000000343
1671607579915314432,-0.000000234
1671607579935478016,0.000001030
1671607579956086016,0.000001725
1671607579976215296,0.000000595
1671607579995704320,0.000001149
1671607580015147008,0.000000799
1671607580035568896,-0.000000449
1671607580055150592,-0.000000698
1671607580075610368,-0.000000579
1671607580095220992,-0.000000801
1671607580114840064,-0.000001329
1671607580135240192,-0.000001152
1671607580154976256,-0.000000970
1671607580177327104,-0.000002612
1671607580194777600,-0.000002688
1671607580215480576,-0.000002366
1671607580234961408,-0.000000193
1671607580255459072,-0.000000116
1671607580274949888,-0.000001625
1671607580295393280,-0.000003112
1671607580315740672,-0.000001628
1671607580335200000,-0.000001801
1671607580355902208,-0.000001911
1671607580376111872,-0.000001443
1671607580394584576,-0.000000806
1671607580414953472,-0.000000471
1671607580435277824,-0.000001067
1671607580455959552,-0.000001991
1671607580474955520,-0.000001824
1671607580495284736,-0.000001879
1671607580515776512,-0.000001326
1671607580535200256,0.000000663
1671607580554935808,0.000000074
1671607580577187584,-0.000000861
1671607580595787264,-0.000000570
1671607580615273472,0.000000142
1671607580635775488,-0.000000958
1671607580655429888,-0.000001169
1671607580675415552,-0.000000061
1671607580695787520,-0.000000392
1671607580715067904,0.000000689
1671607580735586304,0.000000669
1671607580754967296,0.000000314
1671607580778700544,0.000000027
1671607580794388224,-0.000000200
1671607580815116032,0.000000361
1671607580834285312,-0.000000026
1671607580854673920,-0.000000377
1671607580874307584,-0.000001033
1671607580894886144,-0.000000778
1671607580915295488,-0.000000731
1671607580935614976,-0.000001349
1671607580956451072,-0.000000855
1671607580976705024,-0.000001076
1671607580995416832,-0.000001360
1671607581015238656,-0.000000620
1671607581035654656,-0.000000763
1671607581054631936,0.000000125
1671607581075209728,0.000000444
1671607581095745792,0.000000220
1671607581114953216,0.000000456
1671607581135259136,-0.000000109
1671607581154576896,0.000000073
1671607581176117760,-0.000000562
1671607581195805184,0.000000445
1671607581215169024,0.000000351
1671607581235437056,-0.000000323
1671607581256043008,-0.000000440
1671607581275393536,-0.000000749
1671607581295750656,-0.000000684
1671607581315144448,0.000000690
1671607581335552768,0.000000800
1671607581355185152,0.000000058
1671607581376436992,-0.000000626
1671607581394853120,-0.000001628
1671607581414516224,-0.000001254
1671607581435029760,-0.000000027
1671607581455650304,0.000000692
1671607581474819584,0.000000012
1671607581494146304,-0.000000595
1671607581515739904,-0.000000769
1671607581535892480,-0.000002365
1671607581555119616,-0.000002434
1671607581577506304,-0.000001353
1671607581595924480,-0.000001502
1671607581615152896,-0.000000379
1671607581635382272,-0.000000262
1671607581654731520,-0.000001617
1671607581675199488,-0.000001705
1671607581694614528,-0.000001402
1671607581714859776,-0.000000726
1671607581735300864,-0.000001618
1671607581756408320,-0.000002008
1671607581776198912,-0.000002841
1671607581795890944,-0.000002804
1671607581815671040,-0.000001988
1671607581834752256,-0.000001332
1671607581855103232,-0.000001166
1671607581875873792,-0.000001798
1671607581895166208,-0.000002858
1671607581915604480,-0.000002027
1671607581935782400,-0.000001592
1671607581955405824,-0.000000759
1671607581976588544,-0.000000067
1671607581994945280,-0.000000473
1671607582015279360,-0.000002037
1671607582034429696,-0.000001808
1671607582055638784,-0.000001479
1671607582075289088,-0.000000489
1671607582094976512,-0.000000148
1671607582114695936,0.000000101
1671607582134966016,-0.000000090
1671607582155638272,0.000000086
1671607582177007872,-0.000001978
1671607582195490048,-0.000001532
1671607582214865664,0.000000190
1671607582235228672,0.000000917
1671607582256332800,0.000000104
1671607582274992640,0.000000450
1671607582294280192,-0.000000549
1671607582315654912,0.000000062
1671607582336081152,0.000000762
1671607582355789312,0.000001451
1671607582375963648,0.000000882
1671607582395483136,-0.000000728
1671607582415847424,0.000000262
1671607582434837504,0.000001021
1671607582455636736,0.000001358
1671607582474916352,0.000001309
1671607582494312192,0.000001541
1671607582515853312,0.000002131
1671607582534126336,0.000003424
1671607582555050496,0.000002599
1671607582576310272,0.000001752
1671607582594990592,0.000001622
1671607582615657216,0.000002293
1671607582634840576,0.000001541
1671607582655196672,0.000001623
1671607582674696448,0.000000956
1671607582696137984,-0.000000269
1671607582715773952,0.000001345
1671607582735489024,0.000000377
1671607582756053504,-0.000000476
1671607582776404992,0.000000068
1671607582794669056,0.000001237
1671607582814852096,0.000001949
1671607582835143680,0.000000705
1671607582855800832,-0.000000059
1671607582875813888,-0.000000093
1671607582895103488,0.000000037
1671607582915510784,0.000001006
1671607582934669056,0.000000415
1671607582955064832,-0.000000698
1671607582976299264,-0.000002291
1671607582995828736,-0.000001310
1671607583014986752,0.000000202
1671607583034372864,0.000001916
1671607583055111168,0.000001174
1671607583075147008,0.000000552
1671607583094372096,0.000000345
1671607583114796544,0.000000631
1671607583135013376,-0.000000500
1671607583154916608,-0.000000698
1671607583176196608,0.000000074
1671607583195651840,0.000001073
1671607583215774464,0.000000726
1671607583234927616,0.000000621
1671607583255700736,0.000000932
1671607583275006720,0.000003069
1671607583295624704,0.000002368
1671607583315070976,0.000002689
1671607583334182144,0.000001891
1671607583354888448,0.000001701
1671607583376078592,0.000001419
1671607583395453440,0.000000437
1671607583415660800,0.000002219
1671607583434923008,0.000001990
1671607583455551744,0.000001619
1671607583475892480,0.000001673
1671607583494272512,0.000001487
1671607583514720256,0.000002872
1671607583535517184,0.000003503
1671607583555091968,0.000004139
1671607583576865792,0.000002460
1671607583595103744,0.000002046
1671607583615670784,0.000001924
1671607583634983424,0.000000383
1671607583654694912,-0.000000150
1671607583675341056,-0.000000408
1671607583694756864,0.000000251
1671607583714166528,-0.000000126
1671607583734838016,0.000000091
1671607583755707648,-0.000001386
1671607583777105152,-0.000001844
1671607583796160768,-0.000001182
1671607583815755008,0.000000014
1671607583835074304,0.000000220
1671607583855870464,-0.000000806
1671607583875191808,-0.000001513
1671607583895027456,-0.000001160
1671607583914375936,-0.000001081
1671607583934957824,-0.000001805
1671607583954263808,-0.000002988
1671607583976828160,-0.000003246
1671607583995403776,-0.000002687
1671607584015004672,-0.000002392
1671607584034283520,-0.000001693
1671607584056168192,-0.000000915
1671607584075204608,-0.000001672
1671607584095763968,-0.000002536
1671607584115268096,-0.000001465
1671607584134432768,-0.000001805
1671607584154761216,-0.000001756
1671607584176473344,-0.000001057
1671607584194999808,-0.000000572
1671607584214510848,-0.000000660
1671607584234731520,-0.000001085
1671607584255106560,-0.000002490
1671607584275668736,-0.000001886
1671607584295035648,-0.000002624
1671607584314338048,-0.000001595
1671607584334821120,-0.000002155
1671607584355276288,-0.000002761
1671607584376502016,-0.000001959
1671607584396087040,-0.000001678
1671607584415354624,-0.000000701
1671607584434468608,0.000000513
1671607584455167232,-0.000000729
1671607584474264576,-0.000001056
1671607584494624256,-0.000001710
1671607584514943232,-0.000001358
1671607584534408192,-0.000000018
1671607584554898432,-0.000001608
1671607584576020992,-0.000003400
1671607584594279936,-0.000003353
1671607584614967552,-0.000001737
1671607584635104768,-0.000000946
1671607584654924544,-0.000001582
1671607584675104000,-0.000001655
1671607584694682368,-0.000000521
1671607584715011840,0.000001809
1671607584734404608,0.000000939
1671607584755964416,0.000000589
1671607584776467456,0.000000348
1671607584794869504,0.000001125
1671607584814461952,0.000001258
1671607584834694912,0.000000660
1671607584855039232,0.000001358
1671607584874535680,0.000001324
1671607584894205952,0.000000152
1671607584914594304,-0.000000383
1671607584934296320,-0.000000081
1671607584955842304,-0.000000369
1671607584976196096,-0.000000656
1671607584994715904,-0.000000338
1671607585015085824,0.000000545
1671607585034326016,0.000002628
1671607585054969600,0.000002590
1671607585074230016,0.000002391
1671607585095876096,0.000002557
1671607585114261760,0.000002866
1671607585134317312,0.000003092
1671607585155814144,0.000002316
1671607585176156672,0.000003281
1671607585194511360,0.000004076
1671607585215140352,0.000002056
1671607585234547968,0.000000701
1671607585254976000,-0.000000735
1671607585274520832,0.000000397
1671607585294980096,-0.000001182
1671607585314405120,-0.000000219
1671607585334956288,-0.000000123
1671607585354391552,0.000000542
1671607585376055296,0.000000603
1671607585394547456,-0.000000274
1671607585414955520,-0.000001450
1671607585434069760,-0.000002311
1671607585454529280,-0.000002227
1671607585475106048,-0.000002062
1671607585494476544,-0.000002464
1671607585515014144,-0.000000350
1671607585534339072,-0.000000460
1671607585554949120,-0.000000782
1671607585576445696,-0.000000300
1671607585594799872,0.000001560
1671607585615034624,0.000001166
1671607585634398208,0.000000589
1671607585654600192,0.000001726
1671607585675256576,0.000004681
1671607585694614016,0.000003191
1671607585715148032,0.000003574
1671607585734688000,0.000002432
1671607585754413824,0.000004360
1671607585777800448,0.000003603
1671607585794452992,0.000001472
1671607585814415104,0.000001168
1671607585834564352,-0.000000265
1671607585855077120,-0.000000361
1671607585874705664,-0.000001416
1671607585894272512,-0.000003608
1671607585914844160,-0.000003913
1671607585934941184,-0.000003516
1671607585954173440,-0.000003766
1671607585976850944,-0.000004806
1671607585995064320,-0.000005385
1671607586014422528,-0.000005396
1671607586034619648,-0.000004401
1671607586054693888,-0.000002866
1671607586074239232,-0.000003291
1671607586095201792,-0.000004300
1671607586115205120,-0.000003707
1671607586134503424,-0.000002970
1671607586155059968,-0.000001709
1671607586176406272,-0.000002051
1671607586194719744,-0.000002225
1671607586215286528,-0.000001687
1671607586234457088,-0.000000572
1671607586254836992,0.000000326
1671607586274155264,-0.000000074
1671607586294546688,-0.000001385
1671607586314766080,-0.000001628
1671607586334961664,-0.000000952
1671607586354068992,-0.000002064
1671607586376623616,-0.000003525
1671607586395015424,-0.000003471
1671607586414201856,-0.000001847
1671607586435482112,-0.000001610
1671607586454651392,-0.000001648
1671607586475172608,-0.000001475
1671607586494745344,-0.000002298
1671607586515491072,-0.000001291
1671607586534579200,-0.000000494
1671607586555005440,-0.000000675
1671607586576480512,0.000000047
1671607586595077120,0.000000730
1671607586614445312,0.000001848
1671607586635790080,0.000001919
1671607586655546368,0.000001513
1671607586675614720,0.000001294
1671607586696035840,0.000000895
1671607586714305280,0.000001990
1671607586734574848,0.000001108
1671607586755197184,-0.000000239
1671607586777722112,-0.000000613
1671607586796076544,0.000000073
1671607586814304000,0.000001130
1671607586835812864,0.000000469
1671607586854333696,-0.000000903
1671607586874810368,-0.000002830
1671607586895226880,-0.000002647
1671607586915591936,-0.000001101
1671607586934777088,-0.000001270
1671607586954315776,-0.000001518
1671607586976588544,-0.000001904
1671607586994972928,-0.000001528
1671607587015645696,-0.000000232
1671607587034839040,0.000000410
1671607587054738176,0.000001162
1671607587075021824,0.000001002
1671607587095352576,-0.000000426
1671607587115670784,-0.000000057
1671607587134965248,-0.000001064
1671607587155607808,-0.000001438
1671607587176961536,-0.000001583
1671607587195250944,-0.000000688
1671607587214585600,-0.000001308
1671607587234858240,-0.000002323
1671607587255632128,-0.000003135
1671607587274622208,-0.000003402
1671607587294918400,-0.000002915
1671607587314296320,-0.000002057
1671607587334643968,-0.000000709
1671607587354773504,-0.000001404
1671607587375959040,-0.000002009
1671607587394305536,-0.000001339
1671607587414548224,-0.000000820
1671607587434787328,0.000000229
1671607587455384832,0.000000391
1671607587474467584,0.000000778
1671607587494946560,-0.000000096
1671607587514120704,0.000000032
1671607587534334720,-0.000000570
1671607587554908416,-0.000000547
1671607587576134912,-0.000000463
1671607587594518784,0.000000703
1671607587614827264,0.000000591
1671607587635153408,-0.000000001
1671607587654512640,0.000000428
1671607587674609152,-0.000000108
1671607587695013376,-0.000001118
1671607587714179072,-0.000001220
1671607587734771456,-0.000001913
1671607587754433536,-0.000001828
1671607587777036288,-0.000002442
1671607587794930944,-0.000001615
1671607587814526208,-0.000000146
1671607587834793472,-0.000000379
1671607587855042816,-0.000000128
1671607587874494720,-0.000001294
1671607587894922240,-0.000002055
1671607587914288640,-0.000000431
1671607587934578944,-0.000000099
1671607587955021824,0.000000938
1671607587976506112,0.000000832
1671607587994906880,0.000000245
1671607588015111424,-0.000000238
1671607588034173696,-0.000001223
1671607588054849280,-0.000001585
1671607588074990336,-0.000001027
1671607588095673600,-0.000000958
1671607588114123264,-0.000000556
1671607588134579456,0.000000083
1671607588155322112,0.000000036
1671607588176285440,0.000000351
1671607588194586112,0.000000274
1671607588215086336,-0.000000240
1671607588234505728,-0.000000641
1671607588255199744,-0.000001217
1671607588274165504,0.000000703
1671607588294552064,0.000000428
1671607588314843136,0.000000790
1671607588334220288,0.000000100
1671607588354470912,0.000000170
1671607588376920832,0.000000346
1671607588394361856,0.000000480
1671607588414665984,0.000000736
1671607588433987072,-0.000000314
1671607588454428416,-0.000000761
1671607588474895104,-0.000001703
1671607588494386176,-0.000001798
1671607588514755584,-0.000000494
1671607588534142208,-0.000000574
1671607588554528768,-0.000001802
1671607588577063680,-0.000002008
1671607588594338560,-0.000002426
1671607588614683904,-0.000002500
1671607588634937088,-0.000003415
1671607588654399488,-0.000002611
1671607588674785536,-0.000001148
1671607588694024704,-0.000000166
1671607588714386688,0.000000821
1671607588735010560,0.000000121
1671607588754594304,0.000000029
1671607588777543168,-0.000000242
1671607588794786560,0.000000015
1671607588814397696,0.000000971
1671607588834656512,0.000001287
1671607588854070528,-0.000000142
1671607588874846464,0.000000260
1671607588894250496,0.000000913
1671607588914513920,0.000002653
1671607588935025408,0.000003364
1671607588954375168,0.000003805
1671607588977128960,0.000003432
1671607588994381824,0.000003150
1671607589014854400,0.000003195
1671607589034353920,0.000003736
1671607589054898688,0.000003580
1671607589074270976,0.000003653
1671607589094601216,0.000003088
1671607589115052288,0.000003068
1671607589134125312,0.000003676
1671607589154573312,0.000003471
1671607589176727040,0.000003429
1671607589195201024,0.000002911
1671607589214266112,0.000002436
1671607589234500096,0.000002026
1671607589255297536,-0.000000037
1671607589274488832,0.000000175
1671607589295020288,0.000001231
1671607589315088384,0.000000985
1671607589334286336,0.000000563
1671607589354708992,0.000000098
1671607589376798208,-0.000000337
1671607589394181376,-0.000000784
1671607589414372608,-0.000001011
1671607589434455808,-0.000001772
1671607589455062272,-0.000003059
1671607589474227200,-0.000002546
1671607589494667776,-0.000002711
1671607589514143744,-0.000000731
1671607589534542080,0.000000631
1671607589555095808,0.000001462
1671607589576424960,0.000003373
1671607589594692096,0.000003409
1671607589614957056,0.000004395
1671607589634006016,0.000003685
1671607589654414848,0.000004010
1671607589674092032,0.000002604
1671607589694719232,0.000001981
1671607589714220800,0.000001106
1671607589734486528,0.000000532
1671607589754379264,0.000000745
1671607589776923136,-0.000000120
1671607589794206464,-0.000001118
1671607589815110144,-0.000000508
1671607589834301184,0.000000805
1671607589854541312,0.000000363
1671607589875025664,-0.000000683
1671607589894298368,-0.000001288
1671607589914771456,-0.000002360
1671607589934252800,-0.000003127
1671607589954861824,-0.000003948
1671607589976391168,-0.000003003
1671607589994942720,-0.000001952
1671607590014652672,-0.000001084
1671607590034898432,-0.000000212
1671607590054344192,0.000000756
1671607590074733312,0.000000413
1671607590094067456,0.000000474
1671607590114668800,0.000000704
1671607590135076096,-0.000000422
1671607590154465792,-0.000001681
1671607590176829696,-0.000004877
1671607590194106880,-0.000005033
1671607590214705408,-0.000003410
1671607590234162176,-0.000001157
1671607590254745600,0.000000031
1671607590274771456,-0.000000334
1671607590294987264,-0.000000457
1671607590314338304,0.000000582
1671607590334690304,-0.000000272
1671607590355393792,-0.000000575
1671607590376530688,-0.000001196
1671607590395039232,-0.000000430
1671607590414529024,-0.000000474
1671607590434659328,-0.000000232
1671607590455185408,-0.000001547
1671607590474381568,-0.000000248
1671607590494832128,-0.000000405
1671607590514277120,0.000000455
1671607590534958080,0.000001979
1671607590554654976,-0.000000480
1671607590576240128,0.000000259
1671607590594251520,0.000000209
1671607590614883840,0.000000341
1671607590635096064,0.000001252
1671607590654899712,0.000001884
1671607590674866176,0.000002003
1671607590695089920,0.000001686
1671607590714418688,0.000001206
1671607590734527488,-0.000000040
1671607590755101184,-0.000001019
1671607590777808640,-0.000001217
1671607590794183936,-0.000000610
1671607590814782976,-0.000000138
1671607590834880512,-0.000001127
1671607590855348480,0.000000867
1671607590874885888,0.000001573
1671607590894237952,0.000000647
1671607590914418688,0.000002821
1671607590934754048,0.000002582
1671607590955586560,0.000000296
1671607590976754432,-0.000000522
1671607590994180864,0.000000372
1671607591014561024,0.000000834
1671607591034908160,0.000000501
1671607591054343936,-0.000000701
1671607591074867712,0.000000848
1671607591094301440,0.000000430
1671607591114537472,0.000000139
1671607591134843648,-0.000000452
1671607591155545088,-0.000000392
1671607591176602880,-0.000000922
1671607591194992896,0.000000684
1671607591214564864,0.000000507
1671607591234897664,0.000000865
1671607591254333696,-0.000001047
1671607591274816000,-0.000002243
1671607591295106048,-0.000000673
1671607591314365184,0.000001999
1671607591334475008,0.000000789
1671607591355235584,0.000001121
1671607591376418560,0.000000402
1671607591394859520,-0.000001770
1671607591414497024,-0.000003230
1671607591434684928,-0.000002021
1671607591455130624,-0.000002555
1671607591474405376,-0.000000497
1671607591494736896,-0.000000277
1671607591515031296,0.000001898
1671607591534310912,0.000000897
1671607591554604288,-0.000001307
1671607591575945728,-0.000001044
1671607591594667776,-0.000000168
1671607591614817792,-0.000000943
1671607591635159552,-0.000000394
1671607591654647808,-0.000001108
1671607591675047936,0.000000700
1671607591694528000,-0.000000674
1671607591714975232,-0.000001573
1671607591734364160,-0.000001318
1671607591754946048,-0.000002840
1671607591777477376,-0.000002113
1671607591794784768,0.000000169
1671607591814299904,-0.000000115
1671607591834852352,0.000001498
1671607591855437312,-0.000000136
1671607591874607360,-0.000000383
1671607591895027200,-0.000000606
1671607591914375168,0.000000074
1671607591934968832,0.000000673
1671607591954214400,0.000001518
1671607591976734720,0.000002802
1671607591994953728,0.000000650
1671607592014534656,-0.000001872
1671607592034855680,-0.000001763
1671607592055175424,-0.000002070
1671607592074505984,-0.000000033
1671607592094928128,0.000000172
1671607592114430976,-0.000001037
1671607592134696704,-0.000003378
1671607592155138816,-0.000004696
1671607592176328704,-0.000000684
1671607592194586880,0.000000948
1671607592215096832,0.000001832
1671607592234257664,0.000000399
1671607592254760448,-0.000001063
1671607592274459136,-0.000001000
1671607592294878720,-0.000002474
1671607592314131456,-0.000001804
1671607592334321664,-0.000003119
1671607592354768384,-0.000002006
1671607592375990272,-0.000001822
1671607592394564608,-0.000002648
1671607592415083520,-0.000001974
1671607592435042304,0.000000035
1671607592454229504,0.000001439
1671607592474798080,-0.000001948
1671607592494311424,-0.000002459
1671607592514849536,-0.000002856
1671607592534217984,0.000000078
1671607592554618880,-0.000000142
1671607592575983360,-0.000000338
1671607592594509312,0.000001043
1671607592614769920,-0.000000894
1671607592634339072,-0.000000100
1671607592654666752,-0.000001963
1671607592674142208,-0.000001652
1671607592694593280,0.000001645
1671607592714409728,0.000002012
1671607592735099904,0.000002803
1671607592754883584,-0.000000358
1671607592776737024,-0.000002743
1671607592794901248,-0.000001159
1671607592815070208,-0.000000191
1671607592835271168,0.000001319
1671607592854493696,0.000001571
1671607592874982912,-0.000000444
1671607592894359296,-0.000000190
1671607592914602496,-0.000001175
1671607592935141632,-0.000000744
1671607592954313472,-0.000001057
1671607592977118208,-0.000000299
1671607592994290944,0.000000193
1671607593014694656,-0.000000617
1671607593034899456,0.000000853
1671607593054131456,0.000001648
1671607593075040000,0.000002899
1671607593094443264,0.000001407
1671607593114836736,0.000002738
1671607593134942720,0.000002264
1671607593154167296,0.000002137
1671607593176660480,0.000001121
1671607593195166976,-0.000000935
1671607593214172416,0.000000239
1671607593234787328,0.000000744
1671607593255144960,0.000001439
1671607593274704128,0.000002011
1671607593295301120,-0.000000916
1671607593314597120,-0.000000816
1671607593334907136,-0.000003362
1671607593354370816,-0.000001761
1671607593376765696,-0.000000117
1671607593395141888,0.000000702
1671607593414597376,0.000004117
1671607593434617856,0.000003718
1671607593455010048,0.000001654
1671607593474597632,0.000001429
1671607593494950656,0.000000463
1671607593514478592,-0.000000347
1671607593534641152,-0.000000090
1671607593554996224,-0.000000796
1671607593576567296,0.000001082
1671607593594751232,0.000002051
1671607593615262208,0.000001288
1671607593634450688,0.000000011
1671607593654759168,-0.000001719
1671607593674108416,-0.000001422
1671607593694547456,-0.000002284
1671607593715008512,-0.000004161
1671607593734478080,-0.000001305
1671607593754995968,-0.000000342
1671607593776241664,-0.000002092
1671607593794690048,-0.000000339
1671607593814333184,0.000001343
1671607593834519552,0.000000414
1671607593854940416,0.000000259
1671607593874321408,-0.000000994
1671607593894717184,-0.000001650
1671607593915042816,0.000000531
1671607593934211840,0.000000111
1671607593954800128,0.000000166
1671607593976131328,-0.000000059
1671607593994699008,0.000001031
1671607594015220736,0.000000932
1671607594034429696,0.000002613
1671607594055150592,0.000002513
1671607594074547712,0.000002544
1671607594095169536,0.000001788
1671607594114361088,0.000001995
1671607594134646272,0.000000497
1671607594155343872,0.000000391
1671607594176419584,-0.000000378
1671607594194770688,-0.000000836
1671607594214072320,-0.000000351
1671607594234335488,-0.000000983
1671607594254999040,-0.000000044
1671607594275034880,-0.000001141
1671607594294724352,0.000000678
1671607594314886400,0.000002724
1671607594334186240,0.000003098
1671607594354932224,0.000001702
1671607594376204544,0.000000740
1671607594394758656,0.000000871
1671607594414033152,-0.000000936
1671607594434630912,-0.000002635
1671607594455286272,-0.000001901
1671607594474350592,-0.000001694
1671607594494838784,0.000000402
1671607594514361344,0.000001152
1671607594534537728,0.000001700
1671607594555003648,0.000001184
1671607594576390912,0.000000079
1671607594594693376,0.000000953
1671607594615065088,0.000000302
1671607594634378752,-0.000001401
1671607594654905088,-0.000000074
1671607594674201088,0.000000681
1671607594694837760,-0.000000055
1671607594714104832,-0.000000491
1671607594734610176,0.000000014
1671607594754234880,-0.000000240
1671607594776329984,-0.000000002
1671607594794991104,-0.000000735
1671607594814727680,0.000000532
1671607594835073536,0.000000780
1671607594854640128,0.000002531
1671607594874131968,0.000001820
1671607594894316032,0.000001194
1671607594914721024,0.000001331
1671607594935071232,0.000000460
1671607594954688256,-0.000000613
1671607594975866368,-0.000000670
1671607594994496256,0.000000011
1671607595014949120,0.000000313
1671607595034459392,0.000001475
1671607595054827264,0.000001445
1671607595074498560,0.000001509
1671607595094146816,0.000001118
1671607595114672640,0.000000201
1671607595134989056,-0.000000064
1671607595154257664,-0.000002048
1671607595176945408,-0.000001832
1671607595194452736,-0.000003702
1671607595214959616,-0.000003235
1671607595234218752,-0.000001819
1671607595254593792,0.000000031
1671607595275089664,0.000001450
1671607595294264064,-0.000000091
1671607595314532096,-0.000000390
1671607595334644480,0.000000720
1671607595355360256,0.000000221
1671607595376326912,-0.000000841
1671607595394472960,-0.000000398
1671607595414808576,0.000000049
1671607595433889024,-0.000001562
1671607595454404864,-0.000001285
1671607595474440192,-0.000001046
1671607595494849536,0.000000474
1671607595514022656,0.000003147
1671607595534219776,0.000002911
1671607595554813184,0.000002118
1671607595575894016,0.000002962
1671607595594170368,0.000003159
1671607595614490112,0.000002537
1671607595634744064,0.000001120
1671607595654024960,0.000000090
1671607595674601984,-0.000000652
1671607595693926656,-0.000000528
1671607595714421248,-0.000000755
1671607595735319808,0.000000764
1671607595754466816,0.000000351
1671607595777042688,0.000001796
1671607595794447616,0.000000556
1671607595815214336,0.000000747
1671607595834357504,0.000000984
1671607595854757888,0.000000459
1671607595874211840,0.000000039
1671607595894747904,0.000001046
1671607595913850368,0.000003151
1671607595934074880,0.000002735
1671607595954926080,0.000002435
1671607595976251904,0.000003201
1671607595994424832,0.000002266
1671607596014889472,0.000001297
1671607596034051328,0.000000439
1671607596054410496,0.000000610
1671607596074862080,0.000001141
1671607596094145280,0.000000286
1671607596114630912,0.000001329
1671607596134827264,0.000002173
1671607596154553600,0.000001888
1671607596175878400,0.000001177
1671607596194166016,-0.000000489
1671607596214475520,0.000000571
1671607596234712832,0.000001139
1671607596255332608,0.000001128
1671607596274397696,-0.000000911
1671607596294968320,-0.000000956
1671607596314263296,0.000000988
1671607596334482176,-0.000000855
1671607596355035904,-0.000001282
1671607596376059392,-0.000000559
1671607596394322944,-0.000001011
1671607596414642688,-0.000001334
1671607596434700288,-0.000001304
1671607596455397120,-0.000000931
1671607596474579968,-0.000000733
1671607596494073088,-0.000002476
1671607596514395136,-0.000001218
1671607596535018752,-0.000001183
1671607596554173696,-0.000001999
1671607596576695296,-0.000001688
1671607596594929152,-0.000001100
1671607596614264576,0.000000421
1671607596634330624,0.000000731
1671607596654700032,-0.000000988
1671607596674158336,-0.000003032
1671607596694565888,-0.000002092
1671607596714792192,-0.000001524
1671607596734160640,-0.000001994
1671607596754898944,-0.000001167
1671607596777961472,-0.000000095
1671607596794232832,0.000001453
1671607596814908160,0.000000734
1671607596834170112,-0.000001564
1671607596855115520,-0.000001352
1671607596874451712,-0.000000406
1671607596894728192,-0.000000124
1671607596914812672,0.000000808
1671607596934166784,0.000000861
1671607596954747648,0.000000550
1671607596976231936,-0.000001295
1671607596994550784,-0.000002944
1671607597013993984,-0.000001467
1671607597034049024,0.000002090
1671607597054676480,0.000001383
1671607597074894336,-0.000000691
1671607597094412800,-0.000002419
1671607597114718208,-0.000001923
1671607597135033856,-0.000001781
1671607597154443264,-0.000001804
1671607597175878656,-0.000002230
1671607597194027776,-0.000000733
1671607597214497024,-0.000000262
1671607597234815232,-0.000000775
1671607597255499776,-0.000001080
1671607597274823680,0.000000174
1671607597294169600,0.000000320
1671607597314471936,0.000001580
1671607597334592768,0.000000952
1671607597354852608,0.000000415
1671607597376406016,-0.000000763
1671607597394765568,-0.000002093
1671607597415025152,-0.000002912
1671607597434181632,-0.000001951
1671607597454402560,-0.000001319
1671607597474894336,-0.000001144
1671607597494153984,-0.000000311
1671607597514357504,0.000000993
1671607597534645504,0.000001903
1671607597555358464,-0.000001314
1671607597576414976,-0.000001372
1671607597594726656,-0.000003078
1671607597614018560,-0.000002354
1671607597634198272,-0.000001884
1671607597654638336,-0.000001145
1671607597675090176,-0.000001797
1671607597694209792,-0.000001769
1671607597714624256,-0.000001384
1671607597735114240,0.000000018
1671607597754552832,0.000000753
1671607597777108736,0.000000467
1671607597794522624,0.000000471
1671607597815086592,0.000001329
1671607597834136320,0.000001738
1671607597855009536,0.000000052
1671607597875063040,0.000000357
1671607597894441984,0.000000224
1671607597915060480,0.000000106
1671607597934173184,-0.000001098
1671607597954923008,-0.000000766
1671607597976130048,-0.000001490
1671607597994493184,-0.000000609
1671607598015079936,0.000000227
1671607598034109952,-0.000000046
1671607598054530560,-0.000000624
1671607598075092224,0.000000212
1671607598094240512,0.000000907
1671607598114505984,0.000001120
1671607598134645760,0.000000424
1671607598155180800,0.000000269
1671607598176282112,0.000000210
1671607598194725632,0.000001035
1671607598214993664,0.000001849
1671607598234273792,0.000001251
1671607598254943488,0.000002061
1671607598275008768,-0.000000186
1671607598294431488,0.000000424
1671607598314872320,0.000001501
1671607598333911552,0.000003507
1671607598354715648,0.000001617
1671607598376868608,0.000000535
1671607598394109440,0.000000000
1671607598414584832,0.000000947
1671607598434398976,-0.000001627
1671607598455254784,-0.000003273
1671607598474339328,-0.000004791
1671607598494822144,-0.000003676
1671607598513979136,-0.000001708
1671607598534505728,-0.000000474
1671607598554737920,-0.000001387
1671607598576260608,-0.000000909
1671607598594623744,-0.000001296
1671607598614143488,-0.000001308
1671607598634781952,-0.000001876
1671607598654970368,-0.000000596
1671607598674462208,-0.000001280
1671607598695084032,-0.000002414
1671607598714311680,-0.000003161
1671607598735016192,-0.000001387
1671607598754374144,-0.000003554
1671607598776897536,-0.000000678
1671607598794003712,0.000001281
1671607598814939392,0.000002712
1671607598834036224,0.000004213
1671607598854401792,0.000001653
1671607598874874368,0.000000457
1671607598894222848,0.000001852
1671607598914601216,0.000003797
1671607598934859008,0.000003829
1671607598954048256,0.000004476
1671607598976510464,0.000002132
1671607598994882560,0.000001386
1671607599014162176,0.000001610
1671607599034449408,0.000000880
1671607599054836480,0.000000561
1671607599074360064,-0.000000188
1671607599094853120,0.000001742
1671607599114286848,0.000001644
1671607599134490112,0.000000273
1671607599154858240,-0.000000153
1671607599176684032,-0.000000030
1671607599194839808,0.000000117
1671607599214017280,0.000000145
1671607599234565376,-0.000000731
1671607599254990080,-0.000000618
1671607599274519808,-0.000000476
1671607599295014144,0.000001150
1671607599314230016,0.000001206
1671607599334551808,0.000002878
1671607599354888448,0.000001896
1671607599376188672,0.000000921
1671607599394534912,0.000000613
1671607599414102784,0.000001205
1671607599434351872,-0.000000707
1671607599454883072,-0.000001022
1671607599474211840,-0.000001458
1671607599494963456,-0.000000687
1671607599514342400,0.000001424
1671607599534935040,0.000000003
1671607599554207488,-0.000001667
1671607599576647424,-0.000000589
1671607599595042560,-0.000001565
1671607599614148864,-0.000000460
1671607599634345984,-0.000000421
1671607599654646528,-0.000001437
1671607599674138368,-0.000001551
1671607599694479360,-0.000001671
1671607599715065600,-0.000001884
1671607599734379008,-0.000002841
1671607599754215424,-0.000002496
1671607599777385472,-0.000002312
1671607599794127360,-0.000001753
1671607599815281664,-0.000002203
1671607599834302720,-0.000004051
1671607599854716416,-0.000002346
1671607599874191872,-0.000002614
1671607599894725632,0.000000488
1671607599913976320,-0.000001640
1671607599934452992,-0.000005025
1671607599955115264,-0.000003385
1671607599976577024,-0.000001187
1671607599995069696,-0.000000525
1671607600014593792,0.000000933
1671607600034957312,-0.000001201
1671607600054352896,-0.000001458
1671607600074852864,0.000001961
1671607600094272000,0.000005257
1671607600114633216,0.000005167
1671607600134924544,0.000001807
1671607600153978112,0.000003682
1671607600176492800,0.000002909
1671607600194739712,0.000002483
1671607600214166528,0.000001807
1671607600234360832,0.000001007
1671607600254659072,0.000002690
1671607600274117376,0.000001485
1671607600294728960,0.000000447
1671607600314959360,0.000001682
1671607600334109952,0.000000686
1671607600355011584,0.000002398
1671607600376325376,0.000001617
1671607600394704384,0.000001792
1671607600414153728,0.000001548
1671607600434317056,0.000000427
1671607600454460672,0.000000785
1671607600474802688,0.000002294
1671607600495002624,0.000001434
1671607600514300928,0.000001622
1671607600534801152,0.000001512
1671607600554176256,0.000000628
1671607600576803328,-0.000000161
1671607600594981888,0.000000828
1671607600614227968,-0.000000061
1671607600634637824,0.000001009
1671607600655130368,-0.000000742
1671607600674327808,-0.000001618
1671607600694801408,-0.000001093
1671607600714128128,0.000000907
1671607600734568960,0.000000952
1671607600754189824,0.000000264
1671607600777527808,0.000000324
1671607600794517248,0.000001454
1671607600814009344,0.000000312
1671607600834306304,0.000000073
1671607600854698496,-0.000000050
1671607600874321920,0.000001729
1671607600894684160,0.000002281
1671607600915010048,0.000001798
1671607600934461952,0.000001899
1671607600954786816,0.000001655
1671607600976257536,0.000000437
1671607600994818560,0.000000723
1671607601014464256,0.000001571
1671607601034748672,0.000001245
1671607601054162176,0.000000502
1671607601074850048,0.000001110
1671607601094019328,0.000001828
1671607601114434304,0.000001736
1671607601134606848,0.000000379
1671607601155368960,0.000000095
1671607601176741120,0.000001162
1671607601194217984,0.000002144
1671607601214791168,0.000000315
1671607601234110720,-0.000001313
1671607601254712320,-0.000000384
1671607601274166784,0.000000796
1671607601294733056,0.000000006
1671607601315092992,-0.000000143
1671607601334428672,0.000001213
1671607601354927360,0.000001993
1671607601376370944,0.000000584
1671607601394775040,-0.000000636
1671607601414226176,-0.000000329
1671607601434921216,-0.000001169
1671607601454445568,-0.000000952
1671607601475051008,0.000000071
1671607601494510592,0.000000037
1671607601515021568,0.000000841
1671607601534231808,-0.000000381
1671607601554635008,-0.000002098
1671607601576328960,-0.000002737
1671607601594560512,-0.000003040
1671607601615003392,-0.000001915
1671607601634192384,-0.000001439
1671607601654889472,-0.000002079
1671607601674948096,-0.000001788
1671607601694200832,-0.000001581
1671607601714446848,-0.000001143
1671607601735209984,-0.000000700
1671607601754507776,-0.000000567
1671607601776680960,0.000000243
1671607601794952704,0.000000700
1671607601814552832,0.000002658
1671607601835079168,0.000002890
1671607601854484480,0.000001114
1671607601874853120,0.000002199
1671607601894177792,0.000002558
1671607601914599424,0.000002497
1671607601934861824,0.000001555
1671607601954311680,0.000001229
1671607601977077248,0.000000970
1671607601994219776,0.000000112
1671607602014857216,0.000000200
1671607602034295552,-0.000000484
1671607602054657536,-0.000000649
1671607602074648832,-0.000001407
1671607602095306496,-0.000000582
1671607602114908672,-0.000000296
1671607602134245376,-0.000000639
1671607602154733824,-0.000002286
1671607602176482816,-0.000003037
1671607602194872064,-0.000002507
1671607602214450688,-0.000003608
1671607602234931456,-0.000003662
1671607602254343680,-0.000002359
1671607602274922496,-0.000002753
1671607602294189568,-0.000001224
1671607602314718976,-0.000000295
1671607602334911232,0.000000869
1671607602354145280,0.000001442
1671607602376706560,0.000000802
1671607602395045888,-0.000000137
1671607602414468096,0.000000297
1671607602435095552,-0.000000790
1671607602454670336,0.000000119
1671607602474907392,-0.000000672
1671607602494462720,-0.000001649
1671607602514883584,-0.000000693
1671607602534083584,0.000000139
1671607602554919936,-0.000000179
1671607602576101632,-0.000000952
1671607602594371072,-0.000000736
1671607602614833408,-0.000000782
1671607602634394880,-0.000001689
1671607602654498560,-0.000001593
1671607602675119616,-0.000002467
1671607602694622720,-0.000002392
1671607602715013120,-0.000000952
1671607602734325760,-0.000000002
1671607602754950400,0.000000224
1671607602777784064,0.000000296
1671607602794271744,0.000000759
1671607602815111168,-0.000000942
1671607602834596864,-0.000002581
1671607602854185984,-0.000002808
1671607602874513920,-0.000000774
1671607602895170048,-0.000001809
1671607602914170624,-0.000000345
1671607602934430720,0.000000773
1671607602955004928,0.000000104
1671607602975521024,-0.000001160
1671607602994996736,-0.000001238
1671607603014062848,-0.000002133
1671607603034173184,-0.000003224
1671607603054881280,-0.000002120
1671607603074126848,-0.000000921
1671607603094582784,-0.000001709
1671607603114061312,0.000001003
1671607603134375936,0.000000151
1671607603154866176,-0.000000909
1671607603176077824,-0.000000112
1671607603194618112,0.000000320
1671607603214146304,-0.000000875
1671607603234846720,-0.000001874
1671607603254349056,-0.000001004
1671607603274494464,0.000000216
1671607603294824448,-0.000000316
1671607603314137344,0.000000125
1671607603335024128,-0.000000093
1671607603354647808,-0.000001981
1671607603376807936,-0.000002302
1671607603394338560,-0.000003404
1671607603414590208,-0.000002454
1671607603434909696,-0.000002335
1671607603454415872,-0.000000964
1671607603474547456,0.000000736
1671607603494777600,0.000000719
1671607603515034880,0.000003281
1671607603534120448,0.000004752
1671607603554755328,0.000002795
1671607603575960832,0.000002250
1671607603594437888,0.000002177
1671607603614700032,0.000002666
1671607603634979840,0.000003723
1671607603654431232,0.000003211
1671607603674876672,0.000001641
1671607603694213632,0.000000720
1671607603714662912,0.000000870
1671607603734446848,-0.000000291
1671607603754856960,-0.000002378
1671607603776424960,-0.000001534
1671607603794640640,-0.000002588
1671607603814557952,-0.000000186
1671607603834633472,-0.000000828
1671607603854980096,-0.000001711
1671607603874584576,-0.000001134
1671607603894138624,-0.000000710
1671607603914510592,-0.000000723
1671607603935013888,0.000000044
1671607603954780928,-0.000000694
1671607603976393216,-0.000002017
1671607603994760192,-0.000002064
1671607604014073600,-0.000000534
1671607604034286336,-0.000001104
1671607604055175680,-0.000001839
1671607604074159616,-0.000001785
1671607604094699520,-0.000003385
1671607604114017024,-0.000003444
1671607604134454784,-0.000002216
1671607604155160576,-0.000003031
1671607604176348160,-0.000000587
1671607604194765056,-0.000000099
1671607604215145472,0.000001350
1671607604234326784,0.000000287
1671607604255140608,-0.000000618
1671607604274078720,0.000000340
1671607604294425600,-0.000000350
1671607604314672640,-0.000000154
1671607604334865920,0.000002075
1671607604354171392,0.000003103
1671607604375730688,0.000002811
1671607604394174720,0.000001915
1671607604414281216,0.000001477
1671607604434605568,0.000000410
1671607604454343936,0.000000532
1671607604474968320,0.000000553
1671607604494256128,-0.000000261
1671607604514819584,-0.000000494
1671607604534137088,0.000000190
1671607604554483456,-0.000000625
1671607604576156416,-0.000000686
1671607604594754048,0.000000259
1671607604615267072,0.000000602
1671607604634544896,0.000001453
1671607604654827776,0.000001354
1671607604674145792,0.000001268
1671607604694673152,0.000001889
1671607604715071488,0.000002193
1671607604734286592,-0.000000053
1671607604755542272,-0.000000078
1671607604776943104,-0.000000855
1671607604795142144,0.000000906
1671607604814530048,0.000001471
1671607604834740480,-0.000000852
1671607604854060800,-0.000001610
1671607604874506752,-0.000001438
1671607604895009024,-0.000000150
1671607604914663680,-0.000000472
1671607604934371584,0.000001346
1671607604954813696,0.000002001
1671607604976219392,0.000001150
1671607604994512384,0.000000088
1671607605015088640,-0.000000041
1671607605034330368,-0.000000253
1671607605054478592,-0.000000211
1671607605075131136,0.000000316
1671607605094372352,0.000001816
1671607605114953728,0.000001044
1671607605134337280,0.000001684
1671607605154593024,0.000000571
1671607605176162304,-0.000001028
1671607605194705408,-0.000000134
1671607605215201024,-0.000000479
1671607605234438400,-0.000000575
1671607605255408128,-0.000003054
1671607605274310656,-0.000002585
1671607605294784512,-0.000001395
1671607605314046976,0.000001496
1671607605334276352,0.000001432
1671607605354743552,0.000000157
1671607605376161280,0.000000650
1671607605394621184,0.000001513
1671607605414059520,0.000002079
1671607605434347264,0.000000435
1671607605454864896,-0.000000463
1671607605474215424,-0.000000614
1671607605494795008,-0.000000635
1671607605514106624,-0.000001824
1671607605534581504,-0.000001230
1671607605555488000,-0.000001559
1671607605575687680,-0.000001020
1671607605595064320,-0.000000170
1671607605614550272,0.000000103
1671607605634924800,0.000000302
1671607605654256384,0.000000617
1671607605674774272,0.000001357
1671607605694188800,0.000001731
1671607605714643712,0.000001376
1671607605735034880,0.000001203
1671607605754387712,-0.000000143
1671607605776747520,-0.000001623
1671607605794706944,-0.000001375
1671607605814316800,-0.000000823
1671607605834848512,-0.000000889
1671607605854260736,0.000000052
1671607605874802688,0.000000949
1671607605894171136,0.000001043
1671607605914694656,0.000001544
1671607605933958144,0.000002818
1671607605954343168,0.000002205
1671607605976122112,0.000001159
1671607605994692608,0.000000148
1671607606014131200,-0.000000787
1671607606034372608,-0.000000615
1671607606054934272,-0.000001043
1671607606074320384,-0.000000816
1671607606094864128,-0.000001553
1671607606113971456,0.000000357
1671607606134636288,-0.000000043
1671607606153844224,0.000000746
1671607606176539392,0.000002647
1671607606194086400,0.000002908
1671607606214471424,0.000001136
1671607606234881792,-0.000001647
1671607606254455552,-0.000003266
1671607606274009344,-0.000003044
1671607606294753280,-0.000003648
1671607606314613504,-0.000002898
1671607606335109632,0.000000037
1671607606354351616,0.000000692
1671607606376235520,0.000000932
1671607606394557952,0.000000872
1671607606414041600,0.000001636
1671607606434243328,0.000000247
1671607606454705152,-0.000001458
1671607606474543104,-0.000001302
1671607606494505472,-0.000002048
1671607606515000064,-0.000001153
1671607606534162944,-0.000000304
1671607606554235904,-0.000000868
1671607606575753728,-0.000000392
1671607606594071040,0.000001123
1671607606614621440,0.000000700
1671607606634039040,0.000001290
1671607606654418176,0.000000671
1671607606674791936,0.000001261
1671607606694260480,0.000001222
1671607606714853120,0.000000736
1671607606734714880,0.000000739
1671607606754178816,-0.000000679
1671607606776820480,-0.000001491
1671607606794204416,-0.000000843
1671607606814521088,-0.000001210
1671607606833840896,-0.000001581
1671607606854789376,-0.000001544
1671607606874064384,-0.000001287
1671607606894437120,-0.000000734
1671607606914862848,-0.000000286
1671607606934113536,0.000001313
1671607606954499584,0.000002195
1671607606976249344,0.000000827
1671607606994632448,0.000000037
1671607607015016448,-0.000000556
1671607607034284800,-0.000000863
1671607607054839552,-0.000000544
1671607607074088960,-0.000000562
1671607607094602240,-0.000001485
1671607607114012160,-0.000002302
1671607607134639104,-0.000002055
1671607607155053312,-0.000001078
1671607607175474176,-0.000000678
1671607607194869760,-0.000000154
1671607607214595328,0.000001188
1671607607234371840,0.000000766
1671607607254973952,0.000001399
1671607607274253312,0.000000546
1671607607294703872,-0.000000639
1671607607314003456,-0.000000003
1671607607334455808,-0.000001047
1671607607354653952,-0.000001277
1671607607376268032,-0.000001980
1671607607394410496,-0.000001336
1671607607414779648,-0.000000712
1671607607433819392,-0.000000507
1671607607454452480,-0.000000341
1671607607475115264,0.000000507
1671607607494400000,0.000000490
1671607607514781440,0.000001684
1671607607534996480,0.000001430
1671607607554143232,0.000002040
1671607607575626240,0.000002414
1671607607595177728,0.000002129
1671607607614477568,0.000001245
1671607607634640128,0.000000371
1671607607654979584,0.000000319
1671607607674442752,-0.000000147
1671607607694045184,-0.000001634
1671607607714534400,-0.000000657
1671607607735098880,0.000000270
1671607607754971648,0.000000539
1671607607775201536,-0.000000230
1671607607794997760,-0.000001338
1671607607814947584,-0.000000986
1671607607835101952,-0.000001513
1671607607854478848,-0.000001553
1671607607875119104,-0.000000670
1671607607894521088,-0.000000131
1671607607914904832,0.000000144
1671607607935243520,-0.000000256
1671607607954509568,-0.000000115
1671607607975982592,-0.000000098
1671607607994446080,0.000000528
1671607608014901760,0.000001327
1671607608034099200,-0.000000181
1671607608054539008,-0.000000398
1671607608075086336,0.000000651
1671607608094667008,0.000002004
1671607608114398208,0.000002407
1671607608134065920,0.000001278
1671607608154399744,-0.000000182
1671607608176058624,0.000000008
1671607608194746624,0.000000094
1671607608214287872,0.000001163
1671607608234523392,0.000000036
1671607608255053824,-0.000000952
1671607608274133248,-0.000001249
1671607608294428672,-0.000000987
1671607608314916864,-0.000000022
1671607608334060800,-0.000000330
1671607608353286912,-0.000001377
1671607608375846400,-0.000002044
1671607608394085888,-0.000002466
1671607608414952704,-0.000000502
1671607608433341440,0.000000016
1671607608455919616,-0.000000422
1671607608474336512,-0.000000263
1671607608495005952,-0.000001546
1671607608514140928,-0.000000129
1671607608534708224,0.000000054
1671607608554119680,0.000001198
1671607608575604992,0.000000841
1671607608593945856,-0.000000401
1671607608614405120,-0.000001928
1671607608634846208,-0.000002527
1671607608653994496,-0.000001767
1671607608674625280,-0.000000108
1671607608693953792,0.000000299
1671607608714189056,0.000001358
1671607608734520832,0.000002024
1671607608754064128,0.000002563
1671607608777426176,0.000002211
1671607608794011392,0.000002153
1671607608814723328,0.000002562
1671607608833917696,0.000003075
1671607608854304512,0.000003951
1671607608874669056,0.000003368
1671607608894081024,0.000002125
1671607608914590464,0.000003155
1671607608935017472,0.000003367
1671607608954785536,0.000002062
1671607608976844032,0.000000542
1671607608994180608,0.000000761
1671607609014880768,0.000000402
1671607609035047168,0.000001131
1671607609054852864,0.000000105
1671607609074915072,-0.000000251
1671607609094132992,-0.000000218
1671607609114623744,0.000000665
1671607609134917376,0.000000562
1671607609154549248,-0.000000745
1671607609175897344,-0.000001289
1671607609194305792,0.000000824
1671607609214848512,0.000002093
1671607609234105344,0.000001085
1671607609253636352,0.000000619
1671607609273762560,-0.000000082
1671607609294225920,-0.000000294
1671607609313576704,-0.000000455
1671607609335092480,-0.000002044
1671607609354633984,-0.000002727
1671607609376057344,-0.000003283
1671607609394422528,-0.000001762
1671607609414107136,-0.000001368
1671607609433830144,-0.000000997
1671607609454285568,-0.000000334
1671607609474851328,0.000000976
1671607609493529600,0.000002505
1671607609514978816,0.000004066
1671607609534298368,0.000003154
1671607609555084800,0.000002946
1671607609575224064,0.000002096
1671607609593742592,0.000000602
1671607609614317056,0.000001134
1671607609634540544,0.000000762
1671607609654243328,0.000001578
1671607609673399040,0.000001620
1671607609693848576,0.000001613
1671607609714248192,0.000001743
1671607609733603072,0.000000761
1671607609755036928,0.000002275
1671607609776144128,0.000003623
1671607609794239488,0.000002427
1671607609814796800,0.000000608
1671607609833925120,-0.000000377
1671607609854588928,-0.000000537
1671607609874624000,-0.000002713
1671607609894027520,-0.000002152
1671607609914163968,0.000000318
1671607609933353984,-0.000000148
1671607609954932992,0.000002363
1671607609975328256,0.000001075
1671607609994676224,0.000000363
1671607610015309824,-0.000003603
1671607610034793984,-0.000003680
1671607610054053120,-0.000003612
1671607610074605056,-0.000001003
1671607610095043840,-0.000000001
1671607610114272768,0.000000394
1671607610134510080,0.000001579
1671607610155053312,0.000000163
1671607610175311616,-0.000003991
1671607610194945280,-0.000005359
1671607610215216640,-0.000004621
1671607610234661888,-0.000002611
1671607610254091008,0.000000134
1671607610274293248,0.000001116
1671607610293722368,-0.000000643
1671607610313880064,0.000000875
1671607610334268928,0.000000551
1671607610353693952,-0.000000542
1671607610375393536,-0.000001736
1671607610395040256,-0.000002910
1671607610414411008,-0.000002007
1671607610434770688,-0.000001585
1671607610454068480,-0.000000299
1671607610474589952,0.000002322
1671607610493949952,0.000003095
1671607610514387968,0.000002987
1671607610534783488,0.000003940
1671607610554358784,0.000004453
1671607610575681280,0.000002798
1671607610595266816,0.000000403
1671607610614651136,-0.000000543
1671607610633891072,-0.000001852
1671607610654302976,-0.000002762
1671607610673678592,0.000000068
1671607610694163200,0.000001044
1671607610714783232,0.000003781
1671607610734155264,0.000003801
1671607610753753344,0.000002160
1671607610776105728,0.000001580
1671607610794296320,0.000001733
1671607610813925888,0.000002203
1671607610834554624,0.000000278
1671607610855113728,-0.000004151
1671607610874182656,-0.000003876
1671607610895120128,-0.000003237
1671607610914345216,-0.000003209
1671607610933758464,-0.000000748
1671607610953972736,-0.000001169
1671607610975489792,0.000000529
1671607610994076672,0.000001407
1671607611014542080,0.000000901
1671607611033599232,-0.000001538
1671607611054141952,-0.000002955
1671607611073384448,-0.000004404
1671607611094768128,-0.000002544
1671607611115215104,0.000000494
1671607611133427968,0.000001145
1671607611155176704,0.000002659
1671607611175431680,0.000002929
1671607611194086656,0.000000688
1671607611214694144,0.000000715
1671607611234991360,-0.000001007
1671607611254316800,-0.000000224
1671607611274843392,-0.000001694
1671607611294370048,-0.000002043
1671607611313797120,-0.000001236
1671607611335092736,-0.000000292
1671607611354573312,0.000000582
1671607611375873536,0.000001681
1671607611394230528,0.000001701
1671607611414658048,-0.000000233
1671607611434994688,-0.000003037
1671607611454813952,-0.000003142
1671607611474820352,-0.000003390
1671607611495085312,-0.000002278
1671607611514399744,-0.000000231
1671607611534629120,0.000001256
1671607611555238912,0.000000619
1671607611575294208,-0.000000480
1671607611594661632,-0.000002946
1671607611615044096,-0.000002543
1671607611635209216,-0.000002295
1671607611653773824,-0.000002893
1671607611674291968,-0.000001333
1671607611694451456,0.000001913
1671607611713639168,0.000001399
1671607611735051776,0.000000804
1671607611753645056,-0.000001893
1671607611775385856,-0.000004895
1671607611793845504,-0.000002806
1671607611814241792,-0.000001514
1671607611833577728,0.000000056
1671607611855391744,-0.000000835
1671607611874399232,0.000001666
1671607611893761280,0.000001445
1671607611915045888,-0.000000077
1671607611934402816,-0.000001098
1671607611953974784,-0.000001189
1671607611976163328,-0.000002273
1671607611993287168,-0.000002860
1671607612014797568,-0.000001326
1671607612033364480,-0.000002184
1671607612055107072,-0.000000488
1671607612074531072,0.000000081
1671607612094023680,-0.000001847
1671607612113441536,-0.000003502
1671607612134093056,-0.000004289
1671607612154659072,-0.000005353
1671607612175681024,-0.000003809
1671607612195016448,-0.000001790
1671607612214295296,-0.000000150
1671607612234708224,0.000000679
1671607612254183424,0.000000690
1671607612274533376,-0.000000358
1671607612293991680,-0.000000872
1671607612314719488,-0.000003438
1671607612334097920,-0.000003936
1671607612353763072,-0.000004381
1671607612375015936,-0.000001787
1671607612393700096,-0.000000127
1671607612414162944,-0.000000243
1671607612433622784,0.000000673
1671607612454962944,0.000002328
1671607612474789376,0.000001684
1671607612493770496,0.000000698
1671607612515188224,-0.000001614
1671607612533635840,-0.000001928
1671607612554158336,-0.000001914
1671607612575592960,0.000000154
1671607612594192896,0.000000802
1671607612614691328,0.000000787
1671607612634239488,0.000001167
1671607612654159616,0.000001066
1671607612674269440,0.000000864
1671607612693573120,0.000001788
1671607612714265344,0.000001391
1671607612734780416,0.000001433
1671607612754337280,0.000002286
1671607612775132160,0.000002043
1671607612793733632,0.000001529
1671607612814327808,0.000000450
1671607612834043392,0.000000455
1671607612854262528,0.000001486
1671607612873859840,-0.000000036
1671607612894552576,-0.000000316
1671607612914077184,-0.000001643
1671607612933605888,-0.000001954
1671607612953858048,-0.000000114
1671607612975392256,0.000001105
1671607612994163968,0.000001120
1671607613014619648,0.000001806
1671607613033853952,0.000002452
1671607613053403136,0.000002594
1671607613073881344,0.000003494
1671607613094423296,0.000002940
1671607613113536000,0.000001936
1671607613133864704,0.000002800
1671607613154254080,0.000001896
1671607613175872512,0.000000799
1671607613194334976,0.000002549
1671607613213659648,0.000002643
1671607613234131968,0.000001797
1671607613253946368,0.000001513
1671607613274063872,0.000001967
1671607613294819840,0.000000940
1671607613314275328,0.000001545
1671607613333821184,0.000002187
1671607613354560256,0.000000628
1671607613375878656,-0.000000034
1671607613394070784,0.000000224
1671607613413407488,0.000000759
1671607613433834496,0.000000854
1671607613453326336,0.000001512
1671607613474062080,0.000001155
1671607613493748992,0.000001119
1671607613514150912,0.000001294
1671607613533626880,0.000001908
1671607613554026240,0.000001606
1671607613575588608,0.000000443
1671607613594194176,-0.000000308
1671607613613553408,0.000000567
1671607613633947136,0.000001677
1671607613653407232,0.000001085
1671607613674005760,0.000001700
1671607613693375744,0.000001611
1671607613713912832,0.000002193
1671607613734229760,0.000003050
1671607613753846272,0.000000365
1671607613776388352,-0.000001197
1671607613794317824,-0.000000988
1671607613814179072,0.000000204
1671607613834853632,0.000001387
1671607613854259456,0.000001591
1671607613873695232,0.000000514
1671607613893360128,0.000000636
1671607613915010304,0.000002354
1671607613934224896,0.000001882
1671607613953485312,0.000001797
1671607613976163840,-0.000000273
1671607613994325248,0.000000265
1671607614013653504,0.000001169
1671607614033845760,-0.000000110
1671607614054127872,-0.000000293
1671607614073752576,-0.000000040
1671607614094391296,0.000000423
1671607614113500928,0.000002375
1671607614133831936,0.000001640
1671607614154170112,0.000000067
1671607614175475712,0.000001224
1671607614193740544,0.000001640
1671607614214138880,0.000002071
1671607614234431488,0.000002120
1671607614253849344,0.000000842
1671607614274166272,0.000002404
1671607614293464064,0.000001531
1671607614313725696,0.000001284
1671607614334915328,0.000001409
1671607614353485312,0.000000741
1671607614375628288,-0.000000493
1671607614395125248,0.000001360
1671607614414273536,0.000001538
1671607614433545472,0.000000805
1671607614455111168,0.000001061
1671607614474179840,0.000001599
1671607614493528064,0.000001408
1671607614514856448,0.000002736
1671607614534005504,0.000002392
1671607614553635072,0.000001145
1671607614576029184,0.000001327
1671607614593554176,0.000000289
1671607614613827328,-0.000000453
1671607614633246464,-0.000000087
1671607614653761536,0.000000843
1671607614674222336,0.000001522
1671607614694482176,0.000001144
1671607614713865472,0.000002474
1671607614734623488,0.000001231
1671607614753854208,0.000000142
1671607614775120128,-0.000000425
1671607614793505792,0.000000830
1671607614814390528,0.000000513
1671607614833742592,-0.000000573
1671607614854500608,-0.000000423
1671607614873544448,-0.000000559
1671607614893964288,-0.000001630
1671607614913226496,-0.000001774
1671607614934646016,-0.000000864
1671607614954247424,-0.000000948
1671607614975677184,-0.000001199
1671607614994051072,-0.000001145
1671607615014336768,-0.000000437
1671607615033478656,-0.000000158
1671607615054068224,-0.000000885
1671607615073334272,-0.000000994
1671607615093700864,-0.000000892
1671607615114292480,-0.000000129
1671607615134629888,-0.000000573
1671607615154083584,-0.000001140
1671607615175297536,-0.000000677
1671607615193902336,-0.000001395
1671607615213512704,-0.000002738
1671607615234910720,-0.000002992
1671607615254405376,-0.000003868
1671607615273627136,-0.000004135
1671607615293098496,-0.000003200
1671607615313805568,-0.000001899
1671607615333165056,-0.000001088
1671607615353980416,-0.000001399
1671607615375210240,-0.000001688
1671607615393957888,-0.000000504
1671607615414271744,-0.000000059
1671607615433829376,-0.000001067
1671607615454405632,-0.000002127
1671607615473587200,-0.000000456
1671607615494002944,-0.000002008
1671607615513398528,-0.000002115
1671607615533492736,-0.000002132
1671607615554565632,-0.000002547
1671607615575607552,-0.000003387
1671607615594073344,-0.000002210
1671607615613518336,-0.000000478
1671607615633829632,0.000000191
1671607615654654976,-0.000000668
1671607615673710592,0.000001198
1671607615694061824,0.000001806
1671607615713431040,0.000002374
1671607615733937152,0.000001885
1671607615753926912,0.000001227
1671607615776934400,0.000000582
1671607615793172480,0.000000117
1671607615813771776,0.000000347
1671607615833193216,-0.000000136
1671607615853727488,-0.000001377
1671607615873269760,-0.000000807
1671607615893920000,0.000000567
1671607615913297664,0.000000377
1671607615933651456,0.000000602
1671607615953978368,0.000002028
1671607615975389952,0.000002391
1671607615993770496,0.000001729
1671607616013944320,0.000002503
1671607616033061888,0.000002527
1671607616053774592,0.000001697
1671607616074061824,0.000000154
1671607616093423104,-0.000000811
1671607616113704960,0.000001717
1671607616133978368,0.000001764
1671607616153417472,-0.000000534
1671607616175762944,0.000001054
1671607616194412288,0.000001228
1671607616213607168,-0.000000290
1671607616233118976,-0.000001205
1671607616253489408,-0.000001971
1671607616273867008,-0.000002818
1671607616293195008,-0.000002830
1671607616313633792,-0.000001562
1671607616334027008,-0.000000047
1671607616353252096,0.000000054
1671607616376008960,0.000000452
1671607616393304320,0.000000957
1671607616413740032,0.000002671
1671607616433855744,0.000002443
1671607616454193408,0.000001827
1671607616473737728,0.000000489
1671607616494257920,0.000000028
1671607616513732608,-0.000000724
1671607616533972992,-0.000002810
1671607616553539328,-0.000003497
1671607616575895296,-0.000002316
1671607616594411264,-0.000000562
1671607616613873920,0.000000712
1671607616634097408,-0.000001085
1671607616653329408,-0.000000081
1671607616673804288,0.000001895
1671607616693280256,0.000000290
1671607616713790720,-0.000000467
1671607616733847552,-0.000000515
1671607616753356800,0.000000621
1671607616776438784,-0.000000022
1671607616793419776,-0.000000654
1671607616814259712,-0.000001196
1671607616833707008,-0.000000560
1671607616854602240,-0.000001290
1671607616873809408,-0.000002184
1671607616893470720,-0.000002353
1671607616913883392,-0.000001037
1671607616933613056,-0.000000936
1671607616954153984,-0.000000489
1671607616975506944,-0.000001264
1671607616993906432,-0.000000362
1671607617013461504,0.000001153
1671607617034005248,0.000001222
1671607617054671360,0.000000280
1671607617073748480,-0.000001673
1671607617094290688,-0.000002117
1671607617114047744,-0.000001793
1671607617134326272,-0.000002123
1671607617153899008,-0.000001238
1671607617175292672,-0.000000974
1671607617193714176,-0.000000918
1671607617214216960,0.000000469
1671607617233693184,0.000000851
1671607617254279424,0.000000640
1671607617273409536,-0.000000399
1671607617294051072,-0.000001215
1671607617314053888,0.000000320
1671607617334378240,0.000000512
1671607617353975808,-0.000001386
1671607617376168448,0.000000313
1671607617393399808,0.000000469
1671607617413884160,0.000000114
1671607617434139136,-0.000001695
1671607617453579008,-0.000000415
1671607617473835520,-0.000000087
1671607617493402880,-0.000000766
1671607617513826304,-0.000000082
1671607617534242048,-0.000000241
1671607617553973248,-0.000001179
1671607617575264256,-0.000000333
1671607617593673216,0.000001151
1671607617614205696,0.000000944
1671607617633304320,0.000000497
1671607617653893376,0.000000591
1671607617674232832,0.000000513
1671607617693666048,0.000000918
1671607617714076160,0.000001832
1671607617733450496,0.000000746
1671607617754205952,-0.000000434
1671607617776984320,-0.000001869
1671607617793527552,-0.000002445
1671607617814311168,-0.000001598
1671607617833640704,-0.000000901
1671607617854144256,-0.000001717
1671607617873522688,0.000000178
1671607617893201152,0.000000708
1671607617913937920,0.000001088
1671607617934150400,0.000003343
1671607617953468928,0.000003167
1671607617976133632,0.000001981
1671607617994276864,0.000001624
1671607618013891584,0.000001452
1671607618033266176,0.000001442
1671607618053936640,0.000001703
1671607618074450432,0.000001564
1671607618093631744,0.000001785
1671607618114183168,0.000002570
1671607618133438976,0.000001613
1671607618154035968,-0.000000039
1671607618175442432,-0.000000434
1671607618194149888,-0.000000609
1671607618213648384,-0.000002205
1671607618233335552,-0.000002027
1671607618253656064,-0.000001872
1671607618274153216,-0.000000721
1671607618294443520,0.000000738
1671607618313623040,0.000000204
1671607618333751296,0.000001400
1671607618354510848,0.000001543
1671607618375547136,0.000001902
1671607618393868800,0.000002116
1671607618413458688,0.000003788
1671607618433951232,0.000002211
1671607618453346816,0.000000860
1671607618473980672,0.000000549
1671607618493288448,-0.000000438
1671607618513779712,0.000000296
1671607618534099456,0.000002344
1671607618553360384,0.000000553
1671607618575903232,0.000000329
1671607618594226944,-0.000000005
1671607618613658112,0.000000081
1671607618634114304,0.000000530
1671607618653340928,0.000000384
1671607618674032384,-0.000000861
1671607618694265856,-0.000000388
1671607618713654016,0.000000713
1671607618734013952,0.000001430
1671607618753805312,0.000002122
1671607618776289024,0.000001313
1671607618793472000,0.000000239
1671607618814126080,0.000000110
1671607618834223360,-0.000000723
1671607618853640960,-0.000002251
1671607618874341632,-0.000001994
1671607618893605120,-0.000002007
1671607618914155520,-0.000000446
1671607618933563136,0.000001887
1671607618953997568,0.000001823
1671607618975801088,0.000001101
1671607618994163456,0.000001394
1671607619013589760,0.000000665
1671607619033965824,0.000000379
1671607619053242112,-0.000000432
1671607619074094592,-0.000000510
1671607619093533440,-0.000001003
1671607619113817600,0.000000975
1671607619134209536,0.000001620
1671607619153510656,0.000002381
1671607619176061696,0.000002459
1671607619193485824,0.000002440
1671607619213864960,0.000003002
1671607619234380800,0.000001853
1671607619254035200,-0.000001097
1671607619274220032,-0.000003103
1671607619293635328,-0.000002941
1671607619314003712,-0.000001459
1671607619334258176,-0.000001964
1671607619353806848,-0.000000448
1671607619376015616,0.000000721
1671607619393356800,0.000000307
1671607619413702144,0.000000123
1671607619433770752,0.000000482
1671607619454596608,-0.000001195
1671607619473388544,-0.000003073
1671607619493817856,-0.000003323
1671607619514276096,-0.000001904
1671607619533576960,-0.000002805
1671607619554353408,-0.000002056
1671607619575334144,-0.000001032
1671607619593738496,0.000000107
1671607619614299136,0.000001176
1671607619633487104,0.000000752
1671607619654260992,-0.000000589
1671607619674261760,-0.000002662
1671607619693886464,-0.000003556
1671607619714188032,-0.000002501
1671607619733693952,-0.000001684
1671607619754249472,-0.000000735
1671607619775860736,-0.000000091
1671607619793297408,-0.000000707
1671607619813945344,-0.000000362
1671607619833167360,0.000001466
1671607619853568512,0.000000056
1671607619874071552,-0.000000863
1671607619893411840,-0.000001922
1671607619913851904,-0.000001921
1671607619934139648,-0.000001825
1671607619953367552,-0.000001263
1671607619976020224,-0.000000599
1671607619994299648,0.000001418
1671607620013619712,0.000004145
1671607620033407488,0.000003928
1671607620053842432,0.000004068
1671607620074310400,0.000003828
1671607620093803520,0.000002807
1671607620114461696,-0.000000475
1671607620133551360,-0.000000677
1671607620154333952,-0.000001265
1671607620175674368,-0.000001131
1671607620194213120,-0.000001929
1671607620213569280,-0.000002321
1671607620234082560,-0.000000306
1671607620253627904,0.000001265
1671607620273905920,0.000000937
1671607620293291008,0.000000493
1671607620313707008,-0.000000935
1671607620333920000,-0.000001956
1671607620353202688,-0.000001521
1671607620375743744,-0.000003224
1671607620394032128,-0.000003350
1671607620413395968,-0.000001865
1671607620433846272,-0.000001630
1671607620453527552,0.000000679
1671607620473846784,0.000001113
1671607620494314240,0.000000095
1671607620513484800,0.000002616
1671607620533923584,0.000002610
1671607620554546688,0.000002444
1671607620575563520,0.000003058
1671607620593794816,0.000001471
1671607620614092800,0.000001837
1671607620634185728,0.000001226
1671607620653798144,0.000001209
1671607620674002688,0.000003416
1671607620693543680,0.000002814
1671607620714203392,0.000003077
1671607620733773824,0.000003393
1671607620754361856,0.000001209
1671607620776499968,0.000001869
1671607620793475584,0.000000667
1671607620814131200,-0.000000656
1671607620833623296,-0.000000988
1671607620854020608,0.000000301
1671607620873716992,0.000002537
1671607620894382848,0.000003833
1671607620913326592,0.000003500
1671607620933686016,0.000002447
1671607620953968896,0.000000639
1671607620975645696,-0.000000571
1671607620993970944,-0.000000687
1671607621014255616,0.000000630
1671607621033574144,0.000001761
1671607621053868288,0.000007581
1671607621074439936,0.000006231
1671607621093782784,0.000004894
1671607621114232064,0.000003248
1671607621134369024,0.000000732
1671607621153626880,-0.000001537
1671607621175185408,-0.000000943
1671607621193627648,0.000000261
1671607621214173952,0.000002221
1671607621233315328,0.000001944
1671607621253867008,0.000001502
1671607621273287424,-0.000001447
1671607621293611776,-0.000003148
1671607621314032384,-0.000002978
1671607621333539072,-0.000000474
1671607621353982208,0.000000332
1671607621375528192,0.000001377
1671607621393906944,-0.000000376
1671607621414413568,-0.000002193
1671607621433496576,-0.000004408
1671607621454169344,-0.000007437
1671607621473554176,-0.000007366
1671607621494036480,-0.000006603
1671607621513169664,-0.000005751
1671607621533551104,-0.000003134
1671607621553655808,-0.000002053
1671607621576235264,-0.000002538
1671607621593415936,-0.000002954
1671607621614123776,-0.000002397
1671607621633237248,-0.000002298
1671607621653535232,-0.000001264
1671607621674074368,-0.000000622
1671607621693374976,-0.000000614
1671607621714273536,0.000001709
1671607621733848064,0.000000844
1671607621753325056,-0.000000735
1671607621775833856,-0.000002577
1671607621794021888,-0.000001234
1671607621813672704,-0.000001131
1671607621833107456,-0.000001731
1671607621853634048,-0.000002347
1671607621874084096,-0.000002548
1671607621893674240,-0.000001171
1671607621914264320,-0.000000574
1671607621933334784,-0.000001227
1671607621953500160,-0.000001717
1671607621975957248,-0.000000630
1671607621993239040,-0.000002694
1671607622013860864,-0.000002092
1671607622034282496,-0.000001041
1671607622053555968,0.000000563
1671607622073991168,0.000001336
1671607622093551616,0.000001986
1671607622114031616,0.000003268
1671607622133186816,0.000000812
1671607622153832448,-0.000000640
1671607622176038912,-0.000002288
1671607622193402624,-0.000002206
1671607622213922816,-0.000001654
1671607622234015232,-0.000000583
1671607622254514944,0.000001657
1671607622273509888,0.000002638
1671607622293854208,0.000001843
1671607622314132992,0.000002484
1671607622333237760,0.000003309
1671607622353752320,0.000001342
1671607622375252224,-0.000000158
1671607622393671680,-0.000000083
1671607622413232896,0.000001332
1671607622433384192,0.000000994
1671607622453860864,0.000002384
1671607622473194496,0.000003084
1671607622493524224,0.000001049
1671607622514034944,0.000001824
1671607622534075648,-0.000000428
1671607622553401344,-0.000001843
1671607622576016128,-0.000002907
1671607622593210880,-0.000002055
1671607622613489152,-0.000000876
1671607622633993984,0.000000001
1671607622654449920,-0.000000635
1671607622673643008,-0.000000484
1671607622693950720,-0.000000035
1671607622713257472,0.000000052
1671607622733612288,0.000000092
1671607622753153024,0.000000294
1671607622776096768,-0.000001067
1671607622793630720,-0.000000508
1671607622813149184,-0.000001029
1671607622833737728,-0.000002289
1671607622854109696,-0.000001111
1671607622873580800,0.000001263
1671607622894253312,0.000003137
1671607622913636608,0.000003898
1671607622933841152,0.000003130
1671607622954169088,0.000001837
1671607622975515136,-0.000000104
1671607622993978880,-0.000003197
1671607623013328128,-0.000003209
1671607623033537792,0.000000852
1671607623053955072,0.000001553
1671607623073158656,0.000001667
1671607623093595136,0.000003064
1671607623113880832,0.000002212
1671607623134094848,-0.000002106
1671607623153351680,-0.000002954
1671607623175942400,-0.000003111
1671607623193153024,-0.000001934
1671607623213394944,-0.000000907
1671607623233787904,0.000002554
1671607623254144512,0.000003172
1671607623273610752,-0.000000134
1671607623294016256,-0.000002063
1671607623313577216,-0.000003087
1671607623333922304,-0.000001855
1671607623353230592,0.000000525
1671607623375897088,0.000002461
1671607623394230272,0.000002916
1671607623413337856,-0.000000453
1671607623433823744,-0.000001848
1671607623453343744,-0.000003366
1671607623473680896,-0.000000949
1671607623494170368,-0.000000378
1671607623513516544,0.000002459
1671607623533860352,0.000003660
1671607623553231360,0.000001973
1671607623575675136,-0.000001031
1671607623593886976,-0.000001141
1671607623613169664,-0.000001226
1671607623633513216,-0.000000639
1671607623653919232,0.000000718
1671607623673183744,0.000002846
1671607623693608192,0.000001692
1671607623713957120,0.000001482
1671607623733436672,0.000000584
1671607623753140736,0.000000504
1671607623775951360,-0.000001024
1671607623793235200,-0.000003430
1671607623813843712,-0.000002803
1671607623834127872,-0.000000387
1671607623853358592,0.000000072
1671607623873999104,-0.000000263
1671607623893296384,-0.000000045
1671607623913743616,0.000000092
1671607623933948672,0.000000575
1671607623953257216,0.000000236
1671607623975996672,-0.000001873
1671607623993299712,0.000002213
1671607624013575936,0.000003806
1671607624033825280,0.000002870
1671607624054518528,0.000004688
1671607624073687040,0.000002386
1671607624093192704,0.000000621
1671607624113957888,0.000000016
1671607624133965056,-0.000001865
1671607624153257472,-0.000001467
1671607624175962368,-0.000000209
1671607624193402880,-0.000000524
1671607624213905664,-0.000000256
1671607624233165824,-0.000001178
1671607624253929472,-0.000000996
1671607624273946112,-0.000000731
1671607624293402624,-0.000001235
1671607624314105088,-0.000000768
1671607624333460992,0.000001276
1671607624354292992,0.000001686
1671607624375566848,0.000000130
1671607624393918464,-0.000001170
1671607624413179648,-0.000001260
1671607624433632000,-0.000001791
1671607624454161920,-0.000002327
1671607624473646080,-0.000003236
1671607624493222400,-0.000001873
1671607624513786880,0.000000479
1671607624534148352,0.000000823
1671607624553371392,0.000000682
1671607624576190208,0.000000380
1671607624593231616,-0.000000255
1671607624613430016,0.000000473
1671607624633995008,-0.000000705
1671607624653270784,-0.000001037
1671607624673833728,-0.000002248
1671607624693328896,-0.000001932
1671607624713964544,0.000001353
1671607624734166272,0.000002924
1671607624753822720,0.000003865
1671607624776038400,0.000003646
1671607624793288960,0.000002396
1671607624813748480,0.000001699
1671607624834205184,0.000000775
1671607624853728000,-0.000000684
1671607624873291776,-0.000001198
1671607624893611776,-0.000001807
1671607624914659840,-0.000001302
1671607624933470464,0.000000244
1671607624953670144,0.000001515
1671607624976145408,0.000002345
1671607624993437440,0.000002330
1671607625013747456,0.000000982
1671607625033165056,0.000001270
1671607625054078464,0.000000226
1671607625074325248,0.000001667
1671607625093682944,0.000002169
1671607625114320128,-0.000001209
1671607625133768448,-0.000000721
1671607625153980672,-0.000000496
1671607625175718400,-0.000000596
1671607625193187584,-0.000001704
1671607625213708800,-0.000000098
1671607625234011648,0.000001150
1671607625253403904,0.000001899
1671607625273788416,0.000001346
1671607625293414912,-0.000000230
1671607625313848320,0.000001605
1671607625333294848,0.000000232
1671607625353904896,-0.000001482
1671607625376199168,-0.000004225
1671607625393550592,-0.000002846
1671607625414295808,-0.000001229
1671607625433529088,0.000000705
1671607625454651392,0.000000578
1671607625473648384,0.000000701
1671607625494301952,-0.000000549
1671607625513786112,-0.000002038
1671607625533165312,-0.000003220
1671607625553973504,-0.000003204
1671607625575012864,-0.000003021
1671607625593300224,-0.000002182
1671607625613733632,0.000000253
1671607625633966848,0.000000534
1671607625653641984,0.000001828
1671607625673760768,0.000001869
1671607625694160128,0.000000818
1671607625713664768,0.000000367
1671607625733188864,-0.000000022
1671607625753756416,-0.000000803
1671607625775590144,-0.000001484
1671607625794164992,0.000000781
1671607625813547264,0.000001698
1671607625834290176,0.000000309
1671607625853935360,0.000002494
1671607625874204160,0.000003306
1671607625893585408,0.000002326
1671607625914237184,0.000000935
1671607625933741312,-0.000000012
1671607625954274304,-0.000000768
1671607625975677184,-0.000000194
1671607625993985536,-0.000001703
1671607626013651200,0.000000881
1671607626033755392,0.000001893
1671607626054460160,0.000001482
1671607626073294848,0.000001817
1671607626094004736,0.000000170
1671607626113218304,0.000002074
1671607626133779456,0.000002206
1671607626153364736,0.000001338
1671607626175863808,0.000001542
1671607626193304064,0.000001903
1671607626214084096,-0.000000031
1671607626233290240,-0.000001682
1671607626254073600,-0.000002758
1671607626273125120,-0.000003345
1671607626293673216,-0.000003138
1671607626314132736,-0.000000719
1671607626333245440,0.000000318
1671607626354075648,-0.000000955
1671607626376361472,-0.000001932
1671607626394061056,-0.000001850
1671607626413199360,-0.000002311
1671607626433473280,-0.000000665
1671607626454057984,-0.000000394
1671607626473305600,0.000000785
1671607626494022912,-0.000000188
1671607626513295872,-0.000000601
1671607626533633792,-0.000002238
1671607626553252608,-0.000001565
1671607626575623936,-0.000001593
1671607626593846784,-0.000000873
1671607626613215488,0.000000768
1671607626633566464,0.000001919
1671607626653903872,0.000000548
1671607626673339648,-0.000000235
1671607626693863936,-0.000003001
1671607626713267712,-0.000000942
1671607626733994496,-0.000000360
1671607626753588736,-0.000000034
1671607626775325696,-0.000000206
1671607626794139904,0.000001972
1671607626813945088,0.000000814
1671607626834166272,-0.000001480
1671607626853408256,-0.000001090
1671607626874177536,-0.000001819
1671607626893636864,-0.000001782
1671607626914091520,-0.000001575
1671607626933396224,0.000000533
1671607626953969152,0.000001231
1671607626975242240,0.000000944
1671607626993530368,0.000002335
1671607627014103040,0.000001475
1671607627034166528,-0.000000261
1671607627053629440,-0.000002018
1671607627073831168,0.000000211
1671607627093109504,0.000000865
1671607627113340672,0.000001016
1671607627133617152,0.000003220
1671607627154319872,0.000003039
1671607627175458560,0.000001347
1671607627193655808,-0.000000757
1671607627214010112,-0.000001723
1671607627233106432,-0.000002212
1671607627253962752,-0.000002989
1671607627274047744,-0.000000998
1671607627293508352,0.000000303
1671607627314031616,0.000001599
1671607627333212416,0.000001658
1671607627353508864,0.000002555
1671607627375905024,0.000002806
1671607627393182464,0.000001211
1671607627413607936,0.000000954
1671607627434069760,0.000001247
1671607627453380096,0.000000814
1671607627473852928,-0.000000976
1671607627493245952,-0.000000160
1671607627513485312,0.000000353
1671607627533873408,0.000000339
1671607627553132032,-0.000000715
1671607627575839488,0.000000855
1671607627594063616,0.000000612
1671607627613232896,-0.000001025
1671607627633564928,-0.000000216
1671607627653851392,0.000001346
1671607627673300224,0.000000780
1671607627693757184,0.000000167
1671607627714236416,0.000000844
1671607627733544192,0.000000728
1671607627754169856,-0.000000855
1671607627775715584,-0.000000780
1671607627793846528,-0.000000378
1671607627813465344,-0.000000788
1671607627833957376,-0.000001008
1671607627853294336,0.000000807
1671607627874043392,0.000001410
1671607627893572096,0.000000237
1671607627914212096,0.000002478
1671607627933199360,0.000001771
1671607627953643008,-0.000000547
1671607627975087872,-0.000000569
1671607627993359360,0.000000188
1671607628013734400,-0.000000937
1671607628034061312,0.000000398
1671607628053348864,0.000002895
1671607628073676544,0.000002697
1671607628093078016,0.000001935
1671607628113393664,0.000001836
1671607628133955840,-0.000000658
1671607628154597120,-0.000001636
1671607628175622656,-0.000002256
1671607628194115328,-0.000000366
1671607628213674240,0.000000195
1671607628234109696,0.000001527
1671607628253347328,0.000003107
1671607628273759488,0.000002140
1671607628293342464,0.000000494
1671607628313697536,0.000000915
1671607628333962496,-0.000000999
1671607628353982208,-0.000002589
1671607628376011264,-0.000001859
1671607628393459712,0.000000579
1671607628413693184,0.000001010
1671607628434212864,0.000001921
1671607628454178304,0.000003213
1671607628473809664,0.000002362
1671607628493287168,-0.000000260
1671607628513768960,-0.000000435
1671607628534005248,-0.000000446
1671607628553314048,-0.000001556
1671607628575991040,-0.000002138
1671607628594104832,0.000000533
1671607628613823488,0.000003069
1671607628633166848,0.000002506
1671607628653497600,0.000001677
1671607628674029056,0.000001189
1671607628693391872,-0.000000282
1671607628713900288,-0.000002191
1671607628734218240,-0.000003641
1671607628753720576,-0.000002626
1671607628776308992,-0.000000774
1671607628793952000,-0.000000147
1671607628813436160,0.000000798
1671607628834059520,0.000002255
1671607628853360128,0.000001446
1671607628873879552,0.000000210
1671607628893534976,-0.000002374
1671607628913966848,-0.000001925
1671607628933466624,-0.000001916
1671607628953937920,-0.000001936
1671607628975343616,-0.000000680
1671607628993963776,0.000000282
1671607629014519040,0.000000112
1671607629033319168,0.000000521
1671607629053780480,-0.000000702
1671607629073220096,-0.000000625
1671607629093959936,-0.000001383
1671607629113573376,-0.000002148
1671607629133847808,-0.000000275
1671607629154239488,0.000000013
1671607629175836416,-0.000001028
1671607629194419456,-0.000000983
1671607629214096384,0.000000424
1671607629233273088,0.000000639
1671607629253731584,0.000000877
1671607629273364736,0.000001270
1671607629294259968,-0.000000094
1671607629313487104,-0.000000287
1671607629334186496,0.000000835
1671607629353738240,-0.000001549
1671607629375181312,-0.000001458
1671607629393430528,-0.000000143
1671607629413775104,0.000000611
1671607629434027008,-0.000000742
1671607629453434368,-0.000000918
1671607629473672192,0.000000128
1671607629493974016,-0.000001154
1671607629513385472,-0.000001245
1671607629533588480,-0.000000687
1671607629554331904,-0.000000520
1671607629575549952,-0.000000829
1671607629593860352,0.000000685
1671607629613455616,0.000001368
1671607629633688064,0.000000817
1671607629654041344,-0.000000425
1671607629673376000,-0.000001707
1671607629693696512,-0.000003040
1671607629714051072,-0.000002906
1671607629733355520,-0.000001236
1671607629754063104,-0.000000672
1671607629776568320,0.000000262
1671607629793289472,0.000001661
1671607629813796608,0.000001505
1671607629834132992,0.000001640
1671607629853393920,0.000001631
1671607629873937408,0.000000686
1671607629893576448,-0.000000338
1671607629914131968,-0.000001092
1671607629933336576,-0.000001194
1671607629954265344,-0.000001252
1671607629975531520,0.000000094
1671607629994186752,0.000000616
1671607630013483008,0.000001229
1671607630033897216,0.000002751
1671607630053386752,0.000002420
1671607630073891840,0.000002220
1671607630093374208,0.000002979
1671607630114074112,-0.000000261
1671607630133399296,-0.000000230
1671607630153552384,-0.000000283
1671607630175143680,-0.000001631
1671607630193636096,-0.000002667
1671607630214142976,-0.000001613
1671607630233275136,0.000000788
1671607630253509888,0.000002202
1671607630274082304,0.000001874
1671607630293390592,0.000002353
1671607630313802240,0.000001755
1671607630333911040,0.000001503
1671607630354532352,0.000001826
1671607630374910976,0.000000492
1671607630393203200,-0.000001021
1671607630413730560,-0.000001493
1671607630434274816,-0.000002723
1671607630453644288,-0.000003217
1671607630474200320,-0.000001215
1671607630493771776,0.000000594
1671607630513559808,0.000001313
1671607630533992448,0.000001711
1671607630554199552,0.000002781
1671607630575865088,0.000001289
1671607630594186752,0.000000206
1671607630613358848,0.000000253
1671607630633519360,-0.000000915
1671607630654160640,-0.000001219
1671607630673395712,-0.000001400
1671607630693815552,-0.000001243
1671607630714235904,-0.000000979
1671607630733656832,0.000000991
1671607630753420800,0.000001824
1671607630775727872,0.000001337
1671607630793533952,0.000001121
1671607630813150208,0.000002225
1671607630833750528,-0.000000283
1671607630854297856,-0.000002948
1671607630873768192,-0.000002816
1671607630893277696,-0.000001574
1671607630913507328,-0.000000186
1671607630934100992,0.000001241
1671607630953479424,0.000003090
1671607630975938048,0.000002804
1671607630993263360,0.000000837
1671607631014093312,0.000001673
1671607631033324544,0.000001168
1671607631053793792,-0.000000593
1671607631073352960,-0.000002277
1671607631093904384,-0.000001569
1671607631114490368,-0.000001427
1671607631133831936,-0.000000981
1671607631154393856,0.000000439
1671607631174949632,0.000000914
1671607631194164992,0.000001640
1671607631213433344,0.000001841
1671607631233883904,0.000002806
1671607631253313792,0.000001198
1671607631273605632,-0.000001530
1671607631294321664,-0.000002954
1671607631313695744,-0.000002208
1671607631333941504,-0.000002344
1671607631353273856,-0.000001621
1671607631375041536,0.000000072
1671607631393469696,0.000002775
1671607631414156544,0.000002514
1671607631433472768,0.000001408
1671607631453876224,0.000002180
1671607631474238208,0.000001040
1671607631493711616,0.000000145
1671607631513209856,0.000000922
1671607631533647872,-0.000000073
1671607631554210560,-0.000001079
1671607631574682624,-0.000000025
1671607631594326784,0.000002041
1671607631613747712,0.000002750
1671607631634186240,0.000001652
1671607631653333504,0.000001044
1671607631673963520,-0.000000760
1671607631693656576,-0.000002585
1671607631713413120,-0.000002429
1671607631733678336,-0.000000801
1671607631753486080,0.000001318
1671607631776334592,0.000001314
1671607631793310976,0.000001679
1671607631813702656,0.000000632
1671607631834078976,-0.000000250
1671607631853769984,-0.000001834
1671607631874125056,-0.000002944
1671607631893491200,-0.000002529
1671607631914364928,-0.000000142
1671607631933198080,-0.000000146
1671607631953639424,-0.000000257
1671607631975077120,-0.000000749
1671607631993524992,-0.000001460
1671607632014156800,-0.000003228
1671607632033199616,-0.000002965
1671607632053689856,-0.000002963
1671607632074176768,-0.000000392
1671607632093404160,0.000000259
1671607632113780224,0.000000100
1671607632133278464,0.000000720
1671607632153916928,0.000001032
1671607632175347968,-0.000000675
1671607632193562368,-0.000001875
1671607632214003200,-0.000001988
1671607632234105344,-0.000002705
1671607632253392896,-0.000002765
1671607632273923328,-0.000001188
1671607632293221120,0.000000782
1671607632314267392,0.000000867
1671607632334142208,0.000000857
1671607632353434624,0.000000981
1671607632376101632,-0.000000611
1671607632393368576,-0.000001204
1671607632413896960,-0.000000807
1671607632433227008,0.000000572
1671607632453614336,0.000000641
1671607632474020608,-0.000000129
1671607632493318912,0.000000244
1671607632513830912,0.000001853
1671607632533978368,0.000002048
1671607632553427456,0.000001484
1671607632575893504,0.000000531
1671607632593455360,0.000000217
1671607632614299904,-0.000001818
1671607632633568256,-0.000004259
1671607632654319360,-0.000002792
1671607632673379072,-0.000001205
1671607632693729280,-0.000000053
1671607632714124800,0.000000719
1671607632733645824,0.000003079
1671607632753616896,0.000003025
1671607632776967680,0.000001041
1671607632793436160,-0.000000643
1671607632814175232,-0.000001002
1671607632833612800,-0.000002556
1671607632854276096,-0.000002242
1671607632873535232,-0.000000579
1671607632893869824,0.000001471
1671607632913409792,0.000002384
1671607632934069760,0.000002802
1671607632953501440,0.000002302
1671607632976157440,-0.000000279
1671607632993412352,-0.000002969
1671607633013698816,-0.000003538
1671607633034050048,-0.000001951
1671607633053418752,-0.000000982
1671607633074398208,-0.000000988
1671607633093963008,0.000000524
1671607633114384384,0.000003515
1671607633133761792,0.000003443
1671607633154108160,0.000001460
1671607633174694912,0.000000493
1671607633194081024,-0.000000705
1671607633213355008,-0.000000734
1671607633233900032,-0.000000083
1671607633254251776,0.000001951
1671607633273326336,0.000000985
1671607633293548288,0.000000258
1671607633314160640,0.000001333
1671607633333295360,0.000000781
1671607633353911040,-0.000001147
1671607633375029760,-0.000003780
1671607633393762816,-0.000004446
1671607633414019072,-0.000001712
1671607633433322240,-0.000000040
1671607633454058496,0.000000899
1671607633473075968,0.000002129
1671607633493443584,0.000002596
1671607633513753600,0.000002428
1671607633534032640,0.000001010
1671607633553655296,0.000000320
1671607633574797568,-0.000000799
1671607633594282752,-0.000001890
1671607633614252800,-0.000001168
1671607633634139904,0.000000271
1671607633653504256,0.000000747
1671607633673899008,0.000001219
1671607633694339072,0.000000936
1671607633713751552,-0.000000008
1671607633734169600,-0.000001114
1671607633753815808,-0.000002852
1671607633775641856,-0.000003137
1671607633794085888,-0.000003509
1671607633813896960,-0.000001609
1671607633833374208,-0.000000247
1671607633853858048,0.000001124
1671607633873262080,0.000002575
1671607633893735936,0.000001787
1671607633913286912,0.000002890
1671607633933524736,0.000000284
1671607633954442496,-0.000002283
1671607633974600704,-0.000002750
1671607633994189568,-0.000001978
1671607634013746688,-0.000000075
1671607634034093568,0.000001217
1671607634053554176,0.000003560
1671607634073077504,0.000004300
1671607634093750528,0.000002459
1671607634114247424,0.000000726
1671607634133448960,-0.000000828
1671607634153681920,-0.000002161
1671607634175265792,-0.000002001
1671607634193820928,-0.000000755
1671607634214216704,0.000001401
1671607634233445888,0.000001242
1671607634254006272,0.000002912
1671607634273182976,0.000001714
1671607634293627904,-0.000000026
1671607634313988096,-0.000001754
1671607634333241344,-0.000001853
1671607634353709824,-0.000002061
1671607634375154688,-0.000001499
1671607634393349376,0.000001430
1671607634414023936,0.000003319
1671607634434137344,0.000002753
1671607634453403136,0.000000926
1671607634473814784,-0.000000967
1671607634493353728,-0.000002975
1671607634513554688,-0.000002821
1671607634533771264,-0.000000527
1671607634554044416,0.000001104
1671607634575358208,0.000000793
1671607634593684480,0.000000304
1671607634613316352,-0.000000246
1671607634633473280,-0.000001482
1671607634653534720,-0.000003346
1671607634674098432,-0.000002943
1671607634693490944,-0.000002937
1671607634714251008,-0.000000573
1671607634733116928,0.000000516
1671607634753826304,0.000001588
1671607634774571264,0.000000952
1671607634794175744,0.000001674
1671607634813606912,0.000001458
1671607634834116608,-0.000001932
1671607634854505472,-0.000003180
1671607634873648384,-0.000002035
1671607634894109440,-0.000002796
1671607634913482752,-0.000001772
1671607634933868544,0.000002109
1671607634953449472,0.000003440
1671607634974542336,0.000002853
1671607634993878016,0.000003550
1671607635013684736,0.000002526
1671607635033994752,-0.000000224
1671607635053379584,-0.000001156
1671607635073859328,-0.000000708
1671607635093641984,-0.000000856
1671607635113171200,-0.000000767
1671607635133670144,0.000000603
1671607635154294528,0.000001658
1671607635174695168,-0.000000062
1671607635194215424,-0.000000664
1671607635213346560,0.000000950
1671607635233591552,0.000001355
1671607635254142720,0.000001928
1671607635273301504,0.000002421
1671607635293740544,0.000000286
1671607635314226432,-0.000000321
1671607635333563904,0.000000202
1671607635354508800,-0.000000714
1671607635375811328,0.000000227
1671607635394189568,0.000001231
1671607635413510656,0.000003241
1671607635434000896,0.000002258
1671607635453660160,0.000000100
1671607635474126080,-0.000002080
1671607635493280768,-0.000001360
1671607635513821696,0.000000297
1671607635534196992,0.000000988
1671607635553312256,0.000002088
1671607635574707456,0.000002967
1671607635593051648,0.000002816
1671607635613411072,0.000002025
1671607635633667072,0.000000609
1671607635654080256,0.000000226
1671607635673346048,0.000000073
1671607635694078208,-0.000002082
1671607635713208320,-0.000002059
1671607635733593600,0.000000591
1671607635753258240,0.000001027
1671607635775048704,0.000001129
1671607635793406720,0.000000385
1671607635814118912,0.000000449
1671607635833221376,0.000000369
1671607635853646080,-0.000001518
1671607635873224960,-0.000003090
1671607635893911808,-0.000003404
1671607635914087168,-0.000001652
1671607635933388032,-0.000000425
1671607635953930496,0.000000804
1671607635975332352,0.000002238
1671607635993760768,0.000002590
1671607636013407232,0.000002652
1671607636033635584,-0.000001126
1671607636054192640,-0.000002640
1671607636073208320,-0.000003111
1671607636093515008,-0.000003464
1671607636114120960,-0.000001601
1671607636133321472,0.000000977
1671607636154625536,0.000003335
1671607636174592256,0.000002407
1671607636194052096,-0.000000040
1671607636213308928,-0.000002396
1671607636233446400,-0.000003550
1671607636253951488,-0.000003127
1671607636273354752,-0.000003565
1671607636293724928,-0.000001091
1671607636314036224,0.000001673
1671607636333192704,0.000001545
1671607636353442304,-0.000000355
1671607636374711552,-0.000002715
1671607636394312704,-0.000002836
1671607636413464320,-0.000002659
1671607636433673984,-0.000001578
1671607636453222400,-0.000000037
1671607636473694208,0.000001993
1671607636493190400,0.000001805
1671607636513498624,0.000002132
1671607636533763584,0.000001086
1671607636554490880,-0.000001520
1671607636574497280,-0.000003255
1671607636594082560,-0.000002928
1671607636614157312,-0.000001208
1671607636633286144,0.000000428
1671607636653705216,0.000003143
1671607636673052672,0.000004253
1671607636693410048,0.000003515
1671607636713742592,0.000001755
1671607636734063872,0.000000263
1671607636753554432,-0.000000768
1671607636775616512,-0.000000777
1671607636793810688,-0.000000433
1671607636813255424,0.000001132
1671607636833598976,0.000002617
1671607636854120192,0.000004183
1671607636873751040,0.000004008
1671607636893245184,0.000002006
1671607636913879296,0.000002378
1671607636933893632,0.000001814
1671607636954226432,-0.000000039
1671607636974835968,-0.000001470
1671607636993230592,-0.000002569
1671607637013586176,-0.000002191
1671607637032901120,-0.000000470
1671607637053170176,0.000000427
1671607637073817600,-0.000000404
1671607637093022464,0.000000401
1671607637113676544,0.000000977
1671607637132665344,0.000002472
1671607637152988672,0.000000996
1671607637174427392,-0.000000192
1671607637193955072,-0.000001008
1671607637213665792,-0.000000348
1671607637233729024,-0.000000246
1671607637254280192,0.000000480
1671607637273329664,-0.000000019
1671607637293878784,0.000000190
1671607637314088448,0.000002449
1671607637333314304,0.000004092
1671607637353694720,0.000003659
1671607637376143104,0.000000555
1671607637393374208,-0.000000172
1671607637413461760,-0.000001671
1671607637433760512,-0.000002087
1671607637454084864,-0.000000075
1671607637473347840,0.000002150
1671607637493763328,0.000001223
1671607637513999104,0.000001707
1671607637533331968,0.000001804
1671607637553584384,0.000001639
1671607637574950912,0.000000110
1671607637593485568,0.000000291
1671607637613757952,-0.000001822
1671607637632852992,-0.000003583
1671607637653192448,-0.000002721
1671607637672632064,0.000000208
1671607637692958208,0.000002803
1671607637713328128,0.000002471
1671607637733704448,0.000001118
1671607637754243584,-0.000001399
1671607637774722048,-0.000003596
1671607637794079232,-0.000002825
1671607637813401856,-0.000002841
1671607637833833728,-0.000001052
1671607637853167360,0.000000276
1671607637872802304,0.000001013
1671607637893271296,0.000000872
1671607637913944576,0.000000743
1671607637933789184,0.000001783
1671607637952999936,-0.000000852
1671607637975372032,-0.000002195
1671607637993804032,-0.000002514
1671607638013121792,-0.000000955
1671607638033409280,0.000000404
1671607638054013696,0.000000079
1671607638074046976,0.000000874
1671607638093537280,0.000000244
1671607638114022144,0.000000786
1671607638133069568,0.000000102
1671607638153788160,0.000001080
1671607638174969600,-0.000000432
1671607638193434112,-0.000002063
1671607638213856768,-0.000001942
1671607638232960768,-0.000001700
1671607638253396224,-0.000001165
1671607638273696768,-0.000000265
1671607638293149696,0.000000849
1671607638313624064,0.000001001
1671607638333853952,0.000002475
1671607638353295616,0.000002349
1671607638374376960,0.000001913
1671607638394031104,0.000001263
1671607638413372416,-0.000000146
1671607638433587200,-0.000000423
1671607638454147328,-0.000001252
1671607638474258176,-0.000002040
1671607638492573184,-0.000000263
1671607638514162432,0.000001498
1671607638533465600,0.000000260
1671607638552923648,0.000000615
1671607638575289600,0.000000484
1671607638592526848,-0.000000280
1671607638612757760,0.000000111
1671607638633288448,-0.000000441
1671607638652811264,-0.000001311
1671607638674013440,-0.000002041
1671607638693356288,-0.000001848
1671607638712792832,0.000000128
1671607638733251072,0.000001139
1671607638754059776,0.000002386
1671607638774603008,0.000002046
1671607638793218304,0.000000898
1671607638812711680,0.000000467
1671607638833109248,-0.000001472
1671607638853412864,-0.000002320
1671607638872837632,-0.000002476
1671607638894377216,-0.000001099
1671607638912631808,0.000001387
1671607638933834752,0.000003320
1671607638953204736,0.000001856
1671607638974568960,0.000000477
1671607638993918976,0.000000181
1671607639013335296,-0.000001462
1671607639032436736,-0.000002450
1671607639054002176,-0.000002461
1671607639073099264,-0.000001011
1671607639093454080,-0.000000538
1671607639112925696,0.000002736
1671607639134375168,0.000004961
1671607639152413696,0.000003595
1671607639174928384,0.000000615
1671607639193191424,-0.000000818
1671607639212700928,-0.000002290
1671607639234031360,-0.000001113
1671607639253355264,-0.000000024
1671607639272913664,0.000001653
1671607639293350912,0.000001067
1671607639313820416,0.000001642
1671607639332947200,0.000002118
1671607639353430016,0.000000743
1671607639375208704,-0.000000276
1671607639393560320,-0.000001477
1671607639413942016,-0.000001497
1671607639433229824,-0.000001929
1671607639453545728,0.000001045
1671607639472898048,-0.000000243
1671607639494339584,0.000001534
1671607639513547776,0.000001775
1671607639533662976,0.000002398
1671607639553048832,0.000002656
1671607639574433536,0.000002711
1671607639593725184,0.000001282
1671607639613992192,0.000000978
1671607639634163200,0.000000269
1671607639653732608,-0.000000240
1671607639673764864,-0.000000576
1671607639693118208,-0.000000598
1671607639712400384,0.000000203
1671607639732680704,0.000000795
1671607639753031424,-0.000000103
1671607639774580224,0.000000312
1671607639794256896,0.000000902
1671607639813943552,0.000001459
1671607639834275584,0.000002600
1671607639852646656,0.000003864
1671607639874263808,0.000004491
1671607639894029056,0.000004994
1671607639914246656,0.000004814
1671607639932600832,0.000005134
1671607639953160960,0.000003052
1671607639974653184,0.000002653
1671607639993054976,0.000001798
1671607640013526784,0.000001663
1671607640033965568,0.000000543
1671607640053239040,-0.000000093
1671607640073315840,-0.000001113
1671607640092633600,0.000000037
1671607640113345536,0.000000727
1671607640133495040,0.000000485
1671607640154171136,-0.000000528
1671607640175271936,-0.000001614
1671607640192322304,-0.000002310
1671607640213103104,-0.000002717
1671607640233075712,-0.000002248
1671607640253322496,-0.000001946
1671607640273909760,-0.000002346
1671607640293231616,-0.000001635
1671607640312918016,-0.000001856
1671607640332869888,-0.000000989
1671607640353378304,-0.000001635
1671607640374766592,-0.000001309
1671607640393059840,-0.000002259
1671607640413726720,-0.000000791
1671607640432650752,-0.000000731
1671607640453115136,-0.000001107
1671607640473322752,-0.000000400
1671607640492604672,0.000000506
1671607640513268224,-0.000000343
1671607640533259264,-0.000001026
1671607640552613888,-0.000001738
1671607640575056896,-0.000001853
1671607640593250048,-0.000002362
1671607640612533760,-0.000000854
1671607640633015296,0.000000300
1671607640653355008,0.000000644
1671607640673789952,0.000001673
1671607640693189120,0.000001600
1671607640713364992,0.000001797
1671607640732579584,0.000002488
1671607640753097984,0.000002579
1671607640775334912,0.000001137
1671607640793263872,0.000001277
1671607640812992512,0.000001370
1671607640833341952,-0.000000581
1671607640853613056,-0.000001645
1671607640873099520,-0.000002429
1671607640892783616,-0.000001968
1671607640913542656,-0.000001198
1671607640932906752,-0.000000881
1671607640953299200,-0.000003051
1671607640974725120,-0.000003094
1671607640993023488,-0.000001725
1671607641013252608,-0.000000595
1671607641032748032,-0.000002702
1671607641053625344,-0.000005183
1671607641072596480,-0.000005000
1671607641093248256,-0.000003136
1671607641112702720,-0.000001285
1671607641133341696,-0.000000281
1671607641153039104,-0.000003136
1671607641174494208,-0.000004110
1671607641192966144,-0.000004715
1671607641213307904,-0.000003564
1671607641232471296,-0.000001100
1671607641253304832,0.000000632
1671607641272472576,0.000000433
1671607641293030400,-0.000000614
1671607641313321984,-0.000003479
1671607641332451072,-0.000003694
1671607641353002752,-0.000003191
1671607641375164672,-0.000002000
1671607641393518080,0.000000653
1671607641412645632,0.000001079
1671607641434330112,0.000000786
1671607641452909824,-0.000000507
1671607641474337280,-0.000000033
1671607641492653056,-0.000002298
1671607641513217792,-0.000001136
1671607641532760576,-0.000000456
1671607641553314304,0.000000757
1671607641574640384,-0.000000971
1671607641593925120,-0.000001789
1671607641613344000,-0.000000397
1671607641632823552,-0.000001245
1671607641653629184,-0.000000049
1671607641672730112,0.000000402
1671607641693305344,0.000000214
1671607641712590848,0.000000927
1671607641733006592,0.000000994
1671607641753913344,0.000001961
1671607641774450688,0.000003923
1671607641792782080,0.000003488
1671607641813469184,0.000002861
1671607641832478976,0.000001719
1671607641853065472,0.000002178
1671607641872805120,0.000001858
1671607641893418496,0.000000852
1671607641913248000,-0.000000501
1671607641933549568,0.000000937
1671607641953870592,0.000002004
1671607641974267648,0.000001616
1671607641993769216,0.000001875
1671607642014217984,0.000001241
1671607642033849600,0.000000564
1671607642053081344,-0.000000305
1671607642073703168,-0.000000105
1671607642093273600,-0.000000060
1671607642113844992,0.000001680
1671607642132942080,0.000002622
1671607642153698560,0.000001022
1671607642174852096,0.000000725
1671607642194285824,0.000001975
1671607642213765120,0.000003745
1671607642233267968,0.000001751
1671607642254016768,-0.000000014
1671607642273270528,-0.000000509
1671607642292739584,-0.000001168
1671607642313384960,-0.000000023
1671607642333842688,0.000002286
1671607642353075200,0.000000740
1671607642374729984,-0.000001143
1671607642393123328,-0.000001021
1671607642412795136,-0.000000941
1671607642433442048,-0.000000532
1671607642453829632,0.000001193
1671607642473291008,-0.000000203
1671607642492598528,0.000000250
1671607642514222848,0.000000090
1671607642533436416,0.000000444
1671607642554141184,0.000000614
1671607642574358272,-0.000000452
1671607642594130688,-0.000000810
1671607642613751296,0.000000338
1671607642633323264,0.000002265
1671607642652646144,0.000001071
1671607642673396480,0.000000482
1671607642693825792,0.000000426
1671607642713081088,-0.000000112
1671607642733481728,-0.000001396
1671607642752973568,-0.000002151
1671607642774680064,-0.000000406
1671607642793459712,0.000000208
1671607642813125376,0.000001471
1671607642832397312,-0.000000062
1671607642852697344,-0.000000040
1671607642873264128,-0.000001372
1671607642894016000,-0.000001026
1671607642914194944,-0.000001741
1671607642933318656,-0.000002560
1671607642952732416,-0.000001597
1671607642974444544,-0.000000353
1671607642992896512,0.000000482
1671607643013259264,-0.000000054
1671607643032407808,0.000000513
1671607643054096896,-0.000002406
1671607643073259776,-0.000002779
1671607643092639488,-0.000001794
1671607643113196032,-0.000001988
1671607643132928256,-0.000001656
1671607643153143040,-0.000000882
1671607643174797568,-0.000001142
1671607643193296384,-0.000001407
1671607643213869824,-0.000002567
1671607643233026560,-0.000003123
1671607643252594944,-0.000002214
1671607643273066240,-0.000001710
1671607643292475904,-0.000002492
1671607643313047296,-0.000001920
1671607643333636096,-0.000001570
1671607643353608192,-0.000002283
1671607643374726656,-0.000000848
1671607643393081600,0.000000751
1671607643412470528,0.000000522
1671607643432923392,0.000001117
1671607643452459520,0.000000358
1671607643472983040,-0.000000043
1671607643493507840,0.000000659
1671607643512965120,0.000001982
1671607643533091072,0.000000365
1671607643552876544,0.000000829
1671607643575177984,0.000001158
1671607643592586752,0.000001371
1671607643612840960,0.000002176
1671607643633270272,0.000018769
1671607643652680704,0.000002458
1671607643673317376,0.000003164
1671607643692797184,0.000002904
1671607643713228800,0.000002226
1671607643732820224,0.000003025
1671607643752348672,0.000003955
1671607643775365120,0.000003287
1671607643792674304,0.000003706
1671607643813341952,0.000002459
1671607643832654336,0.000001561
1671607643853212672,0.000001120
1671607643872830208,0.000000722
1671607643893380352,0.000000045
1671607643912952320,0.000001035
1671607643932405248,0.000001228
1671607643952974848,-0.000000327
1671607643974520320,-0.000000037
1671607643993033728,0.000000087
1671607644012491264,0.000000482
1671607644033201152,-0.000001339
1671607644052701440,-0.000001360
1671607644073417984,-0.000000128
1671607644093080832,-0.000000084
1671607644112518912,0.000001486
1671607644133106432,0.000000849
1671607644152453632,-0.000000440
1671607644175175424,0.000000597
1671607644192500224,0.000001229
1671607644212895232,0.000000699
1671607644233420288,0.000001014
1671607644252738560,-0.000000114
1671607644273363968,0.000000377
1671607644292971008,0.000001601
1671607644312396288,0.000001271
1671607644332950272,0.000001125
1671607644353335296,0.000001913
1671607644374876160,0.000000321
1671607644393231104,0.000001105
1671607644412795904,0.000002694
1671607644434035200,0.000000420
1671607644452375552,0.000001478
1671607644473003264,0.000002204
1671607644492349440,0.000001153
1671607644513118208,0.000003420
1671607644533384448,0.000002902
1671607644552576768,0.000002609
1671607644575165952,0.000002650
1671607644593507328,0.000001737
1671607644612626432,0.000001077
1671607644633109248,0.000002119
1671607644652321280,0.000001959
1671607644672984832,0.000001510
1671607644693192448,0.000000332
1671607644712608256,0.000001116
1671607644733378048,-0.000000146
1671607644752859904,0.000000334
1671607644774929664,0.000000543
1671607644792609536,0.000001274
1671607644813273088,0.000002249
1671607644832634880,0.000000899
1671607644853078016,0.000000200
1671607644872734208,-0.000000263
1671607644893052672,0.000001705
1671607644912612096,0.000003576
1671607644933039104,0.000003032
1671607644953447424,0.000001228
1671607644974667264,0.000000081
1671607644992999168,0.000001169
1671607645013550080,0.000000701
1671607645032513536,-0.000000325
1671607645052871936,-0.000001652
1671607645072429056,-0.000003362
1671607645092961280,-0.000004059
1671607645113434624,-0.000004078
1671607645132696832,-0.000002363
1671607645153248512,-0.000004306
1671607645174910720,-0.000003694
1671607645193439232,-0.000003906
1671607645213055488,-0.000004424
1671607645232642816,-0.000005089
1671607645253270016,-0.000005505
1671607645272777472,-0.000005455
1671607645293480960,-0.000003425
1671607645312687360,-0.000002222
1671607645333329664,-0.000001288
1671607645352679680,-0.000003002
1671607645374431488,-0.000003642
1671607645392813312,-0.000001124
1671607645413075200,-0.000000945
1671607645433424384,-0.000002938
1671607645452883712,-0.000002724
1671607645473270272,-0.000001810
1671607645492550912,0.000000214
1671607645512953856,-0.000001484
1671607645533439232,-0.000003084
1671607645552696576,-0.000004421
1671607645575264512,-0.000001471
1671607645592600576,-0.000000602
1671607645612969984,-0.000000623
1671607645633323008,-0.000001068
1671607645652804864,-0.000000881
1671607645673293056,-0.000001173
1671607645692848640,-0.000001534
1671607645713185024,-0.000000119
1671607645733405696,0.000000028
1671607645752893696,-0.000000186
1671607645775194880,0.000000317
1671607645792866816,-0.000000241
1671607645812505856,0.000000826
1671607645833147136,-0.000000062
1671607645853612544,-0.000000164
1671607645872992256,-0.000000307
1671607645893542912,0.000000063
1671607645912750336,-0.000000175
1671607645933042688,0.000000022
1671607645952428288,0.000000406
1671607645975417600,-0.000000226
1671607645992763904,0.000001892
1671607646013473280,0.000001747
1671607646033371904,0.000001153
1671607646052563712,0.000001274
1671607646073049856,0.000001861
1671607646092553728,0.000000837
1671607646112786944,0.000000775
1671607646133040896,-0.000000010
1671607646153641984,-0.000001050
1671607646174739968,-0.000001676
1671607646193201152,-0.000000930
1671607646213345536,-0.000001106
1671607646232558080,-0.000000654
1671607646253146624,-0.000000628
1671607646273255936,0.000000974
1671607646292580352,0.000000593
1671607646312856064,0.000000727
1671607646333166592,0.000000175
1671607646352664320,0.000000826
1671607646375132160,-0.000000224
1671607646392401920,-0.000000994
1671607646412872448,-0.000001157
1671607646433385216,-0.000000687
1671607646452821504,-0.000000264
1671607646473334784,0.000000352
1671607646492798208,0.000001378
1671607646513273856,0.000002117
1671607646532631552,0.000001744
1671607646552926720,0.000001957
1671607646574490624,0.000001087
1671607646592985344,0.000000134
1671607646612322048,-0.000000181
1671607646633266432,-0.000000034
1671607646653551616,0.000000497
1671607646673066496,0.000000894
1671607646693313536,-0.000000034
1671607646712622080,0.000000981
1671607646733613824,0.000000831
1671607646753359616,0.000000668
1671607646774606592,0.000001083
1671607646792873984,0.000000316
1671607646813364480,0.000000223
1671607646832825856,-0.000000350
1671607646853292032,-0.000000584
1671607646872861696,-0.000000313
1671607646893239296,-0.000000749
1671607646913497344,0.000000336
1671607646932986624,0.000001997
1671607646953478656,0.000001594
1671607646974891776,0.000000129
1671607646993290240,0.000000365
1671607647012670208,0.000000329
1671607647032783360,-0.000001235
1671607647053211648,-0.000002521
1671607647072786432,-0.000002980
1671607647093252352,-0.000002564
1671607647113563904,-0.000001818
1671607647132785920,-0.000000448
1671607647152893952,-0.000000439
1671607647174524672,0.000000772
1671607647193116416,0.000001278
1671607647212423168,0.000000602
1671607647232678144,0.000000662
1671607647253089536,0.000000844
1671607647272696064,0.000001660
1671607647293412096,0.000002150
1671607647313019648,0.000003134
1671607647333178368,0.000002629
1671607647353464832,0.000001287
1671607647374981120,0.000002674
1671607647393256960,0.000003787
1671607647412726016,0.000001957
1671607647432867840,0.000001706
1671607647453379072,0.000002081
1671607647472543488,0.000003070
1671607647492895744,0.000000667
1671607647513328384,0.000000168
1671607647532863744,0.000000047
1671607647553509120,-0.000001527
1671607647574858496,-0.000001303
1671607647593305088,-0.000001351
1671607647612925696,-0.000000478
1671607647633437696,0.000000658
1671607647653103104,0.000002508
1671607647673511424,0.000003222
1671607647693038080,0.000003441
1671607647713285120,0.000002923
1671607647732659456,0.000003098
1671607647752647680,0.000002659
1671607647774345728,0.000001851
1671607647792672000,0.000001855
1671607647813200896,0.000000803
1671607647832506112,0.000000133
1671607647853351168,-0.000000167
1671607647872594176,0.000000377
1671607647893144832,-0.000000799
1671607647913473280,-0.000000892
1671607647932952832,-0.000002488
1671607647953452032,-0.000003119
1671607647974794496,-0.000003456
1671607647993356032,-0.000005619
1671607648012749056,-0.000005485
1671607648033061632,-0.000004162
1671607648053566208,-0.000003363
1671607648072774656,-0.000003241
1671607648093265664,-0.000002518
1671607648112521472,-0.000002228
1671607648133039872,-0.000001778
1671607648153858304,-0.000002901
1671607648175015936,-0.000001819
1671607648193421568,0.000000139
1671607648212985344,0.000000138
1671607648232200960,0.000000542
1671607648252932864,0.000000886
1671607648273283584,0.000001644
1671607648292433664,0.000000521
1671607648313152256,0.000002065
1671607648333569280,0.000001077
1671607648352923904,0.000001611
1671607648374442752,0.000001594
1671607648392805888,0.000001621
1671607648413242624,0.000002265
1671607648432958208,0.000001192
1671607648452700416,0.000001026
1671607648473324288,0.000001431
1671607648492833792,0.000001197
1671607648513193984,0.000001313
1671607648532701952,-0.000000006
1671607648552775680,-0.000001030
1671607648574512896,-0.000001968
1671607648593221632,-0.000001494
1671607648612641792,-0.000001649
1671607648632998912,-0.000001063
1671607648652500224,-0.000000049
1671607648673227520,0.000001656
1671607648692412416,0.000001405
1671607648713032704,0.000002086
1671607648732450560,0.000000712
1671607648752839936,0.000000742
1671607648774378240,0.000001334
1671607648792764416,0.000000825
1671607648813275648,0.000001313
1671607648832928000,-0.000000602
1671607648853662208,-0.000000809
1671607648872950272,-0.000001150
1671607648892448000,-0.000001377
1671607648912843776,-0.000000772
1671607648933329152,0.000000533
1671607648952439296,0.000000406
1671607648975121408,-0.000001124
1671607648993371904,-0.000000422
1671607649012784128,0.000000097
1671607649033367040,-0.000001272
1671607649052730880,-0.000002115
1671607649073127936,-0.000000455
1671607649092567808,-0.000001004
1671607649113144320,-0.000000432
1671607649132341504,-0.000000789
1671607649152660992,-0.000001372
1671607649174417920,-0.000002372
1671607649192837120,-0.000001653
1671607649213169664,-0.000000295
1671607649232646656,-0.000000735
1671607649253429760,-0.000000196
1671607649272825600,-0.000000794
1671607649293268992,0.000000022
1671607649312568064,0.000002263
1671607649332891648,0.000002872
1671607649353175552,0.000001555
1671607649374586112,0.000002338
1671607649393455616,0.000004753
1671607649412703232,0.000004109
1671607649432959744,0.000001172
1671607649453670656,-0.000000756
1671607649472881152,0.000000219
1671607649493357312,0.000000481
1671607649512784640,0.000001689
1671607649533279232,0.000001201
1671607649552895488,-0.000000451
1671607649574484736,-0.000000745
1671607649592832000,0.000000195
1671607649612296192,0.000000294
1671607649632931072,0.000002941
1671607649653801984,0.000003909
1671607649672606464,0.000003925
1671607649693303552,0.000003335
1671607649712676352,0.000002854
1671607649733341696,0.000002633
1671607649753110784,0.000002176
1671607649774940672,0.000001606
1671607649793209600,0.000001543
1671607649812534016,0.000001148
1671607649833297408,0.000000674
1671607649852469248,-0.000000177
1671607649873148672,-0.000000577
1671607649892409088,0.000000230
1671607649912840960,0.000000974
1671607649933208576,0.000001014
1671607649952401152,0.000001898
1671607649975326208,0.000000987
1671607649992888576,0.000001752
1671607650013065216,0.000001434
1671607650033256704,0.000000088
1671607650052528384,-0.000000927
1671607650073088768,-0.000000273
1671607650092637952,0.000000223
1671607650113237504,-0.000000410
1671607650132528384,-0.000000739
1671607650152966144,-0.000000958
1671607650174412800,-0.000001236
1671607650192688128,-0.000000487
1671607650213245440,-0.000001171
1671607650232547584,-0.000000361
1671607650252814592,0.000000074
1671607650273313024,-0.000001120
1671607650292759808,-0.000001179
1671607650313196544,0.000000690
1671607650332668672,0.000001464
1671607650353426176,0.000002739
1671607650374622720,0.000003076
1671607650392897536,0.000004227
1671607650413268480,0.000004126
1671607650432382720,0.000003952
1671607650453260544,0.000001443
1671607650472390144,-0.000000304
1671607650492751104,-0.000001784
1671607650513069824,-0.000000340
1671607650533210112,-0.000000418
1671607650552417024,-0.000002548
1671607650575008000,-0.000002815
1671607650593318144,-0.000002364
1671607650612472064,-0.000001794
1671607650632706048,-0.000001529
1671607650653077248,-0.000001155
1671607650672567552,-0.000000374
1671607650693226752,0.000000055
1671607650712638720,0.000000428
1671607650733004544,-0.000000135
1671607650752731648,-0.000001355
1671607650774490880,-0.000000299
1671607650792839680,0.000000514
1671607650812486656,0.000000604
1671607650832862720,-0.000001884
1671607650853481216,-0.000003124
1671607650873081088,-0.000003249
1671607650892547072,-0.000003485
1671607650913117696,-0.000001804
1671607650933184768,-0.000001349
1671607650952340992,-0.000000647
1671607650974842368,-0.000001512
1671607650993166336,-0.000001874
1671607651012337664,-0.000000049
1671607651032647424,0.000000108
1671607651053075200,-0.000000906
1671607651072451840,-0.000001238
1671607651092985088,-0.000002172
1671607651112609280,-0.000002164
1671607651133289984,-0.000001246
1671607651152891392,-0.000000559
1671607651174309632,-0.000001588
1671607651192730112,-0.000002138
1671607651213125888,-0.000002846
1671607651232531456,-0.000003235
1671607651253012992,-0.000004515
1671607651272382208,-0.000005491
1671607651292781312,-0.000005754
1671607651313279232,-0.000001660
1671607651332589824,-0.000000362
1671607651353370112,0.000001331
1671607651374886400,0.000001243
1671607651392416512,-0.000000383
1671607651413282304,-0.000001810
1671607651432712960,-0.000001758
1671607651453130496,-0.000000874
1671607651472615680,0.000000051
1671607651493157376,0.000001222
1671607651512507904,0.000002039
1671607651533127424,0.000002029
1671607651552521472,0.000003721
1671607651574207488,0.000001889
1671607651592552704,-0.000001300
1671607651612967168,-0.000000656
1671607651633192448,0.000000032
1671607651653306880,0.000001009
1671607651672532992,0.000000708
1671607651692910592,-0.000000192
1671607651713410560,0.000000199
1671607651732559360,0.000000336
1671607651752836352,-0.000000634
1671607651774380288,-0.000001205
1671607651792805376,0.000000572
1671607651813518592,0.000001153
1671607651833348608,0.000000324
1671607651852233472,-0.000000339
1671607651872793344,0.000000688
1671607651893198336,0.000002146
1671607651913017088,0.000001086
1671607651932955904,0.000000403
1671607651953545472,-0.000000200
1671607651975032064,0.000000643
1671607651992116992,-0.000000139
1671607652013044480,-0.000001896
1671607652033034240,-0.000001499
1671607652052476160,-0.000001082
1671607652073319680,0.000000182
1671607652092846336,0.000000658
1671607652113150464,0.000000028
1671607652132393472,-0.000000113
1671607652153204736,0.000001111
1671607652174415872,0.000002512
1671607652192709888,0.000002298
1671607652213209344,0.000005656
1671607652232334080,0.000009805
1671607652253029120,0.000010390
1671607652272982784,0.000007466
1671607652292353792,0.000004042
1671607652312712960,0.000002744
1671607652333404928,0.000000808
1671607652352963328,-0.000000049
1671607652375287296,0.000000077
1671607652392498944,0.000003405
1671607652412958208,0.000005796
1671607652433273856,0.000005327
1671607652452559360,0.000005297
1671607652473103360,0.000002725
1671607652492497152,0.000000093
1671607652512787456,0.000001151
1671607652533404672,0.000000849
1671607652552674816,-0.000000047
1671607652575186944,-0.000001576
1671607652592825600,-0.000002385
1671607652612521728,-0.000002686
1671607652633136640,-0.000004661
1671607652652667392,-0.000005498
1671607652672948992,-0.000004626
1671607652692390400,-0.000004595
1671607652713226752,-0.000002444
1671607652732339200,-0.000001886
1671607652753351936,-0.000000890
1671607652774928896,-0.000000882
1671607652793166848,-0.000000299
1671607652812923648,-0.000001547
1671607652832803840,-0.000001142
1671607652853516032,-0.000001299
1671607652872579328,-0.000002678
1671607652893052928,-0.000001701
1671607652912419328,-0.000001669
1671607652932626432,-0.000001812
1671607652953382656,-0.000002133
1671607652974509056,-0.000001510
1671607652993085952,-0.000000289
1671607653012510208,-0.000000261
1671607653033152768,-0.000001068
1671607653052928256,-0.000001199
1671607653073162240,-0.000001819
1671607653092656128,-0.000002489
1671607653113117184,-0.000002133
1671607653132683008,-0.000002083
1671607653153735680,-0.000001342
1671607653174987008,-0.000000539
1671607653192547328,-0.000000903
1671607653213277696,-0.000000335
1671607653232270592,0.000001191
1671607653253064448,0.000002192
1671607653273201152,0.000001431
1671607653292867072,0.000000501
1671607653313206272,0.000002121
1671607653332418560,0.000000562
1671607653353067776,-0.000001484
1671607653374171648,-0.000002976
1671607653392582400,-0.000002495
1671607653412947712,-0.000000826
1671607653433059584,-0.000002017
1671607653453328128,-0.000002285
1671607653472629248,-0.000002519
1671607653493107200,-0.000003756
1671607653512509440,-0.000001805
1671607653532746240,0.000000160
1671607653553133824,-0.000000269
1671607653574516736,-0.000001011
1671607653593117440,-0.000000211
1671607653612529152,0.000001061
1671607653633118720,0.000001960
1671607653652712704,0.000002312
1671607653673226752,0.000001834
1671607653692418816,-0.000000113
1671607653712871936,-0.000000295
1671607653733347072,0.000001628
1671607653752848128,0.000001932
1671607653775364096,0.000002387
1671607653793124864,0.000001405
1671607653812877568,0.000000998
1671607653833096192,0.000001169
1671607653852342272,0.000001662
1671607653873219840,0.000002042
1671607653892514048,-0.000000063
1671607653913212416,0.000002001
1671607653933479680,0.000002426
1671607653952825856,0.000002199
1671607653974181120,0.000000886
1671607653992711936,0.000001520
1671607654013355776,0.000001287
1671607654032902144,-0.000001150
1671607654053450240,-0.000000221
1671607654072618240,-0.000000709
1671607654092931584,0.000000393
1671607654112626944,0.000001685
1671607654133442048,0.000002239
1671607654152866048,0.000003376
1671607654174692864,0.000001799
1671607654193239808,0.000002533
1671607654212747776,0.000002607
1671607654232441344,0.000001712
1671607654252979456,-0.000000033
1671607654272409088,0.000000330
1671607654292842752,0.000001078
1671607654312466944,0.000002461
1671607654332954880,0.000002097
1671607654353554176,0.000001070
1671607654374511360,-0.000000349
1671607654393111296,-0.000000121
1671607654412609280,0.000000951
1671607654432793856,-0.000000121
1671607654453457408,-0.000000335
1671607654472569344,-0.000000503
1671607654493017600,-0.000000872
1671607654513341184,0.000001478
1671607654532512768,0.000002334
1671607654553139456,0.000002315
1671607654574236672,0.000001767
1671607654592862976,0.000001838
1671607654613197312,0.000002054
1671607654632368128,0.000001455
1671607654652867328,0.000002099
1671607654673195264,0.000001250
1671607654692857600,0.000000001
1671607654713091584,0.000000206
1671607654732506880,-0.000001432
1671607654753153024,-0.000002630
1671607654775115008,-0.000003092
1671607654792610304,-0.000002166
1671607654813303296,-0.000002934
1671607654832701696,-0.000002582
1671607654853238528,-0.000001359
1671607654872837888,-0.000001458
1671607654893394432,-0.000001177
1671607654912961792,0.000000072
1671607654932983040,0.000000945
1671607654953493504,-0.000000292
1671607654974811904,-0.000000543
1671607654993295872,0.000000235
1671607655012792832,-0.000000480
1671607655033453568,-0.000000805
1671607655052961280,-0.000001951
1671607655073374208,-0.000002212
1671607655092733440,-0.000002529
1671607655113106944,-0.000003792
1671607655133314048,-0.000000248
1671607655152766976,0.000000640
1671607655175159040,0.000000850
1671607655192433152,0.000001088
1671607655212926464,-0.000000476
1671607655232516352,0.000000438
1671607655253111296,-0.000000276
1671607655273365504,-0.000001582
1671607655292588800,-0.000001208
1671607655312911360,-0.000000283
1671607655333263616,-0.000001082
1671607655352772352,-0.000001393
1671607655374980864,-0.000000670
1671607655393400320,-0.000000568
1671607655412586496,-0.000000656
1671607655433132288,0.000000339
1671607655453695232,0.000000612
1671607655472818688,0.000002059
1671607655493193472,0.000001349
1671607655512619008,0.000001416
1671607655532786944,0.000001504
1671607655553422080,0.000002625
1671607655574537472,0.000002744
1671607655592970496,0.000002797
1671607655613297920,0.000002497
1671607655632838400,0.000001688
1671607655652147968,0.000002135
1671607655672606720,0.000000744
1671607655693030656,-0.000002323
1671607655712476416,-0.000002666
1671607655732993792,-0.000001878
1671607655752460800,-0.000001764
1671607655774183680,-0.000002037
1671607655793270016,-0.000001833
1671607655812546560,-0.000000220
1671607655833224960,0.000000550
1671607655852854784,0.000000393
1671607655873212672,0.000001146
1671607655893081088,0.000000549
1671607655912620544,0.000000275
1671607655933217024,-0.000000122
1671607655952855296,-0.000001003
1671607655974316800,-0.000001187
1671607655992819456,-0.000001967
1671607656012383232,-0.000002103
1671607656032913152,-0.000002966
1671607656053587712,-0.000002803
1671607656072994304,-0.000002505
1671607656092701952,-0.000001232
1671607656113310464,0.000001301
1671607656132851712,0.000004476
1671607656153304064,0.000004234
1671607656174764544,0.000002318
1671607656193321984,0.000001238
1671607656212784896,0.000002054
1671607656233043200,0.000000831
1671607656252950528,-0.000000795
1671607656273052416,0.000000406
1671607656292505088,0.000000698
1671607656312961792,0.000000384
1671607656332426496,-0.000000233
1671607656353012992,-0.000001022
1671607656374356736,-0.000001483
1671607656392777728,-0.000001104
1671607656413049344,0.000001049
1671607656433471488,0.000002725
1671607656453223680,0.000002359
1671607656472544512,0.000000613
1671607656492934144,0.000000743
1671607656513419776,0.000000335
1671607656532785408,0.000000225
1671607656553547776,-0.000000086
1671607656574867200,0.000000490
1671607656593525248,0.000000929
1671607656612466432,0.000001517
1671607656633073664,-0.000000385
1671607656652561664,-0.000002050
1671607656673287168,-0.000002426
1671607656692808192,-0.000002784
1671607656713271552,-0.000001603
1671607656732556288,-0.000001940
1671607656753279744,-0.000001889
1671607656774862336,-0.000000926
1671607656793292288,0.000001320
1671607656813029888,0.000001193
1671607656832577792,0.000001789
1671607656853090560,0.000000834
1671607656872578048,0.000000366
1671607656892318208,-0.000000714
1671607656913006080,0.000001475
1671607656932387072,0.000000944
1671607656952998912,-0.000000276
1671607656975214592,0.000000482
1671607656992446720,0.000001133
1671607657012959232,0.000001242
1671607657033053952,0.000001334
1671607657053587968,0.000001138
1671607657072945152,0.000000134
1671607657092475392,-0.000000786
1671607657113104896,-0.000001304
1671607657132689408,-0.000001316
1671607657153510144,-0.000001896
1671607657173881856,-0.000002066
1671607657192292608,-0.000001605
1671607657212983552,-0.000000519
1671607657232326144,0.000000035
1671607657253054976,-0.000000396
1671607657273423360,0.000000143
1671607657292897024,0.000000878
1671607657313413120,0.000000982
1671607657332891648,-0.000000254
1671607657353547520,0.000001161
1671607657374660608,0.000000529
1671607657393024512,0.000001418
1671607657413443328,0.000001122
1671607657432652800,0.000000219
1671607657453090304,-0.000000277
1671607657473123072,0.000000411
1671607657492480000,-0.000000659
1671607657512736512,0.000001049
1671607657532978944,-0.000000702
1671607657552561664,0.000000002
1671607657575085824,0.000000519
1671607657593335296,-0.000000032
1671607657612755712,-0.000000478
1671607657633074688,-0.000000657
1671607657652648960,-0.000001191
1671607657673069568,-0.000001030
1671607657692506368,-0.000001545
1671607657713015296,-0.000001056
1671607657733225216,-0.000001299
1671607657752774912,-0.000002275
1671607657774690560,-0.000002249
1671607657793360384,-0.000001793
1671607657812852992,-0.000001348
1671607657833407232,-0.000000572
1671607657852641024,-0.000000329
1671607657873040384,0.000000314
1671607657892693504,0.000001144
1671607657913342720,0.000000835
1671607657932423424,-0.000000111
1671607657953209856,-0.000001022
1671607657974335744,-0.000001622
1671607657993070848,-0.000001746
1671607658013337344,-0.000001217
1671607658032898304,-0.000000817
1671607658052815872,-0.000002463
1671607658073214208,-0.000001502
1671607658092795904,-0.000001696
1671607658113248512,0.000000126
1671607658132671232,0.000001484
1671607658153337344,0.000000676
1671607658174602496,0.000000935
1671607658193069056,0.000001140
1671607658212555520,0.000001279
1671607658233186816,0.000000912
1671607658252870912,0.000000625
1671607658273308160,0.000001300
1671607658292623872,0.000000161
1671607658313264384,0.000002641
1671607658332651008,0.000002392
1671607658353358080,0.000001633
1671607658374660608,0.000002474
1671607658393272576,0.000001426
1671607658412570880,0.000002988
1671607658432789760,0.000001680
1671607658453566464,0.000001277
1671607658472671488,0.000001621
1671607658493316864,-0.000000052
1671607658512593664,0.000000553
1671607658532716032,0.000000788
1671607658553508864,0.000000560
1671607658574800384,0.000001601
1671607658592916480,0.000001480
1671607658613414912,0.000001444
1671607658632497664,0.000000534
1671607658653290496,0.000000143
1671607658672512512,0.000001377
1671607658693027840,0.000000444
1671607658713428480,0.000001657
1671607658732818688,0.000001538
1671607658753829632,0.000001095
1671607658774038272,0.000000311
1671607658792399360,-0.000000534
1671607658813050112,-0.000000489
1671607658832471808,-0.000000858
1671607658853292288,-0.000000416
1671607658872310784,-0.000001825
1671607658892750080,-0.000002485
1671607658913272064,-0.000000603
1671607658932903424,0.000000192
1671607658953724160,0.000000107
1671607658974846976,-0.000000390
1671607658993412608,-0.000000528
1671607659012907520,0.000000309
1671607659033461248,0.000000308
1671607659052842240,-0.000000557
1671607659073418496,-0.000001216
1671607659092969216,-0.000002097
1671607659112250624,-0.000001094
1671607659132524800,-0.000001716
1671607659153144064,-0.000001033
1671607659175315968,-0.000001728
1671607659192658432,-0.000001255
1671607659213170688,-0.000001074
1671607659232322816,-0.000001632
1671607659252704768,-0.000001330
1671607659272792064,-0.000000641
1671607659292722176,-0.000001383
1671607659312793344,-0.000000028
1671607659332461568,0.000000447
1671607659352968704,-0.000000448
1671607659374298624,-0.000001298
1671607659392460544,-0.000000932
1671607659412858112,-0.000000799
1671607659433449472,-0.000001189
1671607659452661760,-0.000001176
1671607659473227776,0.000000523
1671607659492499456,-0.000001320
1671607659512980736,-0.000000231
1671607659533252352,-0.000001026
1671607659552576768,-0.000002191
1671607659575300096,-0.000001614
1671607659592596224,0.000000062
1671607659613205248,0.000001231
1671607659632318976,0.000000346
1671607659652495616,0.000000271
1671607659673208832,-0.000000300
1671607659692677632,-0.000000581
1671607659712990208,0.000000640
1671607659732459264,-0.000000933
1671607659753047552,-0.000001476
1671607659773716224,-0.000001823
1671607659793260032,-0.000002461
1671607659813160704,-0.000001702
1671607659833426944,0.000000544
1671607659853096448,0.000001675
1671607659873308160,0.000002344
1671607659892775680,0.000001721
1671607659912965376,0.000002193
1671607659932295680,0.000002374
1671607659953111296,0.000001218
1671607659974360320,0.000001585
1671607659992815872,0.000001983
1671607660013207808,0.000001729
1671607660032629504,0.000000817
1671607660053218560,-0.000000555
1671607660072519936,-0.000001326
1671607660092994560,-0.000002132
1671607660113399808,-0.000002490
1671607660132776192,-0.000001622
1671607660153443072,-0.000000821
1671607660174748160,-0.000001458
1671607660193273344,-0.000000687
1671607660212467712,-0.000000474
1671607660232937984,-0.000000446
1671607660252699904,-0.000000938
1671607660272871424,-0.000000159
1671607660293272832,-0.000000396
1671607660312686848,0.000000188
1671607660332842752,-0.000000230
1671607660353539584,-0.000000090
1671607660373778432,-0.000000854
1671607660393044480,-0.000001417
1671607660412468736,-0.000001094
1671607660433236480,-0.000002251
1671607660452740608,-0.000001912
1671607660472951296,-0.000000840
1671607660493284096,-0.000001212
1671607660512735488,-0.000001959
1671607660533284608,-0.000001290
1671607660552958976,-0.000001382
1671607660574055168,-0.000001108
1671607660592293632,-0.000000256
1671607660612652032,-0.000001021
1671607660633165568,-0.000000419
1671607660652721920,-0.000000530
1671607660673315584,-0.000001151
1671607660692793088,-0.000001554
1671607660712933888,-0.000000687
1671607660733435904,-0.000001499
1671607660752749568,-0.000000894
1671607660774433280,-0.000000638
1671607660792692992,-0.000000786
1671607660813126912,0.000000214
1671607660832508416,0.000000999
1671607660852931328,0.000000694
1671607660872411136,-0.000000251
1671607660892974592,0.000000047
1671607660913514752,0.000001987
1671607660932601088,0.000002340
1671607660952605184,0.000001556
1671607660974809600,0.000000757
1671607660993231104,0.000000629
1671607661012423168,0.000000485
1671607661032927232,-0.000000561
1671607661053796096,-0.000002042
1671607661072895488,-0.000001459
1671607661092692736,0.000000666
1671607661113008128,0.000001550
1671607661132494848,0.000001193
1671607661153125120,0.000000272
1671607661174545920,-0.000000048
1671607661193339392,0.000000036
1671607661212786176,0.000000882
1671607661232229120,0.000000971
1671607661252933376,0.000000382
1671607661273245696,0.000000540
1671607661292621568,0.000000189
1671607661313092352,0.000001528
1671607661332318976,0.000001783
1671607661353002496,0.000001247
1671607661374646272,0.000002053
1671607661392884224,0.000001586
1671607661413469440,0.000000234
1671607661432679168,0.000000507
1671607661453375488,-0.000000359
1671607661472504832,-0.000001990
1671607661493361152,-0.000003232
1671607661512406784,0.000000110
1671607661532891136,-0.000000276
1671607661553454336,-0.000000365
1671607661573918976,-0.000000916
1671607661593292032,-0.000001661
1671607661612476928,-0.000000484
1671607661633041920,-0.000000039
1671607661652524544,0.000001170
1671607661672909568,0.000001982
1671607661692356096,0.000001381
1671607661713160192,0.000001309
1671607661732488192,0.000001513
1671607661753044992,0.000000846
1671607661774667264,0.000001092
1671607661793114880,0.000000496
1671607661813360896,-0.000001448
1671607661832907008,-0.000002281
1671607661853812224,-0.000002693
1671607661872947200,-0.000002660
1671607661892446464,-0.000003145
1671607661912983808,-0.000002423
1671607661933325824,-0.000000390
1671607661953091840,-0.000000907
1671607661974396928,0.000000043
1671607661992939008,0.000000862
1671607662013157888,0.000000742
1671607662032270336,0.000001844
1671607662053123584,0.000000686
1671607662072488192,0.000000565
1671607662093106176,0.000000418
1671607662112500736,0.000001304
1671607662133290752,0.000000623
1671607662152497920,0.000000609
1671607662174001664,-0.000000464
1671607662192345088,-0.000001567
1671607662212734464,-0.000001992
1671607662233182976,-0.000001656
1671607662253115136,-0.000000794
1671607662272550400,-0.000001130
1671607662292797184,-0.000000441
1671607662313461760,0.000000936
1671607662332851456,0.000002218
1671607662352362240,0.000002244
1671607662374931968,0.000001522
1671607662392591872,0.000000828
1671607662413119488,0.000000938
1671607662432504320,0.000001516
1671607662453155584,0.000000785
1671607662472773888,-0.000000313
1671607662492294912,-0.000001371
1671607662512776960,0.000000637
1671607662532324608,0.000000541
1671607662553030144,-0.000000233
1671607662574481920,0.000000074
1671607662592603136,0.000000705
1671607662613248256,0.000000454
1671607662632792832,0.000000269
1671607662653529088,0.000001070
1671607662672622848,0.000001196
1671607662693152512,0.000000427
1671607662712525056,0.000000198
1671607662732678656,-0.000000750
1671607662753198592,-0.000001884
1671607662773850112,-0.000002261
1671607662792312832,-0.000002830
1671607662812920576,-0.000002857
1671607662832360192,-0.000002710
1671607662853043200,-0.000001994
1671607662873356544,-0.000001183
1671607662892778752,-0.000001764
1671607662913275648,-0.000001266
1671607662932627712,-0.000000251
1671607662953253376,-0.000000692
1671607662974508800,0.000000160
1671607662992961024,0.000000026
1671607663012326400,0.000000206
1671607663032462592,-0.000000054
1671607663053245184,-0.000000197
1671607663072623360,-0.000000287
1671607663093326848,-0.000001388
1671607663113547520,-0.000000217
1671607663132688896,0.000000342
1671607663153522688,0.000001189
1671607663173873664,-0.000000031
1671607663193448448,0.000000278
1671607663213236736,0.000001242
1671607663232343552,0.000000925
1671607663253290240,0.000000157
1671607663272475904,-0.000000646
1671607663293150976,-0.000000663
1671607663312519424,-0.000000143
1671607663333214208,0.000000625
1671607663352764928,0.000001105
1671607663374172160,0.000001697
1671607663392487424,0.000001373
1671607663412891904,0.000000253
1671607663433252864,-0.000000644
1671607663452531456,-0.000000595
1671607663471883008,0.000000413
1671607663492579584,0.000000471
1671607663512797696,0.000000905
1671607663533047552,0.000001397
1671607663553690112,0.000001460
1671607663573853952,0.000001092
1671607663592386048,0.000001891
1671607663613086464,0.000000599
1671607663632344576,0.000001714
1671607663652839168,0.000001300
1671607663672260096,0.000001071
1671607663692507392,-0.000000682
1671607663712894976,-0.000000905
1671607663733535488,-0.000001178
1671607663752292096,-0.000002366
1671607663774697984,-0.000002490
1671607663792460800,-0.000001527
1671607663813117440,-0.000000784
1671607663832277760,-0.000000217
1671607663852525824,-0.000000554
1671607663873114624,0.000000352
1671607663892669184,-0.000000125
1671607663913122816,0.000001547
1671607663933217024,0.000002211
1671607663952337920,0.000001961
1671607663973819904,0.000000831
1671607663992319232,0.000000181
1671607664012784128,-0.000000318
1671607664032138752,-0.000000987
1671607664052531200,-0.000000823
1671607664073085952,-0.000000607
1671607664092513024,-0.000000872
1671607664112987392,-0.000001379
1671607664132500736,-0.000002517
1671607664153036032,-0.000002323
1671607664173723904,-0.000002729
1671607664193347328,-0.000001995
1671607664212906240,-0.000001080
1671607664232388352,-0.000000669
1671607664252719360,-0.000000316
1671607664273433088,0.000000903
1671607664291870208,0.000000741
1671607664313347584,0.000001213
1671607664332788224,-0.000000389
1671607664353386240,-0.000000766
1671607664373588224,-0.000002132
1671607664393275648,-0.000002173
1671607664412513792,-0.000000428
1671607664433205760,-0.000000512
1671607664452500224,0.000000295
1671607664472006912,0.000000431
1671607664492496128,0.000000234
1671607664512922880,0.000001002
1671607664533176832,0.000000912
1671607664552346112,0.000000546
1671607664573839360,0.000000522
1671607664593224192,0.000000606
1671607664612562432,0.000000653
1671607664633190144,-0.000000162
1671607664652680960,0.000000360
1671607664672089088,-0.000000917
1671607664692839680,-0.000000740
1671607664713187840,0.000000073
1671607664732728832,0.000000548
1671607664752589824,-0.000000028
1671607664774286592,0.000000274
1671607664792926208,-0.000000018
1671607664812654848,0.000000942
1671607664831824384,0.000000950
1671607664853490688,0.000002676
1671607664872606208,0.000002976
1671607664893347584,0.000001972
1671607664912659456,0.000002153
1671607664933115136,0.000001626
1671607664952837376,0.000001898
1671607664975134976,0.000000611
1671607664992523776,0.000000025
1671607665013065216,-0.000000084
1671607665032529408,-0.000001687
1671607665052230912,-0.000002771
1671607665072534528,-0.000003376
1671607665092253696,-0.000003253
1671607665113011712,-0.000003418
1671607665132494592,-0.000001418
1671607665153429760,-0.000001100
1671607665173596416,-0.000000508
1671607665193084416,-0.000001642
1671607665212507136,-0.000002066
1671607665232284928,-0.000001533
1671607665251715072,0.000000661
1671607665273289216,-0.000000807
1671607665292954368,-0.000001769
1671607665313467392,-0.000000654
1671607665333019648,-0.000000896
1671607665352488704,-0.000000047
1671607665374142208,0.000000139
1671607665392670208,0.000000232
1671607665413295104,0.000000414
1671607665432809984,-0.000000938
1671607665453197312,-0.000001042
1671607665472676352,-0.000000792
1671607665493622272,-0.000001674
1671607665513205504,-0.000001279
1671607665532805632,-0.000002447
1671607665552319488,-0.000002529
1671607665573792768,-0.000000812
1671607665592347392,0.000000588
1671607665613137920,0.000001700
1671607665632829440,-0.000000639
1671607665652425984,0.000000248
1671607665672813824,-0.000000005
1671607665693354240,-0.000000608
1671607665711865344,0.000000625
1671607665732424960,0.000000096
1671607665753518592,-0.000000187
1671607665774439936,-0.000000257
1671607665791671040,0.000000238
1671607665813027584,0.000001797
1671607665832390912,0.000000969
1671607665852959744,0.000000870
1671607665873140224,-0.000000125
1671607665892660480,-0.000001176
1671607665912726528,-0.000001241
1671607665932148224,-0.000000684
1671607665952777984,-0.000000819
1671607665973797120,-0.000001775
1671607665992148224,-0.000001449
1671607666012365056,-0.000001244
1671607666032532224,0.000000102
1671607666051955200,-0.000000650
1671607666073063936,-0.000000683
1671607666093424896,-0.000000246
1671607666112619776,0.000002744
1671607666132967680,0.000002044
1671607666153606656,0.000001404
1671607666173751040,0.000001159
1671607666193262080,0.000001204
1671607666212708608,0.000001814
1671607666231849984,0.000001910
1671607666253597696,0.000002248
1671607666271678976,0.000002928
1671607666292120576,0.000001708
1671607666312648960,0.000002119
1671607666333432832,0.000002976
1671607666351946496,0.000001836
1671607666374304512,0.000001214
1671607666391767808,0.000000590
1671607666412243456,-0.000000159
1671607666432442624,0.000000497
1671607666452881408,0.000001153
1671607666473048576,0.000001951
1671607666492327424,0.000002042
1671607666512847360,0.000001838
1671607666533338624,0.000001554
1671607666552616704,0.000000614
1671607666573995776,0.000001294
1671607666593474816,0.000000372
1671607666612812288,0.000002298
1671607666631905280,0.000001759
1671607666653392128,0.000003182
1671607666672495360,0.000002872
1671607666693189376,0.000001098
1671607666712640000,0.000002654
1671607666732991744,0.000001052
1671607666752669952,0.000000541
1671607666773545984,0.000000802
1671607666793101824,-0.000000463
1671607666812661248,-0.000000063
1671607666832909312,-0.000000522
1671607666852517888,-0.000000509
1671607666872756992,-0.000002486
1671607666893129216,-0.000002211
1671607666912531968,-0.000001233
1671607666932542976,-0.000001336
1671607666952937216,-0.000001363
1671607666974185216,-0.000000764
1671607666992413696,-0.000001319
1671607667011902464,-0.000001305
1671607667032212224,-0.000001327
1671607667052725504,-0.000002969
1671607667072951296,-0.000001882
1671607667093391104,-0.000002464
1671607667112548864,-0.000001494
1671607667131747072,-0.000000673
1671607667152662272,-0.000001819
1671607667173694720,-0.000001842
1671607667192156160,-0.000001779
1671607667212711424,-0.000003264
1671607667231786240,-0.000002682
1671607667253494784,-0.000002709
1671607667272552704,-0.000002838
1671607667292055040,-0.000002161
1671607667312517376,-0.000001984
1671607667332567808,-0.000000636
1671607667353330944,-0.000000961
1671607667373419264,-0.000003212
1671607667391833856,-0.000003082
1671607667412337664,-0.000003116
1671607667431852288,-0.000002302
1671607667453665024,-0.000001188
1671607667471885824,-0.000001917
1671607667492225536,-0.000001020
1671607667511718912,-0.000002442
1671607667533073664,-0.000002544
1671607667552663808,-0.000002326
1671607667573837056,-0.000003213
1671607667593383680,-0.000002645
1671607667611758592,-0.000001801
1671607667632174592,-0.000001312
1671607667653098752,-0.000000581
1671607667672314368,-0.000001544
1671607667692666880,-0.000001608
1671607667711960064,-0.000001119
1671607667732239360,-0.000000942
1671607667751803392,-0.000000726
1671607667773714688,-0.000001634
1671607667792431104,-0.000001469
1671607667812115200,-0.000001682
1671607667832543232,-0.000001644
1671607667851824128,-0.000000963
1671607667872431872,-0.000000047
1671607667892127488,0.000000304
1671607667911559680,0.000000762
1671607667932147968,-0.000000305
1671607667951742976,-0.000001245
1671607667974054144,-0.000001104
1671607667992495872,-0.000001496
1671607668011694336,-0.000001203
1671607668032079104,-0.000000808
1671607668052504576,-0.000000177
1671607668071898880,-0.000001499
1671607668092631296,-0.000000141
1671607668111953920,-0.000000437
1671607668132561408,0.000000060
1671607668151696128,-0.000001232
1671607668174213120,-0.000001260
1671607668192634112,-0.000001128
1671607668213101824,-0.000000746
1671607668232594944,-0.000000785
1671607668251992576,-0.000000154
1671607668272574464,-0.000000190
1671607668292059648,-0.000001164
1671607668312455424,-0.000001034
1671607668331853056,-0.000000460
1671607668352567808,-0.000000752
1671607668374427648,-0.000000878
1671607668391766272,-0.000000472
1671607668412205824,-0.000000554
1671607668431924480,-0.000000329
1671607668452462592,-0.000000354
1671607668471674880,-0.000000417
1671607668492339200,-0.000000367
1671607668511667968,-0.000000454
1671607668533138176,-0.000000871
1671607668552430080,-0.000000834
1671607668573883648,-0.000001618
1671607668592388608,-0.000002154
1671607668612977920,-0.000002185
1671607668632493312,-0.000002090
1671607668651943424,-0.000002569
1671607668672356352,-0.000002926
1671607668692860928,-0.000002169
1671607668712484608,-0.000002210
1671607668731845120,-0.000002842
1671607668751667968,-0.000002054
1671607668773413888,-0.000001790
1671607668792158720,-0.000001574
1671607668812593152,-0.000001776
1671607668831779584,-0.000001013
1671607668852206592,-0.000000687
1671607668871615232,-0.000001183
1671607668892175104,-0.000001514
1671607668911608320,-0.000001596
1671607668932955904,-0.000000366
1671607668952361472,-0.000000325
1671607668973980672,0.000000490
1671607668992365056,0.000000119
1671607669012641024,0.000000270
1671607669031867648,0.000000192
1671607669052241152,-0.000000349
1671607669071567360,-0.000000230
1671607669092391424,-0.000000300
1671607669112964864,-0.000000284
1671607669132161280,0.000000571
1671607669153035008,0.000000836
1671607669174279424,0.000001045
1671607669192520192,0.000001050
1671607669211905280,0.000001793
1671607669232133120,0.000001016
1671607669252523008,0.000000328
1671607669272067072,-0.000002875
1671607669292603648,-0.000003049
1671607669312065280,-0.000001783
1671607669331521792,-0.000000712
1671607669351966720,0.000000315
1671607669374601472,0.000000019
1671607669392252928,-0.000000700
1671607669411566848,-0.000002381
1671607669432206336,-0.000001999
1671607669452878336,0.000000164
1671607669471819776,0.000002888
1671607669492734208,0.000000648
1671607669511802112,-0.000004240
1671607669532425984,-0.000004611
1671607669552141312,-0.000002472
1671607669573630464,-0.000000082
1671607669592036864,0.000001847
1671607669612689408,0.000002874
1671607669631706368,0.000002682
1671607669651864064,0.000002807
1671607669672445696,0.000003182
1671607669691644672,0.000004183
1671607669712069632,0.000005438
1671607669731535360,0.000005265
1671607669752296192,0.000005064
1671607669774044928,0.000003893
1671607669791902208,0.000003353
1671607669812410112,0.000002900
1671607669831792896,0.000002754
1671607669852324608,0.000000209
1671607669871568640,0.000003159
1671607669891769600,0.000005098
1671607669912187904,0.000004722
1671607669931838976,0.000003585
1671607669952442880,0.000002101
1671607669974148352,0.000001256
1671607669992474112,-0.000002505
1671607670011840256,-0.000000577
1671607670032116224,0.000002320
1671607670052677376,0.000000984
1671607670072333568,-0.000000215
1671607670091743744,0.000000674
1671607670111982080,0.000002038
1671607670132182272,0.000002195
1671607670152504576,-0.000000784
1671607670174080256,-0.000001667
1671607670191581184,-0.000001013
1671607670212167936,0.000000372
1671607670232424448,0.000001321
1671607670251952384,0.000002781
1671607670272458496,0.000002871
1671607670291803136,0.000002698
1671607670312491776,0.000002126
1671607670332131328,0.000000998
1671607670352734720,-0.000000126
1671607670374271744,-0.000000163
1671607670391760640,-0.000000585
1671607670412432896,-0.000000343
1671607670431697408,-0.000000983
1671607670452319488,-0.000001632
1671607670471684608,-0.000001206
1671607670492118272,-0.000001735
1671607670512460800,-0.000000918
1671607670531764480,-0.000000658
1671607670552122880,-0.000000856
1671607670573536256,-0.000000735
1671607670592029184,-0.000000540
1671607670612547584,-0.000000178
1671607670632532224,0.000000536
1671607670651865344,0.000000577
1671607670672379648,0.000001424
1671607670691752960,0.000000867
1671607670712148480,0.000000656
1671607670732549632,0.000000499
1671607670752111616,0.000000989
1671607670773767168,0.000001297
1671607670792280320,0.000001456
1671607670812175104,0.000000897
1671607670831673856,0.000000020
1671607670852420864,-0.000000683
1671607670871821312,-0.000000293
1671607670892341504,0.000000650
1671607670912647168,0.000001205
1671607670931773184,0.000001409
1671607670951947776,0.000001647
1671607670973366016,0.000001241
1671607670991812096,0.000001648
1671607671012085504,0.000001429
1671607671032335872,0.000000237
1671607671051565568,-0.000000280
1671607671072442368,-0.000001622
1671607671091877376,-0.000003702
1671607671112443392,-0.000004335
1671607671131807232,-0.000002464
1671607671152430848,-0.000000399
1671607671173628160,0.000000008
1671607671192216064,0.000000389
1671607671211681536,0.000001018
1671607671232031232,0.000000967
1671607671252425984,0.000000985
1671607671272062720,-0.000001227
1671607671292582400,-0.000002009
1671607671311821312,-0.000003336
1671607671332100864,-0.000003634
1671607671352408576,-0.000002399
1671607671374054912,-0.000000859
1671607671392348160,0.000000444
1671607671411659776,0.000001522
1671607671431928832,0.000001596
1671607671452372480,0.000001393
1671607671471700480,-0.000000466
1671607671492452352,-0.000002346
1671607671511886336,-0.000002506
1671607671532296960,-0.000002522
1671607671552742144,-0.000000305
1671607671573994752,0.000001372
1671607671592202496,0.000002408
1671607671612470016,0.000001956
1671607671631610624,0.000000140
1671607671652536320,-0.000001660
1671607671672591104,-0.000002197
1671607671691997952,-0.000001326
1671607671712536064,-0.000000690
1671607671731947008,0.000000594
1671607671751768832,0.000001756
1671607671773373952,0.000001345
1671607671791997440,-0.000000612
1671607671812530944,-0.000000877
1671607671832168704,-0.000003111
1671607671852903680,-0.000002124
1671607671872305920,0.000001053
1671607671891785984,0.000002145
1671607671911879680,0.000001028
1671607671932401664,0.000001186
1671607671951949824,-0.000001099
1671607671973694976,-0.000002128
1671607671992312320,-0.000001871
1671607672012577024,-0.000000327
1671607672032051200,0.000000880
1671607672052774144,0.000001369
1671607672072771072,0.000002388
1671607672092477696,0.000001309
1671607672111924992,-0.000000914
1671607672132521728,-0.000001529
1671607672151837952,-0.000002256
1671607672173529856,-0.000000884
1671607672191968512,0.000000966
1671607672212637184,0.000002439
1671607672231733504,0.000001942
1671607672252059648,0.000000788
1671607672271707392,-0.000001221
1671607672292276736,-0.000001678
1671607672311536128,-0.000001351
1671607672331813632,-0.000000413
1671607672352393216,0.000000968
1671607672373434624,0.000001956
1671607672391938560,0.000002865
1671607672412394496,0.000002064
1671607672431544576,0.000000565
1671607672452180736,-0.000001884
1671607672472376832,-0.000002824
1671607672492070400,-0.000001775
1671607672511893504,0.000000900
1671607672532049664,0.000001178
1671607672552984576,0.000001415
1671607672573732352,0.000002030
1671607672592107264,0.000001897
1671607672612567552,0.000000166
1671607672631955968,-0.000000648
1671607672652406016,-0.000001489
1671607672671835648,-0.000001181
1671607672692252672,0.000000216
1671607672711505408,0.000000466
1671607672732091136,0.000001090
1671607672751625216,0.000001473
1671607672773521664,0.000000917
1671607672792248832,-0.000003435
1671607672811965440,-0.000005903
1671607672832161024,-0.000004931
1671607672852466432,-0.000002852
1671607672871861504,-0.000004381
1671607672892378368,-0.000006704
1671607672911643904,-0.000003211
1671607672932199936,0.000000799
1671607672952549376,0.000002153
1671607672974047744,0.000002139
1671607672992449024,0.000000251
1671607673012074240,0.000006447
1671607673031570432,0.000008378
1671607673052144640,0.000004682
1671607673072633600,0.000000437
1671607673091980288,-0.000002944
1671607673112535552,-0.000001844
1671607673131949568,0.000000400
1671607673152643328,-0.000000310
1671607673173850368,0.000001302
1671607673192421888,0.000003193
1671607673211721984,0.000003912
1671607673232353536,0.000000647
1671607673251769344,-0.000001472
1671607673272271360,-0.000000898
1671607673292620032,-0.000001368
1671607673311996416,-0.000000881
1671607673332185856,0.000000812
1671607673352620288,0.000001734
1671607673373853696,0.000000870
1671607673392201472,0.000000074
1671607673411577344,0.000001257
1671607673431923968,0.000001324
1671607673452951552,0.000001869
1671607673472010240,0.000001518
1671607673492652032,-0.000000733
1671607673512246016,-0.000000051
1671607673532686080,-0.000000126
1671607673552060416,-0.000000764
1671607673573672192,-0.000001375
1671607673591952640,-0.000001511
1671607673612512000,-0.000001053
1671607673631792384,0.000001353
1671607673652046592,0.000001998
1671607673671528704,0.000002298
1671607673692279808,0.000000957
1671607673711595776,0.000000642
1671607673732066304,-0.000001191
1671607673751594752,-0.000000757
1671607673774131712,-0.000001661
1671607673792508416,-0.000001916
1671607673812506624,-0.000000300
1671607673832738816,0.000003003
1671607673852473344,0.000003851
1671607673871539456,0.000001996
1671607673892105216,-0.000000202
1671607673912542208,-0.000001526
1671607673931789056,-0.000002710
1671607673952410112,-0.000001813
1671607673973708032,-0.000000469
1671607673992260864,0.000000035
1671607674011669248,0.000002696
1671607674032096256,0.000002360
1671607674052375040,0.000001958
1671607674072576512,0.000000600
1671607674092091904,-0.000000427
1671607674112579584,-0.000002342
1671607674132024576,-0.000002317
1671607674152732672,-0.000000636
1671607674174347520,-0.000000021
1671607674192653312,0.000001520
1671607674211974656,0.000002059
1671607674232119040,0.000001665
1671607674252567808,0.000001310
1671607674272221184,-0.000000585
1671607674291589376,-0.000002011
1671607674312054016,-0.000001999
1671607674332185344,-0.000002638
1671607674351778816,-0.000001998
1671607674373350912,-0.000001415
1671607674391859456,-0.000000646
1671607674412237824,0.000000798
1671607674431629824,0.000001985
1671607674451868160,0.000001380
1671607674472478976,0.000000504
1671607674491941120,-0.000000829
1671607674512249344,-0.000001490
1671607674531649280,-0.000002789
1671607674552306176,-0.000002398
1671607674573933056,-0.000001695
1671607674592425216,0.000000893
1671607674611682304,0.000001099
1671607674632165888,0.000002047
1671607674652335104,0.000002524
1671607674671816704,0.000000987
1671607674692312576,0.000000565
1671607674711724800,-0.000000256
1671607674732185088,-0.000002134
1671607674751698432,-0.000001226
1671607674775376128,-0.000001339
1671607674791815936,-0.000000621
1671607674812774656,0.000000600
1671607674831521280,0.000001470
1671607674852273920,0.000002080
1671607674871667712,0.000001514
1671607674892330752,0.000000666
1671607674911641600,-0.000000688
1671607674932171264,-0.000001666
1671607674951387648,-0.000002743
1671607674974009344,-0.000001664
1671607674992445184,-0.000001355
1671607675011863552,-0.000000350
1671607675032436736,0.000000513
1671607675051731712,0.000002191
1671607675072306432,0.000001166
1671607675091694080,0.000000346
1671607675112337664,-0.000001592
1671607675131767808,-0.000001351
1671607675152443392,-0.000001890
1671607675173709824,-0.000000882
1671607675192126976,-0.000000239
1671607675212456704,0.000000852
1671607675231733760,0.000001174
1671607675252085248,0.000001681
1671607675272540416,0.000000860
1671607675291929856,0.000000696
1671607675312404992,-0.000000795
1671607675331932672,-0.000001726
1671607675352479232,-0.000001903
1671607675373862144,-0.000001095
1671607675392285184,0.000000624
1671607675411552000,0.000000877
1671607675431835648,0.000002182
1671607675452441344,0.000002279
1671607675471698944,0.000001904
1671607675492111360,0.000001137
1671607675511527168,-0.000000211
1671607675532120576,-0.000000644
1671607675551818496,-0.000001548
1671607675573994496,-0.000001772
1671607675592255232,0.000000759
1671607675611851776,0.000000727
1671607675632174080,0.000001071
1671607675652700416,0.000001659
1671607675671915008,0.000001464
1671607675692370688,0.000000597
1671607675711791872,-0.000000133
1671607675732187904,-0.000001721
1671607675752083456,-0.000002302
1671607675773526272,-0.000002603
1671607675792041728,-0.000001803
1671607675811834880,-0.000000607
1671607675832073984,0.000001327
1671607675852398592,0.000001424
1671607675871658496,0.000001381
1671607675892393984,0.000000974
1671607675911588352,0.000000578
1671607675932087296,-0.000000799
1671607675952729600,-0.000001923
1671607675973903104,-0.000002240
1671607675992308480,-0.000001376
1671607676011795456,-0.000000176
1671607676032357120,0.000000642
1671607676051569408,0.000000291
1671607676072220672,0.000000536
1671607676091418368,0.000000585
1671607676112105472,0.000000006
1671607676132471808,0.000000123
1671607676152247296,-0.000001271
1671607676173591296,-0.000001262
1671607676191990784,-0.000000649
1671607676211504128,-0.000000571
1671607676231970560,-0.000000084
1671607676252413184,0.000000416
1671607676271445248,0.000000959
1671607676291904256,0.000001211
1671607676312152064,0.000001954
1671607676331485184,0.000000398
1671607676352189184,0.000000361
1671607676373895680,-0.000000583
1671607676392329984,-0.000001515
1671607676412172544,-0.000000613
1671607676431559424,0.000000373
1671607676452190720,0.000000088
1671607676472428800,0.000000796
1671607676491954944,0.000001215
1671607676511450112,0.000001023
1671607676531682816,0.000001274
1671607676551974656,-0.000000558
1671607676573559808,-0.000001354
1671607676592005376,-0.000001561
1671607676612579072,-0.000000994
1671607676632164096,-0.000000363
1671607676651501056,-0.000000065
1671607676671875584,0.000000048
1671607676691420160,0.000001954
1671607676711888640,0.000002259
1671607676732403968,0.000000301
1671607676751750912,-0.000000116
1671607676773938176,-0.000002381
1671607676791644416,-0.000001960
1671607676812363008,-0.000001487
1671607676831514368,-0.000001290
1671607676852125952,0.000000514
1671607676871445504,0.000001421
1671607676892170496,0.000001575
1671607676912416256,0.000001018
1671607676931885568,-0.000000300
1671607676952915712,-0.000001131
1671607676973900032,-0.000002121
1671607676992317440,-0.000001762
1671607677011711744,-0.000001605
1671607677031942912,0.000000989
1671607677052510976,0.000001822
1671607677071830784,0.000001752
1671607677092316160,0.000002810
1671607677112023296,0.000001553
1671607677132391168,-0.000000482
1671607677152043776,-0.000002551
1671607677174319872,-0.000002319
1671607677191952128,-0.000002244
1671607677212364032,-0.000000166
1671607677231859968,0.000000644
1671607677252440832,0.000001729
1671607677271711232,0.000000778
1671607677292227072,0.000000691
1671607677311866112,-0.000000837
1671607677332292608,-0.000001193
1671607677351689728,-0.000000986
1671607677374334720,-0.000000980
1671607677391692800,0.000000449
1671607677412445184,0.000001480
1671607677431816704,0.000001824
1671607677452272384,0.000002206
1671607677471726592,0.000000609
1671607677492034560,-0.000001078
1671607677511494400,-0.000001882
1671607677531981824,-0.000001037
1671607677552473344,-0.000000002
1671607677573580032,0.000001199
1671607677591993856,0.000001176
1671607677612365824,0.000002784
1671607677631494656,0.000001685
1671607677652355072,0.000000742
1671607677672394496,-0.000001129
1671607677691984896,-0.000001822
1671607677711323392,-0.000001549
1671607677731815424,-0.000000247
1671607677751533568,0.000001321
1671607677774391296,0.000001000
1671607677791645696,-0.000000774
1671607677812265728,-0.000001698
1671607677831546368,-0.000001854
1671607677852065536,-0.000001131
1671607677872266240,-0.000000534
1671607677892001280,0.000000193
1671607677912495616,0.000000260
1671607677931714816,0.000000173
1671607677951879168,-0.000002060
1671607677974488832,-0.000002761
1671607677991652096,-0.000002499
1671607678012590080,-0.000002514
1671607678032096000,-0.000002225
1671607678051698432,-0.000000520
1671607678072073472,0.000000140
1671607678091475712,0.000000561
1671607678112164352,0.000000296
1671607678131481600,-0.000000806
1671607678152205824,-0.000000657
1671607678173558272,-0.000001019
1671607678191938048,-0.000000283
1671607678212156416,0.000000022
1671607678232393216,-0.000000319
1671607678251784448,0.000000731
1671607678271890176,0.000000662
1671607678292479488,0.000000649
1671607678312019968,0.000001194
1671607678332346112,0.000000522
1671607678351718656,0.000000747
1671607678374347520,0.000000109
1671607678391785984,0.000000066
1671607678412585984,0.000000810
1671607678431567360,0.000000834
1671607678452194048,0.000000332
1671607678471768576,0.000000014
1671607678492203008,0.000000449
1671607678511531264,0.000001090
1671607678531756288,0.000001457
1671607678552086528,-0.000000057
1671607678573535488,-0.000000543
1671607678591934976,-0.000000313
1671607678612291072,0.000000391
1671607678631607296,0.000001197
1671607678652361984,0.000001687
1671607678671397632,0.000001137
1671607678692087296,0.000000694
1671607678712094208,0.000000242
1671607678731583488,0.000000815
1671607678752233216,0.000001339
1671607678773677824,0.000001617
1671607678791960832,0.000001267
1671607678811574784,0.000001364
1671607678831894528,-0.000000388
1671607678852602624,-0.000000413
1671607678872064000,-0.000000272
1671607678891444480,-0.000000305
1671607678912066304,-0.000000314
1671607678932362752,0.000000788
1671607678951899136,0.000001316
1671607678974303232,0.000001110
1671607678991760128,0.000000054
1671607679012414976,-0.000000880
1671607679031653888,-0.000000688
1671607679052520704,-0.000001143
1671607679071632384,-0.000001295
1671607679092133888,-0.000000383
1671607679111439616,0.000000969
1671607679131603968,0.000001018
1671607679152421376,0.000000323
1671607679173743360,-0.000000765
1671607679192302592,-0.000000799
1671607679212584448,-0.000000591
1671607679231631616,0.000000262
1671607679252437760,0.000001090
1671607679271640064,0.000001131
1671607679292240896,0.000001208
1671607679312284928,0.000001080
1671607679331638272,-0.000000434
1671607679352044544,-0.000000506
1671607679374321920,-0.000000278
1671607679391523584,0.000000084
1671607679412057344,0.000001310
1671607679431707136,0.000001806
1671607679452587776,0.000000707
1671607679471707648,0.000000014
1671607679492323072,-0.000001428
1671607679511954432,-0.000001197
1671607679532118528,-0.000000807
1671607679552872704,0.000000640
1671607679574127360,0.000001173
1671607679591577088,0.000001115
1671607679612151040,0.000000517
1671607679632188672,-0.000000316
1671607679651648000,-0.000000778
1671607679671804160,-0.000001204
1671607679692263424,-0.000000675
1671607679711558912,-0.000001034
1671607679731847936,-0.000001155
1671607679751629568,-0.000001509
1671607679775452416,-0.000002223
1671607679791575552,-0.000003522
1671607679811667456,-0.000003588
1671607679832085760,-0.000002859
1671607679851464960,-0.000000954
1671607679872111616,0.000000266
1671607679891906560,0.000000338
1671607679912511488,0.000000204
1671607679931594496,0.000000191
1671607679951869696,-0.000000046
1671607679973586688,0.000000165
1671607679991947776,0.000000595
1671607680012196352,0.000000220
1671607680031521536,-0.000000814
1671607680051836672,-0.000000852
1671607680072234752,-0.000000125
1671607680091596800,0.000000860
1671607680112045824,0.000000814
1671607680131525888,-0.000000201
1671607680152505600,-0.000001091
1671607680174435840,0.000000474
1671607680191811840,0.000001066
1671607680212280320,-0.000000403
1671607680231808256,-0.000000619
1671607680252378112,-0.000000073
1671607680271444224,-0.000000220
1671607680291801600,-0.000000866
1671607680312106496,-0.000001181
1671607680332274688,0.000000169
1671607680351706624,0.000000826
1671607680373938688,0.000000188
1671607680392342272,0.000000125
1671607680411865344,0.000000099
1671607680432340736,0.000000687
1671607680451716352,-0.000000705
1671607680472139264,-0.000000990
1671607680491375616,-0.000003508
1671607680511981312,-0.000002415
1671607680532216832,-0.000002389
1671607680551971072,-0.000002330
1671607680573519872,-0.000002662
1671607680591788544,-0.000002346
1671607680612543232,-0.000002364
1671607680631822336,-0.000002693
1671607680652451840,-0.000003380
1671607680671490560,-0.000003079
1671607680692005376,-0.000002183
1671607680712468480,-0.000001853
1671607680732023552,-0.000002872
1671607680752622080,-0.000004727
1671607680774160128,-0.000005045
1671607680791631360,-0.000004785
1671607680812252416,-0.000002803
1671607680832509440,-0.000003196
1671607680851937024,-0.000004856
1671607680872165120,-0.000005966
1671607680891481088,-0.000007783
1671607680912180736,-0.000005217
1671607680931646976,-0.000004613
1671607680952129536,-0.000005879
1671607680973570304,-0.000008210
1671607680991854336,-0.000006974
1671607681012310784,-0.000006472
1671607681032030208,-0.000007017
1671607681051607552,-0.000008118
1671607681072036864,-0.000007665
1671607681092306688,-0.000006469
1671607681111706368,-0.000006829
1671607681132316928,-0.000007259
1671607681151661568,-0.000008033
1671607681174275072,-0.000007455
1671607681191510784,-0.000008071
1671607681211833088,-0.000007609
1671607681232319232,-0.000007077
1671607681251681792,-0.000005529
1671607681272132608,-0.000005174
1671607681291520768,-0.000005480
1671607681311981568,-0.000006774
1671607681332367104,-0.000005900
1671607681351717120,-0.000006626
1671607681373499392,-0.000006079
1671607681391876096,-0.000006999
1671607681412133888,-0.000007379
1671607681432627200,-0.000006691
1671607681451894272,-0.000007010
1671607681472525312,-0.000005319
1671607681491897344,-0.000005751
1671607681512304384,-0.000005659
1671607681532430848,-0.000005637
1671607681552135424,-0.000006899
1671607681573494528,-0.000006345
1671607681591873536,-0.000005451
1671607681612516864,-0.000006003
1671607681631985408,-0.000006522
1671607681652313344,-0.000005761
1671607681671747328,-0.000005907
1671607681692164864,-0.000005509
1671607681711577600,-0.000005631
1671607681732280576,-0.000005754
1671607681751968256,-0.000004392
1671607681773643776,-0.000004822
1671607681792002560,-0.000004735
1671607681811683072,-0.000006797
1671607681832011776,-0.000007531
1671607681851510016,-0.000007001
1671607681872254720,-0.000006875
1671607681891704320,-0.000006807
1671607681912139776,-0.000006454
1671607681931702784,-0.000006501
1671607681952097792,-0.000005530
1671607681973584384,-0.000004950
1671607681992107776,-0.000006036
1671607682011711488,-0.000007391
1671607682032191232,-0.000006956
1671607682052414976,-0.000006254
1671607682071950848,-0.000006254
1671607682092294144,-0.000006716
1671607682111757568,-0.000007314
1671607682132626176,-0.000007065
1671607682152064000,-0.000007278
1671607682173593344,-0.000007677
1671607682192098560,-0.000007504
1671607682212529664,-0.000006956
1671607682231798528,-0.000007682
1671607682252419584,-0.000007993
1671607682271756800,-0.000007972
1671607682292372480,-0.000006396
1671607682311741952,-0.000006485
1671607682332029440,-0.000006783
1671607682352528128,-0.000007252
1671607682374238464,-0.000007595
1671607682391636736,-0.000007068
1671607682412293632,-0.000007060
1671607682432635904,-0.000006735
1671607682451960064,-0.000006622
1671607682471554048,-0.000007585
1671607682492358912,-0.000007712
1671607682512044288,-0.000008661
1671607682532328960,-0.000007500
1671607682551609600,-0.000005722
1671607682574268160,-0.000004958
1671607682591550208,-0.000007319
1671607682612280832,-0.000007640
1671607682631487232,-0.000005452
1671607682651930624,-0.000005279
1671607682672424960,-0.000005139
1671607682691842048,-0.000005120
1671607682712172544,-0.000004704
1671607682731656704,-0.000005441
1671607682752403968,-0.000006442
1671607682774184192,-0.000006509
1671607682791783936,-0.000006028
1671607682812381952,-0.000004416
1671607682831542784,-0.000005123
1671607682852245248,-0.000005915
1671607682872622848,-0.000006478
1671607682892274944,-0.000004548
1671607682911661056,-0.000004835
1671607682932187392,-0.000005639
1671607682952534528,-0.000007240
1671607682973943808,-0.000006727
1671607682992496128,-0.000005047
1671607683012103168,-0.000004063
1671607683032556032,-0.000006332
1671607683051944704,-0.000007037
1671607683071498496,-0.000005825
1671607683092150784,-0.000005591
1671607683112596224,-0.000006029
1671607683131718144,-0.000006904
1671607683152107008,-0.000006217
1671607683173788928,-0.000004136
1671607683191923968,-0.000004365
1671607683212490240,-0.000004496
1671607683231667456,-0.000004575
1671607683251904000,-0.000005062
1671607683272461056,-0.000005385
1671607683292076032,-0.000005809
1671607683311546880,-0.000004661
1671607683331975680,-0.000004200
1671607683352368896,-0.000006170
1671607683373852672,-0.000005696
1671607683392425472,-0.000004510
1671607683411727104,-0.000004900
1671607683432203776,-0.000005790
1671607683451660800,-0.000005841
1671607683472184064,-0.000004057
1671607683491673344,-0.000004547
1671607683512145152,-0.000004602
1671607683532385024,-0.000005166
1671607683551827968,-0.000005683
1671607683574309632,-0.000004619
1671607683591532032,-0.000003751
1671607683611963904,-0.000002362
1671607683632335872,-0.000001809
1671607683651819520,-0.000001909
1671607683672195072,-0.000003177
1671607683691576832,-0.000001915
1671607683712043520,0.000000213
1671607683731494400,-0.000000695
1671607683752422912,-0.000001704
1671607683774130944,-0.000001663
1671607683792388096,-0.000000657
1671607683812211200,0.000001101
1671607683832657408,0.000000159
1671607683851894016,-0.000001281
1671607683872175872,-0.000001375
1671607683892404736,-0.000001292
1671607683911737088,-0.000001232
1671607683931959808,-0.000000923
1671607683952788992,-0.000000642
1671607683973059072,0.000000022
1671607683991558656,-0.000000660
1671607684012072704,-0.000001957
1671607684032265984,-0.000002888
1671607684051489536,-0.000002079
1671607684072121088,-0.000000186
1671607684092599040,0.000001435
1671607684112007424,0.000001229
1671607684132232960,0.000000154
1671607684151557120,-0.000001059
1671607684174265088,0.000000446
1671607684192445696,0.000000139
1671607684211692800,0.000000951
1671607684232079616,0.000000851
1671607684251363584,0.000000177
1671607684271857664,-0.000000778
1671607684292461568,0.000000210
1671607684311899648,0.000000130
1671607684332451584,-0.000000007
1671607684351904512,0.000000966
1671607684373726208,0.000001174
1671607684392025600,0.000000334
1671607684411489536,0.000000264
1671607684431743232,-0.000000485
1671607684452087040,-0.000001459
1671607684472464128,0.000000404
1671607684492082688,0.000000745
1671607684511468288,-0.000000696
1671607684532198656,-0.000000723
1671607684551641344,0.000000086
1671607684574316800,0.000000382
1671607684591813632,0.000000570
1671607684611543552,0.000000355
1671607684632079616,0.000000370
1671607684652157184,0.000000279
1671607684672212992,-0.000001173
1671607684691691008,-0.000000363
1671607684712282880,-0.000000503
1671607684731654656,-0.000000231
1671607684752606720,-0.000000664
1671607684774339072,-0.000000887
1671607684791751424,-0.000000905
1671607684812281344,-0.000000703
1671607684831451136,-0.000000490
1671607684852023040,-0.000001117
1671607684872564992,-0.000002505
1671607684892062464,-0.000002664
1671607684912530176,-0.000002300
1671607684931648256,-0.000000846
1671607684952397312,-0.000000922
1671607684973989632,-0.000000442
1671607684992431872,-0.000000821
1671607685011777536,0.000000125
1671607685032195328,0.000001360
1671607685051806208,-0.000000266
1671607685071771392,-0.000002158
1671607685092315136,-0.000002016
1671607685111516160,-0.000000874
1671607685131878912,0.000000789
1671607685152469248,0.000000546
1671607685173786880,0.000000529
1671607685192152320,-0.000000528
1671607685212469504,-0.000000303
1671607685231684352,0.000000085
1671607685252302336,0.000001128
1671607685271572480,0.000000868
1671607685292319744,0.000000612
1671607685312498944,-0.000001548
1671607685331768576,0.000000105
1671607685352263168,0.000002116
1671607685373743616,0.000003322
1671607685392154880,0.000002659
1671607685412783616,0.000001515
1671607685432222464,0.000002481
1671607685452889856,0.000001648
1671607685472070656,0.000001128
1671607685492548608,0.000000379
1671607685511990016,-0.000000514
1671607685532412672,0.000000640
1671607685551573248,0.000001463
1671607685573257984,0.000002052
1671607685591735552,0.000002011
1671607685612232960,0.000000798
1671607685631529728,0.000000975
1671607685652126464,0.000001638
1671607685672349440,0.000001979
1671607685691564032,0.000001905
1671607685712086784,-0.000000038
1671607685732470784,-0.000001510
1671607685752165120,-0.000002023
1671607685773939712,-0.000001723
1671607685792170752,-0.000000464
1671607685811996672,-0.000000429
1671607685832131328,-0.000001059
1671607685851501568,-0.000001625
1671607685871962112,-0.000001258
1671607685891537152,-0.000001796
1671607685912141312,-0.000000025
1671607685932555264,0.000000256
1671607685951763712,0.000000875
1671607685973215744,-0.000000534
1671607685991499776,-0.000003038
1671607686012240128,-0.000002252
1671607686031676416,-0.000001502
1671607686052321536,-0.000000121
1671607686071572992,0.000000461
1671607686092119808,-0.000000203
1671607686112552704,-0.000001137
1671607686132025344,-0.000001430
1671607686152671744,-0.000002011
1671607686174142976,-0.000001921
1671607686192414976,-0.000001362
1671607686211811840,-0.000001728
1671607686232248320,-0.000002495
1671607686251613696,-0.000002227
1671607686272103936,-0.000001900
1671607686292455424,-0.000001297
1671607686311810816,0.000000619
1671607686332006400,0.000001508
1671607686352422656,0.000001179
1671607686373827072,-0.000000963
1671607686392166144,-0.000000338
1671607686412492032,0.000000521
1671607686431703296,0.000001225
1671607686452336128,0.000001478
1671607686471748864,0.000000016
1671607686492198912,-0.000000023
1671607686511569152,0.000000994
1671607686531966208,0.000001954
1671607686552479744,0.000000968
1671607686572888576,-0.000000302
1671607686592192000,0.000000239
1671607686612660992,0.000001272
1671607686631580160,0.000002819
1671607686652158464,0.000003108
1671607686672341504,0.000002721
1671607686691490048,0.000000569
1671607686711720192,0.000000754
1671607686732049152,0.000000389
1671607686751698432,0.000000529
1671607686773630208,0.000001919
1671607686791965696,0.000002217
1671607686812999168,0.000001654
1671607686831707904,0.000000519
1671607686851901696,-0.000000191
1671607686872491008,-0.000000618
1671607686892153856,0.000000297
1671607686912645888,-0.000000303
1671607686931611648,-0.000001033
1671607686952493312,-0.000000672
1671607686972822272,0.000000550
1671607686992305408,0.000000068
1671607687011843328,0.000000440
1671607687032245760,0.000000519
1671607687051420416,-0.000000065
1671607687072196608,-0.000000371
1671607687091704576,-0.000001513
1671607687112063232,-0.000002081
1671607687131550720,-0.000001588
1671607687152105216,0.000000900
1671607687173428992,-0.000000145
1671607687191799040,-0.000000798
1671607687212489984,-0.000002348
1671607687231787264,-0.000001178
1671607687252477696,-0.000000171
1671607687271858944,-0.000000416
1671607687292260096,0.000000014
1671607687311476224,0.000000042
1671607687331956736,0.000000036
1671607687352419840,-0.000001223
1671607687372876032,-0.000001744
1671607687392179456,0.000001075
1671607687412464128,0.000002912
1671607687431703296,0.000001466
1671607687452200704,-0.000000138
1671607687471833344,-0.000001097
1671607687491352064,-0.000001066
1671607687512016640,0.000000482
1671607687532338432,-0.000000366
1671607687551527424,-0.000001089
1671607687572877312,-0.000001877
1671607687592292608,-0.000003564
1671607687612033280,-0.000001178
1671607687631453440,-0.000000869
1671607687651711744,-0.000001262
1671607687672489728,-0.000001656
1671607687692006912,-0.000001863
1671607687711383552,-0.000001197
1671607687732006912,-0.000000456
1671607687751687936,0.000000654
1671607687773517568,-0.000001219
1671607687792111872,-0.000002098
1671607687811839744,-0.000003243
1671607687832102912,-0.000001717
1671607687851609856,0.000000968
1671607687872180224,-0.000000378
1671607687891725056,-0.000000620
1671607687912539136,-0.000000748
1671607687931643136,0.000000309
1671607687952121088,0.000001391
1671607687973719552,0.000000616
1671607687992340224,0.000000554
1671607688011597824,-0.000000729
1671607688031963648,-0.000001211
1671607688052535296,-0.000001407
1671607688071605504,0.000000722
1671607688092460544,0.000000106
1671607688111708160,-0.000000969
1671607688132388864,-0.000002336
1671607688152024832,-0.000000658
1671607688173420032,0.000000396
1671607688191827968,-0.000000157
1671607688212257536,-0.000001073
1671607688232428544,-0.000001489
1671607688251815680,-0.000000153
1671607688272179200,0.000000722
1671607688291693056,0.000000178
1671607688312085760,0.000000443
1671607688332301312,-0.000000030
1671607688351690240,-0.000000794
1671607688374153216,0.000000272
1671607688392681472,0.000000615
1671607688412136448,-0.000000033
1671607688431580416,0.000000212
1671607688452611328,0.000000254
1671607688471758848,-0.000000526
1671607688492326656,0.000002647
1671607688511691520,0.000001274
1671607688532432896,0.000001481
1671607688552270336,0.000000168
1671607688573229312,0.000001105
1671607688591822336,0.000003058
1671607688612125696,0.000003091
1671607688631683840,0.000001047
1671607688652281856,-0.000000109
1671607688672380672,0.000000460
1671607688691736832,0.000000933
1671607688712520960,0.000002550
1671607688731894016,0.000002044
1671607688752409088,0.000000414
1671607688773104384,-0.000001594
1671607688791449344,-0.000000974
1671607688812150528,0.000000190
1671607688832349440,0.000001646
1671607688851632896,0.000000275
1671607688872165120,-0.000000756
1671607688891587584,-0.000001427
1671607688911840000,0.000000620
1671607688932094720,0.000001297
1671607688951414272,0.000000882
1671607688972781568,0.000000832
1671607688992573696,-0.000000180
1671607689012090368,-0.000000982
1671607689031453184,-0.000000162
1671607689052429568,-0.000000585
1671607689071641088,-0.000000284
1671607689092309248,0.000000127
1671607689111591936,0.000001145
1671607689132196864,0.000001242
1671607689152875776,-0.000000217
1671607689174324736,-0.000001049
1671607689191494400,-0.000000983
1671607689211635456,0.000000492
1671607689231936256,0.000001246
1671607689252177920,0.000000903
1671607689271675392,0.000000831
1671607689292198144,-0.000000172
1671607689311509248,-0.000000296
1671607689332335872,-0.000000231
1671607689351770112,-0.000000683
1671607689373357568,-0.000001619
1671607689391745024,-0.000001166
1671607689411060992,-0.000000976
1671607689431490816,0.000001217
1671607689451784192,0.000001607
1671607689472294912,-0.000000444
1671607689491800320,-0.000002794
1671607689512087040,-0.000002658
1671607689532432640,-0.000000189
1671607689550863872,0.000001459
1671607689573430016,0.000000942
1671607689590912256,-0.000000500
1671607689612611584,-0.000000550
1671607689631797760,0.000000323
1671607689652346624,0.000001643
1671607689671615488,0.000001425
1671607689692059392,0.000000280
1671607689711476992,-0.000001142
1671607689732026880,-0.000001086
1671607689752773120,0.000000195
1671607689773033472,0.000000866
1671607689792179968,0.000000056
1671607689811567360,-0.000001273
1671607689831972608,-0.000001870
1671607689852418560,-0.000000066
1671607689871762432,0.000000879
1671607689892674560,0.000000715
1671607689912231936,-0.000000230
1671607689931798016,-0.000003112
1671607689951281408,-0.000003038
1671607689973652480,0.000000007
1671607689991857152,0.000000478
1671607690012207872,-0.000001907
1671607690032457472,-0.000002201
1671607690051523328,-0.000000791
1671607690072172288,0.000000814
1671607690092663808,0.000001332
1671607690110946304,0.000002151
1671607690132201472,-0.000001042
1671607690151732480,-0.000001797
1671607690174138880,-0.000000692
1671607690191459840,0.000000622
1671607690212239360,-0.000000047
1671607690231541760,0.000000615
1671607690250912000,0.000000971
1671607690271487232,-0.000001024
1671607690291041024,-0.000001585
1671607690311667456,-0.000000116
1671607690332067840,0.000002191
1671607690351693056,0.000001122
1671607690373947904,0.000000558
1671607690391413760,0.000001001
1671607690411677440,0.000002555
1671607690431752448,0.000005578
1671607690452416768,0.000005985
1671607690471597312,0.000003976
1671607690491918080,0.000001475
1671607690512463616,0.000001656
1671607690531862016,0.000002321
1671607690552520960,0.000002707
1671607690573745920,0.000001432
1671607690592090880,0.000000017
1671607690611437568,-0.000000253
1671607690631578368,0.000001041
1671607690651997440,0.000001149
1671607690671446784,0.000000672
1671607690691955712,0.000000320
1671607690712333056,-0.000000360
1671607690731620864,-0.000001213
1671607690751404288,-0.000000051
1671607690773121024,0.000001430
1671607690791622400,0.000000289
1671607690812586240,-0.000001759
1671607690831831552,-0.000000177
1671607690851423232,0.000000941
1671607690871755008,0.000000530
1671607690892282368,-0.000000112
1671607690912574208,0.000000003
1671607690931829760,0.000000270
1671607690951074816,0.000000003
1671607690973472768,0.000000391
1671607690991055872,0.000000721
1671607691011423744,0.000000747
1671607691032043520,-0.000000324
1671607691051438080,-0.000001434
1671607691071147264,-0.000001291
1671607691091798784,0.000001012
1671607691112198912,0.000001606
1671607691131552256,0.000001273
1671607691151123200,0.000000339
1671607691172624896,-0.000000077
1671607691192440576,0.000000946
1671607691212734976,0.000001386
1671607691231933952,0.000000652
1671607691251260416,-0.000001054
1671607691271688192,-0.000001956
1671607691291280640,-0.000002633
1671607691311464192,-0.000003418
1671607691331691776,-0.000002547
1671607691351342848,-0.000001226
1671607691373369344,0.000000222
1671607691391834112,-0.000000959
1671607691412351744,-0.000003969
1671607691431878912,-0.000002966
1671607691452563200,-0.000000803
1671607691471676672,0.000000076
1671607691491231744,-0.000000551
1671607691511572224,-0.000001475
1671607691531968768,-0.000001693
1671607691551473152,-0.000000319
1671607691572705280,0.000000966
1671607691592116480,-0.000000021
1671607691612331776,-0.000001770
1671607691631836928,-0.000002524
1671607691651370752,0.000000211
1671607691672431872,0.000000086
1671607691692217344,-0.000000299
1671607691711126272,-0.000001977
1671607691731697920,-0.000002150
1671607691752434688,-0.000001812
1671607691772736512,-0.000000018
1671607691792421632,-0.000000813
1671607691810759424,-0.000000355
1671607691831350784,-0.000000508
1671607691851898112,-0.000000567
1671607691872022272,0.000000817
1671607691891678720,0.000002031
1671607691912042496,0.000001443
1671607691932456448,0.000000593
1671607691951699456,-0.000000709
1671607691973270016,-0.000001901
1671607691991728384,-0.000001929
1671607692012366848,0.000000017
1671607692031576064,0.000000126
1671607692050965760,-0.000000614
1671607692072472320,-0.000001131
1671607692091856128,-0.000000712
1671607692112229888,-0.000000675
1671607692131375360,-0.000000585
1671607692151842048,0.000000934
1671607692173415424,-0.000000049
1671607692192013824,0.000000863
1671607692211598080,-0.000000015
1671607692231207680,0.000001138
1671607692252913920,0.000001443
1671607692272223744,0.000000970
1671607692292066560,0.000000681
1671607692312677376,0.000000808
1671607692332074240,0.000000425
1671607692351452928,-0.000001810
1671607692373124096,-0.000002218
1671607692392628480,0.000000692
1671607692411964160,0.000001829
1671607692432371968,0.000000639
1671607692451846656,-0.000001059
1671607692472239616,-0.000000421
1671607692492835328,0.000000120
1671607692511015936,-0.000000861
1671607692531433984,0.000001729
1671607692551558912,0.000003016
1671607692572742656,0.000003282
1671607692591083264,0.000001020
1671607692612536064,-0.000000764
1671607692631816448,-0.000000354
1671607692652533504,0.000000373
1671607692671785472,0.000000220
1671607692692208640,0.000001016
1671607692711726848,0.000000308
1671607692731097344,-0.000001583
1671607692752349440,-0.000000717
1671607692775006976,-0.000000255
1671607692791708928,0.000000053
1671607692811181056,0.000000101
1671607692830832384,-0.000001103
1671607692852488192,-0.000001070
1671607692871547904,-0.000001695
1671607692892039680,-0.000001453
1671607692911220992,0.000000935
1671607692931656960,0.000003193
1671607692951022592,0.000001353
1671607692973563392,-0.000000025
1671607692990840832,-0.000001962
1671607693011259392,0.000000324
1671607693031634176,0.000001044
1671607693051839744,-0.000000255
1671607693071451648,-0.000000459
1671607693091979264,0.000000219
1671607693111055616,-0.000000464
1671607693131293440,-0.000000925
1671607693152348928,-0.000002018
1671607693173446400,-0.000000506
1671607693190771968,0.000000815
1671607693211284992,-0.000000571
1671607693230867712,-0.000001785
1671607693251815424,-0.000000816
1671607693271215872,-0.000001061
1671607693291894784,-0.000000810
1671607693311319040,-0.000000358
1671607693330995712,0.000000285
1671607693351889664,0.000001179
1671607693373208576,0.000000444
1671607693391723520,-0.000000321
1671607693412375040,-0.000001942
1671607693431897856,-0.000000300
1671607693452535040,0.000000144
1671607693471732736,-0.000000375
1671607693491077888,-0.000001075
1671607693511564800,0.000000272
1671607693531803648,-0.000000446
1671607693551096832,-0.000001423
1671607693572812032,0.000000243
1671607693591235584,0.000000009
1671607693611627264,0.000000694
1671607693630813184,0.000000225
1671607693651070976,-0.000001819
1671607693671636480,-0.000001295
1671607693691184128,-0.000001116
1671607693711609600,0.000000807
1671607693731016960,-0.000000716
1671607693751113984,-0.000001624
1671607693772770048,-0.000001713
1671607693791178752,-0.000000717
1671607693810777600,-0.000002760
1671607693831132160,-0.000000523
1671607693851414016,-0.000000334
1671607693871141888,0.000000901
1671607693891778816,0.000001105
1671607693911146496,0.000000358
1671607693931573760,-0.000002120
1671607693950852352,-0.000000908
1671607693973443584,0.000000073
1671607693990745856,0.000002432
1671607694012276992,0.000001099
1671607694031753984,0.000001266
1671607694050894336,-0.000000986
1671607694071650304,-0.000002386
1671607694091168256,-0.000002487
1671607694111515648,-0.000001065
1671607694130894080,0.000001580
1671607694151001088,0.000000645
1671607694172726272,-0.000001842
1671607694191469824,-0.000002546
1671607694211884544,-0.000003064
1671607694231381504,-0.000001317
1671607694251942144,0.000000520
1671607694271205632,0.000000036
1671607694291620096,0.000000716
1671607694310801408,0.000000372
1671607694331041536,0.000000796
1671607694351586048,0.000001766
1671607694373094912,0.000000946
1671607694392579840,-0.000000280
1671607694410872832,-0.000000296
1671607694431400960,0.000000167
1671607694450876672,0.000001668
1671607694471494144,0.000002200
1671607694492398592,0.000000041
1671607694511693056,-0.000000594
1671607694532314624,-0.000001978
1671607694551814912,0.000000850
1671607694573112320,0.000000250
1671607694591465984,0.000000549
1671607694610825728,0.000001046
1671607694631227648,0.000000620
1671607694652145664,-0.000001435
1671607694671119616,-0.000000289
1671607694691573248,-0.000000897
1671607694711015168,-0.000000756
1671607694732611072,-0.000001754
1671607694751596800,-0.000001699
1671607694773305344,0.000000249
1671607694790850560,0.000001609
1671607694811514368,0.000000978
1671607694830767616,0.000001736
1671607694851397888,0.000001527
1671607694871659008,-0.000000248
1671607694891438848,0.000000204
1671607694911753216,0.000002175
1671607694931046656,0.000002121
1671607694951618816,0.000001117
1671607694973155584,0.000000456
1671607694991686144,0.000000118
1671607695011622912,0.000000126
1671607695031023616,0.000001582
1671607695051675904,0.000001029
1671607695071101184,0.000000885
1671607695091404288,-0.000000667
1671607695111693824,-0.000000090
1671607695130816512,0.000001080
1671607695151210240,0.000003106
1671607695172843520,0.000001497
1671607695191266304,0.000001361
1671607695211642368,0.000001773
1671607695230945792,0.000001120
1671607695251264512,0.000001805
1671607695271701504,0.000002985
1671607695291260160,0.000001720
1671607695311567360,-0.000000372
1671607695330779904,0.000001807
1671607695351267072,0.000003337
1671607695373012992,0.000003199
1671607695391526144,-0.000000409
1671607695411039744,-0.000001379
1671607695431722240,-0.000000668
1671607695451215616,0.000000848
1671607695470778624,0.000000108
1671607695491448576,0.000000291
1671607695511127552,-0.000000272
1671607695531599104,-0.000000785
1671607695551056896,-0.000001067
1671607695572637696,-0.000000071
1671607695590975488,0.000000013
1671607695612672512,-0.000000495
1671607695630793728,-0.000000377
1671607695651189248,0.000001313
1671607695671778560,0.000001810
1671607695691218176,0.000002134
1671607695711523584,0.000001786
1671607695731021568,0.000001673
1671607695750878208,0.000000518
1671607695773548032,0.000000197
1671607695791086848,0.000002074
1671607695811567872,0.000004561
1671607695831076864,0.000003604
1671607695851709952,-0.000000139
1671607695870837504,0.000000104
1671607695891416064,0.000003856
1671607695910832128,0.000002840
1671607695931294208,0.000000990
1671607695951981056,-0.000000950
1671607695973319424,0.000001069
1671607695991778048,0.000003538
1671607696011167744,0.000003386
1671607696031752704,0.000002419
1671607696051120896,0.000002075
1671607696071603456,0.000001815
1671607696091087872,0.000001874
1671607696111387648,0.000002468
1671607696131678464,0.000001660
1671607696151413248,0.000000986
1671607696172565504,-0.000000093
1671607696191140352,0.000001442
1671607696211728640,0.000002986
1671607696231232512,0.000002696
1671607696250994688,0.000001057
1671607696271362048,0.000001041
1671607696291760640,0.000001890
1671607696311258112,0.000002822
1671607696331895296,0.000001573
1671607696351377408,-0.000000014
1671607696373045760,0.000001810
1671607696391672064,0.000003337
1671607696411038720,0.000004280
1671607696431567872,0.000002396
1671607696450962688,0.000002331
1671607696471728384,0.000003229
1671607696491241728,0.000001449
1671607696510844672,0.000002916
1671607696532330752,0.000003842
1671607696551794176,0.000003762
1671607696573289984,0.000003153
1671607696591066112,0.000001264
1671607696611800576,0.000001958
1671607696630801920,0.000002934
1671607696651449856,0.000002877
1671607696670828288,0.000002295
1671607696691196416,0.000002529
1671607696711583488,0.000001964
1671607696730854400,0.000000485
1671607696751325440,0.000001860
1671607696773335552,0.000001355
1671607696791613184,0.000001987
1671607696811506944,0.000001555
1671607696831026432,0.000001877
1671607696851130368,0.000002690
1671607696870808576,0.000002151
1671607696891261440,0.000000773
1671607696911758080,0.000000764
1671607696930854144,0.000000326
1671607696951379200,0.000000628
1671607696972922368,0.000001118
1671607696991238912,0.000001485
1671607697011761664,0.000001213
1671607697030964480,0.000000783
1671607697051621888,0.000001224
1671607697071672064,0.000002271
1671607697091234048,0.000001158
1671607697111639552,0.000000852
1671607697130845184,0.000000854
1671607697151595264,0.000001855
1671607697172648704,0.000002015
1671607697191355904,0.000000677
1671607697211575040,0.000001606
1671607697230696448,0.000000869
1671607697251257088,0.000001141
1671607697271824640,0.000001192
1671607697291582720,0.000001145
1671607697311161856,0.000000668
1671607697331839232,0.000000058
1671607697351250944,0.000000615
1671607697373247232,0.000001523
1671607697391738624,0.000001524
1671607697411072768,0.000001089
1671607697431670784,0.000000879
1671607697452615936,-0.000000297
1671607697470748160,0.000000396
1671607697491661312,0.000001988
1671607697510921472,0.000001858
1671607697531506176,0.000002108
1671607697551064576,0.000001728
1671607697572562176,0.000001494
1671607697591068416,0.000001513
1671607697611661312,0.000001212
1671607697631147264,0.000000958
1671607697651785216,0.000001331
1671607697670915328,0.000000805
1671607697691618048,0.000001100
1671607697711678208,0.000002195
1671607697730935552,0.000003161
1671607697751586816,0.000002588
1671607697772870656,0.000001980
1671607697791459840,0.000001412
1671607697811089664,0.000001798
1671607697831477248,0.000002303
1671607697851113984,0.000001578
1671607697871602944,0.000001584
1671607697891073792,0.000002191
1671607697911189504,0.000002106
1671607697931548160,0.000003996
1671607697950961152,0.000003738
1671607697973753344,0.000003534
1671607697991183616,0.000001963
1671607698011778048,0.000001039
1671607698031102976,0.000001170
1671607698051491584,0.000002005
1671607698070880256,0.000002103
1671607698091656960,0.000001691
1671607698110913280,0.000001170
1671607698131230720,0.000000884
1671607698151576832,0.000001352
1671607698173031936,0.000001622
1671607698191296512,0.000001600
1671607698211821568,0.000001063
1671607698231056128,0.000000297
1671607698251603968,0.000000924
1671607698271262464,0.000003095
1671607698291905536,0.000003309
1671607698311451136,0.000001864
1671607698330821376,0.000000942
1671607698351681536,0.000001863
1671607698372934400,0.000002135
1671607698391229952,0.000000850
1671607698410816000,0.000000138
1671607698431357440,0.000000501
1671607698450958080,0.000001060
1671607698471217152,0.000002494
1671607698490758144,0.000002326
1671607698511253760,0.000001348
1671607698531111168,0.000000754
1671607698551947776,0.000000392
1671607698573345536,0.000002174
1671607698590717952,0.000002025
1671607698611488768,0.000001296
1671607698630894592,0.000001772
1671607698651720192,0.000002151
1671607698670873088,0.000002489
1671607698691425536,0.000002022
1671607698711738880,0.000000620
1671607698731395328,0.000000059
1671607698751297792,-0.000000128
1671607698773113088,0.000001441
1671607698791577856,0.000001020
1671607698811317504,0.000000218
1671607698831668992,0.000000281
1671607698850897664,0.000000199
1671607698871616000,0.000001290
1671607698891143936,0.000001569
1671607698911579136,0.000001312
1671607698931648000,0.000000653
1671607698950989312,0.000000196
1671607698973634304,0.000000716
1671607698990880256,0.000001965
1671607699011310080,0.000002076
1671607699031729152,0.000002260
1671607699051251456,0.000000293
1671607699071565312,-0.000000083
1671607699090997760,0.000000686
1671607699111367680,0.000002935
1671607699131706880,0.000003171
1671607699151534080,0.000002248
1671607699173727744,0.000002209
1671607699191119104,0.000001340
1671607699211563520,0.000000870
1671607699231056384,0.000001751
1671607699250932736,0.000001723
1671607699271357440,0.000001114
1671607699291829248,0.000000380
1671607699311245824,-0.000000365
1671607699331724288,0.000000718
1671607699351092736,0.000002108
1671607699373685760,0.000002831
1671607699391287040,0.000002721
1671607699411806464,0.000001926
1671607699431167744,0.000002201
1671607699452053760,0.000001873
1671607699471282944,0.000002452
1671607699490905856,0.000001653
1671607699511462656,0.000002140
1671607699531084288,0.000000646
1671607699551728128,0.000001935
1671607699573035520,0.000002849
1671607699591899392,0.000001931
1671607699611773696,0.000001163
1671607699630900480,0.000000781
1671607699651299584,0.000000567
1671607699671800320,0.000001681
1671607699691451648,0.000003000
1671607699710966784,0.000003449
1671607699731676928,0.000002922
1671607699751402240,0.000001576
1671607699773319680,0.000002210
1671607699791677440,0.000002294
1671607699811100928,0.000001816
1671607699831692800,0.000000559
1671607699850989056,0.000001531
1671607699871703552,0.000003149
1671607699891298304,0.000001822
1671607699911667968,0.000000779
1671607699930955520,0.000001354
1671607699951409152,0.000002463
1671607699972745216,0.000002063
1671607699991399168,0.000002094
1671607700011807488,0.000001405
1671607700030891264,0.000001718
1671607700051451648,0.000001731
1671607700070833920,0.000001822
1671607700091349504,0.000000898
1671607700111710720,-0.000000613
1671607700131097856,0.000000889
1671607700151401984,0.000001405
1671607700173078272,0.000000951
1671607700191917056,-0.000000156
1671607700211254784,-0.000000400
1671607700231682304,-0.000000411
1671607700251209216,0.000001488
1671607700271831040,0.000000054
1671607700291267584,-0.000000155
1671607700312047872,-0.000001226
1671607700331594240,-0.000001109
1671607700351250176,-0.000000225
1671607700372491264,-0.000000317
1671607700390825472,-0.000000467
1671607700411302912,-0.000000784
1671607700431401472,0.000000123
1671607700451814400,0.000001928
1671607700471058944,-0.000000146
1671607700491635200,-0.000000653
1671607700511212544,-0.000000772
1671607700531586048,0.000000650
1671607700551137536,0.000002087
1671607700573560832,0.000000549
1671607700591206656,0.000000517
1671607700611580928,0.000000832
1671607700631784448,0.000001008
1671607700651418880,0.000001407
1671607700671567360,0.000002849
1671607700691268608,0.000003000
1671607700711677440,0.000001927
1671607700730859264,0.000001569
1671607700751701760,0.000001093
1671607700773475584,0.000000547
1671607700790831616,0.000001318
1671607700811420160,0.000001431
1671607700831647232,0.000002064
1671607700850688256,0.000003479
1671607700871334912,0.000002537
1671607700891801344,0.000001646
1671607700911522048,0.000002471
1671607700931709440,0.000001963
1671607700951041024,-0.000000064
1671607700972632320,-0.000000253
1671607700991089152,0.000000484
1671607701011586304,0.000001914
1671607701030798080,0.000002279
1671607701051107584,0.000000925
1671607701071586048,0.000001281
1671607701091032064,0.000000612
1671607701111255040,0.000000187
1671607701131528192,0.000000722
1671607701151745024,0.000001173
1671607701173317888,0.000000654
1671607701191763712,0.000000877
1671607701211035904,0.000000502
1671607701231344640,0.000000366
1671607701251817984,0.000000752
1671607701271443456,0.000000782
1671607701291598592,0.000000085
1671607701311086848,-0.000000756
1671607701331351552,0.000000151
1671607701350705920,0.000000926
1671607701373397248,0.000002406
1671607701391516160,0.000002514
1671607701411081728,0.000000851
1671607701431566592,0.000000260
1671607701450910464,-0.000000119
1671607701471552000,0.000000014
1671607701491050240,0.000001238
1671607701511295232,0.000001454
1671607701531436032,0.000001408
1671607701551816448,0.000000347
1671607701573109504,0.000000547
1671607701591461376,0.000001286
1671607701610919168,0.000001508
1671607701631233792,0.000002920
1671607701651731456,0.000002910
1671607701671102720,0.000002271
1671607701691635712,0.000001445
1671607701710841856,0.000000362
1671607701731472128,0.000000754
1671607701751235584,0.000002540
1671607701774246656,0.000002885
1671607701791650048,0.000002482
1671607701811675136,0.000001902
1671607701830738944,0.000000424
1671607701851258880,0.000000211
1671607701871661312,0.000000005
1671607701890892032,0.000000373
1671607701911448832,0.000000276
1671607701931609856,-0.000001010
1671607701950828800,-0.000000997
1671607701973534720,-0.000000013
1671607701991037952,-0.000000099
1671607702011290112,0.000000571
1671607702031562240,0.000000100
1671607702050658048,0.000000312
1671607702071256576,-0.000000066
1671607702091779072,0.000000012
1671607702110924288,0.000000264
1671607702131224832,0.000000545
1671607702152058112,0.000000314
1671607702172902400,-0.000000030
1671607702191448320,0.000000296
1671607702210708992,-0.000000420
1671607702231140864,-0.000001046
1671607702251346688,-0.000000538
1671607702270774272,-0.000000693
1671607702291431168,0.000000342
1671607702310602496,0.000000685
1671607702331008512,0.000000177
1671607702351235840,-0.000000005
1671607702373636608,-0.000000051
1671607702391242752,0.000000634
1671607702411624192,0.000001293
1671607702430695168,0.000001291
1671607702451120128,0.000001002
1671607702471500032,0.000001214
1671607702490830848,0.000001649
1671607702511363584,0.000002084
1671607702531439872,0.000001736
1671607702551951360,0.000002044
1671607702573189376,0.000002525
1671607702591689472,0.000003247
1671607702611015936,0.000003154
1671607702631324928,0.000003483
1671607702650842368,0.000002912
1671607702671158528,0.000002923
1671607702692042496,0.000002106
1671607702711431936,0.000001497
1671607702730736896,0.000001862
1671607702751548416,0.000001935
1671607702773466112,0.000002243
1671607702790987008,0.000001791
1671607702810838272,0.000001555
1671607702831551488,0.000001275
1671607702850727424,0.000001282
1671607702871700224,0.000000239
1671607702891449088,-0.000000259
1671607702911659776,0.000000243
1671607702930884352,0.000001101
1671607702951192576,0.000001834
1671607702972742912,0.000001701
1671607702991136000,0.000001055
1671607703011735808,0.000001240
1671607703030891264,0.000000347
1671607703051205632,0.000000699
1671607703071691520,0.000000293
1671607703091069696,0.000000522
1671607703111345920,0.000000269
1671607703130723328,0.000000705
1671607703151654656,0.000000707
1671607703172636416,0.000001440
1671607703191128832,0.000001859
1671607703210630400,0.000002177
1671607703231222272,0.000002649
1671607703251754240,0.000003061
1671607703271136000,0.000003171
1671607703290708992,0.000003220
1671607703310923520,0.000001925
1671607703331303936,0.000001860
1671607703350630400,0.000001772
1671607703373159168,0.000001184
1671607703391570944,0.000000614
1671607703410979072,0.000000873
1671607703431109632,0.000002180
1671607703451807232,0.000002090
1671607703471151104,0.000001132
1671607703491424512,0.000001309
1671607703510784000,0.000001019
1671607703531163648,-0.000000119
1671607703551598592,-0.000000645
1671607703572988672,-0.000000723
1671607703591244032,0.000000270
1671607703611642112,0.000000567
1671607703630751488,0.000000514
1671607703651414528,0.000000814
1671607703670576896,0.000001247
1671607703691164672,0.000000853
1671607703711608576,0.000000537
1671607703730864640,0.000000594
1671607703750582016,0.000000464
1671607703772599808,0.000000317
1671607703790929920,-0.000000676
1671607703811818496,0.000000007
1671607703830867968,0.000000006
1671607703851335680,0.000000207
1671607703870722304,0.000001116
1671607703891280384,0.000000485
1671607703911325184,-0.000000117
1671607703931529472,-0.000000458
1671607703950837760,0.000000071
1671607703972691456,0.000001008
1671607703991061760,0.000001013
1671607704011478528,0.000000463
1671607704030919680,0.000001264
1671607704051276288,0.000001929
1671607704071620096,0.000002135
1671607704091071232,0.000000898
1671607704110931968,-0.000000182
1671607704130821888,-0.000000186
1671607704151314176,0.000000975
1671607704172929024,0.000002500
1671607704191248384,0.000002535
1671607704210648576,0.000001986
1671607704230867968,0.000001665
1671607704251192576,0.000000818
1671607704271313152,0.000000219
1671607704291727616,-0.000000144
1671607704310713088,-0.000000242
1671607704330778112,-0.000000268
1671607704351546880,0.000000730
1671607704373688576,0.000000566
1671607704390919680,-0.000000334
1671607704411148544,-0.000000953
1671607704431500288,-0.000001383
1671607704451032320,-0.000000405
1671607704471065344,-0.000000020
1671607704491603200,0.000000892
1671607704510590464,0.000000279
1671607704530729216,0.000000962
1671607704551448064,0.000001791
1671607704573478912,0.000001731
1671607704590919680,0.000001108
1671607704611385344,-0.000000339
1671607704630620416,-0.000000457
1671607704650909952,-0.000000406
1671607704671292416,0.000000194
1671607704690706432,0.000000459
1671607704711164928,0.000001761
1671607704731580160,0.000001512
1671607704750999808,0.000001847
1671607704773095936,0.000003201
1671607704791573248,0.000004258
1671607704811478272,0.000003220
1671607704830578432,0.000002715
1671607704850977536,0.000002415
1671607704871526400,0.000001396
1671607704890743552,-0.000000231
1671607704911128320,-0.000000482
1671607704931482112,0.000000248
1671607704950912768,0.000000305
1671607704973575168,-0.000001195
1671607704990841856,-0.000001258
1671607705011264000,-0.000001009
1671607705030706944,-0.000000618
1671607705051106304,-0.000000562
1671607705070564608,-0.000000434
1671607705091310848,0.000000777
1671607705110572800,0.000001167
1671607705130853120,0.000001049
1671607705151467264,0.000001318
1671607705172817920,0.000002078
1671607705191084800,0.000002031
1671607705211669248,0.000001587
1671607705230763520,0.000001113
1671607705251219456,-0.000000466
1671607705270943232,-0.000001347
1671607705291580416,-0.000000511
1671607705310709248,0.000000231
1671607705330970880,0.000000840
1671607705351392000,0.000000410
1671607705372655360,0.000000448
1671607705391056896,-0.000000069
1671607705411417344,-0.000000162
1671607705431598080,-0.000001150
1671607705450837760,-0.000000116
1671607705471515904,0.000000259
1671607705490806016,0.000001071
1671607705511233536,0.000001035
1671607705531538432,0.000001927
1671607705551009536,0.000001569
1671607705573442560,0.000000655
1671607705590911744,-0.000000296
1671607705611118592,-0.000000971
1671607705631458048,-0.000000508
1671607705650913536,-0.000000195
1671607705671178752,0.000000475
1671607705690693888,0.000000250
1671607705711020800,0.000000461
1671607705731411200,-0.000000096
1671607705751118592,0.000001273
1671607705772699392,0.000001685
1671607705791112960,0.000001440
1671607705810863360,0.000001186
1671607705831187200,0.000000550
1671607705851960320,0.000001691
1671607705870990336,0.000002153
1671607705891396352,0.000001479
1671607705910820608,0.000000045
1671607705931175936,-0.000001101
1671607705950830848,-0.000001455
1671607705973240832,-0.000001262
1671607705991749888,-0.000001556
1671607706010706176,-0.000000115
1671607706031187200,0.000001854
1671607706051934464,0.000002002
1671607706071219200,0.000001552
1671607706090714112,0.000001341
1671607706110892032,0.000000561
1671607706131440384,-0.000000203
1671607706150640640,0.000000974
1671607706173215488,0.000000484
1671607706191535360,-0.000000692
1671607706210817536,-0.000000147
1671607706231290880,-0.000000310
1671607706250822912,0.000000606
1671607706271336448,0.000000764
1671607706290779392,-0.000000027
1671607706311109632,-0.000000182
1671607706331358720,0.000000688
1671607706350876928,0.000001445
1671607706373283072,0.000002181
1671607706390538752,0.000001260
1671607706411205888,0.000000095
1671607706430742016,-0.000000078
1671607706451121664,0.000000141
1671607706471626240,-0.000000176
1671607706491148544,0.000000135
1671607706510582784,-0.000001287
1671607706531261184,-0.000001286
1671607706551860992,-0.000000759
1671607706573387008,-0.000000131
1671607706590942208,0.000000530
1671607706611476736,-0.000000006
1671607706631135232,-0.000000335
1671607706651691776,-0.000001305
1671607706670949376,-0.000002602
1671607706691562240,-0.000001873
1671607706711042560,-0.000002080
1671607706731482624,-0.000002432
1671607706751085056,-0.000002445
1671607706773656320,-0.000001054
1671607706791123712,-0.000000511
1671607706810748160,-0.000000205
1671607706831090688,-0.000000393
1671607706851439360,-0.000000524
1671607706870817280,-0.000000928
1671607706891490816,-0.000001113
1671607706910699264,-0.000000464
1671607706931085568,0.000000242
1671607706951591680,0.000000886
1671607706972915456,0.000000737
1671607706991533056,0.000000542
1671607707011734528,0.000000423
1671607707031084288,-0.000000231
1671607707051659520,-0.000000890
1671607707071097344,-0.000000743
1671607707091565568,0.000000397
1671607707110868736,0.000002595
1671607707131356672,0.000001904
1671607707150701824,0.000001471
1671607707173320448,0.000000841
1671607707190639360,0.000000364
1671607707211108096,-0.000000378
1671607707231719680,0.000000052
1671607707250896896,0.000000063
1671607707271465216,0.000000421
1671607707290977280,0.000000877
1671607707311391232,0.000000636
1671607707330580480,0.000000742
1671607707350999808,0.000001245
1671607707372664576,0.000001184
1671607707391578112,0.000000508
1671607707411113984,-0.000000659
1671607707430617856,-0.000000354
1671607707451337728,-0.000000477
1671607707470980352,0.000000043
1671607707491625984,0.000000524
1671607707511217408,0.000000953
1671607707531444480,0.000000880
1671607707551853824,-0.000000290
1671607707573045248,-0.000000379
1671607707591392768,0.000000285
1671607707610637824,0.000001001
1671607707631324160,0.000000485
1671607707651895296,-0.000000315
1671607707670874368,0.000000124
1671607707691437824,0.000001215
1671607707711709952,0.000002118
1671607707730959616,0.000002165
1671607707750743552,0.000002398
1671607707772585728,0.000001896
1671607707790891520,0.000001886
1671607707811458560,0.000000920
1671607707830601984,0.000001101
1671607707851279104,0.000000844
1671607707871153152,0.000000409
1671607707890636544,0.000000695
1671607707911290880,0.000001447
1671607707931624704,0.000001239
1671607707950882304,0.000000361
1671607707972612352,-0.000000753
1671607707990928640,-0.000000989
1671607708011449344,-0.000001048
1671607708030726656,0.000000831
1671607708051222784,0.000001510
1671607708070725888,0.000001255
1671607708091261184,0.000000564
1671607708111849216,-0.000000642
1671607708131251456,-0.000000332
1671607708150676736,0.000000372
1671607708173265664,-0.000001596
1671607708191644160,-0.000002524
1671607708211133952,-0.000003340
1671607708230614016,-0.000002661
1671607708250843904,-0.000001672
1671607708271409408,-0.000001206
1671607708290728448,-0.000000311
1671607708311235072,-0.000000321
1671607708331467008,-0.000000399
1671607708350831104,-0.000000495
1671607708373531136,0.000000572
1671607708390848768,0.000000951
1671607708411189504,-0.000000722
1671607708431463680,-0.000000863
1671607708450572544,0.000001017
1671607708471286272,0.000002278
1671607708490779136,0.000002440
1671607708511387904,0.000001668
1671607708531622656,0.000001549
1671607708551071232,-0.000000468
1671607708572692992,-0.000000545
1671607708591019776,-0.000000247
1671607708611240704,-0.000000211
1671607708631528448,-0.000000487
1671607708650586368,-0.000001100
1671607708671305728,-0.000000160
1671607708691668224,0.000000191
1671607708710822656,-0.000001460
1671607708731407872,-0.000001530
1671607708751383040,-0.000000378
1671607708773335808,0.000000344
1671607708790777600,0.000000328
1671607708811331584,-0.000000796
1671607708831676416,-0.000001210
1671607708851217152,-0.000001161
1671607708871435776,-0.000000154
1671607708890859776,0.000000562
1671607708911198464,0.000000777
1671607708931500288,-0.000000422
1671607708951085568,-0.000000609
1671607708973395200,-0.000000273
1671607708990696960,0.000000009
1671607709011284224,-0.000000084
1671607709031534080,0.000000958
1671607709051135232,0.000000608
1671607709071369216,-0.000000635
1671607709090833664,-0.000001790
1671607709111360000,-0.000001960
1671607709130727936,-0.000000627
1671607709151662080,0.000000245
1671607709172792320,-0.000000764
1671607709191337472,-0.000001729
1671607709211761664,-0.000001592
1671607709231386368,0.000000457
1671607709250989568,0.000000623
1671607709271286016,0.000001312
1671607709290621696,0.000001874
1671607709310997760,0.000001784
1671607709330511616,0.000001195
1671607709351154432,-0.000000016
1671607709373366272,-0.000000786
1671607709390904576,-0.000000351
1671607709411383296,0.000000812
1671607709430850560,0.000000591
1671607709451659776,0.000000898
1671607709470736640,0.000000243
1671607709491388672,-0.000000272
1671607709511727104,-0.000000401
1671607709530959104,-0.000000019
1671607709551548416,0.000000413
1671607709573178880,-0.000000084
1671607709591580928,-0.000000511
1671607709610819072,-0.000000431
1671607709631115776,-0.000000663
1671607709651731200,-0.000000293
1671607709670768384,-0.000000440
1671607709691539968,-0.000000275
1671607709710880256,-0.000000323
1671607709731475712,-0.000000133
1671607709751263488,-0.000001233
1671607709773295872,-0.000000913
1671607709790790144,-0.000001641
1671607709812009216,-0.000000390
1671607709830693632,-0.000001281
1671607709851006464,-0.000001338
1671607709871529216,-0.000000910
1671607709890853632,0.000000036
1671607709911060736,0.000000339
1671607709931292160,-0.000000184
1671607709951629568,-0.000000433
1671607709973070336,-0.000000519
1671607709991310080,-0.000000851
1671607710011643648,-0.000000481
1671607710030727424,-0.000000161
1671607710051210752,-0.000000556
1671607710071749376,-0.000000908
1671607710091012864,-0.000001298
1671607710111238656,-0.000001347
1671607710130615040,-0.000000862
1671607710150896640,-0.000000857
1671607710173451776,-0.000000775
1671607710190864640,-0.000000776
1671607710211065088,-0.000000747
1671607710231497984,-0.000000573
1671607710250823168,-0.000000528
1671607710271449600,-0.000000474
1671607710291060224,-0.000000842
1671607710310733056,-0.000000673
1671607710331377664,-0.000000341
1671607710351082752,-0.000000043
1671607710372613888,0.000000797
1671607710391140096,0.000000780
1671607710411855872,0.000001046
1671607710431292672,0.000001153
1671607710451208448,0.000001059
1671607710470796800,0.000001146
1671607710491344640,0.000001596
1671607710510702080,0.000001438
1671607710531328768,0.000000969
1671607710551679488,0.000000277
1671607710573321216,-0.000000258
1671607710591588608,-0.000000220
1671607710611059200,0.000000129
1671607710630765312,0.000000524
1671607710651568640,0.000000387
1671607710670714368,0.000000326
1671607710691543552,0.000000165
1671607710710726144,0.000000131
1671607710731182336,0.000000132
1671607710750905856,0.000000825
1671607710773688064,0.000000328
1671607710791343872,0.000000251
1671607710810821120,-0.000000299
1671607710831361280,-0.000000650
1671607710851133696,-0.000000620
1671607710871201024,-0.000000025
1671607710891685888,-0.000000018
1671607710911609088,0.000000802
1671607710931042560,0.000001184
1671607710951073792,0.000002133
1671607710973556736,0.000002012
1671607710990869504,0.000001313
1671607711011672320,0.000001315
1671607711031370240,0.000001553
1671607711051768064,0.000001947
1671607711071875072,0.000002554
1671607711091176448,0.000002813
1671607711111610880,0.000003021
1671607711130781696,0.000003302
1671607711150952192,0.000002194
1671607711173668608,0.000000632
1671607711191002880,-0.000000382
1671607711211412992,-0.000001026
1671607711231069952,-0.000001269
1671607711251507456,-0.000000621
1671607711271091456,0.000000434
1671607711290534912,-0.000000755
1671607711311191296,-0.000002505
1671607711331699712,-0.000002539
1671607711351015680,-0.000002289
1671607711372684544,-0.000001573
1671607711391058688,-0.000001358
1671607711411477760,-0.000000928
1671607711430739200,-0.000000649
1671607711451410688,0.000000097
1671607711470881280,0.000000223
1671607711491364864,0.000000493
1671607711510760704,-0.000000245
1671607711531321088,-0.000000630
1671607711550739968,-0.000001362
1671607711572294400,-0.000002030
1671607711590745088,-0.000001877
1671607711611440640,-0.000000591
1671607711630837248,0.000000261
1671607711651863552,0.000000843
1671607711671184128,0.000000395
1671607711690972672,-0.000000150
1671607711711302144,0.000000152
1671607711730725120,-0.000000627
1671607711751840768,-0.000001198
1671607711773516544,-0.000001331
1671607711791200256,-0.000000647
1671607711810802432,-0.000000118
1671607711831252224,-0.000000792
1671607711851043328,0.000000047
1671607711871494400,0.000000568
1671607711891097600,0.000000442
1671607711911792896,-0.000000224
1671607711930865152,-0.000000938
1671607711951410688,-0.000001111
1671607711972770048,-0.000000998
1671607711991223040,-0.000000370
1671607712011426304,-0.000000922
1671607712030672896,-0.000001181
1671607712051715584,-0.000002001
1671607712071630592,-0.000002042
1671607712091036160,-0.000002037
1671607712111733248,-0.000002602
1671607712130956800,-0.000001441
1671607712151639040,0.000000304
1671607712173139456,0.000000256
1671607712191535872,0.000000019
1671607712210801664,0.000001066
1671607712231289088,0.000000651
1671607712251040256,0.000000297
1671607712271121920,-0.000000130
1671607712290660096,0.000000149
1671607712310968576,-0.000000099
1671607712331162624,-0.000000447
1671607712351861760,0.000000343
1671607712373149696,0.000000932
1671607712391521536,0.000000996
1671607712411059712,0.000000911
1671607712431143424,0.000001231
1671607712451831296,0.000000734
1671607712470758912,0.000000307
1671607712491384320,-0.000000509
1671607712510772224,-0.000000685
1671607712531573504,0.000000282
1671607712551221248,0.000001011
1671607712573361152,0.000000811
1671607712590662912,0.000000635
1671607712610925312,0.000000755
1671607712631420928,0.000001077
1671607712650991872,0.000000044
1671607712671296000,-0.000000334
1671607712690730240,-0.000000163
1671607712711067392,0.000000501
1671607712731502592,0.000000535
1671607712750937088,0.000000895
1671607712773695744,0.000002747
1671607712790842368,0.000003129
1671607712811442432,0.000003753
1671607712831654400,0.000004920
1671607712850970624,0.000003491
1671607712871377920,0.000003449
1671607712890852096,0.000003748
1671607712911202816,0.000003246
1671607712931636736,0.000003071
1671607712951028224,0.000001962
1671607712972365312,0.000001761
1671607712990786560,-0.000000239
1671607713011037184,-0.000000537
1671607713031316992,0.000001441
1671607713051977984,0.000000451
1671607713070922496,-0.000000708
1671607713091555328,-0.000000922
1671607713110659072,-0.000001033
1671607713131405056,-0.000001373
1671607713151132672,-0.000001346
1671607713172271872,-0.000002843
1671607713190849792,-0.000003283
1671607713211124992,-0.000003496
1671607713231511296,-0.000001356
1671607713250833664,-0.000000340
1671607713271630336,0.000000122
1671607713291262720,-0.000001264
1671607713310905600,0.000000172
1671607713331368448,0.000000394
1671607713350814464,0.000000285
1671607713372450304,-0.000002108
1671607713390845184,-0.000003784
1671607713411271936,-0.000001188
1671607713431389696,-0.000001388
1671607713451923712,-0.000002116
1671607713470939392,-0.000002139
1671607713491293184,-0.000001920
1671607713510866944,-0.000000877
1671607713531602944,-0.000000784
1671607713550939904,-0.000001035
1671607713573765888,-0.000001185
1671607713591162880,-0.000001594
1671607713611728128,-0.000002747
1671607713631203328,-0.000002218
1671607713651999488,-0.000001739
1671607713671146240,-0.000000829
1671607713691701760,-0.000000279
1671607713711133952,-0.000000294
1671607713731594752,-0.000000276
1671607713751342592,0.000000213
1671607713772999680,0.000000615
1671607713791536640,0.000000338
1671607713811228416,0.000000091
1671607713831513600,0.000000187
1671607713851013376,-0.000000227
1671607713871493376,0.000000143
1671607713891164416,-0.000000352
1671607713911754240,-0.000000640
1671607713931289344,0.000000659
1671607713952158464,0.000001375
1671607713973407744,0.000001689
1671607713991757056,0.000000660
1671607714011500288,0.000000381
1671607714031136000,0.000000995
1671607714051639040,0.000000401
1671607714071284480,-0.000000979
1671607714090759168,-0.000001355
1671607714111149056,-0.000000871
1671607714131479552,-0.000000347
1671607714150674688,0.000000244
1671607714172067072,0.000000719
1671607714191599616,0.000000644
1671607714210719488,0.000000987
1671607714231314176,0.000000530
1671607714250979072,-0.000000615
1671607714271290880,-0.000000478
1671607714290683392,-0.000000463
1671607714311075328,-0.000000196
1671607714331298048,0.000000735
1671607714351654656,0.000001109
1671607714373038848,0.000001561
1671607714391526912,0.000000985
1671607714411080192,0.000000572
1671607714431268608,-0.000000300
1671607714451711744,-0.000001130
1671607714471048704,-0.000001570
1671607714491671296,-0.000001127
1671607714511037440,-0.000000215
1671607714531120896,0.000000594
1671607714551903488,0.000000778
1671607714573169664,0.000000481
1671607714591454976,0.000000833
1671607714610578688,0.000000797
1671607714631215872,0.000000133
1671607714651493120,-0.000000521
1671607714670834688,-0.000000500
1671607714691359744,0.000000462
1671607714711648512,0.000000849
1671607714731056640,0.000000687
1671607714750665984,0.000000779
1671607714772298496,0.000000519
1671607714790909952,-0.000000252
1671607714811845120,-0.000000657
1671607714830787328,-0.000000183
1671607714851256832,-0.000000186
1671607714870584576,-0.000000577
1671607714890997248,0.000000125
1671607714911343872,-0.000000523
1671607714930543104,-0.000000254
1671607714951076096,0.000000068
1671607714972446720,0.000000031
1671607714990872832,0.000000131
1671607715011166208,-0.000001044
1671607715031489792,-0.000001914
1671607715051941120,-0.000001861
1671607715071130112,-0.000001144
1671607715091719424,-0.000000799
1671607715111257600,-0.000000617
1671607715130637312,-0.000000582
1671607715151713792,-0.000000289
1671607715172718848,-0.000001149
1671607715191141376,-0.000001254
1671607715211482624,-0.000001713
1671607715230792960,-0.000001668
1671607715251812352,-0.000001492
1671607715271001856,-0.000000737
1671607715291448320,-0.000000267
1671607715310818304,0.000000877
1671607715331218944,0.000001524
1671607715351961088,0.000001374
1671607715372928512,0.000000838
1671607715391517952,0.000000783
1671607715410877952,0.000001150
1671607715430917888,0.000000689
1671607715451810560,0.000000447
1671607715470934784,-0.000000448
1671607715491195136,-0.000000860
1671607715511468288,-0.000000751
1671607715530619136,-0.000000171
1671607715551290112,0.000000856
1671607715572302592,0.000001125
1671607715591895808,0.000001463
1671607715610973952,0.000001525
1671607715631429888,0.000002034
1671607715650761472,0.000002188
1671607715671109120,0.000000784
1671607715690547712,-0.000000581
1671607715710913024,-0.000000819
1671607715731591168,-0.000000116
1671607715751215616,0.000000746
1671607715772861184,0.000000780
1671607715791282688,0.000000519
1671607715811398400,0.000000561
1671607715831197696,0.000000752
1671607715851629312,0.000000947
1671607715870860800,0.000000827
1671607715891375104,0.000000292
1671607715910876160,-0.000000041
1671607715931046656,-0.000000257
1671607715951384320,-0.000001726
1671607715972927744,-0.000001321
1671607715991265280,-0.000000951
1671607716011559168,-0.000000832
1671607716031267584,-0.000000621
1671607716050745856,-0.000000166
1671607716071130112,-0.000000648
1671607716090873088,-0.000001534
1671607716111080704,-0.000002106
1671607716131530752,-0.000001685
1671607716150705664,-0.000001313
1671607716172151552,0.000000272
1671607716190649088,0.000001243
1671607716210965504,0.000002342
1671607716231406080,0.000024304
1671607716252094208,0.000002767
1671607716271086080,0.000002534
1671607716291381504,0.000002760
1671607716311818752,0.000003455
1671607716331403008,0.000002812
1671607716350757632,0.000001871
1671607716372109056,0.000000885
1671607716391572480,0.000000999
1671607716410679296,0.000000500
1671607716430998528,0.000000809
1671607716451582976,0.000000951
1671607716470574848,0.000001291
1671607716491266048,-0.000000895
1671607716511625216,-0.000002587
1671607716531056128,-0.000003118
1671607716551806208,-0.000002182
1671607716571922688,-0.000000350
1671607716591299840,0.000000851
1671607716610784256,0.000000698
1671607716630804736,-0.000000878
1671607716651369728,-0.000001504
1671607716671580672,-0.000001288
1671607716690992896,-0.000001529
1671607716711128832,-0.000001912
1671607716731620608,-0.000001182
1671607716751284992,-0.000000906
1671607716773199360,-0.000000611
1671607716791702272,-0.000000253
1671607716811088896,-0.000000392
1671607716831504384,-0.000001093
1671607716851064320,-0.000001557
1671607716871553024,-0.000002002
1671607716891390976,-0.000001980
1671607716910630656,-0.000000765
1671607716930860032,-0.000001297
1671607716951468288,-0.000000455
1671607716972611584,-0.000000565
1671607716991209984,-0.000000071
1671607717011562496,0.000000225
1671607717031080192,0.000000542
1671607717051524608,0.000000690
1671607717071176448,0.000000981
1671607717091851008,0.000001072
1671607717111603712,0.000000984
1671607717131651840,0.000001127
1671607717151165952,0.000000420
1671607717172459776,-0.000000038
1671607717190939136,-0.000000262
1671607717211267584,-0.000000635
1671607717231587584,0.000000090
1671607717250920448,0.000000938
1671607717271577088,0.000001325
1671607717290659584,0.000000492
1671607717311060480,0.000000701
1671607717331449600,0.000000322
1671607717350999296,-0.000000136
1671607717373337344,-0.000001607
1671607717391984896,-0.000001463
1671607717411288832,-0.000000714
1671607717430797568,0.000000196
1671607717451356160,0.000000602
1671607717470663936,0.000000806
1671607717491117824,0.000000631
1671607717510281472,0.000000317
1671607717530798848,-0.000000283
1671607717550132224,-0.000000886
1671607717572400128,-0.000000943
1671607717591799296,-0.000000977
1671607717611523072,-0.000000416
1671607717630801408,-0.000000327
1671607717651155456,0.000000695
1671607717670599168,0.000001464
1671607717690007552,0.000001869
1671607717711456000,0.000002673
1671607717730923520,0.000002756
1671607717750612480,0.000002050
1671607717772636928,-0.000000079
1671607717791037952,-0.000000227
1671607717810483200,-0.000000384
1671607717830866688,-0.000000588
1671607717851312640,0.000000426
1671607717870574592,0.000000693
1671607717891165440,0.000000566
1671607717911703040,-0.000000585
1671607717931031808,-0.000000805
1671607717951990528,-0.000000945
1671607717971939840,-0.000000869
1671607717991388416,0.000000117
1671607718010871808,0.000000804
1671607718030429952,0.000001410
1671607718051009024,0.000000784
1671607718070602752,0.000000509
1671607718091088128,0.000000473
1671607718111322880,-0.000001048
1671607718130863616,-0.000000732
1671607718151282944,0.000000682
1671607718172603904,0.000002730
1671607718190062336,0.000003883
1671607718211713536,0.000002201
1671607718230921472,0.000001212
1671607718251517696,0.000000509
1671607718270991360,-0.000000067
1671607718291555072,0.000000232
1671607718311123968,0.000000260
1671607718331524352,0.000000755
1671607718351015680,0.000000807
1671607718372581120,-0.000000292
1671607718391078656,-0.000000906
1671607718411319296,-0.000000600
1671607718430594560,0.000000908
1671607718451014144,0.000001473
1671607718471461888,0.000000540
1671607718491029248,-0.000001553
1671607718511390976,-0.000002252
1671607718530915072,-0.000001334
1671607718550438144,-0.000001801
1671607718571972352,-0.000002295
1671607718591522560,-0.000001982
1671607718610728704,-0.000001896
1671607718631420928,-0.000001520
1671607718651062784,-0.000000472
1671607718671336448,-0.000001024
1671607718690522368,-0.000001265
1671607718710830336,-0.000002274
1671607718730211072,-0.000003353
1671607718750014720,-0.000003396
1671607718771731712,-0.000003579
1671607718791308544,-0.000002043
1671607718810899712,-0.000000322
1671607718831511808,-0.000000104
1671607718850827776,-0.000000061
1671607718870411008,-0.000000462
1671607718890811648,-0.000000556
1671607718910024704,0.000000549
1671607718931476224,0.000001263
1671607718950783488,0.000002628
1671607718972180480,0.000002407
1671607718990644992,0.000002133
1671607719011336960,0.000002927
1671607719030422016,0.000001974
1671607719050414080,0.000000965
1671607719070840576,0.000000404
1671607719091379968,-0.000001441
1671607719111645440,-0.000000722
1671607719130768384,0.000000888
1671607719150107392,0.000003056
1671607719172563200,0.000003678
1671607719190781952,0.000002316
1671607719211703296,0.000001018
1671607719230876672,0.000000107
1671607719251523072,0.000000048
1671607719270654976,0.000000524
1671607719291127296,0.000001548
1671607719311430400,0.000002203
1671607719330753024,0.000002328
1671607719351179520,0.000001734
1671607719372878080,0.000002350
1671607719390263552,0.000000947
1671607719410467584,0.000000920
1671607719430963712,0.000000160
1671607719451588096,0.000000629
1671607719470920704,0.000001187
1671607719491589632,0.000001426
1671607719510967552,0.000001703
1671607719531129600,0.000000963
1671607719551617536,0.000000286
1671607719571940608,-0.000001139
1671607719591422720,-0.000001008
1671607719610875136,-0.000000704
1671607719630138112,0.000000060
1671607719650265088,0.000001016
1671607719670777088,0.000000245
1671607719691090944,-0.000000463
1671607719711531520,-0.000001473
1671607719730976768,6.811132431
1671607719750797312,6.791687012
1671607719772417280,6.772233009
1671607719791162368,6.733699799
1671607719810739200,6.714076519
1671607719831342080,6.696935177
1671607719850924800,6.677338600
1671607719871002624,6.657713413
1671607719890580224,6.592064857
1671607719910792448,6.571868896
1671607719931206144,6.554640770
1671607719951813632,6.534339905
1671607719972010240,6.513985634
1671607719991496704,6.473588467
1671607720010846976,6.452968597
1671607720030193664,6.448173046
1671607720050443264,6.427572250
1671607720069926400,6.406905174
1671607720090537472,6.361915588
1671607720111012864,6.340990543
1671607720130529536,6.292526245
1671607720150420736,6.271255493
1671607720172920576,6.249915600
1671607720191217152,6.224357128
1671607720210733312,6.202887535
1671607720230007296,6.185423851
1671607720250953984,6.164035797
1671607720271141120,6.142688751
1671607720291614208,6.100822449
1671607720310915328,6.079425335
1671607720331198464,6.042194366
1671607720351616768,6.020784378
1671607720371702016,5.999460220
1671607720391247360,5.969527721
1671607720411563520,5.948294640
1671607720430667776,5.884502411
1671607720451784960,5.862958908
1671607720470861824,5.841466427
1671607720491392000,5.822723389
1671607720510890240,5.801400661
1671607720529920256,5.752457619
1671607720550783744,5.731017590
1671607720571895552,5.709661484
1671607720590399744,5.673537731
1671607720611720960,5.652088165
1671607720631237376,5.627725601
1671607720652168192,5.606150150
1671607720671099904,5.584506035
1671607720690621184,5.534978867
1671607720710876928,5.512938499
1671607720731352320,5.458237648
1671607720750858240,5.435702324
1671607720772669184,5.413076878
1671607720791059968,5.382722378
1671607720811730432,5.359869480
1671607720830955264,5.335915089
1671607720850114560,5.312994003
1671607720870536448,5.290021420
1671607720891030784,5.230866909
1671607720910408704,5.207402229
1671607720930780416,5.147755146
1671607720950409216,5.123797417
1671607720972000768,5.099742413
1671607720990576896,5.041409016
1671607721010023424,5.016858101
1671607721031636224,4.968976974
1671607721050893056,4.943999767
1671607721070475264,4.918910503
1671607721090891008,4.896276951
1671607721111219712,4.871045113
1671607721131565312,4.869417667
1671607721150884352,4.844381332
1671607721172481024,4.819364548
1671607721190026752,4.791052818
1671607721211570432,4.766058445
1671607721230787840,4.738067627
1671607721250145792,4.713087559
1671607721270819072,4.688107491
1671607721290549248,4.651131630
1671607721311136768,4.626005173
1671607721330702080,4.612184048
1671607721350428416,4.587117195
1671607721371982848,4.562037945
1671607721390455808,4.537245750
1671607721410901504,4.512197971
1671607721431168000,4.479537487
1671607721452103424,4.454454899
1671607721470258688,4.429392815
1671607721490768128,4.423141003
1671607721510038528,4.398353100
1671607721530513664,4.381829262
1671607721550845952,4.357270718
1671607721572329216,4.332808495
1671607721590731776,4.300650597
1671607721611255808,4.276307106
1671607721630414848,4.264687538
1671607721650861312,4.240634441
1671607721670181888,4.216641426
1671607721690680576,4.186829090
1671607721710919424,4.162889481
1671607721731358464,4.146975517
1671607721749942016,4.123192787
1671607721772693248,4.099429607
1671607721790692864,4.088751316
1671607721811980800,4.065110683
1671607721830673408,4.034724712
1671607721850024448,4.010966778
1671607721871947008,3.987188339
1671607721890056960,3.975936890
1671607721910598400,3.952266932
1671607721930760448,3.932396412
1671607721949841664,3.908798218
1671607721972455936,3.885220051
1671607721991157760,3.868304491
1671607722010555392,3.844887257
1671607722030780672,3.825107813
1671607722050076416,3.801830292
1671607722070774016,3.778612137
1671607722091329792,3.755311489
1671607722110642432,3.732218504
1671607722130071296,3.707121372
1671607722150850816,3.684093714
1671607722172269056,3.661090136
1671607722191722752,3.628564119
1671607722210255360,3.605463982
1671607722230611456,3.581106424
1671607722251208448,3.557985067
1671607722270524160,3.534867525
1671607722290116608,3.504891157
1671607722310975488,3.481785774
1671607722330386176,3.457770348
1671607722350107392,3.434776783
1671607722372628224,3.411832571
1671607722390188544,3.404477596
1671607722409914624,3.381733418
1671607722430597632,3.367011786
1671607722450080000,3.344327927
1671607722470836480,3.321604490
1671607722490340352,3.301694155
1671607722510665984,3.278937340
1671607722530204416,3.259321928
1671607722550663680,3.236557007
1671607722571999232,3.213750839
1671607722590701056,3.184257269
1671607722609881088,3.161272764
1671607722630286336,3.143259764
1671607722650745088,3.120268822
1671607722670075136,3.097230911
1671607722690598656,3.082333803
1671607722711003648,3.059371948
1671607722730386944,3.045068026
1671607722750914304,3.022247553
1671607722772696064,2.999444246
1671607722790164480,2.992391348
1671607722810867200,2.969877243
1671607722830035968,2.942885637
1671607722850517248,2.920269251
1671607722869987584,2.897641420
1671607722890775552,2.884402514
1671607722909962752,2.861960888
1671607722930235392,2.853966713
1671607722950690560,2.831812859
1671607722972418048,2.809692621
1671607722990763008,2.818463802
1671607723010110976,2.796927214
1671607723030357760,2.785104036
1671607723050565376,2.763751984
1671607723070059008,2.742408276
1671607723091588352,2.731240511
1671607723110874624,2.710086346
1671607723130146816,2.687585354
1671607723150423808,2.666432858
1671607723171720960,2.645329237
1671607723190208000,2.631746054
1671607723210741248,2.610884190
1671607723229919488,2.595851660
1671607723250310912,2.575121641
1671607723270764032,2.554390907
1671607723290207744,2.543844938
1671607723310689024,2.523332119
1671607723330337024,2.495000124
1671607723350779904,2.474310875
1671607723372266496,2.453597307
1671607723390748928,2.452383280
1671607723410509056,2.432022095
1671607723430852096,2.414404869
1671607723450262784,2.394029617
1671607723471048704,2.373611927
1671607723490229760,2.361889362
1671607723510774784,2.341578007
1671607723529966336,2.332347631
1671607723550493696,2.312227249
1671607723572050176,2.292087078
1671607723590501120,2.284658194
1671607723611090176,2.264766216
1671607723630053376,2.224164009
1671607723650461184,2.203784227
1671607723670903040,2.183418274
1671607723690372608,2.157481432
1671607723710698496,2.137019396
1671607723730205952,2.112847328
1671607723749798656,2.092231750
1671607723772693248,2.071556091
1671607723789975040,2.050521135
1671607723809875968,2.029766083
1671607723830244352,2.016414404
1671607723850934016,1.995806932
1671607723869960192,1.975209832
1671607723890610176,1.951473475
1671607723909847296,1.930811167
1671607723930252544,1.909407735
1671607723951101952,1.888694525
1671607723972465152,1.867970347
1671607723990694400,1.852247715
1671607724009977088,1.831607699
1671607724030383872,1.822035074
1671607724051190016,1.801616192
1671607724070455296,1.781182528
1671607724089906944,1.770128965
1671607724110233856,1.749971509
1671607724130632960,1.723554373
1671607724151140096,1.703296423
1671607724172407040,1.683065057
1671607724190885632,1.664948940
1671607724210358272,1.644790769
1671607724230704896,1.632092714
1671607724251280896,1.612160206
1671607724270206464,1.592243314
1671607724290675712,1.585693479
1671607724310891776,1.566159964
1671607724329958656,1.546218872
1671607724351764480,1.526713967
1671607724371848192,1.507221580
1671607724390436864,1.493512154
1671607724410051328,1.474176645
1671607724430466560,1.463713288
1671607724451122176,1.444645762
1671607724470695168,1.425604224
1671607724490267648,1.402409673
1671607724510910208,1.383312464
1671607724530422016,1.364040136
1671607724550890240,1.345003009
1671607724572177152,1.326014042
1671607724590812160,1.294204831
1671607724610188544,1.275010109
1671607724630628096,1.244437695
1671607724649914368,1.225123405
1671607724670521344,1.205942869
1671607724690985984,1.188170314
1671607724710264064,1.169321775
1671607724731027456,1.146360993
1671607724750524416,1.127676010
1671607724772287488,1.109134436
1671607724790079232,1.097479939
1671607724810660608,1.079410434
1671607724830188032,1.051732898
1671607724850817024,1.033644080
1671607724870196224,1.015716672
1671607724890685952,1.010379195
1671607724910030080,0.993171334
1671607724930704640,0.979983032
1671607724950106368,0.963213146
1671607724971853568,0.946609139
1671607724990652672,0.933548331
1671607725010888704,0.917424440
1671607725030073344,0.890538573
1671607725050303232,0.874418914
1671607725069756928,0.858507574
1671607725090397952,0.852458715
1671607725109892352,0.837325573
1671607725130674944,0.823445082
1671607725150145280,0.808799386
1671607725172635392,0.794362187
1671607725189950464,0.788118184
1671607725210622208,0.774377406
1671607725230095872,0.766192436
1671607725250646784,0.753046215
1671607725269908224,0.740055919
1671607725290523136,0.745195329
1671607725310176000,0.733174562
1671607725330668544,0.711324573
1671607725350201344,0.699286222
1671607725371698432,0.687382221
1671607725390504192,0.656320095
1671607725410213120,0.644101262
1671607725429825792,0.638047338
1671607725451812864,0.626424789
1671607725470122752,0.615018725
1671607725489807360,0.600391030
1671607725510491136,0.589263320
1671607725530040320,0.580975294
1671607725550825472,0.570262313
1671607725572253440,0.559718728
1671607725590772992,0.552011490
1671607725610575104,0.541864634
1671607725630030080,0.520439208
1671607725651499520,0.510286629
1671607725669931776,0.500376225
1671607725690451712,0.497924715
1671607725710885120,0.488706619
1671607725730424576,0.484749079
1671607725750015488,0.476201028
1671607725771880192,0.467892110
1671607725790334464,0.460458994
1671607725809772800,0.452607334
1671607725829885440,0.442304999
1671607725850519296,0.434730023
1671607725869832960,0.427350491
1671607725890379776,0.418922067
1671607725910850816,0.411905617
1671607725930091008,0.401614964
1671607725950590976,0.394839376
1671607725972135680,0.388183445
1671607725990510336,0.385633260
1671607726010030848,0.379293948
1671607726030386688,0.370396525
1671607726049752320,0.364154547
1671607726070404864,0.357995927
1671607726090989312,0.355045587
1671607726110168576,0.349277198
1671607726130429440,0.342339009
1671607726150657792,0.336821347
1671607726172463104,0.331415713
1671607726190889984,0.329190314
1671607726210258432,0.324122399
1671607726230914560,0.314569354
1671607726250148352,0.309518158
1671607726270893568,0.304501325
1671607726290377472,0.303493053
1671607726310079488,0.298705608
1671607726330368256,0.294184595
1671607726350711552,0.289525479
1671607726372028416,0.284933597
1671607726390286592,0.281258464
1671607726410969600,0.276852518
1671607726430260736,0.269932985
1671607726450685696,0.265528470
1671607726470152960,0.261224777
1671607726490759936,0.254978776
1671607726510169856,0.250958920
1671607726530715136,0.245739639
1671607726550114816,0.242098346
1671607726571794944,0.239519194
1671607726590152192,0.236293226
1671607726610799616,0.237909585
1671607726630033664,0.236361429
1671607726650840832,0.237717986
1671607726670171392,0.238254443
1671607726690627072,0.237937629
1671607726710373376,0.237224057
1671607726730627840,0.235883072
1671607726750204928,0.236181393
1671607726771752704,0.236954138
1671607726789999616,0.235338598
1671607726810532864,0.235220894
1671607726829937408,0.232222453
1671607726850545408,0.231905848
1671607726869918464,0.232110709
1671607726890762752,0.230366200
1671607726909931776,0.230668470
1671607726930102016,0.228474662
1671607726950622976,0.228348836
1671607726971938816,0.228527859
1671607726990436352,0.230555996
1671607727010879488,0.230703011
1671607727030283520,0.228848353
1671607727050712576,0.228894308
1671607727070383616,0.229005560
1671607727090856960,0.230646342
1671607727110395648,0.230851948
1671607727130852352,0.226655573
1671607727150317312,0.226601303
1671607727171741184,0.226599619
1671607727190329600,0.229262307
1671607727210723840,0.229352355
1671607727230215424,0.228282481
1671607727250547456,0.228414625
1671607727269911040,0.228485376
1671607727290380288,0.233855516
1671607727310022656,0.233999655
1671607727330713856,0.230675220
1671607727350216192,0.230843186
1671607727371780864,0.230985731
1671607727390385152,0.231346741
1671607727411098112,0.231465831
1671607727430555648,0.229885876
1671607727449777408,0.229925886
1671607727470536704,0.230013520
1671607727490008576,0.229027689
1671607727510748160,0.229042426
1671607727530202880,0.227860615
1671607727550840064,0.227778196
1671607727572585472,0.227705255
1671607727590023936,0.227690086
1671607727610643200,0.227669463
1671607727630072832,0.227691427
1671607727650669824,0.227646515
1671607727670360320,0.227588728
1671607727690867200,0.228280261
1671607727710172416,0.228263184
1671607727730684928,0.230440736
1671607727750287360,0.230527326
1671607727771809536,0.230598956
1671607727790714880,0.229266748
1671607727810529536,0.229266569
1671607727830568960,0.232749909
1671607727849965056,0.232887954
1671607727870606080,0.233059958
1671607727889952000,0.231168091
1671607727910371584,0.231226519
1671607727929892608,0.230740860
1671607727950243584,0.230778530
1671607727971781120,0.230838373
1671607727990088192,0.228717700
1671607728010741760,0.228709355
1671607728030245632,0.228196323
1671607728050568960,0.228134617
1671607728070937344,0.228072613
1671607728090385664,0.226016924
1671607728110762240,0.225917339
1671607728130186496,0.225564271
1671607728150577152,0.225470170
1671607728172071680,0.225316972
1671607728190706688,0.227687344
1671607728210349568,0.227637112
1671607728230717952,0.226516291
1671607728249984256,0.226462126
1671607728270606592,0.226395845
1671607728290037504,0.230705813
1671607728310548992,0.230780870
1671607728330237440,0.228187039
1671607728350768640,0.228165209
1671607728372050944,0.228156120
1671607728390672384,0.231622711
1671607728410174720,0.231751993
1671607728430692608,0.228685781
1671607728450184448,0.228656292
1671607728470862592,0.228648022
1671607728490236928,0.230036706
1671607728510875648,0.230093911
1671607728530181376,0.227756977
1671607728550801152,0.227728203
1671607728572116736,0.227694482
1671607728590668800,0.230763942
1671607728610338048,0.230835244
1671607728630848768,0.228798345
1671607728650312704,0.228789851
1671607728670053888,0.228805259
1671607728690731520,0.230739921
1671607728710392576,0.230809540
1671607728730885632,0.230573952
1671607728750487040,0.230622619
1671607728771955712,0.230684966
1671607728790458624,0.228652060
1671607728810358528,0.228642747
1671607728830283776,0.230584204
1671607728850494720,0.230638638
1671607728871041024,0.230682567
1671607728890288640,0.229845554
1671607728910603520,0.229871392
1671607728930005760,0.232997611
1671607728950363648,0.233150586
1671607728971875840,0.233278736
1671607728990215936,0.229333937
1671607729010779392,0.229312420
1671607729030131968,0.230252147
1671607729051006208,0.230268776
1671607729070108416,0.230312884
1671607729090832896,0.227108836
1671607729110499584,0.227004573
1671607729129908736,0.227821812
1671607729150324480,0.227734208
1671607729171771648,0.227665246
1671607729190304512,0.227565482
1671607729211131648,0.227488175
1671607729230257920,0.229926229
1671607729251031808,0.229932889
1671607729270325504,0.229946986
1671607729290830592,0.225756615
1671607729310245376,0.225621089
1671607729330803456,0.225925043
1671607729350071552,0.225819454
1671607729372081152,0.225680590
1671607729390571264,0.226613745
1671607729410007552,0.226529121
1671607729430641664,0.225907966
1671607729451198464,0.225812912
1671607729470850560,0.225733027
1671607729490559488,0.227942228
1671607729510888192,0.227945685
1671607729530217728,0.224918574
1671607729550932480,0.224790499
1671607729572259840,0.224681169
1671607729590731264,0.229259178
1671607729610312704,0.229310840
1671607729630728960,0.228091776
1671607729649988096,0.228092939
1671607729670781696,0.228093460
1671607729690580480,0.235387385
1671607729709940736,0.235648811
1671607729730653696,0.229638577
1671607729750418944,0.229676709
1671607729771965952,0.229701385
1671607729790321408,0.232494965
1671607729810155264,0.232629225
1671607729830429440,0.229154259
1671607729851163392,0.229169592
1671607729870216192,0.229176000
1671607729891038976,0.228487760
1671607729910231808,0.228479505
1671607729930358528,0.228734046
1671607729950920704,0.228731811
1671607729972190464,0.228737503
1671607729990488064,0.229486138
1671607730010515968,0.229512930
1671607730029575680,0.231708542
1671607730050186752,0.231797114
1671607730070391808,0.231918901
1671607730089853184,0.230541065
1671607730110201344,0.230582133
1671607730130382592,0.231015876
1671607730150926336,0.231056303
1671607730172078592,0.231124729
1671607730190479872,0.229433581
1671607730210736128,0.229420766
1671607730230196992,0.232777789
1671607730250943232,0.232892677
1671607730270071552,0.233016789
1671607730290714624,0.227982357
1671607730309979648,0.227921337
1671607730330357504,0.225914374
1671607730350770432,0.225775227
1671607730372518656,0.225630462
1671607730390124032,0.224063247
1671607730410553088,0.223866731
1671607730429995008,0.226835653
1671607730450499840,0.226770028
1671607730470866688,0.226700813
1671607730491077632,0.225355089
1671607730510367744,0.225237638
1671607730530856448,0.224650472
1671607730550190336,0.224514991
1671607730571798784,0.224383458
1671607730590363648,0.223591700
1671607730609911808,0.223436043
1671607730630321664,0.221975818
1671607730649912320,0.221768826
1671607730670455808,0.221565202
