bag_time_ns,bag_time_utc,data
1671607365180989802,2022-12-21T07:22:45.180989802Z,77
1671607365380975474,2022-12-21T07:22:45.380975474Z,77
1671607365581584447,2022-12-21T07:22:45.581584447Z,77
1671607365781668947,2022-12-21T07:22:45.781668947Z,77
1671607365981497831,2022-12-21T07:22:45.981497831Z,77
1671607366180910321,2022-12-21T07:22:46.180910321Z,77
1671607366381034800,2022-12-21T07:22:46.381034800Z,77
1671607366580908963,2022-12-21T07:22:46.580908963Z,77
1671607366781264317,2022-12-21T07:22:46.781264317Z,77
1671607366981701524,2022-12-21T07:22:46.981701524Z,77
1671607367180983971,2022-12-21T07:22:47.180983971Z,77
1671607367381303517,2022-12-21T07:22:47.381303517Z,77
1671607367581774340,2022-12-21T07:22:47.581774340Z,77
1671607367782369552,2022-12-21T07:22:47.782369552Z,77
1671607367981738410,2022-12-21T07:22:47.981738410Z,77
1671607368181457261,2022-12-21T07:22:48.181457261Z,77
1671607368381353497,2022-12-21T07:22:48.381353497Z,77
1671607368581242894,2022-12-21T07:22:48.581242894Z,77
1671607368781612541,2022-12-21T07:22:48.781612541Z,77
1671607368980981602,2022-12-21T07:22:48.980981602Z,77
1671607369181468720,2022-12-21T07:22:49.181468720Z,77
1671607369381089933,2022-12-21T07:22:49.381089933Z,77
1671607369580933674,2022-12-21T07:22:49.580933674Z,77
1671607369781258215,2022-12-21T07:22:49.781258215Z,77
1671607369981752469,2022-12-21T07:22:49.981752469Z,77
1671607370181844693,2022-12-21T07:22:50.181844693Z,77
1671607370380913797,2022-12-21T07:22:50.380913797Z,77
1671607370581601618,2022-12-21T07:22:50.581601618Z,77
1671607370781609870,2022-12-21T07:22:50.781609870Z,77
1671607370981103075,2022-12-21T07:22:50.981103075Z,77
1671607371181683846,2022-12-21T07:22:51.181683846Z,76
1671607371381280242,2022-12-21T07:22:51.381280242Z,76
1671607371581590266,2022-12-21T07:22:51.581590266Z,76
1671607371781284278,2022-12-21T07:22:51.781284278Z,76
1671607371981768721,2022-12-21T07:22:51.981768721Z,76
1671607372180917444,2022-12-21T07:22:52.180917444Z,76
1671607372381331697,2022-12-21T07:22:52.381331697Z,76
1671607372581248549,2022-12-21T07:22:52.581248549Z,77
1671607372781509395,2022-12-21T07:22:52.781509395Z,77
1671607372981300160,2022-12-21T07:22:52.981300160Z,77
1671607373180876404,2022-12-21T07:22:53.180876404Z,77
1671607373381774724,2022-12-21T07:22:53.381774724Z,77
1671607373581216808,2022-12-21T07:22:53.581216808Z,77
1671607373781020473,2022-12-21T07:22:53.781020473Z,77
1671607373981292550,2022-12-21T07:22:53.981292550Z,77
1671607374181346196,2022-12-21T07:22:54.181346196Z,77
1671607374381015450,2022-12-21T07:22:54.381015450Z,77
1671607374581221222,2022-12-21T07:22:54.581221222Z,77
1671607374781202103,2022-12-21T07:22:54.781202103Z,77
1671607374981950196,2022-12-21T07:22:54.981950196Z,77
1671607375181577360,2022-12-21T07:22:55.181577360Z,77
1671607375381538819,2022-12-21T07:22:55.381538819Z,77
1671607375581831448,2022-12-21T07:22:55.581831448Z,77
1671607375781183510,2022-12-21T07:22:55.781183510Z,77
1671607375981038612,2022-12-21T07:22:55.981038612Z,77
1671607376180364379,2022-12-21T07:22:56.180364379Z,77
1671607376380262701,2022-12-21T07:22:56.380262701Z,77
1671607376580575240,2022-12-21T07:22:56.580575240Z,77
1671607376780680965,2022-12-21T07:22:56.780680965Z,77
1671607376980803660,2022-12-21T07:22:56.980803660Z,77
1671607377180072686,2022-12-21T07:22:57.180072686Z,77
1671607377380371758,2022-12-21T07:22:57.380371758Z,77
1671607377580067014,2022-12-21T07:22:57.580067014Z,77
1671607377780149027,2022-12-21T07:22:57.780149027Z,77
1671607377980830870,2022-12-21T07:22:57.980830870Z,77
1671607378180681309,2022-12-21T07:22:58.180681309Z,77
1671607378380185856,2022-12-21T07:22:58.380185856Z,77
1671607378580382951,2022-12-21T07:22:58.580382951Z,77
1671607378780558034,2022-12-21T07:22:58.780558034Z,77
1671607378980977877,2022-12-21T07:22:58.980977877Z,77
1671607379180121057,2022-12-21T07:22:59.180121057Z,77
1671607379380997602,2022-12-21T07:22:59.380997602Z,77
1671607379580569670,2022-12-21T07:22:59.580569670Z,77
1671607379780084919,2022-12-21T07:22:59.780084919Z,77
1671607379980142141,2022-12-21T07:22:59.980142141Z,77
1671607380180367715,2022-12-21T07:23:00.180367715Z,76
1671607380380322669,2022-12-21T07:23:00.380322669Z,75
1671607380580249925,2022-12-21T07:23:00.580249925Z,74
1671607380780457570,2022-12-21T07:23:00.780457570Z,74
1671607380980729559,2022-12-21T07:23:00.980729559Z,74
1671607381180025133,2022-12-21T07:23:01.180025133Z,74
1671607381380277115,2022-12-21T07:23:01.380277115Z,74
1671607381580283000,2022-12-21T07:23:01.580283000Z,75
1671607381780691568,2022-12-21T07:23:01.780691568Z,75
1671607381979846657,2022-12-21T07:23:01.979846657Z,75
1671607382180824211,2022-12-21T07:23:02.180824211Z,74
1671607382379975034,2022-12-21T07:23:02.379975034Z,75
1671607382580858633,2022-12-21T07:23:02.580858633Z,75
1671607382780862857,2022-12-21T07:23:02.780862857Z,75
1671607382980447653,2022-12-21T07:23:02.980447653Z,75
1671607383180226365,2022-12-21T07:23:03.180226365Z,74
1671607383380270711,2022-12-21T07:23:03.380270711Z,75
1671607383580774053,2022-12-21T07:23:03.580774053Z,75
1671607383780445310,2022-12-21T07:23:03.780445310Z,75
1671607383979980530,2022-12-21T07:23:03.979980530Z,75
1671607384180035991,2022-12-21T07:23:04.180035991Z,75
1671607384380417985,2022-12-21T07:23:04.380417985Z,75
1671607384580636660,2022-12-21T07:23:04.580636660Z,75
1671607384780391818,2022-12-21T07:23:04.780391818Z,75
1671607384980115993,2022-12-21T07:23:04.980115993Z,75
1671607385180573713,2022-12-21T07:23:05.180573713Z,75
1671607385380069898,2022-12-21T07:23:05.380069898Z,75
1671607385579956483,2022-12-21T07:23:05.579956483Z,75
1671607385780937792,2022-12-21T07:23:05.780937792Z,75
1671607385980680554,2022-12-21T07:23:05.980680554Z,75
1671607386180620550,2022-12-21T07:23:06.180620550Z,75
1671607386380569051,2022-12-21T07:23:06.380569051Z,75
1671607386580716690,2022-12-21T07:23:06.580716690Z,75
1671607386780141444,2022-12-21T07:23:06.780141444Z,75
1671607386979979302,2022-12-21T07:23:06.979979302Z,75
1671607387180643868,2022-12-21T07:23:07.180643868Z,75
1671607387380170164,2022-12-21T07:23:07.380170164Z,75
1671607387580259515,2022-12-21T07:23:07.580259515Z,75
1671607387780758208,2022-12-21T07:23:07.780758208Z,75
1671607387980619016,2022-12-21T07:23:07.980619016Z,75
1671607388179785656,2022-12-21T07:23:08.179785656Z,75
1671607388380761232,2022-12-21T07:23:08.380761232Z,75
1671607388580058982,2022-12-21T07:23:08.580058982Z,76
1671607388780424616,2022-12-21T07:23:08.780424616Z,76
1671607388980711893,2022-12-21T07:23:08.980711893Z,76
1671607389180282600,2022-12-21T07:23:09.180282600Z,76
1671607389380087910,2022-12-21T07:23:09.380087910Z,76
1671607389580235290,2022-12-21T07:23:09.580235290Z,76
1671607389780815258,2022-12-21T07:23:09.780815258Z,76
1671607389980481086,2022-12-21T07:23:09.980481086Z,75
1671607390180744342,2022-12-21T07:23:10.180744342Z,75
1671607390380154894,2022-12-21T07:23:10.380154894Z,76
1671607390580110192,2022-12-21T07:23:10.580110192Z,75
1671607390780560012,2022-12-21T07:23:10.780560012Z,75
1671607390981076498,2022-12-21T07:23:10.981076498Z,75
1671607391180061177,2022-12-21T07:23:11.180061177Z,75
1671607391380024876,2022-12-21T07:23:11.380024876Z,75
1671607391580097930,2022-12-21T07:23:11.580097930Z,75
1671607391780418968,2022-12-21T07:23:11.780418968Z,75
1671607391980526953,2022-12-21T07:23:11.980526953Z,75
1671607392180757084,2022-12-21T07:23:12.180757084Z,75
1671607392380582844,2022-12-21T07:23:12.380582844Z,75
1671607392580515247,2022-12-21T07:23:12.580515247Z,75
1671607392781247879,2022-12-21T07:23:12.781247879Z,75
1671607392980801497,2022-12-21T07:23:12.980801497Z,75
1671607393180725548,2022-12-21T07:23:13.180725548Z,75
1671607393380741313,2022-12-21T07:23:13.380741313Z,75
1671607393580381656,2022-12-21T07:23:13.580381656Z,75
1671607393780401905,2022-12-21T07:23:13.780401905Z,75
1671607393980308396,2022-12-21T07:23:13.980308396Z,75
1671607394180221168,2022-12-21T07:23:14.180221168Z,75
1671607394380703619,2022-12-21T07:23:14.380703619Z,75
1671607394580002308,2022-12-21T07:23:14.580002308Z,75
1671607394780829433,2022-12-21T07:23:14.780829433Z,75
1671607394981046173,2022-12-21T07:23:14.981046173Z,75
1671607395180730445,2022-12-21T07:23:15.180730445Z,75
1671607395380482419,2022-12-21T07:23:15.380482419Z,75
1671607395580893757,2022-12-21T07:23:15.580893757Z,75
1671607395780383700,2022-12-21T07:23:15.780383700Z,75
1671607395980533884,2022-12-21T07:23:15.980533884Z,75
1671607396180072007,2022-12-21T07:23:16.180072007Z,75
1671607396380515093,2022-12-21T07:23:16.380515093Z,75
1671607396580035993,2022-12-21T07:23:16.580035993Z,75
1671607396780929995,2022-12-21T07:23:16.780929995Z,75
1671607396980975445,2022-12-21T07:23:16.980975445Z,75
1671607397180198916,2022-12-21T07:23:17.180198916Z,75
1671607397380244133,2022-12-21T07:23:17.380244133Z,75
1671607397580684281,2022-12-21T07:23:17.580684281Z,75
1671607397780627212,2022-12-21T07:23:17.780627212Z,75
1671607397980816279,2022-12-21T07:23:17.980816279Z,75
1671607398180860711,2022-12-21T07:23:18.180860711Z,75
1671607398380741642,2022-12-21T07:23:18.380741642Z,75
1671607398580103468,2022-12-21T07:23:18.580103468Z,75
1671607398780654929,2022-12-21T07:23:18.780654929Z,75
1671607398980665856,2022-12-21T07:23:18.980665856Z,75
1671607399181104566,2022-12-21T07:23:19.181104566Z,76
1671607399380637490,2022-12-21T07:23:19.380637490Z,76
1671607399580942172,2022-12-21T07:23:19.580942172Z,75
1671607399780203767,2022-12-21T07:23:19.780203767Z,75
1671607399980710075,2022-12-21T07:23:19.980710075Z,75
1671607400180862054,2022-12-21T07:23:20.180862054Z,75
1671607400380612696,2022-12-21T07:23:20.380612696Z,75
1671607400580303666,2022-12-21T07:23:20.580303666Z,75
1671607400780684368,2022-12-21T07:23:20.780684368Z,75
1671607400980125563,2022-12-21T07:23:20.980125563Z,75
1671607401180985134,2022-12-21T07:23:21.180985134Z,84
1671607401380296438,2022-12-21T07:23:21.380296438Z,99
1671607401580433445,2022-12-21T07:23:21.580433445Z,104
1671607401780534538,2022-12-21T07:23:21.780534538Z,106
1671607401980870200,2022-12-21T07:23:21.980870200Z,106
1671607402180739196,2022-12-21T07:23:22.180739196Z,106
1671607402380904805,2022-12-21T07:23:22.380904805Z,105
1671607402580128457,2022-12-21T07:23:22.580128457Z,105
1671607402780709508,2022-12-21T07:23:22.780709508Z,105
1671607402980660603,2022-12-21T07:23:22.980660603Z,106
1671607403180099155,2022-12-21T07:23:23.180099155Z,106
1671607403380177697,2022-12-21T07:23:23.380177697Z,106
1671607403581083061,2022-12-21T07:23:23.581083061Z,106
1671607403780537503,2022-12-21T07:23:23.780537503Z,106
1671607403980660964,2022-12-21T07:23:23.980660964Z,106
1671607404180187024,2022-12-21T07:23:24.180187024Z,106
1671607404380301636,2022-12-21T07:23:24.380301636Z,107
1671607404580435271,2022-12-21T07:23:24.580435271Z,106
1671607404781072733,2022-12-21T07:23:24.781072733Z,107
1671607404979582475,2022-12-21T07:23:24.979582475Z,107
1671607405179632623,2022-12-21T07:23:25.179632623Z,106
1671607405380791212,2022-12-21T07:23:25.380791212Z,107
1671607405580021839,2022-12-21T07:23:25.580021839Z,107
1671607405780540141,2022-12-21T07:23:25.780540141Z,107
1671607405979329938,2022-12-21T07:23:25.979329938Z,107
1671607406179863322,2022-12-21T07:23:26.179863322Z,106
1671607406379620953,2022-12-21T07:23:26.379620953Z,106
1671607406579937835,2022-12-21T07:23:26.579937835Z,107
1671607406779324859,2022-12-21T07:23:26.779324859Z,106
1671607406979598403,2022-12-21T07:23:26.979598403Z,106
1671607407179732655,2022-12-21T07:23:27.179732655Z,106
1671607407379950959,2022-12-21T07:23:27.379950959Z,106
1671607407579787425,2022-12-21T07:23:27.579787425Z,106
1671607407779202629,2022-12-21T07:23:27.779202629Z,107
1671607407979449333,2022-12-21T07:23:27.979449333Z,106
1671607408179629086,2022-12-21T07:23:28.179629086Z,106
1671607408379409216,2022-12-21T07:23:28.379409216Z,107
1671607408580026332,2022-12-21T07:23:28.580026332Z,107
1671607408779719149,2022-12-21T07:23:28.779719149Z,107
1671607408979414341,2022-12-21T07:23:28.979414341Z,106
1671607409180067031,2022-12-21T07:23:29.180067031Z,106
1671607409379193860,2022-12-21T07:23:29.379193860Z,106
1671607409579892009,2022-12-21T07:23:29.579892009Z,106
1671607409779303534,2022-12-21T07:23:29.779303534Z,106
1671607409980112159,2022-12-21T07:23:29.980112159Z,107
1671607410180033683,2022-12-21T07:23:30.180033683Z,106
1671607410379374616,2022-12-21T07:23:30.379374616Z,106
1671607410579852207,2022-12-21T07:23:30.579852207Z,107
1671607410779902055,2022-12-21T07:23:30.779902055Z,107
1671607410979982995,2022-12-21T07:23:30.979982995Z,107
1671607411179263510,2022-12-21T07:23:31.179263510Z,107
1671607411379740601,2022-12-21T07:23:31.379740601Z,106
1671607411580183017,2022-12-21T07:23:31.580183017Z,106
1671607411779549518,2022-12-21T07:23:31.779549518Z,106
1671607411979662861,2022-12-21T07:23:31.979662861Z,107
1671607412179941500,2022-12-21T07:23:32.179941500Z,107
1671607412379321503,2022-12-21T07:23:32.379321503Z,107
1671607412579255761,2022-12-21T07:23:32.579255761Z,107
1671607412779563924,2022-12-21T07:23:32.779563924Z,106
1671607412979427131,2022-12-21T07:23:32.979427131Z,107
1671607413179479286,2022-12-21T07:23:33.179479286Z,107
1671607413379499444,2022-12-21T07:23:33.379499444Z,106
1671607413579810668,2022-12-21T07:23:33.579810668Z,106
1671607413780168992,2022-12-21T07:23:33.780168992Z,106
1671607413979587393,2022-12-21T07:23:33.979587393Z,106
1671607414180062720,2022-12-21T07:23:34.180062720Z,107
1671607414379962941,2022-12-21T07:23:34.379962941Z,106
1671607414579692194,2022-12-21T07:23:34.579692194Z,106
1671607414780088923,2022-12-21T07:23:34.780088923Z,106
1671607414979063760,2022-12-21T07:23:34.979063760Z,106
1671607415179752220,2022-12-21T07:23:35.179752220Z,106
1671607415379427898,2022-12-21T07:23:35.379427898Z,107
1671607415579101627,2022-12-21T07:23:35.579101627Z,106
1671607415779615361,2022-12-21T07:23:35.779615361Z,107
1671607415979406946,2022-12-21T07:23:35.979406946Z,106
1671607416179731694,2022-12-21T07:23:36.179731694Z,107
1671607416379398201,2022-12-21T07:23:36.379398201Z,106
1671607416579703684,2022-12-21T07:23:36.579703684Z,106
1671607416779535510,2022-12-21T07:23:36.779535510Z,107
1671607416979512245,2022-12-21T07:23:36.979512245Z,107
1671607417178997145,2022-12-21T07:23:37.178997145Z,106
1671607417379476979,2022-12-21T07:23:37.379476979Z,107
1671607417579191580,2022-12-21T07:23:37.579191580Z,107
1671607417779076384,2022-12-21T07:23:37.779076384Z,106
1671607417979627569,2022-12-21T07:23:37.979627569Z,107
1671607418179222591,2022-12-21T07:23:38.179222591Z,107
1671607418379222070,2022-12-21T07:23:38.379222070Z,107
1671607418579212189,2022-12-21T07:23:38.579212189Z,107
1671607418779603025,2022-12-21T07:23:38.779603025Z,106
1671607418979158358,2022-12-21T07:23:38.979158358Z,107
1671607419179089645,2022-12-21T07:23:39.179089645Z,106
1671607419379896566,2022-12-21T07:23:39.379896566Z,107
1671607419579491829,2022-12-21T07:23:39.579491829Z,107
1671607419779086986,2022-12-21T07:23:39.779086986Z,107
1671607419979084824,2022-12-21T07:23:39.979084824Z,107
1671607420179007274,2022-12-21T07:23:40.179007274Z,113
1671607420380096719,2022-12-21T07:23:40.380096719Z,129
1671607420579579387,2022-12-21T07:23:40.579579387Z,145
1671607420780157278,2022-12-21T07:23:40.780157278Z,162
1671607420979730554,2022-12-21T07:23:40.979730554Z,173
1671607421179465013,2022-12-21T07:23:41.179465013Z,177
1671607421379754553,2022-12-21T07:23:41.379754553Z,177
1671607421579735015,2022-12-21T07:23:41.579735015Z,178
1671607421779991314,2022-12-21T07:23:41.779991314Z,178
1671607421979870737,2022-12-21T07:23:41.979870737Z,178
1671607422179468743,2022-12-21T07:23:42.179468743Z,178
1671607422379957848,2022-12-21T07:23:42.379957848Z,177
1671607422579151972,2022-12-21T07:23:42.579151972Z,177
1671607422779539532,2022-12-21T07:23:42.779539532Z,177
1671607422980066497,2022-12-21T07:23:42.980066497Z,177
1671607423179949566,2022-12-21T07:23:43.179949566Z,178
1671607423380012520,2022-12-21T07:23:43.380012520Z,177
1671607423580063396,2022-12-21T07:23:43.580063396Z,177
1671607423779575461,2022-12-21T07:23:43.779575461Z,177
1671607423979799514,2022-12-21T07:23:43.979799514Z,177
1671607424179329157,2022-12-21T07:23:44.179329157Z,177
1671607424379762044,2022-12-21T07:23:44.379762044Z,178
1671607424579364229,2022-12-21T07:23:44.579364229Z,177
1671607424779344284,2022-12-21T07:23:44.779344284Z,177
1671607424979813653,2022-12-21T07:23:44.979813653Z,177
1671607425179614463,2022-12-21T07:23:45.179614463Z,177
1671607425379074729,2022-12-21T07:23:45.379074729Z,177
1671607425579490469,2022-12-21T07:23:45.579490469Z,177
1671607425779103082,2022-12-21T07:23:45.779103082Z,178
1671607425979943932,2022-12-21T07:23:45.979943932Z,177
1671607426179663537,2022-12-21T07:23:46.179663537Z,178
1671607426380131516,2022-12-21T07:23:46.380131516Z,178
1671607426579343071,2022-12-21T07:23:46.579343071Z,178
1671607426780199836,2022-12-21T07:23:46.780199836Z,178
1671607426979935045,2022-12-21T07:23:46.979935045Z,177
1671607427179572198,2022-12-21T07:23:47.179572198Z,178
1671607427379126386,2022-12-21T07:23:47.379126386Z,178
1671607427579924191,2022-12-21T07:23:47.579924191Z,177
1671607427780022239,2022-12-21T07:23:47.780022239Z,177
1671607427979960992,2022-12-21T07:23:47.979960992Z,177
1671607428180008762,2022-12-21T07:23:48.180008762Z,177
1671607428379818426,2022-12-21T07:23:48.379818426Z,177
1671607428579438716,2022-12-21T07:23:48.579438716Z,177
1671607428779562352,2022-12-21T07:23:48.779562352Z,177
1671607428980171953,2022-12-21T07:23:48.980171953Z,177
1671607429179417661,2022-12-21T07:23:49.179417661Z,177
1671607429379267660,2022-12-21T07:23:49.379267660Z,177
1671607429579697461,2022-12-21T07:23:49.579697461Z,177
1671607429779827054,2022-12-21T07:23:49.779827054Z,177
1671607429980095175,2022-12-21T07:23:49.980095175Z,177
1671607430180148954,2022-12-21T07:23:50.180148954Z,177
1671607430379866058,2022-12-21T07:23:50.379866058Z,177
1671607430579842949,2022-12-21T07:23:50.579842949Z,177
1671607430779986130,2022-12-21T07:23:50.779986130Z,177
1671607430979454035,2022-12-21T07:23:50.979454035Z,177
1671607431180001807,2022-12-21T07:23:51.180001807Z,178
1671607431379960026,2022-12-21T07:23:51.379960026Z,177
1671607431579292737,2022-12-21T07:23:51.579292737Z,178
1671607431779782930,2022-12-21T07:23:51.779782930Z,177
1671607431979160031,2022-12-21T07:23:51.979160031Z,177
1671607432179391978,2022-12-21T07:23:52.179391978Z,177
1671607432378856424,2022-12-21T07:23:52.378856424Z,177
1671607432579185097,2022-12-21T07:23:52.579185097Z,178
1671607432779299231,2022-12-21T07:23:52.779299231Z,178
1671607432979197433,2022-12-21T07:23:52.979197433Z,177
1671607433178915725,2022-12-21T07:23:53.178915725Z,178
1671607433378681174,2022-12-21T07:23:53.378681174Z,178
1671607433578338959,2022-12-21T07:23:53.578338959Z,178
1671607433778679729,2022-12-21T07:23:53.778679729Z,178
1671607433978214509,2022-12-21T07:23:53.978214509Z,178
1671607434178260922,2022-12-21T07:23:54.178260922Z,178
1671607434379268191,2022-12-21T07:23:54.379268191Z,178
1671607434578580741,2022-12-21T07:23:54.578580741Z,178
1671607434778793716,2022-12-21T07:23:54.778793716Z,178
1671607434978964781,2022-12-21T07:23:54.978964781Z,178
1671607435178559026,2022-12-21T07:23:55.178559026Z,178
1671607435378595415,2022-12-21T07:23:55.378595415Z,177
1671607435579163946,2022-12-21T07:23:55.579163946Z,177
1671607435779236110,2022-12-21T07:23:55.779236110Z,177
1671607435978763916,2022-12-21T07:23:55.978763916Z,177
1671607436178569119,2022-12-21T07:23:56.178569119Z,178
1671607436378824963,2022-12-21T07:23:56.378824963Z,178
1671607436578483525,2022-12-21T07:23:56.578483525Z,178
1671607436778496634,2022-12-21T07:23:56.778496634Z,178
1671607436978917106,2022-12-21T07:23:56.978917106Z,178
1671607437178713667,2022-12-21T07:23:57.178713667Z,178
1671607437378751187,2022-12-21T07:23:57.378751187Z,177
1671607437578464399,2022-12-21T07:23:57.578464399Z,177
1671607437778543215,2022-12-21T07:23:57.778543215Z,177
1671607437978838453,2022-12-21T07:23:57.978838453Z,177
1671607438179219880,2022-12-21T07:23:58.179219880Z,178
1671607438378978118,2022-12-21T07:23:58.378978118Z,178
1671607438579356750,2022-12-21T07:23:58.579356750Z,177
1671607438778506940,2022-12-21T07:23:58.778506940Z,177
1671607438979146686,2022-12-21T07:23:58.979146686Z,178
1671607439179241455,2022-12-21T07:23:59.179241455Z,178
1671607439378394630,2022-12-21T07:23:59.378394630Z,178
1671607439578363905,2022-12-21T07:23:59.578363905Z,178
1671607439778582365,2022-12-21T07:23:59.778582365Z,178
1671607439978786846,2022-12-21T07:23:59.978786846Z,177
1671607440178430566,2022-12-21T07:24:00.178430566Z,177
1671607440378946976,2022-12-21T07:24:00.378946976Z,177
1671607440578660551,2022-12-21T07:24:00.578660551Z,177
1671607440778640721,2022-12-21T07:24:00.778640721Z,177
1671607440978313277,2022-12-21T07:24:00.978313277Z,178
1671607441178986198,2022-12-21T07:24:01.178986198Z,177
1671607441378505165,2022-12-21T07:24:01.378505165Z,177
1671607441579103335,2022-12-21T07:24:01.579103335Z,177
1671607441778379285,2022-12-21T07:24:01.778379285Z,177
1671607441978759843,2022-12-21T07:24:01.978759843Z,177
1671607442178419780,2022-12-21T07:24:02.178419780Z,177
1671607442378522733,2022-12-21T07:24:02.378522733Z,177
1671607442578364893,2022-12-21T07:24:02.578364893Z,177
1671607442778362475,2022-12-21T07:24:02.778362475Z,178
1671607442978506979,2022-12-21T07:24:02.978506979Z,178
1671607443178628656,2022-12-21T07:24:03.178628656Z,177
1671607443378579660,2022-12-21T07:24:03.378579660Z,178
1671607443578743173,2022-12-21T07:24:03.578743173Z,178
1671607443778679873,2022-12-21T07:24:03.778679873Z,177
1671607443978491465,2022-12-21T07:24:03.978491465Z,177
1671607444178867945,2022-12-21T07:24:04.178867945Z,177
1671607444378152363,2022-12-21T07:24:04.378152363Z,177
1671607444578846690,2022-12-21T07:24:04.578846690Z,177
1671607444778489000,2022-12-21T07:24:04.778489000Z,177
1671607444978534680,2022-12-21T07:24:04.978534680Z,177
1671607445178488416,2022-12-21T07:24:05.178488416Z,177
1671607445378667951,2022-12-21T07:24:05.378667951Z,177
1671607445579054859,2022-12-21T07:24:05.579054859Z,178
1671607445778741176,2022-12-21T07:24:05.778741176Z,177
1671607445978800304,2022-12-21T07:24:05.978800304Z,177
1671607446178971209,2022-12-21T07:24:06.178971209Z,177
1671607446378288257,2022-12-21T07:24:06.378288257Z,177
1671607446579139225,2022-12-21T07:24:06.579139225Z,176
1671607446778705488,2022-12-21T07:24:06.778705488Z,176
1671607446979084722,2022-12-21T07:24:06.979084722Z,176
1671607447178288048,2022-12-21T07:24:07.178288048Z,176
1671607447379354805,2022-12-21T07:24:07.379354805Z,176
1671607447578958050,2022-12-21T07:24:07.578958050Z,177
1671607447778992303,2022-12-21T07:24:07.778992303Z,177
1671607447978426022,2022-12-21T07:24:07.978426022Z,177
1671607448179130603,2022-12-21T07:24:08.179130603Z,177
1671607448379097667,2022-12-21T07:24:08.379097667Z,177
1671607448579060066,2022-12-21T07:24:08.579060066Z,177
1671607448778868734,2022-12-21T07:24:08.778868734Z,177
1671607448978081058,2022-12-21T07:24:08.978081058Z,177
1671607449178643361,2022-12-21T07:24:09.178643361Z,177
1671607449378548314,2022-12-21T07:24:09.378548314Z,177
1671607449578742106,2022-12-21T07:24:09.578742106Z,177
1671607449778864176,2022-12-21T07:24:09.778864176Z,176
1671607449979278674,2022-12-21T07:24:09.979278674Z,177
1671607450178458397,2022-12-21T07:24:10.178458397Z,177
1671607450379309985,2022-12-21T07:24:10.379309985Z,177
1671607450578944984,2022-12-21T07:24:10.578944984Z,176
1671607450778488356,2022-12-21T07:24:10.778488356Z,176
1671607450978349007,2022-12-21T07:24:10.978349007Z,176
1671607451179296622,2022-12-21T07:24:11.179296622Z,177
1671607451378604280,2022-12-21T07:24:11.378604280Z,176
1671607451579272541,2022-12-21T07:24:11.579272541Z,177
1671607451778989661,2022-12-21T07:24:11.778989661Z,177
1671607451979239247,2022-12-21T07:24:11.979239247Z,177
1671607452178807619,2022-12-21T07:24:12.178807619Z,177
1671607452379114238,2022-12-21T07:24:12.379114238Z,177
1671607452579237164,2022-12-21T07:24:12.579237164Z,177
1671607452778821290,2022-12-21T07:24:12.778821290Z,176
1671607452979077678,2022-12-21T07:24:12.979077678Z,176
1671607453178416430,2022-12-21T07:24:13.178416430Z,176
1671607453379264111,2022-12-21T07:24:13.379264111Z,176
1671607453579021437,2022-12-21T07:24:13.579021437Z,176
1671607453779356534,2022-12-21T07:24:13.779356534Z,177
1671607453978599547,2022-12-21T07:24:13.978599547Z,177
1671607454178677150,2022-12-21T07:24:14.178677150Z,177
1671607454379180581,2022-12-21T07:24:14.379180581Z,177
1671607454578835257,2022-12-21T07:24:14.578835257Z,176
1671607454779086991,2022-12-21T07:24:14.779086991Z,177
1671607454978386379,2022-12-21T07:24:14.978386379Z,177
1671607455178624606,2022-12-21T07:24:15.178624606Z,177
1671607455378342777,2022-12-21T07:24:15.378342777Z,177
1671607455578785813,2022-12-21T07:24:15.578785813Z,177
1671607455779289924,2022-12-21T07:24:15.779289924Z,177
1671607455978389468,2022-12-21T07:24:15.978389468Z,177
1671607456179307421,2022-12-21T07:24:16.179307421Z,176
1671607456379257501,2022-12-21T07:24:16.379257501Z,177
1671607456578777434,2022-12-21T07:24:16.578777434Z,177
1671607456778688995,2022-12-21T07:24:16.778688995Z,177
1671607456979115355,2022-12-21T07:24:16.979115355Z,177
1671607457179144980,2022-12-21T07:24:17.179144980Z,177
1671607457378891972,2022-12-21T07:24:17.378891972Z,177
1671607457579352983,2022-12-21T07:24:17.579352983Z,178
1671607457779122734,2022-12-21T07:24:17.779122734Z,178
1671607457978329019,2022-12-21T07:24:17.978329019Z,177
1671607458178262155,2022-12-21T07:24:18.178262155Z,178
1671607458378659048,2022-12-21T07:24:18.378659048Z,178
1671607458578394885,2022-12-21T07:24:18.578394885Z,177
1671607458779296925,2022-12-21T07:24:18.779296925Z,177
1671607458978752481,2022-12-21T07:24:18.978752481Z,177
1671607459178487582,2022-12-21T07:24:19.178487582Z,177
1671607459378288615,2022-12-21T07:24:19.378288615Z,177
1671607459578874729,2022-12-21T07:24:19.578874729Z,177
1671607459779288745,2022-12-21T07:24:19.779288745Z,177
1671607459978841057,2022-12-21T07:24:19.978841057Z,177
1671607460178634796,2022-12-21T07:24:20.178634796Z,177
1671607460378654650,2022-12-21T07:24:20.378654650Z,177
1671607460578882864,2022-12-21T07:24:20.578882864Z,177
1671607460778861882,2022-12-21T07:24:20.778861882Z,177
1671607460979252200,2022-12-21T07:24:20.979252200Z,177
1671607461178822342,2022-12-21T07:24:21.178822342Z,177
1671607461379132184,2022-12-21T07:24:21.379132184Z,177
1671607461578462798,2022-12-21T07:24:21.578462798Z,177
1671607461778148676,2022-12-21T07:24:21.778148676Z,177
1671607461978185931,2022-12-21T07:24:21.978185931Z,178
1671607462179054861,2022-12-21T07:24:22.179054861Z,179
1671607462379231669,2022-12-21T07:24:22.379231669Z,181
1671607462577923182,2022-12-21T07:24:22.577923182Z,183
1671607462778869750,2022-12-21T07:24:22.778869750Z,186
1671607462978191416,2022-12-21T07:24:22.978191416Z,190
1671607463178042025,2022-12-21T07:24:23.178042025Z,194
1671607463378515999,2022-12-21T07:24:23.378515999Z,198
1671607463577702732,2022-12-21T07:24:23.577702732Z,204
1671607463777755719,2022-12-21T07:24:23.777755719Z,210
1671607463977856176,2022-12-21T07:24:23.977856176Z,215
1671607464177409274,2022-12-21T07:24:24.177409274Z,221
1671607464378142115,2022-12-21T07:24:24.378142115Z,227
1671607464577813675,2022-12-21T07:24:24.577813675Z,232
1671607464777542553,2022-12-21T07:24:24.777542553Z,237
1671607464977729152,2022-12-21T07:24:24.977729152Z,243
1671607465177807939,2022-12-21T07:24:25.177807939Z,249
1671607465377872898,2022-12-21T07:24:25.377872898Z,254
1671607465577807949,2022-12-21T07:24:25.577807949Z,259
1671607465777997278,2022-12-21T07:24:25.777997278Z,266
1671607465977604342,2022-12-21T07:24:25.977604342Z,270
1671607466178266786,2022-12-21T07:24:26.178266786Z,274
1671607466377683208,2022-12-21T07:24:26.377683208Z,277
1671607466577822833,2022-12-21T07:24:26.577822833Z,280
1671607466778195988,2022-12-21T07:24:26.778195988Z,283
1671607466978344387,2022-12-21T07:24:26.978344387Z,285
1671607467178330852,2022-12-21T07:24:27.178330852Z,287
1671607467378267108,2022-12-21T07:24:27.378267108Z,288
1671607467578177821,2022-12-21T07:24:27.578177821Z,289
1671607467777891882,2022-12-21T07:24:27.777891882Z,289
1671607467978246833,2022-12-21T07:24:27.978246833Z,290
1671607468178071062,2022-12-21T07:24:28.178071062Z,291
1671607468378207275,2022-12-21T07:24:28.378207275Z,290
1671607468577678631,2022-12-21T07:24:28.577678631Z,290
1671607468778299650,2022-12-21T07:24:28.778299650Z,290
1671607468978180740,2022-12-21T07:24:28.978180740Z,290
1671607469177484949,2022-12-21T07:24:29.177484949Z,290
1671607469377791191,2022-12-21T07:24:29.377791191Z,290
1671607469577676247,2022-12-21T07:24:29.577676247Z,290
1671607469777553728,2022-12-21T07:24:29.777553728Z,290
1671607469978209555,2022-12-21T07:24:29.978209555Z,290
1671607470177580256,2022-12-21T07:24:30.177580256Z,290
1671607470377615054,2022-12-21T07:24:30.377615054Z,290
1671607470578434909,2022-12-21T07:24:30.578434909Z,290
1671607470777793262,2022-12-21T07:24:30.777793262Z,290
1671607470977818897,2022-12-21T07:24:30.977818897Z,291
1671607471177963678,2022-12-21T07:24:31.177963678Z,292
1671607471378110237,2022-12-21T07:24:31.378110237Z,294
1671607471577770027,2022-12-21T07:24:31.577770027Z,296
1671607471778001931,2022-12-21T07:24:31.778001931Z,298
1671607471978224849,2022-12-21T07:24:31.978224849Z,301
1671607472177565310,2022-12-21T07:24:32.177565310Z,303
1671607472377785891,2022-12-21T07:24:32.377785891Z,306
1671607472577703661,2022-12-21T07:24:32.577703661Z,308
1671607472778344484,2022-12-21T07:24:32.778344484Z,310
1671607472977527947,2022-12-21T07:24:32.977527947Z,312
1671607473177524681,2022-12-21T07:24:33.177524681Z,314
1671607473378143585,2022-12-21T07:24:33.378143585Z,317
1671607473578259076,2022-12-21T07:24:33.578259076Z,319
1671607473778186648,2022-12-21T07:24:33.778186648Z,321
1671607473978009592,2022-12-21T07:24:33.978009592Z,323
1671607474177872835,2022-12-21T07:24:34.177872835Z,325
1671607474377720153,2022-12-21T07:24:34.377720153Z,327
1671607474578054748,2022-12-21T07:24:34.578054748Z,330
1671607474778438466,2022-12-21T07:24:34.778438466Z,332
1671607474978465689,2022-12-21T07:24:34.978465689Z,335
1671607475177559277,2022-12-21T07:24:35.177559277Z,337
1671607475377984683,2022-12-21T07:24:35.377984683Z,339
1671607475578149277,2022-12-21T07:24:35.578149277Z,342
1671607475777775895,2022-12-21T07:24:35.777775895Z,344
1671607475978563541,2022-12-21T07:24:35.978563541Z,347
1671607476178091813,2022-12-21T07:24:36.178091813Z,350
1671607476378100303,2022-12-21T07:24:36.378100303Z,352
1671607476578024788,2022-12-21T07:24:36.578024788Z,353
1671607476777723914,2022-12-21T07:24:36.777723914Z,353
1671607476978323170,2022-12-21T07:24:36.978323170Z,354
1671607477177958945,2022-12-21T07:24:37.177958945Z,354
1671607477378116922,2022-12-21T07:24:37.378116922Z,354
1671607477577657404,2022-12-21T07:24:37.577657404Z,354
1671607477777555062,2022-12-21T07:24:37.777555062Z,354
1671607477977523348,2022-12-21T07:24:37.977523348Z,354
1671607478177452908,2022-12-21T07:24:38.177452908Z,353
1671607478377581280,2022-12-21T07:24:38.377581280Z,354
1671607478578016886,2022-12-21T07:24:38.578016886Z,353
1671607478777646489,2022-12-21T07:24:38.777646489Z,353
1671607478977418217,2022-12-21T07:24:38.977418217Z,353
1671607479178232794,2022-12-21T07:24:39.178232794Z,353
1671607479377799065,2022-12-21T07:24:39.377799065Z,353
1671607479577448127,2022-12-21T07:24:39.577448127Z,353
1671607479779077548,2022-12-21T07:24:39.779077548Z,353
1671607479977652067,2022-12-21T07:24:39.977652067Z,353
1671607480178309301,2022-12-21T07:24:40.178309301Z,353
1671607480378015942,2022-12-21T07:24:40.378015942Z,353
1671607480578214765,2022-12-21T07:24:40.578214765Z,353
1671607480778074333,2022-12-21T07:24:40.778074333Z,353
1671607480978229126,2022-12-21T07:24:40.978229126Z,353
1671607481178156145,2022-12-21T07:24:41.178156145Z,352
1671607481377713384,2022-12-21T07:24:41.377713384Z,353
1671607481577366007,2022-12-21T07:24:41.577366007Z,353
1671607481778131726,2022-12-21T07:24:41.778131726Z,353
1671607481977994493,2022-12-21T07:24:41.977994493Z,353
1671607482177899817,2022-12-21T07:24:42.177899817Z,353
1671607482377662051,2022-12-21T07:24:42.377662051Z,353
1671607482578170477,2022-12-21T07:24:42.578170477Z,353
1671607482778585759,2022-12-21T07:24:42.778585759Z,353
1671607482977747212,2022-12-21T07:24:42.977747212Z,353
1671607483178412287,2022-12-21T07:24:43.178412287Z,353
1671607483378458022,2022-12-21T07:24:43.378458022Z,353
1671607483578523034,2022-12-21T07:24:43.578523034Z,353
1671607483778153643,2022-12-21T07:24:43.778153643Z,353
1671607483977717492,2022-12-21T07:24:43.977717492Z,353
1671607484177973753,2022-12-21T07:24:44.177973753Z,353
1671607484378228501,2022-12-21T07:24:44.378228501Z,353
1671607484578285810,2022-12-21T07:24:44.578285810Z,353
1671607484778154269,2022-12-21T07:24:44.778154269Z,353
1671607484978431213,2022-12-21T07:24:44.978431213Z,352
1671607485178284026,2022-12-21T07:24:45.178284026Z,352
1671607485378279524,2022-12-21T07:24:45.378279524Z,352
1671607485577451981,2022-12-21T07:24:45.577451981Z,352
1671607485777797887,2022-12-21T07:24:45.777797887Z,352
1671607485978077558,2022-12-21T07:24:45.978077558Z,353
1671607486178270058,2022-12-21T07:24:46.178270058Z,352
1671607486377993656,2022-12-21T07:24:46.377993656Z,352
1671607486578123334,2022-12-21T07:24:46.578123334Z,352
1671607486777785039,2022-12-21T07:24:46.777785039Z,352
1671607486977390882,2022-12-21T07:24:46.977390882Z,353
1671607487178396973,2022-12-21T07:24:47.178396973Z,353
1671607487378216108,2022-12-21T07:24:47.378216108Z,352
1671607487577702944,2022-12-21T07:24:47.577702944Z,352
1671607487777644559,2022-12-21T07:24:47.777644559Z,352
1671607487978342229,2022-12-21T07:24:47.978342229Z,352
1671607488178070437,2022-12-21T07:24:48.178070437Z,352
1671607488378384686,2022-12-21T07:24:48.378384686Z,352
1671607488577648130,2022-12-21T07:24:48.577648130Z,352
1671607488777863215,2022-12-21T07:24:48.777863215Z,353
1671607488977729732,2022-12-21T07:24:48.977729732Z,352
1671607489177412934,2022-12-21T07:24:49.177412934Z,353
1671607489377696467,2022-12-21T07:24:49.377696467Z,352
1671607489577561750,2022-12-21T07:24:49.577561750Z,353
1671607489777452131,2022-12-21T07:24:49.777452131Z,352
1671607489978327563,2022-12-21T07:24:49.978327563Z,353
1671607490178100143,2022-12-21T07:24:50.178100143Z,353
1671607490378045727,2022-12-21T07:24:50.378045727Z,353
1671607490577659553,2022-12-21T07:24:50.577659553Z,353
1671607490777447318,2022-12-21T07:24:50.777447318Z,353
1671607490976953789,2022-12-21T07:24:50.976953789Z,353
1671607491177540444,2022-12-21T07:24:51.177540444Z,353
1671607491377541843,2022-12-21T07:24:51.377541843Z,353
1671607491578310468,2022-12-21T07:24:51.578310468Z,353
1671607491778349174,2022-12-21T07:24:51.778349174Z,353
1671607491976965035,2022-12-21T07:24:51.976965035Z,353
1671607492177257503,2022-12-21T07:24:52.177257503Z,353
1671607492376692186,2022-12-21T07:24:52.376692186Z,353
1671607492577237192,2022-12-21T07:24:52.577237192Z,353
1671607492778283174,2022-12-21T07:24:52.778283174Z,353
1671607492977319262,2022-12-21T07:24:52.977319262Z,353
1671607493177646084,2022-12-21T07:24:53.177646084Z,353
1671607493376767610,2022-12-21T07:24:53.376767610Z,352
1671607493576934740,2022-12-21T07:24:53.576934740Z,353
1671607493777620956,2022-12-21T07:24:53.777620956Z,352
1671607493976615979,2022-12-21T07:24:53.976615979Z,353
1671607494177064641,2022-12-21T07:24:54.177064641Z,353
1671607494376783949,2022-12-21T07:24:54.376783949Z,353
1671607494576871669,2022-12-21T07:24:54.576871669Z,353
1671607494777373003,2022-12-21T07:24:54.777373003Z,353
1671607494977031327,2022-12-21T07:24:54.977031327Z,353
1671607495177279913,2022-12-21T07:24:55.177279913Z,353
1671607495377145441,2022-12-21T07:24:55.377145441Z,353
1671607495577311632,2022-12-21T07:24:55.577311632Z,353
1671607495776854194,2022-12-21T07:24:55.776854194Z,353
1671607495976617802,2022-12-21T07:24:55.976617802Z,353
1671607496177232851,2022-12-21T07:24:56.177232851Z,353
1671607496376469889,2022-12-21T07:24:56.376469889Z,353
1671607496577362430,2022-12-21T07:24:56.577362430Z,353
1671607496776899148,2022-12-21T07:24:56.776899148Z,353
1671607496977362090,2022-12-21T07:24:56.977362090Z,353
1671607497177369733,2022-12-21T07:24:57.177369733Z,353
1671607497376501276,2022-12-21T07:24:57.376501276Z,353
1671607497577101380,2022-12-21T07:24:57.577101380Z,353
1671607497776588299,2022-12-21T07:24:57.776588299Z,353
1671607497976619208,2022-12-21T07:24:57.976619208Z,353
1671607498177246594,2022-12-21T07:24:58.177246594Z,353
1671607498377356218,2022-12-21T07:24:58.377356218Z,353
1671607498577390519,2022-12-21T07:24:58.577390519Z,353
1671607498776782961,2022-12-21T07:24:58.776782961Z,353
1671607498977313975,2022-12-21T07:24:58.977313975Z,353
1671607499177040040,2022-12-21T07:24:59.177040040Z,353
1671607499377652250,2022-12-21T07:24:59.377652250Z,353
1671607499576905835,2022-12-21T07:24:59.576905835Z,352
1671607499777300072,2022-12-21T07:24:59.777300072Z,352
1671607499976925474,2022-12-21T07:24:59.976925474Z,353
1671607500177378011,2022-12-21T07:25:00.177378011Z,353
1671607500377440466,2022-12-21T07:25:00.377440466Z,353
1671607500577484271,2022-12-21T07:25:00.577484271Z,353
1671607500777485059,2022-12-21T07:25:00.777485059Z,353
1671607500977059847,2022-12-21T07:25:00.977059847Z,353
1671607501176670441,2022-12-21T07:25:01.176670441Z,353
1671607501376935938,2022-12-21T07:25:01.376935938Z,354
1671607501577260445,2022-12-21T07:25:01.577260445Z,354
1671607501776841264,2022-12-21T07:25:01.776841264Z,353
1671607501976773518,2022-12-21T07:25:01.976773518Z,353
1671607502177223862,2022-12-21T07:25:02.177223862Z,353
1671607502376946620,2022-12-21T07:25:02.376946620Z,353
1671607502577371323,2022-12-21T07:25:02.577371323Z,353
1671607502777231833,2022-12-21T07:25:02.777231833Z,353
1671607502977047418,2022-12-21T07:25:02.977047418Z,353
1671607503177269093,2022-12-21T07:25:03.177269093Z,353
1671607503377555936,2022-12-21T07:25:03.377555936Z,353
1671607503576700776,2022-12-21T07:25:03.576700776Z,353
1671607503777472756,2022-12-21T07:25:03.777472756Z,353
1671607503977507345,2022-12-21T07:25:03.977507345Z,353
1671607504177400452,2022-12-21T07:25:04.177400452Z,353
1671607504377047785,2022-12-21T07:25:04.377047785Z,352
1671607504576984817,2022-12-21T07:25:04.576984817Z,353
1671607504777289018,2022-12-21T07:25:04.777289018Z,353
1671607504976917614,2022-12-21T07:25:04.976917614Z,353
1671607505176876409,2022-12-21T07:25:05.176876409Z,353
1671607505377139875,2022-12-21T07:25:05.377139875Z,354
1671607505577359106,2022-12-21T07:25:05.577359106Z,355
1671607505777125349,2022-12-21T07:25:05.777125349Z,357
1671607505977526651,2022-12-21T07:25:05.977526651Z,1
1671607506176684053,2022-12-21T07:25:06.176684053Z,3
1671607506376575527,2022-12-21T07:25:06.376575527Z,7
1671607506576721530,2022-12-21T07:25:06.576721530Z,10
1671607506777484972,2022-12-21T07:25:06.777484972Z,15
1671607506977464800,2022-12-21T07:25:06.977464800Z,19
1671607507176743156,2022-12-21T07:25:07.176743156Z,23
1671607507377380808,2022-12-21T07:25:07.377380808Z,27
1671607507576842534,2022-12-21T07:25:07.576842534Z,30
1671607507777559649,2022-12-21T07:25:07.777559649Z,35
1671607507976842392,2022-12-21T07:25:07.976842392Z,40
1671607508177510712,2022-12-21T07:25:08.177510712Z,45
1671607508377096155,2022-12-21T07:25:08.377096155Z,49
1671607508577572061,2022-12-21T07:25:08.577572061Z,53
1671607508777402640,2022-12-21T07:25:08.777402640Z,57
1671607508977324741,2022-12-21T07:25:08.977324741Z,62
1671607509176591588,2022-12-21T07:25:09.176591588Z,66
1671607509377302110,2022-12-21T07:25:09.377302110Z,71
1671607509577258845,2022-12-21T07:25:09.577258845Z,75
1671607509778148600,2022-12-21T07:25:09.778148600Z,79
1671607509977024363,2022-12-21T07:25:09.977024363Z,82
1671607510177709570,2022-12-21T07:25:10.177709570Z,85
1671607510376849507,2022-12-21T07:25:10.376849507Z,87
1671607510577479162,2022-12-21T07:25:10.577479162Z,89
1671607510777596502,2022-12-21T07:25:10.777596502Z,89
1671607510976872194,2022-12-21T07:25:10.976872194Z,90
1671607511177455954,2022-12-21T07:25:11.177455954Z,90
1671607511376801264,2022-12-21T07:25:11.376801264Z,91
1671607511577655840,2022-12-21T07:25:11.577655840Z,91
1671607511776806269,2022-12-21T07:25:11.776806269Z,91
1671607511976790032,2022-12-21T07:25:11.976790032Z,91
1671607512176943899,2022-12-21T07:25:12.176943899Z,91
1671607512377753571,2022-12-21T07:25:12.377753571Z,91
1671607512577097151,2022-12-21T07:25:12.577097151Z,91
1671607512777279743,2022-12-21T07:25:12.777279743Z,92
1671607512976798341,2022-12-21T07:25:12.976798341Z,92
1671607513177458764,2022-12-21T07:25:13.177458764Z,94
1671607513376870861,2022-12-21T07:25:13.376870861Z,96
1671607513577238853,2022-12-21T07:25:13.577238853Z,99
1671607513776588883,2022-12-21T07:25:13.776588883Z,102
1671607513976964916,2022-12-21T07:25:13.976964916Z,105
1671607514177687802,2022-12-21T07:25:14.177687802Z,109
1671607514376586751,2022-12-21T07:25:14.376586751Z,112
1671607514576875300,2022-12-21T07:25:14.576875300Z,115
1671607514777286299,2022-12-21T07:25:14.777286299Z,119
1671607514976764793,2022-12-21T07:25:14.976764793Z,122
1671607515176815045,2022-12-21T07:25:15.176815045Z,126
1671607515377475727,2022-12-21T07:25:15.377475727Z,129
1671607515576620740,2022-12-21T07:25:15.576620740Z,133
1671607515777083257,2022-12-21T07:25:15.777083257Z,136
1671607515977147898,2022-12-21T07:25:15.977147898Z,140
1671607516177160799,2022-12-21T07:25:16.177160799Z,143
1671607516377158064,2022-12-21T07:25:16.377158064Z,147
1671607516577231885,2022-12-21T07:25:16.577231885Z,150
1671607516777295057,2022-12-21T07:25:16.777295057Z,154
1671607516977319965,2022-12-21T07:25:16.977319965Z,157
1671607517177331669,2022-12-21T07:25:17.177331669Z,161
1671607517376981042,2022-12-21T07:25:17.376981042Z,164
1671607517576815171,2022-12-21T07:25:17.576815171Z,167
1671607517777254784,2022-12-21T07:25:17.777254784Z,169
1671607517977433769,2022-12-21T07:25:17.977433769Z,170
1671607518176535830,2022-12-21T07:25:18.176535830Z,172
1671607518376830954,2022-12-21T07:25:18.376830954Z,172
1671607518576265238,2022-12-21T07:25:18.576265238Z,173
1671607518776923465,2022-12-21T07:25:18.776923465Z,173
1671607518976438929,2022-12-21T07:25:18.976438929Z,172
1671607519176772042,2022-12-21T07:25:19.176772042Z,172
1671607519376697092,2022-12-21T07:25:19.376697092Z,172
1671607519575922076,2022-12-21T07:25:19.575922076Z,172
1671607519776219206,2022-12-21T07:25:19.776219206Z,172
1671607519976163637,2022-12-21T07:25:19.976163637Z,172
1671607520176559449,2022-12-21T07:25:20.176559449Z,172
1671607520376177918,2022-12-21T07:25:20.376177918Z,173
1671607520576518447,2022-12-21T07:25:20.576518447Z,173
1671607520776167090,2022-12-21T07:25:20.776167090Z,173
1671607520976186620,2022-12-21T07:25:20.976186620Z,173
1671607521176026755,2022-12-21T07:25:21.176026755Z,173
1671607521376028834,2022-12-21T07:25:21.376028834Z,173
1671607521576229322,2022-12-21T07:25:21.576229322Z,173
1671607521776395364,2022-12-21T07:25:21.776395364Z,173
1671607521976146526,2022-12-21T07:25:21.976146526Z,173
1671607522175822546,2022-12-21T07:25:22.175822546Z,172
1671607522376135252,2022-12-21T07:25:22.376135252Z,173
1671607522576450234,2022-12-21T07:25:22.576450234Z,173
1671607522775787198,2022-12-21T07:25:22.775787198Z,173
1671607522975970092,2022-12-21T07:25:22.975970092Z,173
1671607523175938507,2022-12-21T07:25:23.175938507Z,173
1671607523375758743,2022-12-21T07:25:23.375758743Z,173
1671607523576047242,2022-12-21T07:25:23.576047242Z,173
1671607523776285588,2022-12-21T07:25:23.776285588Z,173
1671607523976131939,2022-12-21T07:25:23.976131939Z,173
1671607524176283630,2022-12-21T07:25:24.176283630Z,173
1671607524375686066,2022-12-21T07:25:24.375686066Z,173
1671607524576306111,2022-12-21T07:25:24.576306111Z,173
1671607524775957324,2022-12-21T07:25:24.775957324Z,173
1671607524976496289,2022-12-21T07:25:24.976496289Z,173
1671607525176229890,2022-12-21T07:25:25.176229890Z,173
1671607525376936401,2022-12-21T07:25:25.376936401Z,173
1671607525575988752,2022-12-21T07:25:25.575988752Z,173
1671607525776712730,2022-12-21T07:25:25.776712730Z,172
1671607525976207729,2022-12-21T07:25:25.976207729Z,173
1671607526175822083,2022-12-21T07:25:26.175822083Z,173
1671607526376072889,2022-12-21T07:25:26.376072889Z,173
1671607526575727900,2022-12-21T07:25:26.575727900Z,173
1671607526778142017,2022-12-21T07:25:26.778142017Z,173
1671607526976643967,2022-12-21T07:25:26.976643967Z,173
1671607527175879933,2022-12-21T07:25:27.175879933Z,173
1671607527376528594,2022-12-21T07:25:27.376528594Z,173
1671607527576683891,2022-12-21T07:25:27.576683891Z,173
1671607527776888057,2022-12-21T07:25:27.776888057Z,173
1671607527975979614,2022-12-21T07:25:27.975979614Z,173
1671607528176457828,2022-12-21T07:25:28.176457828Z,173
1671607528376041456,2022-12-21T07:25:28.376041456Z,173
1671607528575862267,2022-12-21T07:25:28.575862267Z,173
1671607528776589297,2022-12-21T07:25:28.776589297Z,173
1671607528976614194,2022-12-21T07:25:28.976614194Z,173
1671607529176658655,2022-12-21T07:25:29.176658655Z,172
1671607529375889204,2022-12-21T07:25:29.375889204Z,173
1671607529576124141,2022-12-21T07:25:29.576124141Z,173
1671607529775937672,2022-12-21T07:25:29.775937672Z,172
1671607529976254117,2022-12-21T07:25:29.976254117Z,173
1671607530176801878,2022-12-21T07:25:30.176801878Z,173
1671607530376543430,2022-12-21T07:25:30.376543430Z,173
1671607530575981200,2022-12-21T07:25:30.575981200Z,173
1671607530776307692,2022-12-21T07:25:30.776307692Z,173
1671607530976663479,2022-12-21T07:25:30.976663479Z,173
1671607531175814607,2022-12-21T07:25:31.175814607Z,173
1671607531375966069,2022-12-21T07:25:31.375966069Z,173
1671607531576266350,2022-12-21T07:25:31.576266350Z,173
1671607531775950045,2022-12-21T07:25:31.775950045Z,173
1671607531975560457,2022-12-21T07:25:31.975560457Z,173
1671607532176398798,2022-12-21T07:25:32.176398798Z,173
1671607532376107653,2022-12-21T07:25:32.376107653Z,173
1671607532575842279,2022-12-21T07:25:32.575842279Z,173
1671607532775731500,2022-12-21T07:25:32.775731500Z,173
1671607532975594693,2022-12-21T07:25:32.975594693Z,173
1671607533176552688,2022-12-21T07:25:33.176552688Z,173
1671607533376198967,2022-12-21T07:25:33.376198967Z,173
1671607533575894084,2022-12-21T07:25:33.575894084Z,173
1671607533776163745,2022-12-21T07:25:33.776163745Z,173
1671607533975655605,2022-12-21T07:25:33.975655605Z,173
1671607534175722379,2022-12-21T07:25:34.175722379Z,173
1671607534376042245,2022-12-21T07:25:34.376042245Z,173
1671607534576025038,2022-12-21T07:25:34.576025038Z,172
1671607534776540757,2022-12-21T07:25:34.776540757Z,173
1671607534976258133,2022-12-21T07:25:34.976258133Z,172
1671607535176426767,2022-12-21T07:25:35.176426767Z,173
1671607535376280805,2022-12-21T07:25:35.376280805Z,173
1671607535576569778,2022-12-21T07:25:35.576569778Z,173
1671607535775977190,2022-12-21T07:25:35.775977190Z,173
1671607535976665337,2022-12-21T07:25:35.976665337Z,173
1671607536175900001,2022-12-21T07:25:36.175900001Z,173
1671607536375760344,2022-12-21T07:25:36.375760344Z,173
1671607536576450844,2022-12-21T07:25:36.576450844Z,173
1671607536776044629,2022-12-21T07:25:36.776044629Z,173
1671607536975848747,2022-12-21T07:25:36.975848747Z,173
1671607537175959470,2022-12-21T07:25:37.175959470Z,173
1671607537376147792,2022-12-21T07:25:37.376147792Z,173
1671607537576009849,2022-12-21T07:25:37.576009849Z,173
1671607537776413612,2022-12-21T07:25:37.776413612Z,173
1671607537975990470,2022-12-21T07:25:37.975990470Z,173
1671607538176667039,2022-12-21T07:25:38.176667039Z,173
1671607538376335388,2022-12-21T07:25:38.376335388Z,173
1671607538576323033,2022-12-21T07:25:38.576323033Z,173
1671607538775992510,2022-12-21T07:25:38.775992510Z,173
1671607538976696824,2022-12-21T07:25:38.976696824Z,173
1671607539176139491,2022-12-21T07:25:39.176139491Z,172
1671607539376588455,2022-12-21T07:25:39.376588455Z,172
1671607539576226562,2022-12-21T07:25:39.576226562Z,172
1671607539777049608,2022-12-21T07:25:39.777049608Z,173
1671607539976626823,2022-12-21T07:25:39.976626823Z,173
1671607540176600446,2022-12-21T07:25:40.176600446Z,173
1671607540376285874,2022-12-21T07:25:40.376285874Z,173
1671607540576668576,2022-12-21T07:25:40.576668576Z,173
1671607540776029733,2022-12-21T07:25:40.776029733Z,173
1671607540975857091,2022-12-21T07:25:40.975857091Z,173
1671607541176079295,2022-12-21T07:25:41.176079295Z,173
1671607541375938690,2022-12-21T07:25:41.375938690Z,173
1671607541575993981,2022-12-21T07:25:41.575993981Z,173
1671607541776958365,2022-12-21T07:25:41.776958365Z,172
1671607541976410151,2022-12-21T07:25:41.976410151Z,172
1671607542176210133,2022-12-21T07:25:42.176210133Z,172
1671607542375863171,2022-12-21T07:25:42.375863171Z,173
1671607542576614442,2022-12-21T07:25:42.576614442Z,173
1671607542776002278,2022-12-21T07:25:42.776002278Z,173
1671607542975853075,2022-12-21T07:25:42.975853075Z,173
1671607543176653935,2022-12-21T07:25:43.176653935Z,173
1671607543376394690,2022-12-21T07:25:43.376394690Z,173
1671607543576076318,2022-12-21T07:25:43.576076318Z,173
1671607543776425386,2022-12-21T07:25:43.776425386Z,173
1671607543976196972,2022-12-21T07:25:43.976196972Z,173
1671607544175986514,2022-12-21T07:25:44.175986514Z,173
1671607544375979768,2022-12-21T07:25:44.375979768Z,173
1671607544576278240,2022-12-21T07:25:44.576278240Z,173
1671607544776028142,2022-12-21T07:25:44.776028142Z,173
1671607544976175681,2022-12-21T07:25:44.976175681Z,173
1671607545176500350,2022-12-21T07:25:45.176500350Z,173
1671607545375271718,2022-12-21T07:25:45.375271718Z,173
1671607545576117485,2022-12-21T07:25:45.576117485Z,173
1671607545776697679,2022-12-21T07:25:45.776697679Z,173
1671607545976482594,2022-12-21T07:25:45.976482594Z,173
1671607546175866216,2022-12-21T07:25:46.175866216Z,173
1671607546375793254,2022-12-21T07:25:46.375793254Z,173
1671607546576430921,2022-12-21T07:25:46.576430921Z,173
1671607546775208242,2022-12-21T07:25:46.775208242Z,173
1671607546975844209,2022-12-21T07:25:46.975844209Z,173
1671607547176626474,2022-12-21T07:25:47.176626474Z,173
1671607547375082361,2022-12-21T07:25:47.375082361Z,173
1671607547576040095,2022-12-21T07:25:47.576040095Z,173
1671607547776263362,2022-12-21T07:25:47.776263362Z,173
1671607547975389606,2022-12-21T07:25:47.975389606Z,172
1671607548174902404,2022-12-21T07:25:48.174902404Z,173
1671607548375149767,2022-12-21T07:25:48.375149767Z,173
1671607548575456524,2022-12-21T07:25:48.575456524Z,173
1671607548775824443,2022-12-21T07:25:48.775824443Z,173
1671607548975206019,2022-12-21T07:25:48.975206019Z,173
1671607549175577452,2022-12-21T07:25:49.175577452Z,173
1671607549375401076,2022-12-21T07:25:49.375401076Z,173
1671607549574916345,2022-12-21T07:25:49.574916345Z,173
1671607549775570085,2022-12-21T07:25:49.775570085Z,172
1671607549974973147,2022-12-21T07:25:49.974973147Z,171
1671607550174899666,2022-12-21T07:25:50.174899666Z,170
1671607550375094929,2022-12-21T07:25:50.375094929Z,167
1671607550575845120,2022-12-21T07:25:50.575845120Z,165
1671607550775355665,2022-12-21T07:25:50.775355665Z,163
1671607550975159639,2022-12-21T07:25:50.975159639Z,160
1671607551175136674,2022-12-21T07:25:51.175136674Z,158
1671607551375838284,2022-12-21T07:25:51.375838284Z,155
1671607551575124966,2022-12-21T07:25:51.575124966Z,153
1671607551775995089,2022-12-21T07:25:51.775995089Z,151
1671607551975314186,2022-12-21T07:25:51.975314186Z,149
1671607552174955856,2022-12-21T07:25:52.174955856Z,147
1671607552375454398,2022-12-21T07:25:52.375454398Z,145
1671607552575832477,2022-12-21T07:25:52.575832477Z,142
1671607552775827935,2022-12-21T07:25:52.775827935Z,140
1671607552975405192,2022-12-21T07:25:52.975405192Z,138
1671607553174921669,2022-12-21T07:25:53.174921669Z,136
1671607553375206550,2022-12-21T07:25:53.375206550Z,133
1671607553575207432,2022-12-21T07:25:53.575207432Z,131
1671607553775013000,2022-12-21T07:25:53.775013000Z,128
1671607553975335059,2022-12-21T07:25:53.975335059Z,126
1671607554175932335,2022-12-21T07:25:54.175932335Z,123
1671607554375011020,2022-12-21T07:25:54.375011020Z,120
1671607554575142609,2022-12-21T07:25:54.575142609Z,118
1671607554775574811,2022-12-21T07:25:54.775574811Z,116
1671607554975878193,2022-12-21T07:25:54.975878193Z,113
1671607555175628710,2022-12-21T07:25:55.175628710Z,112
1671607555374996737,2022-12-21T07:25:55.374996737Z,110
1671607555575559934,2022-12-21T07:25:55.575559934Z,109
1671607555774997747,2022-12-21T07:25:55.774997747Z,108
1671607555975419971,2022-12-21T07:25:55.975419971Z,108
1671607556175115654,2022-12-21T07:25:56.175115654Z,108
1671607556375936454,2022-12-21T07:25:56.375936454Z,108
1671607556575761296,2022-12-21T07:25:56.575761296Z,108
1671607556775023166,2022-12-21T07:25:56.775023166Z,107
1671607556975417632,2022-12-21T07:25:56.975417632Z,107
1671607557175387676,2022-12-21T07:25:57.175387676Z,105
1671607557375397266,2022-12-21T07:25:57.375397266Z,102
1671607557575235184,2022-12-21T07:25:57.575235184Z,99
1671607557774732311,2022-12-21T07:25:57.774732311Z,95
1671607557975282362,2022-12-21T07:25:57.975282362Z,90
1671607558175646956,2022-12-21T07:25:58.175646956Z,84
1671607558374987074,2022-12-21T07:25:58.374987074Z,78
1671607558575661055,2022-12-21T07:25:58.575661055Z,73
1671607558775109104,2022-12-21T07:25:58.775109104Z,67
1671607558975719716,2022-12-21T07:25:58.975719716Z,62
1671607559175145959,2022-12-21T07:25:59.175145959Z,57
1671607559375544437,2022-12-21T07:25:59.375544437Z,50
1671607559575350222,2022-12-21T07:25:59.575350222Z,45
1671607559774872454,2022-12-21T07:25:59.774872454Z,39
1671607559975614154,2022-12-21T07:25:59.975614154Z,34
1671607560175234866,2022-12-21T07:26:00.175234866Z,28
1671607560375873894,2022-12-21T07:26:00.375873894Z,23
1671607560574898294,2022-12-21T07:26:00.574898294Z,17
1671607560775823566,2022-12-21T07:26:00.775823566Z,13
1671607560975233458,2022-12-21T07:26:00.975233458Z,9
1671607561174822307,2022-12-21T07:26:01.174822307Z,5
1671607561374883250,2022-12-21T07:26:01.374883250Z,2
1671607561575546293,2022-12-21T07:26:01.575546293Z,359
1671607561774905300,2022-12-21T07:26:01.774905300Z,357
1671607561975174373,2022-12-21T07:26:01.975174373Z,355
1671607562175805687,2022-12-21T07:26:02.175805687Z,354
1671607562375206630,2022-12-21T07:26:02.375206630Z,353
1671607562575572150,2022-12-21T07:26:02.575572150Z,353
1671607562775661956,2022-12-21T07:26:02.775661956Z,352
1671607562975725283,2022-12-21T07:26:02.975725283Z,352
1671607563175109260,2022-12-21T07:26:03.175109260Z,352
1671607563375175566,2022-12-21T07:26:03.375175566Z,352
1671607563574786102,2022-12-21T07:26:03.574786102Z,352
1671607563775155735,2022-12-21T07:26:03.775155735Z,352
1671607563974974718,2022-12-21T07:26:03.974974718Z,352
1671607564175322103,2022-12-21T07:26:04.175322103Z,352
1671607564375534732,2022-12-21T07:26:04.375534732Z,352
1671607564575201989,2022-12-21T07:26:04.575201989Z,352
1671607564775061318,2022-12-21T07:26:04.775061318Z,352
1671607564975621347,2022-12-21T07:26:04.975621347Z,352
1671607565175339646,2022-12-21T07:26:05.175339646Z,352
1671607565375816221,2022-12-21T07:26:05.375816221Z,352
1671607565575156684,2022-12-21T07:26:05.575156684Z,351
1671607565776133842,2022-12-21T07:26:05.776133842Z,352
1671607565975445899,2022-12-21T07:26:05.975445899Z,352
1671607566175517814,2022-12-21T07:26:06.175517814Z,352
1671607566375677359,2022-12-21T07:26:06.375677359Z,352
1671607566575407868,2022-12-21T07:26:06.575407868Z,352
1671607566775523487,2022-12-21T07:26:06.775523487Z,352
1671607566975615314,2022-12-21T07:26:06.975615314Z,352
1671607567175807884,2022-12-21T07:26:07.175807884Z,352
1671607567375757940,2022-12-21T07:26:07.375757940Z,352
1671607567574902073,2022-12-21T07:26:07.574902073Z,352
1671607567775120241,2022-12-21T07:26:07.775120241Z,352
1671607567975751849,2022-12-21T07:26:07.975751849Z,352
1671607568175831986,2022-12-21T07:26:08.175831986Z,351
1671607568375919936,2022-12-21T07:26:08.375919936Z,352
1671607568575410599,2022-12-21T07:26:08.575410599Z,352
1671607568775832362,2022-12-21T07:26:08.775832362Z,352
1671607568975238201,2022-12-21T07:26:08.975238201Z,352
1671607569175641408,2022-12-21T07:26:09.175641408Z,352
1671607569375881236,2022-12-21T07:26:09.375881236Z,352
1671607569576005113,2022-12-21T07:26:09.576005113Z,352
1671607569775703033,2022-12-21T07:26:09.775703033Z,352
1671607569975242186,2022-12-21T07:26:09.975242186Z,352
1671607570175075439,2022-12-21T07:26:10.175075439Z,352
1671607570375630970,2022-12-21T07:26:10.375630970Z,352
1671607570575220393,2022-12-21T07:26:10.575220393Z,352
1671607570775366916,2022-12-21T07:26:10.775366916Z,352
1671607570975586668,2022-12-21T07:26:10.975586668Z,352
1671607571175010910,2022-12-21T07:26:11.175010910Z,352
1671607571375664810,2022-12-21T07:26:11.375664810Z,353
1671607571575321964,2022-12-21T07:26:11.575321964Z,353
1671607571776382283,2022-12-21T07:26:11.776382283Z,353
1671607571975905196,2022-12-21T07:26:11.975905196Z,352
1671607572175524929,2022-12-21T07:26:12.175524929Z,352
1671607572375817208,2022-12-21T07:26:12.375817208Z,352
1671607572575206428,2022-12-21T07:26:12.575206428Z,352
1671607572775846651,2022-12-21T07:26:12.775846651Z,353
1671607572975068493,2022-12-21T07:26:12.975068493Z,352
1671607573175855425,2022-12-21T07:26:13.175855425Z,352
1671607573375432489,2022-12-21T07:26:13.375432489Z,352
1671607573574963071,2022-12-21T07:26:13.574963071Z,352
1671607573775732658,2022-12-21T07:26:13.775732658Z,352
1671607573975653491,2022-12-21T07:26:13.975653491Z,352
1671607574175946859,2022-12-21T07:26:14.175946859Z,352
1671607574375056413,2022-12-21T07:26:14.375056413Z,352
1671607574574909548,2022-12-21T07:26:14.574909548Z,352
1671607574775858107,2022-12-21T07:26:14.775858107Z,352
1671607574975550018,2022-12-21T07:26:14.975550018Z,352
1671607575174373689,2022-12-21T07:26:15.174373689Z,352
1671607575375015653,2022-12-21T07:26:15.375015653Z,352
1671607575574766478,2022-12-21T07:26:15.574766478Z,352
1671607575775612904,2022-12-21T07:26:15.775612904Z,352
1671607575974643463,2022-12-21T07:26:15.974643463Z,352
1671607576173973659,2022-12-21T07:26:16.173973659Z,352
1671607576374809372,2022-12-21T07:26:16.374809372Z,352
1671607576575009996,2022-12-21T07:26:16.575009996Z,352
1671607576774218514,2022-12-21T07:26:16.774218514Z,352
1671607576975029232,2022-12-21T07:26:16.975029232Z,352
1671607577174621347,2022-12-21T07:26:17.174621347Z,352
1671607577374952885,2022-12-21T07:26:17.374952885Z,352
1671607577574940698,2022-12-21T07:26:17.574940698Z,352
1671607577774936848,2022-12-21T07:26:17.774936848Z,352
1671607577974725159,2022-12-21T07:26:17.974725159Z,352
1671607578174521046,2022-12-21T07:26:18.174521046Z,353
1671607578374625577,2022-12-21T07:26:18.374625577Z,352
1671607578574554263,2022-12-21T07:26:18.574554263Z,352
1671607578774674809,2022-12-21T07:26:18.774674809Z,352
1671607578975030574,2022-12-21T07:26:18.975030574Z,352
1671607579174242245,2022-12-21T07:26:19.174242245Z,352
1671607579375092510,2022-12-21T07:26:19.375092510Z,352
1671607579575140700,2022-12-21T07:26:19.575140700Z,352
1671607579774856666,2022-12-21T07:26:19.774856666Z,352
1671607579974123304,2022-12-21T07:26:19.974123304Z,352
1671607580174081051,2022-12-21T07:26:20.174081051Z,352
1671607580374058389,2022-12-21T07:26:20.374058389Z,352
1671607580574055536,2022-12-21T07:26:20.574055536Z,352
1671607580774829118,2022-12-21T07:26:20.774829118Z,352
1671607580974644132,2022-12-21T07:26:20.974644132Z,352
1671607581174094116,2022-12-21T07:26:21.174094116Z,352
1671607581374382399,2022-12-21T07:26:21.374382399Z,352
1671607581574380728,2022-12-21T07:26:21.574380728Z,352
1671607581774120002,2022-12-21T07:26:21.774120002Z,352
1671607581974534085,2022-12-21T07:26:21.974534085Z,352
1671607582174940688,2022-12-21T07:26:22.174940688Z,352
1671607582374977867,2022-12-21T07:26:22.374977867Z,352
1671607582574306123,2022-12-21T07:26:22.574306123Z,352
1671607582774341074,2022-12-21T07:26:22.774341074Z,352
1671607582974221095,2022-12-21T07:26:22.974221095Z,352
1671607583175156872,2022-12-21T07:26:23.175156872Z,351
1671607583375056343,2022-12-21T07:26:23.375056343Z,352
1671607583574738178,2022-12-21T07:26:23.574738178Z,352
1671607583774302662,2022-12-21T07:26:23.774302662Z,352
1671607583974764510,2022-12-21T07:26:23.974764510Z,352
1671607584174442929,2022-12-21T07:26:24.174442929Z,352
1671607584374454976,2022-12-21T07:26:24.374454976Z,352
1671607584574007754,2022-12-21T07:26:24.574007754Z,352
1671607584774616207,2022-12-21T07:26:24.774616207Z,352
1671607584974159399,2022-12-21T07:26:24.974159399Z,352
1671607585174098527,2022-12-21T07:26:25.174098527Z,352
1671607585373964996,2022-12-21T07:26:25.373964996Z,352
1671607585574389851,2022-12-21T07:26:25.574389851Z,352
1671607585774965450,2022-12-21T07:26:25.774965450Z,352
1671607585974763961,2022-12-21T07:26:25.974763961Z,352
1671607586174367174,2022-12-21T07:26:26.174367174Z,352
1671607586374561595,2022-12-21T07:26:26.374561595Z,352
1671607586574501096,2022-12-21T07:26:26.574501096Z,352
1671607586774185844,2022-12-21T07:26:26.774185844Z,352
1671607586974614833,2022-12-21T07:26:26.974614833Z,352
1671607587175020735,2022-12-21T07:26:27.175020735Z,352
1671607587375071340,2022-12-21T07:26:27.375071340Z,352
1671607587574043981,2022-12-21T07:26:27.574043981Z,352
1671607587774197199,2022-12-21T07:26:27.774197199Z,352
1671607587974466760,2022-12-21T07:26:27.974466760Z,352
1671607588174240919,2022-12-21T07:26:28.174240919Z,352
1671607588374894095,2022-12-21T07:26:28.374894095Z,352
1671607588573896731,2022-12-21T07:26:28.573896731Z,352
1671607588774272620,2022-12-21T07:26:28.774272620Z,352
1671607588975035943,2022-12-21T07:26:28.975035943Z,352
1671607589174666849,2022-12-21T07:26:29.174666849Z,352
1671607589374710580,2022-12-21T07:26:29.374710580Z,352
1671607589574297481,2022-12-21T07:26:29.574297481Z,352
1671607589774869957,2022-12-21T07:26:29.774869957Z,352
1671607589974414356,2022-12-21T07:26:29.974414356Z,351
1671607590174715923,2022-12-21T07:26:30.174715923Z,352
1671607590374538331,2022-12-21T07:26:30.374538331Z,352
1671607590574098598,2022-12-21T07:26:30.574098598Z,352
1671607590775745863,2022-12-21T07:26:30.775745863Z,352
1671607590974736170,2022-12-21T07:26:30.974736170Z,352
1671607591174610728,2022-12-21T07:26:31.174610728Z,352
1671607591374398901,2022-12-21T07:26:31.374398901Z,351
1671607591574989284,2022-12-21T07:26:31.574989284Z,351
1671607591774911572,2022-12-21T07:26:31.774911572Z,351
1671607591974719922,2022-12-21T07:26:31.974719922Z,351
1671607592174232107,2022-12-21T07:26:32.174232107Z,350
1671607592375062087,2022-12-21T07:26:32.375062087Z,350
1671607592574990011,2022-12-21T07:26:32.574990011Z,351
1671607592774321982,2022-12-21T07:26:32.774321982Z,350
1671607592974989124,2022-12-21T07:26:32.974989124Z,350
1671607593174645802,2022-12-21T07:26:33.174645802Z,351
1671607593374764693,2022-12-21T07:26:33.374764693Z,351
1671607593574499581,2022-12-21T07:26:33.574499581Z,351
1671607593774314407,2022-12-21T07:26:33.774314407Z,351
1671607593974070916,2022-12-21T07:26:33.974070916Z,352
1671607594174361325,2022-12-21T07:26:34.174361325Z,352
1671607594374219866,2022-12-21T07:26:34.374219866Z,352
1671607594574380404,2022-12-21T07:26:34.574380404Z,353
1671607594774372322,2022-12-21T07:26:34.774372322Z,353
1671607594974909587,2022-12-21T07:26:34.974909587Z,353
1671607595174864601,2022-12-21T07:26:35.174864601Z,353
1671607595374259838,2022-12-21T07:26:35.374259838Z,354
1671607595574874300,2022-12-21T07:26:35.574874300Z,354
1671607595775053449,2022-12-21T07:26:35.775053449Z,353
1671607595974102123,2022-12-21T07:26:35.974102123Z,353
1671607596174928892,2022-12-21T07:26:36.174928892Z,353
1671607596375099715,2022-12-21T07:26:36.375099715Z,353
1671607596574631824,2022-12-21T07:26:36.574631824Z,353
1671607596775078302,2022-12-21T07:26:36.775078302Z,353
1671607596974080692,2022-12-21T07:26:36.974080692Z,354
1671607597174886731,2022-12-21T07:26:37.174886731Z,356
1671607597374337195,2022-12-21T07:26:37.374337195Z,359
1671607597574382708,2022-12-21T07:26:37.574382708Z,4
1671607597774943550,2022-12-21T07:26:37.774943550Z,8
1671607597974093041,2022-12-21T07:26:37.974093041Z,11
1671607598174224685,2022-12-21T07:26:38.174224685Z,16
1671607598374900244,2022-12-21T07:26:38.374900244Z,21
1671607598574241773,2022-12-21T07:26:38.574241773Z,26
1671607598774751212,2022-12-21T07:26:38.774751212Z,32
1671607598974507513,2022-12-21T07:26:38.974507513Z,38
1671607599174521410,2022-12-21T07:26:39.174521410Z,42
1671607599374170906,2022-12-21T07:26:39.374170906Z,46
1671607599574572520,2022-12-21T07:26:39.574572520Z,49
1671607599774764018,2022-12-21T07:26:39.774764018Z,53
1671607599974538328,2022-12-21T07:26:39.974538328Z,58
1671607600174502893,2022-12-21T07:26:40.174502893Z,64
1671607600374150104,2022-12-21T07:26:40.374150104Z,69
1671607600574763405,2022-12-21T07:26:40.574763405Z,75
1671607600774870523,2022-12-21T07:26:40.774870523Z,79
1671607600974242891,2022-12-21T07:26:40.974242891Z,84
1671607601174807557,2022-12-21T07:26:41.174807557Z,88
1671607601374395105,2022-12-21T07:26:41.374395105Z,90
1671607601574262847,2022-12-21T07:26:41.574262847Z,92
1671607601774179123,2022-12-21T07:26:41.774179123Z,95
1671607601974967964,2022-12-21T07:26:41.974967964Z,96
1671607602174345984,2022-12-21T07:26:42.174345984Z,97
1671607602373622219,2022-12-21T07:26:42.373622219Z,98
1671607602575157827,2022-12-21T07:26:42.575157827Z,99
1671607602774595211,2022-12-21T07:26:42.774595211Z,100
1671607602974496494,2022-12-21T07:26:42.974496494Z,101
1671607603175179877,2022-12-21T07:26:43.175179877Z,102
1671607603374816759,2022-12-21T07:26:43.374816759Z,101
1671607603573928713,2022-12-21T07:26:43.573928713Z,101
1671607603774820589,2022-12-21T07:26:43.774820589Z,100
1671607603974287443,2022-12-21T07:26:43.974287443Z,99
1671607604174237875,2022-12-21T07:26:44.174237875Z,99
1671607604373667538,2022-12-21T07:26:44.373667538Z,99
1671607604574081594,2022-12-21T07:26:44.574081594Z,99
1671607604773719868,2022-12-21T07:26:44.773719868Z,101
1671607604974319069,2022-12-21T07:26:44.974319069Z,104
1671607605174079738,2022-12-21T07:26:45.174079738Z,106
1671607605374055537,2022-12-21T07:26:45.374055537Z,109
1671607605573553805,2022-12-21T07:26:45.573553805Z,111
1671607605774143471,2022-12-21T07:26:45.774143471Z,115
1671607605974005553,2022-12-21T07:26:45.974005553Z,118
1671607606173381498,2022-12-21T07:26:46.173381498Z,121
1671607606374028337,2022-12-21T07:26:46.374028337Z,124
1671607606573755482,2022-12-21T07:26:46.573755482Z,127
1671607606773711995,2022-12-21T07:26:46.773711995Z,130
1671607606974227747,2022-12-21T07:26:46.974227747Z,133
1671607607173355420,2022-12-21T07:26:47.173355420Z,136
1671607607374036874,2022-12-21T07:26:47.374036874Z,140
1671607607573500033,2022-12-21T07:26:47.573500033Z,142
1671607607773135846,2022-12-21T07:26:47.773135846Z,146
1671607607973980447,2022-12-21T07:26:47.973980447Z,149
1671607608174141165,2022-12-21T07:26:48.174141165Z,152
1671607608373778819,2022-12-21T07:26:48.373778819Z,155
1671607608573735796,2022-12-21T07:26:48.573735796Z,158
1671607608773461042,2022-12-21T07:26:48.773461042Z,161
1671607608973707012,2022-12-21T07:26:48.973707012Z,164
1671607609173891679,2022-12-21T07:26:49.173891679Z,167
1671607609375162064,2022-12-21T07:26:49.375162064Z,170
1671607609573160495,2022-12-21T07:26:49.573160495Z,171
1671607609773710242,2022-12-21T07:26:49.773710242Z,172
1671607609973204328,2022-12-21T07:26:49.973204328Z,173
1671607610173186616,2022-12-21T07:26:50.173186616Z,173
1671607610373294429,2022-12-21T07:26:50.373294429Z,174
1671607610573556994,2022-12-21T07:26:50.573556994Z,173
1671607610773482790,2022-12-21T07:26:50.773482790Z,173
1671607610973400693,2022-12-21T07:26:50.973400693Z,173
1671607611173343188,2022-12-21T07:26:51.173343188Z,174
1671607611373942473,2022-12-21T07:26:51.373942473Z,174
1671607611573206258,2022-12-21T07:26:51.573206258Z,173
1671607611773246763,2022-12-21T07:26:51.773246763Z,173
1671607611974024662,2022-12-21T07:26:51.974024662Z,173
1671607612173691363,2022-12-21T07:26:52.173691363Z,173
1671607612374072504,2022-12-21T07:26:52.374072504Z,172
1671607612573539340,2022-12-21T07:26:52.573539340Z,172
1671607612774189946,2022-12-21T07:26:52.774189946Z,172
1671607612973361308,2022-12-21T07:26:52.973361308Z,171
1671607613173688082,2022-12-21T07:26:53.173688082Z,171
1671607613373831616,2022-12-21T07:26:53.373831616Z,171
1671607613573519666,2022-12-21T07:26:53.573519666Z,172
1671607613773614560,2022-12-21T07:26:53.773614560Z,172
1671607613974009151,2022-12-21T07:26:53.974009151Z,172
1671607614173460453,2022-12-21T07:26:54.173460453Z,172
1671607614373619412,2022-12-21T07:26:54.373619412Z,172
1671607614573908564,2022-12-21T07:26:54.573908564Z,172
1671607614774190336,2022-12-21T07:26:54.774190336Z,172
1671607614973698208,2022-12-21T07:26:54.973698208Z,173
1671607615173269640,2022-12-21T07:26:55.173269640Z,172
1671607615373176950,2022-12-21T07:26:55.373176950Z,172
1671607615573556454,2022-12-21T07:26:55.573556454Z,172
1671607615773684952,2022-12-21T07:26:55.773684952Z,172
1671607615973411237,2022-12-21T07:26:55.973411237Z,172
1671607616173868831,2022-12-21T07:26:56.173868831Z,172
1671607616373963548,2022-12-21T07:26:56.373963548Z,172
1671607616573942686,2022-12-21T07:26:56.573942686Z,172
1671607616775281596,2022-12-21T07:26:56.775281596Z,172
1671607616973319150,2022-12-21T07:26:56.973319150Z,172
1671607617173284690,2022-12-21T07:26:57.173284690Z,173
1671607617373121817,2022-12-21T07:26:57.373121817Z,172
1671607617573181822,2022-12-21T07:26:57.573181822Z,172
1671607617774108927,2022-12-21T07:26:57.774108927Z,172
1671607617973936036,2022-12-21T07:26:57.973936036Z,172
1671607618173451207,2022-12-21T07:26:58.173451207Z,172
1671607618373433056,2022-12-21T07:26:58.373433056Z,173
1671607618573933999,2022-12-21T07:26:58.573933999Z,173
1671607618774133811,2022-12-21T07:26:58.774133811Z,173
1671607618973657539,2022-12-21T07:26:58.973657539Z,172
1671607619173959535,2022-12-21T07:26:59.173959535Z,172
1671607619374021807,2022-12-21T07:26:59.374021807Z,172
1671607619573429520,2022-12-21T07:26:59.573429520Z,173
1671607619773855205,2022-12-21T07:26:59.773855205Z,172
1671607619974014833,2022-12-21T07:26:59.974014833Z,173
1671607620173675218,2022-12-21T07:27:00.173675218Z,172
1671607620373558191,2022-12-21T07:27:00.373558191Z,172
1671607620573490105,2022-12-21T07:27:00.573490105Z,172
1671607620773931438,2022-12-21T07:27:00.773931438Z,172
1671607620973617929,2022-12-21T07:27:00.973617929Z,172
1671607621174197982,2022-12-21T07:27:01.174197982Z,172
1671607621373333585,2022-12-21T07:27:01.373333585Z,172
1671607621574165849,2022-12-21T07:27:01.574165849Z,173
1671607621773683715,2022-12-21T07:27:01.773683715Z,173
1671607621973986484,2022-12-21T07:27:01.973986484Z,173
1671607622174114806,2022-12-21T07:27:02.174114806Z,173
1671607622374211659,2022-12-21T07:27:02.374211659Z,173
1671607622574012688,2022-12-21T07:27:02.574012688Z,173
1671607622773940383,2022-12-21T07:27:02.773940383Z,173
1671607622973471820,2022-12-21T07:27:02.973471820Z,174
1671607623173899450,2022-12-21T07:27:03.173899450Z,173
1671607623373809532,2022-12-21T07:27:03.373809532Z,173
1671607623573576024,2022-12-21T07:27:03.573576024Z,172
1671607623773795919,2022-12-21T07:27:03.773795919Z,173
1671607623973963074,2022-12-21T07:27:03.973963074Z,173
1671607624173856741,2022-12-21T07:27:04.173856741Z,173
1671607624373430120,2022-12-21T07:27:04.373430120Z,173
1671607624573913405,2022-12-21T07:27:04.573913405Z,173
1671607624773996434,2022-12-21T07:27:04.773996434Z,174
1671607624974175581,2022-12-21T07:27:04.974175581Z,174
1671607625173700421,2022-12-21T07:27:05.173700421Z,174
1671607625374161604,2022-12-21T07:27:05.374161604Z,174
1671607625573997465,2022-12-21T07:27:05.573997465Z,174
1671607625773435998,2022-12-21T07:27:05.773435998Z,174
1671607625973602073,2022-12-21T07:27:05.973602073Z,173
1671607626173829959,2022-12-21T07:27:06.173829959Z,174
1671607626373182488,2022-12-21T07:27:06.373182488Z,174
1671607626573558495,2022-12-21T07:27:06.573558495Z,174
1671607626774406350,2022-12-21T07:27:06.774406350Z,174
1671607626973225542,2022-12-21T07:27:06.973225542Z,173
1671607627173338581,2022-12-21T07:27:07.173338581Z,173
1671607627373933337,2022-12-21T07:27:07.373933337Z,173
1671607627573708256,2022-12-21T07:27:07.573708256Z,173
1671607627773546415,2022-12-21T07:27:07.773546415Z,173
1671607627974153071,2022-12-21T07:27:07.974153071Z,173
1671607628173672491,2022-12-21T07:27:08.173672491Z,173
1671607628373933428,2022-12-21T07:27:08.373933428Z,172
1671607628573934876,2022-12-21T07:27:08.573934876Z,173
1671607628773602143,2022-12-21T07:27:08.773602143Z,173
1671607628973414468,2022-12-21T07:27:08.973414468Z,173
1671607629173717406,2022-12-21T07:27:09.173717406Z,173
1671607629374151679,2022-12-21T07:27:09.374151679Z,173
1671607629573492125,2022-12-21T07:27:09.573492125Z,173
1671607629773829425,2022-12-21T07:27:09.773829425Z,173
1671607629973522326,2022-12-21T07:27:09.973522326Z,173
1671607630174147835,2022-12-21T07:27:10.174147835Z,173
1671607630372796522,2022-12-21T07:27:10.372796522Z,173
1671607630573794284,2022-12-21T07:27:10.573794284Z,173
1671607630772694460,2022-12-21T07:27:10.772694460Z,173
1671607630973884025,2022-12-21T07:27:10.973884025Z,173
1671607631173872665,2022-12-21T07:27:11.173872665Z,173
1671607631373058186,2022-12-21T07:27:11.373058186Z,173
1671607631573705590,2022-12-21T07:27:11.573705590Z,173
1671607631772959906,2022-12-21T07:27:11.772959906Z,173
1671607631973049500,2022-12-21T07:27:11.973049500Z,173
1671607632173255961,2022-12-21T07:27:12.173255961Z,173
1671607632373054065,2022-12-21T07:27:12.373054065Z,173
1671607632572707723,2022-12-21T07:27:12.572707723Z,173
1671607632773161972,2022-12-21T07:27:12.773161972Z,173
1671607632972978684,2022-12-21T07:27:12.972978684Z,173
1671607633172665702,2022-12-21T07:27:13.172665702Z,173
1671607633373081080,2022-12-21T07:27:13.373081080Z,173
1671607633572706719,2022-12-21T07:27:13.572706719Z,173
1671607633772557376,2022-12-21T07:27:13.772557376Z,174
1671607633972501685,2022-12-21T07:27:13.972501685Z,173
1671607634173296746,2022-12-21T07:27:14.173296746Z,173
1671607634373108475,2022-12-21T07:27:14.373108475Z,173
1671607634573470385,2022-12-21T07:27:14.573470385Z,173
1671607634772572658,2022-12-21T07:27:14.772572658Z,173
1671607634972340352,2022-12-21T07:27:14.972340352Z,173
1671607635172604069,2022-12-21T07:27:15.172604069Z,173
1671607635372629435,2022-12-21T07:27:15.372629435Z,173
1671607635572683737,2022-12-21T07:27:15.572683737Z,173
1671607635773062243,2022-12-21T07:27:15.773062243Z,173
1671607635973271843,2022-12-21T07:27:15.973271843Z,173
1671607636172489139,2022-12-21T07:27:16.172489139Z,173
1671607636372655162,2022-12-21T07:27:16.372655162Z,173
1671607636572465145,2022-12-21T07:27:16.572465145Z,173
1671607636773306181,2022-12-21T07:27:16.773306181Z,173
1671607636972887482,2022-12-21T07:27:16.972887482Z,173
1671607637173577200,2022-12-21T07:27:17.173577200Z,174
1671607637372948847,2022-12-21T07:27:17.372948847Z,174
1671607637572981021,2022-12-21T07:27:17.572981021Z,173
1671607637772391463,2022-12-21T07:27:17.772391463Z,173
1671607637973390306,2022-12-21T07:27:17.973390306Z,173
1671607638172965911,2022-12-21T07:27:18.172965911Z,173
1671607638372424659,2022-12-21T07:27:18.372424659Z,174
1671607638573229097,2022-12-21T07:27:18.573229097Z,174
1671607638772607385,2022-12-21T07:27:18.772607385Z,174
1671607638972527355,2022-12-21T07:27:18.972527355Z,173
1671607639172915753,2022-12-21T07:27:19.172915753Z,173
1671607639373202112,2022-12-21T07:27:19.373202112Z,173
1671607639572447451,2022-12-21T07:27:19.572447451Z,173
1671607639772585916,2022-12-21T07:27:19.772585916Z,173
1671607639972727618,2022-12-21T07:27:19.972727618Z,174
1671607640173184230,2022-12-21T07:27:20.173184230Z,174
1671607640372730390,2022-12-21T07:27:20.372730390Z,174
1671607640572921693,2022-12-21T07:27:20.572921693Z,175
1671607640772789793,2022-12-21T07:27:20.772789793Z,176
1671607640972644506,2022-12-21T07:27:20.972644506Z,175
1671607641172557417,2022-12-21T07:27:21.172557417Z,175
1671607641373105563,2022-12-21T07:27:21.373105563Z,173
1671607641572538679,2022-12-21T07:27:21.572538679Z,172
1671607641772366976,2022-12-21T07:27:21.772366976Z,172
1671607641973465731,2022-12-21T07:27:21.973465731Z,173
1671607642172862677,2022-12-21T07:27:22.172862677Z,174
1671607642372644424,2022-12-21T07:27:22.372644424Z,176
1671607642573407718,2022-12-21T07:27:22.573407718Z,178
1671607642772681116,2022-12-21T07:27:22.772681116Z,182
1671607642972446838,2022-12-21T07:27:22.972446838Z,189
1671607643172830641,2022-12-21T07:27:23.172830641Z,196
1671607643372548163,2022-12-21T07:27:23.372548163Z,204
1671607643573106169,2022-12-21T07:27:23.573106169Z,212
1671607643773261599,2022-12-21T07:27:23.773261599Z,221
1671607643972440753,2022-12-21T07:27:23.972440753Z,228
1671607644173099894,2022-12-21T07:27:24.173099894Z,236
1671607644372784370,2022-12-21T07:27:24.372784370Z,243
1671607644573154456,2022-12-21T07:27:24.573154456Z,250
1671607644773087589,2022-12-21T07:27:24.773087589Z,258
1671607644972623280,2022-12-21T07:27:24.972623280Z,266
1671607645172941083,2022-12-21T07:27:25.172941083Z,274
1671607645372477415,2022-12-21T07:27:25.372477415Z,282
1671607645573133679,2022-12-21T07:27:25.573133679Z,290
1671607645773064656,2022-12-21T07:27:25.773064656Z,296
1671607645973351012,2022-12-21T07:27:25.973351012Z,302
1671607646172671073,2022-12-21T07:27:26.172671073Z,307
1671607646373049767,2022-12-21T07:27:26.373049767Z,311
1671607646572859456,2022-12-21T07:27:26.572859456Z,313
1671607646772462632,2022-12-21T07:27:26.772462632Z,315
1671607646972989769,2022-12-21T07:27:26.972989769Z,317
1671607647172506167,2022-12-21T07:27:27.172506167Z,317
1671607647372941180,2022-12-21T07:27:27.372941180Z,317
1671607647572926002,2022-12-21T07:27:27.572926002Z,316
1671607647773360181,2022-12-21T07:27:27.773360181Z,316
1671607647972762670,2022-12-21T07:27:27.972762670Z,316
1671607648172893051,2022-12-21T07:27:28.172893051Z,315
1671607648372485544,2022-12-21T07:27:28.372485544Z,314
1671607648572403136,2022-12-21T07:27:28.572403136Z,314
1671607648774008388,2022-12-21T07:27:28.774008388Z,314
1671607648973112462,2022-12-21T07:27:28.973112462Z,314
1671607649173520719,2022-12-21T07:27:29.173520719Z,314
1671607649372683116,2022-12-21T07:27:29.372683116Z,314
1671607649573476793,2022-12-21T07:27:29.573476793Z,314
1671607649772916473,2022-12-21T07:27:29.772916473Z,314
1671607649973240651,2022-12-21T07:27:29.973240651Z,314
1671607650173367024,2022-12-21T07:27:30.173367024Z,314
1671607650372584799,2022-12-21T07:27:30.372584799Z,314
1671607650572844574,2022-12-21T07:27:30.572844574Z,314
1671607650772696075,2022-12-21T07:27:30.772696075Z,314
1671607650972724227,2022-12-21T07:27:30.972724227Z,313
1671607651173304156,2022-12-21T07:27:31.173304156Z,313
1671607651372936009,2022-12-21T07:27:31.372936009Z,313
1671607651573257427,2022-12-21T07:27:31.573257427Z,313
1671607651772358008,2022-12-21T07:27:31.772358008Z,313
1671607651972901406,2022-12-21T07:27:31.972901406Z,313
1671607652172381424,2022-12-21T07:27:32.172381424Z,313
1671607652373157286,2022-12-21T07:27:32.373157286Z,313
1671607652573149758,2022-12-21T07:27:32.573149758Z,313
1671607652772870707,2022-12-21T07:27:32.772870707Z,312
1671607652972382643,2022-12-21T07:27:32.972382643Z,312
1671607653172931686,2022-12-21T07:27:33.172931686Z,313
1671607653373224403,2022-12-21T07:27:33.373224403Z,313
1671607653572536959,2022-12-21T07:27:33.572536959Z,313
1671607653772667354,2022-12-21T07:27:33.772667354Z,313
1671607653973118920,2022-12-21T07:27:33.973118920Z,313
1671607654172519998,2022-12-21T07:27:34.172519998Z,313
1671607654372635566,2022-12-21T07:27:34.372635566Z,313
1671607654573333921,2022-12-21T07:27:34.573333921Z,313
1671607654773061285,2022-12-21T07:27:34.773061285Z,313
1671607654972709409,2022-12-21T07:27:34.972709409Z,313
1671607655173203465,2022-12-21T07:27:35.173203465Z,313
1671607655372895852,2022-12-21T07:27:35.372895852Z,313
1671607655572525612,2022-12-21T07:27:35.572525612Z,313
1671607655773300558,2022-12-21T07:27:35.773300558Z,313
1671607655973320874,2022-12-21T07:27:35.973320874Z,313
1671607656172718024,2022-12-21T07:27:36.172718024Z,313
1671607656373371507,2022-12-21T07:27:36.373371507Z,313
1671607656572827585,2022-12-21T07:27:36.572827585Z,313
1671607656772834031,2022-12-21T07:27:36.772834031Z,313
1671607656973135582,2022-12-21T07:27:36.973135582Z,313
1671607657172891577,2022-12-21T07:27:37.172891577Z,313
1671607657371528748,2022-12-21T07:27:37.371528748Z,313
1671607657573030508,2022-12-21T07:27:37.573030508Z,313
1671607657772633126,2022-12-21T07:27:37.772633126Z,313
1671607657973280123,2022-12-21T07:27:37.973280123Z,313
1671607658172542429,2022-12-21T07:27:38.172542429Z,313
1671607658372618615,2022-12-21T07:27:38.372618615Z,313
1671607658571479994,2022-12-21T07:27:38.571479994Z,313
1671607658773435384,2022-12-21T07:27:38.773435384Z,313
1671607658971785088,2022-12-21T07:27:38.971785088Z,313
1671607659172185165,2022-12-21T07:27:39.172185165Z,313
1671607659372094888,2022-12-21T07:27:39.372094888Z,313
1671607659572085939,2022-12-21T07:27:39.572085939Z,313
1671607659771681397,2022-12-21T07:27:39.771681397Z,313
1671607659972277596,2022-12-21T07:27:39.972277596Z,313
1671607660171663341,2022-12-21T07:27:40.171663341Z,313
1671607660371739198,2022-12-21T07:27:40.371739198Z,313
1671607660571985468,2022-12-21T07:27:40.571985468Z,313
1671607660772265570,2022-12-21T07:27:40.772265570Z,313
1671607660971654150,2022-12-21T07:27:40.971654150Z,313
1671607661172549873,2022-12-21T07:27:41.172549873Z,313
1671607661372488671,2022-12-21T07:27:41.372488671Z,313
1671607661571827954,2022-12-21T07:27:41.571827954Z,313
1671607661771492488,2022-12-21T07:27:41.771492488Z,313
1671607661972388591,2022-12-21T07:27:41.972388591Z,313
1671607662171924462,2022-12-21T07:27:42.171924462Z,313
1671607662371699903,2022-12-21T07:27:42.371699903Z,313
1671607662572375255,2022-12-21T07:27:42.572375255Z,313
1671607662771939410,2022-12-21T07:27:42.771939410Z,313
1671607662972485003,2022-12-21T07:27:42.972485003Z,313
1671607663171763195,2022-12-21T07:27:43.171763195Z,313
1671607663372099949,2022-12-21T07:27:43.372099949Z,313
1671607663571833442,2022-12-21T07:27:43.571833442Z,313
1671607663772671580,2022-12-21T07:27:43.772671580Z,313
1671607663971854875,2022-12-21T07:27:43.971854875Z,313
1671607664171700298,2022-12-21T07:27:44.171700298Z,313
1671607664371526229,2022-12-21T07:27:44.371526229Z,313
1671607664571959044,2022-12-21T07:27:44.571959044Z,313
1671607664772351509,2022-12-21T07:27:44.772351509Z,313
1671607664971975160,2022-12-21T07:27:44.971975160Z,313
1671607665171506497,2022-12-21T07:27:45.171506497Z,313
1671607665372086353,2022-12-21T07:27:45.372086353Z,313
1671607665571688982,2022-12-21T07:27:45.571688982Z,313
1671607665772335599,2022-12-21T07:27:45.772335599Z,313
1671607665971810600,2022-12-21T07:27:45.971810600Z,313
1671607666171710223,2022-12-21T07:27:46.171710223Z,313
1671607666372217179,2022-12-21T07:27:46.372217179Z,313
1671607666571951701,2022-12-21T07:27:46.571951701Z,313
1671607666772525514,2022-12-21T07:27:46.772525514Z,312
1671607666972115427,2022-12-21T07:27:46.972115427Z,312
1671607667171634335,2022-12-21T07:27:47.171634335Z,312
1671607667372556104,2022-12-21T07:27:47.372556104Z,312
1671607667571926440,2022-12-21T07:27:47.571926440Z,312
1671607667771623939,2022-12-21T07:27:47.771623939Z,312
1671607667972169902,2022-12-21T07:27:47.972169902Z,312
1671607668172132578,2022-12-21T07:27:48.172132578Z,312
1671607668372349900,2022-12-21T07:27:48.372349900Z,313
1671607668571817457,2022-12-21T07:27:48.571817457Z,313
1671607668772462228,2022-12-21T07:27:48.772462228Z,313
1671607668971889711,2022-12-21T07:27:48.971889711Z,313
1671607669172272124,2022-12-21T07:27:49.172272124Z,314
1671607669371427011,2022-12-21T07:27:49.371427011Z,315
1671607669571589659,2022-12-21T07:27:49.571589659Z,315
1671607669771895552,2022-12-21T07:27:49.771895552Z,314
1671607669972045707,2022-12-21T07:27:49.972045707Z,313
1671607670171943658,2022-12-21T07:27:50.171943658Z,315
1671607670372252478,2022-12-21T07:27:50.372252478Z,302
1671607670571531903,2022-12-21T07:27:50.571531903Z,286
1671607670771663077,2022-12-21T07:27:50.771663077Z,269
1671607670972314111,2022-12-21T07:27:50.972314111Z,251
1671607671171535873,2022-12-21T07:27:51.171535873Z,236
1671607671371944984,2022-12-21T07:27:51.371944984Z,223
1671607671571994341,2022-12-21T07:27:51.571994341Z,213
1671607671772484604,2022-12-21T07:27:51.772484604Z,205
1671607671971653242,2022-12-21T07:27:51.971653242Z,198
1671607672171544597,2022-12-21T07:27:52.171544597Z,192
1671607672371490263,2022-12-21T07:27:52.371490263Z,188
1671607672571714858,2022-12-21T07:27:52.571714858Z,185
1671607672771541086,2022-12-21T07:27:52.771541086Z,183
1671607672971996740,2022-12-21T07:27:52.971996740Z,182
1671607673171793380,2022-12-21T07:27:53.171793380Z,181
1671607673371741147,2022-12-21T07:27:53.371741147Z,181
1671607673571739714,2022-12-21T07:27:53.571739714Z,181
1671607673772040806,2022-12-21T07:27:53.772040806Z,181
1671607673971602253,2022-12-21T07:27:53.971602253Z,181
1671607674172365423,2022-12-21T07:27:54.172365423Z,181
1671607674372543977,2022-12-21T07:27:54.372543977Z,181
1671607674571856160,2022-12-21T07:27:54.571856160Z,181
1671607674772998560,2022-12-21T07:27:54.772998560Z,181
1671607674971988136,2022-12-21T07:27:54.971988136Z,181
1671607675171631022,2022-12-21T07:27:55.171631022Z,181
1671607675371806363,2022-12-21T07:27:55.371806363Z,181
1671607675571953879,2022-12-21T07:27:55.571953879Z,181
1671607675771632259,2022-12-21T07:27:55.771632259Z,181
1671607675971890730,2022-12-21T07:27:55.971890730Z,181
1671607676171553014,2022-12-21T07:27:56.171553014Z,181
1671607676371773303,2022-12-21T07:27:56.371773303Z,181
1671607676572593875,2022-12-21T07:27:56.572593875Z,181
1671607676771979004,2022-12-21T07:27:56.771979004Z,181
1671607676971997727,2022-12-21T07:27:56.971997727Z,181
1671607677172229403,2022-12-21T07:27:57.172229403Z,181
1671607677372199394,2022-12-21T07:27:57.372199394Z,181
1671607677571567678,2022-12-21T07:27:57.571567678Z,181
1671607677772358095,2022-12-21T07:27:57.772358095Z,181
1671607677971424963,2022-12-21T07:27:57.971424963Z,181
1671607678171552747,2022-12-21T07:27:58.171552747Z,181
1671607678372337864,2022-12-21T07:27:58.372337864Z,180
1671607678572537273,2022-12-21T07:27:58.572537273Z,176
1671607678771689581,2022-12-21T07:27:58.771689581Z,169
1671607678972171044,2022-12-21T07:27:58.972171044Z,159
1671607679171722050,2022-12-21T07:27:59.171722050Z,148
1671607679372298325,2022-12-21T07:27:59.372298325Z,136
1671607679572108452,2022-12-21T07:27:59.572108452Z,124
1671607679772119961,2022-12-21T07:27:59.772119961Z,113
1671607679971513976,2022-12-21T07:27:59.971513976Z,101
1671607680172475465,2022-12-21T07:28:00.172475465Z,89
1671607680371847460,2022-12-21T07:28:00.371847460Z,80
1671607680571467287,2022-12-21T07:28:00.571467287Z,76
1671607680772195018,2022-12-21T07:28:00.772195018Z,76
1671607680972559604,2022-12-21T07:28:00.972559604Z,76
1671607681172312279,2022-12-21T07:28:01.172312279Z,76
1671607681372428807,2022-12-21T07:28:01.372428807Z,77
1671607681572561522,2022-12-21T07:28:01.572561522Z,77
1671607681771776065,2022-12-21T07:28:01.771776065Z,77
1671607681971541836,2022-12-21T07:28:01.971541836Z,76
1671607682171560479,2022-12-21T07:28:02.171560479Z,77
1671607682372219834,2022-12-21T07:28:02.372219834Z,77
1671607682572287164,2022-12-21T07:28:02.572287164Z,77
1671607682772216797,2022-12-21T07:28:02.772216797Z,77
1671607682971962303,2022-12-21T07:28:02.971962303Z,76
1671607683171688565,2022-12-21T07:28:03.171688565Z,76
1671607683371885419,2022-12-21T07:28:03.371885419Z,76
1671607683572209606,2022-12-21T07:28:03.572209606Z,76
1671607683771884841,2022-12-21T07:28:03.771884841Z,76
1671607683972162148,2022-12-21T07:28:03.972162148Z,76
1671607684172095299,2022-12-21T07:28:04.172095299Z,76
1671607684371737252,2022-12-21T07:28:04.371737252Z,76
1671607684572352110,2022-12-21T07:28:04.572352110Z,76
1671607684771176127,2022-12-21T07:28:04.771176127Z,76
1671607684970928747,2022-12-21T07:28:04.970928747Z,76
1671607685170601149,2022-12-21T07:28:05.170601149Z,76
1671607685370645551,2022-12-21T07:28:05.370645551Z,76
1671607685571247559,2022-12-21T07:28:05.571247559Z,77
1671607685770690501,2022-12-21T07:28:05.770690501Z,77
1671607685971234435,2022-12-21T07:28:05.971234435Z,76
1671607686170949293,2022-12-21T07:28:06.170949293Z,76
1671607686371748787,2022-12-21T07:28:06.371748787Z,76
1671607686570777633,2022-12-21T07:28:06.570777633Z,76
1671607686771583283,2022-12-21T07:28:06.771583283Z,76
1671607686970760260,2022-12-21T07:28:06.970760260Z,76
1671607687171419090,2022-12-21T07:28:07.171419090Z,76
1671607687370821256,2022-12-21T07:28:07.370821256Z,76
1671607687570815318,2022-12-21T07:28:07.570815318Z,76
1671607687771525388,2022-12-21T07:28:07.771525388Z,76
1671607687971660299,2022-12-21T07:28:07.971660299Z,76
1671607688171379705,2022-12-21T07:28:08.171379705Z,76
1671607688370928994,2022-12-21T07:28:08.370928994Z,76
1671607688571183876,2022-12-21T07:28:08.571183876Z,77
1671607688771026941,2022-12-21T07:28:08.771026941Z,77
1671607688970784674,2022-12-21T07:28:08.970784674Z,77
1671607689171057209,2022-12-21T07:28:09.171057209Z,77
1671607689371336434,2022-12-21T07:28:09.371336434Z,77
1671607689571383982,2022-12-21T07:28:09.571383982Z,77
1671607689770757204,2022-12-21T07:28:09.770757204Z,77
1671607689971537008,2022-12-21T07:28:09.971537008Z,77
1671607690170871623,2022-12-21T07:28:10.170871623Z,76
1671607690370873403,2022-12-21T07:28:10.370873403Z,76
1671607690570655212,2022-12-21T07:28:10.570655212Z,76
1671607690771130270,2022-12-21T07:28:10.771130270Z,77
1671607690971429158,2022-12-21T07:28:10.971429158Z,77
1671607691171778369,2022-12-21T07:28:11.171778369Z,76
1671607691371317972,2022-12-21T07:28:11.371317972Z,76
1671607691570590243,2022-12-21T07:28:11.570590243Z,76
1671607691771807145,2022-12-21T07:28:11.771807145Z,76
1671607691971223627,2022-12-21T07:28:11.971223627Z,76
1671607692171409234,2022-12-21T07:28:12.171409234Z,76
1671607692371063881,2022-12-21T07:28:12.371063881Z,76
1671607692570728701,2022-12-21T07:28:12.570728701Z,76
1671607692772671172,2022-12-21T07:28:12.772671172Z,76
1671607692971530279,2022-12-21T07:28:12.971530279Z,76
1671607693171348093,2022-12-21T07:28:13.171348093Z,76
1671607693371088707,2022-12-21T07:28:13.371088707Z,76
1671607693570757033,2022-12-21T07:28:13.570757033Z,76
1671607693770679492,2022-12-21T07:28:13.770679492Z,76
1671607693971325584,2022-12-21T07:28:13.971325584Z,76
1671607694170626626,2022-12-21T07:28:14.170626626Z,77
1671607694371113461,2022-12-21T07:28:14.371113461Z,77
1671607694570964106,2022-12-21T07:28:14.570964106Z,77
1671607694771326111,2022-12-21T07:28:14.771326111Z,77
1671607694971050252,2022-12-21T07:28:14.971050252Z,76
1671607695170727245,2022-12-21T07:28:15.170727245Z,77
1671607695370907088,2022-12-21T07:28:15.370907088Z,77
1671607695571769947,2022-12-21T07:28:15.571769947Z,77
1671607695771523656,2022-12-21T07:28:15.771523656Z,77
1671607695971222848,2022-12-21T07:28:15.971222848Z,77
1671607696171610196,2022-12-21T07:28:16.171610196Z,77
1671607696370852152,2022-12-21T07:28:16.370852152Z,77
1671607696571255316,2022-12-21T07:28:16.571255316Z,77
1671607696771213079,2022-12-21T07:28:16.771213079Z,77
1671607696970856687,2022-12-21T07:28:16.970856687Z,76
1671607697170731017,2022-12-21T07:28:17.170731017Z,77
1671607697371171531,2022-12-21T07:28:17.371171531Z,77
1671607697571575615,2022-12-21T07:28:17.571575615Z,77
1671607697770776815,2022-12-21T07:28:17.770776815Z,77
1671607697970647301,2022-12-21T07:28:17.970647301Z,77
1671607698171007606,2022-12-21T07:28:18.171007606Z,77
1671607698370975870,2022-12-21T07:28:18.370975870Z,77
1671607698571261108,2022-12-21T07:28:18.571261108Z,77
1671607698771051232,2022-12-21T07:28:18.771051232Z,77
1671607698971611942,2022-12-21T07:28:18.971611942Z,77
1671607699171696778,2022-12-21T07:28:19.171696778Z,77
1671607699370549333,2022-12-21T07:28:19.370549333Z,77
1671607699570964123,2022-12-21T07:28:19.570964123Z,77
1671607699771239105,2022-12-21T07:28:19.771239105Z,77
1671607699970614986,2022-12-21T07:28:19.970614986Z,77
1671607700171073758,2022-12-21T07:28:20.171073758Z,77
1671607700371584577,2022-12-21T07:28:20.371584577Z,76
1671607700571493080,2022-12-21T07:28:20.571493080Z,76
1671607700771517581,2022-12-21T07:28:20.771517581Z,76
1671607700971607922,2022-12-21T07:28:20.971607922Z,76
1671607701171251959,2022-12-21T07:28:21.171251959Z,77
1671607701371317847,2022-12-21T07:28:21.371317847Z,77
1671607701571038238,2022-12-21T07:28:21.571038238Z,76
1671607701771033803,2022-12-21T07:28:21.771033803Z,76
1671607701971492530,2022-12-21T07:28:21.971492530Z,77
1671607702170799456,2022-12-21T07:28:22.170799456Z,76
1671607702370583478,2022-12-21T07:28:22.370583478Z,76
1671607702571215279,2022-12-21T07:28:22.571215279Z,76
1671607702771488144,2022-12-21T07:28:22.771488144Z,76
1671607702971766365,2022-12-21T07:28:22.971766365Z,76
1671607703171735161,2022-12-21T07:28:23.171735161Z,77
1671607703371247907,2022-12-21T07:28:23.371247907Z,77
1671607703570994214,2022-12-21T07:28:23.570994214Z,76
1671607703771656428,2022-12-21T07:28:23.771656428Z,76
1671607703971637682,2022-12-21T07:28:23.971637682Z,76
1671607704170775195,2022-12-21T07:28:24.170775195Z,76
1671607704371573989,2022-12-21T07:28:24.371573989Z,76
1671607704571421453,2022-12-21T07:28:24.571421453Z,77
1671607704771045104,2022-12-21T07:28:24.771045104Z,77
1671607704971390828,2022-12-21T07:28:24.971390828Z,76
1671607705170713975,2022-12-21T07:28:25.170713975Z,75
1671607705371720327,2022-12-21T07:28:25.371720327Z,76
1671607705571324493,2022-12-21T07:28:25.571324493Z,76
1671607705771699577,2022-12-21T07:28:25.771699577Z,76
1671607705971142580,2022-12-21T07:28:25.971142580Z,76
1671607706171444153,2022-12-21T07:28:26.171444153Z,76
1671607706371158594,2022-12-21T07:28:26.371158594Z,76
1671607706571204223,2022-12-21T07:28:26.571204223Z,75
1671607706772846172,2022-12-21T07:28:26.772846172Z,75
1671607706970875362,2022-12-21T07:28:26.970875362Z,75
1671607707171287919,2022-12-21T07:28:27.171287919Z,76
1671607707371739604,2022-12-21T07:28:27.371739604Z,75
1671607707570981415,2022-12-21T07:28:27.570981415Z,76
1671607707771637372,2022-12-21T07:28:27.771637372Z,76
1671607707971668610,2022-12-21T07:28:27.971668610Z,76
1671607708171299421,2022-12-21T07:28:28.171299421Z,76
1671607708371446412,2022-12-21T07:28:28.371446412Z,76
1671607708571774478,2022-12-21T07:28:28.571774478Z,75
1671607708771335038,2022-12-21T07:28:28.771335038Z,75
1671607708971334715,2022-12-21T07:28:28.971334715Z,75
1671607709170826784,2022-12-21T07:28:29.170826784Z,76
1671607709371325574,2022-12-21T07:28:29.371325574Z,76
1671607709571070894,2022-12-21T07:28:29.571070894Z,76
1671607709771402027,2022-12-21T07:28:29.771402027Z,77
1671607709971049184,2022-12-21T07:28:29.971049184Z,77
1671607710171439510,2022-12-21T07:28:30.171439510Z,77
1671607710371706929,2022-12-21T07:28:30.371706929Z,77
1671607710571226215,2022-12-21T07:28:30.571226215Z,77
1671607710770575199,2022-12-21T07:28:30.770575199Z,77
1671607710971470591,2022-12-21T07:28:30.971470591Z,77
1671607711171615072,2022-12-21T07:28:31.171615072Z,77
1671607711371650876,2022-12-21T07:28:31.371650876Z,77
1671607711570168622,2022-12-21T07:28:31.570168622Z,77
1671607711770242569,2022-12-21T07:28:31.770242569Z,77
1671607711970685146,2022-12-21T07:28:31.970685146Z,77
1671607712170804777,2022-12-21T07:28:32.170804777Z,77
1671607712371077227,2022-12-21T07:28:32.371077227Z,77
1671607712570259335,2022-12-21T07:28:32.570259335Z,76
1671607712770490503,2022-12-21T07:28:32.770490503Z,76
1671607712970322383,2022-12-21T07:28:32.970322383Z,76
1671607713170140116,2022-12-21T07:28:33.170140116Z,76
1671607713370328582,2022-12-21T07:28:33.370328582Z,76
1671607713570564318,2022-12-21T07:28:33.570564318Z,77
1671607713769853126,2022-12-21T07:28:33.769853126Z,77
1671607713970208803,2022-12-21T07:28:33.970208803Z,77
1671607714170092690,2022-12-21T07:28:34.170092690Z,76
1671607714369878883,2022-12-21T07:28:34.369878883Z,77
1671607714570021568,2022-12-21T07:28:34.570021568Z,77
1671607714770284864,2022-12-21T07:28:34.770284864Z,76
1671607714970361323,2022-12-21T07:28:34.970361323Z,76
1671607715170746554,2022-12-21T07:28:35.170746554Z,76
1671607715369794857,2022-12-21T07:28:35.369794857Z,76
1671607715570301254,2022-12-21T07:28:35.570301254Z,77
1671607715770849936,2022-12-21T07:28:35.770849936Z,77
1671607715970806864,2022-12-21T07:28:35.970806864Z,77
1671607716170067144,2022-12-21T07:28:36.170067144Z,77
1671607716370055071,2022-12-21T07:28:36.370055071Z,77
1671607716569840217,2022-12-21T07:28:36.569840217Z,77
1671607716769975720,2022-12-21T07:28:36.769975720Z,77
1671607716970576652,2022-12-21T07:28:36.970576652Z,77
1671607717170401950,2022-12-21T07:28:37.170401950Z,76
1671607717370124483,2022-12-21T07:28:37.370124483Z,76
1671607717570273690,2022-12-21T07:28:37.570273690Z,76
1671607717770521003,2022-12-21T07:28:37.770521003Z,76
1671607717969899498,2022-12-21T07:28:37.969899498Z,76
1671607718170572700,2022-12-21T07:28:38.170572700Z,76
1671607718370549807,2022-12-21T07:28:38.370549807Z,76
1671607718569911930,2022-12-21T07:28:38.569911930Z,76
1671607718770801127,2022-12-21T07:28:38.770801127Z,76
1671607718970174258,2022-12-21T07:28:38.970174258Z,76
1671607719170485312,2022-12-21T07:28:39.170485312Z,75
1671607719370840288,2022-12-21T07:28:39.370840288Z,75
1671607719569867357,2022-12-21T07:28:39.569867357Z,75
1671607719770397683,2022-12-21T07:28:39.770397683Z,75
1671607719969967833,2022-12-21T07:28:39.969967833Z,77
1671607720170717334,2022-12-21T07:28:40.170717334Z,77
1671607720370670181,2022-12-21T07:28:40.370670181Z,78
1671607720571032378,2022-12-21T07:28:40.571032378Z,78
1671607720770548749,2022-12-21T07:28:40.770548749Z,76
1671607720969961718,2022-12-21T07:28:40.969961718Z,76
1671607721170443960,2022-12-21T07:28:41.170443960Z,76
1671607721369934290,2022-12-21T07:28:41.369934290Z,76
1671607721570288579,2022-12-21T07:28:41.570288579Z,76
1671607721770505588,2022-12-21T07:28:41.770505588Z,77
1671607721970448235,2022-12-21T07:28:41.970448235Z,76
1671607722170195933,2022-12-21T07:28:42.170195933Z,77
1671607722370663489,2022-12-21T07:28:42.370663489Z,76
1671607722569949283,2022-12-21T07:28:42.569949283Z,76
1671607722770621044,2022-12-21T07:28:42.770621044Z,76
1671607722970362027,2022-12-21T07:28:42.970362027Z,76
1671607723169806564,2022-12-21T07:28:43.169806564Z,76
1671607723370246218,2022-12-21T07:28:43.370246218Z,76
1671607723570349908,2022-12-21T07:28:43.570349908Z,76
1671607723770552884,2022-12-21T07:28:43.770552884Z,76
1671607723970330459,2022-12-21T07:28:43.970330459Z,76
1671607724170237117,2022-12-21T07:28:44.170237117Z,76
1671607724369823682,2022-12-21T07:28:44.369823682Z,76
1671607724570127907,2022-12-21T07:28:44.570127907Z,76
1671607724770302201,2022-12-21T07:28:44.770302201Z,76
1671607724970807064,2022-12-21T07:28:44.970807064Z,76
1671607725170614198,2022-12-21T07:28:45.170614198Z,76
1671607725370786885,2022-12-21T07:28:45.370786885Z,76
1671607725570268601,2022-12-21T07:28:45.570268601Z,76
1671607725769769930,2022-12-21T07:28:45.769769930Z,76
1671607725970212421,2022-12-21T07:28:45.970212421Z,76
1671607726170366099,2022-12-21T07:28:46.170366099Z,76
1671607726369839961,2022-12-21T07:28:46.369839961Z,77
1671607726569699461,2022-12-21T07:28:46.569699461Z,77
1671607726770806465,2022-12-21T07:28:46.770806465Z,77
1671607726969940824,2022-12-21T07:28:46.969940824Z,77
1671607727170763138,2022-12-21T07:28:47.170763138Z,76
1671607727369782486,2022-12-21T07:28:47.369782486Z,77
1671607727570532787,2022-12-21T07:28:47.570532787Z,77
1671607727769831800,2022-12-21T07:28:47.769831800Z,77
1671607727970723931,2022-12-21T07:28:47.970723931Z,77
1671607728170009073,2022-12-21T07:28:48.170009073Z,77
1671607728370222077,2022-12-21T07:28:48.370222077Z,77
1671607728570126133,2022-12-21T07:28:48.570126133Z,77
1671607728769958336,2022-12-21T07:28:48.769958336Z,77
1671607728970920647,2022-12-21T07:28:48.970920647Z,77
1671607729170742264,2022-12-21T07:28:49.170742264Z,77
1671607729369973377,2022-12-21T07:28:49.369973377Z,77
1671607729570243125,2022-12-21T07:28:49.570243125Z,77
1671607729769949159,2022-12-21T07:28:49.769949159Z,77
1671607729970085658,2022-12-21T07:28:49.970085658Z,77
1671607730169922836,2022-12-21T07:28:50.169922836Z,77
1671607730370521096,2022-12-21T07:28:50.370521096Z,77
1671607730570846708,2022-12-21T07:28:50.570846708Z,77
