# time_s	timestamp_ns	roll	pitch	yaw
0.104941	1787824723293108224	0.0002348338	0.0015063728	0.0862650322
0.197150	1787824723386108160	-0.0022625682	-0.0021076076	0.0871061597
0.290280	1787824723479108096	0.0003244249	0.0009223278	0.0893198952
0.398355	1787824723587108096	0.0010589610	-0.0002309723	0.0890813322
0.506335	1787824723695108096	-0.0007292905	-0.0003017200	0.0879110009
0.599357	1787824723788108032	-0.0006201800	-0.0001913787	0.0871575250
0.707964	1787824723896108032	0.0004518803	0.0011101180	0.0846249680
0.803490	1787824723992108032	-0.0001515907	-0.0008007660	0.0822260291
0.891868	1787824724079108352	0.0005196875	-0.0012769372	0.0872170299
1.010254	1787824724199108096	0.0006332141	-0.0015980088	0.0907862854
1.113041	1787824724301108224	0.0007641692	0.0001990534	0.0822552449
1.198116	1787824724385108224	-0.0010632191	-0.0005994644	0.0853132979
1.310749	1787824724499108352	0.0017431823	-0.0002386743	0.0869265250
1.392695	1787824724580108288	0.0012526785	0.0007466050	0.0824217174
1.503868	1787824724691108352	0.0000627680	0.0006265144	0.0796234406
1.613899	1787824724802108160	0.0000572863	0.0006365956	0.0854691716
1.702606	1787824724892108288	0.0023930675	-0.0005210297	0.0874558387
1.807507	1787824724997108224	-0.0007802959	-0.0007551056	0.0873576664
1.901116	1787824725090108160	-0.0005357134	-0.0006923317	0.0839171472
1.986287	1787824725174108160	0.0002258920	0.0009789828	0.0901458433
2.095254	1787824725282108416	0.0007766847	-0.0001241040	0.0921207785
2.201133	1787824725390108160	-0.0003761897	-0.0013513994	0.0864704732
2.293519	1787824725483108352	-0.0014087564	0.0009740917	0.0892219173
2.409613	1787824725597108224	0.0003628388	-0.0005407888	0.0834318595
2.498983	1787824725687108352	0.0003314584	-0.0001180472	0.0894800060
2.600673	1787824725789108224	-0.0005064547	-0.0002159180	0.0909301293
2.709515	1787824725897108224	-0.0002260450	0.0008390275	0.0828402910
2.793841	1787824725981108224	0.0015720965	0.0011608606	0.0823957098
2.902313	1787824726089108224	0.0006930340	0.0013227492	0.0862875167
2.989107	1787824726176108032	-0.0001128366	0.0002509525	0.0877133235
3.092607	1787824726281108224	-0.0000503866	0.0004051265	0.0909588885
3.211070	1787824726398108160	0.0010969414	0.0001642726	0.0805098727
3.298407	1787824726485108224	0.0011362624	0.0004753220	0.0902397242
3.402369	1787824726590108160	0.0018988049	-0.0000169690	0.0836239782
3.492287	1787824726680108288	-0.0010790180	-0.0008949865	0.0911486850
3.607582	1787824726797108224	-0.0014071618	0.0023872318	0.0869620731
3.708193	1787824726896108032	-0.0005165514	0.0002506539	0.0884769009
3.801805	1787824726989108224	-0.0002797382	-0.0002373500	0.0845271925
3.908663	1787824727097108224	0.0005304516	0.0003889293	0.0888344774
4.004553	1787824727193108224	-0.0005052075	-0.0007143095	0.0839458609
4.111542	1787824727301108224	0.0002745522	-0.0006319880	0.0837528831
4.205366	1787824727394108416	0.0006914501	0.0007723930	0.0853162772
4.310603	1787824727499108352	-0.0005958813	-0.0000496520	0.0869727799
4.401740	1787824727589108224	0.0006762004	0.0008489325	0.0929843383
4.508905	1787824727697108224	0.0001829730	0.0015860087	0.0857162284
4.604579	1787824727793108224	0.0000359006	0.0001789046	0.0901497486
4.698956	1787824727886108160	0.0007979944	0.0012843911	0.0932938770
4.800178	1787824727988108032	-0.0000965987	0.0018864120	0.0892339280
4.902053	1787824728090108160	0.0012355308	-0.0012268611	0.0875283923
5.001293	1787824728189108224	-0.0003337469	-0.0008595082	0.0887014060
5.096973	1787824728285107968	0.0006749246	0.0001590779	0.0870437528
5.189362	1787824728378108160	-0.0001385543	0.0001149796	0.0883766599
5.299905	1787824728489108224	0.0002506070	0.0009362668	0.0863552326
5.409402	1787824728597108224	0.0002976045	0.0004960384	0.0899864167
5.498368	1787824728687108352	-0.0006348378	0.0007000239	0.0892979235
5.605371	1787824728792108288	0.0007921943	-0.0006677470	0.0788290566
5.704374	1787824728891108352	-0.0005169841	0.0008260184	0.0890433416
5.795269	1787824728984108288	-0.0020994112	-0.0006374561	0.0825210519
5.889030	1787824729077108224	-0.0006129322	0.0003109896	0.0920387705
6.001017	1787824729188108288	0.0004054170	-0.0002556634	0.0866914548
6.103927	1787824729293108224	0.0000352218	-0.0002624055	0.0842901326
6.205317	1787824729392108288	-0.0008204719	-0.0003672593	0.0872893456
6.294636	1787824729482108160	0.0002439528	-0.0006402911	0.0915260789
6.403267	1787824729590108160	-0.0005313484	-0.0005370935	0.0895406917
6.496438	1787824729683108096	0.0000666897	-0.0007789582	0.0842953356
6.606937	1787824729794108160	-0.0007360262	0.0007635644	0.0883108964
6.697375	1787824729884108288	-0.0001220533	0.0003714184	0.0924662708
6.798261	1787824729986108416	-0.0004184423	0.0003352808	0.0923027764
6.899999	1787824730088108288	-0.0007082565	0.0009252077	0.0894682098
6.997901	1787824730187108352	-0.0002188425	0.0021921870	0.0865208431
7.097534	1787824730286108160	0.0015638006	0.0008535465	0.0859767452
7.196257	1787824730385108224	-0.0000113015	0.0013767904	0.0863829716
7.301587	1787824730490108160	-0.0016702820	0.0008818175	0.0859091448
7.409061	1787824730598108416	0.0004509821	0.0003867695	0.0866723052
7.502209	1787824730691108352	0.0006233322	0.0005717193	0.0778666344
7.602284	1787824730790108160	0.0017781411	-0.0013111168	0.0900599447
7.700332	1787824730889108224	0.0003257967	0.0001024594	0.0938730301
7.802820	1787824730991108096	0.0001605415	-0.0004764929	0.0793396526
7.919112	1787824731108108288	-0.0001267463	-0.0009720620	0.0838244566
8.005405	1787824731192108032	-0.0017083573	0.0002274702	0.0840409496
8.092321	1787824731279108352	0.0000107698	0.0000796277	0.0872816789
8.195802	1787824731384108288	0.0006233011	0.0008750212	0.0907135473
8.302473	1787824731489108224	-0.0012329090	0.0003687211	0.0947512576
8.405506	1787824731594108160	0.0009652040	-0.0007057775	0.0844336190
8.493003	1787824731681108224	-0.0007608605	0.0009490189	0.0900639940
8.607415	1787824731795108352	-0.0000479760	-0.0008478708	0.0882570641
8.705001	1787824731894108416	-0.0007363837	0.0003082048	0.0837984785
8.805673	1787824731993108224	0.0015169720	0.0005596711	0.0929078960
8.900987	1787824732089108224	-0.0003303789	0.0002446102	0.0788524013
9.005587	1787824732194108160	-0.0003704028	0.0010556096	0.0918580044
9.090982	1787824732278108160	0.0009077269	-0.0004606503	0.0881085508
9.199086	1787824732386108160	-0.0007318690	-0.0001407220	0.0855904310
9.302557	1787824732491108096	-0.0009950620	-0.0005921915	0.0827739029
9.391546	1787824732581107968	-0.0011155582	0.0014425914	0.0923356644
9.503461	1787824732692108032	-0.0008209358	-0.0004291453	0.0872994462
9.608002	1787824732797108224	0.0015824626	0.0003100958	0.0884520932
9.708014	1787824732896108032	-0.0003941379	0.0003050316	0.0861669115
9.796219	1787824732983108352	0.0009090120	-0.0014583572	0.0911729925
9.903606	1787824733091108352	-0.0003252626	-0.0010775435	0.0896154510
10.008099	1787824733196108032	-0.0005495505	0.0014146212	0.0882043379
10.112291	1787824733301108224	-0.0016795635	0.0003527631	0.0876572129
10.195738	1787824733385108224	-0.0002567123	-0.0003275237	0.0879824875
10.307786	1787824733496108288	-0.0000312224	-0.0009715837	0.0897486189
10.394439	1787824733583108096	-0.0005168799	-0.0019291661	0.0872451010
10.498708	1787824733688108288	-0.0001578808	-0.0002008113	0.0862623311
10.594638	1787824733784108288	0.0001678931	-0.0017271044	0.0929448605
10.696416	1787824733883108096	0.0004566857	-0.0015203524	0.0880657040
10.794139	1787824733982108160	0.0001357135	0.0004152022	0.0879087831
10.890406	1787824734078108416	0.0005153883	-0.0002038745	0.0807604018
10.999769	1787824734189108224	0.0023344326	0.0005196758	0.0833491701
11.107156	1787824734294108160	0.0015140686	0.0001640191	0.0904924123
11.203462	1787824734390108160	0.0020281695	-0.0009099084	0.0823830047
11.300229	1787824734489108224	-0.0002984375	-0.0015995373	0.0853733464
11.395993	1787824734585108224	-0.0005334433	-0.0002474337	0.0863520475
11.494334	1787824734681108224	0.0004092461	0.0002010166	0.0842733523
11.598705	1787824734786108160	-0.0007936754	0.0003922486	0.0946635091
11.693473	1787824734882108160	0.0015860569	-0.0001975552	0.0832532674
11.801122	1787824734990108160	0.0015474739	0.0007368015	0.0900737415
11.894231	1787824735083108096	-0.0007010990	0.0009650774	0.0859033982
11.997422	1787824735185108224	-0.0009897636	0.0003633572	0.0886018495
12.103881	1787824735293108224	-0.0005648615	0.0003363410	0.0892312350
12.202455	1787824735389108224	0.0007467502	0.0000878266	0.0888258439
12.289885	1787824735479108096	-0.0001596840	0.0007957883	0.0853827070
12.391173	1787824735578108416	-0.0001011012	0.0008672969	0.0854435833
12.499261	1787824735686108160	0.0017387413	0.0013202237	0.0891452646
12.603103	1787824735791108096	0.0000634720	-0.0002063696	0.0916498607
12.704453	1787824735893108224	0.0006448201	0.0003303339	0.0943124009
12.798015	1787824735986108416	-0.0006126132	0.0011815917	0.0865018256
12.902643	1787824736091108352	-0.0008469885	0.0005116855	0.0875402092
13.001284	1787824736190108416	0.0004133264	-0.0008916759	0.0861234240
13.098615	1787824736286108160	-0.0013590890	-0.0014910153	0.0921454284
13.204882	1787824736394108416	0.0004919548	-0.0001408390	0.0888911349
13.293307	1787824736481108224	0.0008761131	-0.0012442165	0.0930184190
13.402633	1787824736592108288	0.0018243396	-0.0003504527	0.0886554477
13.499270	1787824736688108288	-0.0005644251	-0.0010703127	0.0813546251
13.604906	1787824736793108224	-0.0001130951	0.0006153250	0.0932550705
13.699567	1787824736889108224	-0.0004809084	0.0004594171	0.0920916483
13.800214	1787824736988108032	-0.0007812967	0.0004479742	0.0870751039
13.903573	1787824737093108224	-0.0022202169	0.0016086595	0.0876274961
13.996718	1787824737186108160	-0.0001724519	0.0004669850	0.0882943741
14.098683	1787824737288108032	0.0000725689	0.0020941040	0.0887809622
14.211171	1787824737399108096	0.0005268644	-0.0004166578	0.0860104554
14.300219	1787824737489108224	0.0002343315	-0.0007180931	0.0872697861
14.399509	1787824737588108288	-0.0004283774	-0.0001057839	0.0859716849
14.506683	1787824737696108032	-0.0003774231	-0.0014220558	0.0854462509
14.595177	1787824737783108352	0.0009333673	0.0004226267	0.0858732406
14.705347	1787824737894108416	-0.0004079823	0.0005439179	0.0871454186
14.796778	1787824737984108288	-0.0001754691	0.0001567427	0.0899858383
14.896056	1787824738083108096	0.0006307896	-0.0005655330	0.0815034044
14.993882	1787824738182108160	0.0000782994	-0.0002919019	0.0892755516
15.092346	1787824738281108224	-0.0007688453	-0.0001824826	0.0856345117
15.197286	1787824738386108160	-0.0006342692	-0.0000387584	0.0859440524
15.290564	1787824738479108096	-0.0006511959	-0.0007002358	0.0903755341
15.398359	1787824738587108096	-0.0007880228	-0.0000873008	0.0865285547
15.487669	1787824738677108224	0.0004566434	-0.0004069965	0.0883889684
15.596727	1787824738785107968	-0.0003899602	0.0000165365	0.0863438330
15.701188	1787824738890108160	-0.0015242006	-0.0005487490	0.0770669709
15.800958	1787824738989108224	-0.0009102915	-0.0006350220	0.0854808338
15.895400	1787824739082108160	0.0007536454	0.0004803862	0.0856355341
16.000631	1787824739190108416	0.0002994037	0.0001477502	0.0836180363
16.098933	1787824739286108160	0.0001005848	0.0001334736	0.0878698846
16.196666	1787824739385108224	-0.0001564365	0.0012966726	0.0866625533
16.307633	1787824739496108288	-0.0000722262	-0.0001411295	0.0868675507
16.397974	1787824739586108160	0.0003319044	0.0000765332	0.0864542725
16.491999	1787824739679108096	-0.0003729219	-0.0000773588	0.0846218997
16.599934	1787824739787108096	-0.0014091856	-0.0011480152	0.0838844450
16.695880	1787824739883108096	-0.0012570260	-0.0004329594	0.0871705446
16.805993	1787824739994108160	0.0004510502	0.0004855127	0.0878373632
16.911844	1787824740099108096	0.0004576535	0.0006826912	0.0867560624
16.989798	1787824740177108224	0.0000082788	0.0006404127	0.0825236527
17.100656	1787824740288108032	-0.0014504609	-0.0000793844	0.0813543818
17.198628	1787824740387108096	-0.0002159927	-0.0008720860	0.0892619501
17.312553	1787824740501108224	-0.0001060527	0.0003674280	0.0890479104
17.398713	1787824740588108288	0.0007349305	0.0010070706	0.0908717140
17.497982	1787824740687108352	0.0007000202	0.0009501470	0.0879131263
17.598536	1787824740786108160	-0.0007075762	0.0006284322	0.0891798399
17.696587	1787824740885108224	-0.0007318966	-0.0005807442	0.0824317298
17.800049	1787824740987108352	-0.0003787449	-0.0005493361	0.0865160491
17.908244	1787824741095108352	0.0002495246	0.0014014644	0.0878767469
18.007641	1787824741197108224	0.0002069866	0.0002768874	0.0828953259
18.092979	1787824741281108224	-0.0003916982	0.0008603105	0.0789075233
18.199806	1787824741389108224	0.0018549503	-0.0011726474	0.0897837038
18.285131	1787824741473108224	0.0010658505	-0.0001380350	0.0888283246
18.398617	1787824741587108096	0.0011821151	0.0006929478	0.0858522489
18.508797	1787824741698108160	0.0011779724	0.0005956114	0.0835542428
18.598796	1787824741788108032	-0.0009152360	0.0009378453	0.0911553498
18.699594	1787824741887108096	-0.0014055821	0.0003332384	0.0864823715
18.797985	1787824741986108416	0.0021217701	0.0006142903	0.0929834831
18.901442	1787824742088108288	0.0001225098	0.0004642140	0.0849351402
19.001453	1787824742190108416	0.0013801654	0.0003980030	0.0851040497
19.104522	1787824742292108288	0.0006374635	0.0002793268	0.0900861020
19.194121	1787824742382108160	-0.0001074585	-0.0003678987	0.0891579558
19.287914	1787824742475108096	0.0010706308	-0.0004710224	0.0970147249
19.392493	1787824742580108288	0.0000860895	-0.0004011463	0.0823149085
19.507677	1787824742697108224	-0.0016311178	0.0012448973	0.0894126030
19.595399	1787824742784108288	0.0003426240	-0.0005225502	0.0916937448
19.693903	1787824742883108096	0.0009016960	-0.0011594313	0.0823674113
19.792391	1787824742979108096	0.0005149478	0.0014000432	0.0865929202
19.898089	1787824743087108096	0.0002888383	-0.0009963525	0.0844739496
19.998196	1787824743186108160	-0.0017690915	0.0003260279	0.0870422839
20.087392	1787824743276108288	0.0007627301	-0.0012376354	0.0836414958
20.209434	1787824743396108032	0.0000076552	-0.0005337291	0.0860800270
20.299506	1787824743489108224	-0.0016989218	-0.0008377413	0.0888942120
20.397186	1787824743585108224	-0.0010742536	-0.0004105501	0.0883042127
20.502224	1787824743690108416	-0.0006628418	0.0012772524	0.0909818264
20.601547	1787824743789108224	-0.0002575070	0.0001119220	0.0855252047
20.690316	1787824743879108096	0.0001221001	-0.0003602425	0.0798762736
20.805148	1787824743993108224	0.0005423287	-0.0007630331	0.0898255607
20.893723	1787824744083108096	0.0001135282	-0.0010204058	0.0875420543
20.999702	1787824744188108288	-0.0004927378	0.0005055216	0.0904188047
21.094096	1787824744281108224	-0.0002695917	-0.0016163278	0.0872083624
21.201814	1787824744389108224	-0.0006165242	-0.0004295605	0.0894304296
21.300306	1787824744488108032	-0.0010718440	-0.0001372297	0.0886731867
21.396463	1787824744584108032	0.0003947999	0.0006510670	0.0882571149
21.512288	1787824744701108224	-0.0015884893	-0.0006472709	0.0842810471
21.598799	1787824744788108032	-0.0021437428	-0.0001621537	0.0903036492
21.701166	1787824744890108160	0.0014578069	0.0008425758	0.0852640658
21.807045	1787824744995108096	-0.0006661331	-0.0001289464	0.0872495576
21.901313	1787824745088108288	-0.0000779652	0.0010106188	0.0862709452
21.998419	1787824745187108352	0.0004340142	0.0002910388	0.0829627150
22.099835	1787824745289108224	0.0003295563	-0.0001615871	0.0887577567
22.187102	1787824745376108288	0.0005808753	0.0002126758	0.0852236098
22.296491	1787824745484108288	-0.0000194134	-0.0015039571	0.0864193935
22.402921	1787824745592108288	0.0001931981	-0.0006251639	0.0909787207
22.502227	1787824745691108352	0.0004418778	0.0020440710	0.0906917654
22.605316	1787824745793108224	-0.0000587951	-0.0003165064	0.0949425416
22.721726	1787824745910108160	-0.0003308472	-0.0002579867	0.0893163313
22.801843	1787824745991108096	0.0013401195	-0.0007354694	0.0882178293
22.894882	1787824746084108032	-0.0001023876	0.0007422263	0.0866966105
23.003491	1787824746192108032	0.0001456055	-0.0016130750	0.0844540351
23.107219	1787824746294108160	-0.0003798254	-0.0008987427	0.0837053489
23.197789	1787824746387108096	0.0001269550	-0.0013833252	0.0891367683
23.306794	1787824746495108096	0.0006011103	-0.0007594147	0.0831608946
23.409780	1787824746597108224	-0.0003312917	0.0015799365	0.0859868871
23.496034	1787824746684108288	-0.0006517172	-0.0008217964	0.0910277244
23.605790	1787824746795108352	0.0001490756	-0.0010478284	0.0899815084
23.698326	1787824746885108224	0.0009090050	0.0003951172	0.0795166083
23.808685	1787824746996108288	0.0002122843	-0.0003604467	0.0875983231
23.894827	1787824747083108096	-0.0011062707	0.0003820816	0.0917208453
23.999249	1787824747188108288	-0.0004634612	0.0010951343	0.0832704804
24.102646	1787824747290108160	0.0002505781	-0.0012422861	0.0873805217
24.201916	1787824747389108224	0.0008143703	0.0003591476	0.0908755226
24.292125	1787824747479108096	0.0007088148	-0.0008609126	0.0908599255
24.400729	1787824747590108160	-0.0009865512	-0.0008620943	0.0900005392
24.501401	1787824747689108224	-0.0008093018	0.0017003910	0.0796893381
24.596411	1787824747785107968	-0.0011780833	0.0006446349	0.0837368810
24.695691	1787824747884108288	0.0012549270	-0.0011000919	0.0859695060
24.788885	1787824747977108224	0.0000694534	-0.0007709454	0.0870553736
24.891779	1787824748079108352	0.0011607138	-0.0013508887	0.0858513514
25.004074	1787824748193108224	-0.0000453927	0.0007429882	0.0877390894
25.098567	1787824748286108160	-0.0003985557	-0.0010493458	0.0819858215
25.199888	1787824748388108288	0.0015594498	0.0003532055	0.0906685532
25.293372	1787824748481108224	-0.0007634736	0.0003434321	0.0900945901
25.395851	1787824748583108096	-0.0001085986	-0.0015306497	0.0867283453
25.502574	1787824748691108352	-0.0008808782	0.0002431457	0.0845506938
25.584111	1787824748772108288	0.0008162896	-0.0007710411	0.0879983237
25.699754	1787824748889108224	-0.0004184218	-0.0008590894	0.0846997671
25.793101	1787824748982108160	-0.0007401082	0.0002221044	0.0894223728
25.900052	1787824749087108096	-0.0002075090	0.0004486319	0.0850842696
26.004049	1787824749192108032	-0.0011624346	0.0000982084	0.0879652198
26.091339	1787824749279108352	0.0007903295	0.0000659855	0.0865418485
26.196551	1787824749384108288	-0.0008375804	0.0006337206	0.0814895075
26.302469	1787824749489108224	0.0007165506	-0.0007618963	0.0897082155
26.408363	1787824749597108224	0.0016037339	-0.0022260447	0.0871900113
26.509207	1787824749696108032	0.0013285902	-0.0000637081	0.0944506290
26.606158	1787824749795108352	-0.0005011360	0.0004838221	0.0862024273
26.701244	1787824749888108288	-0.0000411501	-0.0011848331	0.0863102763
26.803032	1787824749990108160	-0.0008135959	0.0003623295	0.0871145434
26.904724	1787824750092108288	-0.0000756346	-0.0002155433	0.0919965395
26.993008	1787824750182108160	0.0008639581	0.0000379541	0.0835368863
27.094727	1787824750284108288	0.0008903930	0.0012179448	0.0829988498
27.212258	1787824750401108224	0.0009607986	-0.0017592485	0.0891481880
27.310820	1787824750500108288	-0.0016339301	-0.0001691818	0.0846200131
27.389744	1787824750578108416	0.0000145530	-0.0001011306	0.0881671299
27.492754	1787824750680108288	0.0009055981	0.0001221071	0.0860854422
27.599363	1787824750788108032	0.0007346733	0.0005704849	0.0862967221
27.705601	1787824750893108224	0.0004793458	0.0004846029	0.0873304797
27.790221	1787824750977108224	-0.0015579154	0.0010279879	0.0909823981
27.904087	1787824751091108352	0.0003404127	-0.0005691485	0.0863412699
28.001937	1787824751190108416	-0.0005317462	0.0003589890	0.0836639403
28.102131	1787824751289108224	-0.0003566588	-0.0006827493	0.0902340867
28.203626	1787824751391108352	-0.0002982231	-0.0001815508	0.0867558303
28.296641	1787824751484108288	0.0016125356	0.0011926601	0.0924655361
28.408858	1787824751598108416	-0.0006820972	0.0006627176	0.0813995922
28.504218	1787824751691108352	0.0019668494	0.0002624937	0.0922242422
28.597404	1787824751784108288	0.0013209865	-0.0001024088	0.0872121675
28.693713	1787824751883108096	0.0008478847	-0.0004282617	0.0841162573
28.806263	1787824751994108160	0.0009214844	0.0006620503	0.0831299054
28.894566	1787824752084108032	-0.0000818213	0.0013404265	0.0885634386
28.999990	1787824752189108224	0.0010863695	-0.0001962582	0.0862236978
29.115978	1787824752303108096	0.0004547420	0.0017791077	0.0863666644
29.194420	1787824752381108224	0.0004041175	0.0003238657	0.0969579495
29.301194	1787824752489108224	-0.0007836480	-0.0010844021	0.0819208958
29.401482	1787824752588108288	0.0006658969	-0.0001021929	0.0868075805
29.503656	1787824752693108224	0.0003793292	-0.0012074234	0.0875309284
29.603957	1787824752792108288	0.0002408823	0.0008182424	0.0856769078
29.697978	1787824752885108224	-0.0003814142	-0.0011667792	0.0812070617
29.795752	1787824752984108288	-0.0000919319	0.0000907431	0.0836778812
29.900528	1787824753089108224	-0.0002776172	-0.0002128512	0.0882672402
30.006975	1787824753194108160	-0.0005854575	0.0005460695	0.0809352269
30.090804	1787824753278108160	0.0007886536	-0.0005495614	0.0907520285
30.200241	1787824753389108224	-0.0000413768	0.0011043937	0.0888946399
30.300926	1787824753488108032	-0.0009066275	-0.0000477770	0.0769920092
30.400977	1787824753590108160	0.0011423967	-0.0004763670	0.0892256140
30.500569	1787824753689108224	0.0012504571	-0.0002452625	0.0869885641
30.601030	1787824753788108032	-0.0007904774	-0.0014324975	0.0841766151
30.702802	1787824753890108160	-0.0009261430	-0.0024357696	0.0808769961
30.799365	1787824753986108416	0.0002601832	0.0010163758	0.0917331268
30.885435	1787824754073108224	0.0008848004	0.0009451698	0.0871481304
30.999866	1787824754187108352	0.0001898043	-0.0004218994	0.0805162958
31.100570	1787824754289108224	-0.0000872879	-0.0004288286	0.0855504174
31.209026	1787824754397108224	0.0004510499	0.0000103824	0.0890560943
31.302792	1787824754490108160	0.0015086880	-0.0001321954	0.0908810618
31.394751	1787824754583108096	0.0003602617	-0.0002110714	0.0873654673
31.503266	1787824754691108352	0.0010266840	-0.0000839200	0.0901190389
31.608970	1787824754796108288	0.0009011806	-0.0000892710	0.0891339820
31.688023	1787824754877108224	0.0007868960	0.0009055358	0.0854437416
31.802374	1787824754991108096	-0.0001880879	-0.0003847394	0.0863339282
31.897381	1787824755084108032	-0.0011008115	0.0005843568	0.0842940556
31.992981	1787824755180108288	0.0005580819	0.0008324306	0.0896489056
32.103143	1787824755291108096	0.0023857698	0.0014262125	0.0855561985
32.203628	1787824755393108224	0.0007227452	-0.0008531987	0.0877993020
32.312249	1787824755501108224	-0.0003227402	0.0009566563	0.0865894130
32.406432	1787824755594108160	-0.0005136563	0.0009288038	0.0901181220
32.504834	1787824755693108224	0.0012042815	-0.0002224211	0.0803529535
32.596757	1787824755786108160	-0.0009138721	0.0012979949	0.0814830898
32.701350	1787824755888108288	-0.0010123075	0.0007410784	0.0892729883
32.810330	1787824755999108352	0.0012575514	-0.0015409344	0.0873454374
32.892161	1787824756080108288	0.0013653519	-0.0003146314	0.0873418083
33.004794	1787824756194108160	-0.0002869688	-0.0005867015	0.0881060742
33.100650	1787824756290108160	-0.0000031377	0.0002148650	0.0898283983
33.192083	1787824756380108032	0.0011009973	0.0014182017	0.0876285498
33.293788	1787824756482108160	0.0002379963	0.0002791739	0.0876714368
33.399463	1787824756587108096	-0.0004161437	0.0001312093	0.0865042335
33.489312	1787824756677108224	-0.0010704977	-0.0013483539	0.0899919932
33.602873	1787824756791108096	0.0001864752	0.0009989422	0.0903256758
33.693217	1787824756881108224	0.0000013048	-0.0018528941	0.0897225668
33.804427	1787824756992108032	0.0009194449	0.0005892526	0.0953908010
33.904188	1787824757091108352	-0.0008921778	0.0008685243	0.0837607176
33.995872	1787824757184108288	0.0015670118	-0.0000336611	0.0886424034
34.096398	1787824757283108352	-0.0010013337	-0.0001823811	0.0898109430
34.194146	1787824757382108160	-0.0002107183	0.0009001898	0.0864626693
34.301687	1787824757490108160	0.0001398335	0.0002292695	0.0833901410
34.397958	1787824757586108160	-0.0020999620	-0.0009903887	0.0946249565
34.489368	1787824757676108032	0.0000312341	0.0004269123	0.0879322400
34.598821	1787824757787108096	-0.0012583985	-0.0003436016	0.0898697132
34.701705	1787824757889108224	0.0000550006	-0.0008056164	0.0885113061
34.798449	1787824757985108224	-0.0010934769	-0.0007328768	0.0844893931
34.904803	1787824758093108224	-0.0005998563	-0.0008601095	0.0848863037
35.005973	1787824758195108096	-0.0009763925	-0.0008238672	0.0876311425
35.102210	1787824758291108096	-0.0000850112	0.0003489434	0.0819979647
35.203436	1787824758390108160	-0.0011303734	0.0003693423	0.0876046449
35.296236	1787824758483108352	0.0003092037	-0.0008541361	0.0936768237
35.408320	1787824758597108224	0.0005728916	-0.0004094272	0.0887012687
35.499519	1787824758687108352	-0.0003489853	-0.0001049721	0.0807148436
35.593808	1787824758783108352	-0.0014382749	-0.0019600203	0.0838873403
35.700049	1787824758888108288	-0.0000288006	-0.0005388515	0.0827342839
35.803053	1787824758990108160	0.0005319584	0.0000417546	0.0858847071
35.908666	1787824759098108416	-0.0009591926	0.0001262404	0.0923747102
36.010826	1787824759200108288	0.0012204632	0.0005674457	0.0859759480
36.100867	1787824759290108160	-0.0002464586	-0.0005689728	0.0914212129
36.201897	1787824759389108224	-0.0006887887	0.0007483801	0.0874632455
36.304756	1787824759494108160	0.0006298623	0.0005749311	0.0826864755
36.399877	1787824759587108096	0.0004507029	0.0005151337	0.0854459711
36.493572	1787824759683108096	0.0007342182	0.0007934465	0.0900933068
36.580882	1787824759770108160	0.0013422644	-0.0000004268	0.0916968308
36.701919	1787824759890108160	0.0002378708	0.0005792989	0.0852751773
36.798716	1787824759986108416	-0.0013923937	0.0000386736	0.0933216873
36.897278	1787824760085108224	-0.0017675561	0.0005093519	0.0843175063
37.007207	1787824760196108032	0.0003970135	-0.0005610647	0.0877328394
37.108531	1787824760298108160	0.0017191376	0.0005504630	0.0898536632
37.206641	1787824760394108416	0.0004533294	-0.0003870457	0.0864315565
37.304651	1787824760493108224	-0.0004742743	0.0013033320	0.0904309199
37.384952	1787824760574108160	-0.0000101571	-0.0005847760	0.0919938412
37.509526	1787824760697108224	0.0009614753	-0.0009290359	0.0875203008
37.593769	1787824760781108224	-0.0008654192	-0.0009608703	0.0818036215
37.707296	1787824760895108096	-0.0012512384	0.0003505139	0.0881405259
37.800737	1787824760988108032	-0.0011361887	0.0011090749	0.0856265188
37.901941	1787824761090108160	-0.0012186972	-0.0003064153	0.0849880363
37.998711	1787824761186108160	-0.0010380993	0.0004774116	0.0937569236
38.105883	1787824761294108160	-0.0000284202	-0.0003543480	0.0892375101
38.195156	1787824761384108288	0.0001983809	0.0008356970	0.0904937743
38.303989	1787824761492108032	-0.0002796040	0.0004207580	0.0905553698
38.400492	1787824761588108288	0.0007965037	-0.0001089074	0.0873335945
38.486946	1787824761675108096	0.0014045058	-0.0001063638	0.0922092768
38.593848	1787824761783108352	0.0008501640	0.0001341597	0.0936599918
38.705352	1787824761894108416	-0.0009077819	-0.0008346687	0.0894428669
38.801152	1787824761990108160	0.0014861178	-0.0000877473	0.0878473825
38.903771	1787824762092108288	-0.0008926255	-0.0011064450	0.0837847439
39.004436	1787824762191108352	-0.0001072396	0.0007909236	0.0867965274
39.091834	1787824762281108224	-0.0002779750	0.0006498620	0.0844036230
39.207229	1787824762395108096	0.0012356686	0.0007200423	0.0859759783
39.288623	1787824762476108288	-0.0000827476	-0.0021391456	0.0857955587
39.401443	1787824762590108160	-0.0005423930	0.0002372182	0.0820027042
39.498900	1787824762686108160	0.0000661135	0.0000165477	0.0906710285
39.600195	1787824762788108032	0.0010940499	0.0013993797	0.0912315965
39.708774	1787824762896108032	0.0001138186	0.0016168744	0.0866008516
39.797482	1787824762986108416	0.0000127329	0.0000069423	0.0846437096
39.891181	1787824763079108352	-0.0002369139	0.0004114293	0.0883680185
39.989153	1787824763178108160	-0.0000792473	-0.0006970693	0.0856102651
40.106631	1787824763295108352	-0.0007400489	-0.0008787795	0.0842436559
40.202328	1787824763391108352	-0.0002914607	-0.0007287935	0.0890492131
40.289691	1787824763478108160	-0.0002805756	0.0003403281	0.0864433842
40.394510	1787824763583108096	0.0004266194	-0.0015111125	0.0866974835
40.498003	1787824763685108224	-0.0010195728	0.0001973317	0.0840536386
40.592617	1787824763781108224	0.0001289574	-0.0001464352	0.0830144502
40.711858	1787824763901108224	0.0006121683	-0.0010786196	0.0838177926
40.802588	1787824763991108096	-0.0011804168	0.0007259862	0.0835348117
40.898267	1787824764087108096	0.0001764252	0.0000054638	0.0768128475
41.009268	1787824764198108160	-0.0008462007	-0.0000877704	0.0870128346
41.095892	1787824764285107968	-0.0004462084	0.0005278222	0.0902179502
41.191511	1787824764381108224	-0.0006895459	-0.0004160027	0.0911315168
41.304064	1787824764492108032	0.0011502697	0.0000451720	0.0895325280
41.395963	1787824764585108224	0.0007785571	0.0003442704	0.0818169604
41.490284	1787824764678108160	0.0010588696	0.0003178705	0.0913100971
41.602050	1787824764789108224	-0.0023512120	-0.0005219985	0.0874046395
41.699376	1787824764888108288	-0.0007496005	0.0025618934	0.0844853402
41.792438	1787824764981108224	0.0007283343	-0.0006548151	0.0840563416
41.898377	1787824765086108160	0.0006035512	0.0008294376	0.0806516510
42.004941	1787824765194108160	0.0005850347	0.0013826578	0.0887037439
42.105464	1787824765293108224	-0.0011038985	0.0008590791	0.0810014918
42.202645	1787824765392108288	-0.0020194886	-0.0006507876	0.0831297940
42.289214	1787824765476108288	0.0001455041	-0.0001289243	0.0861851011
42.395889	1787824765584108032	-0.0001023043	0.0016321301	0.0863014928
42.494063	1787824765683108096	-0.0009304161	-0.0011914651	0.0842167571
42.598274	1787824765785107968	-0.0009103279	0.0002998066	0.0889578400
42.710717	1787824765899108096	-0.0010075634	-0.0001756589	0.0908178177
42.802117	1787824765989108224	0.0011246647	-0.0002717056	0.0927336939
42.909720	1787824766097108224	0.0011864749	0.0014061651	0.0873606173
43.008224	1787824766196108032	-0.0006418216	0.0008588371	0.0826273861
43.081930	1787824766271108096	-0.0010185379	0.0003100858	0.0898901475
43.199497	1787824766388108288	0.0004812485	0.0000170490	0.0899929498
43.301725	1787824766490108160	0.0019508442	0.0003201388	0.0783792223
43.408537	1787824766598108416	0.0002297133	-0.0008191665	0.0917857787
43.502989	1787824766691108352	0.0010841245	-0.0002261116	0.0867307542
43.604129	1787824766793108224	-0.0004595634	0.0007031998	0.0895034413
43.693070	1787824766880108032	0.0011320152	-0.0002875567	0.0921897945
43.806463	1787824766994108160	0.0008249555	-0.0000001691	0.0848304899
43.904073	1787824767093108224	0.0000635350	-0.0004290583	0.0863783523
43.997203	1787824767186108160	0.0024071976	0.0006272574	0.0900994208
44.097205	1787824767285107968	-0.0023682898	0.0008663361	0.0852222394
44.202017	1787824767390108160	0.0017263388	0.0006382809	0.0856963516
44.296455	1787824767483108352	-0.0020350584	0.0003302226	0.0851716794
44.402629	1787824767591108352	0.0003780555	-0.0008979280	0.0917981374
44.510896	1787824767699108096	0.0004941095	-0.0012841302	0.0927421148
44.599171	1787824767786108160	-0.0005571035	0.0010400214	0.0887345206
44.701043	1787824767888108288	-0.0008589136	0.0007854835	0.0938298166
44.800522	1787824767990108160	-0.0013540864	-0.0002775477	0.0812660820
44.898040	1787824768086108160	-0.0014324415	0.0001309719	0.0850136542
45.009011	1787824768197108224	0.0016613957	0.0002415794	0.0871748182
45.100144	1787824768287108096	-0.0009245372	-0.0003895514	0.0830942228
45.199182	1787824768386108160	-0.0003123769	-0.0010978353	0.0850058665
45.301700	1787824768491108096	0.0000119046	-0.0004101187	0.0846809884
45.398884	1787824768587108096	-0.0010768501	-0.0004801714	0.0896658470
45.503571	1787824768692108032	-0.0007388092	0.0000938232	0.0883915443
45.597714	1787824768785107968	-0.0015820016	-0.0016380267	0.0846203935
45.699690	1787824768887108096	0.0009981449	-0.0008310075	0.0807258505
45.803564	1787824768992108032	0.0017330019	0.0006136574	0.0851204355
45.900519	1787824769088108288	-0.0005368960	-0.0004218193	0.0861855713
45.995765	1787824769184108288	-0.0001251626	0.0019633504	0.0867157111
46.091728	1787824769280108288	-0.0008246848	-0.0002828342	0.0883756575
46.196062	1787824769385108224	0.0006964960	-0.0014071064	0.0836583543
46.301405	1787824769490108160	-0.0006622179	-0.0008216229	0.0885776966
46.403377	1787824769592108288	-0.0005823032	-0.0002115291	0.0839465119
46.504181	1787824769691108352	-0.0007584026	0.0000427814	0.0838235631
46.585572	1787824769775108096	0.0012355509	-0.0010366372	0.0896113608
46.696056	1787824769883108096	-0.0001475273	0.0012642683	0.0846378941
46.799090	1787824769988108032	0.0009135932	0.0002808132	0.0869419913
46.893067	1787824770081107968	0.0000495353	-0.0010268237	0.0907150518
46.993634	1787824770183108096	0.0005362969	0.0005181214	0.0893078140
47.096822	1787824770285107968	0.0004235631	-0.0006796588	0.0891073505
47.196314	1787824770384108288	0.0010758792	-0.0006353295	0.0724462427
47.287448	1787824770474108160	-0.0001885718	-0.0012687582	0.0879297738
47.397659	1787824770585108224	-0.0002188719	-0.0008337055	0.0858218845
47.502561	1787824770690108416	0.0014540271	-0.0000768236	0.0873056059
47.599793	1787824770789108224	-0.0002208801	-0.0005643896	0.0862602206
47.688111	1787824770876108288	0.0003101667	-0.0011058702	0.0880905519
47.812110	1787824770999108352	0.0008655036	0.0009545320	0.0879164485
47.891193	1787824771080108288	-0.0001021404	-0.0013993111	0.0829436016
48.000564	1787824771188108288	0.0010547765	0.0006638554	0.0875376180
48.099654	1787824771287108096	0.0006679727	-0.0005716566	0.0852787212
48.207107	1787824771395108096	-0.0006425159	-0.0017437265	0.0881616012
48.302552	1787824771491108096	-0.0018717625	0.0005111576	0.0867418253
48.402098	1787824771590108160	-0.0005525930	0.0008110106	0.0901622787
48.485974	1787824771674108160	0.0006239081	-0.0010004739	0.0896303493
48.593750	1787824771782108416	0.0003504062	0.0005749637	0.0876658976
48.697109	1787824771884108288	0.0006626487	-0.0014118675	0.0914556234
48.794794	1787824771983108352	-0.0005045235	-0.0007225499	0.0841717921
48.900827	1787824772088108288	0.0004144173	-0.0010542914	0.0901789560
49.002793	1787824772190108416	-0.0007122336	-0.0006529665	0.0867372102
49.102714	1787824772292108288	0.0009802956	-0.0012558331	0.0878882510
49.195358	1787824772382108160	-0.0003190199	-0.0013165079	0.0842646738
49.305137	1787824772493108224	-0.0003973023	0.0001755041	0.0825306024
49.399930	1787824772589108224	0.0006940040	-0.0004956343	0.0902728475
49.492095	1787824772679108096	-0.0002846505	0.0002529560	0.0830024249
49.592015	1787824772781108224	0.0011216481	-0.0000673715	0.0889309733
49.697288	1787824772886108160	0.0003726544	-0.0008376576	0.0902220401
49.791894	1787824772979108096	0.0009375441	-0.0005835562	0.0910947923
49.902706	1787824773090108160	0.0002218217	0.0016645767	0.0862904575
50.010899	1787824773198108160	-0.0005688801	-0.0007917897	0.0803599481
50.099206	1787824773288108032	-0.0014660418	0.0001707963	0.0936397689
50.208211	1787824773396108032	-0.0010210947	0.0003409213	0.0892140138
50.295811	1787824773483108352	0.0020818712	0.0009854263	0.0856308736
50.402694	1787824773591108352	0.0007896977	0.0003334339	0.0851092533
50.507268	1787824773696108032	-0.0004675517	-0.0016243366	0.0893895749
50.593101	1787824773780108288	0.0019697242	-0.0003126774	0.0892193524
50.692954	1787824773882108160	-0.0004611928	-0.0018398605	0.0860466538
50.796537	1787824773984108288	0.0008365471	-0.0006608790	0.0831884138
50.904258	1787824774092108288	-0.0001377488	0.0006739272	0.0908624885
50.994152	1787824774182108160	-0.0014215504	-0.0003993755	0.0819289375
51.098576	1787824774287108096	-0.0010358178	-0.0009609822	0.0837285739
51.206397	1787824774395108096	-0.0007200646	-0.0003124592	0.0883338936
51.291760	1787824774479108096	-0.0012241678	-0.0003930140	0.0896238576
51.393393	1787824774581107968	-0.0008345206	-0.0018614307	0.0929251087
51.505097	1787824774692108032	-0.0009306845	-0.0011543570	0.0885829032
51.598947	1787824774788108032	-0.0001097468	0.0004283869	0.0889607212
51.698146	1787824774887108096	-0.0002159380	-0.0001713708	0.0859030563
51.808359	1787824774995108096	0.0006278138	0.0014864281	0.0888579041
51.911802	1787824775100108032	-0.0012254762	-0.0013081109	0.0812928437
51.996529	1787824775184108288	0.0007916401	-0.0010494257	0.0890668792
52.100734	1787824775289108224	0.0011532082	0.0016557185	0.0953797699
52.201750	1787824775391108352	-0.0001327185	-0.0004996968	0.0909501346
52.301003	1787824775490108160	0.0010954605	0.0021205334	0.0803001185
52.403234	1787824775592108288	-0.0007703542	-0.0005317283	0.0851718890
52.498249	1787824775685108224	0.0002962809	0.0007842998	0.0828100173
52.605593	1787824775793108224	-0.0002435047	0.0000492046	0.0850740115
52.706740	1787824775895108096	-0.0010239413	-0.0012664341	0.0866460598
52.787597	1787824775976108288	0.0004428445	-0.0003775830	0.0835998413
52.898072	1787824776087108096	0.0002025459	0.0004147073	0.0879272558
53.002412	1787824776189108224	0.0012249854	-0.0012953583	0.0907610009
53.107423	1787824776294108160	0.0003434912	0.0005887346	0.0826553027
53.196918	1787824776384108288	-0.0013091875	0.0000221822	0.0909171107
53.293682	1787824776483108352	-0.0004531569	0.0001362768	0.0863884465
53.395449	1787824776582108160	0.0001143750	-0.0008174389	0.0830384267
53.500926	1787824776690108416	-0.0027135825	-0.0003438833	0.0821920676
53.597381	1787824776786108160	0.0016490807	0.0010426866	0.0837474175
53.691487	1787824776879108096	0.0008029948	0.0009010008	0.0852403378
53.807541	1787824776996108288	-0.0001428304	0.0004156744	0.0863563182
53.903842	1787824777092108288	0.0009010248	-0.0006595062	0.0866458795
54.002883	1787824777191108352	-0.0008901829	-0.0009258304	0.0866440157
54.091201	1787824777278108160	-0.0008135616	0.0001975486	0.0926932716
54.205038	1787824777392108288	0.0001336522	-0.0003092148	0.0823247115
54.312057	1787824777500108288	0.0000338672	-0.0001972353	0.0943208322
54.390949	1787824777578108416	0.0005009009	-0.0005746975	0.0879464018
54.499684	1787824777689108224	-0.0001890857	0.0003610376	0.0863188057
54.595944	1787824777785107968	0.0007996562	-0.0009149623	0.0925289005
54.699007	1787824777887108096	0.0004203754	-0.0000412380	0.0861140571
54.808615	1787824777998108160	-0.0008457055	0.0011571709	0.0842494343
54.888524	1787824778076108288	-0.0022412594	0.0008689014	0.0975451064
54.996207	1787824778184108288	-0.0007875731	0.0000582794	0.0849666433
55.073511	1787824778262108160	-0.0006871157	-0.0002049286	0.0876684195
55.204371	1787824778391108352	0.0001191141	0.0000848606	0.0876458289
55.297753	1787824778487108352	-0.0011560579	-0.0009136984	0.0896977567
55.397213	1787824778586108160	0.0004877466	0.0004253301	0.0875990520
55.497735	1787824778685108224	0.0006197763	0.0006777976	0.0850355298
55.599141	1787824778787108096	0.0012411621	0.0000339262	0.0858401801
55.707705	1787824778895108096	-0.0009539466	-0.0014295456	0.0910247394
55.806794	1787824778994108160	0.0007007716	0.0006533388	0.0913035119
55.893045	1787824779081107968	0.0003924485	0.0002435226	0.0884480435
55.988314	1787824779177108224	0.0003880849	-0.0004866796	0.0897955971
56.104744	1787824779294108160	-0.0001605753	0.0007326610	0.0891050237
56.209114	1787824779396108032	0.0018516688	-0.0012239226	0.0910761474
56.298632	1787824779486108416	0.0018912722	0.0014518034	0.0838246082
56.410730	1787824779600108032	0.0000642809	0.0009169198	0.0825830063
56.497644	1787824779687108352	0.0013905640	0.0011074255	0.0894366741
56.597444	1787824779786108160	-0.0002105756	0.0009152652	0.0872329709
56.700540	1787824779888108288	-0.0000636183	-0.0003680402	0.0841506687
56.804099	1787824779993108224	0.0007090585	-0.0004803388	0.0860909699
56.904753	1787824780092108288	0.0001996890	-0.0003294479	0.0878298771
57.004965	1787824780194108160	0.0010890992	0.0003229690	0.0859642751
57.106847	1787824780296108288	-0.0009531772	-0.0004703132	0.0902839428
57.206671	1787824780395108096	0.0002655766	-0.0001753444	0.0853947196
57.306438	1787824780494108160	0.0006620104	0.0005745990	0.0865270445
57.393616	1787824780581107968	0.0010373335	-0.0005674703	0.0924298923
57.498011	1787824780686108160	0.0007411093	-0.0005368915	0.0935306323
57.598608	1787824780788108032	-0.0002614565	0.0009462413	0.0907315758
57.698360	1787824780887108096	-0.0012937815	-0.0008312379	0.0863029430
57.822151	1787824781010108160	0.0012010134	-0.0001033558	0.0881214563
57.900095	1787824781088108288	-0.0002867785	0.0011273432	0.0842438587
58.002711	1787824781190108416	-0.0017478483	-0.0008160276	0.0860788245
58.106890	1787824781295108352	0.0019835083	0.0010515550	0.0860750769
58.194746	1787824781382108160	0.0001570407	-0.0005451846	0.0827675675
58.296289	1787824781484108288	0.0011996710	-0.0001416067	0.0885600755
58.396012	1787824781583108096	-0.0008059254	-0.0005781916	0.0853724500
58.504914	1787824781694108160	-0.0003353286	-0.0023331479	0.0889402044
58.604781	1787824781793108224	-0.0002800980	-0.0023470638	0.0844244534
58.706067	1787824781895108096	0.0000864920	-0.0004372177	0.0874160969
58.807730	1787824781997108224	0.0005251458	0.0002915565	0.0845695132
58.901620	1787824782090108160	-0.0009214485	-0.0016117261	0.0840672296
58.999026	1787824782186108160	0.0004968172	-0.0000518555	0.0873295501
59.104975	1787824782294108160	0.0016617902	0.0001174122	0.0824384021
59.205131	1787824782393108224	0.0002770461	0.0005502358	0.0876709124
59.309047	1787824782498108160	-0.0005943252	0.0006402730	0.0827564023
59.403015	1787824782591108352	0.0007731422	0.0006432769	0.0884983073
59.489920	1787824782678108160	0.0009543197	0.0001309617	0.0869408179
59.599110	1787824782786108160	0.0016118273	0.0002885736	0.0831997152
59.696231	1787824782885108224	0.0002024366	-0.0003321326	0.0883677801
59.808670	1787824782996108288	0.0011161762	-0.0006987671	0.0885866842
59.898171	1787824783086108160	-0.0004620146	-0.0021063283	0.0906513128
60.005854	1787824783194108160	-0.0005431292	-0.0002099020	0.0823987709
60.108551	1787824783296108288	-0.0006905921	-0.0015346288	0.0865622137
60.203798	1787824783392108288	0.0003605167	0.0007805874	0.0852535422
60.302379	1787824783491108096	0.0009302745	-0.0012148964	0.0928637519
60.393938	1787824783581107968	0.0001722326	0.0001021249	0.0875942302
60.511246	1787824783698108160	0.0011395433	0.0001884626	0.0935389849
60.602784	1787824783791108096	-0.0008174444	0.0013283960	0.0868115794
60.702251	1787824783890108160	0.0013438407	0.0007303257	0.0845932809
60.801499	1787824783989108224	-0.0001217082	0.0010951360	0.0891674883
60.895281	1787824784082108160	0.0008812114	0.0004328620	0.0884693604
61.003363	1787824784190108416	0.0010134209	-0.0000070654	0.0853791904
61.100903	1787824784289108224	0.0000277457	0.0009645146	0.0899019817
61.202263	1787824784391108352	0.0007459294	0.0001177385	0.0927453846
61.295785	1787824784484108288	-0.0004868264	-0.0002574394	0.0820164089
61.392807	1787824784580108288	-0.0007216015	-0.0021642531	0.0842158405
61.499409	1787824784688108288	-0.0009379188	0.0002723475	0.0846629901
61.595977	1787824784784108288	0.0000020665	-0.0007743018	0.0904991300
61.695611	1787824784883108096	0.0001853737	-0.0006664010	0.0841528989
61.803445	1787824784991108096	-0.0009434660	0.0002870911	0.0891225262
61.910248	1787824785099108096	-0.0008697876	0.0001445407	0.0833525005
62.002824	1787824785192108032	-0.0006866900	0.0017000196	0.0889135197
62.095151	1787824785282108416	0.0005303566	-0.0003685826	0.0851025049
62.201582	1787824785390108160	-0.0002029047	0.0016766360	0.0862615337
62.293596	1787824785483108352	0.0011343707	0.0001077231	0.0875752751
62.396779	1787824785585108224	-0.0014412401	-0.0001661491	0.0798778071
62.499367	1787824785687108352	-0.0000060943	0.0000393003	0.0824140265
62.595868	1787824785783108352	0.0007177416	0.0005571946	0.0865253796
62.698556	1787824785888108288	0.0011314424	0.0003320585	0.0852807338
62.800369	1787824785987108352	-0.0004717156	-0.0005771725	0.0879572059
62.906378	1787824786095108352	-0.0000229760	-0.0004165143	0.0919891796
63.005807	1787824786194108160	-0.0012252817	0.0000188836	0.0895304514
63.095869	1787824786284108288	-0.0018291945	-0.0009764903	0.0902485119
63.197303	1787824786386108160	-0.0001887426	0.0009527366	0.0848541742
63.296780	1787824786485108224	-0.0007096970	-0.0000295207	0.0862022331
63.407952	1787824786596108288	-0.0001536573	0.0004451048	0.0927625008
63.507316	1787824786695108096	-0.0004197179	0.0007021247	0.0847585792
63.594178	1787824786782108416	-0.0013496489	0.0002507157	0.0916466814
63.699201	1787824786887108096	0.0002282956	-0.0000754168	0.0855075221
63.801405	1787824786989108224	-0.0005571129	0.0002855558	0.0914564329
63.899763	1787824787088108288	0.0011238383	0.0003816021	0.0845478863
64.001990	1787824787190108416	-0.0003688686	-0.0002441390	0.0866105394
64.102472	1787824787289108224	-0.0008303809	0.0002854540	0.0787884858
64.201693	1787824787391108352	-0.0011668350	0.0009345995	0.0876665923
64.296700	1787824787484108288	0.0006529889	-0.0015257456	0.0987824822
64.394418	1787824787583108096	0.0002464420	-0.0000119888	0.0870931363
64.500079	1787824787688108288	-0.0002159538	0.0000859111	0.0842619767
64.599530	1787824787787108096	-0.0000700617	-0.0005131699	0.0899559503
64.698674	1787824787886108160	-0.0001263457	-0.0001065579	0.0865179087
64.797759	1787824787985108224	-0.0004273187	0.0020194687	0.0881332811
64.891629	1787824788081107968	0.0003133949	-0.0002456596	0.0944874290
65.009109	1787824788198108160	-0.0020019926	0.0014733361	0.0822404491
65.102039	1787824788291108096	0.0000889459	-0.0004399288	0.0885818347
65.203823	1787824788393108224	0.0011455123	0.0007117585	0.0901069670
65.309107	1787824788498108160	-0.0006540220	-0.0004665198	0.0851665169
65.400537	1787824788588108288	0.0008862377	0.0016273914	0.0885162652
65.506211	1787824788693108224	-0.0011450049	0.0004101626	0.0873594242
65.608849	1787824788798108160	-0.0003445912	0.0002362019	0.0861650583
65.704355	1787824788891108352	-0.0003774729	-0.0005625010	0.0829393330
65.802850	1787824788990108160	-0.0012012078	0.0006328068	0.0866436379
65.904071	1787824789092108288	-0.0016521103	0.0003293228	0.0865834577
65.999794	1787824789188108288	-0.0000583731	0.0000043993	0.0846736213
66.105519	1787824789293108224	0.0002216654	-0.0006728941	0.0865660594
66.199732	1787824789389108224	0.0015046160	-0.0008351409	0.0901739954
66.293630	1787824789482108160	0.0009119841	0.0005065933	0.0861055251
66.396840	1787824789584108032	0.0010506320	-0.0010294531	0.0861898423
66.501699	1787824789689108224	0.0004537586	0.0008819922	0.0891847151
66.604864	1787824789794108160	-0.0012556285	0.0006161754	0.0819343302
66.693302	1787824789881108224	-0.0019775834	0.0003711937	0.0859042599
66.799529	1787824789989108224	0.0001918783	0.0001539790	0.0895320995
66.901542	1787824790091108352	0.0000029181	-0.0004785999	0.0859624911
66.996374	1787824790184108288	0.0001927932	-0.0005964730	0.0882606700
67.107352	1787824790295108352	0.0012809008	-0.0001692691	0.0882352247
67.190129	1787824790379108096	-0.0017176367	0.0003848406	0.0830512816
67.302686	1787824790490108160	0.0011312439	-0.0012334834	0.0846518901
67.403161	1787824790592108288	-0.0013441664	-0.0012115615	0.0831068684
67.495153	1787824790682108160	0.0005316855	0.0006439034	0.0863339180
67.608652	1787824790796108288	-0.0011252797	-0.0006808283	0.0882684142
67.710298	1787824790898108160	0.0000342560	0.0001412504	0.0886348054
67.800016	1787824790988108032	-0.0018693814	0.0015962558	0.0852147470
67.899926	1787824791087108096	-0.0011631947	-0.0007306671	0.0903957605
68.009179	1787824791198108160	-0.0010829084	-0.0002871590	0.0918098605
68.106518	1787824791294108160	0.0001132670	0.0004962827	0.0913988231
68.194105	1787824791381108224	0.0001619310	0.0005667518	0.0907491625
68.283952	1787824791471108096	-0.0006544732	0.0003072775	0.0850828192
68.391472	1787824791579108352	-0.0015164794	0.0002300630	0.0847096357
68.497678	1787824791687108352	0.0021411088	-0.0001637982	0.0855707132
68.594570	1787824791783108352	-0.0005949493	-0.0007327561	0.0839154564
68.712322	1787824791900108032	0.0009323278	0.0000603129	0.0910941038
68.794128	1787824791981108224	-0.0001685935	0.0011643358	0.0833056686
68.891611	1787824792080108288	-0.0005045695	0.0002322898	0.0794078214
69.002332	1787824792191108352	-0.0000312317	0.0007264123	0.0870844345
69.082692	1787824792272108288	-0.0003509140	0.0005207137	0.0842433409
69.193244	1787824792380108032	0.0000937761	0.0003051921	0.0901493972
69.300327	1787824792488108032	0.0004979033	-0.0002260285	0.0881513275
69.403959	1787824792593108224	-0.0006650075	-0.0002081602	0.0841786519
69.503486	1787824792692108032	-0.0009443449	-0.0001144862	0.0886983974
69.594986	1787824792782108416	0.0001631060	0.0000262773	0.0835895187
69.704866	1787824792893108224	0.0001908133	-0.0004236681	0.0907336598
69.797162	1787824792986108416	-0.0003551693	0.0009753744	0.0867951902
69.907999	1787824793097108224	-0.0002060560	-0.0000226692	0.0906993539
69.999293	1787824793187108352	-0.0017502537	0.0003349329	0.0865744872
70.105670	1787824793295108352	-0.0004877216	-0.0007921796	0.0934363136
70.197591	1787824793385108224	-0.0001897364	-0.0016229095	0.0830086990
70.305364	1787824793493108224	-0.0019640728	0.0007425731	0.0881017582
70.404831	1787824793592108288	0.0003490779	0.0005086705	0.0854617006
70.508989	1787824793697108224	0.0006320455	-0.0016360392	0.0842151061
70.607913	1787824793796108288	0.0006554312	0.0009723485	0.0834174322
70.700853	1787824793889108224	0.0005843264	0.0007393662	0.0864928285
70.807326	1787824793994108160	-0.0000037810	0.0001649392	0.0860675773
70.899260	1787824794087108096	0.0016288102	-0.0014737852	0.0899185792
71.002149	1787824794189108224	0.0007698093	-0.0011251989	0.0844066293
71.096339	1787824794285107968	0.0007449613	0.0010532419	0.0858628907
71.197442	1787824794384108288	0.0002422193	-0.0007286780	0.0919329174
71.298564	1787824794486108416	-0.0003045351	-0.0005792003	0.0886659075
71.399693	1787824794588108288	0.0003691879	0.0002652961	0.0891772346
71.515343	1787824794702108160	0.0008888261	-0.0009492603	0.0890345320
71.588636	1787824794777108224	-0.0001912099	-0.0001372740	0.0879393556
71.692871	1787824794882108160	-0.0005052273	-0.0002164723	0.0866546004
71.789871	1787824794978108160	0.0011589856	0.0018108059	0.0900546387
71.899358	1787824795086108160	0.0020416908	-0.0010650377	0.0803239526
72.007409	1787824795194108160	0.0009201111	0.0006741004	0.0845810062
72.106875	1787824795296108288	0.0000257175	0.0007137460	0.0900206103
72.196447	1787824795383108096	-0.0021879652	-0.0006215680	0.0884654635
72.288233	1787824795476108288	-0.0003984408	-0.0009835055	0.0883905863
72.412771	1787824795602108160	0.0010495388	-0.0001369431	0.0840229661
72.500855	1787824795689108224	-0.0000964029	0.0011268090	0.0861845566
72.609249	1787824795797108224	-0.0024625936	-0.0011027833	0.0823007805
72.691559	1787824795881108224	0.0008746123	-0.0013894407	0.0798740424
72.796369	1787824795983108352	0.0019055804	-0.0000881881	0.0874553695
72.897539	1787824796085108224	-0.0003344964	-0.0001646964	0.0832550335
72.996871	1787824796184108288	-0.0006685947	0.0003334662	0.0857069373
73.114215	1787824796301108224	0.0002697489	0.0001926233	0.0872876505
73.200896	1787824796388108288	-0.0002036881	0.0010766170	0.0846258455
73.293643	1787824796481108224	-0.0008556459	0.0003188192	0.0836199936
73.394840	1787824796583108096	0.0005200852	-0.0014583815	0.0832131657
73.501177	1787824796688108288	-0.0003614015	-0.0006087022	0.0826867517
73.590217	1787824796778108160	-0.0000066966	-0.0002407040	0.0852401068
73.700256	1787824796889108224	0.0007084928	-0.0018327328	0.0872085467
73.787766	1787824796976108288	0.0005912944	-0.0011495040	0.0856224760
73.899322	1787824797087108096	0.0003187635	0.0004587695	0.0860448884
74.002268	1787824797189108224	-0.0004500298	-0.0005057133	0.0830305057
74.098961	1787824797288108032	0.0000862483	0.0010883139	0.0844203542
74.193515	1787824797381108224	0.0004939688	0.0010306603	0.0871548345
74.294817	1787824797483108352	0.0002573093	-0.0007313775	0.0856366356
74.403657	1787824797591108352	-0.0011705726	-0.0003765931	0.0895798234
74.499246	1787824797687108352	-0.0007627098	0.0002915645	0.0831729433
74.591627	1787824797780108288	-0.0001433626	0.0004484590	0.0891986003
74.695988	1787824797885108224	-0.0013265849	-0.0007243874	0.0879575938
74.800754	1787824797990108160	-0.0011308271	-0.0007363129	0.0920461892
74.909746	1787824798098108416	0.0020051256	-0.0019196084	0.0830661920
75.010066	1787824798197108224	0.0010730060	0.0010441483	0.0890956808
75.097152	1787824798284108288	0.0000281226	0.0020461306	0.0846914510
75.191537	1787824798380108032	0.0002644651	-0.0003473587	0.0827700833
75.290735	1787824798479108096	0.0000126132	0.0003282744	0.0861077533
75.397919	1787824798587108096	-0.0004166752	0.0006449970	0.0856543890
75.486653	1787824798674108160	0.0003612565	0.0014443127	0.0838587538
75.598051	1787824798785107968	-0.0003350318	0.0002787198	0.0873105955
75.697845	1787824798887108096	-0.0007233504	-0.0005342035	0.0869179695
75.804108	1787824798992108032	-0.0000173486	-0.0002029870	0.0844256093
75.895657	1787824799085108224	0.0009788925	-0.0002917010	0.0820763835
75.992048	1787824799181108224	0.0000362702	-0.0004508845	0.0832661194
76.098514	1787824799286108160	-0.0000611867	0.0013199246	0.0929691539
76.197125	1787824799385108224	0.0008966628	0.0010546185	0.0875531509
76.299371	1787824799487108352	-0.0002419255	-0.0005384025	0.0844182422
76.387398	1787824799574108160	-0.0001755223	0.0004267261	0.0860255263
76.513701	1787824799703108352	-0.0012987089	0.0007896325	0.0854141935
76.598607	1787824799787108096	-0.0011935322	-0.0002969852	0.0903917044
76.707655	1787824799895108096	0.0008442682	-0.0003852867	0.0811478097
76.798955	1787824799988108032	-0.0005707919	-0.0005068350	0.0859734734
76.906494	1787824800093108224	0.0012973839	0.0010282099	0.0906682871
77.005300	1787824800192108032	0.0004489340	-0.0008927026	0.0891649728
77.098431	1787824800285107968	0.0014781691	-0.0003570747	0.0846938057
77.204497	1787824800393108224	-0.0004046019	0.0008930363	0.0862313744
77.294433	1787824800483108352	-0.0012446303	0.0005923731	0.0959879794
77.395079	1787824800582108160	0.0007759775	0.0001568093	0.0930309385
77.504006	1787824800693108224	0.0002297229	-0.0005753941	0.0852949915
77.604673	1787824800792108288	0.0009465790	0.0006767368	0.0910180443
77.706599	1787824800894108416	-0.0016330597	-0.0001712645	0.0951779475
77.796984	1787824800984108288	-0.0004556358	0.0006195656	0.0862328196
77.906200	1787824801095108352	0.0006596401	0.0005730394	0.0858287622
77.993567	1787824801182108160	-0.0008027103	0.0001376913	0.0864981633
78.096739	1787824801284108288	0.0012790044	0.0009817171	0.0903629852
78.202783	1787824801392108288	0.0003321555	-0.0001883044	0.0859682823
78.305827	1787824801494108160	0.0002121415	-0.0000319331	0.0851132580
78.392506	1787824801581107968	0.0005869881	0.0009689598	0.0858204854
78.502391	1787824801689108224	0.0001089754	0.0002891490	0.0850849909
78.595692	1787824801785107968	-0.0009735770	0.0004565343	0.0908305149
78.693923	1787824801881108224	0.0019201825	0.0013900799	0.0866647855
78.809586	1787824801998108160	-0.0000013251	0.0002848659	0.0873260667
78.893381	1787824802082108160	-0.0005157793	0.0004229654	0.0868973849
78.991359	1787824802178108160	-0.0008966349	-0.0003486766	0.0851104757
79.102163	1787824802289108224	-0.0010803531	-0.0009851585	0.0879653127
79.197787	1787824802385108224	0.0008630571	0.0008762041	0.0877887081
79.306034	1787824802493108224	0.0000825580	-0.0003301135	0.0922290008
79.393869	1787824802583108096	-0.0009476642	-0.0001270883	0.0868856147
79.513815	1787824802703108352	0.0005325779	0.0000459226	0.0869090482
79.607545	1787824802796108288	-0.0008184947	0.0012510031	0.0853073662
79.698433	1787824802886108160	-0.0013566812	0.0008963829	0.0922708903
79.805448	1787824802994108160	-0.0010850271	-0.0013789306	0.0876214324
79.901081	1787824803090108160	-0.0005110928	0.0004175671	0.0909091283
80.006649	1787824803195108096	0.0002916666	-0.0003176098	0.0870217144
80.101539	1787824803291108096	-0.0004464585	0.0009929790	0.0848691924
80.191025	1787824803378108160	0.0005468493	-0.0001356604	0.0865046718
80.296552	1787824803486108416	-0.0013834874	0.0001428000	0.0921149140
80.404065	1787824803591108352	0.0006500817	0.0014078645	0.0870973960
80.497714	1787824803687108352	-0.0000742745	-0.0011438864	0.0840685165
80.589363	1787824803777108224	-0.0003770047	0.0005575190	0.0908238282
80.702072	1787824803891108352	0.0010014104	0.0008800526	0.0881373771
80.803899	1787824803993108224	0.0000402684	-0.0002618996	0.0850464210
80.907209	1787824804095108352	0.0000906964	-0.0001195250	0.0917212288
80.989246	1787824804176108032	-0.0009602888	-0.0001292232	0.0927828791
81.095447	1787824804284108288	0.0000846927	-0.0008653717	0.0869591679
81.205176	1787824804392108288	-0.0017018823	-0.0015964856	0.0902504075
81.298004	1787824804485108224	0.0017373839	-0.0009049050	0.0878973290
81.403312	1787824804590108160	-0.0009782211	-0.0005858458	0.0820961987
81.488709	1787824804677108224	-0.0004483719	-0.0000641413	0.0908646694
81.603685	1787824804791108096	0.0000381930	-0.0011273554	0.0950149009
81.694652	1787824804884108288	-0.0013066108	-0.0015010592	0.0917359851
81.792348	1787824804980108288	0.0004086725	-0.0008119229	0.0886954426
81.906519	1787824805094108160	-0.0012658657	-0.0006868300	0.0846979433
81.998040	1787824805187108352	-0.0008770329	0.0001422713	0.0849081677
82.111893	1787824805301108224	-0.0002869599	0.0006643211	0.0905414948
82.194700	1787824805382108160	-0.0020262953	-0.0008809950	0.0897011092
82.308033	1787824805496108288	-0.0015670906	-0.0000603636	0.0883082754
82.397175	1787824805586108160	-0.0004827055	-0.0002716946	0.0831382425
82.510706	1787824805700108288	0.0005560227	-0.0000372605	0.0889336628
82.606373	1787824805793108224	-0.0001806407	0.0004561955	0.0879126583
82.700446	1787824805889108224	0.0006924409	-0.0008819132	0.0866928551
82.797147	1787824805985108224	-0.0007900617	0.0012245416	0.0873574808
82.892616	1787824806081107968	0.0010607034	0.0008952817	0.0882086161
82.993623	1787824806183108096	0.0004401950	-0.0009532298	0.0893360300
83.108797	1787824806297108224	0.0015330164	0.0023280668	0.0826983065
83.197121	1787824806384108288	0.0008088143	0.0011436266	0.0874327367
83.298300	1787824806486108416	-0.0009100064	0.0008947502	0.0906342333
83.396012	1787824806585108224	0.0007464630	0.0010802747	0.0889385692
83.495979	1787824806684108288	-0.0008570092	0.0015881927	0.0855647702
83.598102	1787824806786108160	-0.0014525544	-0.0013241831	0.0870049576
83.694858	1787824806882108160	-0.0005720654	-0.0013886826	0.0829059703
83.804115	1787824806993108224	0.0001591930	-0.0001091082	0.0875684685
83.899292	1787824807086108160	-0.0023342467	-0.0013235100	0.0871009139
83.996173	1787824807185108224	0.0003827763	0.0007497862	0.0900553970
84.101562	1787824807290108160	0.0005854724	-0.0004574601	0.0901077115
84.197573	1787824807386108160	-0.0003854816	0.0004091247	0.0893819749
84.298808	1787824807488108032	-0.0004504177	0.0007726970	0.0883901315
84.393914	1787824807581107968	0.0002117676	-0.0002526040	0.0855165139
84.491564	1787824807680108288	0.0001041001	-0.0004524441	0.0879670305
84.594129	1787824807782108416	0.0020715917	0.0000682899	0.0946214746
84.697082	1787824807884108288	0.0002438671	0.0003307918	0.0845310194
84.796445	1787824807983108352	0.0006445020	-0.0004437821	0.0893569421
84.898103	1787824808085108224	-0.0005795536	-0.0010872498	0.0905563593
85.004320	1787824808193108224	0.0008543612	-0.0012022136	0.0849515764
85.095924	1787824808283108352	-0.0005449668	-0.0006168454	0.0820769055
85.205425	1787824808394108416	-0.0001721690	-0.0000866960	0.0879597959
85.302304	1787824808490108160	-0.0006666107	0.0007677122	0.0884778706
85.411350	1787824808598108416	0.0001375843	-0.0003433632	0.0876767003
85.502591	1787824808691108352	-0.0009258867	-0.0006457530	0.0850526422
85.605460	1787824808793108224	0.0016858045	-0.0007928656	0.0930434777
85.701647	1787824808889108224	-0.0005182619	0.0008639729	0.0818007952
85.799777	1787824808988108032	0.0005422376	0.0006410497	0.0895424207
85.885657	1787824809075108352	-0.0005909083	-0.0004120420	0.0789498147
85.997580	1787824809186108160	-0.0003765085	0.0012660424	0.0868533042
86.100481	1787824809288108032	-0.0001099092	0.0002500255	0.0884814570
86.198008	1787824809387108096	0.0001736406	-0.0016444915	0.0811651140
86.309125	1787824809498108160	-0.0001865220	-0.0016247700	0.0911711794
86.395555	1787824809585108224	0.0012901345	0.0002736757	0.0842620441
86.488346	1787824809675108096	-0.0007413988	-0.0016387047	0.0880069032
86.594398	1787824809783108352	-0.0003606888	0.0001053228	0.0910606033
86.694117	1787824809882108160	0.0002490312	0.0003405154	0.0906242778
86.800125	1787824809987108352	-0.0002750597	-0.0008016201	0.0913056296
86.899670	1787824810089108224	0.0001176015	0.0006336738	0.0945917522
86.992362	1787824810179108096	0.0000014258	0.0010342117	0.0839602689
87.101545	1787824810290108160	0.0001724329	-0.0012053329	0.0874337638
87.206665	1787824810395108096	-0.0001475783	0.0004591720	0.0868197479
87.297513	1787824810485108224	0.0003228858	0.0008398451	0.0866771283
87.412152	1787824810599108096	0.0008555299	-0.0013264418	0.0814845302
87.498835	1787824810686108160	-0.0006435464	-0.0008011876	0.0798068594
87.600071	1787824810788108032	0.0002430517	0.0001393728	0.0853934251
87.713023	1787824810902108160	-0.0004525059	-0.0000930982	0.0908480447
87.807188	1787824810995108096	-0.0003778475	0.0021528106	0.0904453512
87.893291	1787824811082108160	-0.0010299176	-0.0011798832	0.0916475376
87.991848	1787824811181108224	-0.0004727811	-0.0001355042	0.0931641667
88.105978	1787824811295108352	0.0012991541	-0.0011918270	0.0928537095
88.188062	1787824811376108288	0.0006399238	0.0006727320	0.0945655434
88.295065	1787824811484108288	-0.0008379576	-0.0006180939	0.0915809281
88.390331	1787824811577108224	-0.0002626853	0.0006638599	0.0866262478
88.507505	1787824811697108224	0.0000069200	0.0001030015	0.0882124801
88.602102	1787824811790108160	0.0002590705	0.0005122207	0.0869852435
88.685042	1787824811874108416	0.0007640259	-0.0000066054	0.0858678361
88.796434	1787824811985108224	-0.0001017128	0.0011760934	0.0878174798
88.896585	1787824812084108032	-0.0002379434	-0.0006591313	0.0896327030
88.987090	1787824812174108160	0.0002892213	0.0004593360	0.0880979800
89.102807	1787824812291108096	0.0002432783	0.0010509652	0.0893369239
89.196879	1787824812384108288	0.0008097392	0.0013331817	0.0849503676
89.295225	1787824812483108352	-0.0001502684	-0.0014992471	0.0807004044
89.400282	1787824812588108288	0.0003792778	-0.0005029252	0.0884748636
89.494279	1787824812681108224	-0.0007097983	-0.0013311918	0.0869838745
89.591055	1787824812780108288	-0.0000452396	0.0014046459	0.0854740026
89.704766	1787824812894108416	-0.0014159423	0.0004274405	0.0881945587
89.804130	1787824812993108224	-0.0004256369	-0.0004053792	0.0892159002
89.903772	1787824813092108288	0.0006778043	0.0000986647	0.0959645885
89.991752	1787824813179108096	-0.0008920082	-0.0004674339	0.0839775692
90.095488	1787824813284108288	-0.0012076294	-0.0006098034	0.0880992605
90.199592	1787824813389108224	0.0004350297	-0.0005241396	0.0870309877
90.302785	1787824813491108096	0.0001456635	0.0002306997	0.0839729232
90.399993	1787824813587108096	0.0003848601	-0.0005856646	0.0875206686
90.502630	1787824813692108032	-0.0018156828	0.0004814590	0.0960178325
90.609024	1787824813797108224	0.0000434912	-0.0018083943	0.0878782570
90.701682	1787824813890108160	-0.0006796999	0.0003085168	0.0861017314
90.797759	1787824813986108416	-0.0003408430	0.0015457866	0.0919269785
90.901395	1787824814088108288	-0.0002862262	0.0002888424	0.0896407960
91.013320	1787824814202108160	-0.0024729360	-0.0008845748	0.0923389354
91.093000	1787824814280108288	0.0002501251	-0.0011883193	0.0896939683
91.196449	1787824814385108224	-0.0015670324	-0.0014136233	0.0904157938
91.305789	1787824814493108224	0.0008503730	-0.0014372581	0.0877842260
91.399326	1787824814586108160	-0.0002456226	-0.0012034187	0.0849930366
91.505926	1787824814694108160	-0.0001143112	-0.0010830844	0.0894071926
91.604022	1787824814793108224	0.0004540391	-0.0014069998	0.0832577068
91.706540	1787824814895108096	0.0008891994	-0.0000941120	0.0827116948
91.797142	1787824814985108224	0.0002460366	-0.0001726682	0.0850392965
91.892702	1787824815081107968	-0.0002660774	-0.0000854156	0.0859210610
91.993017	1787824815180108288	-0.0002318559	-0.0002574792	0.0900207691
92.100842	1787824815288108032	-0.0013457363	-0.0017015063	0.0880857339
92.198867	1787824815387108096	0.0007385411	0.0008491125	0.0903391048
92.303348	1787824815492108032	0.0003509710	-0.0008441349	0.0880259491
92.395229	1787824815582108160	0.0002683040	-0.0008117604	0.0857118939
92.502166	1787824815690108416	0.0001319107	-0.0009370097	0.0886226414
92.600957	1787824815789108224	0.0014312982	0.0007797740	0.0838732869
92.708276	1787824815897108224	-0.0005250265	-0.0004843257	0.0854510678
92.799324	1787824815987108352	-0.0001078799	0.0000829153	0.0822072012
92.908010	1787824816095108352	0.0001258008	0.0005029974	0.0887180472
92.998182	1787824816185108224	-0.0020003512	-0.0009166394	0.0930473918
93.094825	1787824816284108288	-0.0001771876	0.0028233020	0.0895212870
93.206579	1787824816395108096	-0.0001318385	0.0011880191	0.0883219398
93.304032	1787824816491108096	-0.0002016852	0.0001973719	0.0806480756
93.399094	1787824816587108096	0.0005359113	-0.0007643502	0.0933413988
93.500345	1787824816689108224	0.0018257078	-0.0019830355	0.0850567573
93.600852	1787824816788108032	0.0001932553	-0.0006794500	0.0912878563
93.698773	1787824816887108096	0.0000467726	0.0018479476	0.0891233391
93.806861	1787824816995108096	-0.0009220560	-0.0001071624	0.0871318775
93.911627	1787824817100108032	0.0007342238	-0.0004633596	0.0867501038
93.998543	1787824817187108352	-0.0001964875	0.0002328227	0.0810730707
94.089900	1787824817277108224	0.0007275285	0.0004054731	0.0830579600
94.196718	1787824817385108224	0.0010427387	0.0006612973	0.0885111875
94.299220	1787824817487108352	0.0016819281	0.0005808779	0.0894783388
94.393596	1787824817583108096	0.0006099011	-0.0000302691	0.0864251305
94.502687	1787824817691108352	-0.0005151954	0.0011671789	0.0854715622
94.602520	1787824817790108160	0.0003574203	-0.0008845339	0.0867879633
94.691733	1787824817880108032	0.0017277029	0.0010664250	0.0900209439
94.801983	1787824817991108096	-0.0002166899	0.0003760760	0.0892752534
94.896427	1787824818084108032	0.0006908421	-0.0007453497	0.0850680519
94.985463	1787824818174108160	-0.0021193785	0.0002064451	0.0903077267
95.105493	1787824818294108160	0.0006912298	-0.0003870240	0.0849010350
95.208969	1787824818396108032	-0.0003253274	-0.0001508760	0.0872214465
95.301708	1787824818489108224	0.0019882929	-0.0005446300	0.0918794300
95.406163	1787824818594108160	0.0006876195	0.0005899016	0.0840507301
95.493582	1787824818681108224	0.0008474090	-0.0004372112	0.0854394653
95.590086	1787824818777108224	-0.0012583541	-0.0004280148	0.0881489926
95.698130	1787824818885108224	0.0017533013	-0.0007259820	0.0851487739
95.795021	1787824818984108288	0.0005919345	0.0005611857	0.0850711015
95.889873	1787824819077108224	-0.0001376597	-0.0008061028	0.0882747481
96.003352	1787824819191108352	-0.0001615025	0.0007969868	0.0829823510
96.100434	1787824819287108096	-0.0004756313	-0.0004502052	0.0849543539
96.212176	1787824819401108224	0.0015627394	-0.0013632382	0.0868534380
96.295969	1787824819485108224	0.0009509248	0.0017370926	0.0884512591
96.403144	1787824819590108160	0.0007072338	-0.0004102305	0.0859530990
96.503567	1787824819692108032	-0.0005689068	-0.0008029444	0.0860823563
96.599117	1787824819788108032	0.0003341461	0.0011625975	0.0891327347
96.702044	1787824819890108160	0.0006464432	0.0010092942	0.0877577242
96.810224	1787824819998108160	-0.0000866199	0.0005488987	0.0912934568
96.898037	1787824820085108224	0.0010069417	0.0003860209	0.0897099977
96.988610	1787824820178108160	0.0004730545	0.0016862731	0.0835028367
97.093492	1787824820280108288	-0.0005383522	-0.0015772469	0.0844116310
97.193543	1787824820382108160	-0.0001498390	0.0000767707	0.0879534127
97.301590	1787824820490108160	-0.0006989461	0.0000756155	0.0860404373
97.402373	1787824820589108224	0.0004656425	0.0016503102	0.0821889741
97.499924	1787824820688108288	0.0015133551	0.0006704529	0.0890054236
97.595302	1787824820784108288	-0.0007028940	0.0004344111	0.0835033928
97.702518	1787824820892108288	-0.0007421436	-0.0013663324	0.0860202297
97.804854	1787824820994108160	0.0002657644	-0.0000074978	0.0845633343
97.896306	1787824821084108032	0.0012758455	-0.0002218254	0.0887285666
97.997784	1787824821186108160	-0.0012052622	0.0001659493	0.0850321757
98.097562	1787824821285107968	0.0002871669	0.0010127311	0.0856303055
98.204801	1787824821393108224	0.0003329656	-0.0003771096	0.0849808079
98.299592	1787824821489108224	0.0012910331	-0.0006919534	0.0831911938
98.404868	1787824821594108160	0.0004279844	-0.0006372044	0.0905461433
98.499728	1787824821687108352	-0.0004330920	0.0013079339	0.0849172175
98.593418	1787824821780108288	0.0013152345	0.0000340271	0.0914810803
98.700917	1787824821888108288	-0.0006176591	0.0000257481	0.0828849663
98.797813	1787824821987108352	-0.0008669591	-0.0014867938	0.0871273708
98.894966	1787824822083108096	-0.0002704445	0.0001157117	0.0882660842
98.997068	1787824822185108224	0.0009874703	0.0005204782	0.0928492193
99.100317	1787824822287108096	-0.0020171967	0.0011576491	0.0915030522
99.193321	1787824822380108032	0.0006780886	-0.0020604857	0.0864323804
99.293936	1787824822482108160	-0.0006036573	-0.0019768011	0.0900103402
99.395865	1787824822584108032	0.0004944240	-0.0008054962	0.0883649599
99.492842	1787824822680108288	0.0005626146	-0.0000737547	0.0819507520
99.600709	1787824822788108032	-0.0002977580	-0.0000058506	0.0855444133
99.706011	1787824822893108224	0.0001226777	-0.0000148106	0.0862335871
99.792553	1787824822980108288	-0.0004642456	-0.0008961180	0.0885066835
99.903021	1787824823091108352	0.0016565474	-0.0002053701	0.0933691211
99.998492	1787824823187108352	-0.0002918307	0.0012703884	0.0903859015
100.104692	1787824823292108288	0.0002607960	0.0001265006	0.0888906149
100.187180	1787824823376108288	-0.0011802164	0.0000760238	0.0854941710
100.302257	1787824823490108160	-0.0015985798	-0.0011568731	0.0844096237
100.405170	1787824823592108288	-0.0007457587	-0.0003837232	0.0902366551
100.502449	1787824823691108352	-0.0005608533	-0.0009177008	0.0865416061
100.594091	1787824823781108224	0.0007053249	-0.0004307968	0.0807066798
100.694150	1787824823883108096	-0.0003025286	0.0008842108	0.0841001699
100.797905	1787824823985108224	0.0007296520	-0.0018495578	0.0903046587
100.905308	1787824824093108224	-0.0009438920	-0.0017090414	0.0821724136
101.000916	1787824824189108224	-0.0006441960	0.0000342234	0.0907140973
101.098976	1787824824288108032	-0.0002055441	0.0016018426	0.0838091617
101.198509	1787824824387108096	-0.0007670414	-0.0006900585	0.0877831754
101.299656	1787824824489108224	0.0013852449	0.0008764780	0.0902112893
101.393309	1787824824582108160	-0.0020380847	0.0011004613	0.0844064480
101.502019	1787824824690108416	-0.0001776915	-0.0002440068	0.0889290354
101.603287	1787824824792108288	-0.0021688773	0.0000182822	0.0845801307
101.701284	1787824824888108288	0.0011488988	0.0002336914	0.0875243455
101.804573	1787824824993108224	0.0012605116	-0.0015254820	0.0819796473
101.892939	1787824825080108288	-0.0000540596	0.0000355289	0.0891758549
102.000269	1787824825188108288	-0.0011457430	-0.0007177230	0.0857044807
102.109715	1787824825299108352	-0.0009833677	0.0002681735	0.0872641228
102.200018	1787824825389108224	-0.0003036504	0.0011817381	0.0883104289
102.291805	1787824825479108096	-0.0004835958	0.0006830897	0.0868298485
102.396981	1787824825584108032	0.0003316879	0.0007948562	0.0834796793
102.508384	1787824825695108096	0.0000259345	0.0006036266	0.0931378683
102.601398	1787824825788108032	-0.0007727800	-0.0008446371	0.0886457568
102.688794	1787824825878108160	-0.0010284153	0.0008420738	0.0868579716
102.791423	1787824825980108288	0.0002800212	-0.0014991007	0.0836884005
102.899533	1787824826088108288	0.0009469939	0.0003061199	0.0853452761
103.005198	1787824826193108224	0.0010042205	0.0001934267	0.0826736090
103.094780	1787824826283108352	-0.0004449196	-0.0002043911	0.0914193959
103.192043	1787824826379108096	-0.0014084976	-0.0009858388	0.0884774323
103.305349	1787824826493108224	-0.0018516625	-0.0001385675	0.0847475765
103.399288	1787824826586108160	0.0021480927	-0.0000065684	0.0840721398
103.503914	1787824826691108352	0.0003310490	0.0006674000	0.0831021087
103.594844	1787824826784108288	0.0008141561	-0.0010821710	0.0888035640
103.692573	1787824826880108032	0.0003475528	0.0003329779	0.0894387024
103.796234	1787824826985108224	-0.0007082771	0.0000307237	0.0874353952
103.912422	1787824827099108096	-0.0006628024	-0.0026278599	0.0914668493
104.003514	1787824827192108032	-0.0006763065	0.0002781683	0.0895822907
104.109612	1787824827297108224	-0.0000680086	0.0005116183	0.0869232577
104.186845	1787824827375108352	-0.0005524309	-0.0012422035	0.0849535938
104.307582	1787824827495108096	-0.0017949282	-0.0002348418	0.0927287306
104.393909	1787824827582108160	0.0002542469	0.0007834368	0.0902035578
104.495884	1787824827684108288	-0.0003856284	-0.0002679533	0.0910289886
104.591734	1787824827780108288	-0.0003082680	-0.0016838228	0.0861695763
104.705536	1787824827894108416	0.0008789235	0.0008415620	0.0882225412
104.791553	1787824827981108224	-0.0002218481	0.0000537209	0.0823264069
104.898665	1787824828086108160	0.0005114519	-0.0014129320	0.0843149272
105.006727	1787824828194108160	0.0005026625	0.0012741104	0.0919591669
105.099760	1787824828287108096	0.0007146033	0.0005433701	0.0847103125
105.202189	1787824828389108224	-0.0006852455	0.0007750891	0.0879894955
105.295620	1787824828485108224	0.0008484721	0.0014649163	0.0772610435
105.394395	1787824828581107968	0.0012335606	0.0001667082	0.0889996731
105.509528	1787824828698108160	0.0009570100	0.0000575024	0.0843082513
105.599138	1787824828788108032	0.0006153641	0.0000946363	0.0814917605
105.692438	1787824828881108224	-0.0000068768	0.0016206371	0.0814385140
105.806192	1787824828995108096	-0.0008458026	-0.0002540162	0.0892138388
105.895750	1787824829085108224	0.0005506830	-0.0007317098	0.0818694306
106.007017	1787824829196108032	-0.0001270551	-0.0003785871	0.0864020476
106.098215	1787824829286108160	-0.0009750281	-0.0010739132	0.0880184517
106.201744	1787824829391108352	0.0001733652	-0.0001473572	0.0816811432
106.301861	1787824829490108160	-0.0018444698	0.0004216643	0.0871318152
106.397082	1787824829586108160	0.0006341388	0.0009589976	0.0851010707
106.501504	1787824829691108352	0.0002752921	-0.0013692096	0.0862375106
106.587585	1787824829775108096	-0.0001140507	-0.0005838829	0.0917133895
106.712148	1787824829901108224	-0.0013667859	-0.0006172025	0.0923202841
106.808847	1787824829997108224	-0.0005459150	-0.0003967338	0.0858009680
106.902018	1787824830090108160	-0.0004568396	0.0001689299	0.0895706332
106.995232	1787824830183108096	0.0001604342	0.0003215467	0.0797561535
107.106326	1787824830294108160	-0.0003267992	0.0000480254	0.0862819822
107.192619	1787824830381108224	0.0016505965	0.0004160598	0.0865777984
107.296916	1787824830486108416	-0.0000045711	0.0004259981	0.0843424032
107.398426	1787824830585108224	0.0002014302	0.0007195846	0.0916279841
107.516949	1787824830705108224	0.0004786845	-0.0005457912	0.0829877068
107.602431	1787824830789108224	0.0018227824	0.0002688870	0.0870131773
107.702485	1787824830891108352	0.0012597212	0.0018204785	0.0841592204
107.796324	1787824830984108288	-0.0012286659	-0.0004274313	0.0881046882
107.906143	1787824831095108352	-0.0007478156	-0.0005957051	0.0816274365
107.996419	1787824831185108224	0.0005101921	0.0020161888	0.0895857039
108.099537	1787824831287108096	0.0002757730	0.0000421859	0.0917602215
108.207055	1787824831395108096	-0.0020616128	0.0005240304	0.0828075823
108.293839	1787824831482108160	0.0000560952	-0.0004831641	0.0914954820
108.415205	1787824831602108160	0.0011610191	0.0007883502	0.0829984383
108.506909	1787824831695108096	0.0004723918	-0.0003065998	0.0860682007
108.597294	1787824831785107968	-0.0005414045	0.0002231101	0.0879069542
108.703991	1787824831893108224	-0.0008903393	0.0001327269	0.0839840883
108.802254	1787824831989108224	0.0006665448	-0.0007462781	0.0848218269
108.900707	1787824832088108288	0.0007940818	0.0009438021	0.0911674865
109.010799	1787824832199108096	0.0009966649	0.0003239956	0.0828461496
109.104661	1787824832292108288	-0.0013033254	-0.0001370908	0.0848185480
109.199041	1787824832388108288	-0.0000433881	-0.0008861615	0.0885762616
109.298156	1787824832487108352	-0.0017443030	0.0020650741	0.0901849948
109.407141	1787824832595108352	0.0007867991	0.0002675842	0.0846205821
109.501184	1787824832688108288	-0.0003235691	-0.0013030024	0.0924725466
109.597124	1787824832784108288	-0.0004379581	-0.0016285369	0.0857137864
109.701778	1787824832889108224	-0.0002057348	0.0001250906	0.0838313766
109.787540	1787824832976108288	-0.0005066381	0.0004812852	0.0856141885
109.901788	1787824833090108160	0.0006585153	0.0006595572	0.0880387813
109.993821	1787824833183108096	-0.0016781392	-0.0004538858	0.0925956723
110.093244	1787824833282108416	-0.0000430996	-0.0004891953	0.0902890258
110.199454	1787824833387108096	0.0008984764	-0.0008544382	0.0925875202
110.306452	1787824833495108096	0.0006848788	-0.0010825196	0.0913001486
110.407937	1787824833597108224	-0.0018884509	0.0015384836	0.0849172765
110.504924	1787824833693108224	0.0000657604	0.0001653826	0.0902769636
110.603367	1787824833792108288	-0.0002627615	0.0012071605	0.0896814918
110.705368	1787824833894108416	-0.0007364168	0.0014111308	0.0878331858
110.786774	1787824833975108096	-0.0003601576	-0.0003328127	0.0871710667
110.910057	1787824834098108416	-0.0006519709	-0.0002863503	0.0877428757
111.003567	1787824834191108352	0.0000756932	0.0003294772	0.0844412558
111.092571	1787824834281108224	-0.0011599337	0.0005403303	0.0808285399
111.216027	1787824834404108288	0.0014517744	-0.0004863917	0.0879213944
111.300107	1787824834488108032	-0.0000661364	-0.0013306543	0.0900630421
111.396938	1787824834584108032	0.0008806907	-0.0004146919	0.0805304292
111.497056	1787824834686108160	0.0003171997	0.0003990671	0.0838048530
111.581068	1787824834770108160	-0.0014296318	-0.0010897244	0.0889577267
111.695762	1787824834884108288	-0.0001883343	0.0021314473	0.0905359559
111.795648	1787824834983108352	-0.0002017704	0.0005267245	0.0921172774
111.903416	1787824835091108352	0.0001730667	0.0000061275	0.0887049557
112.004359	1787824835193108224	0.0009658901	-0.0009419938	0.0844069863
112.096824	1787824835286108160	0.0002388040	0.0011788793	0.0859547293
112.199405	1787824835388108288	-0.0003305074	-0.0012031030	0.0845130848
112.306695	1787824835496108288	-0.0009609207	-0.0006944183	0.0902529131
112.403842	1787824835592108288	-0.0004890705	0.0002352086	0.0822312831
112.502134	1787824835691108352	0.0004904222	0.0000077476	0.0848539094
112.603831	1787824835793108224	-0.0002503764	0.0003515631	0.0879940429
112.703233	1787824835892108288	-0.0006377680	-0.0007657614	0.0875028863
112.803605	1787824835991108096	-0.0013272612	0.0012332988	0.0905162262
112.901305	1787824836090108160	0.0003268928	0.0015317218	0.0862929224
112.993382	1787824836180108288	-0.0011208665	-0.0003835868	0.0796902349
113.103896	1787824836291108096	0.0000168157	-0.0011486508	0.0927885177
113.195214	1787824836384108288	-0.0011835628	-0.0000883373	0.0910309993
113.309370	1787824836498108160	-0.0001407521	0.0014436739	0.0833037274
113.399249	1787824836588108288	-0.0012718385	0.0006240323	0.0889367222
113.496912	1787824836684108288	0.0007321736	-0.0000803624	0.0854242621
113.601097	1787824836789108224	0.0005858022	0.0004592407	0.0918645177
113.686254	1787824836873108224	0.0013363400	0.0004531851	0.0981928250
113.800769	1787824836990108160	0.0002089085	-0.0011934301	0.0875015473
113.890613	1787824837080108288	-0.0012112905	-0.0004541552	0.0878023529
113.996445	1787824837185108224	0.0006128427	-0.0000098579	0.0849163627
114.105970	1787824837293108224	-0.0001348984	0.0005407913	0.0852937544
114.190974	1787824837380108032	-0.0005146538	-0.0007786997	0.0849716602
114.308005	1787824837497108224	-0.0002955267	-0.0003269611	0.0920967810
114.404373	1787824837593108224	0.0001130446	0.0012591093	0.0885001527
114.506654	1787824837695108096	-0.0008560662	-0.0005140349	0.0892505544
114.592950	1787824837782108416	-0.0002898995	-0.0011229694	0.0880178025
114.709060	1787824837896108032	-0.0004603893	0.0004894763	0.0929353126
114.797784	1787824837986108416	-0.0010821478	0.0022382283	0.0923327150
114.897221	1787824838085108224	-0.0002791681	0.0000012679	0.0829958753
115.003112	1787824838190108416	-0.0000316156	0.0000104500	0.0887703573
115.098274	1787824838286108160	0.0007573765	0.0007568192	0.0896323640
115.198969	1787824838388108288	-0.0004338917	0.0014978421	0.0888129928
115.288398	1787824838475108096	-0.0000173427	0.0004806391	0.0842046724
115.397736	1787824838586108160	0.0011255970	0.0001628045	0.0864006559
115.505577	1787824838694108160	-0.0007535986	0.0003964539	0.0876266885
115.595533	1787824838784108288	0.0000573312	-0.0001817695	0.0803002172
115.702561	1787824838892108288	0.0007962858	0.0002295234	0.0870972197
115.799713	1787824838988108032	0.0001287549	0.0004090860	0.0880727823
115.898910	1787824839087108096	-0.0014594075	-0.0018938956	0.0908987802
116.007594	1787824839195108096	0.0012921819	-0.0010445498	0.0931368130
116.108897	1787824839297108224	-0.0010630303	-0.0013110057	0.0837330785
116.207194	1787824839396108032	0.0008324172	0.0000524159	0.0905851697
116.301051	1787824839489108224	-0.0004631712	0.0015839019	0.0885933351
116.406663	1787824839594108160	-0.0002065882	0.0005938502	0.0885756400
116.491858	1787824839681108224	-0.0002905000	0.0000888165	0.0924772729
116.603720	1787824839792108288	0.0006816137	0.0013318784	0.0856137545
116.698657	1787824839888108288	0.0004991584	0.0001362055	0.0891828269
116.790027	1787824839978108160	0.0008757807	-0.0002834581	0.0895168864
116.904987	1787824840092108288	0.0007719137	-0.0012315153	0.0858610518
116.995259	1787824840182108160	-0.0006281072	0.0007584314	0.0881741484
117.098947	1787824840287108096	-0.0001060351	0.0003738109	0.0902369878
117.192307	1787824840380108032	-0.0009648923	0.0009533155	0.0893656743
117.292878	1787824840482108160	0.0008468648	0.0003357172	0.0840874914
117.410132	1787824840599108096	0.0009307448	-0.0006434296	0.0857917774
117.487826	1787824840677108224	0.0015889743	0.0012827412	0.0809889849
117.610922	1787824840800108288	-0.0017812866	0.0007458013	0.0866570473
117.692235	1787824840881108224	0.0004647656	-0.0001264926	0.0878615033
117.806821	1787824840995108096	-0.0015310423	-0.0001114298	0.0811651143
117.902195	1787824841091108352	-0.0005190372	0.0007429699	0.0892284049
118.004697	1787824841193108224	-0.0012034200	0.0011604511	0.0790108511
118.097873	1787824841286108160	0.0001626818	0.0001478643	0.0910608302
118.205191	1787824841394108416	0.0019358138	0.0023795913	0.0926314537
118.301850	1787824841490108160	0.0018375925	-0.0006847669	0.0849301713
118.402880	1787824841592108288	-0.0007072111	-0.0004253261	0.0877624137
118.504068	1787824841691108352	0.0002648072	-0.0006391946	0.0880391240
118.593785	1787824841781108224	-0.0004249375	0.0000854245	0.0852418152
118.702564	1787824841892108288	0.0017931691	0.0015228939	0.0841808725
118.814500	1787824842003108352	0.0013743735	-0.0005591453	0.0854245575
118.906620	1787824842096108288	-0.0004194827	-0.0012113494	0.0905592121
118.996472	1787824842183108096	-0.0002619477	0.0001936963	0.0876583280
119.103143	1787824842291108096	-0.0004715121	-0.0006219024	0.0882934779
119.212088	1787824842399108096	-0.0001951658	0.0008756331	0.0822666412
119.299518	1787824842489108224	-0.0004864067	-0.0009948764	0.0871472550
119.404674	1787824842594108160	-0.0004538344	-0.0007545067	0.0820063525
119.502033	1787824842690108416	0.0003595746	0.0001865989	0.0906700134
119.588454	1787824842777108224	0.0008249381	0.0017115682	0.0871765408
119.704464	1787824842891108352	-0.0001051296	-0.0008358772	0.0904136800
119.796104	1787824842984108288	-0.0007426957	-0.0008422540	0.0907759565
119.890078	1787824843077108224	0.0005321112	0.0007347056	0.0897624505
120.010750	1787824843200108288	-0.0006687778	0.0004123003	0.0844785993
120.090946	1787824843278108160	0.0007782669	0.0010324137	0.0911986838
120.197575	1787824843386108160	0.0013740226	-0.0012398648	0.0865350547
120.298151	1787824843485108224	0.0005736067	0.0017162589	0.0810488315
120.402058	1787824843590108160	0.0008380820	-0.0004338958	0.0919106070
120.504427	1787824843692108032	-0.0004304857	0.0003702400	0.0836451905
120.605024	1787824843794108160	0.0001347288	0.0009380791	0.0881352841
120.711429	1787824843899108096	-0.0010091997	0.0012532012	0.0871026695
120.799729	1787824843989108224	-0.0007132697	-0.0010240832	0.0888030628
120.912410	1787824844100108032	0.0006078740	-0.0007694632	0.0858596135
121.002922	1787824844190108416	0.0000616060	0.0002230922	0.0885530830
121.095894	1787824844283108352	0.0012956141	-0.0002654989	0.0826581461
121.208190	1787824844397108224	0.0002848002	0.0002840863	0.0966042591
121.301984	1787824844490108160	0.0007160953	0.0004744338	0.0868083315
121.392933	1787824844580108288	0.0003690619	-0.0002033648	0.0847384844
121.506028	1787824844694108160	0.0019475220	0.0001728575	0.0882243616
121.605248	1787824844793108224	0.0000351719	0.0004062713	0.0859697705
121.701950	1787824844889108224	0.0016592448	0.0002218727	0.0885462390
121.803033	1787824844991108096	-0.0015234804	-0.0000298212	0.0857859166
121.895342	1787824845084108032	0.0002933513	0.0018117992	0.0817029671
121.991996	1787824845180108288	-0.0007658128	-0.0020019276	0.0888021988
122.102330	1787824845291108096	0.0000412989	0.0006759406	0.0805847851
122.196311	1787824845384108288	-0.0008957760	0.0018999258	0.0913050712
122.298041	1787824845486108416	0.0006646445	-0.0009488342	0.0820089697
122.399527	1787824845588108288	-0.0009120555	-0.0002384343	0.0873278220
122.495924	1787824845684108288	0.0002905848	-0.0012568004	0.0839669317
122.598608	1787824845786108160	-0.0001065468	0.0003614659	0.0834280707
122.705800	1787824845894108416	-0.0000356381	0.0009915419	0.0847216875
122.799901	1787824845987108352	0.0003282944	-0.0007522033	0.0905730229
122.899034	1787824846086108160	0.0003786186	-0.0005176709	0.0909495416
123.004037	1787824846191108352	-0.0013959944	0.0008714669	0.0886359524
123.108619	1787824846296108288	-0.0007205992	0.0014182674	0.0834918315
123.199690	1787824846389108224	-0.0009747721	0.0018797249	0.0881447465
123.297665	1787824846485108224	0.0005901762	0.0010593032	0.0813889339
123.393768	1787824846581107968	-0.0009310645	0.0000584168	0.0894861667
123.486404	1787824846674108160	0.0001695636	-0.0007273505	0.0877480932
123.593792	1787824846782108416	-0.0006050155	0.0004293920	0.0840710451
123.698136	1787824846887108096	0.0006223402	0.0001573873	0.0858921505
123.793402	1787824846980108288	0.0001587751	0.0010102146	0.0879223046
123.893634	1787824847082108160	-0.0015628255	-0.0002050519	0.0893782781
124.002187	1787824847190108416	0.0001462859	-0.0009328350	0.0899873249
124.095370	1787824847283108352	-0.0001818279	0.0006789010	0.0901265419
124.192526	1787824847382108160	0.0022260156	0.0002264823	0.0906493807
124.299048	1787824847487108352	0.0006343437	0.0004763129	0.0817188821
124.406455	1787824847595108352	0.0005498121	-0.0013705777	0.0916107163
124.498482	1787824847685108224	0.0006849416	0.0010251215	0.0887274268
124.591108	1787824847778108160	-0.0010681887	-0.0004106024	0.0879791160
124.701298	1787824847889108224	0.0010768192	-0.0000622743	0.0818787217
124.800418	1787824847988108032	-0.0022600314	-0.0004920036	0.0878063436
124.895937	1787824848084108032	0.0003106264	-0.0008625093	0.0834818515
124.988350	1787824848177108224	0.0001475529	0.0013310030	0.0886091737
125.111072	1787824848300108288	-0.0000361798	-0.0002734206	0.0847654872
125.199892	1787824848387108096	0.0015667919	0.0011814288	0.0893217846
125.296850	1787824848486108416	-0.0005075729	0.0011526709	0.0860985838
125.398341	1787824848585108224	-0.0004379263	0.0007864363	0.0839168689
125.499495	1787824848687108352	-0.0005319019	0.0008009412	0.0868692742
125.596714	1787824848786108160	-0.0007923311	-0.0002263366	0.0855661295
125.693351	1787824848882108160	0.0008996465	0.0002283791	0.0875884815
125.791099	1787824848978108160	0.0001551144	-0.0000915666	0.0887551686
125.901360	1787824849089108224	0.0004934436	-0.0000667669	0.0896590059
125.990396	1787824849179108096	-0.0007842871	-0.0005527977	0.0874436907
126.103956	1787824849293108224	-0.0007395215	-0.0010764963	0.0848093134
126.200515	1787824849389108224	0.0006085848	-0.0002246861	0.0833835713
126.304065	1787824849491108096	0.0003540116	-0.0009080845	0.0855434992
126.400130	1787824849587108096	0.0000970993	-0.0010559600	0.0803888581
126.496452	1787824849683108096	-0.0004550491	0.0001953048	0.0904073644
126.597103	1787824849785107968	0.0018453276	0.0002184743	0.0882016594
126.706980	1787824849896108032	-0.0002317169	-0.0004624680	0.0875797733
126.799537	1787824849989108224	-0.0009187074	-0.0001930483	0.0794921315
126.893396	1787824850082108160	-0.0011241549	0.0002209377	0.0849838259
126.997315	1787824850184108288	-0.0001922151	0.0007562821	0.0838167114
127.098761	1787824850286108160	0.0008498622	0.0000837807	0.0873880658
127.204847	1787824850394108416	0.0013712797	-0.0010626258	0.0883036102
127.304892	1787824850493108224	-0.0017121918	-0.0000141722	0.0864702046
127.399971	1787824850589108224	-0.0022603891	0.0008039074	0.0856553243
127.519004	1787824850706108160	0.0004937740	0.0010071967	0.0937705310
127.603242	1787824850790108160	-0.0015357266	0.0000346675	0.0840339614
127.699462	1787824850886108160	0.0001382560	0.0007645947	0.0835696758
127.814754	1787824851003108352	-0.0010135369	0.0018198981	0.0889047237
127.903048	1787824851090108160	0.0000863673	0.0001477383	0.0949905718
128.000030	1787824851189108224	-0.0004036039	0.0007510414	0.0805070812
128.097670	1787824851285107968	-0.0000040926	-0.0011740979	0.0838243877
128.196823	1787824851384108288	0.0002887491	-0.0002582694	0.0920804452
128.295079	1787824851483108352	-0.0019167483	-0.0012314563	0.0875389347
128.400924	1787824851588108288	0.0008806263	-0.0002732019	0.0887511441
128.500283	1787824851687108352	-0.0003051351	0.0004855239	0.0884543357
128.600595	1787824851789108224	0.0001993199	0.0006357616	0.0850819076
128.698118	1787824851885108224	0.0010656512	0.0009061635	0.0908670638
128.800712	1787824851990108160	0.0000002859	-0.0007520292	0.0882476663
128.901316	1787824852089108224	-0.0003317999	-0.0002736856	0.0834563309
128.998290	1787824852185108224	-0.0012860006	-0.0017494092	0.0884728073
129.094242	1787824852281108224	-0.0010833879	0.0000598444	0.0861836447
129.197879	1787824852386108160	0.0004818065	0.0008413353	0.0904037059
129.298504	1787824852488108032	-0.0000260874	0.0004043340	0.0857882534
129.402026	1787824852590108160	0.0003366898	0.0003525059	0.0880284010
129.498510	1787824852686108160	-0.0000892796	-0.0016587517	0.0844921349
129.610053	1787824852797108224	0.0003962428	0.0001108520	0.0932981977
129.700294	1787824852887108096	0.0016461587	-0.0009835913	0.0836062613
129.797972	1787824852986108416	-0.0004933087	0.0000281347	0.0901212631
129.897971	1787824853085108224	-0.0001410400	-0.0002266287	0.0865032983
130.007464	1787824853196108032	-0.0011344393	0.0013215777	0.0854133461
130.087079	1787824853274108160	0.0009040910	-0.0004355111	0.0852467369
130.194161	1787824853382108160	0.0014463428	-0.0007460704	0.0868306701
130.297327	1787824853484108288	0.0003239369	-0.0001051976	0.0825389764
130.400284	1787824853589108224	-0.0004391894	-0.0008131403	0.0901637837
130.491125	1787824853679108096	-0.0004323895	0.0007191870	0.0864335678
130.602433	1787824853790108160	-0.0009295551	0.0003175071	0.0932965157
130.704605	1787824853892108288	0.0006733866	0.0011894425	0.0818345676
130.803374	1787824853991108096	0.0009234040	-0.0014539733	0.0806217932
130.903206	1787824854090108160	0.0004921310	0.0002784895	0.0868073050
131.005351	1787824854192108032	-0.0010718879	-0.0001632839	0.0903061746
131.092458	1787824854279108352	-0.0009212126	-0.0015005391	0.0905963282
131.190424	1787824854378108160	0.0000912806	-0.0008452163	0.0895038156
131.298855	1787824854486108416	0.0005119601	-0.0006162467	0.0857744513
131.406491	1787824854594108160	0.0010472101	-0.0002612522	0.0915069165
131.485344	1787824854672108288	0.0000232002	0.0010027055	0.0859744290
131.609696	1787824854798108160	-0.0016915119	-0.0013493526	0.0861657583
131.698250	1787824854885108224	0.0001650999	0.0009268764	0.0917835132
131.793030	1787824854981108224	0.0011037131	-0.0016846047	0.0886461354
131.900187	1787824855089108224	-0.0008343594	-0.0000131284	0.0880503389
131.994145	1787824855182108160	-0.0007569975	-0.0016441777	0.0900378431
132.101114	1787824855290108160	-0.0003971118	0.0011036244	0.0814936395
132.191400	1787824855380108032	0.0007492311	-0.0002224213	0.0826049398
132.312465	1787824855500108288	0.0000098279	-0.0002009328	0.0915237593
132.410241	1787824855599108096	-0.0008271426	-0.0020828317	0.0838873798
132.499538	1787824855689108224	0.0006286402	0.0004266056	0.0891438657
132.604162	1787824855791108096	0.0003451580	0.0020746142	0.0920335598
132.704560	1787824855893108224	0.0005684986	0.0003751078	0.0886034750
132.799034	1787824855986108416	-0.0011299172	0.0010062316	0.0891269695
132.899704	1787824856088108288	-0.0004034332	-0.0007017232	0.0878707933
133.005561	1787824856193108224	-0.0000208517	-0.0005812448	0.0849793285
133.101137	1787824856289108224	-0.0003556194	0.0005088012	0.0836132557
133.198338	1787824856385108224	-0.0005522049	-0.0009706971	0.0782223510
133.296875	1787824856484108288	0.0009077660	-0.0002114677	0.0878970099
133.399907	1787824856589108224	0.0010510810	-0.0005430361	0.0911695078
133.496433	1787824856685108224	0.0002171567	-0.0021456875	0.0870995547
133.597231	1787824856784108288	0.0003833971	-0.0000903474	0.0817930688
133.706947	1787824856895108096	0.0009972077	0.0001323760	0.0881012104
133.798790	1787824856988108032	-0.0003096206	0.0018620920	0.0905009191
133.881908	1787824857069108224	-0.0005762508	0.0001106399	0.0871062187
133.991117	1787824857180108288	0.0001079712	0.0011994190	0.0876198525
134.104414	1787824857291108096	0.0006079735	0.0012377892	0.0919216843
134.210428	1787824857399108096	-0.0006090745	0.0002643045	0.0857383085
134.295026	1787824857483108352	-0.0009171345	-0.0004394956	0.0801031759
134.394800	1787824857582108160	0.0008229496	-0.0000403762	0.0943455889
134.490520	1787824857678108160	0.0009486003	0.0000614741	0.0966565173
134.599175	1787824857786108160	-0.0005078276	-0.0006756459	0.0891746388
134.692830	1787824857882108160	-0.0010138380	-0.0010207036	0.0903308676
134.803779	1787824857993108224	-0.0010140238	0.0002198725	0.0860361304
134.895207	1787824858083108096	0.0005342854	-0.0006641293	0.0867736424
134.994444	1787824858182108160	0.0001931233	0.0009187174	0.0870229029
135.095604	1787824858284108288	-0.0006134032	0.0001709304	0.0800091670
135.192556	1787824858380108032	0.0008885785	-0.0008679155	0.0896085753
135.299594	1787824858488108032	-0.0000461612	0.0014983365	0.0893654596
135.407378	1787824858596108288	0.0000093724	0.0000130660	0.0840519802
135.517502	1787824858707108352	-0.0011525368	-0.0002427139	0.0858709658
135.596270	1787824858785107968	-0.0000225929	0.0025125494	0.0876738243
135.699216	1787824858887108096	0.0014087970	-0.0008545714	0.0887040554
135.799654	1787824858989108224	-0.0009397956	-0.0007634561	0.0898415924
135.898653	1787824859088108288	0.0006238852	0.0000107859	0.0828144760
135.997234	1787824859184108288	0.0005257053	-0.0000042365	0.0919137385
136.095717	1787824859283108352	0.0007414180	-0.0007953469	0.0896011066
136.198510	1787824859388108288	0.0005459362	0.0002912448	0.0884592417
136.302559	1787824859490108160	0.0006365256	-0.0000435611	0.0936818715
136.389945	1787824859577108224	-0.0003677858	-0.0003591492	0.0893599083
136.503936	1787824859691108352	-0.0005459487	0.0011100446	0.0878658065
136.596324	1787824859784108288	0.0007691039	0.0013363316	0.0903172860
136.701303	1787824859889108224	0.0020958713	-0.0013111218	0.0867522239
136.801648	1787824859991108096	-0.0001386607	-0.0009330232	0.0850005933
136.897427	1787824860084108032	-0.0007332532	0.0000631653	0.0890570929
136.998229	1787824860186108160	0.0003668621	-0.0004904726	0.0820740753
137.096506	1787824860285107968	-0.0011315524	-0.0012084718	0.0861634558
137.198746	1787824860387108096	0.0005793011	0.0010355394	0.0834986046
137.295774	1787824860483108352	-0.0002693716	-0.0002583880	0.0863419424
137.391013	1787824860579108352	-0.0006004997	-0.0007944323	0.0887195671
137.501854	1787824860690108416	-0.0009593259	-0.0006513384	0.0838668891
137.593046	1787824860780108288	-0.0002346298	0.0004210802	0.0887219099
137.702347	1787824860891108352	-0.0002251728	-0.0004905710	0.0891420608
137.794922	1787824860984108288	0.0010136088	0.0003604452	0.0884535680
137.903262	1787824861092108288	-0.0008330639	0.0007539542	0.0897291266
138.007133	1787824861194108160	0.0004116521	0.0018627278	0.0901646277
138.103356	1787824861290108160	-0.0002997731	-0.0006035817	0.0902063016
138.196446	1787824861383108096	-0.0002216191	0.0015632322	0.0919658966
138.296099	1787824861485108224	0.0000915982	-0.0012176753	0.0858130575
138.394060	1787824861581107968	0.0004572962	-0.0005661498	0.0878783015
138.491922	1787824861680108288	0.0009746941	0.0006722703	0.0874136462
138.597056	1787824861785107968	-0.0003331849	-0.0000075952	0.0845617123
138.706663	1787824861896108032	0.0001146378	0.0005626674	0.0870739747
138.789634	1787824861977108224	0.0003310123	-0.0012198921	0.0818149831
138.903090	1787824862091108352	-0.0007721668	0.0005664905	0.0893150725
138.998390	1787824862187108352	0.0013889035	0.0004563606	0.0850994381
139.102420	1787824862289108224	-0.0000408971	0.0014308289	0.0809365475
139.199811	1787824862388108288	-0.0004674123	-0.0001718674	0.0945293336
139.307944	1787824862496108288	-0.0002351833	0.0002029039	0.0879495304
139.402880	1787824862592108288	0.0026090625	-0.0001500223	0.0817347462
139.504980	1787824862694108160	-0.0006272800	0.0017493090	0.0878359465
139.605538	1787824862793108224	-0.0007051722	0.0014835425	0.0833986384
139.704164	1787824862892108288	-0.0005721114	-0.0008767816	0.0886587040
139.789532	1787824862979108096	0.0002805618	0.0001379703	0.0864418935
139.899208	1787824863087108096	-0.0004108669	0.0001347976	0.0854673389
139.999459	1787824863186108160	-0.0007319672	0.0000879214	0.0868235311
140.105146	1787824863294108160	0.0010669148	-0.0004219295	0.0840233284
140.196186	1787824863384108288	-0.0010422769	0.0007772930	0.0874405339
140.290542	1787824863480108288	0.0011613052	-0.0010132729	0.0869510969
140.395537	1787824863585108224	-0.0008395830	-0.0005131588	0.0871226081
140.502891	1787824863690108416	-0.0007983112	0.0002161960	0.0873894004
140.607443	1787824863795108352	0.0002680417	0.0001901549	0.0882715928
140.696035	1787824863885108224	-0.0003490337	-0.0001061360	0.0857793166
140.795595	1787824863984108288	-0.0012925490	0.0001443863	0.0877746452
140.899665	1787824864089108224	0.0008092369	0.0007441868	0.0901820067
141.000075	1787824864188108288	0.0005253436	-0.0000288781	0.0774713601
141.111878	1787824864299108352	-0.0009584810	0.0006134100	0.0885970940
141.196051	1787824864383108096	-0.0007575227	0.0004327208	0.0896461978
141.313216	1787824864500108288	-0.0009973049	0.0000051446	0.0884995242
141.411230	1787824864599108096	0.0021314706	-0.0001323822	0.0884459617
141.496749	1787824864686108160	0.0001748448	-0.0007708665	0.0872285198
141.588830	1787824864776108288	0.0003552551	-0.0019096890	0.0882741773
141.694206	1787824864881108224	0.0010339229	-0.0006158399	0.0816512041
141.788897	1787824864977108224	0.0014806193	-0.0001666166	0.0913119234
141.888651	1787824865076108288	-0.0006653269	-0.0002353935	0.0888348945
142.004478	1787824865193108224	0.0000381782	-0.0005377066	0.0896921697
142.104942	1787824865292108288	0.0018902332	-0.0001780000	0.0879878018
142.190475	1787824865379108096	0.0004087018	0.0009053448	0.0930241226
142.295363	1787824865484108288	-0.0006005513	0.0016645601	0.0875278371
142.397622	1787824865586108160	-0.0011005561	-0.0002450512	0.0822385795
142.489438	1787824865676108032	0.0014447851	0.0004725211	0.0792671891
142.602740	1787824865790108160	-0.0003882009	-0.0006180372	0.0870921288
142.700650	1787824865889108224	-0.0001143492	-0.0026795921	0.0847274145
142.789786	1787824865979108096	0.0000801698	-0.0008718404	0.0924079322
142.907245	1787824866096108288	0.0015311829	0.0002120642	0.0873681309
143.002184	1787824866189108224	0.0006275078	0.0010955493	0.0865901332
143.101278	1787824866288108032	0.0000395713	-0.0014892902	0.0885132496
143.195577	1787824866384108288	-0.0011077041	-0.0005474702	0.0864047406
143.297997	1787824866486108416	-0.0006236475	-0.0013627995	0.0891133676
143.399398	1787824866588108288	0.0004223439	0.0000524028	0.0888553642
143.499307	1787824866687108352	0.0011399608	-0.0018018384	0.0888461932
143.597160	1787824866786108160	0.0009699193	0.0004714636	0.0891527651
143.709475	1787824866897108224	-0.0002268288	0.0009053492	0.0838563693
143.806306	1787824866993108224	-0.0001464411	-0.0004620334	0.0949322333
143.907330	1787824867095108352	-0.0007579140	-0.0014983141	0.0886062196
143.995007	1787824867182108160	-0.0004629289	-0.0008170548	0.0892920144
144.104366	1787824867293108224	-0.0006244282	0.0011871820	0.0878113412
144.188892	1787824867377108224	0.0003953025	0.0001899641	0.0872656600
144.292430	1787824867479108096	-0.0005054797	0.0015702535	0.0917670510
144.394177	1787824867581107968	-0.0013849245	-0.0002840715	0.0817872558
144.499998	1787824867689108224	-0.0015514101	0.0010886899	0.0807096634
144.591569	1787824867779108352	-0.0006543303	-0.0002033022	0.0904783165
144.696014	1787824867884108288	0.0006061193	0.0024075183	0.0868952397
144.809808	1787824867998108160	0.0001006681	-0.0006499058	0.0876263485
144.898294	1787824868085108224	0.0006595129	0.0015201131	0.0891315822
145.000651	1787824868190108416	-0.0013788792	0.0005977442	0.0885664850
145.112360	1787824868301108224	-0.0000154389	-0.0006594336	0.0907114029
145.201176	1787824868388108288	-0.0011940502	0.0020801381	0.0801626988
145.299119	1787824868487108352	0.0000249060	0.0007335832	0.0889093290
145.393288	1787824868580108288	-0.0004502412	-0.0007918834	0.0869272990
145.497036	1787824868685108224	0.0004683509	-0.0012585896	0.0880521638
145.601256	1787824868790108160	0.0001793033	0.0003587911	0.0866340560
145.697735	1787824868886108160	-0.0006003599	-0.0004632697	0.0832390306
145.797764	1787824868985108224	0.0003273727	-0.0006845190	0.0920454926
145.892365	1787824869081107968	-0.0003947448	0.0006996124	0.0867814135
145.990806	1787824869180108288	-0.0006114413	0.0003188247	0.0882191593
146.096248	1787824869285107968	-0.0004238444	0.0002626534	0.0850307664
146.192288	1787824869381108224	-0.0007963418	0.0001329409	0.0912308528
146.293972	1787824869483108352	-0.0016341570	-0.0006260358	0.0877448160
146.403900	1787824869591108352	0.0006747356	-0.0005101814	0.0882230342
146.505797	1787824869693108224	0.0001477852	0.0001429221	0.0873113336
146.607540	1787824869795108352	-0.0002432668	0.0003154396	0.0860134714
146.692770	1787824869882108160	0.0007188507	0.0008995655	0.0888924157
146.787073	1787824869975108096	-0.0013874952	-0.0013961591	0.0904434633
146.909120	1787824870098108416	-0.0012027272	0.0005309310	0.0913457656
146.995532	1787824870185108224	-0.0015320341	-0.0008422357	0.0868164661
147.084213	1787824870272108288	-0.0002999834	-0.0010541028	0.0815618117
147.193183	1787824870380108032	0.0009292827	0.0005606382	0.0849929114
147.299476	1787824870488108032	-0.0013148952	-0.0002339629	0.0857398988
147.402971	1787824870590108160	0.0000031662	-0.0004687789	0.0872703552
147.497453	1787824870686108160	-0.0001388080	-0.0013422009	0.0924625431
147.604880	1787824870794108160	-0.0003382910	0.0001570841	0.0948299042
147.697815	1787824870887108096	0.0001881727	-0.0003916363	0.0900386449
147.809813	1787824870998108160	-0.0006874615	-0.0012690204	0.0909537688
147.899307	1787824871088108288	-0.0010822758	0.0002748135	0.0911660763
148.008054	1787824871196108032	-0.0005384353	-0.0009376075	0.0888159539
148.104793	1787824871292108288	-0.0000568067	-0.0014018636	0.0856268509
148.198635	1787824871388108288	0.0003554930	0.0000256987	0.0862113596
148.309645	1787824871499108352	-0.0005236310	-0.0005899756	0.0867134154
148.384215	1787824871571108096	-0.0011827097	-0.0010086912	0.0830364069
148.505171	1787824871694108160	0.0000363935	-0.0005560568	0.0921259793
148.597345	1787824871784108288	0.0010540836	0.0000847897	0.0873472979
148.688987	1787824871877108224	-0.0003876687	-0.0015517892	0.0891780322
148.808390	1787824871997108224	-0.0001385426	0.0006400344	0.0837320160
148.891532	1787824872081107968	0.0001778861	0.0004275582	0.0787776789
148.999159	1787824872186108160	-0.0002111936	-0.0003998860	0.0830501985
149.095466	1787824872282108416	-0.0005747741	0.0012504449	0.0914982003
149.209614	1787824872399108096	-0.0006460319	0.0001826173	0.0824738919
149.310225	1787824872498108160	-0.0005073199	-0.0006378097	0.0942672372
149.403568	1787824872591108352	-0.0007631212	0.0011152945	0.0987461442
149.507764	1787824872696108032	-0.0014703338	0.0003703287	0.0870698880
149.604818	1787824872792108288	-0.0002558767	0.0002416253	0.0817646347
149.701844	1787824872891108352	0.0011634813	0.0007549554	0.0974124374
149.806225	1787824872993108224	-0.0005131998	0.0010625564	0.0851758996
149.910702	1787824873098108416	0.0001001484	-0.0005836556	0.0860916152
149.995098	1787824873182108160	-0.0014609168	-0.0017799066	0.0840079077
150.096134	1787824873284108288	0.0007847673	-0.0011288799	0.0839323394
150.194782	1787824873383108096	-0.0008278778	-0.0009264152	0.0866393312
150.294639	1787824873482108160	0.0002860028	-0.0015816994	0.0886491352
150.397744	1787824873587108096	0.0000473422	-0.0015532430	0.0874224115
150.490568	1787824873680108288	0.0004418470	-0.0009292217	0.0873789334
150.604991	1787824873794108160	-0.0016230308	0.0015415634	0.0868694545
150.705679	1787824873893108224	-0.0002025904	-0.0002927640	0.0856811223
150.801613	1787824873989108224	0.0002161810	0.0004997100	0.0828592017
150.892486	1787824874079108352	0.0002025613	-0.0001009695	0.0922031332
150.994798	1787824874184108288	0.0002593107	-0.0004467394	0.0880121887
151.090317	1787824874277108224	0.0003892995	0.0009240696	0.0914183612
151.196941	1787824874385108224	0.0001046222	-0.0000688087	0.0896983148
151.296913	1787824874484108288	0.0010810020	0.0016904292	0.0908321642
151.390950	1787824874580108288	-0.0021258108	0.0008471014	0.0869129678
151.503474	1787824874691108352	0.0006023511	-0.0017120640	0.0898588970
151.597846	1787824874787108096	-0.0009283945	-0.0007053765	0.0858541216
151.688340	1787824874877108224	0.0001124049	-0.0012668117	0.0940855945
151.808588	1787824874997108224	0.0017020547	0.0011443547	0.0853113809
151.895265	1787824875084108032	0.0010300280	0.0010494899	0.0883371641
151.993271	1787824875180108288	-0.0008518284	-0.0011839548	0.0833253824
152.095249	1787824875282108416	0.0014751881	-0.0000781962	0.0860006432
152.195521	1787824875384108288	-0.0006285294	-0.0002480270	0.0901929924
152.293833	1787824875483108352	-0.0004252356	-0.0002961572	0.0880547638
152.398516	1787824875588108288	0.0015462157	0.0004059672	0.0952477294
152.486897	1787824875675108096	-0.0011117368	0.0008547740	0.0794540870
152.601458	1787824875789108224	0.0009593011	0.0001601321	0.0871359698
152.694668	1787824875882108160	-0.0004031135	0.0007526909	0.0910426959
152.797407	1787824875984108288	0.0005579483	0.0013472910	0.0817446932
152.900128	1787824876089108224	-0.0004839265	-0.0003096301	0.0857719990
152.997010	1787824876185108224	0.0010620843	-0.0007979843	0.0857315159
153.094296	1787824876281108224	-0.0001729278	0.0008846292	0.0840242651
153.197580	1787824876386108160	-0.0003102930	-0.0000652464	0.0866394701
153.306300	1787824876494108160	0.0002092891	-0.0003281098	0.0861249759
153.387382	1787824876575108352	0.0017640414	0.0006668800	0.0868654661
153.494533	1787824876683108096	0.0003871877	0.0005173648	0.0895509044
153.596964	1787824876785107968	-0.0009542204	-0.0001207609	0.0887598440
153.705767	1787824876893108224	-0.0000838447	0.0004789579	0.0825491450
153.793247	1787824876980108288	0.0013145506	-0.0010511990	0.0838436167
153.903964	1787824877091108352	-0.0000773514	0.0003814706	0.0914071235
153.993903	1787824877181108224	0.0000581392	0.0014132877	0.0845366312
154.100106	1787824877289108224	-0.0003504338	-0.0004760544	0.0862752896
154.210465	1787824877397108224	-0.0005819224	0.0016597232	0.0910048121
154.303211	1787824877490108160	0.0003152960	-0.0006567728	0.0880411146
154.408816	1787824877598108416	0.0010630063	-0.0013875207	0.0881339018
154.498930	1787824877688108288	0.0006478404	-0.0004061256	0.0874742319
154.599994	1787824877787108096	0.0005275583	0.0011467272	0.0899665991
154.690854	1787824877880108032	0.0014650848	-0.0009114205	0.0882044340
154.794869	1787824877982108160	-0.0020920649	-0.0000404321	0.0860658533
154.905935	1787824878093108224	0.0000025821	0.0008112463	0.0906902982
154.993566	1787824878183108096	0.0000213063	0.0007592934	0.0926646911
155.095320	1787824878282108416	-0.0000879892	0.0012518982	0.0912149527
155.206307	1787824878393108224	-0.0010296597	-0.0006592563	0.0887594858
155.298011	1787824878486108416	0.0021539049	-0.0002142329	0.0836623841
155.395142	1787824878582108160	-0.0002401347	-0.0001805168	0.0888285795
155.501198	1787824878690108416	-0.0011706870	0.0021027414	0.0834824457
155.597481	1787824878786108160	0.0016889396	-0.0016610055	0.0851564661
155.689836	1787824878879108096	0.0009046467	0.0004101390	0.0855537511
155.788727	1787824878978108160	0.0005585994	-0.0004694152	0.0867862542
155.901363	1787824879089108224	-0.0009185839	0.0003588035	0.0843520442
156.000447	1787824879188108288	0.0007617316	0.0010264608	0.0866453411
156.094134	1787824879281108224	0.0006807075	0.0002500350	0.0894919610
156.186214	1787824879374108416	-0.0001931408	-0.0001422202	0.0930743581
156.293281	1787824879482108160	0.0009988637	0.0012024226	0.0877869544
156.395928	1787824879584108032	0.0002585219	0.0011815116	0.0880491848
156.495286	1787824879683108096	-0.0005508898	-0.0010694001	0.0847010679
156.601373	1787824879788108032	-0.0000972796	-0.0013499633	0.0898122785
156.696711	1787824879884108288	0.0004893711	-0.0000397610	0.0857919414
156.801108	1787824879989108224	0.0003406373	0.0005998573	0.0842829647
156.893580	1787824880082108160	0.0007835300	-0.0004421479	0.0857296148
157.003919	1787824880193108224	0.0005705780	-0.0001762501	0.0875703018
157.100481	1787824880289108224	-0.0001044770	0.0013095370	0.0932346808
157.198262	1787824880385108224	0.0001184425	-0.0006250873	0.0891890825
157.307909	1787824880496108288	0.0003455127	0.0006394363	0.0883990817
157.400884	1787824880589108224	-0.0002861297	0.0001845573	0.0861633384
157.503274	1787824880691108352	-0.0001061639	0.0007040625	0.0893317809
157.606266	1787824880793108224	-0.0003776609	-0.0002272369	0.0916754275
157.691881	1787824880880108032	0.0005139565	0.0000585165	0.0862991604
157.800693	1787824880988108032	-0.0010052675	0.0010443127	0.0867102151
157.899050	1787824881087108096	0.0001926067	-0.0003464098	0.0895899523
158.011902	1787824881201108224	-0.0004288260	-0.0008455213	0.0812512258
158.101576	1787824881291108096	0.0028122228	0.0010935893	0.0868711713
158.207356	1787824881396108032	-0.0004202377	0.0002370346	0.0864394360
158.303559	1787824881492108032	-0.0015935579	0.0002722775	0.0892040368
158.408200	1787824881597108224	-0.0003457101	0.0003966194	0.0823831634
158.506435	1787824881693108224	-0.0000300803	-0.0019695236	0.0922384074
158.587813	1787824881777108224	-0.0004941401	0.0000194992	0.0923284340
158.704202	1787824881891108352	-0.0007898696	0.0001906192	0.0882136441
158.810357	1787824881999108352	-0.0017523640	0.0005245372	0.0810128417
158.890864	1787824882080108288	-0.0016323785	-0.0011537506	0.0915392760
159.005685	1787824882194108160	0.0000599014	-0.0007429861	0.0882066045
159.105300	1787824882293108224	-0.0011154635	-0.0012171919	0.0858957607
159.203042	1787824882392108288	0.0003487831	0.0003876635	0.0930810494
159.308153	1787824882497108224	-0.0001119833	-0.0001012010	0.0934478213
159.402220	1787824882590108160	-0.0001505756	0.0011039218	0.0955261537
159.491643	1787824882680108288	-0.0006822280	0.0001894740	0.0855531605
159.604236	1787824882791108096	-0.0007413716	-0.0011500604	0.0906885219
159.701735	1787824882890108160	0.0004185655	-0.0008782690	0.0904695095
159.802199	1787824882989108224	-0.0000245516	-0.0013122376	0.0946495936
159.894127	1787824883082108160	-0.0015474165	-0.0001585858	0.0850078904
159.986877	1787824883175108096	0.0001905827	-0.0007152477	0.0808325394
160.105160	1787824883292108288	-0.0003684494	-0.0003980391	0.0900310504
160.196552	1787824883385108224	0.0015304139	0.0003043025	0.0915370018
160.297252	1787824883484108288	-0.0010152846	0.0005911224	0.0891338690
160.403770	1787824883592108288	0.0008439983	0.0005283012	0.0893075852
160.504598	1787824883694108160	-0.0008677336	0.0000893614	0.0923619713
160.608589	1787824883796108288	0.0003948050	-0.0011702481	0.0860404151
160.700882	1787824883889108224	-0.0004079426	-0.0006690858	0.0862463233
160.799209	1787824883988108032	0.0010771685	-0.0005334193	0.0827113409
160.904385	1787824884093108224	0.0001837925	-0.0011020094	0.0866804700
160.998855	1787824884186108160	-0.0006518978	0.0001376799	0.0885145708
161.097523	1787824884285107968	-0.0000510308	-0.0006935429	0.0884945076
161.199292	1787824884387108096	0.0000100568	0.0012834926	0.0890836124
161.297099	1787824884486108416	-0.0005732882	-0.0005877083	0.0836060109
161.407920	1787824884597108224	0.0002698244	0.0004875083	0.0878371784
161.504899	1787824884693108224	-0.0014255339	-0.0005841948	0.0849724717
161.601536	1787824884789108224	-0.0001498843	0.0002492904	0.0920002170
161.704360	1787824884891108352	0.0011826179	-0.0007140328	0.0890195899
161.786835	1787824884975108096	0.0007345511	0.0004373866	0.0863108374
161.889881	1787824885077108224	0.0006850210	-0.0002478381	0.0827526400
162.001985	1787824885191108352	0.0000022449	0.0000897041	0.0895147942
162.106282	1787824885293108224	-0.0000808944	-0.0009520414	0.0866776934
162.196102	1787824885383108096	-0.0003284141	-0.0008145222	0.0867460648
162.299637	1787824885488108032	-0.0004545244	0.0003614141	0.0878135631
162.398850	1787824885587108096	-0.0011137942	-0.0001498670	0.0875047507
162.504225	1787824885692108032	-0.0005853406	-0.0002888124	0.0877426118
162.616837	1787824885806108160	0.0006808664	0.0013852850	0.0870809657
162.704731	1787824885893108224	0.0005446165	-0.0020961567	0.0902464904
162.796613	1787824885986108416	0.0018545846	0.0000322889	0.0873347252
162.901769	1787824886091108352	-0.0007963603	0.0002588987	0.0843416720
162.998265	1787824886187108352	-0.0010479243	0.0006675419	0.0804099050
163.101984	1787824886289108224	0.0007517060	0.0009153019	0.0893174341
163.196375	1787824886385108224	-0.0006457815	-0.0005673780	0.0871898392
163.296634	1787824886484108288	0.0000015763	0.0003202386	0.0885119904
163.401055	1787824886589108224	0.0005339734	-0.0008629930	0.0795917332
163.495151	1787824886682108160	0.0006696504	-0.0006659936	0.0903138412
163.595148	1787824886784108288	-0.0011907902	0.0000192800	0.0856483974
163.697430	1787824886886108160	-0.0001625967	-0.0011896527	0.0850565058
163.805255	1787824886994108160	-0.0010590159	0.0010151541	0.0837846384
163.896326	1787824887084108032	0.0000598996	-0.0001706538	0.0887450911
163.997236	1787824887186108160	-0.0000869027	0.0012824874	0.0836035489
164.093580	1787824887282108416	-0.0015449563	0.0005946583	0.0934163964
164.203781	1787824887393108224	-0.0003073139	0.0007378660	0.0906486306
164.298430	1787824887486108416	0.0007101705	-0.0008711635	0.0886938369
164.395468	1787824887582108160	0.0002560745	-0.0003656004	0.0879437098
164.504800	1787824887693108224	-0.0001758199	0.0007786049	0.0845887958
164.595099	1787824887783108352	0.0000063499	0.0000248546	0.0877453752
164.692257	1787824887879108096	0.0002247850	-0.0008861597	0.0887888089
164.800035	1787824887987108352	-0.0012951939	-0.0000187357	0.0857546776
164.895333	1787824888083108096	0.0008196781	-0.0012226973	0.0883480923
165.003899	1787824888191108352	0.0000364266	0.0016636226	0.0847787014
165.083673	1787824888272108288	0.0003455767	-0.0004974235	0.0932708359
165.207069	1787824888395108096	0.0003868408	-0.0010636239	0.0845076125
165.303183	1787824888491108096	0.0023497462	-0.0010808035	0.0790384177
165.396752	1787824888584108032	0.0001823617	0.0011791758	0.0880736612
165.504985	1787824888692108032	-0.0003559949	-0.0002105716	0.0874925367
165.606134	1787824888794108160	-0.0009208418	-0.0000798035	0.0862055418
165.708854	1787824888896108032	-0.0001320564	0.0002570615	0.0861686404
165.792887	1787824888980108288	-0.0000368335	0.0007045959	0.0872563885
165.901693	1787824889091108352	0.0001838381	0.0003086712	0.0889560536
165.993786	1787824889181108224	-0.0001904264	-0.0000852458	0.0829074128
166.098957	1787824889286108160	-0.0006552269	0.0007607208	0.0857641558
166.202763	1787824889391108352	0.0005078699	0.0004212085	0.0862822425
166.297834	1787824889487108352	-0.0001137353	0.0004204954	0.0884604320
166.395366	1787824889583108096	0.0012191004	0.0008459924	0.0881218766
166.504754	1787824889694108160	0.0005860744	-0.0001530670	0.0885086647
166.610665	1787824889799108352	-0.0001512978	-0.0000639339	0.0835517048
166.696010	1787824889883108096	-0.0002608970	-0.0010096807	0.0888526122
166.794462	1787824889982108160	-0.0015751289	-0.0013086904	0.0884761508
166.915544	1787824890105108224	-0.0008239818	-0.0008310466	0.0788941334
166.989898	1787824890177108224	0.0004438883	-0.0002787342	0.0890523078
167.101239	1787824890288108032	-0.0014215216	-0.0006403824	0.0843969302
167.207403	1787824890396108032	-0.0001879394	0.0003574091	0.0896432784
167.293996	1787824890483108352	-0.0005829356	0.0003738876	0.0904934524
167.410379	1787824890597108224	0.0009343738	0.0012399732	0.0924950675
167.501258	1787824890690108416	-0.0000702020	0.0005397888	0.0867721091
167.599130	1787824890786108160	0.0001854214	-0.0009677414	0.0856301060
167.703685	1787824890891108352	-0.0007183072	-0.0007686020	0.0905397949
167.807935	1787824890996108288	0.0007578907	0.0003911317	0.0890081653
167.906464	1787824891095108352	-0.0012602425	-0.0009840475	0.0892055765
167.990848	1787824891179108096	-0.0013609082	-0.0001570899	0.0865959213
168.099904	1787824891287108096	-0.0010760272	-0.0012669890	0.0842737100
168.203990	1787824891392108288	-0.0008405821	0.0001647171	0.0829575726
168.303587	1787824891491108096	-0.0016735513	-0.0016997812	0.0861688179
168.414541	1787824891602108160	0.0001343928	0.0001027143	0.0866260808
168.498546	1787824891686108160	0.0000058294	0.0005444618	0.0869446689
168.602211	1787824891791108096	-0.0014259036	-0.0002346086	0.0872613914
168.688305	1787824891875108352	0.0007877631	-0.0000282763	0.0872152095
168.800170	1787824891989108224	0.0009673261	0.0002229900	0.0880840780
168.902511	1787824892091108352	-0.0008105812	-0.0005150755	0.0828537303
168.998828	1787824892187108352	-0.0007324100	-0.0005818254	0.0850025700
169.106783	1787824892295108352	-0.0007769005	-0.0012592237	0.0880136799
169.206378	1787824892394108416	-0.0007577335	-0.0004978018	0.0867724053
169.298763	1787824892487108352	-0.0000012434	-0.0003353605	0.0853949647
169.401511	1787824892589108224	0.0010122586	0.0005210648	0.0930082434
169.499185	1787824892688108288	0.0004223296	0.0002159620	0.0833523039
169.599598	1787824892787108096	-0.0009783417	-0.0008810433	0.0830435712
169.701884	1787824892889108224	0.0008437222	0.0004273654	0.0882888990
169.798504	1787824892988108032	0.0009913548	-0.0016863317	0.0965933311
169.906488	1787824893093108224	0.0004245577	-0.0001307440	0.0915784590
169.995232	1787824893183108096	0.0003985706	0.0004632430	0.0846402609
170.096892	1787824893285107968	-0.0003298930	0.0002040944	0.0927340478
170.207418	1787824893396108032	0.0002746970	0.0005370259	0.0861500502
170.297326	1787824893486108416	-0.0008351903	0.0000345309	0.0839754616
170.405375	1787824893594108160	0.0017527876	0.0003179176	0.0820725550
170.495470	1787824893684108288	-0.0005820932	-0.0005990216	0.0898698663
170.604846	1787824893792108288	0.0002616759	-0.0002031240	0.0876358183
170.691960	1787824893879108096	-0.0002955370	-0.0008547421	0.0874906200
170.803027	1787824893990108160	-0.0005528791	0.0001482296	0.0917747534
170.895677	1787824894083108096	-0.0003147766	0.0005954986	0.0911822256
171.010932	1787824894200108288	-0.0005623097	0.0005449255	0.0883400600
171.108890	1787824894296108288	-0.0010608009	-0.0002134392	0.0882806325
171.186823	1787824894374108416	0.0009998704	-0.0000957118	0.0895791069
171.299986	1787824894488108032	-0.0004073138	0.0002270891	0.0860084253
171.405339	1787824894593108224	0.0018831004	0.0001308718	0.0867697700
171.503901	1787824894692108032	0.0010117718	-0.0004214440	0.0892022198
171.600387	1787824894788108032	0.0003604481	-0.0005858637	0.0878035782
171.703863	1787824894893108224	0.0011221057	-0.0008933543	0.0902574521
171.803030	1787824894992108032	-0.0010116890	0.0013745559	0.0797742942
171.895699	1787824895085108224	-0.0015004779	0.0014116198	0.0871172268
172.012289	1787824895199108096	-0.0000208054	-0.0002004473	0.0867206690
172.100077	1787824895289108224	0.0003836631	0.0008638894	0.0831234755
172.204423	1787824895391108352	0.0013945209	-0.0011658429	0.0881927440
172.299674	1787824895487108352	-0.0000336514	0.0008015645	0.0889325416
172.392316	1787824895580108288	-0.0011626143	0.0006815183	0.0882484662
172.486525	1787824895676108032	0.0000293868	-0.0002575523	0.0870330500
172.613401	1787824895802108160	-0.0002125401	0.0009772397	0.0871686862
172.694669	1787824895883108096	-0.0007529545	0.0003401468	0.0929755685
172.792195	1787824895979108096	-0.0000450785	0.0008316053	0.0914102558
172.902567	1787824896090108160	-0.0004321112	0.0005943095	0.0851819992
172.997658	1787824896186108160	0.0006660784	-0.0000329183	0.0933227051
173.099093	1787824896288108032	-0.0007291942	-0.0009194804	0.0847017157
173.206575	1787824896396108032	-0.0005799845	0.0004176996	0.0825674694
173.299228	1787824896486108416	0.0009247713	0.0001983309	0.0906213363
173.397167	1787824896585108224	0.0001997973	-0.0008241903	0.0869065028
173.496599	1787824896684108288	-0.0009228257	0.0005599523	0.0881061141
173.603363	1787824896792108288	-0.0003639590	0.0006337073	0.0875109753
173.702476	1787824896891108352	-0.0014305928	0.0000724315	0.0961970020
173.794492	1787824896981108224	-0.0013087233	0.0004571214	0.0869117290
173.906124	1787824897095108352	-0.0008541479	0.0001935590	0.0937250857
173.995527	1787824897185108224	0.0005439727	0.0009404153	0.0831839273
174.091758	1787824897281108224	0.0005962428	-0.0002556603	0.0889905987
174.202348	1787824897389108224	-0.0006205024	-0.0015577480	0.0820842126
174.299290	1787824897488108032	-0.0006286144	0.0004949767	0.0922167327
174.397370	1787824897584108032	0.0006102613	0.0007573571	0.0899517086
174.498974	1787824897686108160	0.0001418404	-0.0011670189	0.0886177253
174.604328	1787824897791108096	-0.0009378627	-0.0006310355	0.0837606407
174.693694	1787824897881108224	0.0000283969	0.0001417302	0.0930207542
174.792611	1787824897980108288	-0.0003910276	0.0000699918	0.0892904346
174.893850	1787824898082108160	-0.0006968453	0.0004734690	0.0862102881
175.000370	1787824898187108352	0.0012451576	-0.0008029233	0.0851629849
175.086244	1787824898274108160	-0.0001483851	-0.0015834512	0.0845387051
175.190542	1787824898379108096	0.0004131269	-0.0010999191	0.0882673296
175.303939	1787824898493108224	-0.0002703572	0.0002786112	0.0877593900
175.405171	1787824898592108288	0.0016431894	-0.0017082295	0.0866802714
175.503536	1787824898691108352	0.0004215634	-0.0007745453	0.0892283168
175.608203	1787824898796108288	-0.0011515938	-0.0017122462	0.0915469827
175.693633	1787824898883108096	-0.0003928681	0.0000048331	0.0848061128
175.795963	1787824898985108224	0.0001655269	-0.0001441112	0.0883243412
175.888595	1787824899078108416	-0.0000625836	-0.0003906992	0.0820356969
175.995684	1787824899183108096	-0.0003353530	0.0004566623	0.0870914581
176.110706	1787824899300108288	0.0008586004	-0.0004665828	0.0846816192
176.210446	1787824899399108096	-0.0003748386	0.0020560569	0.0835182165
176.295607	1787824899483108352	-0.0004210676	0.0016532486	0.0890749645
176.390015	1787824899579108352	0.0003102376	-0.0006124962	0.0886393275
176.508872	1787824899696108032	-0.0000899577	0.0010144094	0.0860785697
176.589130	1787824899777108224	-0.0008773595	-0.0004977247	0.0876772363
176.692143	1787824899879108096	-0.0002031750	0.0002932209	0.0868104472
176.803521	1787824899993108224	0.0004944956	0.0009172608	0.0794805463
176.898571	1787824900086108160	0.0005969804	-0.0008112529	0.0910010847
176.996011	1787824900185108224	0.0012090327	-0.0003917246	0.0915153015
177.110300	1787824900299108352	0.0009850045	0.0007825680	0.0891697466
177.200927	1787824900389108224	-0.0004451862	-0.0003407076	0.0858131538
177.303024	1787824900491108096	0.0006550107	-0.0001088325	0.0884106340
177.394432	1787824900581107968	-0.0000117064	0.0005469534	0.0843045030
177.500590	1787824900689108224	-0.0003007911	-0.0004538007	0.0841825102
177.594023	1787824900782108416	-0.0002017749	0.0002288961	0.0913541607
177.690684	1787824900878108160	0.0002114014	0.0004581680	0.0834617026
177.798643	1787824900986108416	-0.0002946559	0.0009189756	0.0819711396
177.902410	1787824901091108352	-0.0003045856	0.0010156980	0.0821051697
177.998013	1787824901187108352	-0.0009142039	0.0002113650	0.0872308720
178.098019	1787824901286108160	0.0005337690	0.0002994360	0.0874430027
178.196768	1787824901385108224	-0.0008986776	0.0005769135	0.0872518960
178.308907	1787824901496108288	-0.0004965053	0.0001715536	0.0890958762
178.393205	1787824901580108288	0.0016310333	0.0013051963	0.0902110404
178.494894	1787824901682108160	0.0003905040	0.0002878882	0.0882767569
178.593676	1787824901781108224	0.0011177173	-0.0003796597	0.0946853459
178.689838	1787824901877108224	0.0013375522	-0.0008624599	0.0792224481
178.813202	1787824902000108288	0.0002020666	0.0016237707	0.0881188106
178.899110	1787824902087108096	-0.0006166387	0.0002460190	0.0864542785
178.992151	1787824902180108288	-0.0003702045	-0.0018876017	0.0859793774
179.099318	1787824902288108032	-0.0006997072	0.0001939170	0.0882013523
179.210185	1787824902399108096	-0.0003094417	-0.0005080659	0.0930923463
179.302429	1787824902489108224	0.0008787695	0.0006528158	0.0848029467
179.406368	1787824902594108160	-0.0002526306	-0.0004451060	0.0862262335
179.511184	1787824902699108096	-0.0002646868	0.0009225541	0.0906274242
179.598852	1787824902786108160	-0.0016807099	-0.0006986859	0.0788895562
179.702628	1787824902891108352	0.0011029842	-0.0000957020	0.0861116588
179.809148	1787824902996108288	0.0001211505	-0.0000239578	0.0822596714
179.898719	1787824903086108160	0.0003940482	-0.0012875270	0.0915073977
180.005523	1787824903194108160	0.0007967482	0.0006113134	0.0885379829
180.106379	1787824903293108224	0.0001962867	0.0007358396	0.0880004352
180.201422	1787824903389108224	0.0012664544	-0.0003198771	0.0875179369
180.297282	1787824903485108224	-0.0009720740	-0.0006687550	0.0844658877
180.402955	1787824903590108160	0.0018636470	-0.0004905412	0.0861535201
180.498070	1787824903686108160	-0.0013519130	-0.0003718735	0.0921933234
180.603961	1787824903791108096	0.0005812522	0.0003272807	0.0870936529
180.694661	1787824903884108288	-0.0005230482	-0.0014082481	0.0877505597
180.803534	1787824903992108032	0.0015575730	-0.0007673940	0.0846456986
180.908661	1787824904097108224	0.0012006296	0.0000951476	0.0864220161
180.997972	1787824904187108352	-0.0009304259	0.0008541318	0.0856770010
181.096307	1787824904283108352	0.0016072394	-0.0010313680	0.0838345799
181.194309	1787824904382108160	-0.0011379903	0.0008796721	0.0925479423
181.304943	1787824904493108224	-0.0007597685	0.0011376264	0.0890150010
181.393434	1787824904580108288	0.0013536959	0.0008105576	0.0905826440
181.500554	1787824904688108288	0.0000200826	0.0004923883	0.0910837102
181.595753	1787824904784108288	0.0004390185	-0.0000699592	0.0952219670
181.714313	1787824904901108224	0.0004650872	-0.0006962908	0.0870343522
181.798314	1787824904985108224	0.0006100396	-0.0006838643	0.0948121590
181.904829	1787824905093108224	-0.0010201598	-0.0007565480	0.0806236176
182.006530	1787824905195108096	-0.0001721688	0.0002828780	0.0869541864
182.106735	1787824905294108160	0.0009944845	0.0003130405	0.0827395235
182.189723	1787824905378108160	0.0000067859	0.0010160559	0.0851273664
182.296328	1787824905483108352	0.0008591983	-0.0008400353	0.0840481983
182.400013	1787824905588108288	0.0017369957	0.0004610730	0.0870824519
182.492272	1787824905681108224	0.0015821341	0.0007690712	0.0864131432
182.607523	1787824905795108352	-0.0007151420	0.0002249597	0.0893727375
182.711705	1787824905900108032	-0.0008242229	-0.0001522465	0.0867592491
182.804562	1787824905993108224	0.0005710570	-0.0011696196	0.0903962751
182.894390	1787824906083108096	-0.0010690125	-0.0002733581	0.0848811130
182.989011	1787824906176108032	0.0004441583	-0.0003746550	0.0897372901
183.094733	1787824906284108288	-0.0001952072	0.0002825647	0.0888824632
183.204235	1787824906392108288	-0.0004090628	0.0004881363	0.0850586796
183.289662	1787824906479108096	-0.0005368959	0.0000994074	0.0886044569
183.410939	1787824906599108096	0.0011402075	-0.0011087515	0.0913942399
183.501066	1787824906689108224	0.0002089708	0.0022215028	0.0843557642
183.600391	1787824906788108032	0.0005474644	-0.0001649230	0.0944263664
183.697132	1787824906884108288	-0.0000119308	0.0004654596	0.0839122256
183.791261	1787824906980108288	-0.0014858560	-0.0012543862	0.0772717976
183.903096	1787824907091108352	0.0005647623	0.0003735748	0.0874776700
184.002509	1787824907190108416	0.0002302161	0.0009961926	0.0894265784
184.100603	1787824907289108224	-0.0010641722	0.0026267776	0.0862658831
184.202564	1787824907391108352	0.0004154138	-0.0010744657	0.0871482747
184.302553	1787824907490108160	0.0000004475	0.0002440484	0.0907122559
184.397869	1787824907586108160	-0.0007576680	-0.0004871455	0.0811470784
184.498146	1787824907685108224	0.0007683085	-0.0001677311	0.0852280503
184.603151	1787824907790108160	0.0005117852	-0.0001388624	0.0837177412
184.703743	1787824907892108288	0.0018812057	-0.0007383503	0.0881466709
184.801792	1787824907991108096	-0.0002329002	-0.0014291338	0.0893051169
184.905242	1787824908093108224	-0.0019929968	-0.0015769208	0.0833363052
185.008981	1787824908198108160	0.0000465957	0.0007004134	0.0866232018
185.085544	1787824908273108224	0.0002512256	0.0002324075	0.0893963836
185.204356	1787824908393108224	-0.0012832370	0.0005235112	0.0854784262
185.293810	1787824908483108352	0.0003644014	-0.0006422780	0.0900022857
185.388396	1787824908576108288	-0.0008738090	-0.0007445252	0.0861094900
185.509610	1787824908699108096	0.0014671217	-0.0001092353	0.0879343480
185.596382	1787824908783108352	-0.0002047911	-0.0000220669	0.0898800984
185.700418	1787824908888108288	0.0003043351	0.0001750306	0.0888370436
185.790340	1787824908978108160	0.0007309043	0.0003217627	0.0892496441
185.896123	1787824909083108096	-0.0016535680	-0.0001995422	0.0864590439
186.000573	1787824909188108288	0.0011435971	0.0005121809	0.0899475539
186.099501	1787824909287108096	0.0006465231	-0.0005351959	0.0773315744
186.199872	1787824909389108224	-0.0008356063	0.0009933056	0.0894484227
186.295604	1787824909485108224	-0.0000410944	0.0002031135	0.0880362900
186.394791	1787824909584108032	0.0000642473	0.0005916101	0.0877466767
186.503160	1787824909692108032	-0.0001338252	-0.0005296168	0.0909180107
186.610643	1787824909800108288	-0.0000059690	-0.0014543939	0.0884923976
186.699592	1787824909887108096	0.0009528461	0.0021229771	0.0843521777
186.793296	1787824909980108288	0.0000990169	0.0001986326	0.0897852222
186.908464	1787824910097108224	-0.0008101262	-0.0009671548	0.0887702129
187.001422	1787824910190108416	-0.0011869465	0.0002009002	0.0894165523
187.099030	1787824910286108160	0.0007120996	-0.0003485484	0.0925445364
187.197743	1787824910385108224	-0.0007521677	-0.0005325288	0.0849889361
187.300402	1787824910487108352	-0.0001880381	-0.0011741930	0.0862921852
187.398512	1787824910586108160	0.0013912772	0.0006380357	0.0855419878
187.506619	1787824910694108160	-0.0023757253	0.0003858185	0.0830228866
187.583257	1787824910772108288	0.0001027019	0.0010186399	0.0819024849
187.697032	1787824910886108160	-0.0002567301	0.0008285871	0.0835504852
187.802920	1787824910991108096	0.0001144292	0.0017015816	0.0807595342
187.897554	1787824911087108096	-0.0011608644	-0.0007018891	0.0876914333
187.998042	1787824911186108160	0.0000992945	0.0003495004	0.0886688359
188.102189	1787824911291108096	-0.0005580650	0.0003474745	0.0857417243
188.194091	1787824911381108224	0.0013238831	0.0011955551	0.0905844408
188.288680	1787824911477108224	-0.0011095185	0.0000664511	0.0908346776
188.398654	1787824911588108288	-0.0001231486	0.0007449985	0.0869534514
188.499093	1787824911687108352	0.0002553294	0.0010104779	0.0840532714
188.590232	1787824911777108224	0.0005447064	0.0004878582	0.0901907400
188.703166	1787824911891108352	0.0012295409	-0.0001727899	0.0824936870
188.794626	1787824911984108288	-0.0003344866	-0.0009647165	0.0864202672
188.891654	1787824912080108288	0.0000268948	-0.0027926080	0.0809367008
189.003508	1787824912191108352	0.0008353564	-0.0004011797	0.0874221610
189.106476	1787824912293108224	-0.0007039587	-0.0003785905	0.0922825545
189.198175	1787824912386108160	0.0001239704	0.0004077638	0.0929430126
189.290403	1787824912479108096	-0.0016061233	-0.0016795986	0.0905570107
189.390998	1787824912578108416	-0.0018104617	-0.0005282335	0.0915102441
189.494112	1787824912683108096	0.0004707628	-0.0010976215	0.0868581692
189.609477	1787824912797108224	0.0006675059	-0.0006282802	0.0819115701
189.696026	1787824912884108288	0.0000852350	-0.0001683813	0.0879299491
189.790520	1787824912980108288	0.0005063905	0.0005763930	0.0836954754
189.898365	1787824913085108224	0.0005523797	0.0019628981	0.0851199907
189.997663	1787824913187108352	0.0006020518	-0.0002615722	0.0882140001
190.104871	1787824913292108288	-0.0003102470	0.0009082246	0.0919035893
190.206438	1787824913394108416	-0.0003108397	-0.0016027052	0.0868532016
190.298002	1787824913487108352	-0.0008530964	0.0009008248	0.0818867131
190.404605	1787824913592108288	-0.0000253929	0.0005650163	0.0909645807
190.498147	1787824913685108224	-0.0012096841	-0.0012883980	0.0869322439
190.598091	1787824913787108096	-0.0015966254	0.0014494390	0.0876208459
190.703271	1787824913892108288	0.0011002785	0.0018710119	0.0898908569
190.810567	1787824914000108288	-0.0000562024	0.0006617522	0.0842021873
190.900815	1787824914090108160	-0.0009242180	0.0003883699	0.0915981248
191.000722	1787824914189108224	-0.0001739116	-0.0000922047	0.0896455378
191.102112	1787824914291108096	-0.0005798894	0.0004750058	0.0768008112
191.204252	1787824914393108224	-0.0009187666	0.0003213028	0.0887959871
191.302474	1787824914489108224	0.0003363080	0.0009557721	0.0893987994
191.391729	1787824914579108352	-0.0000256120	0.0009986830	0.0892142352
191.498517	1787824914687108352	0.0003898258	-0.0000598651	0.0850534934
191.605141	1787824914792108288	-0.0007580473	-0.0000469953	0.0842082196
191.702191	1787824914891108352	0.0005926059	0.0008667938	0.0886893932
191.802619	1787824914990108160	-0.0002878152	-0.0016237527	0.0897832682
191.892023	1787824915080108288	0.0014524263	0.0012318138	0.0909240447
191.992803	1787824915182108160	0.0019216092	0.0009791837	0.0846528033
192.102234	1787824915290108160	0.0016577837	0.0010561150	0.0860623858
192.194637	1787824915383108096	0.0005443906	-0.0003071167	0.0855849779
192.304215	1787824915491108096	0.0007229267	-0.0001043605	0.0855803715
192.403367	1787824915590108160	-0.0000317223	-0.0012930434	0.0885869422
192.498872	1787824915686108160	-0.0012198378	0.0009878468	0.0833374777
192.594260	1787824915782108416	0.0005752392	-0.0003448356	0.0886499604
192.702365	1787824915890108160	0.0000417246	-0.0004309040	0.0870721023
192.800595	1787824915989108224	0.0001706298	0.0005660964	0.0841441277
192.902327	1787824916091108352	0.0000132738	-0.0003690845	0.0897822811
192.990221	1787824916178108160	0.0000995486	0.0000442517	0.0875769261
193.102508	1787824916292108288	-0.0008890809	0.0015467804	0.0927551025
193.207970	1787824916397108224	-0.0015965840	-0.0012574591	0.0937326074
193.293219	1787824916481108224	0.0009977628	-0.0009819933	0.0866260339
193.401520	1787824916589108224	-0.0000693281	-0.0002707115	0.0890257155
193.490945	1787824916679108096	0.0000177286	0.0008585912	0.0877774864
193.601422	1787824916790108160	0.0006154175	-0.0014970047	0.0845555067
193.688212	1787824916877108224	-0.0004977204	0.0001930896	0.0870449565
193.791794	1787824916979108096	0.0000678341	0.0009587763	0.0850199750
193.901203	1787824917090108160	0.0008888422	-0.0005272913	0.0830572607
193.997038	1787824917186108160	0.0001948766	-0.0012956619	0.0942212888
194.106013	1787824917294108160	0.0004009863	0.0009911211	0.0944847540
194.189456	1787824917378108160	0.0008073458	0.0006438635	0.0906536322
194.299871	1787824917489108224	0.0010953618	0.0003319588	0.0876428354
194.401080	1787824917588108288	-0.0008550151	0.0006940420	0.0875595165
194.492940	1787824917681108224	0.0003930278	-0.0017701952	0.0899763234
194.600517	1787824917789108224	-0.0002026645	0.0002582850	0.0843516889
194.694784	1787824917882108160	0.0014511392	-0.0005682525	0.0878193761
194.805789	1787824917993108224	-0.0002682123	-0.0005025113	0.0862295890
194.892910	1787824918080108288	-0.0000327469	0.0016245629	0.0856235339
195.004649	1787824918194108160	-0.0007393978	0.0008872522	0.0837096353
195.107457	1787824918296108288	-0.0000417807	0.0001603813	0.0833887008
195.205133	1787824918392108288	0.0007159965	-0.0013037632	0.0864583094
195.298019	1787824918485108224	0.0009387909	-0.0001651211	0.0885636146
195.403953	1787824918593108224	0.0006526576	0.0007965045	0.0920535370
195.503878	1787824918692108032	0.0003380563	0.0000664229	0.0828586376
195.592785	1787824918782108416	0.0005367387	0.0004587448	0.0883531605
195.701730	1787824918890108160	-0.0004045309	0.0007654534	0.0860142254
195.809146	1787824918998108160	0.0005740007	-0.0008505460	0.0822864093
195.906774	1787824919094108160	0.0004679283	-0.0002439389	0.0865676811
195.994409	1787824919181108224	0.0004508351	-0.0002767132	0.0872022723
196.095848	1787824919283108352	0.0012380561	0.0000083224	0.0882715794
196.195960	1787824919385108224	0.0000793981	-0.0002366787	0.0839402659
196.304474	1787824919493108224	-0.0010026174	-0.0002633211	0.0857574976
196.403588	1787824919592108288	0.0007834216	-0.0024250156	0.0915956102
196.498297	1787824919685108224	-0.0000344818	0.0007848648	0.0869104031
196.596860	1787824919784108288	-0.0015837004	-0.0001759922	0.0863116240
196.701134	1787824919889108224	-0.0015690877	0.0000536334	0.0818970378
196.798539	1787824919988108032	0.0001646945	-0.0015720418	0.0918010648
196.896485	1787824920084108032	0.0001903056	0.0005314271	0.0860378608
197.005971	1787824920195108096	0.0003070966	0.0000706801	0.0874123612
197.097243	1787824920285107968	-0.0008736469	0.0001097395	0.0900850730
197.207454	1787824920396108032	0.0002191496	-0.0013741347	0.0946687117
197.301975	1787824920489108224	0.0004639650	0.0004943562	0.0851333269
197.412727	1787824920600108032	0.0003684556	-0.0007143751	0.0864280457
197.506445	1787824920693108224	0.0009449107	-0.0003624794	0.0908943918
197.597527	1787824920786108160	0.0000394270	-0.0015612241	0.0834281555
197.700824	1787824920888108288	-0.0012137397	0.0008022583	0.0820352891
197.805672	1787824920993108224	-0.0014143272	0.0013505276	0.0834180677
197.893779	1787824921083108096	0.0005342467	-0.0005597710	0.0898260569
197.999583	1787824921188108288	0.0005417307	0.0002709136	0.0864174219
198.117938	1787824921305108224	0.0001299948	0.0010259865	0.0814111526
198.203994	1787824921392108288	0.0002265916	0.0002624088	0.0877345185
198.298463	1787824921485108224	-0.0010710908	0.0014223744	0.0863879430
198.401581	1787824921590108160	0.0002482567	0.0006465964	0.0893154373
198.507432	1787824921695108096	0.0004632447	0.0012573398	0.0865512969
198.594170	1787824921782108416	0.0003266295	0.0011933141	0.0916586953
198.697977	1787824921887108096	0.0003546489	-0.0000357352	0.0880118640
198.802855	1787824921992108032	-0.0001035961	0.0008901314	0.0874391812
198.907083	1787824922094108160	0.0010315853	-0.0003696117	0.0805287277
199.000874	1787824922190108416	0.0008802740	0.0021385626	0.0831054152
199.097396	1787824922286108160	0.0009990103	-0.0019326403	0.0899115260
199.200523	1787824922388108288	-0.0006684923	-0.0002068115	0.0875262442
199.295823	1787824922484108288	0.0011643703	-0.0005058758	0.0883813127
199.402277	1787824922589108224	0.0018624574	0.0013229275	0.0837617923
199.512665	1787824922700108288	0.0006641711	0.0012971959	0.0836395338
199.603467	1787824922790108160	-0.0006660171	0.0007548695	0.0930183877
199.702304	1787824922889108224	-0.0013279992	-0.0002843726	0.0824146487
199.797484	1787824922985108224	0.0000617689	0.0002616831	0.0806469074
199.910611	1787824923099108096	0.0000400793	-0.0008491743	0.0856896156
200.001975	1787824923189108224	-0.0007164396	0.0009253340	0.0825770373
200.108999	1787824923297108224	-0.0005652194	0.0017442191	0.0835913345
200.207569	1787824923396108032	0.0003062333	0.0004348195	0.0851415450
200.305445	1787824923492108032	0.0002072270	-0.0001479085	0.0859805953
200.413879	1787824923603108096	0.0009830503	-0.0002723596	0.0912861595
200.500477	1787824923687108352	-0.0002682657	0.0002409179	0.0875263566
200.595825	1787824923783108352	-0.0011667512	0.0007284506	0.0892560205
200.709753	1787824923897108224	-0.0011493138	-0.0005970807	0.0892626187
200.800169	1787824923987108352	0.0006884066	-0.0007641801	0.0922812790
200.900049	1787824924089108224	0.0003681848	0.0001990645	0.0868983201
200.997971	1787824924185108224	-0.0004131185	-0.0006387006	0.0795121374
201.092573	1787824924281108224	0.0004740134	0.0009333381	0.0870172161
201.193507	1787824924383108096	0.0002138356	-0.0010785086	0.0826276574
201.297160	1787824924485108224	0.0010214916	-0.0007411289	0.0813505364
201.391860	1787824924581107968	0.0009863074	0.0002688171	0.0907948922
201.504275	1787824924692108032	0.0007462496	0.0004311274	0.0856459213
201.605748	1787824924794108160	-0.0013848663	0.0004384664	0.0871108903
201.714308	1787824924902108160	0.0008899694	0.0003039629	0.0845550238
201.796244	1787824924983108352	0.0011827005	-0.0018118029	0.0870451716
201.901852	1787824925091108352	0.0007457218	-0.0003915220	0.0901099637
202.000089	1787824925187108352	-0.0006286953	0.0004338850	0.0898923031
202.104737	1787824925292108288	0.0004240373	0.0004655532	0.0918936865
202.198923	1787824925388108288	0.0001478373	-0.0009652021	0.0900726880
202.298799	1787824925487108352	-0.0000178188	-0.0016839292	0.0867100192
202.398767	1787824925586108160	0.0006514625	-0.0016987547	0.0788187309
202.496813	1787824925685108224	0.0016513536	-0.0007062120	0.0870958661
202.599004	1787824925787108096	-0.0008149339	-0.0002468691	0.0897313404
202.697329	1787824925886108160	-0.0013883858	0.0008495119	0.0925312836
202.805057	1787824925994108160	-0.0024628923	-0.0006107772	0.0870633024
202.900548	1787824926090108160	0.0005990899	0.0003360999	0.0899880720
202.993818	1787824926183108096	-0.0011368461	0.0015304622	0.0926344305
203.092747	1787824926282108416	0.0001354027	0.0003375791	0.0969272705
203.190425	1787824926378108160	0.0000961615	0.0012407259	0.0824507433
203.300599	1787824926489108224	0.0006711749	-0.0003782733	0.0833773805
203.412815	1787824926600108032	0.0000154280	-0.0014005425	0.0871921753
203.497001	1787824926684108288	-0.0008734434	-0.0005070721	0.0873290604
203.601779	1787824926789108224	-0.0001611116	-0.0013468484	0.0929234317
203.691397	1787824926879108096	-0.0012150997	0.0010277684	0.0931942036
203.802715	1787824926990108160	-0.0010367910	-0.0014671901	0.0900724263
203.905349	1787824927092108288	0.0007260351	0.0009972102	0.0846291632
203.990978	1787824927179108096	0.0004008277	0.0013887846	0.0874282473
204.105514	1787824927293108224	0.0016385872	0.0010171287	0.0840582606
204.204685	1787824927392108288	-0.0020994620	0.0007294865	0.0901043239
204.294022	1787824927482108160	-0.0010612136	-0.0003180723	0.0881734241
204.398355	1787824927587108096	-0.0006509257	-0.0001701645	0.0913768653
204.501939	1787824927689108224	-0.0016303515	0.0002019747	0.0921015078
204.587103	1787824927776108288	0.0010574918	-0.0005316994	0.0867358383
204.693939	1787824927881108224	0.0010323016	-0.0012775165	0.0916227301
204.799894	1787824927989108224	0.0001095748	-0.0006685803	0.0833819765
204.899003	1787824928088108288	-0.0009372741	-0.0004458809	0.0889669780
204.997137	1787824928184108288	0.0012593571	0.0000649668	0.0893148648
205.094212	1787824928283108352	-0.0006767057	-0.0000132006	0.0836974791
205.201442	1787824928388108288	-0.0000014138	0.0002114727	0.0865226446
205.305270	1787824928493108224	-0.0003575669	-0.0013494307	0.0888601715
205.400531	1787824928589108224	-0.0009368691	-0.0008836463	0.0842796746
205.505925	1787824928694108160	0.0024210266	-0.0015592851	0.0931482867
205.600689	1787824928790108160	-0.0010508391	0.0002875331	0.0911366211
205.705691	1787824928895108096	0.0005053728	0.0002873559	0.0911027747
205.800180	1787824928988108032	0.0016337851	0.0018296579	0.0894518148
205.903075	1787824929090108160	0.0000739286	0.0009806987	0.0833407221
205.998161	1787824929186108160	-0.0002134240	-0.0011880625	0.0861366460
206.097948	1787824929285107968	0.0007990722	-0.0008923819	0.0844483630
206.203277	1787824929390108160	-0.0009066363	0.0004739857	0.0887099116
206.297223	1787824929486108416	0.0008208986	-0.0007941588	0.0916776749
206.398908	1787824929588108288	-0.0010043759	-0.0007356130	0.0899465833
206.513140	1787824929702108160	0.0009939344	0.0000394751	0.0897275283
206.604346	1787824929792108288	0.0002502139	0.0003092119	0.0844962364
206.696955	1787824929885108224	0.0002361053	-0.0012404831	0.0891623758
206.809969	1787824929999108352	0.0002237197	-0.0004513695	0.0917284071
206.915182	1787824930104108032	-0.0007758532	0.0010173446	0.0831377564
207.004911	1787824930194108160	0.0000222992	0.0000437444	0.0883144096
207.105617	1787824930293108224	0.0006727796	0.0003441785	0.0841412381
207.198692	1787824930386108160	0.0018889865	-0.0006605934	0.0877752740
207.288050	1787824930476108288	0.0011201278	0.0004610567	0.0896386769
207.400232	1787824930587108096	0.0007114822	-0.0017684511	0.0822103800
207.487731	1787824930677108224	0.0015115552	0.0000069786	0.0908074327
207.609785	1787824930797108224	0.0009483173	0.0008033890	0.0843570939
207.694792	1787824930884108288	-0.0005504695	-0.0004116801	0.0892600557
207.804638	1787824930992108032	0.0001900056	0.0001660045	0.0904152553
207.895347	1787824931082108160	0.0000470121	0.0002379122	0.0951043249
208.003776	1787824931193108224	-0.0003610467	-0.0002011123	0.0895287580
208.101483	1787824931289108224	-0.0003216305	-0.0004767359	0.0902669529
208.194173	1787824931382108160	0.0003648561	-0.0016932596	0.0860016830
208.300583	1787824931490108160	-0.0014724709	0.0006234061	0.0880313149
208.401229	1787824931589108224	-0.0006584756	-0.0001359296	0.0889324493
208.501719	1787824931691108352	0.0012630630	-0.0007090320	0.0838697305
208.600878	1787824931790108160	0.0011727255	0.0018482373	0.0824810684
208.709934	1787824931898108160	-0.0005623016	0.0005385881	0.0863842230
208.799056	1787824931988108032	0.0013369430	0.0017944660	0.0879231806
208.902317	1787824932090108160	0.0000131568	-0.0003621372	0.0852376851
208.992400	1787824932180108288	0.0003899077	-0.0000586869	0.0814238396
209.104736	1787824932294108160	0.0006812278	-0.0003415969	0.0798842175
209.194021	1787824932381108224	0.0001093149	0.0006482340	0.0864133413
209.284413	1787824932471108096	-0.0003350408	0.0007438598	0.0893658993
209.408930	1787824932597108224	0.0002754917	-0.0012321285	0.0902480342
209.502460	1787824932690108416	-0.0007891731	-0.0001378623	0.0863343913
209.593212	1787824932780108288	-0.0008788713	0.0002565108	0.0859108769
209.699812	1787824932888108288	-0.0003316187	-0.0014843369	0.0874116766
209.802426	1787824932990108160	-0.0009431131	-0.0012181291	0.0866103272
209.896363	1787824933083108096	-0.0005646358	-0.0003846925	0.0909204646
210.001241	1787824933188108288	-0.0000051452	0.0001743519	0.0882125278
210.096923	1787824933284108288	-0.0011816929	0.0001850520	0.0885896771
210.208398	1787824933395108096	-0.0008109930	0.0004189649	0.0879409083
210.303522	1787824933491108096	0.0004928972	-0.0003078045	0.0911086274
210.400476	1787824933587108096	0.0003665224	-0.0011108763	0.0845087929
210.503473	1787824933692108032	-0.0010638969	0.0005484539	0.0911505735
210.599198	1787824933788108032	-0.0001314452	0.0008629755	0.0860391488
210.695448	1787824933884108288	-0.0012860692	0.0008225919	0.0923647331
210.791265	1787824933980108288	0.0003239608	0.0004915388	0.0863197497
210.892806	1787824934082108160	0.0001379230	-0.0008213900	0.0851027939
211.007687	1787824934196108032	0.0007453178	-0.0011466444	0.0857646191
211.106967	1787824934295108352	0.0008945908	-0.0001024928	0.0902525250
211.195327	1787824934382108160	0.0006472092	-0.0003718009	0.0814297773
211.303706	1787824934493108224	-0.0006818688	0.0006237947	0.0915116590
211.409663	1787824934598108416	0.0004447346	-0.0003616098	0.0907638088
211.495207	1787824934682108160	0.0002779055	-0.0010279407	0.0907788422
211.595321	1787824934784108288	-0.0016121545	-0.0005815551	0.0881114327
211.707356	1787824934895108096	-0.0018439035	-0.0003930901	0.0849954330
211.807122	1787824934994108160	0.0001852295	0.0003732400	0.0840851742
211.903481	1787824935090108160	0.0011114168	-0.0002015786	0.0865229018
211.999468	1787824935186108160	0.0012285456	-0.0003506469	0.0936310483
212.107151	1787824935294108160	-0.0009411688	-0.0001913795	0.0896656131
212.191454	1787824935378108160	0.0003449388	0.0018275769	0.0879992195
212.299019	1787824935486108416	-0.0022950479	0.0013750641	0.0897393201
212.393231	1787824935582108160	-0.0004030537	-0.0013570755	0.0883116544
212.494099	1787824935681108224	0.0009560576	0.0001148899	0.0883053729
212.611778	1787824935801108224	-0.0008395264	-0.0008511371	0.0921224275
212.687750	1787824935876108288	-0.0008967193	-0.0002661599	0.0859331208
212.805506	1787824935993108224	-0.0008217905	0.0002863720	0.0850622783
212.908022	1787824936095108352	-0.0001081717	-0.0001434600	0.0888906831
212.997054	1787824936185108224	0.0005356584	0.0003135473	0.0875720505
213.108649	1787824936296108288	-0.0014525928	-0.0000270850	0.0831463310
213.190406	1787824936377108224	-0.0011595801	0.0007221354	0.0881474732
213.302955	1787824936491108096	0.0008911627	0.0000318305	0.0879283772
213.399562	1787824936587108096	0.0004758557	0.0008386969	0.0896956818
213.485826	1787824936674108160	0.0006999978	-0.0005894033	0.0903315480
213.602295	1787824936791108096	0.0010876140	-0.0004146115	0.0889127651
213.697579	1787824936887108096	0.0008604835	0.0003703791	0.0882099618
213.796765	1787824936986108416	-0.0011805001	-0.0002317470	0.0925699744
213.911580	1787824937100108032	0.0008652557	0.0003429390	0.0843293137
213.995975	1787824937184108288	-0.0003742616	0.0004156587	0.0897492491
214.106385	1787824937295108352	0.0005199281	0.0009940455	0.0859158375
214.207454	1787824937394108416	-0.0007093414	0.0000061224	0.0886035238
214.304122	1787824937493108224	-0.0009085060	-0.0004618625	0.0874286503
214.400449	1787824937589108224	-0.0002336116	0.0000643924	0.0841909870
214.500897	1787824937688108288	-0.0012165846	-0.0000275157	0.0876361267
214.595371	1787824937784108288	-0.0004476649	-0.0002475819	0.0899143879
214.707458	1787824937895108096	-0.0007491467	0.0001988634	0.0844088889
214.802556	1787824937991108096	-0.0013456141	0.0008304058	0.0875464087
214.899060	1787824938087108096	0.0015762732	0.0013000119	0.0863303188
215.001967	1787824938189108224	0.0002979637	-0.0002648562	0.0838780812
215.098922	1787824938288108032	-0.0004784944	-0.0002473644	0.0883495560
215.187372	1787824938375108352	-0.0004726630	-0.0002589928	0.0954317739
215.313264	1787824938501108224	-0.0001432268	0.0007077898	0.0859546201
215.389538	1787824938579108352	-0.0000329203	-0.0019797521	0.0881143261
215.510302	1787824938699108096	0.0008792343	-0.0000066266	0.0835260035
215.599072	1787824938786108160	0.0007317380	0.0002016589	0.0917879243
215.706968	1787824938894108416	-0.0003794572	-0.0009411318	0.0860434336
215.800529	1787824938990108160	-0.0010618086	-0.0001207360	0.0875848009
215.889873	1787824939077108224	0.0013957182	0.0002501091	0.0896268018
215.992861	1787824939182108160	-0.0001565533	-0.0023357651	0.0997946017
216.097009	1787824939284108288	0.0006777998	-0.0002638766	0.0857103316
216.205821	1787824939395108096	0.0000578988	0.0008746976	0.0829019568
216.300232	1787824939488108032	-0.0001270092	-0.0001874261	0.0894705998
216.395247	1787824939584108032	-0.0004467047	0.0014037734	0.0860686985
216.496647	1787824939686108160	0.0007176440	-0.0005800196	0.0908980393
216.599543	1787824939788108032	0.0008280829	0.0000964972	0.0881940083
216.714024	1787824939902108160	0.0007255595	0.0014277256	0.0911240139
216.805034	1787824939992108032	-0.0007852884	0.0003278232	0.0852497763
216.895470	1787824940082108160	0.0007177279	0.0025941991	0.0848015298
216.996342	1787824940184108288	0.0000921540	0.0001072956	0.0901154346
217.098862	1787824940286108160	0.0004125822	-0.0000278359	0.0881853681
217.195180	1787824940382108160	-0.0003738153	-0.0016644028	0.0929403674
217.292272	1787824940481108224	0.0002987644	-0.0008299450	0.0841331658
217.402479	1787824940589108224	0.0007998137	-0.0016469922	0.0834500965
217.503635	1787824940691108352	0.0001113502	-0.0006836859	0.0874983574
217.590141	1787824940778108160	-0.0006858071	0.0002695877	0.0856107122
217.700897	1787824940889108224	0.0002266507	-0.0005477901	0.0897369198
217.797588	1787824940985108224	0.0003711456	0.0003297069	0.0791642283
217.901671	1787824941090108160	-0.0013685992	-0.0007790092	0.0879247065
217.999531	1787824941189108224	0.0006851241	-0.0011763673	0.0882674272
218.105472	1787824941294108160	0.0002516423	0.0000872076	0.0871587351
218.196142	1787824941384108288	-0.0005062099	-0.0012552528	0.0894695396
218.310881	1787824941498108160	-0.0009042049	-0.0016953968	0.0904604451
218.407491	1787824941594108160	0.0014282046	-0.0007443993	0.0869516510
218.498751	1787824941687108352	-0.0001910990	-0.0011136800	0.0847932596
218.600752	1787824941789108224	-0.0000925307	-0.0002025436	0.0829721240
218.692277	1787824941879108096	0.0000937878	0.0000835136	0.0907662711
218.795402	1787824941984108288	0.0004966725	0.0002898925	0.0864229714
218.897966	1787824942086108160	0.0025360255	-0.0007779671	0.0868392654
218.997163	1787824942185108224	-0.0001237348	-0.0005713688	0.0830632306
219.088799	1787824942278108160	-0.0004298313	0.0007495646	0.0862852227
219.201918	1787824942389108224	0.0011533522	0.0001302498	0.0895510214
219.304110	1787824942491108096	-0.0006482018	0.0002673990	0.0876270618
219.396876	1787824942584108032	-0.0004311995	0.0010163671	0.0869010554
219.507260	1787824942695108096	0.0002177346	-0.0002902995	0.0891067360
219.605103	1787824942794108160	-0.0013212955	0.0010863257	0.0885982566
219.707106	1787824942896108032	-0.0011185668	0.0005179440	0.0812080524
219.797907	1787824942986108416	-0.0006154583	-0.0009694021	0.0893366953
219.904871	1787824943094108160	-0.0001005649	-0.0004140517	0.0883871545
220.008443	1787824943196108032	0.0006492546	0.0013498651	0.0892320784
220.094267	1787824943283108352	-0.0013299637	0.0010813858	0.0842919584
220.200544	1787824943388108288	0.0015468902	0.0005499919	0.0898688756
220.298420	1787824943487108352	-0.0000495809	0.0000186517	0.0905628844
220.393957	1787824943583108096	0.0007081015	-0.0001478297	0.0908665567
220.498512	1787824943688108288	0.0012566677	-0.0004376431	0.0889974192
220.605815	1787824943793108224	0.0025847237	0.0009062837	0.0907250571
220.703889	1787824943892108288	-0.0005643757	-0.0008860798	0.0806790645
220.801394	1787824943988108032	0.0005496501	-0.0008635667	0.0812354392
220.901431	1787824944090108160	-0.0008604290	0.0009359850	0.0898611125
220.991328	1787824944180108288	-0.0012609473	-0.0000400950	0.0881646647
221.100314	1787824944288108032	-0.0016684862	0.0000871282	0.0914012182
221.198097	1787824944387108096	-0.0005478482	-0.0000394297	0.0915597438
221.313480	1787824944501108224	-0.0004048593	-0.0003464536	0.0892365848
221.401172	1787824944588108288	0.0010977113	0.0006307880	0.0903111872
221.493980	1787824944681108224	0.0013421888	-0.0003272689	0.0799852980
221.607601	1787824944795108352	-0.0001134507	0.0018747938	0.0889018750
221.689490	1787824944876108288	0.0006570095	0.0009941717	0.0829366376
221.801854	1787824944990108160	-0.0010690672	-0.0000050200	0.0849007285
221.897784	1787824945086108160	-0.0007100163	-0.0015978147	0.0850481576
222.008999	1787824945197108224	0.0017798419	-0.0011853208	0.0871085650
222.097135	1787824945284108288	-0.0000281966	0.0018046560	0.0897911766
222.199758	1787824945389108224	0.0000892678	0.0008190602	0.0835383412
222.301113	1787824945488108032	-0.0005123109	0.0000537485	0.0820996581
222.405845	1787824945593108224	-0.0005392424	-0.0002471502	0.0896661686
222.501187	1787824945689108224	-0.0007590506	-0.0006638744	0.0886654027
222.597641	1787824945785107968	-0.0001869284	0.0001878850	0.0801788348
222.702360	1787824945890108160	-0.0012253603	-0.0008861573	0.0888934935
222.803354	1787824945992108032	-0.0002598513	0.0001412102	0.0909758846
222.896342	1787824946085108224	0.0010886636	-0.0008615191	0.0894998949
223.005967	1787824946193108224	0.0015892823	0.0007204703	0.0839688406
223.108165	1787824946295108352	-0.0003710898	0.0002151185	0.0926096499
223.204260	1787824946391108352	-0.0001039275	-0.0010864459	0.0850516092
223.285261	1787824946472108032	-0.0012015527	-0.0000541853	0.0894927435
223.406172	1787824946595108352	0.0007699860	-0.0002529460	0.0841490734
223.491851	1787824946679108096	0.0002132321	-0.0001742177	0.0881528504
223.598075	1787824946787108096	0.0003505895	0.0007670922	0.0870431708
223.698988	1787824946886108160	0.0005575739	0.0002229656	0.0853120501
223.798232	1787824946985108224	0.0012198351	0.0002872802	0.0847027065
223.898575	1787824947087108096	-0.0000768292	0.0007228818	0.0900051682
224.002669	1787824947192108032	-0.0007251016	-0.0005919175	0.0851872543
224.100241	1787824947288108032	-0.0007376109	-0.0005084776	0.0916426898
224.200379	1787824947387108096	-0.0000906954	-0.0016091731	0.0908383551
224.304348	1787824947492108032	0.0010500907	-0.0000757192	0.0914856017
224.394035	1787824947582108160	0.0006783659	0.0009162490	0.0809773264
224.502376	1787824947690108416	0.0008560479	0.0002475350	0.0876042932
224.600261	1787824947789108224	0.0010017013	0.0006992920	0.0828408436
224.709172	1787824947897108224	-0.0009827063	0.0009259697	0.0900803011
224.798904	1787824947987108352	0.0007310180	0.0000826257	0.0946007947
224.894568	1787824948083108096	0.0002221898	0.0005530196	0.0883187142
224.992831	1787824948182108160	-0.0001266935	-0.0011781426	0.0885002510
225.096228	1787824948284108288	-0.0007941980	0.0005180725	0.0873971302
225.198591	1787824948386108160	-0.0008722170	-0.0001262970	0.0859440497
225.301170	1787824948488108032	0.0016888126	-0.0013122793	0.0871586823
225.404029	1787824948593108224	-0.0008829416	0.0010361992	0.0940264357
225.498081	1787824948686108160	0.0001730563	-0.0008973865	0.0880899396
225.590692	1787824948779108352	-0.0000591683	-0.0004150923	0.0829359654
225.705885	1787824948893108224	0.0000134727	-0.0009011946	0.0814115272
225.793648	1787824948983108352	-0.0004702673	-0.0010084320	0.0871529135
225.906245	1787824949094108160	-0.0006915865	0.0000221974	0.0911737478
226.008350	1787824949196108032	0.0006802159	0.0000757825	0.0830502633
226.094600	1787824949283108352	-0.0003105387	-0.0006772100	0.0846489775
226.194748	1787824949382108160	-0.0004833338	0.0007226139	0.0858568999
226.302394	1787824949490108160	0.0007760484	0.0001468004	0.0878802431
226.398792	1787824949586108160	-0.0001147400	0.0023666674	0.0884551651
226.488401	1787824949676108032	0.0006568342	0.0005353947	0.0862365313
226.598377	1787824949787108096	0.0001126024	0.0003725120	0.0827747972
226.703120	1787824949892108288	-0.0013730736	0.0010152570	0.0869786670
226.799766	1787824949988108032	0.0001827863	0.0014103159	0.0888804301
226.902373	1787824950090108160	0.0013438965	-0.0004173863	0.0904369940
226.990764	1787824950180108288	0.0003228889	-0.0008965074	0.0898910172
227.102869	1787824950291108096	0.0010039509	0.0008202611	0.0914055752
227.195793	1787824950384108288	-0.0006040756	0.0012645668	0.0815936017
227.307491	1787824950495108096	-0.0008850343	-0.0010156462	0.0858624807
227.390514	1787824950579108352	-0.0008578616	-0.0013528204	0.0935233079
227.502006	1787824950690108416	0.0006996432	-0.0004227450	0.0869395058
227.596316	1787824950783108352	-0.0005022222	0.0005066651	0.0874538978
227.698308	1787824950885108224	0.0002074904	-0.0012543328	0.0847259686
227.803848	1787824950993108224	-0.0000143957	0.0007250486	0.0853334754
227.901473	1787824951089108224	-0.0003494571	0.0017412261	0.0833958169
227.993343	1787824951182108160	0.0011828714	-0.0008370173	0.0850065960
228.102580	1787824951290108160	-0.0015028206	0.0005523713	0.0816884691
228.196206	1787824951383108096	-0.0013402989	0.0021288709	0.0877087687
228.295649	1787824951485108224	-0.0016081111	0.0005083261	0.0878067460
228.403608	1787824951593108224	-0.0009078932	0.0012940403	0.0919082878
228.490223	1787824951677108224	-0.0008574212	-0.0001195803	0.0907029068
228.590834	1787824951779108352	-0.0010384793	0.0006698341	0.0835964269
228.691305	1787824951878108160	-0.0004368789	-0.0006105781	0.0897021020
228.805452	1787824951992108032	-0.0011608634	0.0017648315	0.0864867364
228.885650	1787824952073108224	-0.0006229602	0.0013296331	0.0910837049
228.996041	1787824952184108288	0.0005471228	0.0006054072	0.0910545521
229.102021	1787824952289108224	0.0009243751	-0.0007768076	0.0888052592
229.200592	1787824952388108288	-0.0004678106	-0.0002331337	0.0871367202
229.300734	1787824952490108160	-0.0000010430	-0.0008365830	0.0882916273
229.398465	1787824952586108160	-0.0011546202	0.0016441334	0.0855193910
229.497426	1787824952685108224	0.0007308139	0.0010837308	0.0871225568
229.606891	1787824952796108288	-0.0012845863	0.0011160160	0.0867745297
229.700263	1787824952889108224	-0.0006377456	0.0002012070	0.0859074904
229.798958	1787824952988108032	-0.0000697470	0.0009324793	0.0931283494
229.912001	1787824953099108096	0.0004324836	-0.0004341573	0.0852607770
230.003461	1787824953192108032	-0.0006455430	0.0000354122	0.0877703991
230.094301	1787824953282108416	-0.0004970471	-0.0000544936	0.0836853685
230.205439	1787824953393108224	-0.0005647940	-0.0008737892	0.0876013556
230.293917	1787824953483108352	0.0001847534	-0.0004050463	0.0811478107
230.398343	1787824953585108224	-0.0005791946	0.0007118529	0.0853179580
230.492770	1787824953681108224	0.0007522729	-0.0001526800	0.0867814413
230.602904	1787824953792108288	-0.0010392732	0.0015606700	0.0872437864
230.699996	1787824953888108288	0.0005265462	-0.0004953770	0.0857846526
230.795531	1787824953984108288	0.0003692382	-0.0007082084	0.0895563277
230.897523	1787824954086108160	0.0000650750	-0.0003067057	0.0890760043
230.994966	1787824954182108160	-0.0007210319	0.0001547505	0.0898696347
231.103341	1787824954290108160	-0.0004173193	-0.0007145633	0.0850528426
231.192558	1787824954380108032	0.0003645733	-0.0009007158	0.0863126846
231.299360	1787824954488108032	0.0007822717	0.0002045185	0.0847465956
231.394745	1787824954584108032	-0.0000113896	0.0002639001	0.0905363117
231.501060	1787824954689108224	-0.0009265899	-0.0009559636	0.0930237751
231.588921	1787824954776108288	-0.0007455209	-0.0005266590	0.0897875328
231.696936	1787824954884108288	-0.0002506118	0.0002533158	0.0866955633
231.797524	1787824954986108416	0.0001804019	-0.0002212186	0.0892848004
231.909437	1787824955097108224	0.0000706021	0.0004632950	0.0850871700
232.005479	1787824955193108224	0.0010795345	-0.0008162572	0.0861368080
232.114672	1787824955304108032	0.0004010041	0.0002681880	0.0808165836
232.206011	1787824955394108416	0.0002392357	0.0000838069	0.0862397705
232.301006	1787824955490108160	0.0006365436	0.0000322359	0.0865591804
232.402945	1787824955592108288	-0.0004504249	-0.0002960373	0.0838572088
232.500755	1787824955688108288	0.0014821491	0.0006165280	0.0856968418
232.596886	1787824955784108288	0.0019013977	0.0006103966	0.0855110282
232.709290	1787824955898108160	0.0007756777	-0.0007629292	0.0883802794
232.800466	1787824955988108032	0.0013437108	0.0013381717	0.0880293887
232.899458	1787824956087108096	-0.0003394492	0.0007461256	0.0809767614
233.010400	1787824956198108160	0.0004573052	-0.0005000965	0.0878919480
233.103201	1787824956291108096	-0.0007308881	0.0001879040	0.0958360674
233.203688	1787824956393108224	0.0007472166	0.0005924955	0.0842086229
233.296650	1787824956486108416	0.0009389096	-0.0002572633	0.0795174683
233.390422	1787824956579108352	0.0014260575	0.0002760222	0.0931685938
233.504936	1787824956693108224	-0.0010357811	0.0008827642	0.0926593734
233.604894	1787824956792108288	-0.0012492162	0.0005042069	0.0869088802
233.705564	1787824956894108416	0.0015236276	-0.0004760127	0.0868491734
233.802252	1787824956990108160	-0.0004685349	0.0016528516	0.0865507677
233.892387	1787824957080108288	-0.0007297039	0.0009479529	0.0869283036
233.998230	1787824957185108224	-0.0008960137	0.0012884052	0.0827648204
234.092366	1787824957281108224	0.0000868571	-0.0010815213	0.0825543356
234.191721	1787824957380108032	0.0002206391	-0.0006335975	0.0919237333
234.302686	1787824957491108096	0.0004078208	-0.0022529813	0.0819206272
234.414336	1787824957602108160	0.0010133214	0.0002027183	0.0876242830
234.505600	1787824957695108096	-0.0004836699	0.0002277035	0.0844493592
234.602104	1787824957791108096	0.0003958690	0.0002936364	0.0876202498
234.709209	1787824957896108032	0.0014152728	0.0013963371	0.0847322020
234.800548	1787824957989108224	0.0012035009	-0.0000922063	0.0883609996
234.907589	1787824958097108224	-0.0015735233	0.0000318045	0.0850354459
235.010567	1787824958199108096	-0.0005860968	-0.0002072898	0.0869572632
235.090914	1787824958280108288	0.0017456329	0.0013698868	0.0822321560
235.201919	1787824958391108352	-0.0000113055	-0.0007003714	0.0824804726
235.290886	1787824958478108160	0.0010835581	-0.0012818586	0.0866960100
235.396973	1787824958586108160	-0.0006052136	0.0011011249	0.0844382232
235.499463	1787824958688108288	0.0009974200	0.0019283695	0.0841335921
235.600956	1787824958790108160	-0.0000137491	-0.0001975755	0.0890460853
235.700243	1787824958889108224	-0.0008417317	-0.0003317657	0.0849387332
235.795144	1787824958982108160	-0.0007356753	0.0009047875	0.0917102877
235.898238	1787824959087108096	0.0008856326	-0.0013364209	0.0884722697
236.007959	1787824959195108096	0.0012407339	-0.0002518662	0.0839326370
236.097017	1787824959285107968	0.0026793103	-0.0005649897	0.0880276177
236.204058	1787824959393108224	-0.0011481279	-0.0010340633	0.0900959900
236.297517	1787824959486108416	-0.0004675021	-0.0015809058	0.0953167939
236.392461	1787824959579108352	-0.0006094540	-0.0016032757	0.0853614791
236.490177	1787824959678108160	0.0006955520	0.0019195495	0.0851065051
236.610255	1787824959798108160	0.0003497934	0.0013547035	0.0847379408
236.699180	1787824959888108288	0.0009833707	0.0004843127	0.0830785172
236.806339	1787824959993108224	-0.0000762784	-0.0003888663	0.0856723637
236.891480	1787824960080108288	0.0002336645	0.0000725986	0.0937833669
236.992210	1787824960179108096	0.0015170591	0.0006846546	0.0854350846
237.099608	1787824960287108096	0.0005829640	-0.0000293168	0.0898554127
237.198251	1787824960386108160	-0.0001601825	-0.0002259127	0.0856869215
237.298269	1787824960485108224	0.0005787844	-0.0001699431	0.0903261922
237.395361	1787824960584108032	-0.0000051928	0.0005105796	0.0817577377
237.508272	1787824960695108096	-0.0000863291	-0.0000826706	0.0808059144
237.600993	1787824960788108032	0.0006503862	0.0003220627	0.0902146838
237.700384	1787824960887108096	-0.0007200615	-0.0000758104	0.0864655015
237.805884	1787824960995108096	-0.0008853761	-0.0001088863	0.0865465179
237.906139	1787824961094108160	0.0004968178	0.0018213313	0.0895313961
238.003547	1787824961193108224	0.0003925229	0.0001173311	0.0901921589
238.111339	1787824961298108160	-0.0006145489	-0.0002526556	0.0807591253
238.202385	1787824961391108352	0.0003749168	-0.0001699331	0.0928151235
238.288671	1787824961478108160	-0.0005929046	-0.0008662093	0.0978898729
238.399782	1787824961589108224	0.0003027783	0.0001735562	0.0850315593
238.499659	1787824961688108288	-0.0003961644	-0.0015157753	0.0933367699
238.600862	1787824961790108160	0.0011253061	0.0005263847	0.0821062339
238.703454	1787824961892108288	-0.0006261926	-0.0012138557	0.0928921030
238.798597	1787824961988108032	-0.0008648485	0.0004285485	0.0855415947
238.898525	1787824962087108096	-0.0001478329	0.0012570192	0.0905744484
238.995482	1787824962183108096	-0.0001341898	-0.0009135914	0.0933285325
239.090081	1787824962279108352	0.0001605695	0.0026143927	0.0864409041
239.195318	1787824962384108288	-0.0003024347	-0.0008225207	0.0889622360
239.304789	1787824962492108032	-0.0002771676	0.0005881120	0.0904567991
239.387451	1787824962576108288	0.0004294302	-0.0010761786	0.0829856771
239.498354	1787824962687108352	-0.0002214343	-0.0000361377	0.0886289313
239.607972	1787824962795108352	0.0002597347	0.0002363700	0.0901771359
239.687956	1787824962876108288	0.0009671256	-0.0001675649	0.0900011942
239.795609	1787824962984108288	-0.0003674518	0.0009884434	0.0789808701
239.895120	1787824963083108096	0.0014629396	0.0004706397	0.0883687269
239.994991	1787824963182108160	0.0000872179	0.0005945074	0.0859982430
240.095737	1787824963284108288	0.0003371104	0.0013797860	0.0842002236
240.208891	1787824963398108160	-0.0002208286	0.0010308074	0.0852007642
240.292798	1787824963482108160	0.0010060572	0.0005384881	0.0866820503
240.404028	1787824963593108224	-0.0003930681	0.0003011838	0.0865809567
240.509295	1787824963698108160	0.0004235776	0.0009563443	0.0859693070
240.592173	1787824963779108352	0.0011330181	-0.0005492206	0.0843968525
240.703816	1787824963893108224	-0.0000831033	0.0010777468	0.0810554350
240.800379	1787824963989108224	-0.0003677268	-0.0003362075	0.0820400442
240.900223	1787824964088108288	0.0007661661	-0.0010545891	0.0879756114
241.002452	1787824964190108416	-0.0005325422	-0.0000491202	0.0930713873
241.104936	1787824964292108288	-0.0002931430	0.0004645361	0.0849321312
241.202027	1787824964391108352	0.0010645195	0.0003131366	0.0862051236
241.296566	1787824964484108288	-0.0007602197	0.0004215100	0.0814246833
241.399750	1787824964589108224	-0.0010499009	0.0002243020	0.0865626560
241.511203	1787824964700108288	-0.0011160722	0.0013025810	0.0914632905
241.605604	1787824964793108224	0.0007161917	0.0009924477	0.0849136276
241.699187	1787824964886108160	-0.0001001920	-0.0014311102	0.0839315478
241.795838	1787824964985108224	-0.0006559813	-0.0002880900	0.0913420273
241.898162	1787824965087108096	0.0011067011	-0.0002542241	0.0877931245
242.000986	1787824965189108224	0.0006372711	0.0000857711	0.0846049003
242.093277	1787824965282108416	-0.0002021525	-0.0014916234	0.0916093648
242.191517	1787824965381108224	-0.0005103570	0.0013733122	0.0814515254
242.308622	1787824965498108160	0.0004030447	0.0006568913	0.0878077213
242.394821	1787824965582108160	0.0001199610	-0.0006884927	0.0890259788
242.500918	1787824965690108416	-0.0010751982	-0.0016376755	0.0948505580
242.605497	1787824965792108288	-0.0003983410	0.0011478999	0.0939518981
242.700131	1787824965888108288	0.0004554766	-0.0006443616	0.0934354685
242.795541	1787824965984108288	0.0007395224	0.0016302814	0.0937560018
242.901529	1787824966089108224	0.0001732626	0.0007539085	0.0847410194
243.003028	1787824966191108352	0.0003546880	0.0002974768	0.0899031472
243.104296	1787824966293108224	0.0007785770	-0.0000581020	0.0902454146
243.204025	1787824966392108288	-0.0001908286	-0.0005182394	0.0880020977
243.307218	1787824966494108160	-0.0006599457	-0.0006948261	0.0858504234
243.404517	1787824966593108224	0.0005756803	-0.0022136424	0.0818422356
243.502847	1787824966692108032	0.0006143515	0.0000627620	0.0837362063
243.604514	1787824966794108160	-0.0001512647	0.0003764211	0.0952141774
243.711578	1787824966899108096	0.0008887025	-0.0006945921	0.0888721489
243.796708	1787824966986108416	0.0007368883	-0.0007740046	0.0893951010
243.896282	1787824967085108224	-0.0011700447	0.0002309451	0.0925730246
244.003489	1787824967190108416	0.0004809649	0.0008887045	0.0900242918
244.097702	1787824967286108160	-0.0011603531	-0.0002786228	0.0910951585
244.193170	1787824967382108160	-0.0009914497	0.0009013917	0.0810976719
244.300033	1787824967487108352	0.0003556787	-0.0008952329	0.0939424341
244.397991	1787824967586108160	-0.0008950999	-0.0010988651	0.0822800222
244.494234	1787824967682108160	0.0014020407	0.0015052584	0.0883166867
244.608459	1787824967796108288	-0.0012090346	0.0004402533	0.0911111324
244.697317	1787824967886108160	0.0021503367	-0.0003615068	0.0859495255
244.804240	1787824967991108096	-0.0008311595	0.0004398902	0.0840812326
244.908297	1787824968096108288	-0.0008041073	-0.0001458584	0.0914603484
245.001363	1787824968189108224	-0.0001993320	-0.0008344485	0.0816715176
245.100156	1787824968288108032	0.0000538754	0.0003479795	0.0807479188
245.203714	1787824968393108224	0.0010020296	0.0000074590	0.0892100340
245.288486	1787824968477108224	-0.0010649467	0.0014876859	0.0940602096
245.392016	1787824968579108352	-0.0001406601	0.0003261155	0.0844563367
245.499671	1787824968687108352	0.0009281571	0.0010003240	0.0871828573
245.594369	1787824968783108352	0.0002389042	-0.0007387385	0.0853202708
245.690267	1787824968879108096	0.0001615477	0.0000249433	0.0864341356
245.790678	1787824968978108160	0.0005573729	-0.0034520569	0.0862916690
245.901008	1787824969089108224	-0.0008699726	-0.0012038100	0.0874542167
245.998125	1787824969185108224	-0.0008088536	0.0004280485	0.0921930893
246.098636	1787824969287108096	-0.0004794600	0.0004616962	0.0870975750
246.197499	1787824969386108160	-0.0000733649	-0.0001502003	0.0928133732
246.299395	1787824969488108032	-0.0008116524	0.0014067431	0.0895528456
246.390773	1787824969578108416	0.0000297353	0.0022376193	0.0860157315
246.494920	1787824969683108096	0.0003428917	-0.0017046913	0.0910426429
246.595930	1787824969785107968	0.0003436670	0.0005679491	0.0811396792
246.700142	1787824969887108096	0.0009366904	0.0000147394	0.0890737227
246.800313	1787824969989108224	0.0007297202	-0.0006019734	0.0846184140
246.904729	1787824970094108160	0.0010437030	-0.0010089659	0.0873831181
247.016448	1787824970205108224	-0.0004628623	-0.0013597567	0.0867611010
247.092042	1787824970280108288	-0.0000404383	0.0006427155	0.0862106801
247.197636	1787824970385108224	0.0000706213	0.0006622361	0.0779675995
247.306201	1787824970493108224	-0.0015390687	-0.0002932358	0.0908918695
247.399692	1787824970589108224	-0.0009694534	-0.0008815703	0.0862903809
247.502722	1787824970691108352	0.0001964384	-0.0002374700	0.0903679339
247.603154	1787824970790108160	-0.0009658831	-0.0000107135	0.0885382599
247.695410	1787824970883108096	0.0001896601	0.0005346423	0.0882649888
247.802186	1787824970991108096	-0.0014534562	-0.0001613457	0.0871934746
247.891652	1787824971081107968	0.0007817015	-0.0007787905	0.0882675384
248.010598	1787824971198108160	-0.0006067386	0.0001674339	0.0814558970
248.086136	1787824971273108224	-0.0004877992	0.0006138065	0.0839980666
248.194810	1787824971384108288	-0.0013348132	-0.0012573760	0.0843756746
248.298021	1787824971486108416	-0.0002047431	-0.0001166961	0.0831373301
248.405302	1787824971594108160	-0.0005747996	-0.0001954713	0.0920017114
248.503044	1787824971690108416	-0.0003177757	0.0009514109	0.0853251639
248.612024	1787824971801108224	-0.0001159103	-0.0012784541	0.0866484303
248.701730	1787824971891108352	0.0008031604	-0.0012174943	0.0926986372
248.808634	1787824971996108288	0.0002487738	-0.0007887186	0.0921122630
248.893603	1787824972083108096	0.0009794525	0.0008106364	0.0868777365
248.994500	1787824972182108160	-0.0001006616	0.0009187195	0.0809698935
249.092182	1787824972281108224	-0.0016364886	-0.0001199557	0.0896146503
249.198369	1787824972386108160	0.0007784444	0.0004937182	0.0869376320
249.299580	1787824972488108032	0.0001329642	0.0005516982	0.0903243583
249.397535	1787824972587108096	-0.0000972220	0.0007551354	0.0803880551
249.499895	1787824972689108224	-0.0007871657	0.0001045645	0.0862538054
249.597114	1787824972785107968	0.0005358924	-0.0005831407	0.0924476979
249.704885	1787824972893108224	0.0003427940	-0.0004868184	0.0954122135
249.803398	1787824972992108032	-0.0010385276	-0.0009148875	0.0907727996
249.898832	1787824973088108288	0.0006098918	0.0000908059	0.0931012313
249.994138	1787824973181108224	-0.0012703257	0.0001902089	0.0889758746
250.099715	1787824973289108224	0.0000522527	0.0006987114	0.0864723014
250.196530	1787824973385108224	0.0004169545	-0.0009978574	0.0904570634
250.297985	1787824973487108352	-0.0002331789	0.0002564388	0.0845855577
250.395217	1787824973583108096	0.0000780827	-0.0006642818	0.0904934370
250.498574	1787824973688108288	-0.0004963101	0.0018827310	0.0869871634
250.605834	1787824973793108224	0.0005116699	-0.0007220471	0.0896378953
250.708374	1787824973895108096	0.0006515662	0.0000723870	0.0907796705
250.800020	1787824973988108032	-0.0009228806	-0.0012346454	0.0881695465
250.893132	1787824974081107968	-0.0001923592	-0.0012820975	0.0877361906
250.994624	1787824974183108096	-0.0009046122	-0.0002605042	0.0883712594
251.094248	1787824974282108416	-0.0003927430	0.0017964597	0.0843461705
251.208202	1787824974396108032	0.0006750161	0.0011537638	0.0859502214
251.301457	1787824974489108224	0.0009977094	-0.0004746884	0.0857383330
251.407057	1787824974594108160	-0.0016445707	0.0006694980	0.0856922774
251.503655	1787824974693108224	0.0002700124	0.0007510346	0.0942997880
251.597131	1787824974786108160	-0.0005781673	0.0003486027	0.0914772801
251.698712	1787824974888108288	0.0026205830	-0.0003875714	0.0906541247
251.800927	1787824974990108160	0.0000508436	-0.0006406326	0.0886838907
251.898402	1787824975086108160	0.0015375258	-0.0012117090	0.0880633783
251.996979	1787824975185108224	0.0001208921	-0.0014323295	0.0842772023
252.108798	1787824975296108288	-0.0001384060	0.0004748576	0.0864216241
252.192581	1787824975380108032	0.0002940927	0.0006540543	0.0853404574
252.291430	1787824975479108096	-0.0001183511	0.0005831903	0.0849472678
252.402178	1787824975590108160	0.0006350167	-0.0001216992	0.0808708036
252.495694	1787824975683108096	0.0009156304	0.0004938758	0.0891263467
252.590099	1787824975779108352	0.0004001812	0.0006599622	0.0836841518
252.684818	1787824975872108288	-0.0017079249	0.0001550974	0.0843704334
252.801124	1787824975989108224	-0.0003282755	-0.0007289046	0.0891056815
252.904627	1787824976094108160	0.0003438909	0.0019312341	0.0879262450
253.002915	1787824976190108416	0.0010366848	0.0013075932	0.0836046564
253.098066	1787824976286108160	0.0000250528	-0.0007173622	0.0824597243
253.201945	1787824976391108352	-0.0009619310	0.0005632505	0.0876555266
253.298158	1787824976487108352	0.0017427740	-0.0001301493	0.0840370502
253.402008	1787824976589108224	-0.0009756977	-0.0007506082	0.0921471478
253.492388	1787824976679108096	-0.0005170831	-0.0006348918	0.0903365565
253.608954	1787824976796108288	0.0007006030	-0.0011182707	0.0865652967
253.704826	1787824976892108288	0.0001067052	-0.0001106790	0.0900996325
253.789383	1787824976976108288	0.0007393732	-0.0006417457	0.0913043661
253.903637	1787824977093108224	-0.0011953675	-0.0020336028	0.0894471655
253.994119	1787824977183108096	0.0001491623	-0.0002918094	0.0841927830
254.100336	1787824977288108032	-0.0005690457	0.0007525414	0.0812809598
254.195941	1787824977384108288	0.0002797883	0.0002834468	0.0898306020
254.301565	1787824977489108224	0.0000210183	0.0001906776	0.0881693338
254.398346	1787824977585108224	-0.0016041839	-0.0008261357	0.0895361908
254.498215	1787824977687108352	-0.0002720997	-0.0007542856	0.0870457996
254.606123	1787824977795108352	0.0009374799	0.0003145645	0.0822024301
254.703602	1787824977891108352	0.0002018433	0.0001883161	0.0861792646
254.797467	1787824977984108288	0.0002508167	0.0001178922	0.0877571034
254.908832	1787824978098108416	-0.0013182771	0.0005156103	0.0790048018
254.996514	1787824978185108224	-0.0006789590	0.0010412466	0.0897858233
255.096859	1787824978284108288	0.0012912646	-0.0003765338	0.0841606945
255.191891	1787824978380108032	0.0006588488	-0.0011866988	0.0854030104
255.301759	1787824978491108096	-0.0004676165	-0.0006142198	0.0869831060
255.400022	1787824978587108096	-0.0008280324	-0.0001293604	0.0895142475
255.492354	1787824978680108288	0.0008640398	-0.0001321296	0.0829715430
255.604938	1787824978794108160	-0.0011171916	-0.0008079069	0.0864725391
255.705160	1787824978893108224	0.0000370293	0.0005078032	0.0890181272
255.793046	1787824978980108288	0.0012699387	-0.0011788609	0.0807505496
255.902117	1787824979091108352	-0.0005210860	0.0010369050	0.0893263974
256.000530	1787824979190108416	-0.0007751602	-0.0005273814	0.0898734944
256.092379	1787824979280108288	0.0005404447	-0.0008729332	0.0810144175
256.193074	1787824979382108160	0.0028305753	-0.0014024256	0.0872021675
256.298358	1787824979487108352	0.0001879360	-0.0000124316	0.0862500497
256.401972	1787824979589108224	0.0007524402	0.0007830436	0.0885931310
256.491616	1787824979679108096	-0.0000592480	-0.0007907111	0.0896710559
256.599179	1787824979787108096	0.0006795957	-0.0001219310	0.0903791587
256.698492	1787824979886108160	0.0015306078	-0.0001310306	0.0868303199
256.800949	1787824979988108032	-0.0009690381	-0.0008266701	0.0941646542
256.899369	1787824980087108096	-0.0007586295	0.0002048131	0.0888236151
256.999799	1787824980189108224	-0.0008928580	0.0010040971	0.0826635012
257.116506	1787824980306108160	0.0002523194	0.0015094389	0.0872263558
257.208971	1787824980396108032	0.0003820938	0.0008198269	0.0820541394
257.297842	1787824980486108416	-0.0005073520	0.0002594075	0.0873118792
257.400977	1787824980588108288	-0.0007628547	-0.0007617025	0.0800834556
257.486881	1787824980675108096	-0.0003083714	0.0006874943	0.0834597678
257.601788	1787824980789108224	0.0006471054	0.0006184043	0.0901727791
257.710997	1787824980900108032	-0.0011880488	0.0007354708	0.0876213074
257.800791	1787824980990108160	-0.0014053437	-0.0012256280	0.0913449039
257.898336	1787824981086108160	-0.0007169915	0.0005442389	0.0881881907
258.013196	1787824981200108288	0.0011798138	0.0012578467	0.0905261169
258.107439	1787824981296108288	0.0002051725	-0.0000228579	0.0912274793
258.204954	1787824981392108288	0.0004082016	0.0008859084	0.0923922711
258.303016	1787824981491108096	0.0013823132	-0.0001308443	0.0880261030
258.393386	1787824981581107968	0.0012340848	0.0001257581	0.0874183375
258.497082	1787824981686108160	0.0004210296	0.0004009448	0.0842107328
258.589880	1787824981779108352	0.0000671507	0.0004965828	0.0934995530
258.705097	1787824981893108224	-0.0005353948	-0.0003288451	0.0815768557
258.800149	1787824981989108224	0.0001327483	0.0019455375	0.0871837034
258.891716	1787824982079108352	0.0004372092	-0.0005226919	0.0822182653
258.995218	1787824982184108288	0.0006906802	0.0017602173	0.0873678072
259.103068	1787824982292108288	0.0003113917	-0.0008222012	0.0897628101
259.185882	1787824982373108224	0.0006873763	0.0004118565	0.0876880727
259.291652	1787824982481108224	-0.0011099038	0.0016287213	0.0869587863
259.397352	1787824982586108160	-0.0013678377	0.0000050688	0.0825153871
259.500607	1787824982688108288	-0.0017747606	0.0012635430	0.0938627298
259.599404	1787824982787108096	0.0008617161	0.0001135169	0.0861085960
259.695280	1787824982883108096	0.0010064142	-0.0001187252	0.0856383728
259.798520	1787824982988108032	-0.0008125660	0.0008046851	0.0911691974
259.903694	1787824983093108224	0.0014775021	0.0005181935	0.0933136079
260.005244	1787824983192108032	-0.0000304805	0.0002014304	0.0916270712
260.099476	1787824983288108032	0.0002758560	0.0005993700	0.0829211527
260.200743	1787824983390108160	0.0003562358	0.0005991682	0.0827327941
260.291502	1787824983480108288	0.0005532396	-0.0006107705	0.0940901693
260.403171	1787824983591108352	0.0005224896	-0.0019714559	0.0909339123
260.496116	1787824983684108288	-0.0018851943	-0.0000222992	0.0881249929
260.592521	1787824983780108288	0.0012414992	-0.0005623809	0.0921106036
260.691942	1787824983879108096	-0.0003666601	0.0002710673	0.0902254784
260.805289	1787824983993108224	-0.0009947608	-0.0006266861	0.0904364876
260.908181	1787824984095108352	-0.0008216934	-0.0016128529	0.0886097562
260.990696	1787824984179108096	0.0004378957	-0.0000875590	0.0892094663
261.094232	1787824984281108224	0.0004675978	0.0010603051	0.0824945012
261.202264	1787824984389108224	-0.0024837301	-0.0003860130	0.0834168376
261.296107	1787824984485108224	0.0010890503	-0.0000908274	0.0900116273
261.399316	1787824984587108096	0.0011510146	0.0015953859	0.0904417401
261.503157	1787824984692108032	0.0000725919	0.0012986286	0.0858433824
261.601991	1787824984791108096	0.0014964569	-0.0002769004	0.0874134914
261.702922	1787824984890108160	0.0008407099	-0.0000067377	0.0843921208
261.793935	1787824984983108352	-0.0002342251	-0.0010381675	0.0882306900
261.898833	1787824985088108288	-0.0004601821	0.0003241667	0.0868055830
262.002606	1787824985190108416	-0.0009393659	0.0003881239	0.0907876789
262.108516	1787824985298108160	-0.0003019979	0.0013868621	0.0850678228
262.192658	1787824985382108160	0.0005252363	0.0003250859	0.0876680740
262.294715	1787824985484108288	0.0001649816	-0.0001781604	0.0908336058
262.404527	1787824985592108288	-0.0003803708	-0.0003167716	0.0899717495
262.499877	1787824985688108288	-0.0011664968	-0.0007053643	0.0833336023
262.614478	1787824985802108160	0.0000203603	0.0000710938	0.0861058596
262.693070	1787824985880108032	0.0008552635	0.0004581360	0.0934813074
262.798670	1787824985988108032	0.0006750167	-0.0004356461	0.0935515310
262.879683	1787824986069108224	0.0008424399	-0.0014890418	0.0858299911
263.008857	1787824986198108160	-0.0004298685	-0.0000547905	0.0842197994
263.105724	1787824986294108160	0.0001189313	-0.0003387665	0.0872828737
263.193815	1787824986381108224	0.0000688273	-0.0003746443	0.0895274721
263.290274	1787824986477108224	0.0000646146	-0.0008345767	0.0858317274
263.399201	1787824986588108288	-0.0000048087	0.0000732746	0.0883050030
263.506536	1787824986696108032	-0.0003979391	-0.0007659619	0.0861989412
263.595554	1787824986783108352	-0.0007404436	0.0003944860	0.0916875573
263.703398	1787824986891108352	0.0001250326	-0.0011498258	0.0890148806
263.799355	1787824986987108352	0.0009522020	0.0000450818	0.0849031624
263.900148	1787824987089108224	-0.0007052367	-0.0012981302	0.0861502044
263.997702	1787824987185108224	0.0001460583	-0.0015536673	0.0893209630
264.095862	1787824987284108288	0.0011762480	0.0000765130	0.0822161842
264.195745	1787824987383108096	-0.0003480853	0.0000283910	0.0847334924
264.298638	1787824987488108032	-0.0002186489	0.0004019686	0.0874363912
264.397447	1787824987584108032	-0.0006225032	0.0007796463	0.0807772133
264.501207	1787824987689108224	-0.0000720662	0.0010553396	0.0831625400
264.592558	1787824987782108416	-0.0010941999	0.0003761406	0.0887288502
264.701180	1787824987890108160	-0.0003357559	-0.0013243852	0.0854051878
264.799154	1787824987986108416	-0.0003796670	0.0002407074	0.0899862492
264.909328	1787824988097108224	0.0002364342	0.0011179705	0.0883197312
264.996834	1787824988184108288	-0.0015000865	0.0009392082	0.0864723831
265.101719	1787824988289108224	-0.0007091639	0.0006680977	0.0803075513
265.199570	1787824988388108288	0.0010627992	-0.0017291930	0.0850194980
265.283442	1787824988472108032	-0.0007096610	0.0007472378	0.0853304744
265.398207	1787824988586108160	0.0002159037	-0.0008280674	0.0879680257
265.498829	1787824988688108288	0.0005014964	0.0010908985	0.0946786558
265.606545	1787824988796108288	-0.0006945335	0.0004718977	0.0870289404
265.707107	1787824988895108096	0.0012894168	0.0013995716	0.0874392515
265.815806	1787824989003108352	0.0002579873	-0.0008039362	0.0834257465
265.904579	1787824989093108224	-0.0014063724	0.0006849800	0.0855915032
266.006305	1787824989195108096	-0.0000956083	0.0000824876	0.0836891212
266.096665	1787824989285107968	0.0010581419	0.0011027150	0.0885294537
266.195086	1787824989384108288	0.0004255718	0.0017276521	0.0831110598
266.289889	1787824989477108224	-0.0008085199	-0.0005040932	0.0886211338
266.400523	1787824989588108288	0.0002388756	-0.0004348129	0.0835448692
266.507073	1787824989696108032	0.0015918110	-0.0011033915	0.0886459709
266.596560	1787824989786108160	-0.0013045206	0.0014901931	0.0897845257
266.705077	1787824989894108416	-0.0016634382	0.0007385888	0.0902887811
266.804181	1787824989993108224	-0.0007792546	0.0005673753	0.0880093988
266.900113	1787824990089108224	-0.0006006492	0.0005551999	0.0860227079
267.006000	1787824990194108160	-0.0004721172	0.0010611598	0.0861324595
267.093826	1787824990281108224	0.0003783270	0.0000766727	0.0785839190
267.197190	1787824990386108160	0.0005371912	0.0006401676	0.0823750793
267.307825	1787824990497108224	0.0001958592	-0.0001069068	0.0836694889
267.404640	1787824990593108224	-0.0023775650	-0.0000536098	0.0857019467
267.504302	1787824990692108032	0.0008703899	0.0003623404	0.0849409423
267.601900	1787824990791108096	-0.0005046749	0.0005552129	0.0893406659
267.704826	1787824990893108224	0.0002850474	-0.0006781004	0.0911517008
267.806620	1787824990995108096	-0.0006208008	-0.0000800564	0.0838097139
267.900024	1787824991088108288	-0.0008203466	0.0001363204	0.0846692256
268.010267	1787824991199108096	-0.0010261995	0.0003209913	0.0851499366
268.102898	1787824991292108288	-0.0015706977	-0.0008427765	0.0860736060
268.206413	1787824991394108416	-0.0002092937	0.0002965225	0.0918742179
268.303386	1787824991490108160	-0.0003062771	-0.0000735022	0.0834588116
268.405083	1787824991592108288	-0.0000569923	-0.0002105716	0.0854029266
268.507999	1787824991697108224	0.0003729851	0.0004141076	0.0853950227
268.599909	1787824991787108096	0.0007371620	0.0006023067	0.0909614036
268.699469	1787824991886108160	0.0008725758	-0.0005690673	0.0876972634
268.805453	1787824991994108160	0.0020131778	0.0009127720	0.0894537088
268.896935	1787824992084108032	-0.0010583010	-0.0007440883	0.0903375694
268.996782	1787824992186108160	-0.0009033680	-0.0011257523	0.0935133373
269.096584	1787824992285107968	0.0004812872	-0.0012664984	0.0921460095
269.205739	1787824992393108224	-0.0009016846	0.0009014857	0.0848191724
269.298661	1787824992486108416	0.0004450904	-0.0002896270	0.0809854195
269.398678	1787824992588108288	0.0001434067	-0.0002711993	0.0889011426
269.501453	1787824992690108416	-0.0005843665	-0.0000949212	0.0851739451
269.608289	1787824992795108352	0.0005012360	0.0010090102	0.0861370392
269.691408	1787824992879108096	0.0007289246	-0.0017081238	0.0852323030
269.798597	1787824992987108352	0.0004388879	0.0001177973	0.0877176931
269.900360	1787824993089108224	-0.0012147666	0.0011901682	0.0867622845
270.003792	1787824993191108352	0.0000680126	0.0003717434	0.0864439690
270.104655	1787824993293108224	0.0006248210	0.0010305084	0.0826443073
270.194698	1787824993383108096	-0.0011056363	-0.0013225513	0.0850407074
270.296159	1787824993485108224	0.0010325869	-0.0002384336	0.0901322429
270.408072	1787824993596108288	-0.0010941280	-0.0001986328	0.0906614218
270.488350	1787824993677108224	-0.0004272399	-0.0003405697	0.0916748840
270.596624	1787824993785107968	0.0010003555	-0.0000477878	0.0896156191
270.692585	1787824993881108224	0.0007380946	0.0007157499	0.0851008773
270.797463	1787824993986108416	-0.0005048187	-0.0007164746	0.0914771032
270.906806	1787824994094108160	-0.0005807025	-0.0006529011	0.0868699608
271.004662	1787824994193108224	-0.0008615512	-0.0011626368	0.0920190060
271.095891	1787824994283108352	0.0007577948	-0.0009924611	0.0861528889
271.204372	1787824994391108352	-0.0008672753	0.0009358392	0.0867447265
271.297587	1787824994487108352	0.0008933262	0.0006071710	0.0894525297
271.394513	1787824994583108096	-0.0007097682	0.0011943919	0.0850820885
271.494195	1787824994682108160	-0.0017896219	0.0016760289	0.0865561042
271.614282	1787824994802108160	-0.0015437286	0.0010231570	0.0910521729
271.695674	1787824994883108096	0.0012781995	-0.0016841605	0.0838686514
271.804766	1787824994994108160	0.0009316442	0.0007021581	0.0853516126
271.882040	1787824995069108224	0.0013927119	-0.0002343521	0.0845662389
272.000745	1787824995189108224	0.0001393284	0.0004287479	0.0823005754
272.101574	1787824995291108096	-0.0010439337	0.0007064849	0.0827349879
272.211780	1787824995399108096	0.0005344062	-0.0005005015	0.0896687576
272.315491	1787824995504108288	-0.0007375757	0.0000082601	0.0883019908
272.401667	1787824995591108352	0.0008582154	-0.0011923240	0.0896195562
272.502557	1787824995690108416	-0.0005403697	0.0009731810	0.0875325367
272.601884	1787824995789108224	-0.0000671025	-0.0006532785	0.0902681368
272.694959	1787824995882108160	-0.0000120888	0.0004977137	0.0806047301
272.793414	1787824995981108224	0.0012402015	-0.0009966330	0.0860383593
272.895031	1787824996083108096	-0.0003918506	-0.0006180451	0.0910114007
273.000200	1787824996188108288	-0.0003318389	-0.0006463619	0.0805162423
273.095958	1787824996284108288	0.0008636070	-0.0003616588	0.0897351144
273.195655	1787824996383108096	0.0011842292	0.0011027457	0.0919705565
273.293818	1787824996482108160	0.0000377744	0.0014412569	0.0857513226
273.403458	1787824996590108160	-0.0004617293	0.0001804892	0.0891128792
273.486691	1787824996674108160	0.0017197082	0.0005912444	0.0885872963
273.596058	1787824996785107968	-0.0001877051	-0.0005374015	0.0874191540
273.698622	1787824996887108096	0.0002027123	0.0009068152	0.0867574509
273.803957	1787824996992108032	-0.0005320437	-0.0003083900	0.0831271527
273.902227	1787824997091108352	-0.0012420987	0.0000455974	0.0861445779
273.993389	1787824997181108224	0.0010093702	0.0009402348	0.0927367783
274.110163	1787824997298108160	-0.0003874354	0.0010091587	0.0837690061
274.214096	1787824997403108096	-0.0004642572	-0.0002941232	0.0799261480
274.305575	1787824997493108224	-0.0017576476	0.0007532719	0.0846830291
274.396069	1787824997583108096	0.0001267769	-0.0005780172	0.0907107106
274.498999	1787824997688108288	-0.0002414116	-0.0010682188	0.0928325371
274.593920	1787824997781108224	0.0000996551	0.0005001635	0.0937418087
274.689401	1787824997877108224	-0.0019921597	-0.0002118290	0.0875814217
274.802591	1787824997991108096	-0.0000218431	-0.0020008023	0.0888780790
274.894236	1787824998081107968	-0.0006673622	0.0000880241	0.0902655399
274.996185	1787824998183108096	-0.0009155151	-0.0004150714	0.0829995683
275.094517	1787824998282108416	0.0000212359	-0.0010157691	0.0936392988
275.206928	1787824998396108032	-0.0022059653	0.0001958662	0.0855696486
275.315623	1787824998504108288	-0.0013033615	0.0004809809	0.0885680551
275.401465	1787824998588108288	0.0001034822	-0.0003371309	0.0889045491
275.505673	1787824998693108224	0.0003176434	0.0002075026	0.0912494876
275.605638	1787824998795108352	-0.0014517861	-0.0001874338	0.0875558766
275.700615	1787824998888108288	0.0008950841	-0.0009402729	0.0822185783
275.794672	1787824998984108288	0.0014388871	-0.0001117279	0.0901711986
275.898528	1787824999086108160	0.0005301560	0.0005823149	0.0884827185
275.991762	1787824999179108096	0.0008611307	0.0000769447	0.0821810532
276.110978	1787824999299108352	-0.0010783944	-0.0010049622	0.0885771924
276.201204	1787824999389108224	-0.0004611915	0.0000256226	0.0880411376
276.299589	1787824999488108032	-0.0003848532	0.0014202570	0.0843673148
276.402071	1787824999590108160	0.0006677773	-0.0005495789	0.0888515452
276.515208	1787824999704108288	0.0015002438	-0.0008229185	0.0834432685
276.600600	1787824999788108032	-0.0003739960	0.0003351484	0.0891824417
276.698964	1787824999887108096	-0.0000960453	-0.0013267828	0.0852897270
276.805040	1787824999992108032	-0.0008778475	0.0012257947	0.0912181397
276.906817	1787825000094108160	-0.0002338872	-0.0003977501	0.0907790311
276.991735	1787825000181108224	-0.0011880939	-0.0009098902	0.0896135830
277.099891	1787825000289108224	-0.0001261045	-0.0013197401	0.0835833159
277.208442	1787825000397108224	0.0003486572	-0.0009745599	0.0886953467
277.300930	1787825000490108160	0.0011477700	-0.0004767516	0.0909080544
277.399089	1787825000586108160	0.0000320926	-0.0018612834	0.0934791784
277.510926	1787825000700108288	0.0000615265	-0.0017693617	0.0884260217
277.586050	1787825000775108096	-0.0002973223	0.0012849038	0.0865115627
277.695973	1787825000883108096	-0.0008543199	-0.0012450062	0.0895506610
277.796344	1787825000985108224	0.0001095219	-0.0008707898	0.0842551952
277.900295	1787825001087108096	0.0006378922	-0.0015040228	0.0859102768
277.999582	1787825001189108224	-0.0006964281	0.0008161778	0.0887297900
278.112687	1787825001300108288	0.0000749555	-0.0004986796	0.0855178189
278.197601	1787825001387108096	-0.0004340200	-0.0017668362	0.0912529257
278.305101	1787825001492108032	0.0005522843	0.0001366196	0.0890477576
278.395539	1787825001585108224	-0.0004824968	0.0006921965	0.0881661706
278.499256	1787825001687108352	0.0022774937	0.0010943466	0.0888298949
278.602300	1787825001789108224	0.0002906434	0.0004514394	0.0940086349
278.696540	1787825001885108224	0.0009702986	0.0022835759	0.0848726651
278.806052	1787825001993108224	-0.0000530691	-0.0004173516	0.0867500604
278.902541	1787825002092108288	0.0001402128	-0.0009586614	0.0928400076
279.001019	1787825002188108288	-0.0013886078	-0.0001137215	0.0900194698
279.099977	1787825002287108096	-0.0018809162	-0.0000023687	0.0788141391
279.201110	1787825002389108224	0.0009094445	-0.0001068968	0.0882409637
279.303213	1787825002491108096	0.0002622974	0.0014566901	0.0885485339
279.406476	1787825002593108224	-0.0002514262	-0.0013008421	0.0845645030
279.506682	1787825002695108096	-0.0006903211	0.0002206850	0.0885029461
279.604278	1787825002791108096	0.0007732747	-0.0009880225	0.0785687611
279.701042	1787825002890108160	0.0001984470	0.0009123432	0.0868243817
279.802694	1787825002992108032	0.0002936022	-0.0005534721	0.0952420362
279.903394	1787825003091108352	-0.0009019036	-0.0012069767	0.0877712499
280.002628	1787825003190108416	-0.0012051704	0.0006788185	0.0882113801
280.100104	1787825003289108224	0.0004820305	-0.0002504274	0.0876964042
280.197824	1787825003385108224	0.0003005019	-0.0000150926	0.0877628308
280.297342	1787825003484108288	-0.0007139856	0.0014241049	0.0882586533
280.395111	1787825003583108096	0.0004279895	-0.0015877868	0.0913648403
280.508227	1787825003697108224	0.0007572442	-0.0006110557	0.0808448630
280.605717	1787825003793108224	0.0018074000	0.0002032030	0.0833703018
280.704553	1787825003892108288	-0.0004884305	-0.0012200764	0.0857648992
280.803401	1787825003991108096	-0.0003559666	-0.0012696038	0.0904360328
280.902468	1787825004090108160	0.0007990781	-0.0011770936	0.0857104359
280.997707	1787825004186108160	-0.0003921099	0.0002500922	0.0867904882
281.096703	1787825004285107968	0.0001747810	0.0003181199	0.0887504686
281.198050	1787825004387108096	-0.0009197012	0.0019024867	0.0878080525
281.291113	1787825004480108288	0.0008946460	-0.0001401607	0.0909845759
281.397586	1787825004585108224	-0.0003911932	-0.0004898043	0.0940025112
281.499996	1787825004687108352	0.0003391592	-0.0012814496	0.0849925441
281.596174	1787825004783108352	-0.0001592968	0.0008004711	0.0889305248
281.696710	1787825004885108224	0.0002540501	-0.0008435211	0.0855689226
281.800369	1787825004987108352	0.0003380935	-0.0007383431	0.0930283010
281.909943	1787825005098108416	-0.0003107482	-0.0003280921	0.0902882516
281.999718	1787825005188108288	-0.0006199530	-0.0006330231	0.0887187644
282.097399	1787825005284108288	0.0001100769	0.0005470664	0.0842841523
282.208198	1787825005395108096	0.0010509272	-0.0012400437	0.0822392116
282.300051	1787825005488108032	-0.0000128207	-0.0001872997	0.0913735450
282.407574	1787825005596108288	-0.0006837294	0.0001176626	0.0844739367
282.495700	1787825005683108096	0.0007504111	-0.0009142128	0.0840523373
282.599512	1787825005788108032	0.0000772356	-0.0021266034	0.0872835361
282.705050	1787825005893108224	-0.0003529369	-0.0008075124	0.0813961667
282.796893	1787825005986108416	0.0011192743	0.0001340226	0.0915048997
282.901959	1787825006091108352	0.0026854561	-0.0009248890	0.0777707287
283.001649	1787825006190108416	0.0004085913	0.0003476781	0.0889457187
283.100416	1787825006289108224	-0.0011690508	0.0007498330	0.0862408618
283.197272	1787825006385108224	-0.0012723566	-0.0008623486	0.0892205756
283.309037	1787825006496108288	-0.0006650814	-0.0001632998	0.0854103413
283.414785	1787825006604108032	0.0000896153	0.0012763493	0.0920054897
283.502014	1787825006691108352	-0.0014028704	0.0009079745	0.0887244130
283.601926	1787825006790108160	0.0015341202	0.0003884161	0.0851621962
283.707217	1787825006895108096	-0.0015516093	-0.0000462630	0.0849457861
283.808501	1787825006997108224	-0.0013098915	0.0010837593	0.0847564067
283.902509	1787825007090108160	0.0000776759	-0.0007755031	0.0889808816
283.998838	1787825007186108160	0.0002426994	0.0015431901	0.0883356229
284.089478	1787825007276108288	-0.0018153049	0.0003502762	0.0834671152
284.200721	1787825007390108160	0.0008343563	-0.0000536264	0.0888440133
284.298895	1787825007486108416	-0.0007015117	-0.0012244562	0.0862774793
284.404925	1787825007594108160	-0.0005800229	-0.0007959851	0.0797630638
284.494826	1787825007684108288	0.0004464592	0.0004227544	0.0859873673
284.597273	1787825007786108160	-0.0008038018	0.0001469218	0.0867807172
284.697316	1787825007885108224	0.0014324068	0.0008333332	0.0877195353
284.801308	1787825007990108160	-0.0009051172	-0.0000673502	0.0868049766
284.902063	1787825008089108224	0.0018894963	0.0007249973	0.0810830473
285.001962	1787825008191108352	0.0001823626	-0.0001270681	0.0907188428
285.101181	1787825008290108160	0.0019586545	-0.0014122529	0.0892111314
285.196672	1787825008386108160	0.0005952387	-0.0000037822	0.0846210641
285.290563	1787825008479108096	0.0002704886	0.0013843319	0.0843866512
285.405140	1787825008593108224	-0.0002385316	0.0004192563	0.0898376048
285.508379	1787825008695108096	-0.0017834786	0.0002931287	0.0909667185
285.603995	1787825008791108096	0.0006478929	-0.0002740633	0.0901976348
285.690750	1787825008878108160	0.0000936847	-0.0004239923	0.0900085759
285.800238	1787825008989108224	0.0014357161	-0.0011652392	0.0970525431
285.898637	1787825009088108288	0.0001044241	-0.0003142464	0.0858517443
285.995124	1787825009184108288	0.0000825458	0.0005603423	0.0910019406
286.099075	1787825009286108160	0.0000188862	0.0004530349	0.0890033893
286.199894	1787825009388108288	-0.0007228810	0.0000499335	0.0910417589
286.289703	1787825009478108160	0.0008741065	0.0017669586	0.0858734559
286.402033	1787825009589108224	-0.0000428185	-0.0000713239	0.0803739156
286.502008	1787825009691108352	0.0005879570	-0.0014143174	0.0863222614
286.599146	1787825009787108096	0.0010393669	0.0006166105	0.0856512038
286.699980	1787825009889108224	-0.0024088230	0.0005350810	0.0787271835
286.807378	1787825009994108160	0.0004818710	0.0005015940	0.0868649188
286.906809	1787825010096108288	-0.0008630216	0.0001256608	0.0867816235
286.994513	1787825010183108096	-0.0018645578	0.0002680102	0.0933088893
287.096533	1787825010285107968	0.0005224198	0.0003492229	0.0815523761
287.197509	1787825010387108096	0.0013628217	0.0001872821	0.0887440937
287.310511	1787825010498108160	-0.0002146218	0.0007256703	0.0833520503
287.395499	1787825010582108160	-0.0013014010	0.0008986804	0.0860439930
287.503541	1787825010693108224	0.0010367989	-0.0008587179	0.0909866929
287.597106	1787825010786108160	0.0009726657	-0.0002914512	0.0818360575
287.701862	1787825010891108352	-0.0003085561	-0.0000428208	0.0893891897
287.804366	1787825010993108224	-0.0014926457	0.0010377263	0.0917192929
287.909721	1787825011098108416	-0.0001798066	0.0022968089	0.0935425088
288.004842	1787825011194108160	-0.0005770034	0.0007126303	0.0940460558
288.097423	1787825011284108288	-0.0006702084	0.0014829618	0.0926770473
288.192983	1787825011380108032	-0.0005469493	0.0003195368	0.0854139526
288.298267	1787825011485108224	0.0022393347	-0.0005593207	0.0938772286
288.393105	1787825011581107968	-0.0002500817	-0.0005157657	0.0845606575
288.507942	1787825011695108096	0.0004892633	-0.0011577537	0.0835156095
288.604091	1787825011791108096	0.0005438854	-0.0003035796	0.0944861009
288.702444	1787825011890108160	0.0016027935	0.0000237483	0.0858845307
288.803868	1787825011992108032	0.0001417626	-0.0011888541	0.0831301724
288.903762	1787825012091108352	-0.0003448279	0.0006408241	0.0884123961
289.003317	1787825012190108416	-0.0010089464	-0.0005009900	0.0913641118
289.102371	1787825012289108224	0.0005447702	-0.0007155245	0.0853866046
289.203508	1787825012391108352	-0.0037070812	0.0014249560	0.0925498295
289.302057	1787825012490108160	-0.0004077235	0.0015057421	0.0870194727
289.404896	1787825012592108288	0.0000517650	0.0004239806	0.0872997730
289.509422	1787825012697108224	-0.0005037458	0.0005452147	0.0897532696
289.606038	1787825012793108224	-0.0006465136	0.0006460177	0.0884224290
289.703994	1787825012892108288	-0.0004311523	0.0000241020	0.0906866401
289.794904	1787825012982108160	-0.0004757507	0.0014007521	0.0939700300
289.895837	1787825013084108032	0.0005083339	0.0013413695	0.0850354294
289.997092	1787825013186108160	0.0010120397	-0.0021221246	0.0890185893
290.103260	1787825013291108096	-0.0003695797	-0.0018388190	0.0889107422
290.195246	1787825013384108288	-0.0014832550	0.0008526785	0.0915871653
290.303029	1787825013492108032	-0.0005933013	0.0010913223	0.0857441827
290.396385	1787825013585108224	0.0003603079	0.0000835308	0.0879269738
290.494000	1787825013681108224	0.0003887796	-0.0002057399	0.0886161027
290.600728	1787825013789108224	0.0009268994	0.0002813102	0.0896986168
290.709205	1787825013897108224	0.0007195747	0.0007312221	0.0873339208
290.808800	1787825013996108288	0.0006441796	-0.0014871887	0.0879808138
290.911047	1787825014098108416	0.0014048996	-0.0011958172	0.0908219334
290.996603	1787825014185108224	-0.0013677623	0.0004593049	0.0884190246
291.094799	1787825014284108288	0.0002037053	-0.0012451188	0.0888644517
291.208066	1787825014395108096	-0.0001492223	-0.0018815376	0.0933744471
291.293172	1787825014482108160	-0.0010490684	-0.0000392876	0.0875337208
291.405100	1787825014593108224	0.0006423056	0.0008433922	0.0919164211
291.495257	1787825014683108096	0.0004580700	-0.0015578386	0.0892393894
291.602426	1787825014791108096	-0.0001713522	0.0027262073	0.0892570023
291.703593	1787825014893108224	0.0010754707	-0.0003306298	0.0889133071
291.792927	1787825014980108288	0.0005441772	0.0010659491	0.0851743828
291.895738	1787825015085108224	-0.0013616796	-0.0000422585	0.0907670616
292.013266	1787825015202108160	0.0012733654	-0.0007724027	0.0881256194
292.097806	1787825015286108160	0.0006604093	0.0010265971	0.0911637673
292.186550	1787825015376108288	-0.0018362617	-0.0005880165	0.0903260687
292.301508	1787825015490108160	0.0002173815	-0.0000506891	0.0901146091
292.407797	1787825015595108352	-0.0005439136	-0.0001729857	0.0870709470
292.496339	1787825015685108224	-0.0000325190	-0.0000166773	0.0835974442
292.594288	1787825015781108224	0.0009556351	0.0007524927	0.0857568362
292.702543	1787825015892108288	0.0002611041	-0.0010768757	0.0889004352
292.791918	1787825015979108096	-0.0000280517	0.0003126622	0.0878771907
292.903573	1787825016093108224	-0.0012220621	0.0004205750	0.0853909167
292.997672	1787825016186108160	-0.0001820911	0.0000283418	0.0863230724
293.097416	1787825016285107968	-0.0001262072	0.0011318269	0.0894478928
293.197064	1787825016384108288	0.0002067631	-0.0000758325	0.0902622159
293.293560	1787825016483108352	0.0002240282	0.0011344552	0.0870270937
293.404466	1787825016591108352	-0.0002503688	-0.0000497390	0.0871653405
293.488705	1787825016678108160	0.0002524043	0.0009478633	0.0844146725
293.587290	1787825016774108160	-0.0005140390	-0.0001023285	0.0942953409
293.702388	1787825016891108352	0.0001688261	-0.0004303359	0.0857064796
293.805856	1787825016993108224	0.0002416270	-0.0000696470	0.0933150349
293.889487	1787825017077108224	0.0001731123	0.0005358161	0.0865271338
294.003673	1787825017191108352	0.0002841137	0.0010416717	0.0869470293
294.107226	1787825017296108288	0.0003639788	0.0004488138	0.0802841704
294.202496	1787825017389108224	0.0000652629	0.0000106382	0.0819907343
294.297142	1787825017485108224	0.0002249566	-0.0006808412	0.0895450096
294.398746	1787825017587108096	0.0001849751	0.0002098694	0.0897940085
294.498202	1787825017686108160	0.0003853339	-0.0007610648	0.0966204674
294.605422	1787825017794108160	-0.0000226450	-0.0000288542	0.0853739814
294.705876	1787825017893108224	-0.0003925858	-0.0003012373	0.0889082095
294.804476	1787825017992108032	-0.0009058819	0.0001377529	0.0859645378
294.909625	1787825018097108224	-0.0004100534	-0.0003958014	0.0867080059
295.005910	1787825018193108224	0.0006453439	0.0013167549	0.0853926472
295.095645	1787825018283108352	-0.0001147056	0.0013443008	0.0801351128
295.204474	1787825018391108352	-0.0001022869	0.0001646600	0.0896465609
295.292221	1787825018481108224	0.0020569692	0.0008447003	0.0906145468
295.406323	1787825018595108352	0.0003585775	-0.0006424061	0.0876864085
295.502166	1787825018691108352	0.0014326553	0.0002738587	0.0883798871
295.600605	1787825018790108160	0.0000825091	-0.0006261203	0.0903955095
295.703213	1787825018892108288	0.0007694526	-0.0004369860	0.0890034676
295.793408	1787825018982108160	0.0006090771	0.0007680477	0.0906467217
295.897136	1787825019084108032	0.0003730877	-0.0001154372	0.0876261231
295.993134	1787825019180108288	-0.0005497905	-0.0004657570	0.0852119578
296.092295	1787825019279108352	0.0007560488	0.0000053585	0.0867137678
296.207240	1787825019396108032	-0.0007418364	0.0002729379	0.0844677287
296.292485	1787825019480108288	-0.0013848472	0.0000735577	0.0843254350
296.403495	1787825019591108352	-0.0006994169	-0.0002765568	0.0882877271
296.499278	1787825019687108352	0.0000142760	0.0004029134	0.0860326615
296.593464	1787825019780108288	0.0007160936	0.0008907467	0.0853131452
296.701329	1787825019888108288	-0.0008475468	-0.0003133296	0.0889427971
296.791419	1787825019978108160	-0.0004939649	0.0002091986	0.0878610505
296.901519	1787825020089108224	0.0003843590	0.0005776217	0.0849838762
297.002613	1787825020191108352	0.0010442083	-0.0006892624	0.0813966290
297.101211	1787825020290108160	0.0008278981	0.0002050571	0.0924304485
297.205715	1787825020395108096	0.0013613739	-0.0000653993	0.0856888542
297.295818	1787825020485108224	-0.0009595270	-0.0010464187	0.0850835217
297.398350	1787825020587108096	-0.0017248265	-0.0002277930	0.0859245968
297.495569	1787825020683108096	-0.0006385672	0.0003281453	0.0887108405
297.586072	1787825020773108224	0.0013412807	0.0000461396	0.0928662358
297.700635	1787825020890108160	0.0001403420	-0.0010910274	0.0848240796
297.802817	1787825020992108032	-0.0011862920	-0.0010316687	0.0868348421
297.906887	1787825021094108160	-0.0003260894	-0.0006310295	0.0941913237
298.005200	1787825021193108224	-0.0016558050	-0.0005361147	0.0834803999
298.093992	1787825021283108352	-0.0006312113	0.0009506165	0.0898677150
298.202360	1787825021391108352	-0.0008704520	0.0004059232	0.0955366452
298.306513	1787825021496108288	0.0005483822	-0.0010195947	0.0823285513
298.397221	1787825021586108160	0.0015377799	0.0002787848	0.0839698134
298.499116	1787825021688108288	0.0005470868	-0.0009116789	0.0862448412
298.607993	1787825021796108288	-0.0000662422	0.0002771767	0.0854793917
298.698516	1787825021886108160	0.0000264943	0.0019857441	0.0889986548
298.809869	1787825021997108224	-0.0004036627	-0.0010148274	0.0870182036
298.897596	1787825022087108096	0.0004572697	0.0007521762	0.0871053024
298.994745	1787825022183108096	0.0024168399	0.0001133195	0.0898720481
299.099820	1787825022288108032	-0.0007476986	0.0009216786	0.0867804130
299.192192	1787825022381108224	-0.0000321810	-0.0011504198	0.0830897704
299.296797	1787825022486108416	0.0008935731	-0.0005881879	0.0856104868
299.403672	1787825022591108352	-0.0008426023	-0.0001337190	0.0877746267
299.489392	1787825022678108160	-0.0008980288	0.0004451161	0.0837916243
299.602969	1787825022792108288	-0.0000169094	0.0015226533	0.0893129526
299.700714	1787825022888108288	0.0006465530	0.0009709846	0.0876203286
299.806064	1787825022993108224	-0.0006141645	-0.0001201514	0.0863434209
299.907738	1787825023095108352	-0.0004511307	0.0004969691	0.0854362192
