time           lon            lat            alt            heading        pitch          roll           vn             vh             ve             
0.10913168     -122.14016513  47.64146792    116.97500000   5.00000000     0.00000000     0.00000000     0.00000000     0.00000000     0.00000000     
0.19483313     -122.14016513  47.64146792    116.97500000   5.00000000     0.00000000     0.00000000     0.00000000     0.00000000     0.00000000     
0.30492395     -122.14016513  47.64146792    116.97500000   5.00000000     0.00000000     0.00000000     0.00000000     0.00000000     0.00000000     
0.40130281     -122.14016513  47.64146792    116.97500000   5.00000000     0.00000000     0.00000000     0.00000000     0.00000000     0.00000000     
0.49764619     -122.14016513  47.64146792    116.97500000   5.00000000     0.00000000     0.00000000     0.00000000     0.00000000     0.00000000     
0.59642805     -122.14016513  47.64146792    116.97500000   5.00000000     0.00000000     0.00000000     0.00000000     0.00000000     0.00000000     
0.70480981     -122.14016513  47.64146792    116.97500000   5.00000000     0.00000000     0.00000000     0.00000000     0.00000000     0.00000000     
0.80055648     -122.14016513  47.64146792    116.97500000   5.00000000     0.00000000     0.00000000     0.00000000     0.00000000     0.00000000     
0.89475236     -122.14016513  47.64146792    116.97500000   5.00000000     0.00000000     0.00000000     0.00000000     0.00000000     0.00000000     
1.00471031     -122.14016513  47.64146792    116.97500000   5.00000000     0.00000000     0.00000000     0.00000000     0.00000000     0.00000000     
1.10209420     -122.14016513  47.64146792    116.97500000   5.00000000     0.00000000     0.00000000     0.00000000     0.00000000     0.00000000     
1.19454984     -122.14016513  47.64146792    116.97500000   5.00000000     0.00000000     0.00000000     0.00000000     0.00000000     0.00000000     
1.29122055     -122.14016513  47.64146792    116.97500000   5.00000000     0.00000000     0.00000000     0.00000000     0.00000000     0.00000000     
1.40420564     -122.14016513  47.64146792    116.97500000   5.00000000     0.00000000     0.00000000     0.00000000     0.00000000     0.00000000     
1.50352281     -122.14016513  47.64146792    116.97500000   5.00000000     0.00000000     0.00000000     0.00000000     0.00000000     0.00000000     
1.60117258     -122.14016513  47.64146792    116.97500000   5.00000000     0.00000000     0.00000000     0.00000000     0.00000000     0.00000000     
1.69746299     -122.14016513  47.64146792    116.97500000   5.00000000     0.00000000     0.00000000     0.00000000     0.00000000     0.00000000     
1.79609517     -122.14016513  47.64146792    116.97500000   5.00000000     0.00000000     0.00000000     0.00000000     0.00000000     0.00000000     
1.89974926     -122.14016513  47.64146792    116.97500000   5.00000000     0.00000000     0.00000000     0.00000000     0.00000000     0.00000000     
2.00507457     -122.14016513  47.64146792    116.97500000   5.00000000     0.00000000     0.00000000     0.00000000     0.00000000     0.00000000     
2.09890246     -122.14016513  47.64146792    116.97500000   5.00000000     0.00000000     0.00000000     0.00000000     0.00000000     0.00000000     
2.19794049     -122.14016513  47.64146792    116.97500000   5.00000000     0.00000000     0.00000000     0.00000000     0.00000000     0.00000000     
2.30098252     -122.14016513  47.64146792    116.97500000   5.00000000     0.00000000     0.00000000     0.00000000     0.00000000     0.00000000     
2.40231572     -122.14016513  47.64146792    116.97500000   5.00000000     0.00000000     0.00000000     0.00000000     0.00000000     0.00000000     
2.50405488     -122.14016513  47.64146792    116.97500000   5.00000000     0.00000000     0.00000000     0.00000000     0.00000000     0.00000000     
2.60114844     -122.14016513  47.64146792    116.97500000   5.00000000     0.00000000     0.00000000     0.00000000     0.00000000     0.00000000     
2.70631502     -122.14016513  47.64146792    116.97500000   5.00000000     0.00000000     0.00000000     0.00000000     0.00000000     0.00000000     
2.79848920     -122.14016513  47.64146792    116.97500000   5.00000000     0.00000000     0.00000000     0.00000000     0.00000000     0.00000000     
2.89758643     -122.14016513  47.64146792    116.97500000   5.00000000     0.00000000     0.00000000     0.00000000     0.00000000     0.00000000     
3.00398474     -122.14016513  47.64146792    116.97500000   5.00000000     0.00000000     0.00000000     0.00000000     0.00000000     0.00000000     
3.10659773     -122.14016513  47.64146792    116.97500000   5.00000000     0.00000000     0.00000000     0.00000000     0.00000000     0.00000000     
3.20120470     -122.14016513  47.64146792    116.97500000   5.00000000     0.00000000     0.00000000     0.00000000     0.00000000     0.00000000     
3.29946927     -122.14016513  47.64146792    116.97500000   5.00000000     0.00000000     0.00000000     0.00000000     0.00000000     0.00000000     
3.39415436     -122.14016513  47.64146792    116.97500000   5.00000000     0.00000000     0.00000000     0.00000000     0.00000000     0.00000000     
3.49587033     -122.14016513  47.64146792    116.97500000   5.00000000     0.00000000     0.00000000     0.00000000     0.00000000     0.00000000     
3.59258094     -122.14016513  47.64146792    116.97500000   5.00000000     0.00000000     0.00000000     0.00000000     0.00000000     0.00000000     
3.69044363     -122.14016513  47.64146792    116.97500000   5.00000000     0.00000000     0.00000000     0.00000000     0.00000000     0.00000000     
3.79337865     -122.14016513  47.64146792    116.97500000   5.00000000     0.00000000     0.00000000     0.00000000     0.00000000     0.00000000     
3.91979805     -122.14016513  47.64146792    116.97500000   5.00000000     0.00000000     0.00000000     0.00000000     0.00000000     0.00000000     
3.99921417     -122.14016513  47.64146792    116.97500000   5.00000000     0.00000000     0.00000000     0.00000000     0.00000000     0.00000000     
4.08896155     -122.14016513  47.64146792    116.97500000   5.00000000     0.00000000     0.00000000     0.00000000     0.00000000     0.00000000     
4.19987746     -122.14016513  47.64146792    116.97500000   5.00000000     0.00000000     0.00000000     0.00000000     0.00000000     0.00000000     
4.30844929     -122.14016513  47.64146792    116.97500000   5.00000000     0.00000000     0.00000000     0.00000000     0.00000000     0.00000000     
4.40126421     -122.14016513  47.64146792    116.97500000   5.00000000     0.00000000     0.00000000     0.00000000     0.00000000     0.00000000     
4.49528540     -122.14016513  47.64146792    116.97500000   5.00000000     0.00000000     0.00000000     0.00000000     0.00000000     0.00000000     
4.61216326     -122.14016513  47.64146792    116.97500000   5.00000000     0.00000000     0.00000000     0.00000000     0.00000000     0.00000000     
4.69682603     -122.14016513  47.64146792    116.97500000   5.00000000     0.00000000     0.00000000     0.00000000     0.00000000     0.00000000     
4.80599390     -122.14016513  47.64146792    116.97500000   5.00000000     0.00000000     0.00000000     0.00000000     0.00000000     0.00000000     
4.90467642     -122.14016513  47.64146792    116.97500000   5.00000000     0.00000000     0.00000000     0.00000000     0.00000000     0.00000000     
4.99667576     -122.14016513  47.64146792    116.97500000   5.00000000     0.00000000     0.00000000     0.00000000     0.00000000     0.00000000     
5.09562914     -122.14016513  47.64146792    116.97500000   5.00000000     0.00000000     0.00000000     0.00000000     0.00000000     0.00000000     
5.19591812     -122.14016513  47.64146792    116.97500000   5.00000000     0.00000000     0.00000000     0.00000000     0.00000000     0.00000000     
5.30619148     -122.14016513  47.64146792    116.97500000   5.00000000     0.00000000     0.00000000     0.00000000     0.00000000     0.00000000     
5.39808399     -122.14016513  47.64146792    116.97500000   5.00000000     0.00000000     0.00000000     0.00000000     0.00000000     0.00000000     
5.50256476     -122.14016513  47.64146792    116.97500000   5.00000000     0.00000000     0.00000000     0.00000000     0.00000000     0.00000000     
5.60531281     -122.14016513  47.64146792    116.97500000   5.00000000     0.00000000     0.00000000     0.00000000     0.00000000     0.00000000     
5.70377390     -122.14016513  47.64146792    116.97500000   5.00000000     0.00000000     0.00000000     0.00000000     0.00000000     0.00000000     
5.79889006     -122.14016513  47.64146792    116.97500000   5.00000000     0.00000000     0.00000000     0.00000000     0.00000000     0.00000000     
5.90509784     -122.14016513  47.64146792    116.97500000   5.00000000     0.00000000     0.00000000     0.00000000     0.00000000     0.00000000     
6.00073732     -122.14016513  47.64146792    116.97500000   5.00000000     0.00000000     0.00000000     0.00000000     0.00000000     0.00000000     
6.08397253     -122.14016513  47.64146792    116.97500000   5.00000000     0.00000000     0.00000000     0.00000000     0.00000000     0.00000000     
6.20048829     -122.14016513  47.64146792    116.97500000   5.00000000     0.00000000     0.00000000     0.00000000     0.00000000     0.00000000     
6.29802440     -122.14016513  47.64146792    116.97500000   5.00000000     0.00000000     0.00000000     0.00000000     0.00000000     0.00000000     
6.40159935     -122.14016513  47.64146792    116.97500000   5.00000000     0.00000000     0.00000000     0.00000000     0.00000000     0.00000000     
6.50232535     -122.14016513  47.64146792    116.97500000   5.00000000     0.00000000     0.00000000     0.00000000     0.00000000     0.00000000     
6.59365941     -122.14016513  47.64146792    116.97500000   5.00000000     0.00000000     0.00000000     0.00000000     0.00000000     0.00000000     
6.69700316     -122.14016513  47.64146792    116.97500000   5.00000000     0.00000000     0.00000000     0.00000000     0.00000000     0.00000000     
6.79842952     -122.14016513  47.64146792    116.97500000   5.00000000     0.00000000     0.00000000     0.00000000     0.00000000     0.00000000     
6.90020000     -122.14016513  47.64146792    116.97500000   5.00000000     0.00000000     0.00000000     0.00000000     0.00000000     0.00000000     
6.99871881     -122.14016513  47.64146792    116.97500000   5.00000000     0.00000000     0.00000000     0.00000000     0.00000000     0.00000000     
7.09221824     -122.14016513  47.64146792    116.97500000   5.00000000     0.00000000     0.00000000     0.00000000     0.00000000     0.00000000     
7.20681714     -122.14016513  47.64146792    116.97500000   5.00000000     0.00000000     0.00000000     0.00000000     0.00000000     0.00000000     
7.30890482     -122.14016513  47.64146792    116.97500000   5.00000000     0.00000000     0.00000000     0.00000000     0.00000000     0.00000000     
7.40182072     -122.14016513  47.64146792    116.97500000   5.00000000     0.00000000     0.00000000     0.00000000     0.00000000     0.00000000     
7.49349022     -122.14016513  47.64146792    116.97500000   5.00000000     0.00000000     0.00000000     0.00000000     0.00000000     0.00000000     
7.60323599     -122.14016513  47.64146792    116.97500000   5.00000000     0.00000000     0.00000000     0.00000000     0.00000000     0.00000000     
7.70082966     -122.14016513  47.64146792    116.97500000   5.00000000     0.00000000     0.00000000     0.00000000     0.00000000     0.00000000     
7.80899491     -122.14016513  47.64146792    116.97500000   5.00000000     0.00000000     0.00000000     0.00000000     0.00000000     0.00000000     
7.89485219     -122.14016513  47.64146792    116.97500000   5.00000000     0.00000000     0.00000000     0.00000000     0.00000000     0.00000000     
8.00547114     -122.14016513  47.64146792    116.97500000   5.00000000     0.00000000     0.00000000     0.00000000     0.00000000     0.00000000     
8.10284761     -122.14016513  47.64146792    116.97500000   5.00000000     0.00000000     0.00000000     0.00000000     0.00000000     0.00000000     
8.19741777     -122.14016513  47.64146792    116.97500000   5.00000000     0.00000000     0.00000000     0.00000000     0.00000000     0.00000000     
8.29761187     -122.14016513  47.64146792    116.97500000   5.00000000     0.00000000     0.00000000     0.00000000     0.00000000     0.00000000     
8.40138290     -122.14016513  47.64146792    116.97500000   5.00000000     0.00000000     0.00000000     0.00000000     0.00000000     0.00000000     
8.49800840     -122.14016513  47.64146792    116.97500000   5.00000000     0.00000000     0.00000000     0.00000000     0.00000000     0.00000000     
8.59637088     -122.14016513  47.64146792    116.97500000   5.00000000     0.00000000     0.00000000     0.00000000     0.00000000     0.00000000     
8.69874728     -122.14016513  47.64146792    116.97500000   5.00000000     0.00000000     0.00000000     0.00000000     0.00000000     0.00000000     
8.80295354     -122.14016513  47.64146792    116.97500000   5.00000000     0.00000000     0.00000000     0.00000000     0.00000000     0.00000000     
8.90002376     -122.14016513  47.64146792    116.97500000   5.00000000     0.00000000     0.00000000     0.00000000     0.00000000     0.00000000     
8.99439303     -122.14016513  47.64146792    116.97500000   5.00000000     0.00000000     0.00000000     0.00000000     0.00000000     0.00000000     
9.09908832     -122.14016513  47.64146792    116.97500000   5.00000000     0.00000000     0.00000000     0.00000000     0.00000000     0.00000000     
9.19955868     -122.14016513  47.64146792    116.97500000   5.00000000     0.00000000     0.00000000     0.00000000     0.00000000     0.00000000     
9.29820747     -122.14016513  47.64146792    116.97500000   5.00000000     0.00000000     0.00000000     0.00000000     0.00000000     0.00000000     
9.40128982     -122.14016513  47.64146792    116.97500000   5.00000000     0.00000000     0.00000000     0.00000000     0.00000000     0.00000000     
9.50037844     -122.14016513  47.64146792    116.97500000   5.00000000     0.00000000     0.00000000     0.00000000     0.00000000     0.00000000     
9.60280499     -122.14016513  47.64146792    116.97500000   5.00000000     0.00000000     0.00000000     0.00000000     0.00000000     0.00000000     
9.69997054     -122.14016513  47.64146792    116.97500000   5.00000000     0.00000000     0.00000000     0.00000000     0.00000000     0.00000000     
9.80590339     -122.14016513  47.64146792    116.97500000   5.00000000     0.00000000     0.00000000     0.00000000     0.00000000     0.00000000     
9.90535050     -122.14016513  47.64146792    116.97500000   5.00000000     0.00000000     0.00000000     0.00000000     0.00000000     0.00000000     
10.00108818    -122.14016513  47.64146792    116.97500000   5.00000000     0.00000000     0.00000000     0.00000000     0.00000000     0.00000000     
10.09680041    -122.14016513  47.64146792    116.97500000   5.00000000     0.00000000     0.00000000     0.00000000     0.00000000     0.00000000     
10.21240366    -122.14016513  47.64146792    116.97500000   5.00000000     0.00000000     0.00000000     0.00000000     0.00000000     0.00000000     
10.29671576    -122.14016513  47.64146792    116.97500000   5.00000000     0.00000000     0.00000000     0.00000000     0.00000000     0.00000000     
10.40850430    -122.14016513  47.64146792    116.97500000   5.00000000     0.00000000     0.00000000     0.00000000     0.00000000     0.00000000     
10.49415016    -122.14016513  47.64146792    116.97500000   5.00000000     0.00000000     0.00000000     0.00000000     0.00000000     0.00000000     
10.60206218    -122.14016513  47.64146792    116.97500000   5.00000000     0.00000000     0.00000000     0.00000000     0.00000000     0.00000000     
10.70447775    -122.14016513  47.64146792    116.97500000   5.00000000     0.00000000     0.00000000     0.00000000     0.00000000     0.00000000     
10.80093685    -122.14016513  47.64146792    116.97500000   5.00000000     0.00000000     0.00000000     0.00000000     0.00000000     0.00000000     
10.89425003    -122.14016513  47.64146792    116.97500000   5.00000000     0.00000000     0.00000000     0.00000000     0.00000000     0.00000000     
10.99840489    -122.14016513  47.64146792    116.97500000   5.00000000     0.00000000     0.00000000     0.00000000     0.00000000     0.00000000     
11.08720657    -122.14016513  47.64146792    116.97500000   5.00000000     0.00000000     0.00000000     0.00000000     0.00000000     0.00000000     
11.19500824    -122.14016513  47.64146792    116.97500000   5.00000000     0.00000000     0.00000000     0.00000000     0.00000000     0.00000000     
11.31061812    -122.14016513  47.64146792    116.97500000   5.00000000     0.00000000     0.00000000     0.00000000     0.00000000     0.00000000     
11.39762278    -122.14016513  47.64146792    116.97500000   5.00000000     0.00000000     0.00000000     0.00000000     0.00000000     0.00000000     
11.49804933    -122.14016513  47.64146792    116.97500000   5.00000000     0.00000000     0.00000000     0.00000000     0.00000000     0.00000000     
11.60494331    -122.14016513  47.64146792    116.97500000   5.00000000     0.00000000     0.00000000     0.00000000     0.00000000     0.00000000     
11.69995502    -122.14016513  47.64146792    116.97500000   5.00000000     0.00000000     0.00000000     0.00000000     0.00000000     0.00000000     
11.79846199    -122.14016513  47.64146792    116.97500000   5.00000000     0.00000000     0.00000000     0.00000000     0.00000000     0.00000000     
11.90242987    -122.14016513  47.64146792    116.97500000   5.00000000     0.00000000     0.00000000     0.00000000     0.00000000     0.00000000     
12.00103532    -122.14016513  47.64146792    116.97500000   5.00000000     0.00000000     0.00000000     0.00000000     0.00000000     0.00000000     
12.09900468    -122.14016513  47.64146792    116.97500000   5.00000000     0.00000000     0.00000000     0.00000000     0.00000000     0.00000000     
12.20863201    -122.14016513  47.64146792    116.97500000   5.00000000     0.00000000     0.00000000     0.00000000     0.00000000     0.00000000     
12.30944419    -122.14016513  47.64146792    116.97500000   5.00000000     0.00000000     0.00000000     0.00000000     0.00000000     0.00000000     
12.40280165    -122.14016513  47.64146792    116.97500000   5.00000000     0.00000000     0.00000000     0.00000000     0.00000000     0.00000000     
12.49986387    -122.14016513  47.64146792    116.97500000   5.00000000     0.00000000     0.00000000     0.00000000     0.00000000     0.00000000     
12.59638637    -122.14016513  47.64146792    116.97500000   5.00000000     0.00000000     0.00000000     0.00000000     0.00000000     0.00000000     
12.69959651    -122.14016513  47.64146792    116.97500000   5.00000000     0.00000000     0.00000000     0.00000000     0.00000000     0.00000000     
12.79744217    -122.14016513  47.64146792    116.97500000   5.00000000     0.00000000     0.00000000     0.00000000     0.00000000     0.00000000     
12.90797025    -122.14016513  47.64146792    116.97500000   5.00000000     0.00000000     0.00000000     0.00000000     0.00000000     0.00000000     
13.00272004    -122.14016513  47.64146792    116.97500000   5.00000000     0.00000000     0.00000000     0.00000000     0.00000000     0.00000000     
13.09386862    -122.14016513  47.64146792    116.97500000   5.00000000     0.00000000     0.00000000     0.00000000     0.00000000     0.00000000     
13.20189500    -122.14016513  47.64146792    116.97500000   5.00000000     0.00000000     0.00000000     0.00000000     0.00000000     0.00000000     
13.31621641    -122.14016513  47.64146792    116.97500000   5.00000000     0.00000000     0.00000000     0.00000000     0.00000000     0.00000000     
13.40285557    -122.14016513  47.64146792    116.97500000   5.00000000     0.00000000     0.00000000     0.00000000     0.00000000     0.00000000     
13.50008739    -122.14016513  47.64146792    116.97500000   5.00000000     0.00000000     0.00000000     0.00000000     0.00000000     0.00000000     
13.58859423    -122.14016513  47.64146792    116.97500000   5.00000000     0.00000000     0.00000000     0.00000000     0.00000000     0.00000000     
13.70244304    -122.14016513  47.64146792    116.97500000   5.00000000     0.00000000     0.00000000     0.00000000     0.00000000     0.00000000     
13.79627053    -122.14016513  47.64146792    116.97500000   5.00000000     0.00000000     0.00000000     0.00000000     0.00000000     0.00000000     
13.88566608    -122.14016513  47.64146792    116.97500000   5.00000000     0.00000000     0.00000000     0.00000000     0.00000000     0.00000000     
13.99455268    -122.14016513  47.64146792    116.97500000   5.00000000     0.00000000     0.00000000     0.00000000     0.00000000     0.00000000     
14.10893235    -122.14016513  47.64146792    116.97500000   5.00000000     0.00000000     0.00000000     0.00000000     0.00000000     0.00000000     
14.19988427    -122.14016513  47.64146792    116.97500000   5.00000000     0.00000000     0.00000000     0.00000000     0.00000000     0.00000000     
14.30141159    -122.14016513  47.64146792    116.97500000   5.00000000     0.00000000     0.00000000     0.00000000     0.00000000     0.00000000     
14.39797610    -122.14016513  47.64146792    116.97500000   5.00000000     0.00000000     0.00000000     0.00000000     0.00000000     0.00000000     
14.50304012    -122.14016513  47.64146792    116.97500000   5.00000000     0.00000000     0.00000000     0.00000000     0.00000000     0.00000000     
14.59640863    -122.14016513  47.64146792    116.97500000   5.00000000     0.00000000     0.00000000     0.00000000     0.00000000     0.00000000     
14.68749064    -122.14016513  47.64146792    116.97500000   5.00000000     0.00000000     0.00000000     0.00000000     0.00000000     0.00000000     
14.79364761    -122.14016513  47.64146792    116.97500000   5.00000000     0.00000000     0.00000000     0.00000000     0.00000000     0.00000000     
14.89712046    -122.14016513  47.64146792    116.97500000   5.00000000     0.00000000     0.00000000     0.00000000     0.00000000     0.00000000     
15.00422651    -122.14016513  47.64146792    116.97500000   5.00000000     0.00000000     0.00000000     0.00000000     0.00000000     0.00000000     
15.09073869    -122.14016513  47.64146792    116.97500000   5.00000000     0.00000000     0.00000000     0.00000000     0.00000000     0.00000000     
15.19547103    -122.14016513  47.64146792    116.97500000   5.00000000     0.00000000     0.00000000     0.00000000     0.00000000     0.00000000     
15.29764960    -122.14016513  47.64146792    116.97500000   5.00000000     0.00000000     0.00000000     0.00000000     0.00000000     0.00000000     
15.40143960    -122.14016513  47.64146792    116.97500000   5.00000000     0.00000000     0.00000000     0.00000000     0.00000000     0.00000000     
15.49502789    -122.14016513  47.64146792    116.97500000   5.00000000     0.00000000     0.00000000     0.00000000     0.00000000     0.00000000     
15.60164157    -122.14016513  47.64146792    116.97500000   5.00000000     0.00000000     0.00000000     0.00000000     0.00000000     0.00000000     
15.68733229    -122.14016513  47.64146792    116.97500000   5.00000000     0.00000000     0.00000000     0.00000000     0.00000000     0.00000000     
15.79860841    -122.14016513  47.64146792    116.97500000   5.00000000     0.00000000     0.00000000     0.00000000     0.00000000     0.00000000     
15.91016529    -122.14016513  47.64146792    116.97500000   5.00000000     0.00000000     0.00000000     0.00000000     0.00000000     0.00000000     
15.99334349    -122.14016513  47.64146792    116.97500000   5.00000000     0.00000000     0.00000000     0.00000000     0.00000000     0.00000000     
16.09651809    -122.14016513  47.64146792    116.97500000   5.00000000     0.00000000     0.00000000     0.00000000     0.00000000     0.00000000     
16.20451355    -122.14016513  47.64146792    116.97500000   5.00000000     0.00000000     0.00000000     0.00000000     0.00000000     0.00000000     
16.30276175    -122.14016513  47.64146792    116.97500000   5.00000000     0.00000000     0.00000000     0.00000000     0.00000000     0.00000000     
16.39500108    -122.14016513  47.64146792    116.97500000   5.00000000     0.00000000     0.00000000     0.00000000     0.00000000     0.00000000     
16.50074331    -122.14016513  47.64146792    116.97500000   5.00000000     0.00000000     0.00000000     0.00000000     0.00000000     0.00000000     
16.61266987    -122.14016513  47.64146792    116.97500000   5.00000000     0.00000000     0.00000000     0.00000000     0.00000000     0.00000000     
16.69772726    -122.14016513  47.64146792    116.97500000   5.00000000     0.00000000     0.00000000     0.00000000     0.00000000     0.00000000     
16.79833823    -122.14016513  47.64146792    116.97500000   5.00000000     0.00000000     0.00000000     0.00000000     0.00000000     0.00000000     
16.90364755    -122.14016513  47.64146792    116.97500000   5.00000000     0.00000000     0.00000000     0.00000000     0.00000000     0.00000000     
17.00922476    -122.14016513  47.64146792    116.97500000   5.00000000     0.00000000     0.00000000     0.00000000     0.00000000     0.00000000     
17.09536423    -122.14016513  47.64146792    116.97500000   5.00000000     0.00000000     0.00000000     0.00000000     0.00000000     0.00000000     
17.20302777    -122.14016513  47.64146792    116.97500000   5.00000000     0.00000000     0.00000000     0.00000000     0.00000000     0.00000000     
17.29840783    -122.14016513  47.64146792    116.97500000   5.00000000     0.00000000     0.00000000     0.00000000     0.00000000     0.00000000     
17.40377296    -122.14016513  47.64146792    116.97500000   5.00000000     0.00000000     0.00000000     0.00000000     0.00000000     0.00000000     
17.50320115    -122.14016513  47.64146792    116.97500000   5.00000000     0.00000000     0.00000000     0.00000000     0.00000000     0.00000000     
17.59944000    -122.14016513  47.64146792    116.97500000   5.00000000     0.00000000     0.00000000     0.00000000     0.00000000     0.00000000     
17.70335031    -122.14016513  47.64146792    116.97500000   5.00000000     0.00000000     0.00000000     0.00000000     0.00000000     0.00000000     
17.81080019    -122.14016513  47.64146792    116.97500000   5.00000000     0.00000000     0.00000000     0.00000000     0.00000000     0.00000000     
17.88965195    -122.14016513  47.64146792    116.97500000   5.00000000     0.00000000     0.00000000     0.00000000     0.00000000     0.00000000     
18.00072475    -122.14016513  47.64146792    116.97500000   5.00000000     0.00000000     0.00000000     0.00000000     0.00000000     0.00000000     
18.08878528    -122.14016513  47.64146792    116.97500000   5.00000000     0.00000000     0.00000000     0.00000000     0.00000000     0.00000000     
18.21222604    -122.14016513  47.64146792    116.97500000   5.00000000     0.00000000     0.00000000     0.00000000     0.00000000     0.00000000     
18.30874658    -122.14016513  47.64146792    116.97500000   5.00000000     0.00000000     0.00000000     0.00000000     0.00000000     0.00000000     
18.38978069    -122.14016513  47.64146792    116.97500000   5.00000000     0.00000000     0.00000000     0.00000000     0.00000000     0.00000000     
18.49901244    -122.14016513  47.64146792    116.97500000   5.00000000     0.00000000     0.00000000     0.00000000     0.00000000     0.00000000     
18.58915256    -122.14016513  47.64146792    116.97500000   5.00000000     0.00000000     0.00000000     0.00000000     0.00000000     0.00000000     
18.69818900    -122.14016513  47.64146792    116.97500000   5.00000000     0.00000000     0.00000000     0.00000000     0.00000000     0.00000000     
18.79672281    -122.14016513  47.64146792    116.97500000   5.00000000     0.00000000     0.00000000     0.00000000     0.00000000     0.00000000     
18.89081327    -122.14016513  47.64146792    116.97500000   5.00000000     0.00000000     0.00000000     0.00000000     0.00000000     0.00000000     
19.00522492    -122.14016513  47.64146792    116.97500000   5.00000000     0.00000000     0.00000000     0.00000000     0.00000000     0.00000000     
19.11752234    -122.14016513  47.64146792    116.97500000   5.00000000     0.00000000     0.00000000     0.00000000     0.00000000     0.00000000     
19.20830624    -122.14016513  47.64146792    116.97500000   5.00000000     0.00000000     0.00000000     0.00000000     0.00000000     0.00000000     
19.29107656    -122.14016513  47.64146792    116.97500000   5.00000000     0.00000000     0.00000000     0.00000000     0.00000000     0.00000000     
19.40703112    -122.14016513  47.64146792    116.97500000   5.00000000     0.00000000     0.00000000     0.00000000     0.00000000     0.00000000     
19.49317186    -122.14016513  47.64146792    116.97500000   5.00000000     0.00000000     0.00000000     0.00000000     0.00000000     0.00000000     
19.60411185    -122.14016513  47.64146792    116.97500000   5.00000000     0.00000000     0.00000000     0.00000000     0.00000000     0.00000000     
19.70371084    -122.14016513  47.64146792    116.97500000   5.00000000     0.00000000     0.00000000     0.00000000     0.00000000     0.00000000     
19.79359445    -122.14016513  47.64146792    116.97500000   5.00000000     0.00000000     0.00000000     0.00000000     0.00000000     0.00000000     
19.90702030    -122.14016513  47.64146792    116.97500000   5.00000000     0.00000000     0.00000000     0.00000000     0.00000000     0.00000000     
20.00114005    -122.14016513  47.64146792    116.97500000   5.00000000     0.00000000     0.00000000     0.00000000     0.00000000     0.00000000     
20.10078611    -122.14016513  47.64146792    116.97500000   5.00000000     0.00000000     0.00000000     0.00000000     0.00000000     0.00000000     
20.19813344    -122.14016513  47.64146792    116.97500000   5.00000000     0.00000000     0.00000000     0.00000000     0.00000000     0.00000000     
20.29741206    -122.14016513  47.64146792    116.97500000   5.00000000     0.00000000     0.00000000     0.00000000     0.00000000     0.00000000     
20.40894848    -122.14016513  47.64146792    116.97500000   5.00000000     0.00000000     0.00000000     0.00000000     0.00000000     0.00000000     
20.48968097    -122.14016513  47.64146792    116.97500000   5.00000000     0.00000000     0.00000000     0.00000000     0.00000000     0.00000000     
20.60024378    -122.14016513  47.64146792    116.97500000   5.00000000     0.00000000     0.00000000     0.00000000     0.00000000     0.00000000     
20.68784188    -122.14016513  47.64146792    116.97500000   5.00000000     0.00000000     0.00000000     0.00000000     0.00000000     0.00000000     
20.80606524    -122.14016513  47.64146792    116.97500000   5.00000000     0.00000000     0.00000000     0.00000000     0.00000000     0.00000000     
20.90465819    -122.14016513  47.64146792    116.97500000   5.00000000     0.00000000     0.00000000     0.00000000     0.00000000     0.00000000     
21.00774897    -122.14016513  47.64146792    116.97500000   5.00000000     0.00000000     0.00000000     0.00000000     0.00000000     0.00000000     
21.10383691    -122.14016513  47.64146792    116.97500000   5.00000000     0.00000000     0.00000000     0.00000000     0.00000000     0.00000000     
21.21266311    -122.14016513  47.64146792    116.97500000   5.00000000     0.00000000     0.00000000     0.00000000     0.00000000     0.00000000     
21.30641993    -122.14016513  47.64146792    116.97500000   5.00000000     0.00000000     0.00000000     0.00000000     0.00000000     0.00000000     
21.40001647    -122.14016513  47.64146792    116.97500000   5.00000000     0.00000000     0.00000000     0.00000000     0.00000000     0.00000000     
21.49574745    -122.14016513  47.64146792    116.97500000   5.00000000     0.00000000     0.00000000     0.00000000     0.00000000     0.00000000     
21.59376559    -122.14016513  47.64146792    116.97500000   5.00000000     0.00000000     0.00000000     0.00000000     0.00000000     0.00000000     
21.71170609    -122.14016513  47.64146792    116.97500000   5.00000000     0.00000000     0.00000000     0.00000000     0.00000000     0.00000000     
21.80356241    -122.14016513  47.64146792    116.97500000   5.00000000     0.00000000     0.00000000     0.00000000     0.00000000     0.00000000     
21.90134894    -122.14016513  47.64146792    116.97500000   5.00000000     0.00000000     0.00000000     0.00000000     0.00000000     0.00000000     
21.99484658    -122.14016513  47.64146792    116.97500000   5.00000000     0.00000000     0.00000000     0.00000000     0.00000000     0.00000000     
22.10261722    -122.14016513  47.64146792    116.97500000   5.00000000     0.00000000     0.00000000     0.00000000     0.00000000     0.00000000     
22.20084306    -122.14016513  47.64146792    116.97500000   5.00000000     0.00000000     0.00000000     0.00000000     0.00000000     0.00000000     
22.29472495    -122.14016513  47.64146792    116.97500000   5.00000000     0.00000000     0.00000000     0.00000000     0.00000000     0.00000000     
22.40544564    -122.14016513  47.64146792    116.97500000   5.00000000     0.00000000     0.00000000     0.00000000     0.00000000     0.00000000     
22.51311883    -122.14016513  47.64146792    116.97500000   5.00000000     0.00000000     0.00000000     0.00000000     0.00000000     0.00000000     
22.59620855    -122.14016513  47.64146792    116.97500000   5.00000000     0.00000000     0.00000000     0.00000000     0.00000000     0.00000000     
22.69862889    -122.14016513  47.64146792    116.97500000   5.00000000     0.00000000     0.00000000     0.00000000     0.00000000     0.00000000     
22.80788067    -122.14016513  47.64146792    116.97500000   5.00000000     0.00000000     0.00000000     0.00000000     0.00000000     0.00000000     
22.89759334    -122.14016513  47.64146792    116.97500000   5.00000000     0.00000000     0.00000000     0.00000000     0.00000000     0.00000000     
22.99879551    -122.14016513  47.64146792    116.97500000   5.00000000     0.00000000     0.00000000     0.00000000     0.00000000     0.00000000     
23.09733418    -122.14016513  47.64146792    116.97500000   5.00000000     0.00000000     0.00000000     0.00000000     0.00000000     0.00000000     
23.19671495    -122.14016513  47.64146792    116.97500000   5.00000000     0.00000000     0.00000000     0.00000000     0.00000000     0.00000000     
23.29647050    -122.14016513  47.64146792    116.97500000   5.00000000     0.00000000     0.00000000     0.00000000     0.00000000     0.00000000     
23.39787971    -122.14016513  47.64146792    116.97500000   5.00000000     0.00000000     0.00000000     0.00000000     0.00000000     0.00000000     
23.50193672    -122.14016513  47.64146792    116.97500000   5.00000000     0.00000000     0.00000000     0.00000000     0.00000000     0.00000000     
23.59882997    -122.14016513  47.64146792    116.97500000   5.00000000     0.00000000     0.00000000     0.00000000     0.00000000     0.00000000     
23.69900721    -122.14016513  47.64146792    116.97500000   5.00000000     0.00000000     0.00000000     0.00000000     0.00000000     0.00000000     
23.81125964    -122.14016513  47.64146792    116.97500000   5.00000000     0.00000000     0.00000000     0.00000000     0.00000000     0.00000000     
23.89974306    -122.14016513  47.64146792    116.97500000   5.00000000     0.00000000     0.00000000     0.00000000     0.00000000     0.00000000     
23.99597709    -122.14016513  47.64146792    116.97500000   5.00000000     0.00000000     0.00000000     0.00000000     0.00000000     0.00000000     
24.10194939    -122.14016513  47.64146792    116.97500000   5.00000000     0.00000000     0.00000000     0.00000000     0.00000000     0.00000000     
24.18705682    -122.14016513  47.64146792    116.97500000   5.00000000     0.00000000     0.00000000     0.00000000     0.00000000     0.00000000     
24.30514870    -122.14016513  47.64146792    116.97500000   5.00000000     0.00000000     0.00000000     0.00000000     0.00000000     0.00000000     
24.39529956    -122.14016513  47.64146792    116.97500000   5.00000000     0.00000000     0.00000000     0.00000000     0.00000000     0.00000000     
24.49974156    -122.14016513  47.64146792    116.97500000   5.00000000     0.00000000     0.00000000     0.00000000     0.00000000     0.00000000     
24.60213362    -122.14016513  47.64146792    116.97500000   5.00000000     0.00000000     0.00000000     0.00000000     0.00000000     0.00000000     
24.70072719    -122.14016513  47.64146792    116.97500000   5.00000000     0.00000000     0.00000000     0.00000000     0.00000000     0.00000000     
24.79639369    -122.14016513  47.64146792    116.97500000   5.00000000     0.00000000     0.00000000     0.00000000     0.00000000     0.00000000     
24.89802221    -122.14016513  47.64146792    116.97500000   5.00000000     0.00000000     0.00000000     0.00000000     0.00000000     0.00000000     
24.99885820    -122.14016513  47.64146792    116.97500000   5.00000000     0.00000000     0.00000000     0.00000000     0.00000000     0.00000000     
25.08768960    -122.14016513  47.64146792    116.97500000   5.00000000     0.00000000     0.00000000     0.00000000     0.00000000     0.00000000     
25.20570225    -122.14016513  47.64146792    116.97500000   5.00000000     0.00000000     0.00000000     0.00000000     0.00000000     0.00000000     
25.30020955    -122.14016513  47.64146792    116.97500000   5.00000000     0.00000000     0.00000000     0.00000000     0.00000000     0.00000000     
25.39982159    -122.14016513  47.64146792    116.97500000   5.00000000     0.00000000     0.00000000     0.00000000     0.00000000     0.00000000     
25.50441158    -122.14016513  47.64146792    116.97500000   5.00000000     0.00000000     0.00000000     0.00000000     0.00000000     0.00000000     
25.60068585    -122.14016513  47.64146792    116.97500000   5.00000000     0.00000000     0.00000000     0.00000000     0.00000000     0.00000000     
25.70937448    -122.14016513  47.64146792    116.97500000   5.00000000     0.00000000     0.00000000     0.00000000     0.00000000     0.00000000     
25.79743687    -122.14016513  47.64146792    116.97500000   5.00000000     0.00000000     0.00000000     0.00000000     0.00000000     0.00000000     
25.90650912    -122.14016513  47.64146792    116.97500000   5.00000000     0.00000000     0.00000000     0.00000000     0.00000000     0.00000000     
25.99564266    -122.14016513  47.64146792    116.97500000   5.00000000     0.00000000     0.00000000     0.00000000     0.00000000     0.00000000     
26.10032878    -122.14016513  47.64146792    116.97500000   5.00000000     0.00000000     0.00000000     0.00000000     0.00000000     0.00000000     
26.19770447    -122.14016513  47.64146792    116.97500000   5.00000000     0.00000000     0.00000000     0.00000000     0.00000000     0.00000000     
26.29523380    -122.14016513  47.64146792    116.97500000   5.00000000     0.00000000     0.00000000     0.00000000     0.00000000     0.00000000     
26.38864104    -122.14016513  47.64146792    116.97500000   5.00000000     0.00000000     0.00000000     0.00000000     0.00000000     0.00000000     
26.50996938    -122.14016513  47.64146792    116.97500000   5.00000000     0.00000000     0.00000000     0.00000000     0.00000000     0.00000000     
26.61013150    -122.14016513  47.64146792    116.97500000   5.00000000     0.00000000     0.00000000     0.00000000     0.00000000     0.00000000     
26.69151162    -122.14016513  47.64146792    116.97500000   5.00000000     0.00000000     0.00000000     0.00000000     0.00000000     0.00000000     
26.80321001    -122.14016513  47.64146792    116.97500000   5.00000000     0.00000000     0.00000000     0.00000000     0.00000000     0.00000000     
26.90290176    -122.14016513  47.64146792    116.97500000   5.00000000     0.00000000     0.00000000     0.00000000     0.00000000     0.00000000     
26.99706665    -122.14016513  47.64146792    116.97500000   5.00000000     0.00000000     0.00000000     0.00000000     0.00000000     0.00000000     
27.09592585    -122.14016513  47.64146792    116.97500000   5.00000000     0.00000000     0.00000000     0.00000000     0.00000000     0.00000000     
27.21113769    -122.14016513  47.64146792    116.97500000   5.00000000     0.00000000     0.00000000     0.00000000     0.00000000     0.00000000     
27.30513473    -122.14016513  47.64146792    116.97500000   5.00000000     0.00000000     0.00000000     0.00000000     0.00000000     0.00000000     
27.38841048    -122.14016513  47.64146792    116.97500000   5.00000000     0.00000000     0.00000000     0.00000000     0.00000000     0.00000000     
27.48953784    -122.14016513  47.64146792    116.97500000   5.00000000     0.00000000     0.00000000     0.00000000     0.00000000     0.00000000     
27.60490125    -122.14016513  47.64146792    116.97500000   5.00000000     0.00000000     0.00000000     0.00000000     0.00000000     0.00000000     
27.69322668    -122.14016513  47.64146792    116.97500000   5.00000000     0.00000000     0.00000000     0.00000000     0.00000000     0.00000000     
27.79697061    -122.14016513  47.64146792    116.97500000   5.00000000     0.00000000     0.00000000     0.00000000     0.00000000     0.00000000     
27.90234341    -122.14016513  47.64146792    116.97500000   5.00000000     0.00000000     0.00000000     0.00000000     0.00000000     0.00000000     
27.98973558    -122.14016513  47.64146792    116.97500000   5.00000000     0.00000000     0.00000000     0.00000000     0.00000000     0.00000000     
28.09513145    -122.14016513  47.64146792    116.97500000   5.00000000     0.00000000     0.00000000     0.00000000     0.00000000     0.00000000     
28.19111092    -122.14016513  47.64146792    116.97500000   5.00000000     0.00000000     0.00000000     0.00000000     0.00000000     0.00000000     
28.31036507    -122.14016513  47.64146792    116.97500000   5.00000000     0.00000000     0.00000000     0.00000000     0.00000000     0.00000000     
28.40593324    -122.14016513  47.64146792    116.97500000   5.00000000     0.00000000     0.00000000     0.00000000     0.00000000     0.00000000     
28.50912987    -122.14016513  47.64146792    116.97500000   5.00000000     0.00000000     0.00000000     0.00000000     0.00000000     0.00000000     
28.59766351    -122.14016513  47.64146792    116.97500000   5.00000000     0.00000000     0.00000000     0.00000000     0.00000000     0.00000000     
28.68904756    -122.14016513  47.64146792    116.97500000   5.00000000     0.00000000     0.00000000     0.00000000     0.00000000     0.00000000     
28.79625361    -122.14016513  47.64146792    116.97500000   5.00000000     0.00000000     0.00000000     0.00000000     0.00000000     0.00000000     
28.89687757    -122.14016513  47.64146792    116.97500000   5.00000000     0.00000000     0.00000000     0.00000000     0.00000000     0.00000000     
29.00022937    -122.14016513  47.64146792    116.97500000   5.00000000     0.00000000     0.00000000     0.00000000     0.00000000     0.00000000     
29.09974188    -122.14016513  47.64146792    116.97500000   5.00000000     0.00000000     0.00000000     0.00000000     0.00000000     0.00000000     
29.19905721    -122.14016513  47.64146792    116.97500000   5.00000000     0.00000000     0.00000000     0.00000000     0.00000000     0.00000000     
29.28689718    -122.14016513  47.64146792    116.97500000   5.00000000     0.00000000     0.00000000     0.00000000     0.00000000     0.00000000     
29.41003515    -122.14016513  47.64146792    116.97500000   5.00000000     0.00000000     0.00000000     0.00000000     0.00000000     0.00000000     
29.49320069    -122.14016513  47.64146792    116.97500000   5.00000000     0.00000000     0.00000000     0.00000000     0.00000000     0.00000000     
29.60172447    -122.14016513  47.64146792    116.97500000   5.00000000     0.00000000     0.00000000     0.00000000     0.00000000     0.00000000     
29.69734666    -122.14016513  47.64146792    116.97500000   5.00000000     0.00000000     0.00000000     0.00000000     0.00000000     0.00000000     
29.80110280    -122.14016513  47.64146792    116.97500000   5.00000000     0.00000000     0.00000000     0.00000000     0.00000000     0.00000000     
29.89511247    -122.14016513  47.64146792    116.97500000   5.00000000     0.00000000     0.00000000     0.00000000     0.00000000     0.00000000     
30.00475028    -122.14016513  47.64146792    116.97500000   5.00000000     0.00000000     0.00000000     0.00000000     0.00000000     0.00000000     
30.10820727    -122.14016513  47.64146792    116.97500000   5.00000000     0.00000000     0.00000000     0.00000000     0.00000000     0.00000000     
30.19475456    -122.14016513  47.64146792    116.97500000   5.00000000     0.00000000     0.00000000     0.00000000     0.00000000     0.00000000     
30.30296559    -122.14016513  47.64146792    116.97500000   5.00000000     0.00000000     0.00000000     0.00000000     0.00000000     0.00000000     
30.40666708    -122.14016513  47.64146792    116.97500000   5.00000000     0.00000000     0.00000000     0.00000000     0.00000000     0.00000000     
30.49493427    -122.14016513  47.64146792    116.97500000   5.00000000     0.00000000     0.00000000     0.00000000     0.00000000     0.00000000     
30.59474969    -122.14016513  47.64146792    116.97500000   5.00000000     0.00000000     0.00000000     0.00000000     0.00000000     0.00000000     
30.70839008    -122.14016513  47.64146792    116.97500000   5.00000000     0.00000000     0.00000000     0.00000000     0.00000000     0.00000000     
30.79975668    -122.14016513  47.64146792    116.97500000   5.00000000     0.00000000     0.00000000     0.00000000     0.00000000     0.00000000     
30.90656436    -122.14016513  47.64146792    116.97500000   5.00000000     0.00000000     0.00000000     0.00000000     0.00000000     0.00000000     
30.99103113    -122.14016513  47.64146792    116.97500000   5.00000000     0.00000000     0.00000000     0.00000000     0.00000000     0.00000000     
31.10017628    -122.14016513  47.64146792    116.97500000   5.00000000     0.00000000     0.00000000     0.00000000     0.00000000     0.00000000     
31.19475401    -122.14016513  47.64146792    116.97500000   5.00000000     0.00000000     0.00000000     0.00000000     0.00000000     0.00000000     
31.30028510    -122.14016513  47.64146792    116.97500000   5.00000000     0.00000000     0.00000000     0.00000000     0.00000000     0.00000000     
31.39829442    -122.14016513  47.64146792    116.97500000   5.00000000     0.00000000     0.00000000     0.00000000     0.00000000     0.00000000     
31.50296541    -122.14016513  47.64146792    116.97500000   5.00000000     0.00000000     0.00000000     0.00000000     0.00000000     0.00000000     
31.59486470    -122.14016513  47.64146792    116.97500000   5.00000000     0.00000000     0.00000000     0.00000000     0.00000000     0.00000000     
31.70725359    -122.14016513  47.64146792    116.97500000   5.00000000     0.00000000     0.00000000     0.00000000     0.00000000     0.00000000     
31.80062705    -122.14016513  47.64146792    116.97500000   5.00000000     0.00000000     0.00000000     0.00000000     0.00000000     0.00000000     
31.90227221    -122.14016513  47.64146792    116.97500000   5.00000000     0.00000000     0.00000000     0.00000000     0.00000000     0.00000000     
32.00439819    -122.14016513  47.64146792    116.97500000   5.00000000     0.00000000     0.00000000     0.00000000     0.00000000     0.00000000     
32.10061999    -122.14016513  47.64146792    116.97500000   5.00000000     0.00000000     0.00000000     0.00000000     0.00000000     0.00000000     
32.20008724    -122.14016513  47.64146792    116.97500000   5.00000000     0.00000000     0.00000000     0.00000000     0.00000000     0.00000000     
32.29533202    -122.14016513  47.64146792    116.97500000   5.00000000     0.00000000     0.00000000     0.00000000     0.00000000     0.00000000     
32.40075559    -122.14016513  47.64146792    116.97500000   5.00000000     0.00000000     0.00000000     0.00000000     0.00000000     0.00000000     
32.49289459    -122.14016513  47.64146792    116.97500000   5.00000000     0.00000000     0.00000000     0.00000000     0.00000000     0.00000000     
32.59835231    -122.14016513  47.64146792    116.97500000   5.00000000     0.00000000     0.00000000     0.00000000     0.00000000     0.00000000     
32.70249395    -122.14016513  47.64146792    116.97500000   5.00000000     0.00000000     0.00000000     0.00000000     0.00000000     0.00000000     
32.81053239    -122.14016513  47.64146792    116.97500000   5.00000000     0.00000000     0.00000000     0.00000000     0.00000000     0.00000000     
32.91044234    -122.14016513  47.64146792    116.97500000   5.00000000     0.00000000     0.00000000     0.00000000     0.00000000     0.00000000     
33.00504626    -122.14016513  47.64146792    116.97500000   5.00000000     0.00000000     0.00000000     0.00000000     0.00000000     0.00000000     
33.10181095    -122.14016513  47.64146792    116.97500000   5.00000000     0.00000000     0.00000000     0.00000000     0.00000000     0.00000000     
33.19937139    -122.14016513  47.64146792    116.97500000   5.00000000     0.00000000     0.00000000     0.00000000     0.00000000     0.00000000     
33.29679840    -122.14016513  47.64146792    116.97500000   5.00000000     0.00000000     0.00000000     0.00000000     0.00000000     0.00000000     
33.40708362    -122.14016513  47.64146792    116.97500000   5.00000000     0.00000000     0.00000000     0.00000000     0.00000000     0.00000000     
33.49608081    -122.14016513  47.64146792    116.97500000   5.00000000     0.00000000     0.00000000     0.00000000     0.00000000     0.00000000     
33.59866251    -122.14016513  47.64146792    116.97500000   5.00000000     0.00000000     0.00000000     0.00000000     0.00000000     0.00000000     
33.69435431    -122.14016513  47.64146792    116.97500000   5.00000000     0.00000000     0.00000000     0.00000000     0.00000000     0.00000000     
33.80060410    -122.14016513  47.64146792    116.97500000   5.00000000     0.00000000     0.00000000     0.00000000     0.00000000     0.00000000     
33.90436096    -122.14016513  47.64146792    116.97500000   5.00000000     0.00000000     0.00000000     0.00000000     0.00000000     0.00000000     
33.99342518    -122.14016513  47.64146792    116.97500000   5.00000000     0.00000000     0.00000000     0.00000000     0.00000000     0.00000000     
34.10035069    -122.14016513  47.64146792    116.97500000   5.00000000     0.00000000     0.00000000     0.00000000     0.00000000     0.00000000     
34.20318523    -122.14016513  47.64146792    116.97500000   5.00000000     0.00000000     0.00000000     0.00000000     0.00000000     0.00000000     
34.29854415    -122.14016513  47.64146792    116.97500000   5.00000000     0.00000000     0.00000000     0.00000000     0.00000000     0.00000000     
34.39848922    -122.14016513  47.64146792    116.97500000   5.00000000     0.00000000     0.00000000     0.00000000     0.00000000     0.00000000     
34.49277301    -122.14016513  47.64146792    116.97500000   5.00000000     0.00000000     0.00000000     0.00000000     0.00000000     0.00000000     
34.59380321    -122.14016513  47.64146792    116.97500000   5.00000000     0.00000000     0.00000000     0.00000000     0.00000000     0.00000000     
34.70484733    -122.14016513  47.64146792    116.97500000   5.00000000     0.00000000     0.00000000     0.00000000     0.00000000     0.00000000     
34.79985629    -122.14016513  47.64146792    116.97500000   5.00000000     0.00000000     0.00000000     0.00000000     0.00000000     0.00000000     
34.90023664    -122.14016513  47.64146792    116.97500000   5.00000000     0.00000000     0.00000000     0.00000000     0.00000000     0.00000000     
35.00161719    -122.14016513  47.64146792    116.97500000   5.00000000     0.00000000     0.00000000     0.00000000     0.00000000     0.00000000     
35.09616805    -122.14016513  47.64146792    116.97500000   5.00000000     0.00000000     0.00000000     0.00000000     0.00000000     0.00000000     
35.19657400    -122.14016513  47.64146792    116.97500000   5.00000000     0.00000000     0.00000000     0.00000000     0.00000000     0.00000000     
35.30188321    -122.14016513  47.64146792    116.97500000   5.00000000     0.00000000     0.00000000     0.00000000     0.00000000     0.00000000     
35.39647001    -122.14016513  47.64146792    116.97500000   5.00000000     0.00000000     0.00000000     0.00000000     0.00000000     0.00000000     
35.49916692    -122.14016513  47.64146792    116.97500000   5.00000000     0.00000000     0.00000000     0.00000000     0.00000000     0.00000000     
35.60982380    -122.14016513  47.64146792    116.97500000   5.00000000     0.00000000     0.00000000     0.00000000     0.00000000     0.00000000     
35.69906586    -122.14016513  47.64146792    116.97500000   5.00000000     0.00000000     0.00000000     0.00000000     0.00000000     0.00000000     
35.79036123    -122.14016513  47.64146792    116.97500000   5.00000000     0.00000000     0.00000000     0.00000000     0.00000000     0.00000000     
35.90583303    -122.14016513  47.64146792    116.97500000   5.00000000     0.00000000     0.00000000     0.00000000     0.00000000     0.00000000     
35.99590539    -122.14016513  47.64146792    116.97500000   5.00000000     0.00000000     0.00000000     0.00000000     0.00000000     0.00000000     
36.09424496    -122.14016513  47.64146792    116.97500000   5.00000000     0.00000000     0.00000000     0.00000000     0.00000000     0.00000000     
36.20435924    -122.14016513  47.64146792    116.97500000   5.00000000     0.00000000     0.00000000     0.00000000     0.00000000     0.00000000     
36.30369353    -122.14016513  47.64146792    116.97500000   5.00000000     0.00000000     0.00000000     0.00000000     0.00000000     0.00000000     
36.40113298    -122.14016513  47.64146792    116.97500000   5.00000000     0.00000000     0.00000000     0.00000000     0.00000000     0.00000000     
36.49710754    -122.14016513  47.64146792    116.97500000   5.00000000     0.00000000     0.00000000     0.00000000     0.00000000     0.00000000     
36.59807544    -122.14016513  47.64146792    116.97500000   5.00000000     0.00000000     0.00000000     0.00000000     0.00000000     0.00000000     
36.70294122    -122.14016513  47.64146792    116.97500000   5.00000000     0.00000000     0.00000000     0.00000000     0.00000000     0.00000000     
36.80514309    -122.14016513  47.64146792    116.97500000   5.00000000     0.00000000     0.00000000     0.00000000     0.00000000     0.00000000     
36.89918175    -122.14016513  47.64146792    116.97500000   5.00000000     0.00000000     0.00000000     0.00000000     0.00000000     0.00000000     
36.99241905    -122.14016513  47.64146792    116.97500000   5.00000000     0.00000000     0.00000000     0.00000000     0.00000000     0.00000000     
37.09127508    -122.14016513  47.64146792    116.97500000   5.00000000     0.00000000     0.00000000     0.00000000     0.00000000     0.00000000     
37.19954161    -122.14016513  47.64146792    116.97500000   5.00000000     0.00000000     0.00000000     0.00000000     0.00000000     0.00000000     
37.28982082    -122.14016513  47.64146792    116.97500000   5.00000000     0.00000000     0.00000000     0.00000000     0.00000000     0.00000000     
37.38546642    -122.14016513  47.64146792    116.97500000   5.00000000     0.00000000     0.00000000     0.00000000     0.00000000     0.00000000     
37.49403031    -122.14016513  47.64146792    116.97500000   5.00000000     0.00000000     0.00000000     0.00000000     0.00000000     0.00000000     
37.60416347    -122.14016513  47.64146792    116.97500000   5.00000000     0.00000000     0.00000000     0.00000000     0.00000000     0.00000000     
37.69141774    -122.14016513  47.64146792    116.97500000   5.00000000     0.00000000     0.00000000     0.00000000     0.00000000     0.00000000     
37.79764267    -122.14016513  47.64146792    116.97500000   5.00000000     0.00000000     0.00000000     0.00000000     0.00000000     0.00000000     
37.90492972    -122.14016513  47.64146792    116.97500000   5.00000000     0.00000000     0.00000000     0.00000000     0.00000000     0.00000000     
37.99070183    -122.14016513  47.64146792    116.97500000   5.00000000     0.00000000     0.00000000     0.00000000     0.00000000     0.00000000     
38.09358291    -122.14016513  47.64146792    116.97500000   5.00000000     0.00000000     0.00000000     0.00000000     0.00000000     0.00000000     
38.19680064    -122.14016513  47.64146792    116.97500000   5.00000000     0.00000000     0.00000000     0.00000000     0.00000000     0.00000000     
38.29583317    -122.14016513  47.64146792    116.97500000   5.00000000     0.00000000     0.00000000     0.00000000     0.00000000     0.00000000     
38.39846192    -122.14016513  47.64146792    116.97500000   5.00000000     0.00000000     0.00000000     0.00000000     0.00000000     0.00000000     
38.49948717    -122.14016513  47.64146792    116.97500000   5.00000000     0.00000000     0.00000000     0.00000000     0.00000000     0.00000000     
38.60324502    -122.14016513  47.64146792    116.97500000   5.00000000     0.00000000     0.00000000     0.00000000     0.00000000     0.00000000     
38.70530432    -122.14016513  47.64146792    116.97500000   5.00000000     0.00000000     0.00000000     0.00000000     0.00000000     0.00000000     
38.80235457    -122.14016513  47.64146792    116.97500000   5.00000000     0.00000000     0.00000000     0.00000000     0.00000000     0.00000000     
38.89780825    -122.14016513  47.64146792    116.97500000   5.00000000     0.00000000     0.00000000     0.00000000     0.00000000     0.00000000     
38.99746579    -122.14016513  47.64146792    116.97500000   5.00000000     0.00000000     0.00000000     0.00000000     0.00000000     0.00000000     
39.10601454    -122.14016513  47.64146792    116.97500000   5.00000000     0.00000000     0.00000000     0.00000000     0.00000000     0.00000000     
39.20044569    -122.14016513  47.64146792    116.97500000   5.00000000     0.00000000     0.00000000     0.00000000     0.00000000     0.00000000     
39.29213063    -122.14016513  47.64146792    116.97500000   5.00000000     0.00000000     0.00000000     0.00000000     0.00000000     0.00000000     
39.40312390    -122.14016513  47.64146792    116.97500000   5.00000000     0.00000000     0.00000000     0.00000000     0.00000000     0.00000000     
39.49358328    -122.14016513  47.64146792    116.97500000   5.00000000     0.00000000     0.00000000     0.00000000     0.00000000     0.00000000     
39.60144164    -122.14016513  47.64146792    116.97500000   5.00000000     0.00000000     0.00000000     0.00000000     0.00000000     0.00000000     
39.70039210    -122.14016513  47.64146792    116.97500000   5.00000000     0.00000000     0.00000000     0.00000000     0.00000000     0.00000000     
39.80200717    -122.14016513  47.64146792    116.97500000   5.00000000     0.00000000     0.00000000     0.00000000     0.00000000     0.00000000     
39.89471295    -122.14016513  47.64146792    116.97500000   5.00000000     0.00000000     0.00000000     0.00000000     0.00000000     0.00000000     
39.99728781    -122.14016513  47.64146792    116.97500000   5.00000000     0.00000000     0.00000000     0.00000000     0.00000000     0.00000000     
40.11614050    -122.14016513  47.64146792    116.97500000   5.00000000     0.00000000     0.00000000     0.00000000     0.00000000     0.00000000     
40.19894274    -122.14016513  47.64146792    116.97500000   5.00000000     0.00000000     0.00000000     0.00000000     0.00000000     0.00000000     
40.30093719    -122.14016513  47.64146792    116.97500000   5.00000000     0.00000000     0.00000000     0.00000000     0.00000000     0.00000000     
40.40665417    -122.14016513  47.64146792    116.97500000   5.00000000     0.00000000     0.00000000     0.00000000     0.00000000     0.00000000     
40.50041794    -122.14016513  47.64146792    116.97500000   5.00000000     0.00000000     0.00000000     0.00000000     0.00000000     0.00000000     
40.60490224    -122.14016513  47.64146792    116.97500000   5.00000000     0.00000000     0.00000000     0.00000000     0.00000000     0.00000000     
40.70628146    -122.14016513  47.64146792    116.97500000   5.00000000     0.00000000     0.00000000     0.00000000     0.00000000     0.00000000     
40.80129874    -122.14016513  47.64146792    116.97500000   5.00000000     0.00000000     0.00000000     0.00000000     0.00000000     0.00000000     
40.90444967    -122.14016513  47.64146792    116.97500000   5.00000000     0.00000000     0.00000000     0.00000000     0.00000000     0.00000000     
40.99718143    -122.14016513  47.64146792    116.97500000   5.00000000     0.00000000     0.00000000     0.00000000     0.00000000     0.00000000     
41.09574351    -122.14016513  47.64146792    116.97500000   5.00000000     0.00000000     0.00000000     0.00000000     0.00000000     0.00000000     
41.20250779    -122.14016513  47.64146792    116.97500000   5.00000000     0.00000000     0.00000000     0.00000000     0.00000000     0.00000000     
41.30264801    -122.14016513  47.64146792    116.97500000   5.00000000     0.00000000     0.00000000     0.00000000     0.00000000     0.00000000     
41.40631268    -122.14016513  47.64146792    116.97500000   5.00000000     0.00000000     0.00000000     0.00000000     0.00000000     0.00000000     
41.48678923    -122.14016513  47.64146792    116.97500000   5.00000000     0.00000000     0.00000000     0.00000000     0.00000000     0.00000000     
41.60458775    -122.14016513  47.64146792    116.97500000   5.00000000     0.00000000     0.00000000     0.00000000     0.00000000     0.00000000     
41.70516567    -122.14016513  47.64146792    116.97500000   5.00000000     0.00000000     0.00000000     0.00000000     0.00000000     0.00000000     
41.79413102    -122.14016513  47.64146792    116.97500000   5.00000000     0.00000000     0.00000000     0.00000000     0.00000000     0.00000000     
41.89931825    -122.14016513  47.64146792    116.97500000   5.00000000     0.00000000     0.00000000     0.00000000     0.00000000     0.00000000     
42.00594559    -122.14016513  47.64146792    116.97500000   5.00000000     0.00000000     0.00000000     0.00000000     0.00000000     0.00000000     
42.09891800    -122.14016513  47.64146792    116.97500000   5.00000000     0.00000000     0.00000000     0.00000000     0.00000000     0.00000000     
42.20195352    -122.14016513  47.64146792    116.97500000   5.00000000     0.00000000     0.00000000     0.00000000     0.00000000     0.00000000     
42.29196525    -122.14016513  47.64146792    116.97500000   5.00000000     0.00000000     0.00000000     0.00000000     0.00000000     0.00000000     
42.39583357    -122.14016513  47.64146792    116.97500000   5.00000000     0.00000000     0.00000000     0.00000000     0.00000000     0.00000000     
42.50242124    -122.14016513  47.64146792    116.97500000   5.00000000     0.00000000     0.00000000     0.00000000     0.00000000     0.00000000     
42.59918773    -122.14016513  47.64146792    116.97500000   5.00000000     0.00000000     0.00000000     0.00000000     0.00000000     0.00000000     
42.71495438    -122.14016513  47.64146792    116.97500000   5.00000000     0.00000000     0.00000000     0.00000000     0.00000000     0.00000000     
42.80733539    -122.14016513  47.64146792    116.97500000   5.00000000     0.00000000     0.00000000     0.00000000     0.00000000     0.00000000     
42.89220377    -122.14016513  47.64146792    116.97500000   5.00000000     0.00000000     0.00000000     0.00000000     0.00000000     0.00000000     
42.99855233    -122.14016513  47.64146792    116.97500000   5.00000000     0.00000000     0.00000000     0.00000000     0.00000000     0.00000000     
43.09142274    -122.14016513  47.64146792    116.97500000   5.00000000     0.00000000     0.00000000     0.00000000     0.00000000     0.00000000     
43.19222628    -122.14016513  47.64146792    116.97500000   5.00000000     0.00000000     0.00000000     0.00000000     0.00000000     0.00000000     
43.30301513    -122.14016513  47.64146792    116.97500000   5.00000000     0.00000000     0.00000000     0.00000000     0.00000000     0.00000000     
43.39107753    -122.14016513  47.64146792    116.97500000   5.00000000     0.00000000     0.00000000     0.00000000     0.00000000     0.00000000     
43.49501203    -122.14016513  47.64146792    116.97500000   5.00000000     0.00000000     0.00000000     0.00000000     0.00000000     0.00000000     
43.60213222    -122.14016513  47.64146792    116.97500000   5.00000000     0.00000000     0.00000000     0.00000000     0.00000000     0.00000000     
43.70080472    -122.14016513  47.64146792    116.97500000   5.00000000     0.00000000     0.00000000     0.00000000     0.00000000     0.00000000     
43.79923554    -122.14016513  47.64146792    116.97500000   5.00000000     0.00000000     0.00000000     0.00000000     0.00000000     0.00000000     
43.90323626    -122.14016513  47.64146792    116.97500000   5.00000000     0.00000000     0.00000000     0.00000000     0.00000000     0.00000000     
43.99689131    -122.14016513  47.64146792    116.97500000   5.00000000     0.00000000     0.00000000     0.00000000     0.00000000     0.00000000     
44.09109064    -122.14016513  47.64146792    116.97500000   5.00000000     0.00000000     0.00000000     0.00000000     0.00000000     0.00000000     
44.19873709    -122.14016513  47.64146792    116.97500000   5.00000000     0.00000000     0.00000000     0.00000000     0.00000000     0.00000000     
44.28911518    -122.14016513  47.64146792    116.97500000   5.00000000     0.00000000     0.00000000     0.00000000     0.00000000     0.00000000     
44.39151340    -122.14016513  47.64146792    116.97500000   5.00000000     0.00000000     0.00000000     0.00000000     0.00000000     0.00000000     
44.50315383    -122.14016513  47.64146792    116.97500000   5.00000000     0.00000000     0.00000000     0.00000000     0.00000000     0.00000000     
44.60189324    -122.14016513  47.64146792    116.97500000   5.00000000     0.00000000     0.00000000     0.00000000     0.00000000     0.00000000     
44.70268481    -122.14016513  47.64146792    116.97500000   5.00000000     0.00000000     0.00000000     0.00000000     0.00000000     0.00000000     
44.79796315    -122.14016513  47.64146792    116.97500000   5.00000000     0.00000000     0.00000000     0.00000000     0.00000000     0.00000000     
44.89219147    -122.14016513  47.64146792    116.97500000   5.00000000     0.00000000     0.00000000     0.00000000     0.00000000     0.00000000     
44.99646843    -122.14016513  47.64146792    116.97500000   5.00000000     0.00000000     0.00000000     0.00000000     0.00000000     0.00000000     
45.11116489    -122.14016513  47.64146792    116.97500000   5.00000000     0.00000000     0.00000000     0.00000000     0.00000000     0.00000000     
45.19658094    -122.14016513  47.64146792    116.97500000   5.00000000     0.00000000     0.00000000     0.00000000     0.00000000     0.00000000     
45.29127621    -122.14016513  47.64146792    116.97500000   5.00000000     0.00000000     0.00000000     0.00000000     0.00000000     0.00000000     
45.40047118    -122.14016513  47.64146792    116.97500000   5.00000000     0.00000000     0.00000000     0.00000000     0.00000000     0.00000000     
45.49180004    -122.14016513  47.64146792    116.97500000   5.00000000     0.00000000     0.00000000     0.00000000     0.00000000     0.00000000     
45.60295117    -122.14016513  47.64146792    116.97500000   5.00000000     0.00000000     0.00000000     0.00000000     0.00000000     0.00000000     
45.69840057    -122.14016513  47.64146792    116.97500000   5.00000000     0.00000000     0.00000000     0.00000000     0.00000000     0.00000000     
45.80179090    -122.14016513  47.64146792    116.97500000   5.00000000     0.00000000     0.00000000     0.00000000     0.00000000     0.00000000     
45.89661029    -122.14016513  47.64146792    116.97500000   5.00000000     0.00000000     0.00000000     0.00000000     0.00000000     0.00000000     
45.99753034    -122.14016513  47.64146792    116.97500000   5.00000000     0.00000000     0.00000000     0.00000000     0.00000000     0.00000000     
46.10629853    -122.14016513  47.64146792    116.97500000   5.00000000     0.00000000     0.00000000     0.00000000     0.00000000     0.00000000     
46.19179431    -122.14016513  47.64146792    116.97500000   5.00000000     0.00000000     0.00000000     0.00000000     0.00000000     0.00000000     
46.29138025    -122.14016513  47.64146792    116.97500000   5.00000000     0.00000000     0.00000000     0.00000000     0.00000000     0.00000000     
46.39570832    -122.14016513  47.64146792    116.97500000   5.00000000     0.00000000     0.00000000     0.00000000     0.00000000     0.00000000     
46.49443189    -122.14016513  47.64146792    116.97500000   5.00000000     0.00000000     0.00000000     0.00000000     0.00000000     0.00000000     
46.60248643    -122.14016513  47.64146792    116.97500000   5.00000000     0.00000000     0.00000000     0.00000000     0.00000000     0.00000000     
46.70904307    -122.14016513  47.64146792    116.97500000   5.00000000     0.00000000     0.00000000     0.00000000     0.00000000     0.00000000     
46.80605497    -122.14016513  47.64146792    116.97500000   5.00000000     0.00000000     0.00000000     0.00000000     0.00000000     0.00000000     
46.89920878    -122.14016513  47.64146792    116.97500000   5.00000000     0.00000000     0.00000000     0.00000000     0.00000000     0.00000000     
47.00160902    -122.14016513  47.64146792    116.97500000   5.00000000     0.00000000     0.00000000     0.00000000     0.00000000     0.00000000     
47.08847132    -122.14016513  47.64146792    116.97500000   5.00000000     0.00000000     0.00000000     0.00000000     0.00000000     0.00000000     
47.19960047    -122.14016513  47.64146792    116.97500000   5.00000000     0.00000000     0.00000000     0.00000000     0.00000000     0.00000000     
47.29830473    -122.14016513  47.64146792    116.97500000   5.00000000     0.00000000     0.00000000     0.00000000     0.00000000     0.00000000     
47.40816675    -122.14016513  47.64146792    116.97500000   5.00000000     0.00000000     0.00000000     0.00000000     0.00000000     0.00000000     
47.50034764    -122.14016513  47.64146792    116.97500000   5.00000000     0.00000000     0.00000000     0.00000000     0.00000000     0.00000000     
47.61179193    -122.14016513  47.64146792    116.97500000   5.00000000     0.00000000     0.00000000     0.00000000     0.00000000     0.00000000     
47.70518424    -122.14016513  47.64146792    116.97500000   5.00000000     0.00000000     0.00000000     0.00000000     0.00000000     0.00000000     
47.79543931    -122.14016513  47.64146792    116.97500000   5.00000000     0.00000000     0.00000000     0.00000000     0.00000000     0.00000000     
47.89279291    -122.14016513  47.64146792    116.97500000   5.00000000     0.00000000     0.00000000     0.00000000     0.00000000     0.00000000     
47.99593279    -122.14016513  47.64146792    116.97500000   5.00000000     0.00000000     0.00000000     0.00000000     0.00000000     0.00000000     
48.09806322    -122.14016513  47.64146792    116.97500000   5.00000000     0.00000000     0.00000000     0.00000000     0.00000000     0.00000000     
48.20743445    -122.14016513  47.64146792    116.97500000   5.00000000     0.00000000     0.00000000     0.00000000     0.00000000     0.00000000     
48.27905850    -122.14016513  47.64146792    116.97500000   5.00000000     0.00000000     0.00000000     0.00000000     0.00000000     0.00000000     
48.39770656    -122.14016513  47.64146792    116.97500000   5.00000000     0.00000000     0.00000000     0.00000000     0.00000000     0.00000000     
48.50797523    -122.14016513  47.64146792    116.97500000   5.00000000     0.00000000     0.00000000     0.00000000     0.00000000     0.00000000     
48.60976848    -122.14016513  47.64146792    116.97500000   5.00000000     0.00000000     0.00000000     0.00000000     0.00000000     0.00000000     
48.70599885    -122.14016513  47.64146792    116.97500000   5.00000000     0.00000000     0.00000000     0.00000000     0.00000000     0.00000000     
48.79841212    -122.14016513  47.64146792    116.97500000   5.00000000     0.00000000     0.00000000     0.00000000     0.00000000     0.00000000     
48.90115452    -122.14016513  47.64146792    116.97500000   5.00000000     0.00000000     0.00000000     0.00000000     0.00000000     0.00000000     
48.98886004    -122.14016513  47.64146792    116.97500000   5.00000000     0.00000000     0.00000000     0.00000000     0.00000000     0.00000000     
49.10458587    -122.14016513  47.64146792    116.97500000   5.00000000     0.00000000     0.00000000     0.00000000     0.00000000     0.00000000     
49.18710853    -122.14016513  47.64146792    116.97500000   5.00000000     0.00000000     0.00000000     0.00000000     0.00000000     0.00000000     
49.29950628    -122.14016513  47.64146792    116.97500000   5.00000000     0.00000000     0.00000000     0.00000000     0.00000000     0.00000000     
49.39663855    -122.14016513  47.64146792    116.97500000   5.00000000     0.00000000     0.00000000     0.00000000     0.00000000     0.00000000     
49.49601443    -122.14016513  47.64146792    116.97500000   5.00000000     0.00000000     0.00000000     0.00000000     0.00000000     0.00000000     
49.60332206    -122.14016513  47.64146792    116.97500000   5.00000000     0.00000000     0.00000000     0.00000000     0.00000000     0.00000000     
49.70570596    -122.14016513  47.64146792    116.97500000   5.00000000     0.00000000     0.00000000     0.00000000     0.00000000     0.00000000     
49.80471128    -122.14016513  47.64146792    116.97500000   5.00000000     0.00000000     0.00000000     0.00000000     0.00000000     0.00000000     
49.89614853    -122.14016513  47.64146792    116.97500000   5.00000000     0.00000000     0.00000000     0.00000000     0.00000000     0.00000000     
49.99434894    -122.14016513  47.64146792    116.97500000   5.00000000     0.00000000     0.00000000     0.00000000     0.00000000     0.00000000     
50.10102470    -122.14016513  47.64146792    116.97500000   5.00000000     0.00000000     0.00000000     0.00000000     0.00000000     0.00000000     
50.19903341    -122.14016513  47.64146792    116.97500000   5.00000000     0.00000000     0.00000000     0.00000000     0.00000000     0.00000000     
50.29864335    -122.14016513  47.64146792    116.97500000   5.00000000     0.00000000     0.00000000     0.00000000     0.00000000     0.00000000     
50.40281071    -122.14016513  47.64146792    116.97500000   5.00000000     0.00000000     0.00000000     0.00000000     0.00000000     0.00000000     
50.50426689    -122.14016513  47.64146792    116.97500000   5.00000000     0.00000000     0.00000000     0.00000000     0.00000000     0.00000000     
50.59770705    -122.14016513  47.64146792    116.97500000   5.00000000     0.00000000     0.00000000     0.00000000     0.00000000     0.00000000     
50.68604102    -122.14016513  47.64146792    116.97500000   5.00000000     0.00000000     0.00000000     0.00000000     0.00000000     0.00000000     
50.79177209    -122.14016513  47.64146792    116.97500000   5.00000000     0.00000000     0.00000000     0.00000000     0.00000000     0.00000000     
50.90154978    -122.14016513  47.64146792    116.97500000   5.00000000     0.00000000     0.00000000     0.00000000     0.00000000     0.00000000     
50.99249776    -122.14016513  47.64146792    116.97500000   5.00000000     0.00000000     0.00000000     0.00000000     0.00000000     0.00000000     
51.09440033    -122.14016513  47.64146792    116.97500000   5.00000000     0.00000000     0.00000000     0.00000000     0.00000000     0.00000000     
51.19442483    -122.14016513  47.64146792    116.97500000   5.00000000     0.00000000     0.00000000     0.00000000     0.00000000     0.00000000     
51.30496773    -122.14016513  47.64146792    116.97500000   5.00000000     0.00000000     0.00000000     0.00000000     0.00000000     0.00000000     
51.40711783    -122.14016513  47.64146792    116.97500000   5.00000000     0.00000000     0.00000000     0.00000000     0.00000000     0.00000000     
51.50593216    -122.14016513  47.64146792    116.97500000   5.00000000     0.00000000     0.00000000     0.00000000     0.00000000     0.00000000     
51.59893568    -122.14016513  47.64146792    116.97500000   5.00000000     0.00000000     0.00000000     0.00000000     0.00000000     0.00000000     
51.70262802    -122.14016513  47.64146792    116.97500000   5.00000000     0.00000000     0.00000000     0.00000000     0.00000000     0.00000000     
51.80554768    -122.14016513  47.64146792    116.97500000   5.00000000     0.00000000     0.00000000     0.00000000     0.00000000     0.00000000     
51.90256038    -122.14016513  47.64146792    116.97500000   5.00000000     0.00000000     0.00000000     0.00000000     0.00000000     0.00000000     
51.99543373    -122.14016513  47.64146792    116.97500000   5.00000000     0.00000000     0.00000000     0.00000000     0.00000000     0.00000000     
52.11482384    -122.14016513  47.64146792    116.97500000   5.00000000     0.00000000     0.00000000     0.00000000     0.00000000     0.00000000     
52.19170301    -122.14016513  47.64146792    116.97500000   5.00000000     0.00000000     0.00000000     0.00000000     0.00000000     0.00000000     
52.30742393    -122.14016513  47.64146792    116.97500000   5.00000000     0.00000000     0.00000000     0.00000000     0.00000000     0.00000000     
52.39686360    -122.14016513  47.64146792    116.97500000   5.00000000     0.00000000     0.00000000     0.00000000     0.00000000     0.00000000     
52.50532208    -122.14016513  47.64146792    116.97500000   5.00000000     0.00000000     0.00000000     0.00000000     0.00000000     0.00000000     
52.59034074    -122.14016513  47.64146792    116.97500000   5.00000000     0.00000000     0.00000000     0.00000000     0.00000000     0.00000000     
52.70291420    -122.14016513  47.64146792    116.97500000   5.00000000     0.00000000     0.00000000     0.00000000     0.00000000     0.00000000     
52.80476727    -122.14016513  47.64146792    116.97500000   5.00000000     0.00000000     0.00000000     0.00000000     0.00000000     0.00000000     
52.89858680    -122.14016513  47.64146792    116.97500000   5.00000000     0.00000000     0.00000000     0.00000000     0.00000000     0.00000000     
53.01665034    -122.14016513  47.64146792    116.97500000   5.00000000     0.00000000     0.00000000     0.00000000     0.00000000     0.00000000     
53.10022820    -122.14016513  47.64146792    116.97500000   5.00000000     0.00000000     0.00000000     0.00000000     0.00000000     0.00000000     
53.20594835    -122.14016513  47.64146792    116.97500000   5.00000000     0.00000000     0.00000000     0.00000000     0.00000000     0.00000000     
53.29984569    -122.14016513  47.64146792    116.97500000   5.00000000     0.00000000     0.00000000     0.00000000     0.00000000     0.00000000     
53.40150261    -122.14016513  47.64146792    116.97500000   5.00000000     0.00000000     0.00000000     0.00000000     0.00000000     0.00000000     
53.49605654    -122.14016513  47.64146792    116.97500000   5.00000000     0.00000000     0.00000000     0.00000000     0.00000000     0.00000000     
53.62026752    -122.14016513  47.64146792    116.97500000   5.00000000     0.00000000     0.00000000     0.00000000     0.00000000     0.00000000     
53.69713667    -122.14016513  47.64146792    116.97500000   5.00000000     0.00000000     0.00000000     0.00000000     0.00000000     0.00000000     
53.81062075    -122.14016513  47.64146792    116.97500000   5.00000000     0.00000000     0.00000000     0.00000000     0.00000000     0.00000000     
53.90183125    -122.14016513  47.64146792    116.97500000   5.00000000     0.00000000     0.00000000     0.00000000     0.00000000     0.00000000     
54.00657149    -122.14016513  47.64146792    116.97500000   5.00000000     0.00000000     0.00000000     0.00000000     0.00000000     0.00000000     
54.08886049    -122.14016513  47.64146792    116.97500000   5.00000000     0.00000000     0.00000000     0.00000000     0.00000000     0.00000000     
54.19844355    -122.14016513  47.64146792    116.97500000   5.00000000     0.00000000     0.00000000     0.00000000     0.00000000     0.00000000     
54.30149113    -122.14016513  47.64146792    116.97500000   5.00000000     0.00000000     0.00000000     0.00000000     0.00000000     0.00000000     
54.39659032    -122.14016513  47.64146792    116.97500000   5.00000000     0.00000000     0.00000000     0.00000000     0.00000000     0.00000000     
54.50193029    -122.14016513  47.64146792    116.97500000   5.00000000     0.00000000     0.00000000     0.00000000     0.00000000     0.00000000     
54.59755905    -122.14016513  47.64146792    116.97500000   5.00000000     0.00000000     0.00000000     0.00000000     0.00000000     0.00000000     
54.70106442    -122.14016513  47.64146792    116.97500000   5.00000000     0.00000000     0.00000000     0.00000000     0.00000000     0.00000000     
54.79397262    -122.14016513  47.64146792    116.97500000   5.00000000     0.00000000     0.00000000     0.00000000     0.00000000     0.00000000     
54.89845894    -122.14016513  47.64146792    116.97500000   5.00000000     0.00000000     0.00000000     0.00000000     0.00000000     0.00000000     
54.99845437    -122.14016513  47.64146792    116.97500000   5.00000000     0.00000000     0.00000000     0.00000000     0.00000000     0.00000000     
55.11012982    -122.14016513  47.64146792    116.97500000   5.00000000     0.00000000     0.00000000     0.00000000     0.00000000     0.00000000     
55.19813870    -122.14016513  47.64146792    116.97500000   5.00000000     0.00000000     0.00000000     0.00000000     0.00000000     0.00000000     
55.28853187    -122.14016513  47.64146792    116.97500000   5.00000000     0.00000000     0.00000000     0.00000000     0.00000000     0.00000000     
55.38388958    -122.14016513  47.64146792    116.97500000   5.00000000     0.00000000     0.00000000     0.00000000     0.00000000     0.00000000     
55.50372610    -122.14016513  47.64146792    116.97500000   5.00000000     0.00000000     0.00000000     0.00000000     0.00000000     0.00000000     
55.60527450    -122.14016513  47.64146792    116.97500000   5.00000000     0.00000000     0.00000000     0.00000000     0.00000000     0.00000000     
55.70294225    -122.14016513  47.64146792    116.97500000   5.00000000     0.00000000     0.00000000     0.00000000     0.00000000     0.00000000     
55.79527477    -122.14016513  47.64146792    116.97500000   5.00000000     0.00000000     0.00000000     0.00000000     0.00000000     0.00000000     
55.89734022    -122.14016513  47.64146792    116.97500000   5.00000000     0.00000000     0.00000000     0.00000000     0.00000000     0.00000000     
56.00762966    -122.14016513  47.64146792    116.97500000   5.00000000     0.00000000     0.00000000     0.00000000     0.00000000     0.00000000     
56.08682492    -122.14016513  47.64146792    116.97500000   5.00000000     0.00000000     0.00000000     0.00000000     0.00000000     0.00000000     
56.20116339    -122.14016513  47.64146792    116.97500000   5.00000000     0.00000000     0.00000000     0.00000000     0.00000000     0.00000000     
56.29739776    -122.14016513  47.64146792    116.97500000   5.00000000     0.00000000     0.00000000     0.00000000     0.00000000     0.00000000     
56.39341252    -122.14016513  47.64146792    116.97500000   5.00000000     0.00000000     0.00000000     0.00000000     0.00000000     0.00000000     
56.51171373    -122.14016513  47.64146792    116.97500000   5.00000000     0.00000000     0.00000000     0.00000000     0.00000000     0.00000000     
56.59880263    -122.14016513  47.64146792    116.97500000   5.00000000     0.00000000     0.00000000     0.00000000     0.00000000     0.00000000     
56.70078207    -122.14016513  47.64146792    116.97500000   5.00000000     0.00000000     0.00000000     0.00000000     0.00000000     0.00000000     
56.80458467    -122.14016513  47.64146792    116.97500000   5.00000000     0.00000000     0.00000000     0.00000000     0.00000000     0.00000000     
56.90318737    -122.14016513  47.64146792    116.97500000   5.00000000     0.00000000     0.00000000     0.00000000     0.00000000     0.00000000     
57.00033963    -122.14016513  47.64146792    116.97500000   5.00000000     0.00000000     0.00000000     0.00000000     0.00000000     0.00000000     
57.09818598    -122.14016513  47.64146792    116.97500000   5.00000000     0.00000000     0.00000000     0.00000000     0.00000000     0.00000000     
57.20471540    -122.14016513  47.64146792    116.97500000   5.00000000     0.00000000     0.00000000     0.00000000     0.00000000     0.00000000     
57.30162309    -122.14016513  47.64146792    116.97500000   5.00000000     0.00000000     0.00000000     0.00000000     0.00000000     0.00000000     
57.40775122    -122.14016513  47.64146792    116.97500000   5.00000000     0.00000000     0.00000000     0.00000000     0.00000000     0.00000000     
57.49492181    -122.14016513  47.64146792    116.97500000   5.00000000     0.00000000     0.00000000     0.00000000     0.00000000     0.00000000     
57.60287709    -122.14016513  47.64146792    116.97500000   5.00000000     0.00000000     0.00000000     0.00000000     0.00000000     0.00000000     
57.69667460    -122.14016513  47.64146792    116.97500000   5.00000000     0.00000000     0.00000000     0.00000000     0.00000000     0.00000000     
57.80087449    -122.14016513  47.64146792    116.97500000   5.00000000     0.00000000     0.00000000     0.00000000     0.00000000     0.00000000     
57.90237754    -122.14016513  47.64146792    116.97500000   5.00000000     0.00000000     0.00000000     0.00000000     0.00000000     0.00000000     
57.99847477    -122.14016513  47.64146792    116.97500000   5.00000000     0.00000000     0.00000000     0.00000000     0.00000000     0.00000000     
58.10394955    -122.14016513  47.64146792    116.97500000   5.00000000     0.00000000     0.00000000     0.00000000     0.00000000     0.00000000     
58.19870859    -122.14016513  47.64146792    116.97500000   5.00000000     0.00000000     0.00000000     0.00000000     0.00000000     0.00000000     
58.28967079    -122.14016513  47.64146792    116.97500000   5.00000000     0.00000000     0.00000000     0.00000000     0.00000000     0.00000000     
58.40316671    -122.14016513  47.64146792    116.97500000   5.00000000     0.00000000     0.00000000     0.00000000     0.00000000     0.00000000     
58.49872908    -122.14016513  47.64146792    116.97500000   5.00000000     0.00000000     0.00000000     0.00000000     0.00000000     0.00000000     
58.60740934    -122.14016513  47.64146792    116.97500000   5.00000000     0.00000000     0.00000000     0.00000000     0.00000000     0.00000000     
58.70523137    -122.14016513  47.64146792    116.97500000   5.00000000     0.00000000     0.00000000     0.00000000     0.00000000     0.00000000     
58.79189889    -122.14016513  47.64146792    116.97500000   5.00000000     0.00000000     0.00000000     0.00000000     0.00000000     0.00000000     
58.89957516    -122.14016513  47.64146792    116.97500000   5.00000000     0.00000000     0.00000000     0.00000000     0.00000000     0.00000000     
58.99449152    -122.14016513  47.64146792    116.97500000   5.00000000     0.00000000     0.00000000     0.00000000     0.00000000     0.00000000     
59.10065385    -122.14016513  47.64146792    116.97500000   5.00000000     0.00000000     0.00000000     0.00000000     0.00000000     0.00000000     
59.20996504    -122.14016513  47.64146792    116.97500000   5.00000000     0.00000000     0.00000000     0.00000000     0.00000000     0.00000000     
59.29839012    -122.14016513  47.64146792    116.97500000   5.00000000     0.00000000     0.00000000     0.00000000     0.00000000     0.00000000     
59.39265833    -122.14016513  47.64146792    116.97500000   5.00000000     0.00000000     0.00000000     0.00000000     0.00000000     0.00000000     
59.49693246    -122.14016513  47.64146792    116.97500000   5.00000000     0.00000000     0.00000000     0.00000000     0.00000000     0.00000000     
59.59828841    -122.14016513  47.64146792    116.97500000   5.00000000     0.00000000     0.00000000     0.00000000     0.00000000     0.00000000     
59.68882768    -122.14016513  47.64146792    116.97500000   5.00000000     0.00000000     0.00000000     0.00000000     0.00000000     0.00000000     
59.78956183    -122.14016513  47.64146792    116.97500000   5.00000000     0.00000000     0.00000000     0.00000000     0.00000000     0.00000000     
59.91047209    -122.14016513  47.64146792    116.97500000   5.00000000     0.00000000     0.00000000     0.00000000     0.00000000     0.00000000     
59.99915287    -122.14016513  47.64146792    116.97500000   5.00000000     0.00000000     0.00000000     0.00000000     0.00000000     0.00000000     
60.09452722    -122.14016513  47.64146792    116.97500000   5.00000000     0.00000000     0.00000000     0.00000000     0.00000000     0.00000000     
60.19591496    -122.14016513  47.64146792    116.97500000   5.00000000     0.00000000     0.00000000     0.00000000     0.00000000     0.00000000     
60.30507592    -122.14016513  47.64146792    116.97500000   5.00000000     0.00000000     0.00000000     0.00000000     0.00000000     0.00000000     
60.40497426    -122.14016513  47.64146792    116.97500000   5.00000000     0.00000000     0.00000000     0.00000000     0.00000000     0.00000000     
60.50073901    -122.14016513  47.64146792    116.97500000   5.00000000     0.00000000     0.00000000     0.00000000     0.00000000     0.00000000     
60.60104101    -122.14016513  47.64146792    116.97500000   5.00000000     0.00000000     0.00000000     0.00000000     0.00000000     0.00000000     
60.69169982    -122.14016513  47.64146792    116.97500000   5.00000000     0.00000000     0.00000000     0.00000000     0.00000000     0.00000000     
60.80219744    -122.14016513  47.64146792    116.97500000   5.00000000     0.00000000     0.00000000     0.00000000     0.00000000     0.00000000     
60.90271815    -122.14016513  47.64146792    116.97500000   5.00000000     0.00000000     0.00000000     0.00000000     0.00000000     0.00000000     
61.00055760    -122.14016513  47.64146792    116.97500000   5.00000000     0.00000000     0.00000000     0.00000000     0.00000000     0.00000000     
61.10139520    -122.14016513  47.64146792    116.97500000   5.00000000     0.00000000     0.00000000     0.00000000     0.00000000     0.00000000     
61.18738575    -122.14016513  47.64146792    116.97500000   5.00000000     0.00000000     0.00000000     0.00000000     0.00000000     0.00000000     
61.29637158    -122.14016513  47.64146792    116.97500000   5.00000000     0.00000000     0.00000000     0.00000000     0.00000000     0.00000000     
61.40006460    -122.14016513  47.64146792    116.97500000   5.00000000     0.00000000     0.00000000     0.00000000     0.00000000     0.00000000     
61.49964341    -122.14016513  47.64146792    116.97500000   5.00000000     0.00000000     0.00000000     0.00000000     0.00000000     0.00000000     
61.59180829    -122.14016513  47.64146792    116.97500000   5.00000000     0.00000000     0.00000000     0.00000000     0.00000000     0.00000000     
61.70291157    -122.14016513  47.64146792    116.97500000   5.00000000     0.00000000     0.00000000     0.00000000     0.00000000     0.00000000     
61.81176981    -122.14016513  47.64146792    116.97500000   5.00000000     0.00000000     0.00000000     0.00000000     0.00000000     0.00000000     
61.89985580    -122.14016513  47.64146792    116.97500000   5.00000000     0.00000000     0.00000000     0.00000000     0.00000000     0.00000000     
61.99781433    -122.14016513  47.64146792    116.97500000   5.00000000     0.00000000     0.00000000     0.00000000     0.00000000     0.00000000     
62.10426151    -122.14016513  47.64146792    116.97500000   5.00000000     0.00000000     0.00000000     0.00000000     0.00000000     0.00000000     
62.20019102    -122.14016513  47.64146792    116.97500000   5.00000000     0.00000000     0.00000000     0.00000000     0.00000000     0.00000000     
62.28936841    -122.14016513  47.64146792    116.97500000   5.00000000     0.00000000     0.00000000     0.00000000     0.00000000     0.00000000     
62.39999333    -122.14016513  47.64146792    116.97500000   5.00000000     0.00000000     0.00000000     0.00000000     0.00000000     0.00000000     
62.49223067    -122.14016513  47.64146792    116.97500000   5.00000000     0.00000000     0.00000000     0.00000000     0.00000000     0.00000000     
62.60057781    -122.14016513  47.64146792    116.97500000   5.00000000     0.00000000     0.00000000     0.00000000     0.00000000     0.00000000     
62.70056311    -122.14016513  47.64146792    116.97500000   5.00000000     0.00000000     0.00000000     0.00000000     0.00000000     0.00000000     
62.79502408    -122.14016513  47.64146792    116.97500000   5.00000000     0.00000000     0.00000000     0.00000000     0.00000000     0.00000000     
62.90090578    -122.14016513  47.64146792    116.97500000   5.00000000     0.00000000     0.00000000     0.00000000     0.00000000     0.00000000     
63.00794657    -122.14016513  47.64146792    116.97500000   5.00000000     0.00000000     0.00000000     0.00000000     0.00000000     0.00000000     
63.10170181    -122.14016513  47.64146792    116.97500000   5.00000000     0.00000000     0.00000000     0.00000000     0.00000000     0.00000000     
63.18898944    -122.14016513  47.64146792    116.97500000   5.00000000     0.00000000     0.00000000     0.00000000     0.00000000     0.00000000     
63.29985731    -122.14016513  47.64146792    116.97500000   5.00000000     0.00000000     0.00000000     0.00000000     0.00000000     0.00000000     
63.40099212    -122.14016513  47.64146792    116.97500000   5.00000000     0.00000000     0.00000000     0.00000000     0.00000000     0.00000000     
63.50262508    -122.14016513  47.64146792    116.97500000   5.00000000     0.00000000     0.00000000     0.00000000     0.00000000     0.00000000     
63.60434444    -122.14016513  47.64146792    116.97500000   5.00000000     0.00000000     0.00000000     0.00000000     0.00000000     0.00000000     
63.70423387    -122.14016513  47.64146792    116.97500000   5.00000000     0.00000000     0.00000000     0.00000000     0.00000000     0.00000000     
63.79886346    -122.14016513  47.64146792    116.97500000   5.00000000     0.00000000     0.00000000     0.00000000     0.00000000     0.00000000     
63.90266418    -122.14016513  47.64146792    116.97500000   5.00000000     0.00000000     0.00000000     0.00000000     0.00000000     0.00000000     
64.00251176    -122.14016513  47.64146792    116.97500000   5.00000000     0.00000000     0.00000000     0.00000000     0.00000000     0.00000000     
64.09426406    -122.14016513  47.64146792    116.97500000   5.00000000     0.00000000     0.00000000     0.00000000     0.00000000     0.00000000     
64.19467619    -122.14016513  47.64146792    116.97500000   5.00000000     0.00000000     0.00000000     0.00000000     0.00000000     0.00000000     
64.30634441    -122.14016513  47.64146792    116.97500000   5.00000000     0.00000000     0.00000000     0.00000000     0.00000000     0.00000000     
64.40564167    -122.14016513  47.64146792    116.97500000   5.00000000     0.00000000     0.00000000     0.00000000     0.00000000     0.00000000     
64.50430959    -122.14016513  47.64146792    116.97500000   5.00000000     0.00000000     0.00000000     0.00000000     0.00000000     0.00000000     
64.60590541    -122.14016513  47.64146792    116.97500000   5.00000000     0.00000000     0.00000000     0.00000000     0.00000000     0.00000000     
64.70006802    -122.14016513  47.64146792    116.97500000   5.00000000     0.00000000     0.00000000     0.00000000     0.00000000     0.00000000     
64.79135696    -122.14016513  47.64146792    116.97500000   5.00000000     0.00000000     0.00000000     0.00000000     0.00000000     0.00000000     
64.90271823    -122.14016513  47.64146792    116.97500000   5.00000000     0.00000000     0.00000000     0.00000000     0.00000000     0.00000000     
65.00186833    -122.14016513  47.64146792    116.97500000   5.00000000     0.00000000     0.00000000     0.00000000     0.00000000     0.00000000     
65.10470668    -122.14016513  47.64146792    116.97500000   5.00000000     0.00000000     0.00000000     0.00000000     0.00000000     0.00000000     
65.19766800    -122.14016513  47.64146792    116.97500000   5.00000000     0.00000000     0.00000000     0.00000000     0.00000000     0.00000000     
65.30048859    -122.14016513  47.64146792    116.97500000   5.00000000     0.00000000     0.00000000     0.00000000     0.00000000     0.00000000     
65.40486430    -122.14016513  47.64146792    116.97500000   5.00000000     0.00000000     0.00000000     0.00000000     0.00000000     0.00000000     
65.49950520    -122.14016513  47.64146792    116.97500000   5.00000000     0.00000000     0.00000000     0.00000000     0.00000000     0.00000000     
65.60285512    -122.14016513  47.64146792    116.97500000   5.00000000     0.00000000     0.00000000     0.00000000     0.00000000     0.00000000     
65.69972416    -122.14016513  47.64146792    116.97500000   5.00000000     0.00000000     0.00000000     0.00000000     0.00000000     0.00000000     
65.79597581    -122.14016513  47.64146792    116.97500000   5.00000000     0.00000000     0.00000000     0.00000000     0.00000000     0.00000000     
65.89192916    -122.14016513  47.64146792    116.97500000   5.00000000     0.00000000     0.00000000     0.00000000     0.00000000     0.00000000     
65.99780855    -122.14016513  47.64146792    116.97500000   5.00000000     0.00000000     0.00000000     0.00000000     0.00000000     0.00000000     
66.10335426    -122.14016513  47.64146792    116.97500000   5.00000000     0.00000000     0.00000000     0.00000000     0.00000000     0.00000000     
66.21102089    -122.14016513  47.64146792    116.97500000   5.00000000     0.00000000     0.00000000     0.00000000     0.00000000     0.00000000     
66.30043043    -122.14016513  47.64146792    116.97500000   5.00000000     0.00000000     0.00000000     0.00000000     0.00000000     0.00000000     
66.38583135    -122.14016513  47.64146792    116.97500000   5.00000000     0.00000000     0.00000000     0.00000000     0.00000000     0.00000000     
66.49635383    -122.14016513  47.64146792    116.97500000   5.00000000     0.00000000     0.00000000     0.00000000     0.00000000     0.00000000     
66.60645676    -122.14016513  47.64146792    116.97500000   5.00000000     0.00000000     0.00000000     0.00000000     0.00000000     0.00000000     
66.70266603    -122.14016513  47.64146792    116.97500000   5.00000000     0.00000000     0.00000000     0.00000000     0.00000000     0.00000000     
66.79397026    -122.14016513  47.64146792    116.97500000   5.00000000     0.00000000     0.00000000     0.00000000     0.00000000     0.00000000     
66.90118762    -122.14016513  47.64146792    116.97500000   5.00000000     0.00000000     0.00000000     0.00000000     0.00000000     0.00000000     
67.00090454    -122.14016513  47.64146792    116.97500000   5.00000000     0.00000000     0.00000000     0.00000000     0.00000000     0.00000000     
67.09332064    -122.14016513  47.64146792    116.97500000   5.00000000     0.00000000     0.00000000     0.00000000     0.00000000     0.00000000     
67.19750493    -122.14016513  47.64146792    116.97500000   5.00000000     0.00000000     0.00000000     0.00000000     0.00000000     0.00000000     
67.30638411    -122.14016513  47.64146792    116.97500000   5.00000000     0.00000000     0.00000000     0.00000000     0.00000000     0.00000000     
67.40613552    -122.14016513  47.64146792    116.97500000   5.00000000     0.00000000     0.00000000     0.00000000     0.00000000     0.00000000     
67.49647031    -122.14016513  47.64146792    116.97500000   5.00000000     0.00000000     0.00000000     0.00000000     0.00000000     0.00000000     
67.60624019    -122.14016513  47.64146792    116.97500000   5.00000000     0.00000000     0.00000000     0.00000000     0.00000000     0.00000000     
67.68944132    -122.14016513  47.64146792    116.97500000   5.00000000     0.00000000     0.00000000     0.00000000     0.00000000     0.00000000     
67.80176902    -122.14016513  47.64146792    116.97500000   5.00000000     0.00000000     0.00000000     0.00000000     0.00000000     0.00000000     
67.90535730    -122.14016513  47.64146792    116.97500000   5.00000000     0.00000000     0.00000000     0.00000000     0.00000000     0.00000000     
68.00325254    -122.14016513  47.64146792    116.97500000   5.00000000     0.00000000     0.00000000     0.00000000     0.00000000     0.00000000     
68.10370136    -122.14016513  47.64146792    116.97500000   5.00000000     0.00000000     0.00000000     0.00000000     0.00000000     0.00000000     
68.19285045    -122.14016513  47.64146792    116.97500000   5.00000000     0.00000000     0.00000000     0.00000000     0.00000000     0.00000000     
68.29284126    -122.14016513  47.64146792    116.97500000   5.00000000     0.00000000     0.00000000     0.00000000     0.00000000     0.00000000     
68.40910574    -122.14016513  47.64146792    116.97500000   5.00000000     0.00000000     0.00000000     0.00000000     0.00000000     0.00000000     
68.49596218    -122.14016513  47.64146792    116.97500000   5.00000000     0.00000000     0.00000000     0.00000000     0.00000000     0.00000000     
68.59821721    -122.14016513  47.64146792    116.97500000   5.00000000     0.00000000     0.00000000     0.00000000     0.00000000     0.00000000     
68.71388083    -122.14016513  47.64146792    116.97500000   5.00000000     0.00000000     0.00000000     0.00000000     0.00000000     0.00000000     
68.79915387    -122.14016513  47.64146792    116.97500000   5.00000000     0.00000000     0.00000000     0.00000000     0.00000000     0.00000000     
68.90745461    -122.14016513  47.64146792    116.97500000   5.00000000     0.00000000     0.00000000     0.00000000     0.00000000     0.00000000     
69.00014266    -122.14016513  47.64146792    116.97500000   5.00000000     0.00000000     0.00000000     0.00000000     0.00000000     0.00000000     
69.09838100    -122.14016513  47.64146792    116.97500000   5.00000000     0.00000000     0.00000000     0.00000000     0.00000000     0.00000000     
69.20654599    -122.14016513  47.64146792    116.97500000   5.00000000     0.00000000     0.00000000     0.00000000     0.00000000     0.00000000     
69.30177507    -122.14016513  47.64146792    116.97500000   5.00000000     0.00000000     0.00000000     0.00000000     0.00000000     0.00000000     
69.40624847    -122.14016513  47.64146792    116.97500000   5.00000000     0.00000000     0.00000000     0.00000000     0.00000000     0.00000000     
69.48993917    -122.14016513  47.64146792    116.97500000   5.00000000     0.00000000     0.00000000     0.00000000     0.00000000     0.00000000     
69.59211080    -122.14016513  47.64146792    116.97500000   5.00000000     0.00000000     0.00000000     0.00000000     0.00000000     0.00000000     
69.70267253    -122.14016513  47.64146792    116.97500000   5.00000000     0.00000000     0.00000000     0.00000000     0.00000000     0.00000000     
69.79469334    -122.14016513  47.64146792    116.97500000   5.00000000     0.00000000     0.00000000     0.00000000     0.00000000     0.00000000     
69.89030293    -122.14016513  47.64146792    116.97500000   5.00000000     0.00000000     0.00000000     0.00000000     0.00000000     0.00000000     
69.99671104    -122.14016513  47.64146792    116.97500000   5.00000000     0.00000000     0.00000000     0.00000000     0.00000000     0.00000000     
70.11535240    -122.14016513  47.64146792    116.97500000   5.00000000     0.00000000     0.00000000     0.00000000     0.00000000     0.00000000     
70.19157730    -122.14016513  47.64146792    116.97500000   5.00000000     0.00000000     0.00000000     0.00000000     0.00000000     0.00000000     
70.29239865    -122.14016513  47.64146792    116.97500000   5.00000000     0.00000000     0.00000000     0.00000000     0.00000000     0.00000000     
70.39118104    -122.14016513  47.64146792    116.97500000   5.00000000     0.00000000     0.00000000     0.00000000     0.00000000     0.00000000     
70.49776757    -122.14016513  47.64146792    116.97500000   5.00000000     0.00000000     0.00000000     0.00000000     0.00000000     0.00000000     
70.59925793    -122.14016513  47.64146792    116.97500000   5.00000000     0.00000000     0.00000000     0.00000000     0.00000000     0.00000000     
70.70876247    -122.14016513  47.64146792    116.97500000   5.00000000     0.00000000     0.00000000     0.00000000     0.00000000     0.00000000     
70.79672613    -122.14016513  47.64146792    116.97500000   5.00000000     0.00000000     0.00000000     0.00000000     0.00000000     0.00000000     
70.89847746    -122.14016513  47.64146792    116.97500000   5.00000000     0.00000000     0.00000000     0.00000000     0.00000000     0.00000000     
70.99607596    -122.14016513  47.64146792    116.97500000   5.00000000     0.00000000     0.00000000     0.00000000     0.00000000     0.00000000     
71.09534754    -122.14016513  47.64146792    116.97500000   5.00000000     0.00000000     0.00000000     0.00000000     0.00000000     0.00000000     
71.20035068    -122.14016513  47.64146792    116.97500000   5.00000000     0.00000000     0.00000000     0.00000000     0.00000000     0.00000000     
71.30477085    -122.14016513  47.64146792    116.97500000   5.00000000     0.00000000     0.00000000     0.00000000     0.00000000     0.00000000     
71.38838747    -122.14016513  47.64146792    116.97500000   5.00000000     0.00000000     0.00000000     0.00000000     0.00000000     0.00000000     
71.50273664    -122.14016513  47.64146792    116.97500000   5.00000000     0.00000000     0.00000000     0.00000000     0.00000000     0.00000000     
71.58734963    -122.14016513  47.64146792    116.97500000   5.00000000     0.00000000     0.00000000     0.00000000     0.00000000     0.00000000     
71.69851379    -122.14016513  47.64146792    116.97500000   5.00000000     0.00000000     0.00000000     0.00000000     0.00000000     0.00000000     
71.81096417    -122.14016513  47.64146792    116.97500000   5.00000000     0.00000000     0.00000000     0.00000000     0.00000000     0.00000000     
71.90432123    -122.14016513  47.64146792    116.97500000   5.00000000     0.00000000     0.00000000     0.00000000     0.00000000     0.00000000     
71.99985924    -122.14016513  47.64146792    116.97500000   5.00000000     0.00000000     0.00000000     0.00000000     0.00000000     0.00000000     
72.09921971    -122.14016513  47.64146792    116.97500000   5.00000000     0.00000000     0.00000000     0.00000000     0.00000000     0.00000000     
72.19807567    -122.14016513  47.64146792    116.97500000   5.00000000     0.00000000     0.00000000     0.00000000     0.00000000     0.00000000     
72.30732145    -122.14016513  47.64146792    116.97500000   5.00000000     0.00000000     0.00000000     0.00000000     0.00000000     0.00000000     
72.40154707    -122.14016513  47.64146792    116.97500000   5.00000000     0.00000000     0.00000000     0.00000000     0.00000000     0.00000000     
72.49835506    -122.14016513  47.64146792    116.97500000   5.00000000     0.00000000     0.00000000     0.00000000     0.00000000     0.00000000     
72.59865950    -122.14016513  47.64146792    116.97500000   5.00000000     0.00000000     0.00000000     0.00000000     0.00000000     0.00000000     
72.70047988    -122.14016513  47.64146792    116.97500000   5.00000000     0.00000000     0.00000000     0.00000000     0.00000000     0.00000000     
72.79974147    -122.14016513  47.64146792    116.97500000   5.00000000     0.00000000     0.00000000     0.00000000     0.00000000     0.00000000     
72.89419174    -122.14016513  47.64146792    116.97500000   5.00000000     0.00000000     0.00000000     0.00000000     0.00000000     0.00000000     
72.99775660    -122.14016513  47.64146792    116.97500000   5.00000000     0.00000000     0.00000000     0.00000000     0.00000000     0.00000000     
73.09080485    -122.14016513  47.64146792    116.97500000   5.00000000     0.00000000     0.00000000     0.00000000     0.00000000     0.00000000     
73.20479624    -122.14016513  47.64146792    116.97500000   5.00000000     0.00000000     0.00000000     0.00000000     0.00000000     0.00000000     
73.30267539    -122.14016513  47.64146792    116.97500000   5.00000000     0.00000000     0.00000000     0.00000000     0.00000000     0.00000000     
73.40340802    -122.14016513  47.64146792    116.97500000   5.00000000     0.00000000     0.00000000     0.00000000     0.00000000     0.00000000     
73.50846674    -122.14016513  47.64146792    116.97500000   5.00000000     0.00000000     0.00000000     0.00000000     0.00000000     0.00000000     
73.59952826    -122.14016513  47.64146792    116.97500000   5.00000000     0.00000000     0.00000000     0.00000000     0.00000000     0.00000000     
73.70482979    -122.14016513  47.64146792    116.97500000   5.00000000     0.00000000     0.00000000     0.00000000     0.00000000     0.00000000     
73.79280584    -122.14016513  47.64146792    116.97500000   5.00000000     0.00000000     0.00000000     0.00000000     0.00000000     0.00000000     
73.91203583    -122.14016513  47.64146792    116.97500000   5.00000000     0.00000000     0.00000000     0.00000000     0.00000000     0.00000000     
74.00111720    -122.14016513  47.64146792    116.97500000   5.00000000     0.00000000     0.00000000     0.00000000     0.00000000     0.00000000     
74.10497856    -122.14016513  47.64146792    116.97500000   5.00000000     0.00000000     0.00000000     0.00000000     0.00000000     0.00000000     
74.21087478    -122.14016513  47.64146792    116.97500000   5.00000000     0.00000000     0.00000000     0.00000000     0.00000000     0.00000000     
74.30586891    -122.14016513  47.64146792    116.97500000   5.00000000     0.00000000     0.00000000     0.00000000     0.00000000     0.00000000     
74.39815891    -122.14016513  47.64146792    116.97500000   5.00000000     0.00000000     0.00000000     0.00000000     0.00000000     0.00000000     
74.49514519    -122.14016513  47.64146792    116.97500000   5.00000000     0.00000000     0.00000000     0.00000000     0.00000000     0.00000000     
74.60773511    -122.14016513  47.64146792    116.97500000   5.00000000     0.00000000     0.00000000     0.00000000     0.00000000     0.00000000     
74.69463219    -122.14016513  47.64146792    116.97500000   5.00000000     0.00000000     0.00000000     0.00000000     0.00000000     0.00000000     
74.79485480    -122.14016513  47.64146792    116.97500000   5.00000000     0.00000000     0.00000000     0.00000000     0.00000000     0.00000000     
74.90299691    -122.14016513  47.64146792    116.97500000   5.00000000     0.00000000     0.00000000     0.00000000     0.00000000     0.00000000     
74.99275166    -122.14016513  47.64146792    116.97500000   5.00000000     0.00000000     0.00000000     0.00000000     0.00000000     0.00000000     
75.10642956    -122.14016513  47.64146792    116.97500000   5.00000000     0.00000000     0.00000000     0.00000000     0.00000000     0.00000000     
75.19231083    -122.14016513  47.64146792    116.97500000   5.00000000     0.00000000     0.00000000     0.00000000     0.00000000     0.00000000     
75.30162232    -122.14016513  47.64146792    116.97500000   5.00000000     0.00000000     0.00000000     0.00000000     0.00000000     0.00000000     
75.39681268    -122.14016513  47.64146792    116.97500000   5.00000000     0.00000000     0.00000000     0.00000000     0.00000000     0.00000000     
75.50004119    -122.14016513  47.64146792    116.97500000   5.00000000     0.00000000     0.00000000     0.00000000     0.00000000     0.00000000     
75.60984076    -122.14016513  47.64146792    116.97500000   5.00000000     0.00000000     0.00000000     0.00000000     0.00000000     0.00000000     
75.70192825    -122.14016513  47.64146792    116.97500000   5.00000000     0.00000000     0.00000000     0.00000000     0.00000000     0.00000000     
75.79499874    -122.14016513  47.64146792    116.97500000   5.00000000     0.00000000     0.00000000     0.00000000     0.00000000     0.00000000     
75.90189798    -122.14016513  47.64146792    116.97500000   5.00000000     0.00000000     0.00000000     0.00000000     0.00000000     0.00000000     
76.00968586    -122.14016513  47.64146792    116.97500000   5.00000000     0.00000000     0.00000000     0.00000000     0.00000000     0.00000000     
76.10294264    -122.14016513  47.64146792    116.97500000   5.00000000     0.00000000     0.00000000     0.00000000     0.00000000     0.00000000     
76.19650619    -122.14016513  47.64146792    116.97500000   5.00000000     0.00000000     0.00000000     0.00000000     0.00000000     0.00000000     
76.30849485    -122.14016513  47.64146792    116.97500000   5.00000000     0.00000000     0.00000000     0.00000000     0.00000000     0.00000000     
76.39333898    -122.14016513  47.64146792    116.97500000   5.00000000     0.00000000     0.00000000     0.00000000     0.00000000     0.00000000     
76.50895166    -122.14016513  47.64146792    116.97500000   5.00000000     0.00000000     0.00000000     0.00000000     0.00000000     0.00000000     
76.60121994    -122.14016513  47.64146792    116.97500000   5.00000000     0.00000000     0.00000000     0.00000000     0.00000000     0.00000000     
76.69624937    -122.14016513  47.64146792    116.97500000   5.00000000     0.00000000     0.00000000     0.00000000     0.00000000     0.00000000     
76.80280287    -122.14016513  47.64146792    116.97500000   5.00000000     0.00000000     0.00000000     0.00000000     0.00000000     0.00000000     
76.89847126    -122.14016513  47.64146792    116.97500000   5.00000000     0.00000000     0.00000000     0.00000000     0.00000000     0.00000000     
77.00816902    -122.14016513  47.64146792    116.97500000   5.00000000     0.00000000     0.00000000     0.00000000     0.00000000     0.00000000     
77.09497452    -122.14016513  47.64146792    116.97500000   5.00000000     0.00000000     0.00000000     0.00000000     0.00000000     0.00000000     
77.20226180    -122.14016513  47.64146792    116.97500000   5.00000000     0.00000000     0.00000000     0.00000000     0.00000000     0.00000000     
77.30776742    -122.14016513  47.64146792    116.97500000   5.00000000     0.00000000     0.00000000     0.00000000     0.00000000     0.00000000     
77.40430899    -122.14016513  47.64146792    116.97500000   5.00000000     0.00000000     0.00000000     0.00000000     0.00000000     0.00000000     
77.51259951    -122.14016513  47.64146792    116.97500000   5.00000000     0.00000000     0.00000000     0.00000000     0.00000000     0.00000000     
77.60206612    -122.14016513  47.64146792    116.97500000   5.00000000     0.00000000     0.00000000     0.00000000     0.00000000     0.00000000     
77.70349507    -122.14016513  47.64146792    116.97500000   5.00000000     0.00000000     0.00000000     0.00000000     0.00000000     0.00000000     
77.80397467    -122.14016513  47.64146792    116.97500000   5.00000000     0.00000000     0.00000000     0.00000000     0.00000000     0.00000000     
77.89170181    -122.14016513  47.64146792    116.97500000   5.00000000     0.00000000     0.00000000     0.00000000     0.00000000     0.00000000     
78.00217015    -122.14016513  47.64146792    116.97500000   5.00000000     0.00000000     0.00000000     0.00000000     0.00000000     0.00000000     
78.10397890    -122.14016513  47.64146792    116.97500000   5.00000000     0.00000000     0.00000000     0.00000000     0.00000000     0.00000000     
78.20321009    -122.14016513  47.64146792    116.97500000   5.00000000     0.00000000     0.00000000     0.00000000     0.00000000     0.00000000     
78.30188049    -122.14016513  47.64146792    116.97500000   5.00000000     0.00000000     0.00000000     0.00000000     0.00000000     0.00000000     
78.39901848    -122.14016513  47.64146792    116.97500000   5.00000000     0.00000000     0.00000000     0.00000000     0.00000000     0.00000000     
78.50335200    -122.14016513  47.64146792    116.97500000   5.00000000     0.00000000     0.00000000     0.00000000     0.00000000     0.00000000     
78.59577828    -122.14016513  47.64146792    116.97500000   5.00000000     0.00000000     0.00000000     0.00000000     0.00000000     0.00000000     
78.70409914    -122.14016513  47.64146792    116.97500000   5.00000000     0.00000000     0.00000000     0.00000000     0.00000000     0.00000000     
78.78855181    -122.14016513  47.64146792    116.97500000   5.00000000     0.00000000     0.00000000     0.00000000     0.00000000     0.00000000     
78.89865198    -122.14016513  47.64146792    116.97500000   5.00000000     0.00000000     0.00000000     0.00000000     0.00000000     0.00000000     
78.99920687    -122.14016513  47.64146792    116.97500000   5.00000000     0.00000000     0.00000000     0.00000000     0.00000000     0.00000000     
79.10738558    -122.14016513  47.64146792    116.97500000   5.00000000     0.00000000     0.00000000     0.00000000     0.00000000     0.00000000     
79.20520493    -122.14016513  47.64146792    116.97500000   5.00000000     0.00000000     0.00000000     0.00000000     0.00000000     0.00000000     
79.30820851    -122.14016513  47.64146792    116.97500000   5.00000000     0.00000000     0.00000000     0.00000000     0.00000000     0.00000000     
79.41043067    -122.14016513  47.64146792    116.97500000   5.00000000     0.00000000     0.00000000     0.00000000     0.00000000     0.00000000     
79.49692054    -122.14016513  47.64146792    116.97500000   5.00000000     0.00000000     0.00000000     0.00000000     0.00000000     0.00000000     
79.59908821    -122.14016513  47.64146792    116.97500000   5.00000000     0.00000000     0.00000000     0.00000000     0.00000000     0.00000000     
79.70500174    -122.14016513  47.64146792    116.97500000   5.00000000     0.00000000     0.00000000     0.00000000     0.00000000     0.00000000     
79.78647793    -122.14016513  47.64146792    116.97500000   5.00000000     0.00000000     0.00000000     0.00000000     0.00000000     0.00000000     
79.89982704    -122.14016513  47.64146792    116.97500000   5.00000000     0.00000000     0.00000000     0.00000000     0.00000000     0.00000000     
80.00692103    -122.14016513  47.64146792    116.97500000   5.00000000     0.00000000     0.00000000     0.00000000     0.00000000     0.00000000     
80.09847447    -122.14016513  47.64146792    116.97500000   5.00000000     0.00000000     0.00000000     0.00000000     0.00000000     0.00000000     
80.20140376    -122.14016513  47.64146792    116.97500000   5.00000000     0.00000000     0.00000000     0.00000000     0.00000000     0.00000000     
80.30426032    -122.14016513  47.64146792    116.97500000   5.00000000     0.00000000     0.00000000     0.00000000     0.00000000     0.00000000     
80.39941685    -122.14016513  47.64146792    116.97500000   5.00000000     0.00000000     0.00000000     0.00000000     0.00000000     0.00000000     
80.50839597    -122.14016513  47.64146792    116.97500000   5.00000000     0.00000000     0.00000000     0.00000000     0.00000000     0.00000000     
80.59554800    -122.14016513  47.64146792    116.97500000   5.00000000     0.00000000     0.00000000     0.00000000     0.00000000     0.00000000     
80.69175588    -122.14016513  47.64146792    116.97500000   5.00000000     0.00000000     0.00000000     0.00000000     0.00000000     0.00000000     
80.79972283    -122.14016513  47.64146792    116.97500000   5.00000000     0.00000000     0.00000000     0.00000000     0.00000000     0.00000000     
80.89147308    -122.14016513  47.64146792    116.97500000   5.00000000     0.00000000     0.00000000     0.00000000     0.00000000     0.00000000     
81.00814759    -122.14016513  47.64146792    116.97500000   5.00000000     0.00000000     0.00000000     0.00000000     0.00000000     0.00000000     
81.10523876    -122.14016513  47.64146792    116.97500000   5.00000000     0.00000000     0.00000000     0.00000000     0.00000000     0.00000000     
81.20182304    -122.14016513  47.64146792    116.97500000   5.00000000     0.00000000     0.00000000     0.00000000     0.00000000     0.00000000     
81.29022289    -122.14016513  47.64146792    116.97500000   5.00000000     0.00000000     0.00000000     0.00000000     0.00000000     0.00000000     
81.39224188    -122.14016513  47.64146792    116.97500000   5.00000000     0.00000000     0.00000000     0.00000000     0.00000000     0.00000000     
81.49853259    -122.14016513  47.64146792    116.97500000   5.00000000     0.00000000     0.00000000     0.00000000     0.00000000     0.00000000     
81.60413389    -122.14016513  47.64146792    116.97500000   5.00000000     0.00000000     0.00000000     0.00000000     0.00000000     0.00000000     
81.70345178    -122.14016513  47.64146792    116.97500000   5.00000000     0.00000000     0.00000000     0.00000000     0.00000000     0.00000000     
81.79449943    -122.14016513  47.64146792    116.97500000   5.00000000     0.00000000     0.00000000     0.00000000     0.00000000     0.00000000     
81.89427719    -122.14016513  47.64146792    116.97500000   5.00000000     0.00000000     0.00000000     0.00000000     0.00000000     0.00000000     
81.99571262    -122.14016513  47.64146792    116.97500000   5.00000000     0.00000000     0.00000000     0.00000000     0.00000000     0.00000000     
82.09569688    -122.14016513  47.64146792    116.97500000   5.00000000     0.00000000     0.00000000     0.00000000     0.00000000     0.00000000     
82.20429021    -122.14016513  47.64146792    116.97500000   5.00000000     0.00000000     0.00000000     0.00000000     0.00000000     0.00000000     
82.29744558    -122.14016513  47.64146792    116.97500000   5.00000000     0.00000000     0.00000000     0.00000000     0.00000000     0.00000000     
82.39354887    -122.14016513  47.64146792    116.97500000   5.00000000     0.00000000     0.00000000     0.00000000     0.00000000     0.00000000     
82.48543392    -122.14016513  47.64146792    116.97500000   5.00000000     0.00000000     0.00000000     0.00000000     0.00000000     0.00000000     
82.60605652    -122.14016513  47.64146792    116.97500000   5.00000000     0.00000000     0.00000000     0.00000000     0.00000000     0.00000000     
82.70502956    -122.14016513  47.64146792    116.97500000   5.00000000     0.00000000     0.00000000     0.00000000     0.00000000     0.00000000     
82.79912165    -122.14016513  47.64146792    116.97500000   5.00000000     0.00000000     0.00000000     0.00000000     0.00000000     0.00000000     
82.89469508    -122.14016513  47.64146792    116.97500000   5.00000000     0.00000000     0.00000000     0.00000000     0.00000000     0.00000000     
83.00409401    -122.14016513  47.64146792    116.97500000   5.00000000     0.00000000     0.00000000     0.00000000     0.00000000     0.00000000     
83.09450629    -122.14016513  47.64146792    116.97500000   5.00000000     0.00000000     0.00000000     0.00000000     0.00000000     0.00000000     
83.20107122    -122.14016513  47.64146792    116.97500000   5.00000000     0.00000000     0.00000000     0.00000000     0.00000000     0.00000000     
83.30594137    -122.14016513  47.64146792    116.97500000   5.00000000     0.00000000     0.00000000     0.00000000     0.00000000     0.00000000     
83.39544207    -122.14016513  47.64146792    116.97500000   5.00000000     0.00000000     0.00000000     0.00000000     0.00000000     0.00000000     
83.49410634    -122.14016513  47.64146792    116.97500000   5.00000000     0.00000000     0.00000000     0.00000000     0.00000000     0.00000000     
83.60602366    -122.14016513  47.64146792    116.97500000   5.00000000     0.00000000     0.00000000     0.00000000     0.00000000     0.00000000     
83.70212446    -122.14016513  47.64146792    116.97500000   5.00000000     0.00000000     0.00000000     0.00000000     0.00000000     0.00000000     
83.79329782    -122.14016513  47.64146792    116.97500000   5.00000000     0.00000000     0.00000000     0.00000000     0.00000000     0.00000000     
83.90130116    -122.14016513  47.64146792    116.97500000   5.00000000     0.00000000     0.00000000     0.00000000     0.00000000     0.00000000     
83.99817380    -122.14016513  47.64146792    116.97500000   5.00000000     0.00000000     0.00000000     0.00000000     0.00000000     0.00000000     
84.09387581    -122.14016513  47.64146792    116.97500000   5.00000000     0.00000000     0.00000000     0.00000000     0.00000000     0.00000000     
84.18697727    -122.14016513  47.64146792    116.97500000   5.00000000     0.00000000     0.00000000     0.00000000     0.00000000     0.00000000     
84.31079953    -122.14016513  47.64146792    116.97500000   5.00000000     0.00000000     0.00000000     0.00000000     0.00000000     0.00000000     
84.38501451    -122.14016513  47.64146792    116.97500000   5.00000000     0.00000000     0.00000000     0.00000000     0.00000000     0.00000000     
84.49595325    -122.14016513  47.64146792    116.97500000   5.00000000     0.00000000     0.00000000     0.00000000     0.00000000     0.00000000     
84.59526479    -122.14016513  47.64146792    116.97500000   5.00000000     0.00000000     0.00000000     0.00000000     0.00000000     0.00000000     
84.70074410    -122.14016513  47.64146792    116.97500000   5.00000000     0.00000000     0.00000000     0.00000000     0.00000000     0.00000000     
84.79975100    -122.14016513  47.64146792    116.97500000   5.00000000     0.00000000     0.00000000     0.00000000     0.00000000     0.00000000     
84.89581424    -122.14016513  47.64146792    116.97500000   5.00000000     0.00000000     0.00000000     0.00000000     0.00000000     0.00000000     
84.99874079    -122.14016513  47.64146792    116.97500000   5.00000000     0.00000000     0.00000000     0.00000000     0.00000000     0.00000000     
85.08655877    -122.14016513  47.64146792    116.97500000   5.00000000     0.00000000     0.00000000     0.00000000     0.00000000     0.00000000     
85.20995093    -122.14016513  47.64146792    116.97500000   5.00000000     0.00000000     0.00000000     0.00000000     0.00000000     0.00000000     
85.31215714    -122.14016513  47.64146792    116.97500000   5.00000000     0.00000000     0.00000000     0.00000000     0.00000000     0.00000000     
85.39198055    -122.14016513  47.64146792    116.97500000   5.00000000     0.00000000     0.00000000     0.00000000     0.00000000     0.00000000     
85.49632600    -122.14016513  47.64146792    116.97500000   5.00000000     0.00000000     0.00000000     0.00000000     0.00000000     0.00000000     
85.60106708    -122.14016513  47.64146792    116.97500000   5.00000000     0.00000000     0.00000000     0.00000000     0.00000000     0.00000000     
85.71136606    -122.14016513  47.64146792    116.97500000   5.00000000     0.00000000     0.00000000     0.00000000     0.00000000     0.00000000     
85.81029692    -122.14016513  47.64146792    116.97500000   5.00000000     0.00000000     0.00000000     0.00000000     0.00000000     0.00000000     
85.89578492    -122.14016513  47.64146792    116.97500000   5.00000000     0.00000000     0.00000000     0.00000000     0.00000000     0.00000000     
86.00726309    -122.14016513  47.64146792    116.97500000   5.00000000     0.00000000     0.00000000     0.00000000     0.00000000     0.00000000     
86.09862567    -122.14016513  47.64146792    116.97500000   5.00000000     0.00000000     0.00000000     0.00000000     0.00000000     0.00000000     
86.21057522    -122.14016513  47.64146792    116.97500000   5.00000000     0.00000000     0.00000000     0.00000000     0.00000000     0.00000000     
86.30064654    -122.14016513  47.64146792    116.97500000   5.00000000     0.00000000     0.00000000     0.00000000     0.00000000     0.00000000     
86.39820952    -122.14016513  47.64146792    116.97500000   5.00000000     0.00000000     0.00000000     0.00000000     0.00000000     0.00000000     
86.49864116    -122.14016513  47.64146792    116.97500000   5.00000000     0.00000000     0.00000000     0.00000000     0.00000000     0.00000000     
86.60941551    -122.14016513  47.64146792    116.97500000   5.00000000     0.00000000     0.00000000     0.00000000     0.00000000     0.00000000     
86.69746119    -122.14016513  47.64146792    116.97500000   5.00000000     0.00000000     0.00000000     0.00000000     0.00000000     0.00000000     
86.80181490    -122.14016513  47.64146792    116.97500000   5.00000000     0.00000000     0.00000000     0.00000000     0.00000000     0.00000000     
86.90119677    -122.14016513  47.64146792    116.97500000   5.00000000     0.00000000     0.00000000     0.00000000     0.00000000     0.00000000     
87.01028432    -122.14016513  47.64146792    116.97500000   5.00000000     0.00000000     0.00000000     0.00000000     0.00000000     0.00000000     
87.09757728    -122.14016513  47.64146792    116.97500000   5.00000000     0.00000000     0.00000000     0.00000000     0.00000000     0.00000000     
87.19778007    -122.14016513  47.64146792    116.97500000   5.00000000     0.00000000     0.00000000     0.00000000     0.00000000     0.00000000     
87.29631860    -122.14016513  47.64146792    116.97500000   5.00000000     0.00000000     0.00000000     0.00000000     0.00000000     0.00000000     
87.39806489    -122.14016513  47.64146792    116.97500000   5.00000000     0.00000000     0.00000000     0.00000000     0.00000000     0.00000000     
87.50316543    -122.14016513  47.64146792    116.97500000   5.00000000     0.00000000     0.00000000     0.00000000     0.00000000     0.00000000     
87.60361364    -122.14016513  47.64146792    116.97500000   5.00000000     0.00000000     0.00000000     0.00000000     0.00000000     0.00000000     
87.69347064    -122.14016513  47.64146792    116.97500000   5.00000000     0.00000000     0.00000000     0.00000000     0.00000000     0.00000000     
87.79578957    -122.14016513  47.64146792    116.97500000   5.00000000     0.00000000     0.00000000     0.00000000     0.00000000     0.00000000     
87.90539131    -122.14016513  47.64146792    116.97500000   5.00000000     0.00000000     0.00000000     0.00000000     0.00000000     0.00000000     
88.00465683    -122.14016513  47.64146792    116.97500000   5.00000000     0.00000000     0.00000000     0.00000000     0.00000000     0.00000000     
88.10268766    -122.14016513  47.64146792    116.97500000   5.00000000     0.00000000     0.00000000     0.00000000     0.00000000     0.00000000     
88.20012207    -122.14016513  47.64146792    116.97500000   5.00000000     0.00000000     0.00000000     0.00000000     0.00000000     0.00000000     
88.29284905    -122.14016513  47.64146792    116.97500000   5.00000000     0.00000000     0.00000000     0.00000000     0.00000000     0.00000000     
88.38986449    -122.14016513  47.64146792    116.97500000   5.00000000     0.00000000     0.00000000     0.00000000     0.00000000     0.00000000     
88.50094047    -122.14016513  47.64146792    116.97500000   5.00000000     0.00000000     0.00000000     0.00000000     0.00000000     0.00000000     
88.58709812    -122.14016513  47.64146792    116.97500000   5.00000000     0.00000000     0.00000000     0.00000000     0.00000000     0.00000000     
88.70724290    -122.14016513  47.64146792    116.97500000   5.00000000     0.00000000     0.00000000     0.00000000     0.00000000     0.00000000     
88.79988841    -122.14016513  47.64146792    116.97500000   5.00000000     0.00000000     0.00000000     0.00000000     0.00000000     0.00000000     
88.90196085    -122.14016513  47.64146792    116.97500000   5.00000000     0.00000000     0.00000000     0.00000000     0.00000000     0.00000000     
88.99579327    -122.14016513  47.64146792    116.97500000   5.00000000     0.00000000     0.00000000     0.00000000     0.00000000     0.00000000     
89.08955672    -122.14016513  47.64146792    116.97500000   5.00000000     0.00000000     0.00000000     0.00000000     0.00000000     0.00000000     
89.19939344    -122.14016513  47.64146792    116.97500000   5.00000000     0.00000000     0.00000000     0.00000000     0.00000000     0.00000000     
89.29240635    -122.14016513  47.64146792    116.97500000   5.00000000     0.00000000     0.00000000     0.00000000     0.00000000     0.00000000     
89.40148751    -122.14016513  47.64146792    116.97500000   5.00000000     0.00000000     0.00000000     0.00000000     0.00000000     0.00000000     
89.49107109    -122.14016513  47.64146792    116.97500000   5.00000000     0.00000000     0.00000000     0.00000000     0.00000000     0.00000000     
89.59987536    -122.14016513  47.64146792    116.97500000   5.00000000     0.00000000     0.00000000     0.00000000     0.00000000     0.00000000     
89.68620876    -122.14016513  47.64146792    116.97500000   5.00000000     0.00000000     0.00000000     0.00000000     0.00000000     0.00000000     
89.79823270    -122.14016513  47.64146792    116.97500000   5.00000000     0.00000000     0.00000000     0.00000000     0.00000000     0.00000000     
89.89511202    -122.14016513  47.64146792    116.97500000   5.00000000     0.00000000     0.00000000     0.00000000     0.00000000     0.00000000     
90.00315598    -122.14016513  47.64146792    116.97500000   5.00000000     0.00000000     0.00000000     0.00000000     0.00000000     0.00000000     
90.10611598    -122.14016513  47.64146792    116.97500000   5.00000000     0.00000000     0.00000000     0.00000000     0.00000000     0.00000000     
90.19651261    -122.14016513  47.64146792    116.97500000   5.00000000     0.00000000     0.00000000     0.00000000     0.00000000     0.00000000     
90.29889875    -122.14016513  47.64146792    116.97500000   5.00000000     0.00000000     0.00000000     0.00000000     0.00000000     0.00000000     
90.39822398    -122.14016513  47.64146792    116.97500000   5.00000000     0.00000000     0.00000000     0.00000000     0.00000000     0.00000000     
90.49052399    -122.14016513  47.64146792    116.97500000   5.00000000     0.00000000     0.00000000     0.00000000     0.00000000     0.00000000     
90.59773239    -122.14016513  47.64146792    116.97500000   5.00000000     0.00000000     0.00000000     0.00000000     0.00000000     0.00000000     
90.69710227    -122.14016513  47.64146792    116.97500000   5.00000000     0.00000000     0.00000000     0.00000000     0.00000000     0.00000000     
90.80817236    -122.14016513  47.64146792    116.97500000   5.00000000     0.00000000     0.00000000     0.00000000     0.00000000     0.00000000     
90.89894943    -122.14016513  47.64146792    116.97500000   5.00000000     0.00000000     0.00000000     0.00000000     0.00000000     0.00000000     
91.00604100    -122.14016513  47.64146792    116.97500000   5.00000000     0.00000000     0.00000000     0.00000000     0.00000000     0.00000000     
91.10191966    -122.14016513  47.64146792    116.97500000   5.00000000     0.00000000     0.00000000     0.00000000     0.00000000     0.00000000     
91.19850159    -122.14016513  47.64146792    116.97500000   5.00000000     0.00000000     0.00000000     0.00000000     0.00000000     0.00000000     
91.29647613    -122.14016513  47.64146792    116.97500000   5.00000000     0.00000000     0.00000000     0.00000000     0.00000000     0.00000000     
91.41063732    -122.14016513  47.64146792    116.97500000   5.00000000     0.00000000     0.00000000     0.00000000     0.00000000     0.00000000     
91.50151066    -122.14016513  47.64146792    116.97500000   5.00000000     0.00000000     0.00000000     0.00000000     0.00000000     0.00000000     
91.59530543    -122.14016513  47.64146792    116.97500000   5.00000000     0.00000000     0.00000000     0.00000000     0.00000000     0.00000000     
91.70601416    -122.14016513  47.64146792    116.97500000   5.00000000     0.00000000     0.00000000     0.00000000     0.00000000     0.00000000     
91.80489446    -122.14016513  47.64146792    116.97500000   5.00000000     0.00000000     0.00000000     0.00000000     0.00000000     0.00000000     
91.90880431    -122.14016513  47.64146792    116.97500000   5.00000000     0.00000000     0.00000000     0.00000000     0.00000000     0.00000000     
92.00266135    -122.14016513  47.64146792    116.97500000   5.00000000     0.00000000     0.00000000     0.00000000     0.00000000     0.00000000     
92.09560880    -122.14016513  47.64146792    116.97500000   5.00000000     0.00000000     0.00000000     0.00000000     0.00000000     0.00000000     
92.19900667    -122.14016513  47.64146792    116.97500000   5.00000000     0.00000000     0.00000000     0.00000000     0.00000000     0.00000000     
92.29423828    -122.14016513  47.64146792    116.97500000   5.00000000     0.00000000     0.00000000     0.00000000     0.00000000     0.00000000     
92.39770606    -122.14016513  47.64146792    116.97500000   5.00000000     0.00000000     0.00000000     0.00000000     0.00000000     0.00000000     
92.51018654    -122.14016513  47.64146792    116.97500000   5.00000000     0.00000000     0.00000000     0.00000000     0.00000000     0.00000000     
92.59979972    -122.14016513  47.64146792    116.97500000   5.00000000     0.00000000     0.00000000     0.00000000     0.00000000     0.00000000     
92.69468743    -122.14016513  47.64146792    116.97500000   5.00000000     0.00000000     0.00000000     0.00000000     0.00000000     0.00000000     
92.80635178    -122.14016513  47.64146792    116.97500000   5.00000000     0.00000000     0.00000000     0.00000000     0.00000000     0.00000000     
92.90629373    -122.14016513  47.64146792    116.97500000   5.00000000     0.00000000     0.00000000     0.00000000     0.00000000     0.00000000     
92.99803149    -122.14016513  47.64146792    116.97500000   5.00000000     0.00000000     0.00000000     0.00000000     0.00000000     0.00000000     
93.09644823    -122.14016513  47.64146792    116.97500000   5.00000000     0.00000000     0.00000000     0.00000000     0.00000000     0.00000000     
93.20315588    -122.14016513  47.64146792    116.97500000   5.00000000     0.00000000     0.00000000     0.00000000     0.00000000     0.00000000     
93.30400481    -122.14016513  47.64146792    116.97500000   5.00000000     0.00000000     0.00000000     0.00000000     0.00000000     0.00000000     
93.39549093    -122.14016513  47.64146792    116.97500000   5.00000000     0.00000000     0.00000000     0.00000000     0.00000000     0.00000000     
93.50498806    -122.14016513  47.64146792    116.97500000   5.00000000     0.00000000     0.00000000     0.00000000     0.00000000     0.00000000     
93.59550194    -122.14016513  47.64146792    116.97500000   5.00000000     0.00000000     0.00000000     0.00000000     0.00000000     0.00000000     
93.71416373    -122.14016513  47.64146792    116.97500000   5.00000000     0.00000000     0.00000000     0.00000000     0.00000000     0.00000000     
93.79887411    -122.14016513  47.64146792    116.97500000   5.00000000     0.00000000     0.00000000     0.00000000     0.00000000     0.00000000     
93.89667978    -122.14016513  47.64146792    116.97500000   5.00000000     0.00000000     0.00000000     0.00000000     0.00000000     0.00000000     
93.99901193    -122.14016513  47.64146792    116.97500000   5.00000000     0.00000000     0.00000000     0.00000000     0.00000000     0.00000000     
94.09747630    -122.14016513  47.64146792    116.97500000   5.00000000     0.00000000     0.00000000     0.00000000     0.00000000     0.00000000     
94.19933117    -122.14016513  47.64146792    116.97500000   5.00000000     0.00000000     0.00000000     0.00000000     0.00000000     0.00000000     
94.30177536    -122.14016513  47.64146792    116.97500000   5.00000000     0.00000000     0.00000000     0.00000000     0.00000000     0.00000000     
94.40383268    -122.14016513  47.64146792    116.97500000   5.00000000     0.00000000     0.00000000     0.00000000     0.00000000     0.00000000     
94.51063354    -122.14016513  47.64146792    116.97500000   5.00000000     0.00000000     0.00000000     0.00000000     0.00000000     0.00000000     
94.60427474    -122.14016513  47.64146792    116.97500000   5.00000000     0.00000000     0.00000000     0.00000000     0.00000000     0.00000000     
94.71214710    -122.14016513  47.64146792    116.97500000   5.00000000     0.00000000     0.00000000     0.00000000     0.00000000     0.00000000     
94.80350672    -122.14016513  47.64146792    116.97500000   5.00000000     0.00000000     0.00000000     0.00000000     0.00000000     0.00000000     
94.89343858    -122.14016513  47.64146792    116.97500000   5.00000000     0.00000000     0.00000000     0.00000000     0.00000000     0.00000000     
95.00325993    -122.14016513  47.64146792    116.97500000   5.00000000     0.00000000     0.00000000     0.00000000     0.00000000     0.00000000     
95.10662832    -122.14016513  47.64146792    116.97500000   5.00000000     0.00000000     0.00000000     0.00000000     0.00000000     0.00000000     
95.19822274    -122.14016513  47.64146792    116.97500000   5.00000000     0.00000000     0.00000000     0.00000000     0.00000000     0.00000000     
95.30427102    -122.14016513  47.64146792    116.97500000   5.00000000     0.00000000     0.00000000     0.00000000     0.00000000     0.00000000     
95.40775593    -122.14016513  47.64146792    116.97500000   5.00000000     0.00000000     0.00000000     0.00000000     0.00000000     0.00000000     
95.50192928    -122.14016513  47.64146792    116.97500000   5.00000000     0.00000000     0.00000000     0.00000000     0.00000000     0.00000000     
95.60834293    -122.14016513  47.64146792    116.97500000   5.00000000     0.00000000     0.00000000     0.00000000     0.00000000     0.00000000     
95.69731408    -122.14016513  47.64146792    116.97500000   5.00000000     0.00000000     0.00000000     0.00000000     0.00000000     0.00000000     
95.80629850    -122.14016513  47.64146792    116.97500000   5.00000000     0.00000000     0.00000000     0.00000000     0.00000000     0.00000000     
95.90025085    -122.14016513  47.64146792    116.97500000   5.00000000     0.00000000     0.00000000     0.00000000     0.00000000     0.00000000     
96.00308343    -122.14016513  47.64146792    116.97500000   5.00000000     0.00000000     0.00000000     0.00000000     0.00000000     0.00000000     
96.09165824    -122.14016513  47.64146792    116.97500000   5.00000000     0.00000000     0.00000000     0.00000000     0.00000000     0.00000000     
96.20290423    -122.14016513  47.64146792    116.97500000   5.00000000     0.00000000     0.00000000     0.00000000     0.00000000     0.00000000     
96.30581086    -122.14016513  47.64146792    116.97500000   5.00000000     0.00000000     0.00000000     0.00000000     0.00000000     0.00000000     
96.40009357    -122.14016513  47.64146792    116.97500000   5.00000000     0.00000000     0.00000000     0.00000000     0.00000000     0.00000000     
96.49681528    -122.14016513  47.64146792    116.97500000   5.00000000     0.00000000     0.00000000     0.00000000     0.00000000     0.00000000     
96.59304423    -122.14016513  47.64146792    116.97500000   5.00000000     0.00000000     0.00000000     0.00000000     0.00000000     0.00000000     
96.70590400    -122.14016513  47.64146792    116.97500000   5.00000000     0.00000000     0.00000000     0.00000000     0.00000000     0.00000000     
96.80766538    -122.14016513  47.64146792    116.97500000   5.00000000     0.00000000     0.00000000     0.00000000     0.00000000     0.00000000     
96.90003627    -122.14016513  47.64146792    116.97500000   5.00000000     0.00000000     0.00000000     0.00000000     0.00000000     0.00000000     
96.99241160    -122.14016513  47.64146792    116.97500000   5.00000000     0.00000000     0.00000000     0.00000000     0.00000000     0.00000000     
97.11299732    -122.14016513  47.64146792    116.97500000   5.00000000     0.00000000     0.00000000     0.00000000     0.00000000     0.00000000     
97.20050700    -122.14016513  47.64146792    116.97500000   5.00000000     0.00000000     0.00000000     0.00000000     0.00000000     0.00000000     
97.29470677    -122.14016513  47.64146792    116.97500000   5.00000000     0.00000000     0.00000000     0.00000000     0.00000000     0.00000000     
97.39948477    -122.14016513  47.64146792    116.97500000   5.00000000     0.00000000     0.00000000     0.00000000     0.00000000     0.00000000     
97.48552109    -122.14016513  47.64146792    116.97500000   5.00000000     0.00000000     0.00000000     0.00000000     0.00000000     0.00000000     
97.59322493    -122.14016513  47.64146792    116.97500000   5.00000000     0.00000000     0.00000000     0.00000000     0.00000000     0.00000000     
97.70282740    -122.14016513  47.64146792    116.97500000   5.00000000     0.00000000     0.00000000     0.00000000     0.00000000     0.00000000     
97.79522346    -122.14016513  47.64146792    116.97500000   5.00000000     0.00000000     0.00000000     0.00000000     0.00000000     0.00000000     
97.90399082    -122.14016513  47.64146792    116.97500000   5.00000000     0.00000000     0.00000000     0.00000000     0.00000000     0.00000000     
97.99529572    -122.14016513  47.64146792    116.97500000   5.00000000     0.00000000     0.00000000     0.00000000     0.00000000     0.00000000     
98.10053343    -122.14016513  47.64146792    116.97500000   5.00000000     0.00000000     0.00000000     0.00000000     0.00000000     0.00000000     
98.19528515    -122.14016513  47.64146792    116.97500000   5.00000000     0.00000000     0.00000000     0.00000000     0.00000000     0.00000000     
98.29323602    -122.14016513  47.64146792    116.97500000   5.00000000     0.00000000     0.00000000     0.00000000     0.00000000     0.00000000     
98.39598590    -122.14016513  47.64146792    116.97500000   5.00000000     0.00000000     0.00000000     0.00000000     0.00000000     0.00000000     
98.49369100    -122.14016513  47.64146792    116.97500000   5.00000000     0.00000000     0.00000000     0.00000000     0.00000000     0.00000000     
98.60432506    -122.14016513  47.64146792    116.97500000   5.00000000     0.00000000     0.00000000     0.00000000     0.00000000     0.00000000     
98.69600474    -122.14016513  47.64146792    116.97500000   5.00000000     0.00000000     0.00000000     0.00000000     0.00000000     0.00000000     
98.79588019    -122.14016513  47.64146792    116.97500000   5.00000000     0.00000000     0.00000000     0.00000000     0.00000000     0.00000000     
98.90889954    -122.14016513  47.64146792    116.97500000   5.00000000     0.00000000     0.00000000     0.00000000     0.00000000     0.00000000     
98.99756910    -122.14016513  47.64146792    116.97500000   5.00000000     0.00000000     0.00000000     0.00000000     0.00000000     0.00000000     
99.08814156    -122.14016513  47.64146792    116.97500000   5.00000000     0.00000000     0.00000000     0.00000000     0.00000000     0.00000000     
99.20578979    -122.14016513  47.64146792    116.97500000   5.00000000     0.00000000     0.00000000     0.00000000     0.00000000     0.00000000     
99.29616289    -122.14016513  47.64146792    116.97500000   5.00000000     0.00000000     0.00000000     0.00000000     0.00000000     0.00000000     
99.39110311    -122.14016513  47.64146792    116.97500000   5.00000000     0.00000000     0.00000000     0.00000000     0.00000000     0.00000000     
99.49637207    -122.14016513  47.64146792    116.97500000   5.00000000     0.00000000     0.00000000     0.00000000     0.00000000     0.00000000     
99.59802407    -122.14016513  47.64146792    116.97500000   5.00000000     0.00000000     0.00000000     0.00000000     0.00000000     0.00000000     
99.69889610    -122.14016513  47.64146792    116.97500000   5.00000000     0.00000000     0.00000000     0.00000000     0.00000000     0.00000000     
99.80320091    -122.14016513  47.64146792    116.97500000   5.00000000     0.00000000     0.00000000     0.00000000     0.00000000     0.00000000     
99.89561785    -122.14016513  47.64146792    116.97500000   5.00000000     0.00000000     0.00000000     0.00000000     0.00000000     0.00000000     
100.01252316   -122.14016513  47.64146792    116.97500000   5.00000000     0.00000000     0.00000000     0.00000000     0.00000000     0.00000000     
100.10156771   -122.14016513  47.64146792    116.97500000   5.00000000     0.00000000     0.00000000     0.00000000     0.00000000     0.00000000     
100.20071623   -122.14016513  47.64146792    116.97500000   5.00000000     0.00000000     0.00000000     0.00000000     0.00000000     0.00000000     
100.30069804   -122.14016513  47.64146792    116.97500000   5.00000000     0.00000000     0.00000000     0.00000000     0.00000000     0.00000000     
100.39787178   -122.14016513  47.64146792    116.97500000   5.00000000     0.00000000     0.00000000     0.00000000     0.00000000     0.00000000     
100.50405910   -122.14016513  47.64146792    116.97500000   5.00000000     0.00000000     0.00000000     0.00000000     0.00000000     0.00000000     
100.60135144   -122.14016513  47.64146792    116.97500000   5.00000000     0.00000000     0.00000000     0.00000000     0.00000000     0.00000000     
100.70807846   -122.14016513  47.64146792    116.97500000   5.00000000     0.00000000     0.00000000     0.00000000     0.00000000     0.00000000     
100.79302625   -122.14016513  47.64146792    116.97500000   5.00000000     0.00000000     0.00000000     0.00000000     0.00000000     0.00000000     
100.91289075   -122.14016513  47.64146792    116.97500000   5.00000000     0.00000000     0.00000000     0.00000000     0.00000000     0.00000000     
101.00730325   -122.14016513  47.64146792    116.97500000   5.00000000     0.00000000     0.00000000     0.00000000     0.00000000     0.00000000     
101.09447957   -122.14016513  47.64146792    116.97500000   5.00000000     0.00000000     0.00000000     0.00000000     0.00000000     0.00000000     
101.20320264   -122.14016513  47.64146792    116.97500000   5.00000000     0.00000000     0.00000000     0.00000000     0.00000000     0.00000000     
101.29475910   -122.14016513  47.64146792    116.97500000   5.00000000     0.00000000     0.00000000     0.00000000     0.00000000     0.00000000     
101.40293863   -122.14016513  47.64146792    116.97500000   5.00000000     0.00000000     0.00000000     0.00000000     0.00000000     0.00000000     
101.49524576   -122.14016513  47.64146792    116.97500000   5.00000000     0.00000000     0.00000000     0.00000000     0.00000000     0.00000000     
101.59482582   -122.14016513  47.64146792    116.97500000   5.00000000     0.00000000     0.00000000     0.00000000     0.00000000     0.00000000     
101.69453544   -122.14016513  47.64146792    116.97500000   5.00000000     0.00000000     0.00000000     0.00000000     0.00000000     0.00000000     
101.80131114   -122.14016513  47.64146792    116.97500000   5.00000000     0.00000000     0.00000000     0.00000000     0.00000000     0.00000000     
101.89979792   -122.14016513  47.64146792    116.97500000   5.00000000     0.00000000     0.00000000     0.00000000     0.00000000     0.00000000     
102.01565208   -122.14016513  47.64146792    116.97500000   5.00000000     0.00000000     0.00000000     0.00000000     0.00000000     0.00000000     
102.08765936   -122.14016513  47.64146792    116.97500000   5.00000000     0.00000000     0.00000000     0.00000000     0.00000000     0.00000000     
102.19934357   -122.14016513  47.64146792    116.97500000   5.00000000     0.00000000     0.00000000     0.00000000     0.00000000     0.00000000     
102.29955562   -122.14016513  47.64146792    116.97500000   5.00000000     0.00000000     0.00000000     0.00000000     0.00000000     0.00000000     
102.40632329   -122.14016513  47.64146792    116.97500000   5.00000000     0.00000000     0.00000000     0.00000000     0.00000000     0.00000000     
102.51209674   -122.14016513  47.64146792    116.97500000   5.00000000     0.00000000     0.00000000     0.00000000     0.00000000     0.00000000     
102.61344938   -122.14016513  47.64146792    116.97500000   5.00000000     0.00000000     0.00000000     0.00000000     0.00000000     0.00000000     
102.70575365   -122.14016513  47.64146792    116.97500000   5.00000000     0.00000000     0.00000000     0.00000000     0.00000000     0.00000000     
102.80105329   -122.14016513  47.64146792    116.97500000   5.00000000     0.00000000     0.00000000     0.00000000     0.00000000     0.00000000     
102.89602954   -122.14016513  47.64146792    116.97500000   5.00000000     0.00000000     0.00000000     0.00000000     0.00000000     0.00000000     
102.99562478   -122.14016513  47.64146792    116.97500000   5.00000000     0.00000000     0.00000000     0.00000000     0.00000000     0.00000000     
103.10169116   -122.14016513  47.64146792    116.97500000   5.00000000     0.00000000     0.00000000     0.00000000     0.00000000     0.00000000     
103.19202668   -122.14016513  47.64146792    116.97500000   5.00000000     0.00000000     0.00000000     0.00000000     0.00000000     0.00000000     
103.30090907   -122.14016513  47.64146792    116.97500000   5.00000000     0.00000000     0.00000000     0.00000000     0.00000000     0.00000000     
103.39397679   -122.14016513  47.64146792    116.97500000   5.00000000     0.00000000     0.00000000     0.00000000     0.00000000     0.00000000     
103.49622279   -122.14016513  47.64146792    116.97500000   5.00000000     0.00000000     0.00000000     0.00000000     0.00000000     0.00000000     
103.60519180   -122.14016513  47.64146792    116.97500000   5.00000000     0.00000000     0.00000000     0.00000000     0.00000000     0.00000000     
103.69705509   -122.14016513  47.64146792    116.97500000   5.00000000     0.00000000     0.00000000     0.00000000     0.00000000     0.00000000     
103.80152960   -122.14016513  47.64146792    116.97500000   5.00000000     0.00000000     0.00000000     0.00000000     0.00000000     0.00000000     
103.90032986   -122.14016513  47.64146792    116.97500000   5.00000000     0.00000000     0.00000000     0.00000000     0.00000000     0.00000000     
103.99234416   -122.14016513  47.64146792    116.97500000   5.00000000     0.00000000     0.00000000     0.00000000     0.00000000     0.00000000     
104.09210916   -122.14016513  47.64146792    116.97500000   5.00000000     0.00000000     0.00000000     0.00000000     0.00000000     0.00000000     
104.20561094   -122.14016513  47.64146792    116.97500000   5.00000000     0.00000000     0.00000000     0.00000000     0.00000000     0.00000000     
104.29268595   -122.14016513  47.64146792    116.97500000   5.00000000     0.00000000     0.00000000     0.00000000     0.00000000     0.00000000     
104.40469599   -122.14016513  47.64146792    116.97500000   5.00000000     0.00000000     0.00000000     0.00000000     0.00000000     0.00000000     
104.50364434   -122.14016513  47.64146792    116.97500000   5.00000000     0.00000000     0.00000000     0.00000000     0.00000000     0.00000000     
104.60068552   -122.14016513  47.64146792    116.97500000   5.00000000     0.00000000     0.00000000     0.00000000     0.00000000     0.00000000     
104.69241487   -122.14016513  47.64146792    116.97500000   5.00000000     0.00000000     0.00000000     0.00000000     0.00000000     0.00000000     
104.79789297   -122.14016513  47.64146792    116.97500000   5.00000000     0.00000000     0.00000000     0.00000000     0.00000000     0.00000000     
104.90365654   -122.14016513  47.64146792    116.97500000   5.00000000     0.00000000     0.00000000     0.00000000     0.00000000     0.00000000     
105.00949829   -122.14016513  47.64146792    116.97500000   5.00000000     0.00000000     0.00000000     0.00000000     0.00000000     0.00000000     
105.10259594   -122.14016513  47.64146792    116.97500000   5.00000000     0.00000000     0.00000000     0.00000000     0.00000000     0.00000000     
105.21337720   -122.14016513  47.64146792    116.97500000   5.00000000     0.00000000     0.00000000     0.00000000     0.00000000     0.00000000     
105.29287881   -122.14016513  47.64146792    116.97500000   5.00000000     0.00000000     0.00000000     0.00000000     0.00000000     0.00000000     
105.40609770   -122.14016513  47.64146792    116.97500000   5.00000000     0.00000000     0.00000000     0.00000000     0.00000000     0.00000000     
105.50804530   -122.14016513  47.64146792    116.97500000   5.00000000     0.00000000     0.00000000     0.00000000     0.00000000     0.00000000     
105.60157243   -122.14016513  47.64146792    116.97500000   5.00000000     0.00000000     0.00000000     0.00000000     0.00000000     0.00000000     
105.69298290   -122.14016513  47.64146792    116.97500000   5.00000000     0.00000000     0.00000000     0.00000000     0.00000000     0.00000000     
105.79609356   -122.14016513  47.64146792    116.97500000   5.00000000     0.00000000     0.00000000     0.00000000     0.00000000     0.00000000     
105.89987950   -122.14016513  47.64146792    116.97500000   5.00000000     0.00000000     0.00000000     0.00000000     0.00000000     0.00000000     
105.99314684   -122.14016513  47.64146792    116.97500000   5.00000000     0.00000000     0.00000000     0.00000000     0.00000000     0.00000000     
106.10048383   -122.14016513  47.64146792    116.97500000   5.00000000     0.00000000     0.00000000     0.00000000     0.00000000     0.00000000     
106.19008455   -122.14016513  47.64146792    116.97500000   5.00000000     0.00000000     0.00000000     0.00000000     0.00000000     0.00000000     
106.29715033   -122.14016513  47.64146792    116.97500000   5.00000000     0.00000000     0.00000000     0.00000000     0.00000000     0.00000000     
106.39835110   -122.14016513  47.64146792    116.97500000   5.00000000     0.00000000     0.00000000     0.00000000     0.00000000     0.00000000     
106.49140913   -122.14016513  47.64146792    116.97500000   5.00000000     0.00000000     0.00000000     0.00000000     0.00000000     0.00000000     
106.60003383   -122.14016513  47.64146792    116.97500000   5.00000000     0.00000000     0.00000000     0.00000000     0.00000000     0.00000000     
106.70299911   -122.14016513  47.64146792    116.97500000   5.00000000     0.00000000     0.00000000     0.00000000     0.00000000     0.00000000     
106.80723993   -122.14016513  47.64146792    116.97500000   5.00000000     0.00000000     0.00000000     0.00000000     0.00000000     0.00000000     
106.90174857   -122.14016513  47.64146792    116.97500000   5.00000000     0.00000000     0.00000000     0.00000000     0.00000000     0.00000000     
106.99840130   -122.14016513  47.64146792    116.97500000   5.00000000     0.00000000     0.00000000     0.00000000     0.00000000     0.00000000     
107.10124108   -122.14016513  47.64146792    116.97500000   5.00000000     0.00000000     0.00000000     0.00000000     0.00000000     0.00000000     
107.20698478   -122.14016513  47.64146792    116.97500000   5.00000000     0.00000000     0.00000000     0.00000000     0.00000000     0.00000000     
107.29927725   -122.14016513  47.64146792    116.97500000   5.00000000     0.00000000     0.00000000     0.00000000     0.00000000     0.00000000     
107.39960706   -122.14016513  47.64146792    116.97500000   5.00000000     0.00000000     0.00000000     0.00000000     0.00000000     0.00000000     
107.50222912   -122.14016513  47.64146792    116.97500000   5.00000000     0.00000000     0.00000000     0.00000000     0.00000000     0.00000000     
107.60518666   -122.14016513  47.64146792    116.97500000   5.00000000     0.00000000     0.00000000     0.00000000     0.00000000     0.00000000     
107.69711482   -122.14016513  47.64146792    116.97500000   5.00000000     0.00000000     0.00000000     0.00000000     0.00000000     0.00000000     
107.79920170   -122.14016513  47.64146792    116.97500000   5.00000000     0.00000000     0.00000000     0.00000000     0.00000000     0.00000000     
107.90318353   -122.14016513  47.64146792    116.97500000   5.00000000     0.00000000     0.00000000     0.00000000     0.00000000     0.00000000     
107.99972069   -122.14016513  47.64146792    116.97500000   5.00000000     0.00000000     0.00000000     0.00000000     0.00000000     0.00000000     
108.10529146   -122.14016513  47.64146792    116.97500000   5.00000000     0.00000000     0.00000000     0.00000000     0.00000000     0.00000000     
108.18633423   -122.14016513  47.64146792    116.97500000   5.00000000     0.00000000     0.00000000     0.00000000     0.00000000     0.00000000     
108.30266661   -122.14016513  47.64146792    116.97500000   5.00000000     0.00000000     0.00000000     0.00000000     0.00000000     0.00000000     
108.39535119   -122.14016513  47.64146792    116.97500000   5.00000000     0.00000000     0.00000000     0.00000000     0.00000000     0.00000000     
108.50322629   -122.14016513  47.64146792    116.97500000   5.00000000     0.00000000     0.00000000     0.00000000     0.00000000     0.00000000     
108.59836441   -122.14016513  47.64146792    116.97500000   5.00000000     0.00000000     0.00000000     0.00000000     0.00000000     0.00000000     
108.69966119   -122.14016513  47.64146792    116.97500000   5.00000000     0.00000000     0.00000000     0.00000000     0.00000000     0.00000000     
108.80011472   -122.14016513  47.64146792    116.97500000   5.00000000     0.00000000     0.00000000     0.00000000     0.00000000     0.00000000     
108.90049034   -122.14016513  47.64146792    116.97500000   5.00000000     0.00000000     0.00000000     0.00000000     0.00000000     0.00000000     
109.00048984   -122.14016513  47.64146792    116.97500000   5.00000000     0.00000000     0.00000000     0.00000000     0.00000000     0.00000000     
109.09632991   -122.14016513  47.64146792    116.97500000   5.00000000     0.00000000     0.00000000     0.00000000     0.00000000     0.00000000     
109.21709024   -122.14016513  47.64146792    116.97500000   5.00000000     0.00000000     0.00000000     0.00000000     0.00000000     0.00000000     
109.30585836   -122.14016513  47.64146792    116.97500000   5.00000000     0.00000000     0.00000000     0.00000000     0.00000000     0.00000000     
109.40365342   -122.14016513  47.64146792    116.97500000   5.00000000     0.00000000     0.00000000     0.00000000     0.00000000     0.00000000     
109.50229197   -122.14016513  47.64146792    116.97500000   5.00000000     0.00000000     0.00000000     0.00000000     0.00000000     0.00000000     
109.60612595   -122.14016513  47.64146792    116.97500000   5.00000000     0.00000000     0.00000000     0.00000000     0.00000000     0.00000000     
109.69933105   -122.14016513  47.64146792    116.97500000   5.00000000     0.00000000     0.00000000     0.00000000     0.00000000     0.00000000     
109.79745274   -122.14016513  47.64146792    116.97500000   5.00000000     0.00000000     0.00000000     0.00000000     0.00000000     0.00000000     
109.89653273   -122.14016513  47.64146792    116.97500000   5.00000000     0.00000000     0.00000000     0.00000000     0.00000000     0.00000000     
110.00079799   -122.14016513  47.64146792    116.97500000   5.00000000     0.00000000     0.00000000     0.00000000     0.00000000     0.00000000     
110.10216533   -122.14016513  47.64146792    116.97500000   5.00000000     0.00000000     0.00000000     0.00000000     0.00000000     0.00000000     
110.20273760   -122.14016513  47.64146792    116.97500000   5.00000000     0.00000000     0.00000000     0.00000000     0.00000000     0.00000000     
110.29276027   -122.14016513  47.64146792    116.97500000   5.00000000     0.00000000     0.00000000     0.00000000     0.00000000     0.00000000     
110.39988134   -122.14016513  47.64146792    116.97500000   5.00000000     0.00000000     0.00000000     0.00000000     0.00000000     0.00000000     
110.51124690   -122.14016513  47.64146792    116.97500000   5.00000000     0.00000000     0.00000000     0.00000000     0.00000000     0.00000000     
110.58911630   -122.14016513  47.64146792    116.97500000   5.00000000     0.00000000     0.00000000     0.00000000     0.00000000     0.00000000     
110.69971415   -122.14016513  47.64146792    116.97500000   5.00000000     0.00000000     0.00000000     0.00000000     0.00000000     0.00000000     
110.79438393   -122.14016513  47.64146792    116.97500000   5.00000000     0.00000000     0.00000000     0.00000000     0.00000000     0.00000000     
110.90632603   -122.14016513  47.64146792    116.97500000   5.00000000     0.00000000     0.00000000     0.00000000     0.00000000     0.00000000     
111.00512281   -122.14016513  47.64146792    116.97500000   5.00000000     0.00000000     0.00000000     0.00000000     0.00000000     0.00000000     
111.10142066   -122.14016513  47.64146792    116.97500000   5.00000000     0.00000000     0.00000000     0.00000000     0.00000000     0.00000000     
111.19683409   -122.14016513  47.64146792    116.97500000   5.00000000     0.00000000     0.00000000     0.00000000     0.00000000     0.00000000     
111.30479766   -122.14016513  47.64146792    116.97500000   5.00000000     0.00000000     0.00000000     0.00000000     0.00000000     0.00000000     
111.40533414   -122.14016513  47.64146792    116.97500000   5.00000000     0.00000000     0.00000000     0.00000000     0.00000000     0.00000000     
111.51450308   -122.14016513  47.64146792    116.97500000   5.00000000     0.00000000     0.00000000     0.00000000     0.00000000     0.00000000     
111.59896651   -122.14016513  47.64146792    116.97500000   5.00000000     0.00000000     0.00000000     0.00000000     0.00000000     0.00000000     
111.70696862   -122.14016513  47.64146792    116.97500000   5.00000000     0.00000000     0.00000000     0.00000000     0.00000000     0.00000000     
111.79570312   -122.14016513  47.64146792    116.97500000   5.00000000     0.00000000     0.00000000     0.00000000     0.00000000     0.00000000     
111.90017903   -122.14016513  47.64146792    116.97500000   5.00000000     0.00000000     0.00000000     0.00000000     0.00000000     0.00000000     
111.99069133   -122.14016513  47.64146792    116.97500000   5.00000000     0.00000000     0.00000000     0.00000000     0.00000000     0.00000000     
112.10274975   -122.14016513  47.64146792    116.97500000   5.00000000     0.00000000     0.00000000     0.00000000     0.00000000     0.00000000     
112.20931881   -122.14016513  47.64146792    116.97500000   5.00000000     0.00000000     0.00000000     0.00000000     0.00000000     0.00000000     
112.30549546   -122.14016513  47.64146792    116.97500000   5.00000000     0.00000000     0.00000000     0.00000000     0.00000000     0.00000000     
112.39725495   -122.14016513  47.64146792    116.97500000   5.00000000     0.00000000     0.00000000     0.00000000     0.00000000     0.00000000     
112.50749247   -122.14016513  47.64146792    116.97500000   5.00000000     0.00000000     0.00000000     0.00000000     0.00000000     0.00000000     
112.59920663   -122.14016513  47.64146792    116.97500000   5.00000000     0.00000000     0.00000000     0.00000000     0.00000000     0.00000000     
112.70503909   -122.14016513  47.64146792    116.97500000   5.00000000     0.00000000     0.00000000     0.00000000     0.00000000     0.00000000     
112.80113329   -122.14016513  47.64146792    116.97500000   5.00000000     0.00000000     0.00000000     0.00000000     0.00000000     0.00000000     
112.89525505   -122.14016513  47.64146792    116.97500000   5.00000000     0.00000000     0.00000000     0.00000000     0.00000000     0.00000000     
113.00466785   -122.14016513  47.64146792    116.97500000   5.00000000     0.00000000     0.00000000     0.00000000     0.00000000     0.00000000     
113.10917315   -122.14016513  47.64146792    116.97500000   5.00000000     0.00000000     0.00000000     0.00000000     0.00000000     0.00000000     
113.20334578   -122.14016513  47.64146792    116.97500000   5.00000000     0.00000000     0.00000000     0.00000000     0.00000000     0.00000000     
113.29656543   -122.14016513  47.64146792    116.97500000   5.00000000     0.00000000     0.00000000     0.00000000     0.00000000     0.00000000     
113.39775254   -122.14016513  47.64146792    116.97500000   5.00000000     0.00000000     0.00000000     0.00000000     0.00000000     0.00000000     
113.49588928   -122.14016513  47.64146792    116.97500000   5.00000000     0.00000000     0.00000000     0.00000000     0.00000000     0.00000000     
113.59272133   -122.14016513  47.64146792    116.97500000   5.00000000     0.00000000     0.00000000     0.00000000     0.00000000     0.00000000     
113.69611755   -122.14016513  47.64146792    116.97500000   5.00000000     0.00000000     0.00000000     0.00000000     0.00000000     0.00000000     
113.80475571   -122.14016513  47.64146792    116.97500000   5.00000000     0.00000000     0.00000000     0.00000000     0.00000000     0.00000000     
113.91612635   -122.14016513  47.64146792    116.97500000   5.00000000     0.00000000     0.00000000     0.00000000     0.00000000     0.00000000     
113.99527274   -122.14016513  47.64146792    116.97500000   5.00000000     0.00000000     0.00000000     0.00000000     0.00000000     0.00000000     
114.10669463   -122.14016513  47.64146792    116.97500000   5.00000000     0.00000000     0.00000000     0.00000000     0.00000000     0.00000000     
114.20452731   -122.14016513  47.64146792    116.97500000   5.00000000     0.00000000     0.00000000     0.00000000     0.00000000     0.00000000     
114.29866945   -122.14016513  47.64146792    116.97500000   5.00000000     0.00000000     0.00000000     0.00000000     0.00000000     0.00000000     
114.40066427   -122.14016513  47.64146792    116.97500000   5.00000000     0.00000000     0.00000000     0.00000000     0.00000000     0.00000000     
114.50018932   -122.14016513  47.64146792    116.97500000   5.00000000     0.00000000     0.00000000     0.00000000     0.00000000     0.00000000     
114.60832188   -122.14016513  47.64146792    116.97500000   5.00000000     0.00000000     0.00000000     0.00000000     0.00000000     0.00000000     
114.69565353   -122.14016513  47.64146792    116.97500000   5.00000000     0.00000000     0.00000000     0.00000000     0.00000000     0.00000000     
114.79094073   -122.14016513  47.64146792    116.97500000   5.00000000     0.00000000     0.00000000     0.00000000     0.00000000     0.00000000     
114.89592498   -122.14016513  47.64146792    116.97500000   5.00000000     0.00000000     0.00000000     0.00000000     0.00000000     0.00000000     
114.99934749   -122.14016513  47.64146792    116.97500000   5.00000000     0.00000000     0.00000000     0.00000000     0.00000000     0.00000000     
115.10514591   -122.14016513  47.64146792    116.97500000   5.00000000     0.00000000     0.00000000     0.00000000     0.00000000     0.00000000     
115.19163275   -122.14016513  47.64146792    116.97500000   5.00000000     0.00000000     0.00000000     0.00000000     0.00000000     0.00000000     
115.30152381   -122.14016513  47.64146792    116.97500000   5.00000000     0.00000000     0.00000000     0.00000000     0.00000000     0.00000000     
115.40026454   -122.14016513  47.64146792    116.97500000   5.00000000     0.00000000     0.00000000     0.00000000     0.00000000     0.00000000     
115.50178322   -122.14016513  47.64146792    116.97500000   5.00000000     0.00000000     0.00000000     0.00000000     0.00000000     0.00000000     
115.61010615   -122.14016513  47.64146792    116.97500000   5.00000000     0.00000000     0.00000000     0.00000000     0.00000000     0.00000000     
115.70578065   -122.14016513  47.64146792    116.97500000   5.00000000     0.00000000     0.00000000     0.00000000     0.00000000     0.00000000     
115.80025176   -122.14016513  47.64146792    116.97500000   5.00000000     0.00000000     0.00000000     0.00000000     0.00000000     0.00000000     
115.90126150   -122.14016513  47.64146792    116.97500000   5.00000000     0.00000000     0.00000000     0.00000000     0.00000000     0.00000000     
115.99337673   -122.14016513  47.64146792    116.97500000   5.00000000     0.00000000     0.00000000     0.00000000     0.00000000     0.00000000     
116.09861585   -122.14016513  47.64146792    116.97500000   5.00000000     0.00000000     0.00000000     0.00000000     0.00000000     0.00000000     
116.20084676   -122.14016513  47.64146792    116.97500000   5.00000000     0.00000000     0.00000000     0.00000000     0.00000000     0.00000000     
116.29986613   -122.14016513  47.64146792    116.97500000   5.00000000     0.00000000     0.00000000     0.00000000     0.00000000     0.00000000     
116.39586329   -122.14016513  47.64146792    116.97500000   5.00000000     0.00000000     0.00000000     0.00000000     0.00000000     0.00000000     
116.49771999   -122.14016513  47.64146792    116.97500000   5.00000000     0.00000000     0.00000000     0.00000000     0.00000000     0.00000000     
116.59485371   -122.14016513  47.64146792    116.97500000   5.00000000     0.00000000     0.00000000     0.00000000     0.00000000     0.00000000     
116.69995701   -122.14016513  47.64146792    116.97500000   5.00000000     0.00000000     0.00000000     0.00000000     0.00000000     0.00000000     
116.81092617   -122.14016513  47.64146792    116.97500000   5.00000000     0.00000000     0.00000000     0.00000000     0.00000000     0.00000000     
116.89464620   -122.14016513  47.64146792    116.97500000   5.00000000     0.00000000     0.00000000     0.00000000     0.00000000     0.00000000     
116.99321756   -122.14016513  47.64146792    116.97500000   5.00000000     0.00000000     0.00000000     0.00000000     0.00000000     0.00000000     
117.10023325   -122.14016513  47.64146792    116.97500000   5.00000000     0.00000000     0.00000000     0.00000000     0.00000000     0.00000000     
117.20076626   -122.14016513  47.64146792    116.97500000   5.00000000     0.00000000     0.00000000     0.00000000     0.00000000     0.00000000     
117.30009718   -122.14016513  47.64146792    116.97500000   5.00000000     0.00000000     0.00000000     0.00000000     0.00000000     0.00000000     
117.39246222   -122.14016513  47.64146792    116.97500000   5.00000000     0.00000000     0.00000000     0.00000000     0.00000000     0.00000000     
117.49619337   -122.14016513  47.64146792    116.97500000   5.00000000     0.00000000     0.00000000     0.00000000     0.00000000     0.00000000     
117.59172307   -122.14016513  47.64146792    116.97500000   5.00000000     0.00000000     0.00000000     0.00000000     0.00000000     0.00000000     
117.69650118   -122.14016513  47.64146792    116.97500000   5.00000000     0.00000000     0.00000000     0.00000000     0.00000000     0.00000000     
117.79734464   -122.14016513  47.64146792    116.97500000   5.00000000     0.00000000     0.00000000     0.00000000     0.00000000     0.00000000     
117.90938240   -122.14016513  47.64146792    116.97500000   5.00000000     0.00000000     0.00000000     0.00000000     0.00000000     0.00000000     
118.00356709   -122.14016513  47.64146792    116.97500000   5.00000000     0.00000000     0.00000000     0.00000000     0.00000000     0.00000000     
118.09235424   -122.14016513  47.64146792    116.97500000   5.00000000     0.00000000     0.00000000     0.00000000     0.00000000     0.00000000     
118.20475018   -122.14016513  47.64146792    116.97500000   5.00000000     0.00000000     0.00000000     0.00000000     0.00000000     0.00000000     
118.29619248   -122.14016513  47.64146792    116.97500000   5.00000000     0.00000000     0.00000000     0.00000000     0.00000000     0.00000000     
118.39901989   -122.14016513  47.64146792    116.97500000   5.00000000     0.00000000     0.00000000     0.00000000     0.00000000     0.00000000     
118.49869797   -122.14016513  47.64146792    116.97500000   5.00000000     0.00000000     0.00000000     0.00000000     0.00000000     0.00000000     
118.59457316   -122.14016513  47.64146792    116.97500000   5.00000000     0.00000000     0.00000000     0.00000000     0.00000000     0.00000000     
118.70351207   -122.14016513  47.64146792    116.97500000   5.00000000     0.00000000     0.00000000     0.00000000     0.00000000     0.00000000     
118.80067870   -122.14016513  47.64146792    116.97500000   5.00000000     0.00000000     0.00000000     0.00000000     0.00000000     0.00000000     
118.90902888   -122.14016513  47.64146792    116.97500000   5.00000000     0.00000000     0.00000000     0.00000000     0.00000000     0.00000000     
118.99914171   -122.14016513  47.64146792    116.97500000   5.00000000     0.00000000     0.00000000     0.00000000     0.00000000     0.00000000     
119.09980583   -122.14016513  47.64146792    116.97500000   5.00000000     0.00000000     0.00000000     0.00000000     0.00000000     0.00000000     
119.20712792   -122.14016513  47.64146792    116.97500000   5.00000000     0.00000000     0.00000000     0.00000000     0.00000000     0.00000000     
119.30407941   -122.14016513  47.64146792    116.97500000   5.00000000     0.00000000     0.00000000     0.00000000     0.00000000     0.00000000     
119.39757235   -122.14016513  47.64146792    116.97500000   5.00000000     0.00000000     0.00000000     0.00000000     0.00000000     0.00000000     
119.49577170   -122.14016513  47.64146792    116.97500000   5.00000000     0.00000000     0.00000000     0.00000000     0.00000000     0.00000000     
119.59731921   -122.14016513  47.64146792    116.97500000   5.00000000     0.00000000     0.00000000     0.00000000     0.00000000     0.00000000     
119.70870643   -122.14016513  47.64146792    116.97500000   5.00000000     0.00000000     0.00000000     0.00000000     0.00000000     0.00000000     
119.79672995   -122.14016513  47.64146792    116.97500000   5.00000000     0.00000000     0.00000000     0.00000000     0.00000000     0.00000000     
119.89908575   -122.14016513  47.64146792    116.97500000   5.00000000     0.00000000     0.00000000     0.00000000     0.00000000     0.00000000     
119.99879505   -122.14016513  47.64146792    116.97500000   5.00000000     0.00000000     0.00000000     0.00000000     0.00000000     0.00000000     
120.10960431   -122.14016513  47.64146792    116.97500000   5.00000000     0.00000000     0.00000000     0.00000000     0.00000000     0.00000000     
120.20119139   -122.14016513  47.64146792    116.97500000   5.00000000     0.00000000     0.00000000     0.00000000     0.00000000     0.00000000     
120.29851659   -122.14016513  47.64146792    116.97500000   5.00000000     0.00000000     0.00000000     0.00000000     0.00000000     0.00000000     
120.40431422   -122.14016513  47.64146792    116.97500000   5.00000000     0.00000000     0.00000000     0.00000000     0.00000000     0.00000000     
120.50258255   -122.14016513  47.64146792    116.97500000   5.00000000     0.00000000     0.00000000     0.00000000     0.00000000     0.00000000     
120.59627494   -122.14016513  47.64146792    116.97500000   5.00000000     0.00000000     0.00000000     0.00000000     0.00000000     0.00000000     
120.69215813   -122.14016513  47.64146792    116.97500000   5.00000000     0.00000000     0.00000000     0.00000000     0.00000000     0.00000000     
120.79682287   -122.14016513  47.64146792    116.97500000   5.00000000     0.00000000     0.00000000     0.00000000     0.00000000     0.00000000     
120.91502291   -122.14016513  47.64146792    116.97500000   5.00000000     0.00000000     0.00000000     0.00000000     0.00000000     0.00000000     
120.99594327   -122.14016513  47.64146792    116.97500000   5.00000000     0.00000000     0.00000000     0.00000000     0.00000000     0.00000000     
121.08926014   -122.14016513  47.64146792    116.97500000   5.00000000     0.00000000     0.00000000     0.00000000     0.00000000     0.00000000     
121.20985992   -122.14016513  47.64146792    116.97500000   5.00000000     0.00000000     0.00000000     0.00000000     0.00000000     0.00000000     
121.30136884   -122.14016513  47.64146792    116.97500000   5.00000000     0.00000000     0.00000000     0.00000000     0.00000000     0.00000000     
121.40595257   -122.14016513  47.64146792    116.97500000   5.00000000     0.00000000     0.00000000     0.00000000     0.00000000     0.00000000     
121.50855445   -122.14016513  47.64146792    116.97500000   5.00000000     0.00000000     0.00000000     0.00000000     0.00000000     0.00000000     
121.60900028   -122.14016513  47.64146792    116.97500000   5.00000000     0.00000000     0.00000000     0.00000000     0.00000000     0.00000000     
121.70791887   -122.14016513  47.64146792    116.97500000   5.00000000     0.00000000     0.00000000     0.00000000     0.00000000     0.00000000     
121.80275079   -122.14016513  47.64146792    116.97500000   5.00000000     0.00000000     0.00000000     0.00000000     0.00000000     0.00000000     
121.89696678   -122.14016513  47.64146792    116.97500000   5.00000000     0.00000000     0.00000000     0.00000000     0.00000000     0.00000000     
122.00005966   -122.14016513  47.64146792    116.97500000   5.00000000     0.00000000     0.00000000     0.00000000     0.00000000     0.00000000     
122.11088895   -122.14016513  47.64146792    116.97500000   5.00000000     0.00000000     0.00000000     0.00000000     0.00000000     0.00000000     
122.19549201   -122.14016513  47.64146792    116.97500000   5.00000000     0.00000000     0.00000000     0.00000000     0.00000000     0.00000000     
122.29840108   -122.14016513  47.64146792    116.97500000   5.00000000     0.00000000     0.00000000     0.00000000     0.00000000     0.00000000     
122.39312600   -122.14016513  47.64146792    116.97500000   5.00000000     0.00000000     0.00000000     0.00000000     0.00000000     0.00000000     
122.49969022   -122.14016513  47.64146792    116.97500000   5.00000000     0.00000000     0.00000000     0.00000000     0.00000000     0.00000000     
122.59281262   -122.14016513  47.64146792    116.97500000   5.00000000     0.00000000     0.00000000     0.00000000     0.00000000     0.00000000     
122.69615408   -122.14016513  47.64146792    116.97500000   5.00000000     0.00000000     0.00000000     0.00000000     0.00000000     0.00000000     
122.79883248   -122.14016513  47.64146792    116.97500000   5.00000000     0.00000000     0.00000000     0.00000000     0.00000000     0.00000000     
122.90576330   -122.14016513  47.64146792    116.97500000   5.00000000     0.00000000     0.00000000     0.00000000     0.00000000     0.00000000     
122.99406777   -122.14016513  47.64146792    116.97500000   5.00000000     0.00000000     0.00000000     0.00000000     0.00000000     0.00000000     
123.09572394   -122.14016513  47.64146792    116.97500000   5.00000000     0.00000000     0.00000000     0.00000000     0.00000000     0.00000000     
123.20454157   -122.14016513  47.64146792    116.97500000   5.00000000     0.00000000     0.00000000     0.00000000     0.00000000     0.00000000     
123.31162822   -122.14016513  47.64146792    116.97500000   5.00000000     0.00000000     0.00000000     0.00000000     0.00000000     0.00000000     
123.40079103   -122.14016513  47.64146792    116.97500000   5.00000000     0.00000000     0.00000000     0.00000000     0.00000000     0.00000000     
123.49196307   -122.14016513  47.64146792    116.97500000   5.00000000     0.00000000     0.00000000     0.00000000     0.00000000     0.00000000     
123.59777379   -122.14016513  47.64146792    116.97500000   5.00000000     0.00000000     0.00000000     0.00000000     0.00000000     0.00000000     
123.70127834   -122.14016513  47.64146792    116.97500000   5.00000000     0.00000000     0.00000000     0.00000000     0.00000000     0.00000000     
123.79632629   -122.14016513  47.64146792    116.97500000   5.00000000     0.00000000     0.00000000     0.00000000     0.00000000     0.00000000     
123.90114379   -122.14016513  47.64146792    116.97500000   5.00000000     0.00000000     0.00000000     0.00000000     0.00000000     0.00000000     
123.99680725   -122.14016513  47.64146792    116.97500000   5.00000000     0.00000000     0.00000000     0.00000000     0.00000000     0.00000000     
124.10064367   -122.14016513  47.64146792    116.97500000   5.00000000     0.00000000     0.00000000     0.00000000     0.00000000     0.00000000     
124.20020984   -122.14016513  47.64146792    116.97500000   5.00000000     0.00000000     0.00000000     0.00000000     0.00000000     0.00000000     
124.30392147   -122.14016513  47.64146792    116.97500000   5.00000000     0.00000000     0.00000000     0.00000000     0.00000000     0.00000000     
124.40097454   -122.14016513  47.64146792    116.97500000   5.00000000     0.00000000     0.00000000     0.00000000     0.00000000     0.00000000     
124.50940178   -122.14016513  47.64146792    116.97500000   5.00000000     0.00000000     0.00000000     0.00000000     0.00000000     0.00000000     
124.58872899   -122.14016513  47.64146792    116.97500000   5.00000000     0.00000000     0.00000000     0.00000000     0.00000000     0.00000000     
124.70329033   -122.14016513  47.64146792    116.97500000   5.00000000     0.00000000     0.00000000     0.00000000     0.00000000     0.00000000     
124.79758748   -122.14016513  47.64146792    116.97500000   5.00000000     0.00000000     0.00000000     0.00000000     0.00000000     0.00000000     
124.90651653   -122.14016513  47.64146792    116.97500000   5.00000000     0.00000000     0.00000000     0.00000000     0.00000000     0.00000000     
124.99627555   -122.14016513  47.64146792    116.97500000   5.00000000     0.00000000     0.00000000     0.00000000     0.00000000     0.00000000     
125.10135116   -122.14016513  47.64146792    116.97500000   5.00000000     0.00000000     0.00000000     0.00000000     0.00000000     0.00000000     
125.19746510   -122.14016513  47.64146792    116.97500000   5.00000000     0.00000000     0.00000000     0.00000000     0.00000000     0.00000000     
125.29961980   -122.14016513  47.64146792    116.97500000   5.00000000     0.00000000     0.00000000     0.00000000     0.00000000     0.00000000     
125.40200636   -122.14016513  47.64146792    116.97500000   5.00000000     0.00000000     0.00000000     0.00000000     0.00000000     0.00000000     
125.49491721   -122.14016513  47.64146792    116.97500000   5.00000000     0.00000000     0.00000000     0.00000000     0.00000000     0.00000000     
125.60886387   -122.14016513  47.64146792    116.97500000   5.00000000     0.00000000     0.00000000     0.00000000     0.00000000     0.00000000     
125.70302681   -122.14016513  47.64146792    116.97500000   5.00000000     0.00000000     0.00000000     0.00000000     0.00000000     0.00000000     
125.79544664   -122.14016513  47.64146792    116.97500000   5.00000000     0.00000000     0.00000000     0.00000000     0.00000000     0.00000000     
125.90698118   -122.14016513  47.64146792    116.97500000   5.00000000     0.00000000     0.00000000     0.00000000     0.00000000     0.00000000     
126.00223003   -122.14016513  47.64146792    116.97500000   5.00000000     0.00000000     0.00000000     0.00000000     0.00000000     0.00000000     
126.09000453   -122.14016513  47.64146792    116.97500000   5.00000000     0.00000000     0.00000000     0.00000000     0.00000000     0.00000000     
126.19865864   -122.14016513  47.64146792    116.97500000   5.00000000     0.00000000     0.00000000     0.00000000     0.00000000     0.00000000     
126.30074465   -122.14016513  47.64146792    116.97500000   5.00000000     0.00000000     0.00000000     0.00000000     0.00000000     0.00000000     
126.40115129   -122.14016513  47.64146792    116.97500000   5.00000000     0.00000000     0.00000000     0.00000000     0.00000000     0.00000000     
126.49979053   -122.14016513  47.64146792    116.97500000   5.00000000     0.00000000     0.00000000     0.00000000     0.00000000     0.00000000     
126.60524496   -122.14016513  47.64146792    116.97500000   5.00000000     0.00000000     0.00000000     0.00000000     0.00000000     0.00000000     
126.69247289   -122.14016513  47.64146792    116.97500000   5.00000000     0.00000000     0.00000000     0.00000000     0.00000000     0.00000000     
126.79746389   -122.14016513  47.64146792    116.97500000   5.00000000     0.00000000     0.00000000     0.00000000     0.00000000     0.00000000     
126.89802711   -122.14016513  47.64146792    116.97500000   5.00000000     0.00000000     0.00000000     0.00000000     0.00000000     0.00000000     
126.99900498   -122.14016513  47.64146792    116.97500000   5.00000000     0.00000000     0.00000000     0.00000000     0.00000000     0.00000000     
127.09460703   -122.14016513  47.64146792    116.97500000   5.00000000     0.00000000     0.00000000     0.00000000     0.00000000     0.00000000     
127.20822847   -122.14016513  47.64146792    116.97500000   5.00000000     0.00000000     0.00000000     0.00000000     0.00000000     0.00000000     
127.30618423   -122.14016513  47.64146792    116.97500000   5.00000000     0.00000000     0.00000000     0.00000000     0.00000000     0.00000000     
127.40293304   -122.14016513  47.64146792    116.97500000   5.00000000     0.00000000     0.00000000     0.00000000     0.00000000     0.00000000     
127.49053579   -122.14016513  47.64146792    116.97500000   5.00000000     0.00000000     0.00000000     0.00000000     0.00000000     0.00000000     
127.58816291   -122.14016513  47.64146792    116.97500000   5.00000000     0.00000000     0.00000000     0.00000000     0.00000000     0.00000000     
127.70039993   -122.14016513  47.64146792    116.97500000   5.00000000     0.00000000     0.00000000     0.00000000     0.00000000     0.00000000     
127.80138129   -122.14016513  47.64146792    116.97500000   5.00000000     0.00000000     0.00000000     0.00000000     0.00000000     0.00000000     
127.90485552   -122.14016513  47.64146792    116.97500000   5.00000000     0.00000000     0.00000000     0.00000000     0.00000000     0.00000000     
127.99382544   -122.14016513  47.64146792    116.97500000   5.00000000     0.00000000     0.00000000     0.00000000     0.00000000     0.00000000     
128.10156985   -122.14016513  47.64146792    116.97500000   5.00000000     0.00000000     0.00000000     0.00000000     0.00000000     0.00000000     
128.19802929   -122.14016513  47.64146792    116.97500000   5.00000000     0.00000000     0.00000000     0.00000000     0.00000000     0.00000000     
128.30697819   -122.14016513  47.64146792    116.97500000   5.00000000     0.00000000     0.00000000     0.00000000     0.00000000     0.00000000     
128.41018552   -122.14016513  47.64146792    116.97500000   5.00000000     0.00000000     0.00000000     0.00000000     0.00000000     0.00000000     
128.50362139   -122.14016513  47.64146792    116.97500000   5.00000000     0.00000000     0.00000000     0.00000000     0.00000000     0.00000000     
128.60290375   -122.14016513  47.64146792    116.97500000   5.00000000     0.00000000     0.00000000     0.00000000     0.00000000     0.00000000     
128.70003667   -122.14016513  47.64146792    116.97500000   5.00000000     0.00000000     0.00000000     0.00000000     0.00000000     0.00000000     
128.80350787   -122.14016513  47.64146792    116.97500000   5.00000000     0.00000000     0.00000000     0.00000000     0.00000000     0.00000000     
128.89601200   -122.14016513  47.64146792    116.97500000   5.00000000     0.00000000     0.00000000     0.00000000     0.00000000     0.00000000     
128.99323058   -122.14016513  47.64146792    116.97500000   5.00000000     0.00000000     0.00000000     0.00000000     0.00000000     0.00000000     
129.09692312   -122.14016513  47.64146792    116.97500000   5.00000000     0.00000000     0.00000000     0.00000000     0.00000000     0.00000000     
129.20269226   -122.14016513  47.64146792    116.97500000   5.00000000     0.00000000     0.00000000     0.00000000     0.00000000     0.00000000     
129.30624389   -122.14016513  47.64146792    116.97500000   5.00000000     0.00000000     0.00000000     0.00000000     0.00000000     0.00000000     
129.39631574   -122.14016513  47.64146792    116.97500000   5.00000000     0.00000000     0.00000000     0.00000000     0.00000000     0.00000000     
129.48670270   -122.14016513  47.64146792    116.97500000   5.00000000     0.00000000     0.00000000     0.00000000     0.00000000     0.00000000     
129.59747910   -122.14016513  47.64146792    116.97500000   5.00000000     0.00000000     0.00000000     0.00000000     0.00000000     0.00000000     
129.69777666   -122.14016513  47.64146792    116.97500000   5.00000000     0.00000000     0.00000000     0.00000000     0.00000000     0.00000000     
129.79309820   -122.14016513  47.64146792    116.97500000   5.00000000     0.00000000     0.00000000     0.00000000     0.00000000     0.00000000     
129.89975525   -122.14016513  47.64146792    116.97500000   5.00000000     0.00000000     0.00000000     0.00000000     0.00000000     0.00000000     
129.99469369   -122.14016513  47.64146792    116.97500000   5.00000000     0.00000000     0.00000000     0.00000000     0.00000000     0.00000000     
130.10350057   -122.14016513  47.64146792    116.97500000   5.00000000     0.00000000     0.00000000     0.00000000     0.00000000     0.00000000     
130.20753645   -122.14016513  47.64146792    116.97500000   5.00000000     0.00000000     0.00000000     0.00000000     0.00000000     0.00000000     
130.30313858   -122.14016513  47.64146792    116.97500000   5.00000000     0.00000000     0.00000000     0.00000000     0.00000000     0.00000000     
130.38863532   -122.14016513  47.64146792    116.97500000   5.00000000     0.00000000     0.00000000     0.00000000     0.00000000     0.00000000     
130.49679559   -122.14016513  47.64146792    116.97500000   5.00000000     0.00000000     0.00000000     0.00000000     0.00000000     0.00000000     
130.60094152   -122.14016513  47.64146792    116.97500000   5.00000000     0.00000000     0.00000000     0.00000000     0.00000000     0.00000000     
130.70299402   -122.14016513  47.64146792    116.97500000   5.00000000     0.00000000     0.00000000     0.00000000     0.00000000     0.00000000     
130.78952724   -122.14016513  47.64146792    116.97500000   5.00000000     0.00000000     0.00000000     0.00000000     0.00000000     0.00000000     
130.89628073   -122.14016513  47.64146792    116.97500000   5.00000000     0.00000000     0.00000000     0.00000000     0.00000000     0.00000000     
130.99988041   -122.14016513  47.64146792    116.97500000   5.00000000     0.00000000     0.00000000     0.00000000     0.00000000     0.00000000     
131.10385256   -122.14016513  47.64146792    116.97500000   5.00000000     0.00000000     0.00000000     0.00000000     0.00000000     0.00000000     
131.19272678   -122.14016513  47.64146792    116.97500000   5.00000000     0.00000000     0.00000000     0.00000000     0.00000000     0.00000000     
131.29700076   -122.14016513  47.64146792    116.97500000   5.00000000     0.00000000     0.00000000     0.00000000     0.00000000     0.00000000     
131.40731969   -122.14016513  47.64146792    116.97500000   5.00000000     0.00000000     0.00000000     0.00000000     0.00000000     0.00000000     
131.49587647   -122.14016513  47.64146792    116.97500000   5.00000000     0.00000000     0.00000000     0.00000000     0.00000000     0.00000000     
131.59749799   -122.14016513  47.64146792    116.97500000   5.00000000     0.00000000     0.00000000     0.00000000     0.00000000     0.00000000     
131.69967142   -122.14016513  47.64146792    116.97500000   5.00000000     0.00000000     0.00000000     0.00000000     0.00000000     0.00000000     
131.81259643   -122.14016513  47.64146792    116.97500000   5.00000000     0.00000000     0.00000000     0.00000000     0.00000000     0.00000000     
131.90045170   -122.14016513  47.64146792    116.97500000   5.00000000     0.00000000     0.00000000     0.00000000     0.00000000     0.00000000     
132.00386565   -122.14016513  47.64146792    116.97500000   5.00000000     0.00000000     0.00000000     0.00000000     0.00000000     0.00000000     
132.09585181   -122.14016513  47.64146792    116.97500000   5.00000000     0.00000000     0.00000000     0.00000000     0.00000000     0.00000000     
132.20893693   -122.14016513  47.64146792    116.97500000   5.00000000     0.00000000     0.00000000     0.00000000     0.00000000     0.00000000     
132.29982134   -122.14016513  47.64146792    116.97500000   5.00000000     0.00000000     0.00000000     0.00000000     0.00000000     0.00000000     
132.39574480   -122.14016513  47.64146792    116.97500000   5.00000000     0.00000000     0.00000000     0.00000000     0.00000000     0.00000000     
132.49945625   -122.14016513  47.64146792    116.97500000   5.00000000     0.00000000     0.00000000     0.00000000     0.00000000     0.00000000     
132.59333340   -122.14016513  47.64146792    116.97500000   5.00000000     0.00000000     0.00000000     0.00000000     0.00000000     0.00000000     
132.71129303   -122.14016513  47.64146792    116.97500000   5.00000000     0.00000000     0.00000000     0.00000000     0.00000000     0.00000000     
132.79997452   -122.14016513  47.64146792    116.97500000   5.00000000     0.00000000     0.00000000     0.00000000     0.00000000     0.00000000     
132.90437381   -122.14016513  47.64146792    116.97500000   5.00000000     0.00000000     0.00000000     0.00000000     0.00000000     0.00000000     
132.99309744   -122.14016513  47.64146792    116.97500000   5.00000000     0.00000000     0.00000000     0.00000000     0.00000000     0.00000000     
133.09982588   -122.14016513  47.64146792    116.97500000   5.00000000     0.00000000     0.00000000     0.00000000     0.00000000     0.00000000     
133.20388607   -122.14016513  47.64146792    116.97500000   5.00000000     0.00000000     0.00000000     0.00000000     0.00000000     0.00000000     
133.30080409   -122.14016513  47.64146792    116.97500000   5.00000000     0.00000000     0.00000000     0.00000000     0.00000000     0.00000000     
133.40388102   -122.14016513  47.64146792    116.97500000   5.00000000     0.00000000     0.00000000     0.00000000     0.00000000     0.00000000     
133.49940810   -122.14016513  47.64146792    116.97500000   5.00000000     0.00000000     0.00000000     0.00000000     0.00000000     0.00000000     
133.60755113   -122.14016513  47.64146792    116.97500000   5.00000000     0.00000000     0.00000000     0.00000000     0.00000000     0.00000000     
133.69762174   -122.14016513  47.64146792    116.97500000   5.00000000     0.00000000     0.00000000     0.00000000     0.00000000     0.00000000     
133.80504602   -122.14016513  47.64146792    116.97500000   5.00000000     0.00000000     0.00000000     0.00000000     0.00000000     0.00000000     
133.90151665   -122.14016513  47.64146792    116.97500000   5.00000000     0.00000000     0.00000000     0.00000000     0.00000000     0.00000000     
133.99830912   -122.14016513  47.64146792    116.97500000   5.00000000     0.00000000     0.00000000     0.00000000     0.00000000     0.00000000     
134.10054171   -122.14016513  47.64146792    116.97500000   5.00000000     0.00000000     0.00000000     0.00000000     0.00000000     0.00000000     
134.19822499   -122.14016513  47.64146792    116.97500000   5.00000000     0.00000000     0.00000000     0.00000000     0.00000000     0.00000000     
134.30509662   -122.14016513  47.64146792    116.97500000   5.00000000     0.00000000     0.00000000     0.00000000     0.00000000     0.00000000     
134.39632924   -122.14016513  47.64146792    116.97500000   5.00000000     0.00000000     0.00000000     0.00000000     0.00000000     0.00000000     
134.51134015   -122.14016513  47.64146792    116.97500000   5.00000000     0.00000000     0.00000000     0.00000000     0.00000000     0.00000000     
134.59818395   -122.14016513  47.64146792    116.97500000   5.00000000     0.00000000     0.00000000     0.00000000     0.00000000     0.00000000     
134.69775814   -122.14016513  47.64146792    116.97500000   5.00000000     0.00000000     0.00000000     0.00000000     0.00000000     0.00000000     
134.79593515   -122.14016513  47.64146792    116.97500000   5.00000000     0.00000000     0.00000000     0.00000000     0.00000000     0.00000000     
134.90278040   -122.14016513  47.64146792    116.97500000   5.00000000     0.00000000     0.00000000     0.00000000     0.00000000     0.00000000     
135.00841221   -122.14016513  47.64146792    116.97500000   5.00000000     0.00000000     0.00000000     0.00000000     0.00000000     0.00000000     
135.09859017   -122.14016513  47.64146792    116.97500000   5.00000000     0.00000000     0.00000000     0.00000000     0.00000000     0.00000000     
135.20086287   -122.14016513  47.64146792    116.97500000   5.00000000     0.00000000     0.00000000     0.00000000     0.00000000     0.00000000     
135.30039256   -122.14016513  47.64146792    116.97500000   5.00000000     0.00000000     0.00000000     0.00000000     0.00000000     0.00000000     
135.39625786   -122.14016513  47.64146792    116.97500000   5.00000000     0.00000000     0.00000000     0.00000000     0.00000000     0.00000000     
135.50345159   -122.14016513  47.64146792    116.97500000   5.00000000     0.00000000     0.00000000     0.00000000     0.00000000     0.00000000     
135.60838833   -122.14016513  47.64146792    116.97500000   5.00000000     0.00000000     0.00000000     0.00000000     0.00000000     0.00000000     
135.71003133   -122.14016513  47.64146792    116.97500000   5.00000000     0.00000000     0.00000000     0.00000000     0.00000000     0.00000000     
135.81545257   -122.14016513  47.64146792    116.97500000   5.00000000     0.00000000     0.00000000     0.00000000     0.00000000     0.00000000     
135.90487437   -122.14016513  47.64146792    116.97500000   5.00000000     0.00000000     0.00000000     0.00000000     0.00000000     0.00000000     
136.00094511   -122.14016513  47.64146792    116.97500000   5.00000000     0.00000000     0.00000000     0.00000000     0.00000000     0.00000000     
136.09798359   -122.14016513  47.64146792    116.97500000   5.00000000     0.00000000     0.00000000     0.00000000     0.00000000     0.00000000     
136.19924929   -122.14016513  47.64146792    116.97500000   5.00000000     0.00000000     0.00000000     0.00000000     0.00000000     0.00000000     
136.29773888   -122.14016513  47.64146792    116.97500000   5.00000000     0.00000000     0.00000000     0.00000000     0.00000000     0.00000000     
136.38991756   -122.14016513  47.64146792    116.97500000   5.00000000     0.00000000     0.00000000     0.00000000     0.00000000     0.00000000     
136.49232869   -122.14016513  47.64146792    116.97500000   5.00000000     0.00000000     0.00000000     0.00000000     0.00000000     0.00000000     
136.59694369   -122.14016513  47.64146792    116.97500000   5.00000000     0.00000000     0.00000000     0.00000000     0.00000000     0.00000000     
136.69594328   -122.14016513  47.64146792    116.97500000   5.00000000     0.00000000     0.00000000     0.00000000     0.00000000     0.00000000     
136.79415838   -122.14016513  47.64146792    116.97500000   5.00000000     0.00000000     0.00000000     0.00000000     0.00000000     0.00000000     
136.89754234   -122.14016513  47.64146792    116.97500000   5.00000000     0.00000000     0.00000000     0.00000000     0.00000000     0.00000000     
136.99744231   -122.14016513  47.64146792    116.97500000   5.00000000     0.00000000     0.00000000     0.00000000     0.00000000     0.00000000     
137.09223940   -122.14016513  47.64146792    116.97500000   5.00000000     0.00000000     0.00000000     0.00000000     0.00000000     0.00000000     
137.20287882   -122.14016513  47.64146792    116.97500000   5.00000000     0.00000000     0.00000000     0.00000000     0.00000000     0.00000000     
137.30107538   -122.14016513  47.64146792    116.97500000   5.00000000     0.00000000     0.00000000     0.00000000     0.00000000     0.00000000     
137.39623272   -122.14016513  47.64146792    116.97500000   5.00000000     0.00000000     0.00000000     0.00000000     0.00000000     0.00000000     
137.50119234   -122.14016513  47.64146792    116.97500000   5.00000000     0.00000000     0.00000000     0.00000000     0.00000000     0.00000000     
137.60010262   -122.14016513  47.64146792    116.97500000   5.00000000     0.00000000     0.00000000     0.00000000     0.00000000     0.00000000     
137.71372430   -122.14016513  47.64146792    116.97500000   5.00000000     0.00000000     0.00000000     0.00000000     0.00000000     0.00000000     
137.80457422   -122.14016513  47.64146792    116.97500000   5.00000000     0.00000000     0.00000000     0.00000000     0.00000000     0.00000000     
137.90631506   -122.14016513  47.64146792    116.97500000   5.00000000     0.00000000     0.00000000     0.00000000     0.00000000     0.00000000     
138.00955556   -122.14016513  47.64146792    116.97500000   5.00000000     0.00000000     0.00000000     0.00000000     0.00000000     0.00000000     
138.10139248   -122.14016513  47.64146792    116.97500000   5.00000000     0.00000000     0.00000000     0.00000000     0.00000000     0.00000000     
138.19857528   -122.14016513  47.64146792    116.97500000   5.00000000     0.00000000     0.00000000     0.00000000     0.00000000     0.00000000     
138.30271474   -122.14016513  47.64146792    116.97500000   5.00000000     0.00000000     0.00000000     0.00000000     0.00000000     0.00000000     
138.39599189   -122.14016513  47.64146792    116.97500000   5.00000000     0.00000000     0.00000000     0.00000000     0.00000000     0.00000000     
138.49961923   -122.14016513  47.64146792    116.97500000   5.00000000     0.00000000     0.00000000     0.00000000     0.00000000     0.00000000     
138.58860626   -122.14016513  47.64146792    116.97500000   5.00000000     0.00000000     0.00000000     0.00000000     0.00000000     0.00000000     
138.70070374   -122.14016513  47.64146792    116.97500000   5.00000000     0.00000000     0.00000000     0.00000000     0.00000000     0.00000000     
138.80145758   -122.14016513  47.64146792    116.97500000   5.00000000     0.00000000     0.00000000     0.00000000     0.00000000     0.00000000     
138.89827444   -122.14016513  47.64146792    116.97500000   5.00000000     0.00000000     0.00000000     0.00000000     0.00000000     0.00000000     
138.99902008   -122.14016513  47.64146792    116.97500000   5.00000000     0.00000000     0.00000000     0.00000000     0.00000000     0.00000000     
139.10083401   -122.14016513  47.64146792    116.97500000   5.00000000     0.00000000     0.00000000     0.00000000     0.00000000     0.00000000     
139.19636920   -122.14016513  47.64146792    116.97500000   5.00000000     0.00000000     0.00000000     0.00000000     0.00000000     0.00000000     
139.30080266   -122.14016513  47.64146792    116.97500000   5.00000000     0.00000000     0.00000000     0.00000000     0.00000000     0.00000000     
139.41736861   -122.14016513  47.64146792    116.97500000   5.00000000     0.00000000     0.00000000     0.00000000     0.00000000     0.00000000     
139.49793935   -122.14016513  47.64146792    116.97500000   5.00000000     0.00000000     0.00000000     0.00000000     0.00000000     0.00000000     
139.60051066   -122.14016513  47.64146792    116.97500000   5.00000000     0.00000000     0.00000000     0.00000000     0.00000000     0.00000000     
139.69412974   -122.14016513  47.64146792    116.97500000   5.00000000     0.00000000     0.00000000     0.00000000     0.00000000     0.00000000     
139.81340974   -122.14016513  47.64146792    116.97500000   5.00000000     0.00000000     0.00000000     0.00000000     0.00000000     0.00000000     
139.88979494   -122.14016513  47.64146792    116.97500000   5.00000000     0.00000000     0.00000000     0.00000000     0.00000000     0.00000000     
140.00352883   -122.14016513  47.64146792    116.97500000   5.00000000     0.00000000     0.00000000     0.00000000     0.00000000     0.00000000     
140.10244912   -122.14016513  47.64146792    116.97500000   5.00000000     0.00000000     0.00000000     0.00000000     0.00000000     0.00000000     
140.20146769   -122.14016513  47.64146792    116.97500000   5.00000000     0.00000000     0.00000000     0.00000000     0.00000000     0.00000000     
140.30166621   -122.14016513  47.64146792    116.97500000   5.00000000     0.00000000     0.00000000     0.00000000     0.00000000     0.00000000     
140.39739495   -122.14016513  47.64146792    116.97500000   5.00000000     0.00000000     0.00000000     0.00000000     0.00000000     0.00000000     
140.49252047   -122.14016513  47.64146792    116.97500000   5.00000000     0.00000000     0.00000000     0.00000000     0.00000000     0.00000000     
140.60741991   -122.14016513  47.64146792    116.97500000   5.00000000     0.00000000     0.00000000     0.00000000     0.00000000     0.00000000     
140.69614045   -122.14016513  47.64146792    116.97500000   5.00000000     0.00000000     0.00000000     0.00000000     0.00000000     0.00000000     
140.80390515   -122.14016513  47.64146792    116.97500000   5.00000000     0.00000000     0.00000000     0.00000000     0.00000000     0.00000000     
140.89619233   -122.14016513  47.64146792    116.97500000   5.00000000     0.00000000     0.00000000     0.00000000     0.00000000     0.00000000     
140.99769134   -122.14016513  47.64146792    116.97500000   5.00000000     0.00000000     0.00000000     0.00000000     0.00000000     0.00000000     
141.11012247   -122.14016513  47.64146792    116.97500000   5.00000000     0.00000000     0.00000000     0.00000000     0.00000000     0.00000000     
141.20184965   -122.14016513  47.64146792    116.97500000   5.00000000     0.00000000     0.00000000     0.00000000     0.00000000     0.00000000     
141.29188970   -122.14016513  47.64146792    116.97500000   5.00000000     0.00000000     0.00000000     0.00000000     0.00000000     0.00000000     
141.40867658   -122.14016513  47.64146792    116.97500000   5.00000000     0.00000000     0.00000000     0.00000000     0.00000000     0.00000000     
141.49308084   -122.14016513  47.64146792    116.97500000   5.00000000     0.00000000     0.00000000     0.00000000     0.00000000     0.00000000     
141.59106126   -122.14016513  47.64146792    116.97500000   5.00000000     0.00000000     0.00000000     0.00000000     0.00000000     0.00000000     
141.69963686   -122.14016513  47.64146792    116.97500000   5.00000000     0.00000000     0.00000000     0.00000000     0.00000000     0.00000000     
141.78899406   -122.14016513  47.64146792    116.97500000   5.00000000     0.00000000     0.00000000     0.00000000     0.00000000     0.00000000     
141.90165072   -122.14016513  47.64146792    116.97500000   5.00000000     0.00000000     0.00000000     0.00000000     0.00000000     0.00000000     
142.00704865   -122.14016513  47.64146792    116.97500000   5.00000000     0.00000000     0.00000000     0.00000000     0.00000000     0.00000000     
142.10627527   -122.14016513  47.64146792    116.97500000   5.00000000     0.00000000     0.00000000     0.00000000     0.00000000     0.00000000     
142.19047128   -122.14016513  47.64146792    116.97500000   5.00000000     0.00000000     0.00000000     0.00000000     0.00000000     0.00000000     
142.30405909   -122.14016513  47.64146792    116.97500000   5.00000000     0.00000000     0.00000000     0.00000000     0.00000000     0.00000000     
142.39285148   -122.14016513  47.64146792    116.97500000   5.00000000     0.00000000     0.00000000     0.00000000     0.00000000     0.00000000     
142.49948005   -122.14016513  47.64146792    116.97500000   5.00000000     0.00000000     0.00000000     0.00000000     0.00000000     0.00000000     
142.59948504   -122.14016513  47.64146792    116.97500000   5.00000000     0.00000000     0.00000000     0.00000000     0.00000000     0.00000000     
142.69293087   -122.14016513  47.64146792    116.97500000   5.00000000     0.00000000     0.00000000     0.00000000     0.00000000     0.00000000     
142.79380671   -122.14016513  47.64146792    116.97500000   5.00000000     0.00000000     0.00000000     0.00000000     0.00000000     0.00000000     
142.90410170   -122.14016513  47.64146792    116.97500000   5.00000000     0.00000000     0.00000000     0.00000000     0.00000000     0.00000000     
142.98977855   -122.14016513  47.64146792    116.97500000   5.00000000     0.00000000     0.00000000     0.00000000     0.00000000     0.00000000     
143.10954438   -122.14016513  47.64146792    116.97500000   5.00000000     0.00000000     0.00000000     0.00000000     0.00000000     0.00000000     
143.20943899   -122.14016513  47.64146792    116.97500000   5.00000000     0.00000000     0.00000000     0.00000000     0.00000000     0.00000000     
143.29397842   -122.14016513  47.64146792    116.97500000   5.00000000     0.00000000     0.00000000     0.00000000     0.00000000     0.00000000     
143.40700906   -122.14016513  47.64146792    116.97500000   5.00000000     0.00000000     0.00000000     0.00000000     0.00000000     0.00000000     
143.50731276   -122.14016513  47.64146792    116.97500000   5.00000000     0.00000000     0.00000000     0.00000000     0.00000000     0.00000000     
143.59774342   -122.14016513  47.64146792    116.97500000   5.00000000     0.00000000     0.00000000     0.00000000     0.00000000     0.00000000     
143.70609763   -122.14016513  47.64146792    116.97500000   5.00000000     0.00000000     0.00000000     0.00000000     0.00000000     0.00000000     
143.79603802   -122.14016513  47.64146792    116.97500000   5.00000000     0.00000000     0.00000000     0.00000000     0.00000000     0.00000000     
143.90781565   -122.14016513  47.64146792    116.97500000   5.00000000     0.00000000     0.00000000     0.00000000     0.00000000     0.00000000     
143.99385260   -122.14016513  47.64146792    116.97500000   5.00000000     0.00000000     0.00000000     0.00000000     0.00000000     0.00000000     
144.10180016   -122.14016513  47.64146792    116.97500000   5.00000000     0.00000000     0.00000000     0.00000000     0.00000000     0.00000000     
144.20322123   -122.14016513  47.64146792    116.97500000   5.00000000     0.00000000     0.00000000     0.00000000     0.00000000     0.00000000     
144.28950133   -122.14016513  47.64146792    116.97500000   5.00000000     0.00000000     0.00000000     0.00000000     0.00000000     0.00000000     
144.38970138   -122.14016513  47.64146792    116.97500000   5.00000000     0.00000000     0.00000000     0.00000000     0.00000000     0.00000000     
144.50369833   -122.14016513  47.64146792    116.97500000   5.00000000     0.00000000     0.00000000     0.00000000     0.00000000     0.00000000     
144.59824124   -122.14016513  47.64146792    116.97500000   5.00000000     0.00000000     0.00000000     0.00000000     0.00000000     0.00000000     
144.69862304   -122.14016513  47.64146792    116.97500000   5.00000000     0.00000000     0.00000000     0.00000000     0.00000000     0.00000000     
144.80533491   -122.14016513  47.64146792    116.97500000   5.00000000     0.00000000     0.00000000     0.00000000     0.00000000     0.00000000     
144.90534265   -122.14016513  47.64146792    116.97500000   5.00000000     0.00000000     0.00000000     0.00000000     0.00000000     0.00000000     
145.00494050   -122.14016513  47.64146792    116.97500000   5.00000000     0.00000000     0.00000000     0.00000000     0.00000000     0.00000000     
145.10054698   -122.14016513  47.64146792    116.97500000   5.00000000     0.00000000     0.00000000     0.00000000     0.00000000     0.00000000     
145.20098828   -122.14016513  47.64146792    116.97500000   5.00000000     0.00000000     0.00000000     0.00000000     0.00000000     0.00000000     
145.30366544   -122.14016513  47.64146792    116.97500000   5.00000000     0.00000000     0.00000000     0.00000000     0.00000000     0.00000000     
145.39691422   -122.14016513  47.64146792    116.97500000   5.00000000     0.00000000     0.00000000     0.00000000     0.00000000     0.00000000     
145.50201131   -122.14016513  47.64146792    116.97500000   5.00000000     0.00000000     0.00000000     0.00000000     0.00000000     0.00000000     
145.60511348   -122.14016513  47.64146792    116.97500000   5.00000000     0.00000000     0.00000000     0.00000000     0.00000000     0.00000000     
145.71629978   -122.14016513  47.64146792    116.97500000   5.00000000     0.00000000     0.00000000     0.00000000     0.00000000     0.00000000     
145.80487143   -122.14016513  47.64146792    116.97500000   5.00000000     0.00000000     0.00000000     0.00000000     0.00000000     0.00000000     
145.89321994   -122.14016513  47.64146792    116.97500000   5.00000000     0.00000000     0.00000000     0.00000000     0.00000000     0.00000000     
146.00234707   -122.14016513  47.64146792    116.97500000   5.00000000     0.00000000     0.00000000     0.00000000     0.00000000     0.00000000     
146.09390559   -122.14016513  47.64146792    116.97500000   5.00000000     0.00000000     0.00000000     0.00000000     0.00000000     0.00000000     
146.19857580   -122.14016513  47.64146792    116.97500000   5.00000000     0.00000000     0.00000000     0.00000000     0.00000000     0.00000000     
146.30569245   -122.14016513  47.64146792    116.97500000   5.00000000     0.00000000     0.00000000     0.00000000     0.00000000     0.00000000     
146.38956562   -122.14016513  47.64146792    116.97500000   5.00000000     0.00000000     0.00000000     0.00000000     0.00000000     0.00000000     
146.50272330   -122.14016513  47.64146792    116.97500000   5.00000000     0.00000000     0.00000000     0.00000000     0.00000000     0.00000000     
146.61244729   -122.14016513  47.64146792    116.97500000   5.00000000     0.00000000     0.00000000     0.00000000     0.00000000     0.00000000     
146.69962544   -122.14016513  47.64146792    116.97500000   5.00000000     0.00000000     0.00000000     0.00000000     0.00000000     0.00000000     
146.80619233   -122.14016513  47.64146792    116.97500000   5.00000000     0.00000000     0.00000000     0.00000000     0.00000000     0.00000000     
146.88901576   -122.14016513  47.64146792    116.97500000   5.00000000     0.00000000     0.00000000     0.00000000     0.00000000     0.00000000     
147.01305534   -122.14016513  47.64146792    116.97500000   5.00000000     0.00000000     0.00000000     0.00000000     0.00000000     0.00000000     
147.10341590   -122.14016513  47.64146792    116.97500000   5.00000000     0.00000000     0.00000000     0.00000000     0.00000000     0.00000000     
147.19969368   -122.14016513  47.64146792    116.97500000   5.00000000     0.00000000     0.00000000     0.00000000     0.00000000     0.00000000     
147.29884869   -122.14016513  47.64146792    116.97500000   5.00000000     0.00000000     0.00000000     0.00000000     0.00000000     0.00000000     
147.41114644   -122.14016513  47.64146792    116.97500000   5.00000000     0.00000000     0.00000000     0.00000000     0.00000000     0.00000000     
147.50332892   -122.14016513  47.64146792    116.97500000   5.00000000     0.00000000     0.00000000     0.00000000     0.00000000     0.00000000     
147.59897933   -122.14016513  47.64146792    116.97500000   5.00000000     0.00000000     0.00000000     0.00000000     0.00000000     0.00000000     
147.69539389   -122.14016513  47.64146792    116.97500000   5.00000000     0.00000000     0.00000000     0.00000000     0.00000000     0.00000000     
147.80005132   -122.14016513  47.64146792    116.97500000   5.00000000     0.00000000     0.00000000     0.00000000     0.00000000     0.00000000     
147.89148843   -122.14016513  47.64146792    116.97500000   5.00000000     0.00000000     0.00000000     0.00000000     0.00000000     0.00000000     
147.99134549   -122.14016513  47.64146792    116.97500000   5.00000000     0.00000000     0.00000000     0.00000000     0.00000000     0.00000000     
148.10206729   -122.14016513  47.64146792    116.97500000   5.00000000     0.00000000     0.00000000     0.00000000     0.00000000     0.00000000     
148.20144047   -122.14016513  47.64146792    116.97500000   5.00000000     0.00000000     0.00000000     0.00000000     0.00000000     0.00000000     
148.30311668   -122.14016513  47.64146792    116.97500000   5.00000000     0.00000000     0.00000000     0.00000000     0.00000000     0.00000000     
148.39204536   -122.14016513  47.64146792    116.97500000   5.00000000     0.00000000     0.00000000     0.00000000     0.00000000     0.00000000     
148.50410175   -122.14016513  47.64146792    116.97500000   5.00000000     0.00000000     0.00000000     0.00000000     0.00000000     0.00000000     
148.59997524   -122.14016513  47.64146792    116.97500000   5.00000000     0.00000000     0.00000000     0.00000000     0.00000000     0.00000000     
148.70605539   -122.14016513  47.64146792    116.97500000   5.00000000     0.00000000     0.00000000     0.00000000     0.00000000     0.00000000     
148.79231172   -122.14016513  47.64146792    116.97500000   5.00000000     0.00000000     0.00000000     0.00000000     0.00000000     0.00000000     
148.90030207   -122.14016513  47.64146792    116.97500000   5.00000000     0.00000000     0.00000000     0.00000000     0.00000000     0.00000000     
149.01550739   -122.14016513  47.64146792    116.97500000   5.00000000     0.00000000     0.00000000     0.00000000     0.00000000     0.00000000     
149.09948392   -122.14016513  47.64146792    116.97500000   5.00000000     0.00000000     0.00000000     0.00000000     0.00000000     0.00000000     
149.21022837   -122.14016513  47.64146792    116.97500000   5.00000000     0.00000000     0.00000000     0.00000000     0.00000000     0.00000000     
149.30080343   -122.14016513  47.64146792    116.97500000   5.00000000     0.00000000     0.00000000     0.00000000     0.00000000     0.00000000     
149.40006326   -122.14016513  47.64146792    116.97500000   5.00000000     0.00000000     0.00000000     0.00000000     0.00000000     0.00000000     
149.50367200   -122.14016513  47.64146792    116.97500000   5.00000000     0.00000000     0.00000000     0.00000000     0.00000000     0.00000000     
149.60581682   -122.14016513  47.64146792    116.97500000   5.00000000     0.00000000     0.00000000     0.00000000     0.00000000     0.00000000     
149.70168374   -122.14016513  47.64146792    116.97500000   5.00000000     0.00000000     0.00000000     0.00000000     0.00000000     0.00000000     
149.80015394   -122.14016513  47.64146792    116.97500000   5.00000000     0.00000000     0.00000000     0.00000000     0.00000000     0.00000000     
149.90458351   -122.14016513  47.64146792    116.97500000   5.00000000     0.00000000     0.00000000     0.00000000     0.00000000     0.00000000     
149.99724404   -122.14016513  47.64146792    116.97500000   5.00000000     0.00000000     0.00000000     0.00000000     0.00000000     0.00000000     
150.09386020   -122.14016513  47.64146792    116.97500000   5.00000000     0.00000000     0.00000000     0.00000000     0.00000000     0.00000000     
150.20508148   -122.14016513  47.64146792    116.97500000   5.00000000     0.00000000     0.00000000     0.00000000     0.00000000     0.00000000     
150.30194172   -122.14016513  47.64146792    116.97500000   5.00000000     0.00000000     0.00000000     0.00000000     0.00000000     0.00000000     
150.40961507   -122.14016513  47.64146792    116.97500000   5.00000000     0.00000000     0.00000000     0.00000000     0.00000000     0.00000000     
150.49985737   -122.14016513  47.64146792    116.97500000   5.00000000     0.00000000     0.00000000     0.00000000     0.00000000     0.00000000     
150.60407979   -122.14016513  47.64146792    116.97500000   5.00000000     0.00000000     0.00000000     0.00000000     0.00000000     0.00000000     
150.69880189   -122.14016513  47.64146792    116.97500000   5.00000000     0.00000000     0.00000000     0.00000000     0.00000000     0.00000000     
150.80992025   -122.14016513  47.64146792    116.97500000   5.00000000     0.00000000     0.00000000     0.00000000     0.00000000     0.00000000     
150.89709253   -122.14016513  47.64146792    116.97500000   5.00000000     0.00000000     0.00000000     0.00000000     0.00000000     0.00000000     
151.00536572   -122.14016513  47.64146792    116.97500000   5.00000000     0.00000000     0.00000000     0.00000000     0.00000000     0.00000000     
151.11442480   -122.14016513  47.64146792    116.97500000   5.00000000     0.00000000     0.00000000     0.00000000     0.00000000     0.00000000     
151.19444601   -122.14016513  47.64146792    116.97500000   5.00000000     0.00000000     0.00000000     0.00000000     0.00000000     0.00000000     
151.30584145   -122.14016513  47.64146792    116.97500000   5.00000000     0.00000000     0.00000000     0.00000000     0.00000000     0.00000000     
151.40310443   -122.14016513  47.64146792    116.97500000   5.00000000     0.00000000     0.00000000     0.00000000     0.00000000     0.00000000     
151.50739107   -122.14016513  47.64146792    116.97500000   5.00000000     0.00000000     0.00000000     0.00000000     0.00000000     0.00000000     
151.60169227   -122.14016513  47.64146792    116.97500000   5.00000000     0.00000000     0.00000000     0.00000000     0.00000000     0.00000000     
151.70373232   -122.14016513  47.64146792    116.97500000   5.00000000     0.00000000     0.00000000     0.00000000     0.00000000     0.00000000     
151.80926751   -122.14016513  47.64146792    116.97500000   5.00000000     0.00000000     0.00000000     0.00000000     0.00000000     0.00000000     
151.90978881   -122.14016513  47.64146792    116.97500000   5.00000000     0.00000000     0.00000000     0.00000000     0.00000000     0.00000000     
151.99919949   -122.14016513  47.64146792    116.97500000   5.00000000     0.00000000     0.00000000     0.00000000     0.00000000     0.00000000     
152.09657204   -122.14016513  47.64146792    116.97500000   5.00000000     0.00000000     0.00000000     0.00000000     0.00000000     0.00000000     
152.20911187   -122.14016513  47.64146792    116.97500000   5.00000000     0.00000000     0.00000000     0.00000000     0.00000000     0.00000000     
152.30767014   -122.14016513  47.64146792    116.97500000   5.00000000     0.00000000     0.00000000     0.00000000     0.00000000     0.00000000     
152.39820026   -122.14016513  47.64146792    116.97500000   5.00000000     0.00000000     0.00000000     0.00000000     0.00000000     0.00000000     
152.49768616   -122.14016513  47.64146792    116.97500000   5.00000000     0.00000000     0.00000000     0.00000000     0.00000000     0.00000000     
152.60425744   -122.14016513  47.64146792    116.97500000   5.00000000     0.00000000     0.00000000     0.00000000     0.00000000     0.00000000     
152.69927296   -122.14016513  47.64146792    116.97500000   5.00000000     0.00000000     0.00000000     0.00000000     0.00000000     0.00000000     
152.79464207   -122.14016513  47.64146792    116.97500000   5.00000000     0.00000000     0.00000000     0.00000000     0.00000000     0.00000000     
152.89649848   -122.14016513  47.64146792    116.97500000   5.00000000     0.00000000     0.00000000     0.00000000     0.00000000     0.00000000     
152.99837620   -122.14016513  47.64146792    116.97500000   5.00000000     0.00000000     0.00000000     0.00000000     0.00000000     0.00000000     
153.10017508   -122.14016513  47.64146792    116.97500000   5.00000000     0.00000000     0.00000000     0.00000000     0.00000000     0.00000000     
153.20670609   -122.14016513  47.64146792    116.97500000   5.00000000     0.00000000     0.00000000     0.00000000     0.00000000     0.00000000     
153.30628909   -122.14016513  47.64146792    116.97500000   5.00000000     0.00000000     0.00000000     0.00000000     0.00000000     0.00000000     
153.40347428   -122.14016513  47.64146792    116.97500000   5.00000000     0.00000000     0.00000000     0.00000000     0.00000000     0.00000000     
153.49515914   -122.14016513  47.64146792    116.97500000   5.00000000     0.00000000     0.00000000     0.00000000     0.00000000     0.00000000     
153.60182338   -122.14016513  47.64146792    116.97500000   5.00000000     0.00000000     0.00000000     0.00000000     0.00000000     0.00000000     
153.69295197   -122.14016513  47.64146792    116.97500000   5.00000000     0.00000000     0.00000000     0.00000000     0.00000000     0.00000000     
153.81370703   -122.14016513  47.64146792    116.97500000   5.00000000     0.00000000     0.00000000     0.00000000     0.00000000     0.00000000     
153.89778996   -122.14016513  47.64146792    116.97500000   5.00000000     0.00000000     0.00000000     0.00000000     0.00000000     0.00000000     
153.98923266   -122.14016513  47.64146792    116.97500000   5.00000000     0.00000000     0.00000000     0.00000000     0.00000000     0.00000000     
154.09971998   -122.14016513  47.64146792    116.97500000   5.00000000     0.00000000     0.00000000     0.00000000     0.00000000     0.00000000     
154.20544217   -122.14016513  47.64146792    116.97500000   5.00000000     0.00000000     0.00000000     0.00000000     0.00000000     0.00000000     
154.29710314   -122.14016513  47.64146792    116.97500000   5.00000000     0.00000000     0.00000000     0.00000000     0.00000000     0.00000000     
154.39507050   -122.14016513  47.64146792    116.97500000   5.00000000     0.00000000     0.00000000     0.00000000     0.00000000     0.00000000     
154.49937323   -122.14016513  47.64146792    116.97500000   5.00000000     0.00000000     0.00000000     0.00000000     0.00000000     0.00000000     
154.60395780   -122.14016513  47.64146792    116.97500000   5.00000000     0.00000000     0.00000000     0.00000000     0.00000000     0.00000000     
154.69904819   -122.14016513  47.64146792    116.97500000   5.00000000     0.00000000     0.00000000     0.00000000     0.00000000     0.00000000     
154.80183157   -122.14016513  47.64146792    116.97500000   5.00000000     0.00000000     0.00000000     0.00000000     0.00000000     0.00000000     
154.89536951   -122.14016513  47.64146792    116.97500000   5.00000000     0.00000000     0.00000000     0.00000000     0.00000000     0.00000000     
155.00476129   -122.14016513  47.64146792    116.97500000   5.00000000     0.00000000     0.00000000     0.00000000     0.00000000     0.00000000     
155.10418203   -122.14016513  47.64146792    116.97500000   5.00000000     0.00000000     0.00000000     0.00000000     0.00000000     0.00000000     
155.20680527   -122.14016513  47.64146792    116.97500000   5.00000000     0.00000000     0.00000000     0.00000000     0.00000000     0.00000000     
155.31008575   -122.14016513  47.64146792    116.97500000   5.00000000     0.00000000     0.00000000     0.00000000     0.00000000     0.00000000     
155.39821332   -122.14016513  47.64146792    116.97500000   5.00000000     0.00000000     0.00000000     0.00000000     0.00000000     0.00000000     
155.50543179   -122.14016513  47.64146792    116.97500000   5.00000000     0.00000000     0.00000000     0.00000000     0.00000000     0.00000000     
155.60311964   -122.14016513  47.64146792    116.97500000   5.00000000     0.00000000     0.00000000     0.00000000     0.00000000     0.00000000     
155.70067821   -122.14016513  47.64146792    116.97500000   5.00000000     0.00000000     0.00000000     0.00000000     0.00000000     0.00000000     
155.79603139   -122.14016513  47.64146792    116.97500000   5.00000000     0.00000000     0.00000000     0.00000000     0.00000000     0.00000000     
155.90702510   -122.14016513  47.64146792    116.97500000   5.00000000     0.00000000     0.00000000     0.00000000     0.00000000     0.00000000     
156.00046135   -122.14016513  47.64146792    116.97500000   5.00000000     0.00000000     0.00000000     0.00000000     0.00000000     0.00000000     
156.10230946   -122.14016513  47.64146792    116.97500000   5.00000000     0.00000000     0.00000000     0.00000000     0.00000000     0.00000000     
156.20150727   -122.14016513  47.64146792    116.97500000   5.00000000     0.00000000     0.00000000     0.00000000     0.00000000     0.00000000     
156.30434910   -122.14016513  47.64146792    116.97500000   5.00000000     0.00000000     0.00000000     0.00000000     0.00000000     0.00000000     
156.40046761   -122.14016513  47.64146792    116.97500000   5.00000000     0.00000000     0.00000000     0.00000000     0.00000000     0.00000000     
156.50603442   -122.14016513  47.64146792    116.97500000   5.00000000     0.00000000     0.00000000     0.00000000     0.00000000     0.00000000     
156.59884598   -122.14016513  47.64146792    116.97500000   5.00000000     0.00000000     0.00000000     0.00000000     0.00000000     0.00000000     
156.69968833   -122.14016513  47.64146792    116.97500000   5.00000000     0.00000000     0.00000000     0.00000000     0.00000000     0.00000000     
156.80658412   -122.14016513  47.64146792    116.97500000   5.00000000     0.00000000     0.00000000     0.00000000     0.00000000     0.00000000     
156.89714487   -122.14016513  47.64146792    116.97500000   5.00000000     0.00000000     0.00000000     0.00000000     0.00000000     0.00000000     
156.99072027   -122.14016513  47.64146792    116.97500000   5.00000000     0.00000000     0.00000000     0.00000000     0.00000000     0.00000000     
157.09378470   -122.14016513  47.64146792    116.97500000   5.00000000     0.00000000     0.00000000     0.00000000     0.00000000     0.00000000     
157.20588656   -122.14016513  47.64146792    116.97500000   5.00000000     0.00000000     0.00000000     0.00000000     0.00000000     0.00000000     
157.30186682   -122.14016513  47.64146792    116.97500000   5.00000000     0.00000000     0.00000000     0.00000000     0.00000000     0.00000000     
157.39656538   -122.14016513  47.64146792    116.97500000   5.00000000     0.00000000     0.00000000     0.00000000     0.00000000     0.00000000     
157.48507483   -122.14016513  47.64146792    116.97500000   5.00000000     0.00000000     0.00000000     0.00000000     0.00000000     0.00000000     
157.60223860   -122.14016513  47.64146792    116.97500000   5.00000000     0.00000000     0.00000000     0.00000000     0.00000000     0.00000000     
157.70071627   -122.14016513  47.64146792    116.97500000   5.00000000     0.00000000     0.00000000     0.00000000     0.00000000     0.00000000     
157.80912467   -122.14016513  47.64146792    116.97500000   5.00000000     0.00000000     0.00000000     0.00000000     0.00000000     0.00000000     
157.89340497   -122.14016513  47.64146792    116.97500000   5.00000000     0.00000000     0.00000000     0.00000000     0.00000000     0.00000000     
158.00409504   -122.14016513  47.64146792    116.97500000   5.00000000     0.00000000     0.00000000     0.00000000     0.00000000     0.00000000     
158.09673977   -122.14016513  47.64146792    116.97500000   5.00000000     0.00000000     0.00000000     0.00000000     0.00000000     0.00000000     
158.19718013   -122.14016513  47.64146792    116.97500000   5.00000000     0.00000000     0.00000000     0.00000000     0.00000000     0.00000000     
158.29545863   -122.14016513  47.64146792    116.97500000   5.00000000     0.00000000     0.00000000     0.00000000     0.00000000     0.00000000     
158.39710266   -122.14016513  47.64146792    116.97500000   5.00000000     0.00000000     0.00000000     0.00000000     0.00000000     0.00000000     
158.49928521   -122.14016513  47.64146792    116.97500000   5.00000000     0.00000000     0.00000000     0.00000000     0.00000000     0.00000000     
158.58588457   -122.14016513  47.64146792    116.97500000   5.00000000     0.00000000     0.00000000     0.00000000     0.00000000     0.00000000     
158.70874220   -122.14016513  47.64146792    116.97500000   5.00000000     0.00000000     0.00000000     0.00000000     0.00000000     0.00000000     
158.80006926   -122.14016513  47.64146792    116.97500000   5.00000000     0.00000000     0.00000000     0.00000000     0.00000000     0.00000000     
158.88612083   -122.14016513  47.64146792    116.97500000   5.00000000     0.00000000     0.00000000     0.00000000     0.00000000     0.00000000     
158.99652077   -122.14016513  47.64146792    116.97500000   5.00000000     0.00000000     0.00000000     0.00000000     0.00000000     0.00000000     
159.10468557   -122.14016513  47.64146792    116.97500000   5.00000000     0.00000000     0.00000000     0.00000000     0.00000000     0.00000000     
159.20103039   -122.14016513  47.64146792    116.97500000   5.00000000     0.00000000     0.00000000     0.00000000     0.00000000     0.00000000     
159.30347173   -122.14016513  47.64146792    116.97500000   5.00000000     0.00000000     0.00000000     0.00000000     0.00000000     0.00000000     
159.40355545   -122.14016513  47.64146792    116.97500000   5.00000000     0.00000000     0.00000000     0.00000000     0.00000000     0.00000000     
159.50886253   -122.14016513  47.64146792    116.97500000   5.00000000     0.00000000     0.00000000     0.00000000     0.00000000     0.00000000     
159.60195319   -122.14016513  47.64146792    116.97500000   5.00000000     0.00000000     0.00000000     0.00000000     0.00000000     0.00000000     
159.70848116   -122.14016513  47.64146792    116.97500000   5.00000000     0.00000000     0.00000000     0.00000000     0.00000000     0.00000000     
159.80106366   -122.14016513  47.64146792    116.97500000   5.00000000     0.00000000     0.00000000     0.00000000     0.00000000     0.00000000     
159.89924405   -122.14016513  47.64146792    116.97500000   5.00000000     0.00000000     0.00000000     0.00000000     0.00000000     0.00000000     
159.99280745   -122.14016513  47.64146792    116.97500000   5.00000000     0.00000000     0.00000000     0.00000000     0.00000000     0.00000000     
160.10779190   -122.14016513  47.64146792    116.97500000   5.00000000     0.00000000     0.00000000     0.00000000     0.00000000     0.00000000     
160.20806398   -122.14016513  47.64146792    116.97500000   5.00000000     0.00000000     0.00000000     0.00000000     0.00000000     0.00000000     
160.29983324   -122.14016513  47.64146792    116.97500000   5.00000000     0.00000000     0.00000000     0.00000000     0.00000000     0.00000000     
160.40905322   -122.14016513  47.64146792    116.97500000   5.00000000     0.00000000     0.00000000     0.00000000     0.00000000     0.00000000     
160.50324031   -122.14016513  47.64146792    116.97500000   5.00000000     0.00000000     0.00000000     0.00000000     0.00000000     0.00000000     
160.60156113   -122.14016513  47.64146792    116.97500000   5.00000000     0.00000000     0.00000000     0.00000000     0.00000000     0.00000000     
160.68790631   -122.14016513  47.64146792    116.97500000   5.00000000     0.00000000     0.00000000     0.00000000     0.00000000     0.00000000     
160.80248326   -122.14016513  47.64146792    116.97500000   5.00000000     0.00000000     0.00000000     0.00000000     0.00000000     0.00000000     
160.89938303   -122.14016513  47.64146792    116.97500000   5.00000000     0.00000000     0.00000000     0.00000000     0.00000000     0.00000000     
160.99404389   -122.14016513  47.64146792    116.97500000   5.00000000     0.00000000     0.00000000     0.00000000     0.00000000     0.00000000     
161.09314865   -122.14016513  47.64146792    116.97500000   5.00000000     0.00000000     0.00000000     0.00000000     0.00000000     0.00000000     
161.19736429   -122.14016513  47.64146792    116.97500000   5.00000000     0.00000000     0.00000000     0.00000000     0.00000000     0.00000000     
161.29662137   -122.14016513  47.64146792    116.97500000   5.00000000     0.00000000     0.00000000     0.00000000     0.00000000     0.00000000     
161.40246457   -122.14016513  47.64146792    116.97500000   5.00000000     0.00000000     0.00000000     0.00000000     0.00000000     0.00000000     
161.50303370   -122.14016513  47.64146792    116.97500000   5.00000000     0.00000000     0.00000000     0.00000000     0.00000000     0.00000000     
161.60409925   -122.14016513  47.64146792    116.97500000   5.00000000     0.00000000     0.00000000     0.00000000     0.00000000     0.00000000     
161.69185327   -122.14016513  47.64146792    116.97500000   5.00000000     0.00000000     0.00000000     0.00000000     0.00000000     0.00000000     
161.80414376   -122.14016513  47.64146792    116.97500000   5.00000000     0.00000000     0.00000000     0.00000000     0.00000000     0.00000000     
161.89524810   -122.14016513  47.64146792    116.97500000   5.00000000     0.00000000     0.00000000     0.00000000     0.00000000     0.00000000     
161.99775825   -122.14016513  47.64146792    116.97500000   5.00000000     0.00000000     0.00000000     0.00000000     0.00000000     0.00000000     
162.08902894   -122.14016513  47.64146792    116.97500000   5.00000000     0.00000000     0.00000000     0.00000000     0.00000000     0.00000000     
162.19380291   -122.14016513  47.64146792    116.97500000   5.00000000     0.00000000     0.00000000     0.00000000     0.00000000     0.00000000     
162.30859067   -122.14016513  47.64146792    116.97500000   5.00000000     0.00000000     0.00000000     0.00000000     0.00000000     0.00000000     
162.39980583   -122.14016513  47.64146792    116.97500000   5.00000000     0.00000000     0.00000000     0.00000000     0.00000000     0.00000000     
162.50139649   -122.14016513  47.64146792    116.97500000   5.00000000     0.00000000     0.00000000     0.00000000     0.00000000     0.00000000     
162.60119595   -122.14016513  47.64146792    116.97500000   5.00000000     0.00000000     0.00000000     0.00000000     0.00000000     0.00000000     
162.69870044   -122.14016513  47.64146792    116.97500000   5.00000000     0.00000000     0.00000000     0.00000000     0.00000000     0.00000000     
162.80434834   -122.14016513  47.64146792    116.97500000   5.00000000     0.00000000     0.00000000     0.00000000     0.00000000     0.00000000     
162.90040412   -122.14016513  47.64146792    116.97500000   5.00000000     0.00000000     0.00000000     0.00000000     0.00000000     0.00000000     
162.99843444   -122.14016513  47.64146792    116.97500000   5.00000000     0.00000000     0.00000000     0.00000000     0.00000000     0.00000000     
163.09630296   -122.14016513  47.64146792    116.97500000   5.00000000     0.00000000     0.00000000     0.00000000     0.00000000     0.00000000     
163.20010266   -122.14016513  47.64146792    116.97500000   5.00000000     0.00000000     0.00000000     0.00000000     0.00000000     0.00000000     
163.29741472   -122.14016513  47.64146792    116.97500000   5.00000000     0.00000000     0.00000000     0.00000000     0.00000000     0.00000000     
163.39539276   -122.14016513  47.64146792    116.97500000   5.00000000     0.00000000     0.00000000     0.00000000     0.00000000     0.00000000     
163.50376417   -122.14016513  47.64146792    116.97500000   5.00000000     0.00000000     0.00000000     0.00000000     0.00000000     0.00000000     
163.60109815   -122.14016513  47.64146792    116.97500000   5.00000000     0.00000000     0.00000000     0.00000000     0.00000000     0.00000000     
163.70196907   -122.14016513  47.64146792    116.97500000   5.00000000     0.00000000     0.00000000     0.00000000     0.00000000     0.00000000     
163.79441783   -122.14016513  47.64146792    116.97500000   5.00000000     0.00000000     0.00000000     0.00000000     0.00000000     0.00000000     
163.89692796   -122.14016513  47.64146792    116.97500000   5.00000000     0.00000000     0.00000000     0.00000000     0.00000000     0.00000000     
164.00308482   -122.14016513  47.64146792    116.97500000   5.00000000     0.00000000     0.00000000     0.00000000     0.00000000     0.00000000     
164.08794754   -122.14016513  47.64146792    116.97500000   5.00000000     0.00000000     0.00000000     0.00000000     0.00000000     0.00000000     
164.19887495   -122.14016513  47.64146792    116.97500000   5.00000000     0.00000000     0.00000000     0.00000000     0.00000000     0.00000000     
164.30425169   -122.14016513  47.64146792    116.97500000   5.00000000     0.00000000     0.00000000     0.00000000     0.00000000     0.00000000     
164.39616040   -122.14016513  47.64146792    116.97500000   5.00000000     0.00000000     0.00000000     0.00000000     0.00000000     0.00000000     
164.49333688   -122.14016513  47.64146792    116.97500000   5.00000000     0.00000000     0.00000000     0.00000000     0.00000000     0.00000000     
164.59649584   -122.14016513  47.64146792    116.97500000   5.00000000     0.00000000     0.00000000     0.00000000     0.00000000     0.00000000     
164.69762928   -122.14016513  47.64146792    116.97500000   5.00000000     0.00000000     0.00000000     0.00000000     0.00000000     0.00000000     
164.79922463   -122.14016513  47.64146792    116.97500000   5.00000000     0.00000000     0.00000000     0.00000000     0.00000000     0.00000000     
164.90137527   -122.14016513  47.64146792    116.97500000   5.00000000     0.00000000     0.00000000     0.00000000     0.00000000     0.00000000     
164.99867706   -122.14016513  47.64146792    116.97500000   5.00000000     0.00000000     0.00000000     0.00000000     0.00000000     0.00000000     
165.10579137   -122.14016513  47.64146792    116.97500000   5.00000000     0.00000000     0.00000000     0.00000000     0.00000000     0.00000000     
165.20877256   -122.14016513  47.64146792    116.97500000   5.00000000     0.00000000     0.00000000     0.00000000     0.00000000     0.00000000     
165.30008856   -122.14016513  47.64146792    116.97500000   5.00000000     0.00000000     0.00000000     0.00000000     0.00000000     0.00000000     
165.40402407   -122.14016513  47.64146792    116.97500000   5.00000000     0.00000000     0.00000000     0.00000000     0.00000000     0.00000000     
165.50696632   -122.14016513  47.64146792    116.97500000   5.00000000     0.00000000     0.00000000     0.00000000     0.00000000     0.00000000     
165.60415166   -122.14016513  47.64146792    116.97500000   5.00000000     0.00000000     0.00000000     0.00000000     0.00000000     0.00000000     
165.70410953   -122.14016513  47.64146792    116.97500000   5.00000000     0.00000000     0.00000000     0.00000000     0.00000000     0.00000000     
165.79469643   -122.14016513  47.64146792    116.97500000   5.00000000     0.00000000     0.00000000     0.00000000     0.00000000     0.00000000     
165.90235470   -122.14016513  47.64146792    116.97500000   5.00000000     0.00000000     0.00000000     0.00000000     0.00000000     0.00000000     
166.00609826   -122.14016513  47.64146792    116.97500000   5.00000000     0.00000000     0.00000000     0.00000000     0.00000000     0.00000000     
166.09802729   -122.14016513  47.64146792    116.97500000   5.00000000     0.00000000     0.00000000     0.00000000     0.00000000     0.00000000     
166.21206919   -122.14016513  47.64146792    116.97500000   5.00000000     0.00000000     0.00000000     0.00000000     0.00000000     0.00000000     
166.29922113   -122.14016513  47.64146792    116.97500000   5.00000000     0.00000000     0.00000000     0.00000000     0.00000000     0.00000000     
166.39859545   -122.14016513  47.64146792    116.97500000   5.00000000     0.00000000     0.00000000     0.00000000     0.00000000     0.00000000     
166.50218240   -122.14016513  47.64146792    116.97500000   5.00000000     0.00000000     0.00000000     0.00000000     0.00000000     0.00000000     
166.60319191   -122.14016513  47.64146792    116.97500000   5.00000000     0.00000000     0.00000000     0.00000000     0.00000000     0.00000000     
166.69294046   -122.14016513  47.64146792    116.97500000   5.00000000     0.00000000     0.00000000     0.00000000     0.00000000     0.00000000     
166.78781436   -122.14016513  47.64146792    116.97500000   5.00000000     0.00000000     0.00000000     0.00000000     0.00000000     0.00000000     
166.90513526   -122.14016513  47.64146792    116.97500000   5.00000000     0.00000000     0.00000000     0.00000000     0.00000000     0.00000000     
167.00095781   -122.14016513  47.64146792    116.97500000   5.00000000     0.00000000     0.00000000     0.00000000     0.00000000     0.00000000     
167.10427555   -122.14016513  47.64146792    116.97500000   5.00000000     0.00000000     0.00000000     0.00000000     0.00000000     0.00000000     
167.20724738   -122.14016513  47.64146792    116.97500000   5.00000000     0.00000000     0.00000000     0.00000000     0.00000000     0.00000000     
167.28590140   -122.14016513  47.64146792    116.97500000   5.00000000     0.00000000     0.00000000     0.00000000     0.00000000     0.00000000     
167.40218920   -122.14016513  47.64146792    116.97500000   5.00000000     0.00000000     0.00000000     0.00000000     0.00000000     0.00000000     
167.50439731   -122.14016513  47.64146792    116.97500000   5.00000000     0.00000000     0.00000000     0.00000000     0.00000000     0.00000000     
167.60071335   -122.14016513  47.64146792    116.97500000   5.00000000     0.00000000     0.00000000     0.00000000     0.00000000     0.00000000     
167.70297569   -122.14016513  47.64146792    116.97500000   5.00000000     0.00000000     0.00000000     0.00000000     0.00000000     0.00000000     
167.80464693   -122.14016513  47.64146792    116.97500000   5.00000000     0.00000000     0.00000000     0.00000000     0.00000000     0.00000000     
167.89601952   -122.14016513  47.64146792    116.97500000   5.00000000     0.00000000     0.00000000     0.00000000     0.00000000     0.00000000     
168.00090622   -122.14016513  47.64146792    116.97500000   5.00000000     0.00000000     0.00000000     0.00000000     0.00000000     0.00000000     
168.09389370   -122.14016513  47.64146792    116.97500000   5.00000000     0.00000000     0.00000000     0.00000000     0.00000000     0.00000000     
168.20672169   -122.14016513  47.64146792    116.97500000   5.00000000     0.00000000     0.00000000     0.00000000     0.00000000     0.00000000     
168.30628648   -122.14016513  47.64146792    116.97500000   5.00000000     0.00000000     0.00000000     0.00000000     0.00000000     0.00000000     
168.39763709   -122.14016513  47.64146792    116.97500000   5.00000000     0.00000000     0.00000000     0.00000000     0.00000000     0.00000000     
168.50632154   -122.14016513  47.64146792    116.97500000   5.00000000     0.00000000     0.00000000     0.00000000     0.00000000     0.00000000     
168.59919262   -122.14016513  47.64146792    116.97500000   5.00000000     0.00000000     0.00000000     0.00000000     0.00000000     0.00000000     
168.70547254   -122.14016513  47.64146792    116.97500000   5.00000000     0.00000000     0.00000000     0.00000000     0.00000000     0.00000000     
168.78811965   -122.14016513  47.64146792    116.97500000   5.00000000     0.00000000     0.00000000     0.00000000     0.00000000     0.00000000     
168.89160836   -122.14016513  47.64146792    116.97500000   5.00000000     0.00000000     0.00000000     0.00000000     0.00000000     0.00000000     
168.99833208   -122.14016513  47.64146792    116.97500000   5.00000000     0.00000000     0.00000000     0.00000000     0.00000000     0.00000000     
169.09921659   -122.14016513  47.64146792    116.97500000   5.00000000     0.00000000     0.00000000     0.00000000     0.00000000     0.00000000     
169.19623498   -122.14016513  47.64146792    116.97500000   5.00000000     0.00000000     0.00000000     0.00000000     0.00000000     0.00000000     
169.29397984   -122.14016513  47.64146792    116.97500000   5.00000000     0.00000000     0.00000000     0.00000000     0.00000000     0.00000000     
169.39276099   -122.14016513  47.64146792    116.97500000   5.00000000     0.00000000     0.00000000     0.00000000     0.00000000     0.00000000     
169.49724445   -122.14016513  47.64146792    116.97500000   5.00000000     0.00000000     0.00000000     0.00000000     0.00000000     0.00000000     
169.59786382   -122.14016513  47.64146792    116.97500000   5.00000000     0.00000000     0.00000000     0.00000000     0.00000000     0.00000000     
169.68872023   -122.14016513  47.64146792    116.97500000   5.00000000     0.00000000     0.00000000     0.00000000     0.00000000     0.00000000     
169.80083802   -122.14016513  47.64146792    116.97500000   5.00000000     0.00000000     0.00000000     0.00000000     0.00000000     0.00000000     
169.91359647   -122.14016513  47.64146792    116.97500000   5.00000000     0.00000000     0.00000000     0.00000000     0.00000000     0.00000000     
170.01169573   -122.14016513  47.64146792    116.97500000   5.00000000     0.00000000     0.00000000     0.00000000     0.00000000     0.00000000     
170.10712516   -122.14016513  47.64146792    116.97500000   5.00000000     0.00000000     0.00000000     0.00000000     0.00000000     0.00000000     
170.19657169   -122.14016513  47.64146792    116.97500000   5.00000000     0.00000000     0.00000000     0.00000000     0.00000000     0.00000000     
170.29989353   -122.14016513  47.64146792    116.97500000   5.00000000     0.00000000     0.00000000     0.00000000     0.00000000     0.00000000     
170.41071843   -122.14016513  47.64146792    116.97500000   5.00000000     0.00000000     0.00000000     0.00000000     0.00000000     0.00000000     
170.49899228   -122.14016513  47.64146792    116.97500000   5.00000000     0.00000000     0.00000000     0.00000000     0.00000000     0.00000000     
170.60037828   -122.14016513  47.64146792    116.97500000   5.00000000     0.00000000     0.00000000     0.00000000     0.00000000     0.00000000     
170.70775932   -122.14016513  47.64146792    116.97500000   5.00000000     0.00000000     0.00000000     0.00000000     0.00000000     0.00000000     
170.79337157   -122.14016513  47.64146792    116.97500000   5.00000000     0.00000000     0.00000000     0.00000000     0.00000000     0.00000000     
170.90060300   -122.14016513  47.64146792    116.97500000   5.00000000     0.00000000     0.00000000     0.00000000     0.00000000     0.00000000     
170.99808153   -122.14016513  47.64146792    116.97500000   5.00000000     0.00000000     0.00000000     0.00000000     0.00000000     0.00000000     
171.10000008   -122.14016513  47.64146792    116.97500000   5.00000000     0.00000000     0.00000000     0.00000000     0.00000000     0.00000000     
171.19544822   -122.14016513  47.64146792    116.97500000   5.00000000     0.00000000     0.00000000     0.00000000     0.00000000     0.00000000     
171.30252404   -122.14016513  47.64146792    116.97500000   5.00000000     0.00000000     0.00000000     0.00000000     0.00000000     0.00000000     
171.39232956   -122.14016513  47.64146792    116.97500000   5.00000000     0.00000000     0.00000000     0.00000000     0.00000000     0.00000000     
171.49932749   -122.14016513  47.64146792    116.97500000   5.00000000     0.00000000     0.00000000     0.00000000     0.00000000     0.00000000     
171.60645120   -122.14016513  47.64146792    116.97500000   5.00000000     0.00000000     0.00000000     0.00000000     0.00000000     0.00000000     
171.71143588   -122.14016513  47.64146792    116.97500000   5.00000000     0.00000000     0.00000000     0.00000000     0.00000000     0.00000000     
171.79885336   -122.14016513  47.64146792    116.97500000   5.00000000     0.00000000     0.00000000     0.00000000     0.00000000     0.00000000     
171.89715007   -122.14016513  47.64146792    116.97500000   5.00000000     0.00000000     0.00000000     0.00000000     0.00000000     0.00000000     
171.99811162   -122.14016513  47.64146792    116.97500000   5.00000000     0.00000000     0.00000000     0.00000000     0.00000000     0.00000000     
172.09357652   -122.14016513  47.64146792    116.97500000   5.00000000     0.00000000     0.00000000     0.00000000     0.00000000     0.00000000     
172.20129880   -122.14016513  47.64146792    116.97500000   5.00000000     0.00000000     0.00000000     0.00000000     0.00000000     0.00000000     
172.29805753   -122.14016513  47.64146792    116.97500000   5.00000000     0.00000000     0.00000000     0.00000000     0.00000000     0.00000000     
172.38994053   -122.14016513  47.64146792    116.97500000   5.00000000     0.00000000     0.00000000     0.00000000     0.00000000     0.00000000     
172.49287756   -122.14016513  47.64146792    116.97500000   5.00000000     0.00000000     0.00000000     0.00000000     0.00000000     0.00000000     
172.60203605   -122.14016513  47.64146792    116.97500000   5.00000000     0.00000000     0.00000000     0.00000000     0.00000000     0.00000000     
172.70301889   -122.14016513  47.64146792    116.97500000   5.00000000     0.00000000     0.00000000     0.00000000     0.00000000     0.00000000     
172.79602534   -122.14016513  47.64146792    116.97500000   5.00000000     0.00000000     0.00000000     0.00000000     0.00000000     0.00000000     
172.89665940   -122.14016513  47.64146792    116.97500000   5.00000000     0.00000000     0.00000000     0.00000000     0.00000000     0.00000000     
173.00211959   -122.14016513  47.64146792    116.97500000   5.00000000     0.00000000     0.00000000     0.00000000     0.00000000     0.00000000     
173.10175041   -122.14016513  47.64146792    116.97500000   5.00000000     0.00000000     0.00000000     0.00000000     0.00000000     0.00000000     
173.20170438   -122.14016513  47.64146792    116.97500000   5.00000000     0.00000000     0.00000000     0.00000000     0.00000000     0.00000000     
173.30673043   -122.14016513  47.64146792    116.97500000   5.00000000     0.00000000     0.00000000     0.00000000     0.00000000     0.00000000     
173.38204809   -122.14016513  47.64146792    116.97500000   5.00000000     0.00000000     0.00000000     0.00000000     0.00000000     0.00000000     
173.50360155   -122.14016513  47.64146792    116.97500000   5.00000000     0.00000000     0.00000000     0.00000000     0.00000000     0.00000000     
173.60210696   -122.14016513  47.64146792    116.97500000   5.00000000     0.00000000     0.00000000     0.00000000     0.00000000     0.00000000     
173.70317903   -122.14016513  47.64146792    116.97500000   5.00000000     0.00000000     0.00000000     0.00000000     0.00000000     0.00000000     
173.80458013   -122.14016513  47.64146792    116.97500000   5.00000000     0.00000000     0.00000000     0.00000000     0.00000000     0.00000000     
173.90577533   -122.14016513  47.64146792    116.97500000   5.00000000     0.00000000     0.00000000     0.00000000     0.00000000     0.00000000     
174.00064374   -122.14016513  47.64146792    116.97500000   5.00000000     0.00000000     0.00000000     0.00000000     0.00000000     0.00000000     
174.10590936   -122.14016513  47.64146792    116.97500000   5.00000000     0.00000000     0.00000000     0.00000000     0.00000000     0.00000000     
174.19979752   -122.14016513  47.64146792    116.97500000   5.00000000     0.00000000     0.00000000     0.00000000     0.00000000     0.00000000     
174.29440138   -122.14016513  47.64146792    116.97500000   5.00000000     0.00000000     0.00000000     0.00000000     0.00000000     0.00000000     
174.40087617   -122.14016513  47.64146792    116.97500000   5.00000000     0.00000000     0.00000000     0.00000000     0.00000000     0.00000000     
174.49408309   -122.14016513  47.64146792    116.97500000   5.00000000     0.00000000     0.00000000     0.00000000     0.00000000     0.00000000     
174.60673257   -122.14016513  47.64146792    116.97500000   5.00000000     0.00000000     0.00000000     0.00000000     0.00000000     0.00000000     
174.70426584   -122.14016513  47.64146792    116.97500000   5.00000000     0.00000000     0.00000000     0.00000000     0.00000000     0.00000000     
174.79692482   -122.14016513  47.64146792    116.97500000   5.00000000     0.00000000     0.00000000     0.00000000     0.00000000     0.00000000     
174.89294667   -122.14016513  47.64146792    116.97500000   5.00000000     0.00000000     0.00000000     0.00000000     0.00000000     0.00000000     
175.00954025   -122.14016513  47.64146792    116.97500000   5.00000000     0.00000000     0.00000000     0.00000000     0.00000000     0.00000000     
175.10422743   -122.14016513  47.64146792    116.97500000   5.00000000     0.00000000     0.00000000     0.00000000     0.00000000     0.00000000     
175.20749967   -122.14016513  47.64146792    116.97500000   5.00000000     0.00000000     0.00000000     0.00000000     0.00000000     0.00000000     
175.29557105   -122.14016513  47.64146792    116.97500000   5.00000000     0.00000000     0.00000000     0.00000000     0.00000000     0.00000000     
175.39384948   -122.14016513  47.64146792    116.97500000   5.00000000     0.00000000     0.00000000     0.00000000     0.00000000     0.00000000     
175.49557452   -122.14016513  47.64146792    116.97500000   5.00000000     0.00000000     0.00000000     0.00000000     0.00000000     0.00000000     
175.60369509   -122.14016513  47.64146792    116.97500000   5.00000000     0.00000000     0.00000000     0.00000000     0.00000000     0.00000000     
175.70388814   -122.14016513  47.64146792    116.97500000   5.00000000     0.00000000     0.00000000     0.00000000     0.00000000     0.00000000     
175.79422129   -122.14016513  47.64146792    116.97500000   5.00000000     0.00000000     0.00000000     0.00000000     0.00000000     0.00000000     
175.89855194   -122.14016513  47.64146792    116.97500000   5.00000000     0.00000000     0.00000000     0.00000000     0.00000000     0.00000000     
176.00945616   -122.14016513  47.64146792    116.97500000   5.00000000     0.00000000     0.00000000     0.00000000     0.00000000     0.00000000     
176.09957299   -122.14016513  47.64146792    116.97500000   5.00000000     0.00000000     0.00000000     0.00000000     0.00000000     0.00000000     
176.19165570   -122.14016513  47.64146792    116.97500000   5.00000000     0.00000000     0.00000000     0.00000000     0.00000000     0.00000000     
176.29593212   -122.14016513  47.64146792    116.97500000   5.00000000     0.00000000     0.00000000     0.00000000     0.00000000     0.00000000     
176.39214096   -122.14016513  47.64146792    116.97500000   5.00000000     0.00000000     0.00000000     0.00000000     0.00000000     0.00000000     
176.49724730   -122.14016513  47.64146792    116.97500000   5.00000000     0.00000000     0.00000000     0.00000000     0.00000000     0.00000000     
176.59356820   -122.14016513  47.64146792    116.97500000   5.00000000     0.00000000     0.00000000     0.00000000     0.00000000     0.00000000     
176.71311132   -122.14016513  47.64146792    116.97500000   5.00000000     0.00000000     0.00000000     0.00000000     0.00000000     0.00000000     
176.80510938   -122.14016513  47.64146792    116.97500000   5.00000000     0.00000000     0.00000000     0.00000000     0.00000000     0.00000000     
176.90075357   -122.14016513  47.64146792    116.97500000   5.00000000     0.00000000     0.00000000     0.00000000     0.00000000     0.00000000     
177.00505857   -122.14016513  47.64146792    116.97500000   5.00000000     0.00000000     0.00000000     0.00000000     0.00000000     0.00000000     
177.09732902   -122.14016513  47.64146792    116.97500000   5.00000000     0.00000000     0.00000000     0.00000000     0.00000000     0.00000000     
177.19947514   -122.14016513  47.64146792    116.97500000   5.00000000     0.00000000     0.00000000     0.00000000     0.00000000     0.00000000     
177.30110511   -122.14016513  47.64146792    116.97500000   5.00000000     0.00000000     0.00000000     0.00000000     0.00000000     0.00000000     
177.40289035   -122.14016513  47.64146792    116.97500000   5.00000000     0.00000000     0.00000000     0.00000000     0.00000000     0.00000000     
177.50527991   -122.14016513  47.64146792    116.97500000   5.00000000     0.00000000     0.00000000     0.00000000     0.00000000     0.00000000     
177.60730712   -122.14016513  47.64146792    116.97500000   5.00000000     0.00000000     0.00000000     0.00000000     0.00000000     0.00000000     
177.70501866   -122.14016513  47.64146792    116.97500000   5.00000000     0.00000000     0.00000000     0.00000000     0.00000000     0.00000000     
177.80350164   -122.14016513  47.64146792    116.97500000   5.00000000     0.00000000     0.00000000     0.00000000     0.00000000     0.00000000     
177.88498661   -122.14016513  47.64146792    116.97500000   5.00000000     0.00000000     0.00000000     0.00000000     0.00000000     0.00000000     
177.99805048   -122.14016513  47.64146792    116.97500000   5.00000000     0.00000000     0.00000000     0.00000000     0.00000000     0.00000000     
178.10398212   -122.14016513  47.64146792    116.97500000   5.00000000     0.00000000     0.00000000     0.00000000     0.00000000     0.00000000     
178.20292827   -122.14016513  47.64146792    116.97500000   5.00000000     0.00000000     0.00000000     0.00000000     0.00000000     0.00000000     
178.30170006   -122.14016513  47.64146792    116.97500000   5.00000000     0.00000000     0.00000000     0.00000000     0.00000000     0.00000000     
178.39701013   -122.14016513  47.64146792    116.97500000   5.00000000     0.00000000     0.00000000     0.00000000     0.00000000     0.00000000     
178.50368720   -122.14016513  47.64146792    116.97500000   5.00000000     0.00000000     0.00000000     0.00000000     0.00000000     0.00000000     
178.59585668   -122.14016513  47.64146792    116.97500000   5.00000000     0.00000000     0.00000000     0.00000000     0.00000000     0.00000000     
178.70627407   -122.14016513  47.64146792    116.97500000   5.00000000     0.00000000     0.00000000     0.00000000     0.00000000     0.00000000     
178.79550486   -122.14016513  47.64146792    116.97500000   5.00000000     0.00000000     0.00000000     0.00000000     0.00000000     0.00000000     
178.90459904   -122.14016513  47.64146792    116.97500000   5.00000000     0.00000000     0.00000000     0.00000000     0.00000000     0.00000000     
178.99538457   -122.14016513  47.64146792    116.97500000   5.00000000     0.00000000     0.00000000     0.00000000     0.00000000     0.00000000     
179.10034104   -122.14016513  47.64146792    116.97500000   5.00000000     0.00000000     0.00000000     0.00000000     0.00000000     0.00000000     
179.19351184   -122.14016513  47.64146792    116.97500000   5.00000000     0.00000000     0.00000000     0.00000000     0.00000000     0.00000000     
179.30091523   -122.14016513  47.64146792    116.97500000   5.00000000     0.00000000     0.00000000     0.00000000     0.00000000     0.00000000     
179.40758986   -122.14016513  47.64146792    116.97500000   5.00000000     0.00000000     0.00000000     0.00000000     0.00000000     0.00000000     
179.49738146   -122.14016513  47.64146792    116.97500000   5.00000000     0.00000000     0.00000000     0.00000000     0.00000000     0.00000000     
179.60032156   -122.14016513  47.64146792    116.97500000   5.00000000     0.00000000     0.00000000     0.00000000     0.00000000     0.00000000     
179.70130495   -122.14016513  47.64146792    116.97500000   5.00000000     0.00000000     0.00000000     0.00000000     0.00000000     0.00000000     
179.79720968   -122.14016513  47.64146792    116.97500000   5.00000000     0.00000000     0.00000000     0.00000000     0.00000000     0.00000000     
179.90022442   -122.14016513  47.64146792    116.97500000   5.00000000     0.00000000     0.00000000     0.00000000     0.00000000     0.00000000     
180.00523866   -122.14016513  47.64146792    116.97500000   5.00000000     0.00000000     0.00000000     0.00000000     0.00000000     0.00000000     
180.09245622   -122.14016513  47.64146792    116.97500000   5.00000000     0.00000000     0.00000000     0.00000000     0.00000000     0.00000000     
180.20705400   -122.14016513  47.64146792    116.97500000   5.00000000     0.00000000     0.00000000     0.00000000     0.00000000     0.00000000     
180.30576975   -122.14016513  47.64146792    116.97500000   5.00000000     0.00000000     0.00000000     0.00000000     0.00000000     0.00000000     
180.40920669   -122.14016513  47.64146792    116.97500000   5.00000000     0.00000000     0.00000000     0.00000000     0.00000000     0.00000000     
180.51098073   -122.14016513  47.64146792    116.97500000   5.00000000     0.00000000     0.00000000     0.00000000     0.00000000     0.00000000     
180.59358578   -122.14016513  47.64146792    116.97500000   5.00000000     0.00000000     0.00000000     0.00000000     0.00000000     0.00000000     
180.69865019   -122.14016513  47.64146792    116.97500000   5.00000000     0.00000000     0.00000000     0.00000000     0.00000000     0.00000000     
180.80421939   -122.14016513  47.64146792    116.97500000   5.00000000     0.00000000     0.00000000     0.00000000     0.00000000     0.00000000     
180.90039519   -122.14016513  47.64146792    116.97500000   5.00000000     0.00000000     0.00000000     0.00000000     0.00000000     0.00000000     
180.99936836   -122.14016513  47.64146792    116.97500000   5.00000000     0.00000000     0.00000000     0.00000000     0.00000000     0.00000000     
181.10599113   -122.14016513  47.64146792    116.97500000   5.00000000     0.00000000     0.00000000     0.00000000     0.00000000     0.00000000     
181.19795406   -122.14016513  47.64146792    116.97500000   5.00000000     0.00000000     0.00000000     0.00000000     0.00000000     0.00000000     
181.29860921   -122.14016513  47.64146792    116.97500000   5.00000000     0.00000000     0.00000000     0.00000000     0.00000000     0.00000000     
181.39708419   -122.14016513  47.64146792    116.97500000   5.00000000     0.00000000     0.00000000     0.00000000     0.00000000     0.00000000     
181.49755444   -122.14016513  47.64146792    116.97500000   5.00000000     0.00000000     0.00000000     0.00000000     0.00000000     0.00000000     
181.60196527   -122.14016513  47.64146792    116.97500000   5.00000000     0.00000000     0.00000000     0.00000000     0.00000000     0.00000000     
181.70888646   -122.14016513  47.64146792    116.97500000   5.00000000     0.00000000     0.00000000     0.00000000     0.00000000     0.00000000     
181.80736510   -122.14016513  47.64146792    116.97500000   5.00000000     0.00000000     0.00000000     0.00000000     0.00000000     0.00000000     
181.89569165   -122.14016513  47.64146792    116.97500000   5.00000000     0.00000000     0.00000000     0.00000000     0.00000000     0.00000000     
182.00236424   -122.14016513  47.64146792    116.97500000   5.00000000     0.00000000     0.00000000     0.00000000     0.00000000     0.00000000     
182.09855213   -122.14016513  47.64146792    116.97500000   5.00000000     0.00000000     0.00000000     0.00000000     0.00000000     0.00000000     
182.20508599   -122.14016513  47.64146792    116.97500000   5.00000000     0.00000000     0.00000000     0.00000000     0.00000000     0.00000000     
182.29034931   -122.14016513  47.64146792    116.97500000   5.00000000     0.00000000     0.00000000     0.00000000     0.00000000     0.00000000     
182.40187764   -122.14016513  47.64146792    116.97500000   5.00000000     0.00000000     0.00000000     0.00000000     0.00000000     0.00000000     
182.50015017   -122.14016513  47.64146792    116.97500000   5.00000000     0.00000000     0.00000000     0.00000000     0.00000000     0.00000000     
182.61011432   -122.14016513  47.64146792    116.97500000   5.00000000     0.00000000     0.00000000     0.00000000     0.00000000     0.00000000     
182.69416250   -122.14016513  47.64146792    116.97500000   5.00000000     0.00000000     0.00000000     0.00000000     0.00000000     0.00000000     
182.80159402   -122.14016513  47.64146792    116.97500000   5.00000000     0.00000000     0.00000000     0.00000000     0.00000000     0.00000000     
182.90094782   -122.14016513  47.64146792    116.97500000   5.00000000     0.00000000     0.00000000     0.00000000     0.00000000     0.00000000     
182.99921446   -122.14016513  47.64146792    116.97500000   5.00000000     0.00000000     0.00000000     0.00000000     0.00000000     0.00000000     
183.10601679   -122.14016513  47.64146792    116.97500000   5.00000000     0.00000000     0.00000000     0.00000000     0.00000000     0.00000000     
183.19552689   -122.14016513  47.64146792    116.97500000   5.00000000     0.00000000     0.00000000     0.00000000     0.00000000     0.00000000     
183.29094453   -122.14016513  47.64146792    116.97500000   5.00000000     0.00000000     0.00000000     0.00000000     0.00000000     0.00000000     
183.41078794   -122.14016513  47.64146792    116.97500000   5.00000000     0.00000000     0.00000000     0.00000000     0.00000000     0.00000000     
183.50526387   -122.14016513  47.64146792    116.97500000   5.00000000     0.00000000     0.00000000     0.00000000     0.00000000     0.00000000     
183.59894630   -122.14016513  47.64146792    116.97500000   5.00000000     0.00000000     0.00000000     0.00000000     0.00000000     0.00000000     
183.70064904   -122.14016513  47.64146792    116.97500000   5.00000000     0.00000000     0.00000000     0.00000000     0.00000000     0.00000000     
183.80467234   -122.14016513  47.64146792    116.97500000   5.00000000     0.00000000     0.00000000     0.00000000     0.00000000     0.00000000     
183.89959767   -122.14016513  47.64146792    116.97500000   5.00000000     0.00000000     0.00000000     0.00000000     0.00000000     0.00000000     
183.98979797   -122.14016513  47.64146792    116.97500000   5.00000000     0.00000000     0.00000000     0.00000000     0.00000000     0.00000000     
184.10125082   -122.14016513  47.64146792    116.97500000   5.00000000     0.00000000     0.00000000     0.00000000     0.00000000     0.00000000     
184.20377235   -122.14016513  47.64146792    116.97500000   5.00000000     0.00000000     0.00000000     0.00000000     0.00000000     0.00000000     
184.30150548   -122.14016513  47.64146792    116.97500000   5.00000000     0.00000000     0.00000000     0.00000000     0.00000000     0.00000000     
184.40562368   -122.14016513  47.64146792    116.97500000   5.00000000     0.00000000     0.00000000     0.00000000     0.00000000     0.00000000     
184.49628588   -122.14016513  47.64146792    116.97500000   5.00000000     0.00000000     0.00000000     0.00000000     0.00000000     0.00000000     
184.59233627   -122.14016513  47.64146792    116.97500000   5.00000000     0.00000000     0.00000000     0.00000000     0.00000000     0.00000000     
184.70582459   -122.14016513  47.64146792    116.97500000   5.00000000     0.00000000     0.00000000     0.00000000     0.00000000     0.00000000     
184.79890706   -122.14016513  47.64146792    116.97500000   5.00000000     0.00000000     0.00000000     0.00000000     0.00000000     0.00000000     
184.89275465   -122.14016513  47.64146792    116.97500000   5.00000000     0.00000000     0.00000000     0.00000000     0.00000000     0.00000000     
184.99877317   -122.14016513  47.64146792    116.97500000   5.00000000     0.00000000     0.00000000     0.00000000     0.00000000     0.00000000     
185.09012041   -122.14016513  47.64146792    116.97500000   5.00000000     0.00000000     0.00000000     0.00000000     0.00000000     0.00000000     
185.20835926   -122.14016513  47.64146792    116.97500000   5.00000000     0.00000000     0.00000000     0.00000000     0.00000000     0.00000000     
185.30421226   -122.14016513  47.64146792    116.97500000   5.00000000     0.00000000     0.00000000     0.00000000     0.00000000     0.00000000     
185.39135693   -122.14016513  47.64146792    116.97500000   5.00000000     0.00000000     0.00000000     0.00000000     0.00000000     0.00000000     
185.49593866   -122.14016513  47.64146792    116.97500000   5.00000000     0.00000000     0.00000000     0.00000000     0.00000000     0.00000000     
185.59594360   -122.14016513  47.64146792    116.97500000   5.00000000     0.00000000     0.00000000     0.00000000     0.00000000     0.00000000     
185.69682698   -122.14016513  47.64146792    116.97500000   5.00000000     0.00000000     0.00000000     0.00000000     0.00000000     0.00000000     
185.79983232   -122.14016513  47.64146792    116.97500000   5.00000000     0.00000000     0.00000000     0.00000000     0.00000000     0.00000000     
185.89856555   -122.14016513  47.64146792    116.97500000   5.00000000     0.00000000     0.00000000     0.00000000     0.00000000     0.00000000     
186.00134736   -122.14016513  47.64146792    116.97500000   5.00000000     0.00000000     0.00000000     0.00000000     0.00000000     0.00000000     
186.10517504   -122.14016513  47.64146792    116.97500000   5.00000000     0.00000000     0.00000000     0.00000000     0.00000000     0.00000000     
186.20667624   -122.14016513  47.64146792    116.97500000   5.00000000     0.00000000     0.00000000     0.00000000     0.00000000     0.00000000     
186.30144080   -122.14016513  47.64146792    116.97500000   5.00000000     0.00000000     0.00000000     0.00000000     0.00000000     0.00000000     
186.40075807   -122.14016513  47.64146792    116.97500000   5.00000000     0.00000000     0.00000000     0.00000000     0.00000000     0.00000000     
186.50679387   -122.14016513  47.64146792    116.97500000   5.00000000     0.00000000     0.00000000     0.00000000     0.00000000     0.00000000     
186.60832134   -122.14016513  47.64146792    116.97500000   5.00000000     0.00000000     0.00000000     0.00000000     0.00000000     0.00000000     
186.70759910   -122.14016513  47.64146792    116.97500000   5.00000000     0.00000000     0.00000000     0.00000000     0.00000000     0.00000000     
186.81119596   -122.14016513  47.64146792    116.97500000   5.00000000     0.00000000     0.00000000     0.00000000     0.00000000     0.00000000     
186.90270132   -122.14016513  47.64146792    116.97500000   5.00000000     0.00000000     0.00000000     0.00000000     0.00000000     0.00000000     
186.99618964   -122.14016513  47.64146792    116.97500000   5.00000000     0.00000000     0.00000000     0.00000000     0.00000000     0.00000000     
187.09216619   -122.14016513  47.64146792    116.97500000   5.00000000     0.00000000     0.00000000     0.00000000     0.00000000     0.00000000     
187.21180832   -122.14016513  47.64146792    116.97500000   5.00000000     0.00000000     0.00000000     0.00000000     0.00000000     0.00000000     
187.29026006   -122.14016513  47.64146792    116.97500000   5.00000000     0.00000000     0.00000000     0.00000000     0.00000000     0.00000000     
187.39856746   -122.14016513  47.64146792    116.97500000   5.00000000     0.00000000     0.00000000     0.00000000     0.00000000     0.00000000     
187.49570976   -122.14016513  47.64146792    116.97500000   5.00000000     0.00000000     0.00000000     0.00000000     0.00000000     0.00000000     
187.59960388   -122.14016513  47.64146792    116.97500000   5.00000000     0.00000000     0.00000000     0.00000000     0.00000000     0.00000000     
187.69866240   -122.14016513  47.64146792    116.97500000   5.00000000     0.00000000     0.00000000     0.00000000     0.00000000     0.00000000     
187.79166775   -122.14016513  47.64146792    116.97500000   5.00000000     0.00000000     0.00000000     0.00000000     0.00000000     0.00000000     
187.88825484   -122.14016513  47.64146792    116.97500000   5.00000000     0.00000000     0.00000000     0.00000000     0.00000000     0.00000000     
187.99304752   -122.14016513  47.64146792    116.97500000   5.00000000     0.00000000     0.00000000     0.00000000     0.00000000     0.00000000     
188.09462633   -122.14016513  47.64146792    116.97500000   5.00000000     0.00000000     0.00000000     0.00000000     0.00000000     0.00000000     
188.19821488   -122.14016513  47.64146792    116.97500000   5.00000000     0.00000000     0.00000000     0.00000000     0.00000000     0.00000000     
188.30310529   -122.14016513  47.64146792    116.97500000   5.00000000     0.00000000     0.00000000     0.00000000     0.00000000     0.00000000     
188.39743477   -122.14016513  47.64146792    116.97500000   5.00000000     0.00000000     0.00000000     0.00000000     0.00000000     0.00000000     
188.49614194   -122.14016513  47.64146792    116.97500000   5.00000000     0.00000000     0.00000000     0.00000000     0.00000000     0.00000000     
188.60728498   -122.14016513  47.64146792    116.97500000   5.00000000     0.00000000     0.00000000     0.00000000     0.00000000     0.00000000     
188.70955256   -122.14016513  47.64146792    116.97500000   5.00000000     0.00000000     0.00000000     0.00000000     0.00000000     0.00000000     
188.80113232   -122.14016513  47.64146792    116.97500000   5.00000000     0.00000000     0.00000000     0.00000000     0.00000000     0.00000000     
188.89720088   -122.14016513  47.64146792    116.97500000   5.00000000     0.00000000     0.00000000     0.00000000     0.00000000     0.00000000     
188.99262920   -122.14016513  47.64146792    116.97500000   5.00000000     0.00000000     0.00000000     0.00000000     0.00000000     0.00000000     
189.10102661   -122.14016513  47.64146792    116.97500000   5.00000000     0.00000000     0.00000000     0.00000000     0.00000000     0.00000000     
189.19573977   -122.14016513  47.64146792    116.97500000   5.00000000     0.00000000     0.00000000     0.00000000     0.00000000     0.00000000     
189.29604517   -122.14016513  47.64146792    116.97500000   5.00000000     0.00000000     0.00000000     0.00000000     0.00000000     0.00000000     
189.39624002   -122.14016513  47.64146792    116.97500000   5.00000000     0.00000000     0.00000000     0.00000000     0.00000000     0.00000000     
189.49992519   -122.14016513  47.64146792    116.97500000   5.00000000     0.00000000     0.00000000     0.00000000     0.00000000     0.00000000     
189.60172034   -122.14016513  47.64146792    116.97500000   5.00000000     0.00000000     0.00000000     0.00000000     0.00000000     0.00000000     
189.69720620   -122.14016513  47.64146792    116.97500000   5.00000000     0.00000000     0.00000000     0.00000000     0.00000000     0.00000000     
189.80137752   -122.14016513  47.64146792    116.97500000   5.00000000     0.00000000     0.00000000     0.00000000     0.00000000     0.00000000     
189.90170468   -122.14016513  47.64146792    116.97500000   5.00000000     0.00000000     0.00000000     0.00000000     0.00000000     0.00000000     
190.00076589   -122.14016513  47.64146792    116.97500000   5.00000000     0.00000000     0.00000000     0.00000000     0.00000000     0.00000000     
190.10070065   -122.14016513  47.64146792    116.97500000   5.00000000     0.00000000     0.00000000     0.00000000     0.00000000     0.00000000     
190.19667433   -122.14016513  47.64146792    116.97500000   5.00000000     0.00000000     0.00000000     0.00000000     0.00000000     0.00000000     
190.30051028   -122.14016513  47.64146792    116.97500000   5.00000000     0.00000000     0.00000000     0.00000000     0.00000000     0.00000000     
190.39230375   -122.14016513  47.64146792    116.97500000   5.00000000     0.00000000     0.00000000     0.00000000     0.00000000     0.00000000     
190.49737008   -122.14016513  47.64146792    116.97500000   5.00000000     0.00000000     0.00000000     0.00000000     0.00000000     0.00000000     
190.60598872   -122.14016513  47.64146792    116.97500000   5.00000000     0.00000000     0.00000000     0.00000000     0.00000000     0.00000000     
190.70079479   -122.14016513  47.64146792    116.97500000   5.00000000     0.00000000     0.00000000     0.00000000     0.00000000     0.00000000     
190.80087734   -122.14016513  47.64146792    116.97500000   5.00000000     0.00000000     0.00000000     0.00000000     0.00000000     0.00000000     
190.90613336   -122.14016513  47.64146792    116.97500000   5.00000000     0.00000000     0.00000000     0.00000000     0.00000000     0.00000000     
190.99990454   -122.14016513  47.64146792    116.97500000   5.00000000     0.00000000     0.00000000     0.00000000     0.00000000     0.00000000     
191.09498054   -122.14016513  47.64146792    116.97500000   5.00000000     0.00000000     0.00000000     0.00000000     0.00000000     0.00000000     
191.20595367   -122.14016513  47.64146792    116.97500000   5.00000000     0.00000000     0.00000000     0.00000000     0.00000000     0.00000000     
191.29326693   -122.14016513  47.64146792    116.97500000   5.00000000     0.00000000     0.00000000     0.00000000     0.00000000     0.00000000     
191.40156890   -122.14016513  47.64146792    116.97500000   5.00000000     0.00000000     0.00000000     0.00000000     0.00000000     0.00000000     
191.48888401   -122.14016513  47.64146792    116.97500000   5.00000000     0.00000000     0.00000000     0.00000000     0.00000000     0.00000000     
191.60171123   -122.14016513  47.64146792    116.97500000   5.00000000     0.00000000     0.00000000     0.00000000     0.00000000     0.00000000     
191.69566760   -122.14016513  47.64146792    116.97500000   5.00000000     0.00000000     0.00000000     0.00000000     0.00000000     0.00000000     
191.80185863   -122.14016513  47.64146792    116.97500000   5.00000000     0.00000000     0.00000000     0.00000000     0.00000000     0.00000000     
191.89655080   -122.14016513  47.64146792    116.97500000   5.00000000     0.00000000     0.00000000     0.00000000     0.00000000     0.00000000     
192.00712594   -122.14016513  47.64146792    116.97500000   5.00000000     0.00000000     0.00000000     0.00000000     0.00000000     0.00000000     
192.10426121   -122.14016513  47.64146792    116.97500000   5.00000000     0.00000000     0.00000000     0.00000000     0.00000000     0.00000000     
192.19531149   -122.14016513  47.64146792    116.97500000   5.00000000     0.00000000     0.00000000     0.00000000     0.00000000     0.00000000     
192.30347604   -122.14016513  47.64146792    116.97500000   5.00000000     0.00000000     0.00000000     0.00000000     0.00000000     0.00000000     
192.40353553   -122.14016513  47.64146792    116.97500000   5.00000000     0.00000000     0.00000000     0.00000000     0.00000000     0.00000000     
192.50552916   -122.14016513  47.64146792    116.97500000   5.00000000     0.00000000     0.00000000     0.00000000     0.00000000     0.00000000     
192.60168056   -122.14016513  47.64146792    116.97500000   5.00000000     0.00000000     0.00000000     0.00000000     0.00000000     0.00000000     
192.69433908   -122.14016513  47.64146792    116.97500000   5.00000000     0.00000000     0.00000000     0.00000000     0.00000000     0.00000000     
192.80355029   -122.14016513  47.64146792    116.97500000   5.00000000     0.00000000     0.00000000     0.00000000     0.00000000     0.00000000     
192.90271444   -122.14016513  47.64146792    116.97500000   5.00000000     0.00000000     0.00000000     0.00000000     0.00000000     0.00000000     
193.01177296   -122.14016513  47.64146792    116.97500000   5.00000000     0.00000000     0.00000000     0.00000000     0.00000000     0.00000000     
193.10453677   -122.14016513  47.64146792    116.97500000   5.00000000     0.00000000     0.00000000     0.00000000     0.00000000     0.00000000     
193.20084867   -122.14016513  47.64146792    116.97500000   5.00000000     0.00000000     0.00000000     0.00000000     0.00000000     0.00000000     
193.30698964   -122.14016513  47.64146792    116.97500000   5.00000000     0.00000000     0.00000000     0.00000000     0.00000000     0.00000000     
193.40403491   -122.14016513  47.64146792    116.97500000   5.00000000     0.00000000     0.00000000     0.00000000     0.00000000     0.00000000     
193.49864993   -122.14016513  47.64146792    116.97500000   5.00000000     0.00000000     0.00000000     0.00000000     0.00000000     0.00000000     
193.60702914   -122.14016513  47.64146792    116.97500000   5.00000000     0.00000000     0.00000000     0.00000000     0.00000000     0.00000000     
193.69801732   -122.14016513  47.64146792    116.97500000   5.00000000     0.00000000     0.00000000     0.00000000     0.00000000     0.00000000     
193.79801542   -122.14016513  47.64146792    116.97500000   5.00000000     0.00000000     0.00000000     0.00000000     0.00000000     0.00000000     
193.90652972   -122.14016513  47.64146792    116.97500000   5.00000000     0.00000000     0.00000000     0.00000000     0.00000000     0.00000000     
194.00507575   -122.14016513  47.64146792    116.97500000   5.00000000     0.00000000     0.00000000     0.00000000     0.00000000     0.00000000     
194.10557478   -122.14016513  47.64146792    116.97500000   5.00000000     0.00000000     0.00000000     0.00000000     0.00000000     0.00000000     
194.20371701   -122.14016513  47.64146792    116.97500000   5.00000000     0.00000000     0.00000000     0.00000000     0.00000000     0.00000000     
194.29625120   -122.14016513  47.64146792    116.97500000   5.00000000     0.00000000     0.00000000     0.00000000     0.00000000     0.00000000     
194.40266715   -122.14016513  47.64146792    116.97500000   5.00000000     0.00000000     0.00000000     0.00000000     0.00000000     0.00000000     
194.50475576   -122.14016513  47.64146792    116.97500000   5.00000000     0.00000000     0.00000000     0.00000000     0.00000000     0.00000000     
194.59647951   -122.14016513  47.64146792    116.97500000   5.00000000     0.00000000     0.00000000     0.00000000     0.00000000     0.00000000     
194.70542271   -122.14016513  47.64146792    116.97500000   5.00000000     0.00000000     0.00000000     0.00000000     0.00000000     0.00000000     
194.79279058   -122.14016513  47.64146792    116.97500000   5.00000000     0.00000000     0.00000000     0.00000000     0.00000000     0.00000000     
194.88639381   -122.14016513  47.64146792    116.97500000   5.00000000     0.00000000     0.00000000     0.00000000     0.00000000     0.00000000     
194.98674447   -122.14016513  47.64146792    116.97500000   5.00000000     0.00000000     0.00000000     0.00000000     0.00000000     0.00000000     
195.10720567   -122.14016513  47.64146792    116.97500000   5.00000000     0.00000000     0.00000000     0.00000000     0.00000000     0.00000000     
195.20353190   -122.14016513  47.64146792    116.97500000   5.00000000     0.00000000     0.00000000     0.00000000     0.00000000     0.00000000     
195.30802819   -122.14016513  47.64146792    116.97500000   5.00000000     0.00000000     0.00000000     0.00000000     0.00000000     0.00000000     
195.39890582   -122.14016513  47.64146792    116.97500000   5.00000000     0.00000000     0.00000000     0.00000000     0.00000000     0.00000000     
195.51346301   -122.14016513  47.64146792    116.97500000   5.00000000     0.00000000     0.00000000     0.00000000     0.00000000     0.00000000     
195.60028611   -122.14016513  47.64146792    116.97500000   5.00000000     0.00000000     0.00000000     0.00000000     0.00000000     0.00000000     
195.69450540   -122.14016513  47.64146792    116.97500000   5.00000000     0.00000000     0.00000000     0.00000000     0.00000000     0.00000000     
195.80769885   -122.14016513  47.64146792    116.97500000   5.00000000     0.00000000     0.00000000     0.00000000     0.00000000     0.00000000     
195.89429067   -122.14016513  47.64146792    116.97500000   5.00000000     0.00000000     0.00000000     0.00000000     0.00000000     0.00000000     
196.00342600   -122.14016513  47.64146792    116.97500000   5.00000000     0.00000000     0.00000000     0.00000000     0.00000000     0.00000000     
196.10040854   -122.14016513  47.64146792    116.97500000   5.00000000     0.00000000     0.00000000     0.00000000     0.00000000     0.00000000     
196.20530462   -122.14016513  47.64146792    116.97500000   5.00000000     0.00000000     0.00000000     0.00000000     0.00000000     0.00000000     
196.29284386   -122.14016513  47.64146792    116.97500000   5.00000000     0.00000000     0.00000000     0.00000000     0.00000000     0.00000000     
196.39932141   -122.14016513  47.64146792    116.97500000   5.00000000     0.00000000     0.00000000     0.00000000     0.00000000     0.00000000     
196.50286186   -122.14016513  47.64146792    116.97500000   5.00000000     0.00000000     0.00000000     0.00000000     0.00000000     0.00000000     
196.59516278   -122.14016513  47.64146792    116.97500000   5.00000000     0.00000000     0.00000000     0.00000000     0.00000000     0.00000000     
196.69231197   -122.14016513  47.64146792    116.97500000   5.00000000     0.00000000     0.00000000     0.00000000     0.00000000     0.00000000     
196.80053516   -122.14016513  47.64146792    116.97500000   5.00000000     0.00000000     0.00000000     0.00000000     0.00000000     0.00000000     
196.88685491   -122.14016513  47.64146792    116.97500000   5.00000000     0.00000000     0.00000000     0.00000000     0.00000000     0.00000000     
196.99539803   -122.14016513  47.64146792    116.97500000   5.00000000     0.00000000     0.00000000     0.00000000     0.00000000     0.00000000     
197.09709771   -122.14016513  47.64146792    116.97500000   5.00000000     0.00000000     0.00000000     0.00000000     0.00000000     0.00000000     
197.20738344   -122.14016513  47.64146792    116.97500000   5.00000000     0.00000000     0.00000000     0.00000000     0.00000000     0.00000000     
197.29792098   -122.14016513  47.64146792    116.97500000   5.00000000     0.00000000     0.00000000     0.00000000     0.00000000     0.00000000     
197.39977286   -122.14016513  47.64146792    116.97500000   5.00000000     0.00000000     0.00000000     0.00000000     0.00000000     0.00000000     
197.50535628   -122.14016513  47.64146792    116.97500000   5.00000000     0.00000000     0.00000000     0.00000000     0.00000000     0.00000000     
197.60345982   -122.14016513  47.64146792    116.97500000   5.00000000     0.00000000     0.00000000     0.00000000     0.00000000     0.00000000     
197.70081254   -122.14016513  47.64146792    116.97500000   5.00000000     0.00000000     0.00000000     0.00000000     0.00000000     0.00000000     
197.81019909   -122.14016513  47.64146792    116.97500000   5.00000000     0.00000000     0.00000000     0.00000000     0.00000000     0.00000000     
197.89932539   -122.14016513  47.64146792    116.97500000   5.00000000     0.00000000     0.00000000     0.00000000     0.00000000     0.00000000     
198.00399463   -122.14016513  47.64146792    116.97500000   5.00000000     0.00000000     0.00000000     0.00000000     0.00000000     0.00000000     
198.10197228   -122.14016513  47.64146792    116.97500000   5.00000000     0.00000000     0.00000000     0.00000000     0.00000000     0.00000000     
198.19536321   -122.14016513  47.64146792    116.97500000   5.00000000     0.00000000     0.00000000     0.00000000     0.00000000     0.00000000     
198.29792736   -122.14016513  47.64146792    116.97500000   5.00000000     0.00000000     0.00000000     0.00000000     0.00000000     0.00000000     
198.39673342   -122.14016513  47.64146792    116.97500000   5.00000000     0.00000000     0.00000000     0.00000000     0.00000000     0.00000000     
198.50554587   -122.14016513  47.64146792    116.97500000   5.00000000     0.00000000     0.00000000     0.00000000     0.00000000     0.00000000     
198.59005358   -122.14016513  47.64146792    116.97500000   5.00000000     0.00000000     0.00000000     0.00000000     0.00000000     0.00000000     
198.70750122   -122.14016513  47.64146792    116.97500000   5.00000000     0.00000000     0.00000000     0.00000000     0.00000000     0.00000000     
198.79185346   -122.14016513  47.64146792    116.97500000   5.00000000     0.00000000     0.00000000     0.00000000     0.00000000     0.00000000     
198.90675512   -122.14016513  47.64146792    116.97500000   5.00000000     0.00000000     0.00000000     0.00000000     0.00000000     0.00000000     
198.99957577   -122.14016513  47.64146792    116.97500000   5.00000000     0.00000000     0.00000000     0.00000000     0.00000000     0.00000000     
199.09632804   -122.14016513  47.64146792    116.97500000   5.00000000     0.00000000     0.00000000     0.00000000     0.00000000     0.00000000     
199.20438048   -122.14016513  47.64146792    116.97500000   5.00000000     0.00000000     0.00000000     0.00000000     0.00000000     0.00000000     
199.30062770   -122.14016513  47.64146792    116.97500000   5.00000000     0.00000000     0.00000000     0.00000000     0.00000000     0.00000000     
199.39674388   -122.14016513  47.64146792    116.97500000   5.00000000     0.00000000     0.00000000     0.00000000     0.00000000     0.00000000     
199.50726969   -122.14016513  47.64146792    116.97500000   5.00000000     0.00000000     0.00000000     0.00000000     0.00000000     0.00000000     
199.59389372   -122.14016513  47.64146792    116.97500000   5.00000000     0.00000000     0.00000000     0.00000000     0.00000000     0.00000000     
199.69893063   -122.14016513  47.64146792    116.97500000   5.00000000     0.00000000     0.00000000     0.00000000     0.00000000     0.00000000     
199.80738988   -122.14016513  47.64146792    116.97500000   5.00000000     0.00000000     0.00000000     0.00000000     0.00000000     0.00000000     
199.89381742   -122.14016513  47.64146792    116.97500000   5.00000000     0.00000000     0.00000000     0.00000000     0.00000000     0.00000000     
200.01141718   -122.14016513  47.64146792    116.97500000   5.00000000     0.00000000     0.00000000     0.00000000     0.00000000     0.00000000     
200.09417743   -122.14016513  47.64146792    116.97500000   5.00000000     0.00000000     0.00000000     0.00000000     0.00000000     0.00000000     
200.20443228   -122.14016513  47.64146792    116.97500000   5.00000000     0.00000000     0.00000000     0.00000000     0.00000000     0.00000000     
200.31861008   -122.14016513  47.64146792    116.97500000   5.00000000     0.00000000     0.00000000     0.00000000     0.00000000     0.00000000     
200.40614282   -122.14016513  47.64146792    116.97500000   5.00000000     0.00000000     0.00000000     0.00000000     0.00000000     0.00000000     
200.50026548   -122.14016513  47.64146792    116.97500000   5.00000000     0.00000000     0.00000000     0.00000000     0.00000000     0.00000000     
200.58742879   -122.14016513  47.64146792    116.97500000   5.00000000     0.00000000     0.00000000     0.00000000     0.00000000     0.00000000     
200.69588135   -122.14016513  47.64146792    116.97500000   5.00000000     0.00000000     0.00000000     0.00000000     0.00000000     0.00000000     
200.80866054   -122.14016513  47.64146792    116.97500000   5.00000000     0.00000000     0.00000000     0.00000000     0.00000000     0.00000000     
200.90294205   -122.14016513  47.64146792    116.97500000   5.00000000     0.00000000     0.00000000     0.00000000     0.00000000     0.00000000     
201.00049789   -122.14016513  47.64146792    116.97500000   5.00000000     0.00000000     0.00000000     0.00000000     0.00000000     0.00000000     
201.09664881   -122.14016513  47.64146792    116.97500000   5.00000000     0.00000000     0.00000000     0.00000000     0.00000000     0.00000000     
201.20390926   -122.14016513  47.64146792    116.97500000   5.00000000     0.00000000     0.00000000     0.00000000     0.00000000     0.00000000     
201.29462218   -122.14016513  47.64146792    116.97500000   5.00000000     0.00000000     0.00000000     0.00000000     0.00000000     0.00000000     
201.40102719   -122.14016513  47.64146792    116.97500000   5.00000000     0.00000000     0.00000000     0.00000000     0.00000000     0.00000000     
201.50115229   -122.14016513  47.64146792    116.97500000   5.00000000     0.00000000     0.00000000     0.00000000     0.00000000     0.00000000     
201.60444165   -122.14016513  47.64146792    116.97500000   5.00000000     0.00000000     0.00000000     0.00000000     0.00000000     0.00000000     
201.69594655   -122.14016513  47.64146792    116.97500000   5.00000000     0.00000000     0.00000000     0.00000000     0.00000000     0.00000000     
201.81208282   -122.14016513  47.64146792    116.97500000   5.00000000     0.00000000     0.00000000     0.00000000     0.00000000     0.00000000     
201.90127369   -122.14016513  47.64146792    116.97500000   5.00000000     0.00000000     0.00000000     0.00000000     0.00000000     0.00000000     
202.00141979   -122.14016513  47.64146792    116.97500000   5.00000000     0.00000000     0.00000000     0.00000000     0.00000000     0.00000000     
202.10324764   -122.14016513  47.64146792    116.97500000   5.00000000     0.00000000     0.00000000     0.00000000     0.00000000     0.00000000     
202.20172958   -122.14016513  47.64146792    116.97500000   5.00000000     0.00000000     0.00000000     0.00000000     0.00000000     0.00000000     
202.29430217   -122.14016513  47.64146792    116.97500000   5.00000000     0.00000000     0.00000000     0.00000000     0.00000000     0.00000000     
202.40382307   -122.14016513  47.64146792    116.97500000   5.00000000     0.00000000     0.00000000     0.00000000     0.00000000     0.00000000     
202.50890470   -122.14016513  47.64146792    116.97500000   5.00000000     0.00000000     0.00000000     0.00000000     0.00000000     0.00000000     
202.60392476   -122.14016513  47.64146792    116.97500000   5.00000000     0.00000000     0.00000000     0.00000000     0.00000000     0.00000000     
202.69615941   -122.14016513  47.64146792    116.97500000   5.00000000     0.00000000     0.00000000     0.00000000     0.00000000     0.00000000     
202.81941184   -122.14016513  47.64146792    116.97500000   5.00000000     0.00000000     0.00000000     0.00000000     0.00000000     0.00000000     
202.90175782   -122.14016513  47.64146792    116.97500000   5.00000000     0.00000000     0.00000000     0.00000000     0.00000000     0.00000000     
203.00979144   -122.14016513  47.64146792    116.97500000   5.00000000     0.00000000     0.00000000     0.00000000     0.00000000     0.00000000     
203.10701222   -122.14016513  47.64146792    116.97500000   5.00000000     0.00000000     0.00000000     0.00000000     0.00000000     0.00000000     
203.20022104   -122.14016513  47.64146792    116.97500000   5.00000000     0.00000000     0.00000000     0.00000000     0.00000000     0.00000000     
203.28960730   -122.14016513  47.64146792    116.97500000   5.00000000     0.00000000     0.00000000     0.00000000     0.00000000     0.00000000     
203.38957871   -122.14016513  47.64146792    116.97500000   5.00000000     0.00000000     0.00000000     0.00000000     0.00000000     0.00000000     
203.50171002   -122.14016513  47.64146792    116.97500000   5.00000000     0.00000000     0.00000000     0.00000000     0.00000000     0.00000000     
203.61429175   -122.14016513  47.64146792    116.97500000   5.00000000     0.00000000     0.00000000     0.00000000     0.00000000     0.00000000     
203.71109533   -122.14016513  47.64146792    116.97500000   5.00000000     0.00000000     0.00000000     0.00000000     0.00000000     0.00000000     
203.80184827   -122.14016513  47.64146792    116.97500000   5.00000000     0.00000000     0.00000000     0.00000000     0.00000000     0.00000000     
203.90105175   -122.14016513  47.64146792    116.97500000   5.00000000     0.00000000     0.00000000     0.00000000     0.00000000     0.00000000     
204.01451863   -122.14016513  47.64146792    116.97500000   5.00000000     0.00000000     0.00000000     0.00000000     0.00000000     0.00000000     
204.10143474   -122.14016513  47.64146792    116.97500000   5.00000000     0.00000000     0.00000000     0.00000000     0.00000000     0.00000000     
204.20497530   -122.14016513  47.64146792    116.97500000   5.00000000     0.00000000     0.00000000     0.00000000     0.00000000     0.00000000     
204.30756363   -122.14016513  47.64146792    116.97500000   5.00000000     0.00000000     0.00000000     0.00000000     0.00000000     0.00000000     
204.39305423   -122.14016513  47.64146792    116.97500000   5.00000000     0.00000000     0.00000000     0.00000000     0.00000000     0.00000000     
204.50447719   -122.14016513  47.64146792    116.97500000   5.00000000     0.00000000     0.00000000     0.00000000     0.00000000     0.00000000     
204.59890542   -122.14016513  47.64146792    116.97500000   5.00000000     0.00000000     0.00000000     0.00000000     0.00000000     0.00000000     
204.69500022   -122.14016513  47.64146792    116.97500000   5.00000000     0.00000000     0.00000000     0.00000000     0.00000000     0.00000000     
204.81016573   -122.14016513  47.64146792    116.97500000   5.00000000     0.00000000     0.00000000     0.00000000     0.00000000     0.00000000     
204.90468979   -122.14016513  47.64146792    116.97500000   5.00000000     0.00000000     0.00000000     0.00000000     0.00000000     0.00000000     
204.99783994   -122.14016513  47.64146792    116.97500000   5.00000000     0.00000000     0.00000000     0.00000000     0.00000000     0.00000000     
205.10006241   -122.14016513  47.64146792    116.97500000   5.00000000     0.00000000     0.00000000     0.00000000     0.00000000     0.00000000     
205.20313738   -122.14016513  47.64146792    116.97500000   5.00000000     0.00000000     0.00000000     0.00000000     0.00000000     0.00000000     
205.30074698   -122.14016513  47.64146792    116.97500000   5.00000000     0.00000000     0.00000000     0.00000000     0.00000000     0.00000000     
205.40341536   -122.14016513  47.64146792    116.97500000   5.00000000     0.00000000     0.00000000     0.00000000     0.00000000     0.00000000     
205.50362252   -122.14016513  47.64146792    116.97500000   5.00000000     0.00000000     0.00000000     0.00000000     0.00000000     0.00000000     
205.60183612   -122.14016513  47.64146792    116.97500000   5.00000000     0.00000000     0.00000000     0.00000000     0.00000000     0.00000000     
205.69837846   -122.14016513  47.64146792    116.97500000   5.00000000     0.00000000     0.00000000     0.00000000     0.00000000     0.00000000     
205.80354777   -122.14016513  47.64146792    116.97500000   5.00000000     0.00000000     0.00000000     0.00000000     0.00000000     0.00000000     
205.89293141   -122.14016513  47.64146792    116.97500000   5.00000000     0.00000000     0.00000000     0.00000000     0.00000000     0.00000000     
206.00204731   -122.14016513  47.64146792    116.97500000   5.00000000     0.00000000     0.00000000     0.00000000     0.00000000     0.00000000     
206.10117625   -122.14016513  47.64146792    116.97500000   5.00000000     0.00000000     0.00000000     0.00000000     0.00000000     0.00000000     
206.19861010   -122.14016513  47.64146792    116.97500000   5.00000000     0.00000000     0.00000000     0.00000000     0.00000000     0.00000000     
206.31557690   -122.14016513  47.64146792    116.97500000   5.00000000     0.00000000     0.00000000     0.00000000     0.00000000     0.00000000     
206.39652459   -122.14016513  47.64146792    116.97500000   5.00000000     0.00000000     0.00000000     0.00000000     0.00000000     0.00000000     
206.49882754   -122.14016513  47.64146792    116.97500000   5.00000000     0.00000000     0.00000000     0.00000000     0.00000000     0.00000000     
206.59642857   -122.14016513  47.64146792    116.97500000   5.00000000     0.00000000     0.00000000     0.00000000     0.00000000     0.00000000     
206.70120161   -122.14016513  47.64146792    116.97500000   5.00000000     0.00000000     0.00000000     0.00000000     0.00000000     0.00000000     
206.79699251   -122.14016513  47.64146792    116.97500000   5.00000000     0.00000000     0.00000000     0.00000000     0.00000000     0.00000000     
206.90900301   -122.14016513  47.64146792    116.97500000   5.00000000     0.00000000     0.00000000     0.00000000     0.00000000     0.00000000     
207.00391612   -122.14016513  47.64146792    116.97500000   5.00000000     0.00000000     0.00000000     0.00000000     0.00000000     0.00000000     
207.09972279   -122.14016513  47.64146792    116.97500000   5.00000000     0.00000000     0.00000000     0.00000000     0.00000000     0.00000000     
207.19589440   -122.14016513  47.64146792    116.97500000   5.00000000     0.00000000     0.00000000     0.00000000     0.00000000     0.00000000     
207.30073021   -122.14016513  47.64146792    116.97500000   5.00000000     0.00000000     0.00000000     0.00000000     0.00000000     0.00000000     
207.40324488   -122.14016513  47.64146792    116.97500000   5.00000000     0.00000000     0.00000000     0.00000000     0.00000000     0.00000000     
207.50851609   -122.14016513  47.64146792    116.97500000   5.00000000     0.00000000     0.00000000     0.00000000     0.00000000     0.00000000     
207.60654770   -122.14016513  47.64146792    116.97500000   5.00000000     0.00000000     0.00000000     0.00000000     0.00000000     0.00000000     
207.70400257   -122.14016513  47.64146792    116.97500000   5.00000000     0.00000000     0.00000000     0.00000000     0.00000000     0.00000000     
207.79554636   -122.14016513  47.64146792    116.97500000   5.00000000     0.00000000     0.00000000     0.00000000     0.00000000     0.00000000     
207.90764403   -122.14016513  47.64146792    116.97500000   5.00000000     0.00000000     0.00000000     0.00000000     0.00000000     0.00000000     
207.99397399   -122.14016513  47.64146792    116.97500000   5.00000000     0.00000000     0.00000000     0.00000000     0.00000000     0.00000000     
208.10125432   -122.14016513  47.64146792    116.97500000   5.00000000     0.00000000     0.00000000     0.00000000     0.00000000     0.00000000     
208.20230806   -122.14016513  47.64146792    116.97500000   5.00000000     0.00000000     0.00000000     0.00000000     0.00000000     0.00000000     
208.29847836   -122.14016513  47.64146792    116.97500000   5.00000000     0.00000000     0.00000000     0.00000000     0.00000000     0.00000000     
208.38969191   -122.14016513  47.64146792    116.97500000   5.00000000     0.00000000     0.00000000     0.00000000     0.00000000     0.00000000     
208.48962788   -122.14016513  47.64146792    116.97500000   5.00000000     0.00000000     0.00000000     0.00000000     0.00000000     0.00000000     
208.61041642   -122.14016513  47.64146792    116.97500000   5.00000000     0.00000000     0.00000000     0.00000000     0.00000000     0.00000000     
208.70234626   -122.14016513  47.64146792    116.97500000   5.00000000     0.00000000     0.00000000     0.00000000     0.00000000     0.00000000     
208.81176682   -122.14016513  47.64146792    116.97500000   5.00000000     0.00000000     0.00000000     0.00000000     0.00000000     0.00000000     
208.89900503   -122.14016513  47.64146792    116.97500000   5.00000000     0.00000000     0.00000000     0.00000000     0.00000000     0.00000000     
208.99546742   -122.14016513  47.64146792    116.97500000   5.00000000     0.00000000     0.00000000     0.00000000     0.00000000     0.00000000     
209.10048598   -122.14016513  47.64146792    116.97500000   5.00000000     0.00000000     0.00000000     0.00000000     0.00000000     0.00000000     
209.19893570   -122.14016513  47.64146792    116.97500000   5.00000000     0.00000000     0.00000000     0.00000000     0.00000000     0.00000000     
209.30361220   -122.14016513  47.64146792    116.97500000   5.00000000     0.00000000     0.00000000     0.00000000     0.00000000     0.00000000     
209.39372387   -122.14016513  47.64146792    116.97500000   5.00000000     0.00000000     0.00000000     0.00000000     0.00000000     0.00000000     
209.49582328   -122.14016513  47.64146792    116.97500000   5.00000000     0.00000000     0.00000000     0.00000000     0.00000000     0.00000000     
209.59736144   -122.14016513  47.64146792    116.97500000   5.00000000     0.00000000     0.00000000     0.00000000     0.00000000     0.00000000     
209.69687996   -122.14016513  47.64146792    116.97500000   5.00000000     0.00000000     0.00000000     0.00000000     0.00000000     0.00000000     
209.79577721   -122.14016513  47.64146792    116.97500000   5.00000000     0.00000000     0.00000000     0.00000000     0.00000000     0.00000000     
209.90036941   -122.14016513  47.64146792    116.97500000   5.00000000     0.00000000     0.00000000     0.00000000     0.00000000     0.00000000     
209.99096533   -122.14016513  47.64146792    116.97500000   5.00000000     0.00000000     0.00000000     0.00000000     0.00000000     0.00000000     
210.09173841   -122.14016513  47.64146792    116.97500000   5.00000000     0.00000000     0.00000000     0.00000000     0.00000000     0.00000000     
210.20554017   -122.14016513  47.64146792    116.97500000   5.00000000     0.00000000     0.00000000     0.00000000     0.00000000     0.00000000     
210.30160974   -122.14016513  47.64146792    116.97500000   5.00000000     0.00000000     0.00000000     0.00000000     0.00000000     0.00000000     
210.39284973   -122.14016513  47.64146792    116.97500000   5.00000000     0.00000000     0.00000000     0.00000000     0.00000000     0.00000000     
210.50879445   -122.14016513  47.64146792    116.97500000   5.00000000     0.00000000     0.00000000     0.00000000     0.00000000     0.00000000     
210.59676612   -122.14016513  47.64146792    116.97500000   5.00000000     0.00000000     0.00000000     0.00000000     0.00000000     0.00000000     
210.70551716   -122.14016513  47.64146792    116.97500000   5.00000000     0.00000000     0.00000000     0.00000000     0.00000000     0.00000000     
210.79575840   -122.14016513  47.64146792    116.97500000   5.00000000     0.00000000     0.00000000     0.00000000     0.00000000     0.00000000     
210.90336710   -122.14016513  47.64146792    116.97500000   5.00000000     0.00000000     0.00000000     0.00000000     0.00000000     0.00000000     
210.99519405   -122.14016513  47.64146792    116.97500000   5.00000000     0.00000000     0.00000000     0.00000000     0.00000000     0.00000000     
211.11192381   -122.14016513  47.64146792    116.97500000   5.00000000     0.00000000     0.00000000     0.00000000     0.00000000     0.00000000     
211.19645283   -122.14016513  47.64146792    116.97500000   5.00000000     0.00000000     0.00000000     0.00000000     0.00000000     0.00000000     
211.29136747   -122.14016513  47.64146792    116.97500000   5.00000000     0.00000000     0.00000000     0.00000000     0.00000000     0.00000000     
211.39074503   -122.14016513  47.64146792    116.97500000   5.00000000     0.00000000     0.00000000     0.00000000     0.00000000     0.00000000     
211.50132173   -122.14016513  47.64146792    116.97500000   5.00000000     0.00000000     0.00000000     0.00000000     0.00000000     0.00000000     
211.59894659   -122.14016513  47.64146792    116.97500000   5.00000000     0.00000000     0.00000000     0.00000000     0.00000000     0.00000000     
211.70297604   -122.14016513  47.64146792    116.97500000   5.00000000     0.00000000     0.00000000     0.00000000     0.00000000     0.00000000     
211.79891818   -122.14016513  47.64146792    116.97500000   5.00000000     0.00000000     0.00000000     0.00000000     0.00000000     0.00000000     
211.90161573   -122.14016513  47.64146792    116.97500000   5.00000000     0.00000000     0.00000000     0.00000000     0.00000000     0.00000000     
211.99709668   -122.14016513  47.64146792    116.97500000   5.00000000     0.00000000     0.00000000     0.00000000     0.00000000     0.00000000     
212.09876170   -122.14016513  47.64146792    116.97500000   5.00000000     0.00000000     0.00000000     0.00000000     0.00000000     0.00000000     
212.20361819   -122.14016513  47.64146792    116.97500000   5.00000000     0.00000000     0.00000000     0.00000000     0.00000000     0.00000000     
212.30334975   -122.14016513  47.64146792    116.97500000   5.00000000     0.00000000     0.00000000     0.00000000     0.00000000     0.00000000     
212.40380466   -122.14016513  47.64146792    116.97500000   5.00000000     0.00000000     0.00000000     0.00000000     0.00000000     0.00000000     
212.49354613   -122.14016513  47.64146792    116.97500000   5.00000000     0.00000000     0.00000000     0.00000000     0.00000000     0.00000000     
212.60610715   -122.14016513  47.64146792    116.97500000   5.00000000     0.00000000     0.00000000     0.00000000     0.00000000     0.00000000     
212.71257249   -122.14016513  47.64146792    116.97500000   5.00000000     0.00000000     0.00000000     0.00000000     0.00000000     0.00000000     
212.79348312   -122.14016513  47.64146792    116.97500000   5.00000000     0.00000000     0.00000000     0.00000000     0.00000000     0.00000000     
212.89980677   -122.14016513  47.64146792    116.97500000   5.00000000     0.00000000     0.00000000     0.00000000     0.00000000     0.00000000     
213.00045820   -122.14016513  47.64146792    116.97500000   5.00000000     0.00000000     0.00000000     0.00000000     0.00000000     0.00000000     
213.11239685   -122.14016513  47.64146792    116.97500000   5.00000000     0.00000000     0.00000000     0.00000000     0.00000000     0.00000000     
213.20490315   -122.14016513  47.64146792    116.97500000   5.00000000     0.00000000     0.00000000     0.00000000     0.00000000     0.00000000     
213.29726138   -122.14016513  47.64146792    116.97500000   5.00000000     0.00000000     0.00000000     0.00000000     0.00000000     0.00000000     
213.41164664   -122.14016513  47.64146792    116.97500000   5.00000000     0.00000000     0.00000000     0.00000000     0.00000000     0.00000000     
213.50922032   -122.14016513  47.64146792    116.97500000   5.00000000     0.00000000     0.00000000     0.00000000     0.00000000     0.00000000     
213.60606343   -122.14016513  47.64146792    116.97500000   5.00000000     0.00000000     0.00000000     0.00000000     0.00000000     0.00000000     
213.70158537   -122.14016513  47.64146792    116.97500000   5.00000000     0.00000000     0.00000000     0.00000000     0.00000000     0.00000000     
213.80576318   -122.14016513  47.64146792    116.97500000   5.00000000     0.00000000     0.00000000     0.00000000     0.00000000     0.00000000     
213.89126346   -122.14016513  47.64146792    116.97500000   5.00000000     0.00000000     0.00000000     0.00000000     0.00000000     0.00000000     
214.00675052   -122.14016513  47.64146792    116.97500000   5.00000000     0.00000000     0.00000000     0.00000000     0.00000000     0.00000000     
214.10008881   -122.14016513  47.64146792    116.97500000   5.00000000     0.00000000     0.00000000     0.00000000     0.00000000     0.00000000     
214.19741512   -122.14016513  47.64146792    116.97500000   5.00000000     0.00000000     0.00000000     0.00000000     0.00000000     0.00000000     
214.30613727   -122.14016513  47.64146792    116.97500000   5.00000000     0.00000000     0.00000000     0.00000000     0.00000000     0.00000000     
214.39767721   -122.14016513  47.64146792    116.97500000   5.00000000     0.00000000     0.00000000     0.00000000     0.00000000     0.00000000     
214.49204514   -122.14016513  47.64146792    116.97500000   5.00000000     0.00000000     0.00000000     0.00000000     0.00000000     0.00000000     
214.60387321   -122.14016513  47.64146792    116.97500000   5.00000000     0.00000000     0.00000000     0.00000000     0.00000000     0.00000000     
214.70100222   -122.14016513  47.64146792    116.97500000   5.00000000     0.00000000     0.00000000     0.00000000     0.00000000     0.00000000     
214.79519646   -122.14016513  47.64146792    116.97500000   5.00000000     0.00000000     0.00000000     0.00000000     0.00000000     0.00000000     
214.91226819   -122.14016513  47.64146792    116.97500000   5.00000000     0.00000000     0.00000000     0.00000000     0.00000000     0.00000000     
214.99456081   -122.14016513  47.64146792    116.97500000   5.00000000     0.00000000     0.00000000     0.00000000     0.00000000     0.00000000     
215.09610258   -122.14016513  47.64146792    116.97500000   5.00000000     0.00000000     0.00000000     0.00000000     0.00000000     0.00000000     
215.19730999   -122.14016513  47.64146792    116.97500000   5.00000000     0.00000000     0.00000000     0.00000000     0.00000000     0.00000000     
215.29859588   -122.14016513  47.64146792    116.97500000   5.00000000     0.00000000     0.00000000     0.00000000     0.00000000     0.00000000     
215.40831555   -122.14016513  47.64146792    116.97500000   5.00000000     0.00000000     0.00000000     0.00000000     0.00000000     0.00000000     
215.50830998   -122.14016513  47.64146792    116.97500000   5.00000000     0.00000000     0.00000000     0.00000000     0.00000000     0.00000000     
215.58929649   -122.14016513  47.64146792    116.97500000   5.00000000     0.00000000     0.00000000     0.00000000     0.00000000     0.00000000     
215.69986149   -122.14016513  47.64146792    116.97500000   5.00000000     0.00000000     0.00000000     0.00000000     0.00000000     0.00000000     
215.80097369   -122.14016513  47.64146792    116.97500000   5.00000000     0.00000000     0.00000000     0.00000000     0.00000000     0.00000000     
215.89126473   -122.14016513  47.64146792    116.97500000   5.00000000     0.00000000     0.00000000     0.00000000     0.00000000     0.00000000     
215.99817966   -122.14016513  47.64146792    116.97500000   5.00000000     0.00000000     0.00000000     0.00000000     0.00000000     0.00000000     
216.10212223   -122.14016513  47.64146792    116.97500000   5.00000000     0.00000000     0.00000000     0.00000000     0.00000000     0.00000000     
216.20120951   -122.14016513  47.64146792    116.97500000   5.00000000     0.00000000     0.00000000     0.00000000     0.00000000     0.00000000     
216.31872400   -122.14016513  47.64146792    116.97500000   5.00000000     0.00000000     0.00000000     0.00000000     0.00000000     0.00000000     
216.40035482   -122.14016513  47.64146792    116.97500000   5.00000000     0.00000000     0.00000000     0.00000000     0.00000000     0.00000000     
216.48812562   -122.14016513  47.64146792    116.97500000   5.00000000     0.00000000     0.00000000     0.00000000     0.00000000     0.00000000     
216.59607217   -122.14016513  47.64146792    116.97500000   5.00000000     0.00000000     0.00000000     0.00000000     0.00000000     0.00000000     
216.70860900   -122.14016513  47.64146792    116.97500000   5.00000000     0.00000000     0.00000000     0.00000000     0.00000000     0.00000000     
216.79845057   -122.14016513  47.64146792    116.97500000   5.00000000     0.00000000     0.00000000     0.00000000     0.00000000     0.00000000     
216.90085175   -122.14016513  47.64146792    116.97500000   5.00000000     0.00000000     0.00000000     0.00000000     0.00000000     0.00000000     
216.99609198   -122.14016513  47.64146792    116.97500000   5.00000000     0.00000000     0.00000000     0.00000000     0.00000000     0.00000000     
217.11216397   -122.14016513  47.64146792    116.97500000   5.00000000     0.00000000     0.00000000     0.00000000     0.00000000     0.00000000     
217.19165542   -122.14016513  47.64146792    116.97500000   5.00000000     0.00000000     0.00000000     0.00000000     0.00000000     0.00000000     
217.30009252   -122.14016513  47.64146792    116.97500000   5.00000000     0.00000000     0.00000000     0.00000000     0.00000000     0.00000000     
217.39783544   -122.14016513  47.64146792    116.97500000   5.00000000     0.00000000     0.00000000     0.00000000     0.00000000     0.00000000     
217.49914442   -122.14016513  47.64146792    116.97500000   5.00000000     0.00000000     0.00000000     0.00000000     0.00000000     0.00000000     
217.59860358   -122.14016513  47.64146792    116.97500000   5.00000000     0.00000000     0.00000000     0.00000000     0.00000000     0.00000000     
217.69651089   -122.14016513  47.64146792    116.97500000   5.00000000     0.00000000     0.00000000     0.00000000     0.00000000     0.00000000     
217.78939959   -122.14016513  47.64146792    116.97500000   5.00000000     0.00000000     0.00000000     0.00000000     0.00000000     0.00000000     
217.90298974   -122.14016513  47.64146792    116.97500000   5.00000000     0.00000000     0.00000000     0.00000000     0.00000000     0.00000000     
218.00815517   -122.14016513  47.64146792    116.97500000   5.00000000     0.00000000     0.00000000     0.00000000     0.00000000     0.00000000     
218.10126510   -122.14016513  47.64146792    116.97500000   5.00000000     0.00000000     0.00000000     0.00000000     0.00000000     0.00000000     
218.19888623   -122.14016513  47.64146792    116.97500000   5.00000000     0.00000000     0.00000000     0.00000000     0.00000000     0.00000000     
218.30240359   -122.14016513  47.64146792    116.97500000   5.00000000     0.00000000     0.00000000     0.00000000     0.00000000     0.00000000     
218.40244826   -122.14016513  47.64146792    116.97500000   5.00000000     0.00000000     0.00000000     0.00000000     0.00000000     0.00000000     
218.49955500   -122.14016513  47.64146792    116.97500000   5.00000000     0.00000000     0.00000000     0.00000000     0.00000000     0.00000000     
218.60804528   -122.14016513  47.64146792    116.97500000   5.00000000     0.00000000     0.00000000     0.00000000     0.00000000     0.00000000     
218.70089031   -122.14016513  47.64146792    116.97500000   5.00000000     0.00000000     0.00000000     0.00000000     0.00000000     0.00000000     
218.79382145   -122.14016513  47.64146792    116.97500000   5.00000000     0.00000000     0.00000000     0.00000000     0.00000000     0.00000000     
218.89922749   -122.14016513  47.64146792    116.97500000   5.00000000     0.00000000     0.00000000     0.00000000     0.00000000     0.00000000     
218.99936151   -122.14016513  47.64146792    116.97500000   5.00000000     0.00000000     0.00000000     0.00000000     0.00000000     0.00000000     
219.09554497   -122.14016513  47.64146792    116.97500000   5.00000000     0.00000000     0.00000000     0.00000000     0.00000000     0.00000000     
219.20077218   -122.14016513  47.64146792    116.97500000   5.00000000     0.00000000     0.00000000     0.00000000     0.00000000     0.00000000     
219.28428287   -122.14016513  47.64146792    116.97500000   5.00000000     0.00000000     0.00000000     0.00000000     0.00000000     0.00000000     
219.40351980   -122.14016513  47.64146792    116.97500000   5.00000000     0.00000000     0.00000000     0.00000000     0.00000000     0.00000000     
219.50416099   -122.14016513  47.64146792    116.97500000   5.00000000     0.00000000     0.00000000     0.00000000     0.00000000     0.00000000     
219.59556653   -122.14016513  47.64146792    116.97500000   5.00000000     0.00000000     0.00000000     0.00000000     0.00000000     0.00000000     
219.70620007   -122.14016513  47.64146792    116.97500000   5.00000000     0.00000000     0.00000000     0.00000000     0.00000000     0.00000000     
219.80348793   -122.14016513  47.64146792    116.97500000   5.00000000     0.00000000     0.00000000     0.00000000     0.00000000     0.00000000     
219.90836939   -122.14016513  47.64146792    116.97500000   5.00000000     0.00000000     0.00000000     0.00000000     0.00000000     0.00000000     
220.00777550   -122.14016513  47.64146792    116.97500000   5.00000000     0.00000000     0.00000000     0.00000000     0.00000000     0.00000000     
220.09614792   -122.14016513  47.64146792    116.97500000   5.00000000     0.00000000     0.00000000     0.00000000     0.00000000     0.00000000     
220.20813136   -122.14016513  47.64146792    116.97500000   5.00000000     0.00000000     0.00000000     0.00000000     0.00000000     0.00000000     
220.30101064   -122.14016513  47.64146792    116.97500000   5.00000000     0.00000000     0.00000000     0.00000000     0.00000000     0.00000000     
220.38488204   -122.14016513  47.64146792    116.97500000   5.00000000     0.00000000     0.00000000     0.00000000     0.00000000     0.00000000     
220.49840775   -122.14016513  47.64146792    116.97500000   5.00000000     0.00000000     0.00000000     0.00000000     0.00000000     0.00000000     
220.59816866   -122.14016513  47.64146792    116.97500000   5.00000000     0.00000000     0.00000000     0.00000000     0.00000000     0.00000000     
220.70139264   -122.14016513  47.64146792    116.97500000   5.00000000     0.00000000     0.00000000     0.00000000     0.00000000     0.00000000     
220.79793691   -122.14016513  47.64146792    116.97500000   5.00000000     0.00000000     0.00000000     0.00000000     0.00000000     0.00000000     
220.90694210   -122.14016513  47.64146792    116.97500000   5.00000000     0.00000000     0.00000000     0.00000000     0.00000000     0.00000000     
220.99951962   -122.14016513  47.64146792    116.97500000   5.00000000     0.00000000     0.00000000     0.00000000     0.00000000     0.00000000     
221.11644565   -122.14016513  47.64146792    116.97500000   5.00000000     0.00000000     0.00000000     0.00000000     0.00000000     0.00000000     
221.19582725   -122.14016513  47.64146792    116.97500000   5.00000000     0.00000000     0.00000000     0.00000000     0.00000000     0.00000000     
221.29361887   -122.14016513  47.64146792    116.97500000   5.00000000     0.00000000     0.00000000     0.00000000     0.00000000     0.00000000     
221.39894814   -122.14016513  47.64146792    116.97500000   5.00000000     0.00000000     0.00000000     0.00000000     0.00000000     0.00000000     
221.49776042   -122.14016513  47.64146792    116.97500000   5.00000000     0.00000000     0.00000000     0.00000000     0.00000000     0.00000000     
221.60392702   -122.14016513  47.64146792    116.97500000   5.00000000     0.00000000     0.00000000     0.00000000     0.00000000     0.00000000     
221.70102533   -122.14016513  47.64146792    116.97500000   5.00000000     0.00000000     0.00000000     0.00000000     0.00000000     0.00000000     
221.79014563   -122.14016513  47.64146792    116.97500000   5.00000000     0.00000000     0.00000000     0.00000000     0.00000000     0.00000000     
221.89638992   -122.14016513  47.64146792    116.97500000   5.00000000     0.00000000     0.00000000     0.00000000     0.00000000     0.00000000     
221.99989478   -122.14016513  47.64146792    116.97500000   5.00000000     0.00000000     0.00000000     0.00000000     0.00000000     0.00000000     
222.10511531   -122.14016513  47.64146792    116.97500000   5.00000000     0.00000000     0.00000000     0.00000000     0.00000000     0.00000000     
222.20466446   -122.14016513  47.64146792    116.97500000   5.00000000     0.00000000     0.00000000     0.00000000     0.00000000     0.00000000     
222.29829494   -122.14016513  47.64146792    116.97500000   5.00000000     0.00000000     0.00000000     0.00000000     0.00000000     0.00000000     
222.40767319   -122.14016513  47.64146792    116.97500000   5.00000000     0.00000000     0.00000000     0.00000000     0.00000000     0.00000000     
222.49495487   -122.14016513  47.64146792    116.97500000   5.00000000     0.00000000     0.00000000     0.00000000     0.00000000     0.00000000     
222.59378998   -122.14016513  47.64146792    116.97500000   5.00000000     0.00000000     0.00000000     0.00000000     0.00000000     0.00000000     
222.70802330   -122.14016513  47.64146792    116.97500000   5.00000000     0.00000000     0.00000000     0.00000000     0.00000000     0.00000000     
222.80091679   -122.14016513  47.64146792    116.97500000   5.00000000     0.00000000     0.00000000     0.00000000     0.00000000     0.00000000     
222.91091570   -122.14016513  47.64146792    116.97500000   5.00000000     0.00000000     0.00000000     0.00000000     0.00000000     0.00000000     
223.00566366   -122.14016513  47.64146792    116.97500000   5.00000000     0.00000000     0.00000000     0.00000000     0.00000000     0.00000000     
223.08491913   -122.14016513  47.64146792    116.97500000   5.00000000     0.00000000     0.00000000     0.00000000     0.00000000     0.00000000     
223.20205526   -122.14016513  47.64146792    116.97500000   5.00000000     0.00000000     0.00000000     0.00000000     0.00000000     0.00000000     
223.31153402   -122.14016513  47.64146792    116.97500000   5.00000000     0.00000000     0.00000000     0.00000000     0.00000000     0.00000000     
223.40079856   -122.14016513  47.64146792    116.97500000   5.00000000     0.00000000     0.00000000     0.00000000     0.00000000     0.00000000     
223.49785364   -122.14016513  47.64146792    116.97500000   5.00000000     0.00000000     0.00000000     0.00000000     0.00000000     0.00000000     
223.59629898   -122.14016513  47.64146792    116.97500000   5.00000000     0.00000000     0.00000000     0.00000000     0.00000000     0.00000000     
223.69199837   -122.14016513  47.64146792    116.97500000   5.00000000     0.00000000     0.00000000     0.00000000     0.00000000     0.00000000     
223.78718522   -122.14016513  47.64146792    116.97500000   5.00000000     0.00000000     0.00000000     0.00000000     0.00000000     0.00000000     
223.90540969   -122.14016513  47.64146792    116.97500000   5.00000000     0.00000000     0.00000000     0.00000000     0.00000000     0.00000000     
223.99409735   -122.14016513  47.64146792    116.97500000   5.00000000     0.00000000     0.00000000     0.00000000     0.00000000     0.00000000     
224.08588504   -122.14016513  47.64146792    116.97500000   5.00000000     0.00000000     0.00000000     0.00000000     0.00000000     0.00000000     
224.20534724   -122.14016513  47.64146792    116.97500000   5.00000000     0.00000000     0.00000000     0.00000000     0.00000000     0.00000000     
224.29143278   -122.14016513  47.64146792    116.97500000   5.00000000     0.00000000     0.00000000     0.00000000     0.00000000     0.00000000     
224.39309806   -122.14016513  47.64146792    116.97500000   5.00000000     0.00000000     0.00000000     0.00000000     0.00000000     0.00000000     
224.50308394   -122.14016513  47.64146792    116.97500000   5.00000000     0.00000000     0.00000000     0.00000000     0.00000000     0.00000000     
224.60410792   -122.14016513  47.64146792    116.97500000   5.00000000     0.00000000     0.00000000     0.00000000     0.00000000     0.00000000     
224.70469181   -122.14016513  47.64146792    116.97500000   5.00000000     0.00000000     0.00000000     0.00000000     0.00000000     0.00000000     
224.80278483   -122.14016513  47.64146792    116.97500000   5.00000000     0.00000000     0.00000000     0.00000000     0.00000000     0.00000000     
224.90119542   -122.14016513  47.64146792    116.97500000   5.00000000     0.00000000     0.00000000     0.00000000     0.00000000     0.00000000     
224.98971625   -122.14016513  47.64146792    116.97500000   5.00000000     0.00000000     0.00000000     0.00000000     0.00000000     0.00000000     
225.09773585   -122.14016513  47.64146792    116.97500000   5.00000000     0.00000000     0.00000000     0.00000000     0.00000000     0.00000000     
225.19903240   -122.14016513  47.64146792    116.97500000   5.00000000     0.00000000     0.00000000     0.00000000     0.00000000     0.00000000     
225.28426312   -122.14016513  47.64146792    116.97500000   5.00000000     0.00000000     0.00000000     0.00000000     0.00000000     0.00000000     
225.39079357   -122.14016513  47.64146792    116.97500000   5.00000000     0.00000000     0.00000000     0.00000000     0.00000000     0.00000000     
225.49047946   -122.14016513  47.64146792    116.97500000   5.00000000     0.00000000     0.00000000     0.00000000     0.00000000     0.00000000     
225.59798345   -122.14016513  47.64146792    116.97500000   5.00000000     0.00000000     0.00000000     0.00000000     0.00000000     0.00000000     
225.70059684   -122.14016513  47.64146792    116.97500000   5.00000000     0.00000000     0.00000000     0.00000000     0.00000000     0.00000000     
225.80216014   -122.14016513  47.64146792    116.97500000   5.00000000     0.00000000     0.00000000     0.00000000     0.00000000     0.00000000     
225.89639018   -122.14016513  47.64146792    116.97500000   5.00000000     0.00000000     0.00000000     0.00000000     0.00000000     0.00000000     
226.00088526   -122.14016513  47.64146792    116.97500000   5.00000000     0.00000000     0.00000000     0.00000000     0.00000000     0.00000000     
226.09655153   -122.14016513  47.64146792    116.97500000   5.00000000     0.00000000     0.00000000     0.00000000     0.00000000     0.00000000     
226.20502165   -122.14016513  47.64146792    116.97500000   5.00000000     0.00000000     0.00000000     0.00000000     0.00000000     0.00000000     
226.29961793   -122.14016513  47.64146792    116.97500000   5.00000000     0.00000000     0.00000000     0.00000000     0.00000000     0.00000000     
226.40927567   -122.14016513  47.64146792    116.97500000   5.00000000     0.00000000     0.00000000     0.00000000     0.00000000     0.00000000     
226.49899215   -122.14016513  47.64146792    116.97500000   5.00000000     0.00000000     0.00000000     0.00000000     0.00000000     0.00000000     
226.60946029   -122.14016513  47.64146792    116.97500000   5.00000000     0.00000000     0.00000000     0.00000000     0.00000000     0.00000000     
226.70109868   -122.14016513  47.64146792    116.97500000   5.00000000     0.00000000     0.00000000     0.00000000     0.00000000     0.00000000     
226.81335109   -122.14016513  47.64146792    116.97500000   5.00000000     0.00000000     0.00000000     0.00000000     0.00000000     0.00000000     
226.89859077   -122.14016513  47.64146792    116.97500000   5.00000000     0.00000000     0.00000000     0.00000000     0.00000000     0.00000000     
226.99439404   -122.14016513  47.64146792    116.97500000   5.00000000     0.00000000     0.00000000     0.00000000     0.00000000     0.00000000     
227.11198760   -122.14016513  47.64146792    116.97500000   5.00000000     0.00000000     0.00000000     0.00000000     0.00000000     0.00000000     
227.18379263   -122.14016513  47.64146792    116.97500000   5.00000000     0.00000000     0.00000000     0.00000000     0.00000000     0.00000000     
227.30192258   -122.14016513  47.64146792    116.97500000   5.00000000     0.00000000     0.00000000     0.00000000     0.00000000     0.00000000     
227.40152788   -122.14016513  47.64146792    116.97500000   5.00000000     0.00000000     0.00000000     0.00000000     0.00000000     0.00000000     
227.50623855   -122.14016513  47.64146792    116.97500000   5.00000000     0.00000000     0.00000000     0.00000000     0.00000000     0.00000000     
227.59777492   -122.14016513  47.64146792    116.97500000   5.00000000     0.00000000     0.00000000     0.00000000     0.00000000     0.00000000     
227.70501458   -122.14016513  47.64146792    116.97500000   5.00000000     0.00000000     0.00000000     0.00000000     0.00000000     0.00000000     
227.78903594   -122.14016513  47.64146792    116.97500000   5.00000000     0.00000000     0.00000000     0.00000000     0.00000000     0.00000000     
227.89362165   -122.14016513  47.64146792    116.97500000   5.00000000     0.00000000     0.00000000     0.00000000     0.00000000     0.00000000     
228.00984652   -122.14016513  47.64146792    116.97500000   5.00000000     0.00000000     0.00000000     0.00000000     0.00000000     0.00000000     
228.10600893   -122.14016513  47.64146792    116.97500000   5.00000000     0.00000000     0.00000000     0.00000000     0.00000000     0.00000000     
228.19298633   -122.14016513  47.64146792    116.97500000   5.00000000     0.00000000     0.00000000     0.00000000     0.00000000     0.00000000     
228.30123965   -122.14016513  47.64146792    116.97500000   5.00000000     0.00000000     0.00000000     0.00000000     0.00000000     0.00000000     
228.39744183   -122.14016513  47.64146792    116.97500000   5.00000000     0.00000000     0.00000000     0.00000000     0.00000000     0.00000000     
228.50183421   -122.14016513  47.64146792    116.97500000   5.00000000     0.00000000     0.00000000     0.00000000     0.00000000     0.00000000     
228.59118448   -122.14016513  47.64146792    116.97500000   5.00000000     0.00000000     0.00000000     0.00000000     0.00000000     0.00000000     
228.69951987   -122.14016513  47.64146792    116.97500000   5.00000000     0.00000000     0.00000000     0.00000000     0.00000000     0.00000000     
228.81020570   -122.14016513  47.64146792    116.97500000   5.00000000     0.00000000     0.00000000     0.00000000     0.00000000     0.00000000     
228.90778496   -122.14016513  47.64146792    116.97500000   5.00000000     0.00000000     0.00000000     0.00000000     0.00000000     0.00000000     
228.99212396   -122.14016513  47.64146792    116.97500000   5.00000000     0.00000000     0.00000000     0.00000000     0.00000000     0.00000000     
229.10948793   -122.14016513  47.64146792    116.97500000   5.00000000     0.00000000     0.00000000     0.00000000     0.00000000     0.00000000     
229.20149026   -122.14016513  47.64146792    116.97500000   5.00000000     0.00000000     0.00000000     0.00000000     0.00000000     0.00000000     
229.30187586   -122.14016513  47.64146792    116.97500000   5.00000000     0.00000000     0.00000000     0.00000000     0.00000000     0.00000000     
229.39378412   -122.14016513  47.64146792    116.97500000   5.00000000     0.00000000     0.00000000     0.00000000     0.00000000     0.00000000     
229.50109605   -122.14016513  47.64146792    116.97500000   5.00000000     0.00000000     0.00000000     0.00000000     0.00000000     0.00000000     
229.60801310   -122.14016513  47.64146792    116.97500000   5.00000000     0.00000000     0.00000000     0.00000000     0.00000000     0.00000000     
229.70053136   -122.14016513  47.64146792    116.97500000   5.00000000     0.00000000     0.00000000     0.00000000     0.00000000     0.00000000     
229.79020031   -122.14016513  47.64146792    116.97500000   5.00000000     0.00000000     0.00000000     0.00000000     0.00000000     0.00000000     
229.90311772   -122.14016513  47.64146792    116.97500000   5.00000000     0.00000000     0.00000000     0.00000000     0.00000000     0.00000000     
230.00459187   -122.14016513  47.64146792    116.97500000   5.00000000     0.00000000     0.00000000     0.00000000     0.00000000     0.00000000     
230.10343903   -122.14016513  47.64146792    116.97500000   5.00000000     0.00000000     0.00000000     0.00000000     0.00000000     0.00000000     
230.20318807   -122.14016513  47.64146792    116.97500000   5.00000000     0.00000000     0.00000000     0.00000000     0.00000000     0.00000000     
230.29811719   -122.14016513  47.64146792    116.97500000   5.00000000     0.00000000     0.00000000     0.00000000     0.00000000     0.00000000     
230.39502347   -122.14016513  47.64146792    116.97500000   5.00000000     0.00000000     0.00000000     0.00000000     0.00000000     0.00000000     
230.49745011   -122.14016513  47.64146792    116.97500000   5.00000000     0.00000000     0.00000000     0.00000000     0.00000000     0.00000000     
230.59987131   -122.14016513  47.64146792    116.97500000   5.00000000     0.00000000     0.00000000     0.00000000     0.00000000     0.00000000     
230.70767050   -122.14016513  47.64146792    116.97500000   5.00000000     0.00000000     0.00000000     0.00000000     0.00000000     0.00000000     
230.79967169   -122.14016513  47.64146792    116.97500000   5.00000000     0.00000000     0.00000000     0.00000000     0.00000000     0.00000000     
230.90357168   -122.14016513  47.64146792    116.97500000   5.00000000     0.00000000     0.00000000     0.00000000     0.00000000     0.00000000     
231.00559757   -122.14016513  47.64146792    116.97500000   5.00000000     0.00000000     0.00000000     0.00000000     0.00000000     0.00000000     
231.10226054   -122.14016513  47.64146792    116.97500000   5.00000000     0.00000000     0.00000000     0.00000000     0.00000000     0.00000000     
231.19822624   -122.14016513  47.64146792    116.97500000   5.00000000     0.00000000     0.00000000     0.00000000     0.00000000     0.00000000     
231.29318524   -122.14016513  47.64146792    116.97500000   5.00000000     0.00000000     0.00000000     0.00000000     0.00000000     0.00000000     
231.39588554   -122.14016513  47.64146792    116.97500000   5.00000000     0.00000000     0.00000000     0.00000000     0.00000000     0.00000000     
231.50188918   -122.14016513  47.64146792    116.97500000   5.00000000     0.00000000     0.00000000     0.00000000     0.00000000     0.00000000     
231.60113215   -122.14016513  47.64146792    116.97500000   5.00000000     0.00000000     0.00000000     0.00000000     0.00000000     0.00000000     
231.69985909   -122.14016513  47.64146792    116.97500000   5.00000000     0.00000000     0.00000000     0.00000000     0.00000000     0.00000000     
231.79488509   -122.14016513  47.64146792    116.97500000   5.00000000     0.00000000     0.00000000     0.00000000     0.00000000     0.00000000     
231.90275792   -122.14016513  47.64146792    116.97500000   5.00000000     0.00000000     0.00000000     0.00000000     0.00000000     0.00000000     
231.99709548   -122.14016513  47.64146792    116.97500000   5.00000000     0.00000000     0.00000000     0.00000000     0.00000000     0.00000000     
232.10095174   -122.14016513  47.64146792    116.97500000   5.00000000     0.00000000     0.00000000     0.00000000     0.00000000     0.00000000     
232.20065500   -122.14016513  47.64146792    116.97500000   5.00000000     0.00000000     0.00000000     0.00000000     0.00000000     0.00000000     
232.29950640   -122.14016513  47.64146792    116.97500000   5.00000000     0.00000000     0.00000000     0.00000000     0.00000000     0.00000000     
232.39587976   -122.14016513  47.64146792    116.97500000   5.00000000     0.00000000     0.00000000     0.00000000     0.00000000     0.00000000     
232.48178712   -122.14016513  47.64146792    116.97500000   5.00000000     0.00000000     0.00000000     0.00000000     0.00000000     0.00000000     
232.60676317   -122.14016513  47.64146792    116.97500000   5.00000000     0.00000000     0.00000000     0.00000000     0.00000000     0.00000000     
232.69807150   -122.14016513  47.64146792    116.97500000   5.00000000     0.00000000     0.00000000     0.00000000     0.00000000     0.00000000     
232.79796098   -122.14016513  47.64146792    116.97500000   5.00000000     0.00000000     0.00000000     0.00000000     0.00000000     0.00000000     
232.90014922   -122.14016513  47.64146792    116.97500000   5.00000000     0.00000000     0.00000000     0.00000000     0.00000000     0.00000000     
232.99672833   -122.14016513  47.64146792    116.97500000   5.00000000     0.00000000     0.00000000     0.00000000     0.00000000     0.00000000     
233.10431953   -122.14016513  47.64146792    116.97500000   5.00000000     0.00000000     0.00000000     0.00000000     0.00000000     0.00000000     
233.20053896   -122.14016513  47.64146792    116.97500000   5.00000000     0.00000000     0.00000000     0.00000000     0.00000000     0.00000000     
233.30077959   -122.14016513  47.64146792    116.97500000   5.00000000     0.00000000     0.00000000     0.00000000     0.00000000     0.00000000     
233.39818246   -122.14016513  47.64146792    116.97500000   5.00000000     0.00000000     0.00000000     0.00000000     0.00000000     0.00000000     
233.49964363   -122.14016513  47.64146792    116.97500000   5.00000000     0.00000000     0.00000000     0.00000000     0.00000000     0.00000000     
233.60288452   -122.14016513  47.64146792    116.97500000   5.00000000     0.00000000     0.00000000     0.00000000     0.00000000     0.00000000     
233.70363400   -122.14016513  47.64146792    116.97500000   5.00000000     0.00000000     0.00000000     0.00000000     0.00000000     0.00000000     
233.80291813   -122.14016513  47.64146792    116.97500000   5.00000000     0.00000000     0.00000000     0.00000000     0.00000000     0.00000000     
233.89272714   -122.14016513  47.64146792    116.97500000   5.00000000     0.00000000     0.00000000     0.00000000     0.00000000     0.00000000     
233.99887792   -122.14016513  47.64146792    116.97500000   5.00000000     0.00000000     0.00000000     0.00000000     0.00000000     0.00000000     
234.09364404   -122.14016513  47.64146792    116.97500000   5.00000000     0.00000000     0.00000000     0.00000000     0.00000000     0.00000000     
234.19361153   -122.14016513  47.64146792    116.97500000   5.00000000     0.00000000     0.00000000     0.00000000     0.00000000     0.00000000     
234.29029120   -122.14016513  47.64146792    116.97500000   5.00000000     0.00000000     0.00000000     0.00000000     0.00000000     0.00000000     
234.40425580   -122.14016513  47.64146792    116.97500000   5.00000000     0.00000000     0.00000000     0.00000000     0.00000000     0.00000000     
234.50807528   -122.14016513  47.64146792    116.97500000   5.00000000     0.00000000     0.00000000     0.00000000     0.00000000     0.00000000     
234.59596732   -122.14016513  47.64146792    116.97500000   5.00000000     0.00000000     0.00000000     0.00000000     0.00000000     0.00000000     
234.70562353   -122.14016513  47.64146792    116.97500000   5.00000000     0.00000000     0.00000000     0.00000000     0.00000000     0.00000000     
234.79167946   -122.14016513  47.64146792    116.97500000   5.00000000     0.00000000     0.00000000     0.00000000     0.00000000     0.00000000     
234.90023449   -122.14016513  47.64146792    116.97500000   5.00000000     0.00000000     0.00000000     0.00000000     0.00000000     0.00000000     
235.00159874   -122.14016513  47.64146792    116.97500000   5.00000000     0.00000000     0.00000000     0.00000000     0.00000000     0.00000000     
235.10801507   -122.14016513  47.64146792    116.97500000   5.00000000     0.00000000     0.00000000     0.00000000     0.00000000     0.00000000     
235.19713378   -122.14016513  47.64146792    116.97500000   5.00000000     0.00000000     0.00000000     0.00000000     0.00000000     0.00000000     
235.30026511   -122.14016513  47.64146792    116.97500000   5.00000000     0.00000000     0.00000000     0.00000000     0.00000000     0.00000000     
235.39673308   -122.14016513  47.64146792    116.97500000   5.00000000     0.00000000     0.00000000     0.00000000     0.00000000     0.00000000     
235.49170528   -122.14016513  47.64146792    116.97500000   5.00000000     0.00000000     0.00000000     0.00000000     0.00000000     0.00000000     
235.59919646   -122.14016513  47.64146792    116.97500000   5.00000000     0.00000000     0.00000000     0.00000000     0.00000000     0.00000000     
235.70178440   -122.14016513  47.64146792    116.97500000   5.00000000     0.00000000     0.00000000     0.00000000     0.00000000     0.00000000     
235.79869618   -122.14016513  47.64146792    116.97500000   5.00000000     0.00000000     0.00000000     0.00000000     0.00000000     0.00000000     
235.90041759   -122.14016513  47.64146792    116.97500000   5.00000000     0.00000000     0.00000000     0.00000000     0.00000000     0.00000000     
236.00093026   -122.14016513  47.64146792    116.97500000   5.00000000     0.00000000     0.00000000     0.00000000     0.00000000     0.00000000     
236.09773069   -122.14016513  47.64146792    116.97500000   5.00000000     0.00000000     0.00000000     0.00000000     0.00000000     0.00000000     
236.20549056   -122.14016513  47.64146792    116.97500000   5.00000000     0.00000000     0.00000000     0.00000000     0.00000000     0.00000000     
236.29780983   -122.14016513  47.64146792    116.97500000   5.00000000     0.00000000     0.00000000     0.00000000     0.00000000     0.00000000     
236.39762984   -122.14016513  47.64146792    116.97500000   5.00000000     0.00000000     0.00000000     0.00000000     0.00000000     0.00000000     
236.49421242   -122.14016513  47.64146792    116.97500000   5.00000000     0.00000000     0.00000000     0.00000000     0.00000000     0.00000000     
236.59042650   -122.14016513  47.64146792    116.97500000   5.00000000     0.00000000     0.00000000     0.00000000     0.00000000     0.00000000     
236.69857037   -122.14016513  47.64146792    116.97500000   5.00000000     0.00000000     0.00000000     0.00000000     0.00000000     0.00000000     
236.80325090   -122.14016513  47.64146792    116.97500000   5.00000000     0.00000000     0.00000000     0.00000000     0.00000000     0.00000000     
236.90291262   -122.14016513  47.64146792    116.97500000   5.00000000     0.00000000     0.00000000     0.00000000     0.00000000     0.00000000     
236.99560342   -122.14016513  47.64146792    116.97500000   5.00000000     0.00000000     0.00000000     0.00000000     0.00000000     0.00000000     
237.09355962   -122.14016513  47.64146792    116.97500000   5.00000000     0.00000000     0.00000000     0.00000000     0.00000000     0.00000000     
237.20861276   -122.14016513  47.64146792    116.97500000   5.00000000     0.00000000     0.00000000     0.00000000     0.00000000     0.00000000     
237.30764304   -122.14016513  47.64146792    116.97500000   5.00000000     0.00000000     0.00000000     0.00000000     0.00000000     0.00000000     
237.40639500   -122.14016513  47.64146792    116.97500000   5.00000000     0.00000000     0.00000000     0.00000000     0.00000000     0.00000000     
237.49214261   -122.14016513  47.64146792    116.97500000   5.00000000     0.00000000     0.00000000     0.00000000     0.00000000     0.00000000     
237.60823586   -122.14016513  47.64146792    116.97500000   5.00000000     0.00000000     0.00000000     0.00000000     0.00000000     0.00000000     
237.70210887   -122.14016513  47.64146792    116.97500000   5.00000000     0.00000000     0.00000000     0.00000000     0.00000000     0.00000000     
237.80098270   -122.14016513  47.64146792    116.97500000   5.00000000     0.00000000     0.00000000     0.00000000     0.00000000     0.00000000     
237.89851159   -122.14016513  47.64146792    116.97500000   5.00000000     0.00000000     0.00000000     0.00000000     0.00000000     0.00000000     
237.98571825   -122.14016513  47.64146792    116.97500000   5.00000000     0.00000000     0.00000000     0.00000000     0.00000000     0.00000000     
238.10775296   -122.14016513  47.64146792    116.97500000   5.00000000     0.00000000     0.00000000     0.00000000     0.00000000     0.00000000     
238.20681667   -122.14016513  47.64146792    116.97500000   5.00000000     0.00000000     0.00000000     0.00000000     0.00000000     0.00000000     
238.30499640   -122.14016513  47.64146792    116.97500000   5.00000000     0.00000000     0.00000000     0.00000000     0.00000000     0.00000000     
238.40295446   -122.14016513  47.64146792    116.97500000   5.00000000     0.00000000     0.00000000     0.00000000     0.00000000     0.00000000     
238.47913942   -122.14016513  47.64146792    116.97500000   5.00000000     0.00000000     0.00000000     0.00000000     0.00000000     0.00000000     
238.60543880   -122.14016513  47.64146792    116.97500000   5.00000000     0.00000000     0.00000000     0.00000000     0.00000000     0.00000000     
238.69948718   -122.14016513  47.64146792    116.97500000   5.00000000     0.00000000     0.00000000     0.00000000     0.00000000     0.00000000     
238.80696468   -122.14016513  47.64146792    116.97500000   5.00000000     0.00000000     0.00000000     0.00000000     0.00000000     0.00000000     
238.89581981   -122.14016513  47.64146792    116.97500000   5.00000000     0.00000000     0.00000000     0.00000000     0.00000000     0.00000000     
239.00275136   -122.14016513  47.64146792    116.97500000   5.00000000     0.00000000     0.00000000     0.00000000     0.00000000     0.00000000     
239.09465130   -122.14016513  47.64146792    116.97500000   5.00000000     0.00000000     0.00000000     0.00000000     0.00000000     0.00000000     
239.20165591   -122.14016513  47.64146792    116.97500000   5.00000000     0.00000000     0.00000000     0.00000000     0.00000000     0.00000000     
239.29836877   -122.14016513  47.64146792    116.97500000   5.00000000     0.00000000     0.00000000     0.00000000     0.00000000     0.00000000     
239.39631138   -122.14016513  47.64146792    116.97500000   5.00000000     0.00000000     0.00000000     0.00000000     0.00000000     0.00000000     
239.49526898   -122.14016513  47.64146792    116.97500000   5.00000000     0.00000000     0.00000000     0.00000000     0.00000000     0.00000000     
239.60090357   -122.14016513  47.64146792    116.97500000   5.00000000     0.00000000     0.00000000     0.00000000     0.00000000     0.00000000     
239.70497322   -122.14016513  47.64146792    116.97500000   5.00000000     0.00000000     0.00000000     0.00000000     0.00000000     0.00000000     
239.80696160   -122.14016513  47.64146792    116.97500000   5.00000000     0.00000000     0.00000000     0.00000000     0.00000000     0.00000000     
239.89766432   -122.14016513  47.64146792    116.97500000   5.00000000     0.00000000     0.00000000     0.00000000     0.00000000     0.00000000     
240.01213804   -122.14016513  47.64146792    116.97500000   5.00000000     0.00000000     0.00000000     0.00000000     0.00000000     0.00000000     
240.09977376   -122.14016513  47.64146792    116.97500000   5.00000000     0.00000000     0.00000000     0.00000000     0.00000000     0.00000000     
240.19674274   -122.14016513  47.64146792    116.97500000   5.00000000     0.00000000     0.00000000     0.00000000     0.00000000     0.00000000     
240.29427564   -122.14016513  47.64146792    116.97500000   5.00000000     0.00000000     0.00000000     0.00000000     0.00000000     0.00000000     
240.40899598   -122.14016513  47.64146792    116.97500000   5.00000000     0.00000000     0.00000000     0.00000000     0.00000000     0.00000000     
240.48818994   -122.14016513  47.64146792    116.97500000   5.00000000     0.00000000     0.00000000     0.00000000     0.00000000     0.00000000     
240.60149816   -122.14016513  47.64146792    116.97500000   5.00000000     0.00000000     0.00000000     0.00000000     0.00000000     0.00000000     
240.69990039   -122.14016513  47.64146792    116.97500000   5.00000000     0.00000000     0.00000000     0.00000000     0.00000000     0.00000000     
240.78488224   -122.14016513  47.64146792    116.97500000   5.00000000     0.00000000     0.00000000     0.00000000     0.00000000     0.00000000     
240.91004861   -122.14016513  47.64146792    116.97500000   5.00000000     0.00000000     0.00000000     0.00000000     0.00000000     0.00000000     
241.00240040   -122.14016513  47.64146792    116.97500000   5.00000000     0.00000000     0.00000000     0.00000000     0.00000000     0.00000000     
241.09249415   -122.14016513  47.64146792    116.97500000   5.00000000     0.00000000     0.00000000     0.00000000     0.00000000     0.00000000     
241.20690848   -122.14016513  47.64146792    116.97500000   5.00000000     0.00000000     0.00000000     0.00000000     0.00000000     0.00000000     
241.30412156   -122.14016513  47.64146792    116.97500000   5.00000000     0.00000000     0.00000000     0.00000000     0.00000000     0.00000000     
241.39829920   -122.14016513  47.64146792    116.97500000   5.00000000     0.00000000     0.00000000     0.00000000     0.00000000     0.00000000     
241.49181672   -122.14016513  47.64146792    116.97500000   5.00000000     0.00000000     0.00000000     0.00000000     0.00000000     0.00000000     
241.58940840   -122.14016513  47.64146792    116.97500000   5.00000000     0.00000000     0.00000000     0.00000000     0.00000000     0.00000000     
241.69530650   -122.14016513  47.64146792    116.97500000   5.00000000     0.00000000     0.00000000     0.00000000     0.00000000     0.00000000     
241.80358008   -122.14016513  47.64146792    116.97500000   5.00000000     0.00000000     0.00000000     0.00000000     0.00000000     0.00000000     
241.90238501   -122.14016513  47.64146792    116.97500000   5.00000000     0.00000000     0.00000000     0.00000000     0.00000000     0.00000000     
241.98645231   -122.14016513  47.64146792    116.97500000   5.00000000     0.00000000     0.00000000     0.00000000     0.00000000     0.00000000     
242.09151306   -122.14016513  47.64146792    116.97500000   5.00000000     0.00000000     0.00000000     0.00000000     0.00000000     0.00000000     
242.20636981   -122.14016513  47.64146792    116.97500000   5.00000000     0.00000000     0.00000000     0.00000000     0.00000000     0.00000000     
242.29379204   -122.14016513  47.64146792    116.97500000   5.00000000     0.00000000     0.00000000     0.00000000     0.00000000     0.00000000     
242.39134432   -122.14016513  47.64146792    116.97500000   5.00000000     0.00000000     0.00000000     0.00000000     0.00000000     0.00000000     
242.49697508   -122.14016513  47.64146792    116.97500000   5.00000000     0.00000000     0.00000000     0.00000000     0.00000000     0.00000000     
242.59739060   -122.14016513  47.64146792    116.97500000   5.00000000     0.00000000     0.00000000     0.00000000     0.00000000     0.00000000     
242.69775177   -122.14016513  47.64146792    116.97500000   5.00000000     0.00000000     0.00000000     0.00000000     0.00000000     0.00000000     
242.79951477   -122.14016513  47.64146792    116.97500000   5.00000000     0.00000000     0.00000000     0.00000000     0.00000000     0.00000000     
242.89985385   -122.14016513  47.64146792    116.97500000   5.00000000     0.00000000     0.00000000     0.00000000     0.00000000     0.00000000     
243.00559335   -122.14016513  47.64146792    116.97500000   5.00000000     0.00000000     0.00000000     0.00000000     0.00000000     0.00000000     
243.09339655   -122.14016513  47.64146792    116.97500000   5.00000000     0.00000000     0.00000000     0.00000000     0.00000000     0.00000000     
243.20148280   -122.14016513  47.64146792    116.97500000   5.00000000     0.00000000     0.00000000     0.00000000     0.00000000     0.00000000     
243.30271454   -122.14016513  47.64146792    116.97500000   5.00000000     0.00000000     0.00000000     0.00000000     0.00000000     0.00000000     
243.39638484   -122.14016513  47.64146792    116.97500000   5.00000000     0.00000000     0.00000000     0.00000000     0.00000000     0.00000000     
243.49579425   -122.14016513  47.64146792    116.97500000   5.00000000     0.00000000     0.00000000     0.00000000     0.00000000     0.00000000     
243.60398509   -122.14016513  47.64146792    116.97500000   5.00000000     0.00000000     0.00000000     0.00000000     0.00000000     0.00000000     
243.68911236   -122.14016513  47.64146792    116.97500000   5.00000000     0.00000000     0.00000000     0.00000000     0.00000000     0.00000000     
243.79771869   -122.14016513  47.64146792    116.97500000   5.00000000     0.00000000     0.00000000     0.00000000     0.00000000     0.00000000     
243.89291838   -122.14016513  47.64146792    116.97500000   5.00000000     0.00000000     0.00000000     0.00000000     0.00000000     0.00000000     
244.00098483   -122.14016513  47.64146792    116.97500000   5.00000000     0.00000000     0.00000000     0.00000000     0.00000000     0.00000000     
244.09596873   -122.14016513  47.64146792    116.97500000   5.00000000     0.00000000     0.00000000     0.00000000     0.00000000     0.00000000     
244.20262066   -122.14016513  47.64146792    116.97500000   5.00000000     0.00000000     0.00000000     0.00000000     0.00000000     0.00000000     
244.30060441   -122.14016513  47.64146792    116.97500000   5.00000000     0.00000000     0.00000000     0.00000000     0.00000000     0.00000000     
244.40181370   -122.14016513  47.64146792    116.97500000   5.00000000     0.00000000     0.00000000     0.00000000     0.00000000     0.00000000     
244.49489894   -122.14016513  47.64146792    116.97500000   5.00000000     0.00000000     0.00000000     0.00000000     0.00000000     0.00000000     
244.59585706   -122.14016513  47.64146792    116.97500000   5.00000000     0.00000000     0.00000000     0.00000000     0.00000000     0.00000000     
244.70079161   -122.14016513  47.64146792    116.97500000   5.00000000     0.00000000     0.00000000     0.00000000     0.00000000     0.00000000     
244.79219047   -122.14016513  47.64146792    116.97500000   5.00000000     0.00000000     0.00000000     0.00000000     0.00000000     0.00000000     
244.89651728   -122.14016513  47.64146792    116.97500000   5.00000000     0.00000000     0.00000000     0.00000000     0.00000000     0.00000000     
245.00268349   -122.14016513  47.64146792    116.97500000   5.00000000     0.00000000     0.00000000     0.00000000     0.00000000     0.00000000     
245.10099173   -122.14016513  47.64146792    116.97500000   5.00000000     0.00000000     0.00000000     0.00000000     0.00000000     0.00000000     
245.21029490   -122.14016513  47.64146792    116.97500000   5.00000000     0.00000000     0.00000000     0.00000000     0.00000000     0.00000000     
245.30041809   -122.14016513  47.64146792    116.97500000   5.00000000     0.00000000     0.00000000     0.00000000     0.00000000     0.00000000     
245.39988210   -122.14016513  47.64146792    116.97500000   5.00000000     0.00000000     0.00000000     0.00000000     0.00000000     0.00000000     
245.50346961   -122.14016513  47.64146792    116.97500000   5.00000000     0.00000000     0.00000000     0.00000000     0.00000000     0.00000000     
245.60473318   -122.14016513  47.64146792    116.97500000   5.00000000     0.00000000     0.00000000     0.00000000     0.00000000     0.00000000     
245.69716519   -122.14016513  47.64146792    116.97500000   5.00000000     0.00000000     0.00000000     0.00000000     0.00000000     0.00000000     
245.79949031   -122.14016513  47.64146792    116.97500000   5.00000000     0.00000000     0.00000000     0.00000000     0.00000000     0.00000000     
245.89830402   -122.14016513  47.64146792    116.97500000   5.00000000     0.00000000     0.00000000     0.00000000     0.00000000     0.00000000     
246.00346938   -122.14016513  47.64146792    116.97500000   5.00000000     0.00000000     0.00000000     0.00000000     0.00000000     0.00000000     
246.09851277   -122.14016513  47.64146792    116.97500000   5.00000000     0.00000000     0.00000000     0.00000000     0.00000000     0.00000000     
246.20453250   -122.14016513  47.64146792    116.97500000   5.00000000     0.00000000     0.00000000     0.00000000     0.00000000     0.00000000     
246.31140194   -122.14016513  47.64146792    116.97500000   5.00000000     0.00000000     0.00000000     0.00000000     0.00000000     0.00000000     
246.40585818   -122.14016513  47.64146792    116.97500000   5.00000000     0.00000000     0.00000000     0.00000000     0.00000000     0.00000000     
246.50404696   -122.14016513  47.64146792    116.97500000   5.00000000     0.00000000     0.00000000     0.00000000     0.00000000     0.00000000     
246.60834206   -122.14016513  47.64146792    116.97500000   5.00000000     0.00000000     0.00000000     0.00000000     0.00000000     0.00000000     
246.69850717   -122.14016513  47.64146792    116.97500000   5.00000000     0.00000000     0.00000000     0.00000000     0.00000000     0.00000000     
246.80800986   -122.14016513  47.64146792    116.97500000   5.00000000     0.00000000     0.00000000     0.00000000     0.00000000     0.00000000     
246.90337966   -122.14016513  47.64146792    116.97500000   5.00000000     0.00000000     0.00000000     0.00000000     0.00000000     0.00000000     
247.00121176   -122.14016513  47.64146792    116.97500000   5.00000000     0.00000000     0.00000000     0.00000000     0.00000000     0.00000000     
247.09239763   -122.14016513  47.64146792    116.97500000   5.00000000     0.00000000     0.00000000     0.00000000     0.00000000     0.00000000     
247.20321195   -122.14016513  47.64146792    116.97500000   5.00000000     0.00000000     0.00000000     0.00000000     0.00000000     0.00000000     
247.29798686   -122.14016513  47.64146792    116.97500000   5.00000000     0.00000000     0.00000000     0.00000000     0.00000000     0.00000000     
247.39961259   -122.14016513  47.64146792    116.97500000   5.00000000     0.00000000     0.00000000     0.00000000     0.00000000     0.00000000     
247.49362908   -122.14016513  47.64146792    116.97500000   5.00000000     0.00000000     0.00000000     0.00000000     0.00000000     0.00000000     
247.59448800   -122.14016513  47.64146792    116.97500000   5.00000000     0.00000000     0.00000000     0.00000000     0.00000000     0.00000000     
247.70405758   -122.14016513  47.64146792    116.97500000   5.00000000     0.00000000     0.00000000     0.00000000     0.00000000     0.00000000     
247.79697541   -122.14016513  47.64146792    116.97500000   5.00000000     0.00000000     0.00000000     0.00000000     0.00000000     0.00000000     
247.89816331   -122.14016513  47.64146792    116.97500000   5.00000000     0.00000000     0.00000000     0.00000000     0.00000000     0.00000000     
247.99615733   -122.14016513  47.64146792    116.97500000   5.00000000     0.00000000     0.00000000     0.00000000     0.00000000     0.00000000     
248.09090602   -122.14016513  47.64146792    116.97500000   5.00000000     0.00000000     0.00000000     0.00000000     0.00000000     0.00000000     
248.19451767   -122.14016513  47.64146792    116.97500000   5.00000000     0.00000000     0.00000000     0.00000000     0.00000000     0.00000000     
248.29436862   -122.14016513  47.64146792    116.97500000   5.00000000     0.00000000     0.00000000     0.00000000     0.00000000     0.00000000     
248.39693399   -122.14016513  47.64146792    116.97500000   5.00000000     0.00000000     0.00000000     0.00000000     0.00000000     0.00000000     
248.49416587   -122.14016513  47.64146792    116.97500000   5.00000000     0.00000000     0.00000000     0.00000000     0.00000000     0.00000000     
248.59634486   -122.14016513  47.64146792    116.97500000   5.00000000     0.00000000     0.00000000     0.00000000     0.00000000     0.00000000     
248.69840947   -122.14016513  47.64146792    116.97500000   5.00000000     0.00000000     0.00000000     0.00000000     0.00000000     0.00000000     
248.79928033   -122.14016513  47.64146792    116.97500000   5.00000000     0.00000000     0.00000000     0.00000000     0.00000000     0.00000000     
248.89686205   -122.14016513  47.64146792    116.97500000   5.00000000     0.00000000     0.00000000     0.00000000     0.00000000     0.00000000     
249.00352596   -122.14016513  47.64146792    116.97500000   5.00000000     0.00000000     0.00000000     0.00000000     0.00000000     0.00000000     
249.10428482   -122.14016513  47.64146792    116.97500000   5.00000000     0.00000000     0.00000000     0.00000000     0.00000000     0.00000000     
249.20188786   -122.14016513  47.64146792    116.97500000   5.00000000     0.00000000     0.00000000     0.00000000     0.00000000     0.00000000     
249.28819563   -122.14016513  47.64146792    116.97500000   5.00000000     0.00000000     0.00000000     0.00000000     0.00000000     0.00000000     
249.40954126   -122.14016513  47.64146792    116.97500000   5.00000000     0.00000000     0.00000000     0.00000000     0.00000000     0.00000000     
249.49530307   -122.14016513  47.64146792    116.97500000   5.00000000     0.00000000     0.00000000     0.00000000     0.00000000     0.00000000     
249.59806734   -122.14016513  47.64146792    116.97500000   5.00000000     0.00000000     0.00000000     0.00000000     0.00000000     0.00000000     
249.70618559   -122.14016513  47.64146792    116.97500000   5.00000000     0.00000000     0.00000000     0.00000000     0.00000000     0.00000000     
249.79808521   -122.14016513  47.64146792    116.97500000   5.00000000     0.00000000     0.00000000     0.00000000     0.00000000     0.00000000     
249.90059901   -122.14016513  47.64146792    116.97500000   5.00000000     0.00000000     0.00000000     0.00000000     0.00000000     0.00000000     
250.00314629   -122.14016513  47.64146792    116.97500000   5.00000000     0.00000000     0.00000000     0.00000000     0.00000000     0.00000000     
250.10210651   -122.14016513  47.64146792    116.97500000   5.00000000     0.00000000     0.00000000     0.00000000     0.00000000     0.00000000     
250.20248593   -122.14016513  47.64146792    116.97500000   5.00000000     0.00000000     0.00000000     0.00000000     0.00000000     0.00000000     
250.30524694   -122.14016513  47.64146792    116.97500000   5.00000000     0.00000000     0.00000000     0.00000000     0.00000000     0.00000000     
250.39346751   -122.14016513  47.64146792    116.97500000   5.00000000     0.00000000     0.00000000     0.00000000     0.00000000     0.00000000     
250.50434450   -122.14016513  47.64146792    116.97500000   5.00000000     0.00000000     0.00000000     0.00000000     0.00000000     0.00000000     
250.60042481   -122.14016513  47.64146792    116.97500000   5.00000000     0.00000000     0.00000000     0.00000000     0.00000000     0.00000000     
250.69078325   -122.14016513  47.64146792    116.97500000   5.00000000     0.00000000     0.00000000     0.00000000     0.00000000     0.00000000     
250.79692436   -122.14016513  47.64146792    116.97500000   5.00000000     0.00000000     0.00000000     0.00000000     0.00000000     0.00000000     
250.90121431   -122.14016513  47.64146792    116.97500000   5.00000000     0.00000000     0.00000000     0.00000000     0.00000000     0.00000000     
251.00242123   -122.14016513  47.64146792    116.97500000   5.00000000     0.00000000     0.00000000     0.00000000     0.00000000     0.00000000     
251.10115198   -122.14016513  47.64146792    116.97500000   5.00000000     0.00000000     0.00000000     0.00000000     0.00000000     0.00000000     
251.20089714   -122.14016513  47.64146792    116.97500000   5.00000000     0.00000000     0.00000000     0.00000000     0.00000000     0.00000000     
251.30823215   -122.14016513  47.64146792    116.97500000   5.00000000     0.00000000     0.00000000     0.00000000     0.00000000     0.00000000     
251.40504853   -122.14016513  47.64146792    116.97500000   5.00000000     0.00000000     0.00000000     0.00000000     0.00000000     0.00000000     
251.49302304   -122.14016513  47.64146792    116.97500000   5.00000000     0.00000000     0.00000000     0.00000000     0.00000000     0.00000000     
251.59391816   -122.14016513  47.64146792    116.97500000   5.00000000     0.00000000     0.00000000     0.00000000     0.00000000     0.00000000     
251.69809706   -122.14016513  47.64146792    116.97500000   5.00000000     0.00000000     0.00000000     0.00000000     0.00000000     0.00000000     
251.79785162   -122.14016513  47.64146792    116.97500000   5.00000000     0.00000000     0.00000000     0.00000000     0.00000000     0.00000000     
251.89551247   -122.14016513  47.64146792    116.97500000   5.00000000     0.00000000     0.00000000     0.00000000     0.00000000     0.00000000     
251.99293246   -122.14016513  47.64146792    116.97500000   5.00000000     0.00000000     0.00000000     0.00000000     0.00000000     0.00000000     
252.09936515   -122.14016513  47.64146792    116.97500000   5.00000000     0.00000000     0.00000000     0.00000000     0.00000000     0.00000000     
252.19772456   -122.14016513  47.64146792    116.97500000   5.00000000     0.00000000     0.00000000     0.00000000     0.00000000     0.00000000     
252.30740962   -122.14016513  47.64146792    116.97500000   5.00000000     0.00000000     0.00000000     0.00000000     0.00000000     0.00000000     
252.38934820   -122.14016513  47.64146792    116.97500000   5.00000000     0.00000000     0.00000000     0.00000000     0.00000000     0.00000000     
252.49972005   -122.14016513  47.64146792    116.97500000   5.00000000     0.00000000     0.00000000     0.00000000     0.00000000     0.00000000     
252.60629409   -122.14016513  47.64146792    116.97500000   5.00000000     0.00000000     0.00000000     0.00000000     0.00000000     0.00000000     
252.70049165   -122.14016513  47.64146792    116.97500000   5.00000000     0.00000000     0.00000000     0.00000000     0.00000000     0.00000000     
252.79300861   -122.14016513  47.64146792    116.97500000   5.00000000     0.00000000     0.00000000     0.00000000     0.00000000     0.00000000     
252.88727074   -122.14016513  47.64146792    116.97500000   5.00000000     0.00000000     0.00000000     0.00000000     0.00000000     0.00000000     
252.99338565   -122.14016513  47.64146792    116.97500000   5.00000000     0.00000000     0.00000000     0.00000000     0.00000000     0.00000000     
253.09513194   -122.14016513  47.64146792    116.97500000   5.00000000     0.00000000     0.00000000     0.00000000     0.00000000     0.00000000     
253.19814359   -122.14016513  47.64146792    116.97500000   5.00000000     0.00000000     0.00000000     0.00000000     0.00000000     0.00000000     
253.29546712   -122.14016513  47.64146792    116.97500000   5.00000000     0.00000000     0.00000000     0.00000000     0.00000000     0.00000000     
253.40161794   -122.14016513  47.64146792    116.97500000   5.00000000     0.00000000     0.00000000     0.00000000     0.00000000     0.00000000     
253.50310959   -122.14016513  47.64146792    116.97500000   5.00000000     0.00000000     0.00000000     0.00000000     0.00000000     0.00000000     
253.59588049   -122.14016513  47.64146792    116.97500000   5.00000000     0.00000000     0.00000000     0.00000000     0.00000000     0.00000000     
253.69910294   -122.14016513  47.64146792    116.97500000   5.00000000     0.00000000     0.00000000     0.00000000     0.00000000     0.00000000     
253.80041480   -122.14016513  47.64146792    116.97500000   5.00000000     0.00000000     0.00000000     0.00000000     0.00000000     0.00000000     
253.89365027   -122.14016513  47.64146792    116.97500000   5.00000000     0.00000000     0.00000000     0.00000000     0.00000000     0.00000000     
254.00470975   -122.14016513  47.64146792    116.97500000   5.00000000     0.00000000     0.00000000     0.00000000     0.00000000     0.00000000     
254.09974389   -122.14016513  47.64146792    116.97500000   5.00000000     0.00000000     0.00000000     0.00000000     0.00000000     0.00000000     
254.19753245   -122.14016513  47.64146792    116.97500000   5.00000000     0.00000000     0.00000000     0.00000000     0.00000000     0.00000000     
254.29309124   -122.14016513  47.64146792    116.97500000   5.00000000     0.00000000     0.00000000     0.00000000     0.00000000     0.00000000     
254.40836702   -122.14016513  47.64146792    116.97500000   5.00000000     0.00000000     0.00000000     0.00000000     0.00000000     0.00000000     
254.50180371   -122.14016513  47.64146792    116.97500000   5.00000000     0.00000000     0.00000000     0.00000000     0.00000000     0.00000000     
254.59453464   -122.14016513  47.64146792    116.97500000   5.00000000     0.00000000     0.00000000     0.00000000     0.00000000     0.00000000     
254.70452428   -122.14016513  47.64146792    116.97500000   5.00000000     0.00000000     0.00000000     0.00000000     0.00000000     0.00000000     
254.80313396   -122.14016513  47.64146792    116.97500000   5.00000000     0.00000000     0.00000000     0.00000000     0.00000000     0.00000000     
254.89782838   -122.14016513  47.64146792    116.97500000   5.00000000     0.00000000     0.00000000     0.00000000     0.00000000     0.00000000     
254.99945934   -122.14016513  47.64146792    116.97500000   5.00000000     0.00000000     0.00000000     0.00000000     0.00000000     0.00000000     
255.10809254   -122.14016513  47.64146792    116.97500000   5.00000000     0.00000000     0.00000000     0.00000000     0.00000000     0.00000000     
255.20587193   -122.14016513  47.64146792    116.97500000   5.00000000     0.00000000     0.00000000     0.00000000     0.00000000     0.00000000     
255.29791034   -122.14016513  47.64146792    116.97500000   5.00000000     0.00000000     0.00000000     0.00000000     0.00000000     0.00000000     
255.41006326   -122.14016513  47.64146792    116.97500000   5.00000000     0.00000000     0.00000000     0.00000000     0.00000000     0.00000000     
255.49284914   -122.14016513  47.64146792    116.97500000   5.00000000     0.00000000     0.00000000     0.00000000     0.00000000     0.00000000     
255.59503126   -122.14016513  47.64146792    116.97500000   5.00000000     0.00000000     0.00000000     0.00000000     0.00000000     0.00000000     
255.69432308   -122.14016513  47.64146792    116.97500000   5.00000000     0.00000000     0.00000000     0.00000000     0.00000000     0.00000000     
255.80171209   -122.14016513  47.64146792    116.97500000   5.00000000     0.00000000     0.00000000     0.00000000     0.00000000     0.00000000     
255.89356141   -122.14016513  47.64146792    116.97500000   5.00000000     0.00000000     0.00000000     0.00000000     0.00000000     0.00000000     
256.00373467   -122.14016513  47.64146792    116.97500000   5.00000000     0.00000000     0.00000000     0.00000000     0.00000000     0.00000000     
256.08920587   -122.14016513  47.64146792    116.97500000   5.00000000     0.00000000     0.00000000     0.00000000     0.00000000     0.00000000     
256.19336434   -122.14016513  47.64146792    116.97500000   5.00000000     0.00000000     0.00000000     0.00000000     0.00000000     0.00000000     
256.29825137   -122.14016513  47.64146792    116.97500000   5.00000000     0.00000000     0.00000000     0.00000000     0.00000000     0.00000000     
256.40382166   -122.14016513  47.64146792    116.97500000   5.00000000     0.00000000     0.00000000     0.00000000     0.00000000     0.00000000     
256.49597790   -122.14016513  47.64146792    116.97500000   5.00000000     0.00000000     0.00000000     0.00000000     0.00000000     0.00000000     
256.59254188   -122.14016513  47.64146792    116.97500000   5.00000000     0.00000000     0.00000000     0.00000000     0.00000000     0.00000000     
256.70339242   -122.14016513  47.64146792    116.97500000   5.00000000     0.00000000     0.00000000     0.00000000     0.00000000     0.00000000     
256.80350255   -122.14016513  47.64146792    116.97500000   5.00000000     0.00000000     0.00000000     0.00000000     0.00000000     0.00000000     
256.90074611   -122.14016513  47.64146792    116.97500000   5.00000000     0.00000000     0.00000000     0.00000000     0.00000000     0.00000000     
256.99102246   -122.14016513  47.64146792    116.97500000   5.00000000     0.00000000     0.00000000     0.00000000     0.00000000     0.00000000     
257.10301672   -122.14016513  47.64146792    116.97500000   5.00000000     0.00000000     0.00000000     0.00000000     0.00000000     0.00000000     
257.19886824   -122.14016513  47.64146792    116.97500000   5.00000000     0.00000000     0.00000000     0.00000000     0.00000000     0.00000000     
257.29662784   -122.14016513  47.64146792    116.97500000   5.00000000     0.00000000     0.00000000     0.00000000     0.00000000     0.00000000     
257.39485580   -122.14016513  47.64146792    116.97500000   5.00000000     0.00000000     0.00000000     0.00000000     0.00000000     0.00000000     
257.49643729   -122.14016513  47.64146792    116.97500000   5.00000000     0.00000000     0.00000000     0.00000000     0.00000000     0.00000000     
257.59721422   -122.14016513  47.64146792    116.97500000   5.00000000     0.00000000     0.00000000     0.00000000     0.00000000     0.00000000     
257.71216717   -122.14016513  47.64146792    116.97500000   5.00000000     0.00000000     0.00000000     0.00000000     0.00000000     0.00000000     
257.79279901   -122.14016513  47.64146792    116.97500000   5.00000000     0.00000000     0.00000000     0.00000000     0.00000000     0.00000000     
257.90530303   -122.14016513  47.64146792    116.97500000   5.00000000     0.00000000     0.00000000     0.00000000     0.00000000     0.00000000     
258.00116950   -122.14016513  47.64146792    116.97500000   5.00000000     0.00000000     0.00000000     0.00000000     0.00000000     0.00000000     
258.09614409   -122.14016513  47.64146792    116.97500000   5.00000000     0.00000000     0.00000000     0.00000000     0.00000000     0.00000000     
258.19840672   -122.14016513  47.64146792    116.97500000   5.00000000     0.00000000     0.00000000     0.00000000     0.00000000     0.00000000     
258.30060581   -122.14016513  47.64146792    116.97500000   5.00000000     0.00000000     0.00000000     0.00000000     0.00000000     0.00000000     
258.39935017   -122.14016513  47.64146792    116.97500000   5.00000000     0.00000000     0.00000000     0.00000000     0.00000000     0.00000000     
258.51045770   -122.14016513  47.64146792    116.97500000   5.00000000     0.00000000     0.00000000     0.00000000     0.00000000     0.00000000     
258.60348349   -122.14016513  47.64146792    116.97500000   5.00000000     0.00000000     0.00000000     0.00000000     0.00000000     0.00000000     
258.70221213   -122.14016513  47.64146792    116.97500000   5.00000000     0.00000000     0.00000000     0.00000000     0.00000000     0.00000000     
258.80219679   -122.14016513  47.64146792    116.97500000   5.00000000     0.00000000     0.00000000     0.00000000     0.00000000     0.00000000     
258.90603569   -122.14016513  47.64146792    116.97500000   5.00000000     0.00000000     0.00000000     0.00000000     0.00000000     0.00000000     
258.99737171   -122.14016513  47.64146792    116.97500000   5.00000000     0.00000000     0.00000000     0.00000000     0.00000000     0.00000000     
259.10478498   -122.14016513  47.64146792    116.97500000   5.00000000     0.00000000     0.00000000     0.00000000     0.00000000     0.00000000     
259.20801159   -122.14016513  47.64146792    116.97500000   5.00000000     0.00000000     0.00000000     0.00000000     0.00000000     0.00000000     
259.30239485   -122.14016513  47.64146792    116.97500000   5.00000000     0.00000000     0.00000000     0.00000000     0.00000000     0.00000000     
259.39993793   -122.14016513  47.64146792    116.97500000   5.00000000     0.00000000     0.00000000     0.00000000     0.00000000     0.00000000     
259.50033708   -122.14016513  47.64146792    116.97500000   5.00000000     0.00000000     0.00000000     0.00000000     0.00000000     0.00000000     
259.61011619   -122.14016513  47.64146792    116.97500000   5.00000000     0.00000000     0.00000000     0.00000000     0.00000000     0.00000000     
259.69045815   -122.14016513  47.64146792    116.97500000   5.00000000     0.00000000     0.00000000     0.00000000     0.00000000     0.00000000     
259.80689010   -122.14016513  47.64146792    116.97500000   5.00000000     0.00000000     0.00000000     0.00000000     0.00000000     0.00000000     
259.90409666   -122.14016513  47.64146792    116.97500000   5.00000000     0.00000000     0.00000000     0.00000000     0.00000000     0.00000000     
259.99455942   -122.14016513  47.64146792    116.97500000   5.00000000     0.00000000     0.00000000     0.00000000     0.00000000     0.00000000     
260.09505940   -122.14016513  47.64146792    116.97500000   5.00000000     0.00000000     0.00000000     0.00000000     0.00000000     0.00000000     
260.19809581   -122.14016513  47.64146792    116.97500000   5.00000000     0.00000000     0.00000000     0.00000000     0.00000000     0.00000000     
260.30653968   -122.14016513  47.64146792    116.97500000   5.00000000     0.00000000     0.00000000     0.00000000     0.00000000     0.00000000     
260.40939750   -122.14016513  47.64146792    116.97500000   5.00000000     0.00000000     0.00000000     0.00000000     0.00000000     0.00000000     
260.49897077   -122.14016513  47.64146792    116.97500000   5.00000000     0.00000000     0.00000000     0.00000000     0.00000000     0.00000000     
260.60375573   -122.14016513  47.64146792    116.97500000   5.00000000     0.00000000     0.00000000     0.00000000     0.00000000     0.00000000     
260.70022114   -122.14016513  47.64146792    116.97500000   5.00000000     0.00000000     0.00000000     0.00000000     0.00000000     0.00000000     
260.80720029   -122.14016513  47.64146792    116.97500000   5.00000000     0.00000000     0.00000000     0.00000000     0.00000000     0.00000000     
260.89753887   -122.14016513  47.64146792    116.97500000   5.00000000     0.00000000     0.00000000     0.00000000     0.00000000     0.00000000     
260.99626437   -122.14016513  47.64146792    116.97500000   5.00000000     0.00000000     0.00000000     0.00000000     0.00000000     0.00000000     
261.09676025   -122.14016513  47.64146792    116.97500000   5.00000000     0.00000000     0.00000000     0.00000000     0.00000000     0.00000000     
261.19645981   -122.14016513  47.64146792    116.97500000   5.00000000     0.00000000     0.00000000     0.00000000     0.00000000     0.00000000     
261.30429789   -122.14016513  47.64146792    116.97500000   5.00000000     0.00000000     0.00000000     0.00000000     0.00000000     0.00000000     
261.40151825   -122.14016513  47.64146792    116.97500000   5.00000000     0.00000000     0.00000000     0.00000000     0.00000000     0.00000000     
261.50649071   -122.14016513  47.64146792    116.97500000   5.00000000     0.00000000     0.00000000     0.00000000     0.00000000     0.00000000     
261.59033452   -122.14016513  47.64146792    116.97500000   5.00000000     0.00000000     0.00000000     0.00000000     0.00000000     0.00000000     
261.69593725   -122.14016513  47.64146792    116.97500000   5.00000000     0.00000000     0.00000000     0.00000000     0.00000000     0.00000000     
261.79947657   -122.14016513  47.64146792    116.97500000   5.00000000     0.00000000     0.00000000     0.00000000     0.00000000     0.00000000     
261.90661076   -122.14016513  47.64146792    116.97500000   5.00000000     0.00000000     0.00000000     0.00000000     0.00000000     0.00000000     
262.01109784   -122.14016513  47.64146792    116.97500000   5.00000000     0.00000000     0.00000000     0.00000000     0.00000000     0.00000000     
262.10610792   -122.14016513  47.64146792    116.97500000   5.00000000     0.00000000     0.00000000     0.00000000     0.00000000     0.00000000     
262.19688156   -122.14016513  47.64146792    116.97500000   5.00000000     0.00000000     0.00000000     0.00000000     0.00000000     0.00000000     
262.30515085   -122.14016513  47.64146792    116.97500000   5.00000000     0.00000000     0.00000000     0.00000000     0.00000000     0.00000000     
262.39968108   -122.14016513  47.64146792    116.97500000   5.00000000     0.00000000     0.00000000     0.00000000     0.00000000     0.00000000     
262.50555821   -122.14016513  47.64146792    116.97500000   5.00000000     0.00000000     0.00000000     0.00000000     0.00000000     0.00000000     
262.59989084   -122.14016513  47.64146792    116.97500000   5.00000000     0.00000000     0.00000000     0.00000000     0.00000000     0.00000000     
262.70589375   -122.14016513  47.64146792    116.97500000   5.00000000     0.00000000     0.00000000     0.00000000     0.00000000     0.00000000     
262.79799496   -122.14016513  47.64146792    116.97500000   5.00000000     0.00000000     0.00000000     0.00000000     0.00000000     0.00000000     
262.88914548   -122.14016513  47.64146792    116.97500000   5.00000000     0.00000000     0.00000000     0.00000000     0.00000000     0.00000000     
262.99791126   -122.14016513  47.64146792    116.97500000   5.00000000     0.00000000     0.00000000     0.00000000     0.00000000     0.00000000     
263.09733269   -122.14016513  47.64146792    116.97500000   5.00000000     0.00000000     0.00000000     0.00000000     0.00000000     0.00000000     
263.19808463   -122.14016513  47.64146792    116.97500000   5.00000000     0.00000000     0.00000000     0.00000000     0.00000000     0.00000000     
263.30764598   -122.14016513  47.64146792    116.97500000   5.00000000     0.00000000     0.00000000     0.00000000     0.00000000     0.00000000     
263.39046945   -122.14016513  47.64146792    116.97500000   5.00000000     0.00000000     0.00000000     0.00000000     0.00000000     0.00000000     
263.50329270   -122.14016513  47.64146792    116.97500000   5.00000000     0.00000000     0.00000000     0.00000000     0.00000000     0.00000000     
263.58769895   -122.14016513  47.64146792    116.97500000   5.00000000     0.00000000     0.00000000     0.00000000     0.00000000     0.00000000     
263.70313781   -122.14016513  47.64146792    116.97500000   5.00000000     0.00000000     0.00000000     0.00000000     0.00000000     0.00000000     
263.80468203   -122.14016513  47.64146792    116.97500000   5.00000000     0.00000000     0.00000000     0.00000000     0.00000000     0.00000000     
263.89615721   -122.14016513  47.64146792    116.97500000   5.00000000     0.00000000     0.00000000     0.00000000     0.00000000     0.00000000     
263.99579929   -122.14016513  47.64146792    116.97500000   5.00000000     0.00000000     0.00000000     0.00000000     0.00000000     0.00000000     
264.10063060   -122.14016513  47.64146792    116.97500000   5.00000000     0.00000000     0.00000000     0.00000000     0.00000000     0.00000000     
264.20110635   -122.14016513  47.64146792    116.97500000   5.00000000     0.00000000     0.00000000     0.00000000     0.00000000     0.00000000     
264.30065479   -122.14016513  47.64146792    116.97500000   5.00000000     0.00000000     0.00000000     0.00000000     0.00000000     0.00000000     
264.40003227   -122.14016513  47.64146792    116.97500000   5.00000000     0.00000000     0.00000000     0.00000000     0.00000000     0.00000000     
264.49489967   -122.14016513  47.64146792    116.97500000   5.00000000     0.00000000     0.00000000     0.00000000     0.00000000     0.00000000     
264.60530465   -122.14016513  47.64146792    116.97500000   5.00000000     0.00000000     0.00000000     0.00000000     0.00000000     0.00000000     
264.69473590   -122.14016513  47.64146792    116.97500000   5.00000000     0.00000000     0.00000000     0.00000000     0.00000000     0.00000000     
264.79166338   -122.14016513  47.64146792    116.97500000   5.00000000     0.00000000     0.00000000     0.00000000     0.00000000     0.00000000     
264.90364610   -122.14016513  47.64146792    116.97500000   5.00000000     0.00000000     0.00000000     0.00000000     0.00000000     0.00000000     
265.01285311   -122.14016513  47.64146792    116.97500000   5.00000000     0.00000000     0.00000000     0.00000000     0.00000000     0.00000000     
265.08322632   -122.14016513  47.64146792    116.97500000   5.00000000     0.00000000     0.00000000     0.00000000     0.00000000     0.00000000     
265.19608237   -122.14016513  47.64146792    116.97500000   5.00000000     0.00000000     0.00000000     0.00000000     0.00000000     0.00000000     
265.28953848   -122.14016513  47.64146792    116.97500000   5.00000000     0.00000000     0.00000000     0.00000000     0.00000000     0.00000000     
265.39234098   -122.14016513  47.64146792    116.97500000   5.00000000     0.00000000     0.00000000     0.00000000     0.00000000     0.00000000     
265.50099621   -122.14016513  47.64146792    116.97500000   5.00000000     0.00000000     0.00000000     0.00000000     0.00000000     0.00000000     
265.59452809   -122.14016513  47.64146792    116.97500000   5.00000000     0.00000000     0.00000000     0.00000000     0.00000000     0.00000000     
265.70328320   -122.14016513  47.64146792    116.97500000   5.00000000     0.00000000     0.00000000     0.00000000     0.00000000     0.00000000     
265.80974094   -122.14016513  47.64146792    116.97500000   5.00000000     0.00000000     0.00000000     0.00000000     0.00000000     0.00000000     
265.90112298   -122.14016513  47.64146792    116.97500000   5.00000000     0.00000000     0.00000000     0.00000000     0.00000000     0.00000000     
265.99753980   -122.14016513  47.64146792    116.97500000   5.00000000     0.00000000     0.00000000     0.00000000     0.00000000     0.00000000     
266.09549126   -122.14016513  47.64146792    116.97500000   5.00000000     0.00000000     0.00000000     0.00000000     0.00000000     0.00000000     
266.20412820   -122.14016513  47.64146792    116.97500000   5.00000000     0.00000000     0.00000000     0.00000000     0.00000000     0.00000000     
266.30320558   -122.14016513  47.64146792    116.97500000   5.00000000     0.00000000     0.00000000     0.00000000     0.00000000     0.00000000     
266.39737575   -122.14016513  47.64146792    116.97500000   5.00000000     0.00000000     0.00000000     0.00000000     0.00000000     0.00000000     
266.50034322   -122.14016513  47.64146792    116.97500000   5.00000000     0.00000000     0.00000000     0.00000000     0.00000000     0.00000000     
266.59347308   -122.14016513  47.64146792    116.97500000   5.00000000     0.00000000     0.00000000     0.00000000     0.00000000     0.00000000     
266.70846039   -122.14016513  47.64146792    116.97500000   5.00000000     0.00000000     0.00000000     0.00000000     0.00000000     0.00000000     
266.79760762   -122.14016513  47.64146792    116.97500000   5.00000000     0.00000000     0.00000000     0.00000000     0.00000000     0.00000000     
266.89988250   -122.14016513  47.64146792    116.97500000   5.00000000     0.00000000     0.00000000     0.00000000     0.00000000     0.00000000     
266.99477327   -122.14016513  47.64146792    116.97500000   5.00000000     0.00000000     0.00000000     0.00000000     0.00000000     0.00000000     
267.09538733   -122.14016513  47.64146792    116.97500000   5.00000000     0.00000000     0.00000000     0.00000000     0.00000000     0.00000000     
267.20457219   -122.14016513  47.64146792    116.97500000   5.00000000     0.00000000     0.00000000     0.00000000     0.00000000     0.00000000     
267.30301192   -122.14016513  47.64146792    116.97500000   5.00000000     0.00000000     0.00000000     0.00000000     0.00000000     0.00000000     
267.39560562   -122.14016513  47.64146792    116.97500000   5.00000000     0.00000000     0.00000000     0.00000000     0.00000000     0.00000000     
267.50028056   -122.14016513  47.64146792    116.97500000   5.00000000     0.00000000     0.00000000     0.00000000     0.00000000     0.00000000     
267.60202164   -122.14016513  47.64146792    116.97500000   5.00000000     0.00000000     0.00000000     0.00000000     0.00000000     0.00000000     
267.69796795   -122.14016513  47.64146792    116.97500000   5.00000000     0.00000000     0.00000000     0.00000000     0.00000000     0.00000000     
267.78925189   -122.14016513  47.64146792    116.97500000   5.00000000     0.00000000     0.00000000     0.00000000     0.00000000     0.00000000     
267.89905141   -122.14016513  47.64146792    116.97500000   5.00000000     0.00000000     0.00000000     0.00000000     0.00000000     0.00000000     
268.00590165   -122.14016513  47.64146792    116.97500000   5.00000000     0.00000000     0.00000000     0.00000000     0.00000000     0.00000000     
268.09862221   -122.14016513  47.64146792    116.97500000   5.00000000     0.00000000     0.00000000     0.00000000     0.00000000     0.00000000     
268.19621427   -122.14016513  47.64146792    116.97500000   5.00000000     0.00000000     0.00000000     0.00000000     0.00000000     0.00000000     
268.29010245   -122.14016513  47.64146792    116.97500000   5.00000000     0.00000000     0.00000000     0.00000000     0.00000000     0.00000000     
268.39835645   -122.14016513  47.64146792    116.97500000   5.00000000     0.00000000     0.00000000     0.00000000     0.00000000     0.00000000     
268.48883484   -122.14016513  47.64146792    116.97500000   5.00000000     0.00000000     0.00000000     0.00000000     0.00000000     0.00000000     
268.59676935   -122.14016513  47.64146792    116.97500000   5.00000000     0.00000000     0.00000000     0.00000000     0.00000000     0.00000000     
268.69993052   -122.14016513  47.64146792    116.97500000   5.00000000     0.00000000     0.00000000     0.00000000     0.00000000     0.00000000     
268.79195668   -122.14016513  47.64146792    116.97500000   5.00000000     0.00000000     0.00000000     0.00000000     0.00000000     0.00000000     
268.89890763   -122.14016513  47.64146792    116.97500000   5.00000000     0.00000000     0.00000000     0.00000000     0.00000000     0.00000000     
268.99814641   -122.14016513  47.64146792    116.97500000   5.00000000     0.00000000     0.00000000     0.00000000     0.00000000     0.00000000     
269.09568874   -122.14016513  47.64146792    116.97500000   5.00000000     0.00000000     0.00000000     0.00000000     0.00000000     0.00000000     
269.20475187   -122.14016513  47.64146792    116.97500000   5.00000000     0.00000000     0.00000000     0.00000000     0.00000000     0.00000000     
269.29081667   -122.14016513  47.64146792    116.97500000   5.00000000     0.00000000     0.00000000     0.00000000     0.00000000     0.00000000     
269.39906365   -122.14016513  47.64146792    116.97500000   5.00000000     0.00000000     0.00000000     0.00000000     0.00000000     0.00000000     
269.50642076   -122.14016513  47.64146792    116.97500000   5.00000000     0.00000000     0.00000000     0.00000000     0.00000000     0.00000000     
269.59058126   -122.14016513  47.64146792    116.97500000   5.00000000     0.00000000     0.00000000     0.00000000     0.00000000     0.00000000     
269.70299545   -122.14016513  47.64146792    116.97500000   5.00000000     0.00000000     0.00000000     0.00000000     0.00000000     0.00000000     
269.79897781   -122.14016513  47.64146792    116.97500000   5.00000000     0.00000000     0.00000000     0.00000000     0.00000000     0.00000000     
269.89398737   -122.14016513  47.64146792    116.97500000   5.00000000     0.00000000     0.00000000     0.00000000     0.00000000     0.00000000     
270.00659348   -122.14016513  47.64146792    116.97500000   5.00000000     0.00000000     0.00000000     0.00000000     0.00000000     0.00000000     
270.11269695   -122.14016513  47.64146792    116.97500000   5.00000000     0.00000000     0.00000000     0.00000000     0.00000000     0.00000000     
270.19307461   -122.14016513  47.64146792    116.97500000   5.00000000     0.00000000     0.00000000     0.00000000     0.00000000     0.00000000     
270.30716475   -122.14016513  47.64146792    116.97500000   5.00000000     0.00000000     0.00000000     0.00000000     0.00000000     0.00000000     
270.38818292   -122.14016513  47.64146792    116.97500000   5.00000000     0.00000000     0.00000000     0.00000000     0.00000000     0.00000000     
270.50452412   -122.14016513  47.64146792    116.97500000   5.00000000     0.00000000     0.00000000     0.00000000     0.00000000     0.00000000     
270.58829382   -122.14016513  47.64146792    116.97500000   5.00000000     0.00000000     0.00000000     0.00000000     0.00000000     0.00000000     
270.70093825   -122.14016513  47.64146792    116.97500000   5.00000000     0.00000000     0.00000000     0.00000000     0.00000000     0.00000000     
270.79557202   -122.14016513  47.64146792    116.97500000   5.00000000     0.00000000     0.00000000     0.00000000     0.00000000     0.00000000     
270.89443102   -122.14016513  47.64146792    116.97500000   5.00000000     0.00000000     0.00000000     0.00000000     0.00000000     0.00000000     
271.00894356   -122.14016513  47.64146792    116.97500000   5.00000000     0.00000000     0.00000000     0.00000000     0.00000000     0.00000000     
271.09666505   -122.14016513  47.64146792    116.97500000   5.00000000     0.00000000     0.00000000     0.00000000     0.00000000     0.00000000     
271.19685255   -122.14016513  47.64146792    116.97500000   5.00000000     0.00000000     0.00000000     0.00000000     0.00000000     0.00000000     
271.30008409   -122.14016513  47.64146792    116.97500000   5.00000000     0.00000000     0.00000000     0.00000000     0.00000000     0.00000000     
271.38957356   -122.14016513  47.64146792    116.97500000   5.00000000     0.00000000     0.00000000     0.00000000     0.00000000     0.00000000     
271.50548854   -122.14016513  47.64146792    116.97500000   5.00000000     0.00000000     0.00000000     0.00000000     0.00000000     0.00000000     
271.59504345   -122.14016513  47.64146792    116.97500000   5.00000000     0.00000000     0.00000000     0.00000000     0.00000000     0.00000000     
271.69858485   -122.14016513  47.64146792    116.97500000   5.00000000     0.00000000     0.00000000     0.00000000     0.00000000     0.00000000     
271.77527670   -122.14016513  47.64146792    116.97500000   5.00000000     0.00000000     0.00000000     0.00000000     0.00000000     0.00000000     
271.89997071   -122.14016513  47.64146792    116.97500000   5.00000000     0.00000000     0.00000000     0.00000000     0.00000000     0.00000000     
272.00600906   -122.14016513  47.64146792    116.97500000   5.00000000     0.00000000     0.00000000     0.00000000     0.00000000     0.00000000     
272.10408187   -122.14016513  47.64146792    116.97500000   5.00000000     0.00000000     0.00000000     0.00000000     0.00000000     0.00000000     
272.20297640   -122.14016513  47.64146792    116.97500000   5.00000000     0.00000000     0.00000000     0.00000000     0.00000000     0.00000000     
272.29845541   -122.14016513  47.64146792    116.97500000   5.00000000     0.00000000     0.00000000     0.00000000     0.00000000     0.00000000     
272.40166972   -122.14016513  47.64146792    116.97500000   5.00000000     0.00000000     0.00000000     0.00000000     0.00000000     0.00000000     
272.49475565   -122.14016513  47.64146792    116.97500000   5.00000000     0.00000000     0.00000000     0.00000000     0.00000000     0.00000000     
272.60657491   -122.14016513  47.64146792    116.97500000   5.00000000     0.00000000     0.00000000     0.00000000     0.00000000     0.00000000     
272.69436083   -122.14016513  47.64146792    116.97500000   5.00000000     0.00000000     0.00000000     0.00000000     0.00000000     0.00000000     
272.80325144   -122.14016513  47.64146792    116.97500000   5.00000000     0.00000000     0.00000000     0.00000000     0.00000000     0.00000000     
272.90441655   -122.14016513  47.64146792    116.97500000   5.00000000     0.00000000     0.00000000     0.00000000     0.00000000     0.00000000     
273.01150463   -122.14016513  47.64146792    116.97500000   5.00000000     0.00000000     0.00000000     0.00000000     0.00000000     0.00000000     
273.10062258   -122.14016513  47.64146792    116.97500000   5.00000000     0.00000000     0.00000000     0.00000000     0.00000000     0.00000000     
273.20794170   -122.14016513  47.64146792    116.97500000   5.00000000     0.00000000     0.00000000     0.00000000     0.00000000     0.00000000     
273.30339799   -122.14016513  47.64146792    116.97500000   5.00000000     0.00000000     0.00000000     0.00000000     0.00000000     0.00000000     
273.40973916   -122.14016513  47.64146792    116.97500000   5.00000000     0.00000000     0.00000000     0.00000000     0.00000000     0.00000000     
273.50306584   -122.14016513  47.64146792    116.97500000   5.00000000     0.00000000     0.00000000     0.00000000     0.00000000     0.00000000     
273.59973258   -122.14016513  47.64146792    116.97500000   5.00000000     0.00000000     0.00000000     0.00000000     0.00000000     0.00000000     
273.69386625   -122.14016513  47.64146792    116.97500000   5.00000000     0.00000000     0.00000000     0.00000000     0.00000000     0.00000000     
273.80193597   -122.14016513  47.64146792    116.97500000   5.00000000     0.00000000     0.00000000     0.00000000     0.00000000     0.00000000     
273.90724351   -122.14016513  47.64146792    116.97500000   5.00000000     0.00000000     0.00000000     0.00000000     0.00000000     0.00000000     
274.00779798   -122.14016513  47.64146792    116.97500000   5.00000000     0.00000000     0.00000000     0.00000000     0.00000000     0.00000000     
274.09785732   -122.14016513  47.64146792    116.97500000   5.00000000     0.00000000     0.00000000     0.00000000     0.00000000     0.00000000     
274.20913334   -122.14016513  47.64146792    116.97500000   5.00000000     0.00000000     0.00000000     0.00000000     0.00000000     0.00000000     
274.30340302   -122.14016513  47.64146792    116.97500000   5.00000000     0.00000000     0.00000000     0.00000000     0.00000000     0.00000000     
274.39061455   -122.14016513  47.64146792    116.97500000   5.00000000     0.00000000     0.00000000     0.00000000     0.00000000     0.00000000     
274.48827461   -122.14016513  47.64146792    116.97500000   5.00000000     0.00000000     0.00000000     0.00000000     0.00000000     0.00000000     
274.60449933   -122.14016513  47.64146792    116.97500000   5.00000000     0.00000000     0.00000000     0.00000000     0.00000000     0.00000000     
274.70955359   -122.14016513  47.64146792    116.97500000   5.00000000     0.00000000     0.00000000     0.00000000     0.00000000     0.00000000     
274.80085096   -122.14016513  47.64146792    116.97500000   5.00000000     0.00000000     0.00000000     0.00000000     0.00000000     0.00000000     
274.89331385   -122.14016513  47.64146792    116.97500000   5.00000000     0.00000000     0.00000000     0.00000000     0.00000000     0.00000000     
275.00739522   -122.14016513  47.64146792    116.97500000   5.00000000     0.00000000     0.00000000     0.00000000     0.00000000     0.00000000     
275.08524241   -122.14016513  47.64146792    116.97500000   5.00000000     0.00000000     0.00000000     0.00000000     0.00000000     0.00000000     
275.20379956   -122.14016513  47.64146792    116.97500000   5.00000000     0.00000000     0.00000000     0.00000000     0.00000000     0.00000000     
275.31037108   -122.14016513  47.64146792    116.97500000   5.00000000     0.00000000     0.00000000     0.00000000     0.00000000     0.00000000     
275.39239653   -122.14016513  47.64146792    116.97500000   5.00000000     0.00000000     0.00000000     0.00000000     0.00000000     0.00000000     
275.50797017   -122.14016513  47.64146792    116.97500000   5.00000000     0.00000000     0.00000000     0.00000000     0.00000000     0.00000000     
275.60270923   -122.14016513  47.64146792    116.97500000   5.00000000     0.00000000     0.00000000     0.00000000     0.00000000     0.00000000     
275.69851973   -122.14016513  47.64146792    116.97500000   5.00000000     0.00000000     0.00000000     0.00000000     0.00000000     0.00000000     
275.80019487   -122.14016513  47.64146792    116.97500000   5.00000000     0.00000000     0.00000000     0.00000000     0.00000000     0.00000000     
275.90146328   -122.14016513  47.64146792    116.97500000   5.00000000     0.00000000     0.00000000     0.00000000     0.00000000     0.00000000     
276.00688953   -122.14016513  47.64146792    116.97500000   5.00000000     0.00000000     0.00000000     0.00000000     0.00000000     0.00000000     
276.09696859   -122.14016513  47.64146792    116.97500000   5.00000000     0.00000000     0.00000000     0.00000000     0.00000000     0.00000000     
276.20493495   -122.14016513  47.64146792    116.97500000   5.00000000     0.00000000     0.00000000     0.00000000     0.00000000     0.00000000     
276.30249546   -122.14016513  47.64146792    116.97500000   5.00000000     0.00000000     0.00000000     0.00000000     0.00000000     0.00000000     
276.40439130   -122.14016513  47.64146792    116.97500000   5.00000000     0.00000000     0.00000000     0.00000000     0.00000000     0.00000000     
276.49733059   -122.14016513  47.64146792    116.97500000   5.00000000     0.00000000     0.00000000     0.00000000     0.00000000     0.00000000     
276.60475257   -122.14016513  47.64146792    116.97500000   5.00000000     0.00000000     0.00000000     0.00000000     0.00000000     0.00000000     
276.69939058   -122.14016513  47.64146792    116.97500000   5.00000000     0.00000000     0.00000000     0.00000000     0.00000000     0.00000000     
276.80126122   -122.14016513  47.64146792    116.97500000   5.00000000     0.00000000     0.00000000     0.00000000     0.00000000     0.00000000     
276.90316574   -122.14016513  47.64146792    116.97500000   5.00000000     0.00000000     0.00000000     0.00000000     0.00000000     0.00000000     
277.00478252   -122.14016513  47.64146792    116.97500000   5.00000000     0.00000000     0.00000000     0.00000000     0.00000000     0.00000000     
277.08526854   -122.14016513  47.64146792    116.97500000   5.00000000     0.00000000     0.00000000     0.00000000     0.00000000     0.00000000     
277.19547474   -122.14016513  47.64146792    116.97500000   5.00000000     0.00000000     0.00000000     0.00000000     0.00000000     0.00000000     
277.30057256   -122.14016513  47.64146792    116.97500000   5.00000000     0.00000000     0.00000000     0.00000000     0.00000000     0.00000000     
277.40479048   -122.14016513  47.64146792    116.97500000   5.00000000     0.00000000     0.00000000     0.00000000     0.00000000     0.00000000     
277.49060890   -122.14016513  47.64146792    116.97500000   5.00000000     0.00000000     0.00000000     0.00000000     0.00000000     0.00000000     
277.59809607   -122.14016513  47.64146792    116.97500000   5.00000000     0.00000000     0.00000000     0.00000000     0.00000000     0.00000000     
277.70282504   -122.14016513  47.64146792    116.97500000   5.00000000     0.00000000     0.00000000     0.00000000     0.00000000     0.00000000     
277.79926171   -122.14016513  47.64146792    116.97500000   5.00000000     0.00000000     0.00000000     0.00000000     0.00000000     0.00000000     
277.90526829   -122.14016513  47.64146792    116.97500000   5.00000000     0.00000000     0.00000000     0.00000000     0.00000000     0.00000000     
278.00730711   -122.14016513  47.64146792    116.97500000   5.00000000     0.00000000     0.00000000     0.00000000     0.00000000     0.00000000     
278.10124713   -122.14016513  47.64146792    116.97500000   5.00000000     0.00000000     0.00000000     0.00000000     0.00000000     0.00000000     
278.20061735   -122.14016513  47.64146792    116.97500000   5.00000000     0.00000000     0.00000000     0.00000000     0.00000000     0.00000000     
278.30099619   -122.14016513  47.64146792    116.97500000   5.00000000     0.00000000     0.00000000     0.00000000     0.00000000     0.00000000     
278.40273475   -122.14016513  47.64146792    116.97500000   5.00000000     0.00000000     0.00000000     0.00000000     0.00000000     0.00000000     
278.49887884   -122.14016513  47.64146792    116.97500000   5.00000000     0.00000000     0.00000000     0.00000000     0.00000000     0.00000000     
278.60254554   -122.14016513  47.64146792    116.97500000   5.00000000     0.00000000     0.00000000     0.00000000     0.00000000     0.00000000     
278.69198496   -122.14016513  47.64146792    116.97500000   5.00000000     0.00000000     0.00000000     0.00000000     0.00000000     0.00000000     
278.80271527   -122.14016513  47.64146792    116.97500000   5.00000000     0.00000000     0.00000000     0.00000000     0.00000000     0.00000000     
278.90145568   -122.14016513  47.64146792    116.97500000   5.00000000     0.00000000     0.00000000     0.00000000     0.00000000     0.00000000     
278.99520447   -122.14016513  47.64146792    116.97500000   5.00000000     0.00000000     0.00000000     0.00000000     0.00000000     0.00000000     
279.09874108   -122.14016513  47.64146792    116.97500000   5.00000000     0.00000000     0.00000000     0.00000000     0.00000000     0.00000000     
279.18612320   -122.14016513  47.64146792    116.97500000   5.00000000     0.00000000     0.00000000     0.00000000     0.00000000     0.00000000     
279.30157082   -122.14016513  47.64146792    116.97500000   5.00000000     0.00000000     0.00000000     0.00000000     0.00000000     0.00000000     
279.40370004   -122.14016513  47.64146792    116.97500000   5.00000000     0.00000000     0.00000000     0.00000000     0.00000000     0.00000000     
279.49782920   -122.14016513  47.64146792    116.97500000   5.00000000     0.00000000     0.00000000     0.00000000     0.00000000     0.00000000     
279.59624202   -122.14016513  47.64146792    116.97500000   5.00000000     0.00000000     0.00000000     0.00000000     0.00000000     0.00000000     
279.69954118   -122.14016513  47.64146792    116.97500000   5.00000000     0.00000000     0.00000000     0.00000000     0.00000000     0.00000000     
279.80366873   -122.14016513  47.64146792    116.97500000   5.00000000     0.00000000     0.00000000     0.00000000     0.00000000     0.00000000     
279.91108169   -122.14016513  47.64146792    116.97500000   5.00000000     0.00000000     0.00000000     0.00000000     0.00000000     0.00000000     
280.00060092   -122.14016513  47.64146792    116.97500000   5.00000000     0.00000000     0.00000000     0.00000000     0.00000000     0.00000000     
280.10141288   -122.14016513  47.64146792    116.97500000   5.00000000     0.00000000     0.00000000     0.00000000     0.00000000     0.00000000     
280.19029903   -122.14016513  47.64146792    116.97500000   5.00000000     0.00000000     0.00000000     0.00000000     0.00000000     0.00000000     
280.30122597   -122.14016513  47.64146792    116.97500000   5.00000000     0.00000000     0.00000000     0.00000000     0.00000000     0.00000000     
280.40848802   -122.14016513  47.64146792    116.97500000   5.00000000     0.00000000     0.00000000     0.00000000     0.00000000     0.00000000     
280.49570237   -122.14016513  47.64146792    116.97500000   5.00000000     0.00000000     0.00000000     0.00000000     0.00000000     0.00000000     
280.60052054   -122.14016513  47.64146792    116.97500000   5.00000000     0.00000000     0.00000000     0.00000000     0.00000000     0.00000000     
280.69752884   -122.14016513  47.64146792    116.97500000   5.00000000     0.00000000     0.00000000     0.00000000     0.00000000     0.00000000     
280.79668175   -122.14016513  47.64146792    116.97500000   5.00000000     0.00000000     0.00000000     0.00000000     0.00000000     0.00000000     
280.90327652   -122.14016513  47.64146792    116.97500000   5.00000000     0.00000000     0.00000000     0.00000000     0.00000000     0.00000000     
280.99430961   -122.14016513  47.64146792    116.97500000   5.00000000     0.00000000     0.00000000     0.00000000     0.00000000     0.00000000     
281.09293837   -122.14016513  47.64146792    116.97500000   5.00000000     0.00000000     0.00000000     0.00000000     0.00000000     0.00000000     
281.20164750   -122.14016513  47.64146792    116.97500000   5.00000000     0.00000000     0.00000000     0.00000000     0.00000000     0.00000000     
281.29262494   -122.14016513  47.64146792    116.97500000   5.00000000     0.00000000     0.00000000     0.00000000     0.00000000     0.00000000     
281.39517085   -122.14016513  47.64146792    116.97500000   5.00000000     0.00000000     0.00000000     0.00000000     0.00000000     0.00000000     
281.49539668   -122.14016513  47.64146792    116.97500000   5.00000000     0.00000000     0.00000000     0.00000000     0.00000000     0.00000000     
281.60326640   -122.14016513  47.64146792    116.97500000   5.00000000     0.00000000     0.00000000     0.00000000     0.00000000     0.00000000     
281.70159796   -122.14016513  47.64146792    116.97500000   5.00000000     0.00000000     0.00000000     0.00000000     0.00000000     0.00000000     
281.80469160   -122.14016513  47.64146792    116.97500000   5.00000000     0.00000000     0.00000000     0.00000000     0.00000000     0.00000000     
281.90056583   -122.14016513  47.64146792    116.97500000   5.00000000     0.00000000     0.00000000     0.00000000     0.00000000     0.00000000     
282.00120568   -122.14016513  47.64146792    116.97500000   5.00000000     0.00000000     0.00000000     0.00000000     0.00000000     0.00000000     
282.10123919   -122.14016513  47.64146792    116.97500000   5.00000000     0.00000000     0.00000000     0.00000000     0.00000000     0.00000000     
282.20814118   -122.14016513  47.64146792    116.97500000   5.00000000     0.00000000     0.00000000     0.00000000     0.00000000     0.00000000     
282.30639931   -122.14016513  47.64146792    116.97500000   5.00000000     0.00000000     0.00000000     0.00000000     0.00000000     0.00000000     
282.41069987   -122.14016513  47.64146792    116.97500000   5.00000000     0.00000000     0.00000000     0.00000000     0.00000000     0.00000000     
282.50491179   -122.14016513  47.64146792    116.97500000   5.00000000     0.00000000     0.00000000     0.00000000     0.00000000     0.00000000     
282.59272410   -122.14016513  47.64146792    116.97500000   5.00000000     0.00000000     0.00000000     0.00000000     0.00000000     0.00000000     
282.69977473   -122.14016513  47.64146792    116.97500000   5.00000000     0.00000000     0.00000000     0.00000000     0.00000000     0.00000000     
282.80235279   -122.14016513  47.64146792    116.97500000   5.00000000     0.00000000     0.00000000     0.00000000     0.00000000     0.00000000     
282.89761715   -122.14016513  47.64146792    116.97500000   5.00000000     0.00000000     0.00000000     0.00000000     0.00000000     0.00000000     
282.99755203   -122.14016513  47.64146792    116.97500000   5.00000000     0.00000000     0.00000000     0.00000000     0.00000000     0.00000000     
283.10238718   -122.14016513  47.64146792    116.97500000   5.00000000     0.00000000     0.00000000     0.00000000     0.00000000     0.00000000     
283.20680400   -122.14016513  47.64146792    116.97500000   5.00000000     0.00000000     0.00000000     0.00000000     0.00000000     0.00000000     
283.29313313   -122.14016513  47.64146792    116.97500000   5.00000000     0.00000000     0.00000000     0.00000000     0.00000000     0.00000000     
283.40155722   -122.14016513  47.64146792    116.97500000   5.00000000     0.00000000     0.00000000     0.00000000     0.00000000     0.00000000     
283.49597597   -122.14016513  47.64146792    116.97500000   5.00000000     0.00000000     0.00000000     0.00000000     0.00000000     0.00000000     
283.59910949   -122.14016513  47.64146792    116.97500000   5.00000000     0.00000000     0.00000000     0.00000000     0.00000000     0.00000000     
283.69945414   -122.14016513  47.64146792    116.97500000   5.00000000     0.00000000     0.00000000     0.00000000     0.00000000     0.00000000     
283.80208349   -122.14016513  47.64146792    116.97500000   5.00000000     0.00000000     0.00000000     0.00000000     0.00000000     0.00000000     
283.90432155   -122.14016513  47.64146792    116.97500000   5.00000000     0.00000000     0.00000000     0.00000000     0.00000000     0.00000000     
283.98026850   -122.14016513  47.64146792    116.97500000   5.00000000     0.00000000     0.00000000     0.00000000     0.00000000     0.00000000     
284.10770964   -122.14016513  47.64146792    116.97500000   5.00000000     0.00000000     0.00000000     0.00000000     0.00000000     0.00000000     
284.20376443   -122.14016513  47.64146792    116.97500000   5.00000000     0.00000000     0.00000000     0.00000000     0.00000000     0.00000000     
284.30573087   -122.14016513  47.64146792    116.97500000   5.00000000     0.00000000     0.00000000     0.00000000     0.00000000     0.00000000     
284.40035434   -122.14016513  47.64146792    116.97500000   5.00000000     0.00000000     0.00000000     0.00000000     0.00000000     0.00000000     
284.50295177   -122.14016513  47.64146792    116.97500000   5.00000000     0.00000000     0.00000000     0.00000000     0.00000000     0.00000000     
284.60360934   -122.14016513  47.64146792    116.97500000   5.00000000     0.00000000     0.00000000     0.00000000     0.00000000     0.00000000     
284.70252327   -122.14016513  47.64146792    116.97500000   5.00000000     0.00000000     0.00000000     0.00000000     0.00000000     0.00000000     
284.79690080   -122.14016513  47.64146792    116.97500000   5.00000000     0.00000000     0.00000000     0.00000000     0.00000000     0.00000000     
284.89783662   -122.14016513  47.64146792    116.97500000   5.00000000     0.00000000     0.00000000     0.00000000     0.00000000     0.00000000     
285.00815604   -122.14016513  47.64146792    116.97500000   5.00000000     0.00000000     0.00000000     0.00000000     0.00000000     0.00000000     
285.09682844   -122.14016513  47.64146792    116.97500000   5.00000000     0.00000000     0.00000000     0.00000000     0.00000000     0.00000000     
285.19724384   -122.14016513  47.64146792    116.97500000   5.00000000     0.00000000     0.00000000     0.00000000     0.00000000     0.00000000     
285.31457213   -122.14016513  47.64146792    116.97500000   5.00000000     0.00000000     0.00000000     0.00000000     0.00000000     0.00000000     
285.40311380   -122.14016513  47.64146792    116.97500000   5.00000000     0.00000000     0.00000000     0.00000000     0.00000000     0.00000000     
285.50545835   -122.14016513  47.64146792    116.97500000   5.00000000     0.00000000     0.00000000     0.00000000     0.00000000     0.00000000     
285.61353260   -122.14016513  47.64146792    116.97500000   5.00000000     0.00000000     0.00000000     0.00000000     0.00000000     0.00000000     
285.71064233   -122.14016513  47.64146792    116.97500000   5.00000000     0.00000000     0.00000000     0.00000000     0.00000000     0.00000000     
285.79819980   -122.14016513  47.64146792    116.97500000   5.00000000     0.00000000     0.00000000     0.00000000     0.00000000     0.00000000     
285.88897252   -122.14016513  47.64146792    116.97500000   5.00000000     0.00000000     0.00000000     0.00000000     0.00000000     0.00000000     
286.00484200   -122.14016513  47.64146792    116.97500000   5.00000000     0.00000000     0.00000000     0.00000000     0.00000000     0.00000000     
286.09784596   -122.14016513  47.64146792    116.97500000   5.00000000     0.00000000     0.00000000     0.00000000     0.00000000     0.00000000     
286.19348171   -122.14016513  47.64146792    116.97500000   5.00000000     0.00000000     0.00000000     0.00000000     0.00000000     0.00000000     
286.30439629   -122.14016513  47.64146792    116.97500000   5.00000000     0.00000000     0.00000000     0.00000000     0.00000000     0.00000000     
286.39509265   -122.14016513  47.64146792    116.97500000   5.00000000     0.00000000     0.00000000     0.00000000     0.00000000     0.00000000     
286.50588599   -122.14016513  47.64146792    116.97500000   5.00000000     0.00000000     0.00000000     0.00000000     0.00000000     0.00000000     
286.59310062   -122.14016513  47.64146792    116.97500000   5.00000000     0.00000000     0.00000000     0.00000000     0.00000000     0.00000000     
286.69325569   -122.14016513  47.64146792    116.97500000   5.00000000     0.00000000     0.00000000     0.00000000     0.00000000     0.00000000     
286.80605301   -122.14016513  47.64146792    116.97500000   5.00000000     0.00000000     0.00000000     0.00000000     0.00000000     0.00000000     
286.89722631   -122.14016513  47.64146792    116.97500000   5.00000000     0.00000000     0.00000000     0.00000000     0.00000000     0.00000000     
286.99964957   -122.14016513  47.64146792    116.97500000   5.00000000     0.00000000     0.00000000     0.00000000     0.00000000     0.00000000     
287.10094068   -122.14016513  47.64146792    116.97500000   5.00000000     0.00000000     0.00000000     0.00000000     0.00000000     0.00000000     
287.19740010   -122.14016513  47.64146792    116.97500000   5.00000000     0.00000000     0.00000000     0.00000000     0.00000000     0.00000000     
287.30037359   -122.14016513  47.64146792    116.97500000   5.00000000     0.00000000     0.00000000     0.00000000     0.00000000     0.00000000     
287.40343703   -122.14016513  47.64146792    116.97500000   5.00000000     0.00000000     0.00000000     0.00000000     0.00000000     0.00000000     
287.50060583   -122.14016513  47.64146792    116.97500000   5.00000000     0.00000000     0.00000000     0.00000000     0.00000000     0.00000000     
287.59658556   -122.14016513  47.64146792    116.97500000   5.00000000     0.00000000     0.00000000     0.00000000     0.00000000     0.00000000     
287.71141568   -122.14016513  47.64146792    116.97500000   5.00000000     0.00000000     0.00000000     0.00000000     0.00000000     0.00000000     
287.79658426   -122.14016513  47.64146792    116.97500000   5.00000000     0.00000000     0.00000000     0.00000000     0.00000000     0.00000000     
287.89662035   -122.14016513  47.64146792    116.97500000   5.00000000     0.00000000     0.00000000     0.00000000     0.00000000     0.00000000     
287.99750135   -122.14016513  47.64146792    116.97500000   5.00000000     0.00000000     0.00000000     0.00000000     0.00000000     0.00000000     
288.10722506   -122.14016513  47.64146792    116.97500000   5.00000000     0.00000000     0.00000000     0.00000000     0.00000000     0.00000000     
288.19955260   -122.14016513  47.64146792    116.97500000   5.00000000     0.00000000     0.00000000     0.00000000     0.00000000     0.00000000     
288.29941560   -122.14016513  47.64146792    116.97500000   5.00000000     0.00000000     0.00000000     0.00000000     0.00000000     0.00000000     
288.40498748   -122.14016513  47.64146792    116.97500000   5.00000000     0.00000000     0.00000000     0.00000000     0.00000000     0.00000000     
288.49333085   -122.14016513  47.64146792    116.97500000   5.00000000     0.00000000     0.00000000     0.00000000     0.00000000     0.00000000     
288.60119898   -122.14016513  47.64146792    116.97500000   5.00000000     0.00000000     0.00000000     0.00000000     0.00000000     0.00000000     
288.69363537   -122.14016513  47.64146792    116.97500000   5.00000000     0.00000000     0.00000000     0.00000000     0.00000000     0.00000000     
288.81032508   -122.14016513  47.64146792    116.97500000   5.00000000     0.00000000     0.00000000     0.00000000     0.00000000     0.00000000     
288.90614869   -122.14016513  47.64146792    116.97500000   5.00000000     0.00000000     0.00000000     0.00000000     0.00000000     0.00000000     
289.00060535   -122.14016513  47.64146792    116.97500000   5.00000000     0.00000000     0.00000000     0.00000000     0.00000000     0.00000000     
289.10051480   -122.14016513  47.64146792    116.97500000   5.00000000     0.00000000     0.00000000     0.00000000     0.00000000     0.00000000     
289.19862586   -122.14016513  47.64146792    116.97500000   5.00000000     0.00000000     0.00000000     0.00000000     0.00000000     0.00000000     
289.30032104   -122.14016513  47.64146792    116.97500000   5.00000000     0.00000000     0.00000000     0.00000000     0.00000000     0.00000000     
289.40439624   -122.14016513  47.64146792    116.97500000   5.00000000     0.00000000     0.00000000     0.00000000     0.00000000     0.00000000     
289.50976915   -122.14016513  47.64146792    116.97500000   5.00000000     0.00000000     0.00000000     0.00000000     0.00000000     0.00000000     
289.60115630   -122.14016513  47.64146792    116.97500000   5.00000000     0.00000000     0.00000000     0.00000000     0.00000000     0.00000000     
289.70205161   -122.14016513  47.64146792    116.97500000   5.00000000     0.00000000     0.00000000     0.00000000     0.00000000     0.00000000     
289.80093465   -122.14016513  47.64146792    116.97500000   5.00000000     0.00000000     0.00000000     0.00000000     0.00000000     0.00000000     
289.90296258   -122.14016513  47.64146792    116.97500000   5.00000000     0.00000000     0.00000000     0.00000000     0.00000000     0.00000000     
289.99702349   -122.14016513  47.64146792    116.97500000   5.00000000     0.00000000     0.00000000     0.00000000     0.00000000     0.00000000     
290.10007468   -122.14016513  47.64146792    116.97500000   5.00000000     0.00000000     0.00000000     0.00000000     0.00000000     0.00000000     
290.20507100   -122.14016513  47.64146792    116.97500000   5.00000000     0.00000000     0.00000000     0.00000000     0.00000000     0.00000000     
290.30340844   -122.14016513  47.64146792    116.97500000   5.00000000     0.00000000     0.00000000     0.00000000     0.00000000     0.00000000     
290.39970944   -122.14016513  47.64146792    116.97500000   5.00000000     0.00000000     0.00000000     0.00000000     0.00000000     0.00000000     
290.50101554   -122.14016513  47.64146792    116.97500000   5.00000000     0.00000000     0.00000000     0.00000000     0.00000000     0.00000000     
290.59356610   -122.14016513  47.64146792    116.97500000   5.00000000     0.00000000     0.00000000     0.00000000     0.00000000     0.00000000     
290.70814001   -122.14016513  47.64146792    116.97500000   5.00000000     0.00000000     0.00000000     0.00000000     0.00000000     0.00000000     
290.79286447   -122.14016513  47.64146792    116.97500000   5.00000000     0.00000000     0.00000000     0.00000000     0.00000000     0.00000000     
290.90679507   -122.14016513  47.64146792    116.97500000   5.00000000     0.00000000     0.00000000     0.00000000     0.00000000     0.00000000     
290.99789380   -122.14016513  47.64146792    116.97500000   5.00000000     0.00000000     0.00000000     0.00000000     0.00000000     0.00000000     
291.11033661   -122.14016513  47.64146792    116.97500000   5.00000000     0.00000000     0.00000000     0.00000000     0.00000000     0.00000000     
291.21280788   -122.14016513  47.64146792    116.97500000   5.00000000     0.00000000     0.00000000     0.00000000     0.00000000     0.00000000     
291.30082839   -122.14016513  47.64146792    116.97500000   5.00000000     0.00000000     0.00000000     0.00000000     0.00000000     0.00000000     
291.40433648   -122.14016513  47.64146792    116.97500000   5.00000000     0.00000000     0.00000000     0.00000000     0.00000000     0.00000000     
291.49659268   -122.14016513  47.64146792    116.97500000   5.00000000     0.00000000     0.00000000     0.00000000     0.00000000     0.00000000     
291.60198155   -122.14016513  47.64146792    116.97500000   5.00000000     0.00000000     0.00000000     0.00000000     0.00000000     0.00000000     
291.70330361   -122.14016513  47.64146792    116.97500000   5.00000000     0.00000000     0.00000000     0.00000000     0.00000000     0.00000000     
291.80350374   -122.14016513  47.64146792    116.97500000   5.00000000     0.00000000     0.00000000     0.00000000     0.00000000     0.00000000     
291.89365438   -122.14016513  47.64146792    116.97500000   5.00000000     0.00000000     0.00000000     0.00000000     0.00000000     0.00000000     
291.99450243   -122.14016513  47.64146792    116.97500000   5.00000000     0.00000000     0.00000000     0.00000000     0.00000000     0.00000000     
292.11123111   -122.14016513  47.64146792    116.97500000   5.00000000     0.00000000     0.00000000     0.00000000     0.00000000     0.00000000     
292.20047607   -122.14016513  47.64146792    116.97500000   5.00000000     0.00000000     0.00000000     0.00000000     0.00000000     0.00000000     
292.29785765   -122.14016513  47.64146792    116.97500000   5.00000000     0.00000000     0.00000000     0.00000000     0.00000000     0.00000000     
292.39492625   -122.14016513  47.64146792    116.97500000   5.00000000     0.00000000     0.00000000     0.00000000     0.00000000     0.00000000     
292.50445400   -122.14016513  47.64146792    116.97500000   5.00000000     0.00000000     0.00000000     0.00000000     0.00000000     0.00000000     
292.60169450   -122.14016513  47.64146792    116.97500000   5.00000000     0.00000000     0.00000000     0.00000000     0.00000000     0.00000000     
292.70359419   -122.14016513  47.64146792    116.97500000   5.00000000     0.00000000     0.00000000     0.00000000     0.00000000     0.00000000     
292.81041757   -122.14016513  47.64146792    116.97500000   5.00000000     0.00000000     0.00000000     0.00000000     0.00000000     0.00000000     
292.89936139   -122.14016513  47.64146792    116.97500000   5.00000000     0.00000000     0.00000000     0.00000000     0.00000000     0.00000000     
293.00057232   -122.14016513  47.64146792    116.97500000   5.00000000     0.00000000     0.00000000     0.00000000     0.00000000     0.00000000     
293.10396231   -122.14016513  47.64146792    116.97500000   5.00000000     0.00000000     0.00000000     0.00000000     0.00000000     0.00000000     
293.20828009   -122.14016513  47.64146792    116.97500000   5.00000000     0.00000000     0.00000000     0.00000000     0.00000000     0.00000000     
293.30320631   -122.14016513  47.64146792    116.97500000   5.00000000     0.00000000     0.00000000     0.00000000     0.00000000     0.00000000     
293.39801235   -122.14016513  47.64146792    116.97500000   5.00000000     0.00000000     0.00000000     0.00000000     0.00000000     0.00000000     
293.49633945   -122.14016513  47.64146792    116.97500000   5.00000000     0.00000000     0.00000000     0.00000000     0.00000000     0.00000000     
293.59747987   -122.14016513  47.64146792    116.97500000   5.00000000     0.00000000     0.00000000     0.00000000     0.00000000     0.00000000     
293.71055445   -122.14016513  47.64146792    116.97500000   5.00000000     0.00000000     0.00000000     0.00000000     0.00000000     0.00000000     
293.78474070   -122.14016513  47.64146792    116.97500000   5.00000000     0.00000000     0.00000000     0.00000000     0.00000000     0.00000000     
293.89357699   -122.14016513  47.64146792    116.97500000   5.00000000     0.00000000     0.00000000     0.00000000     0.00000000     0.00000000     
294.00960239   -122.14016513  47.64146792    116.97500000   5.00000000     0.00000000     0.00000000     0.00000000     0.00000000     0.00000000     
294.10901506   -122.14016513  47.64146792    116.97500000   5.00000000     0.00000000     0.00000000     0.00000000     0.00000000     0.00000000     
294.19992579   -122.14016513  47.64146792    116.97500000   5.00000000     0.00000000     0.00000000     0.00000000     0.00000000     0.00000000     
294.29755769   -122.14016513  47.64146792    116.97500000   5.00000000     0.00000000     0.00000000     0.00000000     0.00000000     0.00000000     
294.39516522   -122.14016513  47.64146792    116.97500000   5.00000000     0.00000000     0.00000000     0.00000000     0.00000000     0.00000000     
294.49693981   -122.14016513  47.64146792    116.97500000   5.00000000     0.00000000     0.00000000     0.00000000     0.00000000     0.00000000     
294.60835065   -122.14016513  47.64146792    116.97500000   5.00000000     0.00000000     0.00000000     0.00000000     0.00000000     0.00000000     
294.68646617   -122.14016513  47.64146792    116.97500000   5.00000000     0.00000000     0.00000000     0.00000000     0.00000000     0.00000000     
294.79407845   -122.14016513  47.64146792    116.97500000   5.00000000     0.00000000     0.00000000     0.00000000     0.00000000     0.00000000     
294.90732616   -122.14016513  47.64146792    116.97500000   5.00000000     0.00000000     0.00000000     0.00000000     0.00000000     0.00000000     
294.98593613   -122.14016513  47.64146792    116.97500000   5.00000000     0.00000000     0.00000000     0.00000000     0.00000000     0.00000000     
295.10509518   -122.14016513  47.64146792    116.97500000   5.00000000     0.00000000     0.00000000     0.00000000     0.00000000     0.00000000     
295.20534962   -122.14016513  47.64146792    116.97500000   5.00000000     0.00000000     0.00000000     0.00000000     0.00000000     0.00000000     
295.30163746   -122.14016513  47.64146792    116.97500000   5.00000000     0.00000000     0.00000000     0.00000000     0.00000000     0.00000000     
295.40679910   -122.14016513  47.64146792    116.97500000   5.00000000     0.00000000     0.00000000     0.00000000     0.00000000     0.00000000     
295.50142137   -122.14016513  47.64146792    116.97500000   5.00000000     0.00000000     0.00000000     0.00000000     0.00000000     0.00000000     
295.59948177   -122.14016513  47.64146792    116.97500000   5.00000000     0.00000000     0.00000000     0.00000000     0.00000000     0.00000000     
295.69940869   -122.14016513  47.64146792    116.97500000   5.00000000     0.00000000     0.00000000     0.00000000     0.00000000     0.00000000     
295.80003887   -122.14016513  47.64146792    116.97500000   5.00000000     0.00000000     0.00000000     0.00000000     0.00000000     0.00000000     
295.90806731   -122.14016513  47.64146792    116.97500000   5.00000000     0.00000000     0.00000000     0.00000000     0.00000000     0.00000000     
295.99467640   -122.14016513  47.64146792    116.97500000   5.00000000     0.00000000     0.00000000     0.00000000     0.00000000     0.00000000     
296.09680314   -122.14016513  47.64146792    116.97500000   5.00000000     0.00000000     0.00000000     0.00000000     0.00000000     0.00000000     
296.20424300   -122.14016513  47.64146792    116.97500000   5.00000000     0.00000000     0.00000000     0.00000000     0.00000000     0.00000000     
296.30943328   -122.14016513  47.64146792    116.97500000   5.00000000     0.00000000     0.00000000     0.00000000     0.00000000     0.00000000     
296.39520575   -122.14016513  47.64146792    116.97500000   5.00000000     0.00000000     0.00000000     0.00000000     0.00000000     0.00000000     
296.50427160   -122.14016513  47.64146792    116.97500000   5.00000000     0.00000000     0.00000000     0.00000000     0.00000000     0.00000000     
296.59963921   -122.14016513  47.64146792    116.97500000   5.00000000     0.00000000     0.00000000     0.00000000     0.00000000     0.00000000     
296.69793031   -122.14016513  47.64146792    116.97500000   5.00000000     0.00000000     0.00000000     0.00000000     0.00000000     0.00000000     
296.79766301   -122.14016513  47.64146792    116.97500000   5.00000000     0.00000000     0.00000000     0.00000000     0.00000000     0.00000000     
296.89994730   -122.14016513  47.64146792    116.97500000   5.00000000     0.00000000     0.00000000     0.00000000     0.00000000     0.00000000     
297.00700217   -122.14016513  47.64146792    116.97500000   5.00000000     0.00000000     0.00000000     0.00000000     0.00000000     0.00000000     
297.10738917   -122.14016513  47.64146792    116.97500000   5.00000000     0.00000000     0.00000000     0.00000000     0.00000000     0.00000000     
297.20957468   -122.14016513  47.64146792    116.97500000   5.00000000     0.00000000     0.00000000     0.00000000     0.00000000     0.00000000     
297.29917821   -122.14016513  47.64146792    116.97500000   5.00000000     0.00000000     0.00000000     0.00000000     0.00000000     0.00000000     
297.40662172   -122.14016513  47.64146792    116.97500000   5.00000000     0.00000000     0.00000000     0.00000000     0.00000000     0.00000000     
297.50549409   -122.14016513  47.64146792    116.97500000   5.00000000     0.00000000     0.00000000     0.00000000     0.00000000     0.00000000     
297.59232493   -122.14016513  47.64146792    116.97500000   5.00000000     0.00000000     0.00000000     0.00000000     0.00000000     0.00000000     
297.68996576   -122.14016513  47.64146792    116.97500000   5.00000000     0.00000000     0.00000000     0.00000000     0.00000000     0.00000000     
297.79771033   -122.14016513  47.64146792    116.97500000   5.00000000     0.00000000     0.00000000     0.00000000     0.00000000     0.00000000     
297.90113698   -122.14016513  47.64146792    116.97500000   5.00000000     0.00000000     0.00000000     0.00000000     0.00000000     0.00000000     
298.00431377   -122.14016513  47.64146792    116.97500000   5.00000000     0.00000000     0.00000000     0.00000000     0.00000000     0.00000000     
298.09631947   -122.14016513  47.64146792    116.97500000   5.00000000     0.00000000     0.00000000     0.00000000     0.00000000     0.00000000     
298.20056449   -122.14016513  47.64146792    116.97500000   5.00000000     0.00000000     0.00000000     0.00000000     0.00000000     0.00000000     
298.30024015   -122.14016513  47.64146792    116.97500000   5.00000000     0.00000000     0.00000000     0.00000000     0.00000000     0.00000000     
298.39144485   -122.14016513  47.64146792    116.97500000   5.00000000     0.00000000     0.00000000     0.00000000     0.00000000     0.00000000     
298.49317131   -122.14016513  47.64146792    116.97500000   5.00000000     0.00000000     0.00000000     0.00000000     0.00000000     0.00000000     
298.59647052   -122.14016513  47.64146792    116.97500000   5.00000000     0.00000000     0.00000000     0.00000000     0.00000000     0.00000000     
298.69135447   -122.14016513  47.64146792    116.97500000   5.00000000     0.00000000     0.00000000     0.00000000     0.00000000     0.00000000     
298.79367042   -122.14016513  47.64146792    116.97500000   5.00000000     0.00000000     0.00000000     0.00000000     0.00000000     0.00000000     
298.89445539   -122.14016513  47.64146792    116.97500000   5.00000000     0.00000000     0.00000000     0.00000000     0.00000000     0.00000000     
298.98379710   -122.14016513  47.64146792    116.97500000   5.00000000     0.00000000     0.00000000     0.00000000     0.00000000     0.00000000     
299.09075665   -122.14016513  47.64146792    116.97500000   5.00000000     0.00000000     0.00000000     0.00000000     0.00000000     0.00000000     
299.19337481   -122.14016513  47.64146792    116.97500000   5.00000000     0.00000000     0.00000000     0.00000000     0.00000000     0.00000000     
299.29326374   -122.14016513  47.64146792    116.97500000   5.00000000     0.00000000     0.00000000     0.00000000     0.00000000     0.00000000     
299.40533489   -122.14016513  47.64146792    116.97500000   5.00000000     0.00000000     0.00000000     0.00000000     0.00000000     0.00000000     
299.50340422   -122.14016513  47.64146792    116.97500000   5.00000000     0.00000000     0.00000000     0.00000000     0.00000000     0.00000000     
299.58643782   -122.14016513  47.64146792    116.97500000   5.00000000     0.00000000     0.00000000     0.00000000     0.00000000     0.00000000     
299.69873570   -122.14016513  47.64146792    116.97500000   5.00000000     0.00000000     0.00000000     0.00000000     0.00000000     0.00000000     
299.80735049   -122.14016513  47.64146792    116.97500000   5.00000000     0.00000000     0.00000000     0.00000000     0.00000000     0.00000000     
299.89819720   -122.14016513  47.64146792    116.97500000   5.00000000     0.00000000     0.00000000     0.00000000     0.00000000     0.00000000     
