# time_s	timestamp_ns	roll	pitch	yaw
0.093821	1787824723281108224	-0.0001047581	0.0007216773	-0.0023846420
0.201356	1787824723389108224	0.0003594628	-0.0005266684	-0.0018236241
0.301513	1787824723491108096	-0.0006317151	0.0000134261	0.0006218358
0.395722	1787824723584108032	0.0005834497	-0.0002678366	0.0064632921
0.500897	1787824723689108224	0.0000669507	0.0001284448	-0.0058330871
0.594883	1787824723782108416	0.0006810375	-0.0009760269	-0.0079579784
0.704656	1787824723893108224	-0.0010865241	-0.0009625180	-0.0029627629
0.809137	1787824723998108160	-0.0006534044	0.0017110058	-0.0027552147
0.913503	1787824724103108096	0.0000269197	-0.0009042699	-0.0002667882
1.002911	1787824724190108416	-0.0007364107	-0.0008582813	0.0060142548
1.107168	1787824724295108352	-0.0003894653	0.0003143449	-0.0011330122
1.199029	1787824724388108288	0.0005009313	-0.0005524029	-0.0031303621
1.294959	1787824724484108288	-0.0004662468	-0.0008483981	-0.0013572311
1.397600	1787824724586108160	0.0005823342	0.0012595106	-0.0026125428
1.498724	1787824724688108288	0.0019909383	0.0004092763	-0.0006882730
1.592106	1787824724781108224	-0.0000316868	0.0001312941	-0.0042150088
1.692524	1787824724880108032	-0.0008825241	0.0000933183	-0.0008354695
1.801831	1787824724991108096	0.0006199357	-0.0000820624	0.0011207528
1.904921	1787824725093108224	0.0002795266	-0.0003322428	-0.0018422834
1.991145	1787824725180108288	-0.0006474416	0.0014901613	-0.0004304123
2.105343	1787824725294108160	0.0010828188	0.0005390283	0.0039570094
2.193242	1787824725381108224	-0.0008240317	-0.0008951347	0.0020060359
2.297587	1787824725486108416	-0.0002565560	0.0003482346	-0.0059607556
2.413500	1787824725603108096	0.0003301902	-0.0004957838	-0.0038827688
2.484078	1787824725672108288	0.0002344934	0.0002282565	0.0006178606
2.612611	1787824725801108224	0.0004024029	0.0001906708	0.0021967074
2.705090	1787824725894108416	-0.0005242912	-0.0008170541	-0.0053056979
2.801323	1787824725990108160	0.0007096095	-0.0012836872	-0.0028068185
2.886848	1787824726074108160	-0.0005595549	0.0011348133	0.0013609350
2.995820	1787824726185108224	-0.0008336070	0.0000922384	0.0002329700
3.096059	1787824726284108288	0.0010427965	-0.0003965815	-0.0040108246
3.198337	1787824726386108160	0.0017890022	-0.0017209013	-0.0021992708
3.299244	1787824726488108032	-0.0004586273	-0.0004907112	-0.0015589706
3.403716	1787824726593108224	0.0002388463	0.0010400544	-0.0007568855
3.504951	1787824726692108032	0.0001542366	0.0007464834	-0.0026331172
3.595924	1787824726785107968	-0.0001307992	0.0009707819	0.0010488651
3.703416	1787824726890108160	0.0003297907	0.0003853342	0.0006695085
3.799904	1787824726989108224	-0.0016827065	-0.0000341511	-0.0031435341
3.897560	1787824727085108224	-0.0009693901	0.0003878380	0.0033721792
4.002357	1787824727190108416	-0.0002048860	0.0000360885	-0.0003813053
4.089603	1787824727277108224	0.0007620288	-0.0009354242	-0.0003117971
4.191553	1787824727379108096	-0.0014182129	0.0002282008	-0.0011510722
4.302844	1787824727490108160	0.0013212968	-0.0006889200	0.0005868403
4.392795	1787824727580108288	0.0009348285	-0.0000533645	-0.0005068989
4.501001	1787824727688108288	-0.0001255928	0.0001557376	0.0039150906
4.601453	1787824727790108160	0.0021375097	0.0003294445	-0.0037983469
4.711110	1787824727898108160	0.0014086972	0.0001039781	0.0026059915
4.799110	1787824727988108032	0.0013655257	0.0007177117	0.0017461655
4.886960	1787824728075108352	0.0008958258	0.0009607640	-0.0004057249
5.000439	1787824728189108224	-0.0007984036	-0.0000415496	-0.0000986159
5.100499	1787824728288108032	0.0003984521	-0.0002235099	0.0011112347
5.200078	1787824728387108096	0.0000240375	0.0001770633	-0.0035071292
5.298344	1787824728486108416	-0.0001436536	-0.0000935159	0.0014536100
5.396389	1787824728585108224	-0.0005923631	0.0015296732	-0.0058844061
5.492833	1787824728681108224	0.0016064724	-0.0002114430	-0.0011570802
5.605325	1787824728792108288	-0.0001318737	0.0000085384	-0.0009627416
5.706371	1787824728894108416	0.0014857196	-0.0000798672	0.0017321952
5.807499	1787824728996108288	0.0005111231	0.0012924317	0.0050661611
5.902130	1787824729089108224	0.0020931018	0.0006819344	0.0076296941
6.010304	1787824729197108224	0.0008875278	-0.0010447401	0.0050161397
6.097192	1787824729284108288	-0.0001259480	0.0003822987	0.0022850217
6.207927	1787824729395108096	-0.0003209254	0.0007939871	-0.0020130971
6.302382	1787824729491108096	-0.0010178929	0.0001083511	-0.0043114291
6.393408	1787824729581107968	0.0011306919	-0.0021607815	-0.0034604567
6.494461	1787824729683108096	0.0000602771	0.0009051719	-0.0048179861
6.594227	1787824729782108416	-0.0002236671	0.0001803619	0.0054072615
6.702920	1787824729890108160	-0.0000625897	-0.0021253542	0.0021525397
6.792959	1787824729980108288	-0.0001429508	-0.0005194710	-0.0074201017
6.889830	1787824730079108352	0.0000482840	0.0000097262	-0.0038621492
7.001545	1787824730190108416	-0.0009798477	-0.0011227691	-0.0004146856
7.098576	1787824730286108160	0.0000877496	0.0010498020	0.0028625166
7.192382	1787824730379108096	0.0019105893	-0.0017628539	-0.0027166518
7.304249	1787824730493108224	0.0001518984	-0.0005869950	0.0004460577
7.397239	1787824730586108160	0.0007963816	-0.0007237152	0.0000498245
7.494651	1787824730682108160	-0.0005886625	-0.0003961822	-0.0004020948
7.597447	1787824730784108288	0.0004841134	-0.0022137700	0.0014411373
7.702038	1787824730889108224	-0.0010895197	0.0004218662	-0.0054745040
7.797224	1787824730985108224	0.0000176094	-0.0010744622	-0.0023385410
7.892310	1787824731081107968	0.0001492737	-0.0002547129	-0.0046092195
8.006811	1787824731195108096	-0.0016437438	-0.0013611418	0.0005880649
8.097091	1787824731285107968	-0.0005453140	0.0001529394	0.0021222969
8.210999	1787824731399108096	0.0009728698	-0.0009157557	0.0043233926
8.297146	1787824731486108416	0.0001518558	0.0009669063	-0.0040000045
8.401252	1787824731588108288	0.0006478987	-0.0018753538	-0.0078276339
8.507889	1787824731696108032	-0.0001432248	0.0004987578	0.0019230853
8.610008	1787824731798108160	-0.0003247972	0.0013043758	0.0020360764
8.702850	1787824731891108352	-0.0001132468	0.0007436412	0.0033605501
8.802978	1787824731990108160	0.0000327759	-0.0000954161	0.0017856986
8.906354	1787824732095108352	0.0007925859	-0.0003195603	-0.0030768175
8.995047	1787824732182108160	0.0000659651	0.0005464222	0.0029213872
9.102073	1787824732290108160	-0.0007951841	0.0014689860	-0.0005106973
9.200156	1787824732389108224	0.0003621772	-0.0009376313	-0.0060878605
9.304387	1787824732491108096	0.0005815371	0.0003586515	0.0019882096
9.407972	1787824732596108288	-0.0002370693	-0.0006517645	-0.0042060495
9.496963	1787824732686108160	-0.0001826799	-0.0011273992	-0.0035921395
9.609681	1787824732797108224	-0.0010803288	-0.0001497115	0.0059365375
9.700997	1787824732890108160	-0.0010556705	-0.0014050954	0.0043841709
9.790843	1787824732980108288	0.0006283524	-0.0004914756	-0.0014182958
9.902795	1787824733091108352	-0.0002530020	0.0014442243	0.0005587793
9.996625	1787824733184108288	-0.0005987820	0.0002259553	0.0065594582
10.098826	1787824733286108160	0.0002712384	-0.0004950037	-0.0048665820
10.205474	1787824733394108416	-0.0000591996	-0.0012742180	0.0035588530
10.300300	1787824733487108352	0.0007005648	0.0011605210	-0.0052090673
10.399017	1787824733586108160	0.0006205639	0.0005792535	0.0019606508
10.501807	1787824733691108352	0.0013352395	0.0007386978	-0.0042800587
10.602249	1787824733790108160	0.0005166027	-0.0010652846	-0.0091895912
10.700104	1787824733889108224	-0.0006392544	0.0006513070	0.0002496188
10.803790	1787824733991108096	0.0003289422	-0.0006410341	0.0014902908
10.894304	1787824734081107968	-0.0000200746	-0.0005303426	0.0062197316
10.998021	1787824734186108160	0.0002022813	0.0010687060	-0.0008261736
11.106974	1787824734294108160	-0.0009123075	-0.0011513798	-0.0002339730
11.198505	1787824734387108096	-0.0002264927	-0.0006758201	0.0024292459
11.295817	1787824734483108352	0.0005691950	-0.0007191751	0.0014026533
11.401229	1787824734588108288	0.0006636410	0.0005680109	0.0052704252
11.502802	1787824734690108416	-0.0011483382	-0.0010712346	0.0058091292
11.593992	1787824734783108352	-0.0003181256	0.0007355584	0.0070461384
11.704150	1787824734891108352	0.0006137952	-0.0014181574	-0.0005139795
11.784612	1787824734972108032	0.0000383719	-0.0001117331	0.0007351840
11.899463	1787824735086108160	-0.0011917657	-0.0003853922	0.0029778358
11.999078	1787824735188108288	0.0020559732	0.0006222903	0.0041398098
12.097924	1787824735287108096	0.0023496306	-0.0013668692	-0.0019418011
12.190749	1787824735380108032	-0.0001648513	0.0014430651	-0.0030438063
12.297164	1787824735485108224	0.0010565261	0.0003923226	-0.0035037584
12.408213	1787824735596108288	-0.0003263549	-0.0008231420	-0.0003155497
12.489273	1787824735677108224	-0.0013299620	0.0003263001	0.0006937239
12.599418	1787824735788108032	0.0003237125	-0.0006165587	-0.0032295669
12.698812	1787824735887108096	-0.0008943738	-0.0016434909	-0.0015106974
12.798924	1787824735986108416	0.0017632537	-0.0006842769	0.0023359541
12.905742	1787824736094108160	-0.0010574900	-0.0004999661	0.0008001042
12.996002	1787824736184108288	-0.0010064057	0.0005340177	0.0020626317
13.106588	1787824736295108352	-0.0001188345	-0.0015405085	-0.0055952579
13.191040	1787824736379108096	0.0003840667	-0.0019494965	-0.0051640517
13.304998	1787824736493108224	-0.0006518742	-0.0001242154	0.0004224144
13.405455	1787824736592108288	-0.0002469127	-0.0010272264	0.0034850698
13.495075	1787824736682108160	-0.0001427662	0.0004239192	0.0036287518
13.602638	1787824736790108160	0.0014584410	-0.0003855517	-0.0002571147
13.697778	1787824736886108160	0.0011474905	-0.0010982611	0.0004227089
13.798135	1787824736985108224	-0.0002022423	-0.0005026209	-0.0051540429
13.901362	1787824737090108160	0.0002956286	0.0009491480	-0.0010368373
14.007619	1787824737195108096	-0.0013740221	-0.0005343316	-0.0034219256
14.097856	1787824737285107968	-0.0012006657	-0.0009041689	-0.0030470094
14.205644	1787824737393108224	0.0013486773	0.0000828212	-0.0019958953
14.302674	1787824737492108032	-0.0006236875	0.0007732002	-0.0000671976
14.406287	1787824737594108160	0.0000139464	-0.0007877480	0.0034301486
14.509860	1787824737699108096	0.0012044248	0.0005904417	0.0033688508
14.597638	1787824737786108160	-0.0000364440	0.0009802329	0.0001095955
14.708128	1787824737897108224	0.0005287381	-0.0004175765	0.0027151608
14.787863	1787824737975108096	-0.0009593639	0.0006791688	0.0020830538
14.896664	1787824738086108160	0.0010398093	-0.0001147344	-0.0003902012
15.007837	1787824738197108224	0.0002010704	0.0008031320	-0.0016445162
15.102524	1787824738290108160	-0.0002800715	-0.0004888080	-0.0021725845
15.202443	1787824738389108224	-0.0000643742	0.0014061224	0.0018290955
15.308764	1787824738497108224	0.0013473307	-0.0001577448	0.0002050780
15.399300	1787824738587108096	-0.0006457010	-0.0001415677	0.0016541776
15.488164	1787824738677108224	-0.0011841844	-0.0002674942	0.0043062630
15.600926	1787824738788108032	-0.0005769722	0.0008176223	0.0001923623
15.703190	1787824738890108160	0.0005012093	0.0007429369	0.0011394605
15.790502	1787824738980108288	0.0000722580	0.0009416235	-0.0031087372
15.904707	1787824739094108160	0.0002472150	0.0002176383	0.0018224073
15.992792	1787824739181108224	0.0001175209	0.0007630476	-0.0030869615
16.096655	1787824739286108160	-0.0001995796	0.0004638758	0.0011121273
16.196590	1787824739385108224	-0.0007269109	-0.0000990916	0.0003913219
16.315122	1787824739502108160	0.0005526347	-0.0009983015	0.0017710183
16.399821	1787824739589108224	-0.0004983928	-0.0000809909	0.0013521164
16.503115	1787824739691108352	0.0000404275	0.0016213829	0.0040249647
16.608149	1787824739796108288	0.0003116949	0.0004461917	-0.0010556340
16.692784	1787824739880108032	-0.0003208560	-0.0005036000	-0.0059647974
16.803592	1787824739991108096	-0.0008758283	-0.0004411260	0.0017575455
16.903710	1787824740093108224	0.0003311288	-0.0007531940	-0.0046942759
16.994533	1787824740183108096	-0.0000031129	-0.0013547478	0.0005534751
17.098516	1787824740288108032	-0.0019509422	0.0000226296	-0.0005600327
17.197302	1787824740384108288	-0.0002188508	0.0009084028	0.0019516947
17.296200	1787824740483108352	0.0008705075	-0.0002170959	-0.0059777797
17.406557	1787824740594108160	-0.0006693872	0.0016221970	-0.0019153663
17.504530	1787824740693108224	0.0001782033	0.0002734197	0.0012961710
17.596101	1787824740783108352	0.0006167641	0.0000664631	-0.0023533632
17.706184	1787824740894108416	0.0005826785	0.0002846580	0.0034601567
17.810467	1787824740999108352	0.0001416230	0.0001934492	0.0015429435
17.902547	1787824741092108288	0.0003443290	0.0006665012	0.0082512367
18.002141	1787824741191108352	0.0014178070	0.0011969216	0.0021808504
18.103491	1787824741290108160	0.0008504202	-0.0006909444	0.0038619725
18.200397	1787824741389108224	0.0004729951	0.0005640981	0.0051155275
18.300055	1787824741488108032	0.0004081520	0.0006057572	-0.0047407662
18.408322	1787824741596108288	-0.0000746922	-0.0017721305	-0.0059745986
18.502203	1787824741689108224	-0.0001129527	0.0009894407	-0.0004293486
18.600691	1787824741788108032	-0.0008598928	-0.0010817792	-0.0020596320
18.704676	1787824741893108224	-0.0004925270	-0.0003480602	-0.0014288634
18.801474	1787824741989108224	-0.0017737490	0.0007546228	-0.0010749800
18.897523	1787824742085108224	-0.0008915342	0.0008932433	-0.0005994037
18.983641	1787824742172108288	-0.0005203391	0.0004501405	0.0027792947
19.108873	1787824742298108160	-0.0000406776	-0.0008385383	-0.0035734059
19.198685	1787824742388108288	0.0005984084	-0.0000919457	0.0016011632
19.294866	1787824742484108288	-0.0012600170	-0.0011190413	-0.0023874687
19.396574	1787824742586108160	0.0020469368	0.0014427601	0.0073096732
19.504746	1787824742694108160	0.0004481437	-0.0005006281	0.0017333295
19.596195	1787824742784108288	-0.0015160510	-0.0004342332	-0.0052802926
19.706835	1787824742895108096	-0.0003394451	-0.0001902927	-0.0030245840
19.799497	1787824742988108032	-0.0006274660	-0.0001051857	-0.0030173864
19.899448	1787824743087108096	0.0010781392	-0.0002118911	-0.0029680605
19.999288	1787824743186108160	-0.0000836386	-0.0005178704	-0.0046172352
20.100977	1787824743288108032	-0.0010105321	-0.0000754560	0.0012873471
20.202987	1787824743390108160	-0.0007196643	-0.0003770976	0.0021595864
20.298991	1787824743486108416	-0.0004044061	0.0013734368	0.0046676121
20.400618	1787824743588108288	0.0007680320	0.0012930523	-0.0036404180
20.501945	1787824743690108416	-0.0011311742	0.0012407873	-0.0002978749
20.603869	1787824743792108288	-0.0012564255	-0.0002961741	-0.0001006990
20.694718	1787824743882108160	-0.0005599364	-0.0000342020	0.0041009151
20.797158	1787824743984108288	0.0009812134	-0.0017426902	-0.0005871292
20.906120	1787824744095108352	0.0006560982	-0.0004462329	-0.0013358367
20.996434	1787824744185108224	0.0011287186	0.0004841755	0.0008271724
21.106275	1787824744293108224	0.0003494406	-0.0003553734	0.0016830599
21.199757	1787824744389108224	-0.0000026477	0.0004904271	-0.0029360759
21.303168	1787824744491108096	-0.0000518025	-0.0003229457	-0.0043890070
21.396531	1787824744584108032	-0.0019237507	-0.0008554690	0.0005705471
21.505991	1787824744695108096	0.0000987328	0.0005865082	0.0059567776
21.597140	1787824744785107968	0.0002181292	0.0003566953	-0.0028709222
21.691671	1787824744881108224	0.0000253112	-0.0003023319	0.0007589112
21.798695	1787824744986108416	0.0001461540	-0.0012148168	0.0010072518
21.904610	1787824745094108160	-0.0005796618	-0.0008219438	0.0001659434
22.009532	1787824745199108096	-0.0002838672	-0.0001256840	-0.0002365715
22.101274	1787824745289108224	0.0007245873	-0.0012764919	0.0013506814
22.196626	1787824745385108224	-0.0005724444	-0.0013714754	-0.0018651635
22.297824	1787824745487108352	-0.0022768011	-0.0005412788	-0.0026124991
22.383234	1787824745571108096	-0.0003201937	0.0005663998	0.0039984942
22.498584	1787824745688108288	-0.0005852394	0.0001715831	-0.0047890747
22.605068	1787824745793108224	-0.0003633327	0.0000161488	0.0045811987
22.705502	1787824745895108096	-0.0012409204	-0.0004540543	0.0009627490
22.788651	1787824745976108288	0.0006295042	-0.0007909012	0.0023091667
22.902957	1787824746090108160	0.0004917784	-0.0006022172	0.0008652759
22.985630	1787824746174108160	0.0003219976	-0.0003284910	-0.0008314954
23.094448	1787824746282108416	-0.0007068932	-0.0010569518	0.0023778740
23.199621	1787824746387108096	-0.0006825759	0.0004315684	-0.0013602339
23.291768	1787824746480108288	0.0006463471	-0.0009185192	0.0033506132
23.399841	1787824746588108288	0.0006077179	-0.0008235681	0.0024627538
23.490407	1787824746678108160	-0.0009968857	0.0000390134	-0.0001785433
23.598952	1787824746786108160	-0.0009593682	0.0002084149	0.0028893228
23.700428	1787824746888108288	0.0000054290	-0.0005539449	-0.0012027263
23.795670	1787824746984108288	0.0015261821	0.0009211843	0.0012357627
23.910197	1787824747098108416	-0.0006457035	0.0000652457	0.0032686630
24.006818	1787824747194108160	-0.0000455772	-0.0000450096	0.0005066058
24.098541	1787824747287108096	-0.0013237927	0.0006642442	0.0044911601
24.197894	1787824747386108160	-0.0008873117	0.0014584500	-0.0033736691
24.312659	1787824747500108288	0.0002455220	-0.0002656092	-0.0048269685
24.407484	1787824747596108288	-0.0006061366	-0.0010252522	0.0042974059
24.495425	1787824747683108096	-0.0003708198	-0.0017253345	0.0011134682
24.596606	1787824747785107968	-0.0001316202	0.0004076677	-0.0002663327
24.700018	1787824747887108096	0.0013664623	-0.0009950535	0.0034115351
24.794088	1787824747983108352	0.0003033804	-0.0008164995	0.0012835881
24.893333	1787824748082108160	0.0007536303	0.0001603661	-0.0005595675
25.006761	1787824748196108032	-0.0006814696	-0.0012481951	-0.0032309898
25.109570	1787824748298108160	0.0000841798	0.0003402293	0.0006596515
25.196268	1787824748385108224	0.0005559290	0.0011649943	0.0030786076
25.310398	1787824748499108352	0.0004767265	-0.0004321547	-0.0034873150
25.398522	1787824748586108160	0.0001765212	0.0008200732	0.0078718994
25.493168	1787824748682108160	-0.0000551783	0.0003743487	-0.0002058986
25.603896	1787824748793108224	-0.0002040871	-0.0009641991	-0.0030910501
25.701313	1787824748889108224	0.0008388645	-0.0007830702	-0.0062694384
25.802733	1787824748991108096	0.0001459649	0.0000594656	-0.0049917237
25.893049	1787824749081107968	-0.0000403778	-0.0009271150	0.0010012654
25.996768	1787824749186108160	-0.0003855804	-0.0016639043	-0.0045742037
26.100920	1787824749288108032	-0.0015945880	-0.0002428624	0.0072000652
26.196090	1787824749384108288	-0.0009756569	-0.0009230321	0.0048067054
26.315049	1787824749504108288	0.0004525988	-0.0009572456	-0.0036092536
26.391162	1787824749579108352	-0.0000849695	-0.0001677217	-0.0010219762
26.504420	1787824749693108224	-0.0008260077	0.0011707639	0.0014603258
26.598573	1787824749786108160	0.0001640942	-0.0009322940	-0.0000859913
26.704300	1787824749891108352	0.0005810230	-0.0005655633	-0.0021659817
26.792926	1787824749981108224	0.0001435144	0.0004557763	-0.0002270015
26.888406	1787824750077108224	-0.0008878529	0.0009042199	0.0014128934
26.997446	1787824750185108224	0.0001619773	-0.0004438765	-0.0023998340
27.089962	1787824750278108160	0.0021592037	0.0006185530	0.0011378642
27.211511	1787824750401108224	0.0009013357	0.0000207657	-0.0028749721
27.300654	1787824750488108032	0.0007580868	0.0001604692	0.0042151993
27.405324	1787824750593108224	0.0016275644	-0.0017643907	-0.0011363524
27.498663	1787824750686108160	0.0002223724	0.0006009322	-0.0004177568
27.602259	1787824750791108096	0.0017855436	-0.0008213021	0.0000482593
27.700568	1787824750890108160	0.0008878280	0.0002384485	-0.0051879548
27.799526	1787824750989108224	-0.0010509095	0.0005321339	0.0009027329
27.891513	1787824751079108352	0.0001405414	0.0001621462	0.0006766804
27.994468	1787824751181108224	0.0002374064	0.0010813134	-0.0075574991
28.091387	1787824751280108288	-0.0008106157	0.0003314073	0.0015523073
28.188641	1787824751376108288	0.0006298749	0.0018862227	-0.0009424131
28.291597	1787824751481108224	-0.0007908374	-0.0006867707	0.0054503700
28.399665	1787824751589108224	0.0014475848	0.0006196917	-0.0035790455
28.498925	1787824751688108288	-0.0000319528	0.0008919706	-0.0058099267
28.611329	1787824751799108352	0.0004461387	-0.0009200018	0.0029475044
28.705963	1787824751895108096	0.0004120617	-0.0003010887	-0.0002432786
28.796600	1787824751985108224	-0.0000619487	0.0001812878	0.0017771568
28.902780	1787824752090108160	-0.0002338057	-0.0002985751	0.0054464971
28.999572	1787824752189108224	0.0007353335	0.0001514366	-0.0010976780
29.095260	1787824752282108416	0.0005967706	-0.0000712172	0.0011035254
29.199920	1787824752387108096	0.0007360506	-0.0023842844	-0.0035179318
29.299337	1787824752486108416	-0.0002508211	-0.0006114777	0.0008219179
29.400834	1787824752588108288	0.0004297816	-0.0000067480	-0.0073088608
29.499917	1787824752687108352	-0.0005900179	0.0010021041	0.0013300799
29.596378	1787824752783108352	-0.0008546799	0.0001307092	0.0004434495
29.697008	1787824752885108224	-0.0014151908	0.0005915733	0.0000286969
29.793086	1787824752981108224	-0.0013604951	-0.0006559610	-0.0049573534
29.902639	1787824753092108288	-0.0015487946	0.0002641320	0.0003947846
29.991144	1787824753179108096	0.0002007094	-0.0001597847	-0.0062498146
30.099276	1787824753287108096	0.0020573282	-0.0018139622	0.0039765227
30.205743	1787824753395108096	-0.0006341475	0.0015336294	0.0000227409
30.295032	1787824753482108160	0.0010023237	-0.0000991074	0.0002991831
30.401523	1787824753590108160	-0.0000590088	0.0011784792	-0.0011489489
30.504623	1787824753692108032	0.0003646863	-0.0003739086	0.0001741020
30.592811	1787824753782108416	0.0005363625	0.0002572171	-0.0022490738
30.692048	1787824753881108224	0.0002257885	-0.0004208388	-0.0031943088
30.797491	1787824753986108416	-0.0010949921	0.0001911640	0.0011678240
30.898014	1787824754085108224	-0.0003139044	-0.0004215299	0.0036084980
30.994963	1787824754184108288	0.0004305331	-0.0012616250	-0.0036910843
31.090921	1787824754280108288	-0.0004458356	-0.0000641868	0.0057568192
31.190907	1787824754379108096	-0.0011482655	0.0001356605	0.0032449199
31.300314	1787824754487108352	0.0001595265	0.0003247125	0.0023023074
31.413011	1787824754601108224	0.0004039966	-0.0008624616	0.0025462286
31.492470	1787824754679108096	-0.0012423039	0.0000274251	0.0003094901
31.609834	1787824754799108352	0.0003293213	0.0001099398	0.0040648923
31.694242	1787824754883108096	0.0012025446	-0.0001057860	0.0074358186
31.795645	1787824754985108224	0.0014624070	0.0000642041	0.0017502621
31.902493	1787824755090108160	-0.0007308218	-0.0012888566	0.0016974295
32.006243	1787824755195108096	-0.0006266720	-0.0008009087	-0.0010457718
32.090036	1787824755279108352	-0.0000946257	-0.0016314837	0.0025657646
32.201766	1787824755390108160	-0.0008452352	0.0022138102	0.0003536903
32.300858	1787824755489108224	-0.0000582280	0.0004416374	0.0007687947
32.399023	1787824755588108288	0.0010356852	0.0006598990	0.0000470863
32.491704	1787824755681108224	-0.0001200229	-0.0016917487	0.0098263579
32.599469	1787824755786108160	0.0011143184	-0.0007716678	0.0045460677
32.696881	1787824755885108224	0.0002154065	-0.0012854364	-0.0012357431
32.804922	1787824755993108224	0.0009860301	0.0006719070	-0.0037274679
32.900673	1787824756089108224	-0.0004529641	0.0011818385	0.0008449202
33.001469	1787824756188108288	-0.0019943168	0.0007008464	-0.0040621743
33.098259	1787824756287108096	0.0003282572	0.0013739913	-0.0020697020
33.197177	1787824756386108160	0.0001977444	-0.0004799042	-0.0049816673
33.295995	1787824756485108224	0.0003171374	0.0005540315	0.0050037775
33.398824	1787824756587108096	0.0009265898	0.0005717388	0.0043202070
33.506835	1787824756695108096	0.0008894133	-0.0008714240	0.0024527491
33.606077	1787824756794108160	0.0006559514	0.0003206488	0.0051435328
33.706220	1787824756893108224	0.0002123660	0.0007974891	0.0030766164
33.798963	1787824756986108416	-0.0000266946	0.0003098148	-0.0030442332
33.904806	1787824757094108160	-0.0000549074	-0.0005106626	-0.0066722358
34.002916	1787824757190108416	0.0004853760	0.0000377197	-0.0024493740
34.094231	1787824757283108352	-0.0003193829	-0.0014278847	0.0079550150
34.196173	1787824757385108224	0.0001900796	0.0003934020	0.0028986468
34.308064	1787824757496108288	-0.0002567665	0.0003739621	0.0042651083
34.404337	1787824757592108288	-0.0000520559	0.0004692565	0.0018249751
34.499798	1787824757688108288	0.0000239460	-0.0016392958	-0.0056695363
34.606865	1787824757796108288	0.0004201843	-0.0011741784	0.0002247257
34.687670	1787824757877108224	-0.0004611912	-0.0001685962	0.0016202965
34.801379	1787824757988108032	0.0003450485	-0.0005635867	0.0005388931
34.906823	1787824758096108288	0.0003388943	-0.0020242201	0.0003470409
34.991780	1787824758180108288	0.0004169454	0.0009872264	-0.0012698480
35.100421	1787824758288108032	0.0009659680	-0.0001055280	0.0015008311
35.197827	1787824758387108096	-0.0000714675	-0.0011985340	0.0001351494
35.296171	1787824758483108352	0.0007024021	0.0001807587	0.0021138457
35.411902	1787824758600108032	0.0007847200	0.0010528637	0.0025972844
35.497204	1787824758684108288	-0.0004674644	-0.0016171147	-0.0034164551
35.604366	1787824758792108288	0.0027071226	0.0000244130	-0.0012087759
35.698412	1787824758885108224	-0.0000904278	-0.0005413962	-0.0054742282
35.796242	1787824758984108288	-0.0004272379	-0.0001201847	-0.0003011948
35.903827	1787824759092108288	-0.0001405258	-0.0002138284	0.0011274393
36.001700	1787824759191108352	-0.0001023023	-0.0014714503	0.0015868472
36.103648	1787824759293108224	-0.0001745508	0.0002786532	0.0029798957
36.207526	1787824759395108096	-0.0001650185	0.0010445677	-0.0001588668
36.298217	1787824759485108224	0.0006653920	-0.0011145557	0.0010451164
36.405411	1787824759593108224	0.0011325182	0.0005203610	0.0044252486
36.495238	1787824759683108096	0.0003370923	0.0004229923	-0.0051637330
36.607579	1787824759797108224	0.0003724208	-0.0007990575	-0.0011613198
36.701207	1787824759890108160	-0.0012884747	-0.0001289482	-0.0039442423
36.806968	1787824759995108096	0.0002415122	0.0016475617	-0.0036407768
36.898414	1787824760085108224	-0.0003579163	0.0003244868	0.0033908157
36.996638	1787824760184108288	-0.0002695863	-0.0015531951	-0.0004536374
37.105229	1787824760292108288	0.0008491352	0.0004597220	0.0027259704
37.196196	1787824760385108224	0.0002780544	0.0022155712	-0.0016392950
37.288074	1787824760475108096	-0.0002111240	0.0002619006	-0.0030309844
37.395745	1787824760583108096	0.0006417979	0.0002796844	0.0044554921
37.487877	1787824760676108032	-0.0001467072	0.0000757780	0.0022936601
37.610480	1787824760799108352	0.0005801451	-0.0009900354	-0.0006704421
37.692064	1787824760880108032	0.0002887659	0.0001367293	0.0031275523
37.798565	1787824760988108032	0.0002444923	0.0009999751	0.0059149682
37.889123	1787824761078108416	-0.0005233937	-0.0005109306	0.0013773217
37.991343	1787824761180108288	0.0011146462	0.0021279910	0.0013143538
38.098296	1787824761285107968	-0.0003875260	0.0008885203	0.0012888942
38.206737	1787824761396108032	0.0003222380	0.0005546952	0.0025054881
38.302336	1787824761489108224	0.0010279794	-0.0001755660	0.0000657730
38.399060	1787824761588108288	-0.0003541959	-0.0007011182	0.0001585846
38.499985	1787824761687108352	-0.0008555307	-0.0004751992	0.0017993308
38.599354	1787824761786108160	0.0000443068	-0.0011618120	0.0071161673
38.692825	1787824761882108160	-0.0007720186	-0.0001432313	0.0018271229
38.801840	1787824761990108160	0.0004815231	0.0005002005	-0.0066812158
38.901606	1787824762089108224	-0.0000799938	-0.0010229600	0.0019061903
39.013793	1787824762203108352	-0.0006520295	0.0003411461	-0.0001055706
39.095500	1787824762284108288	0.0003507500	0.0001841343	-0.0085783409
39.197747	1787824762386108160	-0.0003294906	-0.0010276488	-0.0015289092
39.294307	1787824762482108160	0.0005290696	-0.0003425221	0.0007117842
39.402725	1787824762590108160	-0.0009202339	-0.0001953326	-0.0041706451
39.492616	1787824762680108288	0.0014540136	0.0002866957	-0.0038772331
39.600767	1787824762788108032	0.0006427418	0.0018526050	-0.0015607707
39.708522	1787824762896108032	-0.0001115268	0.0003267633	-0.0034380098
39.798824	1787824762986108416	-0.0019240768	-0.0008610896	0.0009695054
39.889404	1787824763076108288	0.0009738311	-0.0014025649	0.0050848917
40.008822	1787824763196108032	0.0004382146	-0.0005366080	0.0029773209
40.106889	1787824763295108352	0.0021180399	0.0013613453	-0.0073486455
40.217943	1787824763406108160	-0.0001159390	0.0008483880	0.0039012668
40.306475	1787824763493108224	-0.0001436465	-0.0002113710	-0.0025349211
40.406146	1787824763595108352	-0.0001063961	-0.0011093893	-0.0026389666
40.502182	1787824763691108352	0.0001110444	-0.0003667768	-0.0040064702
40.600383	1787824763787108096	0.0002565663	0.0009972438	-0.0024006909
40.711931	1787824763901108224	-0.0012977693	-0.0011729083	0.0068359070
40.794790	1787824763982108160	-0.0013294015	-0.0007542205	0.0043958746
40.899620	1787824764087108096	0.0000996420	0.0006501334	-0.0015574463
40.994463	1787824764183108096	0.0005012266	-0.0004588205	-0.0056821750
41.110582	1787824764300108288	-0.0000231522	-0.0016438564	-0.0032805542
41.214880	1787824764402108160	0.0001061661	0.0007100805	-0.0011271678
41.297365	1787824764486108416	0.0003971860	-0.0008916310	-0.0064279665
41.403670	1787824764591108352	0.0004548022	0.0019572357	-0.0031001348
41.493793	1787824764681108224	-0.0018353997	-0.0005352025	0.0008374036
41.606416	1787824764795108352	-0.0008058299	0.0000411494	-0.0010645547
41.694801	1787824764882108160	0.0012149616	-0.0006299460	0.0014663766
41.804148	1787824764993108224	-0.0009530249	-0.0007328281	-0.0002508119
41.892667	1787824765080108288	0.0005380799	-0.0001883097	0.0022751885
42.007491	1787824765194108160	-0.0009988079	-0.0002652693	-0.0013803944
42.103625	1787824765293108224	0.0009500603	-0.0005264598	-0.0008831697
42.206395	1787824765395108096	-0.0001099512	-0.0002155245	0.0022615067
42.296786	1787824765485108224	-0.0010769640	-0.0014966216	0.0035128711
42.404473	1787824765593108224	-0.0004151326	-0.0012225666	0.0022213113
42.502467	1787824765689108224	0.0002192223	-0.0009754917	0.0018669181
42.591486	1787824765779108352	0.0001913684	-0.0000027547	-0.0031370912
42.702118	1787824765890108160	0.0001755905	0.0014323520	-0.0040902083
42.797216	1787824765986108416	0.0008495879	-0.0005089797	-0.0005400596
42.892081	1787824766079108352	0.0001899879	0.0006609371	0.0028193752
42.999337	1787824766187108352	0.0007796454	-0.0009458260	0.0004485478
43.103112	1787824766292108288	-0.0005329847	0.0000787508	-0.0005413196
43.196953	1787824766385108224	0.0000397550	0.0024927920	0.0088496043
43.298257	1787824766487108352	0.0001151100	-0.0017332641	-0.0050052847
43.394423	1787824766583108096	0.0000571550	-0.0005333186	0.0007867912
43.496559	1787824766685108224	0.0003716122	-0.0008562337	-0.0049377564
43.612830	1787824766802108160	-0.0001143826	-0.0002401526	0.0001442475
43.710322	1787824766898108160	0.0004014519	0.0006356671	0.0004887713
43.800710	1787824766988108032	0.0009396660	-0.0001738299	0.0023162186
43.900575	1787824767090108160	-0.0006437385	-0.0005321966	0.0039881546
43.997264	1787824767186108160	0.0008370010	-0.0013023730	-0.0032657148
44.094470	1787824767282108416	-0.0003469509	-0.0002918574	-0.0061123237
44.193759	1787824767381108224	-0.0006513305	0.0002011839	-0.0024837099
44.299738	1787824767489108224	-0.0001185407	-0.0016124989	0.0011382700
44.395193	1787824767582108160	-0.0000441395	-0.0011161216	0.0009075751
44.503656	1787824767693108224	-0.0005336062	-0.0015822801	-0.0035565654
44.594913	1787824767783108352	0.0010184482	0.0001747299	-0.0006713031
44.696000	1787824767885108224	0.0002373470	-0.0010394527	-0.0009029702
44.797885	1787824767987108352	0.0002257497	-0.0019195499	0.0049735196
44.912954	1787824768101108224	0.0005054133	-0.0001599484	0.0017220061
44.999218	1787824768188108288	0.0009103319	-0.0002115783	-0.0007981646
45.104245	1787824768293108224	0.0011870145	0.0008415216	-0.0012366037
45.207122	1787824768395108096	-0.0001734372	-0.0001350466	-0.0021390933
45.294185	1787824768482108160	0.0010715936	-0.0003125078	0.0050284589
45.397067	1787824768584108032	-0.0007612745	-0.0001589809	-0.0030128057
45.511474	1787824768698108160	-0.0004574771	-0.0000111576	0.0005046003
45.600922	1787824768788108032	-0.0004205667	0.0002325445	-0.0026640438
45.699562	1787824768887108096	-0.0003006880	-0.0001803651	-0.0012668439
45.810915	1787824768998108160	0.0024581714	0.0006251932	0.0000592525
45.897556	1787824769085108224	-0.0007174592	0.0025809938	0.0001106522
45.994572	1787824769184108288	0.0002362623	0.0007586662	0.0024812523
46.102038	1787824769289108224	0.0008321265	0.0003609234	0.0073895376
46.200934	1787824769388108288	0.0000063674	-0.0013625446	0.0008617125
46.305422	1787824769493108224	0.0008812670	-0.0013871638	0.0005849584
46.398819	1787824769586108160	0.0000496633	-0.0006643542	0.0008032893
46.489267	1787824769676108032	-0.0001584961	0.0004955454	-0.0026448548
46.602035	1787824769790108160	0.0003729355	-0.0006857400	-0.0007165088
46.695478	1787824769883108096	0.0010672627	0.0013911571	-0.0042152597
46.804692	1787824769994108160	-0.0009180069	-0.0003658416	-0.0018792498
46.900504	1787824770090108160	-0.0014793717	-0.0007918240	-0.0001273589
46.991220	1787824770180108288	-0.0005856686	0.0007972696	-0.0081850758
47.108427	1787824770297108224	0.0003364346	0.0000462562	0.0014717470
47.199885	1787824770387108096	-0.0005039431	0.0010243664	0.0018806746
47.291846	1787824770480108288	-0.0000966646	0.0000004307	0.0041861363
47.405486	1787824770594108160	0.0006132834	0.0006518491	0.0059454007
47.511880	1787824770699108096	0.0009278624	0.0006415706	0.0055465495
47.595981	1787824770783108352	-0.0002454036	-0.0014641182	-0.0006095345
47.704274	1787824770891108352	0.0011842876	-0.0006429366	0.0020939748
47.802385	1787824770990108160	0.0003593608	-0.0000431725	0.0018697152
47.903366	1787824771092108288	-0.0000463889	-0.0007003064	0.0007521317
48.007181	1787824771194108160	-0.0000474660	-0.0017809626	-0.0024469136
48.096874	1787824771284108288	-0.0003957899	0.0013038373	-0.0048835310
48.187156	1787824771374108416	0.0001055421	-0.0012470577	0.0019494884
48.298600	1787824771488108032	0.0003541508	0.0011264798	-0.0018565645
48.401552	1787824771590108160	-0.0002554331	-0.0002789533	-0.0007681310
48.494886	1787824771683108096	0.0000712623	0.0000833543	-0.0026470878
48.596383	1787824771785107968	-0.0001417423	0.0005952522	-0.0005910109
48.707152	1787824771896108032	-0.0001693551	-0.0009359969	0.0052708894
48.804388	1787824771992108032	0.0004882672	0.0002605626	0.0051269855
48.899870	1787824772088108288	0.0003605182	-0.0004791807	-0.0003003638
48.996342	1787824772184108288	-0.0007957195	-0.0011692877	0.0071922233
49.094073	1787824772283108352	0.0009406629	0.0007895082	0.0000396703
49.200884	1787824772388108288	0.0000209067	-0.0011719494	0.0040593601
49.300952	1787824772490108160	0.0002318034	0.0010365407	0.0012624700
49.394977	1787824772583108096	-0.0002306064	0.0013995820	-0.0000598474
49.503861	1787824772691108352	-0.0006668261	0.0007236469	-0.0000207388
49.596017	1787824772784108288	-0.0008836080	0.0008830889	0.0007445898
49.697930	1787824772886108160	-0.0001530301	0.0002386209	0.0018067092
49.803169	1787824772991108096	-0.0013514045	-0.0004239854	0.0012165547
49.897173	1787824773084108032	0.0010691710	0.0003633739	-0.0031838530
50.010057	1787824773198108160	0.0011655724	-0.0005231220	0.0023561324
50.102684	1787824773291108096	-0.0012172682	0.0006767160	0.0000909518
50.197282	1787824773384108288	0.0002510549	-0.0001418860	0.0011371815
50.298168	1787824773486108416	0.0010375874	-0.0002512535	0.0042386422
50.397109	1787824773585108224	-0.0000663078	-0.0001598512	-0.0006839380
50.491127	1787824773678108160	-0.0001206421	0.0002423946	0.0010657330
50.602453	1787824773789108224	-0.0003297298	-0.0001650430	0.0051780657
50.696861	1787824773885108224	-0.0015124758	-0.0006674927	-0.0001472397
50.798520	1787824773987108352	-0.0006730990	0.0009300312	-0.0001087668
50.898233	1787824774086108160	-0.0001959290	0.0012115147	-0.0064366440
50.994970	1787824774182108160	0.0000129915	0.0006903799	0.0010922303
51.102136	1787824774290108160	-0.0004133126	-0.0006483883	0.0026907129
51.204445	1787824774392108288	0.0003182993	-0.0002723583	-0.0058211181
51.303341	1787824774491108096	0.0000991063	0.0001877553	-0.0016755520
51.401223	1787824774590108160	0.0002278509	0.0004255314	-0.0006704429
51.504228	1787824774692108032	-0.0003339479	-0.0010398087	-0.0039977629
51.597769	1787824774785107968	0.0008303659	-0.0007723160	-0.0025296431
51.703840	1787824774893108224	-0.0009690355	-0.0001041744	-0.0039012697
51.798020	1787824774986108416	0.0014895752	0.0001287970	-0.0115288378
51.903287	1787824775091108352	-0.0001817732	0.0007850443	0.0006611153
52.002584	1787824775190108416	-0.0007643823	0.0014096081	0.0067764332
52.094780	1787824775283108352	-0.0005157424	0.0007222127	-0.0044776137
52.200938	1787824775388108288	0.0004263554	0.0004142189	0.0022019154
52.302278	1787824775490108160	-0.0004270789	-0.0010958654	-0.0039508722
52.401248	1787824775589108224	-0.0006788310	0.0003820823	0.0028640918
52.498184	1787824775685108224	-0.0006472671	-0.0008157754	-0.0011892515
52.603795	1787824775793108224	-0.0002589678	-0.0003919150	-0.0017482372
52.710604	1787824775898108160	-0.0003969638	-0.0001647640	-0.0006623437
52.812215	1787824776000108288	-0.0003742173	-0.0011242922	-0.0004769830
52.889178	1787824776078108416	0.0004285965	0.0005665930	-0.0002644238
52.993544	1787824776183108096	-0.0001988032	0.0004568645	0.0022667692
53.106534	1787824776294108160	-0.0005186591	0.0016362736	0.0045547053
53.207871	1787824776396108032	0.0012643036	0.0007827273	0.0027417507
53.302070	1787824776489108224	-0.0007215449	-0.0014431436	0.0025149305
53.412938	1787824776600108032	0.0005817053	-0.0012892968	0.0004449662
53.496645	1787824776684108288	-0.0001306972	-0.0000140991	-0.0043559509
53.599112	1787824776786108160	-0.0008826742	0.0000548696	0.0001619661
53.699925	1787824776888108288	-0.0003719434	0.0013896749	-0.0033507234
53.805791	1787824776993108224	0.0010694418	0.0006236999	0.0026165784
53.899972	1787824777089108224	-0.0001375471	0.0010477850	0.0064109972
53.988439	1787824777176108032	0.0004257011	0.0017030847	0.0020748598
54.103013	1787824777290108160	-0.0009909398	-0.0001778157	-0.0037582638
54.203475	1787824777392108288	0.0019373740	0.0009116008	-0.0019383711
54.301313	1787824777488108032	-0.0001010655	0.0005151362	0.0001736921
54.403793	1787824777593108224	0.0010037663	0.0000882875	0.0062135556
54.504294	1787824777692108032	0.0006532071	-0.0011034737	0.0018165742
54.611719	1787824777800108288	-0.0014942660	-0.0004367453	-0.0034429169
54.708209	1787824777896108032	0.0010041394	0.0006637096	-0.0029756601
54.793544	1787824777983108352	-0.0004405136	0.0007441900	-0.0016025952
54.901417	1787824778088108288	-0.0008089152	-0.0006524706	0.0071403057
55.003463	1787824778190108416	0.0014176064	-0.0001767468	0.0010801333
55.110881	1787824778298108160	0.0002573649	-0.0002343716	0.0029039022
55.185981	1787824778373108224	-0.0014052030	-0.0001414215	0.0026888101
55.297210	1787824778484108288	0.0001205925	0.0000122250	-0.0013460426
55.396598	1787824778586108160	0.0014377347	0.0015108276	0.0010319255
55.495723	1787824778685108224	-0.0001256790	0.0001102207	-0.0046137365
55.586708	1787824778775108096	0.0001477809	0.0025362160	-0.0044086945
55.696460	1787824778883108096	-0.0014781222	-0.0001762217	-0.0055247614
55.796967	1787824778985108224	-0.0007421491	-0.0001696356	0.0028795724
55.895313	1787824779084108032	-0.0014230500	-0.0004139161	0.0011083903
56.003645	1787824779192108032	-0.0006484792	0.0002308775	-0.0011213776
56.093782	1787824779282108416	0.0005750769	0.0002651243	0.0014158393
56.195395	1787824779384108288	-0.0005939723	-0.0009015102	-0.0017287696
56.298369	1787824779486108416	-0.0017343628	0.0012803779	-0.0017399678
56.397938	1787824779585108224	0.0012132831	0.0000194350	-0.0040066736
56.493992	1787824779681108224	0.0001547353	0.0001174203	-0.0026518004
56.602641	1787824779792108288	0.0003627451	-0.0003254609	0.0032145203
56.692288	1787824779879108096	0.0002670268	0.0000691095	0.0075828033
56.792892	1787824779981108224	-0.0001063120	-0.0002649743	-0.0014404089
56.907799	1787824780095108352	-0.0000017397	-0.0013025761	-0.0012313583
57.000078	1787824780188108288	-0.0001932697	0.0008361264	0.0036335158
57.095803	1787824780284108288	0.0001932705	-0.0011400135	-0.0027181483
57.193033	1787824780380108032	-0.0002482551	-0.0015009083	-0.0034766420
57.307013	1787824780494108160	-0.0002366420	0.0004900249	0.0002055244
57.407374	1787824780596108288	0.0000586241	-0.0002257963	0.0083618752
57.502375	1787824780689108224	-0.0001378614	-0.0002347120	-0.0036310058
57.601038	1787824780788108032	0.0001580764	0.0003581838	-0.0075208528
57.702749	1787824780890108160	-0.0005812983	-0.0000720893	-0.0034860207
57.794896	1787824780983108352	-0.0006028485	0.0013896377	-0.0038712265
57.910105	1787824781097108224	0.0005938658	-0.0001077026	0.0004423675
57.996955	1787824781184108288	-0.0006464201	0.0013865479	0.0038488730
58.107458	1787824781295108352	0.0000286513	-0.0000030662	0.0032562425
58.200582	1787824781388108288	-0.0006109613	-0.0008554513	-0.0043103211
58.297497	1787824781484108288	0.0003942652	-0.0010925212	-0.0001240322
58.410162	1787824781598108416	-0.0006815984	-0.0002399131	0.0050660051
58.503330	1787824781691108352	0.0016639908	-0.0008912603	-0.0018490181
58.594722	1787824781784108288	0.0003056162	-0.0002519142	-0.0058927576
58.701637	1787824781889108224	-0.0000761202	-0.0001213954	0.0022053228
58.797070	1787824781985108224	-0.0000668559	0.0003291301	0.0001457561
58.891180	1787824782078108416	0.0012014994	0.0004424088	0.0000491701
59.011957	1787824782201108224	0.0003467279	0.0008781964	-0.0013778711
59.103121	1787824782291108096	-0.0000806196	0.0013710392	0.0024612617
59.195676	1787824782384108288	0.0009862510	0.0002512762	0.0041055524
59.302259	1787824782489108224	-0.0012852800	-0.0007880268	-0.0003658173
59.397574	1787824782585108224	-0.0014510534	0.0009640917	-0.0010487826
59.493066	1787824782681108224	-0.0000655999	-0.0001248857	0.0033098933
59.596896	1787824782786108160	0.0003536895	-0.0000089708	0.0038504342
59.701392	1787824782888108288	0.0002815347	-0.0006675069	-0.0019672301
59.802776	1787824782990108160	-0.0015438675	0.0011203486	0.0021239408
59.892212	1787824783080108288	0.0006417724	0.0020120703	0.0073531459
60.009237	1787824783197108224	-0.0001894991	-0.0007822451	-0.0002439715
60.115727	1787824783305108224	-0.0007120581	0.0010622609	-0.0024914666
60.205476	1787824783392108288	0.0004621771	0.0016473955	-0.0024689612
60.296698	1787824783485108224	0.0001480385	0.0003535506	-0.0035794535
60.400509	1787824783590108160	0.0004443678	0.0002517344	0.0017425817
60.506627	1787824783695108096	-0.0002839652	-0.0004403751	-0.0010196774
60.599841	1787824783788108032	0.0000630491	-0.0003063842	-0.0019686336
60.703458	1787824783890108160	-0.0000017794	-0.0002144774	0.0049424886
60.802183	1787824783989108224	0.0002782363	-0.0007035825	-0.0015410477
60.899710	1787824784088108288	0.0000574687	0.0006226639	-0.0027949593
60.998212	1787824784187108352	0.0008156158	0.0009008361	-0.0005212015
61.104531	1787824784292108288	-0.0005878563	-0.0004605489	0.0018481842
61.205276	1787824784394108416	-0.0008767922	0.0006210667	-0.0036723046
61.305582	1787824784493108224	0.0000529417	-0.0005000252	-0.0021059919
61.391363	1787824784580108288	0.0005522607	0.0013458084	0.0013862416
61.489179	1787824784676108032	-0.0006230769	0.0001314029	0.0066515758
61.610163	1787824784799108352	-0.0010891290	-0.0006257438	-0.0004692950
61.700955	1787824784889108224	-0.0002694785	0.0008237114	-0.0047458624
61.793257	1787824784982108160	-0.0005425060	0.0004016984	-0.0019945957
61.914632	1787824785102108160	0.0007123947	0.0005222106	0.0028710980
62.002554	1787824785192108032	0.0001973967	0.0004156533	0.0000474178
62.104488	1787824785291108096	-0.0006858894	-0.0002415321	-0.0006632863
62.199738	1787824785387108096	0.0010131921	-0.0008862296	0.0025253138
62.300358	1787824785489108224	-0.0015362537	-0.0000581092	0.0003482838
62.405423	1787824785594108160	0.0023461633	-0.0001856299	-0.0013039595
62.506814	1787824785696108032	0.0016090621	0.0000100124	0.0039910469
62.602093	1787824785789108224	0.0004096296	-0.0002979525	0.0004759279
62.692146	1787824785879108096	0.0006680788	-0.0010435066	0.0082940147
62.802103	1787824785990108160	-0.0006871220	0.0006428845	0.0025754673
62.903837	1787824786092108288	-0.0001212682	0.0001842549	0.0007461821
63.006104	1787824786194108160	0.0006635982	0.0005405208	0.0082915654
63.103912	1787824786293108224	-0.0005300519	-0.0001238846	-0.0073659612
63.200561	1787824786389108224	-0.0005916788	0.0002824906	-0.0028028683
63.297655	1787824786485108224	0.0006674229	-0.0006437365	-0.0020090303
63.397489	1787824786584108032	0.0007989120	-0.0002154469	-0.0033287530
63.493961	1787824786683108096	0.0005440456	-0.0005991199	0.0058700645
63.593937	1787824786782108416	0.0006420266	-0.0006332657	0.0049815038
63.700187	1787824786887108096	0.0013507876	-0.0006049267	0.0000661716
63.801939	1787824786989108224	0.0000183311	-0.0008155500	-0.0041937079
63.907786	1787824787097108224	-0.0000721952	-0.0004958272	-0.0007336698
64.005728	1787824787193108224	0.0017055182	-0.0007135491	-0.0055406071
64.091968	1787824787280108288	-0.0001227684	0.0003070655	-0.0021081680
64.197360	1787824787385108224	-0.0022440141	-0.0009027936	-0.0049541366
64.291170	1787824787478108160	0.0011145299	0.0014986504	0.0058715036
64.397364	1787824787586108160	-0.0010193295	0.0006471514	0.0007835192
64.491468	1787824787679108096	-0.0011438411	0.0016096607	-0.0045401421
64.594957	1787824787784108288	0.0000557751	0.0003493297	-0.0012434434
64.690898	1787824787880108032	-0.0001890796	-0.0007178017	0.0004815159
64.784736	1787824787973108224	-0.0001319741	-0.0015349905	0.0039275141
64.899559	1787824788087108096	-0.0004664383	0.0004858389	0.0018400512
65.007448	1787824788195108096	-0.0014429460	-0.0002643150	0.0037009664
65.090497	1787824788279108352	-0.0008832459	-0.0009752229	0.0038056150
65.202653	1787824788390108160	0.0004467758	-0.0006245956	0.0025257271
65.308163	1787824788495108096	-0.0012654956	-0.0005633739	0.0045130717
65.397767	1787824788585108224	-0.0004121917	0.0015206741	0.0030708640
65.495763	1787824788684108288	0.0001881293	-0.0001645118	-0.0030603985
65.598804	1787824788786108160	0.0006614980	0.0017223314	-0.0004593787
65.702926	1787824788891108352	-0.0020121064	0.0005077592	-0.0058416420
65.798591	1787824788987108352	-0.0005662797	-0.0010266075	-0.0012947219
65.902971	1787824789092108288	-0.0003297433	-0.0011214173	-0.0002807123
66.013863	1787824789203108352	0.0000311187	0.0011765431	-0.0065233801
66.106193	1787824789293108224	-0.0011157689	0.0020628090	0.0021958110
66.199468	1787824789386108160	0.0014574279	-0.0000441064	-0.0028877997
66.304187	1787824789491108096	-0.0009767426	-0.0005960660	-0.0041344489
66.391468	1787824789578108416	0.0008044911	0.0012652542	0.0002178398
66.498117	1787824789686108160	0.0006083415	-0.0005787166	-0.0045746012
66.601827	1787824789791108096	-0.0012644200	-0.0005818077	0.0009456017
66.698909	1787824789887108096	0.0001802343	-0.0009527817	-0.0070937990
66.801242	1787824789989108224	0.0018149447	-0.0002597067	0.0049227460
66.902812	1787824790091108352	-0.0005730711	0.0005536482	-0.0002231908
67.000892	1787824790190108416	-0.0009520731	-0.0005626227	-0.0011782422
67.103481	1787824790292108288	0.0007283490	-0.0005897959	-0.0010445605
67.209823	1787824790397108224	-0.0001712097	-0.0007726709	0.0001734888
67.301383	1787824790490108160	-0.0000212493	0.0013504228	0.0025408464
67.399887	1787824790589108224	-0.0004462382	-0.0000061710	0.0051974790
67.496036	1787824790685108224	0.0002578452	0.0005887620	-0.0026414668
67.611877	1787824790799108352	0.0004577885	0.0005970371	-0.0063688314
67.696359	1787824790883108096	-0.0010139760	-0.0000992759	0.0010906214
67.800425	1787824790988108032	-0.0000079158	0.0006020055	0.0023816862
67.901376	1787824791090108160	0.0004153158	0.0000231228	-0.0027722413
67.990568	1787824791180108288	0.0003583806	0.0003567504	0.0003802628
68.099571	1787824791288108032	-0.0001091589	-0.0004819414	0.0034617648
68.196386	1787824791384108288	0.0003155000	-0.0001050056	-0.0081196496
68.298338	1787824791486108416	-0.0008395697	0.0002883537	0.0038431270
68.404877	1787824791594108160	0.0004416699	-0.0009004246	0.0005437489
68.498144	1787824791687108352	0.0000842832	-0.0011219534	0.0002255550
68.598185	1787824791786108160	0.0009324343	0.0000142859	0.0014595343
68.696439	1787824791885108224	0.0005790123	0.0005037067	0.0030365734
68.792875	1787824791981108224	-0.0009290494	0.0007520948	-0.0024168230
68.894742	1787824792083108096	0.0002112469	0.0012366365	0.0001522091
69.009521	1787824792197108224	-0.0010120031	0.0026316131	-0.0087463370
69.093935	1787824792281108224	-0.0006044137	-0.0022182889	-0.0010247110
69.201986	1787824792389108224	0.0001081143	0.0006214889	0.0062065797
69.308167	1787824792497108224	-0.0009964611	0.0003102140	-0.0033022972
69.399758	1787824792587108096	-0.0006566344	0.0005307894	0.0006225300
69.501823	1787824792689108224	-0.0019126688	0.0015602967	0.0023633083
69.594402	1787824792782108416	-0.0011643593	-0.0007820734	0.0041703803
69.707420	1787824792896108032	0.0003659734	0.0010509225	-0.0012297602
69.803675	1787824792992108032	0.0009551931	0.0002357419	0.0009209496
69.915913	1787824793103108096	0.0006606347	-0.0012311309	0.0039211797
70.016480	1787824793205108224	-0.0006257277	-0.0014636582	-0.0020347371
70.100800	1787824793289108224	0.0006823722	0.0007854658	0.0014644776
70.198275	1787824793385108224	0.0001122189	0.0002125206	0.0010954292
70.303432	1787824793490108160	0.0011294424	-0.0003701215	-0.0060468497
70.396190	1787824793583108096	-0.0006895962	0.0011585387	0.0065663782
70.498654	1787824793688108288	-0.0010391434	0.0007133569	-0.0003619782
70.608479	1787824793796108288	-0.0005871380	-0.0015101063	-0.0003172412
70.706117	1787824793895108096	-0.0012442090	-0.0000552795	-0.0060490550
70.800577	1787824793988108032	0.0011472449	0.0011794582	-0.0026965381
70.899058	1787824794087108096	0.0008128044	0.0010886870	-0.0002592444
71.015022	1787824794204108288	0.0010116866	-0.0003301785	0.0005070199
71.103016	1787824794291108096	-0.0001768192	-0.0014740554	0.0027279347
71.202752	1787824794390108160	-0.0007250787	0.0011934881	-0.0029538549
71.295279	1787824794483108352	-0.0005107626	-0.0010371010	0.0034537198
71.404654	1787824794594108160	-0.0000897428	0.0003996785	-0.0022018731
71.495898	1787824794684108288	-0.0000569727	0.0003883133	-0.0033716434
71.604111	1787824794792108288	-0.0013640264	-0.0010388841	0.0038432252
71.694874	1787824794882108160	0.0005978102	0.0000653514	0.0005341006
71.790831	1787824794978108160	-0.0006263599	-0.0007165322	0.0041605813
71.895041	1787824795083108096	-0.0002246767	0.0000903993	-0.0007201404
71.995151	1787824795182108160	-0.0001359546	-0.0010416175	0.0027779093
72.096416	1787824795284108288	0.0003496975	0.0005780120	-0.0039466881
72.205463	1787824795392108288	0.0007422908	0.0003409200	0.0004780791
72.285907	1787824795473108224	0.0006852230	0.0016216608	-0.0016093589
72.398162	1787824795587108096	0.0000688740	0.0003361809	0.0058295918
72.495210	1787824795683108096	-0.0016141783	-0.0008295437	-0.0013617019
72.607533	1787824795797108224	-0.0011135433	0.0017804616	-0.0035458422
72.691256	1787824795878108160	0.0001562248	-0.0006508938	0.0002791256
72.795214	1787824795983108352	0.0002037780	-0.0012128628	-0.0021509827
72.898354	1787824796085108224	0.0004022032	0.0014778757	0.0077105746
72.997857	1787824796187108352	-0.0006451332	0.0001325842	-0.0027156109
73.105964	1787824796295108352	-0.0001920946	-0.0004166710	-0.0071340324
73.208170	1787824796397108224	0.0005927716	-0.0005056206	0.0021929895
73.297581	1787824796487108352	0.0003990567	0.0006090060	0.0008647144
73.403544	1787824796592108288	-0.0001294097	-0.0004479398	-0.0028045512
73.507125	1787824796694108160	0.0002405079	-0.0004434968	-0.0022422631
73.602615	1787824796790108160	-0.0003950546	0.0001849402	0.0004877388
73.693206	1787824796880108032	0.0002850711	0.0024448514	-0.0017433713
73.802133	1787824796991108096	0.0006440273	0.0012773040	-0.0022681971
73.905708	1787824797093108224	-0.0012238913	-0.0008546330	-0.0027908320
74.004046	1787824797192108032	0.0001830622	0.0000253357	-0.0013565141
74.106670	1787824797294108160	0.0008187916	0.0013746513	-0.0039628740
74.197560	1787824797387108096	-0.0013780736	-0.0011759579	0.0035348951
74.311243	1787824797498108160	0.0004238845	0.0003183505	-0.0028431594
74.391990	1787824797579108352	-0.0008387411	0.0002615013	-0.0004496094
74.498701	1787824797687108352	0.0003715098	-0.0007340030	-0.0010503157
74.587061	1787824797774108160	-0.0009980243	0.0008709030	0.0017895205
74.689761	1787824797879108096	-0.0000236235	0.0008921750	0.0000731385
74.800856	1787824797990108160	0.0005738938	0.0000116311	0.0004019165
74.886274	1787824798074108160	-0.0011235485	0.0010846140	0.0013462361
75.014477	1787824798203108352	-0.0012410492	-0.0002528993	0.0050185592
75.102216	1787824798290108160	0.0013631976	-0.0013811330	-0.0013392498
75.195587	1787824798383108096	-0.0000484228	0.0001681044	0.0011186554
75.305224	1787824798494108160	0.0005827797	0.0015047308	-0.0025999656
75.388595	1787824798578108416	-0.0000461213	-0.0000156067	-0.0043843927
75.494255	1787824798683108096	0.0002306394	0.0018395009	-0.0002698979
75.599245	1787824798788108032	0.0005918917	0.0004916725	0.0037841315
75.693152	1787824798881108224	0.0002082108	-0.0010210751	-0.0000315404
75.801722	1787824798989108224	-0.0000333887	0.0016007305	-0.0010221417
75.899174	1787824799088108288	-0.0001484828	-0.0018304836	0.0014486285
76.001228	1787824799190108416	0.0001264534	0.0007054933	-0.0038221668
76.113514	1787824799301108224	0.0006410022	0.0005839717	-0.0015597077
76.196149	1787824799385108224	0.0008140063	-0.0004979909	0.0051049097
76.299013	1787824799487108352	0.0006539724	-0.0008420244	0.0027818461
76.405184	1787824799592108288	-0.0005683760	-0.0007737554	0.0051821486
76.496114	1787824799685108224	0.0010687513	0.0004225986	0.0019089146
76.609309	1787824799796108288	0.0009845062	-0.0004366183	0.0035570092
76.695952	1787824799883108096	-0.0001267268	0.0006093212	-0.0036727398
76.792156	1787824799979108096	-0.0016044420	-0.0001801180	0.0065945579
76.897911	1787824800087108096	0.0005733474	-0.0014268906	0.0009208876
77.005715	1787824800195108096	-0.0003800814	0.0001076849	-0.0059633239
77.101771	1787824800291108096	-0.0000965924	-0.0007947427	-0.0014918932
77.196937	1787824800384108288	0.0003719805	0.0004252604	-0.0025242272
77.299211	1787824800486108416	0.0010070970	-0.0004718816	0.0039769039
77.393261	1787824800582108160	0.0019360623	-0.0005461282	0.0019085005
77.505714	1787824800693108224	0.0009264244	0.0000899711	-0.0033963166
77.603888	1787824800792108288	0.0000892219	0.0008087629	-0.0047633015
77.709576	1787824800897108224	0.0008268840	-0.0005796646	0.0045403654
77.805412	1787824800993108224	-0.0003944315	0.0000685907	0.0056473569
77.901139	1787824801089108224	-0.0006407985	-0.0002668519	-0.0094906040
78.001022	1787824801188108288	0.0003645275	-0.0005989027	-0.0014555038
78.096314	1787824801284108288	-0.0000348595	-0.0021442781	-0.0042185623
78.189210	1787824801377108224	-0.0000977202	0.0003036090	0.0016754844
78.299257	1787824801488108032	0.0012451871	0.0006382497	-0.0013394916
78.394670	1787824801584108032	-0.0004094198	0.0000175550	0.0027262803
78.496338	1787824801683108096	-0.0004369593	0.0011036807	0.0036215058
78.598790	1787824801788108032	-0.0004753047	-0.0001330980	-0.0020640766
78.698921	1787824801887108096	0.0005819415	-0.0009526882	0.0032678087
78.802073	1787824801989108224	0.0007450494	-0.0030962929	-0.0036434488
78.895085	1787824802082108160	-0.0010678035	0.0010598103	-0.0007759225
79.004213	1787824802193108224	0.0011155150	-0.0005212880	0.0004640877
79.111151	1787824802298108160	0.0002127707	0.0001286124	0.0027476242
79.202011	1787824802391108352	-0.0008184791	0.0002664456	-0.0000589400
79.306804	1787824802496108288	-0.0011704441	0.0011095893	0.0039209171
79.407284	1787824802595108352	-0.0010157735	0.0002527864	0.0010965212
79.509572	1787824802697108224	0.0006592143	-0.0004053872	-0.0025259930
79.596352	1787824802784108288	0.0002804321	0.0001772370	-0.0019558513
79.705022	1787824802892108288	-0.0008284961	0.0010038171	-0.0026998900
79.802701	1787824802991108096	0.0013704741	0.0004785705	0.0032825621
79.905767	1787824803093108224	-0.0007937471	0.0004016918	0.0014538374
80.000389	1787824803189108224	-0.0000944025	0.0003863817	-0.0005981463
80.094300	1787824803282108416	0.0008579429	-0.0004047183	0.0036126143
80.201759	1787824803390108160	0.0003914986	0.0006502457	0.0019508849
80.315823	1787824803504108288	-0.0011553017	0.0006772290	-0.0034930516
80.396502	1787824803585108224	0.0002573173	-0.0004731577	-0.0020038846
80.498262	1787824803687108352	0.0002396454	0.0005541447	-0.0044877562
80.599055	1787824803786108160	0.0013378145	0.0003578564	-0.0002024255
80.701852	1787824803891108352	-0.0007486649	0.0001107693	-0.0040791627
80.796162	1787824803984108288	-0.0019349142	0.0011555377	-0.0005570921
80.895734	1787824804083108096	-0.0003767343	0.0001304305	0.0076631830
81.004060	1787824804191108352	0.0003855405	0.0014467300	0.0001704270
81.102270	1787824804290108160	0.0000179713	-0.0000729992	0.0007008066
81.213478	1787824804401108224	-0.0006784990	0.0000899187	-0.0016469272
81.301133	1787824804488108032	0.0005489023	0.0006115112	-0.0011045651
81.403115	1787824804590108160	-0.0000821909	-0.0000489990	-0.0013380149
81.496933	1787824804686108160	-0.0012746150	0.0001048697	0.0006948255
81.610577	1787824804800108288	-0.0009826974	0.0009396949	-0.0060458248
81.700158	1787824804887108096	-0.0003321487	-0.0011317862	0.0003827193
81.800170	1787824804989108224	-0.0002954073	0.0007513002	-0.0021245786
81.880178	1787824805067108096	0.0001995146	-0.0002266738	-0.0001150259
82.010020	1787824805199108096	0.0019409995	-0.0006587922	0.0017876468
82.102808	1787824805292108288	0.0000164215	0.0000986776	0.0010924417
82.201618	1787824805391108352	0.0012523076	0.0009681510	0.0006784309
82.295712	1787824805484108288	-0.0002606223	0.0011528202	-0.0005700542
82.404299	1787824805592108288	-0.0006042803	-0.0000333680	0.0024312247
82.488400	1787824805676108032	-0.0016449760	0.0015823069	-0.0004945019
82.606566	1787824805796108288	0.0002798986	-0.0010580285	0.0034346154
82.693405	1787824805880108032	0.0011758402	-0.0007524904	-0.0068345067
82.803898	1787824805991108096	0.0004941670	-0.0009419505	-0.0016180687
82.911251	1787824806099108096	-0.0008302699	0.0002963736	0.0021951230
83.005891	1787824806195108096	-0.0002095657	-0.0006068265	-0.0006407032
83.107765	1787824806297108224	0.0004848401	-0.0000418813	-0.0006336444
83.205654	1787824806393108224	-0.0001121248	0.0018008979	-0.0040893268
83.300330	1787824806489108224	-0.0000935241	-0.0013923895	-0.0048812960
83.397406	1787824806585108224	-0.0002787544	-0.0005716566	-0.0008599493
83.498239	1787824806687108352	-0.0000625345	-0.0006040785	-0.0007462355
83.605778	1787824806795108352	0.0009454532	-0.0001701694	-0.0012498754
83.703647	1787824806891108352	0.0014759523	-0.0002205187	-0.0005756103
83.787862	1787824806975108096	-0.0009446383	-0.0005916077	-0.0007707794
83.897713	1787824807086108160	0.0013236621	0.0006965215	0.0066433849
84.000089	1787824807188108288	-0.0007437903	0.0009190703	0.0018508059
84.097691	1787824807287108096	0.0011069791	0.0015669507	-0.0044008858
84.202313	1787824807389108224	-0.0019918534	-0.0000634695	0.0002840157
84.296535	1787824807485108224	-0.0011327926	-0.0003398184	-0.0041807328
84.405283	1787824807593108224	0.0015814019	-0.0008240077	-0.0047901611
84.498986	1787824807686108160	0.0000205666	0.0005730444	-0.0036610239
84.605729	1787824807794108160	-0.0000148617	-0.0013026338	0.0085826713
84.701752	1787824807890108160	-0.0001691140	0.0003633202	-0.0043086957
84.797039	1787824807986108416	0.0015913642	-0.0012586472	-0.0041753164
84.905431	1787824808094108160	-0.0014608142	-0.0007211796	0.0067702289
85.004686	1787824808193108224	-0.0001523333	0.0004144051	0.0030114927
85.101379	1787824808289108224	-0.0001190203	0.0000443844	0.0002787841
85.190962	1787824808379108096	-0.0006116532	-0.0000027262	0.0068433400
85.312980	1787824808502108160	-0.0005934797	0.0006895682	-0.0018268640
85.398159	1787824808586108160	0.0000955081	0.0003927199	0.0045890103
85.495147	1787824808682108160	-0.0008144059	-0.0008492402	0.0081595563
85.588022	1787824808775108096	-0.0005181272	0.0014564189	-0.0016403365
85.700437	1787824808889108224	-0.0008188440	0.0001374697	-0.0017761632
85.798606	1787824808988108032	0.0007615219	0.0000397669	-0.0030021441
85.896649	1787824809084108032	-0.0000090503	0.0008138930	-0.0013550200
85.996084	1787824809183108096	-0.0002913913	-0.0011348928	-0.0073480542
86.107444	1787824809294108160	-0.0001941939	-0.0001686945	-0.0029059539
86.206844	1787824809396108032	-0.0018785075	-0.0005637369	-0.0004960571
86.303993	1787824809492108032	0.0004598801	0.0005011381	0.0008508353
86.395934	1787824809585108224	-0.0007712732	0.0010488519	0.0021340675
86.499109	1787824809687108352	0.0006714123	-0.0005807083	0.0064253410
86.605039	1787824809792108288	-0.0010852322	-0.0014096497	-0.0038734031
86.701136	1787824809888108288	0.0009879106	-0.0001444103	0.0031743785
86.789275	1787824809978108160	-0.0006350729	-0.0001134363	0.0000613792
86.894925	1787824810083108096	-0.0004593064	-0.0003714792	-0.0021345322
86.995424	1787824810182108160	0.0006149284	-0.0010009051	0.0012098538
87.095338	1787824810284108288	-0.0007267364	-0.0002554652	-0.0029499053
87.203956	1787824810392108288	0.0010751214	0.0002430364	-0.0025220787
87.296038	1787824810485108224	0.0003839659	0.0010616873	-0.0016493546
87.396493	1787824810584108032	0.0002824969	-0.0001483909	0.0041813792
87.489812	1787824810677108224	0.0000209259	0.0002015266	-0.0058318162
87.600432	1787824810788108032	-0.0011055314	0.0014912787	-0.0005024051
87.704045	1787824810893108224	0.0001011699	0.0016384936	0.0000702771
87.800989	1787824810989108224	0.0005308429	0.0021171403	0.0012580361
87.900109	1787824811088108288	0.0007423596	0.0024176585	-0.0028006595
88.001399	1787824811190108416	0.0001882265	0.0002554228	-0.0053400779
88.096458	1787824811283108352	-0.0006413472	-0.0019880404	-0.0040359565
88.192416	1787824811379108096	0.0005389265	0.0007300809	0.0027609774
88.295677	1787824811484108288	0.0006461558	0.0017062490	0.0025237989
88.389171	1787824811577108224	0.0001000375	0.0009815962	-0.0022510162
88.495629	1787824811685108224	-0.0004347266	0.0003296666	0.0036474082
88.610378	1787824811799108352	-0.0009052880	-0.0002702107	0.0013672314
88.696079	1787824811883108096	0.0004665015	-0.0005987704	0.0027751989
88.804618	1787824811994108160	-0.0012028836	0.0005673491	-0.0004504295
88.905893	1787824812093108224	-0.0006511648	-0.0002974058	0.0033896775
88.996951	1787824812186108160	-0.0005695161	-0.0005181567	-0.0004467646
89.100026	1787824812288108032	0.0011241235	0.0001362172	-0.0046353072
89.197547	1787824812387108096	0.0001121120	0.0012501710	-0.0024672977
89.303535	1787824812492108032	0.0000782504	0.0001697538	0.0001624494
89.404592	1787824812594108160	-0.0002088934	-0.0004456750	-0.0082422409
89.505173	1787824812693108224	0.0009766920	-0.0003235029	0.0017609950
89.608795	1787824812798108160	0.0001180009	0.0010188753	-0.0017294562
89.708739	1787824812897108224	-0.0012496744	-0.0008152474	-0.0046013328
89.799652	1787824812987108352	-0.0014142954	-0.0011974891	0.0019196980
89.902448	1787824813089108224	0.0006810816	0.0001379282	0.0031690804
89.992431	1787824813179108096	-0.0007094869	0.0001862844	-0.0080447205
90.097552	1787824813287108096	0.0009471858	-0.0000042185	0.0004819515
90.196916	1787824813386108160	0.0012475263	-0.0003307764	0.0004838537
90.300020	1787824813488108032	0.0015712125	-0.0005150945	-0.0009008894
90.412401	1787824813599108096	-0.0008283502	0.0014291611	-0.0032000779
90.500630	1787824813689108224	-0.0011710183	0.0002044854	-0.0029638806
90.597441	1787824813785107968	0.0015121940	0.0010390917	-0.0013922177
90.710326	1787824813899108096	0.0001679490	0.0003432080	-0.0021864748
90.799104	1787824813986108416	-0.0015098868	0.0012377641	-0.0030163374
90.896057	1787824814085108224	-0.0015826458	-0.0007575602	-0.0060284258
90.998428	1787824814187108352	0.0001995163	0.0006819197	0.0033824186
91.099304	1787824814286108160	-0.0011891830	0.0005992692	0.0019024826
91.200993	1787824814388108288	0.0001614335	0.0015847113	0.0012153316
91.295881	1787824814484108288	-0.0001791336	0.0002944156	0.0013528670
91.401273	1787824814589108224	0.0011201901	-0.0021009239	0.0048838011
91.504336	1787824814691108352	0.0003996912	-0.0008537183	-0.0002701728
91.597101	1787824814784108288	-0.0011131653	0.0004846759	0.0029197463
91.699248	1787824814886108160	0.0009100160	-0.0012815478	0.0064665675
91.799064	1787824814988108032	-0.0014786520	-0.0009295933	-0.0039577499
91.902234	1787824815090108160	-0.0009038779	0.0012332400	-0.0019595906
92.017390	1787824815204108288	-0.0011015161	0.0000976494	-0.0046547105
92.099179	1787824815288108032	-0.0005863665	0.0004377992	-0.0026009684
92.193048	1787824815381108224	0.0016696219	-0.0014097441	0.0035537584
92.298658	1787824815486108416	-0.0006019588	-0.0002655637	0.0030183107
92.403203	1787824815591108352	-0.0014814395	0.0010703635	-0.0063598823
92.513272	1787824815702108160	0.0004082805	-0.0008440744	0.0008769796
92.590323	1787824815777108224	-0.0005456737	-0.0001021654	-0.0046286867
92.695732	1787824815885108224	-0.0005446691	-0.0001951722	-0.0000151392
92.801550	1787824815990108160	0.0001350613	-0.0002594317	0.0109878741
92.894357	1787824816083108096	-0.0009691808	-0.0002305637	-0.0077701897
92.990460	1787824816179108096	0.0009858485	0.0010984799	0.0002279523
93.098794	1787824816287108096	0.0005935365	0.0016630909	-0.0053293000
93.205648	1787824816395108096	-0.0003759867	-0.0006701705	0.0068900728
93.301978	1787824816491108096	0.0004879179	-0.0012812565	-0.0059488342
93.387788	1787824816575108352	-0.0008198342	-0.0008408199	-0.0059169418
93.495384	1787824816683108096	-0.0000244613	0.0010466620	0.0037162277
93.594824	1787824816782108416	-0.0002904369	-0.0019421151	0.0003964555
93.694016	1787824816881108224	0.0013821572	0.0012541523	-0.0017125385
93.795416	1787824816983108352	0.0008107921	-0.0004054617	0.0063481752
93.901615	1787824817091108352	0.0025194023	0.0003762434	-0.0011519214
93.999658	1787824817187108352	0.0005899946	0.0003305721	0.0006925176
94.110643	1787824817298108160	-0.0005726626	-0.0008296859	-0.0013784670
94.211323	1787824817400108032	-0.0000980671	0.0004554059	-0.0065408927
94.304240	1787824817493108224	0.0002750678	0.0001129585	-0.0083945983
94.404336	1787824817592108288	0.0005501031	0.0004340874	0.0030833933
94.499371	1787824817688108288	-0.0015907736	-0.0004678755	-0.0014780088
94.598392	1787824817787108096	-0.0001548606	0.0003004851	-0.0041687064
94.713692	1787824817901108224	-0.0013376640	0.0001119340	0.0030824034
94.800541	1787824817988108032	-0.0000716918	0.0003885531	-0.0043287470
94.889625	1787824818078108416	0.0004922430	0.0013440444	-0.0011161425
94.996996	1787824818186108160	-0.0012422129	-0.0016301870	0.0075018284
95.107978	1787824818297108224	-0.0004129254	-0.0005694326	-0.0057484188
95.204181	1787824818393108224	-0.0006248013	-0.0004254376	0.0035253873
95.291542	1787824818480108288	-0.0012745682	0.0001574755	0.0002759512
95.398206	1787824818585108224	-0.0010169997	0.0005381533	0.0011254589
95.497486	1787824818684108288	0.0003695619	0.0001988796	-0.0019139493
95.602060	1787824818789108224	-0.0009053105	0.0001441588	-0.0038702702
95.702901	1787824818891108352	-0.0001277359	0.0002470217	-0.0003340729
95.805276	1787824818993108224	-0.0003026626	-0.0006746303	-0.0015090720
95.899666	1787824819089108224	0.0004761257	-0.0004061418	-0.0019109059
95.997906	1787824819185108224	-0.0014220673	0.0006040757	-0.0002193866
96.090885	1787824819278108160	-0.0001347057	-0.0005832862	0.0043236195
96.199027	1787824819386108160	0.0000095461	-0.0000382591	0.0020879045
96.294903	1787824819482108160	-0.0007394049	0.0003461859	-0.0052629320
96.412744	1787824819602108160	-0.0000229162	0.0002474028	0.0023689533
96.491712	1787824819680108288	0.0009480780	-0.0011099843	-0.0051576532
96.602147	1787824819791108096	0.0011903736	-0.0009443226	0.0047175950
96.695269	1787824819884108288	0.0003991283	0.0010586047	-0.0039588931
96.810433	1787824819998108160	0.0008092093	0.0000628656	0.0002726772
96.898910	1787824820088108288	-0.0006717541	0.0011154194	-0.0010355551
96.995295	1787824820184108288	0.0006092520	0.0002142888	0.0007841624
97.105487	1787824820292108288	-0.0006141922	-0.0004432131	-0.0043795349
97.196645	1787824820385108224	0.0010014437	-0.0020262408	0.0024263702
97.304925	1787824820493108224	-0.0000369332	-0.0004073431	-0.0049593717
97.402969	1787824820592108288	-0.0005077978	-0.0004317971	-0.0028479604
97.502677	1787824820691108352	-0.0018608859	-0.0003702132	-0.0000095976
97.589356	1787824820778108160	-0.0009465489	-0.0000763444	0.0022158058
97.694230	1787824820883108096	0.0005863645	0.0005846601	0.0019234398
97.807627	1787824820997108224	0.0003825343	-0.0008082720	0.0000850110
97.905624	1787824821093108224	-0.0002760338	0.0009834055	-0.0013410608
97.997893	1787824821186108160	-0.0005683388	-0.0004957111	0.0002699377
98.101208	1787824821288108032	0.0019012801	0.0019296022	-0.0002075332
98.195397	1787824821384108288	-0.0005919755	0.0003222908	-0.0038292411
98.303115	1787824821492108032	-0.0003712589	-0.0012712032	-0.0004913412
98.392084	1787824821579108352	-0.0012458678	0.0013410029	0.0006806246
98.508557	1787824821696108032	0.0003874730	-0.0004138197	-0.0012366799
98.598604	1787824821786108160	-0.0010820089	0.0012421642	-0.0017568016
98.696100	1787824821885108224	-0.0001063380	0.0006806528	0.0051116871
98.798793	1787824821987108352	0.0009133742	0.0005175239	0.0016624562
98.902137	1787824822089108224	0.0005812205	0.0010275813	-0.0002412653
99.004301	1787824822191108352	-0.0002848072	-0.0009778967	0.0033314987
99.088243	1787824822275108096	0.0015771463	-0.0005136801	-0.0046858837
99.196058	1787824822383108096	0.0014602416	-0.0001860124	0.0033519598
99.292885	1787824822482108160	-0.0003801403	-0.0005209109	-0.0050172746
99.395992	1787824822584108032	0.0002792049	0.0007346337	-0.0028793584
99.496750	1787824822686108160	-0.0001873213	-0.0019903378	0.0038638458
99.593928	1787824822782108416	-0.0013456245	0.0009450734	-0.0020343212
99.709744	1787824822899108096	0.0009655188	-0.0018634475	0.0009849587
99.801497	1787824822989108224	-0.0003924695	0.0003829527	0.0030395098
99.909323	1787824823097108224	0.0005568575	-0.0009335083	-0.0003660457
99.998692	1787824823187108352	-0.0000807788	0.0014228304	-0.0044084980
100.112357	1787824823301108224	0.0017936606	0.0003542280	-0.0011343489
100.196712	1787824823385108224	0.0006541892	-0.0005678555	0.0027465747
100.304679	1787824823493108224	-0.0004998359	-0.0001166635	-0.0017380871
100.398683	1787824823586108160	-0.0008469057	-0.0013365769	0.0015230262
100.496741	1787824823685108224	-0.0003600860	0.0003724269	-0.0046593943
100.605292	1787824823793108224	0.0005004473	-0.0006022124	-0.0035415324
100.709061	1787824823898108160	-0.0010078657	0.0001562988	-0.0070717243
100.794343	1787824823982108160	0.0003489560	-0.0003712943	-0.0044089507
100.905180	1787824824093108224	0.0000737994	0.0005144873	0.0000742742
101.006035	1787824824195108096	-0.0006742075	0.0013777209	0.0047719368
101.106037	1787824824294108160	0.0002806879	0.0005088795	-0.0020786048
101.209937	1787824824399108096	-0.0010987428	0.0012669030	-0.0035739891
101.303623	1787824824492108032	-0.0009212372	-0.0000661235	0.0048585519
101.392559	1787824824582108160	0.0011715945	-0.0003370340	0.0078756818
101.492087	1787824824681108224	-0.0001154969	-0.0014445151	-0.0034419864
101.599191	1787824824786108160	0.0004519986	-0.0018708703	0.0066866318
101.698442	1787824824885108224	0.0019852986	-0.0005685209	-0.0035147669
101.802846	1787824824990108160	0.0010432580	0.0003138850	-0.0001114018
101.892894	1787824825080108288	0.0006036047	-0.0003687026	0.0046176028
102.001087	1787824825188108288	-0.0001413049	-0.0002911777	-0.0037874785
102.091793	1787824825281108224	-0.0006393426	-0.0006580672	0.0004762709
102.203605	1787824825392108288	-0.0016049536	-0.0008905999	-0.0012015488
102.297151	1787824825485108224	0.0002450707	0.0009710062	-0.0012996027
102.394014	1787824825581107968	-0.0003835878	-0.0007405695	0.0077802479
102.491961	1787824825680108288	0.0010984464	-0.0013725259	0.0019525783
102.588341	1787824825776108288	0.0003867383	-0.0008878008	0.0000809428
102.696377	1787824825884108288	-0.0014939609	0.0000135244	-0.0007069320
102.798741	1787824825986108416	-0.0007474212	-0.0014960361	-0.0044673961
102.897451	1787824826085108224	0.0006077198	-0.0000644873	0.0062905181
103.006779	1787824826196108032	-0.0006305601	0.0010294213	-0.0036185808
103.107378	1787824826295108352	0.0002528685	-0.0005365291	0.0007191832
103.204438	1787824826391108352	-0.0000673258	-0.0000443991	-0.0009126717
103.298583	1787824826487108352	-0.0000606224	-0.0001633197	0.0036601535
103.401519	1787824826589108224	0.0011514958	0.0009087014	0.0007465461
103.505803	1787824826694108160	-0.0003960186	-0.0002675911	0.0017795735
103.604063	1787824826793108224	0.0015857008	0.0006641896	0.0029068612
103.698862	1787824826886108160	-0.0002576946	0.0001266286	-0.0006161064
103.805376	1787824826994108160	0.0013331659	0.0009530989	0.0050064489
103.903001	1787824827090108160	-0.0012975743	0.0005707095	-0.0055469236
104.007445	1787824827195108096	0.0000264674	-0.0003171905	0.0011908824
104.103720	1787824827291108096	-0.0003704622	0.0006620361	0.0035197658
104.190357	1787824827378108160	0.0000663271	0.0002209701	0.0022182811
104.307890	1787824827495108096	0.0000509202	-0.0007316861	-0.0039995819
104.402864	1787824827591108352	0.0000386231	0.0007213897	0.0116743186
104.503360	1787824827690108416	0.0006313231	0.0013046018	-0.0008410947
104.593317	1787824827780108288	-0.0000542749	0.0005786222	-0.0024252786
104.698558	1787824827888108288	0.0003567872	0.0007950610	-0.0020645627
104.800520	1787824827990108160	-0.0010004803	0.0012987674	0.0053783144
104.899958	1787824828089108224	-0.0014798352	-0.0008571678	0.0036589180
104.996008	1787824828185108224	0.0006469040	0.0002056541	0.0027044542
105.103902	1787824828293108224	-0.0005030830	-0.0001353323	0.0021438711
105.198086	1787824828386108160	-0.0013044297	0.0008029700	0.0021244734
105.295604	1787824828485108224	-0.0008740163	0.0001840096	0.0031977529
105.395304	1787824828584108032	-0.0005786854	0.0003040387	-0.0015562233
105.504169	1787824828692108032	-0.0005067263	-0.0008699672	-0.0023566918
105.591357	1787824828779108352	-0.0004591850	0.0002625491	-0.0034953267
105.712366	1787824828899108096	0.0012484806	-0.0002982767	0.0002806652
105.802142	1787824828989108224	0.0019686882	-0.0000320852	0.0025683851
105.902979	1787824829091108352	-0.0007820144	0.0004605488	0.0014766417
105.993530	1787824829181108224	-0.0008648234	-0.0011149155	0.0038938621
106.108352	1787824829295108352	-0.0009263091	-0.0004608626	0.0021480512
106.197631	1787824829385108224	0.0003738210	-0.0004888276	0.0075543170
106.299107	1787824829487108352	-0.0008172886	0.0005328307	0.0024214034
106.400323	1787824829589108224	-0.0004728439	-0.0006927783	-0.0013151906
106.502079	1787824829691108352	-0.0019599448	0.0005363880	-0.0039837939
106.594560	1787824829784108288	0.0006677129	0.0007463098	-0.0006869518
106.710695	1787824829898108160	-0.0005056826	-0.0006385884	0.0039853946
106.804719	1787824829994108160	-0.0002331515	-0.0011037460	-0.0005641729
106.909048	1787824830096108288	0.0003734821	-0.0001395702	-0.0008879075
107.002516	1787824830192108032	-0.0005793882	0.0000289816	0.0027047668
107.105863	1787824830294108160	-0.0010535114	-0.0022325268	-0.0000866533
107.196725	1787824830384108288	-0.0018131575	-0.0005110504	0.0034185285
107.297387	1787824830486108416	0.0011209059	0.0007561964	-0.0067734814
107.407717	1787824830597108224	-0.0000260449	-0.0004226216	0.0017697822
107.494135	1787824830681108224	-0.0008749978	-0.0015865027	0.0045396136
107.593865	1787824830783108352	-0.0009917696	0.0012585936	0.0027593902
107.700308	1787824830888108288	0.0008084443	0.0004972426	-0.0012122629
107.798744	1787824830987108352	-0.0006880297	0.0011676192	-0.0007119279
107.896650	1787824831086108160	-0.0012022861	0.0000276332	0.0083529839
108.000298	1787824831188108288	-0.0011707360	-0.0002284979	0.0013581503
108.103837	1787824831293108224	-0.0000525087	0.0011954352	0.0001872992
108.190414	1787824831377108224	0.0011908962	-0.0001382450	0.0090022623
108.304000	1787824831491108096	-0.0002671775	0.0001551397	0.0033453962
108.402870	1787824831590108160	-0.0009642094	0.0007775554	-0.0000721637
108.491962	1787824831680108288	-0.0013653609	-0.0013270314	0.0016285166
108.598918	1787824831788108032	-0.0000861566	-0.0002146039	-0.0009505947
108.701618	1787824831890108160	-0.0005796942	-0.0016899405	0.0044212728
108.797704	1787824831986108416	-0.0005404435	0.0000596856	0.0004605294
108.906752	1787824832094108160	0.0001923926	-0.0004903172	0.0009718212
108.999872	1787824832187108352	0.0001638606	0.0008480286	0.0007378895
109.103941	1787824832292108288	-0.0001000442	-0.0002352775	0.0049387108
109.202776	1787824832391108352	0.0008074812	-0.0015080555	-0.0018844875
109.305263	1787824832493108224	0.0007755035	-0.0015742498	0.0020596142
109.400230	1787824832589108224	0.0004424734	-0.0023788784	0.0033300185
109.506938	1787824832694108160	-0.0011598172	0.0021396376	0.0004837194
109.596327	1787824832784108288	-0.0018712248	-0.0011749806	0.0021238213
109.702211	1787824832889108224	-0.0000561123	0.0003846948	0.0032297705
109.799554	1787824832988108032	-0.0008594860	-0.0005872725	0.0008185152
109.898005	1787824833087108096	0.0003448199	0.0006708028	-0.0019810844
110.007153	1787824833195108096	0.0008313990	-0.0002664584	0.0002824251
110.097076	1787824833285107968	0.0002992881	-0.0009795953	-0.0004553684
110.198131	1787824833387108096	0.0007282858	-0.0008157944	-0.0007182386
110.294041	1787824833483108352	0.0004608228	-0.0003513762	0.0022605106
110.388617	1787824833576108288	0.0006582520	-0.0004146613	0.0023205506
110.508466	1787824833696108032	0.0003869856	-0.0008003767	-0.0033843613
110.595539	1787824833783108352	-0.0010246739	0.0002257082	0.0023399201
110.698154	1787824833885108224	0.0004156318	-0.0004108979	-0.0010200826
110.799844	1787824833987108352	0.0004834465	0.0002504398	0.0057531043
110.910058	1787824834098108416	-0.0012663520	0.0001038252	0.0022913924
111.002115	1787824834191108352	0.0009434360	-0.0001360907	-0.0034682449
111.100085	1787824834287108096	-0.0011300106	-0.0009120844	0.0010814378
111.199844	1787824834389108224	0.0004304720	-0.0000922635	-0.0010568958
111.299299	1787824834488108032	0.0013613748	0.0003428293	-0.0029550439
111.398577	1787824834587108096	-0.0003527843	0.0013948693	-0.0022951296
111.496259	1787824834683108096	0.0008774078	-0.0003959856	0.0046020431
111.598077	1787824834785107968	-0.0000507515	0.0011807251	-0.0021200950
111.693924	1787824834881108224	-0.0005167918	0.0008732440	0.0073879014
111.791655	1787824834980108288	0.0003997129	-0.0016311052	-0.0041862425
111.902362	1787824835091108352	-0.0001311927	0.0019197424	0.0056635296
112.003472	1787824835190108416	-0.0012466481	0.0000302099	0.0002569829
112.106385	1787824835295108352	-0.0011104499	-0.0008571368	-0.0030517345
112.210366	1787824835397108224	-0.0003775727	-0.0004032421	-0.0035252750
112.297342	1787824835484108288	-0.0004804448	0.0006406576	0.0002315973
112.396793	1787824835586108160	-0.0023295068	0.0004058365	0.0024508319
112.501855	1787824835691108352	0.0014642232	0.0001718966	-0.0048555697
112.597688	1787824835787108096	-0.0004377244	0.0005959828	0.0001984167
112.691406	1787824835880108032	-0.0002701989	-0.0000666855	-0.0094283069
112.797185	1787824835985108224	0.0006404592	-0.0007458568	0.0009280193
112.903873	1787824836093108224	-0.0005765536	-0.0007123353	-0.0023987543
113.002862	1787824836192108032	-0.0002124581	0.0000203959	0.0013197247
113.096955	1787824836285107968	-0.0006420234	0.0007876797	-0.0008845805
113.191961	1787824836381108224	-0.0005394443	0.0002383111	0.0061827928
113.297103	1787824836486108416	0.0005058281	-0.0014785709	0.0087948186
113.394361	1787824836582108160	-0.0019487848	0.0003828966	-0.0014455459
113.510098	1787824836699108096	-0.0002712192	0.0000719119	-0.0017311654
113.602695	1787824836792108288	-0.0009739292	-0.0008553602	-0.0031791985
113.704726	1787824836894108416	-0.0005938773	0.0006639291	-0.0011907500
113.797619	1787824836987108352	-0.0005040562	0.0003761917	-0.0000209336
113.898075	1787824837086108160	0.0005025919	-0.0011898804	-0.0033529901
113.988507	1787824837176108032	0.0007136573	0.0009701814	0.0027875039
114.097304	1787824837284108288	0.0017986616	-0.0016830835	0.0090845931
114.207179	1787824837395108096	0.0002107291	-0.0001839735	0.0010353081
114.287219	1787824837476108288	0.0008478821	-0.0004897382	-0.0019071785
114.391377	1787824837578108416	0.0013167891	-0.0001999742	0.0018875378
114.501659	1787824837689108224	0.0000253136	0.0007175403	-0.0035449282
114.594430	1787824837782108416	0.0013789510	-0.0017078098	0.0016702514
114.694859	1787824837884108288	0.0002240408	0.0003640191	0.0008894783
114.805083	1787824837992108032	0.0001940923	0.0000455097	-0.0030303486
114.907576	1787824838097108224	0.0006167934	0.0008104027	0.0042464107
114.996722	1787824838184108288	-0.0026181345	-0.0010889967	-0.0028917526
115.101602	1787824838289108224	0.0003362111	0.0000090625	0.0005986092
115.200211	1787824838388108288	0.0002408317	-0.0005268144	-0.0046575003
115.309427	1787824838496108288	-0.0007580525	-0.0001290392	0.0024837037
115.396534	1787824838586108160	0.0005938732	0.0002338061	0.0031823082
115.495305	1787824838682108160	-0.0011538964	0.0016671198	-0.0019695682
115.609503	1787824838799108352	0.0017258257	-0.0010182472	0.0025037905
115.698879	1787824838886108160	0.0000033298	-0.0001097626	-0.0007698787
115.799833	1787824838988108032	-0.0003917063	-0.0017124694	-0.0008283338
115.900209	1787824839087108096	-0.0017942213	0.0021221448	0.0002642446
115.999192	1787824839186108160	0.0008156724	0.0007558552	-0.0040599620
116.102393	1787824839291108096	0.0000615625	-0.0009698858	0.0028289944
116.193734	1787824839381108224	0.0009712121	0.0010016554	0.0012131989
116.303956	1787824839492108032	0.0005750970	-0.0002277453	-0.0019539238
116.396571	1787824839585108224	-0.0004431230	0.0019229975	-0.0002530666
116.504093	1787824839693108224	-0.0008884501	0.0008633172	0.0016867297
116.601244	1787824839789108224	0.0006013599	-0.0000426827	0.0016917828
116.701490	1787824839888108288	0.0003267455	-0.0001241334	0.0006036860
116.804503	1787824839993108224	0.0007850155	0.0010773093	0.0000887829
116.905065	1787824840092108288	-0.0001903601	-0.0004444734	0.0021719339
117.001929	1787824840191108352	-0.0002096630	0.0007136795	0.0003968096
117.097341	1787824840284108288	0.0005634539	0.0012888863	0.0084577979
117.207131	1787824840395108096	-0.0017277032	0.0000036002	-0.0029022706
117.298915	1787824840488108032	-0.0010536153	-0.0007344949	0.0002648122
117.389044	1787824840578108416	0.0002236431	0.0011636066	0.0028904743
117.492711	1787824840680108288	-0.0003045585	0.0011317268	0.0028406963
117.602167	1787824840791108096	-0.0004513947	-0.0007412909	-0.0043862506
117.691198	1787824840878108160	0.0006604530	-0.0007531793	0.0041245751
117.796978	1787824840986108416	-0.0005954873	0.0006669408	-0.0003794511
117.903093	1787824841091108352	-0.0001312490	0.0000599703	-0.0001727561
118.005554	1787824841193108224	0.0002363401	-0.0001628433	-0.0062348235
118.105331	1787824841292108288	0.0002877078	0.0004487081	-0.0063180822
118.201905	1787824841391108352	0.0009115068	0.0007784816	0.0039466419
118.289128	1787824841478108160	-0.0003171052	-0.0011924864	-0.0031370527
118.403271	1787824841592108288	-0.0015256929	-0.0002188115	0.0001383145
118.493822	1787824841682108160	-0.0008091514	-0.0000966188	-0.0015537101
118.600904	1787824841790108160	0.0010646683	0.0017283893	0.0015764120
118.695285	1787824841883108096	-0.0010500125	-0.0002005113	-0.0009777832
118.801422	1787824841988108032	-0.0007923749	0.0005270930	-0.0023084781
118.896584	1787824842084108032	0.0007259488	-0.0014045995	0.0005093794
119.003362	1787824842192108032	-0.0003093691	0.0018800240	0.0004825836
119.089001	1787824842276108288	-0.0009661220	-0.0011949219	0.0049356291
119.207328	1787824842396108032	0.0008154697	-0.0009460225	0.0033258884
119.304035	1787824842492108032	-0.0006648328	-0.0009995278	0.0000728033
119.403889	1787824842591108352	0.0000584969	-0.0001502566	-0.0045767747
119.502688	1787824842690108416	-0.0007490874	-0.0000486582	0.0047991581
119.608192	1787824842795108352	-0.0014165770	-0.0004226627	-0.0030549021
119.699128	1787824842888108288	0.0001616989	0.0002371508	0.0014558953
119.791987	1787824842981108224	-0.0005790952	-0.0011962440	0.0067845600
119.899388	1787824843086108160	-0.0007909581	-0.0012447952	-0.0019909971
120.004662	1787824843194108160	0.0006107990	-0.0017251855	0.0040082639
120.090548	1787824843278108160	-0.0002378449	0.0009395319	0.0010889352
120.205256	1787824843392108288	-0.0001835027	-0.0012008712	-0.0017066452
120.291851	1787824843479108096	-0.0013445666	-0.0009375129	0.0014888359
120.392117	1787824843581107968	-0.0001805319	0.0002913468	-0.0002355935
120.495997	1787824843683108096	-0.0008988263	0.0001014133	-0.0055099510
120.595530	1787824843785107968	0.0002320815	-0.0003209995	-0.0013341109
120.698623	1787824843887108096	0.0004534376	0.0012627655	-0.0015828948
120.808377	1787824843995108096	-0.0008406955	0.0008981278	-0.0037170866
120.908641	1787824844097108224	-0.0005134449	0.0001922497	0.0007556509
121.000086	1787824844187108352	0.0032646992	-0.0000928142	-0.0017089342
121.102332	1787824844289108224	0.0007313239	-0.0005983271	-0.0020041001
121.201730	1787824844391108352	-0.0005604274	0.0007945545	0.0006381803
121.297975	1787824844487108352	-0.0004766495	0.0004803393	0.0042222760
121.393869	1787824844583108096	0.0009111339	0.0000276630	-0.0025876800
121.500544	1787824844688108288	0.0000135682	0.0006893524	-0.0046829089
121.596593	1787824844784108288	0.0005417383	0.0005107177	0.0001641705
121.691806	1787824844880108032	-0.0000116900	-0.0003218976	-0.0017963840
121.801830	1787824844991108096	0.0020154091	0.0002387650	-0.0085654528
121.919874	1787824845108108288	-0.0001864336	0.0009388774	-0.0012540779
122.004086	1787824845192108032	-0.0002000956	0.0002318302	0.0006687107
122.099812	1787824845288108032	-0.0004330029	0.0010134955	-0.0008380108
122.203867	1787824845393108224	0.0009042399	0.0003295519	-0.0033549636
122.300010	1787824845489108224	0.0003850993	-0.0005077642	-0.0072820899
122.408813	1787824845597108224	-0.0002385539	-0.0021405575	-0.0007226455
122.506029	1787824845693108224	-0.0007943435	-0.0008487920	-0.0000979067
122.603489	1787824845792108288	0.0012335913	-0.0007159643	0.0064953461
122.704011	1787824845891108352	-0.0002414418	-0.0011799608	-0.0043019753
122.800479	1787824845987108352	-0.0013292538	-0.0008875451	0.0064932610
122.903635	1787824846092108288	-0.0006847299	-0.0015194802	-0.0029607298
122.995990	1787824846185108224	0.0006080152	0.0006771467	-0.0012282579
123.102302	1787824846290108160	0.0020745318	0.0005388749	0.0062143414
123.200704	1787824846389108224	0.0003625651	-0.0009569655	0.0000857129
123.304344	1787824846491108096	0.0003496061	0.0002308654	0.0014149177
123.403285	1787824846590108160	0.0007082157	-0.0019359360	-0.0010905177
123.495487	1787824846683108096	0.0000137802	0.0010406636	0.0046645536
123.602061	1787824846791108096	0.0011509285	-0.0006248556	0.0005616336
123.697567	1787824846887108096	-0.0018048743	0.0002176447	0.0044908424
123.814845	1787824847004108288	0.0004894403	0.0001538823	-0.0026617033
123.895765	1787824847085108224	0.0010413610	0.0021011973	0.0018179279
124.001101	1787824847190108416	-0.0004580038	0.0003692836	0.0018736972
124.092285	1787824847280108288	0.0007035444	-0.0011759733	0.0046747321
124.197983	1787824847385108224	-0.0016940666	0.0005719415	-0.0011160531
124.299973	1787824847487108352	0.0007913877	0.0002141206	-0.0011952991
124.410689	1787824847598108416	-0.0000256946	-0.0001558237	-0.0001109501
124.501192	1787824847688108288	-0.0007693953	-0.0001763302	0.0022625867
124.601204	1787824847790108160	-0.0009846293	0.0006193252	-0.0014734182
124.694670	1787824847883108096	-0.0002378784	0.0015938397	0.0020502997
124.804852	1787824847994108160	-0.0000075065	0.0006975072	-0.0025904006
124.900622	1787824848090108160	0.0002836334	0.0005148644	-0.0032257117
125.000146	1787824848189108224	-0.0014670463	0.0008050466	-0.0033930364
125.104656	1787824848294108160	-0.0005628851	0.0002130655	0.0017969000
125.202453	1787824848390108160	-0.0003333394	-0.0009270673	-0.0006809850
125.304512	1787824848492108032	0.0004283231	-0.0005190883	0.0016453945
125.403132	1787824848591108352	0.0003533949	0.0002855355	-0.0073263427
125.507348	1787824848696108032	0.0003269725	0.0005722514	-0.0033749095
125.602711	1787824848792108288	0.0002453916	0.0001353872	-0.0102755021
125.700348	1787824848888108288	-0.0015233381	0.0009398036	0.0015971892
125.808146	1787824848996108288	-0.0010697210	-0.0005143651	0.0006400351
125.907034	1787824849095108352	-0.0002094011	-0.0000891470	-0.0021957405
125.993028	1787824849182108160	-0.0006763920	0.0000862378	-0.0038301877
126.105861	1787824849293108224	0.0013418707	0.0001548587	0.0016311293
126.194680	1787824849383108096	0.0002686108	-0.0002760523	-0.0015883370
126.295168	1787824849482108160	0.0008876054	0.0002845299	0.0026473918
126.401495	1787824849590108160	0.0004798126	-0.0004786651	0.0041597421
126.500395	1787824849689108224	0.0014968543	0.0002136018	-0.0012121681
126.597464	1787824849785107968	-0.0001982029	0.0004430394	-0.0063005735
126.707162	1787824849896108032	-0.0001328856	-0.0005207186	-0.0018233900
126.801399	1787824849989108224	-0.0011115218	-0.0006618763	-0.0024297652
126.898394	1787824850085108224	-0.0013552433	0.0003157051	-0.0004531938
127.000641	1787824850190108416	-0.0013853185	-0.0004811897	0.0008054608
127.092549	1787824850280108288	0.0005207463	-0.0002423404	-0.0022702480
127.201847	1787824850391108352	-0.0012566308	0.0005450652	0.0004011096
127.304180	1787824850493108224	-0.0009672455	0.0027855881	0.0015930779
127.403390	1787824850592108288	0.0011283076	-0.0018889433	-0.0008253570
127.496428	1787824850685108224	0.0011026155	0.0000961546	0.0011744113
127.596460	1787824850784108288	-0.0009780160	0.0014412905	-0.0038025580
127.700594	1787824850889108224	-0.0002845528	-0.0014136000	0.0010078379
127.792784	1787824850982108160	-0.0011616547	-0.0019026105	0.0019018677
127.898640	1787824851087108096	0.0002128445	0.0005963654	-0.0085055679
127.994507	1787824851183108096	-0.0003028227	0.0010203651	-0.0030487755
128.101499	1787824851288108032	0.0005105797	-0.0010033585	-0.0056428786
128.198988	1787824851387108096	0.0002302029	0.0011547515	-0.0029415470
128.301163	1787824851489108224	-0.0000203469	-0.0004343092	-0.0038200024
128.392962	1787824851582108160	0.0004445518	-0.0007792558	-0.0013349745
128.494214	1787824851681108224	0.0013319743	-0.0009215086	-0.0000686898
128.600890	1787824851789108224	0.0006109658	-0.0003513925	-0.0069970835
128.687631	1787824851876108288	-0.0008539846	-0.0005349906	0.0013494165
128.801503	1787824851990108160	-0.0016824432	0.0008675768	-0.0068923960
128.900167	1787824852089108224	-0.0009107685	-0.0001292039	0.0037089008
129.002650	1787824852191108352	-0.0015838311	0.0002793758	-0.0000230019
129.106060	1787824852293108224	-0.0004629629	0.0005230727	-0.0048140047
129.191772	1787824852380108032	0.0007091837	0.0006759364	-0.0028552016
129.303854	1787824852491108096	-0.0002458743	0.0003508190	-0.0030025170
129.405094	1787824852593108224	-0.0000844952	0.0006781312	0.0067166374
129.499625	1787824852689108224	-0.0006312210	0.0000466197	-0.0004426327
129.605480	1787824852794108160	-0.0002473892	-0.0011770036	-0.0011338335
129.705591	1787824852893108224	0.0000818941	-0.0011250870	-0.0024339994
129.808445	1787824852995108096	-0.0019743662	-0.0006944697	0.0037034114
129.904072	1787824853091108352	0.0004941417	-0.0022771876	0.0069272485
130.002549	1787824853190108416	0.0009147161	0.0010255733	0.0023865438
130.101904	1787824853289108224	-0.0002463002	-0.0009719500	0.0019753265
130.205306	1787824853394108416	0.0002314520	0.0014076134	0.0031673698
130.300525	1787824853490108160	0.0008638926	-0.0012004220	0.0075983879
130.391634	1787824853580108288	0.0017464813	0.0003348814	-0.0021338571
130.505848	1787824853694108160	-0.0014835901	0.0012365622	0.0049323041
130.592132	1787824853781108224	0.0007285030	0.0000124485	0.0051250674
130.693378	1787824853880108032	-0.0001654500	-0.0002049686	0.0019286204
130.800379	1787824853988108032	0.0017627215	0.0000006727	-0.0043619303
130.915169	1787824854102108160	0.0015687410	0.0016380955	0.0029098723
130.996179	1787824854183108096	-0.0006581597	0.0011261712	0.0047288478
131.099079	1787824854288108032	-0.0011077917	0.0009173086	-0.0051937437
131.188111	1787824854375108352	-0.0016795639	0.0007152034	-0.0001219446
131.294874	1787824854483108352	-0.0008595442	0.0000930153	-0.0012402218
131.399148	1787824854588108288	-0.0001340915	-0.0000173445	-0.0030300747
131.498323	1787824854687108352	-0.0005132231	0.0008622499	-0.0049162707
131.604989	1787824854792108288	-0.0012808448	-0.0001727497	0.0000308060
131.696910	1787824854885108224	0.0013162207	-0.0009473201	-0.0009872713
131.798381	1787824854987108352	0.0015153072	-0.0006146048	-0.0022475022
131.899247	1787824855086108160	-0.0002415253	0.0006303376	-0.0010463936
132.000205	1787824855188108288	-0.0000627753	0.0000215304	-0.0016655496
132.102673	1787824855290108160	0.0002651020	0.0004967478	0.0008795885
132.201455	1787824855389108224	0.0003781972	0.0001130983	-0.0013153098
132.302308	1787824855491108096	-0.0011940615	-0.0009320858	-0.0007654314
132.395092	1787824855584108032	0.0001992818	-0.0003515094	0.0004708233
132.495243	1787824855683108096	-0.0005012644	0.0008406148	-0.0031666163
132.600409	1787824855788108032	0.0010203330	0.0004146198	-0.0014942514
132.694856	1787824855884108288	0.0014248744	0.0010851954	0.0085576253
132.810266	1787824855998108160	-0.0007922480	-0.0002007817	0.0020015026
132.902321	1787824856091108352	0.0000117319	0.0011362811	0.0099152176
132.999659	1787824856187108352	0.0007226609	0.0003956271	-0.0035232824
133.098579	1787824856286108160	-0.0006547839	0.0022261589	0.0061287706
133.203718	1787824856391108352	0.0009144781	0.0007276342	-0.0023543163
133.302000	1787824856490108160	-0.0005913434	-0.0001402742	-0.0044012105
133.397461	1787824856586108160	0.0005480015	-0.0006086839	-0.0016206653
133.513028	1787824856700108288	0.0000951411	0.0017081643	0.0040413870
133.608739	1787824856796108288	-0.0006127898	0.0010075894	-0.0058685660
133.701292	1787824856889108224	-0.0007360506	0.0012046623	0.0010711950
133.801846	1787824856991108096	0.0021626884	0.0000148893	-0.0012390760
133.901127	1787824857090108160	0.0012746223	-0.0006345410	0.0014067553
133.999341	1787824857186108160	-0.0020173797	-0.0001852000	0.0035537907
134.111078	1787824857300108288	-0.0006948148	0.0001864512	0.0042005543
134.198463	1787824857387108096	0.0012355661	-0.0004257810	-0.0031714217
134.291541	1787824857480108288	0.0015998862	-0.0004731704	-0.0060871687
134.391239	1787824857579108352	-0.0012723901	-0.0018444814	-0.0014330926
134.504197	1787824857693108224	-0.0014551125	0.0000571657	-0.0039939533
134.603442	1787824857792108288	0.0010682371	0.0001283613	0.0002313631
134.695809	1787824857885108224	-0.0010188009	-0.0007199493	-0.0011437326
134.797028	1787824857984108288	-0.0010149425	-0.0001901031	-0.0010866306
134.910436	1787824858098108416	-0.0000681210	-0.0003510003	-0.0026462783
134.997698	1787824858185108224	-0.0003606082	0.0013493812	0.0038335395
135.095290	1787824858284108288	0.0006991492	-0.0002632929	0.0049409122
135.188276	1787824858377108224	0.0005371448	0.0011475436	-0.0037115472
135.295628	1787824858485108224	-0.0004357250	0.0012060682	0.0040090492
135.408253	1787824858596108288	0.0001600401	0.0006570369	0.0031544544
135.500492	1787824858689108224	0.0011201416	0.0008540919	-0.0057412116
135.606613	1787824858794108160	-0.0007674754	-0.0004096904	-0.0016291319
135.709363	1787824858896108032	0.0001002355	-0.0004913893	0.0046375392
135.798377	1787824858986108416	0.0017711408	0.0007036565	-0.0027354642
135.901400	1787824859088108288	0.0000391167	-0.0002223994	-0.0014643710
136.002081	1787824859190108416	0.0012852454	-0.0000732093	-0.0031085705
136.099631	1787824859289108224	-0.0007554233	0.0003633343	-0.0016108113
136.202571	1787824859391108352	0.0007927915	-0.0013601872	0.0029430056
136.298617	1787824859487108352	-0.0013300755	-0.0017704935	0.0019012964
136.397226	1787824859586108160	-0.0010363580	0.0005084997	0.0008124240
136.492450	1787824859679108096	-0.0006826372	0.0003672710	-0.0020471475
136.605658	1787824859793108224	-0.0004078417	-0.0009947384	-0.0019520349
136.692947	1787824859880108032	-0.0007758821	-0.0008627812	-0.0012859704
136.798957	1787824859988108032	0.0011573493	-0.0014952626	-0.0046928951
136.890189	1787824860078108416	-0.0008257526	0.0004849775	0.0048420204
137.007965	1787824860195108096	-0.0005636890	-0.0010542473	-0.0053710661
137.107374	1787824860294108160	0.0000277330	0.0000730259	-0.0002431733
137.198299	1787824860387108096	-0.0000953027	0.0015767356	-0.0049898535
137.300002	1787824860489108224	-0.0001112029	-0.0007283866	0.0007754860
137.405923	1787824860594108160	-0.0003209567	-0.0000981269	0.0073196561
137.495538	1787824860684108288	-0.0014404287	0.0004582620	0.0012382471
137.604356	1787824860792108288	0.0008406566	-0.0004758780	0.0019046456
137.704696	1787824860894108416	-0.0004110211	-0.0000119751	-0.0037534994
137.794985	1787824860984108288	-0.0006493131	0.0020077032	-0.0029330081
137.890659	1787824861080108288	0.0012066134	-0.0010172667	-0.0001275941
137.997782	1787824861185108224	0.0002350750	-0.0023870306	0.0037946156
138.099790	1787824861287108096	0.0001103154	0.0014406346	-0.0009384227
138.200585	1787824861389108224	0.0003897179	0.0003951075	-0.0037441450
138.290301	1787824861479108096	0.0005959563	0.0016680408	-0.0028081407
138.397419	1787824861584108032	0.0002884786	0.0009818185	-0.0042110680
138.500461	1787824861689108224	-0.0009144686	-0.0012832986	0.0066372758
138.593136	1787824861782108416	0.0009543192	0.0003152759	-0.0016391291
138.699223	1787824861887108096	0.0006576656	-0.0017800018	0.0026089932
138.801025	1787824861989108224	0.0001914028	-0.0006786693	-0.0064078397
138.898485	1787824862085108224	-0.0013512485	0.0009607039	-0.0066746887
138.994745	1787824862184108288	-0.0000428886	-0.0001918215	0.0019220273
139.103398	1787824862292108288	-0.0000632634	0.0002385461	0.0030127752
139.199292	1787824862388108288	0.0002448857	-0.0011200029	0.0066192690
139.288233	1787824862475108096	-0.0005548412	0.0006734819	-0.0016536457
139.396375	1787824862583108096	-0.0008039479	0.0010890137	0.0003190628
139.502060	1787824862691108352	-0.0010454329	-0.0010174277	-0.0064465346
139.602737	1787824862790108160	-0.0002392307	0.0006101657	0.0005057832
139.705329	1787824862892108288	0.0000901152	0.0001259938	-0.0024775986
139.793135	1787824862982108160	-0.0017878948	-0.0010155900	-0.0011498293
139.885203	1787824863072108288	-0.0003833740	-0.0006366324	0.0003839688
139.999116	1787824863186108160	-0.0011411274	0.0003642823	-0.0001639433
140.105402	1787824863294108160	-0.0008537534	-0.0004120866	0.0067057058
140.198900	1787824863387108096	0.0003968629	-0.0003626443	-0.0015368517
140.298481	1787824863486108416	0.0000077285	0.0011512128	0.0101624924
140.408404	1787824863597108224	-0.0000424757	-0.0007815588	-0.0032262859
140.499772	1787824863687108352	-0.0000491087	-0.0002679794	-0.0015493957
140.603287	1787824863792108288	0.0006476875	-0.0009277339	0.0043606280
140.691179	1787824863879108096	-0.0008080179	0.0009241786	0.0041121241
140.800089	1787824863987108352	-0.0005820498	-0.0001174452	-0.0048199551
140.915208	1787824864104108032	0.0013195986	-0.0010497744	-0.0045368430
141.001132	1787824864188108288	-0.0006882501	0.0008726455	0.0019880995
141.097600	1787824864287108096	-0.0001771377	-0.0013887881	0.0024946304
141.203581	1787824864392108288	-0.0004864932	-0.0007071170	-0.0016449060
141.302475	1787824864491108096	0.0003717272	-0.0011265113	-0.0034875206
141.383801	1787824864572108288	-0.0005281646	0.0006860697	-0.0019979305
141.491809	1787824864680108288	-0.0006704865	0.0005586069	-0.0004096804
141.593551	1787824864782108416	0.0003362028	0.0004189683	-0.0041220574
141.698265	1787824864887108096	0.0006204954	-0.0001161624	0.0047278176
141.807581	1787824864995108096	-0.0001001698	-0.0002669031	0.0072798372
141.898095	1787824865085108224	0.0003669394	0.0006967235	-0.0060791516
141.996074	1787824865184108288	-0.0003641360	0.0009897677	0.0048638269
142.097564	1787824865286108160	0.0002615875	-0.0009030802	-0.0042794957
142.206570	1787824865394108416	0.0009599347	-0.0034522039	0.0048810309
142.313961	1787824865502108160	-0.0008750565	-0.0045843713	0.0055705211
142.402600	1787824865592108288	0.0017157320	-0.0061010549	0.0034828219
142.508035	1787824865697108224	-0.0005272483	-0.0085979911	0.0082166303
142.601221	1787824865790108160	-0.0004463535	-0.0100896419	-0.0005854638
142.705166	1787824865892108288	-0.0010683634	-0.0113527474	-0.0012060364
142.798156	1787824865985108224	-0.0002475043	-0.0116438760	0.0002304189
142.892529	1787824866081107968	0.0017369167	-0.0141942222	0.0004491627
142.993170	1787824866180108288	0.0002966644	-0.0171867413	-0.0011597241
143.103861	1787824866291108096	0.0011140165	-0.0172627555	0.0019932486
143.196886	1787824866384108288	-0.0006209221	-0.0189977119	-0.0021566405
143.294201	1787824866483108352	-0.0004725137	-0.0191304768	-0.0047069769
143.391459	1787824866579108352	-0.0000439109	-0.0224275367	0.0008321798
143.498339	1787824866687108352	0.0010994124	-0.0239339711	0.0056770571
143.601073	1787824866789108224	-0.0013407408	-0.0261905937	-0.0019929204
143.693864	1787824866882108160	-0.0001452656	-0.0278598595	0.0001691146
143.810007	1787824866999108352	-0.0000645361	-0.0291015338	-0.0018298187
143.900169	1787824867089108224	-0.0010321482	-0.0295313872	0.0037461490
143.993431	1787824867182108160	0.0005430120	-0.0307596295	0.0069299348
144.093550	1787824867281108224	0.0019065107	-0.0315242385	-0.0039358374
144.199491	1787824867386108160	0.0006052959	-0.0331582808	0.0040866154
144.295635	1787824867485108224	0.0001373129	-0.0352569255	-0.0007403821
144.407342	1787824867596108288	-0.0004401034	-0.0375751653	-0.0040878371
144.493916	1787824867683108096	0.0000189307	-0.0405740574	-0.0022967205
144.598524	1787824867788108032	-0.0017981064	-0.0427108598	0.0026751517
144.700645	1787824867890108160	0.0012375208	-0.0423997453	0.0046382503
144.805122	1787824867992108032	-0.0007989281	-0.0426515838	0.0072170090
144.902646	1787824868091108352	0.0006266717	-0.0460295986	-0.0039600827
145.001133	1787824868190108416	-0.0002201276	-0.0473122498	0.0014109234
145.105574	1787824868295108352	0.0003450842	-0.0496827802	0.0013655432
145.202205	1787824868391108352	0.0002030450	-0.0505188709	0.0035776339
145.301785	1787824868490108160	-0.0006007387	-0.0524113535	-0.0010059893
145.399324	1787824868586108160	-0.0000151218	-0.0541691243	-0.0030091043
145.502599	1787824868691108352	0.0008466534	-0.0557113250	0.0061193840
145.590580	1787824868778108160	0.0001948818	-0.0582133116	-0.0033973079
145.691621	1787824868880108032	0.0001512851	-0.0594738153	0.0026252563
145.806695	1787824868994108160	-0.0013648631	-0.0608088867	-0.0008504428
145.907068	1787824869096108288	0.0007432514	-0.0623229420	0.0007340342
146.001587	1787824869189108224	-0.0003987069	-0.0635418632	0.0037427488
146.101492	1787824869288108032	-0.0000974175	-0.0662466124	0.0028521357
146.200299	1787824869387108096	0.0008682706	-0.0670357687	0.0019900343
146.297950	1787824869486108416	0.0004003925	-0.0679996124	0.0008526306
146.404638	1787824869594108160	-0.0011442470	-0.0680644080	-0.0034339917
146.499830	1787824869687108352	-0.0001469198	-0.0712684703	0.0065017063
146.605123	1787824869792108288	-0.0004242676	-0.0732327181	-0.0022868401
146.692833	1787824869882108160	0.0006597412	-0.0741278058	-0.0025791905
146.797588	1787824869987108352	0.0002027417	-0.0773527825	0.0010230891
146.897696	1787824870086108160	0.0010297355	-0.0778058735	0.0002188913
146.989717	1787824870179108096	-0.0004668025	-0.0793439684	-0.0058297673
147.089849	1787824870278108160	0.0002315437	-0.0813933804	0.0003605909
147.210860	1787824870398108160	-0.0005092509	-0.0840748815	-0.0040472968
147.313774	1787824870503108352	-0.0016154657	-0.0853935573	0.0062053149
147.404103	1787824870593108224	0.0009909587	-0.0859328405	0.0011754313
147.490616	1787824870680108288	0.0012070752	-0.0874319488	0.0014278977
147.600112	1787824870788108032	-0.0000254854	-0.0890549038	-0.0020924066
147.704360	1787824870893108224	-0.0013759993	-0.0898840470	0.0018219055
147.797477	1787824870986108416	0.0001859336	-0.0919262161	0.0032381331
147.895054	1787824871082108160	-0.0000735233	-0.0942123433	0.0006627533
148.006389	1787824871193108224	0.0009303086	-0.0953379025	-0.0046257935
148.101542	1787824871289108224	0.0012632965	-0.0972350570	0.0023852879
148.194910	1787824871382108160	0.0001520536	-0.0987351502	0.0013915178
148.293499	1787824871481108224	0.0008018707	-0.1007999246	0.0001138583
148.392782	1787824871580108288	-0.0008892301	-0.0999113525	-0.0016981600
148.503031	1787824871691108352	0.0022064520	-0.1028573962	-0.0012746941
148.594923	1787824871784108288	0.0002530224	-0.1057403569	-0.0022183416
148.700876	1787824871889108224	-0.0011299341	-0.1047398175	0.0008207393
148.805266	1787824871994108160	0.0009548231	-0.1083330988	0.0019106106
148.902895	1787824872090108160	-0.0015362344	-0.1097434757	-0.0053857514
148.996350	1787824872183108096	-0.0000365212	-0.1106582149	-0.0013792883
149.103852	1787824872291108096	0.0007158015	-0.1129565895	-0.0043900160
149.194822	1787824872384108288	0.0015741113	-0.1143271054	0.0004732431
149.290882	1787824872480108288	-0.0021233992	-0.1156817018	0.0003878225
149.415343	1787824872603108096	0.0002546828	-0.1171341944	0.0009486387
149.506224	1787824872693108224	0.0009934576	-0.1194445337	0.0021233741
149.603641	1787824872792108288	0.0007034875	-0.1201160455	-0.0018145926
149.711708	1787824872900108032	0.0006377649	-0.1226215426	0.0003644500
149.794610	1787824872984108288	-0.0006107705	-0.1235676707	-0.0059582637
149.906895	1787824873095108352	0.0005256874	-0.1252834193	0.0006696570
149.996445	1787824873185108224	-0.0007276017	-0.1274648568	-0.0076310326
150.104005	1787824873293108224	0.0014666093	-0.1261889610	0.0091064207
150.191186	1787824873380108032	-0.0010796675	-0.1244367667	0.0035372961
150.302468	1787824873491108096	-0.0000050025	-0.1217266086	0.0004610974
150.389868	1787824873578108416	0.0007649405	-0.1214119853	-0.0050628126
150.503874	1787824873692108032	-0.0000133644	-0.1183914503	0.0039648263
150.593562	1787824873782108416	-0.0020752954	-0.1163533988	-0.0025517271
150.700599	1787824873890108160	-0.0007296931	-0.1147823486	0.0048113737
150.791555	1787824873980108288	-0.0003290117	-0.1142741767	0.0014195212
150.898214	1787824874085108224	-0.0004145360	-0.1127319895	-0.0001146726
150.991573	1787824874181108224	-0.0014319587	-0.1111954805	0.0002664003
151.110018	1787824874298108160	0.0015316144	-0.1086460579	0.0015943561
151.196312	1787824874385108224	-0.0008980948	-0.1096675054	0.0051300071
151.305881	1787824874493108224	-0.0002932024	-0.1067442439	0.0050404740
151.404836	1787824874592108288	0.0008951702	-0.1053754211	0.0031039709
151.499067	1787824874688108288	0.0003524959	-0.1032743719	0.0054883541
151.603714	1787824874793108224	-0.0004759958	-0.1014122081	0.0037007736
151.692024	1787824874880108032	0.0002966047	-0.1010077734	0.0006092877
151.790745	1787824874979108096	-0.0014089035	-0.0985909540	-0.0037987470
151.900297	1787824875087108096	0.0004081267	-0.0962451357	0.0018062694
151.999446	1787824875186108160	0.0015516703	-0.0969186043	0.0023654551
152.089609	1787824875279108352	-0.0011636338	-0.0927816436	-0.0018050627
152.189029	1787824875378108160	0.0004568637	-0.0914260414	-0.0049312924
152.287522	1787824875477108224	0.0010146470	-0.0908075555	0.0001418445
152.396992	1787824875585108224	-0.0007761503	-0.0898514326	-0.0021256110
152.503082	1787824875690108416	0.0014071501	-0.0860196435	0.0028737004
152.598692	1787824875786108160	0.0009647641	-0.0866629158	0.0025814177
152.694366	1787824875882108160	0.0016616465	-0.0850813250	0.0035069608
152.791161	1787824875978108160	-0.0009067519	-0.0828745860	0.0021897278
152.891280	1787824876080108288	0.0002316440	-0.0817063916	0.0008397728
152.993523	1787824876182108160	-0.0006330826	-0.0781093012	0.0052181303
153.100845	1787824876290108160	-0.0010402470	-0.0780531925	0.0022638239
153.209488	1787824876398108160	0.0001439364	-0.0762613840	-0.0035208869
153.288940	1787824876476108288	0.0010195276	-0.0746548678	-0.0044869521
153.396987	1787824876584108032	-0.0000013447	-0.0738529506	0.0036586055
153.498170	1787824876686108160	0.0004346939	-0.0701550189	-0.0015169422
153.593659	1787824876782108416	0.0002312365	-0.0695743759	0.0001111714
153.700402	1787824876887108096	-0.0006889638	-0.0674290009	0.0019344837
153.803641	1787824876992108032	-0.0005753089	-0.0666540570	-0.0020801213
153.906812	1787824877094108160	-0.0010085388	-0.0647978484	0.0014945070
153.990561	1787824877178108160	-0.0008308679	-0.0643881907	0.0010755052
154.089170	1787824877277108224	-0.0011333315	-0.0617425782	-0.0014849993
154.214017	1787824877403108096	-0.0006840316	-0.0605233042	0.0030534396
154.301537	1787824877490108160	0.0002106262	-0.0588127173	0.0002246238
154.405257	1787824877592108288	-0.0015054380	-0.0580477940	0.0058743227
154.513909	1787824877703108352	-0.0005109167	-0.0563508005	-0.0007619235
154.602468	1787824877790108160	0.0019047268	-0.0526024391	0.0049905076
154.704049	1787824877892108288	0.0005353105	-0.0530697124	-0.0014862244
154.802989	1787824877991108096	-0.0002076247	-0.0501620993	0.0020903684
154.903654	1787824878093108224	0.0003223380	-0.0501682854	0.0028871258
154.994483	1787824878183108096	0.0006379427	-0.0485123726	0.0040997881
155.104231	1787824878291108096	0.0000472284	-0.0453564538	0.0023576297
155.212267	1787824878399108096	-0.0008781916	-0.0455218541	0.0024707945
155.310023	1787824878498108160	-0.0006817072	-0.0427462394	-0.0023728292
155.394440	1787824878582108160	0.0007420683	-0.0423798766	0.0021560134
155.502852	1787824878690108416	-0.0000416231	-0.0392799445	-0.0072424896
155.588640	1787824878777108224	-0.0005856649	-0.0378064411	0.0042209739
155.695553	1787824878885108224	0.0007301579	-0.0359751129	0.0015917065
155.802180	1787824878990108160	0.0007750509	-0.0322207301	-0.0018260839
155.891608	1787824879080108288	-0.0007121607	-0.0326875102	0.0008782467
155.990721	1787824879179108096	0.0013855631	-0.0313777518	-0.0039654937
156.113187	1787824879302108160	-0.0005781158	-0.0304398281	0.0054364497
156.197970	1787824879386108160	-0.0003157802	-0.0269274819	-0.0009869133
156.303334	1787824879491108096	0.0019778861	-0.0286044329	-0.0000894648
156.400320	1787824879587108096	0.0001930988	-0.0259040806	-0.0077539534
156.495784	1787824879683108096	-0.0003990000	-0.0230069304	0.0013533466
156.598018	1787824879785107968	0.0008984209	-0.0218843841	0.0005931124
156.701010	1787824879890108160	0.0004833775	-0.0198564103	-0.0021400701
156.794309	1787824879983108352	0.0013457972	-0.0191483472	0.0008666162
156.896531	1787824880085108224	-0.0011145434	-0.0167533706	-0.0053027911
157.002608	1787824880190108416	-0.0000162773	-0.0157578618	-0.0048176000
157.099551	1787824880289108224	-0.0010042749	-0.0141882459	0.0007060540
157.195286	1787824880382108160	0.0005502976	-0.0134761094	0.0062230229
157.309278	1787824880496108288	-0.0006666833	-0.0108217823	-0.0026867102
157.399482	1787824880586108160	-0.0000475003	-0.0099096710	0.0018358982
157.495331	1787824880682108160	-0.0003559503	-0.0078677592	0.0078873539
157.601957	1787824880790108160	0.0011146051	-0.0070797356	-0.0023509662
157.693350	1787824880880108032	-0.0010253447	-0.0053170689	-0.0022241315
157.801298	1787824880988108032	-0.0017792244	-0.0026519704	-0.0086732370
157.903722	1787824881093108224	0.0000595468	-0.0031669529	-0.0009115540
157.996494	1787824881183108096	-0.0012167590	-0.0004323464	-0.0000136095
158.098281	1787824881285107968	0.0004056057	-0.0007782627	0.0018359435
158.210285	1787824881399108096	-0.0003169667	0.0003551837	-0.0041840440
158.300464	1787824881489108224	-0.0010403175	0.0004718681	-0.0027070414
158.398129	1787824881585108224	-0.0003944104	0.0003661519	-0.0002472458
158.498534	1787824881687108352	-0.0000524650	-0.0013025095	0.0039791769
158.605451	1787824881792108288	-0.0004153321	0.0004576088	0.0061318148
158.698494	1787824881885108224	-0.0004186139	0.0008457436	-0.0008652280
158.799518	1787824881987108352	0.0000321234	-0.0007867932	-0.0037238008
158.899015	1787824882086108160	-0.0002624699	0.0014528021	-0.0009705354
158.992641	1787824882182108160	0.0007403002	0.0009926356	-0.0029570690
159.113324	1787824882302108160	0.0000874340	0.0005556958	0.0027633879
159.195358	1787824882383108096	0.0003221229	-0.0004189434	-0.0008378670
159.303411	1787824882491108096	0.0004426573	-0.0000198905	0.0004069768
159.411230	1787824882599108096	0.0007314134	-0.0000924631	-0.0030235893
159.505694	1787824882695108096	0.0009393638	0.0001745465	-0.0010809372
159.587909	1787824882776108288	0.0009308975	0.0004157418	-0.0052828954
159.696091	1787824882884108288	0.0006190128	0.0007887699	-0.0029809087
159.803240	1787824882992108032	-0.0018661189	-0.0007777269	-0.0006766623
159.904494	1787824883091108352	-0.0016323894	-0.0003476840	0.0006392137
160.003756	1787824883193108224	-0.0015931770	-0.0002529405	-0.0011765213
160.102638	1787824883292108288	0.0002676737	-0.0004237525	-0.0008706625
160.204774	1787824883394108416	-0.0000499744	-0.0010853938	0.0009663875
160.304918	1787824883493108224	0.0003828038	-0.0004501657	0.0018154384
160.391369	1787824883580108288	0.0013579355	-0.0006067378	0.0006988771
160.496384	1787824883685108224	0.0002346072	-0.0004942213	0.0005516253
160.599002	1787824883787108096	0.0001196328	0.0008297783	-0.0021994958
160.702585	1787824883892108288	-0.0005726503	0.0011948657	-0.0022309421
160.792321	1787824883979108096	0.0011444358	0.0011962629	0.0044226920
160.892558	1787824884081107968	-0.0006197819	0.0000374210	-0.0010993172
160.995681	1787824884183108096	0.0003459167	-0.0004309801	-0.0008826670
161.090204	1787824884279108352	-0.0000131975	-0.0007494502	-0.0019632366
161.188652	1787824884378108160	0.0002539828	-0.0011112375	-0.0045900415
161.299037	1787824884486108416	0.0014165739	-0.0010062472	0.0014118615
161.402100	1787824884591108352	-0.0011225826	0.0015782008	-0.0077598605
161.505692	1787824884693108224	-0.0009251357	0.0007158700	0.0025797857
161.608613	1787824884798108160	-0.0001271793	-0.0002726189	0.0005094663
161.692938	1787824884882108160	-0.0000263122	-0.0001773257	-0.0020480119
161.801754	1787824884990108160	-0.0002071244	0.0001339003	0.0053335936
161.912655	1787824885101108224	-0.0006203583	-0.0007221630	0.0006986275
161.995847	1787824885185108224	0.0007322190	0.0010390111	0.0026859866
162.096705	1787824885284108288	0.0010382272	-0.0008017832	-0.0003233383
162.208161	1787824885395108096	0.0006630284	-0.0009827743	-0.0046740822
162.297413	1787824885485108224	0.0006526171	-0.0012421589	-0.0048083702
162.393719	1787824885581107968	-0.0009877570	-0.0006594761	-0.0010430523
162.492570	1787824885680108288	0.0004703943	0.0005417985	-0.0022832294
162.598683	1787824885788108032	-0.0002207359	0.0010412643	-0.0015631856
162.693336	1787824885881108224	0.0002961404	0.0004083102	-0.0038394758
162.799592	1787824885989108224	-0.0000695906	0.0023555337	0.0057884881
162.897994	1787824886085108224	0.0001548930	0.0000415007	-0.0030686264
162.996076	1787824886184108288	-0.0015402955	-0.0002674858	0.0026335895
163.101145	1787824886289108224	-0.0007302574	0.0004117988	0.0004076947
163.207066	1787824886394108416	-0.0002751537	0.0014333989	0.0031876887
163.291710	1787824886481108224	-0.0007030611	-0.0015971411	-0.0002206189
163.402969	1787824886592108288	-0.0002171836	0.0013322573	0.0017101212
163.495279	1787824886682108160	0.0001375152	0.0017727200	0.0051257675
163.597863	1787824886787108096	-0.0009141030	0.0002529183	0.0006226833
163.701468	1787824886889108224	-0.0001493758	-0.0015200931	0.0023574543
163.804348	1787824886991108096	-0.0005271388	0.0001520209	0.0011476978
163.898227	1787824887087108096	-0.0010849426	-0.0008844963	0.0003151838
164.014389	1787824887201108224	-0.0006065723	-0.0002719566	0.0048979342
164.105984	1787824887294108160	0.0011947649	0.0003742831	0.0000531356
164.200996	1787824887390108160	-0.0003536295	-0.0000524159	-0.0010178084
164.289655	1787824887477108224	0.0007425498	-0.0000576553	0.0019475793
164.399959	1787824887588108288	-0.0002814536	-0.0006033161	-0.0012848639
164.502817	1787824887690108416	0.0007323503	0.0002635042	0.0035002208
164.607663	1787824887795108352	-0.0003492612	-0.0005136036	0.0029307614
164.689644	1787824887879108096	-0.0006120791	0.0004241975	0.0025284932
164.803788	1787824887993108224	-0.0006503068	-0.0000708734	-0.0003093101
164.900446	1787824888089108224	0.0005357825	0.0013680343	0.0041228520
164.997628	1787824888185108224	-0.0009682994	0.0000402830	0.0003160953
165.095552	1787824888284108288	-0.0011848743	-0.0004673780	-0.0061225423
165.197048	1787824888386108160	0.0004787756	0.0005408769	0.0048274238
165.298764	1787824888488108032	-0.0004282046	-0.0006400055	0.0051657822
165.404647	1787824888593108224	0.0000436012	-0.0012221851	-0.0017148596
165.500749	1787824888689108224	-0.0015180746	-0.0005784987	-0.0046373440
165.604777	1787824888794108160	-0.0000593897	-0.0027730315	-0.0040307404
165.705456	1787824888893108224	-0.0003504361	-0.0011414228	-0.0065664078
165.805066	1787824888992108032	0.0007199053	0.0002458867	0.0021508805
165.888689	1787824889076108288	0.0011329759	-0.0011445504	-0.0008060221
166.004861	1787824889193108224	-0.0005159824	0.0006098902	-0.0018275661
166.097340	1787824889286108160	-0.0001045734	-0.0005937355	-0.0037265070
166.208449	1787824889397108224	0.0015459126	-0.0008059286	-0.0010837519
166.302144	1787824889490108160	0.0007299177	0.0001746440	-0.0020181193
166.395990	1787824889583108096	-0.0009875934	-0.0000021642	0.0007426610
166.493102	1787824889682108160	0.0008448157	-0.0008383139	0.0000094461
166.605207	1787824889793108224	-0.0017078068	-0.0002597977	-0.0046802024
166.694622	1787824889883108096	0.0000880833	0.0017750734	0.0001243492
166.785665	1787824889973108224	-0.0004621162	0.0005826326	-0.0013111773
166.884254	1787824890072108288	-0.0005768303	0.0014742189	0.0024343402
166.996823	1787824890186108160	-0.0004086605	-0.0002780657	-0.0015746463
167.102239	1787824890291108096	0.0013835500	-0.0010209160	0.0021146789
167.200148	1787824890387108096	-0.0013183634	0.0006718907	0.0004263955
167.309697	1787824890498108160	-0.0007627906	-0.0002082235	0.0002159032
167.398219	1787824890585108224	-0.0002876450	-0.0015255631	-0.0017362588
167.500184	1787824890687108352	-0.0000427161	0.0012784006	-0.0013158226
167.591394	1787824890780108288	0.0002155595	0.0006570314	0.0032997872
167.704565	1787824890894108416	-0.0001323117	0.0020755340	0.0043363114
167.808631	1787824890996108288	0.0006089942	0.0001040761	-0.0035519688
167.902851	1787824891092108288	-0.0006009132	-0.0010931945	0.0047563129
167.998995	1787824891188108288	0.0013125920	0.0008176809	-0.0003696362
168.094294	1787824891281108224	-0.0004065603	0.0009333509	-0.0008971306
168.203264	1787824891392108288	0.0008352750	-0.0007722197	0.0033319355
168.296114	1787824891485108224	-0.0006303219	-0.0012853019	0.0085302250
168.410419	1787824891599108096	0.0003714907	0.0011450758	-0.0041284051
168.503379	1787824891692108032	-0.0003870284	-0.0004540023	-0.0023411929
168.597397	1787824891785107968	-0.0013553851	0.0012979563	0.0015060550
168.694153	1787824891881108224	-0.0004459799	0.0009124615	0.0002882863
168.792391	1787824891980108288	-0.0002416424	0.0010467007	-0.0047758100
168.911006	1787824892100108032	-0.0004180696	-0.0015082978	-0.0040152501
169.002996	1787824892190108416	-0.0003524212	-0.0015950754	0.0017578219
169.096572	1787824892286108160	-0.0001927126	-0.0008319391	-0.0015047247
169.208094	1787824892397108224	0.0001137760	-0.0010855231	0.0081882184
169.305761	1787824892493108224	-0.0000026635	0.0003651640	0.0035167243
169.398704	1787824892586108160	0.0011512018	0.0016276285	0.0057202135
169.502000	1787824892691108352	-0.0016740158	-0.0003596181	0.0078395337
169.604319	1787824892793108224	-0.0000977094	-0.0002059800	0.0028688783
169.701507	1787824892889108224	-0.0002569358	-0.0012227431	0.0032777079
169.796261	1787824892985108224	0.0008234593	-0.0007084776	-0.0010862621
169.896502	1787824893084108032	-0.0008300442	-0.0003663458	-0.0040056984
170.004248	1787824893192108032	-0.0006152350	0.0011304135	-0.0042807272
170.100041	1787824893288108032	-0.0001949677	0.0001111677	-0.0008421584
170.196064	1787824893384108288	-0.0006922128	0.0002531011	0.0012817224
170.295854	1787824893483108352	0.0007446876	0.0002153436	-0.0010338156
170.396187	1787824893585108224	-0.0009830819	-0.0001488120	-0.0017280061
170.492557	1787824893681108224	0.0004966799	-0.0012954021	0.0036371021
170.590777	1787824893780108288	0.0000439552	-0.0008782144	0.0000780064
170.700957	1787824893888108288	0.0003905918	0.0013719097	-0.0026070273
170.808679	1787824893996108288	-0.0010664871	-0.0003250522	-0.0007579797
170.912336	1787824894101108224	-0.0005347153	0.0004405348	-0.0007857978
171.001228	1787824894188108288	-0.0007889784	-0.0012351060	0.0019580031
171.087021	1787824894275108096	-0.0013559780	0.0014206675	-0.0016066111
171.188944	1787824894377108224	0.0006786214	-0.0020666543	-0.0005017052
171.303101	1787824894491108096	-0.0004080647	-0.0001238002	-0.0029413845
171.405578	1787824894593108224	-0.0010286803	-0.0001353630	-0.0024971507
171.494876	1787824894683108096	0.0006040842	0.0004494666	0.0002471726
171.596660	1787824894785107968	0.0002757017	0.0001131075	-0.0028104113
171.700645	1787824894890108160	-0.0009117530	0.0006422363	-0.0002313509
171.795450	1787824894983108352	-0.0001129680	0.0012292693	0.0003716141
171.908881	1787824895097108224	0.0014394948	-0.0006431834	0.0004245518
171.993342	1787824895181108224	-0.0020602419	0.0002544331	-0.0016680240
172.112358	1787824895301108224	0.0000241675	-0.0005364841	0.0039474719
172.198409	1787824895385108224	-0.0005882217	-0.0001461349	0.0018306983
172.299264	1787824895487108352	-0.0001140010	-0.0006964305	-0.0002999969
172.403172	1787824895592108288	-0.0001309669	0.0000269349	-0.0039131854
172.500401	1787824895688108288	0.0012304698	0.0011651655	-0.0040040899
172.596134	1787824895784108288	-0.0003342218	0.0011556344	-0.0034852317
172.706778	1787824895895108096	-0.0016108151	-0.0001216897	0.0088742450
172.794580	1787824895982108160	-0.0014343593	-0.0014534706	-0.0037019910
172.886200	1787824896075108352	-0.0010165745	-0.0004415803	-0.0018309880
172.996374	1787824896183108096	-0.0004208902	-0.0002851993	0.0016409737
173.100891	1787824896288108032	0.0002281680	0.0001046145	-0.0053848415
173.190889	1787824896378108160	-0.0009432066	-0.0002267066	0.0025041409
173.295563	1787824896483108352	-0.0003339545	-0.0000481843	0.0003393722
173.405409	1787824896594108160	0.0007391582	-0.0012846714	-0.0039319686
173.494584	1787824896684108288	-0.0000998280	0.0019559700	0.0038030993
173.597698	1787824896786108160	-0.0018932461	-0.0015106050	0.0024391421
173.698069	1787824896885108224	-0.0004981023	-0.0003293699	-0.0033401175
173.798593	1787824896987108352	-0.0008315934	-0.0008130976	0.0035174558
173.905069	1787824897092108288	0.0017405480	-0.0002856867	-0.0028815585
173.996740	1787824897185108224	-0.0007348629	0.0007342190	-0.0050425531
174.105241	1787824897293108224	-0.0009495295	-0.0001184419	0.0038933485
174.191555	1787824897380108032	-0.0010255965	-0.0000978571	-0.0009056813
174.309139	1787824897497108224	-0.0004474791	0.0013338371	0.0044099007
174.393779	1787824897581107968	-0.0006067047	-0.0009815089	0.0029316205
174.497411	1787824897686108160	-0.0019388258	-0.0003680688	-0.0001597297
174.619121	1787824897806108160	0.0005790787	0.0003271369	-0.0051331212
174.704196	1787824897893108224	-0.0004965889	-0.0002884543	-0.0037211420
174.809203	1787824897998108160	-0.0006540269	-0.0001261590	0.0007758253
174.901726	1787824898091108352	0.0010782472	0.0010393335	-0.0020567049
174.997827	1787824898187108352	-0.0002651252	0.0000910794	-0.0035541174
175.108011	1787824898295108352	-0.0002118192	-0.0008726657	0.0019970514
175.199259	1787824898388108288	-0.0002883377	0.0006146593	0.0069166445
175.300712	1787824898490108160	-0.0005104986	0.0001563287	0.0020202731
175.396013	1787824898583108096	0.0004044644	0.0003053605	-0.0017980636
175.502116	1787824898691108352	-0.0011968764	-0.0004233163	0.0089802080
175.605943	1787824898793108224	-0.0006680455	0.0001765718	-0.0035345152
175.697155	1787824898886108160	0.0005318854	0.0004170613	0.0024943949
175.805654	1787824898994108160	-0.0004189527	-0.0002703351	0.0012480171
175.897393	1787824899084108032	0.0008880055	-0.0000253420	0.0017878869
176.008108	1787824899195108096	0.0004107892	-0.0002732975	-0.0000051637
176.101473	1787824899288108032	-0.0010862130	0.0000157204	-0.0045259352
176.194391	1787824899381108224	-0.0001987299	0.0016293502	0.0033212584
176.298728	1787824899486108416	0.0002916220	0.0007901392	0.0077964759
176.393827	1787824899582108160	-0.0012915491	-0.0005493987	0.0022946514
176.499288	1787824899687108352	-0.0009436230	-0.0014300963	0.0026960579
176.608199	1787824899795108352	-0.0013046040	-0.0008494534	0.0018809633
176.704791	1787824899894108416	-0.0004085726	0.0018680806	0.0021648230
176.800522	1787824899990108160	-0.0006387101	0.0006485747	-0.0027174426
176.902158	1787824900089108224	-0.0016730461	-0.0010726800	-0.0007291393
177.006014	1787824900194108160	0.0019420623	0.0005974565	0.0054186994
177.102895	1787824900290108160	-0.0015330391	0.0003461132	-0.0018349705
177.198658	1787824900386108160	-0.0010411660	-0.0018363382	-0.0023635766
177.305984	1787824900494108160	0.0004528326	0.0000095948	-0.0026370811
177.403643	1787824900593108224	-0.0002843265	0.0001628023	-0.0025329801
177.500985	1787824900689108224	0.0003891921	0.0004740767	-0.0035840632
177.599970	1787824900788108032	0.0002336951	-0.0010926550	-0.0037103987
177.698898	1787824900887108096	0.0000047045	0.0000280731	-0.0011029848
177.804123	1787824900992108032	-0.0001714992	0.0004553512	-0.0047043725
177.909313	1787824901097108224	-0.0004930722	0.0005559595	0.0001696489
178.005014	1787824901193108224	0.0008105276	0.0002294403	0.0059421991
178.107003	1787824901295108352	0.0007262872	-0.0003643535	-0.0023639370
178.197588	1787824901385108224	-0.0000021617	0.0008276077	0.0047667621
178.302485	1787824901490108160	-0.0005073761	0.0005576926	-0.0005862658
178.401464	1787824901589108224	0.0000746876	-0.0002776516	0.0046438043
178.487870	1787824901676108032	-0.0010390258	-0.0003969375	-0.0015870184
178.605827	1787824901793108224	0.0002950650	-0.0011856574	-0.0015170187
178.699852	1787824901889108224	-0.0001713275	-0.0002691274	0.0061608536
178.801669	1787824901991108096	-0.0007392193	0.0000852753	0.0109909976
178.898763	1787824902087108096	0.0001030192	-0.0007093391	0.0037796187
178.991784	1787824902180108288	-0.0011073096	-0.0005426195	0.0001877212
179.094287	1787824902282108416	-0.0002226615	0.0008140257	-0.0027626908
179.186917	1787824902375108352	-0.0005204840	0.0002623104	-0.0063410259
179.298868	1787824902486108416	-0.0000135838	-0.0008877860	0.0018129824
179.398106	1787824902585108224	-0.0011021003	-0.0000000752	-0.0010127445
179.494470	1787824902681108224	0.0013428801	0.0000048455	-0.0073379384
179.600867	1787824902789108224	-0.0004789315	0.0005574686	0.0016092441
179.689892	1787824902879108096	-0.0002450119	0.0002760424	0.0024130312
179.808207	1787824902996108288	-0.0011822817	0.0000316945	0.0011800665
179.897656	1787824903086108160	-0.0013751926	-0.0002045833	0.0011606802
180.004190	1787824903191108352	0.0012530319	-0.0002863596	-0.0028476327
180.096157	1787824903284108288	0.0004163440	-0.0006441917	0.0032455922
180.199425	1787824903386108160	-0.0005689678	-0.0007878148	0.0008646300
180.310291	1787824903497108224	-0.0009904041	0.0008586343	-0.0034684354
180.405249	1787824903593108224	0.0018327593	-0.0007040154	-0.0009380335
180.491361	1787824903680108288	0.0004622914	-0.0005466016	-0.0027198989
180.604684	1787824903794108160	-0.0002035494	-0.0001132595	-0.0051330321
180.702047	1787824903890108160	0.0005572640	0.0009482073	0.0007978301
180.799450	1787824903986108416	0.0003852136	-0.0003452496	0.0021846066
180.898672	1787824904088108288	-0.0002391633	-0.0009597184	0.0007700783
181.003138	1787824904190108416	0.0001432527	0.0003797958	0.0016042216
181.099208	1787824904286108160	-0.0019256216	0.0008679185	0.0008181493
181.188943	1787824904376108288	-0.0013352960	0.0011315802	0.0020824684
181.300863	1787824904490108160	-0.0013428974	-0.0000219523	0.0025959075
181.393453	1787824904580108288	-0.0009555130	-0.0001559336	0.0001631108
181.503115	1787824904691108352	-0.0003838874	-0.0013165068	-0.0029368196
181.600413	1787824904787108096	-0.0006324371	0.0011914591	-0.0076815973
181.696032	1787824904883108096	0.0005193021	-0.0002348068	-0.0096177936
181.793759	1787824904982108160	-0.0004141163	0.0013601938	-0.0051282904
181.897243	1787824905084108032	0.0009196692	0.0007768421	0.0015324356
181.994093	1787824905183108096	-0.0007133826	0.0007409823	0.0022555158
182.101020	1787824905288108032	0.0001609345	0.0004324229	-0.0028988905
182.205226	1787824905393108224	-0.0005807955	0.0004350037	0.0049693510
182.296483	1787824905483108352	0.0013265865	0.0011187530	0.0088953475
182.411725	1787824905600108032	-0.0016502785	0.0002993813	0.0057024515
182.498013	1787824905687108352	-0.0008378031	0.0014616822	0.0046389617
182.608111	1787824905795108352	-0.0007120722	0.0005126471	0.0011382360
182.694207	1787824905882108160	0.0003406789	-0.0023216403	0.0016276157
182.805055	1787824905993108224	-0.0012126641	-0.0002913607	0.0074057658
182.901498	1787824906089108224	-0.0011516377	-0.0000894819	0.0000238757
182.994733	1787824906182108160	-0.0012115248	0.0003415100	0.0006947135
183.095756	1787824906284108288	-0.0014084629	0.0005908605	-0.0021659579
183.197068	1787824906386108160	-0.0005047507	0.0009847999	0.0020713381
183.298819	1787824906488108032	-0.0005616194	-0.0008574129	-0.0067079974
183.405209	1787824906593108224	-0.0004550228	0.0002573679	-0.0027851129
183.491477	1787824906680108288	-0.0001880619	0.0004515421	-0.0027172745
183.596522	1787824906785107968	-0.0003104544	0.0013729339	-0.0015911466
183.690257	1787824906878108160	0.0000949475	0.0005195698	-0.0010028530
183.795123	1787824906983108352	-0.0001839616	0.0006861825	0.0020271896
183.892981	1787824907082108160	0.0013255386	-0.0004697120	-0.0024530234
184.000605	1787824907190108416	0.0003093672	-0.0009133468	0.0001072079
184.112048	1787824907301108224	0.0013822946	0.0008840439	-0.0072130347
184.194727	1787824907382108160	0.0012047863	0.0003348746	0.0040977183
184.301114	1787824907490108160	0.0000028288	-0.0010518925	0.0025400408
184.388540	1787824907577108224	-0.0001673988	0.0002810821	-0.0022083721
184.490047	1787824907679108096	-0.0012743982	0.0005450106	-0.0008147531
184.587446	1787824907775108096	0.0000156597	-0.0004623437	0.0011920700
184.705295	1787824907892108288	-0.0004424861	-0.0007554176	-0.0031093360
184.805090	1787824907994108160	-0.0002065504	0.0000535353	-0.0034728596
184.889312	1787824908078108416	-0.0008963995	0.0000076358	0.0004632145
184.999817	1787824908189108224	-0.0002930532	-0.0004817478	-0.0052166368
185.102625	1787824908291108096	0.0010184616	0.0002439513	-0.0070495132
185.199306	1787824908387108096	0.0003764140	-0.0003379408	-0.0042610572
185.301907	1787824908489108224	0.0001780013	0.0002529333	0.0087066086
185.398115	1787824908585108224	-0.0008202135	0.0009870103	0.0064091911
185.492366	1787824908681108224	0.0012909496	0.0011780782	0.0028166499
185.605243	1787824908792108288	0.0003333817	-0.0010725807	-0.0000007374
185.703951	1787824908891108352	-0.0010445424	0.0008578323	0.0001996298
185.800445	1787824908987108352	-0.0003061773	-0.0007332455	-0.0024792698
185.909436	1787824909098108416	0.0011084942	0.0015079891	0.0005345680
186.001423	1787824909188108288	-0.0003615993	-0.0011739762	-0.0006223814
186.102203	1787824909290108160	0.0004493616	0.0007010444	0.0031854283
186.194267	1787824909383108096	0.0010659469	-0.0002793446	-0.0033074663
186.306297	1787824909494108160	-0.0009893271	0.0023938969	-0.0006433628
186.399994	1787824909587108096	0.0007038247	0.0013203894	-0.0067958717
186.509230	1787824909698108160	-0.0004461275	0.0011949112	0.0019569866
186.595746	1787824909785107968	0.0007940316	-0.0022262230	-0.0031641995
186.698555	1787824909887108096	-0.0002402773	-0.0013338901	-0.0064952773
186.801958	1787824909989108224	0.0010769788	0.0013823394	0.0035960075
186.907040	1787824910094108160	-0.0004823443	-0.0006637335	-0.0034131543
187.001054	1787824910190108416	0.0010404646	-0.0002241549	-0.0004814515
187.096219	1787824910283108352	0.0002207020	-0.0002209254	-0.0026920273
187.196631	1787824910385108224	-0.0009092214	-0.0014727476	0.0011281979
187.298005	1787824910487108352	-0.0004494773	0.0006919010	-0.0012330628
187.403932	1787824910592108288	-0.0006461426	0.0008056645	0.0000527474
187.510462	1787824910697108224	-0.0004587988	0.0006112096	0.0032953137
187.593197	1787824910781108224	0.0001834991	0.0004225924	0.0023718911
187.697434	1787824910886108160	-0.0003929552	-0.0004495073	-0.0027884590
187.799461	1787824910988108032	0.0008552278	0.0018989002	-0.0025102277
187.904140	1787824911093108224	-0.0007002672	0.0004610399	0.0059756525
187.994102	1787824911183108096	-0.0002225211	0.0000035915	-0.0040142697
188.102606	1787824911291108096	0.0000230536	0.0003704982	-0.0014431555
188.200833	1787824911390108160	-0.0008044347	-0.0006226596	0.0066576464
188.303488	1787824911492108032	-0.0010503179	-0.0013014062	-0.0067377079
188.395888	1787824911585108224	0.0006230030	-0.0003710661	-0.0039148229
188.496575	1787824911684108288	-0.0008390904	0.0005291646	-0.0038868125
188.600535	1787824911789108224	-0.0003202911	-0.0012927586	-0.0067941983
188.711575	1787824911900108032	0.0000664976	0.0003825624	0.0075837390
188.800624	1787824911990108160	0.0002923641	-0.0002642062	0.0041372223
188.896245	1787824912083108096	0.0001861571	0.0007089447	-0.0024707251
189.009397	1787824912197108224	0.0006234270	0.0002554303	-0.0015698375
189.101287	1787824912290108160	-0.0001532079	0.0011199178	0.0060624747
189.210364	1787824912398108160	0.0013941357	0.0014696508	0.0028144539
189.292724	1787824912482108160	-0.0011432589	-0.0014584950	-0.0014372337
189.391609	1787824912581107968	0.0010692958	-0.0007687004	-0.0065215752
189.497122	1787824912686108160	0.0002002356	-0.0002466701	-0.0070708052
189.588685	1787824912776108288	0.0005114310	-0.0000590349	-0.0023799748
189.695028	1787824912884108288	-0.0006389915	-0.0003992879	-0.0011323376
189.798804	1787824912986108416	0.0005400535	0.0001420992	-0.0005952822
189.907079	1787824913094108160	0.0005315180	0.0001276009	-0.0012750882
190.004139	1787824913193108224	0.0006513239	-0.0000978951	-0.0050521954
190.093431	1787824913280108288	-0.0004074355	-0.0011187964	-0.0074129620
190.199649	1787824913388108288	0.0010012959	0.0003853753	-0.0068434989
190.302105	1787824913490108160	-0.0022112406	-0.0003478463	0.0012165225
190.398849	1787824913586108160	-0.0000480593	-0.0004227099	-0.0045482010
190.496393	1787824913685108224	-0.0011593539	-0.0003814593	-0.0012014705
190.606827	1787824913796108288	0.0000085079	-0.0000733175	0.0014328400
190.694377	1787824913883108096	0.0003024504	-0.0002419951	0.0042547671
190.786726	1787824913976108288	0.0009114536	-0.0008549666	0.0005142517
190.903717	1787824914093108224	-0.0004871272	-0.0008742023	0.0013992758
191.003129	1787824914192108032	-0.0011998882	0.0004702958	-0.0008033530
191.093213	1787824914282108416	0.0005152364	0.0020957075	0.0015375701
191.194929	1787824914384108288	-0.0010868276	0.0007037609	-0.0002376967
191.300057	1787824914489108224	-0.0011979689	-0.0000152328	0.0054820322
191.401630	1787824914591108352	-0.0008244422	-0.0000459168	0.0011817756
191.503379	1787824914690108416	0.0007647773	0.0000631469	-0.0008682777
191.605784	1787824914795108352	0.0000583197	0.0006693922	0.0038172223
191.706687	1787824914894108416	0.0014066201	-0.0011459948	-0.0020336936
191.795102	1787824914984108288	0.0004909297	0.0002256953	0.0024554242
191.894208	1787824915083108096	0.0004835383	0.0004102408	-0.0042764612
192.009686	1787824915197108224	0.0009452250	-0.0001562340	0.0029761362
192.100545	1787824915290108160	0.0004339471	0.0011001078	0.0007526806
192.205029	1787824915392108288	-0.0004139666	0.0005453035	-0.0001278035
192.305085	1787824915494108160	0.0007260303	-0.0006421412	0.0014873096
192.404331	1787824915593108224	0.0019139306	-0.0017199784	0.0011839780
192.485675	1787824915674108160	0.0011324362	-0.0006590281	0.0048330175
192.609287	1787824915797108224	0.0002756623	0.0000045313	-0.0011058883
192.703040	1787824915890108160	-0.0001757480	0.0017539671	0.0036380891
192.800140	1787824915989108224	-0.0000507706	-0.0009707127	0.0021278473
192.900261	1787824916088108288	0.0012293082	-0.0001009070	0.0013950661
193.001676	1787824916190108416	0.0010944245	-0.0019007687	-0.0038292165
193.098082	1787824916286108160	0.0010636007	-0.0011338548	0.0018600403
193.195996	1787824916385108224	-0.0005503074	0.0000409581	-0.0006229287
193.296409	1787824916484108288	-0.0002917415	-0.0001363647	-0.0040274102
193.399420	1787824916586108160	-0.0008835505	0.0010463717	-0.0010396655
193.505365	1787824916694108160	0.0005324542	0.0000443258	-0.0020020445
193.591583	1787824916781108224	-0.0002583134	0.0003824288	0.0021177687
193.706456	1787824916895108096	-0.0020197967	-0.0008251539	0.0074326603
193.802740	1787824916991108096	-0.0003820945	0.0008933923	-0.0016332285
193.906290	1787824917093108224	0.0002613318	0.0007683671	-0.0013672698
193.999049	1787824917186108160	-0.0009024736	0.0014408244	-0.0062352409
194.100284	1787824917288108032	-0.0013503427	0.0007394889	0.0014029274
194.201740	1787824917390108160	-0.0012843126	0.0007700807	0.0043907857
194.302560	1787824917492108032	-0.0004354031	0.0010093163	-0.0003940405
194.403151	1787824917591108352	-0.0011316818	-0.0002469915	-0.0039663323
194.505628	1787824917693108224	-0.0018831729	0.0007957486	0.0008566100
194.598534	1787824917786108160	0.0006091756	0.0001048599	-0.0013645964
194.708356	1787824917897108224	0.0003357303	0.0002112761	0.0032269697
194.793393	1787824917981108224	0.0008970909	0.0014803864	0.0004572773
194.904330	1787824918092108288	-0.0011358580	-0.0001419121	0.0018564289
195.002143	1787824918191108352	-0.0001928354	-0.0009506406	-0.0016560190
195.098025	1787824918287108096	-0.0020323901	-0.0010394051	-0.0001039842
195.189244	1787824918377108224	-0.0001662396	-0.0001578605	0.0000342146
195.295941	1787824918485108224	-0.0008300916	-0.0003969559	-0.0003740765
195.398455	1787824918587108096	-0.0004434131	-0.0004217019	-0.0042843323
195.490544	1787824918680108288	0.0004074359	-0.0006650313	0.0003328373
195.591007	1787824918779108352	-0.0002518020	0.0009656500	0.0026141274
195.708222	1787824918896108032	-0.0009945264	0.0002574413	0.0003079890
195.800085	1787824918989108224	-0.0002511845	0.0012409832	0.0052857404
195.906264	1787824919094108160	-0.0012264903	0.0003330729	-0.0011662688
196.005237	1787824919193108224	0.0014557711	0.0008876669	-0.0069682746
196.097609	1787824919286108160	-0.0001765960	-0.0009491872	-0.0003088603
196.201353	1787824919388108288	0.0010655797	0.0004385762	-0.0008576403
196.302717	1787824919490108160	-0.0014431110	0.0003313654	0.0006431492
196.402863	1787824919592108288	-0.0010290053	-0.0006991368	0.0008337854
196.501940	1787824919691108352	-0.0007016136	-0.0007003036	0.0041862615
196.594012	1787824919781108224	-0.0018877938	-0.0002964065	-0.0062775631
196.709460	1787824919898108160	-0.0009591715	0.0001170798	0.0014677441
196.811907	1787824920000108288	0.0009870034	0.0004537688	0.0063595729
196.901518	1787824920090108160	-0.0007427427	0.0007199077	0.0048225008
197.003680	1787824920192108032	0.0001588184	0.0007487827	0.0029845163
197.106797	1787824920294108160	-0.0014013096	0.0002958938	-0.0013018966
197.206002	1787824920393108224	-0.0004980772	0.0000749931	-0.0018965027
197.290882	1787824920480108288	0.0017270052	0.0004811652	0.0002564881
197.404733	1787824920594108160	-0.0003433089	-0.0007568402	0.0049887358
197.499623	1787824920687108352	0.0008621315	-0.0000374111	0.0042981081
197.609015	1787824920798108160	-0.0003314243	0.0001592401	-0.0015044462
197.698956	1787824920888108288	0.0006755693	-0.0002520865	0.0045914056
197.805794	1787824920993108224	0.0004356110	-0.0019592449	0.0032945835
197.908385	1787824921095108352	0.0016036791	0.0002957416	0.0042392081
198.010261	1787824921197108224	-0.0018969145	-0.0001452823	0.0024493734
198.107044	1787824921296108288	-0.0005785753	-0.0007606265	-0.0020678331
198.207660	1787824921395108096	-0.0002612461	-0.0006643698	0.0005084664
198.290985	1787824921479108096	0.0003655618	0.0005718618	0.0061547680
198.409594	1787824921599108096	-0.0001924807	0.0000554445	0.0046939650
198.499987	1787824921689108224	0.0006422372	-0.0000144197	-0.0024426920
198.606846	1787824921794108160	-0.0016541750	-0.0001339943	0.0007134887
198.683916	1787824921872108288	-0.0001713013	0.0004037066	0.0046762932
198.802932	1787824921992108032	0.0001042219	-0.0003999013	-0.0045478732
198.897694	1787824922085108224	0.0003698166	-0.0008391866	0.0016306878
198.998069	1787824922187108352	0.0002492111	0.0003316229	-0.0005096764
199.090416	1787824922277108224	0.0004626346	-0.0010486242	0.0016354576
199.209420	1787824922397108224	0.0000114544	-0.0001578104	-0.0032785104
199.302500	1787824922490108160	-0.0006333823	-0.0004772443	-0.0076776100
199.406665	1787824922595108352	0.0006458067	-0.0000512040	-0.0014427019
199.503343	1787824922691108352	0.0002979087	0.0003097324	-0.0012782335
199.601438	1787824922790108160	-0.0006558605	0.0001986029	-0.0020927518
199.696502	1787824922886108160	0.0006636253	0.0010298227	-0.0007389409
199.807029	1787824922994108160	-0.0012768856	0.0008221263	0.0025453524
199.894717	1787824923084108032	0.0009542008	0.0003845315	0.0039387272
199.988976	1787824923177108224	-0.0006361559	0.0008877084	-0.0007101261
200.104082	1787824923291108096	-0.0005819677	0.0002781350	0.0036842764
200.202226	1787824923390108160	-0.0005324827	-0.0001446002	-0.0046938706
200.301149	1787824923489108224	-0.0000577761	0.0001474917	-0.0021969521
200.405045	1787824923594108160	0.0004415770	-0.0000684258	-0.0008398549
200.496734	1787824923684108288	0.0005503256	-0.0002506861	-0.0002091991
200.593791	1787824923783108352	-0.0004566252	-0.0013680057	-0.0009771564
200.702890	1787824923891108352	0.0004724516	0.0007077805	-0.0006325383
200.790677	1787824923978108160	-0.0015675550	-0.0008236667	0.0074683075
200.891510	1787824924080108288	0.0005159701	-0.0005245459	-0.0026802608
200.998323	1787824924185108224	0.0003305714	0.0007764362	-0.0039029074
201.102218	1787824924290108160	0.0001655056	-0.0011402142	-0.0009084825
201.194514	1787824924383108096	0.0008179515	-0.0004330308	0.0000382298
201.307730	1787824924497108224	-0.0012299808	-0.0010662907	0.0036962763
201.396320	1787824924584108032	-0.0024636026	-0.0009772881	0.0096646862
201.499708	1787824924689108224	0.0000689697	-0.0009987267	0.0027083416
201.608107	1787824924797108224	-0.0001360760	-0.0003603841	-0.0013677074
201.708878	1787824924896108032	0.0007503433	-0.0016595572	-0.0025164330
201.799253	1787824924986108416	0.0001650143	-0.0010620806	0.0019459542
201.904856	1787824925094108160	0.0012833442	0.0007104187	-0.0023106822
202.004177	1787824925193108224	-0.0000152826	0.0003543727	0.0041294690
202.099469	1787824925286108160	-0.0009011383	0.0007835237	-0.0011432463
202.198303	1787824925385108224	-0.0006023980	-0.0001933543	-0.0049698606
202.297929	1787824925487108352	-0.0001008699	0.0004983294	0.0010058625
202.403340	1787824925592108288	-0.0008088349	-0.0003833375	-0.0002203421
202.505818	1787824925694108160	0.0002923789	0.0027958193	0.0002374468
202.604907	1787824925793108224	0.0000362457	-0.0011499626	0.0034906652
202.698485	1787824925886108160	0.0006447742	-0.0007802956	0.0034283627
202.791687	1787824925979108096	-0.0000540902	-0.0002578168	-0.0003031013
202.896009	1787824926084108032	-0.0001591816	0.0007050467	0.0004129879
202.993124	1787824926180108288	-0.0007212833	-0.0012214508	0.0045848025
203.098501	1787824926288108032	-0.0006619320	0.0000488015	-0.0053494155
203.198698	1787824926387108096	-0.0003217493	0.0012181585	-0.0027038900
203.305282	1787824926492108032	0.0003918775	-0.0012546219	0.0066657375
203.387346	1787824926576108288	-0.0012800786	-0.0007145103	0.0020789026
203.511994	1787824926699108096	-0.0003433919	-0.0006613985	0.0010995903
203.604845	1787824926792108288	0.0014072885	-0.0011570731	-0.0028804117
203.703638	1787824926891108352	0.0000472185	-0.0000927804	-0.0040778677
203.811987	1787824926999108352	0.0004733396	-0.0007724091	-0.0012201604
203.892535	1787824927080108288	0.0004256800	-0.0017174632	0.0021577690
204.003667	1787824927191108352	-0.0008509483	0.0013905714	-0.0011132283
204.091278	1787824927278108160	0.0005668115	0.0009327796	0.0002773812
204.194244	1787824927383108096	0.0019828005	0.0013719114	-0.0019206068
204.297115	1787824927485108224	-0.0010662686	0.0002127210	0.0015415358
204.403059	1787824927590108160	0.0003824336	-0.0013926610	0.0004092720
204.499696	1787824927689108224	-0.0009341706	-0.0010321382	0.0009421415
204.594853	1787824927782108416	0.0006640076	0.0000961298	0.0009934785
204.704466	1787824927893108224	-0.0011545219	0.0000534333	0.0044710125
204.797011	1787824927986108416	-0.0015257953	0.0000468009	-0.0037295899
204.898935	1787824928088108288	0.0008343679	0.0001336731	-0.0035831387
204.998066	1787824928187108352	0.0000079970	-0.0003625540	0.0055286862
205.106116	1787824928295108352	0.0011526703	0.0008454221	-0.0028916519
205.201277	1787824928388108288	-0.0000679990	0.0005172717	0.0020878309
205.300068	1787824928487108352	-0.0001839839	0.0017704567	0.0041782105
205.394930	1787824928583108096	-0.0009202318	0.0004843794	-0.0001263097
205.499147	1787824928688108288	-0.0003499907	0.0012303815	0.0009745047
205.606348	1787824928793108224	-0.0005563597	0.0003767027	0.0020107110
205.693774	1787824928883108096	-0.0003356764	0.0007602119	0.0025719741
205.802906	1787824928991108096	-0.0004442605	0.0005084518	0.0014132453
205.900038	1787824929087108096	0.0013813539	0.0013101020	-0.0029612404
206.010200	1787824929198108160	0.0002286118	-0.0009539310	0.0056332157
206.107822	1787824929297108224	-0.0004594199	-0.0012612386	-0.0014614000
206.204394	1787824929393108224	-0.0000419966	0.0011756266	0.0034327387
206.310051	1787824929498108160	-0.0011043296	0.0009165105	-0.0000916975
206.397360	1787824929585108224	-0.0007173746	-0.0010837114	-0.0035917136
206.500172	1787824929687108352	0.0001544715	0.0007813990	-0.0012206197
206.597449	1787824929786108160	0.0004235366	-0.0002960069	0.0002568956
206.695247	1787824929882108160	0.0002851346	-0.0000314507	-0.0012083667
206.807736	1787824929996108288	-0.0009595148	-0.0010022123	0.0026401730
206.898736	1787824930086108160	0.0007671445	-0.0000677755	0.0024479470
207.012133	1787824930200108288	-0.0010577769	0.0003764938	0.0057711985
207.104988	1787824930293108224	0.0000004155	-0.0005482334	0.0002288949
207.200440	1787824930389108224	0.0002384906	-0.0008894440	0.0007656836
207.303502	1787824930491108096	0.0006998190	0.0009720518	-0.0055315686
207.400255	1787824930587108096	-0.0011216619	0.0022319519	0.0045573464
207.504600	1787824930692108032	-0.0007833001	-0.0000028964	0.0017042401
207.594041	1787824930782108416	-0.0005245669	0.0005370870	-0.0021720595
207.697481	1787824930884108288	-0.0012607583	-0.0003660893	-0.0013795953
207.804677	1787824930992108032	-0.0007572237	0.0001055505	-0.0043313837
207.905834	1787824931094108160	0.0002680732	-0.0017482317	-0.0031142957
208.003768	1787824931193108224	0.0000984817	-0.0002006065	-0.0011046500
208.092820	1787824931280108288	0.0007577176	-0.0001577371	-0.0042975322
208.212916	1787824931400108032	0.0000397212	-0.0015541814	0.0005765918
208.304541	1787824931493108224	-0.0016074452	-0.0003989009	0.0028482207
208.399024	1787824931586108160	-0.0017988008	-0.0002954159	-0.0025230059
208.492840	1787824931682108160	0.0006463659	-0.0002613947	-0.0015291209
208.602457	1787824931790108160	-0.0013031108	-0.0013176697	-0.0031424739
208.705291	1787824931892108288	-0.0003608364	0.0008252865	0.0064774521
208.804601	1787824931994108160	0.0001196428	-0.0010354311	-0.0062052328
208.903685	1787824932093108224	0.0014459520	0.0007096440	-0.0008434556
208.999217	1787824932186108160	-0.0006736689	-0.0005069483	-0.0005766559
209.084455	1787824932273108224	0.0009828107	-0.0003050519	0.0050662792
209.199787	1787824932387108096	-0.0003345389	0.0004495661	-0.0018997559
209.289161	1787824932477108224	0.0007949986	-0.0010411146	-0.0036653143
209.405301	1787824932594108160	-0.0010698854	0.0001123782	0.0010951598
209.501107	1787824932690108416	-0.0013466212	0.0003211035	0.0053841402
209.606660	1787824932795108352	0.0004464180	0.0009545914	-0.0038548475
209.686330	1787824932873108224	-0.0005732727	0.0008155166	0.0028185541
209.801108	1787824932990108160	0.0005501295	-0.0011718310	-0.0010749905
209.899014	1787824933086108160	-0.0005036060	-0.0003023093	-0.0049334348
209.989222	1787824933176108032	-0.0002206740	0.0003700612	-0.0012517735
210.098061	1787824933287108096	0.0002717496	-0.0010064582	0.0069040753
210.193031	1787824933380108032	-0.0010895597	0.0006685632	0.0026692438
210.300658	1787824933488108032	0.0002659593	-0.0000574627	-0.0000873266
210.402254	1787824933590108160	0.0004401447	0.0002549225	0.0042179113
210.508004	1787824933695108096	0.0000583128	-0.0001249857	0.0019899639
210.606358	1787824933794108160	-0.0008874440	-0.0006568297	-0.0024365228
210.691179	1787824933878108160	0.0009074673	0.0001685048	-0.0000047361
210.811529	1787824934001108224	0.0010597039	-0.0001168218	0.0011096361
210.891615	1787824934079108352	-0.0003157367	0.0012939999	-0.0042830182
211.001507	1787824934190108416	0.0011563814	0.0001991132	-0.0053217833
211.091539	1787824934280108288	0.0012685984	-0.0007547987	-0.0058195217
211.202043	1787824934391108352	0.0003758960	0.0004193950	0.0039968205
211.306657	1787824934496108288	-0.0000823127	-0.0009444848	0.0077608740
211.400651	1787824934589108224	0.0003675888	0.0000481502	-0.0017343111
211.497252	1787824934685108224	-0.0000304056	0.0000168758	-0.0016461753
211.594290	1787824934781108224	-0.0000591148	-0.0012933087	-0.0004654871
211.696882	1787824934886108160	0.0004269849	-0.0007522909	0.0037719507
211.792936	1787824934982108160	0.0001750673	-0.0004833553	0.0002365733
211.892578	1787824935081107968	-0.0014312751	0.0011123241	-0.0071883355
212.006898	1787824935195108096	0.0002408904	-0.0013875059	-0.0015444181
212.097952	1787824935285107968	0.0007019333	0.0007056618	0.0014251377
212.201130	1787824935390108160	-0.0007389788	0.0016192999	-0.0041132275
212.283531	1787824935471108096	0.0002624623	0.0003324510	0.0034546412
212.399488	1787824935588108288	0.0010926790	-0.0008786317	0.0081883412
212.503636	1787824935693108224	-0.0002858083	-0.0008561778	-0.0044894000
212.599394	1787824935786108160	-0.0004034154	-0.0017371197	0.0059697832
212.702976	1787824935891108352	0.0012736054	-0.0010579479	-0.0001373773
212.806048	1787824935993108224	-0.0017139433	-0.0001781451	0.0010300642
212.907025	1787824936095108352	0.0010530559	0.0009969654	-0.0053459683
212.992878	1787824936182108160	0.0006194696	0.0007835310	-0.0008683346
213.103518	1787824936293108224	0.0007887521	-0.0008515254	0.0002992535
213.196288	1787824936383108096	-0.0008549541	0.0006560906	0.0028575375
213.302408	1787824936491108096	0.0002451414	0.0002940018	0.0012344639
213.397572	1787824936587108096	0.0000180812	0.0010510616	0.0022218013
213.507767	1787824936695108096	-0.0002488747	0.0007416178	-0.0070793571
213.613314	1787824936800108288	0.0005811953	0.0008140800	0.0009037633
213.693304	1787824936881108224	0.0011493791	0.0007005871	0.0068995337
213.801745	1787824936989108224	0.0003791685	-0.0007808347	-0.0045606056
213.892346	1787824937079108352	0.0014251846	0.0011585782	-0.0004941054
213.997398	1787824937184108288	0.0007830792	-0.0012020532	-0.0000661001
214.093658	1787824937283108352	-0.0011191583	-0.0001236903	0.0005446782
214.194153	1787824937382108160	-0.0010853354	0.0000092094	0.0008129058
214.303332	1787824937490108160	0.0011115338	-0.0005588507	-0.0009856308
214.403370	1787824937592108288	0.0004950026	0.0000229565	0.0014185440
214.497259	1787824937685108224	-0.0015217597	-0.0008406382	0.0018844347
214.600901	1787824937790108160	-0.0002084435	0.0003030290	-0.0005479082
214.698979	1787824937886108160	-0.0000371019	-0.0001338555	-0.0060840191
214.792879	1787824937982108160	-0.0014432470	-0.0005457986	0.0028736570
214.906915	1787824938096108288	0.0016022586	0.0000683896	-0.0014236483
214.996750	1787824938186108160	-0.0004903228	0.0010092096	0.0009769973
215.101178	1787824938288108032	-0.0011415173	-0.0003345727	0.0044637044
215.197378	1787824938384108288	-0.0003378218	0.0009003639	0.0011989058
215.293655	1787824938483108352	0.0010062128	0.0016495719	-0.0069022378
215.410800	1787824938600108032	-0.0000132233	0.0003415675	0.0063905418
215.501686	1787824938690108416	-0.0009101543	0.0013967434	0.0018081499
215.600471	1787824938789108224	-0.0002253229	0.0000555952	0.0111225032
215.708580	1787824938897108224	0.0000445616	0.0009511630	-0.0004285875
215.801165	1787824938990108160	-0.0019864814	-0.0006345062	-0.0084189290
215.900373	1787824939089108224	0.0007389890	0.0001347654	0.0048528260
215.996325	1787824939185108224	-0.0007852198	-0.0016147458	0.0051872764
216.090867	1787824939278108160	-0.0008205734	-0.0028185115	-0.0058378726
216.197547	1787824939386108160	-0.0001375785	0.0016025462	-0.0019197588
216.311437	1787824939500108288	-0.0008986529	0.0001185784	0.0012381954
216.401807	1787824939590108160	0.0003174428	0.0009426298	-0.0059438012
216.499127	1787824939686108160	0.0002984222	0.0006832010	0.0047187893
216.602950	1787824939791108096	-0.0011282142	0.0004710633	0.0010356851
216.702530	1787824939890108160	0.0011396357	0.0007937248	0.0008435818
216.804248	1787824939992108032	-0.0008844663	0.0001862244	-0.0015659533
216.902042	1787824940091108352	0.0011477018	0.0021079699	-0.0012288628
217.002257	1787824940190108416	0.0004729997	-0.0004151386	0.0026837580
217.117593	1787824940307108096	-0.0011389770	-0.0013676685	-0.0005945145
217.196033	1787824940385108224	-0.0003604301	-0.0011104797	0.0021871865
217.306106	1787824940493108224	-0.0004629800	-0.0010611998	-0.0035322253
217.405440	1787824940592108288	-0.0005344955	-0.0009079597	-0.0012758058
217.505853	1787824940694108160	-0.0013901664	0.0002394041	-0.0037049008
217.590719	1787824940778108160	-0.0004282239	0.0007284858	-0.0042085581
217.701814	1787824940889108224	0.0002819219	-0.0002296247	0.0019103531
217.793799	1787824940982108160	-0.0002667625	0.0000225062	-0.0032821817
217.899702	1787824941087108096	-0.0003372895	0.0015033955	-0.0037906206
218.000322	1787824941189108224	0.0006423109	-0.0000631017	-0.0054518204
218.094616	1787824941282108416	-0.0007697543	0.0007019396	0.0017180096
218.196746	1787824941384108288	0.0004182041	-0.0000771987	0.0016642956
218.290069	1787824941477108224	-0.0008300107	-0.0008671128	-0.0058302272
218.400466	1787824941588108288	0.0015413228	-0.0006102966	0.0015098263
218.504111	1787824941693108224	-0.0000600822	-0.0008296136	-0.0039831796
218.596488	1787824941783108352	-0.0000340717	-0.0000964304	-0.0014494035
218.701041	1787824941888108288	0.0001074476	0.0000502122	0.0041980688
218.807628	1787824941996108288	0.0003797295	-0.0009217504	0.0006853825
218.902552	1787824942092108288	0.0001782687	0.0001047747	-0.0003858650
218.994267	1787824942182108160	-0.0005800700	-0.0004287517	-0.0044022382
219.102545	1787824942290108160	0.0008734339	-0.0000822874	0.0066289058
219.196421	1787824942383108096	-0.0005204985	-0.0000426293	-0.0017581771
219.298838	1787824942488108032	-0.0009564558	0.0002906490	-0.0011921054
219.412992	1787824942602108160	0.0005919818	0.0006774290	-0.0019026697
219.496484	1787824942683108096	0.0009609647	-0.0000200764	-0.0011233390
219.608577	1787824942797108224	0.0007438966	0.0006049526	0.0047874467
219.696149	1787824942884108288	-0.0000509537	0.0000933351	-0.0015884001
219.799752	1787824942989108224	0.0014361606	0.0007814179	-0.0067396333
219.908213	1787824943097108224	-0.0005856464	0.0005064915	0.0039195895
220.010783	1787824943199108096	0.0010102641	-0.0013374208	0.0029536659
220.109962	1787824943298108160	-0.0014365607	-0.0016982135	0.0004048967
220.196837	1787824943385108224	-0.0024602832	-0.0010587781	0.0000679771
220.300025	1787824943487108352	-0.0009284769	0.0006505197	0.0046290889
220.402405	1787824943589108224	-0.0010217017	-0.0003784982	-0.0001156320
220.510326	1787824943697108224	-0.0010372130	0.0008970643	-0.0061151687
220.602913	1787824943790108160	-0.0005723384	-0.0002298971	0.0000324296
220.702912	1787824943892108288	0.0012792611	-0.0010383588	-0.0027593198
220.797616	1787824943985108224	0.0007541572	0.0003614027	0.0024170960
220.906055	1787824944093108224	-0.0007632816	0.0008119880	-0.0003041762
221.001556	1787824944189108224	-0.0014985042	0.0001987883	0.0065652987
221.097716	1787824944285107968	0.0010105825	-0.0003505118	0.0018943997
221.196541	1787824944384108288	0.0009071886	0.0013429713	-0.0006418863
221.308437	1787824944495108096	0.0013218131	-0.0005700570	-0.0030546992
221.403076	1787824944591108352	0.0002432944	-0.0005313690	0.0030824197
221.507821	1787824944696108032	0.0005572019	0.0022409348	-0.0007194635
221.600197	1787824944789108224	-0.0003689620	0.0001981763	0.0008330487
221.702514	1787824944891108352	-0.0000656811	-0.0004426561	-0.0014572754
221.805277	1787824944993108224	-0.0004135290	0.0001253635	-0.0022029449
221.907812	1787824945095108352	-0.0018349685	-0.0002596019	0.0053998112
222.004499	1787824945191108352	-0.0001341666	0.0007647193	0.0107650962
222.099811	1787824945287108096	-0.0000792316	-0.0007935333	0.0044816686
222.205596	1787824945395108096	0.0004826337	0.0004203122	-0.0022966302
222.300311	1787824945488108032	0.0012446105	-0.0000960964	-0.0015154290
222.403391	1787824945590108160	0.0007710065	0.0010498400	0.0011897750
222.500940	1787824945689108224	-0.0004311713	-0.0001698569	-0.0028375863
222.602244	1787824945791108096	-0.0009515904	0.0010598030	0.0035454889
222.706613	1787824945896108032	0.0010607507	0.0006711734	-0.0003915988
222.804511	1787824945992108032	-0.0019081050	0.0007251430	0.0018582204
222.904875	1787824946094108160	-0.0005927846	0.0005222148	-0.0021783121
222.995182	1787824946184108288	-0.0007219977	0.0000414854	-0.0021714011
223.114842	1787824946304108032	-0.0018926730	-0.0005731752	0.0030193047
223.201047	1787824946388108288	-0.0003431458	-0.0004184152	0.0015423882
223.303265	1787824946490108160	-0.0000543476	0.0010364001	-0.0020734004
223.397121	1787824946586108160	-0.0003684961	0.0002232076	-0.0028543975
223.503094	1787824946691108352	-0.0002165384	-0.0015247468	0.0000128799
223.598491	1787824946787108096	-0.0008813736	0.0008638106	0.0037681831
223.695155	1787824946883108096	-0.0004156529	0.0002580872	0.0009726880
223.802431	1787824946991108096	0.0011133243	0.0001596057	0.0058011045
223.896461	1787824947084108032	0.0015072608	-0.0005379131	-0.0017987101
224.000246	1787824947189108224	0.0003379314	0.0012276691	-0.0006651119
224.100692	1787824947288108032	-0.0002780382	0.0003504135	-0.0048180635
224.196889	1787824947384108288	-0.0005989395	-0.0000539807	0.0017908292
224.298248	1787824947486108416	-0.0009014743	-0.0007558945	-0.0057263005
224.410016	1787824947597108224	0.0012466668	0.0009016348	-0.0025324157
224.497958	1787824947687108352	0.0008660850	-0.0007005441	-0.0010478706
224.600283	1787824947789108224	-0.0010143650	0.0004198868	-0.0003596028
224.702758	1787824947891108352	0.0002006106	0.0000453574	0.0012656675
224.803406	1787824947990108160	-0.0005870037	0.0003529608	-0.0013057396
224.896900	1787824948086108160	-0.0002637208	-0.0012942809	0.0011855993
225.004945	1787824948194108160	-0.0002970448	-0.0006401267	0.0025144182
225.105805	1787824948293108224	-0.0007745220	0.0002172083	-0.0025021505
225.201493	1787824948389108224	-0.0004270020	0.0000281978	-0.0020703257
225.299221	1787824948488108032	0.0011318212	0.0002726169	-0.0022446046
225.409660	1787824948599108096	-0.0011000542	-0.0010927447	0.0039469187
225.512228	1787824948701108224	-0.0002400503	-0.0008566112	0.0046194198
225.605963	1787824948794108160	0.0000367389	0.0010535046	-0.0007306141
225.700430	1787824948887108096	-0.0006122310	0.0003932124	0.0044388391
225.802903	1787824948992108032	-0.0005583142	-0.0000858392	0.0024758650
225.906220	1787824949094108160	0.0000745741	0.0014946491	-0.0070494583
226.002733	1787824949190108416	-0.0014290486	-0.0012306668	-0.0091588294
226.102049	1787824949289108224	0.0001036580	0.0005397269	-0.0043070974
226.200755	1787824949388108288	0.0001744640	0.0007082709	-0.0026167669
226.302575	1787824949490108160	-0.0004572295	-0.0015336724	-0.0069046440
226.391086	1787824949580108288	-0.0006596578	0.0007399191	-0.0033285763
226.506802	1787824949694108160	-0.0005258407	-0.0003381130	-0.0034905961
226.595054	1787824949784108288	-0.0015637096	0.0001227513	0.0005631437
226.690549	1787824949880108032	-0.0004130859	-0.0001582900	-0.0035196109
226.802662	1787824949991108096	-0.0003494158	-0.0007800547	0.0012168491
226.899033	1787824950087108096	0.0006128496	0.0012607268	0.0042576846
227.007426	1787824950195108096	0.0013862061	-0.0004937527	-0.0008787339
227.093521	1787824950282108416	0.0008798287	0.0000717604	0.0049289454
227.192733	1787824950381108224	-0.0001903033	-0.0005959014	0.0029192150
227.299853	1787824950489108224	-0.0003556230	-0.0012598295	-0.0070388619
227.393905	1787824950582108160	0.0000680261	-0.0007300663	-0.0001153753
227.505032	1787824950693108224	-0.0002363945	-0.0002556033	0.0040828861
227.610359	1787824950798108160	0.0002563563	-0.0004764684	0.0015946886
227.714481	1787824950903108096	-0.0001319527	0.0004353998	0.0000350621
227.797302	1787824950984108288	-0.0022842069	-0.0014821675	0.0022309680
227.903834	1787824951092108288	-0.0005879589	0.0001601748	0.0029078934
227.998326	1787824951185108224	0.0001554440	0.0001370199	-0.0065615183
228.093642	1787824951281108224	0.0002920993	0.0005034183	0.0077509205
228.206312	1787824951395108096	0.0002650588	0.0001344571	-0.0002282291
228.296985	1787824951485108224	0.0010622061	0.0009522303	-0.0081357175
228.397821	1787824951587108096	-0.0003446329	0.0012698231	0.0009593269
228.499623	1787824951689108224	-0.0001036028	-0.0000206080	0.0029898586
228.601096	1787824951788108032	0.0021751198	-0.0007677072	-0.0069957353
228.701595	1787824951890108160	0.0004856471	0.0013177796	-0.0028163274
228.809071	1787824951998108160	0.0009924970	-0.0013928008	-0.0048570443
228.889763	1787824952079108352	0.0000283858	0.0013314008	0.0000082054
229.004325	1787824952193108224	-0.0013751231	-0.0000644013	0.0041266009
229.099648	1787824952289108224	-0.0001607425	0.0017916949	0.0028763812
229.198008	1787824952385108224	-0.0010911079	0.0005064115	-0.0003386392
229.307296	1787824952496108288	0.0008467436	0.0009792083	0.0016686890
229.400742	1787824952589108224	0.0000804860	0.0007248451	0.0016442892
229.497864	1787824952685108224	-0.0002780833	0.0016880981	0.0000711392
229.592331	1787824952781108224	-0.0005907787	-0.0023736910	-0.0007591473
229.703805	1787824952892108288	0.0006329386	0.0005664828	-0.0001455318
229.791064	1787824952979108096	-0.0007950016	0.0002616709	0.0023626353
229.903480	1787824953090108160	-0.0000472390	0.0011204889	-0.0038647450
229.996726	1787824953186108160	-0.0003361166	0.0012624141	-0.0012286478
230.099776	1787824953288108032	-0.0015407170	0.0009625079	-0.0005816550
230.204990	1787824953393108224	0.0002816011	0.0010181911	-0.0004773101
230.296420	1787824953483108352	0.0003674205	-0.0001828541	0.0012340062
230.402658	1787824953591108352	0.0006348525	-0.0002061053	-0.0033272492
230.493186	1787824953681108224	-0.0015610240	0.0010168882	0.0001750353
230.604940	1787824953792108288	-0.0004499841	0.0005400204	-0.0001100544
230.709416	1787824953897108224	0.0004026297	0.0008397812	0.0009779043
230.786302	1787824953975108096	-0.0000048827	0.0003084329	0.0021639195
230.901687	1787824954089108224	0.0015002765	0.0013369895	-0.0002312867
231.001215	1787824954188108288	-0.0016639211	0.0006353530	0.0029355231
231.106751	1787824954296108288	0.0014148445	-0.0009353910	-0.0069321432
231.200380	1787824954389108224	0.0007805336	0.0002477065	-0.0039687586
231.310627	1787824954500108288	-0.0001298561	0.0018574799	0.0006608727
231.405063	1787824954593108224	0.0002815818	-0.0000862683	0.0010628589
231.491020	1787824954680108288	0.0013536408	-0.0009690008	0.0046248313
231.605025	1787824954794108160	0.0004651295	-0.0000252140	0.0059898211
231.706848	1787824954896108032	0.0015450093	0.0011371984	0.0013293725
231.806070	1787824954995108096	0.0007628072	-0.0013763613	0.0061957967
231.892942	1787824955082108160	0.0008605305	-0.0007730112	0.0041889982
232.007707	1787824955196108032	-0.0012163925	-0.0004808118	-0.0040563583
232.096772	1787824955286108160	0.0004866605	0.0004985436	0.0007708499
232.198808	1787824955388108288	-0.0009032649	0.0004164875	0.0042459087
232.302959	1787824955490108160	-0.0010913361	-0.0014492640	-0.0018378553
232.397825	1787824955586108160	0.0013532042	-0.0004080021	0.0003942406
232.500435	1787824955688108288	-0.0005835601	-0.0000631152	0.0000965388
232.603880	1787824955793108224	0.0005692268	-0.0011483481	0.0020612290
232.698515	1787824955886108160	0.0013690196	-0.0016883659	-0.0007062912
232.800260	1787824955988108032	-0.0011456671	0.0008809518	0.0000430115
232.911702	1787824956099108096	-0.0007889857	0.0003298878	0.0045511756
233.007194	1787824956195108096	-0.0005906677	-0.0003760862	0.0039323255
233.107926	1787824956297108224	0.0003177075	0.0001463936	0.0057312652
233.206055	1787824956393108224	-0.0002116240	0.0001556856	-0.0008916090
233.292171	1787824956480108288	0.0001189172	0.0002222191	0.0067523265
233.403042	1787824956591108352	0.0007048529	0.0014204155	0.0083620700
233.500231	1787824956687108352	-0.0002244000	0.0017674650	-0.0024744665
233.598096	1787824956786108160	-0.0016470811	0.0011843058	0.0046635577
233.700659	1787824956888108288	0.0004900850	0.0003271945	0.0021791160
233.810870	1787824956999108352	-0.0003371243	0.0001927497	-0.0002732529
233.905000	1787824957092108288	0.0001752808	0.0019717523	0.0018648427
233.998185	1787824957185108224	-0.0011730114	0.0016271106	0.0028006561
234.104956	1787824957293108224	0.0005388955	-0.0018385811	-0.0062098260
234.197373	1787824957386108160	-0.0006633714	-0.0005873853	-0.0011544467
234.298473	1787824957485108224	0.0012158752	0.0008568727	0.0058235505
234.410936	1787824957599108096	0.0002688973	-0.0003803384	-0.0063815635
234.507155	1787824957695108096	0.0003926252	0.0008513119	0.0051346708
234.595957	1787824957785107968	-0.0014862232	-0.0014179488	0.0056724169
234.703020	1787824957890108160	0.0003807173	-0.0021746228	-0.0017262595
234.796483	1787824957983108352	0.0002486959	-0.0002252586	-0.0030628740
234.899118	1787824958088108288	-0.0000518792	0.0001702489	-0.0004287054
235.003946	1787824958193108224	-0.0012890255	0.0007374982	0.0009796209
235.099808	1787824958289108224	-0.0008854968	0.0009314432	0.0008138478
235.201164	1787824958388108288	0.0004020164	0.0001469417	-0.0002233505
235.304291	1787824958493108224	0.0013734686	0.0011080910	-0.0012879754
235.405753	1787824958595108352	-0.0000959808	0.0004139982	0.0019678412
235.486935	1787824958676108032	-0.0000396750	0.0009783655	0.0025986620
235.605592	1787824958793108224	-0.0009485691	0.0004763401	0.0010775546
235.703404	1787824958892108288	-0.0000898438	0.0000101896	0.0020871215
235.808099	1787824958997108224	-0.0003576211	-0.0003952931	0.0036976546
235.900658	1787824959090108160	0.0010829246	-0.0007565053	-0.0041088526
235.996317	1787824959183108096	0.0019483693	0.0008870647	0.0007559828
236.095027	1787824959282108416	0.0006113372	0.0005580604	0.0055518630
236.203248	1787824959390108160	-0.0009862826	0.0005831585	0.0039391248
236.289381	1787824959477108224	-0.0003416770	0.0008440549	-0.0015116566
236.402377	1787824959591108352	0.0002423965	-0.0003055835	-0.0038108342
236.494544	1787824959684108288	0.0018041582	0.0006309266	0.0021701498
236.600891	1787824959789108224	-0.0007599228	0.0012355456	0.0016312196
236.702671	1787824959891108352	-0.0000022842	-0.0005848675	-0.0005324215
236.800896	1787824959990108160	0.0009488401	-0.0001063098	-0.0001454025
236.896652	1787824960086108160	-0.0008838222	-0.0007985280	0.0023927081
236.995728	1787824960185108224	-0.0005855943	-0.0009203928	0.0066726289
237.099689	1787824960287108096	0.0002491288	0.0003014212	0.0023159848
237.199379	1787824960386108160	0.0003165370	-0.0004808250	0.0038093259
237.298371	1787824960485108224	-0.0008971263	-0.0002925680	-0.0001238011
237.405485	1787824960593108224	-0.0001204613	-0.0006929552	0.0018715020
237.497380	1787824960686108160	-0.0000274726	-0.0008283095	-0.0006749094
237.593924	1787824960782108416	-0.0004215753	0.0004387935	-0.0043692420
237.700401	1787824960887108096	0.0002443878	-0.0003844672	0.0056343330
237.804478	1787824960992108032	0.0005120318	0.0011655296	-0.0011753805
237.903593	1787824961091108352	-0.0001481455	-0.0006432270	0.0008632773
238.004532	1787824961193108224	-0.0005733025	0.0001637574	-0.0013714714
238.080191	1787824961268108032	0.0006496538	-0.0005295309	-0.0009225006
238.186877	1787824961376108288	0.0000882865	0.0002296212	0.0027647861
238.303234	1787824961490108160	-0.0004197208	-0.0015313402	0.0022063989
238.409855	1787824961598108416	0.0012156149	0.0004847270	0.0021523252
238.500112	1787824961688108288	0.0002860055	0.0004055167	-0.0015176289
238.600834	1787824961790108160	-0.0014382416	0.0007434095	0.0020739087
238.706072	1787824961895108096	0.0002787697	0.0000366153	0.0074443486
238.783987	1787824961973108224	0.0000958685	-0.0007408129	-0.0004587452
238.919062	1787824962108108288	0.0009055767	-0.0015758984	0.0026796471
238.994918	1787824962183108096	0.0001834080	0.0015414026	-0.0036621720
239.097305	1787824962285107968	-0.0003521973	-0.0024068396	0.0037111023
239.201528	1787824962390108160	0.0006735033	0.0004540854	0.0045658959
239.299436	1787824962486108416	-0.0004332707	0.0001908658	0.0029076948
239.398625	1787824962588108288	-0.0013774232	-0.0006211760	-0.0002040308
239.498874	1787824962687108352	0.0002657178	0.0007219105	0.0014014705
239.598642	1787824962786108160	0.0013495279	-0.0000437819	0.0011451734
239.699179	1787824962888108288	-0.0005899320	0.0004425297	-0.0011808789
239.797218	1787824962984108288	0.0012876792	-0.0002385377	-0.0026195380
239.900934	1787824963089108224	-0.0000178881	-0.0010256834	0.0032338743
239.994652	1787824963182108160	0.0009291091	0.0005826784	0.0018821978
240.101443	1787824963290108160	0.0000827179	-0.0001674093	-0.0028249703
240.193203	1787824963380108032	-0.0014985630	-0.0004179324	0.0038644495
240.306745	1787824963494108160	-0.0003078066	-0.0009749086	0.0003557988
240.412648	1787824963602108160	0.0001107691	-0.0000852412	0.0004083070
240.504959	1787824963692108032	-0.0001188113	0.0006459071	0.0057734396
240.607145	1787824963794108160	-0.0000364639	0.0006199864	-0.0007636795
240.705142	1787824963893108224	-0.0003251223	0.0006092564	0.0008912574
240.795469	1787824963983108352	0.0001049004	-0.0000426513	-0.0050802827
240.905941	1787824964094108160	0.0014941314	0.0004161414	-0.0029552575
240.995429	1787824964184108288	-0.0011375514	-0.0001562574	0.0042812466
241.091399	1787824964280108288	0.0000918683	0.0003289835	0.0032316864
241.199663	1787824964388108288	0.0009625884	-0.0000274329	-0.0013046692
241.309976	1787824964499108352	-0.0012303377	0.0011739092	-0.0006146754
241.403651	1787824964592108288	-0.0009248013	0.0003351221	-0.0016681382
241.494177	1787824964682108160	-0.0001841464	0.0000639283	-0.0005513982
241.606193	1787824964793108224	-0.0004950417	-0.0000030118	-0.0001663348
241.693428	1787824964880108032	0.0002899182	-0.0000966477	-0.0029437985
241.801284	1787824964988108032	0.0000459837	0.0003917833	0.0064738296
241.899912	1787824965087108096	-0.0008551408	0.0006862385	0.0009454814
242.011294	1787824965198108160	0.0008171843	0.0004225644	0.0036207299
242.096315	1787824965285107968	0.0014408807	0.0006563128	0.0007729908
242.204949	1787824965393108224	-0.0007706120	-0.0014536766	0.0004807523
242.296027	1787824965483108352	0.0006579301	-0.0007607341	0.0050020560
242.405143	1787824965594108160	0.0006967816	0.0002213320	0.0008826566
242.498219	1787824965687108352	-0.0009840634	0.0004706202	-0.0001805592
242.596523	1787824965786108160	-0.0009030566	0.0005753515	-0.0012992319
242.693929	1787824965882108160	-0.0006890024	-0.0018819905	0.0039844435
242.799120	1787824965987108352	-0.0001023217	-0.0016942074	0.0015845373
242.900793	1787824966089108224	-0.0009237317	-0.0001198316	0.0014413193
242.991715	1787824966179108096	0.0011072941	0.0000183792	0.0040456952
243.099006	1787824966287108096	-0.0011517979	-0.0008213431	-0.0077888591
243.201640	1787824966389108224	0.0013807090	-0.0014051729	-0.0007914987
243.302823	1787824966491108096	-0.0015193460	-0.0003564938	-0.0006933260
243.412594	1787824966602108160	0.0006641314	0.0016322817	-0.0021817926
243.503889	1787824966692108032	0.0006334901	0.0008179535	0.0024147284
243.600586	1787824966788108032	0.0009326379	-0.0003782719	0.0004230442
243.696551	1787824966884108288	0.0004793025	0.0005020201	0.0011863361
243.803172	1787824966992108032	0.0001770770	0.0004524943	0.0016683867
243.887871	1787824967076108288	0.0012377586	-0.0008948467	0.0074190547
244.002589	1787824967190108416	0.0003344621	-0.0005527958	0.0026023128
244.108054	1787824967295108352	-0.0003247979	-0.0009299570	0.0005822027
244.201693	1787824967391108352	0.0004712569	0.0008628493	0.0023193483
244.300103	1787824967487108352	-0.0001407656	-0.0009752735	-0.0067545615
244.386378	1787824967574108160	0.0010476658	-0.0004666921	0.0007303356
244.513052	1787824967700108288	0.0008944963	-0.0000258341	-0.0065191445
244.605175	1787824967793108224	-0.0005224166	-0.0004761870	0.0005312180
244.704786	1787824967892108288	-0.0014881574	0.0001526419	0.0000647368
244.791345	1787824967979108096	0.0006558710	0.0011899627	0.0023805090
244.912210	1787824968099108096	-0.0017474496	0.0001252646	-0.0033662218
245.000723	1787824968189108224	-0.0018062405	0.0011852408	0.0055517064
245.114373	1787824968303108096	-0.0002663435	-0.0009713101	0.0014005083
245.200844	1787824968390108160	-0.0006571734	-0.0001897064	-0.0058503124
245.301565	1787824968489108224	-0.0012575581	-0.0006384529	-0.0023189953
245.394868	1787824968582108160	-0.0005865481	-0.0010413981	-0.0001388960
245.501721	1787824968690108416	0.0003588749	-0.0003821432	-0.0006903613
245.610923	1787824968798108160	0.0005326971	-0.0001806201	-0.0031997787
245.701309	1787824968888108288	-0.0009078500	0.0020024431	0.0039845016
245.796906	1787824968984108288	0.0011578586	0.0008358681	-0.0004215160
245.897806	1787824969086108160	-0.0000911075	-0.0006353333	-0.0047127114
246.009123	1787824969197108224	0.0004256681	-0.0007261125	-0.0004992599
246.105595	1787824969293108224	-0.0011302277	0.0006112509	0.0011315842
246.202663	1787824969392108288	0.0015024730	-0.0005543146	0.0042027225
246.299566	1787824969488108032	-0.0005996630	0.0010470002	0.0034896024
246.398999	1787824969587108096	-0.0005367695	0.0013274352	0.0059018240
246.504618	1787824969692108032	-0.0011194803	0.0005206568	0.0013636043
246.596806	1787824969785107968	0.0019560103	0.0010584443	0.0041088525
246.696097	1787824969884108288	-0.0000388470	0.0010877861	0.0041662665
246.792319	1787824969980108288	-0.0001323527	-0.0012932206	-0.0058000871
246.906397	1787824970094108160	0.0002606790	-0.0008451109	0.0016516098
246.998554	1787824970187108352	-0.0019352834	0.0004416296	-0.0025588436
247.097640	1787824970286108160	0.0008430859	0.0002054224	0.0010954150
247.189060	1787824970376108288	0.0003246423	-0.0001317348	0.0038585560
247.299893	1787824970487108352	0.0002633651	-0.0000122404	-0.0013075688
247.397978	1787824970586108160	0.0007483135	-0.0000376938	0.0067471997
247.501168	1787824970688108288	0.0002769845	-0.0001102351	0.0001890147
247.605264	1787824970793108224	-0.0003248508	-0.0008691659	-0.0077237395
247.694132	1787824970883108096	0.0005825201	0.0004720960	0.0021622220
247.799380	1787824970988108032	-0.0006752517	-0.0001027820	-0.0047981460
247.891739	1787824971081107968	0.0012512467	0.0002415023	0.0001929532
248.006084	1787824971195108096	-0.0016469464	0.0007374366	0.0021948797
248.105859	1787824971294108160	-0.0005459718	-0.0002455272	-0.0048944082
248.194798	1787824971384108288	-0.0020061595	-0.0005640286	-0.0022794900
248.300826	1787824971489108224	0.0008104614	0.0004743206	0.0072588034
248.389276	1787824971576108288	-0.0011395516	-0.0001512936	-0.0021948100
248.504167	1787824971693108224	0.0000126687	-0.0006231736	0.0003680220
248.606106	1787824971795108352	0.0000506780	0.0002376001	0.0011924617
248.692505	1787824971882108160	0.0009411384	-0.0007579149	0.0059734105
248.796114	1787824971984108288	-0.0010839639	0.0007681104	0.0018830229
248.899587	1787824972089108224	-0.0008462139	-0.0014691480	-0.0005111313
249.006135	1787824972194108160	-0.0002320054	0.0000131222	0.0068525089
249.097839	1787824972287108096	-0.0000775292	-0.0003247890	-0.0045357772
249.198902	1787824972386108160	-0.0003905746	-0.0006229277	0.0059144637
249.297389	1787824972485108224	0.0001680132	0.0016318113	-0.0024011300
249.399322	1787824972587108096	0.0010559205	0.0009573794	0.0040051496
249.497483	1787824972686108160	-0.0004519659	-0.0012532738	-0.0023366192
249.606391	1787824972794108160	0.0014518462	0.0001617272	0.0029889758
249.691297	1787824972878108160	-0.0006356068	0.0005683239	-0.0004024379
249.806255	1787824972995108096	-0.0002299805	-0.0013094586	0.0005826667
249.908941	1787824973097108224	-0.0014457985	-0.0010577641	0.0008430077
250.010195	1787824973199108096	0.0001727782	-0.0012342842	-0.0022180661
250.090586	1787824973280108288	0.0001294186	-0.0003027339	0.0077161252
250.198960	1787824973388108288	-0.0008070938	-0.0007970101	0.0025067794
250.301236	1787824973490108160	-0.0007921560	-0.0009799872	-0.0068863111
250.399800	1787824973589108224	-0.0011545185	-0.0008120460	-0.0060473255
250.497237	1787824973685108224	-0.0006722754	-0.0005075395	-0.0013219055
250.596467	1787824973784108288	-0.0005306643	-0.0000736739	-0.0007243869
250.700408	1787824973889108224	-0.0003241433	0.0017523129	0.0020840589
250.804919	1787824973994108160	0.0006022693	-0.0003942116	-0.0018517790
250.900934	1787824974090108160	0.0007916280	0.0015407240	-0.0011632661
250.999044	1787824974186108160	0.0008088201	-0.0000328304	0.0030753856
251.099680	1787824974288108032	-0.0016673494	0.0000942540	0.0035693755
251.203773	1787824974393108224	-0.0011401301	0.0007583768	0.0019736013
251.307733	1787824974495108096	-0.0000027113	0.0003753867	0.0015058027
251.400494	1787824974588108288	0.0000911206	0.0005299121	-0.0037896426
251.489243	1787824974678108160	-0.0009293390	-0.0006452629	-0.0040160673
251.612967	1787824974801108224	0.0001817554	-0.0006186597	0.0027529189
251.696834	1787824974885108224	0.0001291842	0.0010477385	-0.0001918167
251.797857	1787824974987108352	0.0012585092	-0.0010115252	-0.0050814066
251.906058	1787824975095108352	0.0000617518	-0.0018871005	-0.0008001859
251.999389	1787824975188108288	0.0003974780	-0.0000146082	0.0005444294
252.096822	1787824975284108288	-0.0010969786	0.0002574613	-0.0052991723
252.193040	1787824975380108032	-0.0000979210	-0.0006232380	0.0009364094
252.305999	1787824975494108160	0.0005723023	0.0005101612	-0.0053067815
252.400009	1787824975587108096	-0.0010220819	-0.0003662996	0.0009877320
252.500697	1787824975689108224	0.0004727841	-0.0017149327	-0.0009915298
252.597023	1787824975785107968	-0.0017338817	0.0014732757	-0.0012747714
252.698602	1787824975887108096	0.0011503059	0.0000251278	0.0024834689
252.797605	1787824975986108416	-0.0003790737	-0.0006595462	0.0000774225
252.895858	1787824976085108224	-0.0002707593	0.0010547184	-0.0035825293
252.985831	1787824976175108096	0.0008622217	0.0005334788	-0.0052473291
253.104767	1787824976292108288	0.0016398127	0.0011174017	-0.0004517916
253.200203	1787824976388108288	0.0004365145	0.0000303126	0.0027042895
253.297956	1787824976487108352	-0.0001344052	0.0004988335	0.0075134041
253.399267	1787824976586108160	0.0004054272	-0.0000237141	-0.0003852133
253.500961	1787824976688108288	-0.0005278174	-0.0003356662	0.0026220578
253.600280	1787824976787108096	-0.0007825604	0.0007784105	0.0023557436
253.701003	1787824976889108224	0.0011168634	-0.0000843121	0.0038375975
253.800228	1787824976988108032	-0.0017065768	0.0006540370	0.0030596074
253.902419	1787824977090108160	-0.0011825123	0.0010601125	-0.0001503668
254.007276	1787824977195108096	0.0003412128	0.0011723984	0.0039895235
254.094990	1787824977282108416	-0.0000772153	0.0004632241	-0.0034657767
254.218702	1787824977408108288	-0.0002704057	-0.0003747213	0.0013145000
254.296826	1787824977486108416	0.0004581091	-0.0008837089	-0.0019453093
254.393204	1787824977582108160	-0.0000118574	-0.0006422116	-0.0001845323
254.498199	1787824977687108352	-0.0004310585	0.0006581611	-0.0004460622
254.597976	1787824977786108160	0.0010783184	-0.0000460556	-0.0000721860
254.712567	1787824977900108032	0.0007316180	0.0001998385	-0.0032355072
254.794631	1787824977984108288	-0.0005412549	-0.0004244077	0.0012039754
254.891751	1787824978080108288	-0.0005592525	0.0005261931	-0.0012915369
255.004028	1787824978191108352	-0.0003989958	-0.0009073781	0.0002034316
255.105276	1787824978293108224	0.0021043222	0.0011805611	-0.0016242760
255.198772	1787824978386108160	-0.0003887730	-0.0004650768	0.0013348937
255.303856	1787824978491108096	-0.0010168249	0.0000286416	-0.0023223089
255.398626	1787824978587108096	-0.0019872756	0.0004045515	-0.0005023311
255.504431	1787824978692108032	0.0007178826	0.0022172201	-0.0006780514
255.596554	1787824978785107968	0.0001274505	0.0013307377	-0.0007844982
255.701403	1787824978890108160	-0.0003500655	0.0005346443	0.0025596084
255.798566	1787824978986108416	0.0001856639	-0.0015286630	-0.0006123688
255.892592	1787824979082108160	0.0000833891	0.0012768483	-0.0037134084
255.990047	1787824979178108160	-0.0003380946	0.0005697544	0.0002925128
256.110018	1787824979298108160	-0.0007624674	-0.0011262165	0.0010349465
256.208697	1787824979397108224	0.0001289769	0.0015667943	0.0042991104
256.296413	1787824979484108288	0.0006720788	-0.0001816470	-0.0027605516
256.407606	1787824979595108352	0.0000595871	-0.0001260154	0.0016628794
256.503394	1787824979691108352	0.0013896650	-0.0008394188	-0.0028754653
256.595453	1787824979784108288	0.0006040772	0.0002048773	-0.0052747420
256.715518	1787824979904108288	0.0004633473	0.0005947675	0.0046731791
256.801933	1787824979991108096	-0.0006793892	-0.0002490511	0.0034481602
256.908222	1787824980096108288	0.0005257125	0.0003183925	0.0024529278
256.992881	1787824980180108288	-0.0008014142	-0.0006858379	-0.0021660028
257.106249	1787824980294108160	-0.0015915446	-0.0001350767	0.0040128078
257.209401	1787824980396108032	0.0006667077	-0.0018368052	-0.0062570323
257.304415	1787824980492108032	-0.0004553180	-0.0011751065	-0.0000781822
257.399423	1787824980588108288	-0.0010013480	-0.0006215299	-0.0002793924
257.502007	1787824980690108416	0.0002155412	0.0014212314	0.0002572220
257.596651	1787824980786108160	-0.0010028777	-0.0019023532	0.0028379359
257.686364	1787824980873108224	-0.0012826350	0.0012953769	0.0033347881
257.792066	1787824980981108224	-0.0011909780	-0.0009425293	-0.0047496193
257.899765	1787824981089108224	-0.0023049026	0.0001532333	0.0002975233
258.004934	1787824981194108160	0.0015456102	0.0002627074	0.0005982976
258.102800	1787824981290108160	-0.0002670681	-0.0005461358	-0.0016924750
258.194235	1787824981383108096	-0.0008146557	-0.0000729054	0.0048990725
258.310642	1787824981500108288	-0.0005338421	0.0000616162	0.0022332193
258.393232	1787824981581107968	-0.0006710368	-0.0008954025	-0.0109296072
258.501253	1787824981689108224	0.0004190776	0.0000414856	0.0000362111
258.604629	1787824981794108160	-0.0006787335	0.0014413582	-0.0000549858
258.693093	1787824981881108224	0.0003881068	0.0003646184	-0.0002675284
258.798833	1787824981986108416	-0.0014721337	-0.0016343307	-0.0022948611
258.899436	1787824982088108288	-0.0013753713	0.0013613548	-0.0004340109
259.002896	1787824982190108416	0.0006807818	-0.0005181859	0.0036097419
259.099967	1787824982289108224	-0.0005361011	0.0003152016	0.0004097791
259.209851	1787824982397108224	-0.0008046319	-0.0007312819	0.0089747518
259.306394	1787824982493108224	-0.0000258913	0.0006087785	0.0008659349
259.397769	1787824982586108160	-0.0001483784	0.0012618150	0.0043565083
259.506511	1787824982694108160	0.0010376412	0.0009569634	-0.0086685441
259.603092	1787824982790108160	0.0000808879	0.0001965433	-0.0007468158
259.694380	1787824982883108096	0.0006230971	0.0000599094	0.0099668147
259.808446	1787824982997108224	-0.0007964118	-0.0008308545	-0.0005999133
259.898003	1787824983087108096	0.0003530639	-0.0012961201	0.0047245472
260.004819	1787824983192108032	0.0003369140	-0.0009897896	0.0051726071
260.090565	1787824983279108352	0.0008673361	0.0004607552	-0.0059456261
260.197140	1787824983384108288	-0.0008084956	0.0000537959	0.0070219477
260.303967	1787824983492108032	-0.0017204087	-0.0001610421	-0.0019580097
260.397775	1787824983585108224	-0.0004576629	0.0012500904	0.0049227219
260.509870	1787824983699108096	0.0003558308	-0.0005161427	-0.0011760302
260.588342	1787824983777108224	0.0003254705	0.0002126711	0.0047243434
260.692278	1787824983879108096	-0.0008122182	-0.0012584580	-0.0016516130
260.805368	1787824983993108224	-0.0007480922	-0.0000794205	-0.0012026640
260.897632	1787824984086108160	0.0014719724	-0.0013169837	-0.0001728591
261.006013	1787824984194108160	0.0006484087	0.0005757129	0.0024332899
261.093363	1787824984281108224	0.0009518813	-0.0004289201	0.0047905817
261.202345	1787824984389108224	0.0004108832	-0.0010587603	0.0010772705
261.293644	1787824984482108160	-0.0014538086	0.0002114456	0.0024143512
261.394551	1787824984584108032	-0.0003856213	-0.0002441901	0.0043970015
261.501642	1787824984689108224	-0.0006299046	-0.0003818400	-0.0019482054
261.599592	1787824984788108032	-0.0000235768	-0.0013170253	-0.0018372154
261.704634	1787824984893108224	-0.0000360905	0.0003687075	-0.0008374473
261.789108	1787824984977108224	0.0006808670	0.0003772884	-0.0013238821
261.910415	1787824985097108224	0.0006849177	-0.0010560300	-0.0031365784
262.001841	1787824985190108416	0.0016332319	0.0007374456	-0.0027832225
262.099713	1787824985289108224	0.0002426459	-0.0010049110	-0.0031890858
262.209860	1787824985397108224	0.0013281619	0.0004047958	-0.0035156731
262.303573	1787824985493108224	-0.0005403825	-0.0006499886	-0.0024254956
262.397404	1787824985586108160	-0.0016300844	-0.0002295652	-0.0015246099
262.501632	1787824985691108352	0.0007144141	-0.0013088926	-0.0031502019
262.610310	1787824985799108352	0.0014558765	-0.0002027548	0.0030034148
262.703816	1787824985892108288	0.0004296669	0.0006135005	0.0003392482
262.796285	1787824985985108224	0.0008062304	0.0003029919	0.0027940383
262.898782	1787824986087108096	0.0008650636	0.0000854679	-0.0005543765
262.992282	1787824986180108288	0.0002817332	0.0002101937	-0.0038032784
263.106153	1787824986294108160	-0.0003893014	0.0007069651	-0.0046416840
263.193538	1787824986381108224	-0.0012848429	0.0009013814	0.0016992296
263.302147	1787824986489108224	-0.0001413248	-0.0001009856	-0.0049100429
263.408207	1787824986597108224	0.0012292414	0.0009365226	0.0000819045
263.505615	1787824986693108224	0.0010225453	0.0011909826	0.0005026242
263.597622	1787824986786108160	-0.0006249375	0.0011395381	-0.0072357819
263.702588	1787824986891108352	0.0001748267	0.0015600634	0.0055326189
263.810231	1787824986999108352	-0.0017115165	0.0002116069	0.0012188799
263.900245	1787824987089108224	-0.0005559522	-0.0004377081	-0.0020818692
264.002589	1787824987191108352	-0.0001044139	0.0001819678	-0.0023664275
264.094361	1787824987281108224	-0.0002946329	0.0008172842	-0.0002934041
264.197140	1787824987386108160	0.0015992473	-0.0005069203	0.0007675934
264.300272	1787824987488108032	0.0001142578	-0.0011744283	0.0000630946
264.404948	1787824987593108224	-0.0001893599	0.0002101481	0.0021628454
264.498270	1787824987686108160	0.0002853342	0.0007472345	-0.0029039421
264.586863	1787824987776108288	-0.0012907063	-0.0000532878	0.0021077865
264.712680	1787824987902108160	-0.0028895064	0.0020701379	-0.0046159647
264.785593	1787824987974108160	0.0000885190	-0.0010258784	0.0006363617
264.903303	1787824988091108352	-0.0003493320	-0.0007819099	-0.0012063560
264.997279	1787824988184108288	-0.0003910448	0.0001937964	0.0021696863
265.100617	1787824988289108224	0.0006920362	-0.0000048330	-0.0013788302
265.203198	1787824988391108352	0.0004556633	-0.0002624988	0.0043389519
265.301774	1787824988490108160	0.0007656316	-0.0008497171	-0.0043133826
265.407145	1787824988595108352	-0.0015963455	0.0001348532	-0.0051411923
265.499726	1787824988688108288	-0.0008511620	0.0014519947	-0.0038914491
265.594983	1787824988784108288	-0.0005828894	-0.0001546648	0.0026911661
265.706185	1787824988895108096	-0.0005169514	0.0002945786	-0.0011953465
265.808524	1787824988997108224	-0.0013046758	-0.0010724336	-0.0016966849
265.903873	1787824989093108224	0.0003035283	-0.0009428082	0.0050437017
265.998017	1787824989186108160	0.0009477903	0.0006776384	0.0011855576
266.100309	1787824989288108032	0.0002153312	-0.0003094459	-0.0033200453
266.205446	1787824989393108224	-0.0006369939	-0.0010621264	-0.0016451847
266.300478	1787824989489108224	0.0005529014	-0.0009645851	0.0022566529
266.391771	1787824989579108352	0.0002186391	-0.0006822864	0.0013783879
266.501621	1787824989690108416	-0.0000594842	0.0000283438	0.0019615174
266.595786	1787824989783108352	0.0001327484	0.0008680168	0.0017432832
266.695358	1787824989882108160	-0.0000877497	0.0014610262	-0.0045000539
266.799815	1787824989987108352	-0.0017657166	-0.0002645167	-0.0001015284
266.906345	1787824990095108352	0.0009132717	0.0003289224	-0.0044006704
266.996515	1787824990185108224	-0.0013814893	-0.0005232089	-0.0015303492
267.097816	1787824990287108096	0.0001422915	0.0003379074	0.0015455630
267.204968	1787824990392108288	-0.0000460600	0.0000702063	0.0006215857
267.298955	1787824990488108032	-0.0007799483	-0.0008731903	0.0016950238
267.401893	1787824990590108160	-0.0004162984	0.0001330995	0.0043523392
267.504649	1787824990692108032	0.0005181788	-0.0001456354	0.0036365774
267.590487	1787824990779108352	0.0008507124	0.0002288417	0.0024140755
267.699942	1787824990887108096	-0.0011807352	0.0005215602	0.0049472323
267.797250	1787824990986108416	0.0010501720	0.0006320425	0.0043324493
267.899365	1787824991088108288	-0.0008469797	-0.0005977269	-0.0021614372
268.001790	1787824991190108416	-0.0006535507	0.0014586831	0.0034021485
268.099156	1787824991286108160	-0.0006597761	0.0005996943	0.0053521409
268.196582	1787824991385108224	-0.0017902599	-0.0006396430	-0.0022481001
268.312164	1787824991499108352	0.0005110105	0.0004408373	0.0016986664
268.401195	1787824991589108224	-0.0008305703	0.0016060787	0.0023728524
268.496299	1787824991685108224	-0.0001837055	-0.0009088273	-0.0003977880
268.596595	1787824991784108288	-0.0008080806	-0.0015746725	0.0010966195
268.692456	1787824991880108032	-0.0001694862	0.0005912565	0.0031123716
268.799285	1787824991988108032	0.0005839676	-0.0002219606	0.0047085334
268.903887	1787824992093108224	0.0000549793	0.0005189773	0.0023082485
269.000799	1787824992189108224	-0.0007136683	-0.0014766499	-0.0017725322
269.101033	1787824992288108032	0.0018604720	0.0004278003	0.0035577750
269.195813	1787824992384108288	0.0000695246	-0.0000305283	0.0033386341
269.300744	1787824992489108224	-0.0000156051	-0.0001924601	-0.0006352616
269.402097	1787824992591108352	-0.0010201633	-0.0000435572	-0.0037421002
269.501774	1787824992690108416	0.0009980858	0.0007993929	-0.0010390489
269.606590	1787824992795108352	-0.0005916228	0.0008782216	-0.0034300211
269.705712	1787824992894108416	0.0001421359	0.0000324226	-0.0005887662
269.804166	1787824992993108224	-0.0000968648	0.0014645731	0.0009891733
269.901972	1787824993089108224	0.0012817201	0.0013827267	-0.0042720134
270.001441	1787824993188108288	0.0000676346	0.0013194420	0.0031565708
270.099947	1787824993287108096	0.0001808759	-0.0006835274	-0.0035188085
270.207507	1787824993395108096	0.0000149560	-0.0008244347	-0.0006181894
270.303450	1787824993491108096	0.0007135136	0.0007274694	-0.0004680872
270.402872	1787824993590108160	0.0004251941	-0.0006891176	-0.0050618252
270.498523	1787824993686108160	0.0004320182	0.0006581515	0.0002832399
270.590599	1787824993779108352	0.0022197636	-0.0003025610	-0.0044787633
270.694478	1787824993881108224	0.0014644185	-0.0008980577	-0.0001736154
270.808645	1787824993998108160	-0.0001221235	0.0006446008	-0.0042380921
270.907342	1787824994094108160	-0.0009575427	0.0000581464	-0.0023590315
271.013400	1787824994202108160	0.0000757416	-0.0003861017	-0.0050277999
271.105395	1787824994292108288	-0.0009591725	0.0019752480	-0.0022561837
271.199765	1787824994388108288	-0.0012495561	-0.0003121698	-0.0008108644
271.304854	1787824994493108224	-0.0012367037	0.0000576088	0.0032808604
271.389917	1787824994577108224	-0.0010694334	-0.0002250140	-0.0047920142
271.496994	1787824994685108224	-0.0013299550	-0.0002024623	-0.0030655993
271.593609	1787824994781108224	0.0007036865	0.0005467928	0.0030209727
271.699306	1787824994886108160	-0.0002993128	0.0007482018	-0.0020088474
271.798191	1787824994985108224	0.0015886068	0.0002219762	-0.0005549730
271.898164	1787824995087108096	0.0006205279	0.0003102139	0.0042949762
272.006413	1787824995195108096	-0.0000189412	-0.0007766924	0.0042917922
272.097922	1787824995285107968	0.0010502426	0.0000222760	-0.0021839881
272.202287	1787824995390108160	0.0009960009	-0.0023831400	-0.0010685381
272.300624	1787824995489108224	-0.0010322670	0.0007509598	-0.0011370289
272.406790	1787824995594108160	-0.0002358864	-0.0000100638	-0.0035226190
272.512520	1787824995702108160	-0.0003813685	0.0007815888	0.0051336484
272.618474	1787824995807108096	0.0005471939	0.0009372086	-0.0034683301
272.691929	1787824995879108096	-0.0000994333	-0.0002799082	0.0001597770
272.810952	1787824995999108352	-0.0005737547	-0.0008178790	-0.0019858097
272.901631	1787824996089108224	-0.0000203692	0.0010233695	-0.0025765768
272.998125	1787824996185108224	0.0004184979	0.0011260653	-0.0033978445
273.097656	1787824996287108096	0.0010162364	0.0010474196	0.0016600894
273.196420	1787824996383108096	0.0002976661	-0.0011498957	-0.0013556548
273.287930	1787824996476108288	0.0000338051	0.0009669791	-0.0038571122
273.398562	1787824996587108096	-0.0009605474	0.0006378855	-0.0058150792
273.491230	1787824996680108288	-0.0006161715	0.0016289606	-0.0008347606
273.608233	1787824996797108224	-0.0002982047	-0.0001933404	0.0023737584
273.693343	1787824996881108224	-0.0006518310	-0.0001630877	0.0069960293
273.802611	1787824996992108032	-0.0015671616	-0.0004439473	0.0047135999
273.886814	1787824997076108288	-0.0010479991	0.0005653800	0.0029580490
274.002135	1787824997190108416	-0.0006282856	0.0010857220	-0.0054403693
274.101839	1787824997289108224	-0.0006807954	-0.0005531446	0.0003952016
274.193213	1787824997382108160	0.0004700430	-0.0003027633	0.0062224042
274.293201	1787824997481108224	-0.0000077650	-0.0002016193	0.0002380213
274.410225	1787824997598108416	0.0004036743	-0.0010896101	0.0025713530
274.500823	1787824997688108288	-0.0016900845	-0.0003476936	-0.0020820625
274.596989	1787824997784108288	-0.0006986631	0.0004112675	0.0040695285
274.703983	1787824997892108288	0.0002218616	0.0010676902	0.0012687397
274.799597	1787824997988108032	-0.0004678656	-0.0005505684	-0.0053014115
274.898782	1787824998087108096	0.0005178747	0.0007662119	0.0039148299
275.000990	1787824998189108224	-0.0000555535	0.0003457416	-0.0022114885
275.099988	1787824998288108032	-0.0001603976	-0.0002202936	-0.0045657422
275.197927	1787824998387108096	-0.0015482489	0.0006021020	-0.0041517194
275.292642	1787824998480108288	-0.0002341889	-0.0000648712	-0.0011674282
275.403422	1787824998591108352	0.0009986574	-0.0014575648	-0.0053231122
275.502031	1787824998690108416	-0.0006158275	0.0005687879	0.0029974810
275.597678	1787824998786108160	0.0009264639	-0.0002275317	0.0001462222
275.706710	1787824998894108416	0.0000975136	-0.0005459670	0.0000536298
275.804431	1787824998993108224	0.0001483887	-0.0007377652	0.0028682905
275.904366	1787824999092108288	-0.0023171545	0.0011714075	0.0003465807
276.003888	1787824999191108352	-0.0003225168	-0.0011566292	-0.0023091826
276.105542	1787824999293108224	-0.0002838487	-0.0003536681	0.0023012561
276.197372	1787824999386108160	-0.0000190621	-0.0001633589	-0.0022080439
276.301118	1787824999488108032	-0.0006741243	-0.0016797696	-0.0016848937
276.404135	1787824999593108224	0.0000606178	-0.0002099262	-0.0060978782
276.504867	1787824999692108032	0.0002142640	-0.0005913380	-0.0006572719
276.607220	1787824999794108160	0.0003564720	0.0017110440	-0.0015355707
276.696882	1787824999884108288	-0.0006409918	-0.0010146884	-0.0002261530
276.802723	1787824999992108032	-0.0007095603	0.0003616827	-0.0026338039
276.895309	1787825000082108160	0.0001600800	-0.0003196093	-0.0033742959
277.001441	1787825000190108416	0.0006636937	0.0000739246	-0.0026791222
277.107116	1787825000295108352	0.0015139734	0.0012800688	0.0018531951
277.198267	1787825000385108224	-0.0003121919	-0.0005007938	0.0027982882
277.300518	1787825000490108160	-0.0002299692	-0.0015172753	-0.0021420844
277.391511	1787825000580108288	-0.0012919790	-0.0010499281	0.0043746450
277.506630	1787825000694108160	-0.0003837412	0.0001776917	0.0036333748
277.598980	1787825000787108096	-0.0007608335	-0.0002544367	-0.0043553524
277.702341	1787825000889108224	-0.0006886665	0.0014163369	-0.0036568618
277.795749	1787825000985108224	-0.0002473425	-0.0008623726	-0.0009614104
277.897966	1787825001087108096	-0.0001117442	0.0008882635	-0.0007005505
278.006077	1787825001195108096	-0.0003477275	-0.0002547781	0.0038648010
278.096198	1787825001285107968	0.0005637541	0.0000932170	0.0018527666
278.205244	1787825001393108224	-0.0011312153	0.0013083207	-0.0050007545
278.309096	1787825001498108160	-0.0009330787	0.0008398218	-0.0057994721
278.409391	1787825001597108224	0.0002789827	-0.0006094055	-0.0034028724
278.489887	1787825001678108160	0.0004557118	-0.0011853609	-0.0007911239
278.598260	1787825001786108160	-0.0013892408	-0.0000869278	0.0024633368
278.696457	1787825001885108224	0.0005629436	-0.0003551281	-0.0002528901
278.801800	1787825001990108160	0.0007284224	-0.0000270717	-0.0050904447
278.902875	1787825002092108288	0.0002775133	-0.0023197542	0.0005925929
279.003817	1787825002191108352	0.0001581307	-0.0014846883	0.0025829116
279.097927	1787825002287108096	-0.0000905615	-0.0002747364	0.0040530873
279.214394	1787825002401108224	-0.0014951116	0.0006315835	0.0002834733
279.295263	1787825002482108160	0.0005849746	-0.0005046111	-0.0016902540
279.394297	1787825002581107968	0.0005184470	0.0012074019	0.0024694637
279.500931	1787825002689108224	0.0015236128	-0.0009745611	-0.0001380461
279.601869	1787825002791108096	0.0020219426	-0.0008023702	-0.0077193927
279.687391	1787825002875108352	-0.0005559778	0.0000501977	0.0013903490
279.808080	1787825002995108096	0.0006436496	-0.0004141133	-0.0037873374
279.903589	1787825003091108352	-0.0004855273	0.0003366334	-0.0026912825
279.998773	1787825003187108352	0.0010654185	-0.0002537223	0.0023097367
280.092907	1787825003280108288	-0.0005207146	-0.0003457126	0.0011846068
280.200012	1787825003388108288	-0.0007629239	0.0009405755	0.0028013518
280.289597	1787825003478108160	-0.0001571077	0.0000064632	0.0029016255
280.395846	1787825003583108096	-0.0008525336	-0.0009623095	-0.0024580561
280.497308	1787825003685108224	-0.0002056250	-0.0006117895	0.0035129252
280.609821	1787825003799108352	0.0001525469	0.0000276559	0.0037180175
280.701972	1787825003889108224	0.0001187288	0.0003245198	-0.0008864326
280.810951	1787825004000108288	-0.0000161450	0.0001998055	-0.0052930679
280.894676	1787825004084108032	0.0012492399	-0.0003070624	-0.0019869166
280.994738	1787825004183108096	0.0005654183	-0.0008145697	-0.0068847441
281.095272	1787825004282108416	0.0006821366	0.0000366932	-0.0004571637
281.200772	1787825004390108160	-0.0004056830	0.0014362717	-0.0063800702
281.302961	1787825004492108032	-0.0006921461	-0.0002770075	0.0015818405
281.407915	1787825004597108224	-0.0006782539	-0.0007310168	0.0052431492
281.499053	1787825004687108352	0.0008571112	0.0009038550	0.0046197413
281.604049	1787825004792108288	-0.0001382252	0.0001361870	-0.0019004010
281.707366	1787825004894108416	-0.0004509932	0.0001968500	0.0002515415
281.804586	1787825004993108224	-0.0008518920	-0.0006984627	0.0041837679
281.893854	1787825005083108096	-0.0002187806	0.0008724486	-0.0040077180
282.003585	1787825005191108352	0.0001913717	0.0001665399	0.0035639527
282.102052	1787825005290108160	0.0010460413	-0.0000420841	-0.0061784777
282.202664	1787825005392108288	0.0007938295	-0.0014793270	0.0000376606
282.300444	1787825005488108032	-0.0014561989	-0.0009397088	0.0029847940
282.385445	1787825005572108288	-0.0019671068	0.0000979876	-0.0041191073
282.508900	1787825005698108160	0.0006500130	0.0007694146	-0.0038817533
282.607680	1787825005797108224	0.0012580243	-0.0000538948	0.0005330566
282.699265	1787825005887108096	0.0005307088	-0.0006841783	0.0025421252
282.794545	1787825005983108352	-0.0000354504	0.0002975747	0.0022615274
282.893802	1787825006082108160	-0.0015051980	0.0003878825	-0.0016057518
283.003467	1787825006190108416	-0.0019337380	0.0007532673	-0.0032327135
283.100555	1787825006289108224	-0.0008430911	0.0001179709	-0.0028694419
283.195298	1787825006382108160	0.0008236908	0.0008237141	-0.0042015720
283.297662	1787825006487108352	0.0010153597	0.0007926108	0.0007971067
283.399578	1787825006589108224	0.0006467528	0.0005589724	-0.0038017290
283.501831	1787825006691108352	-0.0006609974	0.0006336832	0.0004663488
283.593188	1787825006781108224	-0.0004231152	0.0002059081	-0.0010835868
283.700476	1787825006889108224	0.0007882490	0.0013619453	0.0011015006
283.802716	1787825006991108096	-0.0000409107	-0.0003427189	0.0089626719
283.892583	1787825007081107968	-0.0009156362	-0.0018270793	-0.0101314874
284.001767	1787825007189108224	0.0001996267	0.0006121581	-0.0008181269
284.110214	1787825007297108224	0.0003602990	-0.0007515588	-0.0034149258
284.183887	1787825007372108288	0.0007195384	0.0007519085	-0.0051934991
284.298670	1787825007486108416	0.0004746528	-0.0002103606	0.0010313633
284.403331	1787825007591108352	-0.0005606953	-0.0011374261	0.0037570750
284.507887	1787825007696108032	-0.0005507232	0.0008536880	-0.0008579516
284.612574	1787825007801108224	-0.0021939743	0.0001473146	-0.0048520052
284.698179	1787825007885108224	-0.0020840993	0.0021373470	0.0062046308
284.800216	1787825007987108352	0.0001483282	0.0002977730	-0.0019694222
284.900745	1787825008089108224	-0.0000903488	0.0010860758	-0.0058533375
284.991753	1787825008179108096	-0.0011095859	0.0004190363	-0.0001408126
285.095087	1787825008284108288	0.0002144757	0.0006764938	-0.0002968922
285.200605	1787825008389108224	0.0003955934	0.0012840974	-0.0018586334
285.311024	1787825008500108288	0.0002572443	-0.0007715980	0.0026363850
285.395261	1787825008584108032	0.0003151814	-0.0007403675	0.0046492658
285.501811	1787825008689108224	-0.0007045046	-0.0008402433	-0.0001865495
285.593646	1787825008782108416	0.0006976282	0.0012104553	0.0040840699
285.698992	1787825008887108096	0.0004795337	0.0005163211	-0.0008739769
285.788353	1787825008977108224	-0.0018588594	0.0007642237	-0.0043056624
285.899731	1787825009088108288	-0.0002942159	-0.0002278118	0.0025893230
286.005469	1787825009193108224	-0.0012525791	0.0015474238	-0.0015206004
286.096334	1787825009283108352	-0.0002217061	-0.0008177277	-0.0030648389
286.197822	1787825009385108224	-0.0007237562	0.0010396767	0.0012858373
286.306673	1787825009496108288	-0.0000659822	-0.0003542343	-0.0052861609
286.393653	1787825009583108096	-0.0005163543	-0.0006829825	-0.0032339423
286.486301	1787825009673108224	-0.0011927938	-0.0004747198	-0.0018458930
286.599948	1787825009787108096	0.0005035522	-0.0003944153	-0.0009909703
286.697607	1787825009886108160	0.0009172029	-0.0004337427	0.0010435328
286.802305	1787825009991108096	-0.0000428409	-0.0005727822	-0.0017034858
286.900233	1787825010087108096	0.0001443757	0.0002968374	-0.0044263443
287.003380	1787825010192108032	-0.0003739629	-0.0000068870	-0.0001038987
287.102286	1787825010291108096	-0.0000917225	-0.0005902898	0.0004583424
287.205444	1787825010393108224	0.0005584272	0.0007336626	0.0045946636
287.310293	1787825010498108160	0.0008832395	0.0020711487	-0.0041953323
287.407603	1787825010597108224	0.0006868885	-0.0006044682	0.0013537498
287.507155	1787825010696108032	0.0001092048	0.0005761433	-0.0017996993
287.603220	1787825010792108288	0.0018645637	0.0006207133	-0.0005254730
287.694111	1787825010882108160	0.0001158856	0.0012653989	0.0070929235
287.802134	1787825010990108160	-0.0011088302	-0.0009880172	-0.0057153574
287.898004	1787825011086108160	-0.0002939325	-0.0018217165	0.0021576894
288.003470	1787825011191108352	-0.0014946423	-0.0007420755	-0.0071410457
288.097103	1787825011284108288	0.0007804039	0.0006227323	-0.0027514000
288.198798	1787825011386108160	0.0000047846	-0.0002048436	-0.0003847493
288.291881	1787825011479108096	-0.0005448914	0.0008115666	0.0042776458
288.394450	1787825011581107968	0.0015199231	0.0001166997	-0.0019738938
288.490928	1787825011680108288	0.0006088133	-0.0010238605	-0.0018342913
288.605550	1787825011794108160	-0.0002911657	-0.0001083696	-0.0030785596
288.694932	1787825011884108288	0.0000463929	-0.0011351937	-0.0049800808
288.800258	1787825011989108224	0.0007474891	0.0006698083	-0.0048644532
288.899092	1787825012088108288	-0.0004835197	0.0009232557	-0.0015230500
288.991994	1787825012181108224	-0.0006980565	-0.0009114957	0.0002743817
289.101559	1787825012289108224	-0.0008778891	-0.0010047099	-0.0024727636
289.202216	1787825012391108352	0.0002393906	-0.0010756304	-0.0015884568
289.294869	1787825012484108288	-0.0000886521	-0.0003649980	-0.0008530395
289.406255	1787825012595108352	-0.0014657982	0.0019221048	-0.0065907624
289.504004	1787825012691108352	0.0002081048	0.0001138676	0.0009782590
289.601076	1787825012790108160	0.0006813059	0.0008786309	-0.0057981988
289.696926	1787825012886108160	-0.0001652019	-0.0010062787	-0.0000742835
289.796393	1787825012985108224	-0.0006876541	0.0002837120	-0.0035354892
289.910781	1787825013099108096	0.0000544691	-0.0014519123	-0.0045539237
290.005739	1787825013195108096	-0.0005184352	0.0011512819	-0.0024301928
290.096311	1787825013285107968	-0.0004962097	-0.0005823840	-0.0035403849
290.196035	1787825013384108288	-0.0007133131	-0.0016274942	0.0010380222
290.297139	1787825013486108416	0.0002465801	0.0012873084	-0.0036933149
290.407021	1787825013594108160	0.0006116155	-0.0006717256	-0.0080885141
290.505848	1787825013693108224	0.0016872159	0.0008804303	0.0001322694
290.606784	1787825013795108352	-0.0001205681	-0.0020206214	0.0013195564
290.692036	1787825013879108096	-0.0007666186	0.0017358934	0.0002097841
290.798479	1787825013987108352	-0.0002515265	0.0006629336	0.0009407161
290.902105	1787825014089108224	-0.0002393467	0.0006197120	0.0007559210
291.003748	1787825014191108352	-0.0004087129	0.0004636732	-0.0010900230
291.097496	1787825014284108288	-0.0002528770	0.0005021871	-0.0067842036
291.198843	1787825014386108160	-0.0009817278	0.0003586736	0.0009562078
291.302685	1787825014491108096	-0.0008428953	-0.0019859703	0.0012636829
291.397514	1787825014587108096	-0.0017037038	0.0008344763	0.0064565918
291.504032	1787825014692108032	-0.0006152108	-0.0006106801	-0.0056700520
291.608718	1787825014797108224	-0.0010383993	-0.0012415755	-0.0022551111
291.686535	1787825014875108352	0.0006945464	-0.0008924493	-0.0012174058
291.796754	1787825014986108416	-0.0005523113	0.0003275008	-0.0037459925
291.904695	1787825015094108160	0.0002985626	-0.0001796911	-0.0012231426
291.992679	1787825015181108224	0.0020169855	-0.0005764900	0.0037891489
292.103848	1787825015292108288	-0.0004365811	0.0005402905	0.0001836535
292.201455	1787825015388108288	0.0006230707	0.0003159400	0.0018674276
292.305307	1787825015493108224	0.0007764004	-0.0007871177	-0.0003703524
292.399215	1787825015586108160	0.0014633424	-0.0006773137	-0.0031019801
292.490301	1787825015679108096	0.0013980490	-0.0011387157	0.0022464091
292.605161	1787825015793108224	-0.0019221299	0.0003679752	-0.0046004471
292.693516	1787825015883108096	-0.0007215176	-0.0006437101	0.0037709130
292.795302	1787825015982108160	-0.0003230317	0.0002755983	0.0011763916
292.903899	1787825016093108224	-0.0016569572	-0.0003130013	0.0037575716
293.007499	1787825016195108096	-0.0011466427	0.0001214772	0.0001720620
293.104742	1787825016294108160	-0.0016257987	-0.0000758412	0.0065274622
293.201501	1787825016390108160	0.0017003915	-0.0000710678	0.0000471776
293.300437	1787825016489108224	-0.0002273812	0.0003937144	-0.0017838363
293.396435	1787825016585108224	-0.0015322403	-0.0000931700	-0.0018311745
293.498967	1787825016687108352	0.0007279276	-0.0001545241	-0.0001202895
293.602887	1787825016792108288	0.0010780802	-0.0003213948	-0.0064165310
293.700022	1787825016888108288	-0.0003070586	0.0020653217	0.0077698349
293.798049	1787825016987108352	0.0000008933	0.0007473634	0.0016001657
293.893841	1787825017083108096	0.0006384778	-0.0005547213	-0.0014855859
293.993506	1787825017182108160	-0.0004997546	-0.0007019512	-0.0034019568
294.098611	1787825017287108096	0.0010591154	0.0019376569	0.0058971187
294.209782	1787825017398108160	-0.0011786448	0.0007560726	-0.0012497329
294.309553	1787825017497108224	-0.0002327588	0.0000149333	0.0007103560
294.392565	1787825017581107968	0.0008268987	0.0014944008	-0.0036261844
294.500889	1787825017689108224	-0.0020070364	0.0021717151	-0.0073130439
294.604477	1787825017791108096	-0.0010262627	-0.0004214036	0.0029038861
294.699123	1787825017887108096	-0.0000597693	0.0009325229	-0.0035638683
294.797093	1787825017986108416	-0.0001197808	0.0001111827	0.0029844977
294.897992	1787825018085108224	0.0003381008	-0.0010991504	-0.0047291954
294.998032	1787825018187108352	0.0000937954	-0.0012603587	0.0010821024
295.103987	1787825018292108288	0.0002496087	-0.0006865945	-0.0041058560
295.198340	1787825018385108224	-0.0016261541	-0.0008681078	0.0007317080
295.292660	1787825018481108224	0.0003782395	-0.0003850863	-0.0016375499
295.389064	1787825018577108224	0.0007824903	-0.0000887864	0.0039092592
295.508634	1787825018697108224	-0.0010000680	0.0003112483	0.0028247934
295.601334	1787825018790108160	0.0000315113	0.0033389720	-0.0061088979
295.704015	1787825018892108288	-0.0013531695	0.0000312909	-0.0080553990
295.796210	1787825018985108224	0.0007063233	-0.0001093320	-0.0023256251
295.901198	1787825019090108160	0.0002420790	-0.0004328874	0.0020683373
296.007539	1787825019195108096	-0.0007265313	0.0004837220	-0.0015383256
296.100796	1787825019288108032	-0.0013611324	-0.0003530806	-0.0071757717
296.198251	1787825019387108096	-0.0004841150	0.0003149398	-0.0044140428
296.286990	1787825019474108160	0.0009908999	0.0003905075	-0.0044269756
296.393482	1787825019582108160	0.0012581882	-0.0000816750	-0.0019989230
296.492953	1787825019681108224	-0.0004184353	0.0005407398	0.0001808203
296.606109	1787825019795108352	0.0010561596	-0.0015092017	-0.0004730278
296.699591	1787825019888108288	-0.0006620582	0.0002103432	-0.0036099161
296.800257	1787825019987108352	-0.0000970540	0.0008444889	0.0033964932
296.896137	1787825020083108096	-0.0005928346	0.0005113519	0.0031834958
297.006800	1787825020194108160	-0.0007199171	-0.0007048871	0.0041480720
297.099404	1787825020287108096	0.0013038570	0.0012064619	-0.0024733349
297.206706	1787825020395108096	0.0005143605	-0.0028177743	-0.0005009453
297.285327	1787825020473108224	0.0008981236	-0.0003747867	0.0040672633
297.399048	1787825020587108096	-0.0009342421	0.0002824724	0.0042307093
297.499863	1787825020689108224	-0.0003804107	0.0005973030	-0.0009113284
297.600639	1787825020788108032	-0.0007721312	0.0002950856	-0.0017326107
297.701292	1787825020890108160	-0.0016397175	-0.0016585794	-0.0026441952
297.795471	1787825020983108352	-0.0004269138	-0.0007269954	-0.0031797548
297.908330	1787825021097108224	0.0001105223	0.0012362947	0.0013549388
297.995534	1787825021184108288	-0.0004993973	-0.0004888480	0.0001386638
298.102791	1787825021292108288	0.0001803561	-0.0001847180	-0.0004182099
298.202877	1787825021391108352	-0.0001409456	0.0005796378	-0.0048711843
298.301647	1787825021490108160	-0.0005100542	0.0000484644	0.0028280593
298.393476	1787825021580108288	0.0002017406	-0.0012853661	-0.0021950273
298.494639	1787825021682108160	-0.0005440504	-0.0013398343	-0.0010255990
298.609073	1787825021796108288	-0.0006778920	0.0023473722	0.0015565862
298.712144	1787825021901108224	-0.0011266349	-0.0004072150	-0.0015304461
298.812242	1787825022000108288	-0.0011794073	-0.0006333407	0.0009469119
298.890204	1787825022078108416	0.0007027907	-0.0004100186	0.0057934984
299.007093	1787825022195108096	0.0012887212	-0.0009060712	-0.0015400964
299.097018	1787825022285107968	-0.0004503211	-0.0006829603	0.0015566449
299.198758	1787825022387108096	-0.0005980079	-0.0004519506	0.0043949007
299.306005	1787825022495108096	0.0008145782	0.0012644740	-0.0005286774
299.405447	1787825022594108160	-0.0010837964	-0.0003046696	-0.0036830602
299.495186	1787825022684108288	-0.0005542882	-0.0004413015	-0.0021662470
299.601998	1787825022789108224	-0.0012673766	0.0006919546	0.0017883809
299.695992	1787825022885108224	0.0001884940	-0.0008159657	-0.0018840470
299.799393	1787825022987108352	-0.0015066132	-0.0005519857	-0.0021708470
299.899031	1787825023086108160	-0.0000390550	0.0001123182	-0.0053569757
300.014999	1787825023203108352	0.0005820398	0.0003949814	0.0046072595
300.100792	1787825023290108160	-0.0005498071	-0.0020898036	-0.0006154693
300.197795	1787825023386108160	0.0008597033	0.0004078108	-0.0001818757
300.299109	1787825023488108032	0.0014707873	0.0002284838	0.0010213884
300.404294	1787825023593108224	-0.0017198589	0.0007818902	0.0011530054
300.500928	1787825023689108224	-0.0003449824	-0.0005425873	-0.0008085127
300.593767	1787825023782108416	0.0004920282	-0.0004318582	0.0006253250
300.701071	1787825023890108160	-0.0000672858	0.0011830191	-0.0007702451
300.803746	1787825023992108032	-0.0005600401	-0.0014180819	0.0048650168
300.895374	1787825024082108160	0.0004112046	0.0009096625	0.0000344666
301.008675	1787825024196108032	0.0012922276	0.0013608383	-0.0053232360
301.098647	1787825024286108160	0.0003324249	-0.0010484154	0.0030037280
301.198400	1787825024385108224	0.0007809003	0.0000549813	-0.0031495530
301.303284	1787825024490108160	-0.0004082368	-0.0005094595	0.0008412596
301.412704	1787825024601108224	0.0001960090	0.0006451921	-0.0002708791
301.496808	1787825024685108224	0.0018150275	0.0006826234	-0.0012276477
301.596629	1787825024784108288	0.0007202807	-0.0010191457	0.0005807017
301.705614	1787825024895108096	-0.0003963638	-0.0009592958	-0.0042338525
301.809893	1787825024997108224	-0.0010449569	-0.0004911672	-0.0020284145
301.905119	1787825025093108224	-0.0003002761	0.0004456241	0.0013366529
302.008527	1787825025198108160	-0.0000287930	0.0002722723	-0.0016325439
302.105866	1787825025294108160	-0.0007650236	-0.0001707521	-0.0070008655
302.203715	1787825025393108224	0.0008620304	0.0006316350	-0.0042010852
302.291672	1787825025480108288	-0.0009418295	-0.0020335759	0.0041381642
302.403324	1787825025591108352	-0.0017330119	0.0000482283	-0.0032193523
302.495156	1787825025684108288	0.0004694454	0.0006830589	-0.0028090418
302.595369	1787825025783108352	-0.0014320606	-0.0009197847	0.0046032322
302.703303	1787825025891108352	-0.0006634780	-0.0005086443	-0.0011808134
302.793466	1787825025981108224	-0.0018148204	-0.0013175879	0.0052822456
302.895878	1787825026083108096	-0.0002975550	0.0008780898	0.0024709627
302.993864	1787825026182108160	-0.0007443157	-0.0002345515	-0.0008444120
303.086000	1787825026275108096	-0.0009068908	-0.0012026217	0.0072142857
303.195359	1787825026383108096	0.0017437728	0.0000997795	0.0052050897
303.305923	1787825026494108160	0.0007163492	0.0000948949	0.0046603474
303.398733	1787825026587108096	0.0010649060	-0.0008083591	-0.0001845836
303.502056	1787825026689108224	0.0003041426	0.0006357734	-0.0076425775
303.594366	1787825026782108416	0.0001381986	-0.0001044450	0.0017687295
303.706692	1787825026896108032	0.0008976012	0.0005646059	-0.0065736828
303.790651	1787825026980108288	0.0004999946	-0.0010090339	0.0092479174
303.902452	1787825027091108352	-0.0001870339	-0.0007588049	-0.0050205616
303.993444	1787825027181108224	-0.0003255126	-0.0002334288	-0.0027167310
304.084557	1787825027274108160	-0.0006024811	0.0008291925	0.0015560488
304.189978	1787825027379108096	0.0016486818	-0.0000647450	0.0074342609
304.304283	1787825027493108224	0.0001806994	-0.0012272334	-0.0104970958
304.398830	1787825027586108160	0.0011750846	-0.0004989864	-0.0009150303
304.506252	1787825027694108160	0.0009376167	-0.0017171753	-0.0027672220
304.591175	1787825027778108160	0.0002860069	0.0005833231	-0.0079332117
304.695464	1787825027883108096	-0.0005184403	-0.0002119251	-0.0052938100
304.803808	1787825027991108096	0.0004589469	0.0001265618	-0.0005071846
304.904102	1787825028093108224	-0.0002522738	-0.0005070897	0.0000311693
304.993970	1787825028183108096	-0.0005906428	0.0002591323	0.0042599209
305.101308	1787825028288108032	-0.0015703040	-0.0011388083	0.0009733094
305.199509	1787825028387108096	-0.0019996640	-0.0002609804	-0.0018423952
305.291507	1787825028480108288	-0.0000928097	-0.0014781499	0.0022067946
305.394434	1787825028582108160	-0.0005804349	-0.0000338405	0.0003844309
305.504700	1787825028693108224	0.0002891780	-0.0011871816	-0.0017347324
305.607442	1787825028795108352	-0.0006400589	-0.0006334883	-0.0040514132
305.706469	1787825028894108416	0.0003538283	0.0018324569	0.0012309119
305.794883	1787825028984108288	0.0003148976	-0.0006119466	0.0050063921
305.897648	1787825029086108160	-0.0009854810	-0.0002419722	0.0028714124
305.995958	1787825029185108224	0.0009981949	0.0005430353	-0.0050214779
306.103478	1787825029290108160	-0.0008622375	0.0014798613	-0.0027316988
306.197144	1787825029386108160	-0.0008409750	-0.0016108200	0.0041040458
306.304271	1787825029491108096	0.0011825821	-0.0002507724	-0.0011790190
306.398550	1787825029587108096	-0.0002309827	0.0005554261	0.0027485763
306.503325	1787825029692108032	-0.0006004534	0.0010126804	0.0040337375
306.598606	1787825029788108032	-0.0006282910	0.0003510752	0.0005196376
306.701245	1787825029890108160	-0.0006692931	0.0004555270	0.0041845791
306.806512	1787825029995108096	0.0001056020	-0.0006239598	-0.0022556366
306.906248	1787825030094108160	0.0009383789	0.0009329946	-0.0019533599
307.000781	1787825030190108416	-0.0008642476	0.0013438182	0.0009171482
307.106399	1787825030295108352	-0.0007347768	0.0000652642	0.0015925877
307.191782	1787825030379108096	-0.0011314860	0.0007004924	0.0001876226
307.294844	1787825030484108288	0.0014278109	0.0007015533	-0.0007719219
307.394813	1787825030583108096	0.0002086657	-0.0001103510	-0.0060513791
307.509932	1787825030697108224	0.0002331783	-0.0005940030	0.0004181785
307.600706	1787825030790108160	0.0006381155	0.0005695722	0.0038230970
307.703288	1787825030892108288	-0.0003777194	-0.0003606405	0.0008547014
307.788663	1787825030976108288	0.0008610092	0.0004985243	-0.0009093430
307.900700	1787825031090108160	-0.0003048879	0.0000017022	0.0050158684
307.995337	1787825031183108096	-0.0006512426	0.0004019312	-0.0000443799
308.103177	1787825031291108096	-0.0002267836	0.0004221000	-0.0058474829
308.199955	1787825031387108096	-0.0014496257	-0.0006325487	-0.0044922127
308.305519	1787825031495108096	-0.0001941779	-0.0006232244	-0.0016051344
308.396764	1787825031585108224	0.0000648536	0.0001103081	-0.0095324418
308.499794	1787825031687108352	0.0005211873	-0.0006224421	-0.0000438185
308.595514	1787825031783108352	-0.0002605227	0.0001621584	0.0038619917
308.690777	1787825031879108096	-0.0000658622	-0.0005670566	0.0010773893
308.815405	1787825032002108160	0.0001319951	0.0002814187	-0.0011588512
308.901234	1787825032089108224	0.0001275667	0.0013902325	0.0009893515
309.003147	1787825032191108352	0.0008364952	0.0010137514	0.0039960635
309.093399	1787825032281108224	0.0002607634	-0.0013078893	0.0047287701
309.207098	1787825032395108096	-0.0012853943	-0.0000717942	-0.0022278095
309.306250	1787825032494108160	-0.0000385780	0.0012145593	-0.0061515310
309.399863	1787825032587108096	0.0007487286	0.0002251304	0.0047498207
309.499947	1787825032689108224	-0.0003601027	-0.0000315894	-0.0052100848
309.599771	1787825032788108032	-0.0013204463	0.0002186258	-0.0026309267
309.700273	1787825032887108096	-0.0004695272	-0.0000135439	-0.0000296369
309.788244	1787825032977108224	-0.0006325654	-0.0005782867	-0.0043831572
309.904582	1787825033094108160	-0.0002209086	0.0005707311	0.0047204980
309.995152	1787825033184108288	0.0005074057	-0.0010007775	-0.0034979861
310.110458	1787825033298108160	-0.0015019415	0.0001473895	0.0021684210
310.204935	1787825033394108416	-0.0021971885	0.0002354269	-0.0018401216
310.300640	1787825033490108160	-0.0000507947	0.0000847164	-0.0004954252
310.392224	1787825033580108288	-0.0003074332	-0.0003036805	-0.0040048270
310.497118	1787825033685108224	-0.0021055138	-0.0006386443	0.0053326510
310.596407	1787825033784108288	0.0013392678	0.0000472677	0.0044278131
310.704051	1787825033892108288	0.0005229125	0.0002978327	-0.0094384535
310.797944	1787825033985108224	-0.0003890233	-0.0003370196	0.0042353864
310.902854	1787825034090108160	0.0002981170	0.0010363766	-0.0077736059
310.991684	1787825034180108288	-0.0009363739	0.0011808714	-0.0068160740
311.101312	1787825034288108032	0.0011777748	0.0003703642	-0.0046668346
311.212222	1787825034399108096	-0.0023017551	0.0003124006	0.0052900882
311.291347	1787825034480108288	-0.0004693248	-0.0001439517	0.0022933800
311.398386	1787825034585108224	-0.0009993755	-0.0002406582	0.0002564264
311.498079	1787825034687108352	-0.0009321251	0.0010396725	-0.0003388151
311.604524	1787825034792108288	0.0011797090	-0.0012702168	-0.0068695814
311.700664	1787825034888108288	0.0009872660	0.0005912521	-0.0019153449
311.795775	1787825034984108288	0.0006100044	0.0004075608	0.0008699877
311.910922	1787825035098108416	-0.0006636151	0.0005186516	-0.0040851147
311.997165	1787825035185108224	0.0000177766	-0.0004418774	0.0076487629
312.105745	1787825035293108224	-0.0011342946	0.0016378932	0.0022406847
312.199579	1787825035389108224	0.0006161103	-0.0009656499	-0.0039437060
312.301413	1787825035488108032	0.0007057011	-0.0012647833	0.0024944157
312.402955	1787825035590108160	0.0006864259	0.0007423648	-0.0006653136
312.505676	1787825035695108096	0.0004681601	-0.0001245333	-0.0019113032
312.590035	1787825035779108352	0.0002295029	0.0010006197	-0.0003583064
312.705118	1787825035893108224	0.0000655974	0.0011810757	-0.0025329341
312.799404	1787825035986108416	0.0000718110	-0.0001949235	0.0054726284
312.903650	1787825036091108352	0.0003258569	0.0001890438	-0.0018788451
312.993758	1787825036181108224	-0.0011152750	0.0008281732	0.0019243997
313.102002	1787825036289108224	-0.0004990973	-0.0000605288	0.0068970314
313.199539	1787825036388108288	-0.0006805748	-0.0008933551	-0.0021060288
313.285160	1787825036472108032	0.0005806764	-0.0001651012	0.0015362647
313.397414	1787825036586108160	0.0002965886	-0.0008779740	0.0022424378
313.504347	1787825036691108352	-0.0015557123	-0.0006544401	0.0033506321
313.605543	1787825036793108224	-0.0007149634	-0.0005515546	0.0029106585
313.691872	1787825036880108032	0.0000883944	-0.0008948595	0.0054496482
313.806607	1787825036994108160	0.0012185768	-0.0000613194	-0.0020893599
313.890431	1787825037078108416	-0.0011552264	-0.0005857348	0.0068065397
313.995145	1787825037183108096	0.0004353608	-0.0001525582	-0.0038648781
314.090526	1787825037279108352	-0.0007298415	0.0005459952	-0.0046820757
314.199663	1787825037387108096	0.0002800025	0.0012950367	0.0024610489
314.312310	1787825037501108224	0.0002473324	-0.0016010163	0.0013838146
314.408315	1787825037597108224	0.0003291215	0.0002608829	-0.0036005002
314.502672	1787825037690108416	0.0000084685	-0.0009005723	0.0015949624
314.602009	1787825037789108224	-0.0011892170	-0.0005457842	0.0043320528
314.706564	1787825037894108416	0.0007675129	0.0008141159	-0.0015694463
314.799131	1787825037987108352	-0.0006741258	0.0002718746	0.0016055292
314.905215	1787825038092108288	-0.0006627950	0.0007166908	-0.0036738606
314.999885	1787825038188108288	-0.0002279961	0.0005088394	-0.0021215139
315.101133	1787825038290108160	-0.0008908303	-0.0012169378	0.0025701142
315.195491	1787825038383108096	0.0016484512	-0.0007578666	-0.0005382163
315.303011	1787825038491108096	0.0000229953	-0.0008187299	-0.0007136933
315.398426	1787825038587108096	0.0016298708	0.0003086244	0.0007628747
315.497774	1787825038686108160	0.0003530147	-0.0008687309	0.0014379858
315.603880	1787825038791108096	0.0007321375	0.0006149978	-0.0028885647
315.694499	1787825038881108224	-0.0002186208	-0.0000916333	0.0035243215
315.793580	1787825038983108352	0.0009477841	-0.0007549999	0.0036927272
315.898705	1787825039088108288	-0.0002794723	0.0008384179	0.0031666872
316.006401	1787825039193108224	-0.0018780742	0.0005036188	-0.0020661746
316.104451	1787825039292108288	-0.0011039952	0.0003211716	0.0047051212
316.198764	1787825039388108288	-0.0000987835	-0.0000550088	-0.0077213195
316.295626	1787825039484108288	-0.0000965605	-0.0009136933	-0.0005472994
316.399619	1787825039589108224	0.0000539396	0.0004893516	-0.0009137493
316.495398	1787825039682108160	0.0011225827	0.0001098503	0.0014112124
316.598585	1787825039787108096	0.0016133663	0.0003664019	0.0010966152
316.703536	1787825039892108288	-0.0006037524	-0.0005781341	-0.0028025542
316.794022	1787825039982108160	0.0009505573	-0.0000578894	0.0007609811
316.902611	1787825040090108160	0.0006988513	-0.0000596606	0.0006202311
317.003475	1787825040192108032	0.0015521386	-0.0011956193	0.0026030995
317.100831	1787825040288108032	-0.0000204549	-0.0001188956	0.0030156988
317.191147	1787825040378108160	-0.0004982957	0.0019245387	-0.0074577308
317.292159	1787825040480108288	0.0004952424	0.0001684426	-0.0076131189
317.393009	1787825040582108160	-0.0019440522	-0.0004701473	0.0026857650
317.490579	1787825040678108160	0.0002040649	-0.0007109403	-0.0047969739
317.618611	1787825040807108096	-0.0009360405	-0.0004728857	0.0002204293
317.704168	1787825040891108352	0.0008241427	0.0016143063	0.0003045761
317.803596	1787825040993108224	-0.0011306492	-0.0005305681	0.0021246301
317.894329	1787825041083108096	0.0002816216	0.0006313029	0.0012955436
317.990074	1787825041179108096	0.0001434511	0.0011070125	0.0008195957
318.104199	1787825041293108224	-0.0000413657	0.0003213455	-0.0001084000
318.199244	1787825041386108160	0.0002443656	0.0000853225	0.0029629339
318.304045	1787825041491108096	-0.0003354712	-0.0008229553	0.0006814590
318.398749	1787825041587108096	0.0020658502	-0.0000295495	-0.0048086323
318.498763	1787825041686108160	-0.0012766425	-0.0007553189	-0.0019521309
318.598599	1787825041788108032	-0.0003121612	-0.0003795812	0.0023591151
318.689049	1787825041878108160	0.0012685627	0.0017157378	0.0043620202
318.801320	1787825041989108224	0.0002257547	-0.0012061035	-0.0065332668
318.902284	1787825042091108352	0.0005671436	-0.0011138948	0.0006545290
319.004405	1787825042193108224	0.0001348378	-0.0006122962	-0.0026802796
319.106040	1787825042295108352	-0.0005418749	0.0006417565	-0.0036586573
319.209837	1787825042397108224	0.0001883290	0.0003903827	0.0055109768
319.294424	1787825042481108224	0.0003847767	0.0016052644	0.0000468561
319.402930	1787825042592108288	-0.0000720544	0.0011908851	0.0031553278
319.498607	1787825042688108288	0.0005136434	-0.0002146589	-0.0021156489
319.599820	1787825042787108096	-0.0008324320	0.0014872609	0.0002390935
319.693976	1787825042883108096	-0.0000282080	-0.0008390091	-0.0014299778
319.788724	1787825042976108288	-0.0004263353	-0.0001151584	0.0012355682
319.905851	1787825043093108224	0.0015018210	-0.0006644229	-0.0028823187
320.001609	1787825043189108224	-0.0002804287	-0.0000542568	-0.0056813910
320.093582	1787825043282108416	-0.0003318674	-0.0005185176	0.0009374847
320.200534	1787825043390108160	-0.0003551441	-0.0006061868	-0.0024116008
320.294240	1787825043483108352	-0.0015019372	0.0015989537	-0.0021955444
320.407035	1787825043594108160	-0.0012123117	-0.0018486026	0.0004633562
320.490319	1787825043678108160	-0.0001656356	0.0005110110	-0.0024430228
320.603003	1787825043792108288	-0.0006427202	-0.0009881115	0.0033755252
320.711032	1787825043900108032	0.0007324958	-0.0007459735	-0.0017470938
320.802776	1787825043990108160	-0.0025720759	0.0000359750	0.0007265428
320.899027	1787825044086108160	-0.0000586630	0.0002995554	-0.0045175984
321.011098	1787825044200108288	-0.0019321094	-0.0002820948	0.0033349302
321.104629	1787825044293108224	-0.0003707909	-0.0025226529	0.0005843952
321.195190	1787825044383108096	0.0001385387	0.0005642211	0.0008325443
321.294342	1787825044482108160	0.0010738692	0.0009814336	-0.0011057673
321.409093	1787825044596108288	-0.0008119862	0.0011758479	0.0021561975
321.492720	1787825044680108288	-0.0017617769	-0.0002264011	0.0041882089
321.604908	1787825044794108160	-0.0001258244	-0.0002481319	-0.0005242463
321.695486	1787825044884108288	-0.0006099127	0.0015165495	-0.0021814276
321.797355	1787825044986108416	-0.0013859754	-0.0002223077	-0.0040821143
321.900046	1787825045088108288	0.0000098585	0.0003537896	0.0054971992
321.991581	1787825045181108224	-0.0003338001	0.0003554149	0.0038807987
322.090814	1787825045280108288	-0.0005806579	0.0007181915	-0.0006294043
322.197855	1787825045385108224	-0.0012868139	0.0009014762	-0.0012548859
322.297924	1787825045487108352	0.0019938595	0.0005610425	-0.0050299378
322.405636	1787825045595108352	0.0000400628	0.0007747217	0.0003815182
322.508887	1787825045697108224	-0.0009795008	0.0004341459	-0.0019884901
322.596483	1787825045784108288	0.0000921583	-0.0007235796	0.0022904869
322.712401	1787825045901108224	-0.0005606810	0.0008765743	-0.0040605815
322.801222	1787825045988108032	-0.0013766828	0.0001213418	0.0024181446
322.903854	1787825046093108224	0.0004669591	0.0000746560	-0.0020153257
323.018760	1787825046207108352	0.0002232668	-0.0012298871	0.0020146817
323.099406	1787825046288108032	-0.0000397939	-0.0002179986	-0.0010430324
323.198039	1787825046387108096	-0.0021372021	-0.0008837885	0.0019997084
323.291108	1787825046480108288	-0.0010044640	0.0012809181	-0.0045450415
323.403159	1787825046591108352	0.0006575700	0.0008402023	0.0030857380
323.495069	1787825046684108288	0.0011240985	0.0015017377	-0.0031513214
323.599033	1787825046786108160	0.0002942679	0.0010245060	-0.0026098654
323.700346	1787825046888108288	-0.0015981069	0.0006912405	0.0010876623
323.798934	1787825046987108352	-0.0011548633	0.0008030572	0.0027187285
323.908855	1787825047098108416	-0.0009816114	-0.0021821442	0.0010111395
324.006005	1787825047194108160	0.0013010604	-0.0008848404	0.0013717232
324.104429	1787825047293108224	-0.0012851613	-0.0007521711	0.0062249686
324.211562	1787825047401108224	-0.0000928801	0.0008970011	-0.0022179813
324.302889	1787825047491108096	0.0002517899	0.0013511304	-0.0045271486
324.394720	1787825047584108032	-0.0002760755	0.0005501586	0.0015571381
324.498871	1787825047686108160	-0.0010057443	-0.0002513741	-0.0032049875
324.593952	1787825047782108416	0.0000091556	-0.0018555814	0.0030049630
324.707252	1787825047896108032	-0.0003222638	0.0013910062	0.0013788120
324.799193	1787825047986108416	0.0004460596	-0.0006827372	0.0030137732
324.895902	1787825048085108224	-0.0001271059	-0.0010513424	0.0000112858
324.998015	1787825048187108352	-0.0013588591	0.0002450055	0.0005369339
325.102127	1787825048289108224	-0.0002285755	-0.0000455227	-0.0057986425
325.197756	1787825048385108224	-0.0001914357	0.0003827848	0.0033511517
325.300495	1787825048487108352	0.0009686328	-0.0010477369	-0.0009442734
325.402115	1787825048589108224	-0.0011540590	-0.0001076287	0.0018924185
325.499020	1787825048688108288	0.0019977854	-0.0000647140	-0.0051604287
325.602732	1787825048790108160	0.0016306334	-0.0014624624	0.0051883939
325.698236	1787825048886108160	0.0009044407	-0.0001582527	0.0069706083
325.801576	1787825048991108096	-0.0001517458	0.0001657245	0.0065715370
325.902163	1787825049090108160	0.0003185739	-0.0002028312	0.0053240313
326.003370	1787825049192108032	0.0005537898	0.0004884314	-0.0036508799
326.097519	1787825049285107968	-0.0001977665	0.0005904036	0.0010152607
326.203780	1787825049393108224	-0.0016500858	0.0003701898	0.0011868160
326.304664	1787825049492108032	0.0001354697	0.0004527953	-0.0014370123
326.399050	1787825049588108288	0.0015638335	0.0002487561	0.0048502190
326.501836	1787825049690108416	-0.0006191184	-0.0006203979	0.0016473845
326.595244	1787825049783108352	0.0006987005	-0.0001109992	0.0063028243
326.692433	1787825049879108096	0.0014496884	-0.0002010359	-0.0021675567
326.795281	1787825049984108288	0.0003077924	-0.0000614468	-0.0023388713
326.893712	1787825050083108096	0.0008390299	0.0011923331	-0.0019606959
327.010786	1787825050200108288	0.0006895638	-0.0008630503	0.0033407873
327.094777	1787825050284108288	0.0010414714	-0.0011216611	0.0008264022
327.205316	1787825050392108288	0.0001299231	-0.0007588013	0.0034817737
327.298341	1787825050485108224	-0.0008750331	0.0007387276	-0.0059353468
327.404148	1787825050593108224	-0.0011362431	0.0002801399	-0.0015065493
327.501149	1787825050689108224	0.0010552197	-0.0004552248	-0.0013906192
327.605463	1787825050794108160	0.0012284069	0.0006945929	-0.0007639817
327.705213	1787825050893108224	-0.0005406326	-0.0005358816	-0.0017887459
327.800037	1787825050989108224	0.0007698316	-0.0010691427	-0.0017886000
327.903708	1787825051091108352	-0.0010411173	0.0014434909	-0.0064379255
327.990083	1787825051178108160	-0.0005211026	-0.0002442993	-0.0035745340
328.094455	1787825051283108352	-0.0010612113	0.0009071636	-0.0022398080
328.192970	1787825051382108160	-0.0020593005	-0.0009256610	-0.0006894227
328.296969	1787825051484108288	-0.0010315220	0.0021294966	0.0087236476
328.394620	1787825051583108096	-0.0011038870	0.0004476247	0.0053337617
328.498965	1787825051688108288	0.0007284850	-0.0004915527	0.0045445576
328.599780	1787825051787108096	0.0006878470	0.0011995929	0.0035534754
328.705816	1787825051895108096	-0.0004000748	-0.0014189979	0.0047398692
328.793713	1787825051982108160	0.0004666118	-0.0000728517	0.0029436403
328.893058	1787825052081107968	-0.0001992890	-0.0014522771	0.0046563571
328.991892	1787825052180108288	0.0000294268	-0.0007736767	0.0009264248
329.105899	1787825052294108160	-0.0012074457	-0.0007600498	0.0024335916
329.193209	1787825052381108224	-0.0003784641	-0.0004581690	-0.0076458397
329.305121	1787825052492108032	0.0013364536	0.0002221422	-0.0023476462
329.402122	1787825052591108352	-0.0005986659	-0.0013604635	-0.0051201233
329.497591	1787825052687108352	0.0013809865	-0.0004173260	-0.0021418471
329.586478	1787825052774108160	0.0002213726	0.0005344784	-0.0036424480
329.694162	1787825052882108160	-0.0005869251	0.0003137222	0.0029844166
329.791374	1787825052978108160	0.0008681366	0.0006683570	0.0037816503
329.902356	1787825053089108224	-0.0007586042	0.0002614670	-0.0002890322
330.003165	1787825053191108352	-0.0006623428	-0.0001071355	-0.0041115517
330.105930	1787825053293108224	0.0004275031	0.0009436178	0.0009291340
330.194229	1787825053383108096	0.0004972692	-0.0011770066	-0.0010261842
330.289410	1787825053476108288	-0.0021732656	0.0002021109	0.0003996736
330.409942	1787825053599108096	0.0007875695	0.0014758818	-0.0016740772
330.489518	1787825053677108224	-0.0008668579	0.0004830704	0.0027095980
330.597980	1787825053785107968	0.0009772812	-0.0002910570	0.0036252519
330.706128	1787825053893108224	-0.0000434360	-0.0000482210	0.0016007564
330.806921	1787825053995108096	0.0011754966	0.0005659797	0.0042120959
330.908411	1787825054097108224	-0.0009865189	-0.0021221568	0.0018229565
330.998692	1787825054187108352	-0.0000613360	-0.0002562843	0.0025512809
331.103847	1787825054292108288	0.0004974447	0.0013726102	-0.0027984586
331.194614	1787825054382108160	-0.0006511771	-0.0010677497	0.0020391658
331.295288	1787825054484108288	0.0006365771	-0.0000355997	0.0047263913
331.407907	1787825054595108352	-0.0000435183	0.0010229447	-0.0005067546
331.504762	1787825054694108160	-0.0000519227	0.0002551017	-0.0016552794
331.589731	1787825054778108160	-0.0003043900	-0.0000470787	-0.0003359079
331.703959	1787825054892108288	-0.0002421657	0.0001930470	0.0009883911
331.809420	1787825054997108224	0.0002107354	0.0018543227	0.0003336499
331.902245	1787825055090108160	-0.0001680261	0.0019199485	0.0040668117
332.001990	1787825055189108224	-0.0006268504	0.0004139073	-0.0019957760
332.107370	1787825055294108160	0.0006119539	0.0015021646	0.0013986385
332.205819	1787825055393108224	0.0005068353	0.0001757161	-0.0000633235
332.303710	1787825055492108032	-0.0003411147	0.0006242539	-0.0051639283
332.388682	1787825055576108288	0.0000289264	-0.0001794562	-0.0002815336
332.509297	1787825055696108032	-0.0000165655	-0.0003869297	0.0052085584
332.598275	1787825055786108160	-0.0004155822	0.0002344649	0.0057400174
332.706067	1787825055894108416	-0.0006632158	0.0006208390	-0.0013324074
332.797177	1787825055984108288	-0.0013630377	-0.0013655646	-0.0032255132
332.891983	1787825056080108288	-0.0002591840	0.0007910916	-0.0008180754
332.997513	1787825056185108224	-0.0007397708	0.0007717327	0.0005601092
333.085481	1787825056272108288	0.0000109843	0.0009446951	0.0018160380
333.202839	1787825056392108288	0.0008218872	-0.0015400410	0.0054994899
333.287281	1787825056476108288	-0.0000507986	-0.0007439730	0.0017906096
333.395836	1787825056584108032	0.0014709129	0.0005943202	0.0044527367
333.499756	1787825056689108224	-0.0001128430	-0.0009474934	-0.0027404610
333.604458	1787825056791108096	-0.0000879168	0.0016676618	-0.0033972239
333.707198	1787825056896108032	-0.0010351943	-0.0004832737	0.0033611171
333.800052	1787825056989108224	-0.0008526950	-0.0003929959	-0.0009594946
333.903554	1787825057091108352	-0.0008776685	-0.0013059966	0.0013375091
334.008083	1787825057196108032	-0.0022535742	-0.0006003274	-0.0015533866
334.112016	1787825057301108224	0.0004490560	0.0004235902	0.0001741168
334.191834	1787825057379108096	0.0005319929	0.0002702910	0.0003977140
334.298985	1787825057487108352	-0.0002499653	-0.0020810154	0.0013139685
334.414843	1787825057604108032	-0.0007061833	0.0004121728	0.0019693121
334.494817	1787825057682108160	0.0012520188	0.0015446576	-0.0003190126
334.585875	1787825057775108096	-0.0020341477	0.0005598656	0.0007943489
334.703589	1787825057892108288	0.0005234487	0.0001822145	-0.0018203524
334.803961	1787825057991108096	0.0002338520	-0.0018357072	-0.0043490448
334.890883	1787825058078108416	0.0006603435	-0.0007621871	-0.0004064865
335.004685	1787825058192108032	0.0014829783	-0.0001196122	0.0065329688
335.103205	1787825058291108096	-0.0010659092	-0.0002827579	0.0022131968
335.201736	1787825058390108160	-0.0010552825	-0.0001352487	-0.0023877439
335.296926	1787825058486108416	-0.0005687207	0.0008934401	-0.0022211699
335.399929	1787825058588108288	-0.0002046341	0.0004567970	-0.0012243175
335.495213	1787825058684108288	0.0003194481	0.0001137019	-0.0090453652
335.603642	1787825058792108288	0.0005006246	-0.0010457459	0.0000523136
335.701078	1787825058888108288	0.0001541369	0.0009922529	-0.0058881766
335.805735	1787825058993108224	-0.0005956008	0.0007242619	0.0046420503
335.902588	1787825059092108288	-0.0006623017	0.0005017540	0.0005141477
335.994753	1787825059182108160	0.0018862521	0.0009004618	-0.0007167706
336.102423	1787825059290108160	0.0003898425	0.0003720424	0.0007265466
336.195078	1787825059383108096	0.0013987143	-0.0001682411	0.0063257090
336.300010	1787825059488108032	0.0009639650	0.0005396647	-0.0019177715
336.393043	1787825059581107968	-0.0004996578	0.0007396667	-0.0037943083
336.504168	1787825059692108032	0.0001249432	0.0012010457	-0.0038977316
336.593203	1787825059782108416	0.0007340991	-0.0010801001	-0.0009695104
336.704699	1787825059893108224	0.0006317680	-0.0005738932	-0.0025569422
336.804437	1787825059992108032	-0.0005195677	-0.0019368376	-0.0064612556
336.895648	1787825060085108224	-0.0000794129	-0.0004882519	-0.0039020644
337.012147	1787825060199108096	0.0009261585	0.0006355443	0.0006286962
337.090375	1787825060277108224	0.0011107967	-0.0005615192	-0.0084485979
337.201179	1787825060388108288	-0.0000097219	-0.0010492389	-0.0069059425
337.297625	1787825060487108352	0.0000729005	-0.0008434781	-0.0001356712
337.407599	1787825060595108352	0.0006423156	-0.0005395802	-0.0021941618
337.508879	1787825060697108224	-0.0009481170	0.0019349792	-0.0022047051
337.600483	1787825060787108096	0.0007029037	-0.0004782711	0.0003511293
337.691184	1787825060880108032	-0.0016616041	-0.0003217305	0.0009969609
337.802602	1787825060991108096	0.0002460958	0.0007138589	-0.0028199592
337.902580	1787825061090108160	-0.0005767900	-0.0007888094	0.0012432725
338.000518	1787825061189108224	0.0000627916	-0.0002611329	0.0046179543
338.102676	1787825061291108096	-0.0003949151	0.0003629407	-0.0038629181
338.187205	1787825061375108352	-0.0008238500	-0.0003317990	0.0039289994
338.306665	1787825061495108096	0.0002261164	-0.0000080127	-0.0023712277
338.397914	1787825061585108224	0.0002367379	-0.0003765042	-0.0036430124
338.502143	1787825061690108416	-0.0005983612	-0.0007565527	-0.0039027677
338.594480	1787825061783108352	-0.0003729265	-0.0006193887	-0.0040312299
338.685900	1787825061873108224	-0.0000488007	-0.0005252541	-0.0028026631
338.808305	1787825061996108288	-0.0008226206	0.0001640390	0.0036622536
338.897516	1787825062086108160	-0.0008676856	0.0010933971	0.0004631983
338.999303	1787825062188108288	-0.0012784393	0.0008389498	-0.0057396282
339.105200	1787825062293108224	-0.0003620180	0.0005332776	0.0051619030
339.204030	1787825062392108288	-0.0015695626	-0.0017002261	0.0005197740
339.316883	1787825062506108160	-0.0015674686	0.0014444894	-0.0003164694
339.404668	1787825062593108224	-0.0016829516	-0.0010879653	-0.0052737464
339.491082	1787825062680108288	0.0000019571	0.0009092530	0.0024913821
339.599610	1787825062788108032	-0.0014930749	0.0009498360	0.0011271317
339.693279	1787825062881108224	-0.0017148218	-0.0005401750	0.0010111976
339.795557	1787825062983108352	-0.0008993646	-0.0000406026	-0.0066494012
339.897276	1787825063085108224	-0.0010753167	-0.0003842131	0.0033961176
339.998661	1787825063187108352	0.0009456456	-0.0004069957	0.0028942391
340.098906	1787825063286108160	-0.0001589587	0.0006458542	0.0009047899
340.198466	1787825063385108224	-0.0011694148	0.0013183702	0.0012330237
340.298706	1787825063487108352	-0.0009294499	-0.0007712961	-0.0001745626
340.400001	1787825063589108224	-0.0004935049	-0.0009775677	-0.0000923980
340.512123	1787825063700108288	0.0010394037	-0.0017934824	-0.0052988775
340.601752	1787825063790108160	0.0004318442	0.0012868392	0.0075548950
340.691460	1787825063880108032	-0.0010952929	0.0010055849	0.0060742306
340.804696	1787825063994108160	-0.0001570426	-0.0001424850	0.0097404723
340.893491	1787825064081107968	0.0008422986	-0.0008620662	0.0005158523
340.998062	1787825064186108160	-0.0008300201	0.0021452767	0.0104806557
341.101815	1787825064291108096	0.0005225301	-0.0004526092	0.0040820348
341.199279	1787825064387108096	0.0007147747	0.0003620426	0.0060533365
341.307075	1787825064495108096	0.0006835365	0.0012889715	0.0020101091
341.400174	1787825064588108288	0.0003351048	0.0006929585	-0.0006841476
341.498647	1787825064687108352	-0.0011937092	0.0007636407	0.0012779215
341.603916	1787825064792108288	0.0002915137	-0.0008763121	0.0009535866
341.693149	1787825064882108160	0.0004261842	-0.0000582859	-0.0054197255
341.788000	1787825064975108096	0.0004745915	0.0007413874	0.0056107416
341.902058	1787825065089108224	0.0007635547	0.0002501639	0.0040561338
341.993827	1787825065182108160	-0.0012424805	-0.0006270754	0.0013182352
342.103572	1787825065293108224	-0.0001821933	0.0006802212	-0.0041436731
342.207431	1787825065395108096	-0.0016385986	0.0003363738	0.0004172779
342.302786	1787825065491108096	-0.0013470549	0.0005397927	-0.0077594276
342.390844	1787825065578108416	0.0000085022	-0.0003113280	-0.0029108544
342.495207	1787825065683108096	0.0008289886	0.0009287807	-0.0013176836
342.597512	1787825065785107968	0.0010441910	0.0012173413	0.0056055889
342.701786	1787825065890108160	0.0005463304	0.0003423405	0.0045594329
342.785112	1787825065974108160	-0.0007826452	-0.0011383518	0.0013041785
342.898882	1787825066088108288	0.0000922253	-0.0005697011	-0.0022570946
342.997561	1787825066187108352	0.0004599953	0.0005757676	-0.0010354084
343.097314	1787825066286108160	0.0006953747	0.0006627315	-0.0008959840
343.202709	1787825066391108352	-0.0008737539	-0.0007543246	0.0006598551
343.310996	1787825066499108352	-0.0000923226	-0.0002081184	-0.0036158558
343.397615	1787825066586108160	0.0003304178	0.0000815611	-0.0055258128
343.499218	1787825066688108288	-0.0012645885	-0.0006673036	0.0056649475
343.612482	1787825066799108352	0.0002700895	0.0004710729	-0.0032602081
343.687424	1787825066874108416	-0.0003922010	0.0001750058	-0.0019348904
343.796887	1787825066985108224	-0.0005684680	0.0005350169	0.0001850742
343.904356	1787825067093108224	0.0012080839	-0.0002542843	0.0070092558
344.010543	1787825067198108160	0.0000053082	0.0001103786	0.0006790827
344.098814	1787825067288108032	-0.0002199361	-0.0009905669	0.0036657608
344.196094	1787825067384108288	-0.0006794088	-0.0007478974	0.0077186749
344.299283	1787825067486108416	-0.0012231091	-0.0013982505	0.0008009189
344.406749	1787825067594108160	-0.0008195639	-0.0018140779	-0.0011479917
344.508609	1787825067696108032	-0.0001115050	-0.0007281566	0.0011885060
344.598847	1787825067786108160	-0.0005516444	0.0000936038	0.0017866691
344.698672	1787825067888108288	0.0003479661	-0.0020941245	0.0018920113
344.803116	1787825067990108160	-0.0003143401	-0.0004352413	0.0048959821
344.899496	1787825068086108160	-0.0007724011	0.0003481338	0.0036392989
345.004683	1787825068194108160	-0.0012095771	0.0012921261	0.0008056947
345.100694	1787825068290108160	-0.0000756819	0.0004674861	-0.0051722260
345.202530	1787825068392108288	0.0009258322	0.0016868794	-0.0006360479
345.294636	1787825068482108160	0.0002381961	0.0013665655	-0.0003785084
345.402953	1787825068590108160	0.0012403257	0.0008187623	-0.0023948446
345.490585	1787825068680108288	-0.0004345715	0.0007759811	-0.0076121315
345.603414	1787825068791108096	-0.0000581639	-0.0005488761	-0.0064473248
345.709793	1787825068899108096	-0.0004354498	0.0000115109	0.0040487011
345.792340	1787825068980108288	0.0003313581	0.0008820336	-0.0007594174
345.906320	1787825069094108160	-0.0010706353	0.0008540372	0.0017326088
346.001143	1787825069190108416	-0.0005710842	0.0002256210	-0.0028503144
346.108087	1787825069295108352	0.0007847479	0.0003913140	0.0003305672
346.204571	1787825069394108416	0.0021712236	0.0004386464	0.0075587941
346.288224	1787825069475108096	-0.0000215468	0.0008991966	-0.0019780975
346.393240	1787825069580108288	-0.0009441625	-0.0002770399	-0.0001953840
346.500662	1787825069688108288	0.0010056111	0.0019029313	-0.0015578384
346.592275	1787825069781108224	0.0009424967	-0.0009478416	0.0022756575
346.712596	1787825069901108224	-0.0002027397	0.0008549140	-0.0005775761
346.798822	1787825069988108032	-0.0001345874	0.0002207182	0.0032770780
346.902733	1787825070090108160	-0.0011413110	-0.0011468244	-0.0032527080
346.988099	1787825070177108224	-0.0005077161	0.0004110258	0.0011932795
347.103015	1787825070291108096	0.0008607255	0.0005306687	-0.0006836246
347.203193	1787825070390108160	-0.0004639941	-0.0005275510	-0.0009753988
347.295348	1787825070483108352	0.0000767478	0.0006791615	0.0046644532
347.401461	1787825070588108288	0.0004031090	0.0003250213	-0.0003324073
347.502373	1787825070690108416	-0.0006574384	-0.0000557714	0.0009288927
347.602503	1787825070792108288	-0.0000602430	0.0000003267	0.0024000878
347.706836	1787825070894108416	-0.0016478780	-0.0002589533	0.0091136141
347.788948	1787825070978108160	-0.0003863642	-0.0000446620	0.0008666502
347.897474	1787825071086108160	-0.0011468202	0.0002124265	0.0050208251
347.998187	1787825071185108224	-0.0011163431	-0.0006932345	0.0009502525
348.099554	1787825071287108096	-0.0009343528	-0.0006478261	0.0019260566
348.192772	1787825071380108032	0.0001138967	0.0008733916	-0.0016493243
348.301109	1787825071488108032	-0.0007914683	-0.0007152952	0.0025188926
348.401114	1787825071590108160	-0.0008008443	-0.0006682515	0.0030940034
348.509263	1787825071698108160	0.0010494928	0.0017693702	0.0023304959
348.612336	1787825071800108288	-0.0014451468	-0.0005571628	-0.0027885021
348.699066	1787825071887108096	0.0008673368	-0.0008342098	0.0054009266
348.800735	1787825071989108224	-0.0006116843	0.0007291260	0.0057312185
348.886692	1787825072076108288	-0.0010220242	0.0020596106	0.0033500329
348.986128	1787825072175108096	-0.0009911389	-0.0003893802	-0.0021220635
349.096068	1787825072283108352	0.0009609417	-0.0006551963	0.0076754219
349.207926	1787825072397108224	-0.0005064389	0.0004547113	-0.0015919806
349.298481	1787825072487108352	0.0003920875	-0.0005338171	0.0088863172
349.402075	1787825072589108224	-0.0004275054	0.0003819290	-0.0050817772
349.507929	1787825072697108224	-0.0007064947	-0.0006220889	-0.0033294197
349.604112	1787825072793108224	0.0005148656	-0.0003383117	-0.0016012275
349.704349	1787825072892108288	-0.0013749730	0.0015760312	0.0020604421
349.796485	1787825072985108224	-0.0002792936	-0.0001454434	-0.0026845343
349.896361	1787825073084108032	0.0000280869	-0.0003233567	0.0032107787
350.001990	1787825073189108224	0.0008971545	0.0007795029	0.0012427612
350.100447	1787825073288108032	-0.0012380846	0.0003027773	0.0013243926
350.201276	1787825073390108160	-0.0009762059	0.0001895706	0.0009844619
350.302877	1787825073492108032	-0.0002346084	-0.0013222987	-0.0022341719
350.410080	1787825073597108224	-0.0012869136	-0.0007370678	0.0032834207
350.507136	1787825073696108032	-0.0000217337	-0.0005643999	-0.0031622562
350.587503	1787825073777108224	0.0001184956	0.0006788700	0.0003202445
350.707532	1787825073897108224	0.0009535428	0.0000157183	0.0000080844
350.799214	1787825073987108352	-0.0001035310	0.0002364311	0.0043326161
350.905753	1787825074095108352	0.0020940213	0.0007555109	-0.0038117898
351.005347	1787825074194108160	-0.0011355697	0.0006795221	0.0054319192
351.097828	1787825074287108096	0.0004049415	0.0003565861	-0.0061451820
351.208733	1787825074398108160	0.0001392299	-0.0003420830	0.0025344930
351.304995	1787825074494108160	-0.0012791334	-0.0002166135	-0.0022098262
351.396707	1787825074584108032	-0.0018621956	-0.0000633274	0.0031784926
351.500922	1787825074689108224	0.0004599967	0.0007092957	-0.0073147124
351.598960	1787825074788108032	0.0003090220	-0.0006609020	0.0005408730
351.712034	1787825074899108096	0.0004818746	-0.0014542225	-0.0068097840
351.803912	1787825074992108032	-0.0008188409	-0.0005642757	-0.0060058985
351.895575	1787825075085108224	0.0004928569	-0.0010695601	-0.0052712449
352.001671	1787825075190108416	-0.0014336783	0.0018146095	0.0018452631
352.102715	1787825075292108288	0.0012830896	-0.0006166392	0.0038965741
352.203502	1787825075391108352	-0.0001671556	0.0005398306	0.0019560737
352.311312	1787825075499108352	0.0004776235	-0.0000504045	-0.0020961988
352.404821	1787825075592108288	-0.0014583667	-0.0001464480	-0.0005591235
352.506007	1787825075694108160	0.0006110915	0.0001225510	-0.0062056055
352.598359	1787825075787108096	-0.0014336477	0.0009155452	-0.0016394990
352.698772	1787825075886108160	-0.0008641692	-0.0004656461	-0.0049163169
352.793334	1787825075982108160	0.0000687383	0.0015952125	-0.0003768891
352.891160	1787825076078108416	0.0001704105	-0.0005802511	0.0009118354
353.004305	1787825076192108032	-0.0002888738	0.0001684033	0.0011467407
353.102793	1787825076291108096	0.0011610012	-0.0005788831	0.0009179089
353.202917	1787825076390108160	-0.0015284896	0.0011580557	-0.0059763827
353.300190	1787825076489108224	0.0016350139	0.0022429252	-0.0001545503
353.393889	1787825076582108160	-0.0011217432	-0.0002893771	-0.0086222002
353.493425	1787825076681108224	-0.0001398498	-0.0001253058	-0.0008052142
353.602540	1787825076792108288	-0.0026390006	0.0015067515	-0.0025061542
353.704882	1787825076894108416	-0.0003246680	0.0016794315	0.0027589367
353.787000	1787825076975108096	-0.0000633675	0.0002095560	0.0024571065
353.899535	1787825077089108224	0.0005178022	0.0001997187	-0.0027191362
353.997455	1787825077185108224	0.0007070553	0.0014385806	-0.0054712956
354.116539	1787825077305108224	-0.0012613881	0.0002013838	-0.0018085850
354.195002	1787825077383108096	0.0000858132	0.0028033306	-0.0052813590
354.302949	1787825077491108096	-0.0005892889	-0.0022864506	-0.0009784212
354.395906	1787825077584108032	0.0004467641	-0.0004893010	0.0027390305
354.509448	1787825077698108160	-0.0000372522	0.0001824844	-0.0018209511
354.601441	1787825077788108032	-0.0006914963	-0.0016339971	0.0040154005
354.697609	1787825077887108096	0.0010579851	0.0010921676	-0.0057082278
354.816264	1787825078004108288	0.0006712605	0.0000114328	0.0040308210
354.903803	1787825078091108352	0.0005255580	-0.0004366377	-0.0004127937
354.996596	1787825078184108288	-0.0001528450	0.0003563913	-0.0083249836
355.090138	1787825078277108224	-0.0000046284	0.0004688291	-0.0026818047
355.203303	1787825078391108352	-0.0001166097	0.0009538017	0.0024742419
355.294650	1787825078484108288	-0.0005477582	0.0004734197	-0.0060661011
355.396302	1787825078583108096	0.0007498257	0.0001597026	-0.0033280318
355.498783	1787825078688108288	0.0001712146	0.0002551685	0.0004017260
355.599994	1787825078787108096	0.0012961246	0.0000066519	0.0014670856
355.705953	1787825078895108096	0.0013055407	0.0020695684	-0.0065832434
355.810754	1787825079000108288	-0.0009487047	-0.0002405227	0.0057558877
355.896656	1787825079084108032	0.0020189371	-0.0001573245	0.0017786060
356.004023	1787825079192108032	-0.0000575710	-0.0004375741	-0.0006636578
356.100923	1787825079288108032	0.0015506258	0.0007447324	0.0030960914
356.207104	1787825079396108032	0.0004393755	0.0011286121	0.0014623300
356.291958	1787825079480108288	-0.0008429895	0.0002656681	0.0004681574
356.401446	1787825079588108288	0.0004596829	-0.0009064755	-0.0022428453
356.499074	1787825079687108352	0.0003078563	0.0004014097	0.0027859830
356.595481	1787825079783108352	-0.0000332154	-0.0003975320	0.0033307030
356.700096	1787825079888108288	0.0005511341	0.0008195025	-0.0000710991
356.805458	1787825079993108224	0.0000937446	0.0002449775	0.0051585351
356.894062	1787825080083108096	0.0000727870	-0.0015543344	-0.0036186783
357.002102	1787825080191108352	-0.0008358865	0.0009998977	-0.0001907062
357.102657	1787825080290108160	-0.0011289255	-0.0003455320	-0.0004188581
357.194306	1787825080383108096	0.0007041978	0.0000408782	0.0035503009
357.296511	1787825080485108224	-0.0007715262	-0.0002236135	-0.0102797242
357.403039	1787825080590108160	-0.0025313475	0.0007270985	0.0052513642
357.505324	1787825080692108032	-0.0005563772	0.0003269500	-0.0011366427
357.610943	1787825080800108288	0.0004815500	-0.0006182735	0.0009952831
357.688401	1787825080875108352	-0.0008235404	0.0015303720	-0.0085497901
357.795101	1787825080983108352	0.0003194123	-0.0009408758	-0.0026466865
357.896881	1787825081085108224	0.0000670423	-0.0013429596	-0.0035397168
358.002296	1787825081190108416	0.0008008545	-0.0008478973	-0.0046258149
358.099311	1787825081286108160	-0.0004798567	-0.0003956401	-0.0033505367
358.208078	1787825081397108224	-0.0011620811	0.0015390982	-0.0004285352
358.296962	1787825081484108288	-0.0006234808	0.0000269482	0.0035268176
358.399089	1787825081586108160	0.0001658237	0.0005971583	-0.0017956378
358.490278	1787825081679108096	0.0003711585	0.0000545094	0.0023898138
358.602420	1787825081790108160	-0.0011960875	0.0016927631	0.0016756555
358.707990	1787825081895108096	0.0012839343	0.0000495674	0.0034651966
358.798950	1787825081988108032	0.0000824495	0.0010921828	0.0006866982
358.896745	1787825082084108032	0.0000618777	0.0005257538	-0.0012231900
358.998175	1787825082186108160	-0.0002504219	-0.0000448786	0.0031227850
359.097934	1787825082285107968	-0.0003447178	0.0015391956	-0.0018988020
359.205047	1787825082393108224	0.0014221471	0.0004523821	0.0009486745
359.309783	1787825082498108160	0.0019534629	-0.0004636019	0.0044247847
359.403476	1787825082591108352	-0.0005720184	0.0002160620	-0.0041074870
359.498837	1787825082687108352	-0.0007004174	0.0004924166	0.0003134880
359.603723	1787825082792108288	-0.0006938223	0.0005654748	-0.0060809736
359.698168	1787825082885108224	-0.0014894079	0.0006566153	-0.0008931396
359.806285	1787825082993108224	-0.0021753545	0.0007810340	0.0020142093
359.887995	1787825083077108224	-0.0006676754	0.0001834931	-0.0092280231
359.995802	1787825083185108224	0.0007760843	0.0009514664	0.0005413698
360.098583	1787825083287108096	-0.0000240572	-0.0002119390	-0.0031052567
360.194198	1787825083383108096	-0.0007739570	-0.0004658215	-0.0031551180
360.298024	1787825083485108224	-0.0004103703	-0.0006372242	-0.0043830898
360.396628	1787825083584108032	-0.0003883188	0.0004555611	0.0003387263
360.492306	1787825083680108288	-0.0003216150	-0.0004750104	0.0010785194
360.590327	1787825083779108352	0.0005848930	0.0008361055	-0.0011592914
360.692788	1787825083881108224	0.0000067561	0.0000720831	0.0061176272
360.806592	1787825083995108096	-0.0002160602	-0.0000181290	0.0011648713
360.897256	1787825084085108224	-0.0001850467	-0.0002629881	0.0068391090
361.001634	1787825084190108416	-0.0008241641	0.0003331944	0.0012969026
361.086230	1787825084274108160	-0.0009318827	0.0012777827	0.0047298077
361.200825	1787825084388108288	0.0003503956	0.0010563319	0.0027058921
361.299311	1787825084487108352	-0.0004767635	0.0017204411	0.0001154108
361.412215	1787825084601108224	0.0002301042	0.0002426113	0.0021168211
361.503137	1787825084691108352	0.0005049797	0.0006714514	-0.0013608869
361.590242	1787825084778108160	-0.0006216339	-0.0001549497	-0.0017348339
361.713194	1787825084901108224	-0.0016616061	0.0001098888	-0.0050077546
361.804600	1787825084994108160	0.0017895315	0.0001382455	0.0006769087
361.899266	1787825085087108096	0.0000511554	-0.0002098476	-0.0028198807
362.005880	1787825085195108096	-0.0011362447	0.0002454981	-0.0029231318
362.103115	1787825085291108096	-0.0017917172	0.0011861578	0.0016835902
362.201949	1787825085390108160	-0.0000600345	0.0027701321	-0.0041352206
362.288473	1787825085477108224	0.0009010976	0.0044957705	0.0099900671
362.403450	1787825085591108352	0.0007241014	0.0046411572	-0.0041344024
362.499764	1787825085687108352	-0.0014267651	0.0080622127	0.0067639287
362.603172	1787825085792108288	0.0007106229	0.0103484482	0.0000340769
362.695833	1787825085885108224	-0.0005186726	0.0109263714	0.0003315343
362.807465	1787825085996108288	-0.0006890272	0.0136113885	-0.0013723727
362.904238	1787825086092108288	0.0005719793	0.0144512141	0.0021635184
363.004905	1787825086194108160	0.0003868784	0.0158696177	-0.0031656152
363.110020	1787825086299108352	-0.0002726578	0.0170334120	0.0004627914
363.201627	1787825086389108224	-0.0009232837	0.0207660375	-0.0048680778
363.296301	1787825086485108224	0.0012752693	0.0215020809	-0.0022109642
363.411598	1787825086599108096	-0.0004498378	0.0226320845	-0.0028317848
363.489470	1787825086677108224	0.0012012815	0.0248044018	-0.0066228921
363.594975	1787825086782108416	-0.0019145827	0.0246503176	-0.0033501971
363.693542	1787825086881108224	-0.0010248155	0.0260450562	-0.0026305055
363.801795	1787825086989108224	-0.0010877670	0.0278230278	0.0049823055
363.908308	1787825087097108224	-0.0012209076	0.0303643818	-0.0008282769
364.004731	1787825087193108224	0.0004029002	0.0323330329	0.0029766920
364.094335	1787825087283108352	0.0014765164	0.0304925419	0.0017704544
364.207517	1787825087397108224	0.0022013625	0.0341216100	-0.0019804452
364.302143	1787825087490108160	0.0008334278	0.0372719046	-0.0067347024
364.396466	1787825087583108096	-0.0007992934	0.0383820121	-0.0068782298
364.510077	1787825087697108224	0.0006806063	0.0396711253	0.0026809873
364.604396	1787825087793108224	-0.0001552903	0.0406747889	-0.0001187496
364.709389	1787825087898108160	0.0005165731	0.0440609144	0.0015282587
364.798332	1787825087985108224	-0.0014751813	0.0450822693	0.0010088838
364.908918	1787825088096108288	0.0005316941	0.0469096850	-0.0022034958
365.002170	1787825088189108224	0.0012240445	0.0481815638	0.0020915694
365.100657	1787825088288108032	0.0004252323	0.0492547998	-0.0053738879
365.201407	1787825088390108160	-0.0006807286	0.0515147618	0.0013310056
365.296561	1787825088486108416	-0.0004800529	0.0520839283	0.0010146854
365.397197	1787825088585108224	0.0007501964	0.0544733690	-0.0006387266
365.501068	1787825088690108416	0.0002398511	0.0552914592	0.0017532899
365.596896	1787825088786108160	-0.0005439540	0.0571316443	-0.0052174487
365.701194	1787825088888108288	-0.0009602146	0.0587301850	-0.0007451928
365.805109	1787825088993108224	0.0004338978	0.0596881275	-0.0041854748
365.908319	1787825089095108352	-0.0006233985	0.0632066179	-0.0046202260
366.001046	1787825089188108288	-0.0016896926	0.0657570472	-0.0034463421
366.094564	1787825089284108288	-0.0006415510	0.0664450929	-0.0008415750
366.211743	1787825089401108224	0.0002844064	0.0666969264	0.0041223171
366.307347	1787825089494108160	-0.0013692956	0.0681623642	0.0055439451
366.404863	1787825089593108224	-0.0010200491	0.0698264491	0.0054209000
366.489460	1787825089677108224	-0.0012726875	0.0703408331	0.0016805116
366.593305	1787825089782108416	0.0010445928	0.0711849847	-0.0027542657
366.699239	1787825089887108096	-0.0005424747	0.0746941931	0.0044374913
366.802341	1787825089989108224	-0.0010192875	0.0766668534	-0.0011438585
366.879737	1787825090067108096	-0.0009476800	0.0783764726	0.0021691217
367.012556	1787825090202108160	0.0014088844	0.0796202423	-0.0015259459
367.098120	1787825090286108160	0.0002956388	0.0802686775	0.0077005305
367.200063	1787825090388108288	0.0003407136	0.0834478331	-0.0002222924
367.303159	1787825090490108160	-0.0010066433	0.0849204085	-0.0043319169
367.400957	1787825090589108224	0.0003540724	0.0860255699	-0.0027897451
367.493602	1787825090682108160	0.0004356609	0.0862104199	-0.0069627648
367.592281	1787825090781108224	0.0009691983	0.0890403969	-0.0003769149
367.695649	1787825090883108096	0.0006538048	0.0895615407	0.0002068896
367.797043	1787825090985108224	-0.0003929269	0.0910715845	0.0039016700
367.900872	1787825091090108160	-0.0013871637	0.0942874153	0.0001928877
367.999428	1787825091186108160	-0.0014245092	0.0951856348	-0.0020111892
368.095815	1787825091285107968	0.0019584657	0.0973835312	0.0026866845
368.196429	1787825091384108288	0.0007224084	0.0989221345	-0.0003271770
368.297464	1787825091486108416	0.0003852181	0.1007905132	0.0039927870
368.399011	1787825091588108288	0.0004031596	0.1023300441	-0.0043917142
368.504372	1787825091693108224	-0.0001222803	0.1035396838	-0.0031181176
368.599932	1787825091789108224	0.0000699547	0.1045611591	0.0009270849
368.698514	1787825091888108288	-0.0004246954	0.1065070443	-0.0002972994
368.800968	1787825091990108160	-0.0019337821	0.1074961719	0.0024981273
368.902199	1787825092089108224	0.0001783440	0.1101423618	-0.0000723200
369.002053	1787825092191108352	-0.0001776622	0.1107498856	0.0017164894
369.092782	1787825092281108224	-0.0002206893	0.1126552684	-0.0025041115
369.203225	1787825092392108288	-0.0004487834	0.1154281236	-0.0016205492
369.294214	1787825092482108160	0.0000315402	0.1152577865	-0.0023360568
369.389337	1787825092578108416	-0.0002282021	0.1168423249	-0.0001735749
369.500621	1787825092689108224	0.0010316127	0.1181113710	-0.0008459079
369.606168	1787825092794108160	0.0001133395	0.1207554492	-0.0015946946
369.696092	1787825092884108288	-0.0004096545	0.1211186063	0.0015913654
369.799753	1787825092989108224	0.0005555477	0.1229994857	0.0027223656
369.903840	1787825093091108352	0.0004283259	0.1259813634	0.0001291661
369.993481	1787825093181108224	-0.0006955765	0.1268826196	0.0014683410
370.090313	1787825093277108224	0.0003498594	0.1259434190	-0.0034626221
370.200295	1787825093388108288	-0.0008695013	0.1238435077	-0.0013661894
370.294578	1787825093484108288	0.0002272763	0.1224970926	-0.0074062870
370.397965	1787825093586108160	-0.0014792734	0.1205568292	0.0040651424
370.499535	1787825093688108288	-0.0009700184	0.1188793642	0.0007185749
370.605228	1787825093793108224	-0.0019182272	0.1172536343	0.0092235494
370.698897	1787825093886108160	-0.0005801320	0.1160650714	0.0023826042
370.804341	1787825093991108096	-0.0008175841	0.1147652212	0.0018763317
370.900221	1787825094087108096	0.0008042690	0.1127869183	0.0015454635
371.006948	1787825094195108096	0.0013976566	0.1104582886	0.0030611615
371.089125	1787825094276108288	0.0002130506	0.1098229235	0.0079498773
371.205201	1787825094393108224	-0.0001090067	0.1078729539	-0.0009117360
371.300486	1787825094489108224	-0.0006587839	0.1069857094	-0.0017945339
371.402882	1787825094591108352	0.0002353675	0.1049703685	-0.0016377057
371.497523	1787825094687108352	0.0001936287	0.1027142679	-0.0003897377
371.602923	1787825094792108288	0.0001581510	0.1022793587	0.0002730451
371.699281	1787825094888108288	0.0000032136	0.0996370779	-0.0060707722
371.795949	1787825094984108288	0.0003435837	0.0974618408	0.0048504819
371.894552	1787825095083108096	0.0009533286	0.0976979234	0.0021937164
372.005700	1787825095194108160	-0.0013389041	0.0949376358	0.0026637598
372.095437	1787825095284108288	-0.0003814003	0.0942307802	0.0000576137
372.211132	1787825095398108160	-0.0007992952	0.0923543187	0.0007585545
372.312625	1787825095500108288	0.0007467112	0.0916750614	-0.0000988702
372.398448	1787825095587108096	-0.0003759113	0.0908449438	0.0004660171
372.509732	1787825095698108160	0.0003921472	0.0878464947	0.0037080905
372.601116	1787825095788108032	0.0012569833	0.0865264233	-0.0030652580
372.702695	1787825095890108160	-0.0008981031	0.0826036126	-0.0017804325
372.789161	1787825095977108224	-0.0000970330	0.0830766413	-0.0022322461
372.897639	1787825096085108224	-0.0002439762	0.0807241223	0.0000100690
372.997824	1787825096187108352	-0.0003262118	0.0807141148	0.0010219029
373.099500	1787825096289108224	-0.0003863795	0.0785202808	-0.0017850806
373.207203	1787825096394108416	-0.0007210208	0.0758718000	0.0027868131
373.286650	1787825096475108096	-0.0000367478	0.0740598823	-0.0008273949
373.393998	1787825096583108096	0.0003076102	0.0725126175	0.0024744762
373.496809	1787825096685108224	0.0008010770	0.0726016460	-0.0021302860
373.595279	1787825096784108288	0.0000568157	0.0686310252	0.0062261560
373.700637	1787825096889108224	0.0003831232	0.0697900736	-0.0027326871
373.794382	1787825096982108160	-0.0010732931	0.0674829295	0.0027337087
373.906659	1787825097096108288	0.0004078180	0.0638974285	-0.0034548614
374.002742	1787825097192108032	-0.0016451549	0.0622484946	-0.0056453583
374.102170	1787825097291108096	0.0005914511	0.0615016095	-0.0020027284
374.208470	1787825097396108032	0.0007395395	0.0598045012	0.0010631031
374.299205	1787825097486108416	0.0005942008	0.0589633384	-0.0023379701
374.405623	1787825097594108160	-0.0005229996	0.0575230098	-0.0042477958
374.503347	1787825097690108416	0.0001417079	0.0544521509	-0.0068377191
374.611900	1787825097801108224	-0.0000971909	0.0540170230	0.0007618646
374.695703	1787825097885108224	-0.0011190013	0.0520281865	0.0000549521
374.797876	1787825097987108352	-0.0008651270	0.0524188320	0.0026492686
374.886353	1787825098074108160	-0.0003323391	0.0489221332	0.0038803083
374.997324	1787825098185108224	0.0001334361	0.0493935650	0.0045007794
375.092131	1787825098281108224	0.0022835428	0.0477564806	-0.0055149918
375.200894	1787825098389108224	0.0002285589	0.0437735744	0.0009311349
375.312669	1787825098500108288	0.0003562831	0.0419802340	-0.0009876370
375.414678	1787825098602108160	0.0013991140	0.0410017921	-0.0008166245
375.503897	1787825098692108032	0.0008812463	0.0411469136	0.0013230942
375.607869	1787825098797108224	0.0006503477	0.0389650495	0.0027555524
375.704504	1787825098893108224	-0.0002708303	0.0354242313	-0.0002242855
375.788280	1787825098977108224	-0.0002311469	0.0349988362	-0.0066827042
375.891471	1787825099079108352	0.0003885051	0.0333202580	-0.0070341576
376.002919	1787825099190108416	0.0002591265	0.0330866384	-0.0033381795
376.091238	1787825099280108288	-0.0010651908	0.0300603450	0.0014413616
376.198956	1787825099388108288	-0.0017547746	0.0279751882	-0.0010449498
376.291867	1787825099481108224	-0.0018953319	0.0269288319	-0.0018106019
376.392151	1787825099580108288	0.0001224436	0.0247200765	-0.0031044330
376.497883	1787825099685108224	-0.0003573601	0.0247030229	-0.0001221918
376.599102	1787825099787108096	-0.0011588902	0.0224443961	-0.0029462444
376.705260	1787825099892108288	-0.0001626549	0.0206656000	-0.0078023307
376.803023	1787825099991108096	0.0005447396	0.0201343801	0.0006419384
376.898119	1787825100087108096	0.0005839477	0.0165690575	-0.0013032351
376.995450	1787825100183108096	-0.0008512274	0.0146212173	0.0043454896
377.090538	1787825100279108352	-0.0010180569	0.0141082802	-0.0033894747
377.206899	1787825100396108032	-0.0001712151	0.0146973569	-0.0004794519
377.306996	1787825100495108096	0.0005242213	0.0104447149	-0.0052530828
377.391645	1787825100579108352	0.0000287735	0.0082892218	0.0021530150
377.497547	1787825100687108352	0.0007853346	0.0082027708	-0.0013691870
377.599586	1787825100789108224	-0.0008009411	0.0059537508	0.0035522124
377.690222	1787825100879108096	0.0005905055	0.0062985920	0.0013957221
377.800634	1787825100990108160	0.0008553720	0.0036282683	-0.0008464866
377.910297	1787825101098108416	-0.0007904671	0.0021824545	-0.0020239285
378.007514	1787825101197108224	0.0006235872	0.0004258537	-0.0014321600
378.099814	1787825101287108096	-0.0007560242	0.0009304621	0.0023083740
378.195157	1787825101383108096	-0.0004000682	-0.0005002674	0.0017074785
378.302065	1787825101491108096	0.0001865469	-0.0003139313	0.0031970169
378.408329	1787825101596108288	0.0008406676	0.0008419279	-0.0014196860
378.497309	1787825101686108160	-0.0002827870	0.0004749882	0.0071872901
378.612770	1787825101800108288	-0.0007364093	0.0008182352	-0.0062436283
378.701801	1787825101890108160	0.0005899962	0.0010919788	-0.0024650527
378.792589	1787825101980108288	0.0001818344	-0.0003604662	0.0008612488
378.898494	1787825102085108224	0.0008962687	0.0004806239	0.0028109703
378.991039	1787825102178108160	-0.0009338679	0.0009341445	-0.0046941427
379.093656	1787825102283108352	0.0010674791	-0.0005504312	-0.0009297481
379.199006	1787825102388108288	0.0002847200	-0.0007536896	0.0074940659
379.309975	1787825102499108352	-0.0009706844	0.0003824125	-0.0003764592
379.400348	1787825102589108224	0.0011167360	-0.0004938984	0.0025902081
379.497593	1787825102685108224	-0.0007574708	-0.0014125404	-0.0021571965
379.595209	1787825102784108288	0.0004477010	-0.0002353956	-0.0035780834
379.688819	1787825102877108224	-0.0001172243	-0.0007573685	-0.0001284701
379.804969	1787825102994108160	0.0003280673	0.0023346027	-0.0006382821
379.907501	1787825103096108288	-0.0005200758	0.0015817538	-0.0001279804
380.003331	1787825103192108032	0.0004153830	-0.0005981812	-0.0078910825
380.101616	1787825103291108096	0.0004537749	0.0004357478	-0.0022543916
380.204461	1787825103393108224	-0.0000383620	-0.0036830167	-0.0061495450
380.309001	1787825103498108160	0.0006796182	-0.0004369146	-0.0017308860
380.400629	1787825103588108288	0.0000797593	-0.0013808765	0.0044656866
380.504578	1787825103693108224	0.0009492962	-0.0008966651	-0.0081190010
380.597244	1787825103786108160	0.0007869190	0.0010098247	-0.0005211512
380.705444	1787825103894108416	0.0009945791	0.0003427895	-0.0001881012
380.805891	1787825103993108224	0.0015892752	0.0006035229	-0.0044747494
380.909557	1787825104098108416	0.0013075656	-0.0000771096	-0.0026220057
380.995297	1787825104182108160	-0.0004039807	-0.0014218497	0.0050883983
381.097427	1787825104284108288	0.0007588504	-0.0011332444	0.0048512456
381.203060	1787825104392108288	0.0001165706	-0.0011259751	-0.0014508656
381.305908	1787825104494108160	-0.0007710318	0.0007860776	0.0048397557
381.395865	1787825104584108032	-0.0007754135	0.0009259843	-0.0048424316
381.500045	1787825104689108224	-0.0007856049	-0.0007297652	0.0013635445
381.604875	1787825104794108160	0.0016889063	0.0002783664	0.0025297035
381.705317	1787825104893108224	-0.0012867505	-0.0011456885	0.0045970906
381.810210	1787825104998108160	-0.0000107562	0.0001741572	0.0043009478
381.896536	1787825105085108224	-0.0003745972	0.0005150124	-0.0007308817
382.001781	1787825105190108416	0.0003763294	0.0007935617	-0.0028199300
382.101881	1787825105289108224	-0.0000071376	0.0001535581	-0.0022773749
382.210337	1787825105397108224	-0.0008691912	-0.0009709870	0.0017451123
382.293674	1787825105481108224	-0.0003656941	0.0006676415	0.0037042602
382.391302	1787825105580108288	-0.0003732412	-0.0008116385	0.0046641627
382.500599	1787825105688108288	-0.0011483343	0.0004931313	-0.0085648378
382.601401	1787825105790108160	0.0006101122	0.0001357384	-0.0009700537
382.696962	1787825105886108160	0.0000957417	-0.0006006440	0.0018049891
382.810746	1787825106000108288	-0.0007106653	-0.0003850777	0.0042944107
382.899502	1787825106087108096	-0.0008494830	-0.0006982060	0.0019193394
382.994991	1787825106183108096	-0.0000414156	-0.0009592782	0.0067734790
383.100669	1787825106288108032	0.0004268491	-0.0001804042	-0.0077793925
383.209017	1787825106396108032	-0.0001874848	-0.0010861836	0.0017870821
383.295107	1787825106483108352	0.0000970975	0.0002646190	-0.0028533425
383.407954	1787825106597108224	0.0006261482	-0.0017786178	-0.0081689460
383.489997	1787825106678108160	-0.0000752491	0.0001386489	-0.0015756199
383.587867	1787825106777108224	0.0006783505	0.0009374381	-0.0065387282
383.697617	1787825106885108224	0.0008524401	-0.0000828383	-0.0009302307
383.796036	1787825106984108288	0.0004173456	-0.0004466727	-0.0030823181
383.897593	1787825107086108160	0.0002206033	0.0016584260	-0.0028546299
383.995213	1787825107182108160	-0.0004838773	0.0001888419	-0.0015763547
384.097546	1787825107287108096	-0.0003034288	0.0010181898	-0.0041801444
384.196623	1787825107386108160	0.0006965505	0.0006852357	-0.0048217078
384.305505	1787825107494108160	-0.0002657417	-0.0006781953	-0.0005844622
384.404059	1787825107593108224	0.0007779218	0.0012104491	0.0029512412
384.500782	1787825107689108224	0.0020638613	-0.0004267142	0.0061303433
384.607089	1787825107794108160	-0.0016739064	0.0007919474	0.0000711867
384.697038	1787825107884108288	-0.0010153665	0.0000692167	-0.0075955427
384.806674	1787825107995108096	-0.0014378903	-0.0007010202	0.0003536254
384.898676	1787825108088108288	0.0007324509	0.0006301495	-0.0042242157
385.001252	1787825108190108416	-0.0002420804	-0.0002239971	0.0046205270
385.099179	1787825108286108160	-0.0002001019	-0.0008788730	-0.0017997880
385.192029	1787825108379108096	0.0010747604	0.0000842497	0.0066442813
385.290291	1787825108478108160	0.0006938467	0.0007763060	0.0033404735
385.405211	1787825108592108288	-0.0004421413	0.0001985133	-0.0020779373
385.490535	1787825108679108096	0.0019665204	0.0004788489	0.0026203910
385.611979	1787825108799108352	0.0010715426	-0.0013906988	0.0048259737
385.690458	1787825108877108224	-0.0001179153	0.0004303851	-0.0043217406
385.799294	1787825108988108032	-0.0006568419	0.0007845182	0.0024768090
385.903863	1787825109093108224	-0.0001536017	-0.0021363948	-0.0019615345
386.003637	1787825109192108032	-0.0000962759	0.0002385629	-0.0036646613
386.101140	1787825109288108032	-0.0001498548	-0.0005878028	-0.0065789571
386.197486	1787825109384108288	0.0007460775	-0.0003519740	0.0094270793
386.299597	1787825109489108224	-0.0002301955	-0.0000456691	0.0018113684
386.403116	1787825109591108352	-0.0011858703	0.0010980697	-0.0037147045
386.512513	1787825109702108160	0.0002628044	-0.0014102686	-0.0004983856
386.598474	1787825109786108160	0.0001161783	0.0003087104	-0.0023456318
386.694889	1787825109882108160	0.0002671127	0.0002881253	0.0008355283
386.798196	1787825109987108352	-0.0006858344	-0.0002387694	-0.0017434916
386.897845	1787825110086108160	-0.0007574548	-0.0002777035	0.0051874122
386.994544	1787825110182108160	0.0005251658	-0.0012263461	0.0055913829
387.107929	1787825110296108288	0.0005551622	-0.0015067968	0.0026177362
387.189937	1787825110377108224	0.0000434187	-0.0013599445	0.0023107866
387.298547	1787825110488108032	0.0002789353	0.0012779327	0.0058766381
387.407394	1787825110596108288	-0.0018111114	-0.0027179826	0.0024989692
387.498839	1787825110686108160	-0.0002517055	0.0001527956	-0.0005028740
387.609483	1787825110797108224	0.0011480435	0.0004423093	0.0002952274
387.699216	1787825110887108096	0.0009814332	-0.0000235535	0.0037508200
387.803244	1787825110992108032	0.0004840859	0.0014409607	0.0044140233
387.896630	1787825111085108224	-0.0001161507	0.0011866252	0.0012773900
388.004680	1787825111193108224	0.0001170064	-0.0003090323	-0.0021980079
388.102285	1787825111289108224	-0.0018607701	0.0005300030	0.0009296300
388.203260	1787825111391108352	-0.0005844467	-0.0010655334	0.0014275813
388.289569	1787825111478108160	0.0010419387	0.0011875838	-0.0084320089
388.395585	1787825111583108096	0.0003035138	-0.0008407112	0.0019654016
388.489015	1787825111676108032	-0.0007596842	-0.0003428730	0.0033108826
388.591183	1787825111778108160	-0.0010651442	-0.0010653450	0.0002783686
388.698835	1787825111886108160	0.0010221611	0.0017496006	0.0060889305
388.799729	1787825111988108032	0.0002298137	0.0007638377	-0.0002155406
388.893267	1787825112081107968	0.0000736785	-0.0018325318	-0.0020545076
389.004361	1787825112192108032	-0.0004853991	-0.0000989619	0.0006082670
389.103827	1787825112291108096	-0.0003044172	0.0014876616	-0.0024398170
389.193550	1787825112381108224	0.0003536052	-0.0007099376	-0.0034150826
389.306015	1787825112495108096	-0.0003722198	0.0000331310	0.0031819610
389.400068	1787825112588108288	-0.0007653186	0.0000341524	-0.0055686977
389.503824	1787825112693108224	-0.0004009863	-0.0002623659	-0.0026996858
389.601554	1787825112789108224	-0.0001179390	0.0019807251	-0.0023191503
389.698248	1787825112885108224	-0.0014951456	-0.0006948281	0.0005975315
389.797473	1787825112984108288	-0.0003486750	0.0019879462	0.0032106344
389.906443	1787825113095108352	0.0011653343	0.0010120358	-0.0053252621
390.013402	1787825113200108288	-0.0000789523	0.0003567662	0.0000592431
390.105615	1787825113293108224	0.0014577400	0.0001591049	-0.0013473688
390.207701	1787825113395108096	-0.0020663737	-0.0004133224	0.0034681431
390.291855	1787825113479108096	0.0004019830	0.0002887113	0.0003515734
390.416672	1787825113605108224	-0.0005200936	0.0002320537	-0.0019036643
390.488040	1787825113677108224	0.0005452511	-0.0001621958	0.0034008913
390.605395	1787825113794108160	-0.0006609532	0.0000206355	-0.0005852097
390.705735	1787825113893108224	0.0008147493	-0.0008321857	-0.0007258912
390.803563	1787825113992108032	-0.0004882209	0.0002765986	-0.0009332585
390.896805	1787825114085108224	-0.0005303741	0.0008898566	0.0014137158
390.983871	1787825114172108288	0.0003075612	-0.0004234514	-0.0034630323
391.102136	1787825114289108224	0.0007628618	0.0003207849	-0.0020315883
391.207963	1787825114397108224	-0.0001512019	-0.0003063235	-0.0030016851
391.300511	1787825114490108160	0.0002079978	0.0008276363	-0.0046358662
391.394428	1787825114583108096	-0.0000973025	-0.0005383162	-0.0066133624
391.496096	1787825114685108224	-0.0005423775	0.0012073073	-0.0051721666
391.600974	1787825114790108160	0.0004249770	-0.0007418135	0.0083036093
391.700061	1787825114889108224	0.0003707580	-0.0002219372	0.0050356875
391.806253	1787825114994108160	0.0000186707	-0.0001356678	0.0008336650
391.891917	1787825115081107968	-0.0004743712	0.0001531205	0.0003965011
391.993506	1787825115183108096	-0.0008074460	0.0005150783	0.0023143989
392.098727	1787825115288108032	-0.0003716105	0.0005524993	-0.0012513707
392.197758	1787825115387108096	-0.0004030933	-0.0013176169	0.0008297461
392.298369	1787825115486108416	-0.0017516010	-0.0012498995	-0.0071909563
392.402413	1787825115591108352	-0.0003981183	-0.0009444980	-0.0014146135
392.497340	1787825115684108288	-0.0007152488	-0.0000363829	-0.0015015481
392.601530	1787825115789108224	0.0008979450	-0.0005124273	0.0014643717
392.699994	1787825115888108288	-0.0002987613	-0.0001179776	-0.0016152917
392.798186	1787825115987108352	0.0009324200	0.0018515996	0.0007733497
392.902832	1787825116092108288	0.0007757527	0.0004141756	-0.0040063143
393.003146	1787825116191108352	0.0004072952	-0.0000964596	0.0005721318
393.096426	1787825116284108288	-0.0001107379	0.0003357437	-0.0070127365
393.192074	1787825116380108032	0.0002856302	-0.0000469641	0.0028616295
393.296487	1787825116485108224	-0.0009406903	-0.0007686410	0.0021750214
393.391742	1787825116581107968	-0.0004349680	0.0002006344	0.0011723089
393.504808	1787825116692108032	-0.0014992547	0.0013266220	-0.0015937763
393.599735	1787825116788108032	-0.0020866759	0.0003274760	-0.0038918953
393.692884	1787825116881108224	0.0001645515	-0.0005354597	-0.0004439104
393.806588	1787825116995108096	-0.0012304131	-0.0003179171	0.0020156566
393.897795	1787825117085108224	0.0015532797	0.0002672198	-0.0014607043
393.993640	1787825117181108224	0.0017725312	-0.0004830960	-0.0001788414
394.097803	1787825117286108160	0.0006067979	0.0001934876	0.0068100093
394.193723	1787825117382108160	0.0002027093	0.0001561690	0.0029043586
394.303233	1787825117490108160	-0.0005631836	0.0009255833	-0.0069190622
394.401048	1787825117589108224	0.0005854750	0.0008655845	-0.0013557954
394.506076	1787825117694108160	0.0001847073	0.0017779784	0.0031279167
394.595025	1787825117784108288	0.0007572356	-0.0000943867	0.0029979444
394.694630	1787825117883108096	0.0019158379	-0.0001255970	-0.0028591351
394.801216	1787825117988108032	-0.0007567736	0.0005076231	0.0044817796
394.896328	1787825118084108032	0.0009009019	-0.0000279690	0.0013637441
395.000995	1787825118189108224	0.0008146630	-0.0010725590	0.0068721646
395.101341	1787825118288108032	0.0002036927	0.0013534101	0.0021261963
395.186280	1787825118375108352	0.0014615599	-0.0001304905	0.0012321548
395.300008	1787825118489108224	-0.0000201451	0.0004393160	-0.0000334391
395.390924	1787825118579108352	0.0008656979	-0.0015210865	0.0037762706
395.515221	1787825118702108160	-0.0005971525	0.0009321412	-0.0008990278
395.608772	1787825118798108160	0.0011333822	0.0008315442	-0.0051214306
395.694179	1787825118882108160	-0.0008491345	-0.0025732130	-0.0034312705
395.802335	1787825118990108160	-0.0004201643	0.0002362283	-0.0001406367
395.896382	1787825119083108096	0.0002469917	-0.0001761393	0.0039752090
395.987329	1787825119176108032	-0.0001169847	-0.0006866214	-0.0020571282
396.095002	1787825119284108288	0.0013427103	0.0001035364	0.0036065025
396.192021	1787825119380108032	0.0009619852	0.0003348382	-0.0028091201
396.290804	1787825119479108096	0.0002694464	0.0006893853	0.0043429000
396.411312	1787825119599108096	0.0003962071	-0.0012122816	-0.0046993092
396.496046	1787825119683108096	-0.0000555106	-0.0008700170	-0.0067255909
396.605633	1787825119794108160	0.0004409419	0.0002606162	-0.0058465032
396.697968	1787825119887108096	0.0009752049	0.0009138126	0.0014790317
396.796209	1787825119983108352	-0.0003505781	0.0005646152	-0.0064887940
396.890504	1787825120079108352	-0.0013538943	-0.0004682732	0.0026870686
396.987587	1787825120175108096	0.0018213976	0.0003407835	0.0016451607
397.098624	1787825120286108160	-0.0004066172	-0.0017367809	0.0009987635
397.200183	1787825120388108288	0.0008087975	-0.0003393841	0.0009788166
397.309123	1787825120496108288	0.0011282866	0.0010855948	-0.0017900599
397.402080	1787825120589108224	0.0006293693	0.0004689833	-0.0010819085
397.499363	1787825120688108288	-0.0005042847	0.0001710795	-0.0050764061
397.604630	1787825120793108224	0.0004507320	-0.0004723987	-0.0006262387
397.697753	1787825120886108160	0.0002259566	-0.0006041922	-0.0058304717
397.808850	1787825120997108224	-0.0000963637	-0.0014688321	0.0011431632
397.892866	1787825121081107968	0.0005596460	0.0014048275	0.0125891820
398.004409	1787825121192108032	-0.0009844076	-0.0000793598	0.0054515979
398.088469	1787825121276108288	0.0003965064	0.0001422975	0.0011527896
398.203465	1787825121390108160	-0.0005769910	0.0001183282	0.0019686620
398.300239	1787825121489108224	-0.0005847527	0.0006327663	-0.0001335896
398.401496	1787825121588108288	0.0008203692	0.0000966558	-0.0007798117
398.488601	1787825121678108160	0.0007255947	0.0003850798	-0.0023031351
398.589185	1787825121777108224	0.0015532238	-0.0001208340	0.0001822785
398.701002	1787825121888108288	-0.0000919614	0.0000911997	-0.0000131210
398.806292	1787825121993108224	0.0009271352	0.0014692003	-0.0062884884
398.898618	1787825122086108160	0.0001330947	0.0009327668	-0.0015369415
399.001641	1787825122191108352	-0.0000981957	-0.0011616388	-0.0037052148
399.106211	1787825122293108224	0.0020827672	-0.0000305489	0.0028806360
399.192617	1787825122380108032	0.0002967685	0.0001863656	0.0024814417
399.299012	1787825122488108032	-0.0010322434	0.0001807810	-0.0044350894
399.393081	1787825122581107968	-0.0003005473	-0.0006347079	0.0033043475
399.491959	1787825122680108288	0.0027333981	-0.0001014384	0.0014425100
399.588313	1787825122776108288	-0.0011848231	0.0000978745	0.0000177277
399.698508	1787825122887108096	0.0007178389	-0.0000302953	0.0054770193
399.810495	1787825122998108160	-0.0004445898	0.0008459221	-0.0005255494
399.890008	1787825123079108352	0.0001694168	-0.0008743495	-0.0039464897
399.989641	1787825123178108160	-0.0013777480	-0.0012166550	0.0035627812
