# time_s	timestamp_ns	latitude	longitude	altitude	vx	vy	vz
0.106820	1787824723296108288	47.64145839312493	-122.14014479783864	117.95260992622076	-0.0035255049316235115	-0.062262602609878606	0.04227414081564753
0.211285	1787824723398108160	47.64146805698571	-122.14016754812386	116.99480744745796	0.006700858694247367	-0.016885959565176106	0.010492950016808292
0.298349	1787824723485108224	47.641462585274375	-122.1401547512983	112.56473282390658	-0.008330409440050727	0.09045036204816892	-0.003141493459222244
0.402602	1787824723590108160	47.641437315865865	-122.14016925349001	119.6412098990341	0.014228109889180865	0.09289223345757178	0.13191398350861375
0.504231	1787824723692108032	47.641489305102915	-122.14014792389315	115.78282658414341	-0.05881391954063554	-0.04194868693434553	-0.08439950100426677
0.606488	1787824723794108160	47.64144212820122	-122.14013468414754	118.00571362312466	-0.05531902462872321	0.035456696510250525	0.03363766691055263
0.690911	1787824723878108160	47.641470368454414	-122.14013220883206	120.77472362356984	0.0003809272776028338	0.035339920559480285	0.06655952286588517
0.810171	1787824723998108160	47.64151842079121	-122.14014354089458	114.0372589893488	0.041287215139305236	-0.0034035893439287018	-0.019914328154859516
0.894865	1787824724082108160	47.641476810790145	-122.14017136440421	116.02535849214208	-0.05884391702687476	-0.03184545783983247	-0.017857169705692476
0.995893	1787824724184108288	47.64147177424819	-122.14015619269985	117.09891437385815	-0.06348138001332478	0.07702926036891528	0.05744737391695325
1.101194	1787824724289108224	47.64146549442831	-122.1401256572987	116.45241919239395	0.038380526386928265	0.0652131454761256	0.024786925832512335
1.198123	1787824724385108224	47.6414622782117	-122.14018248380172	115.11462195026434	0.006963876972287193	0.021476058115012974	-0.03538572137732426
1.301916	1787824724490108160	47.64146408372155	-122.14020458716365	113.27557433211123	0.06146883308684853	0.06786347904644896	0.025212539132460465
1.394540	1787824724583108096	47.6414835942915	-122.14013383174286	120.58227259108844	0.03428237710101164	0.04774324569774058	-0.02573240349546471
1.505892	1787824724694108160	47.64148382856307	-122.14016778227436	119.64271582350754	0.005848167375342082	-0.06763887177162659	-0.04628534755789917
1.605847	1787824724793108224	47.6414353854898	-122.14017864951181	118.63284217851289	0.027163247744540705	0.04121672045516869	-0.2204058863538612
1.712928	1787824724901108224	47.64146999447111	-122.14017303269193	119.64437653826067	-0.02886377741801435	0.07410168544442104	-0.060214513586827216
1.807435	1787824724994108160	47.64146758347435	-122.14011297133078	115.5868225915279	0.010206537746752252	0.010304426363760303	0.06219610801418573
1.902822	1787824725090108160	47.6414492931098	-122.14017282110892	115.74405403376379	0.019560540289311076	-0.009745977626676089	0.004254842388672759
2.014068	1787824725201108224	47.6414816541731	-122.140164878406	115.13212649065588	-0.009552105110516683	0.04267645095227973	0.05546114035363519
2.106022	1787824725294108160	47.64147345508562	-122.14017422273935	117.34341300641474	0.024561285216112463	0.07595233939314726	-0.015025502067113556
2.201129	1787824725390108160	47.64146514661177	-122.14016449805891	112.9769346661538	-0.03276429445370705	0.10631261051318053	-0.011197847231212449
2.305551	1787824725495108096	47.64148582017379	-122.1401654895065	116.28319777372512	-0.006014413062350909	-0.012450809867714125	0.06659667929116586
2.397105	1787824725585108224	47.641463368684235	-122.14014040997414	117.2721383688829	-0.06421357535887331	0.05947650800685938	0.02777827983677089
2.506262	1787824725693108224	47.641446553295516	-122.1401615886529	116.90689965417776	-0.012417510939978001	-0.04304007757547038	-0.02802317695959742
2.600858	1787824725789108224	47.641477238798345	-122.14017356509778	119.40354930188144	-0.027117968680005655	0.023109651446714022	0.08464538456567772
2.694538	1787824725882108160	47.64146866459368	-122.14018542904212	115.76163516288143	0.10199387897567136	0.04953127680748125	-0.059904465960328813
2.801018	1787824725990108160	47.641470844431005	-122.14020319358077	116.47998862857489	0.07630783308196454	0.02660316076520495	-0.0070438274310434534
2.894250	1787824726083108096	47.6414765852724	-122.14016660191632	114.22701489953498	-0.03759294915158505	-0.04860542986832326	-0.07541728168187095
2.999946	1787824726188108288	47.64146074230638	-122.14015987166717	117.04529804468962	-0.038375898701387794	-0.030998387843720554	-0.07838056473054311
3.106896	1787824726296108288	47.641467633211704	-122.14013576572015	114.08130168112979	0.04767287168670303	0.028548780992666868	0.018521140810632605
3.194952	1787824726383108096	47.6414723231171	-122.140137032361	114.28574484241909	0.002128536953965129	0.0873953537520219	-0.06709456520062207
3.294116	1787824726482108160	47.6414432232409	-122.1401701051887	114.62511764642761	-0.0018841398733592724	0.05910227438228719	0.03765639411745008
3.403920	1787824726593108224	47.64144686741837	-122.1401779668772	116.20092162450221	-0.07713852881678882	0.03538163112603219	-0.007128954094830367
3.495017	1787824726683108096	47.641440562045574	-122.14016702856574	115.73315362677735	0.04280919937075767	-0.08279807211651972	-0.04052759122767357
3.602826	1787824726791108096	47.64148244333669	-122.14010351873193	120.00317946369232	0.016583703015940043	-0.05510473736134452	0.041025757128357064
3.692608	1787824726881108224	47.64146853800057	-122.1401618366961	116.8293089761258	-0.03711971383264432	0.09216231308114607	-0.022662449110708097
3.788536	1787824726977108224	47.64147478758688	-122.14017249223903	115.66725592763365	0.051722459036405447	-0.0603144886628037	0.03017852701387801
3.894840	1787824727082108160	47.64145350152258	-122.14017656659404	116.64601294569819	0.023678964734405547	0.02096872979096455	0.06092686890056042
3.999126	1787824727187108352	47.64146498902067	-122.140163196864	118.51618654117127	0.0470342878042661	0.02828641800552303	-0.051596430860019915
4.099471	1787824727286108160	47.64146732137055	-122.1401649742527	121.91135561520571	-0.08126055883442583	0.003435271648056166	0.07441137650386354
4.196990	1787824727385108224	47.64146774162916	-122.14015172732206	117.49943470480514	0.041071998654062046	0.02959035554283926	0.004676062063778201
4.301592	1787824727490108160	47.64146462019157	-122.14015166894848	119.54651657184029	0.029453031257193063	-0.10063764132226594	0.03257620279921
4.403603	1787824727592108288	47.6414872621771	-122.1401419659818	114.68899614385136	0.012897228483232282	-0.019740143259779797	0.0001690334188139569
4.503440	1787824727691108352	47.64145748508523	-122.14015589385572	117.36480101906177	0.05036746354015287	0.05607452217002427	-0.021741479954768668
4.596534	1787824727784108288	47.64145106060216	-122.14016850424312	117.98736745716884	-0.03738678622293805	-0.031069521741770408	0.04481609308158316
4.700264	1787824727889108224	47.64146037157073	-122.14017667240572	119.10542820104959	0.035329379346343996	0.04214986278132151	-0.0513337348471693
4.801558	1787824727991108096	47.64148463220234	-122.14016903906665	119.57408924232105	-0.01802267175936163	0.09412511334976477	0.01528338823285598
4.894890	1787824728084108032	47.64148835479074	-122.14015608576838	115.34858699140624	-0.011551263945757194	-0.06730992461233498	0.030906283706821414
5.006172	1787824728195108096	47.64147543090838	-122.14015231700293	117.52294214938935	-0.05560674862834485	-0.0629490835430243	-0.04638101402608123
5.098592	1787824728288108032	47.64146944037861	-122.14013218408783	114.66723153474778	0.03199265211411301	0.06228585042006534	0.14201198067957213
5.198960	1787824728387108096	47.641463456578364	-122.14013296944874	120.63088099277272	-0.06889289746871334	-0.031065518253003906	-0.01757716477532607
5.308859	1787824728498108160	47.641468105745474	-122.14016940636682	119.51221374279021	-0.036825139849608994	-0.039729480835806796	0.00449944211915278
5.392964	1787824728582108160	47.6414669896957	-122.14015542222191	118.22426578811938	-0.006292176052094567	0.05981393637131216	0.042449812558575634
5.498818	1787824728687108352	47.6414453503842	-122.14019410503681	117.95155330497656	-0.02009417949274983	-0.025843709785309872	-0.01530732450211041
5.596197	1787824728783108352	47.64145465710539	-122.14015460650843	120.51669252491162	0.02600597281747269	0.06946876020137921	-0.04621758149040622
5.698383	1787824728885108224	47.64145559984271	-122.14016094498034	120.68972752086513	0.04740851335752866	0.0126581174576944	-0.06991348790405111
5.807208	1787824728996108288	47.64147374000199	-122.1401797020054	114.58588231741265	0.06274354815727703	-0.009365364791494147	-0.13385703367190666
5.902596	1787824729092108288	47.64146441891946	-122.14018380740828	116.98357856030498	0.004866052839138926	0.005570483299810469	-0.03991076963604007
5.997674	1787824729185108224	47.64148911856566	-122.1401844107592	118.05252780463555	-0.07744038494316573	-0.013574107353211178	0.02767598565261943
6.103060	1787824729290108160	47.64145701041731	-122.14018558880362	114.45485690223987	0.007134034243684352	0.07035183730390235	0.08554605192380053
6.200288	1787824729389108224	47.64148294737313	-122.14014945123951	113.52459305251891	0.013135984449487792	0.016027826994266296	0.044844296814151474
6.312540	1787824729500108288	47.641466753379106	-122.14018360993934	116.25128233675603	-0.07680840985322507	0.028838690174131182	-0.07372412023608658
6.399344	1787824729587108096	47.641460506056475	-122.14020433236102	115.48877694428757	-0.04544400202095384	0.002676808744632152	0.010793763135821857
6.501493	1787824729689108224	47.641484468377925	-122.14013101755495	111.54242103988429	-0.07153066448341645	-0.03196852440735235	0.02313555110649572
6.596439	1787824729785107968	47.64148068395383	-122.14018860574161	120.37220148867468	-0.025297709231186336	0.09329144457489766	0.0941371146156438
6.706162	1787824729893108224	47.641462960245526	-122.14012246715573	113.81622263934007	0.0352414572227619	-0.02458550925451007	-0.03696751788489284
6.805700	1787824729995108096	47.64147453525595	-122.1401464378291	118.2009512975869	0.027043902514642983	-0.05242646207790711	-0.0356624874785424
6.895892	1787824730085108224	47.64143086570039	-122.14013475006783	118.18635364935356	-0.021099605103161334	0.041680849554653454	0.04757022684012325
7.010453	1787824730199108096	47.64146707967014	-122.1402089534533	116.3889691322761	-0.02994265101339699	-0.039714372231104376	0.007066550166024259
7.102563	1787824730292108288	47.64147893333095	-122.14016942211288	118.00030867828258	-0.0024528023581481344	-0.07473045293121748	0.10547972735631171
7.203096	1787824730391108352	47.64147354938554	-122.1401820960873	119.23215669153433	0.04651460010486016	0.0036151935672306015	0.06543484653537764
7.295449	1787824730484108288	47.64145663220154	-122.140130354707	120.21212322688002	-0.0769674816539457	0.030144813886439366	-0.057282972209631494
7.396524	1787824730586108160	47.64146419649047	-122.14015181815492	117.81134034210025	-0.103966913855316	0.024883418804885232	0.06620599402236554
7.494036	1787824730682108160	47.641464858235445	-122.14013510048773	115.80802326448418	-0.032769358643105144	-0.05083410070016614	0.00798760872154706
7.610944	1787824730799108352	47.64143248564938	-122.14015455305338	118.55643056962336	-0.011926059367971921	0.025499598813571767	0.0809201817380205
7.706509	1787824730895108096	47.64146330196642	-122.14016112846406	118.40148130644921	-0.05948784286238428	0.032507867236903	0.0001065266235083128
7.805286	1787824730994108160	47.64145111829556	-122.14022261772506	119.47179877054025	-0.01849346825423222	-0.08878201315250088	-0.01815260980117419
7.903991	1787824731093108224	47.64148133356244	-122.14015650885287	118.90732945203408	-0.00586887674565052	0.0039307193017847466	0.005811634520816656
7.991711	1787824731180108288	47.64147201662177	-122.14019958519997	116.84991991797884	0.08031706670905142	0.058284155558747976	0.027275090173352876
8.092740	1787824731282108416	47.64146716878735	-122.14015352470611	113.69352955711724	0.03935577201749524	-0.024301001127994118	-0.00911803329090681
8.192212	1787824731381108224	47.641481294494774	-122.14015274458318	117.74682481855069	-0.02471658532231416	-0.012178568212310465	-0.027298184474857545
8.300893	1787824731489108224	47.64147398563818	-122.14017228470888	117.05302306279674	-0.05253534101371558	0.08744073790642168	-0.02167577209728009
8.396029	1787824731585108224	47.64148180439598	-122.14014527833284	118.10395313367411	0.0011723391112266356	0.0002581787649252819	0.03958104119181758
8.505544	1787824731693108224	47.64147692477799	-122.1401904881571	112.59376066142109	0.04956208218534406	-0.016435650104170165	0.05095304565310879
8.586400	1787824731774108160	47.641493699411896	-122.14017549270672	116.3453045483749	0.02219040234859531	-0.02665168689314315	0.01114932966847227
8.700859	1787824731888108288	47.641482976520194	-122.14015587354895	117.99229648506177	0.012288380450580044	0.04079549057370671	0.03651343205482088
8.793096	1787824731981108224	47.641476871962915	-122.14013953530069	117.9325744176751	-0.03948509789891532	0.10830129729094518	0.10674197324918751
8.907433	1787824732095108352	47.64149229121203	-122.14012011068513	115.65401046143677	0.053215047163793994	0.06528201825259164	-0.05153432133767752
9.008631	1787824732197108224	47.64144437525022	-122.14013788606752	118.46475798774536	0.009534008649612189	0.046461799040818846	0.008261247053403534
9.090697	1787824732278108160	47.641451251852885	-122.14016702522997	115.92123142685462	-0.003823444452632364	-0.006901237730136978	-0.0262812215127809
9.187719	1787824732377108224	47.641467397576065	-122.14019888735163	117.30535639653377	0.07426442838146155	-0.0012707812325962304	0.006094076109590736
9.295626	1787824732485108224	47.64146468811704	-122.14019105966439	113.00564895043789	-0.06847573171116521	0.03226137462287767	0.09164219445249244
9.395693	1787824732584108032	47.641480486829	-122.14017935897348	115.59522294543903	0.04796551000519583	0.11328456618205118	-0.05813509623243403
9.491885	1787824732680108288	47.64145142037934	-122.14017403683359	117.33995179422405	-0.07394057786428455	-0.03387042544390809	-0.02526692874186802
9.601890	1787824732791108096	47.64146116159592	-122.14014651359747	115.04329981140614	-0.01610022434964696	-0.05168669386219537	0.05615931003401721
9.700698	1787824732890108160	47.64147661367745	-122.14019193143312	113.84020820842483	-0.02771341320568829	-0.022978690702266446	0.004761219661945127
9.798113	1787824732986108416	47.64147104374519	-122.14015638882886	119.1732880208339	0.013045072387095522	-0.020160562329089513	0.04418651346017068
9.911120	1787824733100108032	47.64147402011938	-122.14018497824175	113.85568705899017	-0.06222673712553685	-0.012844754177111097	-0.042589820854900456
9.990377	1787824733178108160	47.64147325759618	-122.14016952832135	119.75835614418814	0.09335623566695636	-0.0007952136487827111	0.033606853011781776
10.096224	1787824733283108352	47.641441802503024	-122.14018911887065	117.84433201297504	-0.027556180911693425	0.03061214430404094	0.05812849256107914
10.196546	1787824733385108224	47.641462508294126	-122.14017207256825	118.26930493213612	-0.01813531180384328	0.06031726280733105	-0.02034653429080562
10.307081	1787824733496108288	47.64145794064955	-122.14016367766712	118.90736320501334	0.012914362117217455	-0.09448558021690559	0.02733355581782604
10.401809	1787824733589108224	47.64145246203712	-122.14017748618376	121.95431207168588	-0.007001255284793038	0.03591311014958556	0.0222921616504823
10.512638	1787824733700108288	47.64146854735711	-122.14020213231046	119.57422566710625	0.05943225248625838	0.07518744718194842	-0.01823845553740994
10.595383	1787824733784108288	47.64147356125052	-122.14016300080024	116.64426053875184	0.0009359723252696699	0.010998987687250201	-0.04230887696943108
10.697603	1787824733886108160	47.64146585889241	-122.1401629849143	117.45282930809395	-0.011543338997813582	0.017158710614132888	0.01955507549572059
10.788620	1787824733976108288	47.64142949342896	-122.14014528949775	115.9277373309472	-0.00395579608958042	-0.046836319284885665	-0.09273947172856235
10.897885	1787824734087108096	47.641473956271824	-122.14014441487775	117.02700661652155	-0.018836649713668795	0.005618592879598226	-0.012450061861615026
10.995594	1787824734183108096	47.64146007224511	-122.14014349447831	119.23804140872568	0.03965832180015236	0.028041397809834237	0.014721699422420029
11.103157	1787824734291108096	47.6414552771696	-122.14017849228065	116.90055044072767	-0.04675801286072075	0.01808710635799279	0.0024554008216916283
11.208161	1787824734396108032	47.64149579367253	-122.14018490920904	120.80132695312041	0.05817272165765461	0.031738547602955226	0.04349708102086288
11.313835	1787824734501108224	47.641470727170145	-122.14015409984607	118.66940867497058	-0.05656475470667023	-0.011641440553488562	0.04369492736584031
11.397554	1787824734585108224	47.64147038142972	-122.14015339366321	118.40074820172993	0.009042118477143146	0.13366138837692962	-0.029018694088698983
11.489940	1787824734678108160	47.64146844420468	-122.14017131515854	119.18806882506735	-0.020953448758305685	0.00792481654801955	0.033448568874469786
11.599571	1787824734789108224	47.641479645532655	-122.14016901038407	118.80419593239596	0.01109394455659298	0.05758205967315199	-0.07952787481059831
11.700043	1787824734888108288	47.64147667540388	-122.1401767403757	114.44513064140415	-0.04402952644982445	0.09982896044006356	0.009339968579392737
11.804282	1787824734993108224	47.641476013754215	-122.14016574960725	116.08254874254747	-0.028582532102265648	0.06235605115118124	0.028291613162532328
11.902215	1787824735089108224	47.64147654566635	-122.14018460463647	118.49285959858979	-0.006531713688645334	-0.02111782346808614	0.002775459392569199
12.000139	1787824735188108288	47.64147329642231	-122.14016118595124	121.14651774495526	0.014437218849768542	0.04621528135469292	0.0912382754949555
12.098750	1787824735287108096	47.64145141311119	-122.14016464192929	119.593060480441	-0.014983741298470896	-0.06208985572897881	0.07450557300670342
12.203492	1787824735392108288	47.64148411079792	-122.14015522416963	114.24031920760405	-0.10977593571568284	0.0029686522069391546	0.0057484488065045695
12.306197	1787824735494108160	47.64147881232527	-122.14016818755539	112.3159357826774	0.08977072214175993	-0.06728256218649561	-0.13558039165888455
12.396736	1787824735584108032	47.641475733116565	-122.14015815811716	120.61006952659896	-0.03921932877569376	-0.040938515243172297	-0.03167065024542084
12.492952	1787824735680108288	47.6414764260314	-122.14016590394382	116.36695227126256	-0.04256033326557071	0.01896094158320216	-0.01888264207931622
12.585993	1787824735773108224	47.64147595394167	-122.14016159397694	115.28350150752338	0.01217317412544788	0.017313577057609327	0.008219509496964233
12.699244	1787824735887108096	47.64146618521297	-122.14016422347505	115.1329138289586	-0.055028278383094556	0.05639855575811317	-0.05309328149023293
12.793165	1787824735980108288	47.64146601016298	-122.14016859085764	115.66332318216801	-0.024501709136180824	-0.01693126650179316	0.000924978432296387
12.893866	1787824736082108160	47.64149144264726	-122.14018166826389	122.06575690325468	-0.04064170525940426	0.007080758290168041	0.060476546433675504
13.002437	1787824736190108416	47.64148082370512	-122.14013286890571	117.29802642819895	-0.08347973488484563	0.014722754326710857	0.015281236324639411
13.094307	1787824736283108352	47.64146866484973	-122.14017840696681	119.20016934489703	0.006842530752482839	-0.023786183683461557	0.02570045145979859
13.187819	1787824736376108288	47.641450905878365	-122.14019459411197	118.95145229141472	-0.08027199109029655	-0.017182076568332833	-0.007079982333282809
13.296069	1787824736484108288	47.64145777205958	-122.14016644612732	118.14099675772754	0.012875998769774603	-0.017337738148546455	-0.033288240591825745
13.386875	1787824736574108160	47.64144786906248	-122.1401484048014	118.82243126023016	-0.022213409392822916	0.03150774059443689	0.0725388141037209
13.499287	1787824736688108288	47.64145903541099	-122.14016073733377	120.43034088165757	0.030812439984349783	-0.0064459766754179654	-0.016539237634403278
13.596240	1787824736784108288	47.64147596664836	-122.14013444037874	114.02274470007444	0.042691421875232866	-0.03806071745652788	0.06252785173730205
13.699376	1787824736886108160	47.64145583325982	-122.14017604810599	118.21880603368585	-0.07903212533219424	-0.11019976763868969	-0.04974704435931299
13.795489	1787824736982108160	47.641468621449064	-122.14016359743748	116.22870551705137	0.1511387998439111	0.04284787765448646	0.13253238711948637
13.905555	1787824737093108224	47.64145566209355	-122.14015359472111	115.25442713012033	-0.0724222918018592	0.0097837119298596	-0.05050005257965571
14.009644	1787824737198108160	47.64147607480327	-122.14018363441124	116.5570200131911	0.09440957881166742	-0.003979501509831458	-0.007287377051553358
14.103540	1787824737291108096	47.64146275401553	-122.14017224142843	119.31907975890527	-0.027374855239484814	-0.006080125234427788	0.032704799199829215
14.203197	1787824737390108160	47.64146423540314	-122.14017681303676	114.66973902243777	-0.006827146597045832	0.015755910805006774	0.07300591792206511
14.297774	1787824737486108416	47.64146854817323	-122.14017328227352	116.76044986491064	0.054552973961831557	0.006964626750965383	0.061793239094026745
14.401049	1787824737588108288	47.641440342344126	-122.1401619447492	115.89708495484228	0.11021485537626596	0.054872756604086116	0.005283573057988903
14.494224	1787824737681108224	47.64147061216827	-122.14021063780373	116.435590075672	0.06798392388627687	-0.08353015434218648	-0.01164741964254315
14.612430	1787824737801108224	47.64146202113573	-122.14014790366635	117.37179225819949	-0.03671957800485364	0.05872451642567761	0.033774447496228314
14.702261	1787824737891108352	47.64147287540151	-122.14017506971545	116.01829553740517	0.021369464692923987	0.022289785652560512	-0.07715004743840394
14.807031	1787824737996108288	47.641468085889684	-122.1401821914327	118.79575010898478	0.061902347780604876	-0.06434253140918354	0.09696395476379877
14.893764	1787824738083108096	47.64147133928226	-122.14014160718537	118.39732883392975	-0.07123512778833839	-0.03280739829737536	0.044440121809596084
15.008646	1787824738197108224	47.641476553510756	-122.14016322560543	121.12288397813924	0.049006982883102596	0.030149775093003428	0.08711519564302567
15.099365	1787824738287108096	47.64149105939386	-122.14016696878353	116.41866701004004	0.07400934715237582	0.041236992992722495	-0.008048575740677735
15.198585	1787824738386108160	47.64146370236055	-122.14015200417782	112.303141650406	-0.031084529471405414	0.04189167190349494	-0.12348189608705724
15.305237	1787824738494108160	47.64147567669602	-122.14015603889993	112.63557920181943	0.024215007796658798	-0.02866571675425777	-0.04518042969633891
15.389876	1787824738578108416	47.64144511816432	-122.14017116893832	116.06599466730388	-0.007145087841537898	-0.030390977316537206	0.016013286668627825
15.500540	1787824738689108224	47.64147270508993	-122.14014930708463	112.90686633179405	0.04769201337683775	0.09752932475058365	0.027429203817793648
15.605220	1787824738794108160	47.64148424056402	-122.14018764801696	120.65247337738553	-0.03264576697804171	0.01886434219506574	-0.037319767705676465
15.693554	1787824738881108224	47.64146829094124	-122.14016731032677	118.54653638612203	-0.037295798339787196	-0.026771718136745004	-0.0060064214366154466
15.806644	1787824738995108096	47.64148722467563	-122.14015798357015	117.76342024957086	0.06016023343263347	-0.07920542595728271	0.05251567621778411
15.896738	1787824739085108224	47.64144734548437	-122.1401527559022	116.70787063846414	-0.054580004038081345	-0.025302315795928832	-0.026135478709943746
16.003153	1787824739190108416	47.6414673731844	-122.1402203929923	109.10006125936509	-0.005784908326407449	0.05487361883957625	-0.04549003037933997
16.096740	1787824739286108160	47.64146867127967	-122.14015404905938	116.53022205026757	0.03440378802570699	0.02609274905788557	0.0629548809102386
16.204945	1787824739394108416	47.64147114444014	-122.1401700132465	115.87406195293674	-0.044354093171746434	-0.011551762788405017	-0.07411273741928354
16.314473	1787824739502108160	47.641470865615766	-122.14014561329633	120.5133473678574	-0.02087991901375262	0.02776878457077768	0.017597397909758106
16.400220	1787824739589108224	47.641465262161944	-122.1401865826205	116.32006684051844	0.06307687531570699	0.050573216536407145	-0.023927928916365165
16.504105	1787824739691108352	47.641454457930024	-122.1401470691945	112.66541982808397	0.013015450388881484	-0.11461846823112481	0.007322069176590915
16.606528	1787824739796108288	47.641477009698406	-122.14016394379713	114.8954126638256	0.05867934435815563	-0.05375314992920909	-0.04677913740884873
16.702404	1787824739889108224	47.641483491524696	-122.14016871499005	113.55466245934093	0.0006497430208228681	0.010223684571483265	0.06246237234914699
16.801511	1787824739991108096	47.6414564904055	-122.14019119562556	116.68856177278205	-0.020593566422914066	0.059362100120156094	0.012745318838340887
16.894136	1787824740081107968	47.64146636513856	-122.14017850407153	117.32741840926322	-0.05522750975866125	-0.08104616211338968	-0.06677440305707162
16.997229	1787824740186108160	47.641473190420854	-122.14019821483772	118.72596999115295	-0.04162210155527912	-0.10236739419887822	0.0039004988969216937
17.088353	1787824740276108288	47.64146912217201	-122.14018932963486	116.68340600494551	0.029087473010322037	-0.03640333987166143	-0.027691264587039566
17.210077	1787824740399108096	47.64148486007822	-122.14017426410854	120.02441915426205	-0.053317450910594005	-0.08221753857862674	0.005088592231015493
17.302920	1787824740492108032	47.6414611670103	-122.14016672623659	114.87786766902727	-0.0010011225957084493	-0.0673286683815718	-0.11757580042587457
17.397712	1787824740585108224	47.64148136021151	-122.14016659884184	113.08741435665726	-0.06718698398755817	-0.08190413114290321	-0.04839532855720277
17.509788	1787824740699108096	47.641462646423506	-122.14014535586368	116.33023590830888	0.06998752063705714	-0.02695975680153158	0.01896314745562308
17.596452	1787824740783108352	47.64144928145101	-122.14017545717333	114.38120669916776	-0.035319879265717134	0.17451574429596597	0.05168496098309364
17.687525	1787824740876108288	47.64147574860686	-122.14015122912349	122.49147661097425	0.05556053655740702	0.0040123549269252155	0.06743587098752615
17.799555	1787824740987108352	47.64148483721149	-122.14018611176871	118.0708546037875	0.0363758142428288	-0.012210013174699367	-0.0699865553009115
17.892246	1787824741080108288	47.6414788086573	-122.14017683412695	117.61730970918097	0.04978219329199653	-0.04076420006509544	-0.07232037657269194
17.998682	1787824741188108288	47.64143985426179	-122.14017359337389	113.26729935699383	0.06530940562901359	-0.005045070799267186	-0.01839105999347573
18.105530	1787824741293108224	47.64146797708555	-122.14017869905052	119.98506981505605	0.05158313140966245	0.04402894489194221	0.015925795362511676
18.198040	1787824741386108160	47.641479456635366	-122.14017583376848	115.57859379515918	0.022803998164722936	0.11791031021469814	-0.04732909889411155
18.299689	1787824741488108032	47.64147995909338	-122.14012387210956	117.14925416256	0.030190826125814186	0.021458874883063986	-0.06300282046177559
18.399281	1787824741587108096	47.64147388286672	-122.14017752636032	115.62494148622892	0.014841485979077796	-0.06248498604512731	-0.05636944019829061
18.501774	1787824741689108224	47.64147106900512	-122.14012518112078	115.49843245273821	-0.039565744585147666	-0.029824151537465666	0.00942872979657666
18.606085	1787824741794108160	47.64146296673	-122.14011421829045	116.1988959531386	-0.031971223905282044	0.0440070257752907	0.04502512725350873
18.705479	1787824741893108224	47.64146113783632	-122.1401686540853	117.13841742405033	0.007347315429633252	0.12118764449617861	0.001253345703628823
18.795124	1787824741983108352	47.641469258707566	-122.140165524335	116.10376465480022	0.05552991749274375	0.06940002737551085	-0.0006225919436856633
18.906007	1787824742094108160	47.64146453318688	-122.14016460819933	112.50584427262523	-0.048950695863785976	-0.021781693001069826	0.06910508903687619
18.997755	1787824742187108352	47.641475521577064	-122.14016684187311	114.62712755713747	-0.05389311003892101	0.029201579759244742	0.06404022054306321
19.105508	1787824742295108352	47.641477386202645	-122.1401657500207	117.75067591490591	0.08543545320349136	0.014894023025072292	-0.03244546567261478
19.195353	1787824742382108160	47.6414633705693	-122.14015255878915	117.61505651034588	-0.06356084605779144	0.0008895453032548231	0.030076526646630648
19.291245	1787824742478108160	47.641477254368546	-122.14014994300398	115.94422871711791	0.037699426366400696	-0.07701866665163043	-0.02902928977253673
19.400896	1787824742589108224	47.64145898924129	-122.14018293626735	110.3288041958758	-0.01507986495754257	-0.06759998999487145	0.031014353591679197
19.502729	1787824742691108352	47.64147910633579	-122.1401688079229	112.11988761240417	0.053973136916744185	0.009817115353798549	-0.0525085743907472
19.609861	1787824742799108352	47.64147802324576	-122.14018270733739	117.64497731857655	0.043468483478267095	-0.02080925514584153	0.0647595599660105
19.708354	1787824742895108096	47.64147931443954	-122.14017451814023	115.39635462116131	-0.020929622804158218	-0.063456678831376	-0.04332406650152226
19.802450	1787824742991108096	47.64145864616973	-122.14018488716293	115.8601506114431	0.01823234493769278	-0.04429686536038702	0.08124718607002579
19.904569	1787824743093108224	47.64146683868276	-122.14018204956321	117.37512771852352	-0.02804228865791288	-0.056840314315133804	-0.060807720114507184
19.990333	1787824743177108224	47.641473847350596	-122.14016539607638	116.81348216127321	0.01561978098553881	0.004765391223684858	-0.029937355188515282
20.094272	1787824743282108416	47.64149024720627	-122.14018896794036	112.31845444300049	0.07370247460427569	-0.008299766060927248	-0.028876038797083742
20.200109	1787824743387108096	47.641465614938554	-122.14017592417424	119.47830529384895	-0.05964745414084324	0.0470518719589538	0.010588793686541273
20.305252	1787824743492108032	47.64146566441118	-122.14015524198868	115.90460779418233	-0.035605076953702956	0.002968867520315138	-0.09952010303420418
20.407654	1787824743597108224	47.641465595993054	-122.14013933573358	113.5587036999585	-0.0013111518332009813	-0.04813725373151914	0.057697295744347565
20.489906	1787824743678108160	47.641456370358696	-122.14019453097625	118.83080031557789	0.036963147096316894	0.00044360805225509143	0.023244372008957792
20.603029	1787824743792108288	47.64147236108791	-122.1401758728529	114.42053726501887	-0.016071037289858116	-0.021385063134691653	-0.09987247144924943
20.698744	1787824743888108288	47.641459397971296	-122.14018843776032	120.9963185461496	-0.0111467363131027	0.05363191906918065	-0.04656943509059389
20.794690	1787824743984108288	47.6414662976472	-122.14016549977893	117.30795453807394	-0.04481527354045156	0.022194868018316487	-0.027312551071776617
20.899105	1787824744086108160	47.64147714743129	-122.14014501409639	116.58751551506036	-0.035061815197742534	-0.02506975940617312	-0.011814542199655248
21.006079	1787824744194108160	47.641486600959034	-122.140162049427	114.79515505164665	0.0019677086913550963	0.026170111739961855	-0.07935366885127054
21.090499	1787824744278108160	47.641470170955834	-122.14016408575381	119.69759898935592	-0.010051766010584414	0.07652923400181359	0.07315791168314888
21.200035	1787824744389108224	47.64145108093933	-122.14016049840359	114.06869869909755	0.004499199613384744	-0.0027446289592663532	0.027914698496178503
21.300930	1787824744488108032	47.64147122335951	-122.14016840253504	118.60651046067376	-0.024540089106271673	-0.030793879113172797	-0.05086133746229478
21.399685	1787824744587108096	47.641465550321215	-122.14020929168493	121.24890035014487	-0.06424739336196915	-0.022892041084508107	0.02363804319899122
21.495149	1787824744683108096	47.641503946221206	-122.14018406143764	113.60476378183265	-0.015742321083002785	0.04243621130110451	0.04846587641553343
21.592349	1787824744779108352	47.641467738911665	-122.14015874661213	111.52641696891045	-0.0003412615325998428	0.049327991708703424	-0.04514341350655302
21.703644	1787824744893108224	47.641476603583854	-122.14015813418358	117.53662772085292	-0.05962347251630199	0.00716613727198619	-0.05967418350980787
21.798519	1787824744986108416	47.64144354331356	-122.14015395503435	111.4685093634546	0.014009334893748216	0.016580297648837446	0.069275533127753
21.899236	1787824745088108288	47.64147327957429	-122.14014895690022	116.25722705561091	0.00030032865037184914	-0.047128435248822605	-0.04036503892166141
22.006007	1787824745193108224	47.6414386339554	-122.1401846790495	116.46231316532909	0.002377180131376418	-0.06390055311160617	0.07299246346867676
22.099719	1787824745289108224	47.641475150873326	-122.14018345181744	115.05083511634162	-0.0620757034601167	0.012903597225289441	-0.0027273300695905747
22.204583	1787824745394108416	47.64144381096042	-122.14013730515472	114.91799360439231	-0.009212916830131286	0.12678807402779	0.07271915307670611
22.297806	1787824745487108352	47.64148404073427	-122.14018979757607	116.34244513848476	-0.03307754625582997	0.059784786986468476	0.08305666109573778
22.403881	1787824745592108288	47.64146290319144	-122.1401620897642	113.00460415469402	0.022444785932612468	0.056975747051838416	0.05777607247954464
22.488140	1787824745676108032	47.64147778912586	-122.14015808358292	118.43100823973431	0.08893982200010925	-0.05170020929085922	-0.0733416430417926
22.602323	1787824745790108160	47.64147083096655	-122.14017227332812	119.26262771276414	0.1549045482320628	0.043743013758568684	-0.024778185430146482
22.700001	1787824745889108224	47.64148459930919	-122.14019885885035	117.8752411546148	0.011010381594438443	-0.006267119286498861	0.004565761603280219
22.808551	1787824745997108224	47.641462526404524	-122.14018716590527	117.12254566352713	0.06673351270242826	0.06798437747721205	0.05678051529327064
22.901862	1787824746090108160	47.641470717860386	-122.14016790101897	116.00869677743358	-0.049062739083559924	-0.010868202523520928	-0.023084373692981552
23.003928	1787824746192108032	47.64148495484437	-122.14020289974601	115.2603774263192	-0.09745445990534773	-0.012312057183097446	0.022715443574896094
23.106226	1787824746294108160	47.641469382233105	-122.14016358620881	119.18406863028831	0.035036896690851686	-0.009386762997874444	-0.04437093019731561
23.200422	1787824746387108096	47.64145219617299	-122.14015120654861	115.48256388414428	0.024474126155563256	-0.06462638271330738	-0.0324908307582386
23.300386	1787824746489108224	47.64146535550987	-122.14015311740326	117.31102349532334	-0.01773052440419195	0.04638816637036138	0.08075878676688275
23.402026	1787824746591108352	47.641469207940624	-122.1401221141928	119.19356482395209	-0.11970842291828526	0.07127509980812353	-0.06293150973901211
23.506636	1787824746696108032	47.64146001098598	-122.14017152181974	119.76928275963871	-0.005103916354371196	-0.08621773524279946	0.09321840299831902
23.608420	1787824746795108352	47.64147373063374	-122.14014312792378	114.97413110252407	0.09538322015525641	0.005246432817857321	-0.08459828629880906
23.698532	1787824746888108288	47.641450014005365	-122.14014771888961	118.93655311716104	0.04852764353925763	0.021398214650505745	0.018975561797555524
23.803112	1787824746990108160	47.641452311925924	-122.14017960928075	119.60379826671965	0.03256107364907189	0.019622164867867282	-0.06906901459911066
23.904000	1787824747092108288	47.64145606372199	-122.14016562192309	117.62453763758731	-0.07220893579412999	-0.03473606100598989	-0.04155091730843591
24.003230	1787824747191108352	47.64147065950836	-122.1401319864822	114.5118208241362	-0.0989853863357898	0.038103983371102934	-0.033577399650529485
24.104281	1787824747293108224	47.641452747468456	-122.14018372059564	119.63964231517049	-0.06405765965217375	-0.12996338798655008	-0.01827705892049979
24.204370	1787824747392108288	47.64150275345191	-122.14015565306063	119.21065553022854	0.0013597020738954331	-0.08183858993226123	-0.04387533954776407
24.291975	1787824747479108096	47.64147111354371	-122.14014835764235	113.3460912734742	0.010023024787509945	0.02959361526779026	-0.0849883969623199
24.396104	1787824747584108032	47.64145989532464	-122.14014762802908	117.32714643535061	0.0212110859773435	0.004742091118994482	0.04095946173237832
24.513883	1787824747701108224	47.641477942771346	-122.14016670299118	114.49445988206844	-0.0464333392300581	-0.008131820947252722	0.05352775013779187
24.594496	1787824747782108416	47.64147368073075	-122.14017895434228	116.90343436649371	0.07755961141326553	0.04118682664512037	-0.004658204258483594
24.707331	1787824747896108032	47.64146276483244	-122.14014130714394	115.55887934965114	-0.0037049908897638043	0.0454653416899401	0.02972403885247901
24.806748	1787824747995108096	47.641489278981304	-122.14015503449545	116.2531968627275	0.014579547603005713	0.035646534836274314	0.05773357878599851
24.905388	1787824748094108160	47.6414761992617	-122.14015366625789	117.98901014499341	-0.0029563318924325445	-0.00599139400632881	0.00768113415158951
24.999465	1787824748187108352	47.64146401645692	-122.14015220446336	120.2093736699707	-0.03498705246039368	0.02085620017819491	0.04321810116229993
25.114684	1787824748304108032	47.641491903484095	-122.1401765859579	115.90059972300898	-0.05589409578793039	0.004599162171864003	0.017619263695756247
25.190070	1787824748379108096	47.64147831170378	-122.14019474183024	112.0804943948038	0.013146049291559976	0.01745022377259375	-0.026900532110114114
25.297286	1787824748484108288	47.6414566577649	-122.14017673876168	116.37753806466694	-0.047212665736719645	-0.021579411129803945	0.08308503753059436
25.401360	1787824748589108224	47.641446674985396	-122.14016512035532	116.88301101031804	0.025083568081720006	0.08089373709239382	-0.0029534219779950807
25.492776	1787824748682108160	47.64147630420153	-122.14017662084315	119.65392005048062	0.07435201897438824	-0.021239036239577926	0.07887146099541316
25.595003	1787824748784108288	47.641457077505585	-122.14020350243565	112.49501957535522	-0.11322127786040866	-0.12257616714375547	-0.020317813271662447
25.700169	1787824748889108224	47.64146165194126	-122.1401634392219	113.40913654348566	-0.007780249285736417	-0.03133386762662762	-0.019874330616356458
25.794497	1787824748982108160	47.64146116168545	-122.14014750467312	119.90157066376499	-0.008509931871130149	0.03715802463175593	-0.001004850396105253
25.894886	1787824749084108032	47.641475291896434	-122.1401648156044	118.27872343991741	-0.03144515540152405	0.049207239785865615	0.038083222636990766
26.008515	1787824749198108160	47.641492304022655	-122.14016645702893	119.3296512499163	0.04268729843357429	-0.048790386591679245	0.015315471162456271
26.100334	1787824749288108032	47.64146613196547	-122.14016575193283	119.9484471831141	0.020766436228334587	-0.06935071405170752	-0.057714899466085594
26.205019	1787824749393108224	47.64144787369966	-122.14015735394574	114.61712202183529	0.019340027409629677	-0.018691646550520358	-0.08083474456899614
26.314503	1787824749504108288	47.641473467336446	-122.14014435461897	114.06491299620868	0.0007358439399858347	0.07957007446318881	0.07266131589647802
26.403183	1787824749591108352	47.64149352070366	-122.14016773640554	115.2617854098495	-0.031266720683870416	0.04311621513720565	-0.051088786317034375
26.504418	1787824749693108224	47.641472594369006	-122.14015010533538	114.87493280333338	0.04614133787975447	-0.08380797746621133	0.0749931017264602
26.595010	1787824749783108352	47.64146167547502	-122.14019991466508	116.69403398597038	0.08773185978537021	0.108093122914307	-0.07197092332469941
26.704282	1787824749891108352	47.64148204620543	-122.14018778640154	121.33445509610699	-0.03214743792408208	-0.022078055663254326	-0.02610600175202791
26.803249	1787824749990108160	47.64149300935619	-122.14016983761061	112.61646594200373	0.04785434748274808	0.023115926526308984	0.029519491908354536
26.898460	1787824750086108160	47.64147100178103	-122.1401916387984	115.89521955242431	-0.05339473363887323	0.030848227174636617	-0.08818569336793086
26.985389	1787824750173108224	47.641468563414485	-122.14018699942062	113.85878068800623	-0.023511461563036642	0.0725469984531062	0.042451193956820746
27.100688	1787824750290108160	47.641459615661596	-122.14015818713366	119.53145772369096	0.005804738819235291	-0.03399517625193998	-0.07831027319891033
27.191967	1787824750380108032	47.641484347732664	-122.1401663810514	116.06692284816107	-0.01220540115044691	-0.05029612294477401	0.029478115535806385
27.303225	1787824750491108096	47.64147213880729	-122.14017803643259	117.73478485947014	-0.010709495366050474	-0.110694259631165	-0.02223805663142256
27.409974	1787824750599108096	47.64146468023996	-122.14015817624178	118.56739187260811	0.017493735349008343	0.05205446429609339	0.01753642229120694
27.509721	1787824750698108160	47.64145177761976	-122.14014378678813	115.82806486886513	0.0671841306122334	0.03579720737956522	-0.0855221010180737
27.602859	1787824750791108096	47.64147042960347	-122.14019302250084	118.1491282247041	0.03960552067026939	0.04866564559554226	-0.12882163876745042
27.702350	1787824750890108160	47.64143210340519	-122.14019856386469	117.46419497710282	0.002712196173684554	0.032406998948801495	0.008994138376094923
27.801159	1787824750989108224	47.64146010004636	-122.14017636579091	117.16770278174464	-0.008951940264201865	0.04207723053886273	0.10109186253156494
27.889849	1787824751079108352	47.64146946701255	-122.1401611603102	117.83645932225437	-0.08814582230711407	-0.03361041058002085	-0.05398923130334209
28.009387	1787824751196108032	47.64145742444421	-122.14014665656775	114.903011973911	-0.03638670580000998	0.0004168923650543522	-0.11482928074340944
28.091437	1787824751280108288	47.64147520878954	-122.14016790652394	118.30620443617289	0.021696241292240986	0.07398536391390793	-0.05510469060305269
28.203787	1787824751391108352	47.6414573680515	-122.1401885928794	118.00611924346448	0.02403705779553683	0.0006349490108953848	-0.025841971168524838
28.290004	1787824751478108160	47.64146729199616	-122.14018299399463	114.19333175124389	-0.13028172284608283	0.041624932489852266	0.1090046757491548
28.398407	1787824751586108160	47.641467564671494	-122.140185044661	121.35720157110586	0.0028428976715163495	-0.011083068564866976	0.09342300926225983
28.506453	1787824751694108160	47.64145222506397	-122.14014503535157	112.2034823488993	0.04628755124216582	0.025704024215520257	-0.04154178307685946
28.592013	1787824751781108224	47.6414565319869	-122.1401816190161	114.79410879073833	-0.019084843424878054	-0.022017216855202294	0.012781553965231538
28.701141	1787824751889108224	47.64145122660702	-122.14018110567987	111.8292858782829	0.05265216008534114	0.026027789621789473	-0.04631010484875061
28.796776	1787824751985108224	47.64144938093987	-122.14015906128105	116.47972042819285	0.024872014573139724	0.024184760476152187	-0.02181676163656704
28.902381	1787824752090108160	47.64148193100497	-122.14015086064748	121.54588844061165	-0.05299162093103369	-0.1016454259971408	-0.05467979889193763
29.004150	1787824752192108032	47.641460118443696	-122.14019613517952	111.08670975069909	0.005807175261397068	0.034943754860999245	-0.05376685988427409
29.096482	1787824752285107968	47.641489388047354	-122.14019092973537	115.70255693349503	0.04145471396346276	0.04447118957531337	-0.007687721164855989
29.209236	1787824752396108032	47.64147595163199	-122.14014695483957	116.37071295940639	-0.02171683495020825	-0.0017511630331404232	0.03569412966640389
29.299433	1787824752486108416	47.64145663982983	-122.14017785432665	116.59012609645356	0.06280156067340743	-0.03877539799325408	0.11895641262996258
29.395856	1787824752585108224	47.641474935037536	-122.14018682339679	113.8449465980848	0.11971562333260902	-0.0042385319472841845	0.01593537277095573
29.502905	1787824752690108416	47.64147070542104	-122.14019149405881	113.82290739654042	-0.016788745328284095	-0.029118857896158087	-0.019671519092410644
29.601630	1787824752789108224	47.64146121158788	-122.14019307370165	118.71086194466106	-0.054497090482271394	0.02111568525561558	-0.02735724782183481
29.710978	1787824752900108032	47.64147397795111	-122.14014894802199	113.10734312169352	0.05612213084813408	0.06983685017286083	0.02874892624924491
29.799066	1787824752987108352	47.641480141473835	-122.1401984576505	116.41026654455541	-0.02179596742622032	0.004539932245602705	0.011032966116642652
29.901953	1787824753089108224	47.64144041879579	-122.14016569455318	115.76583757517665	0.0065704152009794	0.07766199217112509	-0.008798573291714613
30.011495	1787824753200108288	47.641494440514016	-122.14018181904325	118.0720341293612	0.05311760745060438	0.04049452649403691	-0.09108878926173233
30.100340	1787824753287108096	47.64147783201017	-122.14018675609564	121.81273436638627	0.014534847263296156	0.012332819334157322	0.08531349694988455
30.198072	1787824753386108160	47.64147767909585	-122.14011956827115	118.27568546703637	0.025778544622075468	0.07419264954675273	0.09809483011090797
30.294014	1787824753482108160	47.64145258110227	-122.14015304592154	125.28492232090603	0.016704030528032526	-0.014987416853075936	-0.06863780819066155
30.407933	1787824753596108288	47.6414473691458	-122.14016451589261	116.09404280166903	0.02862009161674861	-0.09060303560181761	-0.013323927827383229
30.504144	1787824753692108032	47.641457531842576	-122.14017140883468	116.05880980277932	-0.0465615169246186	0.012801704297885958	-0.04110106183126261
30.596450	1787824753785107968	47.64147773444684	-122.1401703628161	117.62869138142528	-0.0713043964815636	-0.026287640327955365	0.13050279299932613
30.710199	1787824753899108096	47.641459480934905	-122.1401722679315	116.86171636224938	-0.08851372372438167	-0.05113514150606046	-0.023329971529696097
30.814459	1787824754001108224	47.64148936367985	-122.14015194453444	116.42864645133643	0.0018474703879657467	-0.0010415242104492043	-0.01964411239188131
30.888507	1787824754076108288	47.64146070811804	-122.14013412069939	117.13234527450282	-0.03851511850007555	-0.03576349611787729	-0.013101054580098645
31.002807	1787824754190108416	47.641438520385215	-122.14017800603389	115.39628813950443	0.06726577389377329	0.11687256028855608	0.06996796436824299
31.101176	1787824754289108224	47.64146144921811	-122.14019191988517	118.13914703379464	-0.021452675057494305	-0.03650042930298294	-0.02900022139120998
31.205721	1787824754394108416	47.64145339600526	-122.14019910672341	119.55747985341937	-0.08095928364175774	-0.046555978757213276	0.042253134511721815
31.304103	1787824754493108224	47.64147735723537	-122.14014622699202	115.85857133425523	-0.06987790000043402	0.013449916225488974	-0.09332011856746472
31.388635	1787824754577108224	47.64143185837946	-122.14018340791397	117.07530164245594	0.015441677842987604	-0.04795458284161771	-0.05110244020871908
31.494800	1787824754682108160	47.64147416683778	-122.1401881856795	118.04505666354002	0.03734548920308088	0.04247383676949934	0.07170737611339657
31.600781	1787824754790108160	47.64147923453156	-122.14016652111339	116.92447910543915	0.02709914871747078	0.02610141977066002	-0.010335110401532364
31.713655	1787824754901108224	47.64148365083165	-122.14017467708128	114.69697767521266	0.010748312912721993	0.027280644204345283	0.10786454696900312
31.797112	1787824754985108224	47.64147138556249	-122.14016331817945	117.81834400764986	-0.062238427215638506	-0.04665219102196114	-0.06429587381180932
31.899480	1787824755087108096	47.64146822030148	-122.14016150901934	120.54498786519949	-0.041034466748560386	0.036907767277413975	0.002384371301553128
32.001546	1787824755189108224	47.641468572513325	-122.14015330877419	117.528692082002	0.04571971303172473	-0.09388796655563009	0.0017741370737850669
32.107305	1787824755294108160	47.64146183679414	-122.14010771184132	115.93087776315839	-0.056192338883396545	-0.027969940183025555	0.005704042939344301
32.199510	1787824755387108096	47.641464118449306	-122.14019754666738	113.05837873295316	-0.08723751489485931	-0.1419395165592447	0.0480478303895698
32.293456	1787824755480108288	47.64146667493967	-122.14016560810433	116.08980269504816	0.035647116428007955	-0.01646246528897106	-0.0345532279731413
32.410670	1787824755600108032	47.641463637147936	-122.14015170802162	118.40921035413888	-0.014164201195523885	0.03809618215356647	-0.006634868000731136
32.493253	1787824755681108224	47.64146390622799	-122.14016091313115	119.1144396414469	0.10186330594077152	-0.04568691585607949	0.0557623114094886
32.609399	1787824755798108160	47.64146953019367	-122.14016633826598	117.30744066310262	-0.04800774567874664	-0.08366350173878732	-0.020030352598579326
32.699267	1787824755888108288	47.64147618897072	-122.14019403316269	115.36668752056767	-0.02020962851866137	0.022796461183721473	0.03876799456322341
32.796482	1787824755984108288	47.6414356187012	-122.14018230565947	115.7858574647473	-0.056182593545112416	0.023046554086414636	-0.0071088919988598585
32.904580	1787824756092108288	47.64148422929018	-122.14016296825727	111.37570470795245	0.09573793043438089	-0.04694070106247743	0.02458030591970506
32.996568	1787824756185108224	47.6414730778871	-122.14014350569452	113.90748463469076	-0.04746758862502973	0.046142468343114584	-0.02042780531491306
33.103081	1787824756290108160	47.64146638607329	-122.14016449213695	119.54886211898169	-0.025576066594317853	0.05738523200413044	-0.001969061610435791
33.189850	1787824756377108224	47.64145732698245	-122.14015530685522	120.029828240105	0.10507666399741525	-0.04648392001708361	0.04723066152084043
33.310406	1787824756497108224	47.64146925050165	-122.1401587712668	114.37021587049665	0.07195769326587444	-0.05035855085129266	-0.015098198250956131
33.388627	1787824756578108416	47.641470495840835	-122.14012256998856	122.4996087477251	-0.009174187080618028	-0.0329475287278421	-0.08805461533817865
33.492358	1787824756680108288	47.64148873934311	-122.140196140565	120.61261238985959	-0.010243676213620262	-0.002812362270264018	0.029076126956697104
33.597801	1787824756785107968	47.641436660072124	-122.14015083378253	113.08116313289412	-0.10491964416412201	0.04792942938003026	-0.0012017701155903285
33.698463	1787824756887108096	47.64143526417009	-122.1401580641838	119.97919513419501	-0.0008008279127198148	0.004454411650462672	0.0037566357378451265
33.794838	1787824756983108352	47.641444055986824	-122.1401756970286	115.9705161783767	0.06166777234533204	-0.016225671571111596	-0.06520762620088423
33.894458	1787824757082108160	47.64147318860107	-122.14017306458489	119.09844091164165	-0.05595296698165504	0.01817711824328697	-0.050819503556775905
33.996635	1787824757184108288	47.64147335093561	-122.14016050630676	118.1268996353314	-0.09800562315205558	0.05540881815796605	-0.04956680844150265
34.097080	1787824757286108160	47.641461288387745	-122.14017350715967	118.51051226309721	-0.056547951863366676	-0.05695275064231342	0.04142895945785656
34.206009	1787824757394108416	47.64147371052725	-122.14016426248293	116.54947271525204	0.027460131006549145	-0.007508594916846644	0.005250473122409864
34.292087	1787824757481108224	47.641481100894346	-122.14017104562	117.8583543825918	-0.11814373733552096	0.04906851618151863	0.03403658631140038
34.403537	1787824757592108288	47.641439577334964	-122.14010914153997	113.55792595279773	-0.08570007358200252	0.03889009908067433	0.06848978792549953
34.503586	1787824757691108352	47.641479907861765	-122.1401601128569	114.57259955479886	-0.022429515072740585	-0.002382826005553728	-0.06382918002420411
34.604657	1787824757793108224	47.64147638605111	-122.1401682843927	119.3356810861625	-0.01588690147140466	-0.011400711263848107	-0.011161230794642528
34.697483	1787824757886108160	47.641484496161134	-122.14020338205754	115.27351793216587	0.004027252926017618	0.011984616071039234	-0.012603625468079888
34.799255	1787824757988108032	47.64146820139484	-122.14018301424244	118.1239446319669	0.048081129108479365	0.02088009639703141	0.013803354245346742
34.898191	1787824758087108096	47.64146375602913	-122.1401823894846	114.38343871774435	0.0022854765337074288	-0.11458788098857782	0.040500862982580654
35.001310	1787824758189108224	47.64145662932918	-122.14018940727017	115.38657426086793	0.05071977339935935	-0.0015691558392828533	0.010888551186856154
35.097781	1787824758285107968	47.64146771521375	-122.14015356234073	112.61291649706756	0.044981612471310495	0.021995966998524595	0.0859743270657335
35.195077	1787824758384108288	47.64147455975306	-122.14014008242405	115.81243179539467	0.018145487276447252	0.03991050494676962	-0.04753147124838067
35.303088	1787824758492108032	47.64145942857908	-122.14014544701696	119.15484305331395	-0.014654015488809239	-0.023064231599358564	0.0025227921956467066
35.389187	1787824758576108288	47.641432482945355	-122.14014593676147	117.45206608768265	-0.04079917295792859	0.008344549934020572	-0.08034741614534287
35.497925	1787824758687108352	47.64146927606093	-122.14016035691796	113.50546319874434	-0.008617816976504922	0.013627891406933197	-0.019579009154186214
35.601284	1787824758789108224	47.641471087632155	-122.14016850842883	119.85477631248608	-0.03737064037577164	0.13554810926334052	0.031159447955542614
35.689400	1787824758876108288	47.641461869358274	-122.14015118543753	117.34447438556455	0.03206910744326932	0.057543686474125944	0.03949507975355493
35.805208	1787824758993108224	47.64146138593958	-122.14017783750923	120.62483124108498	0.0049305567427211545	-0.09482501220262404	0.1191164648338228
35.897465	1787824759086108160	47.641467924249284	-122.14014088434631	119.3746467917842	-0.060566627304851364	0.049467865369836626	-0.013031397737261583
35.994920	1787824759182108160	47.641475522561436	-122.14013099994972	116.43553201728618	0.013059770535755147	-0.022841938364039874	0.036560084052520196
36.096484	1787824759284108288	47.641487267112375	-122.14018213354426	114.20712679453321	0.07511991036089585	0.043693992630123246	0.056981288685976565
36.199388	1787824759386108160	47.64147432753446	-122.14016697050972	116.09308756868816	0.06419170353778406	0.06695332648898411	0.024690101019945624
36.302772	1787824759491108096	47.64145474989595	-122.14013558127358	114.73277048527842	0.011731749286707192	-0.025663358470411426	-0.01673020485379745
36.403700	1787824759593108224	47.64146827500208	-122.1401544302974	113.85262011768677	0.013328890826041134	-0.000566391190769405	0.04408596859336489
36.498865	1787824759686108160	47.641451698000225	-122.14014403228136	118.39134622905249	-0.08001851995790027	-0.011552152441251667	0.04479872699683783
36.594111	1787824759782108416	47.6414698647762	-122.14016165303018	120.6900105483855	-0.015975570887154053	-0.0453060238024586	-0.06572413397374277
36.697807	1787824759887108096	47.64146047101249	-122.14013857432859	115.55310309176728	0.06573723272994367	-0.01571496095132218	0.00017076388788587517
36.799369	1787824759986108416	47.64144917220494	-122.1401377239938	119.75300716647813	-0.03706878311503268	0.12504149651897584	0.02339258157162764
36.903745	1787824760091108352	47.64143542013891	-122.14014736797412	115.97535080388157	-0.00012724108589705523	0.04202606903042091	0.09005858982211597
37.000492	1787824760187108352	47.64145392835296	-122.1401509183177	118.4851436555391	0.10122628887816461	-0.06007249812724156	-0.02210246433272152
37.092227	1787824760280108288	47.641466223986264	-122.14018814482688	118.64588467881211	-0.033005302342105275	0.005496915139363041	0.04250328180334049
37.195689	1787824760385108224	47.64145954184801	-122.14018972072935	122.17546164030301	-0.07230775576924793	0.01609829330883481	0.0582699095276683
37.305760	1787824760493108224	47.641464724245516	-122.14013938125785	118.4814326591981	0.0032742894812360906	0.00383778624882588	0.06996073520735055
37.393973	1787824760583108096	47.641469746433	-122.14014681433535	116.82155646740141	0.09085275708609897	-0.03611784312869726	-0.019902838233734545
37.503633	1787824760691108352	47.641466899659406	-122.14014338439503	116.01519593512577	0.01454023564104581	0.05579617319974797	-0.006362579691895851
37.597969	1787824760787108096	47.6414749233852	-122.14016456862066	118.82482403490194	-0.07645431696565363	0.08013170533065272	-0.02903243573396936
37.701352	1787824760889108224	47.641470165959696	-122.14014526113043	118.06210411881432	-0.030219035131236534	0.02855921115737922	-0.08436228433747703
37.790136	1787824760979108096	47.641464248809214	-122.14015627765379	119.84082564606356	0.0011736042786176766	0.05477317252297686	0.05932898317589509
37.916673	1787824761105108224	47.6414856823194	-122.14014756168986	115.50151394941278	0.03835499928035925	-0.03411441733851585	-0.0020674693629820734
37.998817	1787824761186108160	47.64146488452193	-122.14015607430981	119.77367725211307	-0.01067428684587313	0.03878518008087985	0.006876442118673109
38.095065	1787824761282108416	47.64147509615612	-122.14013756551932	117.68714507701934	0.01569663864245518	-0.004209727739167395	0.025236622707351188
38.204970	1787824761393108224	47.641451435672394	-122.14013038074368	117.1207945116883	-0.044802230904073294	0.008912344781429472	0.05874033182235014
38.300188	1787824761489108224	47.641480755459554	-122.14013227500206	116.45397125961019	0.048570889452524725	0.05419786189602023	-0.04743004449871338
38.403629	1787824761591108352	47.64146751145205	-122.14014245948556	116.60389542378904	-0.03462139350448385	0.01748984383973856	-0.0702051732604022
38.489346	1787824761678108160	47.64146253523299	-122.14017216573043	117.55438683863308	0.03879951337330192	0.10195371646505991	-0.08001531248952486
38.600145	1787824761789108224	47.64146215955837	-122.14013751990326	117.13806312135821	0.046260597910015605	-0.012736565155710004	0.10743437092012192
38.694383	1787824761882108160	47.64145918018708	-122.14017910494121	114.86407966476544	0.0010025761807500003	0.03288527469373283	0.034886202752468884
38.797527	1787824761987108352	47.64144975161443	-122.14015879494974	120.61863167808718	0.0023926710625420686	0.017428129190118807	-0.024029686804750133
38.900487	1787824762089108224	47.6414598921875	-122.1401555506999	117.12014021565702	0.0021193512339238853	-0.05732402258200501	0.007900099071307887
38.995836	1787824762185108224	47.641449104530714	-122.14018082086041	119.017922620165	-0.01087455071493792	-0.03937043647188587	0.030248423813422992
39.099399	1787824762287108096	47.64147655855806	-122.14014598869414	116.5148734604426	0.027741771729613098	0.028396357428460358	0.0038018200450988925
39.208607	1787824762398108160	47.64146011697388	-122.14015464194784	116.41403988540489	0.00774629810130347	0.003469080744130807	-0.06356200862511734
39.302699	1787824762491108096	47.64147121884684	-122.14014589431325	117.2296563194837	0.02239178815294303	-0.017524726131775404	-0.03614158794202232
39.403896	1787824762593108224	47.64148699638795	-122.14017248989506	117.11808970593064	-0.13075385230051534	0.008811050047391562	0.06483687113741397
39.491755	1787824762680108288	47.641484568260545	-122.1401827055545	117.17236962760312	0.04820519579546056	0.0050651594126762045	-0.07188664984534214
39.601334	1787824762788108032	47.64147796752717	-122.14017928718552	116.83889521494952	-0.01443552973991015	0.009652420179594723	0.028588031400790245
39.704286	1787824762893108224	47.64146930514297	-122.14016331910497	117.80839109053332	0.012078982460327757	-0.04927275458134745	0.036668904360294005
39.797805	1787824762986108416	47.64145269678171	-122.14013813818924	115.12215276641471	-0.009395269114221757	-0.007267789760754447	0.016578307997180786
39.903627	1787824763091108352	47.64149123207206	-122.14014293161817	117.62862200661493	-0.022665411178102546	0.0553771208551045	-0.015375817369393988
40.000882	1787824763190108416	47.64148646327643	-122.14017167729828	112.1867856432489	-0.0028169885439518626	0.04495934559604002	0.05683458068986924
40.089638	1787824763277108224	47.64144884651528	-122.14015480239783	115.40300866548256	0.03496738065546814	0.0429928850215666	0.003687707318061456
40.204639	1787824763394108416	47.641481188219316	-122.14016002901703	112.66603465130038	0.06871892181254852	0.04863951445729666	0.057033571051124665
40.304294	1787824763493108224	47.6414661459561	-122.14017966157614	117.45989129425261	0.02844315092552789	0.04623260646503414	0.09732341385539267
40.402127	1787824763589108224	47.64148284839431	-122.14016194577708	115.93613492281986	0.035138232880298687	0.04223785185710749	-0.06707957854565443
40.496364	1787824763685108224	47.641477434391575	-122.14017913987963	114.75423256771852	0.03926487999243001	-0.06030416138789292	-0.1163867772380294
40.605429	1787824763793108224	47.64144483558566	-122.14015348171287	116.78076881557027	-0.03983020835256698	-0.038847017063874376	0.07461811764038705
40.704398	1787824763892108288	47.6414689616551	-122.14015140753513	116.1028567090604	-0.09107278345986503	0.00719905342847715	0.017175341523268748
40.802023	1787824763991108096	47.64147323157853	-122.14014831837672	117.66836432331037	-0.01468469454434098	0.051367026125998805	0.0060069664834253985
40.908080	1787824764096108288	47.64146569637045	-122.1401957506804	115.15515904537753	-0.034232739107645384	-0.0868435429310061	-0.010071426219857418
41.000077	1787824764189108224	47.641470137816185	-122.14017722039317	116.17924050855812	0.034036900413198214	-0.05171680802583346	0.018406328554434342
41.088313	1787824764276108288	47.64146609271766	-122.14015938903306	116.37941527985355	-0.03361873683564242	-0.04955998634197231	-0.010150091669689144
41.210279	1787824764399108096	47.64146578646267	-122.14019383271686	117.41757066673622	-0.016877320995503615	-0.0067070752657076545	-0.03711388515897861
41.302175	1787824764489108224	47.64147943624558	-122.14019343234833	119.57237626400085	-0.006554266358249196	0.03741674116506527	-0.005916990813174942
41.402750	1787824764591108352	47.641484771989894	-122.1401557555586	121.19896747291753	-0.025549919689646122	-0.06270987778990725	-0.010772545449202786
41.495021	1787824764684108288	47.64145946179615	-122.14014055971111	114.25579831506667	0.014434710824064579	0.056392221583149583	0.061706607425971054
41.595018	1787824764783108352	47.64148766322509	-122.14017026048455	117.62796837185456	-0.04753426988855966	0.0106434408278089	-0.007801298087029656
41.703700	1787824764891108352	47.64146801545516	-122.1401590916783	117.25622532458395	0.04113283701858922	-0.04590762884090893	-0.036264694549120034
41.808617	1787824764996108288	47.64148227425366	-122.14016103650052	112.06051873105561	-0.023818049555051506	0.04461370250030394	0.021630746663678
41.896540	1787824765086108160	47.64144100811385	-122.14017448777501	116.71555131594016	0.05498636464258849	-0.005983626871312709	-0.019781083547410785
41.995795	1787824765185108224	47.6414740889383	-122.14015543968254	109.98731712367714	0.06436572775250883	-0.0365661753787812	0.03517084296424751
42.099670	1787824765287108096	47.641489849038926	-122.14018244697479	116.88288048918791	0.08501709671879829	0.04750244921005971	-0.012043274445371238
42.203184	1787824765392108288	47.64145755999735	-122.1401702158188	119.32265713006893	-0.08257637863327374	-0.03367302463216576	-0.04512849423839748
42.307846	1787824765497108224	47.64145305196775	-122.14018770902972	118.50711648431695	0.07739765749938672	-0.006673106366233886	-0.018666288553285174
42.402786	1787824765590108160	47.6414523571498	-122.14017486850125	119.21582438566078	0.0666130844651883	-0.010238544367684677	0.027047324187898916
42.491608	1787824765680108288	47.64147118852216	-122.14017597782703	114.19889787769307	-0.03400246632698131	-0.03770167607660901	0.030457074416339266
42.590015	1787824765779108352	47.64148460192498	-122.14016739052012	113.38341163636211	0.03983506394027559	-0.012359659102206214	-0.0385627479078057
42.699901	1787824765887108096	47.64148426282119	-122.14017278923788	118.18067196815947	-0.022059564482622626	-0.019799300753177977	-0.04355392721749943
42.796391	1787824765983108352	47.641460542241134	-122.14017765586948	117.05942883185388	0.004315250699884113	-0.004757916157208138	0.03241630584215124
42.901504	1787824766091108352	47.64146889439531	-122.14018572714028	116.75971190332186	0.0058983357397834404	0.005331813038259437	0.045265290781832175
42.999295	1787824766187108352	47.64146805701499	-122.14016571933412	112.56400266558813	0.0101866113237514	0.03286561013365587	-0.08366488088958575
43.100824	1787824766289108224	47.64147583951325	-122.14016693250429	117.50033439294604	0.0784155980749514	-0.0646711788745417	-0.10193898144112537
43.211425	1787824766400108032	47.641497194045016	-122.14018905303944	119.57618941363758	0.033688995774133194	-0.03191699617147628	0.03852804304642706
43.307569	1787824766496108288	47.64147318870879	-122.14019022701552	111.43980728509659	0.018488040566870048	-0.0020385926459333963	-0.0002978875090593903
43.404209	1787824766592108288	47.64147760382174	-122.14014911514305	113.21152027066941	-0.01306786428613681	0.04314229373039596	0.04112064025802517
43.501095	1787824766688108288	47.64149240798767	-122.14015140230065	115.8262821128262	-0.004382667445612462	0.050477586206127745	-0.0746603243335808
43.602054	1787824766790108160	47.64145970802973	-122.14016556643219	114.29971055794363	0.0017209909526104278	-0.026404401148389784	0.01660663030032091
43.711595	1787824766901108224	47.641462869258824	-122.14017362337513	115.58130109561513	-0.06040752401709529	0.011835619265345466	-0.06942783291004236
43.792381	1787824766979108096	47.64145000309074	-122.14015255616933	113.01398972707621	-0.05187602684753281	0.023284528748248406	-0.004772983225386689
43.902854	1787824767090108160	47.64147981529327	-122.1401781140619	117.00763595527708	0.11488789194963807	-0.0076903999342379644	-0.10114230886083825
44.000090	1787824767189108224	47.641468437512316	-122.14013446139082	115.46226051376729	0.005869675806119808	0.006246592785257004	-0.06918417766666482
44.093654	1787824767282108416	47.64146546718083	-122.14015795651568	116.4416188935671	-0.03898816238284606	-0.0233593833699228	-0.020529517605142527
44.190709	1787824767378108160	47.64147005497272	-122.14015853569869	112.51203322742226	0.014760027707551719	0.048201483460919695	0.02936454554651749
44.293911	1787824767483108352	47.64145082025363	-122.14017000407414	118.21489811597158	0.05748250982067167	0.05292089502052605	0.06649787895511998
44.391874	1787824767579108352	47.641464633924826	-122.14016367084757	115.20717176983943	0.05950216793181217	0.01592210991740736	-0.0005541690906666416
44.486206	1787824767675108096	47.641461074627664	-122.14018338286947	117.83214180223663	0.03965764958622939	0.046906281793751455	0.0515551153191012
44.611641	1787824767801108224	47.64144759025499	-122.14016465668603	122.40691832889279	-0.04945560287047415	-0.06009513312984921	-0.015828623517588132
44.696973	1787824767885108224	47.64145326865601	-122.14016834235301	114.04538767672304	0.07112010305237364	-0.090744487667084	-0.05519566384823195
44.793555	1787824767981108224	47.641489391546905	-122.14015591075088	120.332521663607	0.028958479610191254	0.048944305071912164	0.03943047674805417
44.901556	1787824768089108224	47.641468065616586	-122.14018317781863	115.88318285065604	-0.021354304263970034	0.09019418543040707	0.05924452749546301
45.002422	1787824768191108352	47.64146291302028	-122.14015954738716	116.85591032298751	-0.04593748962154204	0.04967430005093667	0.052438297058580885
45.094792	1787824768284108288	47.64146910870465	-122.1401436536199	114.86237554221057	0.0004935547998168771	0.06754291436431387	-0.05887075565773883
45.196452	1787824768383108096	47.64148059980167	-122.14013765358803	115.2905608680838	0.05142851780303917	0.07567420824483363	0.026615615784033556
45.302645	1787824768491108096	47.64148608857132	-122.14015380980149	115.72211052738204	0.05456178925977606	0.10326504875287892	-0.05794838747056137
45.404898	1787824768593108224	47.641468928275245	-122.14011665522898	116.38427482239517	-0.026145283718522917	-0.019119309762041688	-0.10242257693547943
45.489943	1787824768677108224	47.64147252840002	-122.14018949709293	117.95149945972756	0.07842561117275322	0.0951162112851247	0.06053549767129607
45.586810	1787824768776108288	47.641473580616854	-122.14014660901503	113.86865008468469	-0.038891291557017475	-0.05285221875963262	0.009129627475824569
45.697972	1787824768887108096	47.64147529993033	-122.14016108995979	119.8608212245362	0.03791568111621965	0.044103752600631756	-0.07451289202313116
45.813581	1787824769001108224	47.64146095733167	-122.14014878002183	117.15218790981258	-0.005510307388012999	-0.014594280496404564	0.009062291122458103
45.901977	1787824769091108352	47.6414592569216	-122.14017097801532	115.10504148955275	0.04399668342614557	-0.02847715469894855	-0.08528090379544001
45.998113	1787824769187108352	47.64145464651825	-122.14014985743	117.76920150104064	0.03751462207959418	-0.0034416173431159186	-0.02482950193000828
46.101905	1787824769289108224	47.6414698748456	-122.1401823818017	118.32404301182899	0.04272879465177807	-0.03886386298955453	-0.03172573758980692
46.207879	1787824769397108224	47.64147775060647	-122.14016779596878	111.70604972416251	0.024954010871665523	0.01963167803012156	-0.02969293641947264
46.299600	1787824769487108352	47.641468404253615	-122.14017143832494	116.65775566590312	0.021519793929515724	-0.07630868134102303	-0.0644394888929285
46.400356	1787824769589108224	47.641462409178914	-122.14016958561282	121.00886208961775	0.00866173914367235	-0.017249587606921708	-0.002356732084889065
46.495707	1787824769685108224	47.64147583368123	-122.14017503587789	117.0381668571713	0.04795642574077777	0.00957133824986311	0.04570052511648935
46.599840	1787824769787108096	47.64145876600959	-122.14016907784315	114.52531094269102	0.058100022165695264	0.037463616959348155	-0.019196895161427092
46.691804	1787824769880108032	47.641469569120275	-122.14017727100563	110.91130042468384	0.06842939147123155	-0.07908073701215024	0.09186475423960616
46.808016	1787824769997108224	47.64146617145811	-122.1401603253962	120.89388185100498	-0.03808707205025294	-0.05510457532093197	0.008783175267503293
46.904814	1787824770093108224	47.64148067750448	-122.1401883476608	115.45313845514205	0.03900787825328691	-0.06894979699864213	-0.045673073686071285
47.008062	1787824770195108096	47.641477893483646	-122.1401484242049	115.73585325845056	0.059218424851946866	0.027574170065520653	0.12166037898396376
47.092673	1787824770282108416	47.641465008254556	-122.14016307914015	119.55305028748715	-0.0037921216981171902	0.12553358672607143	-0.05724904493022362
47.195551	1787824770384108288	47.64146457356592	-122.1401639977986	119.67018837842045	0.04844203937807544	-0.07019338206467825	0.04539846943446698
47.305483	1787824770492108032	47.64149674695345	-122.14018402998911	114.36574237323809	0.08126430015395236	-0.04940188043899632	-0.06056496329393599
47.403372	1787824770591108352	47.641478522139266	-122.14014017169711	115.40896223120265	0.03673425697878295	-0.03557346084149363	-0.017865061422666244
47.495036	1787824770684108288	47.641473742942885	-122.140191191967	115.95467973239292	-0.004280585537803027	-0.05764026946001721	-0.041136762900954235
47.612061	1787824770801108224	47.641461312160345	-122.14014189022679	119.04522143769756	-0.010877764190491787	0.05149192933581113	0.04352791136997957
47.709335	1787824770897108224	47.64147827124438	-122.14015387591596	118.77364779316828	-0.10976080023925201	0.038727266428881	-0.07922734397992957
47.799722	1787824770987108352	47.64147696650097	-122.14017216533938	116.68180573313505	-0.007818285553315306	0.02266449352908487	0.011792573330267389
47.895851	1787824771083108096	47.641487585092925	-122.14016451436339	118.72568003363406	-0.09119163357172017	-0.03302909108652367	0.003676418423851076
47.995150	1787824771182108160	47.6414891944062	-122.14015175254211	117.03071464322215	-0.12527115978253966	-0.04358737389367444	-0.012436701957960199
48.095122	1787824771284108288	47.64146952740392	-122.14015501279185	117.42083411887616	0.07251290514719143	-0.03896325791595622	0.04113448603264651
48.199184	1787824771386108160	47.641469422766846	-122.14015593902467	119.99889463647915	0.12367656060538677	-0.09207080520567915	-0.029809199667081978
48.308294	1787824771497108224	47.64147762177464	-122.14013846010873	119.59413129066259	0.04777070726186068	0.02957857504170674	-0.04268611270033182
48.398823	1787824771587108096	47.64145513161835	-122.14014628556389	118.92043180146177	0.004377850701762406	0.03197467193538594	-0.028653991005740145
48.502236	1787824771689108224	47.641463595425016	-122.14015185344282	117.45109667620702	-0.11075099174443036	-0.09376465468708807	-0.009503019562116279
48.597747	1787824771785107968	47.64147391442258	-122.14016447206107	119.41107252678879	-0.0010180873377106181	-0.024249430232310857	0.02074000475792368
48.698826	1787824771887108096	47.6414724956689	-122.14015902274278	120.4232307648654	-0.02732709212270383	0.017910749536604265	-0.06997644063075349
48.813000	1787824772001108224	47.641493911118225	-122.14017014181472	118.2329563135421	-0.0034116844454260076	0.05890642070956891	-0.0019636541699378433
48.901096	1787824772088108288	47.64149412088146	-122.14017899824614	114.71292268028287	0.12984069684156985	0.07031903036343033	0.03340724647074108
48.997096	1787824772184108288	47.641454739194266	-122.14017168920388	116.35428386815548	-0.029099932914666768	0.027626424289165855	-0.046262304444114194
49.101606	1787824772289108224	47.64144924366833	-122.1401722989754	114.32279407532586	0.03418980986636807	0.05145554526107097	0.022455806170025742
49.201225	1787824772388108288	47.64150112214622	-122.14018688597469	118.13341823055057	-0.015650084028977603	0.035913610885637104	-0.016303189599006906
49.301230	1787824772490108160	47.64147744949942	-122.1401533153505	116.87588582663003	0.03417754528801554	-0.010327838389475668	-0.014031355740215606
49.402706	1787824772592108288	47.641480526492934	-122.14016108154011	116.1953990951493	0.027327648624494435	-0.044630579374811886	0.05274806088182465
49.496041	1787824772685108224	47.64145475519074	-122.14015702771944	119.32731782133085	0.047078739541054744	0.057065799309614244	-0.07338418891345398
49.602061	1787824772790108160	47.6414667049416	-122.14016870749451	114.59506341153227	-0.04177859768734673	-0.07839058278424915	-0.034947904279133565
49.697987	1787824772886108160	47.64145136274255	-122.14016485821446	120.2942004962299	0.0984435645897199	-0.08562550596898298	0.00889841730871333
49.805242	1787824772994108160	47.6414819135439	-122.14020510701371	114.91655685788527	-0.010995520642929264	-0.045306300382558784	0.019098293057993133
49.894988	1787824773084108032	47.64147943734986	-122.14016511858006	116.45108696105244	-0.05173348225549184	-0.013542270743142112	0.056191261102110826
49.997926	1787824773186108160	47.64144616310646	-122.14021089519706	113.53835330783379	-0.04312881920183903	0.0009401556158197815	-0.09070233231979853
50.106954	1787824773294108160	47.64144323702668	-122.1401869472055	118.73992508862004	0.0945318831238135	0.07908210041666482	-0.06645145836297585
50.200155	1787824773387108096	47.641468041725936	-122.14018858219704	116.54891857454399	0.0964304899761314	-0.030212735639174648	-0.007935969996631584
50.302201	1787824773489108224	47.641476794748456	-122.1401670764851	118.93053041812045	-0.01647637685773766	-0.029594583840763605	0.10088027305718893
50.390776	1787824773579108352	47.64150206522072	-122.14016826628631	119.3474724384638	-0.029892053244439522	0.05263475865740901	-0.020103989102829692
50.491931	1787824773681108224	47.641455944597574	-122.14017900374859	117.34129841211707	0.026386332076096225	0.12072713240267902	-0.039092096485870594
50.597874	1787824773786108160	47.641480139603914	-122.14020504571923	119.36297820068845	0.02340867365657416	0.05189706897677611	0.007217746344106688
50.688436	1787824773876108288	47.641457535154885	-122.14017175601084	116.49079947260962	0.05997245764291707	-0.023438725837160692	-0.027261723518033104
50.796726	1787824773984108288	47.64145379933112	-122.14014593339988	115.91823309072947	0.040335448793268745	-0.10041301091146655	-0.0756586254763313
50.888064	1787824774077108224	47.64142962260158	-122.14015001904814	115.8756609500237	0.04029132546651182	-0.04924400556810742	-0.07362360842365603
51.014118	1787824774203108352	47.641472193007424	-122.14016422575816	118.13405871254366	0.019903987478451006	-0.025184608147709238	0.004949112406880204
51.105381	1787824774293108224	47.6414649589037	-122.14015458242993	117.57888472132308	0.03010073073872246	0.02255740775863635	-0.05666356406301814
51.199806	1787824774389108224	47.641445317653954	-122.14014832234014	118.16095503864516	0.04745609452346009	-0.012964746680186844	0.07876352855384733
51.304183	1787824774491108096	47.64146791737532	-122.14018092975243	117.54375926258476	0.045791723677055966	0.03419536372128237	-0.0696116868375785
51.408529	1787824774596108288	47.641473583912635	-122.14013835081421	116.36302215671664	0.009797440079500078	0.003892026728047603	0.06878013027643023
51.501506	1787824774689108224	47.641467976366094	-122.1401873409355	113.52422483716128	0.023666440833995436	-0.0632728508596553	-0.018255768880627906
51.594429	1787824774782108416	47.64146716481173	-122.1402054896993	113.58623303383233	0.06899261641144844	-0.03311473872044157	-0.06469739506439648
51.700473	1787824774887108096	47.64149786495526	-122.14015520386818	117.21794447163269	-0.025769434076707495	0.0026352899724491107	-0.047988195419921845
51.797609	1787824774986108416	47.64146800012787	-122.14017255675432	115.59278383223827	-0.027473548208252898	0.082935568875505	-0.026621356224580214
51.898880	1787824775088108288	47.64145289522752	-122.14012092364293	114.48194133105784	-0.06252159365908642	0.06769041258393671	-0.024823254824317582
52.004990	1787824775193108224	47.64148976576881	-122.14013793145851	117.49076829455248	-0.010871259765990807	0.089456032779919	-0.012236131785587467
52.089786	1787824775277108224	47.64147945157589	-122.14017520373172	114.14943716657694	-0.008499360747231652	-0.05098518477630888	0.12208799046755592
52.188573	1787824775376108288	47.641464223255106	-122.14017270217018	118.34306547874074	-0.05212496982320411	-0.025802288318570968	0.0140944002734716
52.296554	1787824775484108288	47.6414534978687	-122.14014274955602	117.56004199936494	-0.03687511896908016	0.08553604071302949	-0.026114549238290416
52.404685	1787824775592108288	47.64144934537364	-122.14014043764924	121.86687261790783	0.031688952189809286	0.0666974029567792	-0.03175018960760544
52.511908	1787824775700108288	47.64147141197908	-122.14015888997204	112.09405586988196	-0.006796827249774509	0.026392238625939736	0.02599969679800622
52.596121	1787824775784108288	47.64146361304132	-122.14017258538084	116.14544543639379	-0.04482410115676302	0.11727956343753437	0.06626832119729265
52.698561	1787824775886108160	47.641463615614754	-122.14017832357338	115.43252323286875	-0.030998261872973373	0.00821983955055521	0.09272465808827031
52.803530	1787824775991108096	47.64148605945377	-122.14017196764239	121.19941607793587	-0.046714725436248876	0.054407874018083696	0.01591725281638622
52.897516	1787824776087108096	47.641472748389695	-122.14015649494381	114.81089944649811	-0.048436111310590196	0.0337867165185473	-0.037949197443994845
52.986651	1787824776174108160	47.64146808384809	-122.14015323464041	120.13954940950902	-0.028930055590587575	0.05365459944194604	-0.07697498601028113
53.107155	1787824776294108160	47.641484113616436	-122.14014162972877	117.59751090918051	-0.014765334850493595	0.01936714878803093	0.046755322779968925
53.198182	1787824776387108096	47.64147842257794	-122.14014295575133	117.0024615183998	0.02975005934194837	0.0008317068600442011	0.0021645226734934987
53.301745	1787824776489108224	47.64146091771906	-122.14015805580807	117.84339328982178	-0.033921972362198696	-0.08959605503146507	0.011649103604727148
53.393981	1787824776582108160	47.64145779029125	-122.14013276827858	119.3367564218179	-0.0014429107510707247	0.04634875264081344	0.03571292123738314
53.489960	1787824776678108160	47.64146987879222	-122.1401208236698	118.73480074577805	0.022227156570252576	-0.10484283591689443	0.024367209922710242
53.616678	1787824776804108032	47.64147654529087	-122.14016312890017	115.3204921654241	0.012133676915539592	0.02968048611851177	0.07822199950339181
53.696509	1787824776885108224	47.64146056544222	-122.14014408197271	113.85642119666595	0.06463922271267701	0.038742792365707504	-0.01576894176659228
53.818389	1787824777005108224	47.641466609920336	-122.1401374777083	117.55352426409542	0.0014800808706294487	0.07316051972544861	-0.055669121191253106
53.901730	1787824777089108224	47.641448444721114	-122.14017732719661	115.61307148540295	0.06413937415748965	0.01685491155019244	0.038508082337597414
54.009727	1787824777197108224	47.641483908862114	-122.1401839963375	108.01006951016694	0.09137111307274737	-0.037990796839458635	-0.07680826911670789
54.109808	1787824777299108352	47.641491895431436	-122.14019412593291	111.1394584548423	-0.05530924979413687	-0.01792890896119476	-0.046501843253113226
54.195686	1787824777383108096	47.64147001429864	-122.14011037812692	122.31458352284844	-0.035702886513507504	-0.01984460559231597	-0.00334080883449443
54.305248	1787824777494108160	47.64147386471571	-122.14015449044246	117.93929244326876	-0.03877619259823683	-0.07066546959034176	-0.05779075341626441
54.394391	1787824777581107968	47.64148677660267	-122.14017341961912	120.51298090986378	-0.012349695285367349	-0.033963630282902925	-0.06660985005473945
54.499005	1787824777686108160	47.641479032286355	-122.14016806369236	121.52509056380529	-0.04379324605791095	0.060388680239767456	0.07225427692078154
54.599797	1787824777788108032	47.64147068799648	-122.1401553832511	116.5839262332364	0.003144780163505401	0.07525279302123976	-0.033466194087298035
54.709292	1787824777896108032	47.64149280618507	-122.14016563455561	117.17218363728799	0.12145685019837103	-0.06663885194746813	-0.17787629689992301
54.800832	1787824777989108224	47.641469622460114	-122.14017697138671	123.35101040177754	0.042181735759916725	-0.0872477990327291	0.010550138268739996
54.899886	1787824778088108288	47.64146258292422	-122.14018210855683	114.00002412752767	0.08028464174702336	0.02422825733799558	0.052635629411444354
54.999196	1787824778187108352	47.64146094335949	-122.14014042503902	119.4928031883401	0.022145416981899754	0.07497261221627997	-0.11926224763324778
55.091030	1787824778280108288	47.64145096080598	-122.14019353723936	117.68160663681059	-0.06163227675276106	0.09776930765820427	-0.048227145392673094
55.199617	1787824778388108288	47.64147325928498	-122.14015433522067	118.26161613852302	-0.02487289507029173	0.0332496192414558	0.015922396900552468
55.293312	1787824778481108224	47.641481351359815	-122.14013076877522	115.4424805596883	-0.000247627665360544	-0.06332213468867974	-0.044728165531422726
55.394310	1787824778583108096	47.64144415918041	-122.14015696683855	115.99112087578303	-0.03942048765561494	0.008212703613418434	0.019780326684257138
55.494250	1787824778682108160	47.641468516096374	-122.14017279434773	115.19770911950793	-0.035737697398664565	-0.058697549626171366	0.016052696251433147
55.609330	1787824778796108288	47.64148212698225	-122.14016697437384	116.68621223713147	-0.024574031440182546	0.05962453415049697	0.03241995188562915
55.691572	1787824778880108032	47.6414676964202	-122.14015632404029	115.67974217060812	-0.016684258359300815	0.05089430853135583	-0.03137680335610998
55.806989	1787824778994108160	47.641474520954176	-122.14014740100647	116.20929269498838	0.02642202451175655	0.12324987999984419	-0.019879151680450464
55.896830	1787824779084108032	47.64146160870891	-122.14019856403316	117.21825175331851	0.06652401644123253	-0.04884335819820637	-0.0015894648997702974
56.005672	1787824779195108096	47.641451813760376	-122.14017135878794	115.1129273079253	-0.011632485935749946	-0.04839356317529395	-0.0435191410434796
56.102480	1787824779291108096	47.64145555915861	-122.14016073839865	119.56703965637479	0.046394052234988895	-0.018661540211619834	-0.01943912511085412
56.196066	1787824779384108288	47.641479505429594	-122.14017190560124	120.03942667308955	0.025500950468744184	0.022215515518543557	-0.0804333736320169
56.301453	1787824779489108224	47.6414695894888	-122.14016849378261	119.43236406409366	-0.03207075174873447	-0.05567902610492226	-0.0079311068159284
56.399567	1787824779588108288	47.64149681380151	-122.14013758086675	114.58127940716015	-0.08814904883751118	0.023361580785592362	-0.07513345030897361
56.500485	1787824779687108352	47.641463306407275	-122.14014761682455	115.13388569338429	-0.04240149909522328	-0.014026510727227715	0.013231511143990316
56.598148	1787824779786108160	47.641437229044314	-122.14016847697003	118.2283141323886	-0.11600592282589409	-0.01798281985319009	0.0581124972428816
56.698454	1787824779885108224	47.64144861113521	-122.14016856949318	118.52531905357299	0.07269275413745159	0.14581091191928983	-0.045537406332125836
56.808873	1787824779996108288	47.64147254745556	-122.14019260288983	116.01142615186312	0.003819482839813376	-0.047831803340520895	-0.0007877507257889112
56.894808	1787824780083108096	47.64143900735718	-122.14018468642485	112.2136490379349	0.05583698351844492	0.013371643270430804	-0.05116124117621443
57.018247	1787824780206108160	47.64148449242575	-122.1401520201184	114.06288099229536	-0.02898037257803296	-0.08014159184198794	0.012594779696410702
57.101620	1787824780290108160	47.64145893713407	-122.1401638299502	121.09354229514445	0.10574016633249786	-0.02596224802959339	0.028165161483615836
57.203747	1787824780392108288	47.641474044002706	-122.14015339268241	118.2499700632529	-0.006116080168547571	0.029430732305364	-0.04504088962211056
57.304398	1787824780491108096	47.64147497126974	-122.1401531398795	116.65354460303824	-0.055561863743539476	0.03975297032432762	-0.013717395145714448
57.400497	1787824780587108096	47.64144652258233	-122.14015527561065	116.53986298585383	0.1434642219809694	-0.15259588634550952	-0.024778869784457185
57.494817	1787824780683108096	47.64148293985369	-122.14016841388134	117.88757074074518	-0.0025630248892712297	-0.13653071547184056	-0.021823807844068756
57.593149	1787824780782108416	47.641466945163984	-122.14018601882395	119.14755379927377	-0.039206509067141036	-0.06734992918093227	0.01359367507344813
57.694643	1787824780884108288	47.64145838994791	-122.14018995385521	118.95164094785288	-0.007973857996601214	-0.039132912311620076	-0.01830926135508577
57.798535	1787824780986108416	47.64148111854027	-122.14012709199544	118.58539935819806	-0.05105357319300718	0.020028726279280575	0.06595230915522753
57.898704	1787824781088108288	47.641464278938024	-122.1401637478911	118.77839028218182	-0.0006008135632191222	0.13328753787810255	0.008284142246646952
57.999804	1787824781187108352	47.6414700114496	-122.14018569130265	120.16535460361088	0.09265450154210358	0.05717639788793384	-0.03532732835469312
58.104228	1787824781292108288	47.64145529684862	-122.14017234810922	116.3648588003539	-0.04261077543008953	0.0028662264780156925	-0.022049995306357192
58.209230	1787824781397108224	47.64146986095595	-122.14015012745693	116.23697263347906	-0.014682782954528562	0.05080613724575618	-0.006475245396299451
58.296372	1787824781484108288	47.641472562298645	-122.14014118426391	113.44039150494811	-0.014648356385527972	0.038651842476866545	0.00660607842097824
58.405558	1787824781595108352	47.64146646579698	-122.14019337373088	121.30702035062987	0.015215194341480574	0.04580563839021314	0.030251386042175463
58.498684	1787824781688108288	47.641458886745696	-122.14015732100351	118.12598359182432	0.0962531199049278	0.07531553987734596	-0.050471670260208705
58.603210	1787824781790108160	47.64147850738435	-122.14018962542698	117.69682374659904	-0.0917096117831887	-0.02948344835010812	0.07163429398367581
58.694906	1787824781883108096	47.64147155394663	-122.14016727358646	121.82896270383577	-0.059276446181271716	-0.01447555008929804	-0.02565834554172687
58.792089	1787824781979108096	47.64147846437112	-122.14020736946725	117.55564952659125	0.0298999841616151	0.06611458046485685	0.01331445547569441
58.894843	1787824782084108032	47.64145467603509	-122.1401518216924	114.2029198513075	0.006800551140461706	0.08479024360385945	-0.07619420615389046
58.998853	1787824782186108160	47.64147641206792	-122.14019651574641	117.08301366727771	0.03144236911625139	0.01717481603646138	-0.02080173796607986
59.095071	1787824782282108416	47.64148207159776	-122.14018170094967	113.44825298770084	0.023391561657647483	0.026435802252651953	0.0974350240179004
59.195293	1787824782384108288	47.641473723753215	-122.14016695482506	121.90787886649753	-0.07503815638558405	0.020433479444015336	-0.03204828210640741
59.303744	1787824782492108032	47.641459523546985	-122.14016493402497	116.97960073314334	-0.060686302973886254	-0.09392411907261955	0.011545169808309939
59.398019	1787824782585108224	47.64145535249471	-122.14019889048168	114.35212806948418	0.09658655628424381	0.026439375738692674	0.050920871845229344
59.499606	1787824782687108352	47.64147404895074	-122.14020523813865	114.9535271599683	-0.011931523371328783	-0.013058383563295368	-0.011279895676408011
59.592859	1787824782780108288	47.64147381909954	-122.14015270690606	116.40985650256994	0.08843751052862246	0.005307390120777368	-0.05128098147092476
59.703282	1787824782891108352	47.64147215425271	-122.14014587451219	116.1524818413817	-0.025121538802290955	0.029974795594747583	-0.05474292488230209
59.799291	1787824782987108352	47.64145088321118	-122.14015478368067	116.28748996002378	0.014000345143793454	-0.021837711158589193	-0.062454660976035394
59.900097	1787824783089108224	47.64144970737978	-122.14016080210682	116.80653607463903	0.008709114154517346	-0.014806464071653057	-0.05408815714406561
59.995887	1787824783185108224	47.64145671648153	-122.14018382110095	119.7536344126359	-0.012470088535736518	0.02219584566039311	0.046776628618326155
60.101034	1787824783290108160	47.641466696757085	-122.14018030052405	112.26121155303994	-0.008992357997244854	-0.017587586435781684	-0.08049732074452826
60.201947	1787824783389108224	47.64146276849396	-122.1401644851368	119.27341859306486	0.06941176640989942	-0.1072757812738697	0.010466868736804736
60.312716	1787824783500108288	47.641458968013914	-122.1401711272484	114.02272069188042	-0.0743329146820773	-0.029699323188865357	0.002415757435479509
60.393594	1787824783581107968	47.64146959315024	-122.14015599014633	122.14718408616201	0.004435008136391686	0.04335458879946047	-0.08260744795747732
60.496173	1787824783683108096	47.641463668897906	-122.14015062790754	118.53478802635941	0.03354022781445294	0.020485730654323946	-0.038399954010730465
60.602230	1787824783791108096	47.641459368002494	-122.14019430395842	117.86124348970847	-0.05927176135282161	-0.0785293919122932	0.026920429888675376
60.702054	1787824783890108160	47.64144480780086	-122.14015020394577	117.7991939414474	0.03717024023457199	-0.02220844867996949	-0.0031247085599030978
60.795108	1787824783983108352	47.641471743058965	-122.14015082325636	123.00771712522716	0.03243846141686955	-0.056244588924692765	-0.028452752674830908
60.902046	1787824784091108352	47.6414603773217	-122.14018994911146	118.49571027712508	0.031461760811605476	-0.12335365005144526	0.01889615639813676
60.999032	1787824784187108352	47.64144288407852	-122.14016699903208	118.06312977109812	-0.013337262539952759	0.03794675961435737	-0.058823267875232156
61.094566	1787824784283108352	47.64147727049676	-122.14018024851502	119.23004018619615	0.040120349862744084	0.031076511977367216	0.0009723163645585273
61.193604	1787824784382108160	47.641457306298115	-122.14013800987043	117.874040870601	0.05117151640594158	0.0431675852445503	-0.029535228159334494
61.297422	1787824784484108288	47.64147655139503	-122.14011738079118	116.15435154100564	-0.07184931445135177	0.06904596847266449	0.005881197521677789
61.404428	1787824784592108288	47.641459321216125	-122.14013349350621	119.83373662746577	-0.04410465613633103	-0.09893201441290278	-0.07526403830780995
61.506300	1787824784694108160	47.64146879446758	-122.14017074777723	111.30377935077176	-0.01040288625834398	0.08255324406310674	0.008306837268091168
61.598971	1787824784787108096	47.64145909632737	-122.14017118408088	117.1054766532517	0.015214129420043278	0.09777490114543547	0.03227687895437152
61.695431	1787824784883108096	47.64145470208635	-122.14020739014711	118.45131126749399	-0.07456579024492954	-0.016431363340527468	-0.025197459755541503
61.811101	1787824785000108288	47.64146172693091	-122.14015904509905	114.18101607106303	0.002188673261747911	0.03708204854008616	0.04226120527770033
61.893328	1787824785081107968	47.641463394362255	-122.14019840632464	116.49803312144954	0.016344599031191627	0.016116390616945406	0.06139889628849238
61.998304	1787824785186108160	47.64146201064187	-122.14012219960152	115.47347994987018	-0.0031263618816682586	-0.08864781365653852	0.012946487419351824
62.100582	1787824785288108032	47.64145055784786	-122.1401684784088	120.16763081011678	0.0982966333683474	-0.026584528641910035	-0.010876532999097445
62.198116	1787824785387108096	47.64144679165658	-122.14018383588102	119.55561555312109	0.0862865722682599	0.05985078520161729	0.01793446969568062
62.308193	1787824785495108096	47.6414894701849	-122.14014302701491	117.97419779081869	0.10185086045205483	-0.009084317916238418	0.03340738993133734
62.400986	1787824785588108288	47.641448738391375	-122.14015556095612	113.68843069379774	0.012845155571158876	-0.09286184456435786	0.01460667947359047
62.500736	1787824785690108416	47.64144951048413	-122.14014565886157	112.36391118256662	0.027944678128475106	-0.032362630027728094	0.01248708727455139
62.613191	1787824785801108224	47.641465554365325	-122.14015079513159	118.45123765013537	-0.015657761982394425	0.08272897526227996	0.049451993026802143
62.696640	1787824785885108224	47.64147695592616	-122.14020681641074	111.88453484799753	-0.021913177488623682	-0.07236742536793608	0.10762459814776207
62.795825	1787824785984108288	47.64146555038161	-122.14018995986666	118.9483542208907	0.037627435275198885	-0.046907640172388645	0.03940559357240003
62.896939	1787824786086108160	47.641460856077984	-122.14019023368164	116.7087281564672	-0.003917799409543651	0.05655718473793739	0.018462554536262648
62.995881	1787824786185108224	47.64146781113966	-122.14018504153398	118.58236393471745	-0.0128478371522359	-0.03032656500181285	-0.04395120669391255
63.096964	1787824786284108288	47.64146104036615	-122.14017425866234	115.20385787753575	0.06163240073374469	-0.04827225928803342	0.0633982061690243
63.212019	1787824786401108224	47.64146963067454	-122.1401575377811	113.9165426127171	0.04204115921016255	0.020575008618173195	0.06644341955047324
63.294177	1787824786482108160	47.64148173588171	-122.1401701918031	117.40558571945131	-0.017163893807375652	-0.0061457099525886565	0.061445569020105464
63.393804	1787824786581107968	47.64146728153837	-122.14011956593619	115.9808796983847	-0.0691711012097438	-0.01857433942196415	-0.07139211244582493
63.490294	1787824786677108224	47.64147002129116	-122.14014920331812	114.07108559161452	-0.019464597517440257	-0.035938075775589405	-0.019450827935764785
63.600697	1787824786788108032	47.641477263695066	-122.14017291003466	115.77212976515706	-0.05472325309954743	0.01951686142224497	-0.026157066293966802
63.701698	1787824786890108160	47.641446519457034	-122.14013623033888	118.92558711239063	0.06656524685537735	-0.005922194918848197	-0.002059216622427154
63.795439	1787824786983108352	47.641499321822835	-122.14013837545424	117.52025360312655	-0.07572972572599558	0.003565651795170688	0.01892852378029883
63.897337	1787824787085108224	47.641456687988445	-122.14016248018528	117.7884564877502	-0.025317393040544783	-0.0047185093954438635	-0.038403077062284484
64.006336	1787824787193108224	47.641462914049946	-122.14017151385372	115.00204311542849	-0.008570230562032556	0.01052063217241353	0.002670304526859001
64.104204	1787824787292108288	47.64145688398	-122.14019245879868	118.33360043838775	0.014187203778340826	0.031192551848632167	0.08991584606265354
64.206014	1787824787394108416	47.641473889079755	-122.14019175932165	118.72005247839495	-0.03242048371981456	0.005583461104131729	-0.034037536612278284
64.297074	1787824787484108288	47.64147696791592	-122.14015180700395	119.21380802910863	0.0626377777947593	0.0563226934482041	-0.012350038040897881
64.403459	1787824787592108288	47.64144976113875	-122.14017547659628	114.07523270698393	0.0007871797335361778	0.07612114835548359	-0.01745703001765325
64.495954	1787824787685108224	47.64146279250729	-122.14015898236622	116.21420142102625	-0.015909626490148317	0.041464432167193595	0.04017297818557951
64.597327	1787824787784108288	47.64149373086537	-122.14014801465005	120.41703102551934	-0.043263551847304	0.026236975304305844	-0.0626007235900262
64.699572	1787824787889108224	47.64147676728132	-122.14011762055064	116.43489815533599	-0.023426761372889224	0.06899301195536105	-0.09433931623957283
64.790859	1787824787979108096	47.6414645340091	-122.14016683036975	114.42981718277922	0.01298855082968288	0.059309416120949976	0.04414230396742563
64.893108	1787824788081107968	47.64145643331277	-122.140160412829	115.90781023301291	0.07654521159080264	0.04110889611697166	-0.007282680109950145
65.002630	1787824788192108032	47.64148423590667	-122.14018319769276	116.70210525372947	0.018583112291142644	-0.06680541299100515	0.050616548288183454
65.094792	1787824788282108416	47.641460341865205	-122.14017517929328	114.28974835552326	0.07702624854502349	-0.060241674518782234	-0.015838697974265
65.194501	1787824788384108288	47.64147152710355	-122.14013036077579	118.25580857841305	0.015542087753516036	-0.04313407395545116	-0.021286979809304808
65.299966	1787824788489108224	47.64146740904607	-122.14015235447091	118.47900494664053	-0.039780186546319624	-0.07356936001420347	0.08544807154774098
65.395029	1787824788582108160	47.64149611699046	-122.1401618551763	114.0456739484147	0.008794300304834933	-0.024183600032119643	0.029041837798011567
65.502244	1787824788690108416	47.641468774660105	-122.1401261030909	118.16731782636202	-0.028904356649546454	0.08940438969180013	0.039203840780380195
65.594526	1787824788783108352	47.641472433573064	-122.14019142840006	116.74720651339373	0.07607074591484467	-0.005479970286619623	-0.058703177473563475
65.685420	1787824788873108224	47.64146828633777	-122.14013695286651	112.50523552096237	0.05850357395532531	-0.045801690338858975	-0.08402157105968712
65.801341	1787824788990108160	47.64146598924582	-122.14014004405071	113.86842646207484	-0.013101817578611822	0.02370169525830762	0.0396746595174626
65.904176	1787824789092108288	47.64148147133306	-122.14017558818117	117.94739813438404	0.07531925509773645	-0.03319621755123547	-0.023261636687954373
66.000478	1787824789188108288	47.6414769535947	-122.14016417320934	116.1895392017613	-0.025947222458851907	-0.01791144724992487	0.1299853154392442
66.102011	1787824789290108160	47.641462542449524	-122.1401394760667	114.2820565439519	-0.04361300096745699	-0.06406653972422308	-0.022428318811935948
66.210445	1787824789398108160	47.64147511896152	-122.14017745849978	117.40656996736777	0.012139635221931538	-0.005843826921344001	-0.009994944369307522
66.298805	1787824789488108032	47.64144031014392	-122.1401833445143	119.24623237960937	-0.008865585837662386	-0.005662331353551415	-0.02858759959987156
66.402145	1787824789590108160	47.64147706423627	-122.14017697650453	115.88822371844248	0.003892999469909368	-0.008417715545319395	-0.033266647060989155
66.498244	1787824789686108160	47.64147227743472	-122.14017939073456	119.73193398423307	0.012837789788537033	-0.008690988881282934	0.07029414848751732
66.598263	1787824789785107968	47.64146766797916	-122.14014413276459	118.9772158802643	0.03881974038165819	0.00999199669454278	-0.0277801403830669
66.689020	1787824789878108160	47.641462123648594	-122.14017453746554	118.67755679318222	-0.0035434859660827102	-0.00738784311304891	0.015392882289985836
66.796822	1787824789986108416	47.6414973578518	-122.1401500375611	113.47621524900914	-0.030721438857592088	-0.04908440629950803	0.020944707481299115
66.905329	1787824790094108160	47.64145891748517	-122.14017225978563	115.64399610036178	0.027572816339178626	0.052923615742169944	-0.08419435633303018
66.993120	1787824790181108224	47.641475538102966	-122.1401827902187	115.33016595816024	0.04782595048683276	-0.011238614562490196	0.050415528943897704
67.094253	1787824790283108352	47.641488868714795	-122.14018605115149	115.86496563176438	0.03754539616388358	0.10040669075159488	0.05963310575230191
67.198755	1787824790388108288	47.64147200371102	-122.14014440072258	119.78296493013023	0.0039002682440590613	-0.013281616086479809	0.045681353291342965
67.295318	1787824790484108288	47.64145717406693	-122.14015556509753	115.42358350524995	-0.006793718466953782	0.003407184130553838	-0.003520073845543312
67.402381	1787824790589108224	47.64142789044366	-122.14014846178536	118.44529696575896	0.07941911203073887	0.0711807176868131	-0.07651982230077999
67.498447	1787824790685108224	47.64146515900838	-122.14016145573291	118.50872892424618	-0.036652362144597675	0.026443524588057724	0.055835650894194205
67.592246	1787824790781108224	47.64148704590221	-122.14017991029951	113.27977286470211	0.014860444430589674	0.03458501690539736	0.07097890117902036
67.698619	1787824790886108160	47.641466596277525	-122.1401483633575	118.33398706290707	-0.025968219830213475	-0.07620162920384416	-0.021561412330735587
67.810265	1787824790997108224	47.641474816536956	-122.14015427550027	116.34259346053557	0.045233331039761834	0.01742175530801018	0.005288778355076216
67.909172	1787824791096108288	47.641453013223625	-122.14018211880402	121.30631471992227	-0.06308195462244649	-0.05642910407200089	-0.02540327854082074
67.987757	1787824791177108224	47.64146569201084	-122.14019215701781	114.20222605588953	0.03381371723917935	-0.10588906452455218	0.015835105671072398
68.097565	1787824791285107968	47.64145849467954	-122.14017181179294	114.79171030100812	0.0055143641291703314	0.05784848301366398	-0.04424941422978656
68.199750	1787824791387108096	47.6414668500159	-122.1401757501049	116.9392804901337	0.0159124046395217	0.009813484682144746	-0.012780958898969259
68.300428	1787824791489108224	47.64147720093888	-122.1401975930336	117.81501128310151	-0.010858333420434442	0.03189334452462984	0.03444182506342401
68.377488	1787824791564108032	47.64145821621533	-122.1401307627596	117.77880411086436	0.009506814190940476	-0.0017446455483287949	0.08766403173060887
68.503131	1787824791690108416	47.641487792620396	-122.14019264226171	118.80117777207639	0.033681161052766945	0.05035468015779714	0.024945287698008488
68.599575	1787824791789108224	47.64149631388988	-122.14020532911199	115.68770954760078	-0.009298033441976475	0.022829365415124314	-0.001913670825232064
68.695244	1787824791882108160	47.641452538832425	-122.14015257479089	119.23392900830255	0.05315640441988059	-0.08434481736017438	0.0022980865643341423
68.804445	1787824791993108224	47.64148355349755	-122.1401678055739	123.48010541489492	-0.015943458572723328	0.06591685670369433	0.1423600535633013
68.902102	1787824792089108224	47.641467456436274	-122.14018994946599	119.92264595202207	0.057258613391492436	0.04057370592040374	-0.006507240620013598
69.009787	1787824792197108224	47.64147079983751	-122.14015951179142	113.26185707086968	0.02940620204499412	0.06762718090920934	0.0839474089138236
69.094794	1787824792284108288	47.64146643281866	-122.14015700080262	117.43216365481689	0.014525385028975893	0.08341659853416497	0.024723635921793642
69.184722	1787824792374108416	47.641469704807534	-122.14020684880258	114.01891458277585	0.04441634575115034	-0.0350210177694731	0.01300383046333509
69.296880	1787824792485108224	47.64148811668264	-122.1401775134624	114.88834939952866	-0.01098633005375188	0.026926515983583556	-0.043465658763442695
69.397792	1787824792587108096	47.64147761374129	-122.14024723779337	112.93252103801404	0.0017354716647956028	0.0005929552546634441	-0.033143551190776624
69.495714	1787824792683108096	47.641464568748965	-122.14016598522679	119.09773110403741	-0.0038530433440091398	-0.04597791098442528	0.019328528332806644
69.597701	1787824792785107968	47.641460356007215	-122.14017261600749	118.36140461714064	0.007408453179170951	-0.003467389156579053	0.05690275719895698
69.713347	1787824792902108160	47.64147819188585	-122.14015853081786	115.00723614600375	-0.07257014624739605	-0.02236829215204865	-0.02193948458170395
69.804212	1787824792992108032	47.641456243164654	-122.14016368745284	118.85544113342436	0.0008605565915287905	-0.04807086604833011	0.018449294008451453
69.894358	1787824793082108160	47.641467678005455	-122.1401383288868	118.63428952361134	0.054174154409676815	0.06347295478617804	-0.07353558840085254
70.003080	1787824793190108416	47.64144970756192	-122.1401624665752	112.78568566763764	-0.0008392209492971295	-0.035054923460763276	-0.07861673020427978
70.096595	1787824793286108160	47.64146924831926	-122.14015762252062	116.71434361555404	0.06878129209276614	-0.05077550073459402	0.02616468758211893
70.200293	1787824793388108288	47.641476777727625	-122.14013696480275	119.06803872616801	0.0323097786763658	0.01682295039973576	-0.019485744647304477
70.303379	1787824793490108160	47.641464468957025	-122.14015253402833	118.49535555581703	0.045226988862029166	-0.06775088530389316	0.010231641746321941
70.399448	1787824793586108160	47.64145455997503	-122.1401679182906	117.76426349553893	-0.032249247544382985	-0.029643887773230394	0.09783945992404636
70.493906	1787824793682108160	47.64147901611318	-122.14017333922716	116.56635515713643	0.033550698446042075	0.02300757908463492	-0.02557668902019374
70.601723	1787824793790108160	47.64146914416172	-122.14015529546741	113.09477559265387	0.02414957499996437	-0.051514393320507515	0.11917576809002713
70.695224	1787824793883108096	47.64148084661182	-122.14014086689227	119.00769178722187	0.027021009095851152	0.05219176094294972	0.01534236644799045
70.803574	1787824793991108096	47.6414476728011	-122.14020289979311	115.63421914216532	-0.0035062351664486044	-0.03309004831237627	-0.0242553973163908
70.894490	1787824794081107968	47.64148128914869	-122.14018036948718	115.43707608546313	-0.1087646759260281	0.0134406259470434	0.02235349606518333
70.992894	1787824794180108288	47.641459155631004	-122.14018643622464	117.94568888028518	0.03411592473073246	0.019836645330529402	0.009163505340666508
71.098709	1787824794288108032	47.64147426048819	-122.1402230032457	119.86708951223852	0.009242265967549719	-0.07544154550398768	0.07006918980440645
71.205081	1787824794393108224	47.641482783070195	-122.14016242743328	111.54567593433292	0.026034199787296094	-0.06968182410958611	-0.04234858775854425
71.292512	1787824794480108288	47.641452105446945	-122.1401841562626	114.30045677628678	-0.021903411499491085	0.018751303317465055	-0.01769110718177406
71.410671	1787824794600108032	47.641435518383666	-122.14012973596769	118.50657739147249	0.03384664376181446	-0.01862181110820547	0.003651177220211501
71.494896	1787824794684108288	47.641473237229164	-122.14016118313624	116.58109483095845	-0.04214859212979319	0.020976955452825553	0.006635224792010012
71.602498	1787824794789108224	47.641451864883265	-122.14018465529587	114.99751913553955	-0.027774332989108683	0.03868811189745086	-0.06960529057984786
71.686966	1787824794876108288	47.641490388335086	-122.1401598415983	112.96253305072413	-0.02890576420769079	0.11030286785232615	-0.028550993237005124
71.794219	1787824794981108224	47.64146609032241	-122.14017355618276	111.74676608249212	0.07240940753181202	0.10538508783440403	-0.03948257198443234
71.902970	1787824795092108288	47.64148049433426	-122.14013616390812	122.90899879481806	-0.00722625823062817	0.00225131762374813	-0.08184734754553896
72.000564	1787824795188108288	47.641440967826746	-122.14016258965592	119.4464046803983	-0.0037409664799456007	0.025060896217434153	0.13023003753627727
72.105846	1787824795293108224	47.6414658378998	-122.14016557673378	116.28065726779082	0.027770127605621333	-0.0032000161721236946	-0.0447904206743196
72.202793	1787824795392108288	47.64150329634976	-122.1402115131408	117.40931173716382	-0.07854092080349935	-0.005840874427064011	-0.029001399781037177
72.297730	1787824795485108224	47.64149331157968	-122.14017563582951	118.21976690503631	0.01373348619685099	-0.04895055800317866	0.07024956954952971
72.405974	1787824795593108224	47.6414621073399	-122.14016917941531	115.7536827710123	0.012822165607784314	0.007342116081435941	0.045469981937348795
72.501824	1787824795689108224	47.64146827069451	-122.14016903606168	117.56840379995886	0.03392401557644888	-0.01602486214537918	0.0018406347385608425
72.611000	1787824795800108288	47.64146997280498	-122.1401621145007	121.32850647583626	-0.0770536527427972	-0.05134187714964002	0.023861878448069727
72.696174	1787824795884108288	47.64148011844527	-122.1401992193876	115.80148198631366	-0.0006584888420589447	0.021922702303970098	0.06734742129641051
72.803828	1787824795992108032	47.641478968901886	-122.14014287444138	116.70084881721806	-0.0649977145074419	-0.04299202642362704	-0.09568443017080841
72.904430	1787824796091108352	47.6414575688057	-122.14016986521239	119.11283845943527	0.005727113113154811	0.0817619115318412	-0.05892272726910816
73.000466	1787824796187108352	47.641448369322774	-122.14013947044877	122.07256959368978	0.029581008574407763	-0.0740588136470595	0.05802492600156783
73.102981	1787824796292108288	47.64147840972821	-122.14013916084876	117.79468371608688	-0.054952334006426885	0.012134524455202833	-0.06257998890778235
73.199627	1787824796388108288	47.64145929467472	-122.1401829397609	119.02138199065837	0.010605800522549747	0.0163591202348907	-0.0010732522692655626
73.296529	1787824796484108288	47.64144467823457	-122.14016533657457	114.61657421430903	0.06180318843068803	-0.025325570965785145	-0.045983910189084674
73.405095	1787824796592108288	47.64146221887383	-122.14019035440387	115.0052660911655	-0.04620624446808429	-0.00684678968405946	0.03869094225521236
73.502391	1787824796691108352	47.64151291547965	-122.14015213756457	116.26353676136998	-0.016901517814702303	0.09768146299703556	0.03561576129305173
73.600299	1787824796787108096	47.641491327827026	-122.14013347631094	121.10569858168392	0.05566956110788656	-0.03874232968966743	-0.021509945352643677
73.690999	1787824796880108032	47.64147019598044	-122.14016280894819	116.27887695549839	0.0667852528475805	0.011824482579868477	-0.05242411606748429
73.798292	1787824796985108224	47.641483731882985	-122.14014247378658	115.54536512633669	-0.04779619371718201	-0.08647719403601785	0.10792158770551084
73.911711	1787824797099108096	47.641460731221564	-122.14017320973652	119.89290797990557	-0.09706966302106156	0.04100506282349753	-0.11572273612952542
73.998203	1787824797186108160	47.64147913543959	-122.14018818987742	119.9922185908399	0.05150459525850113	0.05451622870743072	-0.030265089948781146
74.114325	1787824797303108096	47.64147130590723	-122.14020790772727	116.61710484626789	0.039970020743080266	0.00436210122919592	-0.007800132723884672
74.192090	1787824797381108224	47.641478126341575	-122.140147512115	118.97439289693844	-0.07516288660578943	-0.05501693770846117	-0.04174788507669638
74.309486	1787824797498108160	47.6414851681769	-122.1401827784727	121.0258459106689	-0.02882602071878128	-0.07371727631414268	-0.018312802787628864
74.397625	1787824797585108224	47.64145314108126	-122.14015578187447	117.37865975536816	0.049571038683560914	-0.039485865082177614	-0.03497452088454761
74.502965	1787824797690108416	47.64147414617726	-122.14012751092613	120.49448785915976	-0.05593293003415432	-0.08791108559293931	0.05368547862386761
74.604029	1787824797792108288	47.64147213956646	-122.14015514036227	115.26146532535557	0.02987282728758103	0.06461340824277718	-0.11169942235613242
74.700427	1787824797888108288	47.641451732596316	-122.14015895272368	117.76469547083065	-0.05272714020415828	0.020896803592801036	0.07188044793721762
74.808582	1787824797996108288	47.641478808314524	-122.14015486650467	115.85049165708139	0.003946217185041068	-0.02571260508207271	0.01692594687208241
74.908087	1787824798095108352	47.641504899435354	-122.14018182905824	118.78158574803841	0.039778351873336254	0.012652313039994763	-0.008620179810073606
75.000799	1787824798188108288	47.641470938687526	-122.14017161923074	113.65297957096875	0.05722205860892639	-0.06150680275228226	-0.0649466229329635
75.105103	1787824798293108224	47.64149495796863	-122.14016170954439	119.94847355711032	0.020534857861512178	-0.036465220762658006	-0.03741761633824046
75.198215	1787824798386108160	47.641481271642654	-122.14016308972164	115.47356893382764	-0.007920873058473887	-0.01377655192339025	-0.012932499754343355
75.288614	1787824798476108288	47.64146910264251	-122.14017797447012	118.78764110958444	-0.06084202165828319	0.03536492237909924	-0.04042383860799147
75.411028	1787824798599108096	47.641471513658544	-122.14016483303423	116.88699661591177	0.028075144128354254	-0.019004728035516526	0.08349910046174455
75.493273	1787824798680108288	47.64149376658186	-122.1401347690416	113.6574864766415	0.07244738296576457	0.016870050465008647	0.04233548174061205
75.598560	1787824798788108032	47.641455108513895	-122.14017682826847	116.69137063336723	-0.03125304732000027	0.030047639982541285	-0.023375334051196253
75.703895	1787824798893108224	47.6414725830345	-122.14013062268255	115.6785741422172	0.06651021304596484	-0.03334606808915795	0.052654425822661104
75.805586	1787824798995108096	47.64147786298387	-122.14016219043245	115.09269345645652	0.10293236885622255	-0.050721096079401375	-0.02810160811006427
75.892765	1787824799082108160	47.64147789823925	-122.14012715744832	117.49138708162891	-0.07007983366020264	0.022420165855660475	-0.024609063399484016
76.001284	1787824799190108416	47.64147153274596	-122.14016813040945	117.08749808771098	-0.010734689721755956	0.02565459768395403	-0.0023698324901549436
76.108999	1787824799298108160	47.641466776674385	-122.14012249389461	114.62615007912437	-0.034178217707169105	0.10820113003579082	0.0018590949902302875
76.198776	1787824799388108288	47.64145510186025	-122.14018492078445	113.52326082559968	-0.04307798777247002	-0.026224613270142423	0.02331626052600333
76.298015	1787824799487108352	47.6414827047988	-122.14017030201461	120.73245189768664	0.0785803551780437	-0.07889379498107613	-0.007622435606363064
76.405053	1787824799592108288	47.641467426850994	-122.14016094264079	121.47485930707447	-0.00716530173998561	-0.06502454061381839	0.05975491472461372
76.512907	1787824799700108288	47.641451346821164	-122.14017271774074	112.46271960286012	-0.0012414778546821865	0.0283787678516783	0.020059354198754882
76.592130	1787824799781108224	47.64148780935096	-122.14016654295064	120.11215712995252	-0.060469073475728066	-0.011896529813945013	0.0429193256284361
76.697241	1787824799886108160	47.64146699670294	-122.14015955750908	113.61619780366681	-0.024242255266445523	-0.016809764411234995	-0.0406011510691279
76.798510	1787824799988108032	47.641478540140625	-122.14017647903697	113.41469251465567	-0.07912457943777436	-0.010317519099167848	-0.011621686165725348
76.910694	1787824800099108096	47.64148055233661	-122.14020390178888	115.6860310761381	0.019790840244233106	0.0984687984149924	0.04594909085001023
76.999298	1787824800186108160	47.64145785662917	-122.14018897392883	120.15051261735866	-0.055726319774024924	-0.003388600811136862	-0.004738239757316109
77.105003	1787824800294108160	47.641480304380906	-122.14014759489645	114.60193108476233	0.05782460790789277	0.004596501082507569	-0.06415128887300828
77.204953	1787824800393108224	47.64147122904664	-122.1401705081687	114.8357072587902	-0.026544368337705633	-0.031225843806148915	-0.016568408442074842
77.302529	1787824800492108032	47.64148571509272	-122.14018549298314	118.28951625803825	0.009503088518577035	0.04614522387911769	0.061613640034475975
77.400458	1787824800588108288	47.64146559651133	-122.14016960226665	119.5394549250791	-0.021670396458462336	0.03836186137861885	0.023990348420000654
77.498849	1787824800687108352	47.64147231552002	-122.14019035705061	120.68132427481665	-0.12140797323692101	0.053718535061425335	-0.013648100486908519
77.593017	1787824800780108288	47.64144672477585	-122.14015892244412	120.00876704390086	0.015543269145986744	0.00763400567644664	-0.044144328572870734
77.691133	1787824800879108096	47.641467093584026	-122.14015808109191	108.8402196819601	0.017704947962949767	0.06682917962399591	0.006924203227771113
77.805410	1787824800993108224	47.64148309621814	-122.14016999754823	114.09585354254116	-0.04054314864653362	-0.0413565169179176	0.006090621970640439
77.893251	1787824801080108288	47.64144695691978	-122.14015521113016	118.38261087305227	0.0014311586100534896	-0.01139971183956746	-0.1279472339061907
77.990500	1787824801179108096	47.6414732713467	-122.14014144040617	117.93327140513628	-0.004544368770266065	0.06075366521899064	-0.007697066144546643
78.096852	1787824801284108288	47.64147920923675	-122.14015112322767	119.76395995783253	0.006137585973276129	-0.029401780073415252	-0.039803954243336645
78.190763	1787824801380108032	47.64145515180016	-122.14018059528154	115.6607097315522	-0.06837385862146052	0.07336316013734133	-0.004705716750630598
78.297937	1787824801485108224	47.64145546948317	-122.14020547473527	117.60380540209421	0.09756033193916934	-0.011199534402226086	0.0041126864533991775
78.400407	1787824801587108096	47.64145445847018	-122.14019365527379	114.33202753674813	0.07835182630130291	0.0022342584608443026	0.08071323276893683
78.484438	1787824801671108352	47.64144842782108	-122.14014863452283	115.85645769405528	-0.024440073926881314	0.027580183929836095	-0.029562144636522448
78.597014	1787824801785107968	47.64146174121946	-122.1401586205504	121.075308093402	-0.046780578319393695	0.004766788036595446	0.0016058940360993692
78.710099	1787824801899108096	47.64144340689771	-122.14017398179658	120.89007434344532	0.10570927956118475	0.0394395259790461	-0.003407891260680679
78.811682	1787824802001108224	47.641456587668515	-122.14013898778963	121.25603933927322	0.0015710050645711229	0.020507309337967072	-0.030064265289540777
78.902617	1787824802091108352	47.6414613685057	-122.14016921918864	120.57478158905842	-0.02743370647158402	-0.010230908659343445	-0.00021203562439555502
78.991554	1787824802181108224	47.64147055554478	-122.14015566877298	117.02866361126327	0.015971716651044778	0.004456742839204121	0.05485970917800104
79.106877	1787824802295108352	47.64146729019296	-122.14013914231593	114.91982430181203	0.034101834552065315	0.020754214148774475	0.025087832824311613
79.183742	1787824802373108224	47.64145829274743	-122.14019263733582	117.22599721636028	0.023296019833519213	0.052228385893396484	-0.053461227748393375
79.296961	1787824802484108288	47.64147238869566	-122.1401798031576	111.34088481662049	0.006260893182662305	0.063820427299683	-0.02053995135688738
79.403136	1787824802592108288	47.64146348936436	-122.1401884988033	117.45587887662755	-0.07931387279170206	-0.02608558777966783	-0.03638952213271027
79.491057	1787824802679108096	47.64147648630442	-122.14019096796265	119.15331407658769	0.1043519715343934	0.09814138118036908	-0.01497628127491353
79.602588	1787824802790108160	47.641445817428995	-122.14018405121281	121.54014933832062	-0.12711325467852816	-0.02365077760185088	-0.033941387340389644
79.710775	1787824802898108160	47.641472417604696	-122.14016073596767	116.34312347737195	-0.022395680734025484	0.046955503334331496	-0.007207546932028345
79.801231	1787824802988108032	47.64146890780331	-122.14015925072384	114.91487220764373	-0.08541159692563621	-0.011607479896676126	-0.03940233401199954
79.906286	1787824803093108224	47.641476425360366	-122.14015583978873	117.5065807695711	0.05799243815943346	0.035401032958200414	-0.0070383013173448946
79.988662	1787824803177108224	47.641482809955924	-122.14019822845736	111.24343956653955	-0.04600750446066049	-0.030985333757807487	-0.0784878131281361
80.088987	1787824803276108288	47.64147561418731	-122.14014321413397	119.37587034035211	-0.032805469668420545	-0.010603399540515326	-0.010071218279031329
80.194613	1787824803384108288	47.641457615298535	-122.14014447920226	121.89861838522123	-0.04190911650183066	0.0064326240916773025	-0.046037284179852984
80.295264	1787824803483108352	47.641454049571195	-122.14019747601316	111.96128994732598	-0.019394408238184127	-0.0060703697714602775	0.04677373102045536
80.409575	1787824803597108224	47.641453113481205	-122.14017034607541	119.47038851225716	-0.012163787603434315	0.10394798145030318	-0.019541584134240605
80.505421	1787824803693108224	47.64149284592204	-122.14021484955607	115.45984938185548	-0.06749217874409973	-0.008064081554928658	-0.05071300393050592
80.602341	1787824803789108224	47.641488361575924	-122.14016278906736	118.0273441470188	0.023237447495874475	0.029935271771744938	-0.009878862007092528
80.707456	1787824803894108416	47.6414460126998	-122.14014872103928	125.11950474762784	-0.14646889044354086	0.020154901437449475	0.04566035384489928
80.788672	1787824803978108160	47.64146404006685	-122.1401344455948	118.74778258796958	0.1044063190149258	0.08990027801623206	0.033808660324866374
80.905820	1787824804095108352	47.64145765714207	-122.14013207678579	115.85798372820389	0.003439266197300857	-0.02481344148716066	-0.019447291677502296
80.992784	1787824804182108160	47.64146618698308	-122.14019906812553	118.2082102090497	0.006727690519898598	-0.10774733186307478	0.018193639947139274
81.105911	1787824804293108224	47.641494744347696	-122.14017462250062	117.4128650207955	0.03310668881182304	3.726009547472505e-05	-0.004862103812396095
81.208342	1787824804395108096	47.64148464866674	-122.14015915981292	115.18220864619526	0.09389186034454294	0.03995873851585449	-0.04038072430019972
81.300685	1787824804488108032	47.641465103918534	-122.14014416131529	113.69320665775254	0.034495161822991074	0.06456093770393895	-0.04076472711628112
81.397147	1787824804584108032	47.64147253726565	-122.14016868914295	114.7701831157523	-0.06984348379813558	-0.005315130874344602	-0.04889319396322724
81.497623	1787824804686108160	47.641464896914215	-122.14016648858646	117.32397037690559	-0.04357101832742388	-0.026945112638678395	0.010098660836017952
81.603375	1787824804791108096	47.64147589208303	-122.14020476254687	116.3564601951154	0.0029913220774460494	0.0003394291815579876	0.007318958553999339
81.709537	1787824804899108096	47.64149757132286	-122.14015528512549	118.41902908157238	-0.016568798207002976	0.052619317523703274	-0.008456842667308295
81.800084	1787824804989108224	47.64148374980405	-122.14014129842596	112.98832975394241	0.033371928814584166	0.029859631988032688	0.0019283891862758704
81.890472	1787824805079108352	47.641490608889335	-122.14015310073657	118.43064463872435	-0.07499760442542214	0.05465651323951154	0.029672971299710416
81.979782	1787824805169108224	47.64145171959268	-122.14016974587065	113.4318411296365	0.04427026352425931	-0.02462715510631319	0.004559899312486052
82.106303	1787824805295108352	47.641471252969836	-122.1401861680258	121.2032226473422	0.0556251020691443	0.012404469379088874	0.05788608479780177
82.201452	1787824805388108288	47.64145187049205	-122.1401797627415	115.37661941978324	-0.0567710035693799	0.03773659302713321	-0.06848867548090308
82.311150	1787824805499108352	47.64145516737046	-122.1401944915209	113.44692529283749	-0.0051666936500757415	-0.024223992638300468	0.024550093217770307
82.403392	1787824805592108288	47.64146491634136	-122.14016142082905	113.85514567270361	-0.008695516151118219	0.0300228090026897	0.05460661715136627
82.501287	1787824805688108288	47.64144879296419	-122.14020959679127	120.30157809608043	0.058043607759293285	0.01692964658581757	-0.04412405780084577
82.588968	1787824805778108160	47.641471695887056	-122.14018007156895	114.86524392469894	0.0178873766622544	0.03794894680777347	0.07061228053261613
82.713192	1787824805901108224	47.64144648680129	-122.14013665274088	117.67425236524974	-0.029984727889160914	0.011688242115478123	0.04896560173755256
82.798374	1787824805985108224	47.641472326809954	-122.14012521264117	112.77681894549129	0.08186544533193636	0.03516094981656735	0.03216923758232631
82.900934	1787824806090108160	47.64146025988238	-122.14019192740207	120.63895084489235	0.019593057335325334	0.045612065140768515	-0.017839171665427724
83.004606	1787824806192108032	47.641443084289364	-122.14015820958787	114.08960960905979	0.05945567680228961	0.012220806130785425	-0.07478394949134325
83.095472	1787824806282108416	47.6414700887063	-122.14014597279201	111.77273806896423	-0.061149364655826	0.05123999801843082	0.03454605602104378
83.194341	1787824806381108224	47.64147212898178	-122.14017971869607	115.77934205979948	0.009433565855816995	0.06839384505680295	-0.04113078155823767
83.302084	1787824806489108224	47.64147542887857	-122.14014670521374	116.45564938620089	-0.006775043585044088	0.060723778046057476	-0.054988498230662076
83.397560	1787824806585108224	47.64144576800981	-122.14016479039427	115.46349162130684	0.09828016892914893	0.010975361528854068	0.0028809986463631063
83.508313	1787824806696108032	47.641476949242254	-122.14017375787643	114.12871500279643	0.06758671489130635	-0.13490525990695346	-0.028644905556649627
83.600859	1787824806789108224	47.64145813755462	-122.14016914368541	119.95300817527921	0.09836047875396535	-0.029874259445388174	0.042425574686070805
83.704933	1787824806894108416	47.64147033801077	-122.14016202099948	120.51410423716231	-0.06956378101251567	-0.021600809651261817	0.041021558928040915
83.804978	1787824806993108224	47.641462115648395	-122.14015874578068	120.58910723916989	-0.032259172465411344	0.13402106424913288	0.039583505797235165
83.902104	1787824807089108224	47.64145881566285	-122.1401643087809	121.64067212589124	0.02829240941977916	-0.01880922022431965	-0.018095028731992487
83.999809	1787824807188108288	47.64146049316454	-122.14016459634743	116.47635309210538	0.010513528222327718	0.007885686178461864	-0.021661957908717597
84.093472	1787824807281108224	47.64145482315757	-122.14018649753446	121.16497466532472	0.022975011716781873	0.0718264656712511	-0.03562240404179582
84.200700	1787824807389108224	47.64147879033127	-122.14017730738132	122.72825077051388	0.016112698088738105	-0.007789372292227788	0.01730290186549358
84.310504	1787824807500108288	47.64145250717337	-122.14016935202402	117.37905486851348	-0.01512879168412703	-0.031942705121527915	0.031006284907850064
84.403196	1787824807590108160	47.64147460965021	-122.14016943451644	121.00655938509098	-0.002447279383895518	0.008181809648654385	0.036377224421200914
84.499725	1787824807689108224	47.64147312843983	-122.14014836178846	115.96276411561712	-0.017742337199441925	-0.0026839395153129652	0.03333482911460482
84.586342	1787824807773108224	47.641468001150194	-122.1401491983122	121.62108922143116	-0.04758531633683096	0.027698849156172003	0.02206917560146343
84.703339	1787824807890108160	47.641474052011574	-122.14015521641424	114.41674335028065	0.005858663853263374	-0.01584217423453966	0.03175137947488968
84.800559	1787824807989108224	47.64146589583631	-122.1401741564709	116.02246331734898	0.02982443657135564	-0.015303832535162477	-0.048910288276504024
84.906250	1787824808094108160	47.64143007229789	-122.14017692954815	120.25148353665254	0.02646570873126132	0.036276836433883713	-0.048075956379172724
85.002518	1787824808190108416	47.64144342278655	-122.14018322237415	114.89558651483551	0.025161385422756206	0.02102793389189367	-0.007426556080920771
85.097773	1787824808286108160	47.64148617522231	-122.14018515972238	119.70744136354288	0.010673690631751446	-0.056592151497203896	-0.03068028845457596
85.202049	1787824808391108352	47.64148407015041	-122.14016744678878	117.80262206016758	0.03030158020137441	0.05885369932145662	0.02943817229122317
85.297300	1787824808484108288	47.641467189197165	-122.14013268595887	116.05307991579467	0.045308055631527344	0.006667186476382513	-0.0033083560730708117
85.410913	1787824808598108416	47.641473128433	-122.14016408245782	117.17749570463653	0.1589260947123472	0.02336988171976928	-0.0177474814065926
85.508728	1787824808697108224	47.641485345763144	-122.14015908794053	121.8486429627111	-0.03542242436944208	-0.037601741832594245	0.021287656532588493
85.596182	1787824808784108288	47.64145826598611	-122.14015873057382	118.22735860173513	0.06271594368309405	0.11399141886381076	-0.045814539824167964
85.705201	1787824808892108288	47.641487144150545	-122.14016451850267	117.39236332201811	0.08957445940667857	-0.09575440994582413	0.032678313201887355
85.807810	1787824808997108224	47.64144809362601	-122.14016653955223	115.96315307550043	-0.08899052363558384	-0.0010440510362940377	-0.03635948035279099
85.905701	1787824809093108224	47.64147942341325	-122.14016775165152	118.6355790150459	-0.04268587998158252	0.05847300199563004	0.06507712299535129
86.009520	1787824809198108160	47.64149260812983	-122.140132851851	116.31044628146171	-0.03936613130668607	0.008595088848402157	-0.040705023863212945
86.099178	1787824809288108032	47.64147954448836	-122.14013745289144	117.60953794679159	0.03560446010430065	0.012837821802107683	-0.05957037359619352
86.195026	1787824809384108288	47.64147052927435	-122.14019367912874	117.50604352342206	0.09190304943575259	0.07548823533032573	-0.09801978375866588
86.306023	1787824809495108096	47.64147648095968	-122.14016996939029	117.33262489976741	-0.02687605261429915	-0.03204911543896866	0.09898935968863491
86.385901	1787824809573108224	47.641450912080856	-122.14016726773872	116.35080823272821	-0.029547345020635725	-0.05006153971927799	-0.018143119379898674
86.518565	1787824809708108288	47.641473202862336	-122.14016922729444	118.46818903277672	0.029916017268425205	0.0171126949400786	0.03504565093297775
86.606951	1787824809795108352	47.64146205181939	-122.1401550806144	115.72827821453124	-0.012489560694957184	0.06203049835860054	-0.05184713412613782
86.701054	1787824809888108288	47.641476219245305	-122.14016378060359	115.88447012348566	-0.06925512776422203	0.01619278463254387	0.026563549454891103
86.797623	1787824809987108352	47.64146784740858	-122.14018635673565	116.67355828621886	-0.039159266203929885	0.06110181439963656	-0.09492224087384543
86.894311	1787824810083108096	47.641459870001924	-122.14015755339106	116.30392593091872	0.042126591931902505	0.08644005986603269	0.001977407988771821
87.003093	1787824810191108352	47.64145060176207	-122.1402073386796	115.2056757099266	0.025013602601765002	0.020893315825644937	0.0054088161508235475
87.101894	1787824810290108160	47.64146326420162	-122.14016029568967	114.14926668152013	0.04229663143529729	0.037664252485555855	-0.024253760442162584
87.195907	1787824810383108096	47.64148133983695	-122.14014901297072	116.11764773653161	0.0003552508164828231	-0.09050574778441081	-0.03637474959736308
87.300335	1787824810488108032	47.64149217925085	-122.14016985400328	115.70377161142059	-0.015401732852178301	-0.04023461977500804	0.0006418669648616208
87.407259	1787824810596108288	47.64147808286766	-122.14019943188727	121.52292035990241	0.04872276537889659	0.0795935869828327	-0.03212686815297602
87.507071	1787824810695108096	47.64146996008179	-122.14019969161193	114.47070087383698	0.026205392375560438	0.003554250370586299	-0.03718590324986917
87.606954	1787824810794108160	47.64148216888813	-122.14017405790409	115.81349922934916	-0.07037987572771137	0.0014481574554295652	-0.02468424977285675
87.698057	1787824810887108096	47.64147791463412	-122.1401631516921	119.09080145586246	0.07062323746399504	-0.12465790296900721	0.08237094403249887
87.807014	1787824810995108096	47.64146823971706	-122.14017401578248	114.8495150153365	-0.013705306308905508	-0.049690373260082764	0.02082075997288413
87.894419	1787824811082108160	47.641479310695544	-122.14018864130604	119.58443885930599	-0.010545605575223306	-0.07896793810520147	0.0006175054328631112
88.001275	1787824811190108416	47.64147339735932	-122.14017433990503	117.63118159454653	-0.04393935274360102	0.03015686868181443	0.07726407873843114
88.103906	1787824811292108288	47.641500280244664	-122.14015918939548	114.56247933199678	-0.003276969622478937	0.002307186745182012	0.0417827609175733
88.196072	1787824811385108224	47.64144162762695	-122.14017742991977	116.23136063088918	-0.03008004563464228	0.019329077538117787	0.07177691639479325
88.312401	1787824811499108352	47.64146188531109	-122.14016018946448	119.1298798784516	0.012265565949066408	0.0566045842293608	0.006372924484717626
88.405243	1787824811592108288	47.641463467288595	-122.14016676219325	117.1450553950472	0.060540962416354885	-0.044014858605287976	0.014034090398268846
88.500270	1787824811688108288	47.64145972063291	-122.14016906281287	122.81833417623734	0.01811626788440773	0.0772170478083546	-0.003932184232359104
88.603871	1787824811793108224	47.64148379702718	-122.14014046006439	115.64344093955859	0.04961582941692223	0.05353017829629251	0.0012472484241260152
88.698684	1787824811886108160	47.64144004158367	-122.14016035560923	113.19271593755248	0.011546275737161707	-0.03669576575771144	0.0025208494985261274
88.791288	1787824811979108096	47.64145154355942	-122.14013026738714	121.80281792465242	0.047818036171513215	-0.009328368413426902	-0.06715605605196041
88.898241	1787824812087108096	47.64146911515243	-122.14014058864818	115.05513942041533	0.022959466295644618	0.030173767235363688	0.006771050700049232
88.989915	1787824812177108224	47.64149248040014	-122.1401579327521	119.63536579734827	0.05512619374667931	-0.022837138430284978	-0.0009716300845463227
89.111971	1787824812300108288	47.64146924736821	-122.14015960410451	116.6713758255417	-0.05900432892834996	0.048078243101814105	0.0031836627999693116
89.200536	1787824812390108160	47.64146307492623	-122.14012582164689	114.14535696355414	0.04533631423353564	-0.01971594971244438	-0.03690767193951994
89.298436	1787824812486108416	47.64146421675621	-122.14016378387149	114.98200939244302	0.010878770731357663	0.006799219393210822	0.03316146353108348
89.390134	1787824812579108352	47.6414652056646	-122.14015258442481	120.54116268773282	-0.07805856757282109	-0.0006336901021229057	-0.01900614484883182
89.501168	1787824812690108416	47.64145440897252	-122.14017389453637	113.7326425732344	0.022219667050190812	0.029053010033242895	-0.06936928726346592
89.593461	1787824812780108288	47.64147311392374	-122.14019581657283	119.09183281524558	-0.028192462906922712	-0.01855892124633864	-0.034115531141676654
89.693331	1787824812882108160	47.64143965233799	-122.14017842718478	119.19602814420482	-0.0636398599461896	0.01526290854799044	0.06841309227500447
89.784377	1787824812972108032	47.641463783442774	-122.14017350919669	116.44547250528561	0.023424607278284576	0.04694673133067628	-0.05166301559014911
89.897035	1787824813086108160	47.6414892259233	-122.14015521702486	114.0858844844787	0.03119146805061844	-0.018736074675504363	0.04797084771471288
89.994288	1787824813182108160	47.64146562762762	-122.14015646112829	114.33103127594282	-0.06947227390094196	-0.016498719487336975	-0.03709522059313652
90.106126	1787824813293108224	47.641477275973415	-122.14014615618846	114.92783174650208	0.05208487630297012	0.008324498706219784	-0.08082773099710233
90.207634	1787824813395108096	47.64145407329049	-122.14017753738344	116.8103509665236	0.02625137325848605	0.00844303081078629	-0.024095355259945255
90.302297	1787824813491108096	47.64147085494777	-122.14014344311502	117.25447593868824	0.093242115456068	0.01827363449341769	-0.03259282155188974
90.390969	1787824813578108416	47.641466620506435	-122.14015443239423	116.07567018664393	0.02572080360315058	-0.008665572970538625	-0.04612449495562543
90.504756	1787824813692108032	47.641483167220464	-122.14016551540087	114.31033134769339	-0.02428665311645704	0.04421521845876089	0.040565828395267976
90.595645	1787824813785107968	47.641463282269015	-122.14013695030714	120.78139471408018	0.026593774159994685	0.0460448383135057	0.029167893997051622
90.703546	1787824813893108224	47.64146196487965	-122.14014553399342	117.12652226940561	0.12060760251129371	-0.04317658357017384	0.016498166745126164
90.806515	1787824813995108096	47.64146160403817	-122.14014846088557	115.18156686795705	0.0593660776297095	0.12219845170017725	0.010035495920944704
90.909451	1787824814097108224	47.64145781307657	-122.14017341471734	118.2716557449609	0.00452199596402522	-0.022539201632887428	-0.0055213352402741665
90.998922	1787824814187108352	47.64149667206323	-122.14016489515767	118.73898499214064	-0.013431918178929456	0.03489787062583522	-0.012504451366216102
91.102477	1787824814289108224	47.641456803354004	-122.140180494604	116.26349212806551	-0.04539937336691985	0.003102930193763379	-0.09264351123466906
91.201281	1787824814388108288	47.64147344415879	-122.1401752839764	114.54475097210741	0.013259030242668907	0.005622768649363815	-0.039346749269951214
91.296606	1787824814484108288	47.64146547830016	-122.14015237360162	116.62508850778777	-0.029262694907091238	0.013644254266583708	0.020437295742491507
91.401911	1787824814589108224	47.6414899135256	-122.14017814481771	116.67774138003624	-0.045682131436839434	0.015342924381294419	0.05429642897825872
91.504549	1787824814694108160	47.64144869365145	-122.14017938618552	118.1902387721972	0.03087111922376677	-0.04927186712705674	-0.04656536673123602
91.599530	1787824814787108096	47.641467107446296	-122.14017821139839	111.97335389327547	-0.02081301870621039	0.061760794265876676	0.04370121204114863
91.712439	1787824814901108224	47.64146514630886	-122.14016429197952	116.06906796741772	-0.08483897440234178	0.022112089814612358	0.02978064915123641
91.809877	1787824814997108224	47.64146719646921	-122.14013369424596	117.83286074191258	0.02132500016081028	-0.04445947663570804	-0.07147364344298948
91.902086	1787824815090108160	47.64148138047491	-122.14019026354697	125.17623010853337	0.04715729129425545	0.02734846618258437	-0.003539916355924433
91.993305	1787824815180108288	47.64147094627049	-122.14015338578098	118.11427433901905	0.03774103755989815	0.004011394852099997	0.00010014469945005179
92.108431	1787824815297108224	47.641473498025015	-122.1401426541455	114.65401481812343	-0.11005208240370752	-0.0870815657487609	-0.0404805965913837
92.209456	1787824815396108032	47.64147383737784	-122.14014108363969	115.65974108822336	0.011825906493848052	0.023169869010620472	0.0455868463864768
92.303698	1787824815492108032	47.64145791167493	-122.14016175459743	119.81827159290889	-0.0423533045790543	-0.007477928745922973	0.002277519810282275
92.397756	1787824815585108224	47.641484212527075	-122.14017070904352	120.44424605283807	-0.0007660284351020544	-0.032017780319680444	0.07613961531953492
92.505830	1787824815693108224	47.6414593797662	-122.14015819705632	116.31248010488001	0.00790805748745412	-0.06728827726355166	-0.043483764873680324
92.603424	1787824815792108288	47.6414655899194	-122.14019744337365	116.85596160400776	-0.10837273746385499	-0.02843993293550596	-0.012207605964886084
92.700890	1787824815888108288	47.641479043870675	-122.14016189814525	121.24224572774963	-0.011192759647222085	-0.08158231601367441	-0.008303574053304992
92.798164	1787824815987108352	47.64145082705747	-122.14018097048843	119.59200030312859	-0.04631454877005096	0.02636318065135076	0.044601500687625514
92.899993	1787824816089108224	47.64147874274533	-122.14020154557726	115.08482928374028	0.0463986157946841	0.009682653904824617	0.09509535322261604
92.989957	1787824816179108096	47.64147034245731	-122.140156769685	120.03467412378392	0.035634375321643506	0.008853231625015764	0.019178959935009607
93.098572	1787824816287108096	47.64145069540088	-122.14018587787332	114.55892099998046	-0.01736407663852409	-0.09282482604333565	0.0561358167802181
93.198097	1787824816386108160	47.64147643289406	-122.14013422690574	117.46307612397955	0.004487374488519825	-0.044327044343352814	0.07608321127719897
93.286771	1787824816476108288	47.64148904967811	-122.14019122658084	114.91372784974914	-0.004753418689544904	-0.034594785459639336	0.1465151295563518
93.403909	1787824816593108224	47.641468116307045	-122.14014970427495	118.45562542739017	0.008140376526493229	0.04138934859936005	0.007415227566707968
93.500893	1787824816689108224	47.64146741655833	-122.1401473527869	117.28660956563752	0.020695993966622105	0.017138644066298274	0.016252584467351946
93.593191	1787824816782108416	47.64149875186494	-122.14019655716457	118.0250976162165	-0.002455009617046196	-0.03808218879696569	-0.023592873072810213
93.703905	1787824816893108224	47.64146377540587	-122.14017130410271	114.5855594019694	-0.012565142034577407	-0.006510272070773199	-0.013779823379287823
93.797852	1787824816986108416	47.64146591750294	-122.14014123300902	116.51153587725113	-0.0046696524680758635	-0.12317406585365334	-0.0026340295022176975
93.897856	1787824817085108224	47.64148641370452	-122.14016110847693	118.9681964118746	0.02406049817530215	0.059576280107087515	0.06316417382765756
94.007501	1787824817196108032	47.64145799901355	-122.14015499786036	116.56387703581096	0.02445611535253197	0.07729772097889619	-0.03215160318939607
94.104826	1787824817292108288	47.64147077873236	-122.14017366841843	116.14071413610601	0.03788858614161263	-0.004046686851585178	0.04628890994057641
94.192476	1787824817379108096	47.64144872328667	-122.14015340656029	116.76904602739971	-0.010529202402500592	-0.012628641351819916	-0.02214992802736419
94.285639	1787824817475108096	47.64149028711152	-122.14019032789402	121.21935155397986	-0.048442376474497936	-0.07486860311080501	0.004959144705698228
94.405862	1787824817595108352	47.64146918134777	-122.14019257721303	119.25613209149147	0.025434220336287696	-0.05151813197827187	0.10407633240953183
94.494817	1787824817682108160	47.64148172460697	-122.14018458123766	119.5563973411431	0.01846443190135704	-0.030887784209209346	-0.08633773338917408
94.597442	1787824817784108288	47.64147258248254	-122.14018435957392	112.37369389908395	0.05033114751183056	0.036606832082106286	0.03569625730284764
94.690954	1787824817880108032	47.641455962323974	-122.14015520631051	117.61209626704425	0.027784736996473543	-0.10819389567217595	-0.08084837724102067
94.801098	1787824817988108032	47.64145450331732	-122.14014274268992	117.72782322094794	-0.08556966994656101	-0.023023443630622576	0.05380723904978353
94.903976	1787824818093108224	47.64144973395198	-122.14011217780838	112.20315008674802	-0.037413912958783414	0.07901236546663218	0.06056325980431489
94.986714	1787824818174108160	47.64145227341257	-122.14012743948126	114.5276566070681	0.0361823980155423	0.04306525038236492	0.04431642058572724
95.096465	1787824818285107968	47.6414738596944	-122.14021235508793	118.4124624474055	-0.06073878296072818	0.019560747988061507	0.018001237601659927
95.197799	1787824818387108096	47.64146318318945	-122.14013532309892	114.84384338129865	-0.018491092339353584	0.05712853598797588	-0.03643686515619745
95.306298	1787824818495108096	47.641475226878214	-122.14013925305322	116.84871799555052	0.009781894449584761	-0.12843687832417394	0.031172086136633748
95.403221	1787824818591108352	47.64145974103762	-122.14019641813269	116.64877937605243	0.0116223154784251	-0.009603463485927423	0.07578492668815201
95.506348	1787824818693108224	47.64146430242128	-122.14015387188955	115.66159005693646	0.023533975211197544	-0.030515012517051382	0.03487372345865793
95.603269	1787824818792108288	47.64145677187066	-122.14015610126974	114.90567704925724	-0.06143660651183043	-0.05466593824678839	0.04474922115180025
95.708061	1787824818897108224	47.64144742046926	-122.1401648640533	116.55325517219042	-0.0030145901599651233	-0.001375975362148185	-0.034894880629147376
95.800997	1787824818990108160	47.641439851699836	-122.1401319443193	115.80161341696954	-0.042223359965984614	-0.01751131764912485	0.03494111513845279
95.898527	1787824819086108160	47.64148205902296	-122.14017276153082	116.02152468815625	-0.048103486737065694	0.10830007622742116	-0.0492174680622333
96.001863	1787824819191108352	47.641476885310865	-122.14017911968752	118.11773154673692	-0.07417631923081247	-0.016038395231775745	-0.07279673478544076
96.105051	1787824819293108224	47.641477161449345	-122.14020286368712	118.80126649861776	-0.027078518459729757	0.039857562226940035	0.0626620011193122
96.205792	1787824819395108096	47.64148679310929	-122.14011622439514	114.76241136571583	0.00034301356529538323	-0.10620554517609451	-0.004254705492626191
96.292022	1787824819479108096	47.64146527099213	-122.14018739006316	119.87892960180068	-0.0039798126059965196	0.07436939522437168	-0.04244588248528732
96.394723	1787824819584108032	47.641459112786	-122.14016628339928	117.83582679095926	-0.09223199755807404	-0.03644176231755779	0.055359059285285186
96.494583	1787824819683108096	47.64146413845981	-122.140194453203	116.60622910431634	-0.03615424401105599	-0.09377082880462408	-0.0012771888902114905
96.590012	1787824819779108352	47.64146749767954	-122.14016205224931	114.48239680205131	0.0037670943532508005	-0.0178511801184031	-0.10075583812948041
96.704260	1787824819893108224	47.641469624336565	-122.14016409880952	118.94007219368595	-0.00988766484213291	-0.1257953426770159	0.11486522846731867
96.798453	1787824819986108416	47.64149164203838	-122.14018758998398	116.96377078926058	-0.044640315592792065	-0.0689108093961133	-0.02965338561994727
96.899224	1787824820088108288	47.641472735709335	-122.1401571954654	114.05527041080545	0.012978290388578477	-0.04593669527412182	0.013637776037784552
97.001349	1787824820190108416	47.64147236201536	-122.1401447768107	118.36803374896868	0.04264299592671065	-0.014033814949148675	0.05596714055655249
97.092819	1787824820280108288	47.64144788527785	-122.14013529821783	119.42794522944027	-0.021009951120808945	-0.0499777863283584	0.013738902932784295
97.200187	1787824820388108288	47.641481067283344	-122.14018515744058	112.53185189803422	0.006274308029964308	0.038663731523357295	-0.00828445257885404
97.292470	1787824820481108224	47.64147289338722	-122.14010913517669	116.52710903203716	0.040358278836393674	-0.06772350775480837	0.024265099561442426
97.410017	1787824820598108416	47.641489896644295	-122.14017177213492	118.62339009476348	-0.027989248241281097	-0.0010106548414812273	0.014179502281804602
97.500331	1787824820688108288	47.6414791591371	-122.14016424773509	114.55947523931471	-0.022925994188962993	0.04472973515856969	-0.09091990099216146
97.585293	1787824820772108288	47.64146903617141	-122.14016618685525	118.51312860215195	0.02314849178763965	0.0029056738155883053	-0.04106388942401523
97.700611	1787824820889108224	47.64144169986117	-122.14015024458764	114.06234400974606	-0.0051306040279370455	0.0023991627755288445	-0.08223279604569306
97.796267	1787824820985108224	47.64145645936629	-122.14018405312437	116.57616661963786	-0.03743722663268995	-0.01553296831731727	0.04332792816347402
97.906698	1787824821096108288	47.64148483911333	-122.14016056166078	116.18455513838693	-0.059545612001135576	-0.04626129626151421	-0.023759106324464513
97.999552	1787824821189108224	47.64146818385896	-122.1401536842634	116.4817043884308	-0.04499457925970726	0.06543285062491523	0.04442705288524597
98.104944	1787824821294108160	47.64147083089347	-122.14012961097222	117.40224187391487	0.0023492082076987083	-0.030833699393400693	-0.05895834818095948
98.208945	1787824821396108032	47.64145881596752	-122.14016587247798	114.5644452417308	0.01788331644023689	-0.057548383357961044	-0.005174637027094552
98.296309	1787824821483108352	47.641454630957725	-122.14016370170786	115.71525128074377	0.03438051740022035	0.0408944046674358	-0.02717767295930276
98.395947	1787824821585108224	47.641467468933634	-122.14013676371478	118.42540515245712	0.09014292275383015	-0.12270210894715494	-0.0003521756505481387
98.505739	1787824821693108224	47.641488388221426	-122.14016779898431	120.03354906816102	0.005084290382073713	0.03583907408539926	-0.04002125504073162
98.595119	1787824821783108352	47.64146420249906	-122.1401383897832	115.03065278813366	-0.0651807303004934	0.020816181310277418	0.11094821054168379
98.691620	1787824821879108096	47.64150855937741	-122.1401759979044	118.76399863708066	0.0035370002731990625	0.07866690030576892	-0.0575479700779196
98.804810	1787824821993108224	47.641479870541666	-122.14019742015927	118.70969302672708	0.08109058648625443	0.028450934388230483	-0.1030286343836626
98.901147	1787824822089108224	47.6414687329729	-122.14016361805139	118.52147158326927	0.05091630431785143	-0.01597687967808927	0.03705551408202808
99.006533	1787824822194108160	47.64146954909853	-122.14016177103974	117.07503086346324	-0.017261511924015836	0.035184623960545024	0.01600658489008774
99.102047	1787824822290108160	47.64147797216901	-122.14017353506503	115.36515080237689	0.0017072668046932708	-0.016517763562018586	0.019037935969937532
99.188586	1787824822377108224	47.64145672245186	-122.14015722975289	117.43625001108414	0.018364404194053822	0.057464454597369985	-0.025459371186507457
99.296728	1787824822485108224	47.6414669117625	-122.1401453719361	117.62407398024801	-0.10085779422296348	-0.07588764820995846	0.023591325782289226
99.402097	1787824822590108160	47.64148568248966	-122.14015884484468	116.92770947700029	-0.007571699733786881	-0.009335746037339226	-0.06045128684068708
99.498273	1787824822686108160	47.64146457894677	-122.14018254344033	117.23205171038927	0.041597912624671454	-0.0089611591673989	-0.013957327855446709
99.601636	1787824822791108096	47.641459599062856	-122.14018196852948	119.16132753472652	-0.0029470453452862576	0.01728869949764438	-0.023841042224455662
99.709877	1787824822899108096	47.641458192047715	-122.14016819529584	117.45645391468877	-0.08896548766145487	-0.041711038500580055	-0.0035823229263265443
99.807159	1787824822995108096	47.64148023830573	-122.140157691887	114.89346303951072	0.01995569278107546	0.034996683733963585	-0.014074400310570018
99.897951	1787824823085108224	47.641463300620124	-122.14014530984112	119.3210528813132	0.014133914707704039	0.06844284735668586	0.040845859824614805
100.001822	1787824823190108416	47.6414469104906	-122.14015799575175	119.09166494328686	-0.06261610367109607	-0.008100098082009776	-0.03409525163610669
100.107370	1787824823295108352	47.641475207432414	-122.14020539087832	117.10733956447216	0.023485718983887852	0.008690635782294315	-0.0034608747209538566
100.201608	1787824823391108352	47.64148080803164	-122.14018856800614	116.88538391660379	0.024967061264591205	0.009643378023961903	0.07206933317619166
100.300677	1787824823490108160	47.64148964179644	-122.14019231489421	116.44574547563141	-0.042855793598184005	-0.029551043922329108	0.012184103497253728
100.401363	1787824823589108224	47.64147032410041	-122.14015782499875	117.37417038306941	-0.049089684726642886	-0.04779506789435095	-0.02419895891910401
100.488335	1787824823676108032	47.641442387033	-122.14016343841834	120.24570218830615	-0.04062960724323461	-0.012875350910067593	-0.038078639556116324
100.591838	1787824823781108224	47.64148377357708	-122.14015783589733	121.72911827029739	-0.05748713408520515	-0.021677526038138016	0.03578051309268578
100.701707	1787824823889108224	47.64145830726742	-122.14015985451199	116.34332443399583	0.06684122590257395	-0.08307963816969477	-0.08350752539666617
100.806780	1787824823994108160	47.64148579477823	-122.14016773896073	117.96569586342486	0.016456487069894866	0.0645415626917356	-0.038690953766942635
100.897604	1787824824087108096	47.641498585201184	-122.14016708562178	121.41994698130368	0.09154505221539797	0.008884399878010235	0.12799420346068577
100.987501	1787824824177108224	47.64149766231797	-122.14018453373461	121.08099783141887	-0.11916410425669897	0.011209987989840773	-0.01608042826865134
101.103850	1787824824291108096	47.641449580292985	-122.14017037688613	114.7206196460201	0.004350919031680985	0.05937392357061211	0.050041897267326385
101.200402	1787824824387108096	47.64145416367835	-122.14016568977102	114.16557590466968	0.003890330720973164	0.039582523484694265	-0.04703152107596556
101.314511	1787824824504108288	47.641497705440514	-122.14019051572892	115.94221289764575	0.05847146141256047	0.012852776182172683	0.03078988792246234
101.401805	1787824824591108352	47.64143786344161	-122.14015560008144	115.56180303019833	-0.051925007204513686	-0.0016298399202756214	0.04660379712040425
101.494276	1787824824681108224	47.64145956110683	-122.14013971733128	115.57593698890035	0.07988138895410046	0.07405225877106239	-0.003878171847839391
101.596574	1787824824786108160	47.64144478490763	-122.14014915254896	120.54762280655854	-0.10044684696892292	0.05434000717995441	-0.011797093199949017
101.692871	1787824824882108160	47.64146672843436	-122.14017458068724	116.10005539845287	-0.014373354224712127	-0.09246186517563364	-0.052528378441055304
101.795921	1787824824984108288	47.64149663742197	-122.14017055763317	119.39727793187647	0.10679696912482273	-0.026886054868633776	-0.06082774033342824
101.894999	1787824825083108096	47.64143499525066	-122.14012300136788	119.57080164431433	0.02590080692349009	-0.00827145364125883	0.07124910319204909
101.991032	1787824825179108096	47.641470950833295	-122.14015347478583	111.6439767427409	-0.013417724712705123	0.0025961607003218436	-0.012114211757061918
102.094116	1787824825281108224	47.64146212947736	-122.1401408008779	118.23436761907732	0.011099909609108182	0.007514716872633298	0.00027570367663179424
102.205723	1787824825395108096	47.64147690604343	-122.14014326883118	117.24757160485112	0.040675884078864445	0.053289618222926854	-0.030306247317648995
102.299894	1787824825488108032	47.6414604200454	-122.14013384767429	118.49497122962686	0.01200111957343295	-0.014361578539444728	0.09548004857086234
102.403572	1787824825593108224	47.641461244296195	-122.14016069949622	119.6405818991778	-0.03111125504390766	0.015024056085557985	-0.0020665825070915462
102.498248	1787824825686108160	47.641494429593244	-122.14017656325295	114.67924306448523	0.05457797325129689	0.010474817548738117	0.05959845840963945
102.598045	1787824825785107968	47.641473259361405	-122.14018434706696	111.60421983290507	0.022308914321686163	-0.011130162325152826	0.048654130704407425
102.696513	1787824825884108288	47.64146201692807	-122.14014643866763	114.81189107030772	0.012762865764057408	-0.023402139173319417	-0.023885291487583206
102.792019	1787824825980108288	47.64147964800754	-122.1401713399333	116.04842124056145	0.04561242320549559	-0.003657674069424808	0.0013944698099691416
102.898663	1787824826088108288	47.641475109641476	-122.14016201959478	121.22083610993703	0.078763092053099	-0.028949238601795026	-0.01791879520334846
103.003037	1787824826190108416	47.64147267941386	-122.14016411663572	115.85480859291297	0.11192790326731264	-0.018739086104605864	0.06197894105861225
103.100225	1787824826289108224	47.64146466033379	-122.14019430830172	114.7572017473039	0.07742924184268642	-0.05128890553428631	-0.05517252819417471
103.192149	1787824826379108096	47.64148679108396	-122.14016340184229	117.04541882099365	-0.005544824618299985	0.0043548375442159625	-0.09976112526421588
103.293381	1787824826481108224	47.6414668979	-122.14019904196066	121.66063392653334	0.005163953452582733	0.07739527571395567	-0.040055501820261186
103.402761	1787824826592108288	47.64149421256277	-122.14017158057779	112.89685068324133	-0.0005714786151717863	0.04395292765764712	-0.0640647252988428
103.491874	1787824826679108096	47.64147396727212	-122.14014706943709	118.52497700901107	-0.041793869324622854	0.020216883636833757	-0.02240345204425946
103.598311	1787824826787108096	47.641446304098295	-122.1401609688782	115.8703626919037	0.05870947383232372	-0.055313806961634585	0.042097797743532624
103.700223	1787824826889108224	47.64146197656773	-122.14016884294702	121.80567201647025	0.012153446483398292	0.015958609903953685	0.023582375354073433
103.802731	1787824826991108096	47.64145696976521	-122.14019987728709	110.78490246484677	0.06654545295417431	0.0007258488172071564	-0.016076779242761883
103.894548	1787824827084108032	47.641462860598395	-122.14016820507383	116.87970249399623	-0.11376973409861263	-0.006798684477605831	-0.01610523565187943
103.991882	1787824827180108288	47.64146318403886	-122.14015762033675	119.90731019237461	0.07841619285533609	0.04674520439426444	0.07406356662187052
104.097120	1787824827285107968	47.64146789467966	-122.14016444753248	116.76972032907277	0.05877213001672535	-0.08828663475470665	0.035100696606944724
104.200231	1787824827387108096	47.641454068213235	-122.1401595652177	115.34135485451363	-0.06242090377518486	-0.024062680625149536	0.04377116479672586
104.306782	1787824827495108096	47.64146260251896	-122.14014014547837	114.03578416399019	-0.04687046737017404	0.06854083929298455	-0.08101306438314079
104.396594	1787824827585108224	47.64146721808478	-122.14017164667177	112.73925159738494	0.001048076036435739	0.0692273040464038	-0.03210566458475565
104.504236	1787824827693108224	47.641461357547335	-122.14014304709363	115.55525975322594	-0.07809379105265042	-0.1199043491603497	0.015489076243735586
104.588595	1787824827777108224	47.641487285017654	-122.14014016711518	115.31828357378716	0.00562061347067631	-0.0009746930379471059	-0.08510828861968944
104.696517	1787824827885108224	47.641478290811456	-122.14016398391132	116.81954761693673	-0.02478138828356395	-0.015984581758276755	-0.08497368822343299
104.796703	1787824827984108288	47.64145953591145	-122.14013534141658	117.50711042270909	0.08880013421620978	0.059474285005896736	0.02227959331968983
104.899042	1787824828086108160	47.641447356323006	-122.14016008405127	114.28128953227153	0.04741413234954971	-0.0023894242742604588	0.01819787449575207
104.998836	1787824828188108288	47.641468728415354	-122.14015050825276	113.7027176778127	-0.044348693374730255	0.028672747394944728	0.018983352508239085
105.097228	1787824828284108288	47.64144916872599	-122.14015126524441	118.45078526826747	0.034886241146677745	-0.06370839307396607	0.036663984130215085
105.201401	1787824828389108224	47.641480155224485	-122.14017313260054	121.26049885904051	0.10650317483084148	0.011330208431226887	0.045613240677385855
105.303996	1787824828491108096	47.64145744461262	-122.14013005567817	123.51483432552823	0.032227506678282274	-0.029457569278118847	0.0053539095781808144
105.398981	1787824828587108096	47.64148712351525	-122.14015744781092	119.87090160723379	0.020611085543205836	-0.11049425037051319	-0.03395055024652676
105.492487	1787824828680108288	47.64145809369666	-122.14017365369834	115.97827263646622	-0.04123901546114575	0.11632036996453672	0.047805794669849855
105.598462	1787824828785107968	47.64144409817089	-122.14012947811479	118.50078514041778	0.027265636979372943	0.06128180342622275	-0.06989761899804467
105.698104	1787824828887108096	47.64149055017316	-122.14018460069208	115.19246149494118	0.03836713888126543	0.009260452411130325	0.01683233786510303
105.799791	1787824828989108224	47.64146498591276	-122.14019157646004	113.41728638898577	0.1022809192408295	0.027061273292444378	0.03206176492267249
105.896046	1787824829085108224	47.641454192256084	-122.14016718960244	119.12450468844384	0.04240736919736446	-0.014515491807597381	0.06079399677265011
106.003375	1787824829190108416	47.64145872438918	-122.14014809969	122.06132810861513	0.05294597039482801	0.01714399303617553	0.026532206234229375
106.096013	1787824829283108352	47.64146743140279	-122.14017098137795	115.98450071069874	-0.051626847952381406	0.03423902595698461	0.007963686632371183
106.211196	1787824829400108032	47.64146774244546	-122.1401513430967	112.42727313095683	-0.0009063414848527742	0.04981530272444059	-0.04309220160074651
106.304441	1787824829493108224	47.64147077269381	-122.14018798929183	117.9443351245624	-0.04027984988252963	-0.029027027790190747	-0.015662038121240007
106.399680	1787824829589108224	47.64147219825105	-122.14016174907213	117.12758071183904	-0.04548359779056074	0.0035168007395516947	-0.06909090569910875
106.512497	1787824829700108288	47.641465299559925	-122.14016517453506	116.74441727695263	0.00012871574428780058	-0.0357024342791139	-0.03324461241849765
106.604095	1787824829793108224	47.64146665671038	-122.14016380016211	119.36457997579153	0.03170918821070276	0.010341615752653742	-0.0036357795545440075
106.701181	1787824829889108224	47.64148615146378	-122.14018536431229	113.83355419043053	0.03379666256063009	-0.040882540488673	0.11699988709260123
106.801275	1787824829988108032	47.64145732492365	-122.14017367692759	117.53071192466373	0.0324692674210412	0.0030698759428203657	0.059433591825441556
106.910991	1787824830099108096	47.64144905453197	-122.14013735863412	117.03804866625796	-0.04710502736443397	-0.03315602189978616	0.040114867411721516
107.002690	1787824830192108032	47.641452760757794	-122.14014238390072	118.834030008912	-0.022009941324302527	0.01693732117715299	-0.03806241222730676
107.109394	1787824830297108224	47.64147904558877	-122.14017642797937	114.75703789872063	-0.028370911324599096	0.00173489171151049	-0.030086066860092298
107.201464	1787824830390108160	47.64146922915175	-122.14017146469698	118.91635436101842	0.02533025198702087	0.05401217346938059	0.0898533877429374
107.299040	1787824830486108416	47.64146549512898	-122.14013657315368	116.06320870906193	-0.011020865680332413	-0.039686132226592494	-0.038634619304434
107.400972	1787824830588108288	47.64146169585264	-122.1401703359629	116.60332919216582	-0.08213991475928113	0.040803943163821806	-0.12644609970371287
107.499270	1787824830687108352	47.64146520163833	-122.14014613923372	117.47601612046196	-0.045147803546192494	0.06996904580220809	0.0012312305310859088
107.597838	1787824830786108160	47.64147564689131	-122.14018217503454	114.09426630365745	-0.032205437708364315	-0.026045127335780294	0.01767184041382222
107.706148	1787824830894108416	47.64146063253822	-122.14017258826631	119.54476156423745	0.05751857931503617	-0.024564250126724096	0.04061919267750639
107.803889	1787824830993108224	47.64146694176978	-122.14013027204594	115.26341877273245	0.07448807955989453	-0.06691719365238742	-0.07100188452849422
107.902437	1787824831089108224	47.64147039783564	-122.1401550334181	116.6430104204371	0.04573672646629611	0.01941897417633069	0.01630461263864889
108.007073	1787824831194108160	47.64147565277139	-122.14016092079095	117.93570279829538	-0.045296532979056295	0.05635453354982556	0.014716958444518478
108.110033	1787824831299108352	47.64144595422032	-122.14015278399656	115.91067376346284	-0.008215209881802408	0.11840933789162833	0.010248842652765926
108.198016	1787824831386108160	47.64147897238708	-122.14014990648387	116.8252659877873	0.029030548709483774	-0.0068493868577630184	-0.02318287058280455
108.297048	1787824831485108224	47.641478711724666	-122.14016784838974	116.92901358697941	0.012138258584050876	-0.005739677373284716	0.0755610635731685
108.397981	1787824831587108096	47.64146191403213	-122.14019547894036	116.24551036767997	0.021232883505991753	0.10626761436523263	-0.10659485630612098
108.505187	1787824831692108032	47.64146366650719	-122.14016014080798	115.60566172945589	-0.013623029303079093	0.055634564932291776	-0.0677058057662569
108.610283	1787824831797108224	47.64147326365497	-122.14013566050629	115.29429454062716	-0.06697689086070321	0.07679676995455643	0.055848286233115274
108.703199	1787824831890108160	47.64146679905613	-122.14017315326772	116.18317424706376	-0.04532608263590467	-0.06712696681240818	-0.04299496275388926
108.798197	1787824831986108416	47.64147218391113	-122.14018037683414	115.87312080546332	0.01012434816548379	0.013447821208272526	-0.09560416558627433
108.898850	1787824832088108288	47.64145957660451	-122.14016078312063	115.64785584586814	-0.04595920061836292	0.00678484549767553	-0.047348003592422756
108.998240	1787824832187108352	47.641488962849536	-122.14015990028318	117.86058578175573	0.03554473980029125	0.06359346279586162	0.049130360223938026
109.100851	1787824832289108224	47.641468633462146	-122.14015819235905	114.11149949722235	-0.015921872252189936	-0.02859562051194708	0.007030315554111287
109.203734	1787824832391108352	47.64146951670087	-122.14015485027805	119.83646343077902	-0.05056386332879287	0.02049018571960169	-0.03786206328348027
109.297573	1787824832487108352	47.641467692823504	-122.14015813517996	119.83003564662668	0.05657832172945962	-0.007719200893827775	0.00832853163387277
109.398188	1787824832586108160	47.64146579768416	-122.14014470820246	118.29353132947607	0.08437882484468906	-0.06414703300501937	-0.03900676704334756
109.495435	1787824832682108160	47.641471871950166	-122.14022468406417	120.41406251312804	0.10996924718839843	0.014301284306134416	0.0178466696383317
109.596236	1787824832784108288	47.64146817790416	-122.14015178756719	118.08739124654429	0.07738164034741944	-0.020936000703260876	0.029882077942913574
109.702581	1787824832892108288	47.64148074426936	-122.14017903851828	119.56566326257162	-0.03181443929181183	0.10168227015456686	0.05941206039351902
109.808556	1787824832997108224	47.641484358253216	-122.14015699095809	113.41532763750725	0.0544459656769242	-0.0663141417955677	-0.023984908837665048
109.900966	1787824833090108160	47.641457051768704	-122.14016811119383	120.74628020804923	-0.032925550776306545	-0.06857617035786635	0.09678145522601467
110.001976	1787824833189108224	47.641491563080535	-122.140198225086	115.75757939136325	0.05976271566847477	-0.08888169706879613	0.04868187417465151
110.099389	1787824833288108032	47.64145507841728	-122.14017280606576	119.42928353754209	0.0003720248624708979	0.08509604774217887	0.012385334306953842
110.201183	1787824833390108160	47.64145581596932	-122.14018670806631	115.7853343497672	0.007220327552148018	-0.013870823529445403	0.07596777402544896
110.298893	1787824833486108416	47.64147486742387	-122.14019511188323	115.78702949021512	-0.04547385033209677	-0.05770313537713834	0.02675641279802834
110.408733	1787824833597108224	47.64146253924725	-122.14017362443765	116.66785248541312	-0.062337903648689845	0.002484057645059329	-0.023053653810318434
110.492825	1787824833681108224	47.641476501082906	-122.14020214553095	116.34649070733553	0.009631904805302665	-0.02612998996055867	0.049553858128906975
110.598387	1787824833786108160	47.641465780601756	-122.14012848947478	118.57177855832886	-0.0541432995067793	0.06764572085139682	-0.012339760480129155
110.697238	1787824833885108224	47.641473187443474	-122.14013459675364	115.53621356481307	0.04302580529266177	0.007781209801010456	-0.04715306690437676
110.792116	1787824833981108224	47.64145341858014	-122.14016075044387	121.83008914050353	0.019900680915452204	0.06605160792241549	0.0018985803018907528
110.902491	1787824834089108224	47.64146760795029	-122.14018981167766	120.66433539922096	0.0031282992318927907	0.0078752275406573	-0.011509572929162723
111.001417	1787824834188108288	47.64148529023979	-122.1401438813925	113.88359445601662	0.013690458220074399	0.011666212890017569	-0.035820320290359135
111.098827	1787824834287108096	47.64146315410895	-122.14017440924445	113.31888882304497	0.03577611186060898	-0.013640270415831263	-0.05333748881602105
111.198907	1787824834386108160	47.641430407763124	-122.14014378637333	119.9743535459499	-0.10254430670293663	0.03556638810951642	-0.07129794025775274
111.301669	1787824834491108096	47.641458468260645	-122.14014082897677	114.32926885470245	-0.0793249526163422	0.004198803922301905	0.029348916738145017
111.399372	1787824834587108096	47.64146298721465	-122.14016356201505	118.63377347521939	-0.09631123952518998	0.03164876362993268	-0.02748783715446104
111.496828	1787824834686108160	47.64145262210302	-122.14017802610086	119.3737843121449	0.029053822343420316	-0.06804446492514979	-0.02500894775239029
111.592730	1787824834782108416	47.641448338313715	-122.1401515643067	115.07636529082099	-0.0529566189856061	0.0726553056619255	0.07488809896301822
111.700851	1787824834890108160	47.64146003128265	-122.14016452098852	113.0433140975298	-0.008390607263759979	-0.0327087910758913	-0.07309771215811696
111.796130	1787824834983108352	47.64146014673921	-122.14017972466822	114.68800263103645	0.04750262839611348	-0.04726782630585883	0.009410271985585725
111.905077	1787824835094108160	47.64146645272811	-122.14016642597834	116.93763851035614	-0.006675069616855718	-0.02815591826750051	0.011636948870716632
111.994749	1787824835184108288	47.64145248101101	-122.14018398515017	114.63864654133299	-0.12065544942104696	0.06713657351121252	0.06786146492570035
112.097536	1787824835286108160	47.64146623382365	-122.14012547046525	113.43388529413619	0.0013140486852678413	-0.008004472338104153	0.02353715962437054
112.191068	1787824835379108096	47.64149757461738	-122.14015008079562	117.0852516622718	-0.02342063822534854	-0.03315890722175132	-0.07012422837434125
112.306419	1787824835493108224	47.64148205667723	-122.14013246920337	116.32725063748475	0.03638436885305733	0.05848000388148064	0.017540856156423566
112.397825	1787824835586108160	47.64146638356149	-122.14020025895891	116.0607455617434	0.09027728192340284	0.050024675232476425	0.0816772228223348
112.496870	1787824835685108224	47.64144216541815	-122.14021391137119	115.66093305279206	-0.019107067897611664	0.02287580659904042	-0.00951250398146733
112.591286	1787824835778108160	47.641463494518966	-122.14020233675488	116.6192626390509	-0.022070323644904872	0.050999448814606545	-0.005936705330895625
112.696198	1787824835883108096	47.64150370291086	-122.14016631863326	117.0111849611561	0.06965303252464604	-0.013439390043408392	-0.029126836974794564
112.793931	1787824835982108160	47.64146126147583	-122.1401827813583	113.44114575641179	-0.05822148202285182	0.0016905511019747724	-0.006018074066989556
112.898631	1787824836087108096	47.64145563634781	-122.14017714555422	116.82923088236102	-0.024513384114018974	0.0701857823365452	0.057669172294031984
113.001974	1787824836189108224	47.64146188221028	-122.1401821263705	115.98310001704834	-0.01222538664962509	0.06277371061493978	-0.072680122212827
113.099353	1787824836288108032	47.641463500304475	-122.14012624977356	117.39929727268571	0.03292956859216672	-0.04331164441058394	0.04116767580871784
113.188287	1787824836375108352	47.64150396862696	-122.14020134673419	116.96010576730818	-0.026292178512760774	-0.0637454185362984	0.028819613807170127
113.307060	1787824836495108096	47.64146243563969	-122.14016138874756	114.31197215156487	-0.04553810445874843	0.01410844840044321	0.005258635545304872
113.396828	1787824836585108224	47.64145530332119	-122.1401651233329	121.18525080029752	-0.05434722542045811	0.021182688955211734	-0.012360707435415022
113.498888	1787824836687108352	47.64146450786664	-122.14017383238586	117.98091924583983	-0.1408879737205254	-0.03278620304660359	0.02861326031020646
113.594551	1787824836783108352	47.64144851330699	-122.14018444144384	114.82274600480608	-0.00706628282268364	-0.05672230267195675	-0.054417277711300574
113.690355	1787824836879108096	47.64147145230911	-122.14015426002506	116.21912261420462	-0.08035412404821607	0.008736239065275622	0.0126774165448831
113.805204	1787824836993108224	47.6414697478077	-122.14015482594894	119.9455891660969	0.027058411479612694	-0.09559861791296853	0.008358387641169258
113.904100	1787824837092108288	47.641469210106244	-122.14014277566443	110.90716345050978	0.023862975493885837	-0.008060432963296877	0.02249080010946787
114.005685	1787824837194108160	47.64145261346857	-122.1401584233234	113.54671102711158	-0.008700075156991475	-0.00734217704875683	0.05310648696654766
114.106344	1787824837293108224	47.6414517670097	-122.1401714288746	117.34582516452764	-0.015259639758323533	0.02773105289360718	-0.0027380726617427594
114.211362	1787824837398108160	47.64148121791421	-122.14019174090078	119.33316348395587	0.09546243653747928	0.020086053813436654	0.028409682336857697
114.302567	1787824837491108096	47.64150192168971	-122.14016775982552	114.61138184278465	0.08305634579259163	-0.001719590578133096	-0.08801771748552462
114.403579	1787824837593108224	47.641462006183374	-122.14013613919302	122.66471469399988	-0.040927771218948056	-0.0958120045323758	-0.057781620694625974
114.498394	1787824837686108160	47.64146095106622	-122.14018124142831	118.13152579484358	-0.026196777807435973	-0.041905491403906855	0.021157048033164913
114.604757	1787824837794108160	47.641460711081926	-122.14018041919665	115.16624794348581	0.0639178978173297	0.061731411122753314	0.01998349819552907
114.693907	1787824837881108224	47.64148306357674	-122.14015272666532	115.02090380199759	0.06969288702371028	-0.1239283991168521	0.06059811596015674
114.796884	1787824837986108416	47.64145907470898	-122.14016229440081	113.48162193087275	0.025436254471801603	0.03688904200337769	-0.06881297174136873
114.892436	1787824838079108352	47.64148549877523	-122.14018870863015	119.9368978675442	-0.02108815659321112	-0.010043495671644724	0.0026896260511807945
114.993437	1787824838181108224	47.64147672164142	-122.14014318312849	116.51646025079123	0.01290675416491843	0.06001512836969106	0.0036497928071903283
115.107128	1787824838295108352	47.641487445056	-122.14017035349582	112.97982008649359	-0.022364183838069315	-0.06539314856991084	-0.0817836740065418
115.201340	1787824838388108288	47.64147523821548	-122.1401677860024	115.17104732680329	-0.053257582680540184	-0.03976329035363212	0.005180455440728737
115.308563	1787824838496108288	47.64146997014868	-122.1401279591827	114.62425585384378	-0.04969254308464918	-0.01735414934254651	0.032464795158122915
115.406839	1787824838595108352	47.6414216959648	-122.14015347506765	117.75513014758293	0.08071126126876932	0.059856189312119105	-0.0021189056294343227
115.498617	1787824838688108288	47.64148037384356	-122.1401194900802	118.06925502335687	-0.019210724569957857	-0.07484000056978428	0.021127918704297227
115.607875	1787824838796108288	47.64145938627276	-122.14015476852606	118.60338455910083	0.014240259766944428	-0.030231266362809584	0.012100266365682143
115.698953	1787824838886108160	47.641453821817606	-122.14015746654633	113.2422857306184	0.0501627962708611	-0.008684280475101506	-0.04775558973364846
115.802816	1787824838991108096	47.64146036169302	-122.14016864061584	114.7352294423298	-0.03379825028747232	-0.0017390799883650833	-0.03802947138826465
115.898700	1787824839087108096	47.64147151905694	-122.14015640932904	119.12411721723912	-0.1006749200616861	-0.01466124541027504	-0.058388737768388856
116.010179	1787824839198108160	47.64145412432211	-122.14017110614861	117.81953675632137	0.0397026044444359	-0.060860107187317894	-0.03262400139666526
116.101725	1787824839291108096	47.64146894730692	-122.14016593247574	118.30980757956472	0.02287976201184296	-0.08938686551264402	0.05413593306376089
116.201505	1787824839390108160	47.64146858648181	-122.14014607425972	118.97764687449228	0.03331029399952736	-0.004136995915390041	-0.0453899284159292
116.302914	1787824839492108032	47.64148865123904	-122.14017846451938	121.59903223833322	-0.022167935074004743	0.04886436417670034	0.03484342075294684
116.387672	1787824839576108288	47.641447635452536	-122.14016798097943	114.1533336183578	0.0919388954928937	-0.06110152500400004	-0.06215248831511028
116.492173	1787824839681108224	47.64148573887579	-122.1401547245798	113.21474368038724	0.04636554228758882	0.040989364929979344	-0.002171212120564196
116.590251	1787824839777108224	47.64147239564639	-122.1401302536233	116.205792229155	-0.05252277569561386	-0.053779144343865354	-0.050245092707921414
116.685109	1787824839873108224	47.64147146910533	-122.14013956655958	118.48313817305994	-0.008734450023578184	-0.025853517553617436	0.004294162254340104
116.800878	1787824839990108160	47.64148214016089	-122.14014043629514	118.55210738828538	0.002392780098247214	0.09008617662034041	-0.08016481114213075
116.897063	1787824840086108160	47.64144982790483	-122.14012123329029	113.38177807752832	-0.03859454801700962	0.0712539797299133	0.03660767187032046
116.996891	1787824840185108224	47.64145289669463	-122.14016862931815	113.48811344065197	0.07887474802331902	-0.028587011084299643	0.04589344159850513
117.104688	1787824840293108224	47.641466406418324	-122.14016580637217	115.61937301616653	-0.04396709049591149	-0.004256788086490273	0.0509381302673102
117.193257	1787824840380108032	47.641451175450705	-122.14016094809483	117.94929806536071	0.010889571688754119	0.045130130589268735	0.013260460714529899
117.296356	1787824840485108224	47.64148405326445	-122.14013373033129	120.46731705057985	-0.02290025320283752	0.004808325221281589	0.12113431232655957
117.410192	1787824840599108096	47.64147448435375	-122.14020059046841	117.86451409827231	0.006908818841748677	-0.029868073088963488	-0.003324391145758104
117.502986	1787824840692108032	47.64146969292281	-122.14016411624988	116.63179323553733	0.029962668059198873	-0.03533893188944897	-0.044601389647065504
117.601661	1787824840791108096	47.64147066928866	-122.14013861341523	119.5057607105844	-0.014035137534037491	0.11857452801381452	-0.0182828507762451
117.699696	1787824840887108096	47.64147369739422	-122.14015762451469	115.77831330475163	-0.07260333767979031	0.039007287574938355	0.02669933493565191
117.799035	1787824840986108416	47.641467509060995	-122.14017464716416	113.84794612631586	0.011825975521294205	-0.023667058807514817	0.02062272967328058
117.883841	1787824841073108224	47.64149464111574	-122.14019755735404	116.84241291658832	0.05431742264933558	0.09581858630662998	0.03301678904389951
117.994785	1787824841184108288	47.64148941853904	-122.14016735505261	113.26132865988986	0.034808825828163886	0.07658289178568786	-0.005261336345995338
118.100543	1787824841289108224	47.64147373243289	-122.14013998932522	120.57198346083526	0.006858531827093038	-0.04827159303066939	-0.04605671365392433
118.200619	1787824841388108288	47.64146318483048	-122.14019885566184	113.40073592265458	0.03233170377954296	0.03729288440144831	0.004755084303992898
118.287884	1787824841475108096	47.64146570066217	-122.14017278128959	114.63142762295197	-0.06842730762774978	-0.0032917248199828063	0.034229827246461696
118.411076	1787824841598108416	47.64149043601819	-122.14017609223788	112.4204788933458	-0.05968957564534866	0.0516095698097401	-0.07990384123025135
118.507167	1787824841694108160	47.64148206758896	-122.14014562566435	113.8836767956377	-0.049041649118868755	0.02433052874319015	-0.016850002110627888
118.595755	1787824841784108288	47.64146756767756	-122.1401900752103	117.90840266917117	0.02442233742739829	0.05602915403021726	-0.012374104984505953
118.708892	1787824841898108160	47.64148373503207	-122.14017556253289	118.99255164527476	0.030670610468932727	-0.006584673787689218	0.0044897084000070945
118.803594	1787824841991108096	47.641471348393665	-122.1401589652008	118.148022467405	-0.0808820033053836	-0.03511824242853249	0.03585391807121673
118.896162	1787824842084108032	47.64143080070022	-122.14016887406603	120.51091005972755	0.008293220790841573	0.08125733505974753	-0.04528814472249945
118.994237	1787824842183108096	47.641465356648574	-122.14015543179367	116.50490429227497	-0.001553036630471475	-0.020724832667648962	0.05879479415385776
119.088611	1787824842276108288	47.64147483338066	-122.14016776105649	113.85861505137215	0.01446327303649708	0.04614739390430725	-0.008269930353111325
119.193778	1787824842381108224	47.64145282655108	-122.14015015799272	121.11131050004442	0.05712132933302871	0.04161254149907162	-0.022842298338469735
119.311992	1787824842501108224	47.64146359470777	-122.140156940741	117.28288125366336	-0.05885118086164379	-0.01468812876709621	0.04404581231214587
119.398922	1787824842588108288	47.64145607847805	-122.14017530253898	118.96920549632495	-0.07241807475574613	-0.041145764612928945	-0.022814407212271817
119.508819	1787824842696108032	47.64147842638262	-122.14014147727069	117.30095988902104	0.07317115856031928	-0.07249620221675514	-0.06523016355956483
119.601753	1787824842789108224	47.641455925212114	-122.14011248759121	115.13361753834299	-0.03142491498479374	-0.02186740513705243	-0.019049173536015113
119.694539	1787824842882108160	47.641489936520614	-122.14018840355664	119.76945714163047	-0.04009362475513936	0.009669459395628476	0.003976884639936388
119.801139	1787824842990108160	47.64145508571282	-122.14014118918952	120.05076213415005	0.039010105709430865	-0.06728747535893957	-0.02369223287519729
119.899841	1787824843089108224	47.641470598093896	-122.14015049901943	114.40161367100868	-0.005482631862649757	0.06831360309756634	0.0004665167739082356
120.001567	1787824843191108352	47.64148358427995	-122.14018202669172	114.5753655481661	0.0943911346421369	-0.11928712269138822	-0.016512653216909687
120.105851	1787824843293108224	47.641484894213356	-122.14015992063237	115.10852269435262	-0.10734059487678614	-0.018711980789498716	-0.06933902729796801
120.197942	1787824843386108160	47.6414657304438	-122.1401917142396	119.13167882895675	0.008676109780982376	-0.02100238593903669	-0.0454083515077413
120.293749	1787824843482108160	47.64145891273994	-122.14014214943494	116.42895362217791	0.0009595937254222406	0.018820472407185547	-0.008590922479644035
120.406897	1787824843596108288	47.64148174537597	-122.14015229158456	115.69527226748176	-0.00016949649687164863	-0.05675836278782975	-0.012432610009939227
120.497196	1787824843686108160	47.64147273154635	-122.14014508606762	118.25283040898077	-0.06559005392255789	0.08912922979821689	-0.0879665779815762
120.602297	1787824843791108096	47.641430413502086	-122.14014812734221	119.58028259902646	-0.03566473823763714	-0.014060238292520259	-0.0014527098611738704
120.703793	1787824843893108224	47.64146953220226	-122.140169661218	113.28905962323282	0.11085166107746776	-0.00015753157614805985	0.006467673835064927
120.796936	1787824843986108416	47.64147416761701	-122.14015369028282	117.45004811698534	0.03114154039850421	0.034557435372524474	-0.01611827374232155
120.906673	1787824844094108160	47.64149374236045	-122.14018438338269	121.77881236272171	0.025399693009374676	0.06060527965283357	-0.028159285798723455
121.002451	1787824844190108416	47.6414661542541	-122.14014132767167	120.24699033810217	0.07071934808011103	-0.09774843824910245	-0.019668101545657513
121.096311	1787824844283108352	47.64146105449456	-122.14017518891924	115.87736634169775	0.03419001086546899	0.0371846605901739	0.01526062901710314
121.197606	1787824844385108224	47.641481636769534	-122.14017211450783	114.29367645691273	-0.060713311134791316	0.09582416333916427	-0.02290645297254649
121.316486	1787824844505108224	47.64147264866895	-122.14020723104869	118.26163582417402	-0.06686921002295138	0.031129092850701118	-0.07748954263957114
121.394068	1787824844583108096	47.641462141694184	-122.14020017896405	114.82206537976163	-0.0502976750593932	0.04587185509796976	-0.022664156835287042
121.486473	1787824844673108224	47.64146822434307	-122.14018166309614	118.73476808177715	-0.03030958451637125	0.07817838756132733	-0.008771205706688009
121.608392	1787824844796108288	47.64148440084484	-122.14018434478658	119.17818956070697	-0.03277456172158542	-0.05654314613884609	0.01956172225343493
121.718345	1787824844907108352	47.64148344269638	-122.14020944458093	114.32959947526612	0.026744095572539053	-0.03545748516058935	-0.012910970848617313
121.800770	1787824844988108032	47.64147552803648	-122.14012935249005	111.33327748431957	-0.023904778239117394	-0.0597441954763266	-0.07124527474873486
121.903131	1787824845090108160	47.641491305899315	-122.14017904632331	112.75622151201895	-0.01743598054385232	0.005338392545626583	-0.06277274150210208
122.010314	1787824845198108160	47.64148293145095	-122.14015332114074	120.16935046847412	0.016694832444757154	-0.06328237739752977	0.08942003368008433
122.098754	1787824845288108032	47.641508118749094	-122.14015977677703	114.2849422218388	-0.0438083953112325	0.045424539509562406	-0.041166486483377784
122.201200	1787824845390108160	47.64146680656275	-122.14018610364097	118.82714727263854	-0.01628207036815888	-0.0795672809711943	0.0017517035873993812
122.305975	1787824845495108096	47.64147598190824	-122.14016262528705	115.01658803137948	-0.09187795542837854	0.019570534958896005	-0.03673044102934624
122.399461	1787824845588108288	47.64146493472763	-122.1401683309499	116.37893379199559	0.0014711973829444058	-0.008567586932774072	0.05901476033220509
122.507234	1787824845696108032	47.64147078560904	-122.14018189117623	117.58937675190276	0.018846817868281258	-0.023755398980112252	-0.04065465596826365
122.593328	1787824845780108288	47.64146102631608	-122.14015981622603	118.34794687386523	0.03612568760757746	-0.06502875039671888	-0.09028090424860336
122.703382	1787824845891108352	47.64144946692966	-122.14016900067986	113.15696502993659	0.015144056740643877	-0.030757756070849226	0.020127002464917543
122.805691	1787824845993108224	47.641481835788426	-122.14016946968141	117.26874066797235	-0.02986800667644034	-0.0079765833310334	-0.04904979355038249
122.892447	1787824846080108288	47.64148098340448	-122.14017468795055	120.5964842434174	0.06488318127207059	0.018949031443580497	-0.0677599271363329
122.991778	1787824846179108096	47.64147458549453	-122.14018478541458	117.8911093889302	0.07293060723268976	0.024991760721870634	-0.028737372556572924
123.097002	1787824846284108288	47.64147189027763	-122.1401680929101	114.15652903741083	0.07534970936453592	-0.00071795926937377	0.08339592534670297
123.203311	1787824846392108288	47.64149243646142	-122.14018238705164	117.98588723637725	0.00775706556891293	0.0128105138445065	0.03678990507063342
123.298523	1787824846488108032	47.64149083571567	-122.14014868964321	117.18703257482478	-0.08072613140223561	1.4596654856036448e-06	-0.05933127278338773
123.407032	1787824846596108288	47.64146837526692	-122.1401582925321	117.85575040461899	-0.00024738365391040006	0.009703413842268487	-0.035391793411468024
123.491501	1787824846680108288	47.641461798753376	-122.14018090911324	115.7050324296945	0.08561058089854517	-0.032571452542628804	0.036032685709699135
123.604922	1787824846794108160	47.64145585328774	-122.14015558194373	118.83859131347168	0.04571211517454094	-0.03625945942670924	-0.04596285796827146
123.699820	1787824846887108096	47.641475787001255	-122.14018188526052	121.44093355250611	0.07436755814605303	-0.007040370280581769	-0.01317536595957668
123.798765	1787824846986108416	47.64146406044459	-122.14015595581834	116.21682281248708	-0.0015886130373992992	-0.09307119420669102	-0.06700450761822808
123.899589	1787824847088108288	47.64147120076772	-122.14012330092922	116.11047016059763	0.02094267941705285	0.033016146898918346	0.045570106707363014
124.005378	1787824847193108224	47.64146378676951	-122.1401757789818	118.4543331663838	-0.08842738721970106	-0.05924969759440323	0.004887619654869655
124.109331	1787824847298108160	47.641479655297005	-122.14014903144644	119.02453148044764	-0.06855198648573395	0.11141313884446652	-0.003469569726016892
124.198467	1787824847385108224	47.64146654332089	-122.14014823045035	119.9242936315765	0.06467624017460494	0.0263070926384876	-0.025822560117616435
124.295182	1787824847484108288	47.641444277828015	-122.1401748281819	114.75311467175874	-0.04568242214333873	-0.04852271666358395	0.06617131573076863
124.401027	1787824847589108224	47.641456202747065	-122.14016968463591	118.94569728624944	0.0075229364174893626	-0.038048507039338375	0.009963394649694337
124.498278	1787824847685108224	47.64146993432684	-122.14015966025305	117.92866682931498	0.06565392539688664	-0.08249306092347547	-0.025098258276563586
124.601759	1787824847790108160	47.64146787813121	-122.14018289403359	116.30943870384961	0.03653337010723982	0.03760349941095396	-0.036538817498090015
124.691768	1787824847880108032	47.64145966092387	-122.14014222455208	116.88499800682756	-0.003288616727334997	0.013531192352137837	0.01159392050096282
124.805268	1787824847994108160	47.64147426705196	-122.14014507417848	117.08277895588262	-0.10002545782129912	0.01902585120452733	0.01577533293950224
124.896129	1787824848084108032	47.641485217169745	-122.14017669166006	116.02973802236961	0.0828463117214194	-0.00027304954951812874	-0.024845223929426664
124.993495	1787824848180108288	47.64144275637074	-122.14012938941339	117.21911811240626	-0.0023789827460302493	-0.04426875728385964	-0.0841081475106959
125.098552	1787824848288108032	47.64148476254336	-122.14018440003511	118.4564911392121	0.06259626097499629	0.026015369073894193	0.017006998386230928
125.201323	1787824848390108160	47.64145688415456	-122.14015422644508	116.78776719699437	-0.09009531477692673	0.04248329116297758	-0.035449315894523485
125.301059	1787824848489108224	47.641492702057775	-122.14014482802082	118.33447056398829	-0.042296741157384195	-0.025758903485562614	0.029888159636418617
125.400290	1787824848588108288	47.64144831989109	-122.14016568742893	117.90472758188484	0.058069362241164206	-0.00428372224915177	0.09510938659132899
125.504188	1787824848693108224	47.64144447358909	-122.14014065772506	116.95535587789733	0.029720082637692047	0.0479616982973552	-0.04272188208059383
125.605320	1787824848792108288	47.64148533919882	-122.14019367664267	115.10705875870521	0.0045308268532051115	0.06325531766210118	0.0003044956704301668
125.699931	1787824848888108288	47.641472909078026	-122.14012207481657	118.85061761881379	0.021811671791747707	-0.03159814051204216	-0.06743606082400179
125.807586	1787824848996108288	47.641448282697446	-122.14015825302037	114.04923388878333	-0.016611300083185832	0.005011263195711491	-0.05862962376063918
125.901774	1787824849089108224	47.64147436667267	-122.14015098180217	119.33774063650945	-0.05618344753199134	-0.05648269131364665	0.024434388751057107
126.002902	1787824849191108352	47.641482031551966	-122.14015297020902	117.36420977965084	0.08833870279291613	0.05595741432112927	0.052297432002957805
126.089929	1787824849278108160	47.641463255205984	-122.1401861868476	118.94534056269663	0.03935413107905673	0.045827812355969964	-0.05771952889848484
126.207080	1787824849395108096	47.64147678631806	-122.14020364149994	116.89679001118098	0.09500334609914063	0.057385271719590264	-0.01698881584206486
126.303581	1787824849491108096	47.641458250680465	-122.14020551830414	119.12176298839816	0.0001594448691666731	0.07068102922364974	0.094735277717171
126.399140	1787824849587108096	47.64146541918566	-122.14013630755043	115.89754061426733	0.06089905365321845	-0.028720564512908178	0.0015811415449740443
126.491273	1787824849680108288	47.64145711137567	-122.14018599460833	118.58192083367743	0.004577319439395204	-0.04348980301654095	-0.028775341797632022
126.602355	1787824849791108096	47.64147642572108	-122.14013175649595	112.91059172514962	-0.006980601474138731	0.03115043761805472	0.05833105358815768
126.699609	1787824849887108096	47.64146841053644	-122.14015368055972	116.87630048655305	0.08885954602186089	-0.025538178108099843	-0.008520846740534903
126.798308	1787824849986108416	47.64149087682831	-122.1401324509649	118.81715872189865	-0.0037601242893703364	-0.10443307161624132	-0.0660435010327435
126.888198	1787824850076108288	47.64146548644538	-122.14020286025907	118.70436234800661	-0.05185899905669742	-0.0009036427144016794	-0.07383916586914045
127.002787	1787824850190108416	47.64148847720802	-122.14017212232248	114.79354582451347	-0.07307161017186417	-0.05216068274835515	0.031340641773366894
127.107594	1787824850295108352	47.641487971026535	-122.14016253006564	115.36742956276494	0.04199113618190124	0.014219902027885437	0.025058356245601945
127.205556	1787824850394108416	47.641474348977034	-122.14013978230561	112.31359529423399	0.045987298993944006	0.003415096733229111	0.01751402563616493
127.302633	1787824850490108160	47.64144867559915	-122.14015940312048	120.22946397618809	-0.01766183136800187	0.0430260771035639	-0.0721423645309474
127.387922	1787824850577108224	47.64147995954775	-122.14016048126773	117.85285760452207	-0.08686410594085052	0.05851141978942853	0.00901891530694307
127.495760	1787824850685108224	47.64146484903207	-122.14018150904784	116.66843553820861	-0.015138033797651565	-0.11483763439338812	-0.004518544603730355
127.589978	1787824850778108160	47.64146434531938	-122.14015285398662	120.236660650657	-0.02540651147621026	-0.07534639303089816	0.05343519807870585
127.693517	1787824850883108096	47.641478865194166	-122.14019358039175	117.29002056739789	0.02097106464255987	0.009716617385264473	0.004501762171245675
127.799103	1787824850988108032	47.641481818844234	-122.14017626431726	113.85578749543292	0.012909494975098752	-0.04001463957388686	0.005697546411560243
127.896319	1787824851084108032	47.641470353981674	-122.14013513209656	120.24302283677324	0.12544140939532708	0.035396382922242266	-0.09314110036546297
127.996295	1787824851183108096	47.64147211411027	-122.1401246131207	114.33150935491497	-0.021602720895388214	5.6415009571065736e-05	-0.0680074714025635
128.093785	1787824851282108416	47.64147020317067	-122.14017200388848	117.86187273965866	0.010846881046903574	-0.02524119388075463	-0.011237171235925152
128.192495	1787824851381108224	47.64143960233599	-122.14017781655686	114.65233818350389	-0.14686535845826465	-0.007893322356675449	-0.0453562383981363
128.301942	1787824851489108224	47.641453876193985	-122.14017600131504	111.41746451480151	0.07016816485544712	0.05490247325499629	0.013862507609618022
128.403713	1787824851591108352	47.641456368216396	-122.14018014860825	117.95719325163375	0.006656759819836516	0.009676103629284	0.05968211267682261
128.507378	1787824851696108032	47.64148306890281	-122.14019592820615	117.72275537274996	0.02522000283080303	0.005619205931688337	0.05615250380393144
128.604890	1787824851792108288	47.64147062765578	-122.14016667278487	117.03421547399282	0.09429346050957009	-0.06770952158265468	-0.04881452711344163
128.702233	1787824851891108352	47.64146212217865	-122.14016280604417	118.57409140880007	-0.02046135966784272	-0.022837785688554574	-0.006250303346697474
128.803651	1787824851993108224	47.64146769642729	-122.14017241524044	117.86601945060598	-0.03740562128114729	0.06893188771693648	0.015891885263286318
128.895139	1787824852083108096	47.64144175817186	-122.14018271523582	113.00924871617855	-0.047837299999386344	-0.0012357614467546178	-0.052410001724903205
128.995557	1787824852185108224	47.64150000892809	-122.14017302310165	114.10095095512355	-0.08029592275842881	0.00854768473980626	-0.02651538332986359
129.101225	1787824852290108160	47.64146862178775	-122.14015482403178	116.1910622761896	0.023996938951887755	0.01193252821707117	-0.03491695613587836
129.205648	1787824852395108096	47.641451775039485	-122.14018865857058	114.81467837711719	-0.01574420525220575	0.051821151388527456	-0.060346364049106094
129.302005	1787824852491108096	47.641472579344565	-122.14016832899931	119.95067209027421	-0.010689639372466433	-0.04037149399272096	0.0234248852806797
129.392986	1787824852581107968	47.641442986871404	-122.14018511759672	118.49648203109697	0.03730941625188105	-0.02305347280066586	0.02483676739126156
129.493554	1787824852683108096	47.6414742869948	-122.140146940223	117.68416832065631	-0.002575314663593165	-0.002181295974147838	0.006843865914149025
129.605763	1787824852794108160	47.641463292528705	-122.14015547140325	113.0009045195057	-0.08096970468109986	0.010636997891743018	-0.004499524529071518
129.703178	1787824852890108160	47.6414584122981	-122.14016149909013	116.20287277698874	0.03350802029388158	0.022211611552080582	-0.046614021193264174
129.807165	1787824852995108096	47.64146071835621	-122.14020590151955	119.58441046850791	0.044520901419586895	0.001559375067533066	0.03166716437877969
129.905600	1787824853094108160	47.641468678918784	-122.14018333073328	120.6874289905503	-0.028237999783098572	-0.02686846105152126	0.014704486522364713
130.003733	1787824853193108224	47.64146464033572	-122.14018570424456	117.11526922213385	0.01141250603426632	-0.1027346470820732	0.06390147302407562
130.096675	1787824853286108160	47.64144608222072	-122.14014769878395	118.54262605516743	0.020304759283087503	-0.03667899566144888	-0.027934668962403694
130.205334	1787824853394108416	47.641469620488515	-122.1401930588891	116.57680878986854	0.056517896070820334	0.009592298401780275	0.0517395970397179
130.309532	1787824853499108352	47.64148738567191	-122.14013617563195	119.66578757170001	0.029892911934535544	-0.0639059769650835	-0.01255552166354193
130.397698	1787824853586108160	47.641454007935515	-122.1401339754717	115.02843510659908	-0.05001396317657675	-0.04861609260539261	0.09656024349719862
130.496319	1787824853685108224	47.64148836705843	-122.14015115329701	116.42398706192715	0.011406533459063985	0.04410138785342429	0.07997306240377644
130.610863	1787824853799108352	47.64146402286982	-122.14016505777694	114.68291114848573	-0.025399286432700063	0.06026869949517493	-0.027222368089041906
130.705600	1787824853895108096	47.6414766757291	-122.14014873130482	116.8877982715398	0.0430449952571127	0.005011286130032473	0.05807984812416461
130.799035	1787824853988108032	47.64148385885832	-122.14018153325095	115.56761690392047	0.03356722829232553	0.045869135585780256	-0.026115830686074565
130.902940	1787824854090108160	47.64146502089143	-122.14014446132688	118.09183446977077	-0.04667066622370036	0.0681305271085479	0.033615998645893236
131.007573	1787824854195108096	47.64148433920497	-122.14018875319182	118.05388761182665	-0.03074804831859841	-0.026890397037514037	-0.1004822067855266
131.103772	1787824854291108096	47.641463103584286	-122.1401432405186	117.71193978770489	0.08533551092176518	0.015931272980238515	-0.010053887606652842
131.207106	1787824854396108032	47.641465230956236	-122.14017283515341	117.02295483848698	0.021501522391804827	0.01597740451796325	-0.0405591685618951
131.307980	1787824854495108096	47.6414586798985	-122.14015612717192	126.45916306633146	0.010177845043859188	0.004398644697012711	0.019593586240108055
131.401081	1787824854588108288	47.64147399437162	-122.14020019246927	118.21538629090067	0.02671145056777173	0.00514392516516944	-0.01501360414044637
131.507906	1787824854696108032	47.64148171774959	-122.14017069913275	113.31277759234996	-0.04441504907236759	0.045186625036628285	-0.03009076885388505
131.601562	1787824854789108224	47.641490211799066	-122.14020454542381	115.13119817216031	0.13590716772021227	-0.044458836656504186	-0.07817100340019223
131.701249	1787824854888108288	47.641470720768275	-122.14018236194283	117.36210847239502	-0.017173010557342685	0.011492448491702967	0.05818959688576253
131.800982	1787824854990108160	47.6414655854904	-122.14014802735709	115.38458900151062	-0.06346830474096797	0.07661745809677833	0.06939957392536815
131.894661	1787824855083108096	47.64145040938366	-122.14015973705108	115.71309905387578	-0.03228116067986599	-0.05881453732303052	0.05420135673076413
131.994838	1787824855182108160	47.641475601029356	-122.14017168014291	112.88107149358757	0.009536034747691019	-0.07289852313829519	-0.0007492831198868397
132.097888	1787824855287108096	47.64146084574756	-122.14016005606196	118.52816221843352	-0.07204475254671829	-0.003948021903104177	0.07459896217204016
132.193630	1787824855383108096	47.641482311180724	-122.14015284932773	118.3944388154994	0.026908542802972685	0.03839103876433239	0.03605148516881623
132.293049	1787824855482108160	47.641457359378286	-122.14019022108761	116.32637501123553	-0.09467276422155284	-0.004367658371558317	-0.027384182437204675
132.388486	1787824855575108352	47.64147740478814	-122.14014823731998	123.05289543197506	-0.03754037985629808	0.10915836893135225	-0.0001845349883750419
132.504033	1787824855692108032	47.641445240533294	-122.1401281282128	114.8976861131391	0.016146208486400603	-0.03497454707626566	-0.03355124622874462
132.605412	1787824855794108160	47.64146992589296	-122.14015125844459	117.4165420685449	-0.09087296377178776	0.05096647444719854	0.005199486722291497
132.703703	1787824855893108224	47.641471501746935	-122.14018276058552	120.73241496099992	0.00031453709535490023	-0.09332246674815328	0.044156989199847646
132.800687	1787824855989108224	47.64147503316051	-122.14017093396855	117.01570289945808	0.025830111732932676	-0.062040796329485275	-0.039621036172201196
132.898145	1787824856085108224	47.64147419907878	-122.14016218530242	115.02350905421487	-0.06171735188331731	0.05357752466671293	-0.0415294624222252
132.988363	1787824856175108096	47.64147430499558	-122.14017834261915	122.72042054608353	0.00039108655475076997	-0.05137355623453169	-0.03759473638812258
133.102041	1787824856289108224	47.64148314200312	-122.14014023116111	116.62134814382264	0.017429116591704572	-0.011125665491297027	-0.05713746027205816
133.197122	1787824856385108224	47.64148121635848	-122.14019807757956	114.60135446842095	-0.06943621906316036	-0.02806856145933616	0.05691309384685877
133.296089	1787824856484108288	47.641479368868346	-122.1401567282036	118.11320591397099	-0.022157671249123122	0.02321721035947693	-0.0021401747276758947
133.405168	1787824856592108288	47.6414667801373	-122.14016145181941	113.58880472918054	-0.007849030059797061	-0.022159257240268293	-0.06515317959666464
133.500513	1787824856688108288	47.64146809037153	-122.14018954586992	119.48717232284427	0.003357288776530326	0.04546227946170773	0.07673180404995641
133.605793	1787824856793108224	47.64143796499678	-122.14015343665693	114.52309513574693	-0.0491108678833604	-0.11378800249871722	0.02261822811843718
133.709223	1787824856898108160	47.641471167716574	-122.14015588410145	119.3217226228512	-0.008953622752645071	-0.04378425974395141	-0.004743429315478079
133.803826	1787824856991108096	47.64144791057292	-122.14014377700052	118.03772232483351	-0.0028374187649655015	0.048137736139828635	0.0242359047749387
133.898267	1787824857087108096	47.6414644398562	-122.14019186247377	116.06505323405405	-0.02404946519947833	-0.04608290908993232	-0.041715303963872616
133.990645	1787824857180108288	47.64145403300408	-122.1401896952836	115.55006476333583	-0.006476170990770665	-0.03254529001713815	-0.0032710954394089354
134.105692	1787824857294108160	47.64146956460673	-122.1401565402634	114.10522898370985	-0.0428489973788794	0.010353457702245066	0.02001941896224091
134.199781	1787824857387108096	47.641441256831726	-122.14012950294338	120.21951395566755	-0.03098958246914371	-0.06230773144507523	0.007692524488399637
134.300158	1787824857489108224	47.64147373315906	-122.14014478381849	116.20483928746584	-0.06865489782503086	-0.009726267436220135	0.05706316417964833
134.399381	1787824857588108288	47.64147725607442	-122.14016833080157	119.47815839783699	-0.012773625540890385	-0.039277507841963016	0.0225175778573631
134.502769	1787824857690108416	47.64145803116941	-122.14013590022158	118.32070657975079	-0.013339118852772025	-0.04332989668361486	0.07664491822739254
134.597212	1787824857786108160	47.64149265596684	-122.1401217401567	116.29041884967454	0.029335001628771375	-0.04982495823068136	-0.0033558175291879214
134.700163	1787824857888108288	47.64147679067879	-122.14018034742841	118.05296802652042	0.04757498663865136	-0.0796043444650342	0.027100058102636854
134.811002	1787824857999108352	47.64146555402811	-122.14015380293655	117.8420930920272	-0.005840757834107041	0.11325005119270855	-0.04580588628275332
134.887211	1787824858074108160	47.64148803678388	-122.14016004706133	118.06560462512033	-0.07978165253626196	0.019811373478302474	-0.06629271014671785
135.002656	1787824858191108352	47.64147059461021	-122.14017683192526	121.4503944495755	0.022463389383877805	-0.07441831654690471	0.04428307016957618
135.109426	1787824858296108288	47.64146297689719	-122.14010896376308	115.03361689143786	-0.012334930771722763	0.04900241170353244	0.0018156288124218719
135.200738	1787824858389108224	47.641482360799955	-122.14015948193467	115.74903770094413	0.046944519312060284	-0.04921055914372974	-0.05671662774163444
135.303946	1787824858491108096	47.641465570336784	-122.14019157475452	114.88003528822311	0.08811024192229927	0.021658554241463665	-0.014263829081438759
135.400175	1787824858587108096	47.64145959989956	-122.14017038095754	116.29469940835278	-0.03804917649965384	0.04172923985114837	0.027014435773228925
135.504237	1787824858692108032	47.64147558065894	-122.14017954036316	115.33591044310782	0.017402632079287394	-0.02385088426587969	0.041953620859976365
135.590823	1787824858779108352	47.64144376853709	-122.14012478885033	114.38123510834288	0.0439598950903349	0.05050262180347215	0.010490323912494845
135.702612	1787824858890108160	47.641456806878175	-122.14014464835446	118.87263932467096	0.06481489405961213	-0.01913989451531914	0.019401318979507923
135.794370	1787824858983108352	47.64149946782124	-122.14018294495246	117.76943808845562	-0.06060212833236039	5.4529539008397776e-05	0.005923494487098704
135.894559	1787824859082108160	47.641453251100195	-122.14018547178853	112.93664058367206	-0.024847648087184683	0.06700604535570237	-0.020962438179748955
136.002198	1787824859190108416	47.641462249120394	-122.14014433044174	113.95100215711663	-0.0027486342031534383	0.08309331119843305	-0.05013113689013378
136.106555	1787824859295108352	47.64147780296491	-122.14021588957911	117.89198941845369	0.042864262151816566	0.05000175212675825	-0.02669910392088782
136.206992	1787824859394108416	47.641452456110244	-122.14014296395558	120.83826175749977	-0.01484799167789331	0.09433321346057998	-0.05808784958176299
136.293709	1787824859481108224	47.64148457112651	-122.14016279966482	117.67426246894034	-0.011797781212796383	-0.036121952927696516	-0.08456973387222
136.400347	1787824859589108224	47.641470609188914	-122.14016712666216	118.14136272733586	-0.10961443813339243	0.09474549179085677	0.06587038367266412
136.500191	1787824859688108288	47.64146064916342	-122.14014649578276	120.55186721215173	0.07411586335693325	0.07553267811581227	0.060675657111991
136.606495	1787824859793108224	47.641456356796276	-122.14017806740036	115.00922578786417	0.07127179720027418	0.0009094319423844895	-0.04079013220812623
136.697993	1787824859886108160	47.641460832704084	-122.14014856622309	114.04455270082873	0.05858150502831044	-0.03191593135777817	-0.035321291997971606
136.800254	1787824859988108032	47.64146287798111	-122.14016356302787	112.76483680298675	0.021659980717819254	-0.03792958763510591	0.056940255081742774
136.904084	1787824860093108224	47.64145577107578	-122.14017192864266	118.44173846327892	-0.07831192792141181	-0.019188811669757486	-0.03587906994813419
137.002031	1787824860189108224	47.64146972478206	-122.14015063666689	118.59553705142861	-0.08252709838054997	0.0055880958475874555	0.006396075497738529
137.103144	1787824860291108096	47.64147322876318	-122.14020374139355	117.6930094508646	0.01731515571695427	0.011885733300029566	0.08176594625972489
137.209614	1787824860399108096	47.64145942273259	-122.1401901745139	117.09732068196944	0.01039127172193827	0.05772886950343364	-0.0025661355654309206
137.292365	1787824860480108288	47.64145123801291	-122.14017708938493	118.54761869649919	-0.09069175722641187	0.035390742621955434	-0.026037055516732854
137.419228	1787824860606108160	47.641482881089765	-122.14018160101439	112.94279170371401	-0.061181063376378936	-0.029724249395805875	0.042056696440204044
137.493944	1787824860681108224	47.64147534791918	-122.14014725996742	116.78167920290528	-0.04704140811377334	-0.043594157530991606	-0.024976581648890137
137.602896	1787824860792108288	47.641457200776266	-122.14015720516954	117.7344642953195	0.04080587558097914	0.00847718744856897	0.06815290371735654
137.692927	1787824860882108160	47.64147131539881	-122.14017593384855	116.78281457705012	0.019656781462284653	0.004064225590596125	-0.029343630835917556
137.799003	1787824860987108352	47.64148539906488	-122.14017398224901	113.48370267524798	-0.05318988514275807	0.042995580433268475	0.0003594398582027115
137.905161	1787824861092108288	47.64146777005674	-122.14017293762737	117.09594997189407	-0.06050173167850303	0.04538445323701435	-0.06632086735256708
137.993015	1787824861182108160	47.641472347059526	-122.14017633012246	117.14609852138966	0.0644613548660085	-0.005351992839728376	0.0062377620871716215
138.101086	1787824861290108160	47.64148643081978	-122.14015454888751	118.21917362787273	-0.019053846233513236	0.09814555655410455	-0.0063434012692889594
138.199059	1787824861386108160	47.641493777521056	-122.14018283284747	117.5181256753134	-0.06132838492881938	0.08159671398067866	0.03920895937648594
138.305809	1787824861494108160	47.641469925983344	-122.14017130837533	119.86077011981722	0.07682982037066081	-0.011614730582044437	0.06343931508655153
138.400240	1787824861587108096	47.64148559395576	-122.14016857856818	115.47347519097399	-0.0593125545850888	0.06809048698944042	0.0022430119741746433
138.505200	1787824861692108032	47.64147479104789	-122.14018568326613	116.81246611095435	0.026047494876817224	-0.009540715165934674	-0.012399338902808229
138.604555	1787824861794108160	47.641462465092374	-122.14017499527264	118.1754554128547	-0.054901194609368556	-0.028650955247685808	0.02803707428674006
138.696687	1787824861884108288	47.641476522339296	-122.14014581580263	114.30290580745203	-0.036374318575930646	-0.07542613973101381	-0.08742592177911371
138.802004	1787824861989108224	47.641480737874	-122.14012432582452	119.0482854509136	0.04099822375528685	-0.08443214274091924	-0.05180098593811932
138.892078	1787824862079108352	47.64145074717896	-122.14013890243747	114.64290777243225	-0.011951472854785589	-0.008401103665480641	0.04276441053440041
138.992524	1787824862181108224	47.64144722670323	-122.14020203795063	114.96765629376583	-0.060083805396239344	-0.02587892914556586	0.006024888108273999
139.093103	1787824862280108288	47.64145031072043	-122.1401948249012	112.99461500639106	0.03542929761733798	-0.06067718074214763	-0.04905641134770271
139.203572	1787824862391108352	47.64145265172314	-122.14016799989567	118.85515472028224	-0.08159455641646854	-0.050213000078647096	-0.011653872483132826
139.302508	1787824862490108160	47.64147263366899	-122.14018343736001	116.72424490884737	-0.00839001524584503	-0.07088670603012133	0.055884505653018904
139.402344	1787824862589108224	47.64144965665143	-122.14011813681792	116.49887567900153	-0.003621925657380381	0.04287275819324295	-0.037381060878405106
139.501319	1787824862688108288	47.64147301781086	-122.14016251346713	117.56355617923704	0.03902980618790309	-0.005822938365603691	0.07950115172944029
139.599439	1787824862787108096	47.641465013967824	-122.140172926806	116.00147608959685	-0.008897822218190564	0.08692103434686177	-0.011238102620785572
139.691486	1787824862880108032	47.64147076834134	-122.14017149618785	115.30999955428844	0.09098431946686708	0.040959412472580226	0.08296187309586275
139.806865	1787824862994108160	47.641447221052076	-122.14017671869841	118.62665867614525	-0.01827212915629695	0.014643879800048887	-0.01953394654968919
139.894641	1787824863084108032	47.64148756197224	-122.14012552688936	117.94952629762811	0.08635805648274597	0.0034278321074501005	0.051046159451359166
139.997005	1787824863186108160	47.64146221052346	-122.1401697569992	119.6318576022384	0.02184148175168074	-0.06873739218753057	0.09388816158213223
140.099965	1787824863288108032	47.64143386964538	-122.14014211633432	115.01720193488437	0.0712796022010229	-0.01670469149552277	-0.04942473055381588
140.192409	1787824863381108224	47.64146679918486	-122.14021590510531	118.87299263543666	0.02011254327120929	-0.04337613169330749	-0.06719729823467309
140.307939	1787824863495108096	47.64145881636865	-122.14015026307955	119.11059739632996	-0.04454693100950152	-0.007981671209267833	0.034570584475404585
140.395000	1787824863582108160	47.64146228992589	-122.14018686970978	120.59434079891257	0.004177814478511249	0.02635363592237093	-0.045258669471738205
140.494699	1787824863684108288	47.641475748838	-122.14020172200178	118.67458891097664	0.029432664927300307	0.06903043668451281	0.018011784129991642
140.600152	1787824863789108224	47.64148199864095	-122.14011925584114	115.5407476888634	0.030087117457796075	-0.007204288067852749	-0.008535842671072321
140.698422	1787824863885108224	47.64148240563968	-122.14020097822805	119.48141071978029	0.008863160850295199	0.015430028831448853	0.03699085684898829
140.798182	1787824863987108352	47.641476068587636	-122.14012940243485	117.86497281233977	-0.07507450513302213	0.023270511041914126	-0.06131116663204538
140.904060	1787824864092108288	47.64146818360844	-122.14014261075337	113.24270804731722	-0.0826537960011579	-0.015071711153059067	0.07601145731383105
141.004515	1787824864194108160	47.641464218245964	-122.14014865120632	117.06911711281693	0.08097495022641768	0.06630000911465568	-0.008253053995764589
141.103201	1787824864290108160	47.64147656612469	-122.1401937120403	114.72531776093814	-0.05683776299947089	-0.005575233407226974	-0.05028046372417808
141.208163	1787824864395108096	47.641451549602046	-122.14013837507339	117.33618649148309	0.03553877847733982	-0.03733101308587056	0.06114619770184048
141.295224	1787824864482108160	47.641470821592186	-122.14013472785312	111.96691509968107	-0.016287414255332783	0.03766961860149692	-0.003439533779091081
141.398171	1787824864587108096	47.641454306962466	-122.14016856871059	113.91905738309501	0.0410759186026273	0.011022656094368453	-0.031011552257445136
141.506670	1787824864695108096	47.641451363213804	-122.1401847220065	114.29100371775093	-0.05133546109663756	0.06656111240736555	0.08709015419798329
141.597418	1787824864785107968	47.641471354835396	-122.14018523474199	113.12786387049404	0.05485359888255656	0.05308928199635763	-0.03296745456037914
141.696697	1787824864884108288	47.64148549523187	-122.14012401786451	119.15450102850417	-0.024097734427464552	-0.11646405293813518	0.006887737417347032
141.791840	1787824864980108288	47.64145850726232	-122.1401345259215	115.92474630683492	0.01840568535671352	-0.0632219661617237	0.10572454895611481
141.888225	1787824865076108288	47.64144583129548	-122.14019142939657	119.89549817237592	0.04368897777123125	0.00675998236382533	0.042190203895973444
141.997199	1787824865184108288	47.641462789569864	-122.14018015147943	118.52140959251066	-0.08682654698007358	0.04039272251316509	-0.018539213556960137
142.107411	1787824865295108352	47.64146433136983	-122.14017823693965	117.32704493196975	-0.10380822333224901	0.049404758781402346	-0.05442108676939753
142.196225	1787824865385108224	47.641478003032894	-122.14015304433231	117.08288528476767	-0.03945518012006822	-0.03350769193541283	0.020494410899960035
142.300134	1787824865487108352	47.64145956396129	-122.14016763248682	119.84982466380337	0.03760194943118053	0.04413599427655053	0.0020431223684904127
142.408033	1787824865595108352	47.6414647358091	-122.1401635806549	121.56209079995519	0.09758797074286985	-0.06886001379087163	0.0467665535877943
142.494021	1787824865682108160	47.64147242905905	-122.14016201277086	121.30404742287249	0.03676304174436426	-0.02567383774776797	0.01393511705844716
142.591520	1787824865781108224	47.64147136596062	-122.14016010820579	112.1280305913555	0.03305524965333998	-0.09556934385817581	-0.036919826214116706
142.703611	1787824865892108288	47.64148959249539	-122.140170474807	117.9589477263031	0.02981910206021904	-0.04505132335495534	-0.0788317214157866
142.794049	1787824865982108160	47.641480578841225	-122.14016450568863	113.99735096746343	0.05554301032688756	-0.002863739425059621	0.006794700086954309
142.900068	1787824866087108096	47.64147255525834	-122.14013284778201	114.86923331225559	0.13673790666099692	0.03424482359692015	-0.01237187480748263
143.002933	1787824866192108032	47.641467130647726	-122.14017605038792	115.28593911313715	0.0603924121379719	0.038470384709956756	0.01724798365957458
143.098940	1787824866288108032	47.64147553773165	-122.14017713901698	122.45212712149814	0.13300035875243105	-0.12484353722256081	0.0598890407684938
143.210351	1787824866399108096	47.64144331892066	-122.14016651646347	119.0277315040042	0.16248415199584715	-0.041372341125738905	-0.03067507572789548
143.299185	1787824866486108416	47.6414678450831	-122.14015740478942	119.0450703462906	0.056702119573504545	-0.0622694093997043	-0.027564438786359544
143.395079	1787824866582108160	47.64147355510378	-122.14014062207673	120.16846971670533	0.13522278267133725	0.05448500460237901	-0.004413499327692391
143.497634	1787824866687108352	47.64143269474647	-122.14015758596328	116.68581990385816	0.2043734321712617	-0.13005908376287173	0.036218479525166485
143.595731	1787824866783108352	47.64144410462162	-122.14015619434717	114.37342527869727	0.28908286743896394	0.023595365136481732	-0.011324734503016269
143.701380	1787824866888108288	47.64146312473865	-122.14013895968776	113.18691456578699	0.14296612131718922	0.04653978045238223	-0.03984637517684497
143.805111	1787824866993108224	47.64146601444637	-122.140186289327	115.60294411755919	0.2890146388802435	0.05668517889877847	0.030432689822546617
143.893315	1787824867080108288	47.6414743348993	-122.14016531253817	117.46724885250241	0.1837502902293689	-0.023376079267027665	-0.0018002602644150338
144.019414	1787824867206108160	47.64146005540735	-122.14017137176184	118.3195850611027	0.29329692587472367	-0.02136019656923767	0.03276623869727608
144.106596	1787824867296108288	47.64148005811005	-122.14019872452138	121.59371703195787	0.34331001077148127	-0.04735715003053947	0.045574471312717316
144.203760	1787824867392108288	47.641464304999005	-122.14015660496104	118.0153006372075	0.3301532813966863	0.07003729114790895	0.07046302871194508
144.295072	1787824867482108160	47.64147276595729	-122.14020557765214	121.14976518764489	0.42536788793162783	-0.030151526703246997	-0.0004883210903051556
144.389402	1787824867578108416	47.64146590400395	-122.14015822395677	116.19378518605946	0.46079984729843	-0.035043739226207765	0.01990282121466474
144.494129	1787824867683108096	47.64144547671886	-122.14013224910435	118.06347254436254	0.4816598282196704	0.023151651383238294	-0.021396741310109768
144.600077	1787824867788108032	47.64148215866694	-122.14014979194808	116.52378091725731	0.5386817218142153	0.012161345309764766	0.006716679705046285
144.697776	1787824867887108096	47.64149290333353	-122.14019145197926	117.30705468621325	0.5911669546748564	0.031286245136693334	-0.09274317657849618
144.796528	1787824867986108416	47.6414632219923	-122.14020121193604	117.5286000793779	0.5972335073975624	-0.01868976186304324	0.04274357239224002
144.890086	1787824868079108352	47.64148983585217	-122.14014726054776	112.37321376571377	0.7342008709018917	0.015724668149283704	-0.011421962035605564
145.006256	1787824868193108224	47.641467373230164	-122.14014535713733	114.09026068543749	0.7365053762247824	0.009323241819476516	0.023296466985469663
145.093281	1787824868280108288	47.64147850737566	-122.14018516342655	113.94244621089368	0.7440161734563389	0.04135435421104036	-0.05346301306986339
145.209966	1787824868397108224	47.641480775268676	-122.1401661293925	115.41269662808178	0.8651850165402158	-0.052405730257542464	0.0225958293707412
145.300390	1787824868487108352	47.64149490666963	-122.14017453646277	118.35099657905657	0.9709771105913502	-0.04225041669927973	-0.035999344162334614
145.403065	1787824868592108288	47.641477431598794	-122.14019018658612	119.35018732688725	0.9222266955937782	0.0475353058486046	0.013817265808765095
145.500514	1787824868688108288	47.641469582193785	-122.14014491675715	116.86028676637285	1.0651210639783422	-0.04971251262644727	0.03746544229304196
145.605651	1787824868793108224	47.641469701320624	-122.14015862903314	118.5170004621742	1.037083730388434	0.07192468110560386	-0.13273513670122705
145.708091	1787824868895108096	47.64147009410431	-122.14014492295689	117.8512479523425	1.0700673354664738	-0.008700702166402603	0.027674670218533454
145.791600	1787824868979108096	47.64148076166884	-122.14015350864886	119.62366733796324	1.167779197103772	-0.08047452460158139	0.005480151597118212
145.902667	1787824869090108160	47.64149162320107	-122.14017831903035	119.45687449864387	1.2668525034804128	-0.012671345979063116	-0.0717913569031863
146.004186	1787824869192108032	47.64147038294701	-122.1401947627927	114.62339128012381	1.1632197294337439	-0.07038138274151708	-0.10171846837221242
146.100922	1787824869288108032	47.641479451617926	-122.140143218965	119.8185790922003	1.3149761344764783	-0.10964010875121329	-0.08820487532006804
146.202954	1787824869390108160	47.64148881733907	-122.14016546945334	115.199578551593	1.2885319606768129	-0.03030295493832206	0.049512550433995675
146.292997	1787824869480108288	47.641490903765146	-122.14023069309481	113.98974371139937	1.3877265530923797	-0.03738451406827082	-0.018638323875754047
146.398964	1787824869588108288	47.641491881458414	-122.14016077660825	111.28619141262826	1.4960689274442238	-0.06176308009533515	0.004009557516276563
146.494403	1787824869681108224	47.64148046783849	-122.14015226406988	114.84169927590848	1.607962312547706	0.012885135703293069	0.009628194299319754
146.595548	1787824869783108352	47.64147391284712	-122.14020865043071	113.81670036539535	1.7132001182378924	-0.02761876435910814	0.04000918257007908
146.695307	1787824869882108160	47.64146393556478	-122.14018948972232	118.71323786633968	1.704922974642707	-0.049751216823698756	-0.03902397941052594
146.790844	1787824869978108160	47.64149874910709	-122.14015211131975	117.93013231060884	1.7730431154325985	0.02970536268506639	0.057720829075299886
146.907134	1787824870095108352	47.64149391363841	-122.14014473992302	116.68898865546119	1.886470959364944	-0.11574391568684073	-0.1298400623244426
146.991611	1787824870179108096	47.641492420484404	-122.14013370081113	119.00591586554525	1.9649696566996047	0.06606797797350801	-0.04072164515967101
147.100420	1787824870287108096	47.641483574670865	-122.14015349430039	116.12569949028847	2.1193336622701486	-0.020797237890472817	-0.045178953473663526
147.203026	1787824870392108288	47.6415007278113	-122.14016509315319	113.31674046743859	2.080887252195426	0.049568775898809314	-0.03966479181219864
147.294396	1787824870482108160	47.64150448961381	-122.14018324959571	119.74682183173148	2.2145616237761407	0.029717991377141092	-0.027607281647402854
147.408064	1787824870596108288	47.64149022804088	-122.14017106628778	118.310484318705	2.2515033112986673	-0.051295308274045784	-0.12988157534069344
147.494905	1787824870683108096	47.64148419422612	-122.14017805588537	118.9742908017275	2.4114086063059683	0.05165743147360903	0.05495047782155902
147.602264	1787824870791108096	47.641496168925364	-122.14017384939004	114.27482763179303	2.4352046658435356	-0.05372636015951418	-0.04719413953530445
147.700276	1787824870887108096	47.64152724644607	-122.14017366756025	116.40941487541025	2.5838998566895834	0.0009558519214355814	-0.037222306844393385
147.793513	1787824870983108352	47.641503733223594	-122.14017497712022	117.69859582575054	2.669333812146318	0.04555037385692848	-0.03784168675027896
147.902410	1787824871091108352	47.641500517831126	-122.14015607096809	115.3344956127818	2.707096677864591	-0.08279924652461366	-0.026646582712138402
147.998141	1787824871187108352	47.6415340577349	-122.14014804601133	116.7567244628111	2.8194916571054303	-0.10092872946649932	-0.029297309072483443
148.104221	1787824871292108288	47.641498953346414	-122.14017492655285	117.40648097996069	2.9876621601565008	-0.053254139548490856	0.03817148090211439
148.185451	1787824871373108224	47.641506568231314	-122.14018170721363	115.83513479576526	2.9392825836236693	0.030309161319129297	-0.01407206605423794
148.312014	1787824871499108352	47.64152308650668	-122.14019363677396	111.04513407844112	3.1974486176858927	0.11211343476311837	0.06035444391606232
148.403256	1787824871592108288	47.6415160161746	-122.14017290276497	116.70720613372423	3.1457075598739497	-0.02715129095316209	0.028926313286271918
148.491233	1787824871679108096	47.641547087004234	-122.14015126639764	116.1673010974618	3.3344609649138612	0.00916526193903335	-0.011903858347345432
148.601149	1787824871790108160	47.64153021627826	-122.14016319424456	114.66215381622493	3.500841116649709	0.03422348152815999	0.039802505050103375
148.701360	1787824871889108224	47.641551101869155	-122.14013440678211	115.68688954567827	3.5116386058138698	-0.04721116143561674	-0.06517978601883483
148.802903	1787824871991108096	47.64152763667488	-122.14014782098315	119.48032921600216	3.6426256677740687	0.00579869380278712	0.04567298578917315
148.902937	1787824872090108160	47.641550041918975	-122.14017724740181	117.86269247045696	3.72619071172726	0.06197365134618137	-0.031212992490493793
149.004607	1787824872192108032	47.64155674248134	-122.14015374020617	116.52192802022375	3.852619849793183	0.054461418825496946	-0.06508577868904794
149.104787	1787824872294108160	47.641572811932555	-122.140159833239	113.00308038810763	3.971609388851361	-0.05005507474160954	-0.009190983974189607
149.189909	1787824872378108160	47.6415579691949	-122.14019404873622	117.6770099379916	3.987937297700073	0.02852892966528897	0.011359228788748269
149.299287	1787824872486108416	47.64154569848808	-122.14012663844083	118.26123615665354	4.078361508280093	-0.05594388142401448	-0.028075488742075046
149.405506	1787824872594108160	47.641538558098276	-122.14019518805092	118.68935476185237	4.242671587173954	0.05137060846495718	-0.032798547333430565
149.496651	1787824872684108288	47.64154638315654	-122.14017769203063	116.24728272054877	4.348752302843667	0.06867918376305553	-0.05705807982893636
149.599085	1787824872786108160	47.64156982099032	-122.14016110116096	119.72720635409715	4.588092619152828	-0.02619642164245194	-0.05236419153373231
149.699557	1787824872888108288	47.641556629423576	-122.14016432171339	116.57319557295756	4.678870308529343	0.07057931923380575	0.06611781467039396
149.789980	1787824872978108160	47.641574868401854	-122.14014772030761	115.4134039365925	4.735012920622287	0.12666349891468273	0.028120113283528266
149.902826	1787824873092108288	47.64156924506864	-122.14016236078267	113.44710434491758	4.897186212693442	0.024346987140536725	-0.06080524694246554
150.001614	1787824873191108352	47.641579757161196	-122.14015656863711	117.01416391880507	4.8678346121783	-0.0018870163374070674	-0.006722928856394314
150.102884	1787824873290108160	47.641591261732536	-122.14018218502281	115.5366982617238	5.137301031190521	0.026839813439228033	-0.0377499374020867
150.207390	1787824873395108096	47.6415738293917	-122.14012355109799	121.09381295174386	5.234677964287496	-0.004147006262203843	-0.03998207211351573
150.297279	1787824873485108224	47.641597393599476	-122.1401583314178	119.07366869776676	5.34668835393331	-0.01693654505302429	-0.0783080729477216
150.388076	1787824873575108352	47.64163497425744	-122.14018955343884	113.0186297808971	5.458360945298342	-0.0065621443195173785	-0.05551256488105885
150.508128	1787824873695108096	47.64160286222846	-122.14015303059595	115.00470518810089	5.590979139136661	0.0534537779932195	0.013807710628435716
150.599694	1787824873788108032	47.641630882856695	-122.14014857510038	111.77685806559585	5.656433877032984	0.07704637058288923	0.002996627976297574
150.714020	1787824873902108160	47.64160184301019	-122.14017821525002	115.30098533226729	5.771905920539421	0.0557754448499495	-0.05099490179174331
150.798826	1787824873986108416	47.6416000919058	-122.14015858305221	120.91179307114464	5.95111683707045	-0.043246393249547585	0.03248067062708703
150.902348	1787824874091108352	47.64164256383117	-122.14011467646597	118.11583110909278	6.108774921962542	0.007208290276044388	0.02328331979037353
151.004556	1787824874193108224	47.641626276772996	-122.14016894366242	119.27804956115968	6.2239007047201	-0.0013900262975558037	-0.05939397426256085
151.104956	1787824874292108288	47.641648641732125	-122.14013361441597	118.58915559456153	6.316689409362009	0.09276055989308932	-0.01516816274268067
151.210539	1787824874400108032	47.64167025436031	-122.14017381809869	116.17115949964892	6.470951588423636	0.03320718662993554	0.04998779413637566
151.295685	1787824874484108288	47.641672023875536	-122.14014518275305	125.32635950877282	6.568446219574191	0.05950385609688298	0.08967505987051394
151.411766	1787824874601108224	47.64165985207828	-122.14017891909435	118.30513788323043	6.584714351070047	-0.07664587587397667	0.004334112783651313
151.492291	1787824874679108096	47.64166467124268	-122.14021384551295	119.15268857947734	6.720980976767978	0.06613367859420557	-0.015989948240227658
151.602291	1787824874790108160	47.641670697462025	-122.14016458012775	114.09979071403012	6.799175099378372	-0.03262316171462772	-0.069599660942523
151.693059	1787824874880108032	47.641706103108426	-122.14017423706225	118.08783926852489	6.814644043772223	-0.05779863098559554	0.040232435468705356
151.791466	1787824874979108096	47.64169381202318	-122.14015704613804	117.44717745584676	7.066241668172751	-0.023551082562275172	0.057332145245900315
151.906461	1787824875093108224	47.641688589051824	-122.14013898202008	119.72060015824512	7.123762531043031	0.009763643288580905	-0.04594000163666978
152.000493	1787824875189108224	47.64171112716359	-122.14017152355085	117.62923655382214	7.130201180270786	-0.008542778325099719	-0.05337682328737906
152.102722	1787824875291108096	47.641703896035395	-122.14015749054498	118.86498303156661	7.245347758736238	-0.047450029959350215	0.011925758786881464
152.201256	1787824875390108160	47.641701967938836	-122.1401508510453	116.06596290348591	7.312022134874663	0.023651569179788282	-0.14723553562973515
152.300676	1787824875489108224	47.641728716506094	-122.14015217689784	116.65422979350814	7.528984784362572	-0.013468306931354368	-0.046121662965941515
152.394097	1787824875582108160	47.641712919239765	-122.14018929256233	115.05003229899626	7.581667322697115	-0.004479245113928461	0.05583471384005615
152.493046	1787824875681108224	47.64172543644942	-122.14015438689522	116.3159341224788	7.640799410425061	-0.00679025587611576	-0.03822160944236926
152.593969	1787824875783108352	47.6417233257929	-122.14014641079058	118.41308219766918	7.6850484300074235	0.046361383061269704	-0.050899553001072406
152.699973	1787824875888108288	47.641757287663275	-122.1401770621959	111.89364140675195	7.788906064951479	-0.013858496564273346	-0.0496964166729677
152.800780	1787824875990108160	47.641734863769166	-122.14015556854304	118.9706347382766	7.919170104479252	0.08306458248687944	-0.01800155618728485
152.902323	1787824876089108224	47.64175407391097	-122.14017411334017	122.17215629308176	7.994500033302446	-0.04198477379033668	-0.018739625956033387
152.989646	1787824876179108096	47.64177336900101	-122.14013679237873	115.66808692067025	8.066515592991705	0.009627678547236273	0.07737453905581414
153.105519	1787824876293108224	47.64177516516602	-122.14018401123064	119.93679916744539	8.140741200230915	-0.04157110320992829	-0.05858330253624984
153.194715	1787824876383108096	47.641805678131185	-122.14015119008216	116.0749700839905	8.201494979141678	0.02833876370792617	0.002404532641224889
153.296016	1787824876485108224	47.64180312624068	-122.14017182346286	116.45759102889612	8.273453965488796	-0.03916273966445293	0.028626214885917208
153.396644	1787824876584108032	47.64177912000316	-122.14015377417414	115.39950468721626	8.304072627386969	-0.035823356509125624	0.04255651304369574
153.497974	1787824876686108160	47.64178867868818	-122.14015648922388	116.20612083955747	8.426521620643305	-0.0032406554460788018	0.027420719731457346
153.594542	1787824876782108416	47.641805755006246	-122.14014817598547	120.1231727039589	8.512728456544775	-0.05205557051124078	0.024159918406308933
153.702905	1787824876890108160	47.641827238714725	-122.14016199947149	116.76496979299219	8.520802095888117	0.010156411702185286	0.06384958664511106
153.801276	1787824876989108224	47.64180926924975	-122.14021626444422	116.7141651389592	8.60868526701433	-0.021646844403441775	-0.015614227063833377
153.894770	1787824877082108160	47.6418392389176	-122.14015397487513	118.76599267512904	8.68186136679498	-0.05166110644589466	-0.07075860666620495
153.999665	1787824877187108352	47.641854896658494	-122.1401754528692	119.43044244548771	8.828860569226975	-0.03363270664602102	-0.03601444931567171
154.094961	1787824877283108352	47.6418501062883	-122.14017480734431	118.49905795482076	8.906632550449135	-0.032107150051371706	-0.033265543340903765
154.206207	1787824877394108416	47.64185100217209	-122.1401688217213	116.69788491721316	8.872377998543625	0.016736212980587608	-0.07093855039843869
154.306943	1787824877496108288	47.64185388530635	-122.14015419881102	121.03287941445933	8.874770783997377	-0.06276252744782057	0.04468965263931315
154.397479	1787824877586108160	47.641895668020254	-122.14017017559246	118.65879484370812	8.997239365167765	0.019006972431539773	-0.014286184409358103
154.499265	1787824877688108288	47.64189589762589	-122.14016922794312	116.93393625245241	9.053918708661191	-0.034180695791612994	-0.016063276631859153
154.609396	1787824877796108288	47.6419200662115	-122.14014964479725	118.87295012532945	9.159610886250885	-0.0563302188003484	-0.004959061337173713
154.698126	1787824877886108160	47.64190901750678	-122.14015012212899	118.4524541477437	9.18875472157469	0.03473338627774802	0.07774680719212353
154.795949	1787824877985108224	47.64193253684721	-122.14015568178891	116.01110446277757	9.158266949346585	0.048763127446555164	-0.048001317488563566
154.894316	1787824878081107968	47.64193995568904	-122.14019553896709	117.59867361307025	9.241118143582566	0.0453558856958485	0.03413403826128638
154.998272	1787824878186108160	47.64193496257397	-122.14017039553653	116.34375112918882	9.227264036301555	-0.01826436733675864	-0.037048302726128295
155.102295	1787824878291108096	47.64192915547849	-122.14016963962605	121.1572059841889	9.398219999382128	0.0025104275025283097	-0.0017998219551538085
155.198015	1787824878387108096	47.64194258998747	-122.1401572901521	117.23008132162654	9.382699239032913	-0.03145353655958389	-0.013704274498580664
155.297450	1787824878486108416	47.641972199394466	-122.14018279730861	116.44909193078705	9.429789048901538	-0.03056129296979093	-0.04306333427123826
155.407165	1787824878594108160	47.64196119930442	-122.14021227346453	123.44951015573433	9.508725798093808	0.04879173961864784	-0.027309622867127233
155.501709	1787824878690108416	47.64197348933012	-122.14016998659451	114.80616613926296	9.536938187147369	-0.01178237061440028	0.01850718884853208
155.595654	1787824878783108352	47.64195886407608	-122.1401771278845	120.33756122756718	9.517109021856989	0.0582409358778239	0.07146934689693353
155.691250	1787824878879108096	47.64196296579104	-122.14020092091069	115.07615557398694	9.646037133403317	0.032515007377900855	0.06906920382193012
155.797223	1787824878984108288	47.642020631048354	-122.14016859274246	115.82715376283937	9.588929791280012	0.06678941053962867	0.006296402712208596
155.905636	1787824879095108352	47.642027909592436	-122.14016047939117	118.17013243842257	9.769318009874315	0.0644724846083955	0.06411493956929501
155.996578	1787824879185108224	47.64201022702864	-122.140182345574	120.9658950594317	9.618597876950663	0.047297269471287935	-0.0805652182573912
156.095282	1787824879284108288	47.64200221116506	-122.14016303991947	117.48602971417844	9.656562659312565	0.04595399497718036	0.005828546243507936
156.198176	1787824879386108160	47.64204246300265	-122.14017982312804	115.35173762571404	9.75298850622684	-0.040670520499460565	0.040325141879847246
156.297831	1787824879485108224	47.64203366966511	-122.14016292311436	117.8324512209992	9.749603528083219	0.008788778797069846	-0.07353740756465996
156.395627	1787824879584108032	47.6420446895799	-122.14015282750348	120.07606070111306	9.792052266045022	0.070299190262382	0.05017698737610789
156.498116	1787824879686108160	47.64204705504146	-122.14013948075427	117.22143968956142	9.792792765394278	-0.08852549497881423	0.08526403653360164
156.606529	1787824879794108160	47.642061400735074	-122.14017279223954	114.59851129178898	9.88808048493599	-0.005870556166206243	-0.018149313682267017
156.700008	1787824879887108096	47.6420706515437	-122.14014644005664	116.49673616896561	9.882928392655707	0.04035557316265115	0.0758895813967863
156.792706	1787824879980108288	47.642083616525376	-122.14016028735811	118.00693414775857	9.91061030041907	-0.10607408549752982	0.01730658368298638
156.896892	1787824880085108224	47.64208031086274	-122.14016373296131	116.18583757296649	9.948987770246703	-0.06711865780238188	-0.0946337935511457
156.995862	1787824880184108288	47.64207719885091	-122.1401870937316	120.08597216737587	9.965247116152577	0.018910681645339475	-0.07641715491640111
157.087981	1787824880277108224	47.64210278784865	-122.14017292078783	117.92417192341067	9.942930901226218	0.0177378467218404	-0.16680007938949395
157.201889	1787824880391108352	47.642130687887885	-122.14016041600412	114.9420785282633	9.904805956623097	0.027127802714720428	0.059802982011178875
157.302045	1787824880490108160	47.64214340326708	-122.14017057801988	116.0487687337741	9.954254599049447	0.013465093449278633	0.02174795441178701
157.408027	1787824880595108352	47.6421421658643	-122.14015991141764	112.64452429468695	9.936238572236434	0.0084533195339193	-0.06935097120452885
157.505389	1787824880694108160	47.64214890636648	-122.1401396579428	113.71746188932272	9.968643054552283	0.03681434344764052	-0.04889217339170015
157.598706	1787824880787108096	47.64214152202246	-122.14017167200777	115.89458078679364	9.969688354148573	0.034218420312927926	-0.04597135026297861
157.700360	1787824880889108224	47.64218203061312	-122.14014319424913	119.09213750421944	9.954906618493345	-0.05677441847385441	0.017243733847681436
157.798279	1787824880985108224	47.64217914126225	-122.14018625355482	116.74053231980388	9.987899224404687	0.07343117084335536	0.01565508933402892
157.901147	1787824881090108160	47.64220190901974	-122.14018168815561	118.15587639077252	10.014435912243336	-0.023490874430270398	-0.01104447242252602
158.005866	1787824881195108096	47.64217574089375	-122.14016092201433	120.98743125661379	9.934237461198625	-0.08227189402627288	0.04553835730063485
158.087987	1787824881276108288	47.64221646064606	-122.14020717979695	114.6639692140081	9.928119381733277	-0.0003979851317076338	-0.06335439987320096
158.192938	1787824881381108224	47.64222568187263	-122.14013955099327	117.34457751003491	10.003751635420457	0.04032488644937201	-0.011165598003500747
158.294424	1787824881483108352	47.642187992770204	-122.14015818105476	117.67461841913757	9.963387958031436	-0.03394800089707244	0.016651914800445866
158.399770	1787824881588108288	47.64224474621136	-122.14015996721638	116.01845352056964	10.056091478614912	0.01089385259541336	-0.06718185824907152
158.496738	1787824881684108288	47.64222526646796	-122.14017034893878	117.32906830779372	10.054019216335913	0.03706643409258913	-0.020539963148880024
158.595572	1787824881783108352	47.64221896552069	-122.14012527232204	116.66154413641648	10.036430565906075	-0.06694946938639947	0.04614110927214415
158.702063	1787824881891108352	47.642265975983086	-122.1401981966441	118.87905294777576	9.884515308812771	0.014182688837990537	0.0373931511155933
158.795387	1787824881984108288	47.64225933073471	-122.14017806407426	115.5339515853759	10.005310338973807	0.022595445953490556	-0.014378249436265703
158.910453	1787824882098108416	47.64227613672128	-122.14013944210339	120.93778453719136	10.053682629359749	-0.023075229605214482	-0.045528783839349635
158.986121	1787824882173108224	47.642279558587475	-122.14013183616706	116.03060776011009	10.038754704537538	-0.035585730274934835	-0.039641295629958155
159.103258	1787824882290108160	47.64229937570619	-122.14014407090664	117.80410238685744	10.048300543022298	-0.06289392611277207	0.06774907968130205
159.204569	1787824882392108288	47.64226726620015	-122.14016845566546	111.41498708185057	10.021027157407886	-0.06757834567820135	-0.029980058278898783
159.297608	1787824882485108224	47.64230066125785	-122.14018876856197	113.3121893903238	9.922584531029349	0.0616617539730176	0.02267142329246194
159.397869	1787824882587108096	47.642329687960775	-122.1401662023904	117.92815839716411	10.02324147935902	0.047784242456990346	-0.08605012333870345
159.496903	1787824882686108160	47.64234854237455	-122.14016365823223	117.43126311398146	9.963738315871142	-0.028168105077494565	0.016508936807123266
159.610409	1787824882797108224	47.64233482527609	-122.1401782585024	117.70834913151813	10.017654524492702	-0.02589139924793732	0.06410070041011966
159.705477	1787824882893108224	47.64233179153939	-122.14014978538911	115.4575992541981	9.937812458658719	-0.00513996789896097	0.0990556571700173
159.790471	1787824882977108224	47.642356503955845	-122.14014521316976	119.25362349142672	10.009484155351632	0.00880717501598644	-0.0129929789640509
159.903156	1787824883091108352	47.64235000694138	-122.1401271383637	116.32104506665665	9.961248203804514	0.023337083143071483	-0.10071624294726943
160.008190	1787824883196108032	47.64238452624288	-122.14016891144313	116.88023160681333	9.9468217568147	-0.041184813576907085	0.07627848347222124
160.109354	1787824883298108160	47.64237623781094	-122.14012760039422	117.37736354396375	9.954941096048747	0.07587948061851202	-0.04778225222405799
160.197026	1787824883385108224	47.642393382295495	-122.14020251007653	115.34419846778073	10.037394877851446	-0.006411166593213162	-0.03299991455591816
160.302261	1787824883490108160	47.64239655651307	-122.14016023678151	113.44054964484202	10.022225686071264	0.05084073415461008	-0.04320434166780976
160.391953	1787824883580108288	47.64239454231609	-122.14015357467044	117.39210697218877	10.044163352581927	-0.002028803464638587	0.041933752514310904
160.505575	1787824883694108160	47.64240240580189	-122.14016536200069	116.0712781345878	10.003449687616486	0.0036471539367815917	-0.07193072103015699
160.597630	1787824883787108096	47.642415435648964	-122.14020648003518	115.1119888341296	10.053396892774524	-0.002670298363457436	0.04585458243577593
160.697706	1787824883886108160	47.64242964802384	-122.14020601128652	117.72863797857026	9.990361204284829	0.026857153684092236	0.0013135021788659197
160.800513	1787824883988108032	47.64243729751761	-122.14018158601353	115.9917360847471	9.888971690016676	-0.015600230774174929	-0.008972650190783879
160.904053	1787824884093108224	47.64245152392783	-122.14016416111787	122.99018032351553	10.04104020522881	-0.05980240090172898	0.021093396418090212
160.992545	1787824884180108288	47.642441455609465	-122.14019835570721	118.24788087859608	10.056774512839572	0.04813244568875852	-0.014777341899520836
161.092960	1787824884282108416	47.64247365151194	-122.14012936001954	113.80503994281098	9.97022753217162	-0.022242177862776484	0.07195037929055305
161.203247	1787824884390108160	47.642469846045124	-122.14016738217144	113.85142203937298	9.972661093925499	-0.0003874023074818156	0.01066601392557123
161.305760	1787824884495108096	47.642491909003255	-122.14018644724032	119.05775451275198	10.03773268562764	0.021324299031543592	0.004841028051759249
161.401812	1787824884591108352	47.64250334174427	-122.14016679265197	113.38602500292296	9.910550462907715	0.01577000331003744	-0.031206062878447235
161.489917	1787824884678108160	47.64249293779556	-122.14015529781369	116.5058677554506	10.050872781158326	0.01211959265244676	0.021067681236958055
161.599441	1787824884786108160	47.64253061438032	-122.14017571539678	116.63572165580382	9.885594886440764	-0.053456949956818434	-0.039326733722529705
161.693045	1787824884882108160	47.642524457786344	-122.14017002034952	121.92747849824873	9.902735557122048	0.12322139892529949	0.15501059947088905
161.804309	1787824884993108224	47.64255512584146	-122.14017820140232	118.6432981257331	9.993010580893152	0.07187455697605026	0.026588717174764367
161.898854	1787824885086108160	47.642530274106484	-122.1401707014464	113.88760427687122	9.9579670292938	-0.0038545214597928545	-0.08189606160477035
162.005382	1787824885194108160	47.6425540457304	-122.14010039018757	112.21162887805868	10.05215928260676	0.0017649816065968948	0.058969248295699495
162.094032	1787824885281108224	47.64255351116325	-122.14018865104663	116.7887722636556	10.1120504275448	0.02020268364777036	-0.012462246548403597
162.200728	1787824885389108224	47.64257638357898	-122.14015934911791	113.23458436041474	9.983337167299938	0.020882288871020102	-0.08066764672760995
162.304425	1787824885491108096	47.64256880762193	-122.14017928406972	116.32815346388854	9.900508451060396	-0.03315215559558822	-0.001677448827372704
162.397549	1787824885587108096	47.642595457191035	-122.14017964497653	114.08262992256945	9.946451854575674	0.03897854604974673	0.03355568936129774
162.498249	1787824885686108160	47.64259232346728	-122.14014554990419	115.22921184632912	10.134504892380328	-0.12504617899043877	-0.07465490790609096
162.598871	1787824885788108032	47.642597161947265	-122.14015573146986	113.01268017445062	9.9825808085785	0.005132051570830923	0.0686439715413732
162.705495	1787824885893108224	47.64260617193276	-122.1402009908102	114.31132866149703	10.04145821710125	-0.01358605303678704	-0.04239891540924712
162.790408	1787824885977108224	47.64262750617964	-122.14014759871756	116.37955403043372	9.97166773845289	-0.037206470275950095	0.03789379716292773
162.901459	1787824886088108288	47.64265018370827	-122.14016845746094	119.67596510786323	9.972198600489405	0.029297202272347757	0.07602252846673258
162.996544	1787824886184108288	47.642623243149764	-122.140193762378	117.7252211323158	10.000227045316919	-0.0650367866430679	0.0030843770644297733
163.102013	1787824886289108224	47.64265244471356	-122.14018040165496	119.86758270668012	10.028000081757614	0.1415839874659622	-0.016535558694123497
163.209748	1787824886397108224	47.64267574930085	-122.140154693441	116.24523762928281	9.99574653836566	-0.033591674171449294	0.01780545236871632
163.287578	1787824886475108096	47.64263941789541	-122.14016985910504	113.29893516445004	9.97884173709019	0.012942556796174091	0.060850732358775486
163.392152	1787824886580108288	47.64265720488221	-122.14019811616961	118.84235726905874	9.997623964834206	-0.06393439087906211	0.007183132227291306
163.494417	1787824886682108160	47.64267771283093	-122.14017338086103	118.59502623276711	10.032003127789805	0.06078326911280762	-0.017662876393985952
163.602783	1787824886790108160	47.642713246236745	-122.14014443975924	116.4453805283421	9.871280593305103	0.015148205485102515	0.05052481089801743
163.702240	1787824886889108224	47.6427084582339	-122.14013436366578	115.49357279376537	10.026856054363211	-0.01954391852009588	-0.027953415165794512
163.801398	1787824886988108032	47.64271401021123	-122.14017876259261	113.24666162300304	10.047662705289797	-0.02280316448018144	0.07371981448882167
163.896843	1787824887084108032	47.64271567434782	-122.14016468825177	118.63231594133028	9.995082666952687	0.05294778159614775	-0.04128344999740759
164.005919	1787824887195108096	47.642718368960374	-122.14016251379442	123.12243532423362	10.01358974910159	0.02169791322685041	0.05661389052402726
164.096729	1787824887285107968	47.642755678051046	-122.1401690515299	120.83408644981665	9.973291438890348	0.1438886356109883	0.04481382845057496
164.190227	1787824887378108160	47.6427337434605	-122.14013281118558	118.16933603847438	9.930037351376242	0.031215833277449367	0.08781943159140726
164.306731	1787824887495108096	47.64277320637836	-122.14016894618055	118.63234784840876	9.984919743535173	-0.008575864805833574	0.03716924983042079
164.399201	1787824887588108288	47.642768790056046	-122.14016204226218	115.47100603327085	10.071512795838448	0.06472378110004888	0.019726941436927978
164.508482	1787824887696108032	47.64278686592868	-122.14018582862035	121.72182600556965	10.057192791288017	0.07198307336038039	-0.06291185949939362
164.607039	1787824887795108352	47.64277339573726	-122.14015244041653	119.71335971127516	10.024105081264587	0.028770555148499268	-0.047598974745784006
164.698207	1787824887885108224	47.64279313041764	-122.14017816635454	111.62740939340439	9.959398058121288	-0.017535701170643733	0.025723450119854725
164.800771	1787824887990108160	47.64279806648883	-122.1401880753515	119.79861537821998	9.954361006682099	-0.06363047406076168	-0.014775894341156757
164.900290	1787824888089108224	47.64281246646474	-122.14015490306187	115.16741451659861	10.055805620201385	0.03800372631020255	-0.03934590275757832
165.005047	1787824888194108160	47.64282121818674	-122.14019327180131	114.59460224811973	10.011917179902058	-0.05536501818164329	0.0414087701512583
165.107276	1787824888296108288	47.642835179166376	-122.1401572375873	114.73685137616104	9.97568941396166	0.010156245837206633	0.047234082886597556
165.194086	1787824888383108096	47.64283348147121	-122.14016587954973	115.40097718754166	10.089607580893487	0.04512491421739688	-0.0768197262495005
165.297553	1787824888485108224	47.64282954142487	-122.14017948040633	114.13788270423025	9.94055979636025	-0.010216920099092325	0.0038173389880978878
165.399656	1787824888587108096	47.64287835897922	-122.14020309570282	122.14132780184897	9.950196231086814	-0.035225208529693075	-0.053958345726250724
165.503232	1787824888692108032	47.64287628951742	-122.14018000430964	117.17666602513978	9.988938709662987	0.0739924407159464	0.0024395173384358683
165.591573	1787824888779108352	47.64289443599642	-122.1401815016953	114.81551830820646	10.038318035883025	0.017366914013434036	0.0014910762191762158
165.703020	1787824888890108160	47.64288766810378	-122.14016897129628	117.23163322471729	10.034265289835071	0.006006644131693625	-0.029056602896264935
165.800866	1787824888989108224	47.64288839380824	-122.14017560995107	120.780089400951	9.975775560683198	-0.01088557233460397	0.013352081225187546
165.903419	1787824889091108352	47.642909698629296	-122.14015685761758	115.71235308326936	10.052896166909923	-0.03978042371580087	-0.05661832065280688
165.998423	1787824889187108352	47.64291167585891	-122.1401859649235	116.53330737504345	9.919305264872246	0.00453535198190374	-7.618866765233218e-05
166.090863	1787824889280108288	47.64290231754775	-122.14013895730871	119.20322575424332	9.993214138456194	-0.01083243842234492	0.02276191592321525
166.198304	1787824889385108224	47.64292352703794	-122.14019532795253	115.75780757975787	10.045010407870588	0.002890083743759108	-0.04323597730849288
166.298772	1787824889487108352	47.64292750069806	-122.1401779348462	117.1350937902972	10.036197564728093	-0.021044730573778564	0.1148827625639095
166.398775	1787824889586108160	47.64295001974586	-122.14013952426276	121.09955516441221	10.087358983163137	-0.10072520694425927	-0.0598679018759971
166.500894	1787824889688108288	47.642969784878375	-122.14016751798502	116.38227360053055	10.003224802521013	0.11776366928749207	0.030489955492480365
166.594971	1787824889784108288	47.642975183576155	-122.14013352910703	114.79251477609303	10.090109590146797	0.04028738687360642	0.019461500480496448
166.692511	1787824889880108032	47.642950236616116	-122.1401636495588	119.70420452367293	9.991937281980276	-0.041762615836386976	0.07364403281371763
166.800180	1787824889988108032	47.64297742758663	-122.14016642174224	115.37493239357424	9.97052641813354	-0.012040365766461534	-0.019616629710243638
166.905963	1787824890093108224	47.64300284187934	-122.14017250440084	118.57025578668959	9.961290665880378	-0.1301795692321698	0.0018071653821986342
166.994135	1787824890183108096	47.64299022324777	-122.14015120496754	118.0002685664343	10.01295263930082	0.021200930494788536	0.02193834611337208
167.099074	1787824890288108032	47.643004538020975	-122.14014056412077	115.63118713534844	9.986327908079089	0.043122739010562475	-0.005779477946575192
167.206131	1787824890393108224	47.64301159367533	-122.14015393016477	115.18595683611669	10.00804577694005	-0.05012351914896898	-0.02633990082623676
167.301354	1787824890489108224	47.643029965716096	-122.14018142252942	113.86855160168143	10.012629741253507	-0.0040597829867872505	-0.015995272629594905
167.407326	1787824890594108160	47.64303874738407	-122.14016670109366	114.62668143311122	10.14229166652391	-0.04805068430863274	-0.05702180453608933
167.501826	1787824890690108416	47.64303988537576	-122.14016003200769	113.02031467401657	10.054151069765942	-0.03632043293121807	0.08652427653759671
167.599039	1787824890786108160	47.64306046720255	-122.14015935959515	121.82367478121671	9.943946530993484	0.04318017323554436	-0.06451028966409979
167.698459	1787824890885108224	47.64307673859627	-122.14016888371393	117.73989900596573	10.085384052325516	-0.05084547532682596	0.045783510730692784
167.800645	1787824890990108160	47.64305138204641	-122.14014479228133	113.82171488271237	9.930379455781267	-0.0033415666506866146	-0.10167606888498515
167.906011	1787824891095108352	47.64308381004354	-122.14014173827685	118.07226284636235	10.03673199976742	0.009418505536437579	0.06537356438816154
167.993714	1787824891182108160	47.64309526516612	-122.14013941312088	119.75150909747785	10.06792973952804	-0.08160479374681241	-0.00461189309183061
168.105909	1787824891293108224	47.64311510000473	-122.14018129148047	114.52093471049062	9.906136760347415	-0.044455362069621106	-0.048749638437617204
168.208310	1787824891395108096	47.643113535564375	-122.14015051275543	115.96296768284512	10.08393503702185	0.039708216862784286	0.04592021747518897
168.295978	1787824891485108224	47.643106388761076	-122.14014867891991	117.66507626068434	9.922115282712166	0.02608877859137229	0.01740014991849122
168.402235	1787824891590108160	47.64312531077366	-122.14016474444195	115.03853509393977	10.00422547172881	-0.13931903391705777	0.0862959086209467
168.504790	1787824891692108032	47.643120177579426	-122.14017512387302	120.9050684208364	9.991801205129665	-0.013240675107304867	0.016337497003554028
168.596933	1787824891785107968	47.643139201463995	-122.14013397416457	113.95949196278038	9.984349462761607	-0.08687357707929301	0.02081138848942423
168.705864	1787824891893108224	47.64314308448153	-122.14015848165378	122.46800003609935	9.960367214272422	0.03741979162169019	0.03770135418751808
168.807476	1787824891995108096	47.64316427847911	-122.14015852337182	115.39056269351084	9.904372295669411	-0.06661977030029559	0.059277519207252764
168.901306	1787824892088108288	47.6431854885383	-122.14015773187135	121.8675690500314	9.907895434489424	-0.05455825853738099	0.020923659323518598
168.994869	1787824892184108288	47.64318397236313	-122.14017622034109	116.22494805148264	10.038548351573318	0.010996521814590876	-0.02725946412751204
169.099518	1787824892289108224	47.643203467066236	-122.14014101871248	116.64394258966232	10.061620868082922	-0.004572968155299931	0.04511008291488276
169.185083	1787824892373108224	47.643183530283544	-122.14016411579199	118.48428161113317	10.017236693881562	-0.03440125092376272	-0.04846702577042516
169.304337	1787824892493108224	47.643198861969694	-122.14013594909247	117.2567350269847	9.964838939233745	-0.0006904386565662713	-0.027426207364667644
169.405767	1787824892595108352	47.64321239423355	-122.1401367712249	118.04465199104985	9.992141260368632	0.021099359394913187	0.012156064202345227
169.502367	1787824892691108352	47.64322319340476	-122.14015130347784	113.08702785702626	10.007664128007205	0.05548739042678591	-0.036611776681659665
169.605441	1787824892793108224	47.64326619129474	-122.14014310781828	114.8039562786325	9.983652458779355	0.03785309475307754	0.05183514324027311
169.693674	1787824892883108096	47.64322545066775	-122.14022320356572	119.1285634368574	10.037255170178938	-0.007608679777372865	-0.01079579356384897
169.796495	1787824892985108224	47.643247414442556	-122.14017116809295	112.72710154819032	10.065840986977609	0.09012078683343089	-0.04138157327693871
169.906726	1787824893096108288	47.6432680385809	-122.14017011112469	119.15249121147939	9.959616896306489	0.05932194303168939	0.021615603985875136
169.999296	1787824893186108160	47.64326357994776	-122.14017532117988	113.0419785884857	9.892367009836393	-0.025738023421976276	0.044986544464622163
170.108354	1787824893297108224	47.64328395618232	-122.14018760586362	119.20639250193952	10.019335209653583	-0.031301827410093096	-0.06924597787830543
170.216805	1787824893405108224	47.643267564159494	-122.14012999518397	119.11905397111379	9.978244551547334	-0.032103943103231704	0.07108991839423136
170.295485	1787824893483108352	47.64328531873861	-122.1401781465804	116.69797206135654	9.930723935064607	-0.05647380947525071	0.018332596990777633
170.396403	1787824893585108224	47.64330738143462	-122.1401559443514	116.6068311126109	10.0518462053924	-0.05068553220843261	0.00878822796498781
170.492709	1787824893681108224	47.643297681706954	-122.14019110578792	116.91309358963635	10.07100233496251	0.059322286699146846	-0.003794931904934618
170.588382	1787824893777108224	47.643342186778355	-122.14017949026709	119.1201326400756	9.918615996564732	0.011168681957431915	-0.02548226662981617
170.697461	1787824893885108224	47.64331789998087	-122.14015576470055	115.01886063560364	9.977419320225177	-0.01718821624419882	-0.027089278596492933
170.801167	1787824893990108160	47.643334957698094	-122.14014223452808	115.66029236143753	9.978737353074028	0.07913195375803805	0.03403261042338664
170.901993	1787824894089108224	47.643350245254965	-122.1401781135485	115.43165807070423	9.880276203709068	0.0611439570048678	0.10672573558406331
171.013845	1787824894203108352	47.64338192777893	-122.1401519021766	113.78293339063093	9.9919007293029	0.006852464272290332	0.01893494564801751
171.100973	1787824894290108160	47.64336906908444	-122.1401646892503	114.81938963988536	10.019372364585776	0.005195709160363883	-0.018951050567101276
171.186883	1787824894374108416	47.64335995099184	-122.14013201579776	115.17063077243002	9.939785248101131	-0.0692695936344323	-0.042307113748493524
171.297923	1787824894485108224	47.64336591765908	-122.1401789779965	117.7594703969035	9.8821283004626	0.04740198350943304	-0.03168709472290132
171.397984	1787824894587108096	47.64338796932255	-122.14013737592494	117.05890240787073	9.948494038662446	0.03934665495134552	-0.0686400407662096
171.497888	1787824894686108160	47.64337317907053	-122.14016027621095	114.91898105644454	9.981583100855783	0.04852270969136359	0.09226867414860712
171.594964	1787824894782108416	47.64341282279265	-122.1402126293689	118.80125707704526	9.8919064009453	0.09688310561673756	-0.009282185264958635
171.709673	1787824894899108096	47.64341872436618	-122.14017323541617	110.0846550618289	10.110657532849016	-0.007884039256269673	0.006001335383505781
171.797701	1787824894986108416	47.64344756015001	-122.14016890566154	119.41431847812774	9.942181112864777	0.030049256011259313	-0.08910354647705622
171.896340	1787824895085108224	47.643440349424075	-122.14016398144214	118.64698403700238	10.01301975412914	0.028503595581190463	0.10660937917306886
171.993165	1787824895181108224	47.64345806810873	-122.14016078123531	115.04476259976593	10.010534327730216	0.07207972870400231	0.031013324212482735
172.093363	1787824895280108288	47.64345858483244	-122.1401784770602	116.74687769597969	10.114801748436939	0.09363884066310703	-0.110272774986129
172.198016	1787824895385108224	47.643461134605225	-122.1401462020856	118.07584696887182	10.00335091306191	0.04442498586406395	0.07815163736402853
172.288592	1787824895478108160	47.643462824984354	-122.14013683680825	121.32062358196656	10.076622504853866	-0.09122931321019652	0.019889952223262543
172.408604	1787824895598108416	47.64349985383033	-122.14018897973564	117.71930821002339	10.02363594573166	0.07702623974974337	0.11907801007964916
172.493172	1787824895682108160	47.64347356852253	-122.14015058452964	115.12814437655602	10.062297358238736	-0.06785304852877733	0.06454652402300604
172.605020	1787824895793108224	47.64351171439854	-122.1401280102557	114.93022429523924	10.016011104464217	-0.03114485774430391	0.002998218352898163
172.702125	1787824895889108224	47.64351698914724	-122.14017590632872	121.51138831691964	9.951359213011118	-0.010029787306470056	0.02926917062241202
172.797487	1787824895985108224	47.64352228780807	-122.14018295303086	118.03681698655761	9.961295255750393	-0.006102905419041535	0.11893976942833373
172.896252	1787824896084108032	47.64352058201274	-122.14018932978131	114.50321334272633	9.95199689296918	-0.018885485195564444	0.04399613446672402
173.001505	1787824896189108224	47.64355048429479	-122.14020082663598	119.91666206740476	9.984439476250413	-0.017227484951576374	-0.04847270108536875
173.108304	1787824896297108224	47.64354382341245	-122.1401763182917	117.33375554268054	9.979183191915709	-0.03126810397480436	-0.01925581995903791
173.195256	1787824896384108288	47.6435700269873	-122.14018436923115	117.8176413732372	10.108447893294336	0.04797734286061321	-0.021011937683262275
173.300659	1787824896489108224	47.64355686133182	-122.14017321098432	117.80706534224906	10.066508673669349	0.027935324184112743	0.05829963988231899
173.402431	1787824896591108352	47.64358171840084	-122.14020678390749	116.90738713700536	9.993349870961007	-0.008389251633784588	-0.03594815017444031
173.502738	1787824896690108416	47.643611927749895	-122.14017008011417	115.1550576326082	9.990024983778143	-0.011057546479122882	0.01134649705110638
173.598176	1787824896786108160	47.643583557660676	-122.14018046927997	121.28105945499469	10.011206096872158	-0.037413206985180296	-0.029057934041818296
173.714162	1787824896903108096	47.64358886320631	-122.14020795999296	118.2665197085455	10.02241269699101	0.0077220924084904045	-0.02049918287618044
173.801220	1787824896990108160	47.64361452491395	-122.14017725397947	119.42004788831132	10.033848176059514	0.0056203494502155915	0.015091408708261134
173.892116	1787824897080108288	47.64360322434865	-122.14017552515676	117.2962332433769	10.014904370347061	0.06473183727238424	-0.02561093216583331
174.001375	1787824897188108288	47.64363770950598	-122.14020758025156	119.57648509806452	10.01549366946403	0.06987662126245626	-0.0800765301038626
174.110366	1787824897299108352	47.64365670971319	-122.14016692680896	116.73267638703987	9.913799484615675	-0.045334416333057764	0.08893909468759077
174.203163	1787824897392108288	47.6436454033585	-122.14017388490251	117.39338441254367	10.063771382759374	0.0273143599868653	-0.0025827630577770367
174.289249	1787824897476108288	47.64366895695277	-122.14015768803634	114.428156912393	10.002713085803789	0.0034060965013061905	-0.06666166328846383
174.410938	1787824897599108096	47.64364548410424	-122.1401580901253	119.1515872021051	9.94563902821318	-0.07107922271079951	-0.06914497603516857
174.498634	1787824897686108160	47.64367822519031	-122.14015846363246	118.0728173977695	10.050966621722502	0.01680677699746151	0.08041971315058516
174.605507	1787824897794108160	47.64368469220897	-122.1401409293323	116.29829617291948	9.999755524261452	-0.03267627290716813	0.05256628160944468
174.699983	1787824897887108096	47.64368310805002	-122.14016529083305	121.18411720628774	10.070338960403797	-0.01441897098777016	-0.024486507776432364
174.806043	1787824897995108096	47.64370415561227	-122.1401785310445	118.06167287483952	9.958658690334873	0.037791685514277515	-0.03689294081135555
174.893945	1787824898082108160	47.6437150050742	-122.14016845474092	116.98417134090566	9.951860972653066	-0.0288585991650791	0.023812751317005547
174.997966	1787824898187108352	47.643708742963334	-122.14019006116087	112.94537241499552	9.971175585606481	0.00638744185889678	-0.0006691239166935148
175.107767	1787824898295108352	47.643751046874456	-122.14015238208579	113.40697090704688	10.03582899850227	-0.09286184469709108	0.11729209740108903
175.201129	1787824898388108288	47.64372480185767	-122.14015546792362	120.58706876297693	9.970255302783752	0.02697683588657523	0.053889099521314425
175.310637	1787824898499108352	47.643725257483396	-122.14017632065222	117.92039428262044	9.92001720034207	0.10422140678255157	0.09758224096675139
175.403991	1787824898592108288	47.6437611896057	-122.1401765574011	117.51647437924233	9.980205678510458	-0.021042245516779873	0.011889115600475203
175.487255	1787824898676108032	47.643774350443245	-122.14017620220731	118.02131483732487	9.826927767410432	0.022046909237460856	0.010731497699818451
175.591532	1787824898781108224	47.64376820987654	-122.14018123979969	114.10869128088072	10.04822021649052	0.10829153547228826	0.035592985983033294
175.697638	1787824898886108160	47.64376943439527	-122.14016218567922	117.69959386935302	9.960874842474341	-0.027217189576786344	0.08265754282614417
175.794338	1787824898982108160	47.643769204835536	-122.14017444704776	119.93175703897644	9.987020256047538	0.022403610218542112	0.05738466771109632
175.895450	1787824899084108032	47.64377571788129	-122.14016538506343	118.09380161624286	10.09957763996498	-0.031903866678343724	0.03624465965087959
176.006317	1787824899195108096	47.64381113350576	-122.14017855880246	110.5597412290471	9.975590543660763	-0.03192686870873556	-0.015864744023448698
176.099193	1787824899288108032	47.64382672061252	-122.14012990009591	112.15616933353989	10.03254310358152	0.004086276570158255	0.011779983271465545
176.200408	1787824899387108096	47.6438291943384	-122.14015009335981	111.46310304852348	10.007814272077498	-0.02388138255369432	-0.008732396299777878
176.295865	1787824899483108352	47.64383833590018	-122.14014895027026	113.82555691361583	9.98753362619316	0.02442986007965039	0.004407589123576289
176.407369	1787824899594108160	47.64386322300512	-122.14019637663792	119.16938172030754	9.979738906332413	0.04808072325213002	-0.0017882866289008475
176.499757	1787824899687108352	47.643885888877584	-122.1401689755761	114.29516429121936	9.99532078686804	-0.0019305788017487152	-0.028592257400043244
176.606935	1787824899795108352	47.64388219747933	-122.14018639110121	114.67145076506915	10.009104526505178	-0.03152065218221047	-0.048670985760465885
176.694090	1787824899882108160	47.643873308028034	-122.14019958787429	118.75192480569552	10.042321738837034	0.011174403681058487	0.1208725129218365
176.803586	1787824899993108224	47.643880490660095	-122.1401589046337	120.50726589324316	9.99338239935011	-0.01821696125272937	-0.1032123386236217
176.892639	1787824900080108288	47.64389701460093	-122.14015316131852	113.98182163936053	9.979452074571617	0.01517063740782388	0.02349856476124229
176.995758	1787824900185108224	47.64387754227965	-122.14016955692347	119.78256699009026	10.047053009898267	-0.04522483365322791	-0.008627199271067367
177.097456	1787824900284108288	47.64392591248871	-122.14016415779439	115.75927523450765	10.017974773717471	-0.040279122592790866	0.0202857700489896
177.205133	1787824900392108288	47.64392723105024	-122.14019974121574	116.25039547703598	10.057598949356015	0.10181421085868983	0.06230193433183833
177.290906	1787824900479108096	47.643906162705264	-122.14019321173029	115.50564692122828	9.998475409750505	0.02938280093381886	-0.06434491569951817
177.395096	1787824900584108032	47.64392954936537	-122.1401266027663	111.2751013633196	10.035904941046168	0.044879153416698694	-0.0739215750320824
177.504954	1787824900692108032	47.64394128776635	-122.14016992312548	115.64684782314701	10.06813286199245	0.037353397051844095	-0.038891028119546436
177.603788	1787824900791108096	47.6439524332515	-122.1401712919683	122.44902973727498	10.008536824718709	-0.0015677874717356405	0.013705334961403757
177.694051	1787824900881108224	47.643952047127314	-122.14019360392264	115.0029151088437	10.002148251307199	0.039310371654286864	0.01552901181274228
177.798561	1787824900986108416	47.64397911608143	-122.14014824047717	119.482255969858	10.065840533774237	-0.02368246621457687	-0.014494692272017573
177.899642	1787824901088108288	47.64396580887046	-122.14017011238701	110.11989919588109	9.89502933047898	0.0023276861477627597	0.004705762072241347
178.008860	1787824901196108032	47.643997606869455	-122.1401661904467	118.07124543345712	9.999273187592225	0.02720835468828388	-0.09222840917744121
178.097580	1787824901286108160	47.64401457054202	-122.14016478270537	113.59104704129446	10.041590431534601	0.03249638475855667	0.07132821553785906
178.201976	1787824901391108352	47.643986511969956	-122.14016600061561	114.075392109559	9.984949345143642	0.00864433432500012	-0.055004626659550575
178.299544	1787824901487108352	47.64402464710786	-122.14019298890801	115.56964957201666	9.956171479397275	0.017163232285622693	-0.06881311696374956
178.398336	1787824901586108160	47.644022115977656	-122.14017267258366	119.82121283815302	10.035979777284643	-0.016901447379223587	-0.07399180479128764
178.502436	1787824901691108352	47.644024011516706	-122.14011435433095	115.81784046435124	10.004791173727284	-0.013824869557490472	0.015606047263369711
178.592786	1787824901781108224	47.644029744389115	-122.14014829903502	119.92177337319296	10.073834441242827	0.020178038404487293	0.06849493486470336
178.701797	1787824901889108224	47.64406438519799	-122.14016322110402	117.61696571675316	9.953748994510196	7.961025151712017e-05	-0.007403064494920056
178.788411	1787824901976108288	47.64405243319905	-122.14018036047649	116.4111218492808	9.950597209077161	-0.004807650606796405	-0.09161612537792536
178.898362	1787824902087108096	47.64407469636609	-122.14017696384676	117.0507427017251	9.991920450285871	-0.024757156212436713	0.057461753476931846
178.998595	1787824902186108160	47.64406703378592	-122.14018282588336	115.99804612811431	9.970004429156432	0.04873053928513696	0.04266467967251487
179.099723	1787824902288108032	47.64410298634729	-122.14015935834394	118.65368824690755	9.975781942524748	0.05005468921644987	0.04587388769392079
179.190946	1787824902378108160	47.64408598989944	-122.14018794203903	114.90682552139923	10.083118579408966	0.09717644989611751	-0.000785501994598515
179.293666	1787824902483108352	47.6440872654163	-122.14018673289566	119.22276671721413	10.019512639532918	0.0011637032368312424	0.012178656501994055
179.406336	1787824902594108160	47.6441227220639	-122.14013668879701	120.16228912344657	9.983259462081104	0.03815907348485851	-0.016968866848416333
179.514330	1787824902702108160	47.6441351796577	-122.14016977583049	111.5755858705942	9.97611551153597	0.0034250402215387425	-0.005932682738810434
179.596805	1787824902786108160	47.64414410967303	-122.14019756768869	117.58829975691368	10.073324365963222	0.08929527123965567	-0.09602631278373584
179.709447	1787824902897108224	47.64412795280372	-122.14016679670245	117.43103771011488	10.042694633468479	-0.09273535113342254	-0.015514204704167195
179.799226	1787824902987108352	47.64412867184501	-122.14018038483528	112.83212306771995	9.948314489608943	-0.004845595200137617	-0.06075852695897446
179.890141	1787824903077108224	47.64414735966144	-122.14012147635883	119.4922165898874	10.00580589524238	0.06536397342709577	-0.07322796139540388
180.000162	1787824903188108288	47.64417558647268	-122.14012817845831	115.97189031022901	10.125278176006885	-0.06511233798321313	0.04424848759255465
180.108326	1787824903296108288	47.644185669187536	-122.14016895903656	116.66630267958989	10.10593301932234	-0.00720394018337521	0.015000940903032674
180.199461	1787824903386108160	47.644205973648994	-122.1401660408372	117.96039889547546	10.062317735077679	0.033271864458388305	-0.03484608483250377
180.289986	1787824903479108096	47.6441925354609	-122.14013855485389	118.33504637089054	10.069780979534853	-0.02378838710589479	-0.0637749455844228
180.400607	1787824903590108160	47.64416221414399	-122.14016865842298	113.00980748780816	10.0236690682211	3.099081991788903e-05	-0.010614799191669577
180.500300	1787824903689108224	47.64422150032283	-122.14019701151638	118.79115786554051	10.07078695523589	-0.052105355597147955	0.05075941837456869
180.599628	1787824903788108032	47.64425239168806	-122.14016580679805	115.86491254110923	10.093758315569762	-0.02396192122233709	0.03599042878323121
180.700707	1787824903890108160	47.644225438725826	-122.14014980686817	116.76140737068388	10.001208458117695	0.007647037044191375	-0.014254042982851179
180.797821	1787824903986108416	47.6442458225959	-122.14015886014127	120.98219941014271	9.969230117659823	0.004255471875436857	0.022471654055417317
180.899869	1787824904088108288	47.64422730310804	-122.14016502919571	118.69756153998651	10.07790562038345	-0.023572049182219317	-0.037507468528522436
181.000086	1787824904187108352	47.64423862316505	-122.14015343465815	118.14234856059478	9.939924692469466	-0.04447416532496559	0.07020255652034348
181.093015	1787824904280108288	47.64427363095563	-122.14019508910101	118.63925060493939	10.025199543724776	-0.01996669731652091	-0.060134105439149
181.196539	1787824904385108224	47.64428151638839	-122.14019178841707	115.25087012444149	9.947915099666837	-0.015567009144380934	0.04628568727086421
181.299085	1787824904487108352	47.6443001307138	-122.14017750231577	121.5999168578434	10.034426664956607	-0.0011667055714330615	0.06540748879876233
181.408964	1787824904598108416	47.64426500649681	-122.1401691300704	118.87451689639241	10.072027551619877	0.08383894160765558	0.04396499200974628
181.503965	1787824904691108352	47.64431298692434	-122.14015757604048	118.92429204822503	9.966259273649733	-0.07767951383602589	0.007918990447946224
181.605760	1787824904793108224	47.644306971984456	-122.14015949758364	116.72351407282245	9.98111096920015	0.010488429058597148	0.013342259047413272
181.694355	1787824904883108096	47.64429902777611	-122.14016085631624	119.22630128532433	9.913051554934148	-0.015884541578789463	-0.021671294486560508
181.795294	1787824904982108160	47.64432496311401	-122.14015327087215	115.02314823733309	10.049393905572776	0.004629931381497059	0.03743154012070395
181.906370	1787824905093108224	47.64433225302755	-122.14014879824944	114.02081619235663	9.924621877462561	-0.04920559059150582	-0.03748980729899725
181.995534	1787824905183108096	47.64433965680631	-122.14016411610655	115.58052094257731	9.930491946222233	0.08786694302085096	0.025558527414658267
182.095477	1787824905282108416	47.64434399724498	-122.1401942390347	116.8538793069646	9.967564128309336	-0.07806025715232515	-0.10538694879045095
182.204839	1787824905393108224	47.64436055711543	-122.14016888652108	116.46456628153842	9.988392321629181	-0.012340792983222913	0.0361715402071864
182.292533	1787824905480108288	47.64434879313968	-122.1401460475765	116.89045760059992	9.96117437680985	-0.003817689765430624	0.011221532341418008
182.401008	1787824905588108288	47.64439040851125	-122.14014628738701	119.21794677021411	10.00091514654676	0.01315885865511107	-0.03420162342601137
182.499184	1787824905687108352	47.64439077840765	-122.14013339619916	118.66425677787659	10.010085340053253	0.03077717720732051	-0.05250731477210901
182.601265	1787824905789108224	47.64437477096904	-122.14019032208151	120.91533748272795	10.091973052038966	-0.0010425403653832501	-0.01647078467970776
182.689767	1787824905879108096	47.644407478646016	-122.14017219644225	114.89143909804963	10.059224646675224	0.024490056448356168	-0.012172827972756987
182.806271	1787824905993108224	47.64442819778626	-122.14013625522446	115.00288465859477	9.977478124024064	-0.03890677247763952	-0.11440784984548587
182.897793	1787824906086108160	47.644424175947464	-122.14020293922728	117.40536615892407	9.982970040383394	-0.0013493282763842056	-0.04401606908022686
182.997814	1787824906185108224	47.644425742869004	-122.14018213953311	117.04447246568222	9.979103220216196	-0.02780401884201777	0.05956851751763555
183.091730	1787824906281108224	47.64443877662465	-122.14017935921343	112.44601232003286	10.02649879101588	0.02948008417377089	0.11314624347679654
183.194497	1787824906383108096	47.64445816287763	-122.14015336644054	116.02992754317195	10.007149384685464	0.03643877047990253	0.03250637899214985
183.302676	1787824906491108096	47.64444609006079	-122.14015705085663	119.09144144310687	10.000133236295694	0.017540726995270494	-0.020563043462186573
183.401640	1787824906590108160	47.644473506726335	-122.14016556624385	117.55169368466835	9.974800062165126	0.08892937706344353	0.02555938403123738
183.492257	1787824906680108288	47.64448027592819	-122.14016793870584	119.73487799621365	9.977782635366033	-0.08216805290766915	-0.06405425171381134
183.608618	1787824906797108224	47.644497472729554	-122.1401549621808	114.61012085102715	9.933161908909234	0.00998296967608519	-0.0030888224282305606
183.700031	1787824906887108096	47.644503944741636	-122.14017627914265	114.66424026161742	10.016001068263659	-0.015464223304151252	-0.05134156163790198
183.798907	1787824906986108416	47.64449916820631	-122.14017523221116	113.29827946638302	10.003251562365355	-0.10484743213965156	0.05738232854611487
183.899715	1787824907088108288	47.64453708122319	-122.1401700227737	116.22465150635826	10.023145631731264	0.07168687890706153	-0.0035003642053513654
184.007543	1787824907196108032	47.644538036728754	-122.14014341654675	114.96684119903051	10.003358727226452	0.056991263083580206	0.03509440800537539
184.105294	1787824907292108288	47.64454454946577	-122.14013944418494	118.97703591940993	10.064396957939696	-0.03614240139818015	0.05570684717222532
184.197732	1787824907385108224	47.644540089706815	-122.14020436267857	116.43557603175108	10.088135140961755	-0.003859035406347834	0.04977428712865388
184.293972	1787824907481108224	47.64453957186028	-122.14014966439865	115.26804736780832	9.978647812271994	-0.0016742092193148955	0.018221252713083485
184.396233	1787824907583108096	47.64457553599896	-122.1401832602629	115.54014305535293	9.98492518367713	-0.03078224995238262	-0.016261986667702993
184.509466	1787824907697108224	47.64460874874048	-122.14016540819075	119.86585254641041	10.031373449956002	-0.035498143130453665	0.04084376860705385
184.602362	1787824907790108160	47.64459600570824	-122.14017099654342	115.3296826662692	9.935534744140735	-0.005546159477272921	0.0030751089693796087
184.696594	1787824907886108160	47.644598175278425	-122.14017681872657	119.56129892278847	10.01655543940513	-0.010920493980899367	0.011605280999132857
184.796114	1787824907985108224	47.644603388409095	-122.1401495255451	116.30063861688178	9.916052388834434	0.006598686715887237	-0.011802881794496303
184.889049	1787824908078108416	47.64461312067063	-122.14019490493695	117.6205129022237	9.973449839266795	-0.0258627331151523	0.01022181490357352
185.004279	1787824908192108032	47.64460205287904	-122.14014638439082	114.95591213693531	9.98284195781679	-0.040293562540266524	0.025493275327072035
185.091551	1787824908279108352	47.64461700138672	-122.14015259470156	118.60725183251326	10.004627780909006	0.0701983799935251	0.03702007495807813
185.216432	1787824908405108224	47.64462059023249	-122.1401529868895	114.25084635845616	9.93270730552872	0.016988876673946853	-0.05372152841297484
185.303168	1787824908492108032	47.64465504791695	-122.14017630349923	112.38989375242664	9.908943291313022	0.021990618915830297	0.052235054992953604
185.401260	1787824908588108288	47.64465677701538	-122.14014555077993	116.48480013143522	10.003173195112556	-0.05099305517652402	0.03409779494196495
185.505532	1787824908693108224	47.644698258683746	-122.14015574439766	117.36218170534613	9.995075549673302	-0.017797540577752652	-0.08608957373806997
185.598612	1787824908786108160	47.644651764809005	-122.14014786169145	118.51528301856199	10.034544967961432	0.0832596455641155	-0.012126552041800081
185.702391	1787824908891108352	47.644667928366296	-122.14016235180193	116.52677347906518	9.969971546056819	0.09655732371552878	-0.009519363450343588
185.801981	1787824908990108160	47.64469887547629	-122.14015280784763	117.00643101290429	9.981648858760636	0.012361824533181447	0.004328680205312573
185.894095	1787824909083108096	47.64466871128076	-122.14014177215105	117.66574261289367	9.923961231597499	0.05537523158490587	-0.032945952827277906
185.999768	1787824909188108288	47.644717234909315	-122.14013873337822	117.88258089014015	10.020628131994899	0.05084956331606891	0.009661992721481232
186.089939	1787824909278108160	47.64471966653489	-122.14016242439708	115.76076200460108	10.034065405179044	0.0008787342748513682	-0.03181119713709807
186.200368	1787824909389108224	47.64473466137351	-122.14013502806952	118.15898158480998	9.948142636551685	0.004796331439565354	0.013308560316098167
186.293528	1787824909482108160	47.644756455457056	-122.1401798443602	118.01332498531748	9.898572018658374	0.04352187206160975	0.03445658044141766
186.394996	1787824909584108032	47.64473917762296	-122.1401538703066	112.5596764641671	9.934798628801417	-0.03231618835298074	-0.06886921466584509
186.501430	1787824909689108224	47.64475563926175	-122.14017604881634	118.34615160612815	9.946515938736708	-0.058392810650051086	0.010439298607460372
186.590805	1787824909779108352	47.6447645261442	-122.14015454432082	117.44509645702571	9.844114747008732	-0.07952247524323962	-0.047189554235211456
186.688185	1787824909875108352	47.644768647342296	-122.14016268803819	118.26575485194114	9.96715115855809	-0.0524588557028518	0.05266999700145713
186.803747	1787824909992108032	47.64478594635021	-122.14015360850485	116.34229860972928	10.003177548462105	-0.041604973591501254	-0.057609823692383294
186.896461	1787824910085108224	47.644772444766495	-122.14013784954345	116.25279204038961	9.996852130531282	-0.07740104447175461	0.04014275892070665
187.006720	1787824910196108032	47.644840533425025	-122.14018527292643	117.5133212137152	10.011273092771383	-0.001803401157820852	-0.017245112983066
187.096049	1787824910283108352	47.64482402856699	-122.14015425292627	118.36228697542897	10.09169552859159	-0.0018495441999191308	0.01374636256966169
187.200721	1787824910388108288	47.64482690423673	-122.1401753285435	115.36553473920185	10.002112611779928	-0.011270037212256147	0.02321676530222032
187.299957	1787824910487108352	47.64483827211681	-122.14017780008207	118.10041455960423	10.023476762526279	-0.13247192499588809	0.011157887922875346
187.392632	1787824910580108288	47.6448169064098	-122.14015842544575	118.98371601460133	10.00112332346226	-0.07368183290271767	-0.0112123765881776
187.505528	1787824910694108160	47.644824150120265	-122.14017754252619	119.1044133992139	9.972098802913802	0.027288342999476512	0.013364247436122337
187.609553	1787824910799108352	47.6448746959885	-122.14018089896524	122.51665914342347	10.030834375180048	0.0387111113318062	-0.07776565720041481
187.688195	1787824910877108224	47.64482186472485	-122.1401327662909	119.96501464874264	9.987755996999903	-0.06134754894189162	-0.04677825839326671
187.805453	1787824910994108160	47.644861399224226	-122.14016061345832	116.69681629787648	9.924476681185702	0.04111844017828175	0.029311946430304305
187.906598	1787824911096108288	47.64485916234643	-122.140168287213	114.75175279342588	10.037257046188959	0.020206671353696127	0.006580322243095295
187.986271	1787824911174108160	47.6448811029239	-122.14017496272808	116.83587129576942	10.063458371965913	-0.018202737328139658	-0.0005804420023619339
188.104475	1787824911291108096	47.64488895037005	-122.14017850226188	116.80473922623635	9.940395374728576	0.03697272532019998	0.06804027854728638
188.196406	1787824911384108288	47.644899626982756	-122.1401715911697	118.57066655940896	9.952833644386569	0.04833579640388672	-0.022097796876178372
188.306693	1787824911495108096	47.64493021991527	-122.14011583719291	115.44892889842583	9.881379130928016	-0.04494234169630479	-0.040957811942500554
188.394894	1787824911582108160	47.64491898722506	-122.14013483406686	117.62635286083481	10.037042767975956	-0.048357574279180526	0.031951949438807976
188.491703	1787824911681108224	47.64492742046185	-122.14014286968447	111.14283982362048	9.901601120050003	-0.0550843949564733	-0.01356852805402243
188.615265	1787824911804108032	47.64494230159626	-122.1401791284785	116.84542598517126	9.984860349632465	-0.03165995271630328	0.05498272193499949
188.696818	1787824911885108224	47.644936893992664	-122.14016304128383	116.50435479985919	10.024414620422725	0.013804290775679892	-0.06891257365884483
188.791437	1787824911978108160	47.64497216616455	-122.14018593006935	118.24807241554713	9.977672614117676	-0.04082142538515035	-0.01682740810504338
188.897099	1787824912086108160	47.64496293904516	-122.14020206289912	121.88766251411265	10.052893876978798	-0.021021941564861646	0.014765675756524311
188.997074	1787824912185108224	47.6449468933849	-122.14019556117528	117.2160510681736	9.987989973459117	-0.0006053280287476315	0.008987065510446602
189.102474	1787824912290108160	47.64497033462505	-122.14016729761772	118.53595852942458	9.986586848918735	0.03568987262155445	-0.028345405886449605
189.194710	1787824912383108096	47.644971703192795	-122.14015229245933	109.5508810535988	9.984410520379946	0.016855668415352472	0.04433344252823215
189.293764	1787824912482108160	47.64500838811784	-122.14015405182681	118.74054392187746	10.01276614691535	-0.015638523541543364	0.0915612914297452
189.411582	1787824912599108096	47.64499072486522	-122.14016334453525	118.42984220216496	10.040959423363516	0.09484127422272738	0.10091513057992721
189.501438	1787824912689108224	47.645033102180776	-122.14020457005209	113.71942027508761	9.9452838732521	-0.07782566680111347	0.026968276231921898
189.594118	1787824912782108416	47.645033113133145	-122.1401838360235	118.55898310331924	9.997990466981241	0.025414013284139406	0.06642459826026807
189.703503	1787824912893108224	47.64503884475871	-122.1401653370043	120.8256067907899	9.958275159231865	0.049611855581542984	0.0738960573614898
189.803921	1787824912992108032	47.64504990455028	-122.14016879012989	116.82759084648717	10.060287331186016	0.066858791845654	-0.027346678744772014
189.904704	1787824913094108160	47.64507628389012	-122.14020898925273	122.28227853147247	10.050819544169782	0.0396513327268854	0.034023423035821454
189.983973	1787824913172108288	47.64506430731118	-122.14013318316896	116.14489433873281	10.051238979191032	0.08409848133068751	-0.013406352693810873
190.100423	1787824913289108224	47.64506255251535	-122.14016051240431	115.82322965409183	9.956619354748574	-0.11888597002095035	-0.027135327696238182
190.191123	1787824913379108096	47.64508910791403	-122.14017693455536	117.99915601322463	10.033687261634174	-0.06630896776139561	-0.00824061632409635
190.295590	1787824913484108288	47.64510103725566	-122.14015193745081	121.0812475015702	9.956295697976786	0.10059036277361491	-0.03322340173406455
190.408845	1787824913598108416	47.64507529763186	-122.14017210302343	116.79351057254476	9.972892711375433	0.0034958224222551796	0.09750558623255093
190.496604	1787824913685108224	47.64509775748459	-122.14018076323853	118.35368967067286	9.9670361800321	0.06347182158276508	0.018061542516679352
190.598100	1787824913787108096	47.6451145327096	-122.14015928738787	114.25671157045377	10.060750210748651	0.05010958953249365	0.0385351084590528
190.710147	1787824913898108160	47.64512199605244	-122.14016130432864	113.72167246156245	10.100259130617168	0.013241618375133083	-0.0733547380427678
190.794767	1787824913982108160	47.64514151322989	-122.14019877740962	118.25377955116203	9.988400925404008	-0.00947235400675568	0.051213171113205426
190.895881	1787824914084108032	47.64511740269325	-122.14014538610793	117.89832578265923	10.045548571897545	-0.019360116571534136	-0.07025927303246253
191.003286	1787824914192108032	47.64516689472239	-122.14015976616163	113.38654739292171	10.010679378939471	-0.013725781992129309	-0.001970606477631516
191.087493	1787824914276108288	47.645180066067994	-122.14013909488834	116.01560352508415	10.038734752916245	0.04039322172989657	-0.03322644368541565
191.211850	1787824914399108096	47.645171493902694	-122.14016219497412	114.16501578016799	9.98918914497173	-0.05074196437805159	-0.015050575564128544
191.298373	1787824914486108416	47.645159633429245	-122.14015940878593	114.68447641997759	9.979016118655718	-0.045409863366418085	-0.017851330389115336
191.395241	1787824914582108160	47.64521910494358	-122.14018858534358	114.680003239512	10.026505819711886	0.04367713692980921	-0.020052983123416454
191.497695	1787824914687108352	47.645193869965865	-122.14015131500969	120.77670990594761	9.999150080086231	-0.005529495977018937	-0.052280334436562804
191.600341	1787824914789108224	47.64521916930986	-122.1401522042517	113.43302488569446	10.019993034628419	0.032676968763734326	0.02249184907297215
191.702403	1787824914891108352	47.6452234314364	-122.14016182722465	117.22854498570844	9.948772674528433	0.062163740102083025	0.059026409350973225
191.799152	1787824914987108352	47.645216368408974	-122.14015856680298	115.6688304896002	10.077873562884184	-0.025284010133285115	-0.0293795150670236
191.901966	1787824915089108224	47.64524355320495	-122.14013924164684	115.1511150921332	9.96428640834422	0.034323565269676455	0.03251352256338214
192.000168	1787824915188108288	47.64523565902591	-122.1401838101093	119.11697632934901	10.041298299877486	-0.023893998047648465	0.06945824558338319
192.109299	1787824915296108288	47.64523824866375	-122.14016445588429	122.85634915804584	9.97527543448235	0.029459306391963504	0.055735006823456716
192.199235	1787824915386108160	47.64524427940179	-122.14016070806974	116.08675818010614	10.072550859680183	0.03717869104857133	0.04802104753603382
192.297264	1787824915485108224	47.64527703045968	-122.14017004986829	115.88850077607005	9.96042952925611	0.057575892288857525	-0.05746381613577239
192.401585	1787824915590108160	47.645265787465675	-122.14017297770047	113.56846131137398	9.91326063844854	-0.01385482123578232	0.026212615591190643
192.513270	1787824915701108224	47.6452972953381	-122.14016028171919	119.76013364623415	10.01927900110549	0.02651159362215588	0.010710569309351312
192.605340	1787824915794108160	47.645307680428544	-122.14016186990189	118.31624439711418	9.964362308478602	0.024875360647532402	0.005964877229208094
192.705231	1787824915893108224	47.6453092936916	-122.14015660053121	119.44930190503239	9.916014423991042	-0.0857642487348523	0.04623216151673504
192.801095	1787824915989108224	47.64529303510741	-122.14017683819858	119.70356593399691	10.08942128887448	-0.006089432301693826	-0.017217762734613656
192.896083	1787824916085108224	47.64531221538539	-122.14016518223143	123.3437453112989	9.989330985711392	0.016491794853437533	0.022025105212722922
193.001500	1787824916190108416	47.64532907829192	-122.14016101499065	118.2193900816286	9.974041253649425	-0.07281198092118522	0.00040040705580526295
193.105756	1787824916295108352	47.645306460745175	-122.14015049540603	118.46762904079054	10.02689735418533	0.10805253101659035	-0.03761407826707259
193.193730	1787824916382108160	47.64535760561264	-122.14020381194976	119.5930576627093	9.956908950940168	-0.004084718826469501	-0.047290252203851045
193.302514	1787824916490108160	47.64535560878976	-122.14017586277906	116.76539293129795	9.966491917581864	-0.0016421937570771606	0.07327298356171745
193.398415	1787824916586108160	47.64537240986989	-122.14019763283117	113.71667534672861	9.997422171463667	0.00554052948845689	-0.034365747123423586
193.503744	1787824916691108352	47.64539305704323	-122.14020409883963	117.88034872617996	9.953614654292082	0.06336886615446417	-0.07754978299799971
193.607672	1787824916796108288	47.64539515589485	-122.14014106682176	119.22211170332295	9.96285422127114	-0.07778560423176709	0.03872706747886526
193.706976	1787824916895108096	47.64541352410415	-122.14016954471957	120.04465032852883	10.019122159527985	0.02143174079993171	-0.02175461622693986
193.804758	1787824916994108160	47.6454272464031	-122.14018447535571	114.85021182347508	10.064078313170919	-0.10033851679804094	-0.033833515478111614
193.903798	1787824917093108224	47.64540613825337	-122.14016722298312	118.18615402891042	9.972961777028726	-0.08404690672270639	-0.03295773910648472
193.994360	1787824917183108096	47.645435326863	-122.14015896421184	115.26723035307839	9.919847893795007	0.0040514967023883505	-0.049331081151595346
194.095753	1787824917285107968	47.64542344915224	-122.14016280411892	117.26570182064437	9.993106121674801	-0.0611734899181792	0.03198509439459988
194.187923	1787824917375108352	47.64541990026148	-122.14013788765547	114.3679483134148	9.949367115383163	-0.008776037864754779	0.007370400967084989
194.298434	1787824917486108416	47.645437627806515	-122.14016106185515	114.37609604009317	9.977800321865118	0.02942516498546517	-0.05995153969058198
194.400277	1787824917588108288	47.645472065338595	-122.14016123655831	120.41562097441422	10.011896234122743	-0.05302412206064642	-0.04602730700265731
194.494924	1787824917684108288	47.645477887001995	-122.14014249396807	115.6460325175354	9.978063672848096	-0.041865432654888256	-0.06627937380097486
194.594687	1787824917783108352	47.645485840870435	-122.14012085221985	115.49931388360596	9.943225936632965	-0.02060977970306794	0.029065841815761634
194.703256	1787824917891108352	47.64548018966121	-122.14016956816728	119.62449380109004	10.023476614254474	0.13261557374444116	-0.044131610084516014
194.799749	1787824917987108352	47.6454840287712	-122.14013564806532	113.72696506345395	9.993957533808073	-0.032222265592962866	0.0657293987539964
194.899425	1787824918086108160	47.64549332675711	-122.1401863956759	116.89329812682742	9.93803874192803	-0.011234889935555444	0.06284559902948811
194.997814	1787824918185108224	47.64553079970911	-122.14015992990478	119.98758248751774	10.010344692845768	-0.09203046743060872	0.004798424985613499
195.099826	1787824918287108096	47.64553916650333	-122.14012542393239	118.42801531071785	10.058541606975613	0.05111583469438674	0.033059923984870586
195.196305	1787824918383108096	47.64554953083046	-122.14015378239088	116.34210477578628	10.054597702286951	0.08031549419028453	-0.08598714501753452
195.306765	1787824918494108160	47.64552508041277	-122.14016616054664	115.5694133466648	9.978683559927486	-0.05046326792183703	0.1062718920327047
195.394434	1787824918581107968	47.645564335282195	-122.1401227983243	117.08445231282316	9.991959941675058	0.018949396624754984	-0.031660618691173384
195.509172	1787824918698108160	47.64553299771189	-122.14015414816737	114.97205387894384	10.125897529283048	-0.024928139545607596	0.08227930225463397
195.605180	1787824918794108160	47.645561588096996	-122.1401639865789	116.95549885335926	10.068336586238965	-0.08738369400044127	-0.03881381194578262
195.693382	1787824918881108224	47.645554059267575	-122.14017900891304	119.0789428782845	9.997217686301914	-0.07360561060443853	-0.07971773027456924
195.803460	1787824918992108032	47.64558446644442	-122.14015639688917	114.32969088101602	9.949397216774054	-0.045276903395996645	-0.04894639868765202
195.898323	1787824919085108224	47.645587296892685	-122.14017394857957	117.80890453102847	9.970602833369805	-0.0324794225592186	0.027304123083514705
196.005310	1787824919193108224	47.64562615163907	-122.14020241526966	115.34862392761639	10.076110131700766	-0.006660418516121602	0.07551415025975959
196.103677	1787824919292108288	47.64561425983725	-122.14016479914889	115.05833858161247	10.049757225051533	-0.07568664768231549	0.04615069835817258
196.193360	1787824919382108160	47.645629498129225	-122.14018601663236	117.85791331893552	10.054641377909636	0.1339586811515698	0.014939776884633108
196.302226	1787824919490108160	47.64561431964792	-122.14015979490856	117.31114424514465	9.972927930350835	0.10450055558216337	0.04923862676421664
196.397234	1787824919586108160	47.645637142869475	-122.1401502069588	119.06847718558542	10.176686014927103	-0.013549231651646568	0.03453935934335938
196.511093	1787824919700108288	47.64565764616317	-122.14019287229894	116.27023649380591	9.970362223120347	0.053538993596313894	0.018590044037875394
196.604016	1787824919793108224	47.64564683091208	-122.14017059126722	118.88901637151596	10.009473546224015	0.007863375215594002	0.04086456808395057
196.708305	1787824919895108096	47.645658887686274	-122.14016366252585	114.94061440212256	9.98911406474143	-0.044589847880005265	0.053362583853216454
196.805336	1787824919994108160	47.645635316820695	-122.14017154221371	120.8777029313222	9.92486682831198	0.07289046358360705	0.02512152830759991
196.917988	1787824920105108224	47.64570302316506	-122.14018901219956	111.95348929028611	9.967017458450675	0.06947125694011022	0.012469385482711893
196.999454	1787824920186108160	47.64568471001494	-122.14014427390133	117.44069343881785	9.96306546109101	-0.02761159241162329	-0.024438921726794408
197.101823	1787824920291108096	47.645675126613725	-122.14015253311891	116.5477159798518	10.100498963246903	0.04188905701224174	0.008679197042812618
197.202564	1787824920390108160	47.64572055149238	-122.14017619233928	119.13240167585599	10.011308192709	-0.009870412784171959	-0.0588759664789409
197.299946	1787824920489108224	47.64574361161904	-122.14020809210598	120.56709532388722	10.006358663459704	0.007139612249697409	-0.046621089799456866
197.406706	1787824920594108160	47.64574831978738	-122.14016045079414	119.3684950207361	10.093545853121453	-0.0021935987031352078	-0.017006880165727673
197.495632	1787824920684108288	47.645774339921196	-122.14012307170401	118.03900820285158	9.95045702582362	0.03829572755953883	-0.033106099144739796
197.605415	1787824920792108288	47.645734304411754	-122.14016595615853	116.34960858965282	10.013588791815343	-0.0707729634060488	0.10237878823119638
197.701600	1787824920891108352	47.645768603415064	-122.14014325664895	117.93328260949646	10.03380333023951	4.554580802547645e-05	-0.003242558255198002
197.798293	1787824920987108352	47.64575360736543	-122.14013105913574	115.36354445490325	9.93786585903737	-0.03013222304151439	-0.04764391151063582
197.894359	1787824921083108096	47.64575519531391	-122.14016612335247	117.14262460931114	10.007248952197948	0.016371149414247988	-0.05720039405483686
197.987149	1787824921176108032	47.64577548440895	-122.14014070472565	112.52694641995707	10.02189878031594	-0.022365527067721023	0.005510431847773698
198.098692	1787824921287108096	47.64577486525346	-122.14020769415559	118.1063356916006	9.998213500896563	0.03461011181814529	0.08714714203590257
198.206071	1787824921395108096	47.645782272247224	-122.14016603043392	114.5325394659786	10.122484606138169	-0.08450524755818843	0.08904284028543186
198.302008	1787824921491108096	47.64581446954633	-122.1401415849401	119.88873748393937	10.027955287410043	-0.04408618359642588	-0.010030405800176919
198.401028	1787824921590108160	47.64582584046125	-122.14018265576755	115.02038837570494	10.044693508142942	-0.02299826678845698	0.035975394472513085
198.508077	1787824921695108096	47.64584534576497	-122.1401821063177	116.55600899700646	10.080621907799612	-0.028857569847968147	0.026293385737570493
198.596512	1787824921785107968	47.64585353538385	-122.14019086390948	114.9069336876257	10.123390051229045	0.026445143052223764	-0.00828656056042283
198.692261	1787824921881108224	47.645851216047056	-122.14017532111959	114.93876146917363	9.99585471054953	0.028423922733689228	-0.08445057946114158
198.794055	1787824921983108352	47.64585208583357	-122.14017231491651	119.87341019117754	10.075923308408477	-0.007905161372995618	0.04608390164505146
198.910023	1787824922097108224	47.64586181412432	-122.1401749471947	114.68594988114708	10.047706829810872	0.06389306143905166	-0.009327287587656606
198.995260	1787824922184108288	47.64587341136321	-122.14015941529104	119.77828108176651	10.034653547882455	0.056841117639699804	0.03770832066180868
199.095947	1787824922283108352	47.64587831518141	-122.1401900689578	114.93622261427205	10.018057479822344	0.010870463140197198	0.07388791238479378
199.191948	1787824922379108096	47.64591318920129	-122.14014332474477	119.1024035015273	10.022808330359544	0.040528233843464274	0.033197531695319
199.299033	1787824922487108352	47.64591943856341	-122.14016221244079	119.8307599791208	9.975235673746353	-0.031875073544055936	-0.036558008812370445
199.401905	1787824922589108224	47.64591090339236	-122.14018136159478	115.12214510178313	9.992676684311384	-0.04089412279626871	0.05402458901621924
199.499059	1787824922688108288	47.64592136051171	-122.14013098006693	115.45030636805433	9.962102683659158	-0.05338702527622226	0.018293973075747327
199.598764	1787824922787108096	47.64594349184668	-122.14019618685333	119.9190575412004	9.957578460317526	0.06772943517575365	0.03927267699278607
199.702512	1787824922892108288	47.64594343893224	-122.14019743280458	115.93835242979877	9.988530544966808	0.008255328777724159	-0.029833448347983058
199.800092	1787824922988108032	47.645959471585975	-122.14015276075204	118.59877826495524	9.960968560412839	0.030205262764142995	0.024466808708058084
199.890948	1787824923078108416	47.645966125670384	-122.14011682606764	118.34603734831407	9.975463827151392	0.06777232225713052	0.001695789763746266
200.004143	1787824923192108032	47.64594692691333	-122.14018057482232	107.75016951769123	9.944139945169185	0.012337459958876574	-0.10601632271134905
200.093126	1787824923282108416	47.64596597079402	-122.14018130684255	112.60420322691438	9.976378200428327	0.01547042863010728	-0.02785507972711404
200.199817	1787824923387108096	47.64599218846089	-122.1401628710127	119.68318184695381	9.998025028096235	-0.03580305654824591	0.00048677377425713505
200.298672	1787824923486108416	47.6459914853453	-122.14015986714391	120.22619748135315	10.109440740393788	-0.003676310223467043	-0.018651376009134912
200.401803	1787824923591108352	47.64602094642928	-122.1401797218055	115.00935457671802	9.965037936071688	0.08777578911718004	0.005970972033195431
200.510147	1787824923699108096	47.64600576150299	-122.14022225052832	117.95662168157322	9.980158006387187	-0.007068004594257928	0.02659846851576349
200.587950	1787824923777108224	47.646035333661274	-122.14017796922272	117.91970060231401	9.909419507748757	0.03218114054183998	-0.06685950001767063
200.701003	1787824923888108288	47.64604012868893	-122.14017193630087	117.05322594662395	10.019050506779873	0.08995930733618587	-0.06722451876502941
200.818263	1787824924005108224	47.646019542208144	-122.14013538148869	119.76776660662156	9.924977012085623	0.023211044603659647	-0.050943218322071986
200.894770	1787824924083108096	47.64606964082817	-122.14020148890305	114.71688350128797	10.007751293341872	0.006957768699303285	-0.0623945619385922
201.001212	1787824924188108288	47.646060646459446	-122.1401837438551	116.06235290797666	9.91574761306137	0.014625658411923557	-0.028372749450593256
201.098764	1787824924287108096	47.6460713694405	-122.14018795936336	120.21665130093474	10.044468970416549	0.008707316090045988	0.0437142082382359
201.201682	1787824924389108224	47.64606899556954	-122.14015744822485	115.79437068170327	10.0026398052169	-0.03209269232195439	-0.04234582204963906
201.302236	1787824924491108096	47.64607950846835	-122.14016438291115	122.11367712538267	10.101555509369511	0.012964593555502283	0.04805308819500473
201.405912	1787824924593108224	47.64608540427107	-122.14016932387796	115.87550348470226	10.042924890438545	0.04263103856058332	-0.09204133462040015
201.513900	1787824924701108224	47.646122498397474	-122.14018343301814	118.35161759542429	9.996388654033987	0.027420795265223053	0.0048370809747292675
201.603474	1787824924791108096	47.64608067994123	-122.14017562889813	115.70369396069889	9.949534216368367	-0.027921705645027075	-0.15372165607414903
201.700239	1787824924887108096	47.64613915097395	-122.14017597243003	119.6953099634352	9.981578642672147	0.05259825031660098	-0.04317364650554054
201.786737	1787824924974108160	47.646132992368756	-122.14015387460687	117.29710591232777	9.928258678390078	0.028630527080883452	-0.0013764546811441585
201.902080	1787824925091108352	47.6461360955345	-122.14017991512156	111.9848308429799	10.032461359678845	-0.0491005675157513	-0.03568269523991443
202.000524	1787824925190108416	47.64614275625844	-122.1401818282358	119.29351467391523	9.942976099584277	-0.10325192870794904	-0.030179794605605232
202.097495	1787824925286108160	47.64614036227192	-122.14017452937556	118.39958800420952	9.89710726369946	0.030946452667889424	-0.008762116217701945
202.204644	1787824925394108416	47.646157805751415	-122.14019529263011	119.5858009319963	9.979681835395528	-0.01692202068681153	-0.0798091023939208
202.304187	1787824925493108224	47.646158911503726	-122.14018920226849	116.76064408538333	9.880878029150571	-0.02412355642838498	0.04777650064675
202.395922	1787824925583108096	47.64617011525338	-122.14015562854988	117.14790706626269	9.887763071767703	-0.02130527442098859	-0.021817248854733934
202.506411	1787824925694108160	47.646185916423235	-122.14019855251296	120.28266913437872	9.988198778390444	0.0057102180777779945	-0.0071199617473090065
202.603017	1787824925790108160	47.64617332357362	-122.14016849832515	119.9999905268491	10.079181724253745	0.10804747490133929	-0.029056551965984913
202.704441	1787824925892108288	47.64618690674296	-122.1401766370909	118.19718135282345	10.100060892604409	0.027617968586021304	-0.0730819403808964
202.791334	1787824925979108096	47.64624580265532	-122.14013074674988	118.28926232811492	10.034564403616056	0.0461954581215136	0.041298069535237
202.898136	1787824926087108096	47.64619971054034	-122.14019191699883	115.01490909642433	9.987814670522289	0.05728997301291771	-0.026657062951292484
203.008982	1787824926198108160	47.64623561766271	-122.14017922860184	117.68605367067995	10.00862957756909	0.11438480430827813	0.003094985314913795
203.098639	1787824926288108032	47.64625143156581	-122.14015029806079	116.94096232738538	9.9339508561214	0.06277028132231942	-0.046296749426468366
203.199361	1787824926387108096	47.64624633467728	-122.14015580268479	112.14116208564361	10.105382517308726	0.0009846255032542014	-0.009517653657099664
203.296650	1787824926486108416	47.646285066599035	-122.14019594797641	118.09568870501623	10.006754712789931	-0.05473728211134027	-0.07659028303918103
203.400779	1787824926588108288	47.64623820217795	-122.14018883618756	111.95159857165866	10.014849326883269	-0.01780500593528591	-0.03364273081703138
203.490303	1787824926678108160	47.64627778541847	-122.14019950759511	116.52532598233371	10.017891300807797	0.0338820728809911	-0.017162152280466494
203.601613	1787824926789108224	47.64626385977558	-122.14019072865251	122.12289644835461	9.995243328049824	-0.04415177031709169	0.01345626407602061
203.690491	1787824926879108096	47.646300781953904	-122.14016774770391	116.43642131888136	10.065891308324215	0.015660124721636273	-0.017895777698756606
203.805933	1787824926993108224	47.64629510802405	-122.1401488987244	116.2178224887462	10.044564346490514	-0.009389012327853642	-0.030285568577922833
203.898949	1787824927086108160	47.64633556886666	-122.14018784662014	117.93020572639305	9.985490774818873	-0.028353724503077993	0.0847466505897091
203.994028	1787824927182108160	47.64631087469597	-122.14020177556255	112.47325601132339	9.988654401520606	0.012410283431277513	0.02396734486112474
204.103733	1787824927293108224	47.646326287237585	-122.14019243207181	114.8759787066317	9.985641689908835	-0.06648151631787888	0.0014608300734203464
204.205994	1787824927395108096	47.64633845711334	-122.14016233797852	115.98299815998922	9.990028117074681	0.0002610404730714955	-0.026996648872065057
204.295404	1787824927482108160	47.64632546824978	-122.14015317373268	116.02008278918144	9.93348233566956	-0.04725024667918837	0.015676921016864315
204.403702	1787824927593108224	47.64638209879825	-122.14017881360762	114.60454751158383	10.0583394764776	-0.005171075283494927	-0.019171516808621468
204.503119	1787824927692108032	47.646367379428916	-122.14013988864735	120.72098189230108	10.035644125155049	0.011172085931557931	0.0437658065654864
204.596906	1787824927785107968	47.646376885706175	-122.14013347650132	121.23593223968349	9.985677503315497	-0.06343326998593396	-0.035609264397558425
204.702710	1787824927890108160	47.646391663240514	-122.14018546145701	117.14661754875641	10.101621218360526	0.04298890388193044	0.03653125843767658
204.794736	1787824927983108352	47.646424738868554	-122.14018819035634	116.99701509417923	10.01016434479497	-0.048957108995399096	0.025959446831387248
204.903027	1787824928091108352	47.646386249651826	-122.14018578447175	118.79201565633275	9.974096472251407	0.05266346275459708	-0.016324121528497167
205.007867	1787824928196108032	47.646432027285506	-122.14017336322806	116.20982911578852	9.96528181958057	0.0320422035001516	-0.05448631241023233
205.095576	1787824928283108352	47.6464160454297	-122.14019292862805	118.53643035511323	9.97452070825153	-0.1253771259648392	0.03778318525744338
205.199073	1787824928388108288	47.64641155802266	-122.14014121666804	118.9170448088442	10.00969684085788	0.06451035834118599	-0.017132639577417723
205.300767	1787824928490108160	47.6464259649261	-122.14016537858691	116.55641824288523	10.040258796779808	0.008188625645944738	0.02639055158244691
205.415173	1787824928604108032	47.64643750541821	-122.14015314158743	118.94975931390493	9.950509394116873	-0.048300057087134765	-0.023183214412172245
205.493686	1787824928682108160	47.64646663453442	-122.14016104450212	117.01189931205226	9.913657632922297	-0.06150523369864124	0.0105773523872136
205.603749	1787824928793108224	47.64644254981362	-122.14016293246792	114.8271693816311	9.959168157515277	0.010964924045991819	0.03468840355039317
205.702452	1787824928889108224	47.646453344020564	-122.1401284352595	118.30891039812802	10.051149878207935	0.043107592407753144	0.015607412302530106
205.794159	1787824928982108160	47.646467816168965	-122.14014465805691	117.59802249312571	9.98683758907489	-0.05985423360505753	0.05677189037160862
205.904072	1787824929093108224	47.646504816153815	-122.14017619716334	117.26843848402483	10.032303838527703	-0.016751392487337945	0.044313164928116974
205.990674	1787824929180108288	47.646481625546414	-122.14015649848655	118.51789456024864	10.05598148623039	0.05512593872058871	0.06677601094155279
206.101291	1787824929288108032	47.64650643105261	-122.14015328098606	113.37246635171383	9.868193854518687	0.11589821878363665	-0.015115616594082448
206.208586	1787824929396108032	47.6465139549886	-122.14015254795237	117.17936273634557	10.034070555650999	0.027010186082691956	-0.05555673529552964
206.294711	1787824929483108352	47.646531216751775	-122.14019353087367	122.16388062485436	10.016209206492917	0.03793652182772489	0.04472554760069267
206.411055	1787824929600108032	47.64653842367596	-122.140194574114	116.07678818839759	10.029826268796796	0.07181298039608304	0.02266121376066022
206.501822	1787824929690108416	47.64654924717433	-122.14018443865287	117.48594549816205	10.060893574941554	0.07545174547116001	0.03141115195498884
206.596434	1787824929783108352	47.6465642770317	-122.140160514561	117.9124344457734	10.000677600907457	0.08409264969014102	-0.018240155386872445
206.693986	1787824929882108160	47.64658953043935	-122.14012059227376	117.51062351531014	9.958433641690135	0.02989034124286967	-0.023712684303990046
206.813127	1787824930002108160	47.646591869360506	-122.14017283539162	118.63255924709837	9.97911486084532	-0.04874282328425641	-0.06591250066942739
206.902946	1787824930092108288	47.64660617357424	-122.14013089570825	119.56939578095697	10.070766326219493	-0.006408733829724369	0.012192266674756988
206.992363	1787824930179108096	47.64660404966544	-122.14020020620502	117.83516558386144	9.961313475152318	0.0023400507341936323	-0.011617203285352505
207.097048	1787824930284108288	47.64659353692775	-122.14015612462646	115.87051340702013	9.97522988168013	-0.03478644215825372	-0.07133652154601137
207.202976	1787824930392108288	47.64660356403265	-122.1401507837768	116.63411301253534	10.029004318098535	0.09440478308224626	0.09724565071320254
207.292361	1787824930479108096	47.64665366852625	-122.14020539722311	119.92058624063553	9.967700859496894	-0.04381902007256118	0.06871402827634648
207.404973	1787824930593108224	47.646645719417506	-122.1401522295904	117.38000109363828	9.955087491921264	0.11167549138367756	0.011263517445249355
207.505880	1787824930695108096	47.64664083619757	-122.1401580569915	119.96346734723909	10.021388962917024	0.02738877116269798	0.05283800018299559
207.609082	1787824930797108224	47.64665899986216	-122.14018716330297	121.27109180012586	10.016747290016877	-0.010698163465504361	0.03437133054638855
207.696634	1787824930884108288	47.646666336703476	-122.14017850006938	117.07783937903953	10.031836682012493	-0.02962767023025356	-0.010037886672475987
207.800893	1787824930989108224	47.646648654063775	-122.14014481518379	116.57024250698777	10.031074993771133	0.049938053142467936	0.01705075879646117
207.894023	1787824931082108160	47.64667888024325	-122.14016806113258	117.7692434671127	10.074273204630808	0.06567817028033805	-0.02671455818504589
207.993537	1787824931181108224	47.64669770271365	-122.14017647232244	114.01143562191703	10.038035301184708	-0.02718170552046628	0.0992200054711727
208.110610	1787824931298108160	47.646680049478675	-122.14014256635683	113.88333013796483	9.994838445630041	0.0098391360372617	-0.039662665292645276
208.191661	1787824931379108096	47.646715809898225	-122.1401494310707	116.67733058873618	10.01709194552581	0.024653086043745276	-0.02841216874892957
208.288536	1787824931478108160	47.646710332839476	-122.14019941254716	116.57642772678382	9.972367947404857	-0.06539862113616501	0.005644064831054599
208.394242	1787824931583108096	47.6467158511531	-122.14019193370544	115.68050253564701	9.979701673312265	0.014662959183789348	0.02145060162168265
208.510378	1787824931697108224	47.64672954039625	-122.1401717823987	112.37979623721874	10.0036251384073	0.04215235365119266	0.07197163243762209
208.601389	1787824931790108160	47.64674146322653	-122.14018404590917	118.75165197279404	10.032296596378016	-0.029199238365200133	0.036742341812511306
208.711390	1787824931898108160	47.64672789112217	-122.14013551359338	116.83485600466605	10.08548397891906	0.007028066524700454	-0.04930760862643496
208.798821	1787824931988108032	47.64677324443943	-122.14014417655439	123.27107299024144	9.98388301317121	-0.024251320116550075	0.04411176741269087
208.901809	1787824932090108160	47.64675098830067	-122.14014445791962	117.92807650494211	10.032931592340935	0.04680306759702813	0.10175144268444883
209.000990	1787824932189108224	47.646778018264435	-122.14020099969278	118.53033012128358	9.970354573522204	-0.022806637872824106	0.04609526529236058
209.104115	1787824932291108096	47.64676624795826	-122.14017659205997	118.07234987471719	10.039567786316788	-0.0044495564698298325	-0.010855989144935482
209.197711	1787824932387108096	47.64678284361047	-122.14018433835939	120.25018965627343	9.975040435220356	-0.0807191278383938	-0.07999293612999862
209.295160	1787824932483108352	47.64678758698486	-122.14014644804001	122.38863789952958	9.916398762923567	0.04809809728070389	0.060005677677179514
209.399677	1787824932588108288	47.64681578041674	-122.14016261907808	115.94749997852318	10.034917521784763	0.059770900691727524	-0.01934269419036058
209.506580	1787824932696108032	47.64681708119015	-122.14015014740356	117.13173072500685	10.017665278712537	0.08147248731314564	0.020471026199737404
209.596835	1787824932786108160	47.64683515194383	-122.14014777605023	117.78482607426014	9.933842411736698	0.050428912913205816	0.02056047810548461
209.707039	1787824932894108416	47.64682233337111	-122.14012360186908	115.62015275397258	10.037763868179768	0.022910345674376185	0.010534120030911318
209.800392	1787824932987108352	47.64686616672992	-122.14016198283545	115.79139229298151	9.971221180331229	-0.07482064136464237	-0.07448907788096742
209.885602	1787824933074108160	47.646860225782994	-122.14014231935913	119.47097576966993	10.075849920809533	-0.00871792592901333	-0.008516903728648812
209.997727	1787824933185108224	47.646845754525394	-122.14017660351429	120.99442422029855	9.956784805426418	-0.033680317131233616	0.053959201554556815
210.101118	1787824933290108160	47.64687109659109	-122.14018244350389	118.07245283013494	10.027447578924319	0.03933968406534048	-0.07884353487234136
210.197100	1787824933386108160	47.6468724907123	-122.14014810202892	120.03990499135011	10.08080227196699	-0.06456460572836886	0.0113284676724725
210.300515	1787824933488108032	47.646881450454046	-122.14012774284066	115.44378204912036	9.984744918452238	0.035680044477411035	0.03541425358886459
210.399988	1787824933587108096	47.64689061861213	-122.14015566361061	116.66296558791656	10.034107023330213	0.0673448329470318	-0.008162923663436367
210.505258	1787824933692108032	47.64690110420299	-122.14015495250543	119.1776789308787	9.987779586523317	0.006901003265050484	-0.06824527255098793
210.598121	1787824933785107968	47.64692611826305	-122.14015339682064	118.14043407875556	9.99956991000855	0.0510584371371013	0.0008421449306067482
210.689446	1787824933878108160	47.64691824563702	-122.14018062179746	118.49055505117585	9.979159980942544	-0.07026622050185458	0.003091082981736433
210.805212	1787824933992108032	47.64693835446315	-122.14015110269344	117.31056280372043	10.031620305690833	-0.06839535244492864	-0.028429745442944798
210.902157	1787824934091108352	47.646946246278574	-122.14018686304614	115.76953154065153	9.972478489745765	0.007339222551080557	0.030514080949376493
210.999233	1787824934187108352	47.646954802912234	-122.14018714160606	116.64970816277145	10.010283091295987	-0.01424511879054481	0.03344844205596128
211.112120	1787824934301108224	47.64696836912438	-122.14015618511985	116.73948747706517	10.013887288273484	-0.015189442246499289	-0.007236965169935635
211.195194	1787824934382108160	47.64697638302284	-122.14017607157629	121.09952751661083	9.993333757351035	0.08792034152137647	-0.025772708418970974
211.299303	1787824934487108352	47.64697444777887	-122.14013368463193	122.1978897281542	10.050363426136908	0.011580239669180297	-0.024961645369533065
211.393761	1787824934583108096	47.64697462565467	-122.14018824248286	116.09182564713964	10.06048555395834	-0.05223715523546607	-0.06565110364206764
211.493536	1787824934682108160	47.646995106950975	-122.14017292989911	118.7897165926808	10.018384312184512	0.017073802426135497	-0.0156975873556475
211.596815	1787824934784108288	47.647009490086745	-122.14016932380778	115.08936297666847	9.953827455544754	0.10182160487306068	0.01879362316818151
211.709984	1787824934898108160	47.647000042611054	-122.14018934196552	118.88558378891332	9.914588668595014	0.015690001436039932	0.013572255422768242
211.807069	1787824934994108160	47.64701787477205	-122.14015602250083	114.03958789595595	10.02303186582353	-0.030965193937521146	-0.008314389354520514
211.900821	1787824935090108160	47.647057100939385	-122.14020181688669	114.80183353953218	9.967979218699831	-0.1011605231471219	-0.015920505065980955
212.007300	1787824935195108096	47.64702806336181	-122.14019981449829	117.56386708790659	10.002942205232635	-0.07711173768543092	0.01199025611554115
212.097460	1787824935285107968	47.647050905883255	-122.14012844614305	118.9221602341767	9.933223638935239	0.02740490551940509	-0.07009893501453567
212.207761	1787824935396108032	47.64707683933976	-122.14014145013368	119.71329504441411	9.991369256640345	-0.01780405479318273	0.05536306413645407
212.306657	1787824935495108096	47.647070718274485	-122.14017109159542	113.21544681355364	9.981797978107062	-0.06772605307493834	0.058283298253640904
212.393925	1787824935582108160	47.64711710462769	-122.14020581137895	118.88554356605485	9.96451950164327	-0.04153898814826991	0.01865532745191148
212.499388	1787824935687108352	47.64707125180604	-122.14012136517081	113.4337833095993	10.042482582084785	-0.03168568890164901	0.062103795984203326
212.596414	1787824935783108352	47.647105685896975	-122.14016731352359	117.22358329079934	10.010523143148434	0.05784064219914625	-0.0977417770811212
212.699955	1787824935888108288	47.64712806624172	-122.14021163520566	112.67190475324463	9.945392661672736	0.06422851307927123	0.06423933479011484
212.796007	1787824935984108288	47.64712244348745	-122.14013542599042	113.06684195377241	10.09724938272739	0.004037560040273947	-0.06244470668026745
212.898660	1787824936086108160	47.64711391203409	-122.14018250200218	114.31312147060407	9.898676989850959	-0.07016758129696193	-0.05812921712605316
213.001712	1787824936191108352	47.647133192547535	-122.14016335040793	120.20513515665787	9.947640917952153	-0.12527995102776435	-0.028498270208204102
213.100946	1787824936290108160	47.64714421419986	-122.14014858082507	112.78246334471076	9.995809992344688	-0.03856516648589066	0.002688579183822964
213.206327	1787824936395108096	47.647154017422004	-122.14018564218473	120.01282926131697	9.997698894065074	-0.0089146892774962	0.03219475198413131
213.291059	1787824936479108096	47.647155410282316	-122.14019910565786	117.18430915977035	9.962280356753924	-0.02156309694898282	-0.042399021525915646
213.392047	1787824936581107968	47.64714881781914	-122.14015577015665	115.12878777782882	9.968525988021863	0.009174924827587756	-0.016871320031643676
213.494813	1787824936683108096	47.64717065869526	-122.14017510701474	112.63653136047918	10.00482699088173	0.02732981098542764	0.07572957806762845
213.604015	1787824936791108096	47.64717652277367	-122.14017210579742	116.14594717345682	10.082077354712805	-0.08922946069989879	0.056461603736984445
213.695346	1787824936884108288	47.64720363121214	-122.14019511114583	118.35703653696197	9.94161786369915	-0.014734344497359648	0.04469523328234554
213.793256	1787824936980108288	47.647205893856736	-122.14014011687875	120.07062083237713	9.973882984499726	0.14510528737322334	0.039665495872130654
213.895876	1787824937085108224	47.64718975070333	-122.14014421296213	121.71643870171454	9.974677882471317	-0.01309336974089018	0.01263800152920115
213.992898	1787824937181108224	47.647204684315476	-122.14017871289047	120.41225492653258	9.95579038075082	0.027772679523354268	-0.09169057286418615
214.105450	1787824937292108288	47.64723349259653	-122.14018454607567	120.53094045420623	10.034129452007466	0.02715895814186117	-0.027254999739407794
214.198194	1787824937385108224	47.64722680874403	-122.1401464823354	116.10155047895861	10.040029006765236	-0.01969482024092974	-0.018944488317686286
214.299609	1787824937487108352	47.64725935498906	-122.14020578367871	110.7726323220983	10.013358967890035	0.06919723276679517	0.02548148879713428
214.407675	1787824937595108352	47.64726098829819	-122.14017363528104	114.94114810883565	9.998341448853637	-0.068863561604718	-0.022289713263920274
214.500488	1787824937688108288	47.64728102335719	-122.14014287794859	119.50448741139942	9.916527853073116	0.038906647248309896	0.06360159274237358
214.606649	1787824937796108288	47.64729280426913	-122.1401466282493	121.5061172896209	10.006400979425804	-0.09641707783489653	-0.006770850500091233
214.705891	1787824937895108096	47.64728026636975	-122.14011170008672	119.21259119512136	10.071436328389643	-0.02400177859249308	-0.0046522977177473265
214.804661	1787824937994108160	47.64731418807173	-122.14014679960555	114.9636142872993	10.074436936755284	0.03877800875102291	0.01853701986508899
214.892155	1787824938081107968	47.64730925148851	-122.14017844648421	116.20537530721006	9.965265666562079	-0.012463687797649635	0.0757097415211205
214.995855	1787824938183108096	47.64731001690837	-122.1401652839469	118.83863906374168	9.954323427557911	0.015714375599867582	-0.04707359177539232
215.103912	1787824938291108096	47.64731166029434	-122.14015315346724	117.33962307597487	9.935612890937717	0.054698141393285896	-0.008629729697779078
215.190397	1787824938378108160	47.647335192160625	-122.1401537453973	119.75335698844256	9.958876108123672	-0.08943002253501782	0.05480767474425605
215.298272	1787824938486108416	47.64734883223145	-122.14016310255985	116.78436015517293	9.965174993368812	0.07401739384346769	0.03975004079778434
215.393665	1787824938582108160	47.647361960789226	-122.1401824617428	111.3453020016916	10.024582306460593	-0.06279891263161057	-0.015241280555139389
215.490034	1787824938678108160	47.64737060141996	-122.14016318319293	121.12782723967814	9.9831120469375	0.08135878210769609	0.025925982324562332
215.603675	1787824938792108288	47.64738695473557	-122.14017917323149	114.01741892012035	9.92046422953203	-0.0927271604788501	0.07376781896914525
215.692951	1787824938882108160	47.64737789341846	-122.14016458441114	115.74838138912925	10.019865797586572	0.002694197767987498	0.07663105736916896
215.795140	1787824938984108288	47.64741251164929	-122.14015400499147	122.9853941188738	10.026221214459223	-0.006229381088606228	-0.1070191023712759
215.896526	1787824939086108160	47.6473931789269	-122.14013491752594	117.94241237022914	9.96492624494197	-0.0741184663522737	0.0037365040059629457
215.989199	1787824939176108032	47.64740397254751	-122.14016248583175	115.44366614225785	10.083207979096521	-0.08108119154260325	-0.01483733394616656
216.099727	1787824939287108096	47.64742964030674	-122.1401756192292	115.30999897742672	10.075786711210409	0.08752744146524234	-0.06040545883706444
216.200778	1787824939389108224	47.64744037520685	-122.14017118845285	119.7548759649317	10.056204838783763	-0.0011354434986034691	-0.028904513877729295
216.286835	1787824939476108288	47.64744119256603	-122.1401589564706	117.11304758269569	10.018265607038117	-0.078249329925435	0.061164833180198996
216.403829	1787824939593108224	47.64744743572276	-122.1401805151552	114.7821624766664	10.02182791997953	0.028909160929889117	-0.02387086606445494
216.491163	1787824939680108288	47.64742905117677	-122.14022094388186	117.96221951567803	10.003567619029704	0.03829487373425077	-0.006031161736573128
216.596625	1787824939785107968	47.64747626840567	-122.14014875395394	114.53590490639665	10.144391911299474	0.003035959955840946	0.0315408242037283
216.702760	1787824939890108160	47.64746634544465	-122.14014954712778	119.05255034911312	10.035734184651156	0.025868067843362926	0.021052526241954278
216.796093	1787824939983108352	47.647476178838595	-122.14018970363755	120.58518908017842	9.995932401194668	0.10511498344630271	0.06215012829974405
216.896008	1787824940085108224	47.6474892241689	-122.14016132878405	115.30703007951408	10.092822049094929	-0.027502507574461096	0.024543279241196342
217.006524	1787824940196108032	47.6475108675481	-122.14013429364347	112.85973973352009	9.962939331513287	0.0332972211569145	-0.015809288062239926
217.098955	1787824940286108160	47.64750593187899	-122.14016392673544	120.09238882973659	9.974785980027791	0.03641894405837575	-0.025655159546995373
217.199060	1787824940388108288	47.64752156457543	-122.14013666910948	119.43931229566087	9.978614828322929	-0.0419292996298225	0.0665692488177707
217.307458	1787824940496108288	47.64751736194549	-122.1402099192205	115.41713313229242	9.942859194750536	0.005939860338245826	-0.030845613212857833
217.390807	1787824940580108288	47.64751601506031	-122.14018900243502	114.53395678901504	9.93972668835566	-0.026851760944322713	-0.04770972268214017
217.489323	1787824940676108032	47.647533746408946	-122.14016891859298	113.55439757365303	10.046215200547305	-0.0033163443529240417	0.039237174859632344
217.597616	1787824940787108096	47.64757131201231	-122.14015383026195	119.73943059233859	9.954610860098763	0.02270722189169476	-0.027283233580787
217.685063	1787824940874108416	47.6475469293984	-122.14015587855084	115.74436606423929	10.018962552410308	-0.010477163410733922	-0.006965494505355912
217.803031	1787824940991108096	47.64755756820645	-122.14013077849174	118.88401877083514	9.965439505527835	-0.06930327888618358	-0.04313952626781754
217.898664	1787824941087108096	47.64758355254868	-122.1401804251366	115.71966971473094	9.894784449662012	-0.06883544930976009	0.023381522667563534
217.992839	1787824941180108288	47.64757565503884	-122.14017437521228	116.9684058053466	10.037229563880501	0.01304283156802775	0.037233981142833356
218.101779	1787824941291108096	47.64758420146659	-122.14017056118645	112.74706660654458	10.018353606645682	0.035462844372108906	0.016314639156152423
218.186624	1787824941375108352	47.647593689437514	-122.14017259896603	117.7533906224385	10.072416626598523	-0.024335022203244402	0.0013420287853726422
218.306333	1787824941495108096	47.64760261183451	-122.14017055881928	117.16530372263645	9.95385505492716	0.07035305847244532	0.118243308363047
218.392355	1787824941579108352	47.647605606273565	-122.14016250733098	117.47684241043565	10.014282228003923	0.10212617102645219	-0.040730131817968154
218.501582	1787824941690108416	47.647656189036105	-122.1401849473987	116.45982381980865	10.008030629561562	-0.016485614574389903	0.0093002380604568
218.594294	1787824941783108352	47.64764527822666	-122.14013247207383	119.13587684462493	9.940218824159432	0.0784144757480173	-0.06438511912408357
218.700822	1787824941888108288	47.64761576541265	-122.14016983462317	120.65696570030961	10.010737212775526	0.012084026466855965	-0.0027723531904955616
218.791370	1787824941978108160	47.64766082982163	-122.14018151333907	117.14464109050562	9.98044640906062	-0.024295596567980013	-0.005304720203159568
218.902861	1787824942092108288	47.6476561741166	-122.14013439151941	116.60542092213274	9.998686299834917	0.008939734516063051	0.1075142503184936
218.994277	1787824942182108160	47.64764980559233	-122.14014628332878	116.10724887994547	9.973074705891367	-0.01746774115739002	-0.005025784301171544
219.101010	1787824942290108160	47.64769826603666	-122.14018458242275	113.76875573867012	9.979678886749497	-0.022903729408334673	0.004730851667952336
219.203471	1787824942392108288	47.647672859943576	-122.14015821192349	109.17394406498016	9.985431231329363	-0.013699406808670964	-0.016820277382251843
219.308960	1787824942497108224	47.64769493139146	-122.1401568034393	119.63235604751031	10.046179747344299	-0.0494605642382918	0.025193054349509043
219.395366	1787824942584108032	47.64770104381361	-122.14016790045962	120.98334906672645	10.002873816222575	-0.05288866681656006	-0.023635735614986577
219.515350	1787824942704108288	47.64772765603915	-122.14021266625322	117.67949079634279	10.0381267706129	0.013983952090474983	-0.025301784870383055
219.595609	1787824942785107968	47.64774099689655	-122.14015868636007	119.98201588015394	9.985380310015993	-0.11038044359124183	0.07401651654396067
219.695273	1787824942884108288	47.64774120994814	-122.14018979679271	114.90094578633013	9.987848442771151	-0.012761168889984898	-0.026097839498475196
219.801957	1787824942989108224	47.647741541023954	-122.14015125494672	116.52260406429109	10.037738266240295	-0.10499560429600122	0.006813783082856998
219.919256	1787824943106108160	47.647764818671384	-122.14014671719895	111.24687064694241	10.049844649395434	-0.05897367553565278	0.03389270540343794
220.003479	1787824943190108416	47.64777065177438	-122.1401628030561	117.50640526099409	9.953054166753091	0.013358526800117416	0.08823513412660888
220.108126	1787824943295108352	47.647781925510394	-122.14015837309937	118.64658031390886	9.94972210272875	-0.13193008370032006	-0.003209313917925981
220.203589	1787824943391108352	47.64776262865462	-122.14018027021554	118.91953545751976	9.927580462924873	0.06025452770941434	0.007918845607028486
220.295256	1787824943484108288	47.64778995264919	-122.14018776789888	116.32244129502998	10.002336334479965	0.06592496629239478	0.11093540142810053
220.405115	1787824943592108288	47.6477954704768	-122.14014121526532	120.05311363761585	9.984666663989584	-0.005696406335622959	-0.027280517519557942
220.501609	1787824943691108352	47.647798552030004	-122.14014168	120.40200344953521	9.970501766473761	-0.007823293149701411	-0.07554503101320745
220.601327	1787824943790108160	47.64782616130273	-122.14019344169422	118.43534893188708	9.95730178413564	0.09905110998111716	0.017089964545007035
220.700051	1787824943889108224	47.64781071520826	-122.14020528440352	119.06178841811787	10.032408221719002	-0.003404723103580075	-0.021496912274198643
220.800470	1787824943988108032	47.64781667675352	-122.14020712499027	118.76987980405866	10.02401547948453	-0.09575146999767131	-0.07289461341276511
220.903470	1787824944090108160	47.64783594729679	-122.14015619508395	113.51869022469901	9.982473057832	-0.0744038504473582	-0.056626310606160024
220.998584	1787824944186108160	47.64784264048958	-122.14014394250005	115.71572663350506	9.988918406195454	-0.12247017728995653	0.004417147435988271
221.095582	1787824944285107968	47.647878260471366	-122.14019620491761	118.39062545264288	9.941988406876943	-0.01724512706956515	-0.03645931790367384
221.194529	1787824944384108288	47.64785007770229	-122.14016470684948	118.93151961616819	10.098513042566191	-0.019437999753242154	-0.07768297685023146
221.313537	1787824944501108224	47.64787164829462	-122.14018719682963	118.6240854843194	10.030811569373636	0.0015067406028415175	-0.005685963702077599
221.399463	1787824944588108288	47.64787670206582	-122.14017610183573	121.3595167389831	10.050254015344782	-0.09719445879051161	0.026963856191718066
221.499150	1787824944687108352	47.647914798419755	-122.14012847880407	114.71868729907253	10.011248644001743	0.0031397927413530976	0.03902222553152421
221.602295	1787824944789108224	47.64792430755341	-122.14019886518454	115.28978221174647	9.949753802080407	-0.047289366361324026	0.05348106647639866
221.697550	1787824944885108224	47.6479118269895	-122.14015692767909	116.8565638221259	10.008099583246185	0.00419558288376732	0.0012576272608693032
221.797906	1787824944987108352	47.64792224457432	-122.14014839220118	118.01868230750264	9.882117554630055	-0.0314352717863346	0.00184284980704931
221.895257	1787824945083108096	47.64794465540839	-122.14014868385945	118.12061148559944	10.03885030524603	0.06418586075730574	0.06907779128574562
221.991478	1787824945179108096	47.64795660240126	-122.14014840086196	116.75627029857054	9.916808777706606	-0.0403447805155266	0.019355459432135153
222.104436	1787824945293108224	47.64794446149776	-122.14016854446581	122.40581337974447	10.067371864930843	-0.010591359021335268	0.0767992178829944
222.202081	1787824945389108224	47.64796386782118	-122.14016510322426	114.54442402760455	9.984100779192	-0.011074166013223377	-0.01872442700660277
222.301494	1787824945488108032	47.64797117955884	-122.1401552928035	117.16283625747703	9.955789203945606	0.028684546158017667	-0.08105838551845493
222.401220	1787824945590108160	47.647973778678534	-122.14016187303278	117.17869097148998	9.963315906751198	-0.09799424411733276	-0.11840432970059467
222.496807	1787824945686108160	47.647982221467295	-122.14017166087201	118.45620422197273	10.031639990803694	0.020786461294543257	0.08426041835032752
222.592284	1787824945779108352	47.6480160934337	-122.14016826584817	119.27738858893767	10.01305328742617	0.025158981435409455	0.007005518311276069
222.706154	1787824945893108224	47.6479913025438	-122.14016077645564	115.74959484748179	9.921247013750072	0.08357392658436186	0.10494302207956502
222.792861	1787824945980108288	47.64800827557033	-122.14014109219785	118.04400053911948	10.02260410858459	0.015405273443174217	-0.08080184089098395
222.898999	1787824946088108288	47.648039933862044	-122.14020501009377	118.40978035896069	10.0575214171928	-0.019156327261710283	0.015900540783735928
223.011165	1787824946199108096	47.6480327467936	-122.14019149217059	114.78255082536828	10.059236684799618	-0.014900310002087615	-0.0468515899478031
223.094523	1787824946283108352	47.648033032380965	-122.1401733611152	115.56853433742846	9.881097235333678	0.13584365917390226	-0.015869446534582134
223.197112	1787824946385108224	47.64805877813668	-122.14017535811126	115.48287971020257	10.099302262907917	0.0030069921868262337	0.0055857719432209916
223.297807	1787824946487108352	47.648079102141324	-122.14017508814695	116.90466649399386	10.027094028557496	-0.01379621227513927	0.03033112068423619
223.404516	1787824946592108288	47.6480829506883	-122.14018850782608	116.23753731105943	10.045109225802307	-0.057809002101409206	-0.05558439626967872
223.497161	1787824946685108224	47.648081360075636	-122.14014374965615	120.78031927119649	9.940568040574382	0.0006615034620542123	0.03161696936163046
223.597278	1787824946784108288	47.64805369182849	-122.14018686104437	115.68803449493824	9.913699640971418	-0.0467553265019051	0.025735068423737115
223.704870	1787824946892108288	47.648111028570064	-122.14015224536557	114.21042779387953	9.992578233400847	0.03788265741309274	0.06996613615833604
223.805571	1787824946994108160	47.648079917840086	-122.14018300946134	117.44425117040416	10.020959601607657	-0.047064731349954966	0.09478330491025076
223.903497	1787824947090108160	47.64810785872285	-122.14012837724331	114.44021512726292	10.012296068029418	-0.007569635142739244	0.06376336936790532
223.999859	1787824947189108224	47.64812252549026	-122.14014494565124	118.12517553109967	10.012438269676313	0.050482562061598894	0.02213399477862074
224.098853	1787824947288108032	47.648123419186085	-122.14014893201116	109.75150698145761	10.03246418861089	0.05937629323029379	-0.07474168843720207
224.198214	1787824947387108096	47.64815084920996	-122.14015699212047	116.17639917351826	10.083667777925012	0.01803990924970241	-0.06218273506158736
224.299915	1787824947489108224	47.648142651098624	-122.14016551026184	115.94123767696594	9.872041519874891	-0.054112202253491094	0.07047111031475599
224.402909	1787824947591108352	47.64815645377532	-122.14015670356693	118.920859642483	9.885663755336163	-0.01038118575141695	-0.013298177655225769
224.500861	1787824947690108416	47.64818516832208	-122.1401403337156	118.49130714769728	9.977300633920605	-0.10546469482087358	0.033630081759959296
224.586498	1787824947774108160	47.648171509056645	-122.14015980828569	119.5984919973467	9.947219126494796	-0.024360496035775486	-0.030024309304874854
224.695145	1787824947882108160	47.64817700713905	-122.14015557579201	118.76501870531256	10.119862246379713	0.03003015060001747	0.03267459090012694
224.800807	1787824947990108160	47.648183590553586	-122.1401413866915	116.89728960447513	10.016144606509778	0.02968357878378608	-0.000673166973052607
224.903112	1787824948092108288	47.64819441650019	-122.14018986110246	119.8469562255912	9.855827651375657	-0.07970806408533299	-0.005280985606654215
224.991979	1787824948179108096	47.64823610794334	-122.14018454907371	118.40646754010234	9.993226168320904	-0.0668504821777059	-0.01670983252295032
225.089204	1787824948278108160	47.64822925776853	-122.14017826887354	119.1309899736036	10.105425627959601	-0.008609840279252186	0.018687620024652792
225.210278	1787824948398108160	47.648235856143614	-122.14014641157175	118.10818136843689	9.915031340955968	0.06303492775533744	0.008608203644339724
225.300381	1787824948488108032	47.64824576206469	-122.14016976479546	116.04979669018697	10.105999656214761	0.014014780864813187	-0.07131419514981745
225.400596	1787824948590108160	47.64824387477513	-122.14019111767287	119.50251399068925	9.957515853932232	0.07423253618190472	-0.00902553492684041
225.509109	1787824948698108160	47.648245962822116	-122.14020218126178	115.2578151013651	10.026693106412171	-0.0341983270769346	-0.04543684937818246
225.598627	1787824948788108032	47.64827616678628	-122.14014980267899	119.70651341656948	9.949208977581009	-0.03655883311435629	0.023695543045491752
225.701506	1787824948890108160	47.64827618450855	-122.14016583943736	116.83685699528876	9.985795737827894	-0.023388316297532227	-0.08473715509567831
225.797672	1787824948986108416	47.648269395520416	-122.14020045424913	118.28350013431911	10.042592809534252	0.07715220578355869	-0.08263995004066996
225.884032	1787824949073108224	47.648312687137654	-122.14020918714182	117.87736792289813	10.011784277339894	0.020914611012681734	-0.07328456731138669
226.000499	1787824949187108352	47.64829561413398	-122.14016577132504	121.02462547278859	9.992577295202896	-0.014767218196949886	0.011448654106496583
226.096904	1787824949286108160	47.64829059968824	-122.14016557985909	118.03501867326376	10.01797900462477	0.07680509194315126	0.015742192281940084
226.198743	1787824949388108288	47.64831332977873	-122.14018532104028	120.6513136348556	9.93352699722077	-0.08920082161111383	-0.010439862368627624
226.294481	1787824949481108224	47.648315698707044	-122.14014405438834	118.56495473685331	10.04004154188768	-0.04369948917124358	0.0045634132520279485
226.409296	1787824949598108416	47.648336487291004	-122.14016968936387	116.20219785698676	10.028114256244123	-0.015721745017394647	0.15058101259252007
226.483859	1787824949673108224	47.648352634537495	-122.1401682301249	113.41865612903503	10.091021078264157	0.01244129524849888	0.01744711720400117
226.605206	1787824949793108224	47.648354112180535	-122.14016191116102	111.48101160319877	9.937442227247713	0.036245355876227146	0.09756879658400777
226.710713	1787824949898108160	47.648372621475765	-122.14016241303456	122.10261229007988	9.971933894724684	-0.0080519399607383	-0.017635982066568714
226.811979	1787824950000108288	47.648375599190416	-122.14016126551094	118.15551122961712	10.041756024778165	0.07246622216611229	-0.0067993509897544095
226.902068	1787824950090108160	47.64839325426979	-122.1401707334804	116.85378639870817	10.018396163865093	0.02964848226828619	-0.011819646677808628
226.997503	1787824950186108160	47.648411185521304	-122.1401697185268	119.85412364306369	9.977563008851856	-0.04708487547930577	-0.0461195883091222
227.100924	1787824950288108032	47.648408206940154	-122.14017827880186	114.83252047311115	10.00876381650412	-0.0038261130031417828	0.04018405638933139
227.196198	1787824950384108288	47.648427185584325	-122.14017379229547	117.21025263311705	10.048241981266523	-0.038599786246128455	0.005237714750022066
227.305986	1787824950495108096	47.648402961094554	-122.14015420960371	121.12453575612281	9.985068670778002	0.012671143664505311	-0.08278937003679329
227.390622	1787824950579108352	47.64842383026036	-122.14015766458819	114.06404183030803	10.086754930519833	0.02060458709430444	-0.025383941529366127
227.499654	1787824950687108352	47.64844396597406	-122.1401858848423	119.46911165300246	10.017180908742333	0.0018872320448109208	-0.040649329765189715
227.602216	1787824950789108224	47.64844844404636	-122.14019551820047	117.0490300209564	9.984836818334225	-0.041649639835564474	0.06953757378433875
227.690093	1787824950879108096	47.648450272262195	-122.1401443818576	118.12473328291917	9.942664731235782	-0.04825423012649324	-0.08179718972688003
227.808590	1787824950996108288	47.648464352261676	-122.14014706600427	119.3203972305378	9.970213272804378	0.08071180530865796	0.0730451226585143
227.897162	1787824951086108160	47.64850033810965	-122.14014789009472	114.27120884776963	10.04780633161518	0.019661594330464285	0.04864668268084682
227.998532	1787824951188108288	47.64849205422759	-122.14019072139995	113.54946975200754	9.996071230787363	-0.01591300813455763	-0.023798343803587554
228.086432	1787824951275108096	47.648519546720244	-122.14014425701396	113.97276345219372	10.041810691475565	0.010464491633164253	0.022052175298648655
228.204349	1787824951392108288	47.648497551731275	-122.14015106762434	115.59091285711902	9.949701013606974	-0.01656404760552144	0.03751278215485229
228.292191	1787824951479108096	47.648495417136246	-122.14015950780627	116.33532953504073	10.02151734210463	-0.010501013183648197	-0.06380102214280457
228.394706	1787824951584108032	47.64850478576826	-122.1401223319384	115.831177597585	9.986192612601647	0.04577930077814085	-0.026296270333162244
228.491762	1787824951680108288	47.648514214262356	-122.14016186997208	121.04785349942898	9.998279473211737	-0.022211502341845192	0.04228136896819011
228.607573	1787824951797108224	47.64854122101842	-122.14014465900733	114.40938423864993	10.012389524200533	0.0031900848012815816	0.031231854473021316
228.705432	1787824951893108224	47.64856060163836	-122.14016287762963	117.66215232319443	10.122015616195162	-0.0033580806396507307	-0.03171403520931792
228.791828	1787824951980108288	47.64856974310403	-122.14017618972318	116.27827435444459	10.101161708902318	0.06946827094577258	0.0057291434951060715
228.897186	1787824952085108224	47.64856486691354	-122.14014973062581	116.3893398038481	9.919682955365813	-0.012181560601674616	-0.06889241133228226
229.002497	1787824952190108416	47.64859707642162	-122.14016039098867	112.0208638997737	9.99893473660265	-0.05973131453833444	-0.020541368548669472
229.101149	1787824952289108224	47.64858336930209	-122.14017057401706	116.04986331876337	9.99562243792738	0.028356036059052653	0.07088304998532334
229.194842	1787824952382108160	47.648578464057096	-122.14014268105669	114.55831983010499	9.962660258782117	0.010444152585023144	-0.052828635847027655
229.310013	1787824952499108352	47.64860811628955	-122.14018024790873	117.74573098216409	10.066000871467024	0.01732046437383577	-0.05978225602183229
229.392223	1787824952580108288	47.64861738938852	-122.14020303445602	117.06696763168311	9.860742833539025	0.01766004883358675	0.062006134141581876
229.508272	1787824952697108224	47.64862189746618	-122.14017817281103	119.75260722618188	9.985852277848585	-0.048829333897193766	0.0639936445440533
229.602262	1787824952790108160	47.64861461391803	-122.14018723393183	117.35526411268262	9.886710930368874	0.0018339407166080399	0.04127006680992205
229.703542	1787824952892108288	47.64864689469043	-122.14014575377942	113.57959793042457	9.995491232013052	0.06666258690854315	0.06448470622109741
229.790633	1787824952979108096	47.64865803456559	-122.14017779502943	113.79952454302706	10.02289751436868	0.002944930604412515	0.00980460712304216
229.893418	1787824953081107968	47.648610565556396	-122.14015073326183	119.22377605419571	9.972351558149596	-0.09405798022764583	-0.020825686029319723
229.999121	1787824953186108160	47.6486835694266	-122.14018133148338	121.3970917905244	10.054609225917893	-0.0013326194266668327	0.011965065041694279
230.114182	1787824953303108096	47.648690123559255	-122.14013945743628	113.53988021942088	9.933030171573836	-0.055470912293416025	-0.01255346874921219
230.197397	1787824953384108288	47.648682222042524	-122.14020030921347	118.09174782667698	10.075658243409046	0.03886680079070914	-0.08226943154921745
230.300659	1787824953489108224	47.64868537499802	-122.14015099016115	118.16511267035251	10.063707117582391	0.02468646427209377	0.018381629485497528
230.403768	1787824953591108352	47.64867188754189	-122.14019298157793	116.32160594624618	9.98548620523161	0.019275104755493364	-0.08655862653600625
230.487956	1787824953675108096	47.64870807649361	-122.14017260275811	115.06350599813175	10.004396782999988	-0.05702056996036218	0.0327991599956533
230.593160	1787824953780108288	47.648701779049745	-122.14019270835732	117.09023739996849	10.07116528478048	0.028652773357518285	-0.04441777855227416
230.706589	1787824953894108416	47.648712902895454	-122.14013876362496	115.6906126024422	9.995565685918024	0.05031223465288526	0.03809589210961056
230.807019	1787824953996108288	47.648718220346524	-122.14015831106423	117.63679784672077	9.934609196656394	-0.03514839966792413	0.0630013202574614
230.894003	1787824954083108096	47.64874241598464	-122.14018155986109	119.15035830137975	10.08725021921543	0.007383605240100193	-0.007174211087917374
231.002497	1787824954191108352	47.64877060347414	-122.14019732211474	119.7776540169813	10.01609522840661	-0.00037455703254614007	-0.010728682051736724
231.095882	1787824954284108288	47.64877267377257	-122.14019420662706	118.27851017402959	9.979145934718018	0.05644459074525631	-0.007279684552188654
231.202853	1787824954392108288	47.648750518623565	-122.14016306738739	115.07039340236918	9.971824270751886	0.03303393707909357	0.020410421893361817
231.303338	1787824954491108096	47.64876705454096	-122.14016696803343	119.64957843856465	10.124813229256645	0.011094852727733508	0.0633260343207952
231.396894	1787824954584108032	47.648801161296035	-122.14016803139351	118.59913523175983	10.026241554510094	0.06140015887857578	-0.004580952512655567
231.497483	1787824954686108160	47.64878169905846	-122.14015453480707	117.68607386125436	9.911940661776809	0.027514897771395347	0.0006379042685495605
231.601189	1787824954788108032	47.64881000378767	-122.14015401386771	117.05638023761769	9.953939553174143	0.07145342648494582	0.0763329895781929
231.698334	1787824954887108096	47.64880182084111	-122.14014229298859	115.101221034744	9.979232734189607	-0.020270389857081975	0.07190799391176013
231.795384	1787824954983108352	47.64883560169152	-122.14016244516829	114.38754604221	10.018340696992176	-0.0086816784656536	0.1032825413100269
231.892200	1787824955079108352	47.64882819985296	-122.1401917601471	123.46218963708768	9.998100386829142	-0.10192589343747104	-0.0038385040844607283
232.005360	1787824955193108224	47.64885099393753	-122.14013092127175	118.09556361565359	10.026984542527169	-0.05205084231918771	0.0086569116484762
232.094164	1787824955283108352	47.64884347015957	-122.14020314996488	116.25848499287027	10.055105243872054	-0.012898504748263612	-0.04284762003680527
232.189987	1787824955379108096	47.64887188205763	-122.14015554331613	120.32014606046903	9.95390287915875	-0.021607750125177037	0.06409407836237173
232.307701	1787824955496108288	47.64886764542484	-122.14014715120045	117.39522141561874	9.971202564766672	0.05810838992633297	-0.012117418834466133
232.412570	1787824955601108224	47.648868266880285	-122.14017228458238	120.27102975660743	10.070195474587285	-0.05936163513439529	-0.05707550344340876
232.508754	1787824955697108224	47.64887195771394	-122.14014133595035	116.96407272485474	9.96306222502263	-0.0160636857535936	-0.05090594298335738
232.598492	1787824955787108096	47.64889565482501	-122.14017034332161	111.54366891552192	9.968033283475886	-0.021726926580704315	0.0489963217341816
232.701209	1787824955889108224	47.64890260537797	-122.14014925472804	120.8643910449879	9.99591496793504	-0.012998535736702253	-0.042386986715535646
232.803397	1787824955991108096	47.64891862252343	-122.14015557490706	114.46664945253023	10.067368069349715	-0.029472732226736298	0.06428277931965538
232.894027	1787824956081107968	47.648936972066466	-122.14020309284675	114.73349924295725	10.045914895394908	-0.06493250542028306	-0.02331224533884266
232.999170	1787824956186108160	47.648927452279786	-122.14015346152736	123.32954811507672	9.949040381825158	0.12630973563465345	-0.03088213547269075
233.102737	1787824956291108096	47.64893278982357	-122.14016556775682	119.40500835413181	9.948556230042547	0.08198870765423917	0.0208095686630477
233.203250	1787824956390108160	47.648957176321005	-122.14017388777395	114.19660448298073	9.974686324306228	-0.056481474561362294	0.01987595808320512
233.294592	1787824956483108352	47.64894508012974	-122.1401920581117	114.41681288611782	9.958694638865888	-0.027335685946061283	-0.014488088839858327
233.404044	1787824956591108352	47.64895041870232	-122.14016994991391	113.48150684230937	10.023908438176079	0.054376303864152625	-0.037048293703327385
233.500764	1787824956690108416	47.649002159004425	-122.14014109562832	115.83638467163819	9.95321039347812	0.029164207457436336	-0.03572001401343885
233.599074	1787824956786108160	47.648967833615465	-122.14018484423877	117.13007236595166	10.03954275875287	0.07410813971477574	0.03801657607730349
233.707040	1787824956894108416	47.64899125810861	-122.14017797122428	114.8762255983841	10.003907028844148	-0.050015563274736635	-0.009293897326793572
233.802338	1787824956990108160	47.648986954784064	-122.14018803814098	114.99869458229203	9.970525130428038	0.03838193191891914	-0.05599656876394909
233.898855	1787824957086108160	47.649021289995694	-122.14021039202657	114.33008675487554	9.984037976204705	-0.018125112926849762	-0.06500163199131041
234.001484	1787824957188108288	47.64901955521613	-122.14016918234346	113.4394102609835	9.923459580668682	-0.047289793690965684	0.13553843651559316
234.101268	1787824957290108160	47.64902745624038	-122.1401383968486	118.71241760498661	9.983053448129658	-0.06083611662626723	-0.1474827749208057
234.198733	1787824957386108160	47.649043727087474	-122.14016576797717	118.0683084930227	10.009483394733936	0.12298864733089852	0.03712086530938619
234.296949	1787824957485108224	47.64903707365271	-122.14020563803658	116.98484748171232	9.990457019261285	-0.022915689768116688	-0.051903361336485515
234.401905	1787824957590108160	47.64906910736335	-122.14016267854626	120.47449979056044	10.093123956223987	-0.02749152627767635	-0.0017166827925115095
234.501182	1787824957689108224	47.64905149094014	-122.14019172610608	119.32447872360056	9.98001945737326	-0.0120047935802218	0.09402153486823853
234.608134	1787824957797108224	47.64904831295089	-122.14018784503443	117.68457748175561	10.028808937425023	0.02421255493398145	0.02304752493165732
234.698771	1787824957887108096	47.64908719194191	-122.14013996501421	119.12743227540534	9.976894348801611	-0.029832921700430948	0.0026584557330692365
234.801862	1787824957989108224	47.64906908389942	-122.1402044189844	116.6232521492992	9.965865734503417	-0.029370116005169845	0.054860943520721295
234.892482	1787824958079108352	47.64909345656559	-122.14017847403478	124.6146028263653	10.016856512799674	-0.02875907150741433	-0.005465497803011305
234.995984	1787824958184108288	47.64911346177301	-122.14013347114629	120.20958026061112	9.933745908785871	-0.012917503164856929	-0.05647728224842975
235.106177	1787824958295108352	47.649112902303635	-122.1401703816289	115.69583343857975	10.039188768077842	-0.0940985468846629	-0.01230554888668797
235.204356	1787824958391108352	47.6491212126096	-122.14014518976049	120.83488757355701	9.973444869580097	0.02704436312148735	-0.024471816716524774
235.292259	1787824958481108224	47.64916211292029	-122.14017319922186	116.05997676785941	10.060528724033656	0.003024846691011442	-0.030557643127897573
235.414946	1787824958604108032	47.64916372343778	-122.14014375029637	115.88621958952545	9.873269570698444	-0.027099316100955124	-0.014143395290818551
235.502720	1787824958691108352	47.6491532900781	-122.1401616843533	120.45712663766969	10.01704747209942	0.02794296387643949	0.02045858808510047
235.598209	1787824958787108096	47.64916877225374	-122.14016398218072	114.1901183763934	10.02868385427583	0.029805479849512692	-0.07321609607582291
235.688523	1787824958877108224	47.649184483781404	-122.14014453189145	116.03849920104632	10.090132220110986	-0.09922081890228474	-0.04976522828458071
235.810318	1787824958997108224	47.64918024314424	-122.1401350862934	112.35364763252491	9.949949490872307	0.05975834731765131	0.04181356678015011
235.894001	1787824959081107968	47.649199089273935	-122.1401590206586	118.35326356363464	9.909368296372266	0.01906812564445	0.014896333553456246
235.995175	1787824959183108096	47.64920059036034	-122.14018666364295	118.75656015332152	10.11092653628531	0.007167248719240818	-0.02089568791621512
236.099399	1787824959288108032	47.64921866511451	-122.14013079162781	112.39641460920102	9.963325257529181	-0.05735839497016551	0.052955579222421716
236.201448	1787824959390108160	47.64918501137615	-122.14019282791348	119.17663594514725	9.925468825091034	0.007817895963765266	-0.01993936144513421
236.301860	1787824959489108224	47.64922297073055	-122.14017515266114	120.33677378336482	9.982772725981187	0.03685157880006201	-0.09515798188490182
236.396949	1787824959585108224	47.649231623972575	-122.14014585522085	119.11223335858004	9.957339034362933	-0.07703675623070255	0.061273339349573464
236.490595	1787824959678108160	47.64925514726881	-122.14012225817609	116.06581125700603	9.989444552773824	-0.0016951227456754973	-0.0031414782227089013
236.602555	1787824959792108288	47.649255868257036	-122.1401316541313	117.32429820917523	10.027981044831998	-0.01577520852915765	0.08429116333411409
236.705149	1787824959894108416	47.64926850264613	-122.14015417747518	113.75100658181928	10.000311784376853	0.008481915566764375	-0.03430873708859459
236.795352	1787824959984108288	47.6492634961593	-122.14017387567411	123.18577969240307	9.926239852809477	0.08868553211596904	-0.1066759242792722
236.893978	1787824960083108096	47.649262617008766	-122.14017187979486	114.23208117230756	10.00559625778813	0.09038438744838592	-0.08333155764523181
237.014894	1787824960203108352	47.64931481192885	-122.14020865186389	115.52075936863261	9.989633329930813	-0.09854005779582616	0.019633349208106728
237.101707	1787824960290108160	47.64929860299412	-122.14016697123935	116.03202109025584	9.972303348058652	0.027865315867320807	0.029341276032957744
237.190218	1787824960377108224	47.64930809680706	-122.14016093076584	116.09107949918062	10.034470966584879	-0.00822670494421206	0.009870145749391674
237.286270	1787824960473108224	47.64933019905902	-122.14016956341989	115.91129629381896	10.071941213941095	0.05964344560446905	0.13055909231472318
237.404901	1787824960593108224	47.64934204724503	-122.14018777805111	115.06240891473617	10.002348990036541	0.016468522173328674	0.012069988068428572
237.510952	1787824960698108160	47.64936436583447	-122.14017392021279	118.67709440538528	10.026407011681185	-0.024437983477688843	-0.04151792669783695
237.594874	1787824960782108416	47.64935420692866	-122.14016381930541	115.44638933588556	10.082994302324634	-0.17803619050674618	-0.06866811485342167
237.703295	1787824960890108160	47.64933724487439	-122.1401599448421	118.33928890341363	10.032783565452963	-0.07637237589153817	0.033417046042081434
237.801388	1787824960989108224	47.64936907572255	-122.14019805904351	113.46328706330668	9.965487569944184	0.10512829557677666	-0.0022641382844283166
237.910099	1787824961097108224	47.64938979516944	-122.14017088147871	120.63880151199034	9.977247958850043	-0.07857938615611243	-0.026724445090292148
238.004475	1787824961193108224	47.649372389687244	-122.14018822231458	117.86795308804473	9.946523987192355	-0.06479896560098254	-0.07325497096155166
238.103850	1787824961292108288	47.64938766373076	-122.1401924174582	115.28244558212694	10.011615523741359	0.005121299135226635	-0.057979877722799715
238.199297	1787824961388108288	47.64941509205258	-122.1401492596421	116.63247534892602	9.976721754009578	0.01760220445041072	-0.008126369669642171
238.296670	1787824961484108288	47.64940587471646	-122.14015730073599	118.54607536778519	10.067896555899063	0.013001999951031882	0.00700646215584127
238.399959	1787824961589108224	47.649407020272854	-122.1401481048978	116.12198848111889	9.973779723997465	0.014319744302834872	-0.03593895024164812
238.502103	1787824961691108352	47.649435998755756	-122.14018897083413	120.08618115902797	10.033854923916325	-0.0018964222167158892	-0.05721219795339714
238.607615	1787824961796108288	47.649425906982565	-122.14016408637936	114.60752117494928	10.036382350248662	0.0010248886936136058	-0.012064859540328566
238.700140	1787824961889108224	47.64943487290951	-122.14018533896734	117.95522210378748	10.0638408413554	0.028105582367407046	0.07380260892136328
238.799218	1787824961988108032	47.649451359621565	-122.14017895168585	113.24326110454588	10.030539670257621	-0.034812362418456214	0.06904593116488754
238.902489	1787824962090108160	47.64945517236042	-122.14014091793341	118.31597941731776	9.944237288431564	0.008351436398539094	0.0248805457552031
238.998705	1787824962186108160	47.64947593673165	-122.14015585271497	117.80814994622493	10.010651833981054	0.06626267534116924	0.08168665388390356
239.100502	1787824962288108032	47.649472645984595	-122.14019327861803	118.45916140773782	10.071609913361012	0.089167110114139	-0.017859500691848544
239.200463	1787824962387108096	47.64947579678866	-122.14017452083893	116.48659256128491	10.00259325751591	-0.03337172704828375	0.04797356353061699
239.315479	1787824962504108288	47.649503346091116	-122.1401709622883	110.11683723537051	10.009727593048805	-0.00928276473995919	0.06438979270113569
239.394125	1787824962582108160	47.649490021288706	-122.14016114315152	114.58890793584366	10.057838029228664	-0.08217465458131208	-0.01801496472234498
239.489605	1787824962678108160	47.64950589771711	-122.14016750513098	117.6207794550037	10.010533493828111	-0.04363883549578686	-0.12662053613363985
239.608164	1787824962795108352	47.64951857147763	-122.14015491793036	116.24072466422146	9.846439253457813	-0.017218153284481556	0.03886035397845373
239.697467	1787824962885108224	47.64952147889413	-122.14015520207595	117.67769041450332	10.04944923224916	0.05442929517777559	0.022556764441579332
239.803767	1787824962993108224	47.64956316136206	-122.14012027992706	113.15289970847485	10.014099895850116	-0.026837112641497126	-0.015141629553989662
239.900508	1787824963089108224	47.649540139140385	-122.14013775436199	117.40047608548002	9.945579883640166	0.0025909105359721604	0.04536814497750772
240.003536	1787824963191108352	47.64955837522928	-122.14018824507501	115.15780007171814	9.942239909018562	0.05717534612250548	0.05935725452189277
240.094248	1787824963281108224	47.64957648727244	-122.14017522443524	112.80302600695404	10.036359131230089	-0.015312633290074358	-0.01460636281955665
240.202277	1787824963389108224	47.649587038819845	-122.14015218757942	115.1668631050753	10.018785211427488	-0.09521949008839632	0.05574211594616444
240.296592	1787824963485108224	47.64959491829397	-122.14015388735147	115.6461733004716	9.870540943463158	-0.106764634826875	-0.007497190331171657
240.399207	1787824963587108096	47.649595970338694	-122.14016604229299	114.77500855400883	10.038069028075599	-0.012238614287833766	0.03979977848239522
240.501560	1787824963689108224	47.64960333095107	-122.14016007620391	117.10816247008289	10.05429315041747	0.027592870277659293	-0.041675305379904805
240.590861	1787824963779108352	47.64963081177644	-122.14019305451873	113.77433854738771	9.91506510915508	0.035539691274975464	-0.03727455399789196
240.698325	1787824963887108096	47.64964750255731	-122.14015029498265	116.50352726263428	10.02852648277031	-0.09338282412993237	-0.009098467242836186
240.802673	1787824963992108032	47.64965570693491	-122.14013612191884	115.58000725474616	10.038213715470889	-0.05228655958268237	-0.04400031332160577
240.903176	1787824964091108352	47.64963491602899	-122.14014289998588	115.08325751245785	9.95534152755238	0.02912441455806912	-0.042583834596017195
240.986203	1787824964175108096	47.64967340684707	-122.14015933185345	113.33893140881499	9.976441836469652	0.009532514605977675	0.1268278322640079
241.092821	1787824964280108288	47.64964518951978	-122.1401647297591	115.6927452858471	9.8935516701546	0.01921557011008719	0.037267806296359896
241.196198	1787824964385108224	47.649640843575284	-122.1401652271587	115.23963994763055	10.013279263627087	-0.043055662877531445	0.0858546735421421
241.302418	1787824964490108160	47.64969769392267	-122.14017394270736	114.42143136580397	9.98407419641823	0.0077694769365254076	-0.002273374526781798
241.388257	1787824964577108224	47.649665520692935	-122.14013612768954	113.42335307363567	9.987410995817989	0.021174450388970305	0.006003138193975095
241.507588	1787824964697108224	47.64969003043668	-122.1401554969941	117.49740798784443	10.019067278496351	-0.008878588816459037	-0.08149923416146704
241.589218	1787824964778108160	47.649705291225196	-122.14015577154406	117.14863707887056	10.052112563828501	-0.14121551325219706	0.02265280648351222
241.698574	1787824964886108160	47.64970213291302	-122.14015344708248	111.83648961842391	9.979016696816643	0.035265961772582066	-0.06386208162926445
241.796068	1787824964985108224	47.64972985703352	-122.14014120366008	115.5685226616435	9.909226079282673	0.041103436652829506	-0.004700583097835033
241.897661	1787824965087108096	47.64972351914473	-122.14014117749437	119.80062345133739	10.027197786020325	0.04321995750517583	0.019800382436946058
241.989943	1787824965177108224	47.64974281727727	-122.14015921562975	119.27536547787925	10.031961119301135	0.0024621209422509885	0.03433139464665067
242.104111	1787824965291108096	47.64974057299066	-122.14015347886422	119.44898312611868	9.982500648280396	-0.07449412400720722	-0.028148510814728064
242.203957	1787824965393108224	47.64978118937998	-122.1402027613046	115.6639467124701	10.025923281709181	0.029143999212163152	-0.05055345612809924
242.297803	1787824965486108416	47.64977069591861	-122.14019297991221	118.10536042382138	10.035830618901706	0.0551336816301407	-0.06827850354935674
242.388255	1787824965576108288	47.64979353882713	-122.14019251756572	114.92405709279376	10.036381064383285	0.04804702887216499	0.026512741943282465
242.497566	1787824965687108352	47.649794353424554	-122.14017612703196	119.17082939938315	9.996636576362166	-0.044994674885117825	0.08315372961535353
242.594683	1787824965783108352	47.64979864724917	-122.14018244262463	117.93381379536287	10.058697119604206	0.07571512982553233	-0.015944332213515804
242.690624	1787824965879108096	47.64980418283436	-122.14018248108705	118.40671395545704	10.027833450480111	-0.03290094358999984	-0.0020587886684833466
242.789470	1787824965978108160	47.64979825520335	-122.14016129386998	112.64826797005588	10.02937279603251	-0.08197488606058845	0.02284054487566191
242.904180	1787824966092108288	47.64983961845886	-122.14014803742987	116.86413449488431	10.0256559849683	-0.06621019301852005	0.03724491687172073
242.992138	1787824966179108096	47.64984513733535	-122.14018468125776	120.13800367376022	10.060125075298423	-0.0010092972665688485	0.016155548816306903
243.102889	1787824966290108160	47.649832989590195	-122.14014968599436	114.16882515341315	10.003886587349834	-0.08876977826090787	-0.1274138514349476
243.185503	1787824966374108416	47.64983687838761	-122.1401587667067	116.33974876491287	10.004403896941415	0.08308735260883886	0.038976047514331286
243.295037	1787824966482108160	47.64987214063733	-122.14017273128141	116.66596771089361	10.035458443042897	0.04474637236724841	-0.013745443150339008
243.402324	1787824966590108160	47.6498603255763	-122.14013575860635	119.03258760630018	10.036749064935691	0.010426196906939475	0.06660230893803053
243.498315	1787824966686108160	47.64986910253223	-122.14016136210759	117.60772134401692	10.048113511141068	0.008378534458330191	0.03401626815241766
243.610788	1787824966800108288	47.64991741264517	-122.14011664679967	117.61978547788341	10.03194520198649	-0.010508386914404652	0.04355780397585442
243.703644	1787824966893108224	47.64990760158676	-122.14013680826993	116.50613133549905	10.013250738010395	-0.023051867342515894	-0.05284652098138161
243.803108	1787824966992108032	47.64989401732541	-122.140163260386	119.6592027031666	10.00200263710573	-0.007291937632539546	-0.012253029434340965
243.905265	1787824967094108160	47.64991349231914	-122.14017402697705	116.38253021073561	10.018866383812664	0.04350296283661155	0.03527014342292352
244.004714	1787824967193108224	47.64993151546121	-122.14017867944149	119.36138268355698	9.94789700368703	0.0156016793978683	-0.0175531628299236
244.106190	1787824967295108352	47.649932484510195	-122.14019939249374	116.27649180194412	9.983335754798993	0.05866755639706827	-0.023470272824028138
244.198026	1787824967385108224	47.649949088358	-122.14021135177624	117.02446180210539	9.990430184578548	-0.013545704714875845	0.08476811466264396
244.293210	1787824967481108224	47.64994370673463	-122.1401591979032	113.46177351644208	10.004875236180133	-0.06199012727635406	0.07222608023772213
244.398448	1787824967586108160	47.64995617338666	-122.14014961860704	117.67915181260096	9.982820068958366	-0.027497952511899237	0.02341061091868657
244.494574	1787824967682108160	47.64998022806537	-122.14018689568763	117.39976527574878	10.001896503875725	-0.008697313936682733	0.06936972225588246
244.603472	1787824967790108160	47.64996373036551	-122.14014041510569	120.15864568676908	10.014413293498773	0.010667328347891105	0.003025919946586056
244.699329	1787824967886108160	47.64997761889539	-122.14014846111141	117.09629286810609	9.955440608020464	0.04753823094801951	0.01049379461359247
244.803454	1787824967991108096	47.650003209742316	-122.14017245210538	115.17871361383358	10.119887945947038	-0.02216973903685961	0.03609114331348685
244.901535	1787824968090108160	47.65000158215233	-122.14019707891359	115.08093063351053	10.043853765091932	0.05856508870698314	0.04488824864242111
245.007321	1787824968195108096	47.65004660208764	-122.14016589654798	116.10406974313563	9.872796384782408	-0.02476335694976857	0.013928825952386703
245.100572	1787824968288108032	47.65001736574774	-122.14013298752953	116.88319308602578	10.004946891063195	-0.042627001223861205	0.1519141024362634
245.198787	1787824968387108096	47.650033507667786	-122.14019458605345	115.95205040249117	10.034476548766603	-0.036149041845932935	-0.08553669126712952
245.298968	1787824968486108416	47.650036652962285	-122.14018213510191	118.78531429665892	10.060947293341124	0.08529027977985676	0.11122353277626369
245.401121	1787824968588108288	47.65003978441077	-122.14014930065026	115.82165610584946	9.976458816462971	-0.01954471311522063	0.03682588118614422
245.494658	1787824968684108288	47.6500610035077	-122.14013875363555	114.59121196055287	10.088033060806843	-0.0757200257851011	-0.014171171567607416
245.612363	1787824968801108224	47.65004848886479	-122.14015613715108	113.66048263800978	10.061715529958168	0.04491570543197749	-0.025098534877424656
245.697721	1787824968885108224	47.650084418138	-122.14019767683675	119.31334480305998	10.003429469290461	0.03048352552965298	0.08549557491212167
245.795787	1787824968984108288	47.650060867706	-122.14016752103909	119.15428193933488	10.054183033066192	-0.06251909259113993	-0.0452815292218893
245.901737	1787824969089108224	47.65009648897743	-122.14015963869683	115.43278795291408	9.91899325361897	-0.05019101460155955	-0.05090455057755849
245.996074	1787824969185108224	47.65010723367037	-122.14013822425666	115.43946440599036	9.924485101654165	0.0033206145420116833	0.05106099577340763
246.098990	1787824969287108096	47.65013398541952	-122.14014181121715	116.49305957762733	9.939427651963443	0.0507853696039402	-0.0314489638314411
246.196358	1787824969383108096	47.650121785581554	-122.14018869712692	118.7961838649644	10.018189782044034	0.04396331882243876	-0.021250652387273736
246.296989	1787824969485108224	47.650107327939544	-122.14018899691824	123.67578788371402	10.01507164785177	0.035462110219898445	-0.05156905564069091
246.399596	1787824969587108096	47.650143360392924	-122.14017245343813	122.50839158134876	10.083463543811146	0.04930805480298822	0.0051597700683009996
246.504255	1787824969692108032	47.650164922495186	-122.14016128866034	120.38112992135768	10.081561916176422	0.05605669573572101	0.018047373710988922
246.610219	1787824969797108224	47.65013030207661	-122.14015287069618	120.8240554898727	9.978982794940507	-0.028051786725231887	-0.013553642465601413
246.694703	1787824969884108288	47.65015215133852	-122.14016089384334	119.25841252545652	9.994947822100801	0.05543935025517804	0.005785126479747706
246.799408	1787824969986108416	47.65017734666076	-122.14013313340521	118.76723358950322	9.942287459496836	0.008093781493366923	0.062109180972430955
246.897127	1787824970085108224	47.650167656649685	-122.14020704318078	113.28290700425994	10.058112834985009	-0.022782784363905444	0.05529675097918742
246.997180	1787824970184108288	47.650202551568	-122.14020438448209	116.9465239219473	9.957226032038122	0.10433436577927072	0.007894857889133923
247.111962	1787824970301108224	47.65020325707077	-122.14013239214677	119.28016928404895	9.956413918175551	-0.023179471413871815	0.06118420956756048
247.207310	1787824970394108416	47.65022310975206	-122.14016363224302	118.57981530034357	9.966936908501713	0.05097705234925144	-0.05806046275454771
247.297831	1787824970487108352	47.650243164166355	-122.14020496143759	113.00149826757026	10.022054852314074	-0.06469887349911423	-0.012175132466855155
247.400107	1787824970589108224	47.6502393882317	-122.14017759945331	116.74141172358009	9.953779265714644	0.04438206342300811	-0.01726042992938232
247.498289	1787824970685108224	47.65022702305963	-122.14015834840662	117.88035794836874	10.043740338466732	0.011812976510367206	0.030679522862551774
247.593286	1787824970781108224	47.65022588871227	-122.14014679823626	119.26445036145797	10.01483313469407	-0.0013089533785245477	-0.023733141038297507
247.696719	1787824970886108160	47.650260576750874	-122.14014944903322	114.28258515360196	9.989521560571365	0.12570033450563547	0.04575530318512342
247.802010	1787824970991108096	47.65024516399295	-122.14018479003052	112.60608966954386	10.00937841833014	-0.0112653722368438	-0.019875109102986524
247.903087	1787824971090108160	47.65028209826346	-122.1401952627747	117.17164816930106	9.932800324358848	0.007465579521567569	0.0406650650088111
248.007670	1787824971195108096	47.65029441284023	-122.14016474367442	113.95980168784388	10.026483171317667	0.044185401857520706	0.04273599743998393
248.101229	1787824971288108032	47.650291124688515	-122.14018834407372	117.6986409203387	9.960372704404561	-0.012335646019935203	-0.07942205726879652
248.196867	1787824971384108288	47.6502926507815	-122.1401909961273	114.54503796696764	10.035778960380618	0.0775103456672254	0.027660318728089196
248.296171	1787824971483108352	47.65031038600433	-122.14016252405276	117.69687062274022	9.989211854612831	-0.008284805300751534	0.027680117752548167
248.392406	1787824971579108352	47.650303064979056	-122.14017267792134	115.63821092559847	10.015734180660104	-0.06400547806627357	-0.05916974917306958
248.501449	1787824971690108416	47.65033840801892	-122.14016156711696	112.17739684059934	9.98350140259331	0.011430738535524692	-0.07245568130849749
248.601598	1787824971789108224	47.65033397152469	-122.14014912989394	117.68133082937103	9.961032680342988	-0.031392988944425985	-0.0884015057938599
248.693970	1787824971882108160	47.65036293103705	-122.14015313649898	115.7987207708067	10.05801474624191	-0.0008976403808165255	0.008727365534909519
248.807096	1787824971996108288	47.6503500257512	-122.14019375358865	111.76127298210292	9.956707187763813	-0.0006746128744223631	-0.08531607851104986
248.905285	1787824972092108288	47.65040013305327	-122.14017125124886	117.24713927565635	9.986871383186092	0.025545054202569518	-0.011410856302792215
248.998826	1787824972188108288	47.6503585718187	-122.1401625063776	116.81787448401477	9.967404463144799	-0.031212548559523663	-0.01755039090545572
249.096305	1787824972284108288	47.65038959673933	-122.14016726709032	116.21685069567144	9.907856889751523	0.06096986726771382	-0.02725137106557457
249.190154	1787824972377108224	47.6503943033233	-122.14011354776477	115.36759900732346	9.927689922846858	-0.0769804560839988	-0.057247506835688404
249.295897	1787824972485108224	47.650393932784496	-122.14019498639055	117.66652046492482	10.03044054143495	-0.024084165954274102	0.029836344839959297
249.401655	1787824972590108160	47.650398922511265	-122.14017043689259	114.98626308931746	10.03379343205356	-0.0022239111339563203	0.045913277591093635
249.511345	1787824972698108160	47.65041813930934	-122.1401515837502	115.27599612539152	9.984358844882442	0.013569488142424625	0.032996085985716926
249.608092	1787824972797108224	47.650435283386905	-122.14017434815754	116.60772617753014	9.966032373168684	-0.0658165944633497	-0.046464520914672985
249.706218	1787824972893108224	47.65041739868534	-122.14016451392585	119.81799328628232	9.938837996844327	-0.044834370397481935	0.03018014970626331
249.806113	1787824972995108096	47.650416708318595	-122.14015214934322	118.62657888026496	9.942663834809938	-0.010208378533432438	0.02684731585182792
249.906164	1787824973094108160	47.6504450759078	-122.14015703997461	119.9296249291218	9.996529732414547	0.00553953277443129	-0.0045380902690279985
250.002166	1787824973190108416	47.65044641950163	-122.1401639162217	118.72284038221395	10.046839824590416	0.06521134349920148	0.00242965568085262
250.107710	1787824973295108352	47.650488782342215	-122.1401782365495	116.90449170148524	9.981973785648355	0.047964309164239924	0.028585444783966397
250.197719	1787824973385108224	47.650483156625945	-122.1401428131507	113.81249202591029	10.01255825759203	0.06381133831781348	-0.022935444771612697
250.297391	1787824973484108288	47.650490848574954	-122.140138589395	116.96934939126831	10.016219307791319	-0.02799104043449743	-0.0017199831921015365
250.412907	1787824973601108224	47.65049458729844	-122.14019091211308	117.50571847970313	9.944848830359172	-0.10094015708866036	-0.04390617678527007
250.503173	1787824973691108352	47.65051099724325	-122.14019755963335	112.82750842620602	9.931710609473926	-0.02835588460510558	0.07593159509040037
250.591723	1787824973781108224	47.65051431227906	-122.14015930813487	116.06381555320216	9.953471406310767	0.03233640212967776	0.028644440037434202
250.699964	1787824973889108224	47.6505173464904	-122.14016046888952	119.31286151933787	9.943789396103325	0.012395203292049893	-0.013033005285952838
250.796702	1787824973985108224	47.65053867920162	-122.14017034667305	116.67791825433049	10.011740917185323	0.04308426909809159	-0.0268452167299242
250.906519	1787824974096108288	47.65052444165879	-122.14016964575241	117.91362945591317	9.92375526703688	-0.025351723851715365	-0.0062187956488121586
250.999873	1787824974189108224	47.650577700639104	-122.14017006863546	118.45567522996035	10.047843648494297	0.03633160437090784	-0.01364292714690939
251.098109	1787824974285107968	47.6505526926867	-122.14018575594096	114.64980724707706	9.975080330297692	0.003718614615672796	0.014799924470859796
251.210057	1787824974399108096	47.65056000016664	-122.14016532983617	116.36720267193965	9.982882677301706	0.055614825029034545	-0.07965859699106276
251.305416	1787824974492108032	47.65059384076584	-122.14017002878836	117.92024307038946	9.955176604106343	0.01618740826880899	-0.0031513955483079958
251.402453	1787824974591108352	47.65059076331603	-122.14013780050655	120.30769715163906	9.95609664711274	-0.09986938429521731	0.011619936136629094
251.501429	1787824974690108416	47.6506178041315	-122.14013180114017	116.55153900629416	10.042859896124364	0.0318385790214244	0.050081041981642274
251.603056	1787824974792108288	47.650616649053276	-122.14016752298244	119.37123546765702	10.030097247572208	-0.023107328681191905	0.09530921552374953
251.707061	1787824974894108416	47.650607077935895	-122.14015338655435	115.11080370253983	10.008240000859766	-0.07908712784138199	0.09176123036138167
251.796542	1787824974984108288	47.65062988950016	-122.14013850064885	117.26796015663982	10.051192107011738	-0.07026293715519748	-0.09449550759002276
251.888130	1787824975077108224	47.65063633043759	-122.14019130549846	118.883086654574	9.976782206300056	0.07194906702970007	0.0475076790443939
252.001098	1787824975188108288	47.650618686076704	-122.14017718902741	115.86801941599862	9.966491227522898	-0.013943692841989595	-0.013650383009115311
252.096993	1787824975284108288	47.65066715184093	-122.1401516306406	111.91364213359132	9.943348604172824	0.03732543976691003	-0.06074744371856993
252.207421	1787824975395108096	47.65065754758797	-122.14016489810389	117.3954685941296	9.94300723207114	0.05742760083283597	0.0767021044013173
252.304103	1787824975491108096	47.65066237064295	-122.14013421580606	113.87289333031961	10.058506853486527	-0.021499055180536398	-0.04375935210719427
252.405375	1787824975593108224	47.65067254623784	-122.14016770130051	113.251214309884	9.933470162533412	-0.05871048497714191	0.022505082878645104
252.499934	1787824975689108224	47.65068701506669	-122.14015876061642	115.09094471725521	9.977657147482669	0.1721145536299632	-0.015446763594386305
252.595288	1787824975782108416	47.650710181856894	-122.14009368884362	115.00556535339273	9.999617381354414	0.027972938392809413	-0.032463256485225
252.699060	1787824975887108096	47.65066142191195	-122.14017518195494	122.47144913728023	9.964962001476238	0.07883853539950128	-0.0016484262311184405
252.804919	1787824975992108032	47.6507238898601	-122.14016275953128	118.6813445701628	9.951865838810457	-0.0583986467473348	-0.0350685233682343
252.900861	1787824976088108288	47.650715678201735	-122.1401791735262	118.91269940925893	10.01190601518726	-0.010709786460356755	0.0036799337689594038
252.997217	1787824976184108288	47.65074603351721	-122.1401515954631	115.88911045986258	10.05257355972477	-0.03584597158545881	-0.018114074040638695
253.098193	1787824976286108160	47.650764432647776	-122.14016088427502	115.47237151876834	10.017585189682146	0.006623612311079817	-0.05313850062754786
253.195375	1787824976382108160	47.65073238758109	-122.14017654490875	114.53031899853134	9.953951329026246	-0.06579646741836734	0.007476696110501605
253.298012	1787824976487108352	47.65076451719954	-122.14017391273028	117.2587441652466	10.051284981204295	-0.009343079594068892	0.036951141418239845
253.394763	1787824976583108096	47.650747354918096	-122.14016872396533	116.65067788151252	9.939851460323206	0.01765181515109295	-0.0029902624214443313
253.499832	1787824976688108288	47.65078882775444	-122.14017390052476	115.53326760474013	10.015297343916261	-0.05750293562476558	0.010667497535869104
253.598974	1787824976787108096	47.65077395292809	-122.14018324498036	117.11587279142515	9.94756230814334	-0.12875720879615302	0.0457288018634059
253.697256	1787824976886108160	47.650801932114646	-122.1401375758069	114.11478689314976	10.007549842551784	0.013857976119409655	0.023042173354940285
253.791061	1787824976979108096	47.650818985833936	-122.14015218262799	117.64369617094853	10.037219760268506	-0.023134710578751685	0.03689288556306671
253.884477	1787824977072108288	47.650801822629354	-122.14020443745906	118.98265026962902	10.032655589376143	-0.004714516529011965	-0.04616666302006793
253.996294	1787824977183108096	47.65080176610696	-122.14016011865147	118.55557191877786	10.05157133396009	-0.03572525677268607	0.0007329245372088358
254.105360	1787824977294108160	47.650813001645254	-122.1401728947916	116.9038693718178	10.012618070374323	-0.03798206923113345	0.01694953612134912
254.199305	1787824977387108096	47.650839703205634	-122.14015307165273	115.64547912591752	10.053164389196821	-0.12573295406690735	-0.00661438219364455
254.295592	1787824977483108352	47.650840168723285	-122.14015938893208	115.31972540878311	10.042421522935076	-0.05449635601593095	0.026546098451025058
254.402868	1787824977591108352	47.65086053364211	-122.14019883791892	116.53609999224955	9.985766856387286	0.033703593733723836	0.05370478217934599
254.506766	1787824977696108032	47.65086791561749	-122.14017927420207	109.995748784991	10.05726454890488	0.10587800772641989	0.037547675192156245
254.592778	1787824977780108288	47.65088196467499	-122.14021051964615	114.18093872709132	10.013978491552551	-0.021791378989246955	-0.00099560765786726
254.698622	1787824977888108288	47.65089534333767	-122.14016560496802	116.78872366710301	10.031718971294596	0.0442425913823046	-0.07326294536495086
254.787398	1787824977975108096	47.650867675632746	-122.14017953273894	113.68983209400875	10.047948447559982	-0.004903575813567736	-0.02940803174190325
254.905318	1787824978092108288	47.6509076880288	-122.1401629480595	117.5630155818411	9.957888864389552	-0.021476096172809028	0.08562959768639018
255.003955	1787824978191108352	47.650887423616574	-122.14020311063814	117.76513902415601	9.970097455973438	-0.07200121250030483	-0.0579839092619081
255.093955	1787824978281108224	47.650909045998674	-122.1401660289756	112.16192003078835	10.062698316206864	0.011724176651567924	0.011698471655558235
255.196779	1787824978386108160	47.65092351639839	-122.1401684047276	118.244154312908	10.019506219219245	0.0593921784620659	0.0204538608244455
255.299384	1787824978488108032	47.650949370477065	-122.14015870986373	116.25689121399769	10.014129171255085	-0.04221116066413247	0.03776640121809943
255.404749	1787824978593108224	47.65092763676091	-122.14014280334337	117.05737256171456	10.01240211754074	0.1361369277531002	-0.06576828099071948
255.491840	1787824978680108288	47.65095620494851	-122.14015683549349	119.5511340199207	10.075505284324182	0.005323569359089922	0.0238650549034707
255.599241	1787824978788108032	47.65096107672801	-122.14018107818436	112.52366337734391	10.042354225621303	0.04559120839587405	0.02360370587195151
255.695143	1787824978884108288	47.6509555840449	-122.14016371024256	114.90837559489792	10.061957510073313	-0.06184810540949161	0.014160980895184345
255.798465	1787824978986108416	47.650981271652334	-122.14020892600288	112.77735828668972	10.030445810744082	-0.09311989418395517	0.002475803607573488
255.895681	1787824979085108224	47.65097869298212	-122.14014702282847	116.18390825753733	10.013384962060059	-0.01915507980614616	0.020896761371358416
256.000684	1787824979190108416	47.65102365343358	-122.14012828636562	118.16250163289709	10.005170531432134	-0.06571772379813091	-0.11554101782627962
256.103934	1787824979292108288	47.65100539121786	-122.14018195407309	119.23661442761394	9.99937446925784	-0.0006778265426890282	0.011244342819074217
256.186632	1787824979376108288	47.65102992446718	-122.14018533949107	116.77436763148535	9.946592268679378	-0.07511702848378257	0.0037341473738387652
256.310991	1787824979499108352	47.651040768378394	-122.14015304444683	118.38459806835901	10.041722802842763	0.023087462943906845	0.011461864454090993
256.399915	1787824979589108224	47.65105994269805	-122.14018162603935	115.09738407931997	10.05290123969077	-0.07463272036005578	0.029903644270925525
256.501876	1787824979691108352	47.65104049774422	-122.14017930881872	118.84567335616308	9.964478493240932	-0.03318641523936225	-0.0388175297881761
256.598275	1787824979787108096	47.65106025707024	-122.14014922551335	116.65034593303793	10.040376204806266	-0.04981975770066167	-0.019478255837313455
256.694728	1787824979883108096	47.65105491835722	-122.14017830158083	118.76401213354295	10.05589068756174	0.005499154988277067	0.021347678805181885
256.797726	1787824979985108224	47.6510738618101	-122.1401496084531	119.98584791670226	10.082446108595926	-0.01839057229869097	0.007704598690154467
256.903295	1787824980090108160	47.65107790591874	-122.14017805919812	118.15952523426391	10.02152979123289	0.10319981194871675	0.038330383884164855
257.014505	1787824980204108288	47.651071220459684	-122.14015289417125	117.05409201599193	10.023406260086059	0.02665928076709185	0.017457596005457442
257.093161	1787824980282108416	47.65111038831434	-122.14017387531462	116.63653265171354	10.052020179389348	0.023752850361717703	0.019425112118197963
257.201613	1787824980390108160	47.651106405766114	-122.1401349684716	117.62274586364195	9.928614925752974	0.030827208333163728	0.08636464508812128
257.301163	1787824980489108224	47.65112696262305	-122.140131605352	119.33239237869128	10.018230850929582	0.028342523969984282	-0.03520137029685179
257.410106	1787824980597108224	47.65111852480517	-122.14019236532079	114.62384787168219	9.928746462823892	-0.07077771200687828	0.044762127630504356
257.493796	1787824980681108224	47.651143910173204	-122.14014582391778	115.21920055047978	10.022011554657912	0.10641289158409716	0.048194667595565066
257.606675	1787824980795108352	47.65116116885636	-122.14016065056308	115.25662185369355	10.025033963512303	0.0460278475644572	0.007848392834638427
257.702239	1787824980891108352	47.65114691331063	-122.14017909018344	116.85138110726571	9.984300051806134	-0.03815520664749882	0.011360476149919967
257.806006	1787824980993108224	47.65115381599854	-122.14017169690324	118.35017940521107	9.952475023823135	0.03675519637028129	-0.04325615738165891
257.905860	1787824981095108352	47.65115743286904	-122.14020495468161	118.61375880807307	10.006311487667773	0.006221964109745019	0.019052262596658508
257.997842	1787824981185108224	47.6512039669913	-122.14022589180526	118.33825492281724	9.995376807774669	-0.026513175354354213	0.002227396582772817
258.096853	1787824981284108288	47.65118945275036	-122.14014683081061	115.801730014358	10.033571846935526	0.001994161939791225	-0.0018180206448831196
258.192980	1787824981380108032	47.651200151916825	-122.14016766502654	116.86377551277461	10.064539121142591	-0.05172185138692059	0.026881405875728927
258.296598	1787824981485108224	47.65119072290618	-122.14017262375191	117.11259256989614	10.054823739223453	0.07592648716392197	-0.00640290784355463
258.389083	1787824981578108416	47.65120398670233	-122.14014734848872	118.67803464354174	9.890143937638069	0.07566484149554596	0.026180346728768667
258.487065	1787824981674108160	47.65123113982109	-122.14014462601595	119.7517869164113	9.973198000507596	-0.08542889809463439	0.0622776457086386
258.597908	1787824981785107968	47.65123660329816	-122.14023704920417	115.92331166095673	9.96326451089946	0.03811308806381514	-0.0072809565370274484
258.702781	1787824981890108160	47.651235573055324	-122.14013933477608	115.20225185495016	10.039594628323922	0.016261864338990958	-0.007470002366412378
258.798087	1787824981986108416	47.65124943707828	-122.1401689854032	118.37843361548273	10.069205192066946	-0.04501785835328761	0.06521082970132498
258.901444	1787824982088108288	47.651265154110604	-122.14018454926591	115.92452147532133	9.966175133618476	-0.06063293607024783	-0.010228460707475077
259.012532	1787824982202108160	47.65128333354159	-122.14019293397503	116.36561145283846	9.904989671520127	0.06253449329905415	-0.011014307842545453
259.103558	1787824982292108288	47.6512717831668	-122.14017313741195	113.75082726121761	10.020232969568411	0.014363309355461349	-0.030567149155298307
259.194436	1787824982382108160	47.65127901781002	-122.14017465630182	117.94431627171677	10.049747102332605	-0.10776325212943563	0.041300490640384824
259.300394	1787824982487108352	47.651312398837916	-122.14015603926381	116.79649086431331	9.920587574955306	-0.016174034433902452	0.00820972365482398
259.390993	1787824982580108288	47.65129024417167	-122.14018405047507	116.66497081274015	9.93480551476962	-0.11084546920469106	-0.021796785136295307
259.490876	1787824982679108096	47.6513122855977	-122.14014964317082	115.10582874157305	9.900256265835765	-0.10665173727228978	0.04491652005576333
259.591094	1787824982778108160	47.651303850346785	-122.14014776319084	119.50842125360606	9.998548242458698	-0.034400469291925036	0.03044617039084
259.702926	1787824982892108288	47.6513440579353	-122.14014433638373	116.84280558957235	9.938115987547144	0.0904444372981042	-0.033471368060807624
259.795180	1787824982982108160	47.65135007671542	-122.14015753554703	119.81671812322388	10.002230687425028	0.08216358599892948	-0.03456192090098827
259.897115	1787824983084108032	47.65136773029304	-122.14015995322545	114.98066541965198	9.957760631023568	0.02683822893699076	-0.09464529866838288
260.004965	1787824983192108032	47.65135144018151	-122.14020928211194	115.02701532157322	9.999692093757131	-0.03589589201203485	0.04394616700863782
260.088976	1787824983276108288	47.65136377394831	-122.14019137316734	114.91591668830736	9.988815572496588	0.04465118020405559	0.03224690546115255
260.200471	1787824983387108096	47.65136733168098	-122.1401768015613	117.94201524552426	9.916603583676203	-0.0572356994173767	0.02731549872428502
260.302220	1787824983489108224	47.651388999907084	-122.14018353489983	118.01699429041925	10.00403368810257	0.003515244615553428	0.005731830292838181
260.404544	1787824983594108160	47.651404639018956	-122.14015828141561	114.64531378618445	9.9408775672378	-0.017129702664687697	-0.006989703912704851
260.493733	1787824983681108224	47.651386982864736	-122.14017944015727	117.77012998367918	9.992762757791578	-0.10008940170958354	0.02841027815410567
260.600010	1787824983789108224	47.65140163529822	-122.14015542751221	116.5981997786407	9.875459266222556	0.027475714277281717	-0.014995942673992525
260.705081	1787824983894108416	47.651434877291656	-122.14017132494097	122.19689674233507	10.031602345466116	-0.04796657648259061	0.011360103189633012
260.810709	1787824983999108352	47.651435182065164	-122.14015671251948	119.28117207193554	10.034791897910933	-0.01190521654687111	-0.06933686081193298
260.902061	1787824984089108224	47.651412297332385	-122.14015789109676	114.9102436370935	10.023873630546609	-0.009706185999872595	0.03925045818445345
260.999331	1787824984188108288	47.65146317417128	-122.1401533764792	117.675098291449	10.026282441520323	-0.043145280103677415	-0.04765806882518649
261.098636	1787824984287108096	47.651477874185765	-122.1401886065225	118.39158288758203	9.926905976375958	0.10362966684203659	-0.052972117260489816
261.203630	1787824984392108288	47.65147349220366	-122.14022006532709	115.07168651100805	10.016288008930276	0.03514840513857986	0.10100282034553619
261.288043	1787824984476108288	47.65148492045298	-122.14014017354262	116.20179682224405	9.89145403023874	-0.033244329440081447	0.041517866892792285
261.393487	1787824984581107968	47.65149279984143	-122.14013526847414	119.22365635467108	9.979433593434486	0.06836306970680393	0.00865470316875693
261.501842	1787824984689108224	47.65150002408474	-122.14017891851564	119.27567196039108	9.965466934029992	0.054474094144547416	0.0077579816205827785
261.603501	1787824984791108096	47.65149463557697	-122.14015836285529	119.3892243891347	9.935164001564731	0.007383586087894691	-0.058082770508808605
261.704001	1787824984893108224	47.65155039709818	-122.14015669948886	114.83599720609101	9.939211564533686	0.021202378434786992	0.014592495471372414
261.808351	1787824984995108096	47.6515124483502	-122.14018695363727	120.5464855972498	9.91984139352064	0.06707912009365667	0.04650059380912143
261.890422	1787824985079108352	47.651527685619634	-122.14019986597052	119.09669817311658	10.037986922180297	-0.011116184826347719	0.022148854906203785
261.998724	1787824985187108352	47.65151995643554	-122.1402083118516	116.29184309548849	10.007119490458985	-0.030133976903039112	0.10856605537459135
262.093539	1787824985283108352	47.65156152142996	-122.14019175240031	116.43724128873275	9.93712849420796	-0.022184870667418935	0.02418677351917642
262.201345	1787824985388108288	47.65157160290761	-122.14016081983307	115.49466943819502	10.072611248199921	-0.10065074252239165	0.11309045990616773
262.300270	1787824985487108352	47.65157284868272	-122.14018870586548	116.85892422768788	9.983285047132151	0.06642474470203401	0.031022313623101656
262.394278	1787824985583108096	47.651571491590104	-122.14014757080456	122.57478264315685	10.05866259123801	0.07409413617942359	-0.022049259985769655
262.503468	1787824985691108352	47.65160956379838	-122.14014693869487	119.87303913464015	10.020409868252186	-0.032998628675001224	-0.06987246293197578
262.597226	1787824985784108288	47.65159742738814	-122.14017437079373	115.14179480263788	10.17886229792581	0.04642692314800558	-0.017347054719834037
262.690107	1787824985877108224	47.65156881819992	-122.14015519273178	120.44223826781273	10.057174883994158	-0.01895614961351024	0.004496037289123806
262.806875	1787824985994108160	47.65161832403155	-122.14016832993755	114.55400354419179	10.015805434141537	0.01651726262481548	0.01492025153468647
262.889834	1787824986078108416	47.65160878341874	-122.14017561713446	115.1387377394847	10.039917161519384	-2.3271104271361746e-05	-0.09748769681086968
263.002423	1787824986189108224	47.65165839861563	-122.1401627671838	114.41883184098577	9.977270368788469	-0.033877460679467446	0.13462423743572513
263.099467	1787824986288108032	47.651633464556525	-122.1401731655902	123.18873901500538	9.953056170772866	0.06160223193218928	-0.05820063289453773
263.202418	1787824986390108160	47.651654359692245	-122.14016246774605	116.4391441827059	10.053571112747198	0.036072735625849804	0.030212495118157975
263.292672	1787824986480108288	47.65164759735385	-122.14016686270531	117.1752158543943	9.987744723300993	-0.03113445547623414	-0.003600625200967728
263.391334	1787824986579108352	47.65164070060506	-122.14017134646039	117.94189373320778	9.972036211377866	0.025926604318346633	-0.07799436175066228
263.492922	1787824986681108224	47.65167009138551	-122.1401578202925	119.0300178368602	9.990973801845614	-0.004206862067913762	0.05494548249263026
263.603947	1787824986792108288	47.651700829389334	-122.14020401745113	120.81399451428803	9.938982841289521	0.03780233794861635	0.013349782063722193
263.711558	1787824986900108032	47.651696614278215	-122.14013741494848	113.892344351576	9.915388023225326	-0.08729824241913023	0.020423553901664348
263.788899	1787824986978108160	47.65169976781752	-122.14018242137189	120.62585342637999	10.03513656924315	0.019033388270482864	-0.01761785370484635
263.908498	1787824987095108352	47.651714811047015	-122.14013191420463	112.7207251050814	10.097314888967283	0.001067697315510936	0.0200617799961305
264.000453	1787824987188108288	47.65172131924481	-122.14014937535012	116.20997480370652	9.938156564848645	-0.027058848029013573	0.014513960150380768
264.103374	1787824987290108160	47.65173949514458	-122.14019497678136	115.8369539904715	10.05384105829933	0.054769365552199946	-0.03817122279340566
264.209180	1787824987398108160	47.65174684002191	-122.14015450453725	116.71533154955561	9.957180832209218	0.01957302182145165	0.004168419081762903
264.310919	1787824987500108288	47.651738337003415	-122.14019517592558	118.82308350280428	9.997127228027928	0.01985752140432618	-0.06157958291587815
264.407492	1787824987596108288	47.65177107487815	-122.14016497343879	114.83705507045202	9.949762158704138	0.06515750736187566	-0.009309423032232126
264.497041	1787824987686108160	47.6517730089388	-122.14014683319176	117.19992599721127	9.968437207075143	-0.024848918497887035	0.0819601864995205
264.604936	1787824987794108160	47.65175794958336	-122.14015285240512	117.0027661261215	9.94826666136551	-0.02645540187181594	-0.041289804126366916
264.697273	1787824987884108288	47.65179236882561	-122.14016042245288	117.96700449432363	9.989157373419523	-0.024220111023115155	0.01588853961260394
264.804443	1787824987992108032	47.65178972062857	-122.14014418287071	119.7446723490669	10.027099789478733	-0.021136262350539173	-0.0429131898043392
264.902827	1787824988091108352	47.65181873626199	-122.14015684041233	117.14269040692075	9.919620540664077	0.05540717871171899	-0.056220732037824676
264.990445	1787824988178108160	47.651825914557875	-122.14020377800009	118.14638134818836	9.991833298891736	0.08076989813249838	0.008285256940464355
265.093166	1787824988280108288	47.651809031984165	-122.14018102169473	118.26342683681372	10.000454998418807	0.06854652400966209	-0.02464976636114101
265.205169	1787824988394108416	47.65182999314733	-122.14017196083252	117.51000026142658	9.923126924384068	0.002101649708723527	-0.021238267916555354
265.297515	1787824988487108352	47.651845749478404	-122.1401879014762	116.13310306987373	9.96967570331471	-0.005643665430345994	0.0782616956778045
265.399092	1787824988586108160	47.651880191650534	-122.14014548264922	118.446211219799	9.978690572503014	0.05178948052120637	0.04041617560426128
265.501874	1787824988691108352	47.65186140334055	-122.1401666427396	115.39600622320984	9.98958065167408	0.022688030595912494	-0.026752037403074132
265.602326	1787824988790108160	47.65187173207679	-122.1401746491703	116.7865542777816	9.933136175743495	0.07990153935046843	0.05665534770359031
265.695841	1787824988883108096	47.651873660851344	-122.14014070186052	114.81543212189067	9.934187194391981	-0.0945413141659871	-0.012107295324633623
265.798438	1787824988985108224	47.65190821984687	-122.14015457829966	116.40686035188831	10.033549040143798	-0.0021072128610073347	0.007423584248013535
265.903948	1787824989093108224	47.65190009984718	-122.14017927384549	116.63738151233217	9.957975197856827	0.022418717877424697	0.034877177783907
265.996702	1787824989186108160	47.65188894167259	-122.14018242461835	114.62149367857359	10.064418919839973	-0.16086297326949328	-0.01949166205457722
266.101945	1787824989291108096	47.651897927506376	-122.14018948069427	121.8907848800337	10.031670364237073	0.004225511138682087	0.10782894536652346
266.201246	1787824989390108160	47.651910993143325	-122.14014460181848	117.60573489952618	9.911535976974248	-0.025200170759288078	0.08045054936481352
266.308363	1787824989495108096	47.65191972652535	-122.14012469686848	115.01434934572345	9.970352194746628	-0.0448255696607761	-0.044215023608333515
266.401520	1787824989591108352	47.65195714698365	-122.14015618819171	116.75280780393653	9.939352742150172	-0.07781400430871016	-0.01907420354763285
266.512854	1787824989702108160	47.6519514053317	-122.14016223869693	122.31165141620168	10.027814710781914	0.0029623762266655015	0.00035658435640795725
266.589476	1787824989777108224	47.65197554486913	-122.14017298348206	117.46561085751621	9.96259050032504	0.04433561823182672	-0.00015349972498849396
266.703324	1787824989891108352	47.652003062568866	-122.1401866940616	117.27092503072822	10.022161167415042	-0.08368460000551907	0.07696924114523224
266.794072	1787824989981108224	47.6519770661449	-122.14015214409747	119.6594689399691	9.992022501788426	-0.04765586363504931	0.05036910475335252
266.905318	1787824990092108288	47.65200264064769	-122.14017259370793	117.1437332305324	9.917391766901419	-0.028400852514633698	0.02796719103648744
266.996569	1787824990185108224	47.651986534523054	-122.14016143759432	117.25075244651792	10.036213330547568	-0.05961911098993729	0.005225969792102763
267.106517	1787824990296108288	47.65199700091511	-122.1402212433345	119.25341693365029	10.012466583352735	-0.012443465498640612	0.06690576455405728
267.194240	1787824990383108096	47.652040727776544	-122.14017888079923	115.30595011861628	9.923152621539517	-0.028310664441676667	0.08165362024005307
267.292233	1787824990479108096	47.651999065322975	-122.14016022836958	121.75805758033711	9.980878924800693	0.02015240166936451	0.04070697670032053
267.393054	1787824990581107968	47.6520193886795	-122.14013864147452	115.32916548096297	9.939205062955896	0.08573944043999054	-0.007869857454621368
267.494018	1787824990683108096	47.65206194277799	-122.14016624218006	120.00788586616592	9.934944231860435	0.09033819328512843	-0.025955413321067183
267.593317	1787824990782108416	47.65206774042433	-122.14017058111988	112.72083618590264	10.031590633438885	0.012956921975096729	-0.03913198219470769
267.701405	1787824990890108160	47.652060604698946	-122.1402027296454	120.3212228885931	9.987378247932453	0.041523954268298864	0.05471692787347259
267.792360	1787824990980108288	47.652051481147765	-122.1401601143085	119.88521794443133	9.990566654939569	0.024976226034415332	-0.03289017185238081
267.896984	1787824991085108224	47.65207930462811	-122.14016882701092	115.7715289051483	9.986252341421599	-0.010771517838761221	0.0041755145826187666
268.003962	1787824991193108224	47.652086932063746	-122.14021552649629	116.35439459228817	9.980292891556438	-0.09657095871620598	0.06379333660759916
268.094865	1787824991283108352	47.65210702124402	-122.1401818047701	116.0838476012596	10.03285308937441	0.023131365959360307	0.057711416786800196
268.191592	1787824991379108096	47.652095313233644	-122.14016941385677	117.7503017784717	10.045600861149941	-0.00011681460292372952	-0.016159603744031668
268.310910	1787824991499108352	47.65211175424709	-122.14016072578347	116.51059708034153	10.08846152266574	0.0078230320970213	0.0041588069452740805
268.402906	1787824991592108288	47.652113213771315	-122.14016077999398	120.28115718495658	9.993186544290783	-0.009526056790919052	-0.01581432318489134
268.490277	1787824991679108096	47.652135670701426	-122.14016057799004	119.4328162652277	9.951185101474326	0.009718789905603598	0.06698404900976516
268.597825	1787824991787108096	47.65214256764036	-122.1401293955411	116.36900892604956	10.014293324038055	-0.0026757188915286054	-0.08316287083284052
268.701783	1787824991889108224	47.65214167505905	-122.14013688941768	120.20290152535581	10.039618494600047	0.03251226220437432	-0.005603834194271986
268.797658	1787824991985108224	47.652178094965	-122.140144055806	116.43319993771831	9.978177056491186	0.010720801664538567	-0.028129750329763132
268.906110	1787824992093108224	47.65215600618642	-122.14014128835024	118.15474854339902	10.037778639940832	-0.051601119088681695	-0.015400367489118922
269.006895	1787824992195108096	47.6521510156086	-122.14013970141737	114.68920218440287	10.006952965186683	0.0008530745910029329	-0.02907013622235092
269.096234	1787824992285107968	47.65215758706651	-122.14016818746076	117.73999397938552	10.093884748619177	0.04810313090526106	-0.003565376809256693
269.203186	1787824992390108160	47.652185633955085	-122.14015997447478	121.07185014816508	9.952687422319144	-0.06279406656867635	0.04603384175434402
269.297347	1787824992486108416	47.65221385921119	-122.14017493626916	112.8257188307335	10.002753861091747	-0.1031841807783768	0.014952380653769992
269.376032	1787824992564108032	47.65222818939494	-122.14016086447441	116.89291232339777	10.061028570350391	0.008983416948758092	-0.005460843292047664
269.498534	1787824992687108352	47.65218984849014	-122.14016949419461	116.54012130588491	10.012772137232027	0.015679592284743117	-0.014993299536317653
269.598900	1787824992786108160	47.65223551030723	-122.14015201437226	114.36185946471618	10.005139700607478	0.004807507611164469	-0.05074392450884684
269.697415	1787824992885108224	47.652240951146496	-122.14018159704247	114.89091358422617	10.008457804439814	0.01932676005634669	0.013675025695067514
269.793587	1787824992981108224	47.65223628293898	-122.1401922088699	120.76483368292469	9.991826008474852	0.07267618428199066	0.010006023021630532
269.892201	1787824993080108288	47.652264511392104	-122.14015770676954	117.8637238662381	10.000539167851846	0.12209206387125802	-0.05456961979426536
270.007298	1787824993194108160	47.65228706256581	-122.1401895847751	116.99919987315013	9.979890453576358	-0.011836738837643619	-0.09966728031869033
270.095078	1787824993284108288	47.6522792511719	-122.14013500445584	114.85356577497313	10.033512817237902	0.011399028606894764	0.08845785212536746
270.202320	1787824993389108224	47.65226473463901	-122.14022821971292	118.24866287461438	10.061507140486562	0.04373992036593094	0.055906199002140666
270.291024	1787824993479108096	47.65229228340617	-122.14015699944113	113.85948639563244	10.070649176925413	-0.0112435983485179	0.04614611009326844
270.396402	1787824993584108032	47.65228728072162	-122.14019377957416	118.34144524437248	9.948604879572121	-0.025359863630185178	-0.007836220240271242
270.502491	1787824993689108224	47.6523166386237	-122.14016777524853	114.28577031426927	10.024464770139378	-0.03736644718944206	-0.003330869798988719
270.601566	1787824993791108096	47.65230758501352	-122.1401668885196	117.75412773496976	10.007780311756122	-0.03255948166399632	-0.0020017636425876026
270.697933	1787824993887108096	47.652292285306984	-122.14017780018791	115.39083759858143	10.029387278725462	-0.026767400647120472	0.05038279913188401
270.800831	1787824993989108224	47.652330831050925	-122.14014232019075	116.76220817238189	9.960424798824882	0.011098625862492726	-0.09002428307680682
270.907667	1787824994097108224	47.65233755898722	-122.14016129016649	119.03740388577026	9.976549571253086	-0.015240361563500365	0.029185725402807762
270.996355	1787824994184108288	47.65234669621674	-122.14016668226516	117.32495270194795	10.002710254355712	0.07142059594593878	0.045333278831996913
271.102350	1787824994289108224	47.65235933862989	-122.14015300656226	112.97229180919852	10.09403724728682	0.0012204108999139779	-0.033001806004871535
271.200507	1787824994388108288	47.65237594797782	-122.14015912767813	120.71634278310319	10.066653010160541	-0.030773397890669907	-0.016328180912914797
271.298507	1787824994487108352	47.65237085351148	-122.14018838342133	114.16704537319805	9.999644102326956	0.03209927256791237	0.008232776100627568
271.398284	1787824994586108160	47.652399668361355	-122.14018409478422	116.36477121007832	10.091431493104352	-0.13092704552419387	0.06033624561323872
271.498998	1787824994688108288	47.65241388719349	-122.14015798275229	115.24214569174829	9.970377029042004	-0.00605252452342239	0.026310194363320438
271.603224	1787824994790108160	47.652403810215105	-122.14015814365726	115.5391597268907	9.881180199167774	-0.05238547864154158	-0.008529966116939893
271.698748	1787824994886108160	47.6523959778846	-122.14018418805091	119.97241900366146	10.049366974831022	-0.07794158725166218	0.011908681063190325
271.800859	1787824994988108032	47.652402287928474	-122.14016275533724	113.42469406942149	9.99380829769208	0.002853764982690167	0.04144119454424444
271.889728	1787824995078108416	47.6524148284734	-122.1401725201164	117.35884310621894	10.049593464292641	0.026391639913846396	-0.11089956513751509
272.006031	1787824995195108096	47.65243791469941	-122.14017480034344	113.7675516965412	9.956981379566635	0.02192708250611585	0.04050510417591402
272.099912	1787824995288108032	47.65243825175079	-122.14021149823756	121.00663728165202	10.000133691399407	0.023624337179976546	-0.043097565002335206
272.185785	1787824995375108352	47.652450930841304	-122.14018591513862	118.99035025302379	10.024620757208055	0.10637060674571955	0.03548672293637194
272.286118	1787824995474108160	47.652455934414	-122.14018210170228	117.38427040207911	9.961499118210304	0.13174820372192053	-0.07566376204647465
272.399745	1787824995588108288	47.65247089451591	-122.14016851008223	114.50001763250212	10.044034775967365	0.009909582794132754	-0.09476359172714982
272.512166	1787824995699108096	47.652499191065296	-122.14013949039852	113.49600082607924	10.011262581148891	0.07568970972256747	0.0605365889064021
272.586434	1787824995774108160	47.65250106795658	-122.140145201047	116.99682480737786	9.957189802995657	0.01572661023445505	-0.027556900547227748
272.695062	1787824995882108160	47.65249905826336	-122.14018528435584	117.05743283358436	10.018110051657066	-0.003121555914963734	-0.012997974959513221
272.800977	1787824995990108160	47.652523065405134	-122.14015929414877	115.96547425724584	10.076762136669343	-0.03727866606408362	0.040631625793933084
272.909188	1787824996098108416	47.65253811372586	-122.1401741328703	117.8442710128025	10.033137134439661	-0.03064262447595703	-0.08141686857383544
272.985430	1787824996173108224	47.65253202590761	-122.1401565861651	112.9030209012922	9.916108385992514	-0.015506707450112501	0.0014226087561630457
273.105492	1787824996293108224	47.65255119676614	-122.14013246706511	119.5243808105738	10.01715932480025	-0.010399996288487777	4.245204322453157e-05
273.199884	1787824996389108224	47.6525318600573	-122.1401461812336	115.94408983266642	10.017646397421876	-0.03770406340154184	-0.00968964390736395
273.283654	1787824996473108224	47.65255287782751	-122.1401464251911	117.8205243443645	10.077420830642149	0.01240723760541881	-0.021349323177422334
273.401992	1787824996590108160	47.65256799326732	-122.14012856729049	119.04656881591437	9.9881049476143	-0.0003300905322842493	0.010244499729930828
273.491551	1787824996680108288	47.65256268063852	-122.14020031276401	123.66560348121264	9.948737166734034	-0.02775731799683284	-0.05646356632107266
273.601468	1787824996788108032	47.65257692778141	-122.14017984907312	118.00255874786801	9.998696293305555	0.020699210684329384	-0.04510916805564446
273.703333	1787824996890108160	47.65259194031896	-122.14017354174892	117.8873758594016	9.946919069386725	-0.06824924819919691	0.04222302471073491
273.797662	1787824996986108416	47.65261352542871	-122.1401638768533	119.06623845074182	10.000549853013982	0.04953715299533575	0.014656035410524838
273.899257	1787824997088108288	47.65261378973095	-122.14018080174871	117.90161224530937	10.004994663484892	0.048658406109679746	-0.056170430828759124
274.005847	1787824997193108224	47.65262687364648	-122.14013307979427	115.68381552602833	9.981051888718827	0.07244203974365598	-0.016770767488741015
274.097561	1787824997286108160	47.65262916372336	-122.14019386606446	122.66912672709506	9.901591574414628	0.08355385672601295	-0.02508835259519729
274.205571	1787824997394108416	47.65265983849874	-122.14017872857566	118.75069782963703	10.01223865828428	-0.022475777283106513	-0.0034940289149434987
274.301192	1787824997490108160	47.6526389897594	-122.14015751714875	121.6277620640815	10.050113647360014	-0.012929945876699659	0.029671066529653147
274.410976	1787824997598108416	47.65264856536038	-122.14015672153124	113.03526454634562	10.057851024218165	-0.03650661944238711	0.10422599072842098
274.498935	1787824997688108288	47.65266170662163	-122.14019147431178	116.11604024922921	10.080119934186376	-0.0109605011900087	0.06051325134315536
274.602453	1787824997790108160	47.652641853280926	-122.14017979313327	115.96712225445634	9.995157095715369	-0.04279069631993869	-0.04441853290692474
274.701291	1787824997889108224	47.65269863342783	-122.14014858565261	113.88027795490508	10.002875076792385	-0.02176452463691691	0.01907989034453403
274.803048	1787824997991108096	47.65267870548803	-122.14017510099792	115.54781451776518	9.92036374905876	0.10029105678837223	0.02063408765915648
274.886776	1787824998075108352	47.652694979359225	-122.14014485137668	115.31892766091322	10.019927678700533	-0.08819530597227686	-0.08193878367545297
275.002420	1787824998189108224	47.652736110540275	-122.14019591885511	120.15533450287006	9.938096826627008	0.018261443125824933	0.03251541606081904
275.101375	1787824998288108032	47.65273744584152	-122.14018456078365	118.17123323753943	9.948675647098591	-0.0012927569757599784	-0.023415006530713024
275.201529	1787824998390108160	47.652745618710725	-122.14017236945438	111.92360071719634	10.012937595968756	-0.02146713185970315	0.05808441535055525
275.294613	1787824998483108352	47.65271661339386	-122.14011486632124	118.90384770241546	9.92705626244364	-0.02271672175678036	-0.0008625351627470248
275.404577	1787824998594108160	47.6527535296046	-122.14016955932493	114.48454767927043	10.135301372968812	-0.038632903385282955	0.006429100542429934
275.500791	1787824998690108416	47.65275716757349	-122.1401754416051	113.78222871771031	9.999334375185303	0.00748698188178082	-0.017335828259798042
275.599991	1787824998789108224	47.65277733151547	-122.14014503168754	120.21236600592232	10.040597876464943	-0.05111044093007588	0.025026066741223818
275.699826	1787824998888108288	47.652762721636925	-122.1402022147527	114.75938744885518	10.046336719947837	4.009108382316914e-05	0.05369777824013116
275.801053	1787824998990108160	47.65277546052478	-122.14014560476532	117.73096900602883	10.071481952287803	0.007774894929418484	0.028851916976957534
275.902174	1787824999089108224	47.652802170285575	-122.14017372604795	115.67682112186658	10.061660600828198	-0.006444442302520989	-0.0033842691302079357
275.999964	1787824999188108288	47.652812538684614	-122.14017196356845	114.2804748648766	10.113469990737716	-0.03022423080814834	-0.0006558691307833903
276.103211	1787824999290108160	47.65279370048905	-122.14018161187812	114.06124231645643	9.973374780836242	-0.034087289156752236	-0.02202485439792513
276.199200	1787824999386108160	47.65284787250202	-122.14014976240874	117.24612999968568	10.043259345791952	-0.02825488328618976	9.564300727350042e-05
276.296629	1787824999485108224	47.6528290123263	-122.14019667311297	116.98389292546561	10.015393686507506	-0.024070632220646766	0.07091331973458646
276.394070	1787824999581107968	47.65283973633151	-122.14016421730686	119.901565576861	9.987471262584982	0.002972462545546748	0.057889075554020335
276.490445	1787824999677108224	47.652851936383584	-122.14016857563006	118.77991199341031	9.959946094419573	-0.06146406744941399	0.024046206898006423
276.601268	1787824999788108032	47.652837443272475	-122.14017906543239	117.10224725987038	9.90370499908164	0.04083997146052323	0.06898009681851981
276.703917	1787824999893108224	47.6528839569471	-122.14016439939464	119.46051934662617	9.931852299814	-0.010004695850461045	0.011977802314949614
276.807413	1787824999995108096	47.65286758372415	-122.14017664626647	117.55719299576685	9.950437098644269	0.030591143569671575	-0.010818703685773697
276.902675	1787825000091108352	47.65289555273376	-122.14022199890904	119.0205370319918	10.040169721654161	0.109007221447022	0.029515717531128693
277.001143	1787825000190108416	47.65288486594973	-122.14018788837303	116.21152936177558	10.03596400777706	-0.09859004707364454	0.12925710224021317
277.101908	1787825000289108224	47.65289525814869	-122.14015059164188	120.66419870136896	10.043424907018254	-0.03671861782677078	-0.06581556876199096
277.178305	1787825000367108096	47.65293753376723	-122.14017180096471	117.10933262315676	9.98958206534476	0.019856216372893164	0.037651797897658885
277.300472	1787825000487108352	47.6529146910752	-122.1401802589354	118.76062175432932	9.925849915242535	0.04842639785613764	-0.05713810665571411
277.405131	1787825000592108288	47.652930370160426	-122.14013856808492	114.36670644795515	9.989538229351545	0.021003190081991793	0.0026274395959026016
277.500667	1787825000688108288	47.65290699125831	-122.14017142027234	121.54404920793147	10.003290110788745	-0.03838699524479147	-0.028064732293361472
277.606624	1787825000796108288	47.65296413790911	-122.14019281017731	116.09399746514144	10.028566319980722	-0.013906273451365837	-0.04844525333976861
277.703278	1787825000892108288	47.65295494082748	-122.14014630106153	116.42005261231427	9.924038546828411	0.07708059208253014	0.013123991053826277
277.805067	1787825000994108160	47.65297030648732	-122.14016840031594	119.2566634841056	9.93256783274068	0.01564361400498382	-0.08114764572177453
277.890216	1787825001078108416	47.652946267124456	-122.14017509999579	121.92398293543091	9.945691186008947	-0.019017899513355477	-0.04376993705760052
277.992007	1787825001180108288	47.65298507191756	-122.14018268957196	119.18333694365582	10.053040882733047	0.09823998227630608	-0.05139409461306252
278.105178	1787825001294108160	47.65300494809042	-122.14017994687609	119.52256984952332	9.97405699924556	-0.02861397297189838	0.011080736663908422
278.199620	1787825001387108096	47.65300816330772	-122.1401241095802	115.99072875820173	9.98996382926655	-0.060086932831003984	-0.031062031368447797
278.288561	1787825001477108224	47.65302308916168	-122.14018952763598	117.18600028444126	9.9784665629601	0.050678373170690495	-0.036306073383352004
278.394993	1787825001582108160	47.65300757709737	-122.14018628417624	120.06537826816701	9.941540708763025	0.1195832555498741	-0.003755301281038624
278.502207	1787825001690108416	47.65303315156278	-122.14016024924372	115.7998339942908	10.047694345847715	0.03249453599518131	0.017426819373499873
278.602609	1787825001792108288	47.65303180122059	-122.14016793092037	111.59971172468096	9.9702356479017	0.011531802692497957	-0.027219593310977886
278.701693	1787825001891108352	47.653046445131764	-122.14016399956199	118.54046545231988	9.925841585019024	-0.02320351223942016	-0.04101700259925853
278.794448	1787825001981108224	47.65303298574989	-122.14016461883152	117.5421978621591	10.004473220649457	-0.00651011959945955	0.02995056086525773
278.896806	1787825002086108160	47.653079752515914	-122.1401878295874	117.6243833373617	9.999887396806526	0.10419781238538886	-0.0036659747892274896
279.014041	1787825002203108352	47.65305328595178	-122.14013725661098	116.69085017939301	9.896903991971307	0.015061966980122528	-0.002891046736775755
279.107688	1787825002296108288	47.65307593507982	-122.14016966192288	116.33323615742782	9.995912783910677	-0.03213835851201939	-0.013374229664992882
279.202959	1787825002392108288	47.65308052808244	-122.14021249910886	117.22853603940992	9.998151535784325	-0.03732704815360499	-0.08143690790127456
279.298943	1787825002488108032	47.65309631395789	-122.14018426352247	113.88067063537699	9.977515386381267	0.001962994012856579	0.08403759665617536
279.402002	1787825002590108160	47.65310084594249	-122.14015891508967	119.20706628870191	10.075118360732255	0.0032847615340248614	-0.016665403405936703
279.484728	1787825002674108160	47.653125502430306	-122.14016834676161	117.05416532602686	10.069103457882774	-0.001211749628717908	0.04179111336672227
279.604363	1787825002791108096	47.65312357963519	-122.14016902815062	117.96797937413623	9.990755500118585	-0.05497536116748824	-0.03976023505261942
279.697409	1787825002884108288	47.65313714559316	-122.14019850892987	116.46574806128146	9.993010109284214	0.02809031096964821	-0.01669822119530192
279.797737	1787825002986108416	47.653149713010954	-122.140174100648	117.67771361709744	10.074766246577774	0.08493015614128663	-0.032004579347522696
279.900625	1787825003088108288	47.65315171360766	-122.1401977758729	118.6768040478081	10.024944538358428	0.06216889303041841	0.0006800142420991021
279.991079	1787825003178108160	47.653161780943435	-122.1401250556358	115.77490654000903	10.028098164192599	-0.028264517239512035	-0.03183404000628439
280.090011	1787825003277108224	47.653151578964405	-122.14013589712128	121.34013844005528	10.047290571461863	-0.05752870353257118	-0.03182040043382855
280.202192	1787825003391108352	47.653165212052954	-122.14015226658269	113.91319329526647	9.942319053652723	-0.024500253790033955	0.01688694654004767
280.297374	1787825003484108288	47.65319264952291	-122.14015831765154	115.59135822441606	10.018774450344479	-0.020758126093750856	-0.12536628058107394
280.394376	1787825003583108096	47.65320219633069	-122.1401867152858	116.71388660806326	9.99954414093247	-0.021120566081664825	-0.016631783835133387
280.500938	1787825003688108288	47.65319621263702	-122.14017723414602	118.05734637526751	10.120861729321994	-0.006492064281274717	-0.05384098819748304
280.611683	1787825003799108352	47.65321343197564	-122.14014226987702	116.05022078622636	9.99132956558371	0.03798820929346421	-0.00874582775423961
280.699910	1787825003889108224	47.65320111156205	-122.14017437076795	115.8256405552256	9.90769515697226	0.024576983448261248	0.07461893763398235
280.803424	1787825003991108096	47.65324345377636	-122.14018279606746	115.16517732968649	10.034295735171668	0.004666285885843753	0.03856940371719089
280.908098	1787825004096108288	47.653233291457134	-122.14014847869207	117.3359698943915	9.94704263388378	0.04581135801415528	-0.0353044346033793
280.998429	1787825004186108160	47.653273493737885	-122.14014514484019	115.38928109895387	9.989414773893953	-0.04693894462591204	0.03884901574602444
281.104709	1787825004294108160	47.653241459174325	-122.14018589968443	116.34747228837671	10.01190147234835	-0.025367826510178645	0.0030204397783500808
281.199346	1787825004387108096	47.65325402761345	-122.14015541788177	119.39714766651164	10.013688838933227	-0.0311039001018857	0.03998757153286671
281.300508	1787825004489108224	47.65330800885325	-122.14019280331334	112.60162200685286	10.10317800342102	0.03524773098950149	-0.08019373171489956
281.404861	1787825004594108160	47.653312181263054	-122.14018086367457	114.68777563929586	10.02321307772132	-0.06319524961681708	0.042244279126149004
281.501960	1787825004690108416	47.65330055828641	-122.14017243879645	121.04305498941221	10.02795211361135	-0.020853108033641345	0.012922265607884571
281.608456	1787825004795108352	47.653299137699726	-122.14014140398962	119.11581350502516	10.042740768047679	0.035385108877840014	-0.03044826896932597
281.700157	1787825004888108288	47.6533288734598	-122.14018997489957	114.0780579993245	10.094311346407192	-0.011251824375436252	-0.006393512123453252
281.803695	1787825004993108224	47.65331448906075	-122.1401471489696	120.35038480053532	10.046156052590305	0.09058043719196626	-0.01623682893975886
281.902383	1787825005089108224	47.6533322520777	-122.14017600910935	115.85293537501273	9.970959680264302	0.007126917474966155	0.037074440915093036
282.000985	1787825005188108288	47.65333654721321	-122.14018329547403	120.20742680259676	10.014007768329538	0.07165264102979733	-0.06852604867315037
282.096796	1787825005284108288	47.65335449385871	-122.14018342377176	117.02805449163614	9.907684620502714	0.004373655285045948	0.0004634723220663421
282.195059	1787825005383108096	47.65337170107566	-122.1401895192798	117.80033488022674	10.085727117518902	0.00012916666777572805	0.07136154837740892
282.306958	1787825005494108160	47.65337384229105	-122.14016437343012	118.84016108035776	10.035952672978578	0.0881889077985172	0.0010713482612997223
282.406693	1787825005596108288	47.65337980385722	-122.1401582538059	115.597042379465	10.040608363217354	-0.04568660832016384	-0.03818489413691646
282.492907	1787825005680108288	47.653397871813276	-122.14015615749236	119.06527345038681	9.920311166253203	-0.09565819395757597	-0.01484368675093879
282.594168	1787825005782108416	47.653401329842055	-122.14016657230817	118.81870095487874	10.025302342520495	-0.002624578734839042	-0.011102049674558561
282.702754	1787825005890108160	47.6533738565528	-122.14016749056296	118.16356507786526	9.939045976310073	0.08570323550525735	0.019594421217706725
282.801682	1787825005989108224	47.653383767761916	-122.14013658920133	120.14546243383629	10.111542272522616	0.01869512260493378	0.01150433303754939
282.899155	1787825006088108288	47.65341631191568	-122.14019210016623	116.4045457332263	9.99971458779273	0.022126526403813643	0.04464446508227654
282.996874	1787825006184108288	47.65342320663409	-122.14021402136548	114.8386011245448	10.02224624531519	-0.017593716784634627	0.04070966005805828
283.102424	1787825006289108224	47.653433988801225	-122.14016829132431	116.61977566966794	10.106479456526593	-0.0133492529678231	-0.09911630309978815
283.213908	1787825006403108096	47.65343814346538	-122.14018243545517	115.58378359663553	10.098590419151618	-0.01840358950865991	-0.03559187870616855
283.295177	1787825006484108288	47.65345934565979	-122.14014384978663	114.01212778614914	10.030635399289041	-0.025166205776873486	-0.08220126539713182
283.399284	1787825006586108160	47.65346302433876	-122.14019375723866	116.30109179251015	10.01228129685479	0.017386921059580812	-0.0118088830414737
283.503236	1787825006691108352	47.653481103111524	-122.1401779873258	122.1828837945257	9.98269587372331	0.08649941283401046	-0.07546894094007792
283.594063	1787825006781108224	47.653487515921626	-122.14018797408671	114.1085097054621	10.006484433389973	0.013058119378138215	-0.05338014575775775
283.700300	1787825006889108224	47.65347065378258	-122.14019685895937	114.95190181766135	9.961223038649127	-0.014180894138251347	-0.10308185224596936
283.802668	1787825006991108096	47.6535063879429	-122.14016178067504	113.80473059764162	9.948219606159139	-0.015146281709264672	0.008349472995700128
283.898925	1787825007087108096	47.65351462610042	-122.14015504584667	115.08187252009206	10.089483308839615	-0.010740219459793667	0.003936774172351869
284.012112	1787825007201108224	47.65351192408894	-122.140134164902	113.03389963947374	9.956703185763882	0.01627157149830813	0.019403974182446767
284.098603	1787825007288108032	47.65350871901816	-122.14016511246655	119.28423259961046	9.988949912422441	0.05518240019544475	0.0034959008874362856
284.199324	1787825007387108096	47.65352926058299	-122.14016993360653	115.36227680184116	9.962335495115955	0.027851828691722997	-0.040686078573904084
284.295536	1787825007483108352	47.653561824650204	-122.14015173892038	116.39363315254802	10.002337664676832	0.010169966251320014	0.12328485996168329
284.396675	1787825007585108224	47.65356109117678	-122.14014061871458	118.380279482885	9.942321773187762	-0.011272003372763989	-0.005016121903349106
284.507415	1787825007696108032	47.653575129987786	-122.14015322424326	117.44809986322923	9.98419916025247	0.12394559248817845	0.05428243815062472
284.607725	1787825007795108352	47.65356242442282	-122.14018256143387	118.28349170360696	9.956294664755967	-0.015308162777462745	-0.04656226480359483
284.689402	1787825007876108288	47.653556523542726	-122.14017383204487	110.09536023739503	9.969933096155222	0.039453195472760105	0.021439148250394276
284.795805	1787825007984108288	47.65358077362213	-122.14014859369848	120.5294044219494	10.044610960650964	0.0030093952133992017	-0.0030398639411023305
284.883382	1787825008071108096	47.653572232190974	-122.14017224704003	118.01992166618632	9.937393030107637	-0.0546570948963234	0.021482969852730953
285.004673	1787825008194108160	47.653629929601365	-122.14020386769226	116.17571713731239	9.98297561954386	0.023120001945366026	0.03192062764147225
285.100726	1787825008290108160	47.653616131082714	-122.14017070644987	116.74514158479484	10.068627369004217	0.06973965149985965	0.03381919194979872
285.202062	1787825008389108224	47.6536202404531	-122.1401304370883	118.8395626348911	10.022617679661634	0.004488040571008233	0.0572776982306967
285.296038	1787825008485108224	47.653637977288405	-122.14017299766888	113.96486016348521	10.050245870615438	-0.05939010979566052	-0.014053042023200547
285.390157	1787825008578108416	47.65363837388284	-122.14017021010787	115.48619100079846	9.999516126223588	0.09416350673572754	0.03316465021696314
285.503024	1787825008692108032	47.653682264675204	-122.14016957211852	118.51851049387436	9.997603355221099	0.0681938214415771	0.02272598261824953
285.594637	1787825008782108416	47.65366913075526	-122.14017537612219	115.55018329186147	10.043904385982488	-0.02129752633185707	-0.01263981569129205
285.705727	1787825008893108224	47.65364084314498	-122.14015321764687	119.7356328174152	10.011797666078024	0.05861761978663319	0.005227881313398122
285.806573	1787825008995108096	47.65368326328966	-122.14017620792293	116.1389417447181	10.046964403052586	-0.014086980711732944	0.042809530965447214
285.895812	1787825009085108224	47.653678272016656	-122.14014691600428	114.40488092789528	9.900987926947986	0.02108861024742918	-0.040936308854732185
286.003194	1787825009190108416	47.65369481097174	-122.14014592490871	118.39432100935052	9.954416010380497	-0.022679234204032173	-0.017258152240216162
286.105143	1787825009292108288	47.653717620513774	-122.14020612906097	113.31839612595839	10.07539229588588	-0.04691468816184663	-0.025979192571493465
286.208463	1787825009397108224	47.653707625510954	-122.14019627488119	116.12334659015234	9.980635844559126	0.056481161908260094	-0.039001939309765504
286.299591	1787825009487108352	47.65369685582754	-122.14017029522014	118.48733931972028	9.914776747255008	0.09207475336866872	-0.06529197413365391
286.405434	1787825009592108288	47.65375833429724	-122.14015887690532	116.31624890931656	10.048281130699994	-0.01485234213122609	-0.00732268594387306
286.489732	1787825009679108096	47.65374106263364	-122.14016275459804	118.23743202565251	10.026319670477017	0.022909087392908395	0.04257025127322403
286.618141	1787825009805108224	47.65376374435105	-122.14018867076437	114.41033751727042	10.026730926568469	-0.06067349171564958	0.026344546398052705
286.694189	1787825009883108096	47.653750598043096	-122.14015525702875	116.78431601049559	10.02705324257509	-0.04588838318085153	0.03686567685264846
286.802271	1787825009991108096	47.653791225023745	-122.14016319241993	119.35175488102455	9.954736849522789	0.020096128189421403	-0.012221641817099567
286.891891	1787825010081107968	47.65379352422563	-122.14018032310155	115.00443599451953	10.006320043252883	0.010412254755006718	0.013013732617074045
287.000935	1787825010189108224	47.65380612661119	-122.14016171344517	117.40698337976302	10.047600394379199	-0.032552409495871105	0.029529016890924787
287.095951	1787825010285107968	47.65379060957235	-122.14016351591886	115.2799209360913	10.049013906114812	-0.007008244828870184	0.1285340512318625
287.203319	1787825010390108160	47.65380940272112	-122.14017437176481	118.51018656961836	9.953807013058583	0.03703300115286052	0.07826870018727122
287.302899	1787825010492108032	47.65381252629671	-122.14019111379226	118.74483764163763	9.999860440978537	-0.03707467713451134	0.05944835612611186
287.400289	1787825010588108288	47.65380661335868	-122.14013680767495	119.68119324964397	10.000417729020098	-0.019305873567035	0.12015648181966182
287.499559	1787825010687108352	47.653843005135926	-122.14014473472268	116.29001611796758	9.934611941607095	-0.0021168543324172648	0.007824456172266224
287.590372	1787825010777108224	47.65382064390958	-122.14015630838466	116.68677389269324	9.988045778895195	-0.018783093392827188	0.020093531544118453
287.696612	1787825010885108224	47.65385641120137	-122.14021471703701	118.57835754800352	10.053156389658154	0.06324060200336046	-0.012925073102430096
287.792245	1787825010981108224	47.653861816092586	-122.14020956934178	116.12087735137227	9.994649145121175	-0.004175799784714408	0.03650631191495221
287.903800	1787825011092108288	47.65386161218321	-122.14015314066746	113.44703688711681	9.984590647912732	0.02110502003755879	-0.07188874271139205
288.009488	1787825011197108224	47.653869739689526	-122.1401871638986	120.76580840171583	9.94616790289917	0.014251218767016972	0.024749468850327725
288.109277	1787825011296108288	47.65389940350199	-122.14013169741956	117.06105163137242	10.019020109224593	0.05199816246986662	-0.03720280268123467
288.207631	1787825011395108096	47.65391354564451	-122.14017148201927	115.44510569901435	10.091468320119423	0.029802815425762887	0.025603696493911476
288.310334	1787825011497108224	47.65387600082914	-122.14014756153864	120.9311862177636	9.969826291101597	-0.0014130699220014117	0.011671715307960143
288.396689	1787825011584108032	47.653913832038235	-122.1401813549881	116.32883069077678	9.982214017726777	-0.04370021328025847	0.024285394762732095
288.495400	1787825011683108096	47.653946727033365	-122.14011091089347	115.61635123817808	9.914007211656012	0.038066246067323097	-0.07000611350811257
288.601351	1787825011788108032	47.65392658464782	-122.14021253578383	116.72800100482887	10.003787456778937	-0.07901288590756456	0.0015824110791616683
288.695850	1787825011884108288	47.65395476396636	-122.14017336430672	113.3797258055759	10.096796466893347	0.015582872170511984	-0.046770192339442664
288.798032	1787825011986108416	47.65396735949335	-122.14016551627331	121.538028844497	9.94322117914498	0.01387835032610425	-0.011742839061074414
288.904094	1787825012091108352	47.65395338762489	-122.14011528462336	115.76911024032528	9.985141997765075	-0.008484709585342079	-0.009902636179362287
289.002618	1787825012190108416	47.65397457288046	-122.14015942050656	118.2183033542894	10.109870018669506	0.017311407415704198	0.00192407634363619
289.093564	1787825012283108352	47.65398155308906	-122.14018707873693	120.73897235788799	10.024470999554064	0.059159032895063225	-0.0303263126276323
289.188178	1787825012376108288	47.65397775980986	-122.14017151204668	117.74525286353368	10.021919049339836	0.005846123614428427	-0.040960307358857716
289.292462	1787825012481108224	47.654004606187186	-122.14015577673156	118.84090037847747	9.978009949899688	0.025593019048183577	-0.04803094152628308
289.401580	1787825012589108224	47.65399942779106	-122.1401690848711	118.13756634242296	9.968760285123759	-0.12171464964442047	0.04130378700085597
289.490708	1787825012679108096	47.654030771762386	-122.14014099499443	114.33708068550351	10.040215994141032	0.06779501615654014	0.0026608258977555365
289.591647	1787825012781108224	47.654041845802844	-122.14016173307952	120.92288320383692	9.97274353872234	-0.04096620154760461	0.03473325426236669
289.705950	1787825012895108096	47.654012914823724	-122.14017282848813	111.20924898312369	9.991435392695292	0.113189729322963	0.03167815460534887
289.806630	1787825012994108160	47.65402820152833	-122.14015301482266	116.25260675956606	9.957204362453636	0.049091922352844826	0.043144724855280675
289.899687	1787825013087108096	47.654039685621186	-122.140168289826	119.83779325481446	10.097775204925325	0.03630140956684399	0.07157128001131889
290.007735	1787825013195108096	47.65406036412134	-122.14017939047373	117.34986593673956	10.050503324166975	-0.0043401383075916036	0.1211492851955328
290.093320	1787825013282108416	47.65406661361945	-122.14018991600395	120.30778260987096	10.07551986870206	0.0362482639118944	0.010441177545778772
290.197187	1787825013384108288	47.654068999367176	-122.14020208076222	115.30197675379044	9.936264585906716	0.053260847228827235	-0.027645902994877382
290.302390	1787825013489108224	47.65404792241474	-122.14014793832479	120.60759786373384	10.083431751462689	-0.045907340772632345	-0.012905696036830009
290.394943	1787825013582108160	47.65407119758239	-122.1401948275218	118.32151872955578	9.979684727249579	-0.09263644050808917	0.11945511643797156
290.502288	1787825013690108416	47.65409375424314	-122.14017051522113	114.76949228373242	10.067856047718475	-0.016210587096169255	-0.01526381954063904
290.594239	1787825013783108352	47.65414687025636	-122.14018871436967	122.34636199170372	10.032860168043726	-0.026312387557757867	0.026453955368656985
290.706551	1787825013894108416	47.65411706550504	-122.14016531570132	118.94270878678384	10.024227083156193	0.004886336163723717	0.045786888297499356
290.803204	1787825013990108160	47.654137152364925	-122.14013483392516	116.52808145901068	9.972316421626498	-0.012190558241570336	0.0074054225629599825
290.905459	1787825014092108288	47.65411645539944	-122.14017830344525	119.25056536659869	10.009139193779157	0.014307647842985917	0.02353098348977563
290.996875	1787825014185108224	47.654148952734836	-122.14018691567766	113.8570644589315	9.951695074587024	0.060458085594060934	-0.148542882983952
291.101517	1787825014290108160	47.654158814335986	-122.14016644533717	117.86157650731298	9.93697606081578	-0.061936360111384994	-0.09085294095156775
291.207865	1787825014395108096	47.65417428805778	-122.1401706768048	113.50410801532549	10.002695309339776	0.0747642697232595	0.02856136004742367
291.301981	1787825014491108096	47.65417630854597	-122.14015398725334	115.46646244961373	10.021887091596257	-0.0203775321067406	0.06445918706320242
291.403002	1787825014590108160	47.65416795724757	-122.14014725247705	119.41237674087853	9.993315900102854	-0.03377990010833397	0.07889964686638473
291.503990	1787825014692108032	47.654198823537556	-122.14017481721794	115.00630764779693	9.996147212098512	-0.04188642630091742	0.09942447212176532
291.602226	1787825014791108096	47.65418670569121	-122.14017827733711	113.9329493768532	10.015336740737649	-0.017171219317368838	-0.05890371337376883
291.700599	1787825014890108160	47.65419741260175	-122.1401882090006	113.9251582414766	10.067069425536186	0.019738627006354873	0.00986909780507064
291.798447	1787825014986108416	47.65419698834383	-122.14017159686539	117.13916945304817	10.046659534958957	-0.023612713028715485	-0.07733008117987657
291.900124	1787825015088108288	47.65423547264676	-122.14017155045491	113.27935703862173	9.88333451183741	-0.017708996207004737	-0.04181168460549173
292.000712	1787825015190108416	47.65423334767556	-122.14013768020449	118.42657975801808	9.96468201738354	0.03938025960807101	0.00399586920258339
292.094509	1787825015283108352	47.65425642649734	-122.14014225436505	116.67296983757281	10.012533833670204	-0.02684037062942736	0.03248390586908079
292.195226	1787825015382108160	47.65425409072452	-122.1401565722797	119.01547395385536	10.023124580182552	0.024748479553023547	0.04686039174233802
292.298284	1787825015487108352	47.65427747066228	-122.14018241732981	117.87511417753427	10.02217954076676	-0.026564364834894952	0.014388709254869776
292.400141	1787825015589108224	47.654287698385716	-122.14017448397276	119.28235813145469	9.997137376301493	-0.033509947611918174	-0.07610011905816705
292.488392	1787825015676108032	47.65427997794314	-122.14017247233896	114.4822909551668	10.027721128965348	0.03610862032101054	-0.0425835344013585
292.596654	1787825015784108288	47.65431038912528	-122.14016393491568	113.02649873125242	10.004142567401551	0.0180435770208739	0.0830435669123413
292.701505	1787825015889108224	47.65431768897534	-122.14013845947333	116.0220273636454	10.004317003415826	0.036960666771577326	-0.03089546091109743
292.813861	1787825016003108352	47.65429275218614	-122.1401562515078	117.8201699426346	9.981225330529833	0.05342640082656635	-0.010795473230286817
292.897729	1787825016087108096	47.654328787065914	-122.1401451555739	119.46532045180464	10.010162060206815	0.07000033436375636	0.10352702973698283
292.997094	1787825016186108160	47.654347874238596	-122.14016809460696	119.82735695017335	9.982325507574936	0.0004654792212350253	-0.07808758484789335
293.099479	1787825016288108032	47.654337346262125	-122.14017984329143	116.63818462428085	10.039018146527852	0.007134189077265695	-0.0594779682187679
293.198085	1787825016387108096	47.65436111536339	-122.1401372024849	116.55718651439237	9.953295894936064	0.0011645435176621895	0.04826823336818888
293.297460	1787825016486108416	47.65434395764099	-122.14018697451708	116.74902800912855	9.994802816961053	-0.015508110237170167	-0.06150146857303599
293.395633	1787825016585108224	47.65434704163325	-122.14015440372489	117.23885325755192	10.018796562583763	-0.0012502860842078939	-0.003062044250205096
293.507308	1787825016696108032	47.65436849308617	-122.14017902689699	116.07357232352349	10.01203694348501	0.005798514133222007	0.010208093608344543
293.607084	1787825016795108352	47.65436530394282	-122.14016211693955	118.82558983618422	10.041086584065884	0.03453625955347111	-0.009267340557614903
293.691074	1787825016879108096	47.654386054714955	-122.14017254159228	117.55739853760039	9.958749804915518	-0.042053074395555945	0.05416510880632025
293.803667	1787825016993108224	47.6543833165225	-122.1401888301318	120.22805535996238	10.014567137320316	0.004627359784214225	0.06013783864500965
293.903565	1787825017092108288	47.654412273684336	-122.14020190033528	117.04880840301604	10.038363018076744	-0.05394462301573431	0.04552472851931381
293.999769	1787825017188108288	47.65442122013962	-122.14014848046294	118.06638700195488	9.964629834299537	0.048052149765731376	0.004345271660746517
294.104926	1787825017293108224	47.654430532547885	-122.14014964991267	114.11623644289322	9.938400403731967	-0.02072795426205279	0.020800740141486807
294.195055	1787825017383108096	47.65443096679206	-122.14019596720756	118.2310080708528	9.964732793697488	0.024396309111080188	0.0034419913154368877
294.289962	1787825017479108096	47.65445131498545	-122.14015114101147	116.51976011933272	10.033125802269465	0.05537418680923048	-0.04008242242051598
294.401836	1787825017590108160	47.65444602542462	-122.14013827258484	119.43669907977117	9.992445924341197	0.05107919609269164	0.017890295437083367
294.494969	1787825017683108096	47.654459865862144	-122.14013298924594	115.98257762053144	9.929332022617265	0.02726161837513036	-0.041890030001986184
294.616713	1787825017806108160	47.65446385397788	-122.1401664270072	116.57986982457348	9.9401193127042	0.07233091415727942	-0.0007041139477552557
294.706734	1787825017896108032	47.654468822659354	-122.14016475816169	117.90952259826047	9.993033354893539	0.03610811857574383	0.06992910729230666
294.811758	1787825018001108224	47.654508468666634	-122.14018132268033	115.36409297562498	10.069256493897276	-0.003640130120283667	-0.10696153988565989
294.902034	1787825018091108352	47.65450734843772	-122.14018570267922	121.46970792034288	10.057105485949482	0.014099661348413995	-0.04783892245731019
295.006497	1787825018193108224	47.65448133035448	-122.14019619586443	115.42258322900229	9.93862069677828	-0.031080090265449053	0.003996694507701288
295.104471	1787825018292108288	47.65451727092568	-122.1401830131483	118.54195466341298	10.008775446493669	0.021786261210947448	-0.04884127182297794
295.208283	1787825018397108224	47.654512993967465	-122.14014766641606	115.20616336692656	10.006937818076885	-0.041988293967449686	0.00995595780240218
295.311553	1787825018499108352	47.654536220431346	-122.14018151515837	111.38325750143353	10.089100521433032	0.03492844177601418	0.039823472873950015
295.403839	1787825018592108288	47.65453960833798	-122.14013296484582	113.84318436448947	10.028472162087635	-0.020650770990257215	-0.17518428762351995
295.506201	1787825018694108160	47.65455896717827	-122.14015756404534	121.19547084688021	10.050614625236328	0.01967834231791763	-0.01749104376561672
295.600906	1787825018790108160	47.65455794842832	-122.1401879971667	118.06654695279983	9.969475168779997	-0.07664934026333886	-0.008683711434527964
295.700306	1787825018889108224	47.654552625394736	-122.14017220085931	111.90904918478358	10.038939802936365	0.05354908442056655	-0.022488376805181853
295.808610	1787825018997108224	47.654584408145055	-122.14014950656625	111.88951833877243	9.959717996418243	-0.061361743104166325	-0.0644813843945579
295.889001	1787825019078108416	47.654585713078475	-122.1401823800118	118.611809709765	10.017598426321321	0.027707261665786322	-0.020525802760761526
296.007115	1787825019195108096	47.65461421314944	-122.14016849735236	118.50660644684574	10.03176340862756	0.17960151215482145	-0.028080320056842658
296.098452	1787825019285107968	47.65461907756862	-122.14017067348398	112.50852719842995	10.049162407337338	-0.05882055915710978	-0.12836442901812273
296.198992	1787825019387108096	47.65460250802525	-122.14016171924162	112.14867594354054	9.993049691537127	-0.0008655452106808482	0.005104538559805236
296.307008	1787825019495108096	47.65465109337094	-122.14016754643391	119.87586171678663	10.056211280309055	-0.14425849435889274	-0.0016055632400897167
296.403267	1787825019591108352	47.65466475963002	-122.14020718807387	117.75859825062606	9.942364485058583	-0.06071232640659627	0.021083006578811916
296.498009	1787825019687108352	47.65462850801234	-122.14012596538335	117.11391001094456	10.004522535249546	0.1089611526128945	0.05824951958835142
296.604482	1787825019792108288	47.65464368743431	-122.14015665007359	118.08732233682174	10.004302783554447	0.06044162082892995	0.10019294844305185
296.710873	1787825019900108032	47.65466068560989	-122.14020728672419	118.40877887209382	10.077778517575847	0.052793969429318945	-0.013967816995302388
296.780185	1787825019969108224	47.65465577481692	-122.14017167900056	121.3246545071879	10.04148856363277	0.051322984746746285	-0.012356367423096001
296.899599	1787825020089108224	47.65468087465753	-122.14014308115182	114.63221560309732	9.968541113109355	0.04299677565208645	0.01540124311175869
296.996581	1787825020185108224	47.654672408789736	-122.14014607295458	118.16298204709683	9.987385306601091	-0.03411173088493671	0.04318654615644091
297.100880	1787825020290108160	47.6547074023849	-122.1401503183084	115.66300281794133	9.9276318658592	0.04037004329854539	-0.052180034274442726
297.196614	1787825020386108160	47.65470113610459	-122.14017496771316	117.27512492939142	9.946583743540646	-0.05851426407461782	0.027947892368686895
297.309336	1787825020497108224	47.654698668327136	-122.14012725675475	120.06188172045671	9.985328746144749	0.06375570495788552	-0.023571767737677718
297.402760	1787825020590108160	47.654738694072904	-122.1401650939958	119.83055878368741	9.93575828767914	-0.06189971222942464	0.0047611257911884365
297.494055	1787825020683108096	47.654708949476664	-122.14015733351177	114.70486708150074	9.9803299982392	-0.009460859659335472	-0.003822274368536439
297.611360	1787825020800108288	47.65477342132521	-122.14014440230567	113.3184992995547	10.013021981408357	-0.0690210816837382	-0.09551437277418952
297.703865	1787825020893108224	47.654745478788534	-122.14019007592671	121.74949455125342	9.99111986190314	-0.08771358608940388	0.003950602154152406
297.816759	1787825021004108288	47.65475946182486	-122.14019886090473	111.9718234880518	9.98577077483091	0.08014050009651263	0.07126164092478963
297.906652	1787825021094108160	47.65476768374208	-122.14013869263354	117.71089527912027	9.998788230518105	0.05480794121705379	-0.014387351140556512
298.007858	1787825021196108032	47.654780243840804	-122.14015165236252	118.7726095715723	9.93618425927248	-0.02795084584293372	0.010888543274887662
298.092266	1787825021280108288	47.65475651660147	-122.14019616278473	118.49737378248633	10.015651576973518	0.04127664610916475	-0.017145416502972
298.203283	1787825021391108352	47.65479578503516	-122.14016345350834	111.11445830705374	10.01714617291084	0.026375384753080895	-0.05162207976138955
298.308148	1787825021496108288	47.654796918920944	-122.14013621575755	116.22817511359152	9.956720863295441	-0.0188431337571208	0.08925080315465067
298.403299	1787825021592108288	47.65480592350023	-122.14019508935719	117.74690452410073	10.004556510793572	-0.033984413827004116	0.06542170479021249
298.492886	1787825021682108160	47.65483339356297	-122.14020184522593	118.79723652590557	10.056886157621408	-0.025877898851588605	0.02875301933793798
298.599827	1787825021787108096	47.654823192554645	-122.14014998629854	114.64746499535185	9.950800820032674	-0.03826164551046033	0.08119468353712396
298.713095	1787825021901108224	47.6548577648099	-122.14016459139668	120.6759966814465	9.92990966971399	0.05366882378516791	0.028651929559811253
298.791430	1787825021979108096	47.654850105006744	-122.14020919352944	121.38379765696311	10.027132550228092	-0.04831244816075168	0.046423550741617095
298.893504	1787825022081107968	47.654867160736025	-122.1401886902436	117.30473369663225	10.04060395474233	0.10732239854324506	0.01802150142819815
298.996128	1787825022183108096	47.654867254382964	-122.14019291044022	110.1084212031914	9.94877479869073	0.07018178166046513	-0.07461574710017138
299.106955	1787825022294108160	47.65489966751296	-122.14015906167941	114.98599043308435	9.984237623266356	-0.016062746095654192	0.03640511400430208
299.207521	1787825022396108032	47.65489120054699	-122.14017294759935	115.835939603857	9.963642472999153	0.05289740668997816	-0.008991267143673569
299.299228	1787825022486108416	47.65489953931289	-122.14018593138474	114.93091547536821	10.034800282074572	-0.11593542542811902	-0.048393730277212436
299.399631	1787825022588108288	47.65490780104609	-122.14018595954057	115.19332355441132	9.980329355942274	0.00019626520251841812	-0.03587281231860202
299.504123	1787825022693108224	47.654915224464396	-122.14017101004737	114.99568858327521	9.941745163843539	-0.023350659547500662	-0.03613399111247783
299.594465	1787825022783108352	47.654924662608735	-122.14017698510993	114.22423365365835	9.930853974931066	-0.09225339485865042	-0.018360614163409065
299.701622	1787825022891108352	47.65493965834703	-122.14015723279431	118.47008056317738	9.928537311351231	0.09974784618039922	-0.08889294044123268
299.792654	1787825022981108224	47.654943379380164	-122.14017484131072	114.87454057674876	10.016996549630635	-0.024788064748021713	-0.03184308885427761
299.884443	1787825023071108096	47.654952977732876	-122.14016924380044	117.36513231933445	10.00848575044093	0.05570536512476061	-0.010376277675373486
299.997200	1787825023185108224	47.65493725907751	-122.14017575657206	120.22192534915148	10.00418899938795	-0.0036719652309219857	-0.01650141927422612
300.106680	1787825023296108288	47.65498185738068	-122.14016468980691	116.0579899466815	9.950439613444072	-0.05442644566204733	0.06822937037189204
300.207331	1787825023395108096	47.65497799332644	-122.14017241760709	117.32997580936963	10.09203299853874	0.03078562421522443	-0.0024838343870165116
300.309341	1787825023497108224	47.6549824653812	-122.1401593231874	115.54103351490853	10.014637223550812	-0.0043870409594954874	0.07029336776774395
300.389657	1787825023578108416	47.65497924559438	-122.14017313677516	117.26017407380634	10.031488132894651	-0.05646578679999031	-0.04412709432674161
300.500062	1787825023689108224	47.65501420017074	-122.14017112970927	117.52105218224082	10.015395764133233	-0.002928564327404191	0.00030053029415620024
300.610762	1787825023800108288	47.655006085053664	-122.14014961604606	118.66633346905766	9.990469699487452	-0.01739435491134267	0.04079189262632669
300.700365	1787825023887108096	47.65502961799832	-122.1401533659115	121.14512375423523	9.970638377636927	0.09955717396332037	-0.0024406217383318232
300.798468	1787825023986108416	47.65501897469867	-122.1401651941806	118.66290201373728	9.963794466849036	-0.03845962551326931	-0.0006692327340684246
300.900655	1787825024088108288	47.655021812812244	-122.14013569414075	116.51156068715147	9.933384053862602	0.09575987632433203	0.019126110824705316
301.000761	1787825024190108416	47.65505475634207	-122.14012638596286	117.60086980597868	9.958179465170906	-0.042413383212441993	-0.0022207690966274374
301.098948	1787825024286108160	47.65506047035535	-122.14015803589538	116.25510742541687	9.989607027313165	-0.004667542554479384	0.03511644678047774
301.199114	1787825024388108288	47.655089911805035	-122.14017183602091	120.88687763244145	9.839144789816658	0.04378916477345801	-0.025868976876396544
301.298948	1787825024487108352	47.65507252488057	-122.14020502546009	117.85707146432951	9.978182073245705	0.10355025245483385	-0.06976374708527858
301.404867	1787825024592108288	47.655083937282626	-122.14016824097263	110.2206361995712	10.024437644911885	-0.0018544766192294957	-0.02334097020926134
301.503895	1787825024691108352	47.65507222728146	-122.14014944979182	117.41341772990117	10.013517945131094	-0.10473240212683982	-0.09745594720147292
301.608706	1787825024796108288	47.65510478729609	-122.14015450753541	118.25492636387722	10.027415078170888	-0.10772478925067226	0.04128196057166451
301.703359	1787825024892108288	47.65508707402934	-122.14016017120828	116.57396184701862	9.981358331971691	-0.009588717309184765	-0.0017275432486676527
301.803044	1787825024991108096	47.65512183171432	-122.14018227660118	115.05254275048914	9.994362976057289	-0.06458525888596035	0.029686640911202013
301.901487	1787825025090108160	47.6551255512441	-122.1401684922353	120.34246854106647	10.034049509748368	0.043095567816638154	-0.04892913106217567
302.005115	1787825025192108032	47.65510962569948	-122.14018989683659	119.07094446085995	10.05970908781602	-0.046200524440233086	0.02579392105327233
302.097230	1787825025285107968	47.65515147623534	-122.14015765343686	116.69363368657307	9.993882120499446	-0.060610760510090435	0.000580078537372694
302.202473	1787825025390108160	47.655143331753834	-122.14020652312735	120.07460955980488	10.150316783503415	-0.06273742289379926	-0.0801300263374439
302.308725	1787825025498108160	47.65514425079721	-122.14017476043412	117.05745959892624	9.97244434289547	-0.039401626750131126	-0.01523228603180099
302.402284	1787825025591108352	47.65518472174843	-122.1401546949036	117.10678367887563	10.110317618049447	-0.029623959519861184	0.019457260097589
302.506557	1787825025696108032	47.65518851448017	-122.14014929849087	114.81318087722335	9.996135748193215	-0.06276310884451279	-0.0465400107060072
302.599443	1787825025786108160	47.65520792639634	-122.14016223357729	115.69566804467784	10.013647572654257	-0.02163278295334374	0.09621271212245086
302.694220	1787825025882108160	47.65517875276712	-122.14013109249248	117.99916399249798	9.97116376164111	0.029858961127504947	0.0361553781164694
302.796156	1787825025984108288	47.65518986802709	-122.14018417833981	120.73426195760207	10.01081013253441	0.033556654191496234	-0.01988025234272056
302.911740	1787825026101108224	47.65519100485003	-122.14019017591451	115.80771814661114	9.99442298572956	-0.029178663248206466	0.007768562731594525
303.001428	1787825026188108288	47.655225182186406	-122.14015684024808	118.54263487270055	9.987086340681365	0.03911555624543116	0.013897651913830925
303.091262	1787825026278108160	47.655217337488104	-122.14014373083634	115.70910351148271	10.042284236935723	0.03755030174680313	0.05473995757378544
303.206104	1787825026395108096	47.65524063623069	-122.1401524361588	116.94598185717891	10.097256108337827	0.038816576299024935	-0.09068037915334366
303.306909	1787825026494108160	47.65525157757319	-122.14017153572344	114.62190593226829	9.991818960467596	0.052626697680832495	0.051302144585599556
303.392182	1787825026581107968	47.655251799395764	-122.1401782069913	118.04388384415378	9.924849506629112	-0.07704457622177982	0.06507195789020317
303.506809	1787825026695108096	47.65529273961478	-122.14016021549307	115.997974262759	10.000240259841126	0.01955934995308181	-0.010697821366424012
303.598548	1787825026788108032	47.65528597103719	-122.14014943682017	116.07406446760534	9.93545807924247	-0.07671267841039683	0.012579515602770883
303.704144	1787825026893108224	47.65526287794816	-122.14019219937752	117.94235170497106	10.000006913248427	0.059112449790552996	0.06267448171175033
303.801009	1787825026989108224	47.655291177871426	-122.14015739991908	119.63362081736145	10.043467315411798	0.03667916038254528	0.01499967950235353
303.901480	1787825027088108288	47.65532428297413	-122.14017745602281	115.79316722620278	9.979663363251587	-0.019056679785010303	-0.029817209943700032
304.001831	1787825027190108416	47.6553210017299	-122.14017398786918	115.36484291059193	10.039419200587698	-0.08633941331607678	0.018867036135182952
304.108324	1787825027295108352	47.655313985758994	-122.14018368995663	119.63746628052769	9.955856565408245	0.007731116772163262	-0.011622886848908111
304.196220	1787825027385108224	47.65530533283171	-122.14017241789196	117.24855678796452	10.011407038279316	-0.06311338972954271	0.09006402211317054
304.299199	1787825027487108352	47.65533935890062	-122.14013964187565	116.62649311029301	9.961871861156705	-0.0670067932784325	0.009838473377210765
304.389557	1787825027577108224	47.65535817154499	-122.14018678270818	112.78601383985077	10.07469510105927	-0.024954412231218356	0.045123737122146
304.498225	1787825027685108224	47.6553298180382	-122.14014476964059	115.0856599294489	10.026648001586882	0.03560129473929909	0.04956432333329636
304.606515	1787825027796108288	47.65533913264661	-122.14016379830367	115.0127157365631	9.969107597826353	0.04088432481792012	0.03214993909158885
304.703313	1787825027892108288	47.65538487611322	-122.14015684239965	113.02354904226189	10.00736631473613	0.037143837687134716	-0.010316804645123582
304.788135	1787825027976108288	47.65537826024925	-122.14014878294499	116.02607640534725	10.015081185775827	-0.011898834884222864	-0.05218278566983051
304.899420	1787825028087108096	47.65538494371945	-122.14014404316758	119.03469995508154	9.983501686373875	0.06103626809224286	0.020076913511551674
304.996934	1787825028186108160	47.655405452788635	-122.14019633162359	118.50176527833754	10.041458048982395	-0.075882024445181	0.003226786691569019
305.104898	1787825028294108160	47.6554207717878	-122.14014495367654	118.77612298793898	10.041021015228567	0.006001039881099384	0.017067956502932496
305.195834	1787825028384108288	47.655398745735	-122.1401491876143	113.87481930457476	10.009860212662787	0.010516291188919011	-0.06106302202952349
305.296493	1787825028483108352	47.65543759276097	-122.14014598472458	116.05563103366252	10.005995403040899	-0.018203560785492484	-0.09873410431128066
305.407253	1787825028594108160	47.6554210117137	-122.14020596399715	117.92298582580501	10.024787911495066	0.028560726543494164	-0.04165903753938913
305.495788	1787825028684108288	47.6554669512889	-122.14017195316084	116.8320296365336	9.965473678662343	-0.07160002880772127	-0.04268933325324856
305.603136	1787825028792108288	47.65546635139516	-122.14017277256357	118.8591589585402	9.884552400760517	0.029981961414982	0.01892562773224595
305.681248	1787825028870108160	47.655459901608445	-122.14016715909504	125.26170044276562	10.05483214143259	-0.004816986790927983	0.02038748339020706
305.793818	1787825028981108224	47.655454482880984	-122.14020198413849	113.80969304680879	9.9920110107366	-0.10101779838695624	0.004085646742017042
305.905729	1787825029095108352	47.655487487001835	-122.14017457266364	117.50930814748288	9.881796416022514	-0.05018238772536124	0.037241248761233685
306.010091	1787825029197108224	47.65550765243918	-122.14018546560408	122.48792411822312	9.952929215400758	-0.010287261480176849	0.024075247374819846
306.085245	1787825029272108288	47.65550998378287	-122.1401360277743	119.958885617129	10.026819689788745	0.014287570192080976	0.028476465463239144
306.204456	1787825029392108288	47.65551718237975	-122.14017606938151	118.21659176204311	9.985440974714196	-0.011625210789601902	-0.07556570676694377
306.309648	1787825029497108224	47.65553154963241	-122.14018903474413	115.31974859882446	9.953343006122488	-0.019867164519391967	-0.032626258158058745
306.396058	1787825029584108032	47.65557389065273	-122.14018843335313	112.11112112795922	9.989557394988779	-0.01918356068330594	-0.024498734759388564
306.491737	1787825029680108288	47.655540429333065	-122.1401606445542	114.82173692736778	10.140253925728114	0.0010617026818641984	-0.0769578919448316
306.597411	1787825029785107968	47.655531619578646	-122.14016260083885	116.33132540985264	9.98049693806613	-0.07937207873105985	0.018855836095230935
306.702682	1787825029890108160	47.65556035718287	-122.1401568440474	113.96252681915264	10.071275322647685	-0.04346568246186218	0.08168886227325077
306.797234	1787825029986108416	47.65557788575809	-122.14018643855206	117.92072580044976	9.93690603987521	0.10689437375052378	0.05105612620063852
306.900748	1787825030088108288	47.65558129343898	-122.14012011636535	119.35080812164207	10.07585158694889	-0.0023204499932771294	-0.13586487295893893
307.003526	1787825030193108224	47.65556994610917	-122.1401813901912	117.64812678818147	9.962324922844873	0.06897616969302929	0.04093443899976676
307.100675	1787825030289108224	47.65560706382412	-122.14015952193465	117.16908987551754	10.019802133459502	0.01847449977076686	-0.055285028298767636
307.194315	1787825030382108160	47.65558883790126	-122.14018369140278	121.55209277762481	10.082254880058022	-0.008405715608002495	-0.007440920941480396
307.305783	1787825030493108224	47.655594882703014	-122.14014910577202	114.08102802869566	10.001971754749231	0.035239173414937056	-0.006439120309966332
307.389895	1787825030577108224	47.655642589791285	-122.14015208280371	113.6386377705105	9.89351340532518	0.05554278334573387	0.0587918816269759
307.505436	1787825030694108160	47.65562721506881	-122.14019587631881	115.54782247123822	10.015179243002224	0.04294248089482335	0.008047907135666358
307.596427	1787825030784108288	47.6556410250246	-122.14015163803087	115.2749586330744	10.015097454636393	0.13020775702778992	0.042036955054047115
307.690851	1787825030880108032	47.65564983312563	-122.14016724878533	117.18694011669099	10.12196049670344	0.014651375977393062	-0.09005732892297824
307.809261	1787825030997108224	47.65567458396398	-122.1401583227376	115.48715301001717	9.988969336835117	-0.017053769306554056	-0.05532272212998555
307.898426	1787825031087108096	47.65567203481922	-122.14014746512946	117.12585482854166	10.045564616018481	0.05601486428400171	0.013855034410148862
308.005797	1787825031195108096	47.65568150023215	-122.14017080376601	116.77847899011847	10.009195755217686	0.10659261922247235	-0.00904541142456097
308.114180	1787825031303108096	47.65570477666355	-122.14017646393825	115.25593924809706	10.025346066817317	0.02139554683355672	0.015396048358299844
308.200159	1787825031387108096	47.65570085281405	-122.14014467566092	121.58896111308655	9.977693915450859	-0.043814602547479035	0.03162799306329986
308.288380	1787825031477108224	47.65570144694753	-122.14018470026346	116.51523085392539	9.98442965953281	-0.022844420910480556	0.0383697903494389
308.390778	1787825031579108352	47.6557015135018	-122.14015552587244	116.62130937694634	9.985564473147068	0.025297096851986278	0.02816362161512631
308.503828	1787825031693108224	47.655737152111584	-122.14016718578796	115.65914304122046	10.004198187055053	0.03970538888993841	0.037820468246561295
308.603071	1787825031792108288	47.655725570741936	-122.14018351411214	115.6751718601472	9.96378855358679	-0.04887834493432484	-0.06511224361653718
308.700716	1787825031888108288	47.65573958273594	-122.14014524443544	120.93176748351296	10.051540867871772	-0.028096122379361724	-0.006730310083062527
308.805631	1787825031993108224	47.655752566924576	-122.14015720117051	118.60936466327637	10.042588738038372	-0.035552945101477794	-0.005733980808573591
308.899476	1787825032086108160	47.6557608562401	-122.1401387973593	119.68165379415163	10.100013778734834	-0.04553306296370744	0.023682680500265493
308.998070	1787825032185108224	47.65575306281454	-122.14014048285308	115.98986891827796	9.938012659720371	0.0348381049063027	-0.04416613080935475
309.104208	1787825032293108224	47.655772261342214	-122.14014415718673	120.07006532159575	9.962361882731239	0.03622164987192149	0.05082441546833808
309.196995	1787825032386108160	47.65578798316528	-122.1401457472046	108.69481437259	10.095125508083221	0.08503248931731677	0.0631174781890196
309.290615	1787825032479108096	47.65577520307755	-122.14016673399819	118.3202372976707	9.982032830230223	-0.022129275614261538	-0.04161102146807254
309.397840	1787825032587108096	47.655799688748324	-122.14014367733598	114.15147831020113	10.012884082312471	-0.03246166050069271	0.05886626344434344
309.492031	1787825032680108288	47.65580464696365	-122.14014010986868	113.58693334738388	9.996766888665485	-0.0064798366839743425	0.05543418188778926
309.593149	1787825032782108416	47.655836368386026	-122.14015600561166	119.41516364071485	9.914259234059951	0.09277038456614756	0.04959380874874997
309.700511	1787825032890108160	47.65581793583765	-122.14017421268352	117.70717336298115	9.997437391617714	0.042232683124778424	0.0225769303950365
309.788369	1787825032977108224	47.65584086593186	-122.14013228394265	117.07911987019371	10.02656093593441	0.03011946878190787	0.10967441717650728
309.894511	1787825033082108160	47.655851356851585	-122.14022716467744	117.18423297599048	10.064460412879175	-0.05330364109840571	0.059842930055354196
310.004238	1787825033193108224	47.65587668804355	-122.14018084310962	116.94087108878053	10.072730251705247	0.014809819727659202	0.040859782403315795
310.102005	1787825033289108224	47.65585931366141	-122.14011144743162	120.53869717469597	10.028646188667269	0.029640157668156572	-0.008428220044819173
310.197060	1787825033385108224	47.655861128723274	-122.14015248721701	118.2115338061519	10.00735067052482	0.041037993924500756	0.0493494348594988
310.298342	1787825033487108352	47.65587219377722	-122.14018360795183	119.14542844341125	9.970845549498089	0.03418175548369408	0.03300187016644426
310.396224	1787825033583108096	47.65589591524826	-122.1402049281899	118.9813831150366	10.007922822940483	-0.026825430280169916	-0.021202388577235328
310.493921	1787825033682108160	47.65591004455921	-122.1401888153588	115.46689063412008	10.03816647795842	-0.03304264884161456	-0.023329242771418
310.602427	1787825033790108160	47.65591057616451	-122.14016945206936	116.92413273869332	9.964269148571319	-0.029112894788726997	0.0008129904033919839
310.692633	1787825033880108032	47.655913905327544	-122.14014381781806	115.08953943438249	10.030934906585658	0.0286829031294248	-0.02294232931547538
310.801591	1787825033991108096	47.65592685921773	-122.14017030677539	117.62443246084123	9.934287868197233	0.019077915237473028	-0.07106297508016357
310.896026	1787825034084108032	47.65594188376391	-122.14015560173829	114.57544701482387	9.93440850874646	-0.0711469631319657	-0.010340435587024247
311.004936	1787825034192108032	47.65591858791881	-122.14017548745791	114.02028200934453	9.978783238347827	-0.003143751187374583	0.04929687591883478
311.103832	1787825034291108096	47.65594564191508	-122.14015688335786	122.01887433236824	9.97538961174729	-0.07350942095073976	0.004538843827080798
311.200817	1787825034390108160	47.65596417052924	-122.1401294970416	116.39271698071836	10.040567039372824	-0.06003059744691083	0.05883534027046577
311.302049	1787825034489108224	47.6559644982018	-122.14015243633206	116.8520588476267	10.027980965931183	-0.07225031488808771	-0.015007663993750987
311.403386	1787825034591108352	47.656003240987495	-122.14014220107613	115.40771809288991	10.056190934994511	0.06405621520052109	-0.0022794017285623514
311.501604	1787825034690108416	47.65598446754123	-122.14016623252203	113.23188780255909	9.964167503466019	-0.06245019983305723	-0.05055543894671758
311.608896	1787825034798108160	47.6559799555412	-122.14015421710472	117.40560828874173	10.07247458051662	-0.06492070378990616	0.000834584886467975
311.694258	1787825034882108160	47.65600836830483	-122.14019105374437	114.28567841362165	10.05574128330509	-0.00893303353360925	0.03018033093773528
311.790714	1787825034978108160	47.6560225951599	-122.14014746303259	118.17644479172318	10.076751379291695	0.02530579800655085	0.040509611835685216
311.902465	1787825035089108224	47.65602606755622	-122.14017230447206	116.8186231870684	9.960724123938446	-0.035954329251648535	-0.059078169243137635
311.998588	1787825035188108288	47.65605395333439	-122.14018384907195	116.24356530289246	9.992233151314053	-0.006795232885081647	0.04367246179015635
312.090832	1787825035278108160	47.65607744765753	-122.1401441642203	119.03507717833172	9.973512312732035	0.027875058327709576	-0.005777897294056522
312.194587	1787825035383108096	47.656042802206045	-122.14014243624491	116.55910633217006	10.01430073883799	-0.09691475140759906	-0.015455641253544067
312.306772	1787825035494108160	47.65605415101831	-122.14015645339717	116.36506990987618	9.919634409227958	0.04098511770367214	-0.008308057489660098
312.396673	1787825035584108032	47.65608467032403	-122.1401586628061	115.87130362642209	9.996791344359748	-0.08398613188413717	0.009487228207917277
312.498758	1787825035686108160	47.65611056121699	-122.14017539951453	121.01087026347814	10.008820027117451	-0.07243666781149298	-0.016917568658041775
312.606774	1787825035794108160	47.65606664225886	-122.14018262413245	119.67400457886586	9.988140062707695	-0.01736756456940727	0.05688505941324719
312.699626	1787825035887108096	47.656084418772515	-122.1401993329704	119.08978386601657	9.930959630816654	-0.059641718417686465	0.011550429754227919
312.792700	1787825035980108288	47.656126984604036	-122.14017483895466	112.85574223235852	10.03100183168994	-0.08288285991811728	-0.04697005750404166
312.907596	1787825036097108224	47.65610966073184	-122.14015445443393	115.70787954634184	9.988728824885525	-0.061611750572084706	0.014252798038777657
313.002080	1787825036190108416	47.65611995183117	-122.14016733083459	118.95917702458394	10.004172674294312	-0.001278802129518184	-0.07186152755485703
313.107694	1787825036295108352	47.65611348723955	-122.14016617263519	115.94319882094447	10.013359604223849	-0.08960446793681755	-0.01616591815169618
313.195875	1787825036385108224	47.65612722185332	-122.14017369219422	114.75629156927742	9.937220884997718	0.08228008852104814	-0.07688340400039759
313.295086	1787825036484108288	47.65615408861899	-122.14017694901922	118.65776738752088	10.020532648174086	0.023768228001065612	0.04904261846669003
313.405187	1787825036592108288	47.65617337801224	-122.14015162353772	115.3615775531895	9.994303880840823	-0.029732000745941508	0.007286558151720059
313.499681	1787825036688108288	47.65615264883468	-122.14016353381113	116.39558569818493	10.038412380286534	0.06482850836473796	-0.02435010629326736
313.597202	1787825036784108288	47.6561720403552	-122.14020545813244	112.64886418776592	10.005808872938948	-0.05871589000387602	0.014624372326036689
313.699855	1787825036889108224	47.65618943525663	-122.14011580322968	119.02518119024006	9.937298314970555	0.08990157703734046	-0.019196254089676647
313.797720	1787825036985108224	47.65620546619083	-122.14014250941966	113.07660577850798	10.020731266873067	0.01597654880091181	-0.028698262946184577
313.893224	1787825037081107968	47.656194178824485	-122.14012816382468	120.00178578583358	9.998635785257108	-0.029784099622596538	0.03790282696784262
313.995930	1787825037183108096	47.65621497272415	-122.14016313431463	118.75360901803892	9.997141066358584	0.07837182814182427	-0.10348593155949613
314.093021	1787825037282108416	47.656200188298165	-122.1401598944948	118.64104015142686	9.9436465313298	0.02151085758881005	0.07094053582189584
314.204330	1787825037393108224	47.656225195284456	-122.14017980486366	115.66361734215957	10.027989759049637	-0.02640695774502963	-0.06443999751647192
314.313716	1787825037501108224	47.6562345415853	-122.14013519958445	114.5970566751175	10.148157217384703	0.03278625467824633	0.08100078349303924
314.407020	1787825037594108160	47.656225607217145	-122.1401596311206	119.73449212959385	10.070796710778103	0.05444829427010518	-0.06132850995106307
314.499927	1787825037687108352	47.65624960363932	-122.14016019453308	119.71815751818389	9.999828559022536	0.09583382628383783	0.019282283562667764
314.600264	1787825037789108224	47.65627417376809	-122.14019976187707	115.63376419490929	10.091695176788734	-0.020719814664038046	0.04152687563461946
314.691133	1787825037879108096	47.65629282829892	-122.14017646059673	116.12952736166572	9.94677426906046	-0.0415111556940036	-0.04691041646422528
314.794490	1787825037981108224	47.65629489873438	-122.14020445652295	117.37590470258091	9.932459604745894	-0.023090051445817477	-0.01321470356003268
314.897296	1787825038086108160	47.65629207171302	-122.14017464612766	118.71160274909633	10.04721668308961	-0.06182120916071905	-0.09342599103470756
315.014607	1787825038203108352	47.656312566852336	-122.14014601026535	117.5399759153822	9.962187876125158	0.05435755284068936	0.020756372331289248
315.090662	1787825038278108160	47.65634028415011	-122.1401633397052	116.96893598032618	9.972768553968383	0.030505008940473657	0.043755926339127005
315.202627	1787825038392108288	47.656313821773466	-122.14016779343629	119.10769993648101	9.92139929931464	-0.0105803776722986	0.013354978701007318
315.287385	1787825038476108288	47.656342681727146	-122.14018379803434	117.50710725622172	9.893098162146455	0.11125292046647642	0.013839025336168695
315.388526	1787825038578108416	47.65634276628857	-122.1401873207288	112.91192921745153	9.997729142052883	0.02138222504293402	-0.025225290150137206
315.498425	1787825038686108160	47.65635110927556	-122.14015033152883	112.70326976773279	10.096654329339298	0.01029772188583293	-0.03785250959180308
315.603322	1787825038791108096	47.656372525383944	-122.1401787106178	115.10468530110933	9.97568975914951	0.00974689574337751	0.055286302833176426
315.705778	1787825038893108224	47.656354702551184	-122.14018014083346	118.36833227168297	10.075069792441818	0.030900039398926406	-0.01728596805799001
315.796690	1787825038986108416	47.65636327477889	-122.14016715330634	114.30575741696691	10.022213456562687	-0.11804020596596623	-0.09339059661536431
315.902531	1787825039091108352	47.6563672114388	-122.14020918283653	117.18856707451313	9.88786046893824	-0.007568377669597452	-0.013940456816764688
315.994092	1787825039181108224	47.65639067009327	-122.1401694771121	120.73278909696775	9.98075018429498	0.03193635851612008	0.10876922809966294
316.089178	1787825039277108224	47.65640814719128	-122.14018243458905	113.86522403959192	10.083480554048275	-0.07723322134347073	0.0065543404454589385
316.199381	1787825039388108288	47.65638456749066	-122.14015119538658	118.28909312868116	10.029377139026236	0.0251135700698804	0.05666381850352964
316.299169	1787825039487108352	47.6564084007072	-122.14015857799215	114.80353367229446	9.952459114465752	-0.062200465030387925	-0.022643054421478362
316.395669	1787825039583108096	47.65641984182379	-122.14017487409919	116.75835600572584	10.04627827821808	0.019734674582497932	-0.05119381618374468
316.502728	1787825039691108352	47.65643655096785	-122.14016713325863	117.21901822737401	9.998245628329936	0.029568853970688553	0.010039123128386713
316.612264	1787825039799108352	47.656437924093204	-122.14015108984972	115.85221654918463	10.057548818944433	-0.019426870621328873	-0.024998562752372486
316.701539	1787825039889108224	47.65644424421333	-122.14022755990013	116.52977988391288	9.960269597699071	0.044052112669114386	-0.012931738740530791
316.806708	1787825039994108160	47.65647168704714	-122.14018446031145	118.74616176750315	9.901210848958176	-0.03680653749467056	-0.01895257746468386
316.896758	1787825040084108032	47.65647192267194	-122.14021980143684	117.85691102271441	9.962620972438025	-0.03807847019302394	0.016515217854618958
317.005254	1787825040192108032	47.65647091248455	-122.14015616702252	116.2701799224868	10.010925088174096	0.041647622917720326	0.02194151825703441
317.096821	1787825040285107968	47.65646780594094	-122.14016992187202	116.33051314410737	9.874440288791563	-0.02576289062740855	-0.06486048176122416
317.210837	1787825040399108096	47.65649359094095	-122.14018040643576	117.52566903746964	10.132394586467617	-0.06608501213008956	0.07563204566497303
317.291979	1787825040480108288	47.65650417582714	-122.14018938874838	120.0122099168526	9.99994393871344	-0.014550068207316783	0.08432289411304213
317.399498	1787825040588108288	47.65653080228995	-122.14016610540138	113.76338834617238	10.110500256911868	-0.004743764871478449	-0.06384538623162843
317.499555	1787825040687108352	47.65652009098242	-122.14017013675036	119.39843034394147	9.957094974836805	-0.030040807493000428	0.08447503411070018
317.598877	1787825040786108160	47.65654187777233	-122.1401736217356	118.63176313702218	9.982787456987786	-0.07509113203543881	0.03951277036280351
317.692358	1787825040879108096	47.656544655668476	-122.14016379598286	118.85525872694696	10.019434383674115	0.0690522066285996	-0.04365536324686998
317.804380	1787825040993108224	47.65657446953546	-122.1401720388574	114.58891110180676	9.994486901031607	0.017168500841088324	-0.024623605612278665
317.903371	1787825041092108288	47.65658324933204	-122.14015798540123	113.69004407489751	9.940334479949636	-0.06059267065227042	-0.020537293154679052
317.997458	1787825041185108224	47.656564418997775	-122.14015009838226	116.91719676051432	10.008398985404117	-0.014390208328651458	0.0005926336313382375
318.101812	1787825041290108160	47.65658573655081	-122.14015954348562	118.23176574183321	9.922237448916722	-0.02496521383084723	-0.043728994004082616
318.190809	1787825041380108032	47.6565990417147	-122.14014313795965	112.24940885106504	9.92312900727079	-0.005289772955977087	-0.01092111802365971
318.297953	1787825041485108224	47.656602905271136	-122.14010308512516	116.40547052070924	9.992945641859935	0.07149098220727898	-0.10408726871232062
318.395895	1787825041584108032	47.65664004729285	-122.14020915235582	115.17279507621052	10.032234175044682	0.014501212016093602	0.07496596240423019
318.496902	1787825041686108160	47.656621951418465	-122.14019490244179	121.60984137987816	10.015508019995057	-0.011754432753450776	-0.006684484786075357
318.598553	1787825041788108032	47.65664277636241	-122.14015789284538	113.51664218890214	9.991400802898738	0.05667753773489895	-0.011196378195894731
318.698985	1787825041887108096	47.65664332971069	-122.14013812170191	117.50194949316865	9.939155538739126	0.04352441086572409	0.052236298197176706
318.800887	1787825041989108224	47.65664683094486	-122.14020168227027	118.57415348147143	10.03916717016011	-0.007593235520767492	0.03967054983535595
318.898787	1787825042088108288	47.65665539575613	-122.14017080193892	117.366607754345	10.037185843505982	-0.005953582157328916	0.06940084075030672
318.993073	1787825042181108224	47.65665591024806	-122.14017985464113	120.28077721672291	9.979247492983347	0.06338696480548246	-0.06589523674165658
319.092760	1787825042280108288	47.65668244830103	-122.14014485644151	113.65835030668703	10.039143357362262	0.06092291529861409	-0.08652344114164125
319.190992	1787825042379108096	47.656691907753086	-122.1401586918941	111.76207585697101	10.039888520153875	0.012496344687677997	-0.06203594424921292
319.291095	1787825042478108160	47.656714702851	-122.14015821204356	119.07273796029304	10.057218951220182	0.09539955821828568	0.0047810546415663095
319.398635	1787825042586108160	47.656700174535516	-122.14014551643903	118.80569377285151	10.011810797734379	0.09090520792384062	-0.08035539214452916
319.501556	1787825042691108352	47.65670772094119	-122.14015904674721	114.45039058460799	10.060028253330245	-0.07246721722463194	-0.041785671508147014
319.598049	1787825042787108096	47.65669901338641	-122.1401930839502	112.8819281412398	10.011679741904402	0.03818253282213565	0.007739277652177652
319.699226	1787825042886108160	47.65672405921265	-122.14016653190063	117.69344059507503	10.00799801891951	0.030798547780213445	-0.06678027678551035
319.784006	1787825042973108224	47.656730222637044	-122.14015394160215	119.35792182294358	10.071932478310972	-0.004954253065177933	-0.004673914292257962
319.905251	1787825043093108224	47.65674575412797	-122.14013911776556	120.04634942852982	10.037367906306773	-0.02969326436118987	-0.06378318504617135
320.006149	1787825043195108096	47.656747455434115	-122.14015901971295	118.46734983263107	9.96584875879099	0.002234045046313311	0.03224764831397327
320.107798	1787825043297108224	47.65676121606327	-122.14015175461456	118.80426161714664	9.988787309453716	-0.08673605838575532	0.08539772860640635
320.194559	1787825043384108288	47.656778107898965	-122.14015187785138	114.24131142367587	10.004773270821042	0.03699590488958626	-0.004853274194508178
320.313280	1787825043501108224	47.65680050567361	-122.14016294474523	118.06999128164503	10.054500337699045	-0.02941354553857796	-0.007830664686849077
320.401140	1787825043588108288	47.65679008515177	-122.14015946520162	115.44867290952524	10.006420850986705	0.053291290772936484	-0.005454937536383419
320.492724	1787825043681108224	47.656770913159896	-122.14018735252198	118.2077111246798	10.04472565073233	-0.050849630447538166	-0.03483123129724835
320.594909	1787825043783108352	47.65678793158815	-122.14012319064145	111.7653191262423	9.952819294749334	-0.037514543009344245	0.010098879000848202
320.702220	1787825043891108352	47.656801253724765	-122.14015087192934	119.07824359828837	10.01343387320817	0.048352686300025094	-0.049155208304734806
320.798381	1787825043987108352	47.65683745176351	-122.14016795643914	118.47820902731686	10.001387050262569	0.0042911207358329	0.03207361889330176
320.888779	1787825044077108224	47.6568407473893	-122.14016462697546	113.14787532226605	9.966035196647905	0.08236400665591813	-0.019994390436221376
321.005337	1787825044194108160	47.65681953813861	-122.14013653904594	118.89307610070522	10.01995784194571	-0.04030994238278078	-0.03040114814748017
321.102484	1787825044290108160	47.65684513197616	-122.14018501718128	117.07984249925141	10.005591002540243	0.03597365739563637	0.017452084172191715
321.190849	1787825044380108032	47.656879810110745	-122.14017842635509	116.2447798852633	10.070740856956009	0.010751486059666936	0.03508439659719148
321.316232	1787825044503108352	47.65688742369953	-122.14018880824173	113.59444319523323	10.009538979758272	-0.03336506720326669	-0.015114954116691599
321.395593	1787825044584108032	47.656886321423656	-122.14014205903432	121.5750897601401	10.051504718527305	0.04250028760849529	-0.07150936651827743
321.491426	1787825044680108288	47.65690382122826	-122.14017640900353	121.5967064853559	10.017596749796496	0.005058392227108625	-0.08268390103919088
321.604234	1787825044791108096	47.656915786717335	-122.14015178395353	119.183376335728	10.068082076512658	-0.049706123259620594	-0.0010422480718102081
321.703063	1787825044890108160	47.65692979719044	-122.1401656220321	113.76231042644253	10.037684206813607	0.01746234878614846	0.02480103754265542
321.800701	1787825044989108224	47.65692133758143	-122.14012718161062	117.97807012608403	10.001497036912262	0.020918622256942368	0.0020353263707427838
321.896724	1787825045085108224	47.6569387870855	-122.14019512489747	117.10751800554124	10.069965471108956	-0.021550805988852693	-0.06531868177765397
322.005035	1787825045193108224	47.656924770785444	-122.14020356869635	115.24162508089776	10.081077644376316	-0.014617943730362824	0.05081972305731977
322.104227	1787825045292108288	47.65695671810622	-122.14017045984016	110.50475120552608	10.034444379523913	-0.09875256991704827	0.08447691166277685
322.193302	1787825045382108160	47.656943757958274	-122.14019580192841	114.98063885031549	9.903407961467032	-0.09384058487901477	-0.07966633917337346
322.300305	1787825045487108352	47.656967554503616	-122.14016663984007	116.42533078572724	10.029761776104776	-0.0009027703381739127	0.003081311509745379
322.402447	1787825045589108224	47.656985143150756	-122.14015165360118	116.99312164502048	9.908529453018762	0.0354595491401412	0.07836952777184347
322.504891	1787825045694108160	47.656975758461684	-122.14015214873328	118.62240714480467	9.983638294251953	0.0014064335682296176	-0.08271429154713154
322.607338	1787825045796108288	47.65699288383295	-122.14013318685285	116.44305187022414	9.969993605562744	0.030468423479503032	-0.031039183780572462
322.694617	1787825045883108096	47.65699565171599	-122.14016079378841	119.15353634304714	9.980656133126597	-0.00874741724491896	-0.05711197748826881
322.793953	1787825045982108160	47.656982164138356	-122.14016497359574	119.25413168670075	10.072244339450409	-0.02541567566406891	0.03779906081149405
322.898654	1787825046087108096	47.65702627172799	-122.1401216815457	119.44308976392068	10.066390774623459	0.03289272596324838	0.0002249961556694184
322.990744	1787825046180108288	47.65702577362685	-122.14014272147688	116.17836593973266	10.038696653530266	-0.017137280471235233	0.06815517537321865
323.089147	1787825046276108288	47.65705073555203	-122.14016199515837	114.22119341397129	10.02332997094123	0.045264360548407996	0.0909243982870342
323.201351	1787825046390108160	47.65703734789595	-122.14018318376883	117.97757926546805	10.07245547589251	0.009336865256376965	-0.035641876453192535
323.300767	1787825046489108224	47.65705588303116	-122.14017164667959	117.46466383702098	10.047141684611029	-0.06281178980705815	-0.05747622779171585
323.396309	1787825046585108224	47.65707648253164	-122.14017449301657	117.12115727910349	9.945633914986114	0.04982046319236616	-0.10938594254750869
323.497863	1787825046687108352	47.65706648444941	-122.14016271493985	121.58389038324175	9.947855659020783	-0.020749561209743462	-0.10933879329256041
323.607182	1787825046795108352	47.657070319351156	-122.14019269471122	114.37673190062742	9.988582399261608	0.029689480898828294	-0.0034858159453141514
323.703851	1787825046891108352	47.65708252744381	-122.1401381159032	119.91146204927387	10.070599403944216	-0.022057995790153412	-0.047265069910734196
323.789974	1787825046978108160	47.657112013854295	-122.14013784477305	112.0593964222324	10.038864587875356	0.02732030159487154	0.05159952397957236
323.892509	1787825047080108288	47.65709954640113	-122.1401741361939	122.21987809754239	9.926180475289112	0.06589932852226844	0.06091336654183665
323.998159	1787825047185108224	47.65713224842127	-122.14017458531225	116.69588588707232	9.882407205041044	0.10984859008689207	-0.01600257392502189
324.108722	1787825047296108288	47.657098063063465	-122.14012506156642	116.0431740145419	9.963742392989463	-0.0008485832292198927	0.003352108543463803
324.201850	1787825047389108224	47.65713221694185	-122.14016030103406	113.07344471224798	9.997144137169487	-0.0036507679288005283	-0.013745096632909966
324.295478	1787825047482108160	47.65712542277168	-122.14018770446262	117.48916029399525	9.999506816861965	0.04479528491771927	0.011407916156859708
324.399556	1787825047587108096	47.657140528654566	-122.14013801348224	117.98405226475326	9.998148288595162	-0.02959158934159452	-0.047919640026087305
324.497891	1787825047686108160	47.657138171408356	-122.14015542892649	116.76882914064188	10.015458759420923	-0.029535523305750072	0.034843649995539724
324.590977	1787825047779108352	47.657166772420865	-122.14015552647044	116.24431436846235	10.021078786372607	-0.007091176578945334	-0.020765667354936207
324.709337	1787825047896108032	47.657201716314475	-122.14013723413399	117.53451165548326	9.940328372477438	0.045349230770775274	0.0030380766192345445
324.809263	1787825047998108160	47.65718949442787	-122.14015996785074	111.9252939249391	10.047791720212619	0.01077623835986019	0.0849384544228194
324.904970	1787825048094108160	47.65718258351679	-122.14016369332568	121.48951094648781	10.034999356180482	-0.05509027400811148	0.03567267238146892
325.001553	1787825048190108416	47.65719871380786	-122.14018637864181	115.70786132328931	9.93618787264085	0.0038041003717790944	-0.028438309744108298
325.102580	1787825048292108288	47.65721406228526	-122.14012798569524	117.89059634927956	10.041098211730294	-0.05243133182562909	-0.01220528995091403
325.204090	1787825048391108352	47.65721468383798	-122.14017683023275	119.3310474694086	9.917537145749142	0.013774563845028854	-0.07943456638963074
325.299398	1787825048487108352	47.65721433460238	-122.14013629253006	117.88649802575138	10.048267475854091	0.028196139374491	-0.009488946755067153
325.397245	1787825048586108160	47.65725197055368	-122.14017287330215	118.96416880460164	9.990326103728753	0.07297356748770771	0.02687106940723002
325.499359	1787825048688108288	47.65724483568873	-122.14016490000817	118.59323910774354	10.074913747188509	-0.036134755134108014	-0.01112703879800522
325.606418	1787825048793108224	47.65722955175291	-122.14016193844046	115.87444104870053	9.953397712876182	-0.03487607353073612	0.02392195735812259
325.705949	1787825048895108096	47.657261210510484	-122.14012879333421	119.43789567347453	10.068070215107788	-0.015510573684228077	0.08801957928762574
325.801410	1787825048988108032	47.65727849288537	-122.14015032320667	113.14807988229927	9.904379688354295	-0.016818723808868917	0.038425315249797615
325.905110	1787825049093108224	47.657284249562636	-122.14015979201801	114.32993171941291	10.026857838008633	0.04694575398476289	0.02094347836855933
326.015083	1787825049204108288	47.657291473879795	-122.1401424413454	115.43421351429157	9.910099094652907	-0.04618343822436584	-0.07113929213341556
326.090655	1787825049279108352	47.657331650866894	-122.14014412045495	113.03927129344089	9.927175980048089	0.045405152931999905	-0.01320552318852819
326.196440	1787825049384108288	47.657298788575304	-122.14018211876277	116.98599448768199	9.992839877427373	-0.015853881328554677	0.13327214712531527
326.302590	1787825049492108032	47.657302879729386	-122.14018774103796	114.80680067514444	10.121712392111338	0.036690693275620634	0.05716237522725681
326.395048	1787825049582108160	47.657341084345795	-122.140156559609	118.77884075968132	9.995279487766322	-0.012703604247982562	0.027793710171521914
326.493770	1787825049681108224	47.657323280040565	-122.1401526307676	118.76959112757523	9.984808380554401	-0.02054123852008874	0.032027972365532224
326.613886	1787825049801108224	47.65734407518215	-122.14015846846566	116.94898373077424	10.00513783436894	-0.06607135958557486	-0.033222874349278085
326.698235	1787825049885108224	47.65736593588404	-122.14013607780888	114.47328873147087	9.986333007595386	0.017712205952767093	0.011005663580172331
326.793378	1787825049981108224	47.657372071579054	-122.14013507283953	116.6901541711744	10.007788832322879	-0.07917948975176178	-0.008718000262636307
326.912283	1787825050101108224	47.65737637223013	-122.14018975249262	112.098141728865	10.069396939769442	-0.01438846435334252	0.001301636994575892
327.000944	1787825050188108288	47.65740593140478	-122.14016332548842	111.85749687770274	9.938132512511935	0.01577800558274407	0.1053576662875384
327.092291	1787825050281108224	47.65739137369506	-122.14018300850394	117.60151771828781	10.029142886150295	0.0030786047015133825	-0.003284729042189467
327.199349	1787825050386108160	47.65740309104817	-122.1401949925981	120.81019648438283	10.009316762444447	-0.0073365783939777236	-0.0265160257929653
327.302783	1787825050491108096	47.65743419471597	-122.14016915967917	116.7933091882628	9.98326631094847	0.02448844788720897	-0.03373537296172995
327.405475	1787825050593108224	47.657410826687936	-122.14017150579338	118.63755609167778	10.028207386218083	0.02262842557715815	0.10470819339760712
327.495526	1787825050683108096	47.657428316295494	-122.14014236334818	117.44974736378711	9.992688084953206	0.023605091490415137	-0.026870651216053282
327.601191	1787825050788108032	47.65741985550426	-122.1401361068315	119.12964913998574	9.920406366355659	0.04435725769677039	-0.04244833807395107
327.697321	1787825050884108288	47.65742855326518	-122.14015259370997	115.79469170162137	10.05492372775189	-0.01449939829326772	0.025625110010392922
327.801620	1787825050989108224	47.65746041332358	-122.14020022139361	117.17478520810702	9.993831293369482	-0.10884891783045564	0.016383554551730222
327.900375	1787825051088108288	47.65745460677153	-122.1401457844547	113.95838095111208	10.01107492965813	-0.0220564360382896	0.03693430473854352
328.001830	1787825051190108416	47.65745297466314	-122.14015244215707	116.23501707213312	10.031322295784612	0.006820875003069249	0.1473826337012673
328.091444	1787825051280108288	47.65749191618948	-122.14018039823063	116.63837622525959	9.971697947670268	-0.10335124430904817	0.06648490294304775
328.207592	1787825051397108224	47.657509912766095	-122.14017358311762	114.37043512901509	9.945780682139338	0.026827311088362678	0.04614920823523151
328.305850	1787825051493108224	47.65749534136401	-122.1401990779019	120.78299192426483	10.089076850463055	-0.039289577685745376	-0.031037889742982206
328.405378	1787825051592108288	47.6575096593265	-122.14017648583321	119.32098229396345	9.956496069522672	0.039916110666585555	0.044641555629371193
328.491687	1787825051679108096	47.6575334654256	-122.14015543284239	116.20262792116745	10.016291339415051	0.0366972849224639	-0.011522456959402691
328.601473	1787825051790108160	47.65754310120864	-122.14019282270279	117.81572721656288	10.099558910008176	0.07009698659907208	-0.022475994969365278
328.707568	1787825051895108096	47.65754596113436	-122.14016459573843	113.74779914700213	9.934377152472528	-0.041540338094072954	-0.0336605720941174
328.803879	1787825051991108096	47.65755354450878	-122.14018699847088	115.58855146877323	9.966073600253177	0.013130410050862469	0.11433624335466333
328.885998	1787825052075108352	47.65754978624731	-122.14019577802837	120.25523355494852	9.960550077430334	-0.015378865325864006	0.06373800952287521
328.997382	1787825052186108160	47.65755166079296	-122.14015266812297	120.61347726533518	10.012692771529053	0.01723180652520524	-0.016279068680236302
329.096389	1787825052285107968	47.657581645896826	-122.14016155662866	120.149923778155	10.003427328335569	-0.005395371401026466	-0.0037142387845170094
329.192229	1787825052381108224	47.65757159022779	-122.14016774718368	118.85629994154255	10.042070043714334	0.0251805300366207	-0.037048541959779184
329.293193	1787825052480108288	47.65760624102122	-122.14017358259908	116.82701800026581	9.99318979518279	0.008498296385223942	0.006954165477395232
329.403600	1787825052591108352	47.65761030605316	-122.14012966526381	119.55083617827977	10.043533021484734	0.011431514988919037	0.06445308824955806
329.498722	1787825052687108352	47.65763624781809	-122.1401419967701	113.87221183386882	10.029213990448412	0.01914134800272276	0.011409104755936294
329.590004	1787825052777108224	47.657629589388065	-122.14016008074819	120.38645791753305	9.979287631832156	-0.055582213794972295	-0.030945955757031643
329.705726	1787825052894108416	47.65762101420377	-122.14017542527445	119.81338772984232	10.00846846836403	0.046570220065527836	-0.00527981998305933
329.789186	1787825052978108160	47.657635995829224	-122.14015381985489	115.0281799437401	10.00670045717512	0.02616466768004154	-0.06077477891800988
329.895180	1787825053083108096	47.65762248062996	-122.14013544537914	118.16865740016408	10.139001282603031	-0.03442775448709075	-0.0022458127631123747
329.992500	1787825053179108096	47.6576640473296	-122.1401764355907	114.89506808647324	9.882707948054392	0.09506472057586926	0.023445954271220187
330.101751	1787825053290108160	47.657655805486186	-122.14014043654701	117.26616168058796	9.91993142005249	0.031453028887154184	0.09740661036181006
330.198934	1787825053386108160	47.65768088234604	-122.1401793460877	118.45935523042142	9.976655540127162	-0.012751107165759152	0.03678048947927949
330.290996	1787825053479108096	47.657653923611576	-122.1401245803753	119.59947516545316	9.90885943647938	-0.017271879705373288	0.006346616043972503
330.398596	1787825053587108096	47.657673050733905	-122.14015763245423	116.53514616835392	10.051832089046567	-0.056406843142171925	0.04636681436896307
330.490487	1787825053677108224	47.65770024097549	-122.14021662143544	114.44380266207833	10.016952312650579	-0.07391346306526725	-0.026359609760821103
330.592478	1787825053779108352	47.65770078421347	-122.14013994914711	121.67709395750512	9.97970391391783	0.05173853174884782	0.01697887207231203
330.705941	1787825053893108224	47.65770829128204	-122.14011523329982	112.5137830726953	9.951630960939328	-0.10969919314803085	-0.06731384735407488
330.794783	1787825053983108352	47.65772073946648	-122.14018105130874	116.57150286009576	9.96372509077747	-0.051717464431161514	-0.09263259445407418
330.901137	1787825054088108288	47.65774278799898	-122.14014581353723	117.70449764905672	10.030760401648914	-0.026116570524686758	-0.033244761126267154
330.998401	1787825054187108352	47.657753234953674	-122.14021462058788	114.35379383008298	9.92497977594082	0.006396334818105894	-0.0005880524849750062
331.104105	1787825054292108288	47.65775859367557	-122.14014538090424	113.45283760765594	9.999286141100717	0.012163171655523353	0.050453652037268364
331.198477	1787825054385108224	47.657764687177156	-122.14017895660528	116.18946823698211	9.9846066721081	0.032920025664932524	0.011292674362453096
331.297710	1787825054487108352	47.657771458344484	-122.14017273515367	114.65252908082857	10.042137515082116	-0.020169825753651033	0.050455363433529854
331.399698	1787825054589108224	47.65779167956918	-122.14016922053484	117.09380820212888	10.00422782259472	-0.012830704678834237	-0.015720644913093534
331.506452	1787825054694108160	47.65777323275401	-122.14013433068156	116.734452648037	10.002673850752334	-0.03483439426351513	0.010311600781851567
331.596253	1787825054784108288	47.657838710931905	-122.14019448376185	114.91174273576368	9.98440204310079	0.02967879762322939	-0.06560419613639683
331.696386	1787825054883108096	47.65780873722971	-122.14018913516232	116.62840208752911	9.985634298927136	0.04093147672296652	0.030900460991706936
331.806254	1787825054994108160	47.657828911930196	-122.14015177667402	120.34393435859178	10.04686535102425	-0.06652799223740853	-0.006763736884905028
331.901162	1787825055090108160	47.657814312450526	-122.1401868729487	116.67947829750766	10.046852745608078	-0.12123535042014776	0.05400389371485192
332.004662	1787825055192108032	47.657843912680036	-122.14020878166161	114.76990854689146	10.028021268817735	0.061394108646182145	0.012517157875461597
332.103397	1787825055291108096	47.65785917984537	-122.14018246469101	121.81810947744044	9.89315548851749	-0.09632790248623335	-0.026482736391150386
332.210735	1787825055399108096	47.6578504497297	-122.14018630793676	115.91240741365176	10.000705692391653	0.021955300437292852	0.04852297326677357
332.291018	1787825055480108288	47.65786531138102	-122.14019066678924	119.64534221267444	9.962828928534655	0.021176527075857727	0.021212438279886406
332.397642	1787825055585108224	47.657866349346186	-122.14018290064998	116.92496901264774	9.996357945246595	-0.006632830448581324	0.05653992367429005
332.494973	1787825055684108288	47.65789458295493	-122.14017722196584	116.39241690799922	9.99388439201485	0.013273849350465161	-0.028171517874987707
332.607491	1787825055795108352	47.657876549867225	-122.14015600103416	112.52753310297523	9.963117044587747	-0.005275353475401053	0.04446660497009184
332.700921	1787825055888108288	47.65790160593875	-122.14017056077773	120.91190979128122	9.930364581699095	-0.013030049602374905	0.011080395636793177
332.808199	1787825055996108288	47.657915239083714	-122.14015603992509	118.02146991813785	10.01225518613177	-0.060059975531691984	0.04448508423635825
332.897247	1787825056086108160	47.657892702425215	-122.14016036609597	117.85929610369935	10.027367888153197	0.018140343493357938	0.011227630424648055
332.997289	1787825056185108224	47.657927731217406	-122.14016109397821	116.50679749929597	9.988855552960905	-0.05394814849308312	-0.04835560030566327
333.095507	1787825056284108288	47.65792477159259	-122.14015316191069	114.40381470972811	10.013063319147541	-0.02162704801170036	-0.007471057408679316
333.200191	1787825056389108224	47.657954835840286	-122.14017438724771	116.52429621276829	10.044393857220095	0.0832641336216435	-0.039293524107220305
333.298538	1787825056488108032	47.65794387617319	-122.1401631803017	117.93406900503231	10.027305952490785	-0.006157869032067829	0.04057455561454603
333.400102	1787825056587108096	47.6579602620986	-122.14017396188167	114.96442259937318	9.97246096973133	0.03758408855676059	-0.02893188967926339
333.487625	1787825056677108224	47.657969611968014	-122.14015523721059	118.88503622816151	10.037708611233658	0.11641515800474384	-0.01962657087462928
333.601130	1787825056788108032	47.65797449997182	-122.14016238490265	119.51829049688547	9.929383254245877	0.04277500795476998	-0.1407486480729401
333.703181	1787825056890108160	47.65797933434289	-122.1401100857123	112.9252348171633	10.025290316535584	0.03591692444821023	0.030108553165441566
333.798141	1787825056986108416	47.65800136987071	-122.1401923621551	118.14919044220328	9.919741994985856	0.047014092729697754	0.0738641183504165
333.904809	1787825057094108160	47.658008574142514	-122.14018385329727	119.99052777683578	9.99088362317415	-0.02889219204274701	0.06064669547846921
333.985594	1787825057175108096	47.65800572334912	-122.14013618143318	118.206268867312	9.973495162994983	0.013636170773077484	0.01071525464601733
334.105283	1787825057292108288	47.65802453964613	-122.14014511876661	120.65989944799006	10.004749096878937	-0.018360415723712054	-0.05244130953864863
334.193585	1787825057382108160	47.65800910059037	-122.14017107181479	117.1385595112793	10.036795124232672	0.057462324227150356	0.01929603437404746
334.308606	1787825057496108288	47.65803147614551	-122.14015646904716	116.39786011998508	10.076552463393986	0.039542493072195095	-0.10887882395947278
334.394372	1787825057583108096	47.658038170294105	-122.14018562951406	121.3882377472576	10.014247553341807	-0.08962838949639496	-0.011152430226530676
334.494000	1787825057682108160	47.65805740542133	-122.1401648305167	118.02847658692835	9.948790289649985	0.040077646872853125	-0.07402198313235739
334.596309	1787825057784108288	47.65808432609696	-122.14018321404781	116.55712351844616	9.960377360486586	0.028463447415998135	0.03774949604356348
334.699339	1787825057886108160	47.65807218472372	-122.14018875663088	113.88375299881994	10.088869865454363	0.0025733678183970164	-0.03799364417415291
334.796135	1787825057985108224	47.65808136177814	-122.14018946199673	118.26793768650182	9.950943825316974	0.004799713171393251	-0.0356283436123884
334.907056	1787825058096108288	47.65810799291426	-122.1401585905858	117.6000853796708	10.036152191447288	-0.0012653587328179368	-0.05416267968349123
334.998731	1787825058186108160	47.658112949751654	-122.14017601677777	116.0296308918286	10.11222798850206	-0.029599104814365652	0.07910439161312638
335.097884	1787825058285107968	47.65811885421087	-122.14016918308918	115.46272545287697	10.037311753203593	0.00393693279320859	-0.010077856982877694
335.205918	1787825058393108224	47.65813575534572	-122.14016656436638	114.06245908431157	10.05656162429972	0.08846154225258025	-0.11914045863812264
335.293614	1787825058483108352	47.65814884188781	-122.14017027506996	116.18576391721453	10.02844074111599	0.021130370144707807	0.027713957465044195
335.406294	1787825058594108160	47.65813245881628	-122.14016335423509	117.45966826914763	9.9505527464886	-0.07067328615229251	-4.54948448256576e-05
335.505759	1787825058693108224	47.65814809213783	-122.1401626061115	114.75631226266312	10.025006969653695	-0.007316770495286552	-0.10748238710382592
335.604361	1787825058792108288	47.658135335875414	-122.14019023950263	116.62771684109553	9.953333106317052	-0.024914213424972263	0.03478010392555539
335.706478	1787825058894108416	47.65818120710197	-122.14017056869963	115.24075407039379	9.975724985496461	0.05181543946594547	-0.03429476992581476
335.804449	1787825058993108224	47.65813955652916	-122.14019053540676	115.98549742340444	9.948810502175274	0.07953227609524681	-0.019018656577459186
335.891217	1787825059080108288	47.65818023036992	-122.14015855326298	114.72679627639356	10.069117041387418	-0.08273391675301961	0.03854386884637205
335.990468	1787825059179108096	47.65818613598174	-122.1401766782917	116.4070000635966	10.021011876238376	0.06028824895602021	0.007736049578812657
336.106461	1787825059293108224	47.658218787680305	-122.14015680639093	117.29970511486943	10.026856657127786	0.02472649137394335	0.04977098988908367
336.203323	1787825059392108288	47.65821289198491	-122.14015618639424	115.65773478579428	9.904461435711067	-0.10178142018802093	0.028517453833435537
336.292282	1787825059479108096	47.65820883136269	-122.14015416385979	118.42557449259525	10.040290131356539	0.009624069332554027	-0.08918096977485927
336.394364	1787825059581107968	47.65821416183804	-122.1401431732535	114.89886767925397	9.924775170862874	0.014639771026359591	0.10950418530080862
336.507267	1787825059695108096	47.658253588435116	-122.14016379497637	119.80725990786274	10.031603760139612	-0.01975995995004509	-0.011086922263218384
336.595355	1787825059782108416	47.65823117121742	-122.14015871973113	116.01966783453494	10.01570193167129	-0.056376487836281956	0.03099409455386165
336.703310	1787825059890108160	47.65825615433859	-122.1401962957678	117.03478847859894	9.997068815199553	0.010976658085088863	-0.020511824153735356
336.799654	1787825059989108224	47.658269762818314	-122.14019396288869	117.81163924376607	9.978029333883972	0.053415411684059014	0.023407583436565783
336.901815	1787825060091108352	47.658281303857194	-122.14015931643326	113.97903424005098	10.00012792955149	-0.027573086018557097	0.044765741843729265
337.003984	1787825060193108224	47.65828226446017	-122.14015215965901	119.55160875857571	10.020099379577967	0.008680341869125032	0.029462553860678926
337.101006	1787825060289108224	47.65829905036871	-122.14018119301389	114.46767802568867	10.02736971017482	0.027303383097051295	-0.021559385083604058
337.200057	1787825060388108288	47.65830657845899	-122.14015866715508	112.92615542625882	9.993249654584798	-0.007685538513801132	0.042579001815391405
337.295369	1787825060484108288	47.658305788952376	-122.14015267489742	117.98607744305944	10.059331372153368	0.0882557650551214	0.010973264632218899
337.400943	1787825060589108224	47.65832489226612	-122.14016294864473	112.67759377605563	10.055289972428087	-0.00570542234688327	-0.0065185044130530185
337.505078	1787825060694108160	47.6583290748829	-122.14017761645108	120.03282180111978	9.92174653648552	0.052842235673069574	-0.009011631350123608
337.588749	1787825060778108160	47.65834374287902	-122.14015524082663	118.7610343972323	9.9928436018721	-0.03100489392435627	0.1145435263110207
337.698051	1787825060886108160	47.65833370858531	-122.14016630695203	116.04214968923063	9.972821027633204	0.06377257485372342	-0.025341928208874667
337.806953	1787825060994108160	47.65834799696243	-122.14017350219198	116.51922973389699	10.021978140478266	0.019863113887787928	-0.015566213127189655
337.906040	1787825061093108224	47.65837272539472	-122.1401751780123	116.19511337915301	10.0053188050638	0.05514939481646151	0.06962650523148804
337.999595	1787825061189108224	47.65836613913126	-122.1401503452865	114.09004994722676	10.010944017317298	-0.03290917562027567	-0.026943437831082218
338.106752	1787825061294108160	47.65838372864984	-122.14017482096656	117.81548397753454	9.948661220114733	0.03525260428862553	-0.02816028595072187
338.189310	1787825061378108160	47.658402785695216	-122.14014423070354	118.96265459444537	9.957829310321728	0.07502445423931597	0.08610606704726133
338.310377	1787825061498108160	47.65838292487925	-122.14017353016955	121.68528982697569	10.012987585201143	-0.007077179132875766	0.1018940838301417
338.402413	1787825061591108352	47.65840542069556	-122.1401832670923	116.1174853077221	9.991011070316539	-0.04965874184647199	0.07991189035644737
338.494577	1787825061684108288	47.65840987024475	-122.14014841999635	114.69194627467829	9.93794332402405	0.08906769759326887	0.09611474182672997
338.605767	1787825061795108352	47.65842684183232	-122.140189442495	117.9292512056588	10.059367556828825	0.042511643313927955	-0.01838422997988024
338.700623	1787825061888108288	47.65840869967097	-122.14015675404012	112.53947658697436	9.86527880562775	0.08151380999248468	0.08565038380429635
338.790765	1787825061978108160	47.6584513173248	-122.14019323165246	117.80138570486358	10.06023928253988	-0.0009541040124503979	-0.0120523167968317
338.897240	1787825062086108160	47.65844185384846	-122.14015302404827	115.13371685727405	9.991292452892647	-0.00877272752616331	-0.02420926852003148
338.994874	1787825062182108160	47.65845488158824	-122.14015100565143	117.120231202281	9.979142556533283	0.055922096409723836	-0.007638016361129112
339.095109	1787825062284108288	47.65845446773348	-122.14019699359477	118.4964453945542	9.915708400573495	-0.004026408531299851	-0.016826434200594088
339.201946	1787825062389108224	47.65845705649178	-122.14016155465967	117.91712908771	10.004641076849953	0.01894244081770864	0.027530118902645468
339.305338	1787825062494108160	47.65848989328631	-122.14015474660448	117.44894177694172	9.995658319844646	0.03183540616716599	0.01568397483119596
339.383343	1787825062572108288	47.65851832436979	-122.1401851587796	115.84060051516374	9.98114742599124	-0.05910448417765693	0.04178757283598184
339.502253	1787825062689108224	47.65850617700757	-122.14018052607823	120.65539293930014	10.014968134484297	0.1146152114962039	0.027084952697993755
339.597421	1787825062785107968	47.6585053399112	-122.14015935871674	113.34584600240893	10.012819994178638	0.027028410611761585	0.07691630150834744
339.696954	1787825062884108288	47.6585214502485	-122.14015551669016	118.14432695109065	10.063869820871904	-0.019456934051553	-0.07097434197186
339.795439	1787825062983108352	47.65852832687612	-122.1401806435147	115.95524124668808	9.911419287229942	0.004708678291428306	0.039507538219701745
339.894678	1787825063082108160	47.65855286404222	-122.14014647966482	114.67624922272304	10.003273706879408	0.005276527216508162	-0.0023646897319930843
340.006214	1787825063193108224	47.658540866104126	-122.1401652033893	116.22006502525343	9.935534539972277	0.05784200847767456	0.010554666656833262
340.094540	1787825063283108352	47.65857312219308	-122.14016029984776	118.33047779063476	10.029362201341662	-0.02333101798003563	0.13063659553257054
340.192648	1787825063382108160	47.65858878392078	-122.14015282725953	119.46591568516254	9.963800542447347	-0.009573550926397466	0.004170903080819531
340.301682	1787825063490108160	47.658571002053264	-122.14019000560492	114.8616914897504	9.948170568373222	-0.03677471644210159	-0.14187313508235727
340.406258	1787825063595108352	47.65858783017511	-122.14015823875795	115.33064582508611	9.966866170995058	0.023492793922207027	0.022541660018171657
340.505258	1787825063694108160	47.65858935092575	-122.14014093836343	115.48322069383217	9.933798548466966	0.0402601658205759	0.004131175833729948
340.602843	1787825063790108160	47.65860676259293	-122.14019524074442	117.244107892371	10.145437133538199	0.018471043086303433	-0.02372621576133449
340.696851	1787825063886108160	47.65861039556214	-122.14015899690985	117.45661192413638	9.968694142729845	0.05223102249574092	-0.009930038203508042
340.801179	1787825063988108032	47.65860588155238	-122.14019254284311	117.29958072445692	10.047904645680292	-0.02188898549440217	0.015689946802908597
340.902585	1787825064090108160	47.658623385637675	-122.14018451305414	118.93331520447852	10.018371959462174	-0.029617184358505577	0.015248822409879601
340.999036	1787825064186108160	47.658618955877856	-122.14013829099373	116.81745313143122	10.034639165539243	0.0232060366302197	0.03404587209065885
341.097571	1787825064285107968	47.65865264289884	-122.1401414943068	115.41189439964519	10.035656294661168	-0.0015486848390907498	-0.008052651143282226
341.201760	1787825064390108160	47.65869361019561	-122.14016157781006	118.84982228076977	10.062113904232934	-0.0305093123486063	-0.03742977986883944
341.306679	1787825064495108096	47.65864791976537	-122.14020786161062	116.2862483324773	10.04387405008628	-0.030317217198234155	0.011758838562970603
341.395922	1787825064585108224	47.65866198014789	-122.14014814613866	112.0501682128736	10.05268155301845	0.03146429940311337	-0.010870410138773885
341.507152	1787825064696108032	47.65869097255642	-122.14017318551133	112.99347477389246	9.979763473273566	0.0018263982508208501	-0.03706553306309015
341.597721	1787825064786108160	47.65868400707606	-122.14014575406824	119.26201821658387	10.017496292769199	0.013605212350385414	0.04195354480832714
341.707852	1787825064897108224	47.65871051878693	-122.14015729244183	116.62419884131747	9.969516255213588	-0.05966836443598116	0.048117160098587713
341.798037	1787825064987108352	47.65871003753231	-122.14016583401795	117.65136797790049	9.998135502043011	-0.07665000451886672	0.04712090634550761
341.906304	1787825065095108352	47.65870769278823	-122.14017326883491	116.75448430479437	10.080758250034993	-0.0008387667795294799	-0.007238230430351652
341.989323	1787825065176108032	47.65869867137427	-122.14017914840626	118.05719271040755	9.948592064472907	-0.09013263216625911	0.023618355540595833
342.091890	1787825065281108224	47.65872833595082	-122.14012993641514	115.01261408923797	9.932884543846386	0.011222429151886537	-0.04016191732226369
342.195062	1787825065383108096	47.65877194895151	-122.14015649823973	118.3753328962846	9.959741500098197	0.09022646335891596	0.06293096431129962
342.296208	1787825065485108224	47.65877824106865	-122.14017322177617	112.0286016300686	9.92009278403739	-0.007347738367005411	-0.0570781216963761
342.385586	1787825065575108352	47.65876862881528	-122.14018452231028	114.84140079109865	10.0075568574715	0.003051260539050442	0.056661421147793156
342.488245	1787825065677108224	47.65880385176748	-122.14017698899825	120.36572016052988	9.957067634615248	0.13983754304565751	-0.09444511283848539
342.601959	1787825065791108096	47.658784555381466	-122.14016710893105	119.15790015777907	10.01500124757412	-0.07649792301465447	0.02065127607359967
342.696623	1787825065884108288	47.65881379394833	-122.14015330997931	116.2415814229526	9.952758485509284	0.03934622825561003	-0.021521817279729225
342.815328	1787825066004108288	47.658809250128314	-122.14015895847618	115.00793185763428	9.989249767061526	0.007924769969394223	0.013335055664418767
342.906451	1787825066094108160	47.658809989202794	-122.14019140195252	111.1552527472873	9.954364840195506	-0.005642560122223362	-0.0549166970100754
343.003371	1787825066190108416	47.65882137858672	-122.14018508559558	114.5224345173797	10.001873431568736	0.019957695179133587	-0.019278148638696535
343.097367	1787825066286108160	47.658837303637306	-122.14013639497612	117.08368929182191	10.051947097708863	0.07303809910128915	0.04605436226027481
343.199728	1787825066388108288	47.6588478098582	-122.14016845784005	117.7419167441806	9.941091766521419	-0.041956967827549055	0.05396439632241837
343.312237	1787825066499108352	47.65887623877552	-122.1401463913196	117.18297990750087	9.962943730252935	0.07950051579176665	-0.06619497156889298
343.402239	1787825066589108224	47.658857858379235	-122.14017234463837	116.7326737018217	10.04860666066538	-0.051852403104631344	0.004990842353492814
343.501744	1787825066691108352	47.65886959231321	-122.14017622306388	116.43251059722817	9.9511297410151	-0.08789002433422571	0.09764441238065819
343.597513	1787825066787108096	47.65887193026922	-122.14013983331093	118.44138805656927	10.063245442806373	-0.03233290404681285	0.015103293879767173
343.705174	1787825066892108288	47.65888636031307	-122.14021905168828	118.35293276182654	9.886900173023268	0.04522920715166011	-0.014770360689034213
343.803060	1787825066991108096	47.65889037758976	-122.14013071521488	112.58347703105768	10.030880162264404	0.04599172898510445	-0.08094627324183744
343.892265	1787825067081107968	47.65891329094679	-122.1401575366259	116.10771602664245	10.015506906386326	0.0016738721189795938	-0.028564599370035006
343.996098	1787825067183108096	47.65890831751395	-122.14017274504954	123.26010540970347	9.955381293549951	0.09833546205850806	0.08243834922018888
344.090636	1787825067279108352	47.658923166574006	-122.14019306341969	115.11953676199283	10.033071783296519	0.08514676945387561	-0.046337392533022465
344.195421	1787825067384108288	47.65891093052816	-122.14014378116534	115.95860682251063	10.040633378536123	0.026773224910865524	0.10323770724891124
344.296941	1787825067486108416	47.65893434148425	-122.14016412224261	119.07183639001354	9.96307344242322	0.03023756863505341	0.0010903711016127043
344.403040	1787825067591108352	47.65896869204831	-122.14015296923706	114.6773495095688	10.046635885579075	0.011959502398548271	0.0321615979979764
344.498748	1787825067687108352	47.65895615098761	-122.14016483554991	117.26321884544438	10.059660161601172	-0.08386156764456121	-5.7424091417232885e-05
344.600280	1787825067789108224	47.65894733539907	-122.14020837534127	114.05590666919817	9.992853060952932	0.053173813501298586	-0.10065222885890435
344.696378	1787825067885108224	47.65897683250178	-122.14017133151567	120.96691588780803	9.966903203440319	0.012565662832404179	0.05699017948464396
344.799896	1787825067987108352	47.65898793681987	-122.14016904637086	120.37067254939285	10.068794967956435	-0.08588731630431812	0.017522226476625498
344.906810	1787825068095108352	47.659025810379134	-122.14019173286229	113.13624095273197	10.055473282245739	0.023260903516046285	0.014637492534832503
344.988417	1787825068176108032	47.6590030051478	-122.14017176949875	118.50203202874972	10.002392160097926	-0.07471391439651824	-0.021040856197331648
345.094967	1787825068284108288	47.65901088728031	-122.14018599343095	120.55132718279123	9.937136736474221	0.014811564241595163	-0.09537700979250158
345.198725	1787825068386108160	47.65901935060861	-122.14016574917981	120.74195837292426	9.905626294928794	-4.3047147046013735e-05	0.05124575404953494
345.300134	1787825068488108032	47.65901896810876	-122.14014735741866	116.63106542356604	10.002103517123823	0.005862518396532473	0.05590438217740515
345.396047	1787825068584108032	47.65904317785027	-122.14016065716349	112.29626811460219	9.908334736116444	0.003978054757822462	0.020110487197676597
345.509334	1787825068698108160	47.65905028240291	-122.1401949209699	117.33481747217367	9.970977426152144	-0.018174751777362077	-0.03942865476796879
345.605060	1787825068794108160	47.659074630340065	-122.14016434883537	117.56165700457355	9.987859334436765	-0.07267100325720653	-0.026328263103744233
345.702831	1787825068890108160	47.65904339987749	-122.14015857151132	116.44264734764106	9.892834729029385	0.028888450608258426	-0.028547512238520225
345.802957	1787825068992108032	47.659096228314944	-122.14018866577021	120.15325622437012	10.013416693722766	0.058133268303485156	-0.03485475275242753
345.902379	1787825069091108352	47.65909461624411	-122.14016656342547	117.22881452300439	10.035847679136813	-0.046394200680745235	-0.03907714994494507
345.997170	1787825069184108288	47.65908084588662	-122.14012455680547	118.10767963159206	10.025159250702112	-0.005083748536511058	-0.06342367708422045
346.093306	1787825069280108288	47.659101363018436	-122.14016763346254	116.27840838190158	9.994877365711245	0.02701067856117964	0.039191001181887085
346.192577	1787825069382108160	47.65910582334028	-122.14016584808262	114.28106486931053	10.032797306055636	-0.05458532345057915	0.05068708996891694
346.300105	1787825069487108352	47.659126475236306	-122.14018654804157	117.54943014794343	9.986442636075287	-0.09007752324129858	-0.03355185913351632
346.407572	1787825069595108352	47.65913696729061	-122.14014247120667	119.3375375750923	9.929885452665928	-0.07348166984597725	0.1178248574310943
346.502342	1787825069691108352	47.659171086046044	-122.140188895683	118.66275489360275	9.934576087401865	-0.033142500645280924	-0.013114706333966043
346.594908	1787825069784108288	47.65915239506963	-122.14015999030973	122.8393917808237	10.007128022683496	-0.0017641556290388207	-0.025646516305352064
346.714037	1787825069901108224	47.65913844681721	-122.14018289617687	120.8201108858321	9.980771974424881	-0.010316585225874702	-0.04979927799034247
346.803613	1787825069991108096	47.65916975987576	-122.14019097233314	116.61880928788443	9.888256347720692	0.05027091665226122	-0.06712489293319408
346.906894	1787825070096108288	47.65918389199592	-122.14021815769163	118.61951297934458	9.984830230511687	-0.00519305806938441	0.023810583480381866
346.996483	1787825070183108096	47.659178936315485	-122.14019422289421	117.81114739194653	9.98288926531298	0.0331044824670077	0.08866072356061587
347.094089	1787825070282108416	47.65918640468465	-122.14014366147109	122.18601997834338	9.939350772281704	0.049817511785297405	0.02413598740930076
347.198014	1787825070387108096	47.65923346083534	-122.14016733257094	117.88101019362347	9.981228504654442	-0.007140296607944148	0.021433879326716906
347.311975	1787825070501108224	47.659207062214904	-122.14015148370643	118.26557752775311	10.093419678470358	-0.0346443476521695	-0.04339171685901616
347.406512	1787825070594108160	47.659229759571375	-122.14016070523877	117.68216430416844	9.954136918108007	0.08441159004859353	0.04266992066784069
347.489730	1787825070678108160	47.659244554550426	-122.14013370796474	115.40177907201374	9.98403233466914	-0.07972516234289294	0.04674716308113455
347.599157	1787825070786108160	47.65923314740938	-122.14016411134452	116.34140681020838	10.005864021709142	0.10329807429974991	-0.023053664005556442
347.712738	1787825070900108032	47.65926843803375	-122.14014883094534	119.9649462821005	10.031041227160722	0.04276718201478555	0.040785098929865045
347.790534	1787825070978108160	47.65925295618372	-122.14015212479156	120.62889738707602	9.956893843508608	-0.04990171076005909	-0.10664540876555272
347.906074	1787825071095108352	47.65926607948363	-122.1401966690225	117.08549216931728	9.966216933312621	0.06490876415072741	-0.033662977664139386
348.002542	1787825071191108352	47.65926258730692	-122.14015255292526	120.16080341997147	10.0435168030855	0.04186610995164041	-0.034766160246369845
348.100764	1787825071290108160	47.659284525588006	-122.14017678364085	116.09325206300849	10.04888443768571	0.01587031519638513	0.060772774851330404
348.196787	1787825071386108160	47.65928711544255	-122.14018462127301	116.52435320244557	10.075569348673396	-0.0245790821420327	-0.05603492451432546
348.293143	1787825071482108160	47.65929149019285	-122.14017493205888	118.20026192909263	9.966590896235855	0.03160526568456505	0.03873611384430649
348.393889	1787825071581107968	47.659306592531436	-122.14017209572755	121.04428468975597	10.089732245363637	-0.019954253398252138	-0.06978004240276271
348.502846	1787825071692108032	47.65930245506918	-122.14021969333228	120.54563037774236	9.96993737507473	-0.01664048397550534	-0.012600277776037018
348.595094	1787825071782108416	47.65932968694129	-122.14014813160202	120.49323879746791	9.959883534700287	0.006148243390611594	0.04727047433137773
348.698267	1787825071887108096	47.65931757999377	-122.14017207370738	117.15429046203236	9.992313597875128	0.02771796452648653	0.008141431806024647
348.810571	1787825071998108160	47.65931920573129	-122.14020745998847	120.90935630154391	10.071672647995625	-0.031003423474991038	0.009755175986021589
348.906320	1787825072094108160	47.65934905261882	-122.14019015672837	115.48625124939782	10.03055659040339	0.008421395808059059	0.05167024010836344
349.002494	1787825072190108416	47.65936099397475	-122.14015716542663	117.40435498898711	10.058746395076554	-0.028563806054519233	0.06607281080666619
349.103496	1787825072292108288	47.65937707353646	-122.14017051588424	113.7680578823862	10.012633652692546	-0.048818833447285964	0.08655465562892259
349.201374	1787825072388108288	47.65939461652272	-122.1401727905431	114.77782821486895	9.976663725719126	-0.045073713640023404	-0.009016365513734323
349.310430	1787825072499108352	47.659388602696616	-122.14016166845035	118.1440690122621	9.969185205105802	-0.015529877813772517	-0.07757814068585721
349.397415	1787825072586108160	47.65940958393836	-122.14015512910241	120.09559400827686	10.00353685228148	0.031381294152806494	0.020816415799596866
349.507381	1787825072694108160	47.65938437225743	-122.14014906140288	115.08898217863891	10.025276361624574	-0.008766782058717835	-0.061006200374105805
349.612147	1787825072799108352	47.65940922148231	-122.14015867102607	118.3382677041115	10.048274759038526	0.028985529414927092	-0.11393466466749419
349.711015	1787825072898108160	47.65941608365274	-122.14017012499386	112.6077978103809	10.033721553293839	0.03611070790462479	-0.06460718508862172
349.807937	1787825072997108224	47.65941835783019	-122.14018725393656	115.31835109287253	10.028882374225564	0.08428076559567146	0.0178977403170154
349.905705	1787825073093108224	47.659470897983496	-122.14016498122437	119.90630914708481	9.973207861013378	-0.08695663106308205	-0.04573397255229501
350.003322	1787825073192108032	47.65947699144423	-122.14019357252235	120.21233236642165	9.996658588886973	-0.008352567742333708	0.03841763820289853
350.109982	1787825073297108224	47.659456340460395	-122.14011792287272	115.83974839492981	10.053157248962874	0.021277123522847618	-0.02267427964583696
350.193101	1787825073381108224	47.659476649991575	-122.1401569542413	117.75264080155729	9.993857363350603	-0.00987046392643218	-0.0008822231431356827
350.300478	1787825073489108224	47.6595003716981	-122.14019724611076	115.145368718617	9.989621738441924	-0.009628412001108772	0.08306970834173608
350.407234	1787825073594108160	47.65948226086169	-122.14016822485688	117.4615888273475	10.031546421755646	0.004830748437388439	-0.024360281654810273
350.501657	1787825073690108416	47.65949596436872	-122.14015140992284	114.70992412201248	10.074056496979313	0.05614181883990689	0.04020806660865
350.586602	1787825073774108160	47.65950599207893	-122.14017847848957	114.20565946759237	10.014729454448627	-0.03982323228724793	-0.0011313715574848818
350.705496	1787825073894108416	47.65951361667033	-122.14016241007084	117.67420625161438	10.070563648836869	0.025441899241159433	-0.0046570265534764226
350.802963	1787825073990108160	47.65951713485839	-122.14015199628882	118.70328344591245	10.049447803121847	0.0030945546926095355	-0.019651024359841493
350.895721	1787825074083108096	47.65954249317715	-122.14015670471157	117.37694648553048	10.053132651227276	-0.011184658246504768	0.006120261052964572
350.988771	1787825074176108032	47.659552252111794	-122.1401961737767	117.46614328603415	9.985984634709139	0.04734194499282068	0.073867659520511
351.101324	1787825074290108160	47.65954998960664	-122.14013078475293	117.42899989430845	9.982722590518366	0.044975792426580855	-0.06534184751334
351.215615	1787825074404108288	47.6595809894521	-122.14014583480021	116.97539288553146	9.984661958617377	-0.07162158502792827	-0.014412898283118786
351.302282	1787825074491108096	47.65955357887677	-122.1401912809045	117.98641574536303	9.993347421082522	-0.02893131133099997	-0.06133674720690666
351.404781	1787825074593108224	47.65957782956231	-122.14016020471847	120.04235351906735	10.006656770262577	0.06357622828548132	0.010329216269665105
351.505522	1787825074695108096	47.65958864480407	-122.14016291608623	118.62970363978677	10.014203388538375	-0.05419476427534862	-0.08290667475479643
351.607234	1787825074794108160	47.65959192623984	-122.14017609575242	118.90591729583575	9.984021554785565	-0.014137877181103417	-0.06821372142563337
351.689960	1787825074878108160	47.65958138671122	-122.14014708497275	118.93872209155776	10.049270920672765	0.00491523166168498	-0.016448731783043534
351.807091	1787825074995108096	47.65959725756976	-122.14015500097491	113.93591277024731	10.09579020214536	-0.003546281530800493	0.01826271558843196
351.891285	1787825075079108352	47.659631625376164	-122.14014239141738	116.7133516688386	10.086299563410135	0.039481602941440486	-0.0505187216348571
351.996272	1787825075184108288	47.65963129663071	-122.14018742083714	108.37531028130839	9.950891158112878	0.059763672406118164	-0.00852148058925621
352.100658	1787825075289108224	47.65966129748626	-122.14013097255483	120.65782538174038	9.93267248027461	-0.061801996008490824	-0.025013360703614963
352.201738	1787825075391108352	47.65965776764404	-122.1401620829827	120.73288219604557	9.97482206211924	0.08188801562308042	-0.037790266671401986
352.295594	1787825075484108288	47.659657098015	-122.14015239389079	122.3396769432392	9.975190504959347	-0.09961308518472992	-0.045948354334807075
352.399354	1787825075586108160	47.65968246638001	-122.14017995027501	118.01201047990979	10.111074378729015	-0.08108311483862618	-0.009231530300080233
352.510050	1787825075697108224	47.65967783452128	-122.14014049833914	118.54593796233122	10.071077636573218	0.057825993408953495	-0.017552306453024052
352.616186	1787825075805108224	47.659695598514084	-122.14016977428997	120.02487480141806	9.973882235768842	0.03187185799246039	0.00466462703777815
352.706923	1787825075895108096	47.659673098206355	-122.1401852349303	121.19639161437814	9.884789855101682	-0.009530260288166737	0.028624498703567366
352.798344	1787825075985108224	47.659723576309624	-122.14019207272607	120.83158752163091	10.018940451991554	-0.025832085905469572	0.016542976692878377
352.900437	1787825076087108096	47.659697652138995	-122.14015620481163	115.47275943413939	9.950728999503044	0.023647417979161735	0.0311216321175342
353.000527	1787825076189108224	47.6597056497449	-122.1401848570661	119.42854837355239	9.937801639431159	0.016500067912178788	0.10294918109821044
353.096911	1787825076285107968	47.65973285072314	-122.14015359007061	117.35450402427855	10.034053699097228	-0.03657330852590406	-0.0020785352849417185
353.194943	1787825076384108288	47.659756844169074	-122.14017197666708	115.27442074259278	10.044869766885288	-0.012485163604104696	0.0027453173628977606
353.300863	1787825076489108224	47.65976062934065	-122.14013997656657	116.8435777179296	9.958974319888009	0.027956141236051685	0.04124754095544421
353.398287	1787825076585108224	47.65976759318187	-122.14020796871506	116.39019353483171	9.993129759856975	-0.06366319830451918	0.027859622320479824
353.490984	1787825076678108160	47.65977922466597	-122.14019719661879	113.7002383987894	9.938343390827844	0.062445162605756936	-0.01489822301974126
353.589974	1787825076777108224	47.65977466312491	-122.14021091869941	116.73538553840369	9.92728211034182	0.011296515495876867	-0.019101543277528013
353.700113	1787825076888108288	47.65975061071995	-122.14017126856591	114.46171013842249	9.972530669230098	0.09520423812760254	-0.07906259898434202
353.799913	1787825076987108352	47.65979915217648	-122.14010694698418	117.21592497143567	9.97041682872161	-0.0379835988100533	0.015702815243016133
353.905302	1787825077092108288	47.659828031661206	-122.14014560944209	115.70555003966439	10.006674026411778	0.01429380856640329	0.05440903884408924
354.007751	1787825077197108224	47.65980444383771	-122.14016957873446	120.53143216967102	9.972307544090214	0.09775110133075332	-0.04393103588603874
354.094535	1787825077284108288	47.659820554768444	-122.14018039704966	116.78839024429779	10.097393160286394	0.06626383428684628	0.020523316121687667
354.207808	1787825077395108096	47.65980648347477	-122.14018745893077	118.25689815391526	10.054686425439058	0.02472551296795767	0.009010521097884154
354.297087	1787825077485108224	47.65986376312509	-122.1402049815445	117.86088362023537	10.02105814844497	0.023211172424248958	0.08199058111946977
354.386007	1787825077575108352	47.65984833409581	-122.14016316274515	116.09343955209673	9.948857437070107	0.0037375871115624595	-0.006607067056841694
354.491526	1787825077680108288	47.65987612610339	-122.14014283930659	117.03273017996784	9.936568207152886	-0.063121105226652	-0.00868838824163349
354.593460	1787825077782108416	47.65984998317014	-122.14019600917852	116.82069064080068	10.036666567633436	-0.013747790152475365	0.03239484531203315
354.701575	1787825077890108160	47.65990059261725	-122.14018500521765	113.08495955787791	9.96366486077194	0.0009164820964337004	0.04854462544799685
354.804693	1787825077992108032	47.659882504421006	-122.14015445742191	120.53278372654192	10.01984781344459	0.043643548484638445	0.004664273156751038
354.901942	1787825078091108352	47.659888569112375	-122.14018615859676	119.98690613661188	10.00424153939574	0.0004287812955651382	-0.03432578473169599
355.002566	1787825078190108416	47.659890033062986	-122.14018906007868	118.65608441304849	10.070075319726152	-0.005154182081139665	0.029977838004886726
355.102852	1787825078292108288	47.659905907856825	-122.14017949204325	118.7715001277339	9.976759803697385	0.026084037890499734	-0.08229193329875785
355.209768	1787825078397108224	47.659916669584646	-122.14017732032411	117.72446184023482	10.048396177247149	0.028778551150895854	-0.013813682736871983
355.301237	1787825078490108160	47.65992421641165	-122.1401714947405	115.78813011092706	10.089588899023548	0.05246268028017925	-0.02999266927365653
355.405707	1787825078595108352	47.659963074317204	-122.1401550345665	116.60879823704653	9.996653108227255	0.002102257228230193	0.024467569051252247
355.499222	1787825078688108288	47.65995444613265	-122.14015607340015	120.6456278601289	10.01389838493143	0.005229702974948038	0.08058888605037857
355.609591	1787825078799108352	47.65994636684034	-122.14017150090393	117.1128043027885	9.988777028310187	-0.014649514928273044	-0.07020220772929324
355.694417	1787825078883108096	47.65996125356004	-122.14016749129391	116.58936612226469	10.009246814311016	0.024782405342976738	0.01733653888659734
355.798245	1787825078985108224	47.6599707195867	-122.14012338100387	115.65250863883966	10.059845622075999	-0.019115288716441886	0.005583772220590687
355.905811	1787825079093108224	47.65995618546861	-122.14015744589463	118.1019859395447	9.926312001191036	-0.014174148877276624	-0.06903859780168359
355.993621	1787825079183108096	47.659987975249905	-122.14017607532327	117.34403382925865	10.05184358038591	-0.022374855839682226	-0.008616403049698086
356.107673	1787825079297108224	47.65999899767502	-122.14016038222057	114.40419131568284	9.96474755085488	0.08459929991709006	-0.01380916371295754
356.206031	1787825079393108224	47.65999765546878	-122.14019238688431	116.3052100810978	10.008736635332475	-0.00727612130166747	-0.014926844445776466
356.301207	1787825079489108224	47.65999816850773	-122.14022091684691	118.8055491473855	9.983725632445449	-0.050860821654482406	-0.010142266637078123
356.398447	1787825079585108224	47.66001553363849	-122.14014378964369	116.72170514140028	10.009652514893926	-0.0238098207936055	0.04163527299971537
356.498112	1787825079687108352	47.66005025475028	-122.14015766249817	114.2865122672534	9.914242436684171	0.0512314636292913	0.03814539086818197
356.598636	1787825079786108160	47.66005184089662	-122.14014825420004	118.72154822735541	10.118230776167556	-0.017700136257723428	-0.06630500102345678
356.692093	1787825079879108096	47.66007710846868	-122.14013871886706	113.962697406351	10.001520400651287	0.11143993708618008	-0.016021511781294958
356.797265	1787825079984108288	47.660071171525864	-122.14018535340762	114.2015303834326	10.009526505548656	0.008354843356923337	0.006259472494414699
356.898279	1787825080086108160	47.66008130692289	-122.14019741032598	119.62365577257832	10.029746935510062	0.0852110499006255	-0.0036824227835186778
357.002728	1787825080191108352	47.66007536634935	-122.14015758084996	114.21937320574278	9.994724037638331	-0.03153907456661844	-0.052832565112374996
357.100960	1787825080290108160	47.66008735680571	-122.14014772280424	117.70622953678927	9.960683399993592	0.006750411077886169	0.014624824136238222
357.197087	1787825080386108160	47.660092218901	-122.14018381872441	114.65140810568073	9.997455567128027	-0.01607443719724577	0.07999822125309682
357.306235	1787825080494108160	47.660110625414596	-122.14017962655113	121.08129123324389	9.974224158879661	-0.08495691935577519	-0.061385337160198186
357.397665	1787825080587108096	47.6601126066488	-122.1401413605528	120.32147926567897	10.045498803779838	-0.038105299694932177	0.055271183510420985
357.500206	1787825080689108224	47.660105737639874	-122.1401688500346	118.62026516366173	9.986103512630107	-0.0003283702875263744	-0.08234238703426389
357.597377	1787825080785107968	47.66015769137282	-122.14014682780635	115.76333173056105	9.990530866299267	0.005107666655465033	-0.03883878957604847
357.696685	1787825080884108288	47.66014408562469	-122.14020722090483	119.60353928321233	10.031355547933998	-0.005926314688742652	-0.03167361491941991
357.804679	1787825080992108032	47.66017970601448	-122.14014624148331	119.41753827025444	9.990606772024444	-0.006257849722747572	0.11916376118224699
357.899464	1787825081088108288	47.660150894316985	-122.14014742901152	114.6999983762903	9.992982122454231	0.02757656190156892	0.010381549947234121
357.992063	1787825081181108224	47.660150621601666	-122.14019121800965	117.39831512783805	9.980370119870816	0.006588529942826677	0.021724015971612144
358.101541	1787825081289108224	47.66019199574509	-122.14019182817609	118.32820965674685	9.979412204438296	0.11223875130935711	-0.02891545448196265
358.197416	1787825081385108224	47.66022019344656	-122.14016490004018	112.83897107979605	10.000851885185929	0.12109918341201374	0.03874231787890514
358.300951	1787825081490108160	47.66021260812373	-122.14015936116071	118.5946092050765	9.947067387539356	0.043941453369823136	0.10790365360478188
358.398642	1787825081586108160	47.6601949362972	-122.14015060100287	119.58089635313222	9.96030772214737	-0.054063355804804904	-0.02798832741058756
358.497527	1787825081685108224	47.6602115244921	-122.14014391958035	119.08957272352065	9.984217439091331	0.042715359491103	-0.053842008363892836
358.601636	1787825081790108160	47.66023716593242	-122.14016921329137	115.3511883389192	9.917904108423517	-0.04515307139803611	-0.0928412739518496
358.701302	1787825081889108224	47.66024599054182	-122.14016497803138	118.24456525052003	9.896845517911865	-0.10051602116928725	0.08756998656960438
358.806026	1787825081994108160	47.66026165527795	-122.14017074403077	119.80373565240772	9.971601842438627	0.01543506523945889	0.0267476234957426
358.900425	1787825082087108096	47.66025370544638	-122.1401599513476	113.96375963397024	9.871311307225167	-0.06302077595445359	0.035319710522952574
358.999898	1787825082189108224	47.66027942863556	-122.14013073250833	115.55066470231718	10.06781100696914	0.05795854389319127	0.04944537783553459
359.096014	1787825082285107968	47.66025342915761	-122.14017669820718	115.79215239624368	10.032388941178395	0.014404917626957316	0.00892052736991365
359.195949	1787825082384108288	47.660299819914584	-122.14017947276466	117.38094952817528	9.96497536257979	-0.01952714749507384	0.0714896162355507
359.300332	1787825082489108224	47.66029703497291	-122.1402096624843	117.88346142248618	9.95455986889156	-0.09605010272589838	-0.002893781728585591
359.399849	1787825082588108288	47.660311892718966	-122.14016314445065	113.80725537338034	9.995588897096516	-0.032686769976383506	0.030791964507554226
359.502533	1787825082690108416	47.66031782245229	-122.14017263580497	120.20960991300267	9.916292749667642	0.0058189960998085875	-0.005173249185874907
359.613859	1787825082801108224	47.66033058110138	-122.140127178519	118.50781142650565	9.923022900062193	0.05757091744878934	-0.10726175603567788
359.698381	1787825082885108224	47.66034014945858	-122.14016360580004	118.56571950509165	10.008189988573434	-0.01396238520828966	0.011451888865799965
359.797816	1787825082987108352	47.6603595377389	-122.14017470038135	112.0693838125911	10.057969901695143	0.031369837744523905	-0.01281275798628767
359.909171	1787825083098108416	47.6603559044444	-122.14015105056255	119.30235476384067	10.073446380593266	-0.10960463991492134	-0.029591592324236023
359.985240	1787825083173108224	47.66038336657465	-122.14016508845918	116.91613174185626	9.989486337008156	-0.018862519885794893	-0.02920016719547911
360.094595	1787825083284108288	47.660360898013074	-122.14017314660624	118.28401724658231	9.959133356267067	-0.022495161206918496	-0.03552506101107921
360.202665	1787825083392108288	47.66034916221114	-122.14011971905029	118.30678163011272	10.03739708130001	0.04872535208103959	0.05615483167813771
360.292309	1787825083479108096	47.6603782661626	-122.14018164306168	112.29880656395892	9.961300645832555	0.034545686297290684	0.03621343235209379
360.391186	1787825083578108416	47.66037703012068	-122.14016259790549	119.47861503601146	10.041545032382583	0.013772291681792202	-0.1190762354659301
360.509384	1787825083698108160	47.660400148503534	-122.14017606557339	116.68418650693201	9.922217913639109	-0.0587798741022887	-0.04630109217808653
360.605703	1787825083794108160	47.66038910487213	-122.14017713508294	112.63094684939945	10.019671322009566	0.0005601301308342024	0.030679929544448276
360.708630	1787825083896108032	47.66042798458996	-122.14019019466056	111.99755165905879	10.077613703628739	0.008548844118823286	-0.023734755159612004
360.798273	1787825083986108416	47.660417891025	-122.14017733960311	118.34604856795241	9.97963073166953	0.06758777441740048	0.030585403217460935
360.895320	1787825084082108160	47.660445093141924	-122.14018570402365	115.79111014028986	9.997291087126115	0.002714170486732932	0.05478327547713801
360.999885	1787825084187108352	47.6604543339253	-122.14014189530208	119.84566989994104	10.042992961021874	0.003225891472710963	0.05924425058486374
361.101515	1787825084289108224	47.66045501899861	-122.14017675440726	117.39053169422755	10.069923634895892	0.026494664045232402	-0.04553386415717789
361.206154	1787825084394108416	47.66044942922619	-122.14019100605901	118.77120644132951	10.012541914950619	-0.05649137772241095	-0.042910528445730595
361.300029	1787825084487108352	47.66046294806797	-122.14014243966331	119.06227721969562	10.006575413631493	-0.022611978874170782	0.013030281297205727
361.386944	1787825084574108160	47.66045715984718	-122.14016661215373	113.10662751941474	10.062780006472662	0.10105759986161854	0.051323255971192076
361.496228	1787825084685108224	47.660479636117195	-122.14016224961415	116.91174997061056	10.009240431415739	0.030052313361596767	-0.01509720207991144
361.594199	1787825084781108224	47.660497856521275	-122.14018953253925	115.23150196260111	10.104213992207123	0.027060534957819123	-0.005630763560631943
361.691570	1787825084880108032	47.66047845848374	-122.14019994926828	112.83364116568404	10.010365232531939	-0.010266538017148939	-0.004937749112778441
361.796895	1787825084985108224	47.660491628145465	-122.14018660385666	115.91977250405424	10.080785015625613	0.026063722418579585	-0.01686643474709398
361.897752	1787825085087108096	47.66051531967453	-122.14016028311123	114.3267364493366	9.973292924664245	-0.051170040752135104	0.08143035455710222
361.993520	1787825085183108096	47.660557713007655	-122.14013819744353	117.15313402499815	9.991642512932431	-0.021807378452247082	0.019730787750405716
362.090360	1787825085279108352	47.66053295563764	-122.14016040208936	111.89419844484148	9.927344747897834	-0.08783465409749361	-0.009283261410634309
362.195626	1787825085384108288	47.660527151298645	-122.14017956569343	111.50727252523308	10.04692454719347	0.05842511740612105	0.0135734377601101
362.303755	1787825085492108032	47.660545487197545	-122.14018522937857	116.75417932450607	9.942616664168195	-0.009069613122263847	-0.029507915751799497
362.402518	1787825085591108352	47.660574178771576	-122.1401932578058	118.78307665290208	10.018365688490034	0.023652793455623565	0.07166910376007712
362.497331	1787825085684108288	47.66058418573131	-122.14016239295337	117.56582602137496	9.994504034057066	-0.014117019291334533	-0.011562933479136981
362.583113	1787825085771108096	47.6605744292626	-122.14013054464672	118.83349353202699	10.033729804457463	0.012193411923978973	-0.022422283977131745
362.712426	1787825085900108032	47.660594521613454	-122.14016355612532	119.32683715813715	9.936926355097262	0.05217633670866848	-0.10611655494901301
362.800563	1787825085990108160	47.66059002464038	-122.14011069451179	118.89348503631633	9.976534824417223	0.06267606713836599	0.09945184497400665
362.899555	1787825086089108224	47.66059243994477	-122.1401796872345	115.81864188893603	9.977024420616472	0.09366390165892859	-0.08651431682484069
363.003202	1787825086191108352	47.6606201405932	-122.14017520771412	116.46422255347825	9.858032772144417	-0.06490157158898828	-0.10172146197100942
363.090157	1787825086278108160	47.660625580303616	-122.14013665284754	114.28178593699734	9.824202987778197	0.051882171417962156	0.018455771315287785
363.197403	1787825086386108160	47.66064005682114	-122.14016495626836	114.2916203614947	9.908043872167775	0.00023820827480544997	-0.035034859251343545
363.293627	1787825086482108160	47.66065156920326	-122.14014495536422	117.27976491954045	9.91765733759262	-0.06572338686766704	0.0332430005391114
363.402363	1787825086590108160	47.66064336316559	-122.14014903296003	118.9934627249899	9.772564609241824	0.017724950996361354	0.08211998884462823
363.495441	1787825086683108096	47.66068327588382	-122.14015735905315	117.33096672981475	9.919469491419875	0.04951897657689959	0.049388993457097186
363.599618	1787825086788108032	47.660670415315636	-122.14014005579152	117.93379256341561	9.84654059271065	0.003229754295317917	0.0038530336279039277
363.695652	1787825086884108288	47.66069456842439	-122.14016836553198	119.33560127563062	9.701963724664493	0.051411950607306016	0.047484826034678365
363.803346	1787825086992108032	47.660689305633255	-122.14016028125056	117.75684970454246	9.729177207979077	0.008566168397889254	-0.1078528619979053
363.891558	1787825087079108352	47.66070209678773	-122.1401454443299	120.33346113855882	9.674782325864603	-0.01004770757747162	-0.1001997406992728
363.998911	1787825087187108352	47.66070316389086	-122.14016659699757	119.55880356195878	9.697978581104117	-0.05830976107474445	-0.10720365072623934
364.111001	1787825087298108160	47.66072750136739	-122.14015300366871	118.0551974975675	9.65470175949206	0.04368605666859565	-0.08681004158435289
364.202063	1787825087391108352	47.660713457577316	-122.14017602805913	117.6768260847787	9.619223792206476	0.04436490692150058	0.045416799262949795
364.300660	1787825087490108160	47.66075664865227	-122.14017193638443	115.67475039747904	9.580996476720074	0.054378746898658625	-0.057850873888490445
364.392132	1787825087580108288	47.660742778360415	-122.14018693027907	116.49362258551604	9.471899190988353	0.05831173291699552	0.1373914253705782
364.516118	1787825087703108352	47.660747953875415	-122.14019046455451	121.09295698348043	9.481994381285762	-0.01840395848636345	0.02910528917256367
364.604113	1787825087793108224	47.66075115133743	-122.14016781320433	114.46694530045436	9.522018048178905	0.049722306829061626	-0.10762616385492946
364.709876	1787825087898108160	47.660775745000024	-122.14016454141297	116.25857385815986	9.449946908159015	0.027058914567980225	0.04422440072688652
364.800156	1787825087988108032	47.660786556637326	-122.14015886730716	112.20904934371528	9.390562681398018	-0.021294002721948892	-0.032801242832980276
364.892063	1787825088081107968	47.66078730614813	-122.14014463515241	114.54077703743057	9.313600571138926	-0.0207618681929404	-0.07497302372896215
364.999085	1787825088186108160	47.66078072025041	-122.14019151886727	115.78566056922327	9.281241274656946	-0.11080309788167407	-0.03546518645197982
365.095104	1787825088282108416	47.66080700581762	-122.1402071574694	118.37119729863443	9.20317736339782	-0.021898601354748987	-0.033614352262590776
365.201906	1787825088390108160	47.66080084929397	-122.14014089095156	114.42185945907312	9.191780588580402	0.04733151943821061	0.07433664556743085
365.295378	1787825088483108352	47.660821826508204	-122.14016587847908	114.66315685231183	9.109513877863938	0.06339760731275844	-0.047151240809573086
365.414362	1787825088603108096	47.66084235948869	-122.14016666475862	112.86024678616029	9.013001065684216	-0.05588498392531071	-0.0027841542312072973
365.509491	1787825088696108032	47.66083375007781	-122.14013039123925	116.49470887530728	9.077998777402598	-0.024514525489479903	0.04702844240621271
365.601175	1787825088789108224	47.66086683207984	-122.14016110007637	121.05072661426523	9.06367175184278	0.08939242005757031	0.035979020423559986
365.694903	1787825088882108160	47.66084225405245	-122.14019695950137	112.83253760701848	8.800069363537135	0.04026393429329614	0.026439787413653593
365.801533	1787825088990108160	47.66087610912908	-122.1401815722195	117.26557209928993	8.820390149412402	-0.044418946519494754	-0.03070894853044966
365.896767	1787825089086108160	47.6608514236734	-122.14018063670522	111.07480710554773	8.7854843931517	0.08508579404355467	-0.06335358629938477
365.993064	1787825089182108160	47.66086828488892	-122.14016545910223	116.856847293142	8.77517002505953	-0.006073746538248873	-0.01007719372731769
366.111837	1787825089299108352	47.660896365081975	-122.14015772483923	113.04398758681003	8.714931147325622	-0.08122287285157817	-0.0417818514202521
366.193925	1787825089383108096	47.660899686580365	-122.14016658761119	115.83007012452317	8.58955330997133	0.045314694080910684	-0.030688648192407488
366.307800	1787825089497108224	47.66089203863974	-122.14018484152905	115.88672126672476	8.550536780122691	0.008749503799778586	-0.02033948505764281
366.402921	1787825089590108160	47.66090568766994	-122.14015882801685	115.01156354382391	8.391740731723525	0.03341630123135916	0.07842144535973028
366.503247	1787825089692108032	47.66089692201979	-122.14019201837557	114.56743428234999	8.540474071448973	-0.0002002067114622798	-0.053349957127351355
366.604458	1787825089791108096	47.660923919763164	-122.14015438167586	114.5154799723677	8.256897217596984	0.05629250799681776	-0.01817132167831109
366.700131	1787825089887108096	47.6608972835687	-122.14018259632199	113.47360901115107	8.27447490264129	0.00870387819746503	0.030338604416389976
366.804250	1787825089992108032	47.660920847406544	-122.14015246189689	113.81833911195403	8.18112850550185	0.023550449195890742	-0.06132462996688797
366.899690	1787825090088108288	47.66097457474554	-122.14014686527224	119.35056206272644	8.176133170756415	-0.014977979048044055	-0.019053535522969862
366.985278	1787825090172108288	47.66094245018398	-122.14018017378379	117.2078126843488	7.998384503886932	0.0017402591615336166	-0.08121033966894958
367.098659	1787825090286108160	47.660954230939694	-122.14016033540732	115.01922464261243	7.918725513710646	0.01465439469417329	-0.01692869838904465
367.198479	1787825090385108224	47.660965533421795	-122.14017965135942	115.22555051830369	7.8358286030450595	-0.011579432385138753	-0.03189129132276445
367.308386	1787825090496108288	47.66099618957364	-122.14020477649719	117.12616163350086	7.84048827604227	0.05570456581879457	0.03485607334930118
367.400380	1787825090589108224	47.660982783205306	-122.14018227654599	115.56396826451174	7.756907382654803	0.06163503692333392	0.042760002424183395
367.501677	1787825090691108352	47.66098366879827	-122.1402192531529	118.81534344840492	7.701162149905255	-0.0035546111854978177	-0.05129504648801262
367.594159	1787825090781108224	47.66099622202306	-122.14022197611706	121.06249179480929	7.4676658283004445	0.03187148657728063	-0.025408858326295428
367.702919	1787825090892108288	47.66101447512796	-122.14017848185551	121.50919208003832	7.5173889291767	0.04734891957022369	-0.03605397872520579
367.790068	1787825090979108096	47.66104005550376	-122.1401814386143	118.94881774315256	7.278689008051596	0.07996678130741117	-0.04070093667811575
367.898020	1787825091087108096	47.66100359612665	-122.14021336524728	113.45366121585631	7.29368890515074	-0.07679284190695197	-0.06566348304044638
368.002039	1787825091189108224	47.66100784582341	-122.1401900015369	117.20151235508509	7.2175140487795835	-0.016131034576589133	0.03910027726771558
368.100256	1787825091288108032	47.66100978623364	-122.14018004512722	115.40193734375669	7.146053878254562	-0.031756736415467376	-0.08847304604638714
368.207306	1787825091396108032	47.66104336640756	-122.14015930314	116.92330396710338	6.979169627183862	-0.06469170966013668	0.017368411349410095
368.303263	1787825091492108032	47.6610570862981	-122.1401986712919	120.70276109070865	6.899188278882385	-0.0819751740726186	0.03886774184158884
368.400136	1787825091588108288	47.661060618984415	-122.14015819327292	120.32968152181438	6.786323366426525	0.024808075525739548	-0.04258608316375284
368.504241	1787825091693108224	47.661051258943914	-122.14014361546356	118.2682833792054	6.675540848967456	0.01521291578501037	0.003926917060520369
368.598688	1787825091786108160	47.66107631208613	-122.1401530617201	111.17569993254307	6.5735870771681935	0.0027079348644549295	-0.061673444373424785
368.698018	1787825091885108224	47.66105881594645	-122.14018030104162	121.35503688351152	6.5206041176574345	-0.11102446700922936	0.042940229306250174
368.797009	1787825091984108288	47.66106999981454	-122.14012955743276	115.44916364440725	6.374702348424502	-0.00031537935569867317	0.0005745594042894222
368.893778	1787825092083108096	47.661089570814596	-122.1401524299913	115.85962397925697	6.333129274778563	-0.08801811527912581	0.09756778706907117
369.000772	1787825092188108288	47.66108058789442	-122.14016162439661	117.40926915580033	6.171151180290351	0.03248965469331799	-0.02558852992077267
369.096071	1787825092284108288	47.6610864633806	-122.14015170925403	119.93746975051808	6.072709702266158	0.002394888530161023	0.1000017052450185
369.204297	1787825092392108288	47.661094734883974	-122.14018606144336	117.60903927772142	5.981683142769952	-0.04716153905490465	-0.04354599333437992
369.311601	1787825092500108288	47.66111537765525	-122.14016154162773	121.69204804704422	5.870472208570614	-0.044335632330641306	-0.007692999693666146
369.400704	1787825092590108160	47.66114067895046	-122.14014919002406	118.25548998368893	5.673100022466126	-0.10267002959395209	0.014554176308626791
369.504000	1787825092692108032	47.66110620450209	-122.14016951866373	115.78341521022153	5.611509680337789	-0.04646416614063802	-0.016799112560497285
369.598337	1787825092785107968	47.66110471803567	-122.14015245375192	114.74679869197662	5.5454159223015	-0.06036653547755664	0.01865903948340419
369.692448	1787825092881108224	47.66111874754344	-122.14018379886623	117.55923395425756	5.40265962301345	-0.00849613155356942	0.09568698372291856
369.800415	1787825092989108224	47.66111174932506	-122.14016142505479	117.92305195092808	5.188071628237121	-0.10678327671595136	-0.0030041699990537426
369.890849	1787825093079108352	47.6611442560905	-122.14020867033909	112.48481781513622	5.127153550477112	0.07098649335978896	-0.07592428778650626
370.005858	1787825093193108224	47.66112439528306	-122.14015776501344	116.61856272690972	5.019125147231347	-0.030363763559578053	-0.00983970573196489
370.100834	1787825093289108224	47.661145496112084	-122.14019018811551	118.20695661208845	4.914974530881505	0.08579118455924412	0.03903725185429419
370.205591	1787825093394108416	47.661167250528635	-122.1401702193369	115.25611769204323	4.76105876236544	-0.08491503733655788	0.022930307290664736
370.300300	1787825093487108352	47.66113297669938	-122.14015679291344	116.81197172711	4.579260618756742	0.04637346111329032	-0.0409147077450059
370.404115	1787825093592108288	47.66113676087844	-122.14014990376214	116.65042686270549	4.434754644670134	0.05350453432067109	0.011178469357925038
370.502828	1787825093691108352	47.66112594840744	-122.1401686768971	115.87829894518191	4.438622887904981	-0.012124799005889697	0.0600455222519922
370.593328	1787825093781108224	47.661163243453764	-122.1401460254295	116.2480111873467	4.322369769743855	-0.03872177533021463	-0.07231961954241133
370.708937	1787825093898108160	47.661135703204266	-122.14017089068446	120.4262483424774	4.184292379306997	9.706801606326751e-05	-0.022982826320047407
370.787392	1787825093976108288	47.66115765112298	-122.14012917056176	113.82533819406663	4.0518419497985745	0.01323548973953087	-0.012982805227436476
370.892282	1787825094081107968	47.66117490645003	-122.14015282542086	117.00614576153839	3.954704375099907	-0.007108928640205523	0.019518863944496586
370.998429	1787825094186108160	47.66117109866821	-122.14017806891782	114.99108391492585	3.8660325591088758	0.017858232495150866	0.041303685466045854
371.103830	1787825094291108096	47.66116373712467	-122.14017985024871	119.78102488133483	3.81019469894436	-0.072174711897965	-0.07834447590484046
371.198809	1787825094387108096	47.66118010720828	-122.14018236836448	117.0338356929321	3.5642072202279103	0.010321906131257219	-0.04526689582875206
371.304294	1787825094492108032	47.661190051014884	-122.14014341772135	116.55362530294273	3.438700509210024	-0.02939719235875149	0.06806729782739337
371.397905	1787825094585108224	47.66117640465501	-122.14013918503986	113.75884058698085	3.4331187379273613	0.012657502537479407	-0.04011723847394369
371.500262	1787825094687108352	47.661187793313225	-122.14019224985064	117.701260364077	3.3554208740997056	0.015717678434674486	0.028116265330483056
371.610318	1787825094798108160	47.66116736786713	-122.14016449516282	116.19425759045029	3.2501269297527298	-0.07123555160373982	0.020000395078175172
371.692556	1787825094882108160	47.661201198487255	-122.1401590772714	116.54914164981379	3.1071100567204244	0.014363956575331316	-0.05591758911158276
371.798589	1787825094987108352	47.66119231644455	-122.14016839096021	111.8137251243452	2.9652688862124528	0.011860219356639154	0.04618244194942078
371.911644	1787825095101108224	47.66119363114201	-122.14019366792387	118.59096148381045	2.847615658793832	0.008577548577042895	-0.09092463974230838
371.989548	1787825095179108096	47.66118086769052	-122.14015011842751	113.22678771336064	2.8609706691051673	0.07200250012032003	0.017646308089564057
372.100892	1787825095290108160	47.6612297147264	-122.14020224189989	118.40839457518032	2.65264367360831	-0.04148446755564571	-0.05357849055941602
372.199339	1787825095386108160	47.66118760932514	-122.14022873337117	118.64778186251013	2.594513414933086	0.06270898759215321	-0.09813190023724765
372.299653	1787825095488108032	47.661200151037	-122.14018885618063	117.7841284210742	2.537629172273189	0.05179638146765395	0.09113366606224144
372.396187	1787825095584108032	47.66120072191661	-122.14014139501879	118.36576634406384	2.4897083354923852	-0.062224694105885284	-0.009986537506534575
372.494159	1787825095683108096	47.661247942320564	-122.14016243829202	114.33212767217297	2.4426630032584233	-0.03826574663596258	-0.10184272999680917
372.605810	1787825095794108160	47.66124432056434	-122.14021895278908	118.78613760292416	2.276363585054232	-0.034864447406966294	0.022884746317183933
372.698926	1787825095887108096	47.661221646384575	-122.14014307955925	116.17082093778454	2.1715333949702718	-0.11284288488367998	-0.03189012232250753
372.798777	1787825095986108416	47.66120669599199	-122.14017595982259	117.63273918202582	2.0958566907685956	0.025989252828750295	0.008539258551072204
372.901492	1787825096088108288	47.66120761614122	-122.14017610431203	114.2017079815321	2.054742328820221	0.014386432837302758	-0.021481275612691336
372.992567	1787825096181108224	47.661215797550675	-122.1401604031365	110.8059469629927	1.9333458854289438	-0.02897206338458172	-0.015892377964945196
373.110179	1787825096298108160	47.66121254412113	-122.14015494935207	118.94958556618151	1.838956243219563	0.0011953002754855942	-0.04762048373889192
373.200358	1787825096388108288	47.661223740836725	-122.14016759937832	114.36312705836075	1.7903225351609422	-0.00824813102273108	-0.03291457319950538
373.307924	1787825096496108288	47.66122219596813	-122.14016712983137	120.20315246818288	1.7365861002989977	-0.0682747499841993	0.03955818877968809
373.410432	1787825096598108416	47.66122253618669	-122.1401500215194	115.61688599383206	1.7105839779445278	-0.0656912928115093	-0.038305675767603416
373.495804	1787825096685108224	47.661220604417515	-122.14019416230919	119.11089898111001	1.5798905859625823	0.011272254494019307	0.022836499234543194
373.602154	1787825096790108160	47.66123578882637	-122.14016627835358	116.30925719828173	1.5892842440472013	0.0348987701313855	0.038423041755179514
373.698985	1787825096886108160	47.661242183074265	-122.14020464015633	115.3230671985193	1.454491283892459	0.04956156650841284	-0.03345353429002395
373.788051	1787825096976108288	47.66123420629757	-122.14019376911655	116.19334960250276	1.4823305572049836	0.06146449820608139	-0.004621321037238991
373.894750	1787825097084108032	47.66123264356682	-122.14016873113897	110.94801197626248	1.3548414805527953	-0.03364031602732109	0.03291686417782005
374.004211	1787825097192108032	47.661259298716544	-122.14016235644422	114.39530133280265	1.2273047656076086	-0.05390178707552552	0.0213380549964987
374.092958	1787825097282108416	47.66123900170596	-122.14015692737557	116.41208892902799	1.1857984448232597	-0.013443173156764585	0.06885249320330177
374.194721	1787825097384108288	47.66125985822119	-122.14015545659215	121.21982015025964	1.0158288386841003	0.0550815766979359	-0.0005356926388876364
374.301973	1787825097489108224	47.66124350177748	-122.14015685863968	114.80239713032564	1.0390499755713993	0.06346573324902045	0.018243542942787787
374.395280	1787825097582108160	47.66123727774802	-122.14015254885405	114.47273602406467	1.0275523775157855	-0.011854741740426904	-0.06085024309244879
374.509870	1787825097699108096	47.66122822875423	-122.14014650701304	119.36812084596474	0.9145878193237696	-0.03577356076009468	0.030817809580723218
374.609381	1787825097798108160	47.66122069106108	-122.1401342809425	117.70747858095356	0.8040174271449012	-0.06457326374370045	0.020802085697178976
374.704671	1787825097894108416	47.661246095639235	-122.1401972667889	120.56087567760314	0.849624418940994	-0.0703103644237695	-0.003778958718063688
374.801253	1787825097990108160	47.66122742316851	-122.14018842494728	116.9149436450622	0.8291044356452324	-0.03644920881295991	-0.07305596514615494
374.901139	1787825098089108224	47.661242011144026	-122.14018230614772	118.6398115691295	0.731334833807626	-0.012551590401959984	0.028117254623484852
375.010538	1787825098200108288	47.661251431900894	-122.14015811665963	120.11499572107975	0.6854281219059218	-0.006274690741152803	-0.07455280473364675
375.103024	1787825098290108160	47.661242336985936	-122.140189305364	114.98194215255805	0.6761808128593307	0.016285077653227235	0.03693541855732604
375.197779	1787825098386108160	47.66127018719415	-122.14019981036628	116.59074995807502	0.5597269440165676	0.006125974079203484	-0.04070406208850176
375.296473	1787825098485108224	47.66124493766024	-122.14016973731542	117.80509699111447	0.6085615503013407	-0.036022207053060536	0.07367586208304329
375.407986	1787825098596108288	47.66125541207854	-122.14020212671451	115.38788662781126	0.5331838057112575	-0.015978304472120754	0.029197639792555803
375.499040	1787825098686108160	47.661264122751675	-122.14016692323686	120.18948155618777	0.5097640399785732	-0.04424786886768348	0.0033226102614424603
375.599381	1787825098788108032	47.661245829609975	-122.14014862354658	117.42618288711786	0.45779701019771746	-0.035819098776650314	0.027408982438286485
375.691246	1787825098878108160	47.66127321342316	-122.14017907538916	113.10316600255834	0.33723750816371595	-0.05528214245692459	-0.05236161664260918
375.797074	1787825098986108416	47.66122237861432	-122.14016336807624	116.96430385725964	0.3620358865374209	-0.013852318076935877	0.050464884346981764
375.901968	1787825099091108352	47.66125205563458	-122.14015964594287	117.01079138749866	0.31932322992261647	0.04701039780273855	-0.008885751112564509
376.007430	1787825099196108032	47.66125720808421	-122.14016230822881	119.03233911681676	0.31590173510132924	0.022154968530939123	-0.061086782516010164
376.099820	1787825099289108224	47.66124911657865	-122.14014538067613	114.39082235272312	0.24226877422447693	0.06898513967993015	-0.060216863145562675
376.200723	1787825099388108288	47.6612494191578	-122.1401401171837	113.75784681961608	0.2608298159266409	0.05674925273608498	0.01521152637199557
376.300231	1787825099487108352	47.661239838246246	-122.14012412609563	112.30925685044264	0.27052524399433336	0.0005786044942507721	-0.08057640113777813
376.405539	1787825099595108352	47.66125596393916	-122.14019696697933	121.04232861968532	0.19428392758314936	0.06416040268320392	0.008922171613409422
376.485763	1787825099673108224	47.66125286723313	-122.14018077353916	113.93982593236069	0.23070573023664281	-0.026854381558531138	-0.0024061495899880794
376.596602	1787825099784108288	47.66126445631065	-122.14015785643045	118.06831515590956	0.16146389994980193	-0.0585583282781779	0.04914027650348451
376.710384	1787825099898108160	47.66125226277865	-122.14015003354866	115.98130724189916	0.2439172109709868	0.09598965306686019	0.029133923389571444
376.805533	1787825099994108160	47.66127246604616	-122.1401381586679	115.94470898191784	0.1166287429471059	0.021181479944249307	0.04661335104091607
376.902381	1787825100090108160	47.66127913175674	-122.14017415051885	117.16224709465627	0.12106926621780867	0.031027428774200894	-0.0005978828649981808
376.987431	1787825100174108160	47.661263907238066	-122.14014507595452	121.00117602089733	0.09175716327951475	-0.047236809648705386	-0.004548227878173594
377.086538	1787825100276108288	47.661266902061044	-122.14018990846	118.62059321445291	0.10079997664602451	-0.00027853419803630457	-0.02418127738814263
377.203896	1787825100393108224	47.661248972566526	-122.14018183438282	113.98129779964515	0.09646994800104661	-0.04586580752892404	0.042502226536726
377.309216	1787825100498108160	47.66125675053088	-122.14019789781862	117.56594424608295	-0.04988975928258532	0.04084949028769162	0.039728068609296466
377.396626	1787825100585108224	47.661259902333	-122.14013988775385	116.79322328959863	0.15572022977402677	0.07729424716455906	0.02137158302818306
377.494931	1787825100684108288	47.661259530549756	-122.1401662975244	119.48997278620686	-0.08309409833383796	0.022023440947065688	-0.04107110285219519
377.596004	1787825100783108352	47.661261447274505	-122.14016029227741	111.08161148602852	0.011225393484601486	-0.01231760337811244	-0.07163346732268043
377.695225	1787825100882108160	47.66124369090457	-122.14017723217225	110.25550613253992	0.08366446072656335	-0.012325468763278336	-0.06268397920710045
377.791724	1787825100981108224	47.66125400261931	-122.14017002217506	114.90536294927327	0.013568837326450898	0.14104194771306403	-0.02127024436388855
377.899304	1787825101086108160	47.66124999020681	-122.14013823437128	117.76239347191631	0.03792822130542749	-0.0017316311529922226	-0.12110138666514857
377.996141	1787825101185108224	47.66125640792226	-122.14016901545209	116.51871577442498	-0.04255716028911471	-0.104711734491997	-0.038214739031725446
378.098765	1787825101287108096	47.66124472720385	-122.14015629399528	117.0159810794318	0.0015949929375607475	0.017748223925874527	-0.05771136572264266
378.199638	1787825101389108224	47.66123385840926	-122.14017565979405	118.72431673170752	-0.011767712072337505	0.009393341798677948	0.07788110796997208
378.296823	1787825101485108224	47.6612479860246	-122.14017088128924	116.19485073041999	0.06690174838442371	0.07842701391422977	0.011622833374065725
378.395382	1787825101584108032	47.66125116250309	-122.14017357778319	116.27073675265976	0.043437226025347365	-0.020760352188137043	0.03669732808895304
378.498013	1787825101686108160	47.66124707787035	-122.14017024515609	117.89001222565999	0.0436824682437902	0.0753104200747338	-0.025444906599984874
378.600187	1787825101788108032	47.66124989429348	-122.14018140157759	115.89441213045976	0.044203466940872974	-0.046005172011763004	0.024899001081218227
378.704359	1787825101893108224	47.661235062254484	-122.14017838894948	118.93630644906084	0.03733536096329884	-0.04051997097311202	0.005213264581176782
378.802282	1787825101989108224	47.66125806864374	-122.14016719300385	115.79763604603363	0.010144721068681474	-0.07555174607945128	0.02853320259972296
378.903985	1787825102091108352	47.66127652452749	-122.14020498700428	118.69089419058801	0.014496350594201854	0.05585489987031933	-0.01909149919790593
379.002162	1787825102190108416	47.66127442034803	-122.14013198761914	117.09476350349348	-0.0018600425465638384	0.08602491716545045	-0.08025838676529252
379.110583	1787825102298108160	47.66124670466254	-122.14014371457274	117.4174089709009	-0.1107204610147581	-0.08309600942835509	-0.003619474723957886
379.203946	1787825102391108352	47.66126684484839	-122.14015405338216	114.8833691975221	0.02068031292689536	-0.017096928695070523	0.03558184287359521
379.295723	1787825102484108288	47.66125307972082	-122.14015315755856	113.7572287398954	0.04665015021169846	-0.04346016434110544	0.01289923397499867
379.392889	1787825102580108288	47.66123234603255	-122.14016485929183	117.13060112490093	0.008326302782703897	-0.06662954084020221	0.039216767642312966
379.503662	1787825102691108352	47.66125815404084	-122.1401909215072	114.3806440772951	-0.03746660216357728	-0.045970253979678716	0.04401438914299977
379.593686	1787825102781108224	47.66124699421076	-122.14021722325097	118.57319120676446	-0.00922960178502155	-0.04243881678137198	0.03381802470579094
379.705292	1787825102892108288	47.66125574042676	-122.14015069096482	116.38649001170292	-0.0012996678892736912	-0.012012175785033427	0.06029125283772538
379.792509	1787825102982108160	47.66123467624025	-122.14016237220929	117.70155473316458	0.032906316380666746	-0.08348903787735594	0.05075528564399195
379.891359	1787825103078108416	47.66124795878028	-122.14015704094177	117.13796640204548	-0.056707679883729635	0.013043721479372295	-0.05087212175309398
379.994873	1787825103183108096	47.66126226985949	-122.14016698385241	117.55281255046584	0.032002938814205996	-0.034844848148224035	0.009442997854323537
380.107473	1787825103294108160	47.661276549496364	-122.14015345225259	117.43598426544287	-0.037353824040226455	-0.12217443958316265	-0.06704762617196545
380.201769	1787825103390108160	47.661261815372185	-122.14018805384286	118.82750453765009	0.031306907484661396	-0.0012724217471073412	0.05470657255594678
380.300714	1787825103489108224	47.661266929363066	-122.1401467532855	118.4316836438598	-0.007923916116256034	0.020651556318068115	0.006643956697109304
380.403444	1787825103591108352	47.66124698380437	-122.14018704294821	114.39647787701934	0.008618004035240065	0.016658992819809006	0.004549417462595193
380.497280	1787825103684108288	47.661258281907436	-122.14019261544415	115.16603054890153	0.03673195751659021	0.021581393625914908	0.0999189211965184
380.604559	1787825103792108288	47.661256528557615	-122.1401109205577	113.7771509219892	0.10641131723366429	0.062116263477550504	-0.02254041045692993
380.695212	1787825103882108160	47.66124772701749	-122.14017509119296	116.64413006356861	-0.0681802198282802	-0.030735366398502974	0.02959429238356714
380.794658	1787825103984108288	47.661260169261446	-122.14011957533162	115.90020416006034	0.01929799611784035	-0.013339280748968105	0.03629013756610543
380.907406	1787825104095108352	47.66126318811673	-122.14011288882944	118.59623169140225	-0.05112030989732494	-0.05498860375546588	-0.07173389266087705
381.001230	1787825104188108288	47.66126767448311	-122.14015441751873	116.97436539070691	0.0041248336329979636	0.07299511265150098	-0.00313547737721705
381.096512	1787825104284108288	47.661262601039496	-122.14020506983954	116.79169401950946	-0.026326928267038713	0.05332572608802355	-0.03261980106216518
381.202026	1787825104389108224	47.66125666081424	-122.14014020086839	122.6368868206643	-0.010090571869484673	-0.07042465828746305	-0.02576489141732524
381.308406	1787825104497108224	47.66124217480714	-122.14014430310222	114.38937419452583	0.0008814312690717223	-0.00565512006761795	0.10117378556024262
381.407923	1787825104596108288	47.661262324275235	-122.14015953198164	116.5484934229843	-0.01939148793694548	0.047653989186063304	-0.003030189705773341
381.505650	1787825104695108096	47.66127327364926	-122.14016130105985	119.10584258781411	-0.061474311306114526	-0.07370864470493736	-0.016770140044875387
381.609768	1787825104797108224	47.66125931952417	-122.14015493109777	116.72872603735865	0.07507531382749531	0.08600720251733024	-0.016533764344208415
381.703110	1787825104890108160	47.66127044172291	-122.14012878652612	114.66082333546403	-0.12810313414494529	-0.02855339929178928	-0.03227661059069172
381.803809	1787825104992108032	47.66127137051369	-122.1401879428623	118.19160082006329	-0.010813701440432248	-0.012662823672483524	-0.03279360870994914
381.906651	1787825105094108160	47.66123476309138	-122.14015575013752	119.68320156945579	0.0387647982091528	-0.042569439001301806	-0.03077519864289995
381.996367	1787825105184108288	47.66124701359465	-122.14017482590383	117.67328937096282	0.028129550137576172	0.07041058803933843	-0.01827108401307843
382.111198	1787825105298108160	47.66126468614576	-122.14014232832966	118.58124902180595	0.04364757266372057	0.050649775390943966	-0.04257760075537444
382.207049	1787825105394108416	47.661236295201356	-122.14014898272693	119.30084200199802	0.10002210384241049	-0.06608331653457188	-0.028361218221502345
382.300020	1787825105487108352	47.66123761094422	-122.14016947349512	119.47827113405282	-0.007832557302990619	-0.009746003055706014	-0.06807419810371033
382.401517	1787825105589108224	47.661261301189306	-122.14016377830015	114.71065440996553	0.0546042968499085	0.04746880614861695	0.059931455895126086
382.498401	1787825105685108224	47.6612512910101	-122.14018485767178	118.88312264632228	-0.10778132016614295	0.04204997861309314	0.06340187217885619
382.586122	1787825105775108096	47.66124772688397	-122.14017719410187	117.51025681603822	-0.011698675551589138	0.007672352935533863	-0.03654635899387842
382.702906	1787825105892108288	47.66122644010698	-122.14019650698795	118.89904259506642	0.048743217556513924	0.004481766863724431	0.01816795283469955
382.798335	1787825105985108224	47.661254799434914	-122.14014792136877	119.51831246196448	-0.006039320730023561	0.0730743310128896	0.03758244621974266
382.909506	1787825106099108096	47.661262321466346	-122.14012778248865	117.4253699940562	-0.07169157854237544	0.009103677071591538	0.010859049790244274
382.997722	1787825106186108160	47.6612443498755	-122.14017135559212	121.22422365069922	-0.010809240320538545	0.02615535072767248	-0.02257309232179046
383.095311	1787825106282108416	47.66123907108684	-122.14012990078463	115.39006688901125	-0.026441351330763453	-0.020262768310059166	0.062163513748745604
383.200331	1787825106387108096	47.661253380567324	-122.14011846820405	113.36700924310686	-0.042634616642652334	0.0002113915764773678	-0.03852405196652559
383.296675	1787825106486108416	47.66125071044458	-122.14015579715469	118.07251861817176	-0.06751998518058692	0.05550304333132114	0.006064426857840065
383.403806	1787825106591108352	47.66126668012471	-122.1401591560455	116.10877208613283	-0.02287009943788516	0.0036510742645419376	-0.007450003040614578
383.509295	1787825106696108032	47.661251650565504	-122.14016841476541	116.08368351170668	-0.012981879440862263	0.03401104971197777	-0.10831425262673139
383.607174	1787825106795108352	47.66123065305181	-122.1401819697391	118.92324550453586	0.06795102819993225	-0.07065432269853311	-0.04468724524324634
383.682319	1787825106870108160	47.66126911494034	-122.14015499500856	117.80502636529971	0.03179662831894414	0.008605880110884848	0.0817271559704432
383.811572	1787825106999108352	47.66126868095339	-122.14017928928634	117.87413648300867	0.007235200219266508	-0.02102310139719647	0.029460503081475423
383.905411	1787825107092108288	47.661253650662324	-122.14017143728785	116.20558237499593	0.01306355157048708	0.022755203620835746	-0.08740887234335842
384.006621	1787825107194108160	47.661239817263414	-122.140177449444	111.89185704114466	0.004711630746227657	-0.03551222287495862	-0.020790498012275144
384.097993	1787825107287108096	47.66124939766138	-122.14016696329513	117.29621601720189	0.023305468214690452	-0.03426972309776581	-0.03456998867681315
384.195443	1787825107383108096	47.66126597258879	-122.14015342503124	116.06290469911023	-0.06039229819852126	0.1213265845737726	0.06937454502789338
384.306694	1787825107494108160	47.6612709268104	-122.14014321438366	117.23578754872169	-0.028699373415294716	-0.08112989998893333	0.0728838869132709
384.384999	1787825107572108288	47.66124069066197	-122.1401801433381	118.52704640106334	-0.08775502742843265	-0.03225954062933018	-0.006125096975818416
384.514331	1787825107701108224	47.66125593834318	-122.14018871454768	120.68673546947247	-0.016592976161274135	0.0019975198475195946	-0.06059246703445216
384.597694	1787825107785107968	47.66126711625512	-122.14016215207002	115.82779556522023	-0.09195737603239232	0.004633592803790282	0.04695618695682071
384.705668	1787825107893108224	47.66125159485729	-122.140180515812	120.86494740513281	-0.10186536329191756	0.02844998997892912	-0.009275600629255724
384.808362	1787825107995108096	47.661243370341026	-122.14016174801787	119.54197058028005	0.06301283008007125	0.04048808897540739	-0.03794134895846192
384.902229	1787825108091108352	47.661239888394384	-122.1401472606655	114.39118290887762	0.026766747991057743	-0.03841928372587447	-0.006159921176024528
384.999743	1787825108187108352	47.66126475543879	-122.14015321922979	112.0358502375357	-0.006286458721272825	0.07441449462375453	-0.008256611862186488
385.096102	1787825108283108352	47.661267080205555	-122.14018985054311	117.83629786100482	-0.04653202354763075	0.0745982558992553	-0.026324476000408506
385.197024	1787825108385108224	47.66124795518601	-122.14012388341098	118.78528886667598	0.016926712833487973	0.00586409825815883	-0.04987269951831304
385.297883	1787825108487108352	47.661246943104864	-122.1401640388159	121.29743371952722	0.0010920838390422298	-0.03663714888589988	0.06417238697626812
385.397395	1787825108586108160	47.66127507634316	-122.14015636393124	116.86197325238082	-0.06188141651152112	-0.08515893444474744	0.07704849762230637
385.500461	1787825108688108288	47.661236469345035	-122.14014446781498	116.39202329206405	0.013173809300020224	0.00915413427908685	-0.005601577523648963
385.606398	1787825108793108224	47.66123041042257	-122.14013518481731	115.14518070349651	0.005802692586453696	-0.08116024635892857	0.06103921093494589
385.695151	1787825108883108096	47.661258929417656	-122.14018156684489	116.08741234310101	0.011537465760652149	-0.07212241052763957	-0.019871365128831506
385.799984	1787825108988108032	47.661278810831284	-122.14016335323065	116.29325327157537	-0.027169812034293386	0.002651444558732223	-0.07235090806633225
385.895155	1787825109084108032	47.66125016467653	-122.14015880910102	118.07817819582435	0.040858617385338684	0.04062001512527027	-0.043819556131690064
386.005270	1787825109192108032	47.6612479546003	-122.14017905262735	115.15160163049423	0.019669750880338642	0.025044208999623514	0.0823725760588806
386.091187	1787825109279108352	47.66124533195587	-122.14017288504434	113.36586430511151	0.029384123789316915	-0.07568094346094338	0.03764587293997976
386.209366	1787825109396108032	47.66124798433679	-122.14016495007525	118.66791252708967	-0.023994920517953253	-0.07355546522327504	-0.0008254908492325521
386.303670	1787825109492108032	47.66126725774858	-122.14016873270923	118.54849065218092	-0.03664750003409585	0.040751155740359674	0.017385270210111672
386.396462	1787825109585108224	47.66125444025497	-122.14017951984309	117.47438810369685	0.1287309597018885	0.02449250023391054	0.03678865809129857
386.499046	1787825109687108352	47.66125822339847	-122.140191016866	123.13088594645998	-0.02857540095402213	0.021959449524721206	0.00755298117879227
386.605385	1787825109792108288	47.661263154529074	-122.14015404461784	116.799076335116	-0.001493198613161476	-0.03977514159925289	-0.043307926870478464
386.693162	1787825109882108160	47.66127339786194	-122.14013713429792	113.2789026029711	0.029830196376020492	-0.04961074069667864	-0.04004863008792948
386.794139	1787825109981108224	47.66125468227672	-122.14017227743335	122.98402016239821	-0.06947881207672123	-0.01238534385373289	0.05781311669397374
386.906498	1787825110095108352	47.66126862370165	-122.14018608126821	121.28301679751817	-0.0038216031084024843	0.01290324694001992	0.05280999036334817
386.998329	1787825110185108224	47.6612398014247	-122.14016582836221	115.22516722038029	0.03517287745426177	0.03037085360984544	-0.025693505726612016
387.101044	1787825110290108160	47.661275157378796	-122.14017616712866	115.21683032224232	0.0132611904281058	0.031812458839200565	0.07383942584996632
387.213948	1787825110401108224	47.661239452914764	-122.14015444314525	114.5943141482477	0.007262053364303959	0.055338360175838534	0.0550865732801509
387.300827	1787825110488108032	47.6612416217427	-122.14019510440613	119.15426061388455	0.04799862863656507	-0.04865960496663351	0.029738371323956514
387.389080	1787825110578108416	47.6612486082744	-122.1401712127458	115.73359893932528	-0.16990256993821976	0.058964433517785624	0.06292145973371732
387.503550	1787825110692108032	47.661236270280654	-122.14019187065458	115.38611527548666	0.07273566355546672	-0.048766798317026544	-0.021219318951239602
387.593076	1787825110782108416	47.66124151601753	-122.14018696637012	118.10584457196393	0.06891876859407702	0.06428916637565474	-0.06053908398587017
387.704620	1787825110893108224	47.66126727558992	-122.14018485263139	116.05776046005576	-0.005251197308761606	-0.015918895799160362	-0.0019058465904792665
387.801671	1787825110989108224	47.66126666288328	-122.14017691103078	116.23211178511623	-0.0346459132905078	0.01780398460067571	-0.054893570165064576
387.902830	1787825111091108352	47.66124104916585	-122.14018045998623	112.1608828291194	0.012945956209069121	-0.008366434110489077	-0.02935223222860779
388.001486	1787825111190108416	47.66125066400074	-122.14015666066769	114.39362619679824	-0.06003985459929887	0.06177128358717371	-0.02114258274837918
388.090558	1787825111280108288	47.66124258702181	-122.1402073594074	121.54017853635946	-0.03146829525392784	0.048411491728138294	0.017857960316209637
388.203421	1787825111391108352	47.66123345793002	-122.14015158521654	117.37670621737414	-0.02475611517182845	-0.009446139804939191	-0.018643048484931684
388.299607	1787825111487108352	47.661247092719385	-122.14015021290774	118.67619110952802	0.05159853156732012	-0.07958957602887136	-0.043694480931300905
388.404171	1787825111592108288	47.66125140735083	-122.14016354736353	113.59583453524478	-0.051203345439567144	-0.05236673880620153	0.10879677534925065
388.494865	1787825111682108160	47.661242319390276	-122.14015693299471	116.1185507779104	-0.015153420589231676	-0.026162872744275652	0.012493344437945437
388.599286	1787825111787108096	47.66125293620659	-122.14020973830671	111.59767333170193	0.04706964186779174	-0.00027995822466295465	0.018065325246589128
388.695701	1787825111883108096	47.66123466811224	-122.14016016404673	115.6588846783749	-0.009917950835265395	-0.06618111612951054	-0.012236206369563057
388.795981	1787825111985108224	47.66127202625652	-122.14012253899416	121.06873795033677	0.008043526656451052	0.03361284259927804	-0.03309620909056445
388.902762	1787825112090108160	47.66123113499956	-122.14020291412253	117.51338287830778	0.04867830625132199	-0.02269804470937756	0.0013261058250640721
388.994897	1787825112183108096	47.661248161965254	-122.14017808021939	113.83956075600868	-0.06922230808958153	-0.017114706834640805	0.029885232824198322
389.096275	1787825112285107968	47.6612597776413	-122.14013383813601	115.2487981152539	-0.08274505435387841	-0.048117373653131644	0.05404328508936698
389.201443	1787825112390108160	47.66125790325911	-122.14016189251836	115.6370438462393	0.0350520534451314	0.0003566706958718997	0.04748409314136445
389.298392	1787825112486108416	47.661240999284544	-122.14014156424227	116.58331748136831	0.03598441136530249	0.023822021976081575	0.07451932145007038
389.406696	1787825112594108160	47.66124453678797	-122.14013062829109	119.12588463965588	-0.08867313416433736	0.03915218654252386	0.050808525264284456
389.504374	1787825112693108224	47.66124085967937	-122.1401330555961	114.22859436734046	-0.027040696709239722	0.01609148911027579	0.045442029042749715
389.600975	1787825112789108224	47.66125340527125	-122.14014559720515	118.1368563748477	0.013835751006984469	0.022728421491841705	-0.010982402598241549
389.700471	1787825112888108288	47.6612640984441	-122.14015682438941	119.1161142580048	-0.06933088724838117	0.024254219420901946	-0.0652745020868488
389.790039	1787825112978108160	47.66126973654433	-122.14015937965655	117.02591689589762	-0.030217811074526993	-0.005475921027778573	0.04169111868011416
389.906512	1787825113095108352	47.6612563995037	-122.14015288219524	113.05240757281473	0.0003642500642351991	0.055805099053365476	0.005683146892806967
390.007065	1787825113194108160	47.66125328353696	-122.14018505846397	113.59463457834518	-0.016593417547430548	-0.0029858769746614416	-0.03617873885239217
390.101469	1787825113290108160	47.66124878496721	-122.1401739969623	116.89983136308666	-0.05158837440385233	-0.0012007455488778022	-0.010191043480194896
390.203051	1787825113392108288	47.66127546909981	-122.14012791445052	119.36421967710774	0.031087395801318557	0.024269741107744228	-0.07477466134574934
390.305168	1787825113494108160	47.661248858018524	-122.140144453612	120.09452963916014	-0.0018704935661542675	0.03326758860395947	-0.058573197759558875
390.404244	1787825113593108224	47.661234081979245	-122.14016288164929	116.5196188584702	0.04575600847379139	-0.00328755994633971	-0.00048523733314899376
390.499702	1787825113689108224	47.66125809730273	-122.14012871724803	115.83380911023025	-0.031573830059779096	0.06601027763287541	0.021212914290386436
390.597799	1787825113785107968	47.66125036946378	-122.14012482377782	119.47616312436219	-0.0016178567319900278	0.00527588693476895	0.008738765309533538
390.702503	1787825113890108160	47.66125642635858	-122.14017063278023	116.31114201827577	-0.014214196357371282	0.052619399436640985	-0.007426628654126601
390.794702	1787825113983108352	47.66124266109574	-122.14012047947523	120.82354936966779	-0.03803223304724341	0.01146471914703363	0.03939720189500646
390.900238	1787825114088108288	47.66125487863832	-122.14014977828103	115.3632404829651	-0.05995516511395721	-0.04330799724955427	0.03142740483891836
390.998468	1787825114187108352	47.66126024079008	-122.1401562278675	113.40850941446813	0.047476824551283305	0.010788071598740021	-0.015478038030825673
391.102278	1787825114289108224	47.66123370398285	-122.14016991481888	119.58243599918626	-0.04650012589493521	0.026406641094175384	0.014866108585017938
391.206211	1787825114394108416	47.66123690439588	-122.14013457682789	119.4059542430127	-0.030477035991875984	0.06681248080978028	-0.05506780568651794
391.296751	1787825114484108288	47.661243021537786	-122.14014393203686	112.15823013696404	0.03166554085955321	0.07244324282937634	0.09017276254432703
391.401845	1787825114589108224	47.66123724949542	-122.14020638727516	116.86905010831255	0.06675859220041146	-0.11311164600300282	-0.009929403119669463
391.495290	1787825114682108160	47.6612733710338	-122.14018470725007	118.66941592335829	0.01768650668181762	0.08161500555711987	0.008837904030131186
391.589556	1787825114778108160	47.66126209227064	-122.14017902621829	113.61708191318696	0.08267176323278685	-0.017538199944303803	0.0323963541071045
391.699873	1787825114889108224	47.66126728710955	-122.14017772465365	116.40726089248064	0.02451230438585345	0.08235946828957255	-0.031169408351870476
391.810758	1787825115000108288	47.66124983431504	-122.14020227741115	117.31872691212737	-0.051168076745596314	-0.03813282417175936	0.003706344753243072
391.904146	1787825115093108224	47.661238852826955	-122.14016944084449	121.06382183813975	-0.011654206642735322	0.04620130214219663	0.00899498294340832
392.003694	1787825115192108032	47.661271925688176	-122.14020641689022	114.83868121819788	-0.03525446607493007	-0.007395833604641043	0.037303001770621964
392.100787	1787825115288108032	47.661242427751304	-122.1401256787669	114.68876127635448	0.05417299536395063	0.03820319056926278	-0.014808644513367329
392.195217	1787825115384108288	47.661261865776886	-122.14019286357866	115.4968488415214	0.03644878675468604	-0.04552411387963629	0.06469270043904513
392.296684	1787825115486108416	47.661261662439266	-122.14016529014687	121.12003265452702	0.02106224615033135	-0.11637941671870333	-0.06363239125950917
392.402251	1787825115591108352	47.66125940857163	-122.14015405789397	117.047895323594	0.07044327814304696	-0.03342835992692492	-0.0033382714819388975
392.513439	1787825115702108160	47.66125380495362	-122.1401447736886	122.08298501622885	-0.05786336416373178	-0.05726609089908328	-0.07802646495000815
392.608455	1787825115795108352	47.66124955340251	-122.14017525895255	119.71585969180026	0.03756031600281029	-0.020624085616586425	0.003073026869339974
392.698254	1787825115885108224	47.66124693754469	-122.14015757072046	118.99273561867368	-0.06591494084922006	0.03622223372661796	0.011341199532252119
392.790349	1787825115978108160	47.66126954865316	-122.1401501542477	110.66721238575508	-0.05190427808795528	0.03569486806400951	0.032598118328842955
392.897555	1787825116086108160	47.661258332433995	-122.14014833574475	118.45173806988373	-0.0373530607947518	0.025982800958913678	-0.10750491843653019
393.009749	1787825116197108224	47.66125362714772	-122.14014995148892	113.12136505133631	-0.012920175468871857	-0.025243118344464462	0.03014006506173792
393.106887	1787825116296108288	47.66127550033195	-122.1401817039104	113.51312029307881	-0.03813851937461015	0.0382969065476085	0.003706036686957542
393.191378	1787825116380108032	47.66126068691391	-122.14017649646792	115.85717010838377	-0.011803893200664599	-0.03342975611507159	-0.07317123908373004
393.295991	1787825116485108224	47.66123115240396	-122.14013856339038	116.96659625994886	-0.027642243239803452	-0.04658313357940905	0.016233183405519803
393.389456	1787825116578108416	47.66128005839566	-122.14020414844995	121.38467156334163	0.019835564156327565	0.04071960789357656	-0.055732290578717494
393.498448	1787825116686108160	47.66127142659661	-122.14015645413775	119.56350832812562	0.07339444319538552	0.048587356460150895	0.07631066003061905
393.598309	1787825116785107968	47.66128157854066	-122.14018616069706	120.68875785171969	-0.02417698651892217	-0.07681883854195444	-0.04895774941457154
393.693972	1787825116881108224	47.66124245592951	-122.1401497397823	118.00566182264106	-0.0074983189590743906	0.034124036798574	0.01463547156687157
393.798129	1787825116986108416	47.66123181975301	-122.14014540635672	115.79471260419861	0.08611450838197368	-0.009522449696072856	0.011122273471359606
393.898728	1787825117088108288	47.661257194190476	-122.14016454161569	115.88419671777942	-0.018172959063309176	0.05068874327798554	-0.06272137193083517
394.003339	1787825117190108416	47.66122727134535	-122.14015793550885	116.7107271703449	-0.02233524338190914	-0.04970961568585375	-0.053955950494300124
394.111533	1787825117301108224	47.661257587125526	-122.14015994553901	114.62205338529664	0.02622993311860246	-0.0196880878092255	0.05082340733072597
394.206715	1787825117394108416	47.66122477543656	-122.14018627457152	114.95720517466198	-0.035211001689845145	0.03628365569864766	-0.0556830020793611
394.298135	1787825117487108352	47.66124066872352	-122.14018135551227	115.20609960879241	0.007050789345018439	-0.007994102363288671	-0.08973593189284897
394.408398	1787825117595108352	47.66126634090634	-122.14017300213047	117.3901089116875	-0.05773714931065543	-0.008197518368401973	-0.03397159916525257
394.502550	1787825117691108352	47.66123841362345	-122.14012249420958	117.27522277980027	-0.05747232433248065	-0.02740820285895278	-0.0477745966283507
394.600805	1787825117790108160	47.66124573411834	-122.14018089733898	116.13864877674213	-0.0993916082930382	0.055799314489357044	-0.020843577533793237
394.694754	1787825117883108096	47.661243779333844	-122.14012722932	117.68337473660249	-0.061729370140039756	-0.08008245030013675	-0.07399145599712059
394.800012	1787825117988108032	47.66124937396264	-122.14017589764465	115.96163166317024	0.027356949574296897	-0.052662551570529806	0.03591638412195836
394.910732	1787825118099108096	47.661278937254636	-122.14018247387457	118.82782320674703	-0.10218831474068157	-0.046002954568765894	-0.05366334606848573
395.000769	1787825118189108224	47.661254325951354	-122.14014875081655	115.06322243211478	0.01762534039423924	-0.09100493012597648	-0.03785345073457183
395.104135	1787825118291108096	47.66126622247397	-122.14016435768644	118.1440750417334	-0.003998812895733574	-0.10335964745473564	-0.027231059960988242
395.193908	1787825118381108224	47.66123633581018	-122.14015903838862	112.37286411034552	0.012371155921247354	0.11042617223143365	-0.038015809643349746
395.297543	1787825118486108416	47.6612663403025	-122.1401528299961	115.10255025877885	0.053992888592522506	0.00854301882604947	-0.011515177491796631
395.404151	1787825118591108352	47.66125490016365	-122.14016160295763	112.48748829181399	-0.03439111882158361	-0.018203457639084705	-0.08090658110784194
395.503269	1787825118690108416	47.66125796752185	-122.14015011158115	112.10293413752073	0.042217672903084306	0.09280102487894744	0.06321405421587915
395.599890	1787825118789108224	47.66124938428253	-122.14015453017936	119.14664166063793	-0.08726374825691123	0.0033261623840276514	0.08211112403955405
395.695393	1787825118882108160	47.66125656002973	-122.1401606368972	117.09524381232139	-0.05654172586695531	0.0632978765207245	0.01788023519144012
395.806771	1787825118996108288	47.66122839386102	-122.14018718649098	116.48365213384811	-0.03440332068399582	0.002590383849601014	0.0334181251519024
395.904039	1787825119092108288	47.66126527419575	-122.14018187457863	116.36078289978352	0.04214514494505455	-0.055364137395288476	-0.06306137434094196
396.001900	1787825119191108352	47.661251362191386	-122.14017064214102	116.2751651019582	-0.01277166541345942	0.04605719258015589	0.0015305259670487141
396.094496	1787825119281108224	47.66126916668094	-122.14017423415156	119.69266996957337	0.027408561781248092	0.0016505433708016927	0.04003843535857376
396.203097	1787825119392108288	47.66125160250939	-122.14016765601697	118.19248806521176	-0.09528177558879904	0.034344316930823876	-0.002490394420783
396.306340	1787825119494108160	47.66125658423943	-122.14017827872554	118.26942395777887	-0.0017235494362462913	0.026069664055627346	0.11234828660902096
396.396609	1787825119584108032	47.66123646353335	-122.14018640027605	115.2566446066687	-0.07914749450829843	-0.034642552025856005	-0.06876669882308424
396.505737	1787825119695108096	47.66126844027448	-122.14016350134385	116.09042879058515	0.03233856127393418	0.00724907183038252	-0.05708715895109297
396.604593	1787825119794108160	47.66126607760994	-122.14019700823626	117.99535848092849	-0.0480718903618982	-0.04822499578130131	0.0025732010825417167
396.699958	1787825119887108096	47.6612525652294	-122.14016037986515	116.49373143082404	0.047720505377655646	-0.036100854471112866	-0.01033240594594051
396.806362	1787825119995108096	47.66129049218748	-122.14018598564424	117.81299994095174	-0.08217230397702407	-0.020618571769795157	-0.003305041749525941
396.909313	1787825120097108224	47.661247457671124	-122.14017038855353	118.88309082899768	0.017365499218037317	0.00255775238847907	-0.022630801537583567
396.992936	1787825120181108224	47.66127500473089	-122.14017704387457	116.03863942010202	-0.015696280006275157	0.06697467373712077	0.059349147186203446
397.104596	1787825120292108288	47.66128482225918	-122.14013410429014	118.23822459297855	-0.008258253347761901	-0.08253865748710158	0.03795108706178424
397.204697	1787825120394108416	47.661233612903395	-122.14016954973334	116.79234529149119	0.014043724480943829	0.06710377226193595	-0.03213072185873674
397.300296	1787825120487108352	47.66126816627572	-122.1402019418359	118.64306173771503	0.084932378240337	-0.020223074186937282	0.004211239279216721
397.401637	1787825120589108224	47.66125662057472	-122.14016656737465	118.17999433573986	-0.023956340353193287	-0.01689545625464554	-0.13017849291998013
397.498209	1787825120685108224	47.661244603281936	-122.14012404700175	116.55071869598689	-0.014421481338047977	0.06744669599703682	0.032908170377594914
397.603437	1787825120790108160	47.661277771215616	-122.14017008558682	124.06913934763912	0.11016956628114603	0.05306924354099294	0.05910465364169964
397.695029	1787825120883108096	47.66124599156465	-122.14015794166207	117.1537411254696	0.05335381019465685	0.004012988582470166	-0.08666377202555708
397.803181	1787825120991108096	47.66126711577963	-122.14016839270182	117.34771831722877	0.06259289880418743	-0.01929239461436145	-0.05244016503264594
397.906019	1787825121093108224	47.66126122266375	-122.1401778332379	116.6539281354213	0.024364593346805772	0.06760696699523443	-0.09579658924968659
398.007435	1787825121195108096	47.66125403285876	-122.14014054659708	115.40507647477406	0.03203156228299106	-0.04537986766031695	0.04313945880054867
398.106602	1787825121294108160	47.66126757916072	-122.14019248078739	119.84621378831415	-0.022445398339883144	-0.0022310501346823634	-0.07196461571764602
398.205211	1787825121393108224	47.661243363929465	-122.14015073570822	121.98333738364185	0.011064950330191057	-0.08322928031412577	-0.07257792025612539
398.299070	1787825121486108416	47.661235068127546	-122.14015342728045	118.293808342851	0.004981543496382533	-0.020233204988850086	-0.034717661361439923
398.402929	1787825121591108352	47.661254789399045	-122.14020410470617	113.7854488038752	0.09694472959469885	0.05123765031516684	0.04954895618731567
398.505365	1787825121693108224	47.661252467701615	-122.14015492722109	120.68791322766424	-0.07644060930034113	0.11339032734370394	0.009964848385785992
398.604914	1787825121792108288	47.66125993034176	-122.14012225185083	116.27146338574606	0.05010763206316951	0.048715445638048	0.08645058942077077
398.704201	1787825121891108352	47.66125832473895	-122.14015030698927	116.17321418001379	-0.013196058302020386	0.0024595484881937166	0.015545930287716801
398.794321	1787825121981108224	47.661244548511384	-122.1401860851901	118.64201069646984	-0.014369843960318077	-0.02585736702995954	-0.062120202274308284
398.914083	1787825122101108224	47.66126960239778	-122.14018578026793	116.71902621773613	-0.025566346323380108	0.04724842851984232	0.0025556604560903525
398.998294	1787825122185108224	47.66125087206431	-122.14016598859209	116.4305183317991	-0.024120630070448422	0.05559878218004956	0.009196889749548963
399.103964	1787825122293108224	47.66123396112558	-122.14012616884904	122.64764206105639	-0.013585015578022644	0.05387993773449713	0.04725699564414146
399.207526	1787825122395108096	47.66126186538338	-122.1401580320631	115.44549865441327	-0.027011925257743236	0.002984272743734558	-0.024506402210182396
399.298863	1787825122488108032	47.661223660651416	-122.14016361223884	116.03723645616539	0.010781860061066774	0.019455859652152005	0.0436106188002445
399.391516	1787825122581107968	47.66126893360628	-122.1401509149265	113.98984290794023	-0.04511344449475345	-0.014066075093341577	0.0008704561793577405
399.508515	1787825122698108160	47.66123789394709	-122.14012856831623	116.3680031003348	0.1229107406015314	0.0728374787030545	-0.054110489457192316
399.609864	1787825122797108224	47.66125505122926	-122.14014595062622	118.70685145644377	0.03314540054504075	0.030592691003207245	0.023887742041017658
399.691647	1787825122881108224	47.66124476227686	-122.14020223712637	117.29605112767887	0.03591595213407769	-0.060081506434060274	0.02603194727243051
399.792433	1787825122980108288	47.661239835113406	-122.14014542764153	115.76972737339935	0.0034997741590973813	-0.07858321956053771	-0.02743644824979448
399.889632	1787825123079108352	47.66128174069147	-122.14016479647256	117.34965066270931	-0.021982100850638675	0.0419805986097541	-0.09830423597041282
399.998274	1787825123187108352	47.66126462138872	-122.14017083624958	114.87969785916887	0.06945816148345038	0.050213586462758475	-0.10448397648491177
