# time_s	timestamp_ns	roll	pitch	yaw
0.098750	1787824723287108096	0.0013646831	0.0053227065	0.7833815331
0.201111	1787824723389108224	-0.0069820135	0.0019922062	0.7913529850
0.294406	1787824723482108160	0.0006985702	0.0019770944	0.7892961979
0.396811	1787824723584108032	-0.0023877597	0.0054561170	0.7837468593
0.489064	1787824723677108224	-0.0068775564	0.0049334652	0.7903321498
0.589274	1787824723776108288	-0.0046057869	0.0041423403	0.7773271709
0.695688	1787824723884108288	-0.0044955479	0.0029400718	0.7780066350
0.796774	1787824723986108416	-0.0016529152	0.0020837528	0.7880677691
0.897719	1787824724085108224	-0.0039863119	0.0062473679	0.7740084931
0.998097	1787824724187108352	0.0063716310	0.0029913501	0.7919496252
1.101070	1787824724289108224	-0.0051705563	0.0038172117	0.7880570609
1.204972	1787824724394108416	-0.0001409439	-0.0010492649	0.7953776562
1.289898	1787824724478108160	0.0006239088	0.0033165228	0.7992095225
1.396176	1787824724583108096	0.0026561461	0.0001091808	0.7762995551
1.485561	1787824724673108224	0.0009036172	0.0038165681	0.7857417306
1.595184	1787824724784108288	0.0048247985	0.0002751521	0.7894644446
1.690683	1787824724880108032	0.0082028276	0.0046364555	0.7876837627
1.803236	1787824724991108096	-0.0022542340	-0.0030340352	0.7815765587
1.887921	1787824725075108352	-0.0040073531	-0.0010610679	0.7886257306
1.992251	1787824725180108288	-0.0010966974	0.0013106702	0.7799572759
2.099032	1787824725288108032	-0.0035682539	0.0013101056	0.7932374998
2.191636	1787824725381108224	-0.0073495474	-0.0068849540	0.7750554212
2.293942	1787824725483108352	-0.0053971247	0.0000249348	0.7863348880
2.398245	1787824725585108224	-0.0039050021	-0.0044223514	0.7799198170
2.498581	1787824725687108352	0.0006874006	-0.0037122387	0.7902638410
2.602018	1787824725789108224	-0.0045811226	-0.0005150667	0.7735348071
2.702944	1787824725891108352	-0.0014764760	0.0036369832	0.7886653822
2.798400	1787824725987108352	-0.0006395002	0.0015865564	0.7907897540
2.897113	1787824726086108160	-0.0010228335	0.0026484372	0.7920255431
3.002711	1787824726191108352	-0.0019484733	0.0050150243	0.7788639321
3.101956	1787824726290108160	-0.0009587808	-0.0022131396	0.7869069986
3.218200	1787824726407108352	-0.0021115494	0.0025803122	0.7888394747
3.291058	1787824726479108096	0.0036746307	-0.0006897983	0.7726899456
3.397503	1787824726587108096	-0.0000524406	-0.0013108147	0.7896509036
3.503428	1787824726692108032	0.0015466118	-0.0004593048	0.7771917065
3.601809	1787824726791108096	-0.0016271230	-0.0032664261	0.7706173857
3.705008	1787824726893108224	0.0033422603	-0.0044285758	0.7778762911
3.801346	1787824726989108224	0.0004819365	-0.0002011223	0.7892641835
3.912086	1787824727100108032	0.0004568847	-0.0013615813	0.7924348764
3.995921	1787824727184108288	-0.0032897604	0.0014294550	0.7878648872
4.097607	1787824727286108160	-0.0022308097	-0.0024406990	0.7932958675
4.200270	1787824727388108288	0.0038526851	-0.0009114042	0.7857186860
4.294228	1787824727481108224	-0.0049712694	0.0009634822	0.7861989964
4.398663	1787824727586108160	-0.0095501738	0.0028120742	0.7770366931
4.498260	1787824727685108224	-0.0007627223	0.0003642688	0.7773821780
4.598604	1787824727787108096	0.0027847439	0.0002145184	0.7892683727
4.699781	1787824727889108224	-0.0013608793	0.0012880824	0.7758458830
4.806838	1787824727994108160	0.0016573624	0.0008998697	0.7843464881
4.904093	1787824728093108224	-0.0017873462	0.0068346148	0.7801305744
5.007001	1787824728195108096	0.0059739765	0.0009818049	0.7769753765
5.109888	1787824728297108224	0.0002193935	-0.0020523584	0.7881195970
5.193126	1787824728381108224	0.0033085102	-0.0005087319	0.7946616702
5.311141	1787824728498108160	-0.0011005971	0.0001391376	0.7749939639
5.403098	1787824728591108352	-0.0005428266	0.0048428642	0.8028483585
5.495590	1787824728684108288	-0.0015933938	0.0014817067	0.7915768112
5.605112	1787824728792108288	0.0047872679	0.0063278314	0.7933047050
5.695642	1787824728885108224	-0.0065762181	0.0027200900	0.7836997224
5.800896	1787824728990108160	-0.0028412713	0.0051340797	0.7781064450
5.893608	1787824729083108096	-0.0082677911	0.0052924945	0.7894664004
5.995916	1787824729185108224	0.0058476481	-0.0026446907	0.7882243742
6.100292	1787824729287108096	0.0013370443	0.0011224195	0.7871895316
6.201363	1787824729389108224	0.0021517285	0.0014750973	0.7801158619
6.298397	1787824729485108224	0.0023226468	0.0000196047	0.7831921321
6.390491	1787824729578108416	-0.0032690421	-0.0024648357	0.7784636096
6.501318	1787824729689108224	-0.0017436129	0.0016484687	0.7843532511
6.603291	1787824729791108096	-0.0021623607	-0.0062117810	0.7941568126
6.710643	1787824729899108096	0.0061204992	0.0001544508	0.7893379500
6.818116	1787824730007108096	0.0017417396	-0.0004187907	0.7818813406
6.903656	1787824730091108352	-0.0023601614	-0.0019529669	0.7851976712
7.000787	1787824730190108416	0.0070370920	0.0053761520	0.7874514194
7.098397	1787824730286108160	-0.0031274049	-0.0002317468	0.7864674190
7.202703	1787824730391108352	0.0040042922	0.0046028695	0.7913018815
7.311254	1787824730499108352	0.0018061888	-0.0032840930	0.7775517106
7.395233	1787824730583108096	0.0005442686	0.0031299528	0.7849126039
7.500041	1787824730688108288	0.0030709255	-0.0050910327	0.7745492575
7.594095	1787824730781108224	-0.0034536776	0.0043466763	0.7941322860
7.704624	1787824730892108288	0.0053435688	0.0021604487	0.7985371671
7.801427	1787824730988108032	0.0048294290	-0.0027218417	0.7817467990
7.898065	1787824731087108096	0.0042437075	0.0009199388	0.7720499890
8.015827	1787824731204108288	-0.0005522520	-0.0065574386	0.7998758318
8.094347	1787824731282108416	-0.0036272813	0.0052293016	0.7827726764
8.203215	1787824731390108160	0.0005150267	-0.0003449406	0.7906325855
8.305638	1787824731495108096	-0.0052500024	0.0029153858	0.7859007798
8.397038	1787824731585108224	-0.0037293358	-0.0028025194	0.7795704064
8.502194	1787824731690108416	0.0013939107	0.0078823032	0.7838229084
8.610122	1787824731798108160	0.0030332787	0.0015234916	0.7967681708
8.698286	1787824731885108224	0.0007862452	-0.0079772519	0.7801849304
8.803547	1787824731993108224	0.0043550369	0.0007173947	0.7920044508
8.890990	1787824732080108288	0.0009071204	0.0003212633	0.7826579609
8.995450	1787824732182108160	0.0029297314	-0.0086348701	0.7928330929
9.091425	1787824732278108160	-0.0022558632	0.0042066613	0.7775751229
9.201634	1787824732389108224	-0.0071573824	0.0014955264	0.7833921294
9.292055	1787824732479108096	-0.0003186913	0.0026185366	0.7704316342
9.388680	1787824732578108416	0.0027983618	-0.0038075482	0.7833587153
9.499961	1787824732689108224	0.0027324444	0.0023059992	0.7876154598
9.603632	1787824732791108096	0.0021576792	-0.0067759439	0.7968749854
9.706660	1787824732896108032	0.0038141132	-0.0028282016	0.7920391838
9.798847	1787824732986108416	-0.0038003066	-0.0015322097	0.7814726463
9.906011	1787824733094108160	0.0044290231	0.0011304456	0.7751876639
9.993199	1787824733181108224	-0.0005172533	0.0015212448	0.7886528460
10.094961	1787824733283108352	-0.0067289857	-0.0003639012	0.7980921400
10.208001	1787824733397108224	0.0025761087	-0.0059702057	0.7922280914
10.309253	1787824733496108288	0.0022229249	0.0057754406	0.7921700979
10.389826	1787824733577108224	-0.0024634968	-0.0086499606	0.7946851798
10.502213	1787824733691108352	-0.0028722180	0.0049064774	0.7723617383
10.601670	1787824733790108160	0.0022151986	0.0006564480	0.7841126661
10.711334	1787824733898108160	-0.0014657640	-0.0018378335	0.7942530658
10.807639	1787824733997108224	0.0013082865	-0.0077270072	0.7788146198
10.895897	1787824734084108032	-0.0019049070	0.0046039859	0.7920746413
11.000024	1787824734189108224	0.0022065440	0.0019121019	0.7988362138
11.101072	1787824734288108032	0.0030451305	0.0013633347	0.7752817697
11.195947	1787824734384108288	-0.0042500667	0.0016646020	0.7884666001
11.304755	1787824734492108032	-0.0011678095	-0.0026214094	0.7896806906
11.393551	1787824734582108160	-0.0001719129	-0.0001397674	0.7887842680
11.499020	1787824734687108352	-0.0010949975	0.0012462152	0.7833839699
11.595085	1787824734783108352	-0.0034206357	-0.0051110007	0.7981271674
11.706784	1787824734894108416	0.0011277017	-0.0022581784	0.7884115349
11.797257	1787824734984108288	0.0011500562	0.0057777745	0.7851632557
11.894742	1787824735083108096	-0.0000612786	0.0049999248	0.7904480811
11.997008	1787824735185108224	-0.0055063464	-0.0001274025	0.8029754048
12.095944	1787824735284108288	-0.0025734743	0.0024054165	0.7781705732
12.193104	1787824735380108032	0.0014174018	-0.0022528685	0.7943973410
12.297543	1787824735485108224	0.0031304850	-0.0038868382	0.7825755654
12.400554	1787824735590108160	0.0011104582	0.0052967876	0.7780671410
12.496709	1787824735686108160	-0.0065337676	0.0069137800	0.7854292827
12.598163	1787824735785107968	0.0031937220	0.0014531723	0.7941514618
12.701307	1787824735890108160	0.0011107358	-0.0111214488	0.7803949644
12.808559	1787824735998108160	0.0012828294	-0.0046738874	0.7960429501
12.891332	1787824736079108352	-0.0045215528	0.0001651110	0.7845797137
12.995093	1787824736184108288	-0.0003693716	0.0038785308	0.7752872816
13.089360	1787824736277108224	0.0040385153	0.0056131034	0.7819390244
13.201761	1787824736391108352	-0.0016003613	0.0000153479	0.7847527979
13.298945	1787824736487108352	-0.0038149877	0.0006263045	0.7926750750
13.396146	1787824736583108096	-0.0028606971	-0.0005122748	0.8025947126
13.501368	1787824736688108288	-0.0057074875	-0.0039250729	0.7806682587
13.602698	1787824736790108160	0.0065360915	-0.0015774429	0.7904520132
13.696512	1787824736886108160	0.0014113679	-0.0015121630	0.7803325777
13.803046	1787824736991108096	0.0016237368	-0.0024643923	0.7840956582
13.906815	1787824737096108288	-0.0020776192	-0.0061526634	0.7891273711
13.996531	1787824737186108160	0.0004160114	-0.0014672183	0.7768831875
14.101924	1787824737291108096	0.0015108799	-0.0038876430	0.7803509251
14.199737	1787824737387108096	0.0038161211	0.0024313731	0.7888665532
14.288716	1787824737477108224	0.0038641777	-0.0006856803	0.7856387776
14.400602	1787824737588108288	0.0045731765	-0.0002860358	0.7825110812
14.508496	1787824737696108032	-0.0051643578	0.0057898216	0.7749158652
14.598744	1787824737786108160	0.0032356593	0.0009636820	0.7807424649
14.710695	1787824737900108032	0.0022292425	-0.0006248414	0.7806022742
14.799739	1787824737987108352	0.0025419477	0.0022320231	0.7888128327
14.903991	1787824738092108288	0.0006747653	0.0008509895	0.7879213836
14.988623	1787824738176108032	0.0026182073	0.0050144690	0.7892020138
15.097186	1787824738284108288	-0.0046349033	-0.0036310080	0.7859699993
15.188161	1787824738377108224	0.0013645478	-0.0007468712	0.7866424925
15.306683	1787824738494108160	-0.0003534166	0.0029410352	0.7733671974
15.395614	1787824738584108032	-0.0000217885	0.0002209484	0.7877325921
15.503638	1787824738692108032	0.0014196006	-0.0010945168	0.7873130550
15.589628	1787824738779108352	0.0001208614	0.0013126366	0.7806386181
15.696819	1787824738884108288	0.0016941836	-0.0075427734	0.7950328552
15.801921	1787824738989108224	0.0032827645	-0.0049494222	0.7861509148
15.897249	1787824739085108224	-0.0019987059	-0.0024655436	0.7969388818
15.988977	1787824739178108160	-0.0055680950	-0.0044900397	0.7872823225
16.103202	1787824739292108288	0.0011292446	0.0000789802	0.7865260611
16.205433	1787824739394108416	-0.0003603453	-0.0007917605	0.7907263216
16.297447	1787824739484108288	-0.0016077578	0.0035772030	0.7811736817
16.395334	1787824739583108096	-0.0021707420	0.0021210768	0.7767871681
16.506729	1787824739694108160	-0.0036961538	-0.0010547662	0.7895178130
16.604747	1787824739793108224	0.0046137681	-0.0035899483	0.7754082004
16.706483	1787824739895108096	-0.0009515862	-0.0062727862	0.7769264253
16.797231	1787824739985108224	-0.0024431722	0.0003889637	0.7914778594
16.911553	1787824740099108096	0.0011501889	-0.0021737598	0.7824770417
16.991798	1787824740180108288	0.0005777516	-0.0031416076	0.7867060916
17.103703	1787824740291108096	-0.0028816450	0.0031856376	0.7983394688
17.197599	1787824740387108096	0.0001331211	-0.0026021983	0.7854277565
17.295066	1787824740483108352	0.0025033141	-0.0035867312	0.7849706535
17.399593	1787824740588108288	-0.0001530490	-0.0021270285	0.7664030296
17.503531	1787824740693108224	0.0081796488	-0.0015451594	0.7872351608
17.603355	1787824740792108288	-0.0011843181	0.0056849578	0.7821173457
17.700423	1787824740888108288	-0.0004071153	0.0044692905	0.7967528730
17.802267	1787824740990108160	0.0012811507	0.0041746056	0.7955310666
17.906472	1787824741095108352	0.0013059271	0.0020472231	0.7828480479
18.005657	1787824741194108160	0.0038808050	0.0000197594	0.7849325731
18.107522	1787824741296108288	-0.0001194133	-0.0022284000	0.7899257854
18.206160	1787824741395108096	-0.0017233475	-0.0070729507	0.7908552542
18.307671	1787824741497108224	0.0014831334	0.0052339449	0.7914520885
18.397420	1787824741584108032	0.0052323302	0.0054175331	0.7834483305
18.495725	1787824741683108096	-0.0026080056	-0.0015443909	0.7901638297
18.596282	1787824741785107968	-0.0001754975	-0.0020176613	0.8001132025
18.692317	1787824741881108224	0.0040555989	-0.0007021624	0.7886843077
18.815394	1787824742004108288	-0.0054168115	0.0031353133	0.7831601245
18.906567	1787824742094108160	0.0014002920	-0.0037114754	0.7930477556
19.011496	1787824742199108096	-0.0005962483	-0.0026657602	0.7893141182
19.088977	1787824742277108224	-0.0034212655	0.0047031506	0.7994100493
19.192763	1787824742382108160	-0.0042950416	0.0070281350	0.7819196354
19.301234	1787824742490108160	0.0000798034	-0.0031599446	0.7820042300
19.406156	1787824742595108352	0.0046125299	-0.0102775835	0.7796620084
19.506321	1787824742694108160	0.0069539219	0.0025541012	0.7850371892
19.588392	1787824742775108096	-0.0066140351	-0.0053541302	0.7807963753
19.699076	1787824742886108160	0.0005081643	-0.0022991721	0.7950086455
19.810327	1787824742997108224	-0.0031296326	-0.0004596621	0.7891285055
19.905045	1787824743093108224	0.0054309838	-0.0069899566	0.7947271141
20.000249	1787824743189108224	-0.0040885212	-0.0034152187	0.7900985838
20.104789	1787824743294108160	0.0044490003	-0.0003211444	0.8032306999
20.184830	1787824743372108288	0.0011115269	-0.0027931891	0.7815053456
20.307725	1787824743495108096	-0.0038453983	-0.0061642311	0.7799162458
20.401302	1787824743588108288	0.0014242794	-0.0003951815	0.7941762026
20.504711	1787824743693108224	-0.0036272971	-0.0013178248	0.7746735234
20.612615	1787824743801108224	0.0027840970	-0.0066574680	0.7831250123
20.702227	1787824743891108352	-0.0016216703	-0.0020098150	0.7879323739
20.800235	1787824743987108352	-0.0046459977	0.0025470679	0.7889013141
20.903368	1787824744092108288	-0.0017252781	0.0027112174	0.7805094255
21.007196	1787824744194108160	-0.0079000706	0.0009273371	0.7821795778
21.096958	1787824744284108288	-0.0006584824	0.0000820814	0.7844965581
21.200316	1787824744389108224	0.0013901437	0.0021600636	0.7875910189
21.298275	1787824744485108224	0.0051756268	0.0021267624	0.7776942119
21.408150	1787824744596108288	0.0030535351	0.0012430637	0.7873848421
21.492255	1787824744680108288	-0.0006104969	0.0072980877	0.7799622685
21.613504	1787824744803108096	-0.0023222017	-0.0028529398	0.7834343362
21.704775	1787824744893108224	0.0013318408	0.0025265211	0.7761344939
21.800673	1787824744989108224	-0.0051231362	0.0058952951	0.7927719296
21.901327	1787824745088108288	0.0025164429	-0.0047492567	0.7880054641
22.005319	1787824745193108224	-0.0052056958	-0.0009997382	0.7858256339
22.095630	1787824745283108352	0.0019568144	0.0032983862	0.7800633985
22.204994	1787824745394108416	-0.0044860424	-0.0000034610	0.7910500628
22.297543	1787824745487108352	0.0023500254	-0.0001681682	0.7838321650
22.397669	1787824745586108160	0.0035430114	-0.0038089111	0.7875657490
22.501434	1787824745688108288	-0.0010563703	-0.0055385969	0.7892856555
22.594839	1787824745784108288	0.0012757223	0.0028752477	0.7961973391
22.703524	1787824745892108288	-0.0019209181	-0.0016552459	0.7871323408
22.788871	1787824745976108288	-0.0009136456	-0.0001214813	0.7955660389
22.902599	1787824746090108160	-0.0025183620	-0.0044338991	0.7847634827
23.004468	1787824746192108032	0.0048194958	-0.0012973794	0.7801739790
23.089959	1787824746279108352	0.0030636138	0.0003837155	0.7783207952
23.200048	1787824746387108096	0.0007107146	0.0021093516	0.7762574267
23.286106	1787824746474108160	0.0049450323	0.0000227319	0.7904831282
23.398959	1787824746588108288	-0.0038868029	-0.0074817735	0.7790021634
23.506730	1787824746696108032	0.0003871701	-0.0040792737	0.7960278945
23.605835	1787824746795108352	0.0000942171	0.0070053274	0.7794299995
23.707793	1787824746897108224	0.0006345463	-0.0000175648	0.7794412833
23.810959	1787824746999108352	-0.0014511737	0.0018330817	0.7837714508
23.890979	1787824747080108288	-0.0045664245	-0.0041757221	0.7940755299
23.993806	1787824747182108160	0.0002246812	-0.0012484108	0.7804464297
24.113761	1787824747302108160	0.0055476104	0.0007815865	0.7869812346
24.194446	1787824747383108096	-0.0004608302	-0.0025156943	0.7899457469
24.295772	1787824747485108224	0.0014658602	0.0021452439	0.7723849441
24.403676	1787824747593108224	0.0034161930	0.0057770674	0.7870688806
24.496902	1787824747686108160	-0.0056759491	-0.0044147632	0.7881748652
24.605153	1787824747794108160	0.0019086363	0.0000322370	0.7860478555
24.705654	1787824747893108224	-0.0029645164	0.0025606487	0.7910141200
24.793132	1787824747980108288	0.0054108244	-0.0046057609	0.7931036135
24.909848	1787824748097108224	-0.0013553774	-0.0017422169	0.7833074060
25.003928	1787824748193108224	-0.0008222364	0.0054755987	0.7851718880
25.092977	1787824748280108288	0.0016884980	-0.0018303792	0.7898005271
25.197813	1787824748385108224	-0.0040348181	0.0051112846	0.7954693218
25.293464	1787824748481108224	-0.0035846848	0.0034846867	0.7850483239
25.398070	1787824748586108160	-0.0041636463	0.0034287057	0.7947665320
25.497843	1787824748685108224	-0.0033549327	-0.0027142921	0.7841632902
25.605212	1787824748793108224	-0.0011257594	0.0026880227	0.7869554612
25.700476	1787824748889108224	0.0007086274	-0.0046337808	0.7853795828
25.790840	1787824748979108096	-0.0016998215	-0.0016295549	0.7934059743
25.900848	1787824749090108160	-0.0062176320	-0.0029538553	0.7826371914
26.006597	1787824749195108096	-0.0009194130	-0.0046252496	0.7914631844
26.095964	1787824749285107968	0.0009719067	-0.0005435655	0.7859235085
26.200673	1787824749390108160	0.0104675088	0.0000373026	0.7881340173
26.297479	1787824749486108416	0.0018383288	0.0016386207	0.7877724637
26.389699	1787824749579108352	-0.0093372278	-0.0008234161	0.7864545564
26.496690	1787824749684108288	0.0016853279	-0.0021692288	0.7868880855
26.590063	1787824749777108224	0.0066010952	-0.0002699677	0.7885905085
26.698394	1787824749885108224	0.0002085709	-0.0017087155	0.7719948213
26.796689	1787824749984108288	-0.0002425365	-0.0080408612	0.7816491227
26.894163	1787824750083108096	-0.0000485604	-0.0025090523	0.7992164443
26.996804	1787824750185108224	0.0011892283	0.0073122700	0.7913291010
27.099781	1787824750287108096	-0.0005641931	-0.0007092686	0.7929086625
27.193275	1787824750380108032	-0.0014177826	0.0036302481	0.7766460231
27.304954	1787824750494108160	0.0058510737	0.0005985138	0.7890445605
27.402699	1787824750590108160	-0.0004880713	-0.0028838927	0.7855677798
27.492866	1787824750680108288	0.0076719367	-0.0043611325	0.7748779200
27.599244	1787824750788108032	0.0024623863	0.0032989180	0.7977756033
27.700776	1787824750890108160	-0.0000787142	-0.0004142025	0.7850043842
27.807114	1787824750995108096	-0.0022133428	0.0017896043	0.7789757924
27.899796	1787824751088108288	0.0068327494	0.0014142003	0.7886941037
27.996373	1787824751184108288	-0.0013615339	0.0031738714	0.7837745803
28.096713	1787824751286108160	-0.0019203213	0.0050554315	0.7829698075
28.185249	1787824751373108224	-0.0074515999	-0.0064147764	0.7865417489
28.299089	1787824751487108352	0.0024941081	0.0018978201	0.7851207356
28.394422	1787824751583108096	0.0032332935	-0.0036660940	0.7963475384
28.497213	1787824751685108224	0.0015465652	0.0002202824	0.7834164985
28.591904	1787824751781108224	-0.0003502731	0.0020862220	0.7832273228
28.693193	1787824751880108032	0.0026586708	-0.0040140049	0.7900431127
28.801264	1787824751988108032	0.0016940912	0.0023603630	0.7746642950
28.894604	1787824752084108032	-0.0027166204	0.0022165508	0.7838327516
29.009236	1787824752198108160	-0.0036800356	-0.0007705568	0.7791010609
29.112976	1787824752300108288	-0.0040244256	0.0003987782	0.7842572599
29.209547	1787824752399108096	0.0019085884	0.0013030799	0.7992071409
29.307169	1787824752495108096	-0.0012358352	0.0057718398	0.7950066256
29.397186	1787824752585108224	-0.0093080084	0.0055093032	0.7925151393
29.491566	1787824752681108224	-0.0034074689	-0.0010765899	0.7919317200
29.608002	1787824752795108352	-0.0000798271	-0.0002089851	0.7780630674
29.706867	1787824752894108416	0.0017732848	-0.0032842106	0.7867784238
29.799257	1787824752987108352	0.0039018903	0.0019398360	0.7862264054
29.896745	1787824753086108160	-0.0009335722	0.0016840271	0.7843910767
29.997485	1787824753185108224	-0.0001073237	-0.0089510581	0.7848248147
30.096930	1787824753284108288	-0.0000113753	0.0034609259	0.7728193934
30.191869	1787824753380108032	0.0026993805	0.0005214926	0.7899251087
30.306451	1787824753494108160	-0.0005589962	-0.0014499728	0.7905966133
30.399218	1787824753587108096	-0.0057439927	0.0021331495	0.7789860045
30.489526	1787824753677108224	0.0032586702	-0.0046906600	0.7889014511
30.604556	1787824753794108160	-0.0032140787	-0.0048183241	0.7917880703
30.702297	1787824753890108160	-0.0042021420	0.0025451477	0.7774390449
30.803680	1787824753992108032	0.0052274103	0.0036194451	0.7877292979
30.893705	1787824754082108160	-0.0022496519	0.0022667039	0.7833195349
30.991784	1787824754181108224	-0.0054630915	0.0032840241	0.7820861714
31.098214	1787824754286108160	-0.0053608670	-0.0041554026	0.7746484242
31.197622	1787824754385108224	0.0015744750	0.0028466851	0.7831060376
31.302274	1787824754490108160	-0.0004991442	-0.0032799190	0.7741522471
31.398900	1787824754586108160	-0.0018687023	0.0014441182	0.7758343716
31.499226	1787824754688108288	-0.0016577631	-0.0068610065	0.7818729603
31.594077	1787824754781108224	0.0008806085	-0.0025890111	0.7824035465
31.709502	1787824754898108160	-0.0019864759	0.0017954719	0.7918432028
31.798225	1787824754985108224	0.0010583544	-0.0042891419	0.7928724137
31.900659	1787824755090108160	-0.0002244140	-0.0032193075	0.7830883078
32.004920	1787824755192108032	0.0035775507	0.0023538423	0.7929424432
32.096437	1787824755285107968	0.0011683530	0.0021075769	0.7752113389
32.202985	1787824755390108160	-0.0018684260	0.0026329727	0.7865167733
32.301667	1787824755489108224	0.0044597166	-0.0048195839	0.7913185244
32.391756	1787824755579108352	0.0020355756	0.0011366884	0.7814224628
32.503770	1787824755693108224	-0.0014347546	-0.0052750990	0.7837189857
32.592021	1787824755780108288	0.0036322806	0.0001620938	0.7849209584
32.700953	1787824755888108288	-0.0032454893	0.0052123940	0.7866697753
32.798090	1787824755987108352	-0.0031851877	0.0004222329	0.7808451416
32.901747	1787824756089108224	0.0012340395	0.0000715023	0.7815097025
33.000854	1787824756188108288	-0.0006413110	-0.0050568619	0.7897268993
33.101968	1787824756290108160	-0.0009789512	-0.0008437986	0.7848994637
33.202268	1787824756389108224	0.0070045642	0.0086600320	0.7792895025
33.291849	1787824756479108096	-0.0050721956	-0.0018030150	0.7856780759
33.395250	1787824756584108032	-0.0005449617	-0.0056585451	0.7833684385
33.495798	1787824756683108096	0.0013636319	-0.0043690806	0.7841761311
33.589167	1787824756776108288	0.0012805064	-0.0001268555	0.7932347189
33.700320	1787824756887108096	0.0029818876	0.0045810791	0.7907788732
33.794002	1787824756983108352	0.0000068247	-0.0011357501	0.7832928030
33.911061	1787824757100108032	-0.0041088644	0.0005061207	0.7824727391
34.008397	1787824757196108032	-0.0031269975	0.0046306832	0.7898107082
34.086284	1787824757274108160	-0.0002831586	0.0005451007	0.7894907042
34.188294	1787824757376108288	-0.0037151349	0.0010786449	0.7812174813
34.289630	1787824757478108160	-0.0009770374	0.0072423386	0.7945609196
34.392910	1787824757580108288	0.0005122431	0.0001642742	0.7954569532
34.496531	1787824757685108224	0.0040058466	0.0072135665	0.7886265241
34.600883	1787824757790108160	0.0001293585	0.0024161802	0.7813477026
34.702182	1787824757889108224	-0.0029088576	-0.0015881363	0.7793970717
34.811064	1787824758000108288	0.0049690268	0.0016167864	0.7840590769
34.906343	1787824758093108224	0.0085266193	0.0014758373	0.7920275246
35.006279	1787824758195108096	0.0044794213	0.0020658078	0.7855895581
35.096778	1787824758285107968	-0.0005452996	0.0045981686	0.7891351384
35.203659	1787824758393108224	-0.0070481557	0.0020655654	0.7772979632
35.305284	1787824758492108032	-0.0007793805	-0.0053455831	0.8005748051
35.401715	1787824758591108352	0.0009511227	-0.0073782401	0.7870766707
35.494016	1787824758681108224	-0.0001179821	-0.0044387892	0.7830022452
35.601967	1787824758789108224	0.0003838254	-0.0028517934	0.7883059250
35.702962	1787824758891108352	-0.0050784133	0.0005316378	0.7860399293
35.797876	1787824758987108352	-0.0000408390	0.0057886473	0.7979544914
35.901131	1787824759089108224	0.0000386095	-0.0038499184	0.7747087525
36.001732	1787824759191108352	-0.0007738671	-0.0056537223	0.7914385222
36.100429	1787824759287108096	0.0046464590	0.0013881946	0.8026820368
36.215519	1787824759404108288	0.0003313672	0.0008986042	0.7940348694
36.301789	1787824759491108096	0.0053084363	-0.0025986847	0.7787260733
36.410990	1787824759599108096	-0.0041374818	0.0079304422	0.7814764729
36.509038	1787824759698108160	0.0006237493	-0.0012266665	0.7826435223
36.608286	1787824759797108224	0.0045267440	0.0019331435	0.7771261082
36.692912	1787824759881108224	0.0011045286	0.0015183452	0.7800148590
36.794205	1787824759983108352	-0.0041139828	-0.0025395463	0.8011802973
36.900955	1787824760088108288	-0.0029520610	0.0027065107	0.7829825960
37.007045	1787824760196108032	-0.0052333976	0.0001021757	0.7817791704
37.092525	1787824760280108288	0.0056441475	-0.0008855478	0.7915421545
37.208853	1787824760397108224	-0.0001945920	0.0058072997	0.7904096170
37.298672	1787824760487108352	-0.0027329253	-0.0037458629	0.7904148170
37.402114	1787824760589108224	0.0013379658	0.0012082503	0.7928505194
37.504911	1787824760694108160	-0.0016569692	0.0003142912	0.7772782636
37.590869	1787824760778108160	-0.0021235445	-0.0063842011	0.7748481871
37.686698	1787824760874108416	-0.0012975255	0.0061954906	0.7805584757
37.796366	1787824760985108224	-0.0081147175	-0.0000696721	0.7798249008
37.901718	1787824761090108160	0.0065270702	0.0031929322	0.7861038061
38.000697	1787824761189108224	0.0030994722	-0.0003182067	0.7943493013
38.093266	1787824761282108416	-0.0014224254	0.0010062555	0.7883183088
38.183958	1787824761372108288	0.0000928275	0.0059026521	0.7881369885
38.293892	1787824761483108352	0.0007834542	0.0078375644	0.7834126639
38.407450	1787824761594108160	-0.0065758808	-0.0003520179	0.7978194521
38.484506	1787824761672108288	-0.0091374253	0.0002923657	0.7784728794
38.600999	1787824761789108224	0.0005395826	0.0045006384	0.7859332979
38.700612	1787824761888108288	0.0049645075	0.0025554707	0.7864280826
38.810873	1787824761999108352	0.0024466327	-0.0024071253	0.7688903587
38.892142	1787824762080108288	0.0007117597	-0.0054222671	0.7887634055
38.994435	1787824762182108160	-0.0019196476	-0.0068984790	0.7704588105
39.099762	1787824762287108096	-0.0046581586	0.0027557612	0.7760456726
39.198610	1787824762386108160	-0.0048502927	0.0025326011	0.7891345163
39.307627	1787824762497108224	-0.0019157871	0.0059177709	0.7984813318
39.399622	1787824762587108096	0.0001122965	-0.0014098194	0.7712172736
39.498298	1787824762686108160	-0.0003474993	-0.0032417501	0.7786287966
39.611540	1787824762800108288	0.0032486778	-0.0014687241	0.7947007839
39.713220	1787824762902108160	0.0023550972	0.0005536322	0.7937763600
39.795246	1787824762983108352	0.0015609016	0.0021261869	0.7878673764
39.904986	1787824763094108160	0.0042975744	-0.0012868991	0.7935400746
40.008497	1787824763196108032	0.0010142610	-0.0008405076	0.7753412962
40.112253	1787824763301108224	-0.0021906391	0.0032154119	0.7993443025
40.206976	1787824763394108416	-0.0048739146	-0.0000471932	0.7859402169
40.302897	1787824763490108160	-0.0003908224	0.0012740698	0.7896302951
40.400028	1787824763589108224	-0.0007230219	0.0002794573	0.7842872982
40.511524	1787824763700108288	0.0061751460	-0.0010269735	0.7895065892
40.600086	1787824763787108096	0.0036585432	-0.0036459121	0.7927208801
40.698619	1787824763886108160	-0.0009766847	0.0055874878	0.7937675214
40.795267	1787824763982108160	0.0058852358	-0.0014483259	0.7932430821
40.896318	1787824764084108032	-0.0055591696	-0.0047688744	0.7837702886
40.995850	1787824764183108096	0.0002302887	0.0003906396	0.7842425391
41.102948	1787824764291108096	0.0062616275	0.0013920085	0.7742948175
41.200932	1787824764390108160	0.0028034082	0.0013664793	0.7820512001
41.291176	1787824764480108288	0.0032363021	-0.0069172516	0.7895841464
41.401757	1787824764591108352	0.0022601494	0.0073101296	0.7833540907
41.497441	1787824764684108288	-0.0037029483	0.0041987403	0.7864334455
41.601902	1787824764789108224	0.0036414160	0.0089836115	0.7786751761
41.707141	1787824764894108416	-0.0000554006	-0.0004852648	0.7775191715
41.799233	1787824764987108352	-0.0043409333	0.0020037977	0.7876062321
41.896510	1787824765086108160	0.0000739505	0.0019358194	0.7796087589
41.986493	1787824765173108224	-0.0021054077	-0.0031681937	0.7877079043
42.105544	1787824765293108224	0.0028052758	0.0014721458	0.7872591843
42.197849	1787824765386108160	-0.0076964288	-0.0012700472	0.7753711871
42.293032	1787824765482108160	-0.0088921173	0.0051729955	0.7902092395
42.407732	1787824765596108288	-0.0066760045	0.0011839614	0.7881228092
42.497849	1787824765686108160	-0.0009995921	-0.0063196444	0.7795414084
42.604944	1787824765794108160	-0.0039668071	0.0054129011	0.7808789487
42.695114	1787824765884108288	-0.0014643414	0.0046371419	0.7821137716
42.806180	1787824765995108096	-0.0050178522	0.0010468174	0.7872494689
42.910291	1787824766097108224	0.0023341278	-0.0010865084	0.7845162372
43.001060	1787824766190108416	0.0004412958	-0.0017131598	0.7902454837
43.098930	1787824766286108160	-0.0054067581	-0.0024574473	0.7843154721
43.208350	1787824766397108224	0.0008465708	-0.0037518778	0.7874040465
43.297625	1787824766487108352	0.0029003816	-0.0000945535	0.7924451740
43.398696	1787824766586108160	-0.0024392871	0.0036457755	0.7878619652
43.505641	1787824766694108160	-0.0051172559	-0.0054221146	0.7867327435
43.605476	1787824766793108224	0.0008064766	-0.0003661690	0.7801783669
43.697333	1787824766886108160	0.0016878954	-0.0015437510	0.7905393322
43.801461	1787824766988108032	0.0046747279	0.0023131350	0.7913470652
43.897815	1787824767087108096	0.0034884265	0.0007190867	0.7821885860
43.996605	1787824767186108160	0.0042245431	-0.0007859387	0.7997684900
44.101534	1787824767291108096	0.0066276305	0.0016491720	0.7828104202
44.205564	1787824767393108224	-0.0012696977	0.0016924858	0.7751564225
44.295223	1787824767483108352	-0.0033446425	0.0015978916	0.7953827209
44.407807	1787824767597108224	-0.0026456523	0.0030364963	0.7863463842
44.500594	1787824767690108416	0.0025217240	0.0019955275	0.7986455979
44.600018	1787824767789108224	-0.0035615635	0.0053608920	0.7851082588
44.698712	1787824767888108288	-0.0027628748	-0.0017505139	0.7953656498
44.798751	1787824767987108352	-0.0022750924	0.0013592197	0.7702394106
44.903316	1787824768092108288	-0.0018765459	-0.0016634622	0.7762766977
45.006908	1787824768194108160	0.0017698044	-0.0033472101	0.7921968696
45.093127	1787824768281108224	0.0016774653	-0.0038720739	0.7827575242
45.209557	1787824768398108160	0.0034504968	-0.0007588939	0.8023214517
45.307258	1787824768494108160	-0.0025173670	-0.0022150894	0.7867213061
45.404801	1787824768593108224	-0.0045671027	0.0041884676	0.7790220729
45.505024	1787824768692108032	0.0023719516	-0.0061275047	0.7862709568
45.605952	1787824768794108160	-0.0012709610	-0.0003539337	0.7913465076
45.703643	1787824768893108224	0.0061533002	0.0012757169	0.7808744955
45.804634	1787824768992108032	0.0015273107	0.0009510842	0.7804716220
45.905929	1787824769094108160	0.0037618312	-0.0002427490	0.7887443555
46.002518	1787824769190108416	0.0094545616	-0.0044377667	0.7844685239
46.099472	1787824769286108160	0.0016532501	-0.0033592430	0.7926949224
46.205806	1787824769394108416	0.0039829965	0.0000134743	0.7881475133
46.295967	1787824769484108288	-0.0005803809	0.0017834251	0.7871674053
46.397205	1787824769586108160	0.0014829261	-0.0021658091	0.7766831284
46.508994	1787824769697108224	0.0009747075	-0.0001809868	0.7918096167
46.601837	1787824769790108160	-0.0027531961	0.0037895759	0.7848102547
46.702467	1787824769889108224	0.0014830580	-0.0001427249	0.7779355574
46.801292	1787824769988108032	-0.0019132944	-0.0026833755	0.7836354543
46.894974	1787824770084108032	-0.0076750572	0.0006314938	0.7792541613
46.996028	1787824770183108096	0.0023509005	-0.0094849216	0.7936525606
47.109618	1787824770297108224	0.0025409867	-0.0053142060	0.7816166701
47.196524	1787824770384108288	-0.0005066991	-0.0077073030	0.7850414260
47.300754	1787824770489108224	0.0015425430	-0.0029840407	0.7863930844
47.395638	1787824770585108224	-0.0022213990	-0.0009856538	0.7759893452
47.514607	1787824770702108160	0.0111833674	-0.0020388566	0.7828922884
47.594872	1787824770783108352	-0.0011813923	0.0034317423	0.7868819310
47.704377	1787824770891108352	0.0039910100	-0.0003164666	0.7840078704
47.792934	1787824770981108224	-0.0006604321	-0.0026452041	0.7881836812
47.907561	1787824771095108352	-0.0015240663	-0.0033909962	0.7752291109
48.009459	1787824771197108224	-0.0036586744	-0.0068853012	0.7911097125
48.103107	1787824771290108160	0.0017663512	-0.0011107295	0.7878426987
48.213003	1787824771401108224	0.0057998546	0.0053432542	0.7866066149
48.290799	1787824771479108096	0.0018361778	0.0009048989	0.7975883423
48.405735	1787824771593108224	-0.0001238048	-0.0025997575	0.7869500159
48.499129	1787824771686108160	0.0021747987	-0.0015068751	0.7903471985
48.605025	1787824771794108160	0.0058573279	-0.0033543875	0.7870499258
48.689717	1787824771878108160	0.0025313048	0.0061039703	0.7960313212
48.806803	1787824771995108096	0.0049612685	0.0029698139	0.7886346919
48.905114	1787824772094108160	-0.0042445114	-0.0008682875	0.7890360227
48.997325	1787824772184108288	0.0071876744	0.0034847244	0.7920097610
49.112100	1787824772301108224	-0.0034035703	-0.0050510382	0.7749106214
49.201173	1787824772388108288	-0.0049462620	-0.0004568173	0.7920213191
49.310080	1787824772499108352	-0.0017328047	0.0055227847	0.7900987780
49.396308	1787824772583108096	0.0026831157	-0.0007160263	0.7862282300
49.499158	1787824772688108288	0.0024672054	-0.0021819012	0.8025004939
49.604709	1787824772793108224	0.0017836237	0.0000748701	0.7857116912
49.697999	1787824772886108160	-0.0054982063	0.0060494912	0.7879939596
49.789534	1787824772979108096	-0.0048894610	-0.0022154716	0.7836840176
49.908002	1787824773096108288	0.0047877311	-0.0021180421	0.7817014822
50.002183	1787824773189108224	-0.0000161450	0.0068600111	0.7910352833
50.100693	1787824773288108032	0.0017059448	0.0021153444	0.7962455852
50.195543	1787824773384108288	0.0035589289	-0.0073191485	0.7789997816
50.296777	1787824773486108416	0.0015663517	0.0010588893	0.7850850656
50.406400	1787824773594108160	-0.0008832408	-0.0023416162	0.7780860280
50.496315	1787824773684108288	0.0010124269	0.0031887358	0.7816244069
50.603705	1787824773792108288	-0.0004015535	-0.0031382960	0.7792153457
50.693725	1787824773882108160	0.0010678307	-0.0030121439	0.7757449555
50.793662	1787824773981108224	-0.0056122795	0.0033745945	0.7935567382
50.907737	1787824774095108352	0.0032865176	0.0037750189	0.8009257714
51.020633	1787824774209108224	0.0041923648	-0.0017917140	0.7887892303
51.102524	1787824774290108160	0.0045196603	0.0010319614	0.7844149394
51.202436	1787824774389108224	0.0011563826	-0.0002323488	0.7737205827
51.300057	1787824774488108032	-0.0011331131	-0.0022477853	0.7805553390
51.404337	1787824774593108224	-0.0023689656	0.0001001333	0.7846631159
51.497759	1787824774686108160	-0.0014274037	-0.0008960927	0.7849715833
51.592886	1787824774782108416	-0.0016219512	-0.0000748694	0.7929108279
51.696559	1787824774884108288	0.0007447439	-0.0014028212	0.7895491981
51.793236	1787824774980108288	0.0060229264	-0.0016004619	0.7793591953
51.903077	1787824775091108352	-0.0052300043	-0.0027672213	0.8016464494
52.000630	1787824775190108416	0.0009325579	0.0072846258	0.7839297163
52.094228	1787824775283108352	-0.0004848686	-0.0016800791	0.7708602267
52.197831	1787824775385108224	0.0000818048	0.0014789655	0.7921247413
52.293092	1787824775481108224	0.0004824246	0.0042336032	0.7934013768
52.397616	1787824775586108160	-0.0037160749	0.0018386262	0.7892780290
52.507800	1787824775697108224	0.0008692220	-0.0006699584	0.7776524667
52.593434	1787824775781108224	0.0002921292	-0.0050406591	0.7772731567
52.692253	1787824775880108032	-0.0018818870	-0.0006840127	0.7849034162
52.808585	1787824775997108224	0.0008182412	-0.0013191907	0.7867482899
52.910403	1787824776099108096	0.0060245433	0.0037658519	0.7824797608
53.001688	1787824776189108224	-0.0006133313	-0.0007801452	0.7830225028
53.091555	1787824776279108352	0.0047270164	-0.0022119629	0.7865878652
53.193101	1787824776381108224	-0.0076939474	0.0004198191	0.7834832988
53.304428	1787824776492108032	0.0074774261	0.0011260902	0.7823301918
53.395345	1787824776582108160	0.0045305683	-0.0015012678	0.7855351648
53.503224	1787824776690108416	0.0042470693	-0.0063187521	0.7921701945
53.604998	1787824776792108288	-0.0008684424	0.0005838411	0.7832489403
53.705603	1787824776894108416	0.0061210290	-0.0079625883	0.7799106335
53.784937	1787824776972108032	-0.0009054629	0.0061586100	0.7857151008
53.915021	1787824777104108032	-0.0098256679	-0.0001160290	0.7827141647
53.996342	1787824777185108224	0.0039137093	0.0019682784	0.7840930189
54.103619	1787824777293108224	0.0014296139	0.0003699841	0.7804574250
54.193437	1787824777380108032	0.0003965475	-0.0012010478	0.7922911351
54.307316	1787824777494108160	0.0036624449	0.0025702456	0.7772169916
54.403720	1787824777593108224	0.0003932262	-0.0005218106	0.7750307945
54.497712	1787824777686108160	0.0067939347	0.0013100811	0.7896634768
54.599025	1787824777788108032	0.0043818277	-0.0062260940	0.7857010357
54.706884	1787824777896108032	0.0010669700	-0.0040259403	0.7754835015
54.796733	1787824777986108416	-0.0069303431	-0.0001801383	0.7715281719
54.889944	1787824778079108352	-0.0012931604	0.0025716037	0.7938899591
55.000652	1787824778190108416	0.0010326273	0.0012917876	0.7766775361
55.100173	1787824778289108224	0.0010521625	0.0019131225	0.7907346548
55.211897	1787824778400108032	-0.0010502303	0.0019941606	0.7954686911
55.300046	1787824778487108352	-0.0052397583	0.0014831070	0.7891868024
55.402504	1787824778592108288	-0.0002700597	-0.0018746930	0.7896591709
55.506124	1787824778694108160	0.0018834285	-0.0008222073	0.7888523212
55.597246	1787824778784108288	-0.0042342715	0.0022724493	0.7859649978
55.700388	1787824778889108224	0.0003013960	0.0047301367	0.7844570004
55.804086	1787824778991108096	0.0015775759	0.0055666243	0.7857676538
55.909303	1787824779096108288	-0.0032363825	0.0007488665	0.7853651297
56.001484	1787824779189108224	0.0023930416	-0.0009596659	0.7885068601
56.104069	1787824779291108096	0.0037201995	0.0030721309	0.7925698486
56.200222	1787824779387108096	0.0021594340	0.0042095333	0.7918300861
56.301027	1787824779489108224	0.0076738474	-0.0014255912	0.7917288380
56.390547	1787824779579108352	-0.0005216761	0.0022580275	0.7883205789
56.501065	1787824779690108416	0.0022416873	-0.0020811171	0.7824357462
56.611734	1787824779801108224	0.0066512481	0.0006479297	0.7757364134
56.699429	1787824779888108288	-0.0034060185	-0.0038163257	0.7830633181
56.800499	1787824779987108352	0.0025172982	-0.0065657533	0.7887977965
56.897242	1787824780086108160	-0.0004116802	0.0017653942	0.7884724448
57.001075	1787824780188108288	-0.0026846456	0.0040738283	0.7876465910
57.094063	1787824780281108224	0.0034426222	-0.0009014717	0.7889861951
57.199532	1787824780389108224	0.0077277101	0.0054700934	0.7828909256
57.298926	1787824780488108032	0.0013164332	-0.0020009881	0.7739866602
57.403521	1787824780593108224	0.0015398441	-0.0023725451	0.7823081372
57.500541	1787824780689108224	0.0023315285	0.0040792573	0.7847605111
57.594849	1787824780782108416	-0.0001138755	-0.0071111788	0.7773334308
57.704293	1787824780893108224	0.0031480166	-0.0021434618	0.7819340847
57.803198	1787824780992108032	0.0012152442	-0.0014135716	0.7794641856
57.900976	1787824781088108288	-0.0045748759	0.0030417768	0.7866067822
57.999178	1787824781187108352	-0.0011888446	-0.0003323301	0.7917278276
58.094784	1787824781283108352	-0.0015604267	-0.0005811043	0.8028155703
58.207609	1787824781397108224	-0.0001861877	-0.0033761068	0.7997273284
58.301679	1787824781490108160	0.0004028562	-0.0027946500	0.7936617254
58.406447	1787824781595108352	0.0003387818	-0.0006952381	0.7913373402
58.497702	1787824781685108224	0.0035052899	0.0023758643	0.7827149365
58.597045	1787824781784108288	-0.0010923129	-0.0051607448	0.7809239720
58.700439	1787824781889108224	-0.0047191584	-0.0013420816	0.7847998350
58.786627	1787824781976108288	0.0022080291	0.0004294324	0.7714100683
58.892014	1787824782081107968	0.0020584435	0.0011774074	0.7858999506
59.005343	1787824782192108032	-0.0009841737	0.0035697846	0.7821897731
59.087097	1787824782276108288	-0.0000366985	0.0013066718	0.7814787484
59.202619	1787824782390108160	-0.0029931328	0.0014472338	0.7869269699
59.290080	1787824782477108224	0.0037976841	0.0012963289	0.7845252065
59.401981	1787824782591108352	0.0004827270	-0.0021646741	0.7831421530
59.494877	1787824782684108288	-0.0052612528	0.0035651266	0.7866720504
59.593909	1787824782783108352	0.0006961941	0.0013499326	0.7944363137
59.695076	1787824782882108160	-0.0028085102	0.0011568720	0.7913942772
59.805084	1787824782993108224	0.0012274636	0.0050571394	0.7905761774
59.907069	1787824783095108352	-0.0076246122	-0.0040188759	0.7874691751
59.998797	1787824783188108288	0.0034828159	-0.0039409110	0.7876455545
60.106326	1787824783293108224	-0.0000706278	0.0014255315	0.7888485594
60.204113	1787824783392108288	-0.0034331954	-0.0002720711	0.7894734017
60.316168	1787824783503108352	0.0026684014	0.0031830795	0.7834732911
60.396032	1787824783584108032	0.0029143040	-0.0023052811	0.7868347964
60.495157	1787824783683108096	-0.0042610339	0.0007001281	0.7867047717
60.601023	1787824783788108032	-0.0011865504	-0.0044643127	0.7900011613
60.706899	1787824783896108032	0.0045866515	-0.0002581445	0.7802617376
60.804920	1787824783992108032	0.0031210675	-0.0032843957	0.7758915218
60.906866	1787824784094108160	-0.0014733755	-0.0019520487	0.7839527538
61.003419	1787824784190108416	0.0035980526	0.0005012102	0.7877246249
61.107881	1787824784295108352	-0.0010844158	0.0041772375	0.7810503712
61.198300	1787824784385108224	0.0056914782	0.0026068199	0.7896880358
61.302081	1787824784490108160	0.0023872768	0.0025760089	0.7778447753
61.387994	1787824784577108224	-0.0031310976	-0.0019683662	0.7768211237
61.503544	1787824784691108352	0.0048387909	0.0079466302	0.7949748717
61.604548	1787824784793108224	-0.0049019624	0.0009056032	0.7853472879
61.701390	1787824784889108224	-0.0029225020	0.0009082936	0.7932805125
61.792416	1787824784979108096	0.0005309003	0.0045418303	0.7943240171
61.899657	1787824785087108096	-0.0015761312	-0.0022966024	0.7840122403
61.983275	1787824785171108352	-0.0045183131	0.0025148033	0.7790711242
62.100366	1787824785288108032	0.0003139143	0.0028482985	0.7816367432
62.192169	1787824785381108224	0.0011453211	0.0029586684	0.7769978046
62.300246	1787824785489108224	-0.0010488896	-0.0065426971	0.7891831622
62.411000	1787824785600108032	-0.0012708229	0.0082212560	0.7684813355
62.514704	1787824785702108160	0.0014411934	-0.0018818544	0.8004900998
62.599730	1787824785789108224	0.0002223854	-0.0011310794	0.8024992780
62.699010	1787824785888108288	-0.0024798954	0.0049196399	0.7790818765
62.801904	1787824785990108160	-0.0020819020	-0.0023179388	0.7976164217
62.891035	1787824786080108288	0.0045341506	-0.0017794610	0.7878790281
62.999424	1787824786188108288	0.0037160229	0.0007837710	0.7834989385
63.104437	1787824786293108224	0.0036265354	-0.0023718974	0.7825250286
63.195350	1787824786383108096	-0.0026226750	0.0003668644	0.7855913126
63.292166	1787824786479108096	-0.0007818383	-0.0072331721	0.7860197228
63.398731	1787824786587108096	0.0019774510	-0.0029284390	0.7808077457
63.506603	1787824786695108096	-0.0019189749	-0.0015252634	0.7740864880
63.594395	1787824786782108416	0.0057370359	-0.0028327526	0.7831082764
63.709470	1787824786896108032	-0.0010044207	-0.0013790228	0.7854852754
63.790490	1787824786977108224	-0.0038069657	0.0030988192	0.7924550692
63.899923	1787824787088108288	0.0017823748	-0.0014676569	0.7717413322
63.995110	1787824787184108288	0.0023378489	-0.0007583881	0.7975582415
64.104736	1787824787292108288	0.0054600715	0.0065041293	0.7876473651
64.214073	1787824787403108096	-0.0005983701	-0.0015121925	0.7710344225
64.301322	1787824787490108160	-0.0023891546	-0.0039187638	0.7831071614
64.401439	1787824787589108224	-0.0038174750	-0.0050714753	0.7794072530
64.503512	1787824787691108352	0.0026431064	-0.0028589434	0.7815073129
64.586321	1787824787775108096	0.0026309030	-0.0008092849	0.7916782160
64.705450	1787824787892108288	-0.0002956731	-0.0028642343	0.7806821982
64.803386	1787824787991108096	0.0059284860	-0.0062937940	0.7835996335
64.895165	1787824788084108032	-0.0004867707	-0.0028026434	0.7771234264
64.994784	1787824788183108096	-0.0009068130	-0.0009194420	0.7969379445
65.099251	1787824788288108032	0.0002980886	-0.0010150862	0.7823853174
65.191885	1787824788381108224	0.0010392757	0.0067406223	0.7774024334
65.289328	1787824788477108224	-0.0047354651	0.0045333305	0.7905421931
65.402627	1787824788591108352	-0.0030246244	0.0017527206	0.7843224054
65.495941	1787824788684108288	-0.0038187628	-0.0019280107	0.7769740842
65.596810	1787824788786108160	0.0027277176	0.0003359377	0.7856038891
65.692946	1787824788882108160	-0.0058071753	0.0031440234	0.7919218847
65.801359	1787824788990108160	0.0032684449	-0.0049337362	0.7944095949
65.897566	1787824789086108160	-0.0017566283	0.0005258890	0.7784949537
66.005397	1787824789194108160	-0.0034423262	0.0003902855	0.7887385073
66.106397	1787824789293108224	-0.0000147151	0.0030680468	0.7902615777
66.207320	1787824789395108096	-0.0011156201	0.0033816759	0.7944633169
66.298205	1787824789485108224	0.0010151850	-0.0041556199	0.7899154969
66.386474	1787824789575108352	0.0028448035	-0.0009317983	0.7845158557
66.503616	1787824789692108032	0.0103420508	-0.0036196093	0.7934438260
66.595951	1787824789785107968	0.0028353612	0.0012485098	0.7885415904
66.687200	1787824789875108352	0.0040147385	0.0000144788	0.7974843428
66.806222	1787824789995108096	0.0003054189	0.0004407808	0.7884201037
66.903856	1787824790091108352	0.0027422735	0.0054659927	0.7896460249
67.009976	1787824790199108096	0.0017605458	-0.0014523208	0.7703287718
67.097499	1787824790286108160	0.0007326412	-0.0009612347	0.7937085273
67.199970	1787824790388108288	0.0042761890	0.0028193417	0.7817416362
67.310124	1787824790499108352	0.0022845752	-0.0004225485	0.8053880896
67.398402	1787824790586108160	0.0000812911	-0.0034249576	0.7822607112
67.500918	1787824790688108288	-0.0043574669	-0.0000570782	0.7905044841
67.604815	1787824790793108224	-0.0003910185	-0.0005250227	0.7894856034
67.698242	1787824790886108160	-0.0017038471	0.0000025467	0.7878652501
67.805983	1787824790994108160	0.0022689351	0.0037270421	0.7820315967
67.909601	1787824791099108096	0.0033178681	0.0046448521	0.7797914665
68.002975	1787824791192108032	-0.0024579294	0.0041518163	0.7863837440
68.094392	1787824791282108416	-0.0003159703	-0.0020603322	0.7685514184
68.202674	1787824791390108160	-0.0022146224	-0.0026475429	0.7933750664
68.299679	1787824791489108224	0.0029101607	-0.0001942680	0.7786114025
68.401878	1787824791591108352	-0.0019885678	-0.0039977241	0.7810456596
68.506917	1787824791696108032	-0.0017623798	-0.0007857773	0.7806668881
68.600752	1787824791789108224	0.0060553557	-0.0020043838	0.7813625687
68.697441	1787824791885108224	-0.0009212328	-0.0017613349	0.7706762594
68.796042	1787824791984108288	0.0059644741	-0.0015342417	0.7835064631
68.898037	1787824792086108160	0.0033541493	0.0017487817	0.7949727592
68.986152	1787824792173108224	-0.0011213282	-0.0028842894	0.7985116336
69.101056	1787824792290108160	-0.0011194953	-0.0040932343	0.7773446166
69.211903	1787824792401108224	0.0059564495	0.0020644674	0.7751045332
69.296558	1787824792485108224	0.0007853339	-0.0009264219	0.7939518846
69.411330	1787824792599108096	0.0015397853	-0.0001424683	0.7937497383
69.504548	1787824792692108032	-0.0048210597	0.0051125718	0.7905941862
69.607156	1787824792794108160	0.0000696068	-0.0034879765	0.7911569270
69.698752	1787824792887108096	0.0048524832	0.0028736831	0.7828641331
69.809044	1787824792998108160	-0.0043847937	-0.0001712636	0.7846107399
69.907153	1787824793094108160	-0.0006629051	0.0008642431	0.7809026615
69.997804	1787824793187108352	0.0092443745	-0.0052251946	0.7837440405
70.097851	1787824793286108160	-0.0027067812	-0.0030957370	0.7919897022
70.199074	1787824793388108288	-0.0016240058	-0.0025547355	0.7712292288
70.297232	1787824793484108288	0.0069561187	0.0001337028	0.7886003259
70.413134	1787824793601108224	0.0050579430	0.0006005748	0.7659465294
70.509914	1787824793697108224	0.0015564259	-0.0035635782	0.7806754060
70.595368	1787824793784108288	0.0012977317	0.0011555011	0.7829184491
70.695765	1787824793883108096	-0.0008694842	-0.0004979934	0.7918425061
70.802036	1787824793991108096	-0.0013788439	-0.0004451486	0.7819103812
70.893342	1787824794081107968	0.0010483783	0.0091028592	0.7967604530
71.008574	1787824794198108160	0.0063062311	0.0001831928	0.7868495652
71.094368	1787824794282108416	-0.0049190853	0.0016840943	0.7721972284
71.201854	1787824794390108160	-0.0080523221	0.0034517241	0.7873448740
71.294778	1787824794483108352	-0.0034416399	-0.0033009273	0.7870103119
71.392233	1787824794579108352	0.0026647000	-0.0000522158	0.7763754507
71.500369	1787824794687108352	-0.0066415725	0.0024136570	0.7760407719
71.606238	1787824794795108352	-0.0070749008	0.0041880513	0.7805809087
71.694328	1787824794882108160	0.0018242811	-0.0014351775	0.7799041891
71.794536	1787824794984108288	-0.0020136689	-0.0028284332	0.7898326396
71.904888	1787824795092108288	0.0030878329	0.0030224279	0.7870281685
71.986385	1787824795173108224	-0.0032574691	-0.0035244094	0.7802200354
72.100254	1787824795287108096	-0.0032428581	0.0001092030	0.7769335802
72.207098	1787824795395108096	-0.0016997441	-0.0009398088	0.7919995698
72.302012	1787824795491108096	-0.0012157850	0.0004451961	0.7712958415
72.415449	1787824795602108160	-0.0019319101	-0.0017061199	0.7808319554
72.498891	1787824795686108160	-0.0011575936	-0.0013141378	0.7842651871
72.606803	1787824795794108160	-0.0039377791	-0.0018292425	0.7872100380
72.702512	1787824795890108160	-0.0054703479	0.0013571024	0.7944805400
72.805092	1787824795992108032	-0.0008473378	0.0018460070	0.7896400878
72.909685	1787824796097108224	0.0032261197	-0.0026143779	0.7767095459
72.991772	1787824796181108224	0.0041042979	0.0008009876	0.7904505811
73.099865	1787824796289108224	0.0010361685	-0.0037196307	0.7860690626
73.209407	1787824796397108224	0.0037174308	0.0007983830	0.7814101921
73.297746	1787824796487108352	0.0019760278	0.0051682119	0.7916409434
73.400152	1787824796589108224	-0.0064547116	-0.0045693658	0.7862542307
73.498054	1787824796685108224	-0.0011971182	-0.0053501062	0.7895368189
73.597471	1787824796784108288	0.0026415796	0.0097993603	0.7943361556
73.702743	1787824796892108288	-0.0003724019	-0.0040019161	0.7773662718
73.792835	1787824796982108160	0.0027373800	0.0040861581	0.7732922397
73.894031	1787824797081107968	0.0006693596	-0.0019786059	0.7751433573
73.994413	1787824797183108096	-0.0046547426	0.0041817596	0.7810616954
74.097695	1787824797285107968	-0.0016869004	0.0018521431	0.7783032566
74.205901	1787824797393108224	0.0028105408	0.0019430042	0.7919686851
74.307760	1787824797495108096	-0.0017313023	0.0073538684	0.7984956693
74.401582	1787824797591108352	-0.0008636104	-0.0029623342	0.7898590785
74.496995	1787824797684108288	-0.0026227215	-0.0064052100	0.7855424173
74.597877	1787824797786108160	-0.0019824774	0.0005737399	0.7863758844
74.695103	1787824797882108160	0.0040723048	-0.0035348826	0.7912824057
74.811628	1787824797999108352	0.0010502534	0.0010699392	0.7889462233
74.896179	1787824798083108096	-0.0009790754	0.0019366809	0.7853064876
75.000100	1787824798188108288	0.0003265009	-0.0049702601	0.7957071557
75.100013	1787824798287108096	-0.0019483189	-0.0034158128	0.7794597438
75.211347	1787824798398108160	0.0024875015	-0.0063297090	0.7881590351
75.304317	1787824798491108096	0.0012546468	0.0027817659	0.7937467370
75.398522	1787824798587108096	0.0036184541	0.0011539400	0.7961444197
75.496231	1787824798683108096	-0.0029097262	-0.0034640634	0.7845495702
75.604246	1787824798791108096	-0.0019051897	0.0002237664	0.7864418042
75.704588	1787824798893108224	-0.0006779348	-0.0012671674	0.7860088638
75.800807	1787824798989108224	-0.0003013315	-0.0012889308	0.7848541630
75.903005	1787824799091108352	-0.0054183081	-0.0006725220	0.7898725876
75.994088	1787824799181108224	0.0010561026	-0.0091091867	0.7649746381
76.101894	1787824799289108224	0.0009627912	-0.0036991387	0.7873919842
76.191864	1787824799379108096	0.0032473083	0.0047828035	0.7793807342
76.306541	1787824799496108288	-0.0002050979	-0.0012321174	0.7714416759
76.410624	1787824799598108416	0.0034292586	0.0034433994	0.7734867854
76.504901	1787824799694108160	0.0022023644	0.0076941103	0.7877388239
76.602786	1787824799790108160	0.0051054615	0.0039954425	0.7840864038
76.697707	1787824799886108160	0.0003115966	-0.0000189226	0.7722212171
76.809105	1787824799997108224	0.0016871692	-0.0024288723	0.7922502786
76.889153	1787824800078108416	0.0007702855	-0.0030737680	0.7745870319
76.992165	1787824800180108288	-0.0015596110	-0.0038401955	0.7905982798
77.095993	1787824800285107968	0.0014047947	-0.0026269883	0.7861995215
77.199556	1787824800387108096	-0.0027121808	0.0003469610	0.7856037411
77.299804	1787824800489108224	-0.0003406988	0.0011997313	0.7955945976
77.406562	1787824800594108160	-0.0000536280	0.0034160481	0.7779101864
77.496661	1787824800684108288	0.0037400111	-0.0047734482	0.7915676172
77.605069	1787824800792108288	0.0028807517	-0.0038268003	0.7830551968
77.697872	1787824800885108224	-0.0011511069	0.0031719801	0.7914286894
77.818258	1787824801005108224	0.0002277486	-0.0027564562	0.7889538068
77.917631	1787824801107108096	-0.0038356701	0.0042601989	0.7937698308
77.996589	1787824801185108224	-0.0006765034	0.0017851782	0.7821436421
78.095445	1787824801284108288	-0.0042891275	0.0015342359	0.7809646981
78.200106	1787824801389108224	0.0012395872	-0.0006641713	0.7927341643
78.304812	1787824801494108160	0.0075263562	0.0038306246	0.7757806395
78.404261	1787824801593108224	0.0015979407	-0.0020500451	0.7924658992
78.505365	1787824801692108032	-0.0028059918	-0.0048321195	0.7839699746
78.600519	1787824801788108032	-0.0020354702	-0.0050287686	0.7770884679
78.709666	1787824801899108096	-0.0059204707	0.0027022396	0.7772105064
78.796713	1787824801986108416	0.0031525659	-0.0038545898	0.7807726313
78.905832	1787824802094108160	-0.0005993036	0.0001181160	0.7886964807
78.997468	1787824802184108288	0.0014889112	-0.0042160208	0.7978959454
79.100723	1787824802289108224	-0.0025612447	0.0027623859	0.7823331989
79.201866	1787824802391108352	0.0014812779	-0.0051053600	0.7701968881
79.299674	1787824802487108352	0.0013421839	-0.0015911819	0.7857558912
79.401901	1787824802589108224	-0.0011466598	-0.0057300744	0.7914510038
79.498003	1787824802685108224	0.0000850755	-0.0041417942	0.7909141008
79.608819	1787824802796108288	-0.0019512120	-0.0022037944	0.7868026634
79.699856	1787824802889108224	-0.0033291383	0.0046389908	0.7883704756
79.800860	1787824802988108032	0.0006980446	-0.0039952989	0.7764272205
79.907487	1787824803096108288	-0.0029580849	-0.0012353727	0.7848597707
79.992092	1787824803180108288	-0.0073828233	0.0017393348	0.7892421182
80.102080	1787824803291108096	0.0010397043	0.0016851121	0.7920545730
80.199317	1787824803387108096	0.0019225846	-0.0022806784	0.7995704540
80.300325	1787824803489108224	-0.0005691482	-0.0014072514	0.7928476732
80.397789	1787824803585108224	0.0015610560	-0.0015368005	0.7951855723
80.507603	1787824803696108032	-0.0030025854	-0.0002616082	0.7905717606
80.615365	1787824803804108032	0.0041335201	0.0010792740	0.7798177739
80.704657	1787824803894108416	-0.0009062276	-0.0018386962	0.7816673026
80.801709	1787824803990108160	0.0054758523	0.0042491448	0.7830661398
80.899258	1787824804086108160	-0.0041004750	0.0003796288	0.7776126957
81.009496	1787824804197108224	-0.0014067779	0.0016031676	0.7934020540
81.104508	1787824804293108224	-0.0023042507	-0.0044606885	0.7913511604
81.186302	1787824804374108416	0.0035190762	-0.0009710127	0.7859037676
81.304503	1787824804494108160	0.0019511339	0.0041231180	0.7856247066
81.389731	1787824804578108416	0.0021601192	0.0058545868	0.7836535998
81.497914	1787824804686108160	-0.0042568226	0.0053759356	0.7872422753
81.590313	1787824804779108352	0.0046297046	-0.0070233746	0.7797689627
81.707567	1787824804896108032	0.0038315379	-0.0006191929	0.7796170273
81.804873	1787824804992108032	-0.0062466677	-0.0035145495	0.7815350828
81.897911	1787824805085108224	-0.0055277076	-0.0044945671	0.7744522791
81.996960	1787824805184108288	-0.0008442290	0.0014705818	0.7810921495
82.090755	1787824805280108288	0.0023231035	-0.0033214559	0.7821177104
82.188238	1787824805376108288	-0.0017923863	0.0004784594	0.7865218255
82.297840	1787824805487108352	-0.0059275783	-0.0060492583	0.7911211510
82.403886	1787824805592108288	0.0024383141	0.0062925064	0.7754581388
82.500400	1787824805688108288	-0.0043240641	-0.0049727569	0.7886040533
82.603598	1787824805793108224	0.0001374817	-0.0000310968	0.7934618175
82.708249	1787824805895108096	0.0045341328	0.0029996600	0.7866958036
82.801125	1787824805988108032	0.0011522694	-0.0015099476	0.7851184413
82.899666	1787824806087108096	0.0019804393	0.0028944428	0.7825632245
82.999413	1787824806186108160	-0.0038084460	-0.0009254192	0.7846498035
83.107068	1787824806294108160	0.0029598102	-0.0001142084	0.7869424746
83.199167	1787824806387108096	-0.0010478299	0.0007357196	0.7866026651
83.297004	1787824806486108416	0.0024681965	0.0023066884	0.7895856492
83.400470	1787824806588108288	-0.0039584400	-0.0015868616	0.7934060472
83.492850	1787824806681108224	0.0002933949	0.0008746139	0.7934498391
83.596463	1787824806783108352	0.0038120338	-0.0004332402	0.7781029707
83.701294	1787824806888108288	-0.0019771851	0.0098818428	0.7871113332
83.801845	1787824806990108160	0.0040170416	0.0010528711	0.7827595274
83.892401	1787824807080108288	-0.0034209047	0.0056295579	0.7913712045
83.992830	1787824807182108160	-0.0042080434	-0.0006673811	0.7822948951
84.099821	1787824807287108096	-0.0030420770	0.0049190511	0.7952452054
84.195922	1787824807383108096	0.0009407382	-0.0012591796	0.7879266948
84.308514	1787824807497108224	0.0059809262	0.0028364576	0.7812179385
84.392566	1787824807581107968	0.0025168991	0.0010721075	0.7947595480
84.500977	1787824807689108224	0.0038417856	0.0018572812	0.7818564053
84.603000	1787824807791108096	-0.0098231738	0.0006943741	0.7923735445
84.698387	1787824807887108096	0.0027101670	-0.0032456635	0.7885088117
84.790639	1787824807980108288	0.0081932178	-0.0023047575	0.7840809506
84.893911	1787824808082108160	-0.0007856679	0.0030328705	0.7915252324
85.003154	1787824808190108416	0.0035709258	0.0002186975	0.7904415740
85.111974	1787824808301108224	-0.0059480639	-0.0021292639	0.7827691151
85.193955	1787824808382108160	0.0007457575	0.0004751292	0.7880260351
85.294904	1787824808484108288	0.0074371509	0.0042859123	0.7819206202
85.394787	1787824808583108096	0.0014029814	0.0014241545	0.7849215304
85.503436	1787824808691108352	0.0005139020	0.0027188293	0.7708984268
85.611942	1787824808799108352	0.0044255280	0.0003156072	0.7816035751
85.706142	1787824808895108096	0.0020069102	0.0015982179	0.7802502416
85.802147	1787824808991108096	0.0023975022	0.0046411289	0.7797508892
85.898630	1787824809087108096	0.0054523593	-0.0020855906	0.7847973338
86.000481	1787824809189108224	0.0002772294	-0.0018321228	0.7910212707
86.093583	1787824809282108416	-0.0001778765	0.0014510692	0.7869447044
86.188910	1787824809378108160	-0.0012856077	-0.0003708897	0.7851064160
86.303237	1787824809492108032	-0.0050901160	-0.0002308419	0.7846485467
86.402745	1787824809591108352	0.0033914937	0.0037121036	0.7959584719
86.496878	1787824809684108288	-0.0016275148	-0.0004782344	0.7951879708
86.595429	1787824809783108352	-0.0010236573	-0.0017379204	0.7853329766
86.690443	1787824809879108096	0.0065427739	0.0022665555	0.7823508566
86.801325	1787824809990108160	-0.0009328184	0.0004328270	0.7815773783
86.906053	1787824810095108352	0.0028421510	-0.0081800361	0.7923269935
87.003240	1787824810191108352	-0.0070481995	0.0027789815	0.7820256219
87.110049	1787824810299108352	0.0077702949	0.0088489145	0.7904007205
87.187565	1787824810377108224	0.0027029845	-0.0024943257	0.7911198060
87.300987	1787824810488108032	0.0015174749	-0.0049330508	0.7882977258
87.401447	1787824810590108160	0.0043496661	-0.0010595668	0.7702601419
87.498793	1787824810686108160	0.0032355075	0.0030542514	0.7801110072
87.596097	1787824810785107968	-0.0062507715	0.0039248177	0.7837554276
87.696880	1787824810884108288	0.0018634712	0.0008707847	0.7882448417
87.797655	1787824810986108416	-0.0003011455	0.0042468161	0.7877170864
87.899458	1787824811088108288	0.0024528969	0.0069175749	0.7915406552
88.005347	1787824811193108224	0.0003339723	-0.0011376929	0.7754123567
88.099414	1787824811286108160	-0.0031547904	-0.0023408409	0.7893356774
88.198072	1787824811385108224	-0.0022350615	0.0044418298	0.7950533360
88.297960	1787824811487108352	-0.0021292188	-0.0008658577	0.7866206699
88.400612	1787824811589108224	-0.0011018763	0.0004648484	0.7854568889
88.500547	1787824811688108288	0.0006539950	-0.0096030981	0.7989702020
88.595188	1787824811784108288	0.0065174442	0.0010145244	0.7809669171
88.698480	1787824811886108160	-0.0019158196	0.0006665493	0.7799482201
88.793120	1787824811982108160	-0.0007943511	0.0085404022	0.7847266045
88.887449	1787824812075108352	-0.0020701700	0.0052756600	0.7891912637
89.000537	1787824812189108224	0.0085603082	-0.0010553427	0.7840532564
89.087297	1787824812276108288	0.0080919985	-0.0005734151	0.7962317831
89.196890	1787824812384108288	0.0072146971	-0.0074006445	0.7853427455
89.299661	1787824812489108224	0.0013342373	-0.0022823013	0.7853267682
89.393343	1787824812582108160	-0.0009549589	0.0014657363	0.7672671815
89.497603	1787824812687108352	0.0008724610	-0.0027849207	0.7745690660
89.597915	1787824812786108160	-0.0019019656	0.0077162889	0.7845200169
89.689441	1787824812876108288	-0.0013370654	-0.0004139133	0.7828534464
89.796410	1787824812984108288	0.0001988875	0.0008728010	0.7850738583
89.902501	1787824813092108288	-0.0011562803	0.0018880748	0.7846627848
89.988992	1787824813176108032	0.0019078728	0.0022799154	0.7952542386
90.099981	1787824813287108096	-0.0016321560	-0.0002258427	0.7916775485
90.219110	1787824813407108352	-0.0050299723	-0.0010522955	0.7901097763
90.314863	1787824813503108352	0.0056203774	0.0062554155	0.7790549073
90.407222	1787824813596108288	0.0024345819	0.0001577729	0.7877725993
90.499722	1787824813689108224	-0.0043566219	0.0034636444	0.7684411260
90.601909	1787824813791108096	0.0061422497	0.0040424952	0.7781317330
90.687485	1787824813875108352	-0.0007828566	0.0013988212	0.7781108347
90.801139	1787824813989108224	-0.0011606793	0.0009049484	0.7901710673
90.908843	1787824814097108224	0.0015799744	0.0044395699	0.7919439284
90.997411	1787824814184108288	0.0031512051	-0.0093827933	0.7888697012
91.091937	1787824814280108288	0.0047047138	-0.0011362204	0.7649041990
91.196786	1787824814385108224	-0.0033007137	-0.0028209060	0.7796383527
91.302612	1787824814490108160	0.0012212944	-0.0022937717	0.7720101512
91.396616	1787824814586108160	0.0015943128	-0.0026753703	0.7806679154
91.498950	1787824814688108288	0.0005429139	0.0031577835	0.7763837323
91.599305	1787824814787108096	-0.0019701404	0.0009818348	0.7930114346
91.690499	1787824814877108224	0.0047111949	-0.0007828140	0.7922541414
91.794342	1787824814982108160	0.0000210930	-0.0005143129	0.7833488745
91.900157	1787824815087108096	0.0007445146	0.0035992022	0.7898060229
92.000460	1787824815189108224	-0.0013311260	-0.0045940027	0.7804131848
92.100906	1787824815288108032	-0.0021062817	-0.0032927272	0.7927597763
92.206433	1787824815393108224	0.0030840078	0.0013443011	0.7879587794
92.285697	1787824815474108160	-0.0049132723	-0.0026555811	0.7819299331
92.396329	1787824815585108224	0.0015906244	0.0027547669	0.7687861868
92.495552	1787824815684108288	0.0029936132	0.0025380155	0.7872420523
92.605322	1787824815792108288	-0.0013184481	-0.0068780626	0.7735497247
92.701930	1787824815891108352	-0.0005359084	-0.0057799950	0.7846863290
92.794109	1787824815981108224	-0.0014300350	-0.0094277797	0.7821085739
92.894606	1787824816083108096	-0.0057115365	0.0046174592	0.7869067568
92.991638	1787824816179108096	-0.0055206758	0.0012818366	0.7758079139
93.100542	1787824816290108160	-0.0022978894	-0.0011640044	0.7815072485
93.209602	1787824816398108160	-0.0001713277	0.0019262849	0.7826893748
93.298044	1787824816485108224	0.0024779906	0.0046677573	0.7967042063
93.400121	1787824816587108096	0.0010328025	0.0012104556	0.7750523733
93.505750	1787824816695108096	0.0001815961	0.0029377601	0.7830654320
93.602914	1787824816791108096	0.0032783208	-0.0018543379	0.7902203115
93.702889	1787824816890108160	0.0038987116	0.0072398100	0.7771040858
93.801182	1787824816989108224	0.0008031685	0.0011137805	0.7772351217
93.912600	1787824817100108032	-0.0032043107	0.0013858500	0.7860751887
94.018241	1787824817205108224	-0.0084459867	-0.0019369326	0.7971195882
94.096861	1787824817286108160	-0.0010550997	-0.0001196635	0.7894038678
94.201583	1787824817391108352	0.0052574218	0.0048448885	0.7843564558
94.291121	1787824817478108160	0.0000982183	-0.0039768716	0.7876454682
94.397242	1787824817586108160	-0.0014109420	-0.0053806678	0.7821928181
94.504093	1787824817691108352	-0.0024152892	-0.0026263813	0.7873914804
94.590385	1787824817778108160	-0.0017605811	0.0026498456	0.7768969103
94.698697	1787824817886108160	0.0010395949	0.0025719002	0.7848598126
94.803866	1787824817991108096	0.0008339216	-0.0051102512	0.7782397005
94.896012	1787824818084108032	-0.0075990989	-0.0024971985	0.7915980055
95.014235	1787824818201108224	0.0035867972	-0.0028767948	0.7807347586
95.100491	1787824818288108032	0.0043908494	0.0017401945	0.7940794669
95.199799	1787824818387108096	0.0070041582	-0.0037623372	0.7784536256
95.299156	1787824818486108416	0.0064341896	0.0076540727	0.7885739639
95.396274	1787824818585108224	-0.0031275879	0.0010514372	0.7895511092
95.504691	1787824818693108224	-0.0012002543	-0.0012082520	0.7803417478
95.597466	1787824818786108160	0.0003191164	0.0005870779	0.7900918064
95.691590	1787824818879108096	0.0019614685	-0.0011567139	0.7892599624
95.806808	1787824818996108288	-0.0002796154	-0.0019674049	0.7879020635
95.902131	1787824819089108224	0.0075663354	-0.0008637932	0.7825753111
95.991794	1787824819179108096	0.0019434141	0.0002388438	0.7845082605
96.109303	1787824819296108288	0.0042195406	-0.0026185220	0.7757706343
96.203485	1787824819392108288	-0.0030459531	-0.0041565427	0.7777853375
96.303571	1787824819491108096	0.0001180409	-0.0001585767	0.7753415831
96.402305	1787824819590108160	0.0006616551	-0.0004608051	0.7897849070
96.494597	1787824819683108096	0.0024409814	0.0125799164	0.7754180246
96.592036	1787824819779108352	0.0080815281	-0.0002139625	0.7810413910
96.692046	1787824819881108224	0.0019394690	-0.0026439078	0.7779680991
96.786570	1787824819974108160	-0.0046201562	-0.0005584096	0.7789942649
96.888032	1787824820076108288	0.0018805461	-0.0014541368	0.7866305448
97.002054	1787824820190108416	0.0009450443	0.0067000978	0.7796751252
97.088048	1787824820277108224	-0.0027480442	-0.0055278432	0.7780699138
97.200677	1787824820388108288	0.0043076432	-0.0016682192	0.7790572314
97.294752	1787824820484108288	0.0017304535	-0.0030295134	0.7630766571
97.398744	1787824820586108160	-0.0019870063	0.0038675216	0.7838592399
97.500921	1787824820688108288	0.0007896205	-0.0004065506	0.7812503829
97.606196	1787824820793108224	-0.0031395842	0.0005607929	0.7936321772
97.700718	1787824820889108224	0.0033477462	-0.0027378709	0.7709949807
97.793322	1787824820982108160	0.0013160107	0.0021660011	0.7883942476
97.895946	1787824821084108032	0.0006277169	0.0007652857	0.7858888612
98.000871	1787824821189108224	0.0011837387	0.0006218154	0.7849452475
98.096778	1787824821285107968	-0.0005965048	-0.0032312889	0.7802532860
98.193917	1787824821381108224	0.0018802247	-0.0024619520	0.7947627674
98.308782	1787824821498108160	0.0089169303	-0.0041907900	0.7992358435
98.406703	1787824821594108160	-0.0002993192	-0.0035557800	0.7964126934
98.503055	1787824821690108416	-0.0018416162	0.0005260197	0.7887190705
98.597641	1787824821786108160	0.0002205800	0.0043620332	0.7934313170
98.706619	1787824821894108416	0.0032644292	0.0023612262	0.7815088900
98.808817	1787824821996108288	-0.0054043917	0.0039683170	0.7889245300
98.895966	1787824822083108096	-0.0061763580	-0.0066900427	0.7779500293
99.001012	1787824822188108288	-0.0048234053	0.0079025205	0.7866621149
99.105309	1787824822293108224	-0.0015609264	0.0005788927	0.7756393483
99.209367	1787824822398108160	0.0078199488	-0.0037378316	0.7859298397
99.298396	1787824822485108224	-0.0043413549	0.0021185893	0.7837467842
99.388759	1787824822578108416	0.0011604099	-0.0035838617	0.7798990547
99.500009	1787824822689108224	0.0018934202	-0.0021675237	0.7798842072
99.608946	1787824822797108224	0.0000315145	-0.0012993990	0.7826376831
99.702735	1787824822890108160	0.0041306104	0.0010468073	0.7860940793
99.799371	1787824822986108416	0.0042553876	0.0006968447	0.7893687633
99.890191	1787824823079108352	-0.0028161017	0.0045383926	0.7784586306
99.997461	1787824823184108288	0.0002926244	-0.0048790972	0.7831756149
100.102602	1787824823292108288	-0.0020352755	0.0070798433	0.7866107745
100.199988	1787824823388108288	-0.0039056304	0.0021206499	0.7914734387
100.295948	1787824823484108288	-0.0026551472	-0.0040257135	0.7759077617
100.410635	1787824823598108416	0.0041467693	0.0037602862	0.7812491177
100.496258	1787824823685108224	0.0045451899	-0.0002956069	0.7965687001
100.611999	1787824823799108352	-0.0038533449	-0.0039452668	0.7917907733
100.692518	1787824823880108032	-0.0042231460	-0.0019019222	0.7921976579
100.799778	1787824823988108032	0.0105584394	0.0096198452	0.7832136462
100.898825	1787824824087108096	-0.0016743964	-0.0026362247	0.7864097998
100.998013	1787824824186108160	0.0005696290	-0.0002524419	0.7856166396
101.083672	1787824824273108224	0.0004994522	0.0076737579	0.7881914570
101.196970	1787824824384108288	0.0036813439	0.0016936015	0.7991891885
101.309131	1787824824498108160	-0.0021715590	-0.0061516729	0.7749023020
101.396877	1787824824585108224	-0.0001991885	0.0040001542	0.7885845632
101.481346	1787824824669108224	-0.0042720610	0.0014044041	0.7698698654
101.600758	1787824824789108224	0.0016826156	0.0025566255	0.7743810427
101.699081	1787824824888108288	0.0026002780	-0.0050152383	0.7958244215
101.795997	1787824824984108288	0.0004411743	-0.0059665363	0.7790288452
101.896430	1787824825083108096	0.0016324088	0.0049302015	0.7735319273
102.006684	1787824825194108160	-0.0047082997	-0.0028714145	0.7858273411
102.102465	1787824825290108160	-0.0021261354	0.0027637244	0.7794742857
102.192727	1787824825380108032	-0.0052654227	0.0049485198	0.7989516663
102.301988	1787824825491108096	0.0026426574	0.0009678953	0.7944180586
102.402643	1787824825590108160	-0.0048118641	-0.0039078858	0.7946115186
102.492777	1787824825680108288	0.0041026709	-0.0045138347	0.7771850702
102.591225	1787824825779108352	0.0009699090	-0.0001377931	0.7766282044
102.694777	1787824825884108288	-0.0009849286	0.0006421078	0.7785240499
102.804846	1787824825992108032	0.0002676803	-0.0117699700	0.7821707452
102.890615	1787824826079108352	-0.0001672514	0.0009061860	0.7850437948
103.010339	1787824826199108096	0.0001612662	0.0000346069	0.7905466095
103.099933	1787824826289108224	0.0035002651	-0.0008027680	0.7895548091
103.197599	1787824826385108224	0.0035221508	-0.0028455995	0.7921732144
103.303437	1787824826490108160	-0.0027520653	-0.0007413381	0.7928036714
103.404404	1787824826592108288	0.0006265306	-0.0045727719	0.7935587846
103.489765	1787824826679108096	0.0026007253	0.0027371007	0.7696219968
103.598536	1787824826787108096	0.0053531581	0.0021341790	0.7798032705
103.689710	1787824826877108224	0.0025001570	-0.0037114044	0.7831501508
103.794264	1787824826982108160	0.0013021928	-0.0045732377	0.7874340892
103.898987	1787824827087108096	-0.0027687729	-0.0039271557	0.7805094775
103.998616	1787824827186108160	-0.0000215654	0.0010870864	0.7920782908
104.096253	1787824827285107968	0.0011410639	-0.0011264429	0.7824138705
104.192423	1787824827381108224	-0.0027731993	0.0022253735	0.7755921968
104.295916	1787824827483108352	0.0016051488	0.0041411001	0.7926382708
104.412810	1787824827600108032	-0.0015576530	-0.0019820938	0.7886554020
104.503657	1787824827693108224	-0.0002129095	0.0048329332	0.7777967347
104.603816	1787824827792108288	-0.0009499867	0.0001524642	0.7775472168
104.693199	1787824827882108160	-0.0033782767	-0.0034653808	0.7783587479
104.806513	1787824827996108288	0.0011517799	-0.0012892722	0.8027569759
104.895348	1787824828083108096	0.0027541784	-0.0030435536	0.7953111271
104.982169	1787824828170108416	-0.0050271919	0.0005295930	0.7774976065
105.100121	1787824828287108096	-0.0017343918	-0.0026358393	0.7994291772
105.209905	1787824828398108160	-0.0003041015	-0.0027604111	0.7751511105
105.296249	1787824828485108224	-0.0006774788	-0.0016209179	0.7917494201
105.397435	1787824828584108032	0.0003142762	0.0014668455	0.7848791189
105.500069	1787824828689108224	0.0034653977	-0.0050248965	0.7831121877
105.605110	1787824828794108160	0.0069340079	0.0008716493	0.7855429207
105.691652	1787824828881108224	-0.0038304408	-0.0067919567	0.7829555171
105.797381	1787824828986108416	-0.0028965955	-0.0003398755	0.7808145284
105.890668	1787824829079108352	0.0054873539	0.0022384037	0.7765296721
105.991797	1787824829181108224	-0.0045055501	0.0040558029	0.7855575663
106.094144	1787824829283108352	0.0000327197	-0.0028485362	0.7721523254
106.207112	1787824829394108416	0.0000512270	-0.0010335208	0.7841913487
106.313888	1787824829502108160	0.0013194899	0.0037712909	0.7902664255
106.402275	1787824829589108224	-0.0018560078	-0.0018136249	0.7842917849
106.505763	1787824829694108160	0.0003075781	-0.0024370887	0.7912351948
106.602523	1787824829790108160	0.0038025915	-0.0006129148	0.7963297115
106.705887	1787824829895108096	0.0040082842	-0.0012407993	0.7892969915
106.806698	1787824829994108160	0.0029056694	-0.0048136980	0.7933343411
106.897319	1787824830084108032	0.0022726160	0.0037656357	0.7871398615
107.000513	1787824830189108224	0.0052855314	0.0021095293	0.7885061147
107.099775	1787824830288108032	0.0080556173	-0.0008623821	0.7809634420
107.188933	1787824830378108160	0.0020612705	-0.0002497785	0.7872097271
107.303069	1787824830492108032	-0.0015509142	-0.0032299053	0.7837271760
107.387878	1787824830576108288	0.0051405705	-0.0010828104	0.7999128532
107.493069	1787824830681108224	0.0009646276	-0.0014753038	0.7840724119
107.604895	1787824830792108288	-0.0008255488	0.0035900448	0.7888256681
107.693462	1787824830882108160	-0.0009205519	-0.0020474106	0.7867891177
107.790925	1787824830978108160	0.0001771399	0.0019957571	0.7817077360
107.914071	1787824831101108224	-0.0029020827	0.0009414983	0.7826638279
108.012395	1787824831200108288	0.0010137182	-0.0023918246	0.7769756538
108.099103	1787824831287108096	-0.0035511549	-0.0006421457	0.7890463070
108.207622	1787824831395108096	0.0023062810	0.0018248889	0.7921630591
108.299557	1787824831488108032	-0.0009824443	0.0054777243	0.7906651451
108.408488	1787824831596108288	0.0046504923	0.0062415873	0.7812004612
108.493993	1787824831683108096	-0.0008712711	-0.0037218644	0.7865692853
108.610000	1787824831797108224	0.0021418938	-0.0054913383	0.7913930699
108.702601	1787824831890108160	-0.0002116053	-0.0021720337	0.7867207009
108.803943	1787824831992108032	-0.0006231183	-0.0036245401	0.7888305191
108.899213	1787824832088108288	-0.0054361307	-0.0016831504	0.7887812738
109.005744	1787824832193108224	-0.0022571706	-0.0023331898	0.7869402679
109.095498	1787824832283108352	-0.0010230723	0.0030929466	0.7858498447
109.202567	1787824832391108352	0.0001264349	0.0026359633	0.7895618581
109.315691	1787824832505108224	0.0006700166	-0.0024521491	0.7840174556
109.401940	1787824832589108224	-0.0048509757	-0.0005335921	0.7959613026
109.498457	1787824832685108224	0.0011519615	-0.0032990215	0.7869439208
109.597519	1787824832787108096	0.0015905348	-0.0022020023	0.7796780792
109.708438	1787824832895108096	-0.0045924114	0.0050283393	0.7762827106
109.805012	1787824832994108160	0.0053430499	-0.0000802074	0.7786329913
109.901611	1787824833090108160	-0.0019130221	0.0010354353	0.7904265014
109.993509	1787824833183108096	-0.0036892543	-0.0063433292	0.7943842740
110.091949	1787824833279108352	-0.0063288660	-0.0027929053	0.7837229911
110.208807	1787824833396108032	-0.0049959150	0.0018653599	0.7923851657
110.293777	1787824833483108352	-0.0000330773	-0.0040264554	0.7984962871
110.399536	1787824833588108288	-0.0001866307	-0.0052808877	0.7783412679
110.497776	1787824833687108352	-0.0021294366	-0.0012735507	0.7731425119
110.591620	1787824833780108288	0.0011124126	0.0026771829	0.7697335936
110.695850	1787824833885108224	-0.0018475410	-0.0041807490	0.7755273818
110.810663	1787824833999108352	-0.0015893963	0.0024851220	0.7801267192
110.907859	1787824834095108352	-0.0007324514	0.0029366085	0.7830262362
110.993373	1787824834182108160	0.0045789234	-0.0025023987	0.7736645483
111.107536	1787824834296108288	0.0013395462	0.0008692678	0.7958920744
111.194862	1787824834383108096	0.0012177386	-0.0039580689	0.7915436615
111.289216	1787824834476108288	-0.0006650841	-0.0003328473	0.7883947074
111.402228	1787824834590108160	-0.0020249337	-0.0050381639	0.7939069402
111.499516	1787824834689108224	0.0048547414	-0.0032510738	0.7982966521
111.599492	1787824834788108032	-0.0004466789	0.0035101064	0.7922199694
111.714104	1787824834902108160	0.0019578644	-0.0044914267	0.7858560025
111.797597	1787824834986108416	0.0010164874	0.0003646596	0.7773659960
111.895844	1787824835085108224	0.0012153569	-0.0004321279	0.7754464254
111.994949	1787824835184108288	0.0013034932	0.0072374237	0.7784228474
112.094821	1787824835283108352	0.0023284699	0.0008798406	0.7770472659
112.208362	1787824835397108224	0.0038609060	-0.0001740486	0.7809615119
112.288386	1787824835475108096	0.0025055976	0.0003478702	0.8056317429
112.400536	1787824835589108224	0.0030982844	-0.0026835296	0.7886027083
112.513953	1787824835703108352	0.0024028382	0.0006044387	0.7773584457
112.590874	1787824835778108160	0.0008462981	-0.0028971768	0.7891879593
112.698563	1787824835886108160	-0.0055709009	0.0009575773	0.7846272927
112.799945	1787824835988108032	0.0047051257	-0.0004908038	0.7760527232
112.895910	1787824836084108032	-0.0000992871	0.0054927317	0.7782494207
113.000857	1787824836189108224	0.0037334345	0.0040980510	0.7852979475
113.100023	1787824836288108032	0.0043999335	0.0039936033	0.7905198955
113.209299	1787824836396108032	0.0000295865	0.0007047475	0.7796479847
113.302495	1787824836489108224	-0.0009175813	0.0002079841	0.7876325721
113.402428	1787824836591108352	-0.0020166272	-0.0006082675	0.7863649347
113.498839	1787824836687108352	0.0038347963	-0.0052758735	0.7726539098
113.597480	1787824836786108160	-0.0036626623	-0.0023102901	0.7776954786
113.697550	1787824836885108224	-0.0006622958	-0.0041545598	0.7907818650
113.810382	1787824836999108352	0.0005841198	-0.0026871109	0.7874086361
113.899212	1787824837086108160	-0.0047874176	-0.0029103574	0.7794784583
113.998917	1787824837188108288	0.0046957257	-0.0030218456	0.7961855552
114.096035	1787824837284108288	0.0020286899	0.0036501732	0.7790287983
114.189703	1787824837377108224	0.0024964545	0.0042532766	0.7880404295
114.293895	1787824837482108160	-0.0061255198	-0.0028492305	0.7789227674
114.396007	1787824837584108032	-0.0027582240	-0.0027138882	0.7840398890
114.498949	1787824837686108160	0.0031926214	-0.0002868723	0.7789699467
114.598917	1787824837788108032	-0.0011437930	-0.0027435107	0.7844134163
114.692099	1787824837881108224	-0.0012353734	-0.0027410953	0.7841487270
114.798045	1787824837986108416	0.0034936689	0.0030109986	0.7869393837
114.895593	1787824838085108224	-0.0007677103	0.0083461692	0.7828017879
114.996696	1787824838184108288	-0.0010768381	-0.0009219063	0.7812281113
115.099104	1787824838286108160	-0.0015661852	0.0008749817	0.7844593184
115.205741	1787824838394108416	0.0061864091	-0.0045831753	0.7849179308
115.296912	1787824838484108288	0.0039016411	0.0011235161	0.7921323476
115.405201	1787824838592108288	0.0047380690	-0.0012741925	0.7875122825
115.496089	1787824838685108224	0.0045736343	-0.0016910666	0.7758571505
115.596700	1787824838784108288	0.0042059691	-0.0002019032	0.7800432472
115.690156	1787824838877108224	0.0049130072	0.0000748072	0.7864408115
115.803580	1787824838991108096	-0.0016641270	0.0011901264	0.7850797709
115.910434	1787824839099108096	-0.0030333546	0.0039328020	0.7859349505
115.989248	1787824839177108224	0.0011914950	0.0112813864	0.7813531393
116.092916	1787824839282108416	0.0038599887	0.0025291913	0.7913687274
116.194835	1787824839384108288	-0.0004415813	0.0035995623	0.7864143343
116.310004	1787824839498108160	-0.0008822268	-0.0032846693	0.7814951680
116.392547	1787824839582108160	-0.0018810032	0.0021056502	0.7736549005
116.505889	1787824839693108224	0.0031999674	-0.0011200561	0.7751630087
116.602412	1787824839789108224	-0.0032548580	0.0008209668	0.7876165151
116.696961	1787824839885108224	0.0025268523	0.0007337786	0.7867181773
116.804277	1787824839993108224	-0.0012618463	0.0010900458	0.7854368412
116.908171	1787824840095108352	-0.0011790378	0.0061118560	0.7951641246
117.000376	1787824840188108288	0.0035172062	0.0105125972	0.7771844724
117.098123	1787824840287108096	-0.0020657132	0.0003136127	0.7837424445
117.194232	1787824840383108096	0.0041740969	0.0064209024	0.7869045966
117.299551	1787824840488108032	0.0024692015	0.0035933500	0.7783220407
117.407583	1787824840596108288	0.0022793539	-0.0048533711	0.7928415858
117.499984	1787824840689108224	-0.0026064578	0.0010096516	0.7889219038
117.603275	1787824840791108096	0.0000354773	-0.0056011762	0.7805855510
117.699757	1787824840887108096	-0.0001311614	-0.0025064259	0.7759594323
117.805130	1787824840992108032	-0.0064123374	-0.0051112948	0.7817967233
117.900914	1787824841088108288	0.0029625408	0.0066422665	0.7951696123
117.995878	1787824841184108288	0.0037469697	-0.0036002511	0.7902039933
118.103712	1787824841292108288	-0.0066418105	-0.0391539223	0.7902343301
118.202889	1787824841391108352	0.0038159215	-0.0770525661	0.7784965517
118.297023	1787824841484108288	-0.0000877067	-0.1089096661	0.7878384323
118.400766	1787824841589108224	0.0023763149	-0.1569061514	0.7893368408
118.497343	1787824841685108224	-0.0032492588	-0.1898871576	0.7861123281
118.604151	1787824841793108224	-0.0036910755	-0.2254735692	0.7742307501
118.696297	1787824841883108096	0.0008337541	-0.2622882515	0.7709643546
118.812510	1787824842000108288	-0.0038745854	-0.3026218538	0.7947702686
118.902041	1787824842090108160	-0.0046388527	-0.3301970783	0.7893695061
118.999793	1787824842189108224	-0.0059456740	-0.3635980743	0.7926664915
119.109230	1787824842297108224	-0.0052304270	-0.3955912533	0.7936168100
119.199799	1787824842387108096	-0.0041806835	-0.4291860089	0.7798857021
119.295636	1787824842483108352	-0.0003215939	-0.4605543747	0.7670234933
119.393381	1787824842582108160	0.0032881192	-0.4839503313	0.7881105205
119.494346	1787824842681108224	-0.0005993999	-0.5172261075	0.7842052042
119.603093	1787824842792108288	0.0005161942	-0.5526585498	0.7747555722
119.700546	1787824842888108288	0.0013121742	-0.5766199942	0.7905923018
119.793114	1787824842981108224	0.0007741946	-0.5993033695	0.7864914035
119.898434	1787824843086108160	-0.0025080111	-0.6268531907	0.7883816612
119.993646	1787824843182108160	0.0035872820	-0.6471417921	0.7951019875
120.093201	1787824843281108224	0.0068719369	-0.6285921475	0.7815251416
120.198981	1787824843386108160	-0.0029461712	-0.5992691981	0.7743915440
120.307680	1787824843497108224	0.0009538374	-0.5711179317	0.7763721826
120.401899	1787824843590108160	0.0008416417	-0.5511414432	0.7892202605
120.509796	1787824843698108160	0.0006845839	-0.5134872452	0.7752646452
120.605592	1787824843794108160	0.0005336782	-0.4862072778	0.7867705682
120.693366	1787824843881108224	0.0011622230	-0.4633194264	0.7982139473
120.802087	1787824843989108224	0.0040478391	-0.4295106108	0.7860317440
120.898789	1787824844088108288	-0.0029322056	-0.3997332907	0.7670548789
120.999075	1787824844187108352	-0.0049893206	-0.3666629539	0.7818149290
121.096964	1787824844286108160	0.0036222725	-0.3318359061	0.7815353320
121.206303	1787824844394108416	-0.0032439747	-0.3000985304	0.7658423831
121.304170	1787824844493108224	0.0076204713	-0.2556253153	0.7868394918
121.394031	1787824844583108096	0.0032493001	-0.2255459124	0.7931446104
121.505637	1787824844694108160	0.0048581015	-0.1858713889	0.7845252222
121.585808	1787824844775108096	-0.0037020462	-0.1560561386	0.7923308376
121.690259	1787824844877108224	-0.0008842896	-0.1168637288	0.7954789382
121.802048	1787824844991108096	-0.0037496787	-0.0768275096	0.7729474979
121.917457	1787824845105108224	-0.0000173741	-0.0299362924	0.7868483421
121.999976	1787824845189108224	0.0099331395	0.0007841911	0.7800641463
122.104281	1787824845291108096	-0.0018392213	-0.0035987024	0.7803671789
122.204250	1787824845393108224	-0.0067104772	0.0007427804	0.7869479011
122.305923	1787824845495108096	0.0039122922	0.0029135373	0.7795942081
122.392805	1787824845582108160	0.0007525725	-0.0006672805	0.7763632247
122.490044	1787824845678108160	-0.0016663058	0.0013779581	0.7860760593
122.587914	1787824845777108224	-0.0022229261	-0.0013623373	0.7914588142
122.702241	1787824845891108352	0.0077064330	-0.0010496926	0.7774559343
122.805644	1787824845993108224	-0.0019497378	0.0045752052	0.7806492272
122.911531	1787824846101108224	-0.0036810854	0.0019633822	0.7960376391
123.006900	1787824846194108160	-0.0007078893	0.0003905575	0.7903805650
123.093985	1787824846281108224	-0.0030734511	0.0016051618	0.7919497714
123.194611	1787824846383108096	-0.0001619959	0.0045257658	0.7933697194
123.302974	1787824846491108096	0.0027649225	-0.0002314371	0.7837218990
123.406060	1787824846593108224	-0.0019632980	-0.0028826854	0.7916269323
123.496876	1787824846686108160	-0.0021195432	-0.0008691916	0.7830591246
123.595236	1787824846782108416	0.0015787836	0.0005055655	0.7924575422
123.691793	1787824846881108224	0.0033577340	0.0075910911	0.7832580984
123.801928	1787824846989108224	-0.0077985018	0.0034174193	0.7887038382
123.904072	1787824847091108352	-0.0030707408	-0.0029282231	0.7842559196
123.999289	1787824847187108352	-0.0007406403	0.0035632651	0.7766456054
124.101898	1787824847289108224	-0.0004632869	0.0024258574	0.8003751280
124.193821	1787824847382108160	0.0002818082	0.0013822106	0.7953297778
124.298375	1787824847487108352	0.0011079397	-0.0026785696	0.7826897654
124.405161	1787824847592108288	-0.0026969169	-0.0015714485	0.7859917093
124.496641	1787824847685108224	-0.0037480813	0.0003258037	0.7790979101
124.594124	1787824847781108224	-0.0022721052	0.0020160220	0.7696036701
124.684236	1787824847871108352	-0.0048781440	-0.0028642356	0.7738492240
124.796878	1787824847985108224	-0.0003084970	-0.0030753955	0.7760065341
124.900581	1787824848090108160	-0.0048400660	-0.0053076053	0.7860762563
125.011789	1787824848201108224	-0.0010787365	0.0059974816	0.7898733882
125.095980	1787824848285107968	-0.0028746795	0.0051216028	0.7916802378
125.202094	1787824848390108160	0.0064721705	0.0030048542	0.7885006697
125.298994	1787824848486108416	0.0041717086	-0.0049471857	0.7712075902
125.402492	1787824848591108352	0.0040317193	-0.0020167657	0.7768459701
125.496359	1787824848684108288	0.0015709411	0.0012596722	0.7813992975
125.596080	1787824848783108352	-0.0072208347	0.0055318137	0.7818931831
125.691264	1787824848879108096	0.0019430336	0.0015052430	0.7836785662
125.801021	1787824848990108160	0.0032690864	0.0027064544	0.7976899835
125.897413	1787824849086108160	-0.0026987672	-0.0010446814	0.7826795913
125.994012	1787824849182108160	-0.0008040974	-0.0044339536	0.7845577520
126.096163	1787824849284108288	-0.0036542852	0.0015834915	0.7840012710
126.195545	1787824849383108096	-0.0021930821	0.0013135192	0.7710168362
126.306872	1787824849494108160	-0.0016048013	0.0003225560	0.7816679949
126.397295	1787824849584108032	-0.0018884381	-0.0012314617	0.7795056070
126.504215	1787824849692108032	-0.0009234226	0.0035030757	0.7859755691
126.604608	1787824849794108160	-0.0015832746	0.0018568445	0.7896077554
126.703324	1787824849890108160	-0.0010278963	-0.0029414184	0.7885675253
126.803940	1787824849992108032	0.0024474780	-0.0006776232	0.7701671695
126.899173	1787824850088108288	0.0040885802	-0.0034817919	0.7923859340
126.984673	1787824850172108288	0.0063855253	0.0046334253	0.7817394852
127.093697	1787824850283108352	-0.0014355525	-0.0007800480	0.7848934419
127.193562	1787824850382108160	0.0027705721	0.0050239589	0.7859381514
127.304692	1787824850493108224	-0.0069244522	0.0031881363	0.7902849006
127.400423	1787824850589108224	-0.0057986105	0.0007510830	0.7908860325
127.499002	1787824850688108288	0.0014100197	0.0018031998	0.7741922863
127.588189	1787824850775108096	-0.0073234618	-0.0037174871	0.7878118350
127.700628	1787824850889108224	-0.0010619188	0.0039200001	0.7844318158
127.810861	1787824851000108288	-0.0051065552	0.0025275150	0.7695188509
127.899804	1787824851087108096	0.0013651176	0.0021653611	0.7727633854
127.998471	1787824851186108160	-0.0033769320	0.0072459454	0.7809046949
128.100832	1787824851288108032	0.0000541014	0.0009831347	0.7776776701
128.197697	1787824851387108096	-0.0012284888	0.0031769871	0.7847069749
128.296706	1787824851486108416	0.0069327374	0.0018689406	0.7865432721
128.394434	1787824851582108160	0.0066350222	-0.0071954398	0.7849422026
128.498275	1787824851687108352	0.0124554935	-0.0002896952	0.7919186345
128.588009	1787824851777108224	0.0204154422	0.0019196411	0.7963996982
128.697282	1787824851885108224	0.0205921901	0.0021302609	0.7823390880
128.796471	1787824851984108288	0.0331786920	0.0019390419	0.7771259961
128.898410	1787824852086108160	0.0438144815	-0.0031388325	0.7830643225
128.993706	1787824852182108160	0.0532003184	-0.0048339096	0.8000489393
129.100033	1787824852287108096	0.0639131807	0.0022430321	0.8003176913
129.195077	1787824852383108096	0.0736420724	-0.0004415861	0.8042012426
129.301031	1787824852488108032	0.0893167706	0.0029488214	0.8070932750
129.387484	1787824852575108352	0.0936199883	0.0031868077	0.8100880451
129.496180	1787824852683108096	0.1092411634	-0.0033935494	0.8187049124
129.606819	1787824852794108160	0.1309964485	0.0052251089	0.8318666831
129.701848	1787824852890108160	0.1503905888	0.0014937361	0.8409038996
129.796597	1787824852986108416	0.1614236352	0.0042000574	0.8551783986
129.904463	1787824853091108352	0.1775923940	-0.0014609488	0.8685924934
129.997369	1787824853184108288	0.1949084254	-0.0047208024	0.8616692551
130.102996	1787824853292108288	0.2193540233	0.0009905989	0.8836344293
130.202028	1787824853391108352	0.2352731388	-0.0006094024	0.9063802322
130.309270	1787824853496108288	0.2547466222	-0.0002841559	0.9199395511
130.403428	1787824853592108288	0.2702623417	-0.0027944765	0.9315334459
130.497431	1787824853685108224	0.2807085016	-0.0050591216	0.9506984728
130.598515	1787824853787108096	0.2858948604	-0.0008916352	0.9592468140
130.687891	1787824853877108224	0.3039693297	-0.0025321585	0.9871324565
130.798161	1787824853985108224	0.3160113264	0.0047606791	1.0054686526
130.907022	1787824854096108288	0.3275676902	0.0012509915	1.0349381433
131.001991	1787824854189108224	0.3350055351	-0.0006618404	1.0611467241
131.104370	1787824854291108096	0.3372806889	-0.0009823957	1.0819228588
131.184432	1787824854372108288	0.3547238393	0.0098171563	1.1045566701
131.301933	1787824854489108224	0.3559882061	-0.0004680741	1.1311018783
131.399387	1787824854588108288	0.3662237249	0.0024635173	1.1502330962
131.507452	1787824854696108032	0.3654174789	0.0047139713	1.1761958540
131.597714	1787824854786108160	0.3688904033	0.0016181691	1.2088474359
131.687995	1787824854876108288	0.3728930687	-0.0003163775	1.2416762388
131.792996	1787824854981108224	0.3865182741	0.0048336251	1.2597582955
131.898610	1787824855086108160	0.3774204799	-0.0028793030	1.2733748296
132.000937	1787824855188108288	0.3838461193	-0.0020866369	1.3099863687
132.100598	1787824855290108160	0.3862960725	0.0024320991	1.3321856911
132.202743	1787824855392108288	0.3759020554	0.0047491024	1.3588439179
132.299642	1787824855488108032	0.3829094817	-0.0023839250	1.3953779758
132.401440	1787824855590108160	0.3842712605	0.0006853943	1.4195414444
132.509045	1787824855698108160	0.3791469393	0.0054103903	1.4506757734
132.608771	1787824855797108224	0.3824086778	0.0010401096	1.4602839113
132.708504	1787824855896108032	0.3716316307	0.0006471558	1.4997568161
132.796172	1787824855983108352	0.3813014522	-0.0026862792	1.5111452464
132.902323	1787824856091108352	0.3880303913	0.0006436434	1.5356043956
132.994164	1787824856181108224	0.3831999176	0.0005569666	1.5603452871
133.094505	1787824856283108352	0.3800138361	-0.0003171412	1.5982215000
133.209456	1787824856397108224	0.3742953720	0.0030274798	1.6211650147
133.285596	1787824856475108096	0.3807505428	-0.0004134526	1.6383083994
133.401519	1787824856589108224	0.3868018263	0.0065718016	1.6776276896
133.502350	1787824856691108352	0.3814056624	-0.0024734540	1.6971575109
133.605046	1787824856793108224	0.3744045488	0.0011165214	1.7281103663
133.695570	1787824856883108096	0.3741274541	0.0059399163	1.7370809696
133.789611	1787824856979108096	0.3862723661	0.0053386533	1.7665941800
133.897567	1787824857087108096	0.3750144542	0.0038046572	1.7957573013
134.001467	1787824857189108224	0.3796908696	-0.0034876853	1.8334607131
134.099108	1787824857288108032	0.3752651947	-0.0051724615	1.8455911727
134.200981	1787824857390108160	0.3735516069	0.0021313249	1.8908402422
134.302109	1787824857489108224	0.3821809976	-0.0039457866	1.8989953868
134.398011	1787824857585108224	0.3791629689	0.0052642907	1.9435353027
134.501128	1787824857690108416	0.3891315251	-0.0032401556	1.9639666939
134.603593	1787824857792108288	0.3736154421	0.0073332492	1.9878066823
134.707984	1787824857897108224	0.3827805593	-0.0011334973	2.0058354765
134.800005	1787824857987108352	0.3824436964	0.0015007987	2.0435866705
134.895514	1787824858083108096	0.3765292976	-0.0007071989	2.0766536156
135.005768	1787824858194108160	0.3754515408	-0.0014916958	2.1004188197
135.106281	1787824858293108224	0.3768660819	-0.0007519086	2.1215703284
135.197667	1787824858386108160	0.3838834931	-0.0045864219	2.1647586096
135.294722	1787824858482108160	0.3818898964	-0.0026429926	2.1648945214
135.400693	1787824858590108160	0.3847560018	0.0007635215	2.1926686094
135.494267	1787824858683108096	0.3821484129	-0.0005289827	2.2339861950
135.596523	1787824858785107968	0.3807691325	-0.0038327063	2.2436138595
135.698689	1787824858887108096	0.3808924268	0.0000070456	2.2622896093
135.808176	1787824858995108096	0.3801090736	-0.0017365284	2.2974811300
135.899122	1787824859088108288	0.3816544049	0.0004359498	2.3373678732
135.990655	1787824859178108160	0.3788877127	0.0107517432	2.3493153525
136.104034	1787824859292108288	0.3751374190	0.0055039604	2.3895987006
136.201135	1787824859388108288	0.3863219164	0.0002123586	2.4014913265
136.300134	1787824859487108352	0.3864795666	-0.0036170706	2.4353463246
136.393432	1787824859580108288	0.3826422870	-0.0007241804	2.4752991780
136.495086	1787824859682108160	0.3812189805	-0.0027793135	2.4834673757
136.600956	1787824859790108160	0.3817359382	0.0026644282	2.5050615777
136.697156	1787824859886108160	0.3759969443	0.0057764558	2.5320838748
136.799078	1787824859988108032	0.3799511877	0.0035870236	2.5635563360
136.894546	1787824860084108032	0.3754658773	0.0013082878	2.5945725268
136.999423	1787824860186108160	0.3846011887	0.0009667130	2.6131410932
137.095306	1787824860282108416	0.3823359484	-0.0042900917	2.6322242500
137.203044	1787824860390108160	0.3860297839	-0.0021632144	2.6854572767
137.308199	1787824860495108096	0.3756329794	-0.0004592809	2.6930438188
137.395358	1787824860582108160	0.3835723537	-0.0006913656	2.7095486794
137.496863	1787824860684108288	0.3800673301	0.0007861487	2.7467512334
137.601048	1787824860789108224	0.3785385445	-0.0061627600	2.7645489759
137.706252	1787824860894108416	0.3786860820	-0.0000973084	2.8014315058
137.795771	1787824860984108288	0.3769397488	0.0042624093	2.8219993919
137.895580	1787824861083108096	0.3832002965	0.0002837456	2.8473574999
137.996891	1787824861185108224	0.3814232239	0.0024522297	2.8838414669
138.103916	1787824861293108224	0.3846241518	-0.0062000810	2.9093721646
138.194398	1787824861383108096	0.3772098879	0.0033298890	2.9313327462
138.292179	1787824861479108096	0.3818382341	-0.0029243725	2.9598371755
138.398911	1787824861587108096	0.3748113400	0.0027409503	2.9849772276
138.503954	1787824861692108032	0.3781761462	0.0068980285	3.0117749530
138.603883	1787824861791108096	0.3811339596	-0.0071048710	3.0246721010
138.706561	1787824861896108032	0.3771390178	0.0015286315	3.0708292739
138.804625	1787824861992108032	0.3870450019	0.0038543475	3.0867251205
138.902189	1787824862091108352	0.3771844169	-0.0045197096	3.1015096732
138.991090	1787824862178108160	0.3796722862	0.0017677599	3.1334482680
139.099221	1787824862286108160	0.3827759242	0.0022098441	-3.1217532025
139.204331	1787824862391108352	0.3819808361	-0.0059437727	-3.0899196178
139.293155	1787824862481108224	0.3798593625	0.0027217500	-3.0591848265
139.403391	1787824862592108288	0.3813965175	-0.0045692503	-3.0359292627
139.496982	1787824862685108224	0.3810983780	-0.0033122066	-3.0039555933
139.595706	1787824862784108288	0.3741242108	-0.0011777963	-2.9772733746
139.686070	1787824862874108416	0.3805721149	0.0065980263	-2.9602065040
139.792103	1787824862979108096	0.3812652044	-0.0015364027	-2.9437110907
139.906638	1787824863096108288	0.3718184566	-0.0047741538	-2.8982516176
139.990020	1787824863177108224	0.3798656289	-0.0030601154	-2.8881248778
140.099056	1787824863288108032	0.3752140370	-0.0026114302	-2.8589677652
140.197387	1787824863384108288	0.3793948545	0.0003336293	-2.8435330027
140.305086	1787824863492108032	0.3798725529	0.0011001141	-2.8016198376
140.395756	1787824863585108224	0.3736642767	-0.0064367256	-2.7735118532
140.505529	1787824863693108224	0.3801870794	0.0026250276	-2.7433398582
140.612061	1787824863801108224	0.3800858833	-0.0042971189	-2.7244346143
140.715468	1787824863903108096	0.3797259597	-0.0029668133	-2.7010993335
140.792758	1787824863981108224	0.3818671055	-0.0017997652	-2.6893693357
140.897207	1787824864086108160	0.3832747486	-0.0019872399	-2.6313452963
140.995573	1787824864185108224	0.3782813431	-0.0093546900	-2.6162457478
141.104115	1787824864293108224	0.3816640285	0.0008081474	-2.5957852251
141.208332	1787824864395108096	0.3790454008	-0.0016756378	-2.5589822852
141.304495	1787824864491108096	0.3873652164	0.0044629742	-2.5417162585
141.408041	1787824864596108288	0.3731940627	0.0014038472	-2.5053554780
141.495350	1787824864683108096	0.3809394863	-0.0004201942	-2.4968511103
141.603370	1787824864791108096	0.3857495230	0.0019146220	-2.4537509944
141.691181	1787824864878108160	0.3835864359	-0.0023408924	-2.4406763189
141.790466	1787824864977108224	0.3797833959	-0.0008412932	-2.4092811057
141.897779	1787824865085108224	0.3790754096	0.0008659878	-2.3942760711
141.996536	1787824865184108288	0.3820658332	0.0018189575	-2.3521948831
142.102056	1787824865289108224	0.3806642354	-0.0032439283	-2.3152125975
142.210576	1787824865400108032	0.3769938892	0.0023852485	-2.3085195239
142.303999	1787824865493108224	0.3810476183	0.0022292726	-2.2733969348
142.405510	1787824865595108352	0.3746674259	-0.0005247698	-2.2560593639
142.508110	1787824865697108224	0.3832858561	-0.0053627349	-2.2152328170
142.598591	1787824865787108096	0.3781572328	0.0012396149	-2.1939056215
142.693619	1787824865883108096	0.3809176367	-0.0028032594	-2.1684373401
142.805551	1787824865994108160	0.3809467143	-0.0016332061	-2.1456515167
142.897777	1787824866087108096	0.3781321834	-0.0021248400	-2.1127212628
143.002818	1787824866192108032	0.3832687584	-0.0030045999	-2.0882816791
143.105791	1787824866294108160	0.3793578403	-0.0070570874	-2.0710232783
143.208535	1787824866396108032	0.3792655210	-0.0035071712	-2.0336125122
143.303058	1787824866492108032	0.3749398169	-0.0011553298	-2.0114849306
143.402602	1787824866591108352	0.3840421193	-0.0008841022	-1.9674167457
143.510286	1787824866699108096	0.3788151613	-0.0018004697	-1.9633881412
143.601608	1787824866789108224	0.3862297330	0.0038302093	-1.9283865170
143.705669	1787824866894108416	0.3772275675	0.0009367246	-1.9223702587
143.788934	1787824866978108160	0.3844531298	-0.0017197027	-1.8892858453
143.908674	1787824867098108416	0.3777914003	0.0006833198	-1.8438672341
143.999561	1787824867188108288	0.3855099469	-0.0005717298	-1.8294434794
144.120587	1787824867308108032	0.3820260869	0.0035448972	-1.8047357477
144.196337	1787824867383108096	0.3836246695	-0.0013165453	-1.7832303220
144.305167	1787824867494108160	0.3763773575	-0.0016074661	-1.7513302400
144.395696	1787824867584108032	0.3736929725	-0.0004018429	-1.7096116531
144.499685	1787824867689108224	0.3798490883	0.0023845897	-1.6976658832
144.603346	1787824867791108096	0.3877293553	0.0038591668	-1.6613453874
144.700392	1787824867887108096	0.3809573629	-0.0010574899	-1.6513747743
144.794127	1787824867983108352	0.3801063837	0.0029597988	-1.6168565104
144.895597	1787824868085108224	0.3836922708	0.0038152464	-1.5984189082
144.993594	1787824868181108224	0.3817642431	0.0049025429	-1.5796033844
145.109255	1787824868298108160	0.3729898846	0.0031037245	-1.5322865418
145.199635	1787824868388108288	0.3832715299	0.0002573104	-1.5154394002
145.302940	1787824868490108160	0.3808876658	-0.0025415121	-1.4936492847
145.402887	1787824868592108288	0.3834843971	0.0040537691	-1.4688905645
145.507482	1787824868694108160	0.3779103619	-0.0028480418	-1.4479904575
145.595304	1787824868784108288	0.3891963470	0.0010212769	-1.4260526866
145.692533	1787824868880108032	0.3757994921	0.0034312192	-1.3893703796
145.810428	1787824868997108224	0.3826436468	0.0009241448	-1.3569647196
145.901428	1787824869090108160	0.3782369727	0.0029510786	-1.3424057375
145.998038	1787824869186108160	0.3797796909	0.0030265321	-1.2996342822
146.102434	1787824869291108096	0.3760743785	-0.0022851749	-1.2951717640
146.202070	1787824869390108160	0.3775635520	0.0040407910	-1.2531920773
146.302172	1787824869489108224	0.3779792935	0.0017140063	-1.2401926948
146.397340	1787824869585108224	0.3819099973	0.0006263886	-1.2058271660
146.492211	1787824869681108224	0.3814693550	0.0014854891	-1.1784907583
146.600628	1787824869789108224	0.3847419966	0.0038853619	-1.1578003213
146.691165	1787824869879108096	0.3844363312	-0.0077375277	-1.1245152213
146.795372	1787824869984108288	0.3853869310	0.0022126744	-1.0968708930
146.901428	1787824870089108224	0.3793077251	-0.0019707125	-1.0753284095
147.006276	1787824870194108160	0.3878741961	-0.0016050686	-1.0416245449
147.097975	1787824870287108096	0.3807458124	0.0069506154	-1.0069317453
147.192913	1787824870380108032	0.3808350400	-0.0022680703	-0.9957905665
147.314980	1787824870503108352	0.3736520059	0.0018066598	-0.9589954720
147.396014	1787824870584108032	0.3811324134	0.0024504290	-0.9431545199
147.500861	1787824870689108224	0.3815188360	-0.0074493487	-0.9126318783
147.588349	1787824870776108288	0.3795960048	0.0004634580	-0.8886894338
147.716184	1787824870905108224	0.3779507262	-0.0056244629	-0.8442346318
147.804635	1787824870992108032	0.3866239641	-0.0043710827	-0.8356502355
147.895509	1787824871085108224	0.3830886125	0.0007456059	-0.8087348359
148.007143	1787824871196108032	0.3704107024	0.0025203601	-0.7869188157
148.102879	1787824871292108288	0.3746981182	0.0272203242	-0.7535929814
148.195066	1787824871382108160	0.3772342126	0.0522015627	-0.7207066248
148.307318	1787824871496108288	0.3630619644	0.0831686566	-0.7022726973
148.401453	1787824871589108224	0.3564373691	0.1003591691	-0.6790455901
148.503904	1787824871691108352	0.3481118967	0.1210872154	-0.6581211131
148.596313	1787824871784108288	0.3358979323	0.1435854854	-0.6352602470
148.685235	1787824871874108416	0.3284054550	0.1652286467	-0.6176257930
148.791795	1787824871979108096	0.3103091987	0.1861088025	-0.5832944536
148.915053	1787824872102108160	0.2957544987	0.2145898772	-0.5584236071
148.994043	1787824872183108096	0.2875059391	0.2318347994	-0.5418684315
149.100091	1787824872288108032	0.2691245094	0.2523622346	-0.5074585735
149.202552	1787824872390108160	0.2506860126	0.2751565433	-0.4880811249
149.287484	1787824872474108160	0.2405887067	0.2914250289	-0.4687191571
149.398369	1787824872585108224	0.2161628308	0.3130528594	-0.4476049242
149.497771	1787824872687108352	0.2005764776	0.3354199514	-0.4215332176
149.593314	1787824872780108288	0.1790253159	0.3484115979	-0.4033238640
149.694697	1787824872882108160	0.1656307069	0.3651835808	-0.3932843098
149.812927	1787824873002108160	0.1433463084	0.3831165437	-0.3701227349
149.899194	1787824873086108160	0.1230018647	0.3952767997	-0.3666105096
150.003226	1787824873191108352	0.1108654362	0.4179618316	-0.3530779541
150.099646	1787824873287108096	0.0931452401	0.3992444070	-0.3377612043
150.194812	1787824873383108096	0.0821538310	0.3788159657	-0.3297434147
150.305766	1787824873494108160	0.0690525310	0.3627674818	-0.3236475692
150.401233	1787824873590108160	0.0540774647	0.3436759455	-0.3025963121
150.490549	1787824873680108288	0.0456919349	0.3334725230	-0.3020132814
150.592785	1787824873782108416	0.0388812060	0.3141891476	-0.2947040334
150.701489	1787824873890108160	0.0376646874	0.2930846149	-0.2985359274
150.808651	1787824873998108160	0.0272001045	0.2666340424	-0.2735263020
150.907239	1787824874094108160	0.0180849279	0.2546842667	-0.2892831311
151.004109	1787824874193108224	0.0264093540	0.2345469023	-0.2788161639
151.108295	1787824874295108352	0.0058722603	0.2060675675	-0.2700393538
151.210866	1787824874400108032	0.0143056532	0.1845609457	-0.2637254062
151.305547	1787824874493108224	0.0108279683	0.1657356325	-0.2636326790
151.400711	1787824874589108224	0.0030462983	0.1484664294	-0.2771283755
151.502751	1787824874691108352	0.0011291859	0.1232946667	-0.2650515588
151.602804	1787824874790108160	0.0022787525	0.0970623429	-0.2602095402
151.689981	1787824874877108224	-0.0012783481	0.0744191040	-0.2543667339
151.804398	1787824874991108096	0.0075244686	0.0525871775	-0.2564248585
151.895310	1787824875084108032	-0.0038873716	0.0295487075	-0.2693708495
151.998378	1787824875186108160	0.0014776621	0.0021253362	-0.2710953470
152.102700	1787824875291108096	-0.0027403283	-0.0004963541	-0.2676286422
152.192645	1787824875381108224	0.0018122575	0.0024594389	-0.2588055536
152.299764	1787824875489108224	-0.0008915755	-0.0032441513	-0.2685706982
152.415351	1787824875603108096	0.0026193061	0.0040954291	-0.2648648799
152.504849	1787824875693108224	0.0057113803	-0.0053604954	-0.2654823097
152.597581	1787824875786108160	-0.0030706540	0.0015821212	-0.2513859428
152.694875	1787824875882108160	0.0002042243	-0.0034709212	-0.2680148249
152.793624	1787824875981108224	-0.0041106009	-0.0046990760	-0.2638134570
152.889023	1787824876077108224	-0.0020407539	0.0011619755	-0.2639346574
152.992641	1787824876182108160	-0.0028835983	0.0004915512	-0.2704594911
153.096948	1787824876284108288	-0.0029585938	-0.0016736916	-0.2760587480
153.190754	1787824876380108032	0.0006786570	0.0010265220	-0.2597696827
153.298513	1787824876488108032	-0.0020904794	-0.0049386472	-0.2740412694
153.399685	1787824876587108096	-0.0022038471	-0.0025754503	-0.2536594322
153.504012	1787824876692108032	-0.0026941094	0.0005318346	-0.2603784522
153.593026	1787824876782108416	-0.0021191524	-0.0029161827	-0.2572640015
153.694431	1787824876881108224	0.0034761221	-0.0044108926	-0.2571513500
153.800408	1787824876989108224	0.0006677306	0.0011625271	-0.2691935201
153.892569	1787824877082108160	-0.0028774899	-0.0039329032	-0.2760273771
154.001049	1787824877190108416	-0.0060008480	-0.0005924726	-0.2636823410
154.109617	1787824877298108160	-0.0028554423	0.0014989878	-0.2645661488
154.203346	1787824877391108352	-0.0007484204	0.0051319213	-0.2683527577
154.307518	1787824877496108288	-0.0025046203	-0.0015775405	-0.2741469910
154.402098	1787824877589108224	0.0011220979	-0.0023126579	-0.2641280941
154.510290	1787824877697108224	-0.0037661273	-0.0014206402	-0.2704165488
154.596192	1787824877784108288	0.0055805052	0.0019595818	-0.2723365808
154.709507	1787824877898108160	0.0005750908	-0.0088068036	-0.2586797486
154.811422	1787824878000108288	0.0007441211	-0.0002866065	-0.2597834045
154.894863	1787824878084108032	-0.0022075697	-0.0017697746	-0.2565612031
155.003445	1787824878192108032	-0.0051431148	-0.0022382713	-0.2543529859
155.096202	1787824878285107968	-0.0044472698	0.0004793031	-0.2530068287
155.191361	1787824878378108160	0.0023912428	0.0040555906	-0.2731378779
155.298175	1787824878486108416	-0.0013234635	-0.0021440739	-0.2681756466
155.402511	1787824878591108352	0.0069521514	-0.0040732254	-0.2457210214
155.498976	1787824878687108352	-0.0048463543	-0.0007791406	-0.2573060021
155.602544	1787824878792108288	0.0001822200	-0.0030648928	-0.2548558828
155.695656	1787824878885108224	0.0041104168	-0.0012159365	-0.2630126670
155.796342	1787824878984108288	0.0045743252	-0.0094873862	-0.2698847499
155.903151	1787824879092108288	-0.0027227581	-0.0064067087	-0.2696009728
155.997839	1787824879185108224	0.0006969742	0.0021594478	-0.2473892235
156.102115	1787824879290108160	-0.0015501128	-0.0019795655	-0.2635870095
156.205237	1787824879392108288	0.0031828840	0.0033865744	-0.2610371265
156.310238	1787824879497108224	-0.0049302584	-0.0058226533	-0.2639938860
156.400626	1787824879590108160	-0.0013917955	-0.0044386253	-0.2631121077
156.493819	1787824879683108096	0.0039943017	-0.0020822138	-0.2616150338
156.593357	1787824879782108416	0.0049747367	0.0092583875	-0.2698418846
156.686343	1787824879875108352	0.0007859861	-0.0016228216	-0.2606325876
156.799675	1787824879989108224	0.0045689695	-0.0029273147	-0.2650950965
156.896299	1787824880085108224	0.0011660117	0.0004491755	-0.2655114523
157.006457	1787824880193108224	-0.0096215444	-0.0091032048	-0.2587677905
157.102029	1787824880289108224	-0.0014394240	0.0007649097	-0.2693319979
157.189776	1787824880379108096	-0.0007882940	0.0006103148	-0.2667347392
157.295548	1787824880484108288	0.0010081525	-0.0008356422	-0.2619206540
157.398966	1787824880586108160	0.0019126040	-0.0027405828	-0.2591895827
157.500643	1787824880688108288	0.0029694104	0.0010329769	-0.2703733571
157.604676	1787824880793108224	0.0063622522	0.0016911476	-0.2650549104
157.709464	1787824880898108160	-0.0008936843	-0.0043015464	-0.2617977294
157.806306	1787824880994108160	0.0059692916	0.0007802353	-0.2541274260
157.896455	1787824881084108032	-0.0000282886	0.0003271742	-0.2605681369
158.002291	1787824881189108224	-0.0023240539	0.0018301441	-0.2576725014
158.099710	1787824881288108032	0.0004514756	0.0016443776	-0.2635107756
158.212494	1787824881399108096	-0.0026612714	0.0018781485	-0.2706569231
158.290829	1787824881480108288	0.0000606056	0.0026705891	-0.2666713906
158.408421	1787824881597108224	0.0012484936	0.0079542640	-0.2624074438
158.495249	1787824881684108288	-0.0035677429	0.0018836751	-0.2672663273
158.591013	1787824881780108288	0.0032661427	-0.0008809590	-0.2605277119
158.696303	1787824881885108224	0.0013544360	-0.0016765136	-0.2612724320
158.802082	1787824881990108160	0.0052739831	0.0014553585	-0.2556571315
158.899344	1787824882086108160	0.0007691652	-0.0005732310	-0.2634991177
159.005021	1787824882194108160	-0.0033268581	0.0093781537	-0.2571442753
159.088570	1787824882278108160	0.0085238661	-0.0023279938	-0.2574901502
159.191091	1787824882380108032	-0.0070526142	-0.0015276728	-0.2667660618
159.291812	1787824882479108096	0.0020531577	0.0013736840	-0.2557308984
159.403463	1787824882590108160	0.0000968555	0.0013088450	-0.2540706386
159.502401	1787824882689108224	-0.0031953988	0.0064927601	-0.2584202360
159.596194	1787824882785107968	-0.0008390555	0.0007285969	-0.2648154506
159.707587	1787824882896108032	0.0009998980	0.0005769858	-0.2376427852
159.795261	1787824882983108352	-0.0069575849	-0.0001705205	-0.2587110528
159.905796	1787824883094108160	-0.0010189946	0.0066701066	-0.2591479556
160.008564	1787824883196108032	-0.0010252405	0.0003147692	-0.2787597532
160.115962	1787824883304108032	0.0025831928	-0.0040707026	-0.2535244563
160.190229	1787824883379108096	0.0013234322	-0.0012970190	-0.2576507685
160.306447	1787824883493108224	0.0020598137	0.0016698838	-0.2674511040
160.397023	1787824883586108160	0.0000104234	0.0007030090	-0.2742065623
160.503450	1787824883691108352	-0.0007799092	0.0050668129	-0.2623036195
160.596778	1787824883784108288	-0.0033932805	0.0010529374	-0.2701195255
160.693500	1787824883880108032	-0.0009529753	-0.0046508608	-0.2479848207
160.800682	1787824883988108032	-0.0034289508	-0.0011984750	-0.2611316567
160.886268	1787824884075108352	-0.0095443016	0.0009269178	-0.2544474362
160.993978	1787824884183108096	-0.0000054025	0.0003946799	-0.2714081943
161.090850	1787824884279108352	0.0094385123	0.0005872537	-0.2622343573
161.202960	1787824884390108160	0.0022174242	0.0000281785	-0.2700809338
161.312189	1787824884501108224	-0.0018044544	-0.0002533184	-0.2587232321
161.394802	1787824884582108160	-0.0024962364	-0.0040623304	-0.2614461504
161.504242	1787824884693108224	-0.0029953089	-0.0012260860	-0.2641437848
161.602867	1787824884792108288	-0.0088924593	-0.0044549294	-0.2660553666
161.695054	1787824884882108160	0.0050826140	0.0012612673	-0.2608432638
161.803392	1787824884990108160	0.0007049974	0.0024493654	-0.2615256894
161.902308	1787824885089108224	0.0032756359	-0.0030176649	-0.2616705972
161.991445	1787824885179108096	-0.0008514743	-0.0005961520	-0.2634384862
162.105048	1787824885293108224	-0.0029896407	-0.0004384924	-0.2702046471
162.198715	1787824885386108160	-0.0005868932	-0.0036568430	-0.2600255311
162.302664	1787824885491108096	0.0017479101	-0.0005236471	-0.2556341649
162.407505	1787824885596108288	0.0008786779	-0.0019751947	-0.2702317154
162.494414	1787824885683108096	0.0035967053	-0.0010276623	-0.2703351844
162.601124	1787824885788108032	-0.0019261564	0.0043835960	-0.2637569288
162.700448	1787824885887108096	0.0042681931	0.0022143954	-0.2587586047
162.791225	1787824885980108288	0.0009955386	-0.0015853068	-0.2452830818
162.895988	1787824886085108224	-0.0011546582	0.0036723721	-0.2420285804
163.007452	1787824886196108032	-0.0017771312	-0.0008772746	-0.2734802779
163.109754	1787824886298108160	-0.0036770948	-0.0312742293	-0.2590143652
163.200932	1787824886388108288	-0.0015890982	-0.0555788633	-0.2619897048
163.292185	1787824886481108224	-0.0053302377	-0.0770572286	-0.2510755403
163.404471	1787824886592108288	-0.0022682638	-0.1055692001	-0.2464197016
163.499218	1787824886688108288	-0.0106606813	-0.1300520776	-0.2641995926
163.588272	1787824886775108096	-0.0102520531	-0.1546182844	-0.2653945057
163.705442	1787824886892108288	-0.0140118025	-0.1864992539	-0.2634751087
163.795991	1787824886985108224	-0.0144064848	-0.2097068635	-0.2791749498
163.904657	1787824887093108224	-0.0225061875	-0.2446812480	-0.2639850526
163.999355	1787824887186108160	-0.0213626127	-0.2689371196	-0.2736762648
164.099243	1787824887288108032	-0.0279273700	-0.2947033906	-0.2726466500
164.201489	1787824887390108160	-0.0362710548	-0.3290207093	-0.2876994702
164.301607	1787824887489108224	-0.0448645246	-0.3552910923	-0.2788916410
164.395717	1787824887585108224	-0.0493487920	-0.3762300708	-0.2837038450
164.493832	1787824887681108224	-0.0574219839	-0.4044476573	-0.3036065065
164.596630	1787824887786108160	-0.0625226078	-0.4300576213	-0.3044788176
164.700807	1787824887888108288	-0.0855689752	-0.4633655241	-0.3154606491
164.804070	1787824887993108224	-0.1033088816	-0.4940831966	-0.3336003452
164.909227	1787824888098108416	-0.1205001700	-0.5218450090	-0.3294648359
165.006951	1787824888194108160	-0.1367685754	-0.5447848788	-0.3447114303
165.104629	1787824888293108224	-0.1579327093	-0.5092983643	-0.3758655063
165.202211	1787824888389108224	-0.1694463730	-0.4903925059	-0.3737646237
165.293577	1787824888482108160	-0.1937281010	-0.4646218604	-0.4073365198
165.402902	1787824888590108160	-0.2230490521	-0.4313984405	-0.4132473875
165.493563	1787824888683108096	-0.2343006495	-0.4093966101	-0.4229670174
165.612072	1787824888800108288	-0.2554806868	-0.3760938096	-0.4548489995
165.699577	1787824888887108096	-0.2717130074	-0.3553715717	-0.4724737098
165.795209	1787824888983108352	-0.2916595570	-0.3295535763	-0.4854168136
165.902071	1787824889091108352	-0.3115189566	-0.3008465008	-0.5136815426
166.008038	1787824889196108032	-0.3223841383	-0.2676238856	-0.5506737972
166.099308	1787824889286108160	-0.3373443575	-0.2454386752	-0.5564754511
166.200517	1787824889388108288	-0.3484168860	-0.2066979465	-0.5771762939
166.305052	1787824889493108224	-0.3654425059	-0.1847901001	-0.5937967494
166.403576	1787824889592108288	-0.3674210522	-0.1579698342	-0.6306132314
166.500322	1787824889688108288	-0.3735307095	-0.1335326139	-0.6583464689
166.592577	1787824889781108224	-0.3802102011	-0.1066312520	-0.6897372258
166.704601	1787824889892108288	-0.3802787243	-0.0758878479	-0.7058325884
166.802091	1787824889991108096	-0.3866726779	-0.0574469864	-0.7222320153
166.901263	1787824890090108160	-0.3815436307	-0.0273197853	-0.7647697662
167.008917	1787824890198108160	-0.3785578863	0.0034712919	-0.7845253399
167.103697	1787824890291108096	-0.3822480047	-0.0047939058	-0.8189512115
167.201450	1787824890390108160	-0.3804710891	0.0072121166	-0.8333545757
167.303287	1787824890492108032	-0.3796001288	-0.0026603584	-0.8591231023
167.398421	1787824890585108224	-0.3752929293	-0.0016962506	-0.8789073740
167.497310	1787824890684108288	-0.3775949906	-0.0005931979	-0.9282042815
167.601342	1787824890789108224	-0.3825299353	0.0013559410	-0.9343668525
167.692376	1787824890879108096	-0.3833674989	-0.0085353891	-0.9773990096
167.797931	1787824890987108352	-0.3713317035	-0.0015883280	-0.9907596690
167.906587	1787824891095108352	-0.3802832295	0.0017781654	-1.0239805829
167.999708	1787824891188108288	-0.3844436493	0.0011172462	-1.0579587969
168.100168	1787824891287108096	-0.3874297301	0.0026816558	-1.0832274809
168.200888	1787824891389108224	-0.3774177276	-0.0021971223	-1.0999317231
168.286545	1787824891476108288	-0.3824438797	-0.0007264843	-1.1272450560
168.398691	1787824891587108096	-0.3827785540	-0.0016956723	-1.1477559512
168.509548	1787824891698108160	-0.3831587268	-0.0011405845	-1.1742223049
168.610587	1787824891800108288	-0.3838529327	0.0055132559	-1.2067106380
168.696432	1787824891884108288	-0.3834108720	0.0033976883	-1.2175203182
168.806619	1787824891995108096	-0.3795206096	-0.0006383835	-1.2715722251
168.892843	1787824892082108160	-0.3763791595	0.0005699451	-1.2701260322
169.002908	1787824892190108416	-0.3803229848	-0.0038524809	-1.3218797371
169.106904	1787824892295108352	-0.3822213280	0.0039815861	-1.3405954023
169.197555	1787824892385108224	-0.3817556925	-0.0004718113	-1.3692636864
169.304534	1787824892493108224	-0.3795049147	0.0015967549	-1.3865876902
169.399632	1787824892589108224	-0.3827529903	-0.0020047831	-1.4091079252
169.499413	1787824892688108288	-0.3863294741	-0.0028075454	-1.4371958471
169.603868	1787824892793108224	-0.3812141523	0.0009297077	-1.4689229377
169.702872	1787824892892108288	-0.3805610548	0.0036487336	-1.4898911562
169.790237	1787824892979108096	-0.3821642169	0.0031990645	-1.5006245646
169.907105	1787824893096108288	-0.3753907360	0.0023548546	-1.5454235450
170.007052	1787824893195108096	-0.3813471615	0.0069469463	-1.5773093932
170.102154	1787824893291108096	-0.3858695336	-0.0076340800	-1.5952628857
170.210142	1787824893399108096	-0.3794972644	-0.0021884893	-1.6320749090
170.298349	1787824893486108416	-0.3793163131	-0.0031461975	-1.6443961663
170.400123	1787824893588108288	-0.3809100347	-0.0056227086	-1.6760670347
170.493079	1787824893681108224	-0.3806074826	0.0058453515	-1.6855362997
170.598657	1787824893786108160	-0.3768603385	-0.0065177340	-1.7188020328
170.691909	1787824893879108096	-0.3829021399	0.0009638738	-1.7475891686
170.808744	1787824893996108288	-0.3756190874	-0.0027538181	-1.7772254996
170.907282	1787824894095108352	-0.3740390563	-0.0003196657	-1.8067788742
171.002405	1787824894191108352	-0.3784775378	0.0022185386	-1.8207389067
171.104175	1787824894293108224	-0.3762293918	-0.0064027689	-1.8654639617
171.197558	1787824894386108160	-0.3793988053	-0.0027295471	-1.8883092897
171.294890	1787824894482108160	-0.3752718102	0.0029929969	-1.9041141422
171.400790	1787824894590108160	-0.3769977431	0.0005564912	-1.9485053897
171.497590	1787824894686108160	-0.3784542509	0.0005229831	-1.9736738183
171.592337	1787824894779108352	-0.3821495548	-0.0003521404	-1.9957670634
171.698570	1787824894887108096	-0.3838684845	0.0057181801	-2.0125221792
171.798139	1787824894986108416	-0.3717106902	0.0041693366	-2.0361553541
171.894365	1787824895082108160	-0.3828961541	0.0071368147	-2.0694627381
172.003031	1787824895190108416	-0.3815212565	-0.0020383662	-2.0909430290
172.096591	1787824895286108160	-0.3776843789	0.0000106599	-2.1297464534
172.201535	1787824895391108352	-0.3856099645	0.0008516505	-2.1439546634
172.303377	1787824895490108160	-0.3760582871	-0.0002940227	-2.1787292776
172.408981	1787824895598108416	-0.3765412317	-0.0009011281	-2.1917757451
172.499823	1787824895688108288	-0.3849581456	-0.0020474986	-2.2151726665
172.601778	1787824895790108160	-0.3763411681	0.0000978803	-2.2533317105
172.695885	1787824895883108096	-0.3836279614	-0.0006216220	-2.2706623349
172.797179	1787824895985108224	-0.3843429017	-0.0066326217	-2.3101350646
172.892272	1787824896081107968	-0.3805239798	-0.0035444621	-2.3208640897
173.009108	1787824896198108160	-0.3853647198	-0.0015964012	-2.3473001202
173.098729	1787824896288108032	-0.3775472921	-0.0060218996	-2.3795995693
173.201285	1787824896390108160	-0.3765938885	-0.0004714309	-2.4007272337
173.299226	1787824896486108416	-0.3859775355	0.0002932480	-2.4491388298
173.400677	1787824896588108288	-0.3817028970	-0.0019711133	-2.4520327052
173.505309	1787824896693108224	-0.3791465422	-0.0014235024	-2.4863877278
173.606170	1787824896795108352	-0.3805116198	-0.0013613671	-2.5175238290
173.702765	1787824896891108352	-0.3758485670	-0.0021140004	-2.5421418697
173.804656	1787824896993108224	-0.3841812762	0.0000788972	-2.5662886792
173.890669	1787824897080108288	-0.3789772094	0.0021173802	-2.5805685088
173.999848	1787824897188108288	-0.3772850755	-0.0030588613	-2.6312623463
174.099193	1787824897287108096	-0.3833493778	-0.0010469161	-2.6498389469
174.201704	1787824897389108224	-0.3819659782	0.0015123918	-2.6657704339
174.306941	1787824897494108160	-0.3790268184	0.0015731701	-2.6990865156
174.397076	1787824897584108032	-0.3840865321	0.0027925736	-2.7225387500
174.494487	1787824897683108096	-0.3793658111	-0.0036871403	-2.7529402760
174.608170	1787824897797108224	-0.3830014912	-0.0022673717	-2.7703890283
174.689210	1787824897878108160	-0.3890670044	0.0029988281	-2.8066506710
174.800969	1787824897989108224	-0.3837273691	-0.0049110987	-2.8292537470
174.895855	1787824898085108224	-0.3861800048	0.0057588255	-2.8409642860
175.010036	1787824898199108096	-0.3849594057	-0.0016052593	-2.8766756980
175.103893	1787824898292108288	-0.3802898063	0.0022106750	-2.9022265082
175.206211	1787824898394108416	-0.3761085623	0.0033010650	-2.9381290548
175.299282	1787824898487108352	-0.3793333237	-0.0033675291	-2.9630177407
175.392302	1787824898580108288	-0.3832072356	-0.0011357162	-2.9677901316
175.498142	1787824898685108224	-0.3830340569	-0.0025336286	-3.0139923296
175.607395	1787824898796108288	-0.3827404414	0.0031350352	-3.0541358255
175.716619	1787824898904108288	-0.3758547023	-0.0038391719	-3.0740214711
175.791547	1787824898979108096	-0.3848279009	-0.0005275012	-3.0869667689
175.906640	1787824899096108288	-0.3835843111	0.0053919526	-3.1102140291
175.995694	1787824899183108096	-0.3788848732	-0.0023834404	-3.1296232764
176.100471	1787824899288108032	-0.3814722915	0.0064068316	3.1215775238
176.208119	1787824899396108032	-0.3835320185	-0.0027714927	3.0844935634
176.290374	1787824899477108224	-0.3816465133	-0.0040021732	3.0690830791
176.410505	1787824899600108032	-0.3741513846	0.0027702563	3.0396830203
176.493278	1787824899681108224	-0.3810021629	0.0031601597	3.0022872144
176.599893	1787824899789108224	-0.3770050587	0.0023201807	2.9833906264
176.697643	1787824899885108224	-0.3745064687	-0.0015711427	2.9583483233
176.797511	1787824899987108352	-0.3841846417	-0.0041842451	2.9311792534
176.892839	1787824900080108288	-0.3823523551	-0.0003619540	2.9086086588
177.003602	1787824900191108352	-0.3788559887	-0.0005864975	2.8694076043
177.106794	1787824900296108288	-0.3721521022	0.0010365068	2.8563112862
177.202102	1787824900389108224	-0.3775670873	0.0061634706	2.8392861383
177.307570	1787824900497108224	-0.3742613103	-0.0030433192	2.7944949522
177.398605	1787824900587108096	-0.3793202305	-0.0010560738	2.7823652710
177.508821	1787824900698108160	-0.3816826912	-0.0045673478	2.7470863189
177.603973	1787824900791108096	-0.3792671745	-0.0021115711	2.7069599221
177.709467	1787824900896108032	-0.3836118573	-0.0050740643	2.6913331183
177.801126	1787824900989108224	-0.3798507869	0.0017183149	2.6646237825
177.894297	1787824901082108160	-0.3773771362	-0.0033104240	2.6481682551
178.002350	1787824901190108416	-0.3873181701	-0.0020571189	2.6220337160
178.103570	1787824901292108288	-0.3820798750	0.0013966614	2.5834745819
178.195304	1787824901382108160	-0.3824897850	-0.0014018939	2.5519213233
178.299361	1787824901487108352	-0.3764407810	-0.0022510469	2.5418227397
178.403685	1787824901592108288	-0.3797881954	0.0063992762	2.5130419533
178.493797	1787824901682108160	-0.3777306637	-0.0017247431	2.4869709402
178.601881	1787824901790108160	-0.3816906863	0.0051742687	2.4486647879
178.703291	1787824901892108288	-0.3824351768	-0.0071605905	2.4239909578
178.792529	1787824901982108160	-0.3885250009	0.0023393932	2.4152949527
178.899900	1787824902087108096	-0.3820718478	-0.0009292310	2.3846814997
178.999470	1787824902186108160	-0.3791093669	-0.0017691803	2.3600180739
179.100784	1787824902288108032	-0.3856197619	-0.0042692774	2.3439017874
179.203306	1787824902390108160	-0.3841581079	0.0032874665	2.3091913918
179.300895	1787824902489108224	-0.3826589350	0.0073183304	2.2768859906
179.409063	1787824902597108224	-0.3842534454	-0.0008141022	2.2504968196
179.499753	1787824902687108352	-0.3831746537	-0.0005043538	2.2302740452
179.602509	1787824902792108288	-0.3798479113	0.0032256112	2.1948483527
179.701985	1787824902891108352	-0.3783283105	-0.0022808973	2.1770254581
179.796424	1787824902984108288	-0.3734964139	0.0003628802	2.1579130057
179.902788	1787824903092108288	-0.3823694213	-0.0014410837	2.1208504641
179.989989	1787824903179108096	-0.3838328295	0.0075263728	2.0897696929
180.104442	1787824903293108224	-0.3803217538	0.0034737670	2.0694086514
180.190832	1787824903380108032	-0.3850075195	-0.0039835585	2.0445786874
180.301237	1787824903488108032	-0.3796083001	0.0024519155	2.0255410035
180.397990	1787824903587108096	-0.3847236178	-0.0006977069	1.9828769193
180.509190	1787824903698108160	-0.3871363263	-0.0032062060	1.9555106526
180.605758	1787824903794108160	-0.3803120051	0.0001435189	1.9319173765
180.689030	1787824903878108160	-0.3889045398	-0.0035234766	1.9243093230
180.796629	1787824903986108416	-0.3793252966	-0.0030858022	1.8896591937
180.900955	1787824904088108288	-0.3772924952	0.0062491808	1.8511360678
181.002405	1787824904190108416	-0.3840392582	-0.0039376977	1.8312162716
181.107024	1787824904295108352	-0.3843684151	-0.0014342391	1.8197885438
181.194942	1787824904382108160	-0.3783979306	0.0057653638	1.7798627839
181.299817	1787824904487108352	-0.3797114906	0.0010917242	1.7567841476
181.389058	1787824904577108224	-0.3822331942	0.0026322976	1.7265012976
181.506306	1787824904694108160	-0.3809752864	0.0006701151	1.7087136329
181.602431	1787824904790108160	-0.3797868401	-0.0009259723	1.6766888266
181.705630	1787824904895108096	-0.3806571943	0.0016784182	1.6406958771
181.797521	1787824904985108224	-0.3792875205	0.0011016260	1.6251158379
181.901966	1787824905090108160	-0.3843554532	0.0029312722	1.5977001949
181.993413	1787824905180108288	-0.3832689610	-0.0040147155	1.5760503168
182.107815	1787824905297108224	-0.3820203243	-0.0017779504	1.5350923682
182.200623	1787824905390108160	-0.3813710644	0.0028983122	1.5250052901
182.288985	1787824905477108224	-0.3767918931	0.0038066092	1.4960069604
182.401509	1787824905591108352	-0.3793695130	-0.0023704780	1.4775493310
182.512565	1787824905702108160	-0.3838240649	0.0017703689	1.4354132229
182.593937	1787824905783108352	-0.3795309414	-0.0034883347	1.4124973339
182.700660	1787824905888108288	-0.3826974004	0.0017586134	1.3860911332
182.792888	1787824905981108224	-0.3794599466	-0.0022320821	1.3612279214
182.896181	1787824906083108096	-0.3819790492	0.0009263111	1.3435902128
183.004992	1787824906194108160	-0.3809920469	0.0025704275	1.3162776519
183.097158	1787824906284108288	-0.3822814596	0.0030885325	1.2811023819
183.194578	1787824906383108096	-0.3855273270	-0.0012020901	1.2663239695
183.306292	1787824906494108160	-0.3832965620	0.0016466561	1.2194889031
183.404213	1787824906593108224	-0.3873339654	0.0019205301	1.2109413272
183.502874	1787824906692108032	-0.3874419960	-0.0031172545	1.1688472054
183.605911	1787824906794108160	-0.3782236728	0.0069620149	1.1466788058
183.697771	1787824906887108096	-0.3775445643	-0.0023274790	1.1230201161
183.800514	1787824906989108224	-0.3742194117	-0.0012507549	1.1110739056
183.902184	1787824907091108352	-0.3689908208	0.0005188618	1.0704724881
183.993828	1787824907181108224	-0.3660739120	-0.0039588788	1.0387068057
184.093619	1787824907283108352	-0.3564814410	0.0020662837	1.0354659962
184.196591	1787824907385108224	-0.3446507947	-0.0025178123	1.0186559520
184.288971	1787824907478108160	-0.3358017799	0.0024792004	0.9967466492
184.394381	1787824907583108096	-0.3252638200	-0.0008511536	0.9782275009
184.500057	1787824907688108288	-0.3190862389	-0.0037155257	0.9600299370
184.595726	1787824907784108288	-0.3035013709	0.0030453427	0.9439868567
184.703764	1787824907892108288	-0.2868769880	-0.0032527832	0.9140481731
184.803712	1787824907991108096	-0.2705502577	-0.0001409917	0.9040549946
184.901055	1787824908090108160	-0.2540988524	-0.0003835269	0.8973921071
185.002945	1787824908192108032	-0.2309729106	0.0047389277	0.8663308008
185.100844	1787824908288108032	-0.2085108762	0.0087456231	0.8569220453
185.201426	1787824908390108160	-0.1893897191	0.0068096202	0.8447941408
185.300235	1787824908489108224	-0.1626223793	0.0002523254	0.8422945846
185.388405	1787824908576108288	-0.1446816226	0.0009764281	0.8275565016
185.509354	1787824908696108032	-0.1279454260	0.0005775585	0.8300902573
185.592845	1787824908780108288	-0.1143285092	-0.0047347981	0.8238661639
185.693786	1787824908882108160	-0.0962606871	-0.0044074051	0.8120668373
185.798867	1787824908987108352	-0.0815877391	0.0014808764	0.8162824600
185.900985	1787824909089108224	-0.0651101708	0.0008868758	0.8006418235
185.996622	1787824909185108224	-0.0630946227	-0.0005195893	0.7868541325
186.096964	1787824909284108288	-0.0362426666	-0.0016351898	0.8063529329
186.209534	1787824909398108160	-0.0342325546	0.0003685686	0.7753750769
186.298349	1787824909485108224	-0.0272792388	0.0010612958	0.7939397893
186.394571	1787824909584108032	-0.0211018422	-0.0052325778	0.7814675926
186.498248	1787824909686108160	-0.0080594383	-0.0021749291	0.7738166680
186.600520	1787824909788108032	-0.0084386722	0.0034487140	0.7881081706
186.715907	1787824909905108224	-0.0056443985	0.0033942532	0.7838651661
186.794321	1787824909983108352	0.0008603330	-0.0024777681	0.7907841287
186.901196	1787824910088108288	0.0004490044	-0.0062400113	0.7865533619
186.996356	1787824910184108288	-0.0024801418	-0.0042846477	0.7848201279
187.094806	1787824910283108352	0.0050917346	-0.0038883468	0.7834542070
187.194900	1787824910382108160	-0.0012774896	-0.0000155347	0.7842824824
187.299638	1787824910487108352	-0.0002373890	-0.0019568542	0.7956874993
187.395544	1787824910583108096	-0.0021733307	0.0010877249	0.8007782814
187.497111	1787824910685108224	0.0012693522	0.0024078555	0.7793460240
187.595346	1787824910784108288	0.0031983604	0.0069104148	0.7939713153
187.709666	1787824910898108160	-0.0036446260	-0.0042236497	0.7795947240
187.786923	1787824910976108288	0.0033990176	-0.0005528543	0.7803068719
187.901893	1787824911090108160	-0.0021078681	0.0029667269	0.7883210097
188.000952	1787824911189108224	-0.0010564337	-0.0006638846	0.7942437950
188.095923	1787824911285107968	-0.0018089526	-0.0009611155	0.7838835886
188.211124	1787824911399108096	0.0007193142	-0.0014543304	0.7908807980
188.298420	1787824911486108416	-0.0035750826	-0.0018107673	0.7762119663
188.402078	1787824911591108352	0.0031929653	0.0025485796	0.7954167830
188.492409	1787824911681108224	-0.0023557823	-0.0050174681	0.7955659027
188.605308	1787824911792108288	-0.0030033738	0.0072776461	0.7838250321
188.704216	1787824911891108352	0.0039417415	-0.0040740741	0.7957975512
188.795482	1787824911984108288	0.0004595833	0.0024573735	0.7865552532
188.897792	1787824912086108160	-0.0007005932	-0.0008384792	0.7794670008
188.996674	1787824912185108224	-0.0004742005	0.0021409459	0.7831233762
189.100025	1787824912287108096	-0.0028013574	-0.0017067588	0.7732390412
189.197119	1787824912386108160	0.0013036144	-0.0009143911	0.7791836917
189.298938	1787824912488108032	0.0032278445	0.0003270370	0.7845598830
189.391363	1787824912578108416	0.0035390928	-0.0025539942	0.7851311362
189.503963	1787824912692108032	-0.0006088844	-0.0029295947	0.7918191484
189.601061	1787824912788108032	-0.0032661856	0.0033029808	0.7878418858
189.703344	1787824912890108160	-0.0014626339	0.0044065062	0.7900195502
189.808200	1787824912995108096	-0.0021572770	-0.0006725513	0.7943658135
189.896900	1787824913085108224	-0.0001002157	-0.0059586839	0.7830081567
189.996608	1787824913184108288	0.0022420752	0.0016240817	0.7857591832
190.102220	1787824913289108224	0.0045041893	-0.0054413952	0.7918906488
190.194926	1787824913382108160	0.0030015676	0.0001558231	0.7859198438
190.294205	1787824913481108224	0.0015809148	-0.0054054716	0.7734361146
190.395955	1787824913583108096	-0.0000308118	0.0019028392	0.7886492982
190.505423	1787824913694108160	-0.0052367136	0.0010312262	0.7869448296
190.592080	1787824913781108224	-0.0012140317	0.0000675977	0.7826751645
190.703477	1787824913892108288	0.0051645742	0.0022875383	0.7758606048
190.799681	1787824913988108032	-0.0036111613	0.0005788964	0.7823377324
190.902264	1787824914090108160	0.0034938362	-0.0016057493	0.7859934488
190.989637	1787824914177108224	0.0073805142	0.0004937307	0.7934547988
191.110157	1787824914297108224	0.0002574685	-0.0004943081	0.7890752314
191.189145	1787824914378108160	-0.0022274701	0.0042368678	0.7806910765
191.302505	1787824914492108032	-0.0026502236	0.0018220719	0.7874303812
191.404947	1787824914594108160	-0.0014133673	-0.0049523603	0.7923616617
191.497158	1787824914684108288	0.0002218792	-0.0018781171	0.7910674254
191.588631	1787824914777108224	0.0021521665	-0.0020413227	0.7756549478
191.694730	1787824914882108160	-0.0061021286	-0.0032646680	0.7904526726
191.789098	1787824914978108160	0.0018114953	-0.0051147512	0.7867288092
191.899434	1787824915086108160	0.0008743717	-0.0002787199	0.7925129365
192.012898	1787824915200108288	0.0029265541	-0.0017740699	0.7894046173
192.103658	1787824915293108224	-0.0001862792	-0.0031971485	0.7865062429
192.202250	1787824915389108224	-0.0037094437	0.0005973681	0.7957286551
192.302804	1787824915491108096	0.0057779178	-0.0041414843	0.7832731832
192.403536	1787824915593108224	0.0016682035	-0.0012112274	0.7770681556
192.500115	1787824915689108224	-0.0002189881	-0.0055293276	0.7779108656
192.606766	1787824915794108160	0.0009874534	0.0011866800	0.7814024954
192.707933	1787824915896108032	-0.0018361550	0.0067426838	0.7966705638
192.795532	1787824915983108352	0.0040393840	0.0002685917	0.7794362640
192.904321	1787824916091108352	0.0038924028	0.0017050482	0.7813984200
193.008546	1787824916196108032	-0.0052725884	0.0034410576	0.7911015748
193.095948	1787824916283108352	0.0037512152	0.0065140377	0.7865634500
193.196323	1787824916385108224	-0.0055714341	-0.0012482465	0.7778725452
193.295612	1787824916484108288	0.0018453963	-0.0032575032	0.7874776333
193.398703	1787824916586108160	-0.0043234385	-0.0011450417	0.7793745702
193.493219	1787824916682108160	-0.0027260930	-0.0053327374	0.7887748716
193.587973	1787824916775108096	0.0031208956	-0.0004344111	0.7864787962
193.699185	1787824916886108160	-0.0019513463	-0.0010509973	0.7828734149
193.798518	1787824916988108032	-0.0027444574	-0.0009813249	0.7900235530
193.897771	1787824917087108096	-0.0056214731	-0.0003835054	0.7861567411
194.002787	1787824917192108032	-0.0016675648	-0.0023767938	0.7948540011
194.102498	1787824917291108096	-0.0021967652	-0.0020532501	0.7856289034
194.198949	1787824917387108096	0.0017471863	-0.0004076477	0.7834288737
194.300712	1787824917489108224	0.0032821912	-0.0021986770	0.7788775581
194.409646	1787824917597108224	-0.0053228387	0.0047375201	0.7818806912
194.506377	1787824917693108224	-0.0044549869	-0.0045616612	0.7690753430
194.591696	1787824917780108288	-0.0004426241	0.0002216075	0.7825231157
194.692111	1787824917879108096	0.0041269257	0.0047045701	0.7888477213
194.790647	1787824917978108160	0.0050152563	0.0047168339	0.7844328832
194.899898	1787824918089108224	-0.0052106774	-0.0002263786	0.7902376450
195.007609	1787824918197108224	-0.0082936613	0.0023513510	0.7944955396
195.110565	1787824918299108352	0.0015939373	-0.0017116983	0.7884715381
195.203804	1787824918392108288	0.0029994478	-0.0031724172	0.7826686758
195.295746	1787824918485108224	0.0000795866	0.0014246320	0.7835906172
195.392967	1787824918581107968	0.0070278674	-0.0021179136	0.7890089390
195.504285	1787824918692108032	-0.0008627015	0.0034705327	0.7821284792
195.606272	1787824918794108160	-0.0040076951	0.0055893312	0.7705957334
195.699309	1787824918887108096	-0.0004030863	0.0033831269	0.7813787928
195.809419	1787824918998108160	-0.0004544886	-0.0094496268	0.7874428673
195.896665	1787824919085108224	0.0019585097	-0.0009806315	0.7855107130
196.001544	1787824919190108416	-0.0017846263	0.0054359832	0.7917066417
196.099668	1787824919289108224	0.0009803698	-0.0003899062	0.7850570541
196.197700	1787824919385108224	-0.0075122423	-0.0020419798	0.7839561152
196.300366	1787824919487108352	0.0002187891	-0.0016685302	0.7757576500
196.402998	1787824919592108288	-0.0067930400	0.0033375341	0.7970365605
196.500087	1787824919688108288	0.0019296499	0.0004185955	0.7789453628
196.601182	1787824919790108160	-0.0022518887	-0.0010963974	0.7897230917
196.698469	1787824919886108160	-0.0001464201	-0.0002507679	0.7916036461
196.802558	1787824919991108096	-0.0039516537	-0.0034416854	0.7810644626
196.898333	1787824920087108096	-0.0001582132	0.0026684432	0.7780371724
197.010742	1787824920198108160	-0.0029328881	0.0000366420	0.7836050097
197.092398	1787824920279108352	-0.0057700418	-0.0071766646	0.7954440582
197.198962	1787824920387108096	0.0007647718	-0.0004518068	0.7789908349
197.297137	1787824920486108416	-0.0031428768	0.0042590896	0.7872290204
197.393107	1787824920582108160	0.0028781839	0.0011968062	0.7784977453
197.505237	1787824920693108224	0.0034942199	-0.0007865837	0.7855077932
197.603328	1787824920792108288	0.0034743756	0.0065548286	0.7766561629
197.706849	1787824920894108416	-0.0019735544	0.0033691162	0.7813718097
197.800598	1787824920990108160	-0.0006242175	0.0006189029	0.7876323407
197.895658	1787824921083108096	0.0005171989	0.0012378087	0.7738500947
197.992731	1787824921182108160	-0.0049616838	-0.0037670098	0.7853946868
198.093182	1787824921281108224	0.0051663208	-0.0012113257	0.7764428449
198.177917	1787824921365108224	0.0064597053	0.0030361085	0.7759177822
198.308925	1787824921497108224	0.0019421036	0.0001622596	0.7942150513
198.397808	1787824921587108096	0.0051903722	0.0004556003	0.7906477471
198.496669	1787824921686108160	0.0072527857	-0.0070341156	0.7835805253
198.603064	1787824921791108096	0.0180793812	-0.0007419920	0.7943450259
198.699786	1787824921887108096	0.0213924025	0.0072157607	0.7933917298
198.802729	1787824921992108032	0.0315400092	-0.0004782515	0.7844856267
198.903191	1787824922091108352	0.0412536720	0.0027462056	0.7884938979
199.001676	1787824922190108416	0.0483993360	0.0009584072	0.7936225700
199.102969	1787824922292108288	0.0603288013	-0.0013884691	0.7992635328
199.199529	1787824922388108288	0.0662556822	0.0019750252	0.8142242733
199.298871	1787824922487108352	0.0818683045	0.0011850437	0.8021159675
199.405055	1787824922592108288	0.0901115230	-0.0020871373	0.8115303467
199.506138	1787824922694108160	0.0963832482	-0.0022853652	0.8214540159
199.595557	1787824922784108288	0.1093026594	-0.0000362911	0.8246386377
199.696151	1787824922883108096	0.1293178949	0.0060076488	0.8473035420
199.798968	1787824922988108032	0.1399640271	-0.0001558305	0.8584941453
199.889381	1787824923078108416	0.1499184227	0.0010543104	0.8551496974
199.999101	1787824923186108160	0.1704719703	-0.0009537494	0.8695963853
200.094448	1787824923282108416	0.1874030561	-0.0007935832	0.8772527278
200.205548	1787824923393108224	0.2019477355	-0.0017789498	0.8904398562
200.294938	1787824923483108352	0.2193318918	-0.0046202392	0.9013306549
200.400149	1787824923588108288	0.2364324535	-0.0058327088	0.9355566468
200.496985	1787824923684108288	0.2476414834	0.0014844658	0.9495066999
200.599895	1787824923789108224	0.2641656476	0.0047927716	0.9819985211
200.695421	1787824923882108160	0.2774832322	0.0012540393	0.9950593693
200.784953	1787824923972108032	0.2910596665	-0.0038862418	1.0156249727
200.901235	1787824924089108224	0.3054393318	0.0019171769	1.0462377593
200.997693	1787824924185108224	0.3144029433	0.0074981015	1.0477542613
201.107864	1787824924296108288	0.3242977631	-0.0049664327	1.0864991857
201.202162	1787824924389108224	0.3349918234	0.0021503852	1.1049184226
201.306357	1787824924494108160	0.3409682263	0.0063059605	1.1225863619
201.391178	1787824924578108416	0.3474816198	0.0061584667	1.1483898456
201.487507	1787824924677108224	0.3606446647	-0.0055570012	1.1727740653
201.594347	1787824924782108416	0.3577896170	0.0088910299	1.1871113658
201.705437	1787824924893108224	0.3678315681	0.0008175457	1.2461434239
201.810643	1787824924998108160	0.3723272752	0.0014112264	1.2546474500
201.905754	1787824925094108160	0.3808556984	0.0002986799	1.2875442561
202.002403	1787824925190108416	0.3833405106	0.0034577759	1.2998151354
202.108022	1787824925295108352	0.3850973025	0.0016684671	1.3453340239
202.199220	1787824925388108288	0.3775658306	-0.0018579708	1.3585669218
202.303189	1787824925490108160	0.3749142396	-0.0017514446	1.3884218116
202.399682	1787824925589108224	0.3783438805	-0.0065894957	1.4056259299
202.508511	1787824925697108224	0.3804623313	0.0011999848	1.4510968141
202.600104	1787824925787108096	0.3783756575	0.0035484524	1.4747206948
202.709740	1787824925898108160	0.3812919116	-0.0011853873	1.4877494976
202.802052	1787824925991108096	0.3757038766	0.0055248048	1.5283523347
202.893018	1787824926081107968	0.3768927549	-0.0004651434	1.5496728410
202.995049	1787824926183108096	0.3772149151	-0.0054236646	1.5646724187
203.099282	1787824926288108032	0.3793056245	0.0000804588	1.5967749650
203.191827	1787824926381108224	0.3782346980	0.0042739390	1.6251866879
203.288271	1787824926477108224	0.3771667275	0.0034197216	1.6419736464
203.394992	1787824926582108160	0.3794578736	-0.0001783244	1.6745555850
203.492489	1787824926681108224	0.3827622399	-0.0015093384	1.6902932379
203.598969	1787824926786108160	0.3764051963	0.0007160701	1.7236086596
203.701960	1787824926891108352	0.3768841241	0.0023231164	1.7630377964
203.799561	1787824926987108352	0.3749586300	0.0046792771	1.7800837785
203.903792	1787824927092108288	0.3755521959	-0.0086648734	1.8150020224
203.996454	1787824927185108224	0.3805400292	-0.0043090946	1.8156819399
204.099277	1787824927287108096	0.3782085809	0.0036515965	1.8577098505
204.201450	1787824927389108224	0.3818470132	-0.0028876860	1.8800814235
204.305343	1787824927494108160	0.3741512584	-0.0013617328	1.9166094604
204.399776	1787824927587108096	0.3769735206	-0.0078306477	1.9317255292
204.499470	1787824927686108160	0.3803682259	0.0024836087	1.9494906409
204.604820	1787824927794108160	0.3802743946	-0.0007963883	1.9832031349
204.692992	1787824927881108224	0.3829830395	0.0028137865	2.0193223643
204.801319	1787824927989108224	0.3787293675	0.0026269244	2.0513513924
204.902750	1787824928091108352	0.3796877592	0.0027611533	2.0772670045
205.008668	1787824928196108032	0.3844588663	0.0026966402	2.0898880841
205.104863	1787824928292108288	0.3785995849	0.0021855013	2.1220770357
205.195413	1787824928382108160	0.3829230362	-0.0028949605	2.1478029361
205.306266	1787824928493108224	0.3800526692	-0.0018586083	2.1691368444
205.393690	1787824928583108096	0.3806994966	-0.0007036221	2.1986148028
205.490567	1787824928679108096	0.3753267690	0.0007834743	2.2271058830
205.605341	1787824928793108224	0.3722972091	0.0047925342	2.2671893962
205.692121	1787824928880108032	0.3790672658	-0.0010802636	2.2696034567
205.810091	1787824928997108224	0.3842701908	-0.0013904393	2.3063024257
205.911580	1787824929099108096	0.3830876275	-0.0048869977	2.3288527555
206.001173	1787824929189108224	0.3795367223	0.0013724223	2.3529138389
206.096716	1787824929285107968	0.3865113688	-0.0000897989	2.3829190453
206.193724	1787824929381108224	0.3690940736	-0.0007101606	2.3969554404
206.307045	1787824929495108096	0.3847967891	-0.0022043974	2.4396282555
206.403098	1787824929591108352	0.3865290761	-0.0029362830	2.4528395553
206.501416	1787824929690108416	0.3800502041	0.0008000408	2.4788590515
206.603133	1787824929792108288	0.3824881840	-0.0013777622	2.5174024684
206.709640	1787824929897108224	0.3776219601	0.0024648728	2.5245730289
206.796386	1787824929984108288	0.3793261293	-0.0009928245	2.5800404281
206.903626	1787824930092108288	0.3826557911	-0.0003732151	2.5847725289
206.987206	1787824930176108032	0.3860746071	-0.0006204782	2.6204915502
207.088545	1787824930278108160	0.3822620102	-0.0076742706	2.6464104848
207.195505	1787824930383108096	0.3831570018	0.0036871015	2.6776612324
207.290994	1787824930479108096	0.3768061369	0.0006416172	2.6992888941
207.408349	1787824930596108288	0.3807593116	-0.0022381101	2.7212710082
207.499093	1787824930686108160	0.3841628238	-0.0004552110	2.7439996511
207.599069	1787824930788108032	0.3804716686	-0.0000869837	2.7669991350
207.702848	1787824930890108160	0.3816294379	0.0045141825	2.7955507388
207.798050	1787824930986108416	0.3820310219	0.0017620471	2.8290952891
207.908628	1787824931097108224	0.3775061858	-0.0039073957	2.8503442457
207.999505	1787824931187108352	0.3827260611	-0.0066473709	2.8863025966
208.094334	1787824931283108352	0.3830897340	0.0008903529	2.9071514831
208.200691	1787824931388108288	0.3778883353	0.0051933092	2.9312194261
208.296672	1787824931484108288	0.3756997921	-0.0036976230	2.9779288549
208.399514	1787824931589108224	0.3786582735	0.0069577545	2.9823681771
208.491777	1787824931679108096	0.3831279042	0.0046847405	3.0057858721
208.602983	1787824931790108160	0.3793090252	0.0006065021	3.0222209477
208.709221	1787824931898108160	0.3828385785	-0.0026798722	3.0702623928
208.793918	1787824931982108160	0.3828264300	0.0095697409	3.1031051268
208.905195	1787824932093108224	0.3825120475	-0.0010265239	3.1100380869
208.999572	1787824932189108224	0.3845494506	-0.0005758833	-3.1321586694
209.099785	1787824932288108032	0.3786855565	-0.0028578489	-3.1199147566
209.198088	1787824932387108096	0.3823480556	0.0019750420	-3.0867359879
209.307763	1787824932495108096	0.3803190350	0.0009314409	-3.0696221452
209.401949	1787824932591108352	0.3816656092	0.0024140610	-3.0424380638
209.509917	1787824932699108096	0.3840795376	0.0017712147	-3.0110605664
209.595903	1787824932783108352	0.3776085199	-0.0009815489	-2.9711150091
209.704440	1787824932891108352	0.3784947654	-0.0034608833	-2.9524645707
209.801456	1787824932990108160	0.3754276262	-0.0007356484	-2.9336586023
209.899254	1787824933086108160	0.3744164076	-0.0013229201	-2.9134097732
209.997321	1787824933185108224	0.3809063649	-0.0008909288	-2.8796147281
210.102085	1787824933290108160	0.3830959643	-0.0061122272	-2.8340685832
210.200313	1787824933389108224	0.3822075909	-0.0001509396	-2.8204691416
210.307810	1787824933497108224	0.3798614409	0.0040679703	-2.7870484380
210.399199	1787824933587108096	0.3812667279	-0.0002562925	-2.7700836968
210.502136	1787824933689108224	0.3834945177	0.0049449168	-2.7513331955
210.601495	1787824933788108032	0.3813312746	-0.0038869657	-2.7331726141
210.700651	1787824933890108160	0.3814899752	-0.0035995215	-2.7003567506
210.802342	1787824933989108224	0.3831585267	-0.0009404529	-2.6863103800
210.893286	1787824934082108160	0.3782795597	-0.0047340737	-2.6409014271
211.003379	1787824934190108416	0.3810219944	-0.0044292395	-2.6196354015
211.093019	1787824934280108288	0.3791693480	0.0006885731	-2.6039793429
211.206455	1787824934394108416	0.3806998448	-0.0061363569	-2.5662345958
211.303103	1787824934490108160	0.3831090530	-0.0057756093	-2.5178621074
211.397747	1787824934586108160	0.3774839942	0.0005321868	-2.5089883790
211.510244	1787824934697108224	0.3808914744	-0.0036312600	-2.4763491219
211.604477	1787824934793108224	0.3880724637	-0.0010183334	-2.4627954856
211.696941	1787824934886108160	0.3784435630	-0.0043341398	-2.4362706536
211.802472	1787824934991108096	0.3828375453	0.0015280973	-2.4066862582
211.912208	1787824935099108096	0.3772137122	0.0009271397	-2.3766163993
212.002672	1787824935192108032	0.3777303872	0.0006349721	-2.3582078165
212.101286	1787824935288108032	0.3819121197	0.0004769402	-2.3271926740
212.203537	1787824935393108224	0.3810253726	0.0008087066	-2.3066518565
212.302051	1787824935489108224	0.3821595282	0.0031495670	-2.2795028657
212.394436	1787824935582108160	0.3788160350	-0.0021804467	-2.2486647235
212.510487	1787824935699108096	0.3754968055	-0.0064970950	-2.2198015729
212.597708	1787824935786108160	0.3822215173	-0.0014260324	-2.2064089055
212.705013	1787824935894108416	0.3763158063	0.0061037839	-2.1672918032
212.804273	1787824935993108224	0.3834381786	0.0018472741	-2.1520373156
212.896933	1787824936086108160	0.3726863932	0.0033520327	-2.1208365796
212.996691	1787824936185108224	0.3812873905	0.0043445248	-2.0998950361
213.091542	1787824936281108224	0.3830325826	0.0024519993	-2.0754876987
213.197026	1787824936386108160	0.3799458088	-0.0034804124	-2.0447565750
213.295041	1787824936482108160	0.3783444878	0.0004931142	-2.0239015018
213.416323	1787824936605108224	0.3819167936	-0.0038572289	-1.9985301974
213.501605	1787824936689108224	0.3776183128	-0.0008940458	-1.9658053105
213.606164	1787824936794108160	0.3793239185	-0.0038395279	-1.9357324349
213.708176	1787824936896108032	0.3836394921	-0.0014240125	-1.9059676278
213.796294	1787824936983108352	0.3824830563	-0.0060463174	-1.8791594906
213.913427	1787824937100108032	0.3807926665	0.0011279662	-1.8572477923
214.000962	1787824937190108416	0.3795643350	-0.0064658930	-1.8400718920
214.104044	1787824937292108288	0.3822736109	0.0000273867	-1.8154774494
214.198429	1787824937385108224	0.3728626764	0.0007019769	-1.7847401242
214.302174	1787824937490108160	0.3720164182	-0.0002628733	-1.7522449771
214.385051	1787824937574108160	0.3850394410	-0.0020011164	-1.7314822115
214.497631	1787824937685108224	0.3791146881	0.0005875987	-1.7102156678
214.606650	1787824937796108288	0.3796967581	-0.0028344403	-1.6646534688
214.697221	1787824937886108160	0.3770820694	-0.0003080967	-1.6554816281
214.795249	1787824937982108160	0.3857579326	-0.0010527181	-1.6158571579
214.894711	1787824938084108032	0.3770363108	0.0039184088	-1.6005003920
214.990798	1787824938180108288	0.3858275956	0.0000432891	-1.5719259684
215.091811	1787824938279108352	0.3847184558	-0.0005936694	-1.5517439103
215.201789	1787824938390108160	0.3782622889	-0.0035831539	-1.5297882166
215.300730	1787824938489108224	0.3796639369	0.0015163462	-1.4854979541
215.395797	1787824938585108224	0.3745080892	0.0050080183	-1.4772748610
215.496158	1787824938684108288	0.3826216807	-0.0024089352	-1.4443651446
215.606709	1787824938795108352	0.3846203549	0.0013924155	-1.4068335501
215.699362	1787824938888108288	0.3821243551	-0.0053757421	-1.3911824618
215.799968	1787824938987108352	0.3796394087	-0.0012628925	-1.3559388083
215.898370	1787824939086108160	0.3809872454	0.0011725432	-1.3396487631
216.012023	1787824939200108288	0.3807050821	-0.0001793150	-1.3158170656
216.096503	1787824939284108288	0.3782909964	-0.0024311229	-1.2810963407
216.197798	1787824939386108160	0.3793969428	0.0017336786	-1.2676168221
216.305478	1787824939494108160	0.3865693530	0.0027595771	-1.2301757399
216.405848	1787824939593108224	0.3844197992	0.0065483529	-1.1929568808
216.500499	1787824939689108224	0.3787459661	-0.0012311087	-1.1775146945
216.602567	1787824939791108096	0.3866476299	-0.0058790946	-1.1524347846
216.698115	1787824939887108096	0.3833503777	-0.0009172989	-1.1341308306
216.803772	1787824939992108032	0.3790300967	0.0024677101	-1.0900288666
216.903043	1787824940091108352	0.3800738951	0.0007538185	-1.0706822965
217.003179	1787824940190108416	0.3860214064	-0.0026136517	-1.0663334728
217.105401	1787824940292108288	0.3789426832	-0.0013028573	-1.0241362485
217.206147	1787824940394108416	0.3759089265	-0.0012767316	-1.0007139198
217.294667	1787824940484108288	0.3761082900	-0.0017936168	-0.9615481878
217.403842	1787824940592108288	0.3821569787	-0.0023281577	-0.9440358129
217.507587	1787824940697108224	0.3844415538	-0.0026630863	-0.9100955004
217.598080	1787824940787108096	0.3801163804	0.0004014884	-0.8833280436
217.706398	1787824940895108096	0.3851112717	0.0037121743	-0.8597156611
217.807977	1787824940997108224	0.3852631680	0.0022199558	-0.8319105807
217.895905	1787824941084108032	0.3822966365	0.0034301457	-0.8128988733
217.995009	1787824941183108096	0.3785095737	-0.0068797890	-0.7931836799
218.108392	1787824941297108224	0.3853959667	0.0277050974	-0.7595650626
218.204879	1787824941393108224	0.3807862979	0.0534357248	-0.7302564086
218.289481	1787824941477108224	0.3689936616	0.0751178444	-0.7066682558
218.407960	1787824941597108224	0.3624158686	0.1087170319	-0.6776025472
218.513104	1787824941702108160	0.3564011556	0.1327720870	-0.6524845386
218.603249	1787824941792108288	0.3479419137	0.1510956425	-0.6265308224
218.702438	1787824941891108352	0.3345661101	0.1791449873	-0.6106388717
218.790550	1787824941978108160	0.3329405853	0.2023268468	-0.5912973484
218.898983	1787824942086108160	0.3154445222	0.2290399692	-0.5644689800
218.999538	1787824942188108288	0.3047454840	0.2503303639	-0.5350744703
219.102225	1787824942290108160	0.2893596739	0.2798226109	-0.5277198467
219.200561	1787824942389108224	0.2724519394	0.2986745317	-0.4957549760
219.296277	1787824942485108224	0.2516359899	0.3208308355	-0.4660786900
219.394092	1787824942581107968	0.2361860817	0.3438358213	-0.4368547650
219.501168	1787824942689108224	0.2101653407	0.3697307371	-0.4327591484
219.606186	1787824942794108160	0.1968809738	0.3876708173	-0.4090858330
219.703865	1787824942893108224	0.1786603872	0.4078720294	-0.3865327736
219.794980	1787824942983108352	0.1586127287	0.4245790545	-0.3816587249
219.909543	1787824943097108224	0.1328711068	0.4579495259	-0.3598667168
219.980903	1787824943169108224	0.1220201671	0.4655938162	-0.3536559619
220.102550	1787824943292108288	0.0996346271	0.4561134341	-0.3447370268
220.207125	1787824943394108416	0.0874413540	0.4248234711	-0.3285585060
220.300522	1787824943490108160	0.0809663072	0.4131915378	-0.3166552341
220.403022	1787824943592108288	0.0627308785	0.3843153656	-0.3091833782
220.493482	1787824943682108160	0.0600399574	0.3648133890	-0.2878440126
220.598353	1787824943787108096	0.0439077004	0.3412099009	-0.2926447692
220.703667	1787824943892108288	0.0302575298	0.3193665104	-0.2865444689
220.798709	1787824943988108032	0.0310894248	0.3021870145	-0.2718399559
220.906089	1787824944093108224	0.0228593736	0.2671790679	-0.2647052731
220.995512	1787824944183108096	0.0221562320	0.2496420602	-0.2708969296
221.106592	1787824944294108160	0.0200015477	0.2203363230	-0.2669219736
221.195170	1787824944384108288	0.0169574840	0.2089821792	-0.2721002394
221.312864	1787824944501108224	0.0135361414	0.1706125528	-0.2565766790
221.392980	1787824944582108160	0.0138309668	0.1578255613	-0.2605356763
221.496698	1787824944684108288	0.0026078039	0.1262714653	-0.2609089356
221.600212	1787824944789108224	0.0100453122	0.1053647446	-0.2665820962
221.709984	1787824944897108224	-0.0009582135	0.0755013286	-0.2624538422
221.801011	1787824944990108160	0.0025889717	0.0481635430	-0.2660384147
221.896630	1787824945086108160	0.0030109136	0.0272982438	-0.2560506458
221.993779	1787824945182108160	-0.0026924232	0.0033031604	-0.2486565058
222.093551	1787824945281108224	-0.0037144887	0.0051840389	-0.2534645507
222.202547	1787824945392108288	-0.0031093759	-0.0054442503	-0.2595444956
222.288631	1787824945476108288	-0.0036544156	-0.0016351796	-0.2580885386
222.408036	1787824945596108288	0.0016261753	-0.0013552978	-0.2701109416
222.505719	1787824945695108096	-0.0061578746	0.0000601137	-0.2637507461
222.600388	1787824945788108032	-0.0027826428	-0.0001433803	-0.2485014051
222.698334	1787824945887108096	-0.0021753259	-0.0013245065	-0.2622000634
222.799464	1787824945986108416	0.0032762864	0.0008170533	-0.2743432694
222.901210	1787824946088108288	0.0001915822	-0.0028191650	-0.2632276744
222.992579	1787824946181108224	-0.0048958368	-0.0072775044	-0.2481740935
223.103760	1787824946292108288	-0.0010631063	0.0017299541	-0.2613474831
223.193809	1787824946382108160	0.0051800886	-0.0023440815	-0.2534645430
223.300775	1787824946490108160	-0.0017196321	-0.0009154650	-0.2750932395
223.388978	1787824946577108224	-0.0031434773	0.0049567041	-0.2579536890
223.499768	1787824946688108288	-0.0022808082	-0.0040775538	-0.2546033821
223.594217	1787824946781108224	-0.0024861079	-0.0006282452	-0.2671137842
223.703424	1787824946892108288	-0.0000974094	-0.0054162551	-0.2575820938
223.807716	1787824946997108224	-0.0010803679	0.0018250580	-0.2591974585
223.905175	1787824947093108224	-0.0078722284	-0.0046812143	-0.2499496846
223.996914	1787824947186108160	-0.0077428748	0.0034329939	-0.2654646430
224.115345	1787824947303108096	-0.0023104918	-0.0024404940	-0.2656167292
224.202835	1787824947390108160	0.0024886147	0.0038202807	-0.2738022407
224.299136	1787824947486108416	-0.0051945845	0.0024947189	-0.2632116244
224.395545	1787824947585108224	-0.0056534182	0.0044809063	-0.2423213317
224.501758	1787824947690108416	0.0005934148	-0.0035576810	-0.2558639201
224.593600	1787824947783108352	-0.0024806629	0.0024443062	-0.2620067731
224.689896	1787824947879108096	-0.0018761338	0.0037011078	-0.2662310754
224.807942	1787824947996108288	-0.0024594308	0.0028396806	-0.2638860370
224.908185	1787824948095108352	0.0069840455	-0.0012026726	-0.2551491567
225.000833	1787824948188108288	-0.0054122062	-0.0013662774	-0.2532701428
225.104056	1787824948293108224	-0.0029754174	-0.0051049830	-0.2611511477
225.193579	1787824948383108096	-0.0023747937	0.0018184499	-0.2613678489
225.310351	1787824948497108224	-0.0034043958	-0.0057262085	-0.2719561062
225.400471	1787824948587108096	-0.0019826716	-0.0030209726	-0.2560711550
225.495169	1787824948683108096	-0.0005393243	-0.0000848690	-0.2467222153
225.595144	1787824948782108416	0.0010679368	0.0035988498	-0.2665244893
225.698497	1787824948887108096	-0.0000024680	0.0003012520	-0.2626105322
225.805655	1787824948995108096	0.0071371991	-0.0011282983	-0.2517109069
225.898233	1787824949085108224	-0.0015781712	0.0014481461	-0.2754184455
225.997524	1787824949187108352	0.0034285412	-0.0003919553	-0.2619226505
226.100493	1787824949289108224	-0.0017765792	-0.0026289433	-0.2646970809
226.201673	1787824949391108352	0.0042410165	0.0040480767	-0.2813796775
226.289389	1787824949478108160	0.0068541039	0.0029910074	-0.2685161769
226.401371	1787824949589108224	-0.0014986836	-0.0010901834	-0.2783109108
226.505527	1787824949694108160	0.0030403388	0.0039747498	-0.2681424856
226.608553	1787824949796108288	-0.0069828276	-0.0007601129	-0.2607829930
226.692871	1787824949880108032	0.0066708680	0.0056999991	-0.2715113619
226.800747	1787824949988108032	0.0061060424	0.0118397435	-0.2607127739
226.906537	1787824950096108288	0.0014148630	0.0031442320	-0.2592326026
227.010437	1787824950198108160	-0.0002181822	0.0039508954	-0.2618809165
227.102385	1787824950291108096	0.0002775562	0.0023626743	-0.2593887237
227.200336	1787824950387108096	-0.0021787465	-0.0109502708	-0.2707600578
227.306332	1787824950495108096	-0.0030445296	0.0005652184	-0.2428289633
227.395224	1787824950582108160	-0.0051190406	0.0059181453	-0.2660762971
227.488507	1787824950678108160	-0.0002243255	-0.0008861208	-0.2541881588
227.594753	1787824950783108352	0.0015570032	-0.0072905029	-0.2684220134
227.698292	1787824950885108224	-0.0001548183	0.0051166342	-0.2495246685
227.787865	1787824950975108096	-0.0015736024	0.0035058921	-0.2603830162
227.899036	1787824951086108160	-0.0035237223	0.0034219322	-0.2641836627
228.006277	1787824951194108160	-0.0040611756	0.0031319142	-0.2702473398
228.099777	1787824951287108096	-0.0043295379	-0.0030893563	-0.2743036404
228.209715	1787824951398108160	-0.0048439912	0.0020151680	-0.2765576663
228.298258	1787824951485108224	-0.0028705170	0.0025379491	-0.2698266450
228.392073	1787824951581107968	-0.0025113598	0.0034636230	-0.2620971769
228.500593	1787824951689108224	-0.0038553955	0.0015651057	-0.2505720460
228.584173	1787824951773108224	-0.0000738498	0.0006364775	-0.2739357053
228.700950	1787824951890108160	0.0020795688	0.0004951505	-0.2568712688
228.798453	1787824951986108416	0.0011596606	0.0050360266	-0.2465876023
228.901530	1787824952091108352	0.0041311612	0.0032419231	-0.2646826443
229.017919	1787824952205108224	0.0052576203	-0.0039294309	-0.2595815341
229.101637	1787824952289108224	-0.0039879291	0.0010934445	-0.2681646649
229.197413	1787824952385108224	0.0000771472	0.0016979006	-0.2752156327
229.302021	1787824952490108160	0.0011471287	-0.0086587991	-0.2569420311
229.394612	1787824952583108096	0.0054045451	-0.0025808120	-0.2583415357
229.502566	1787824952691108352	-0.0030209094	-0.0040171928	-0.2706794952
229.601885	1787824952790108160	-0.0103450562	-0.0008684438	-0.2641388679
229.695044	1787824952883108096	-0.0007677526	-0.0007905280	-0.2553698493
229.811524	1787824953000108288	-0.0022033215	-0.0027646521	-0.2553882677
229.912228	1787824953099108096	-0.0008022285	0.0009629076	-0.2681677177
230.001456	1787824953189108224	0.0035690409	-0.0010802988	-0.2598479712
230.105712	1787824953294108160	0.0054019999	-0.0022977955	-0.2661099129
230.198681	1787824953387108096	-0.0004470018	-0.0064487446	-0.2627603621
230.288554	1787824953477108224	-0.0017735601	-0.0021485325	-0.2580738761
230.401181	1787824953588108288	-0.0034325943	-0.0013772409	-0.2651430294
230.501642	1787824953690108416	0.0104249593	-0.0085474615	-0.2743111597
230.596186	1787824953783108352	0.0022639722	0.0032539820	-0.2645326014
230.703496	1787824953891108352	0.0007219776	0.0046198482	-0.2617462528
230.803854	1787824953993108224	-0.0007449469	-0.0016135577	-0.2624028083
230.911135	1787824954098108416	-0.0011072914	0.0002138330	-0.2605221272
231.001909	1787824954191108352	-0.0030386243	0.0011373800	-0.2731357755
231.093638	1787824954281108224	-0.0003436492	0.0007231695	-0.2595847656
231.193639	1787824954383108096	0.0051707648	-0.0002497080	-0.2518370626
231.296167	1787824954485108224	0.0028473922	-0.0055033591	-0.2558488249
231.402215	1787824954590108160	-0.0022423802	0.0041980577	-0.2766290510
231.500697	1787824954689108224	-0.0037753892	0.0067613468	-0.2535519647
231.600966	1787824954788108032	0.0029101245	0.0046271009	-0.2631879586
231.705404	1787824954893108224	-0.0050560590	-0.0009247493	-0.2715826644
231.801843	1787824954989108224	0.0025894863	0.0059269189	-0.2525213892
231.889673	1787824955079108352	-0.0028828606	0.0017800102	-0.2613103053
232.005277	1787824955193108224	0.0007304786	0.0003913904	-0.2599477197
232.103164	1787824955292108288	-0.0040563201	0.0052412986	-0.2517407176
232.214735	1787824955403108096	0.0012505083	-0.0028529637	-0.2686166707
232.298311	1787824955487108352	-0.0017799007	-0.0012176541	-0.2650784037
232.401897	1787824955589108224	0.0085264743	-0.0017632192	-0.2658968020
232.499776	1787824955688108288	0.0045373422	0.0032786935	-0.2672750642
232.584210	1787824955772108288	0.0036885988	-0.0007345418	-0.2537338647
232.697931	1787824955886108160	0.0050717556	-0.0062182461	-0.2606411883
232.807211	1787824955994108160	0.0013351009	-0.0059787021	-0.2620064042
232.899577	1787824956087108096	-0.0045911527	-0.0049952572	-0.2745320978
232.994732	1787824956183108096	0.0000935921	0.0050287817	-0.2629353472
233.102099	1787824956291108096	0.0013931818	-0.0178669856	-0.2521220207
233.210684	1787824956399108096	-0.0028363198	-0.0518376766	-0.2487082255
233.302480	1787824956489108224	-0.0017110825	-0.0789208280	-0.2530197898
233.394190	1787824956582108160	-0.0028656106	-0.0916285030	-0.2642410079
233.503547	1787824956693108224	-0.0073409475	-0.1220634642	-0.2486196870
233.595752	1787824956783108352	-0.0042778094	-0.1517259672	-0.2607709099
233.693075	1787824956882108160	-0.0139929022	-0.1741347452	-0.2611080226
233.792384	1787824956981108224	-0.0048149921	-0.1994838433	-0.2714957810
233.900882	1787824957089108224	-0.0165571879	-0.2234243698	-0.2584077755
234.000951	1787824957188108288	-0.0198010247	-0.2530148041	-0.2685526775
234.101590	1787824957290108160	-0.0272787544	-0.2731733005	-0.2858639052
234.199225	1787824957386108160	-0.0314892507	-0.3046084865	-0.2700073381
234.301100	1787824957488108032	-0.0396298742	-0.3202830614	-0.2886990617
234.392351	1787824957581107968	-0.0473347008	-0.3396052326	-0.2891418527
234.506285	1787824957695108096	-0.0467048457	-0.3568045085	-0.3095127747
234.606412	1787824957794108160	-0.0650252433	-0.3802871588	-0.2891044086
234.701223	1787824957890108160	-0.0805138086	-0.4138332040	-0.3174184829
234.800498	1787824957989108224	-0.0936828158	-0.4310226539	-0.3206042455
234.900065	1787824958088108288	-0.1077785718	-0.4538902961	-0.3418013746
234.999481	1787824958187108352	-0.1227789729	-0.4669335661	-0.3399249527
235.095393	1787824958283108352	-0.1300749059	-0.4460515539	-0.3570255410
235.203617	1787824958391108352	-0.1536288875	-0.4293701398	-0.3850793530
235.294342	1787824958481108224	-0.1786237509	-0.4102573953	-0.3858768532
235.392341	1787824958580108288	-0.1856664701	-0.3896969839	-0.4176264306
235.501460	1787824958688108288	-0.2184113417	-0.3669392659	-0.4317582619
235.606231	1787824958793108224	-0.2384771274	-0.3418296374	-0.4568118973
235.706237	1787824958895108096	-0.2553223476	-0.3169208353	-0.4790762344
235.800589	1787824958988108032	-0.2679304151	-0.2967448417	-0.4914898603
235.897216	1787824959084108032	-0.2879685182	-0.2724936918	-0.5169668647
235.999423	1787824959186108160	-0.3036308951	-0.2477860176	-0.5358609401
236.100887	1787824959288108032	-0.3151524157	-0.2241342234	-0.5731071187
236.195614	1787824959384108288	-0.3222016294	-0.2012898997	-0.5794955846
236.290980	1787824959480108288	-0.3348569458	-0.1770986763	-0.5959846427
236.398547	1787824959588108288	-0.3509290429	-0.1515557105	-0.6282068493
236.497843	1787824959687108352	-0.3640457846	-0.1274367829	-0.6576209337
236.597647	1787824959786108160	-0.3693971878	-0.0941375700	-0.6849466485
236.696961	1787824959885108224	-0.3769253775	-0.0777143900	-0.7043047678
236.800066	1787824959987108352	-0.3809451681	-0.0540726588	-0.7313384554
236.902079	1787824960089108224	-0.3824306681	-0.0238523152	-0.7588181919
237.001580	1787824960191108352	-0.3793049392	-0.0007297191	-0.7968698590
237.102383	1787824960290108160	-0.3867137665	0.0039979266	-0.8181577556
237.196523	1787824960386108160	-0.3847027373	-0.0064514005	-0.8473994659
237.311892	1787824960500108288	-0.3809572355	-0.0031520000	-0.8743319776
237.395782	1787824960584108032	-0.3785199841	-0.0049468669	-0.8855539521
237.493816	1787824960683108096	-0.3771427856	0.0016521226	-0.9216218539
237.601686	1787824960791108096	-0.3784656810	-0.0002804477	-0.9327581338
237.701608	1787824960890108160	-0.3765059860	0.0012865945	-0.9688224682
237.809249	1787824960998108160	-0.3813422357	0.0041281159	-0.9919336677
237.892711	1787824961082108160	-0.3872717782	0.0027335283	-1.0084727238
238.005589	1787824961193108224	-0.3775262737	0.0008243305	-1.0605620702
238.098060	1787824961286108160	-0.3813442155	0.0022643004	-1.0748768356
238.204972	1787824961394108416	-0.3810934643	-0.0007559597	-1.0933978361
238.293249	1787824961481108224	-0.3861196344	0.0023250279	-1.1206244677
238.403624	1787824961592108288	-0.3757213724	0.0047314247	-1.1537231208
238.501916	1787824961691108352	-0.3834430327	-0.0010841590	-1.1814714452
238.603672	1787824961793108224	-0.3773677000	0.0098943753	-1.1949394961
238.699178	1787824961886108160	-0.3840221451	0.0020345573	-1.2380895656
238.799309	1787824961988108032	-0.3749853052	-0.0037690813	-1.2649377611
238.909343	1787824962096108288	-0.3787799010	-0.0050780755	-1.2844658598
239.003147	1787824962192108032	-0.3805723830	0.0003584787	-1.3148197027
239.109898	1787824962297108224	-0.3882545385	-0.0008408593	-1.3319430609
239.202369	1787824962390108160	-0.3898212511	0.0040713086	-1.3558340836
239.291664	1787824962480108288	-0.3853451365	0.0009685969	-1.3824126683
239.395945	1787824962585108224	-0.3782156001	0.0028916085	-1.4181006444
239.493511	1787824962681108224	-0.3843526654	-0.0054076683	-1.4387200505
239.604112	1787824962792108288	-0.3798441087	-0.0018270786	-1.4620487565
239.701888	1787824962891108352	-0.3819033378	0.0017711636	-1.5075403922
239.794546	1787824962984108288	-0.3771938973	0.0037562793	-1.5203868654
239.896144	1787824963083108096	-0.3814827433	-0.0017540105	-1.5474115576
239.996189	1787824963185108224	-0.3749413941	0.0037962834	-1.5667771531
240.100017	1787824963287108096	-0.3764556274	0.0030540963	-1.5937442838
240.193939	1787824963383108096	-0.3790149726	0.0009454121	-1.6219513502
240.302996	1787824963491108096	-0.3820359004	0.0022030959	-1.6573146291
240.408432	1787824963596108288	-0.3817440102	-0.0040119509	-1.6768117019
240.500279	1787824963689108224	-0.3810062699	-0.0034750768	-1.7068321997
240.590291	1787824963779108352	-0.3839138932	-0.0008741306	-1.7228402225
240.691045	1787824963878108160	-0.3859983425	0.0012709713	-1.7445204365
240.809604	1787824963998108160	-0.3767841237	0.0020151951	-1.7736056622
240.915385	1787824964103108096	-0.3820235277	0.0012041764	-1.8130931535
241.006214	1787824964193108224	-0.3884416848	-0.0032773149	-1.8321147152
241.099080	1787824964286108160	-0.3886603221	0.0031264527	-1.8537214240
241.191460	1787824964379108096	-0.3738100255	0.0071839263	-1.8892285714
241.300939	1787824964490108160	-0.3830732307	-0.0047787375	-1.9093954191
241.396318	1787824964583108096	-0.3768104621	0.0016124189	-1.9306443735
241.497958	1787824964685108224	-0.3772313123	-0.0024546044	-1.9665570771
241.593549	1787824964781108224	-0.3792975987	-0.0011464606	-1.9918075754
241.702085	1787824964889108224	-0.3777025031	-0.0002575978	-2.0154898360
241.797403	1787824964985108224	-0.3757962065	0.0036157055	-2.0479405729
241.890940	1787824965078108416	-0.3781172623	0.0016758448	-2.0613762612
242.009615	1787824965198108160	-0.3825995180	0.0025300378	-2.0977965472
242.105188	1787824965294108160	-0.3807017049	-0.0019906766	-2.1254651901
242.205105	1787824965393108224	-0.3864607593	-0.0019562939	-2.1615710592
242.302451	1787824965489108224	-0.3793554664	-0.0027354264	-2.1672925596
242.401557	1787824965591108352	-0.3830903569	0.0038256246	-2.2012480308
242.492426	1787824965681108224	-0.3777609472	-0.0015162445	-2.2192637759
242.603273	1787824965792108288	-0.3787027550	0.0044744129	-2.2540874776
242.694958	1787824965882108160	-0.3823635907	-0.0032449120	-2.2831987356
242.806725	1787824965996108288	-0.3845684016	0.0041060964	-2.3049253505
242.899681	1787824966089108224	-0.3823994194	-0.0032882416	-2.3355485812
243.001830	1787824966191108352	-0.3751071640	-0.0006387538	-2.3665686583
243.092558	1787824966281108224	-0.3814205852	-0.0025840091	-2.3923726285
243.205301	1787824966392108288	-0.3787421910	0.0014574040	-2.4206978409
243.297556	1787824966485108224	-0.3814129811	-0.0001587634	-2.4406160732
243.400596	1787824966590108160	-0.3784147782	-0.0028779629	-2.4645711552
243.512202	1787824966701108224	-0.3763860623	-0.0049475132	-2.4992439863
243.598686	1787824966788108032	-0.3815177463	-0.0028245615	-2.5134931492
243.682649	1787824966872108288	-0.3819394159	0.0000170682	-2.5214205671
243.793744	1787824966983108352	-0.3807063768	0.0032459188	-2.5755292142
243.891833	1787824967079108352	-0.3789839062	-0.0070014254	-2.5786139743
244.007130	1787824967196108032	-0.3815986180	-0.0045629110	-2.6193686829
244.107067	1787824967295108352	-0.3776037508	-0.0001324710	-2.6469184388
244.200813	1787824967388108288	-0.3742217883	0.0066787688	-2.6772262206
244.309835	1787824967499108352	-0.3743544965	-0.0018334661	-2.7133487760
244.396307	1787824967583108096	-0.3795377256	0.0001909392	-2.7225304543
244.496808	1787824967685108224	-0.3789766258	-0.0057346658	-2.7461858683
244.611344	1787824967799108352	-0.3799793274	-0.0017347656	-2.7938507786
244.691619	1787824967880108032	-0.3786231616	0.0037728842	-2.7950055101
244.800401	1787824967988108032	-0.3830872700	0.0040657894	-2.8248131713
244.902656	1787824968090108160	-0.3755292769	0.0051542923	-2.8604929895
244.995784	1787824968183108096	-0.3824513546	-0.0008272480	-2.8675702704
245.092357	1787824968279108352	-0.3822187291	-0.0012385774	-2.9063471914
245.188404	1787824968375108352	-0.3759615288	0.0005532919	-2.9300960245
245.292533	1787824968480108288	-0.3826824533	-0.0009833236	-2.9637127877
245.395916	1787824968585108224	-0.3799433321	-0.0013931781	-2.9921138250
245.493949	1787824968681108224	-0.3787194065	-0.0020190988	-3.0080547919
245.598462	1787824968786108160	-0.3762661329	-0.0036310144	-3.0277450974
245.696900	1787824968885108224	-0.3830904496	-0.0022981444	-3.0614967196
245.814489	1787824969002108160	-0.3819661720	-0.0052894918	-3.0897353336
245.906439	1787824969095108352	-0.3852698427	0.0058108192	-3.1184069929
245.991458	1787824969179108096	-0.3818909402	0.0012103871	-3.1401914827
246.111381	1787824969299108352	-0.3798047078	0.0024904539	3.1112615851
246.200002	1787824969389108224	-0.3796626568	0.0003942990	3.0836802699
246.292667	1787824969482108160	-0.3802533948	-0.0058031509	3.0769668706
246.384977	1787824969572108288	-0.3747656466	-0.0012544720	3.0391012856
246.496801	1787824969686108160	-0.3748389221	-0.0014206647	3.0041588451
246.597758	1787824969785107968	-0.3799451846	-0.0012056954	2.9922851743
246.706397	1787824969893108224	-0.3834404331	0.0013707444	2.9578618678
246.810622	1787824969998108160	-0.3773525888	-0.0017077069	2.9287539746
246.902844	1787824970091108352	-0.3841859241	0.0042882981	2.9081846953
247.007263	1787824970196108032	-0.3772764985	0.0003646684	2.8790135318
247.098682	1787824970286108160	-0.3769084112	0.0002693336	2.8563048660
247.198062	1787824970385108224	-0.3783091467	0.0045635505	2.8226648373
247.293138	1787824970481108224	-0.3796342947	-0.0037934366	2.7985668179
247.402175	1787824970589108224	-0.3767171185	0.0023134506	2.7744768544
247.503048	1787824970691108352	-0.3821900087	0.0031630169	2.7504080206
247.602157	1787824970790108160	-0.3816085019	-0.0029981576	2.7250011492
247.704395	1787824970892108288	-0.3776512852	0.0011946124	2.6989287804
247.799906	1787824970988108032	-0.3775576137	0.0017593435	2.6709417306
247.908147	1787824971096108288	-0.3804754563	0.0034396378	2.6442545984
247.993485	1787824971180108288	-0.3796481592	-0.0056283534	2.6114421270
248.093803	1787824971282108416	-0.3888929243	-0.0008008326	2.5917435474
248.184138	1787824971372108288	-0.3813558429	0.0024300301	2.5674178390
248.303147	1787824971492108032	-0.3829139897	-0.0098638532	2.5316797904
248.402321	1787824971591108352	-0.3871613054	-0.0059995064	2.5198074432
248.510183	1787824971699108096	-0.3844475304	-0.0000847154	2.4718761055
248.599727	1787824971789108224	-0.3783477924	0.0000101259	2.4691612899
248.699769	1787824971888108288	-0.3777487854	0.0043815583	2.4418445260
248.785051	1787824971972108032	-0.3781312712	-0.0002501980	2.4110044593
248.901558	1787824972089108224	-0.3857631010	-0.0038586365	2.3867772944
248.995990	1787824972185108224	-0.3757194395	0.0008961132	2.3555376616
249.097040	1787824972284108288	-0.3862669120	-0.0017641990	2.3366052449
249.201935	1787824972389108224	-0.3800336685	-0.0000012171	2.2974226143
249.300174	1787824972488108032	-0.3760900813	0.0037830987	2.2590295583
249.406500	1787824972596108288	-0.3786978829	0.0028580407	2.2526180067
249.495981	1787824972683108096	-0.3797737503	-0.0026315346	2.2291132759
249.597518	1787824972785107968	-0.3818852568	-0.0002144541	2.2113695104
249.693428	1787824972881108224	-0.3801060494	-0.0002784834	2.1742520234
249.808159	1787824972995108096	-0.3778687098	-0.0019786907	2.1328599975
249.895452	1787824973082108160	-0.3768408057	0.0037877823	2.1199475355
249.995001	1787824973184108288	-0.3766022830	0.0051061271	2.1079549594
250.099341	1787824973286108160	-0.3748500628	0.0016912717	2.0755328620
250.202320	1787824973391108352	-0.3791436657	0.0063684458	2.0390494184
250.288204	1787824973475108096	-0.3848788936	-0.0067601351	2.0067235597
250.405101	1787824973592108288	-0.3766050107	-0.0038266189	1.9752144057
250.518219	1787824973706108160	-0.3783919267	-0.0024204394	1.9575942616
250.590228	1787824973778108160	-0.3846401523	0.0076869775	1.9322276020
250.690334	1787824973877108224	-0.3809672406	-0.0051248501	1.9102369059
250.791485	1787824973979108096	-0.3816724817	-0.0015180367	1.8822936689
250.894375	1787824974081107968	-0.3802417194	-0.0019874790	1.8657383848
251.001108	1787824974189108224	-0.3806147606	-0.0045698218	1.8275592280
251.099300	1787824974288108032	-0.3787562377	0.0021667674	1.8080194774
251.210550	1787824974399108096	-0.3822228902	0.0058470361	1.7686547688
251.317162	1787824974504108288	-0.3764805405	0.0025971570	1.7529711514
251.399265	1787824974588108288	-0.3762827275	0.0021603504	1.7250083610
251.502779	1787824974690108416	-0.3841548980	-0.0018160468	1.7093830333
251.609013	1787824974798108160	-0.3811007071	-0.0016377752	1.6762620677
251.697337	1787824974885108224	-0.3854796000	-0.0024220378	1.6449294903
251.800423	1787824974987108352	-0.3867144262	-0.0044860525	1.6127281125
251.897897	1787824975086108160	-0.3823037780	0.0037391578	1.5839706931
252.000181	1787824975188108288	-0.3826123907	-0.0032599836	1.5690461625
252.100734	1787824975290108160	-0.3801111956	0.0027844063	1.5392125311
252.188373	1787824975377108224	-0.3816559973	0.0007870492	1.5161828390
252.298313	1787824975485108224	-0.3844145956	-0.0033861002	1.4879950160
252.399113	1787824975587108096	-0.3813967153	-0.0009503565	1.4700775743
252.497706	1787824975686108160	-0.3734086472	-0.0023615959	1.4524056200
252.585336	1787824975773108224	-0.3781479786	0.0031635346	1.4205310023
252.692736	1787824975881108224	-0.3798271707	-0.0011978688	1.3914137339
252.799106	1787824975986108416	-0.3812224941	-0.0032565237	1.3587589752
252.898030	1787824976085108224	-0.3792969388	0.0014542247	1.3294915278
253.002257	1787824976190108416	-0.3836772760	-0.0047796384	1.3012152547
253.101619	1787824976289108224	-0.3753444655	0.0007571967	1.2761335263
253.190639	1787824976379108096	-0.3757946764	-0.0015725961	1.2547756984
253.307981	1787824976496108288	-0.3759944525	0.0015608189	1.2174064030
253.410333	1787824976598108416	-0.3647970001	0.0041697883	1.2036705286
253.497807	1787824976685108224	-0.3568640789	-0.0003717691	1.1799636941
253.597465	1787824976784108288	-0.3495307535	0.0038465539	1.1526950559
253.701515	1787824976889108224	-0.3399439277	-0.0005800410	1.1286286767
253.805919	1787824976994108160	-0.3388474179	0.0024625739	1.1088417103
253.892648	1787824977081107968	-0.3323506700	-0.0037728126	1.0853499800
254.000822	1787824977189108224	-0.3149680601	0.0066341071	1.0654725089
254.100914	1787824977288108032	-0.3041498198	0.0062752098	1.0389952956
254.195320	1787824977384108288	-0.3032251267	0.0013129474	1.0241632299
254.297042	1787824977486108416	-0.2865863395	-0.0002900343	0.9967749608
254.392138	1787824977579108352	-0.2743448090	-0.0024449110	0.9787438882
254.497694	1787824977687108352	-0.2645663986	-0.0033223476	0.9638334694
254.597292	1787824977786108160	-0.2463057126	-0.0015540441	0.9366947399
254.711539	1787824977900108032	-0.2381549349	0.0009340315	0.9025521371
254.797482	1787824977984108288	-0.2177809935	0.0011584841	0.9117097339
254.899906	1787824978089108224	-0.1992477153	-0.0053700194	0.8926572691
254.997103	1787824978185108224	-0.1853279998	0.0013582696	0.8781553159
255.103431	1787824978290108160	-0.1663481837	0.0006027343	0.8627520555
255.200991	1787824978389108224	-0.1472874055	0.0031402070	0.8476162736
255.300280	1787824978488108032	-0.1322822376	0.0012959905	0.8323890788
255.407804	1787824978596108288	-0.1178993925	0.0002793950	0.8290377214
255.497839	1787824978686108160	-0.1008149862	0.0043964164	0.8334212251
255.589310	1787824978776108288	-0.0928012937	-0.0037092550	0.8141825088
255.697028	1787824978884108288	-0.0797582877	0.0085876085	0.8205112167
255.796955	1787824978986108416	-0.0679850469	0.0028613207	0.7970953038
255.907821	1787824979097108224	-0.0463234147	-0.0028110070	0.7880210514
256.000634	1787824979190108416	-0.0387382672	-0.0028057583	0.8004697095
256.099121	1787824979286108160	-0.0457517462	-0.0012574695	0.8003368845
256.207428	1787824979394108416	-0.0282508537	-0.0062646912	0.7830289244
256.304432	1787824979493108224	-0.0282982107	-0.0060013893	0.7993974002
256.395229	1787824979583108096	-0.0221836644	-0.0017114735	0.7871307050
256.500727	1787824979688108288	-0.0097049090	-0.0010029678	0.7905585953
256.601928	1787824979790108160	-0.0068796623	-0.0008887194	0.7904943062
256.704101	1787824979892108288	-0.0071426594	-0.0014452602	0.7852745719
256.804248	1787824979991108096	0.0008850601	0.0033226998	0.7806756679
256.905911	1787824980093108224	-0.0061637613	-0.0028728302	0.7887934197
257.014260	1787824980201108224	-0.0033896695	0.0025992045	0.7882108766
257.098249	1787824980285107968	0.0033591591	0.0012321690	0.7945181853
257.198215	1787824980387108096	0.0049051537	0.0018164842	0.7826880164
257.289635	1787824980477108224	0.0011558439	-0.0002283826	0.7853382639
257.400111	1787824980588108288	0.0040356516	-0.0001231720	0.7878273860
257.500318	1787824980687108352	0.0011252279	-0.0006400575	0.7966826799
257.606363	1787824980795108352	0.0048540140	-0.0022117543	0.7907906487
257.706949	1787824980894108416	-0.0030326914	-0.0003889463	0.7874402015
257.809462	1787824980996108288	0.0011199123	-0.0028574901	0.7965883610
257.891001	1787824981080108288	-0.0023401321	-0.0021955182	0.7992244142
258.002729	1787824981191108352	-0.0030450589	-0.0011127122	0.7756513334
258.101156	1787824981290108160	-0.0002935949	0.0015917958	0.7684035213
258.200705	1787824981389108224	-0.0039870264	0.0017384695	0.7886429037
258.297866	1787824981485108224	-0.0058720944	-0.0013213303	0.7947861403
258.398882	1787824981587108096	-0.0002294354	0.0005736388	0.7743055644
258.498737	1787824981686108160	0.0003984413	0.0015228264	0.7833283251
258.607998	1787824981797108224	0.0055488575	-0.0028588733	0.7916018393
258.700842	1787824981890108160	-0.0030363524	-0.0010804087	0.7760296621
258.798028	1787824981986108416	-0.0035458794	-0.0020963961	0.7811492407
258.897574	1787824982085108224	-0.0042748533	-0.0032766537	0.7853100819
258.994831	1787824982184108288	-0.0014989665	0.0001211424	0.7828463535
259.104815	1787824982292108288	-0.0002250466	-0.0016173411	0.7814821272
259.193681	1787824982382108160	-0.0056159368	0.0013733862	0.7807739544
259.292172	1787824982481108224	0.0025305747	-0.0014972377	0.7853502516
259.402532	1787824982592108288	0.0026539179	-0.0013160384	0.7856133791
259.489233	1787824982676108032	0.0011141153	0.0058406400	0.7902535346
259.603563	1787824982793108224	-0.0016314280	0.0014073745	0.7790674333
259.705123	1787824982892108288	0.0009618888	0.0044961091	0.7859637078
259.800064	1787824982988108032	0.0010401048	0.0054954720	0.7846173519
259.905324	1787824983093108224	-0.0014188972	0.0016308170	0.7849775620
260.005426	1787824983192108032	-0.0037092234	-0.0046003290	0.7823144626
260.101269	1787824983288108032	0.0014588736	-0.0001366287	0.7797881450
260.200403	1787824983387108096	0.0021029869	0.0020700393	0.7953326290
260.301088	1787824983489108224	-0.0025776286	-0.0057055877	0.7760442561
260.401999	1787824983591108352	-0.0060255820	0.0032955615	0.7793204840
260.514583	1787824983702108160	0.0013593034	-0.0058929038	0.7960287895
260.597554	1787824983786108160	0.0035894814	0.0004897539	0.7907037022
260.700298	1787824983888108288	-0.0018431438	-0.0019985619	0.8037392037
260.794251	1787824983981108224	-0.0047271911	-0.0069251596	0.7728689708
260.903612	1787824984092108288	-0.0034567099	0.0001596659	0.7833402088
261.003555	1787824984191108352	-0.0110319102	-0.0012323810	0.7939497317
261.098339	1787824984287108096	0.0028323724	0.0008278473	0.7862941880
261.207125	1787824984395108096	-0.0053785576	0.0039563898	0.7768102390
261.299570	1787824984488108032	-0.0037795321	0.0015154382	0.7924147598
261.403320	1787824984590108160	-0.0013193592	-0.0043707286	0.7881906218
261.502659	1787824984692108032	0.0056006968	-0.0015718761	0.7881600421
261.604467	1787824984791108096	-0.0015542085	0.0030987264	0.7847771816
261.709954	1787824984899108096	-0.0062156509	-0.0016967198	0.7830402698
261.794901	1787824984983108352	0.0039127733	-0.0023735048	0.7806739361
261.907165	1787824985094108160	-0.0000431891	0.0038182821	0.7889989685
262.008449	1787824985196108032	0.0000061351	-0.0003804629	0.7873292923
262.107398	1787824985295108352	-0.0052761645	0.0011008830	0.7756371716
262.197886	1787824985385108224	-0.0061503759	0.0008323170	0.7824257142
262.300501	1787824985490108160	-0.0036594110	0.0009144733	0.7892494705
262.398783	1787824985586108160	0.0046473248	-0.0025624880	0.7929003728
262.501371	1787824985688108288	-0.0052142271	-0.0037662384	0.7821094634
262.601909	1787824985790108160	-0.0009677172	0.0030799960	0.7991771406
262.706964	1787824985895108096	-0.0045589432	-0.0025054004	0.7839044492
262.801339	1787824985988108032	0.0039760863	0.0075385450	0.7857606228
262.885790	1787824986075108352	0.0100706963	0.0012265358	0.7869898291
262.999587	1787824986189108224	-0.0071178444	-0.0005578643	0.7904541520
263.110048	1787824986297108224	0.0030005096	-0.0023512805	0.7821510246
263.203400	1787824986390108160	0.0036001293	0.0029657191	0.7907695215
263.306955	1787824986495108096	-0.0031711012	-0.0030867021	0.7812627386
263.382126	1787824986570108160	0.0000970396	0.0008021366	0.8028247752
263.494314	1787824986681108224	-0.0052812379	0.0083030512	0.7968390802
263.592503	1787824986780108288	-0.0035419475	0.0021754267	0.7705810729
263.701314	1787824986888108288	0.0018466731	0.0017899878	0.7837848356
263.803254	1787824986990108160	-0.0008410340	0.0037727533	0.7870999034
263.890423	1787824987077108224	0.0053517854	-0.0021113594	0.7900343614
264.002565	1787824987191108352	0.0037698800	-0.0017026996	0.7807924686
264.097895	1787824987287108096	-0.0023683922	0.0023285945	0.7968944022
264.196522	1787824987386108160	-0.0036190279	0.0040914614	0.7905945715
264.295902	1787824987485108224	-0.0018134597	0.0016525986	0.7872418883
264.395142	1787824987584108032	0.0030835217	-0.0016735506	0.7847891363
264.493973	1787824987683108096	0.0054418550	-0.0003179487	0.7819513197
264.593662	1787824987782108416	0.0038181601	0.0013755764	0.7860837101
264.711175	1787824987899108096	-0.0060400267	-0.0012707023	0.7869072792
264.806453	1787824987995108096	-0.0064378285	-0.0000645765	0.7895464665
264.909330	1787824988097108224	0.0039213429	0.0022443488	0.7882661816
264.996240	1787824988184108288	-0.0024321553	0.0026714432	0.7731477997
265.102858	1787824988292108288	-0.0043056742	0.0015579981	0.7784374854
265.194824	1787824988382108160	-0.0037704928	-0.0003476111	0.7919436291
265.297484	1787824988484108288	0.0043727779	0.0009503885	0.7850612371
265.401762	1787824988589108224	-0.0007531348	0.0026590988	0.7768486899
265.493120	1787824988682108160	0.0038039737	-0.0008064814	0.7932744773
265.599222	1787824988787108096	-0.0004106237	-0.0012988761	0.7813908532
265.701755	1787824988889108224	0.0020892445	0.0030238541	0.7722173095
265.789713	1787824988979108096	0.0001821415	0.0040357306	0.7902453864
265.902496	1787824989090108160	-0.0025033057	0.0017593284	0.7870810687
266.000730	1787824989189108224	0.0020225849	-0.0002830725	0.7772317566
266.100362	1787824989288108032	0.0041613816	0.0033991652	0.7805007273
266.204499	1787824989393108224	-0.0015614526	0.0007592366	0.7854121445
266.299843	1787824989489108224	0.0015700031	0.0067342100	0.7857669988
266.394312	1787824989582108160	-0.0003852294	-0.0035536965	0.7882434087
266.496247	1787824989684108288	-0.0051665994	-0.0025962307	0.7816986836
266.607596	1787824989795108352	-0.0027784430	0.0004687267	0.7831711647
266.700421	1787824989888108288	-0.0054930059	0.0028725816	0.7828140105
266.806970	1787824989996108288	0.0003889053	-0.0016109760	0.7887157329
266.891455	1787824990080108288	0.0022287692	-0.0051975008	0.7844296359
267.010404	1787824990197108224	-0.0022993768	-0.0075377283	0.7966079472
267.099057	1787824990287108096	-0.0007671465	-0.0028886701	0.7872510578
267.191287	1787824990380108032	0.0016900595	-0.0041302384	0.7781937943
267.292095	1787824990479108096	0.0056064089	0.0079011420	0.7854813705
267.411181	1787824990599108096	0.0011534655	0.0014469603	0.7944324411
267.493116	1787824990680108288	-0.0063785782	-0.0004000670	0.7939451604
267.602209	1787824990791108096	0.0019953531	-0.0082375832	0.7727267115
267.681616	1787824990869108224	-0.0020403414	0.0067106724	0.7797308106
267.810118	1787824990998108160	-0.0023142505	-0.0058867585	0.7937889143
267.907594	1787824991097108224	0.0055349087	0.0005933475	0.7925487479
268.000599	1787824991190108416	0.0064536127	0.0064498528	0.7872718598
268.094333	1787824991283108352	-0.0009284412	0.0367035288	0.7936048196
268.203647	1787824991391108352	-0.0024594488	0.0769876130	0.7684287668
268.307170	1787824991496108288	-0.0019235548	0.1195056669	0.7844983430
268.395585	1787824991583108096	-0.0000452327	0.1603677269	0.7803094691
268.502874	1787824991691108352	-0.0004442957	0.1979050786	0.7832892292
268.597705	1787824991787108096	-0.0043963714	0.2252008376	0.7879243634
268.696028	1787824991883108096	-0.0010251607	0.2745708046	0.7940929741
268.800376	1787824991988108032	0.0041761328	0.3087586695	0.7826576639
268.900491	1787824992087108096	0.0016538363	0.3420711070	0.7810411269
268.985273	1787824992174108160	-0.0020697021	0.3764210990	0.7837727438
269.089146	1787824992276108288	-0.0059083972	0.4137497611	0.7883012397
269.210305	1787824992399108096	0.0029889436	0.4614514557	0.7993212567
269.308792	1787824992498108160	-0.0039575295	0.4953350764	0.7919229274
269.418366	1787824992606108160	0.0006414407	0.5263540124	0.7785471065
269.502689	1787824992690108416	0.0003540544	0.5544645910	0.7821467551
269.590852	1787824992780108288	0.0025947348	0.5818201605	0.7951121149
269.701508	1787824992891108352	-0.0013860053	0.6236029836	0.7877400839
269.804871	1787824992993108224	-0.0051262854	0.6465133779	0.7764114037
269.906461	1787824993095108352	-0.0005992808	0.6770581265	0.7786718023
270.005384	1787824993194108160	-0.0007897549	0.7029437112	0.7933687276
270.100615	1787824993290108160	-0.0040856414	0.6820138830	0.7763281083
270.219545	1787824993407108352	-0.0052282672	0.6371471399	0.7708230320
270.296216	1787824993485108224	0.0042367199	0.6191690423	0.7865393936
270.402676	1787824993590108160	-0.0011428487	0.5824333675	0.7908859748
270.493465	1787824993680108288	0.0018019429	0.5557521924	0.7845167671
270.605292	1787824993794108160	-0.0071604129	0.5191142195	0.7975017514
270.705034	1787824993893108224	-0.0035371302	0.4815082161	0.7972115496
270.802665	1787824993992108032	-0.0040325930	0.4513780483	0.7685709515
270.901587	1787824994091108352	0.0038671591	0.4247078853	0.7823120292
271.016270	1787824994205108224	-0.0029925394	0.3748989412	0.7837336394
271.102192	1787824994289108224	-0.0058728023	0.3494264963	0.7798087798
271.204434	1787824994391108352	-0.0008722956	0.3040879508	0.7778668744
271.301602	1787824994490108160	0.0011899368	0.2711076841	0.7957339139
271.395429	1787824994583108096	-0.0049537718	0.2313840383	0.7884973737
271.500945	1787824994688108288	-0.0002668898	0.1921905172	0.7993309512
271.607354	1787824994796108288	0.0010537549	0.1551325746	0.7888315337
271.705349	1787824994892108288	-0.0042868679	0.1206397542	0.7924807210
271.798564	1787824994988108032	-0.0052275183	0.0768380568	0.7844446525
271.907796	1787824995096108288	-0.0017074946	0.0391358732	0.7830967135
271.994209	1787824995183108096	-0.0035764556	0.0003965054	0.7985407474
272.101607	1787824995291108096	0.0033981590	0.0021667872	0.7916237461
272.191219	1787824995378108160	0.0054377605	-0.0002076889	0.7876763758
272.302512	1787824995492108032	-0.0003529499	0.0088111296	0.7762085544
272.401703	1787824995591108352	0.0020099483	0.0013823724	0.7898577334
272.511451	1787824995699108096	-0.0054263033	0.0023835743	0.7853068695
272.599221	1787824995786108160	-0.0020725514	0.0015778801	0.7815567763
272.705352	1787824995894108416	0.0019827187	-0.0001559360	0.7852183483
272.792870	1787824995981108224	0.0025839270	0.0016452971	0.7876722304
272.901494	1787824996089108224	-0.0013721809	-0.0024417272	0.7857626480
273.003358	1787824996191108352	-0.0006675369	-0.0064733375	0.7900118209
273.102204	1787824996290108160	-0.0025221005	-0.0050769428	0.7812422644
273.205376	1787824996392108288	0.0020915384	0.0030884974	0.7787717342
273.302160	1787824996491108096	-0.0037489596	0.0013260681	0.7828270141
273.403938	1787824996593108224	0.0047483968	0.0038592814	0.7994612513
273.504677	1787824996692108032	0.0008633760	-0.0016960561	0.7659763523
273.605345	1787824996794108160	-0.0019897736	-0.0051044606	0.7834387442
273.697738	1787824996887108096	0.0075329648	0.0006993608	0.7850355729
273.807816	1787824996995108096	-0.0034854437	0.0024599904	0.7720818658
273.895532	1787824997085108224	0.0010764319	-0.0008070882	0.7975941213
273.993804	1787824997181108224	0.0008350740	-0.0053314950	0.7966781533
274.083164	1787824997271108096	0.0016635565	-0.0006105923	0.7695020976
274.192536	1787824997382108160	-0.0048932561	-0.0018183251	0.7779457594
274.304391	1787824997493108224	0.0027355104	0.0007485218	0.7758393536
274.399279	1787824997586108160	0.0081431393	0.0050334594	0.7836382751
274.493540	1787824997682108160	0.0042243254	0.0011064591	0.7997479743
274.606233	1787824997793108224	-0.0002231649	-0.0045931587	0.7806235010
274.697016	1787824997886108160	-0.0032344718	-0.0004036725	0.7908519662
274.805404	1787824997994108160	-0.0013717697	-0.0070028680	0.7777755796
274.896220	1787824998084108032	0.0009362546	-0.0048182530	0.7948344003
274.989407	1787824998177108224	-0.0068963970	-0.0028741674	0.7907190710
275.099207	1787824998288108032	0.0016925243	-0.0016105257	0.7849685936
275.203420	1787824998390108160	0.0001478335	-0.0014727220	0.7848175943
275.300415	1787824998489108224	0.0091491386	-0.0015409034	0.7706829440
275.398247	1787824998585108224	-0.0079736914	0.0047854818	0.7918823834
275.503343	1787824998690108416	-0.0034694651	0.0077515925	0.7799638580
275.600694	1787824998789108224	0.0028994161	0.0051496730	0.7805857404
275.692109	1787824998879108096	0.0057418238	-0.0044130932	0.7935685029
275.797034	1787824998984108288	0.0037812983	-0.0037739310	0.7946739518
275.906579	1787824999095108352	0.0016675759	-0.0055026952	0.7889530315
276.002948	1787824999191108352	-0.0014551241	0.0031225546	0.7799225950
276.093094	1787824999281108224	0.0010914312	-0.0026116219	0.7887745319
276.197369	1787824999386108160	0.0022820894	0.0002429034	0.7809454339
276.292489	1787824999479108096	-0.0012215287	-0.0005538033	0.7702720145
276.403218	1787824999590108160	0.0051894683	0.0004985643	0.7826862917
276.503454	1787824999692108032	0.0043185905	-0.0019362830	0.7929589804
276.605126	1787824999794108160	0.0026284439	-0.0002422937	0.7853937060
276.702696	1787824999890108160	-0.0025431963	0.0029692076	0.7890363459
276.802777	1787824999992108032	-0.0022087549	-0.0018717571	0.7909861904
276.897848	1787825000085108224	-0.0004869658	-0.0002084706	0.7841292598
276.999273	1787825000187108352	-0.0019643447	-0.0018614748	0.7830140187
277.100857	1787825000289108224	-0.0030219166	-0.0035439298	0.7721732703
277.193717	1787825000382108160	0.0006853766	-0.0038756424	0.7844585921
277.296614	1787825000484108288	0.0040068802	-0.0002820735	0.7839887641
277.401637	1787825000589108224	-0.0036028019	-0.0011469264	0.7899234187
277.496954	1787825000685108224	-0.0035899548	0.0007583955	0.7949599434
277.600595	1787825000790108160	0.0040513719	0.0019621318	0.7904029867
277.701522	1787825000889108224	-0.0038916204	0.0002320554	0.7887146297
277.801053	1787825000988108032	-0.0002052731	0.0015925623	0.7869144620
277.906827	1787825001096108288	-0.0024730768	0.0023818533	0.7840227864
278.001929	1787825001189108224	-0.0001681516	0.0007849463	0.7792356355
278.093173	1787825001282108416	-0.0051991326	-0.0039462074	0.7956017553
278.200112	1787825001387108096	0.0032906047	0.0030356213	0.7830559751
278.298514	1787825001486108416	-0.0013890282	0.0054660578	0.7897316907
278.394869	1787825001582108160	-0.0009558092	0.0023739699	0.7896554254
278.491458	1787825001678108160	0.0029207903	-0.0014233263	0.7931120066
278.601589	1787825001789108224	-0.0011142464	-0.0081334089	0.7762213130
278.700197	1787825001888108288	-0.0004493555	0.0052640168	0.7783231775
278.805684	1787825001993108224	-0.0012708278	-0.0051111126	0.7860737965
278.905221	1787825002092108288	0.0022812163	0.0055722139	0.7886405791
278.990271	1787825002179108096	0.0052983296	0.0041931744	0.7887171291
279.096751	1787825002284108288	0.0030969004	0.0013083510	0.7982170715
279.194860	1787825002383108096	0.0060007769	-0.0013459009	0.7813536239
279.292161	1787825002479108096	-0.0015745282	0.0020704755	0.7825192022
279.410854	1787825002599108096	-0.0021498293	-0.0000165377	0.7881471161
279.507024	1787825002695108096	0.0007472000	-0.0018387888	0.7905453000
279.598805	1787825002788108032	0.0033711444	0.0013093946	0.7913052513
279.699018	1787825002887108096	-0.0035579546	-0.0022824977	0.7868638275
279.802066	1787825002989108224	0.0004164114	-0.0030336484	0.7961945472
279.892229	1787825003079108352	-0.0023164434	0.0030082984	0.7861109680
280.003183	1787825003190108416	-0.0010969148	-0.0013248976	0.7831728989
280.104555	1787825003292108288	-0.0030565841	-0.0022074896	0.7846527577
280.193447	1787825003382108160	-0.0021436438	-0.0020094932	0.7876613022
280.294912	1787825003484108288	-0.0007502274	0.0020593008	0.7776604943
280.403325	1787825003592108288	-0.0009339649	0.0005825493	0.7853681887
280.500398	1787825003688108288	0.0011652215	-0.0027481515	0.7940951675
280.602910	1787825003790108160	0.0008027823	0.0071895719	0.7878110412
280.693135	1787825003880108032	-0.0017812408	0.0026332765	0.7892902297
280.811889	1787825004000108288	-0.0022251132	0.0038113876	0.7856731662
280.894596	1787825004084108032	-0.0033716401	-0.0057169342	0.7921261271
280.999876	1787825004189108224	0.0053340625	0.0006112840	0.7851209421
281.100299	1787825004288108032	0.0045253237	0.0038025448	0.7763576664
281.189923	1787825004378108160	0.0033039866	0.0029830772	0.7840689687
281.301154	1787825004489108224	-0.0003906165	0.0013040442	0.7909511626
281.399052	1787825004588108288	0.0003145888	0.0049410369	0.7769402716
281.492453	1787825004681108224	-0.0067078817	0.0076332138	0.7757623953
281.602261	1787825004789108224	0.0011078718	0.0053698580	0.7784457223
281.699937	1787825004888108288	-0.0027867602	0.0021902865	0.7856065906
281.793843	1787825004981108224	-0.0019555056	0.0037807170	0.7879893476
281.897189	1787825005086108160	-0.0012795514	0.0053344159	0.7750050136
282.020926	1787825005209108224	0.0025002649	-0.0008758827	0.7712705170
282.100563	1787825005290108160	-0.0020179062	0.0028685316	0.7814492042
282.196277	1787825005383108096	0.0035063199	0.0119223422	0.7792537167
282.297130	1787825005485108224	0.0022291334	-0.0019294969	0.7910666266
282.403777	1787825005593108224	0.0061549744	0.0000774566	0.7912577961
282.490426	1787825005677108224	-0.0009996561	0.0020562092	0.7768686795
282.593633	1787825005782108416	0.0024618945	0.0023779562	0.7819240277
282.697910	1787825005887108096	0.0031709777	0.0016298137	0.7758677060
282.799272	1787825005986108416	-0.0003124304	-0.0042717790	0.7896160459
282.900121	1787825006088108288	0.0006084388	-0.0006376334	0.7773458001
283.003844	1787825006193108224	-0.0062609359	0.0032529787	0.7909895187
283.084948	1787825006274108160	0.0060365512	0.0021706269	0.7928413517
283.202517	1787825006391108352	-0.0010850183	0.0049014974	0.7799143897
283.300863	1787825006490108160	-0.0027349766	-0.0050666733	0.7789958567
283.399606	1787825006589108224	0.0003962502	0.0005989367	0.7658305933
283.496861	1787825006685108224	0.0019801802	-0.0044758562	0.7830089826
283.596739	1787825006784108288	0.0010239804	-0.0009247971	0.7873170958
283.696068	1787825006883108096	0.0029983352	-0.0010144458	0.7829756214
283.793240	1787825006982108160	-0.0042536489	-0.0004847233	0.7761868181
283.908256	1787825007096108288	0.0039759110	0.0042670185	0.7873892828
283.998372	1787825007186108160	-0.0006136080	-0.0041584887	0.7858051850
284.093724	1787825007282108416	0.0017109600	0.0029460453	0.7976246793
284.193513	1787825007381108224	0.0060619106	-0.0039264638	0.7780084409
284.295068	1787825007483108352	-0.0001573180	0.0038110953	0.7869512498
284.400250	1787825007588108288	-0.0033836769	-0.0055411586	0.7891169782
284.499854	1787825007687108352	-0.0003230002	-0.0050464464	0.7794834237
284.600490	1787825007789108224	0.0009730816	-0.0039692828	0.7815628388
284.708061	1787825007897108224	-0.0005132421	0.0002314617	0.7844001925
284.807791	1787825007996108288	0.0017751021	0.0031562700	0.7811112322
284.895260	1787825008083108096	0.0012641835	0.0048385974	0.7872275404
284.991839	1787825008179108096	-0.0009990314	0.0012109323	0.7738862150
285.096268	1787825008284108288	0.0008660322	0.0031236959	0.7839661602
285.199503	1787825008389108224	0.0016538830	0.0004114157	0.7795762267
285.288034	1787825008476108288	0.0015006533	0.0033834829	0.7860346383
285.400431	1787825008587108096	0.0045296323	-0.0059086859	0.7739452885
285.504640	1787825008692108032	0.0030044528	0.0025981386	0.7802923170
285.603319	1787825008791108096	-0.0051360619	0.0006065393	0.7852417496
285.697984	1787825008887108096	-0.0051989828	-0.0014218120	0.7780821079
285.793146	1787825008980108288	0.0029671732	0.0011339907	0.7899822644
285.899493	1787825009088108288	-0.0017953980	0.0005693219	0.7937236659
286.006177	1787825009193108224	-0.0034102591	0.0042519730	0.7885161998
286.105014	1787825009292108288	-0.0032735971	0.0031058886	0.7836335192
286.203816	1787825009391108352	0.0053401590	0.0044155941	0.7823282666
286.299257	1787825009487108352	-0.0003964275	-0.0036877071	0.7869595143
286.399349	1787825009586108160	-0.0040206430	0.0020617898	0.7908211589
286.496297	1787825009685108224	-0.0028800753	0.0045904630	0.7798773925
286.595595	1787825009784108288	-0.0036222385	0.0003552687	0.7867401069
286.703986	1787825009892108288	0.0004858900	-0.0017000283	0.7806003063
286.810302	1787825009997108224	-0.0031035492	0.0047427618	0.7812413453
286.906403	1787825010093108224	0.0027052212	0.0007289788	0.7999536647
287.001521	1787825010189108224	0.0000262864	0.0050223722	0.7750597038
287.103854	1787825010291108096	0.0010212439	0.0074784007	0.7928822177
287.195002	1787825010384108288	-0.0008668763	-0.0045884051	0.7829225632
287.303168	1787825010492108032	0.0002201611	-0.0007919169	0.7885347197
287.397317	1787825010585108224	0.0020335364	0.0052094272	0.7835821199
287.495697	1787825010684108288	-0.0046012971	-0.0004572103	0.7919963198
287.602021	1787825010789108224	-0.0041768775	0.0017011674	0.7820192425
287.704925	1787825010894108416	-0.0032946965	-0.0009418603	0.7873975725
287.813075	1787825011002108160	0.0006450657	-0.0018684712	0.7920915475
287.905932	1787825011095108352	0.0048335946	-0.0007025630	0.7992027896
287.993661	1787825011182108160	-0.0071982287	0.0014103649	0.7825368332
288.105652	1787825011293108224	0.0053556487	-0.0006766369	0.7839382213
288.200551	1787825011389108224	-0.0021393733	0.0007424630	0.7848801457
288.299960	1787825011488108032	-0.0029507511	0.0008742128	0.7926841818
288.394455	1787825011581107968	0.0015859747	-0.0029612779	0.7980762887
288.502781	1787825011692108032	-0.0008421535	-0.0012173119	0.7742817186
288.596250	1787825011785107968	-0.0057719449	0.0012670973	0.7819061784
288.686317	1787825011875108352	-0.0006278154	0.0035666637	0.7865327569
288.788215	1787825011977108224	0.0024911150	-0.0034345881	0.7794919589
288.885737	1787825012073108224	-0.0013042111	0.0031088302	0.7846605634
289.013102	1787825012202108160	0.0052822188	-0.0050964699	0.7829927249
289.100625	1787825012289108224	0.0041034190	-0.0015598780	0.7810050078
289.205080	1787825012394108416	0.0000968221	0.0025067174	0.7819974825
289.304048	1787825012493108224	0.0011970900	0.0014502143	0.7832268610
289.391596	1787825012580108288	-0.0042738296	-0.0009605552	0.7748182346
289.499305	1787825012688108288	-0.0025735888	-0.0029454906	0.7845166053
289.603829	1787825012793108224	0.0045602030	-0.0006920275	0.7767521099
289.703196	1787825012892108288	-0.0024957350	0.0017316035	0.7866076120
289.798396	1787825012985108224	-0.0019924430	0.0004994434	0.7921465333
289.897950	1787825013087108096	-0.0027875753	0.0025307935	0.7927493783
289.993984	1787825013183108096	-0.0042667884	-0.0016808476	0.7761629739
290.095728	1787825013285107968	0.0029069376	-0.0023789258	0.7750630496
290.203958	1787825013393108224	-0.0007336698	0.0020654356	0.7899805747
290.305471	1787825013492108032	-0.0038175984	0.0022183995	0.7857566583
290.396633	1787825013585108224	-0.0016899581	-0.0014166606	0.7809181304
290.501270	1787825013690108416	0.0045120006	0.0095230975	0.7845422767
290.601608	1787825013789108224	-0.0024330437	0.0009861243	0.7903437571
290.695483	1787825013882108160	-0.0053199006	0.0040219391	0.7828861832
290.797419	1787825013984108288	-0.0019883739	0.0047950607	0.7964838032
290.903758	1787825014092108288	-0.0000240328	0.0000328772	0.7914375902
290.991291	1787825014179108096	-0.0057679225	-0.0038493349	0.7801622836
291.092091	1787825014281108224	0.0054829001	0.0043920065	0.7685304564
291.195700	1787825014383108096	0.0006203087	0.0066976989	0.7921791499
291.298267	1787825014485108224	-0.0032448088	-0.0020401185	0.7950945515
291.401481	1787825014590108160	-0.0007950771	0.0022850548	0.7836901280
291.516647	1787825014704108288	-0.0024146367	0.0006755316	0.7804384186
291.609308	1787825014797108224	-0.0031813115	0.0070305725	0.7903223230
291.692172	1787825014881108224	-0.0036069426	0.0067816675	0.7883461825
291.802493	1787825014989108224	-0.0018365751	0.0014218615	0.7821773587
291.905794	1787825015094108160	-0.0002209091	-0.0026048697	0.7861061998
292.006029	1787825015193108224	0.0039863810	0.0031862090	0.7815661300
292.093093	1787825015280108288	-0.0008366710	0.0046198296	0.7955243839
292.192386	1787825015379108096	-0.0035692687	0.0033126564	0.7892832055
292.289875	1787825015478108160	-0.0009731680	-0.0041079151	0.7831601174
292.398315	1787825015586108160	-0.0025636387	-0.0052436228	0.7866164761
292.503594	1787825015691108352	0.0040390043	-0.0030129341	0.7857591298
292.604886	1787825015793108224	0.0012279129	-0.0005378934	0.7891342131
292.696520	1787825015886108160	-0.0006764052	0.0016816797	0.7877370704
292.803679	1787825015991108096	0.0051525483	-0.0016477788	0.7872189305
292.898009	1787825016087108096	0.0053631375	-0.0005616017	0.7866415333
293.008677	1787825016198108160	-0.0044315947	-0.0022907431	0.7842458126
293.106379	1787825016294108160	0.0043005585	0.0005569865	0.7794967738
293.198466	1787825016387108096	0.0046016575	-0.0004655779	0.7969176746
293.299083	1787825016486108416	-0.0019478188	0.0012652296	0.7809004681
293.392390	1787825016579108352	0.0046481810	-0.0025240384	0.7802128864
293.496163	1787825016684108288	0.0052552822	0.0007728337	0.7876267690
293.607454	1787825016795108352	-0.0027501213	0.0036468789	0.7745644508
293.700672	1787825016888108288	-0.0032596353	0.0002537039	0.7832856189
293.799769	1787825016987108352	-0.0029696679	-0.0049696400	0.7959985651
293.898149	1787825017086108160	-0.0034435797	-0.0017009352	0.7839104556
294.009318	1787825017197108224	0.0032501602	-0.0053225579	0.7836263331
294.105189	1787825017293108224	-0.0016704155	-0.0023477789	0.7950344394
294.203113	1787825017392108288	-0.0001937084	-0.0014993183	0.7809831127
294.309187	1787825017497108224	0.0012018381	0.0000996106	0.7860945510
294.397184	1787825017584108032	-0.0012063746	-0.0017790676	0.7861958036
294.501369	1787825017689108224	-0.0042921063	0.0039698176	0.7813363821
294.604890	1787825017794108160	0.0041700419	0.0022523872	0.7885823974
294.702632	1787825017890108160	0.0001220251	0.0003391530	0.7837695255
294.801375	1787825017989108224	0.0000056555	0.0030915292	0.7783993023
294.905772	1787825018094108160	-0.0016044067	0.0044502666	0.7712033443
294.998730	1787825018187108352	-0.0010649090	0.0008488344	0.7949344278
295.096376	1787825018283108352	-0.0044633535	-0.0015888210	0.7922643662
295.190343	1787825018379108096	0.0024118253	0.0039909695	0.7796842578
295.292720	1787825018481108224	-0.0026677340	-0.0018301499	0.7781386940
295.404298	1787825018592108288	0.0042310418	0.0018378703	0.7822628206
295.495657	1787825018685108224	0.0001644976	0.0021025308	0.7764437120
295.605510	1787825018793108224	0.0020091410	-0.0060548148	0.7884406570
295.700170	1787825018889108224	0.0016372560	0.0019089053	0.7735279288
295.801906	1787825018991108096	0.0014466445	0.0004640444	0.7825110907
295.909365	1787825019096108288	0.0023559357	0.0052682133	0.7770716648
296.002600	1787825019192108032	-0.0021261938	-0.0093355609	0.7767314908
296.104533	1787825019294108160	0.0000680231	-0.0064400493	0.7771794798
296.208088	1787825019396108032	0.0022376794	-0.0005974741	0.7896583419
296.296556	1787825019486108416	0.0054390600	0.0048374150	0.7855140649
296.410228	1787825019597108224	0.0008395323	-0.0063663370	0.7723589225
296.506043	1787825019693108224	0.0037196199	-0.0007224056	0.7918527928
296.597320	1787825019786108160	0.0047559727	-0.0031692477	0.7986501242
296.695409	1787825019882108160	0.0098743174	0.0055874739	0.7838621672
296.805317	1787825019993108224	-0.0021181039	0.0011984684	0.7968839329
296.911259	1787825020098108416	0.0013625462	-0.0017404820	0.7936123152
297.008858	1787825020197108224	-0.0042880734	-0.0014474705	0.7695712070
297.088667	1787825020278108160	-0.0003961168	0.0043333630	0.7817478035
297.209906	1787825020398108160	-0.0029627315	0.0031471077	0.7790207990
297.305660	1787825020494108160	0.0020680026	0.0008998422	0.7818425005
297.401479	1787825020590108160	0.0034702916	0.0005612469	0.7758853095
297.501957	1787825020689108224	-0.0003387570	-0.0037807476	0.7828411667
297.589121	1787825020776108288	-0.0025056329	-0.0012693137	0.7879618400
297.704793	1787825020893108224	0.0012575610	-0.0053897490	0.7811513638
297.797872	1787825020986108416	-0.0039435976	0.0043225788	0.7885475482
297.895782	1787825021085108224	-0.0010706687	0.0021154462	0.7831778629
298.017159	1787825021205108224	-0.0077933030	-0.0042603205	0.7783503950
298.099972	1787825021289108224	-0.0054248770	-0.0000053386	0.7740337193
298.204737	1787825021394108416	0.0042738942	-0.0002208621	0.7786870694
298.306033	1787825021493108224	0.0006459753	-0.0011082339	0.7819177070
298.405035	1787825021592108288	-0.0040210213	-0.0032628372	0.7787217789
298.512410	1787825021700108288	0.0006266800	0.0032964071	0.7839799682
298.601922	1787825021790108160	0.0010323709	-0.0034884735	0.7984780774
298.695363	1787825021883108096	-0.0097874521	-0.0094916628	0.7771525217
298.798950	1787825021988108032	-0.0066869528	0.0004495002	0.7847357508
298.903195	1787825022090108160	-0.0037717931	0.0007974678	0.7793922184
299.001548	1787825022189108224	0.0003064486	0.0047348464	0.7856366001
299.085562	1787825022273108224	0.0030233819	-0.0007310305	0.7713798225
299.198696	1787825022387108096	-0.0023610872	0.0033767318	0.7929203466
299.296047	1787825022483108352	-0.0023430053	0.0074819592	0.7911792102
299.394955	1787825022582108160	0.0025028754	0.0082194602	0.7909904148
299.493010	1787825022681108224	0.0011248369	0.0068104777	0.7771979713
299.596073	1787825022783108352	-0.0074432019	0.0056446681	0.7814866893
299.702567	1787825022891108352	-0.0001593295	0.0052599770	0.7918964723
299.798606	1787825022987108352	0.0032997004	-0.0033163410	0.7775807275
299.901534	1787825023089108224	0.0003391406	0.0061657557	0.7918247872
