# time_s	timestamp_ns	latitude	longitude	altitude	vx	vy	vz
0.100000	1787824723287108096	47.641467922824795	-122.14016513120102	116.975	0.0	0.0	0.0
0.200000	1787824723389108224	47.641467922824795	-122.14016513120102	116.975	0.0	0.0	0.0
0.300000	1787824723488108032	47.641467922824795	-122.14016513120102	116.975	0.0	0.0	0.0
0.400000	1787824723587108096	47.641467922824795	-122.14016513120102	116.975	0.0	0.0	0.0
0.500000	1787824723689108224	47.641467922824795	-122.14016513120102	116.975	0.0	0.0	0.0
0.600000	1787824723788108032	47.641467922824795	-122.14016513120102	116.975	0.0	0.0	0.0
0.700000	1787824723887108096	47.641467922824795	-122.14016513120102	116.975	0.0	0.0	0.0
0.800000	1787824723989108224	47.641467922824795	-122.14016513120102	116.975	0.0	0.0	0.0
0.900000	1787824724088108288	47.641467922824795	-122.14016513120102	116.975	0.0	0.0	0.0
1.000000	1787824724187108352	47.641467922824795	-122.14016513120102	116.975	0.0	0.0	0.0
1.100000	1787824724289108224	47.641467922824795	-122.14016513120102	116.975	0.0	0.0	0.0
1.200000	1787824724388108288	47.641467922824795	-122.14016513120102	116.975	0.0	0.0	0.0
1.300000	1787824724487108352	47.641467922824795	-122.14016513120102	116.975	0.0	0.0	0.0
1.400000	1787824724589108224	47.641467922824795	-122.14016513120102	116.975	0.0	0.0	0.0
1.500000	1787824724688108288	47.641467922824795	-122.14016513120102	116.975	0.0	0.0	0.0
1.600000	1787824724787108096	47.641467922824795	-122.14016513120102	116.975	0.0	0.0	0.0
1.700000	1787824724889108224	47.641467922824795	-122.14016513120102	116.975	0.0	0.0	0.0
1.800000	1787824724988108032	47.641467922824795	-122.14016513120102	116.975	0.0	0.0	0.0
1.900000	1787824725087108096	47.641467922824795	-122.14016513120102	116.975	0.0	0.0	0.0
2.000000	1787824725189108224	47.641467922824795	-122.14016513120102	116.975	0.0	0.0	0.0
2.100000	1787824725288108032	47.641467922824795	-122.14016513120102	116.975	0.0	0.0	0.0
2.200000	1787824725387108096	47.641467922824795	-122.14016513120102	116.975	0.0	0.0	0.0
2.300000	1787824725489108224	47.641467922824795	-122.14016513120102	116.975	0.0	0.0	0.0
2.400000	1787824725588108288	47.641467922824795	-122.14016513120102	116.975	0.0	0.0	0.0
2.500000	1787824725687108352	47.641467922824795	-122.14016513120102	116.975	0.0	0.0	0.0
2.600000	1787824725789108224	47.641467922824795	-122.14016513120102	116.975	0.0	0.0	0.0
2.700000	1787824725888108288	47.641467922824795	-122.14016513120102	116.975	0.0	0.0	0.0
2.800000	1787824725987108352	47.641467922824795	-122.14016513120102	116.975	0.0	0.0	0.0
2.900000	1787824726089108224	47.641467922824795	-122.14016513120102	116.975	0.0	0.0	0.0
3.000000	1787824726188108288	47.641467922824795	-122.14016513120102	116.975	0.0	0.0	0.0
3.100000	1787824726287108096	47.641467922824795	-122.14016513120102	116.975	0.0	0.0	0.0
3.200000	1787824726389108224	47.641467922824795	-122.14016513120102	116.975	0.0	0.0	0.0
3.300000	1787824726488108032	47.641467922824795	-122.14016513120102	116.975	0.0	0.0	0.0
3.400000	1787824726587108096	47.641467922824795	-122.14016513120102	116.975	0.0	0.0	0.0
3.500000	1787824726689108224	47.641467922824795	-122.14016513120102	116.975	0.0	0.0	0.0
3.600000	1787824726788108032	47.641467922824795	-122.14016513120102	116.975	0.0	0.0	0.0
3.700000	1787824726887108096	47.641467922824795	-122.14016513120102	116.975	0.0	0.0	0.0
3.800000	1787824726989108224	47.641467922824795	-122.14016513120102	116.975	0.0	0.0	0.0
3.900000	1787824727088108288	47.641467922824795	-122.14016513120102	116.975	0.0	0.0	0.0
4.000000	1787824727187108352	47.641467922824795	-122.14016513120102	116.975	0.0	0.0	0.0
4.100000	1787824727289108224	47.641467922824795	-122.14016513120102	116.975	0.0	0.0	0.0
4.200000	1787824727388108288	47.641467922824795	-122.14016513120102	116.975	0.0	0.0	0.0
4.300000	1787824727487108352	47.641467922824795	-122.14016513120102	116.975	0.0	0.0	0.0
4.400000	1787824727589108224	47.641467922824795	-122.14016513120102	116.975	0.0	0.0	0.0
4.500000	1787824727688108288	47.641467922824795	-122.14016513120102	116.975	0.0	0.0	0.0
4.600000	1787824727787108096	47.641467922824795	-122.14016513120102	116.975	0.0	0.0	0.0
4.700000	1787824727889108224	47.641467922824795	-122.14016513120102	116.975	0.0	0.0	0.0
4.800000	1787824727988108032	47.641467922824795	-122.14016513120102	116.975	0.0	0.0	0.0
4.900000	1787824728087108096	47.641467922824795	-122.14016513120102	116.975	0.0	0.0	0.0
5.000000	1787824728189108224	47.641467922824795	-122.14016513120102	116.975	0.0	0.0	0.0
5.100000	1787824728288108032	47.641467922824795	-122.14016513120102	116.975	0.0	0.0	0.0
5.200000	1787824728387108096	47.641467922824795	-122.14016513120102	116.975	0.0	0.0	0.0
5.300000	1787824728489108224	47.641467922824795	-122.14016513120102	116.975	0.0	0.0	0.0
5.400000	1787824728588108288	47.641467922824795	-122.14016513120102	116.975	0.0	0.0	0.0
5.500000	1787824728687108352	47.641467922824795	-122.14016513120102	116.975	0.0	0.0	0.0
5.600000	1787824728789108224	47.641467922824795	-122.14016513120102	116.975	0.0	0.0	0.0
5.700000	1787824728888108288	47.641467922824795	-122.14016513120102	116.975	0.0	0.0	0.0
5.800000	1787824728987108352	47.641467922824795	-122.14016513120102	116.975	0.0	0.0	0.0
5.900000	1787824729089108224	47.641467922824795	-122.14016513120102	116.975	0.0	0.0	0.0
6.000000	1787824729188108288	47.641467922824795	-122.14016513120102	116.975	0.0	0.0	0.0
6.100000	1787824729287108096	47.641467922824795	-122.14016513120102	116.975	0.0	0.0	0.0
6.200000	1787824729389108224	47.641467922824795	-122.14016513120102	116.975	0.0	0.0	0.0
6.300000	1787824729488108032	47.641467922824795	-122.14016513120102	116.975	0.0	0.0	0.0
6.400000	1787824729587108096	47.641467922824795	-122.14016513120102	116.975	0.0	0.0	0.0
6.500000	1787824729689108224	47.641467922824795	-122.14016513120102	116.975	0.0	0.0	0.0
6.600000	1787824729788108032	47.641467922824795	-122.14016513120102	116.975	0.0	0.0	0.0
6.700000	1787824729887108096	47.641467922824795	-122.14016513120102	116.975	0.0	0.0	0.0
6.800000	1787824729989108224	47.641467922824795	-122.14016513120102	116.975	0.0	0.0	0.0
6.900000	1787824730088108288	47.641467922824795	-122.14016513120102	116.975	0.0	0.0	0.0
7.000000	1787824730187108352	47.641467922824795	-122.14016513120102	116.975	0.0	0.0	0.0
7.100000	1787824730289108224	47.641467922824795	-122.14016513120102	116.975	0.0	0.0	0.0
7.200000	1787824730388108288	47.641467922824795	-122.14016513120102	116.975	0.0	0.0	0.0
7.300000	1787824730487108352	47.641467922824795	-122.14016513120102	116.975	0.0	0.0	0.0
7.400000	1787824730589108224	47.641467922824795	-122.14016513120102	116.975	0.0	0.0	0.0
7.500000	1787824730688108288	47.641467922824795	-122.14016513120102	116.975	0.0	0.0	0.0
7.600000	1787824730787108096	47.641467922824795	-122.14016513120102	116.975	0.0	0.0	0.0
7.700000	1787824730889108224	47.641467922824795	-122.14016513120102	116.975	0.0	0.0	0.0
7.800000	1787824730988108032	47.641467922824795	-122.14016513120102	116.975	0.0	0.0	0.0
7.900000	1787824731087108096	47.641467922824795	-122.14016513120102	116.975	0.0	0.0	0.0
8.000000	1787824731189108224	47.641467922824795	-122.14016513120102	116.975	0.0	0.0	0.0
8.100000	1787824731288108032	47.641467922824795	-122.14016513120102	116.975	0.0	0.0	0.0
8.200000	1787824731387108096	47.641467922824795	-122.14016513120102	116.975	0.0	0.0	0.0
8.300000	1787824731489108224	47.641467922824795	-122.14016513120102	116.975	0.0	0.0	0.0
8.400000	1787824731588108288	47.641467922824795	-122.14016513120102	116.975	0.0	0.0	0.0
8.500000	1787824731687108352	47.641467922824795	-122.14016513120102	116.975	0.0	0.0	0.0
8.600000	1787824731789108224	47.641467922824795	-122.14016513120102	116.975	0.0	0.0	0.0
8.700000	1787824731888108288	47.641467922824795	-122.14016513120102	116.975	0.0	0.0	0.0
8.800000	1787824731987108352	47.641467922824795	-122.14016513120102	116.975	0.0	0.0	0.0
8.900000	1787824732089108224	47.641467922824795	-122.14016513120102	116.975	0.0	0.0	0.0
9.000000	1787824732188108288	47.641467922824795	-122.14016513120102	116.975	0.0	0.0	0.0
9.100000	1787824732287108096	47.641467922824795	-122.14016513120102	116.975	0.0	0.0	0.0
9.200000	1787824732389108224	47.641467922824795	-122.14016513120102	116.975	0.0	0.0	0.0
9.300000	1787824732488108032	47.641467922824795	-122.14016513120102	116.975	0.0	0.0	0.0
9.400000	1787824732587108096	47.641467922824795	-122.14016513120102	116.975	0.0	0.0	0.0
9.500000	1787824732689108224	47.641467922824795	-122.14016513120102	116.975	0.0	0.0	0.0
9.600000	1787824732788108032	47.641467922824795	-122.14016513120102	116.975	0.0	0.0	0.0
9.700000	1787824732887108096	47.641467922824795	-122.14016513120102	116.975	0.0	0.0	0.0
9.800000	1787824732989108224	47.641467922824795	-122.14016513120102	116.975	0.0	0.0	0.0
9.900000	1787824733088108288	47.641467922824795	-122.14016513120102	116.975	0.0	0.0	0.0
10.000000	1787824733187108352	47.641467922824795	-122.14016513120102	116.975	0.0	0.0	0.0
10.100000	1787824733289108224	47.641467922824795	-122.14016513120102	116.975	0.0	0.0	0.0
10.200000	1787824733388108288	47.641467922824795	-122.14016513120102	116.975	0.0	0.0	0.0
10.300000	1787824733487108352	47.641467922824795	-122.14016513120102	116.975	0.0	0.0	0.0
10.400000	1787824733589108224	47.641467922824795	-122.14016513120102	116.975	0.0	0.0	0.0
10.500000	1787824733688108288	47.641467922824795	-122.14016513120102	116.975	0.0	0.0	0.0
10.600000	1787824733787108096	47.641467922824795	-122.14016513120102	116.975	0.0	0.0	0.0
10.700000	1787824733889108224	47.641467922824795	-122.14016513120102	116.975	0.0	0.0	0.0
10.800000	1787824733988108032	47.641467922824795	-122.14016513120102	116.975	0.0	0.0	0.0
10.900000	1787824734087108096	47.641467922824795	-122.14016513120102	116.975	0.0	0.0	0.0
11.000000	1787824734189108224	47.641467922824795	-122.14016513120102	116.975	0.0	0.0	0.0
11.100000	1787824734288108032	47.641467922824795	-122.14016513120102	116.975	0.0	0.0	0.0
11.200000	1787824734387108096	47.641467922824795	-122.14016513120102	116.975	0.0	0.0	0.0
11.300000	1787824734489108224	47.641467922824795	-122.14016513120102	116.975	0.0	0.0	0.0
11.400000	1787824734588108288	47.641467922824795	-122.14016513120102	116.975	0.0	0.0	0.0
11.500000	1787824734687108352	47.641467922824795	-122.14016513120102	116.975	0.0	0.0	0.0
11.600000	1787824734789108224	47.641467922824795	-122.14016513120102	116.975	0.0	0.0	0.0
11.700000	1787824734888108288	47.641467922824795	-122.14016513120102	116.975	0.0	0.0	0.0
11.800000	1787824734987108352	47.641467922824795	-122.14016513120102	116.975	0.0	0.0	0.0
11.900000	1787824735089108224	47.641467922824795	-122.14016513120102	116.975	0.0	0.0	0.0
12.000000	1787824735188108288	47.641467922824795	-122.14016513120102	116.975	0.0	0.0	0.0
12.100000	1787824735287108096	47.641467922824795	-122.14016513120102	116.975	0.0	0.0	0.0
12.200000	1787824735389108224	47.641467922824795	-122.14016513120102	116.975	0.0	0.0	0.0
12.300000	1787824735488108032	47.641467922824795	-122.14016513120102	116.975	0.0	0.0	0.0
12.400000	1787824735587108096	47.641467922824795	-122.14016513120102	116.975	0.0	0.0	0.0
12.500000	1787824735689108224	47.641467922824795	-122.14016513120102	116.975	0.0	0.0	0.0
12.600000	1787824735788108032	47.641467922824795	-122.14016513120102	116.975	0.0	0.0	0.0
12.700000	1787824735887108096	47.641467922824795	-122.14016513120102	116.975	0.0	0.0	0.0
12.800000	1787824735989108224	47.641467922824795	-122.14016513120102	116.975	0.0	0.0	0.0
12.900000	1787824736088108288	47.641467922824795	-122.14016513120102	116.975	0.0	0.0	0.0
13.000000	1787824736187108352	47.641467922824795	-122.14016513120102	116.975	0.0	0.0	0.0
13.100000	1787824736289108224	47.641467922824795	-122.14016513120102	116.975	0.0	0.0	0.0
13.200000	1787824736388108288	47.641467922824795	-122.14016513120102	116.975	0.0	0.0	0.0
13.300000	1787824736487108352	47.641467922824795	-122.14016513120102	116.975	0.0	0.0	0.0
13.400000	1787824736589108224	47.641467922824795	-122.14016513120102	116.975	0.0	0.0	0.0
13.500000	1787824736688108288	47.641467922824795	-122.14016513120102	116.975	0.0	0.0	0.0
13.600000	1787824736787108096	47.641467922824795	-122.14016513120102	116.975	0.0	0.0	0.0
13.700000	1787824736889108224	47.641467922824795	-122.14016513120102	116.975	0.0	0.0	0.0
13.800000	1787824736988108032	47.641467922824795	-122.14016513120102	116.975	0.0	0.0	0.0
13.900000	1787824737087108096	47.641467922824795	-122.14016513120102	116.975	0.0	0.0	0.0
14.000000	1787824737189108224	47.641467922824795	-122.14016513120102	116.975	0.0	0.0	0.0
14.100000	1787824737288108032	47.641467922824795	-122.14016513120102	116.975	0.0	0.0	0.0
14.200000	1787824737387108096	47.641467922824795	-122.14016513120102	116.975	0.0	0.0	0.0
14.300000	1787824737489108224	47.641467922824795	-122.14016513120102	116.975	0.0	0.0	0.0
14.400000	1787824737588108288	47.641467922824795	-122.14016513120102	116.975	0.0	0.0	0.0
14.500000	1787824737687108352	47.641467922824795	-122.14016513120102	116.975	0.0	0.0	0.0
14.600000	1787824737789108224	47.641467922824795	-122.14016513120102	116.975	0.0	0.0	0.0
14.700000	1787824737888108288	47.641467922824795	-122.14016513120102	116.975	0.0	0.0	0.0
14.800000	1787824737987108352	47.641467922824795	-122.14016513120102	116.975	0.0	0.0	0.0
14.900000	1787824738089108224	47.641467922824795	-122.14016513120102	116.975	0.0	0.0	0.0
15.000000	1787824738188108288	47.641467922824795	-122.14016513120102	116.975	0.0	0.0	0.0
15.100000	1787824738287108096	47.641467922824795	-122.14016513120102	116.975	0.0	0.0	0.0
15.200000	1787824738389108224	47.641467922824795	-122.14016513120102	116.975	0.0	0.0	0.0
15.300000	1787824738488108032	47.641467922824795	-122.14016513120102	116.975	0.0	0.0	0.0
15.400000	1787824738587108096	47.641467922824795	-122.14016513120102	116.975	0.0	0.0	0.0
15.500000	1787824738689108224	47.641467922824795	-122.14016513120102	116.975	0.0	0.0	0.0
15.600000	1787824738788108032	47.641467922824795	-122.14016513120102	116.975	0.0	0.0	0.0
15.700000	1787824738887108096	47.641467922824795	-122.14016513120102	116.975	0.0	0.0	0.0
15.800000	1787824738989108224	47.641467922824795	-122.14016513120102	116.975	0.0	0.0	0.0
15.900000	1787824739088108288	47.641467922824795	-122.14016513120102	116.975	0.0	0.0	0.0
16.000000	1787824739187108352	47.641467922824795	-122.14016513120102	116.975	0.0	0.0	0.0
16.100000	1787824739289108224	47.641467922824795	-122.14016513120102	116.975	0.0	0.0	0.0
16.200000	1787824739388108288	47.641467922824795	-122.14016513120102	116.975	0.0	0.0	0.0
16.300000	1787824739487108352	47.641467922824795	-122.14016513120102	116.975	0.0	0.0	0.0
16.400000	1787824739589108224	47.641467922824795	-122.14016513120102	116.975	0.0	0.0	0.0
16.500000	1787824739688108288	47.641467922824795	-122.14016513120102	116.975	0.0	0.0	0.0
16.600000	1787824739787108096	47.641467922824795	-122.14016513120102	116.975	0.0	0.0	0.0
16.700000	1787824739889108224	47.641467922824795	-122.14016513120102	116.975	0.0	0.0	0.0
16.800000	1787824739988108032	47.641467922824795	-122.14016513120102	116.975	0.0	0.0	0.0
16.900000	1787824740087108096	47.641467922824795	-122.14016513120102	116.975	0.0	0.0	0.0
17.000000	1787824740189108224	47.641467922824795	-122.14016513120102	116.975	0.0	0.0	0.0
17.100000	1787824740288108032	47.641467922824795	-122.14016513120102	116.975	0.0	0.0	0.0
17.200000	1787824740387108096	47.641467922824795	-122.14016513120102	116.975	0.0	0.0	0.0
17.300000	1787824740489108224	47.641467922824795	-122.14016513120102	116.975	0.0	0.0	0.0
17.400000	1787824740588108288	47.641467922824795	-122.14016513120102	116.975	0.0	0.0	0.0
17.500000	1787824740687108352	47.641467922824795	-122.14016513120102	116.975	0.0	0.0	0.0
17.600000	1787824740789108224	47.641467922824795	-122.14016513120102	116.975	0.0	0.0	0.0
17.700000	1787824740888108288	47.641467922824795	-122.14016513120102	116.975	0.0	0.0	0.0
17.800000	1787824740987108352	47.641467922824795	-122.14016513120102	116.975	0.0	0.0	0.0
17.900000	1787824741089108224	47.641467922824795	-122.14016513120102	116.975	0.0	0.0	0.0
18.000000	1787824741188108288	47.641467922824795	-122.14016513120102	116.975	0.0	0.0	0.0
18.100000	1787824741287108096	47.641467922824795	-122.14016513120102	116.975	0.0	0.0	0.0
18.200000	1787824741389108224	47.641467922824795	-122.14016513120102	116.975	0.0	0.0	0.0
18.300000	1787824741488108032	47.641467922824795	-122.14016513120102	116.975	0.0	0.0	0.0
18.400000	1787824741587108096	47.641467922824795	-122.14016513120102	116.975	0.0	0.0	0.0
18.500000	1787824741689108224	47.641467922824795	-122.14016513120102	116.975	0.0	0.0	0.0
18.600000	1787824741788108032	47.641467922824795	-122.14016513120102	116.975	0.0	0.0	0.0
18.700000	1787824741887108096	47.641467922824795	-122.14016513120102	116.975	0.0	0.0	0.0
18.800000	1787824741989108224	47.641467922824795	-122.14016513120102	116.975	0.0	0.0	0.0
18.900000	1787824742088108288	47.641467922824795	-122.14016513120102	116.975	0.0	0.0	0.0
19.000000	1787824742187108352	47.641467922824795	-122.14016513120102	116.975	0.0	0.0	0.0
19.100000	1787824742289108224	47.641467922824795	-122.14016513120102	116.975	0.0	0.0	0.0
19.200000	1787824742388108288	47.641467922824795	-122.14016513120102	116.975	0.0	0.0	0.0
19.300000	1787824742487108352	47.641467922824795	-122.14016513120102	116.975	0.0	0.0	0.0
19.400000	1787824742589108224	47.641467922824795	-122.14016513120102	116.975	0.0	0.0	0.0
19.500000	1787824742688108288	47.641467922824795	-122.14016513120102	116.975	0.0	0.0	0.0
19.600000	1787824742787108096	47.641467922824795	-122.14016513120102	116.975	0.0	0.0	0.0
19.700000	1787824742889108224	47.641467922824795	-122.14016513120102	116.975	0.0	0.0	0.0
19.800000	1787824742988108032	47.641467922824795	-122.14016513120102	116.975	0.0	0.0	0.0
19.900000	1787824743087108096	47.641467922824795	-122.14016513120102	116.975	0.0	0.0	0.0
20.000000	1787824743189108224	47.641467922824795	-122.14016513120102	116.975	0.0	0.0	0.0
20.100000	1787824743288108032	47.641467922824795	-122.14016513120102	116.975	0.0	0.0	0.0
20.200000	1787824743387108096	47.641467922824795	-122.14016513120102	116.975	0.0	0.0	0.0
20.300000	1787824743489108224	47.641467922824795	-122.14016513120102	116.975	0.0	0.0	0.0
20.400000	1787824743588108288	47.641467922824795	-122.14016513120102	116.975	0.0	0.0	0.0
20.500000	1787824743687108352	47.641467922824795	-122.14016513120102	116.975	0.0	0.0	0.0
20.600000	1787824743789108224	47.641467922824795	-122.14016513120102	116.975	0.0	0.0	0.0
20.700000	1787824743888108288	47.641467922824795	-122.14016513120102	116.975	0.0	0.0	0.0
20.800000	1787824743987108352	47.641467922824795	-122.14016513120102	116.975	0.0	0.0	0.0
20.900000	1787824744089108224	47.641467922824795	-122.14016513120102	116.975	0.0	0.0	0.0
21.000000	1787824744188108288	47.641467922824795	-122.14016513120102	116.975	0.0	0.0	0.0
21.100000	1787824744287108096	47.641467922824795	-122.14016513120102	116.975	0.0	0.0	0.0
21.200000	1787824744389108224	47.641467922824795	-122.14016513120102	116.975	0.0	0.0	0.0
21.300000	1787824744488108032	47.641467922824795	-122.14016513120102	116.975	0.0	0.0	0.0
21.400000	1787824744587108096	47.641467922824795	-122.14016513120102	116.975	0.0	0.0	0.0
21.500000	1787824744689108224	47.641467922824795	-122.14016513120102	116.975	0.0	0.0	0.0
21.600000	1787824744788108032	47.641467922824795	-122.14016513120102	116.975	0.0	0.0	0.0
21.700000	1787824744887108096	47.641467922824795	-122.14016513120102	116.975	0.0	0.0	0.0
21.800000	1787824744989108224	47.641467922824795	-122.14016513120102	116.975	0.0	0.0	0.0
21.900000	1787824745088108288	47.641467922824795	-122.14016513120102	116.975	0.0	0.0	0.0
22.000000	1787824745187108352	47.641467922824795	-122.14016513120102	116.975	0.0	0.0	0.0
22.100000	1787824745289108224	47.641467922824795	-122.14016513120102	116.975	0.0	0.0	0.0
22.200000	1787824745388108288	47.641467922824795	-122.14016513120102	116.975	0.0	0.0	0.0
22.300000	1787824745487108352	47.641467922824795	-122.14016513120102	116.975	0.0	0.0	0.0
22.400000	1787824745589108224	47.641467922824795	-122.14016513120102	116.975	0.0	0.0	0.0
22.500000	1787824745688108288	47.641467922824795	-122.14016513120102	116.975	0.0	0.0	0.0
22.600000	1787824745787108096	47.641467922824795	-122.14016513120102	116.975	0.0	0.0	0.0
22.700000	1787824745889108224	47.641467922824795	-122.14016513120102	116.975	0.0	0.0	0.0
22.800000	1787824745988108032	47.641467922824795	-122.14016513120102	116.975	0.0	0.0	0.0
22.900000	1787824746087108096	47.641467922824795	-122.14016513120102	116.975	0.0	0.0	0.0
23.000000	1787824746189108224	47.641467922824795	-122.14016513120102	116.975	0.0	0.0	0.0
23.100000	1787824746288108032	47.641467922824795	-122.14016513120102	116.975	0.0	0.0	0.0
23.200000	1787824746387108096	47.641467922824795	-122.14016513120102	116.975	0.0	0.0	0.0
23.300000	1787824746489108224	47.641467922824795	-122.14016513120102	116.975	0.0	0.0	0.0
23.400000	1787824746588108288	47.641467922824795	-122.14016513120102	116.975	0.0	0.0	0.0
23.500000	1787824746687108352	47.641467922824795	-122.14016513120102	116.975	0.0	0.0	0.0
23.600000	1787824746789108224	47.641467922824795	-122.14016513120102	116.975	0.0	0.0	0.0
23.700000	1787824746888108288	47.641467922824795	-122.14016513120102	116.975	0.0	0.0	0.0
23.800000	1787824746987108352	47.641467922824795	-122.14016513120102	116.975	0.0	0.0	0.0
23.900000	1787824747089108224	47.641467922824795	-122.14016513120102	116.975	0.0	0.0	0.0
24.000000	1787824747188108288	47.641467922824795	-122.14016513120102	116.975	0.0	0.0	0.0
24.100000	1787824747287108096	47.641467922824795	-122.14016513120102	116.975	0.0	0.0	0.0
24.200000	1787824747389108224	47.641467922824795	-122.14016513120102	116.975	0.0	0.0	0.0
24.300000	1787824747488108032	47.641467922824795	-122.14016513120102	116.975	0.0	0.0	0.0
24.400000	1787824747587108096	47.641467922824795	-122.14016513120102	116.975	0.0	0.0	0.0
24.500000	1787824747689108224	47.641467922824795	-122.14016513120102	116.975	0.0	0.0	0.0
24.600000	1787824747788108032	47.641467922824795	-122.14016513120102	116.975	0.0	0.0	0.0
24.700000	1787824747887108096	47.641467922824795	-122.14016513120102	116.975	0.0	0.0	0.0
24.800000	1787824747989108224	47.641467922824795	-122.14016513120102	116.975	0.0	0.0	0.0
24.900000	1787824748088108288	47.641467922824795	-122.14016513120102	116.975	0.0	0.0	0.0
25.000000	1787824748187108352	47.641467922824795	-122.14016513120102	116.975	0.0	0.0	0.0
25.100000	1787824748289108224	47.641467922824795	-122.14016513120102	116.975	0.0	0.0	0.0
25.200000	1787824748388108288	47.641467922824795	-122.14016513120102	116.975	0.0	0.0	0.0
25.300000	1787824748487108352	47.641467922824795	-122.14016513120102	116.975	0.0	0.0	0.0
25.400000	1787824748589108224	47.641467922824795	-122.14016513120102	116.975	0.0	0.0	0.0
25.500000	1787824748688108288	47.641467922824795	-122.14016513120102	116.975	0.0	0.0	0.0
25.600000	1787824748787108096	47.641467922824795	-122.14016513120102	116.975	0.0	0.0	0.0
25.700000	1787824748889108224	47.641467922824795	-122.14016513120102	116.975	0.0	0.0	0.0
25.800000	1787824748988108032	47.641467922824795	-122.14016513120102	116.975	0.0	0.0	0.0
25.900000	1787824749087108096	47.641467922824795	-122.14016513120102	116.975	0.0	0.0	0.0
26.000000	1787824749189108224	47.641467922824795	-122.14016513120102	116.975	0.0	0.0	0.0
26.100000	1787824749288108032	47.641467922824795	-122.14016513120102	116.975	0.0	0.0	0.0
26.200000	1787824749387108096	47.641467922824795	-122.14016513120102	116.975	0.0	0.0	0.0
26.300000	1787824749489108224	47.641467922824795	-122.14016513120102	116.975	0.0	0.0	0.0
26.400000	1787824749588108288	47.641467922824795	-122.14016513120102	116.975	0.0	0.0	0.0
26.500000	1787824749687108352	47.641467922824795	-122.14016513120102	116.975	0.0	0.0	0.0
26.600000	1787824749789108224	47.641467922824795	-122.14016513120102	116.975	0.0	0.0	0.0
26.700000	1787824749888108288	47.641467922824795	-122.14016513120102	116.975	0.0	0.0	0.0
26.800000	1787824749987108352	47.641467922824795	-122.14016513120102	116.975	0.0	0.0	0.0
26.900000	1787824750089108224	47.641467922824795	-122.14016513120102	116.975	0.0	0.0	0.0
27.000000	1787824750188108288	47.641467922824795	-122.14016513120102	116.975	0.0	0.0	0.0
27.100000	1787824750287108096	47.641467922824795	-122.14016513120102	116.975	0.0	0.0	0.0
27.200000	1787824750389108224	47.641467922824795	-122.14016513120102	116.975	0.0	0.0	0.0
27.300000	1787824750488108032	47.641467922824795	-122.14016513120102	116.975	0.0	0.0	0.0
27.400000	1787824750587108096	47.641467922824795	-122.14016513120102	116.975	0.0	0.0	0.0
27.500000	1787824750689108224	47.641467922824795	-122.14016513120102	116.975	0.0	0.0	0.0
27.600000	1787824750788108032	47.641467922824795	-122.14016513120102	116.975	0.0	0.0	0.0
27.700000	1787824750887108096	47.641467922824795	-122.14016513120102	116.975	0.0	0.0	0.0
27.800000	1787824750989108224	47.641467922824795	-122.14016513120102	116.975	0.0	0.0	0.0
27.900000	1787824751088108288	47.641467922824795	-122.14016513120102	116.975	0.0	0.0	0.0
28.000000	1787824751187108352	47.641467922824795	-122.14016513120102	116.975	0.0	0.0	0.0
28.100000	1787824751289108224	47.641467922824795	-122.14016513120102	116.975	0.0	0.0	0.0
28.200000	1787824751388108288	47.641467922824795	-122.14016513120102	116.975	0.0	0.0	0.0
28.300000	1787824751487108352	47.641467922824795	-122.14016513120102	116.975	0.0	0.0	0.0
28.400000	1787824751589108224	47.641467922824795	-122.14016513120102	116.975	0.0	0.0	0.0
28.500000	1787824751688108288	47.641467922824795	-122.14016513120102	116.975	0.0	0.0	0.0
28.600000	1787824751787108096	47.641467922824795	-122.14016513120102	116.975	0.0	0.0	0.0
28.700000	1787824751889108224	47.641467922824795	-122.14016513120102	116.975	0.0	0.0	0.0
28.800000	1787824751988108032	47.641467922824795	-122.14016513120102	116.975	0.0	0.0	0.0
28.900000	1787824752087108096	47.641467922824795	-122.14016513120102	116.975	0.0	0.0	0.0
29.000000	1787824752189108224	47.641467922824795	-122.14016513120102	116.975	0.0	0.0	0.0
29.100000	1787824752288108032	47.641467922824795	-122.14016513120102	116.975	0.0	0.0	0.0
29.200000	1787824752387108096	47.641467922824795	-122.14016513120102	116.975	0.0	0.0	0.0
29.300000	1787824752489108224	47.641467922824795	-122.14016513120102	116.975	0.0	0.0	0.0
29.400000	1787824752588108288	47.641467922824795	-122.14016513120102	116.975	0.0	0.0	0.0
29.500000	1787824752687108352	47.641467922824795	-122.14016513120102	116.975	0.0	0.0	0.0
29.600000	1787824752789108224	47.641467922824795	-122.14016513120102	116.975	0.0	0.0	0.0
29.700000	1787824752888108288	47.641467922824795	-122.14016513120102	116.975	0.0	0.0	0.0
29.800000	1787824752987108352	47.641467922824795	-122.14016513120102	116.975	0.0	0.0	0.0
29.900000	1787824753089108224	47.641467922824795	-122.14016513120102	116.975	0.0	0.0	0.0
30.000000	1787824753188108288	47.641467922824795	-122.14016513120102	116.975	0.0	0.0	0.0
30.100000	1787824753287108096	47.641467922824795	-122.14016513120102	116.975	0.0	0.0	0.0
30.200000	1787824753389108224	47.641467922824795	-122.14016513120102	116.975	0.0	0.0	0.0
30.300000	1787824753488108032	47.641467922824795	-122.14016513120102	116.975	0.0	0.0	0.0
30.400000	1787824753587108096	47.641467922824795	-122.14016513120102	116.975	0.0	0.0	0.0
30.500000	1787824753689108224	47.641467922824795	-122.14016513120102	116.975	0.0	0.0	0.0
30.600000	1787824753788108032	47.641467922824795	-122.14016513120102	116.975	0.0	0.0	0.0
30.700000	1787824753887108096	47.641467922824795	-122.14016513120102	116.975	0.0	0.0	0.0
30.800000	1787824753989108224	47.641467922824795	-122.14016513120102	116.975	0.0	0.0	0.0
30.900000	1787824754088108288	47.641467922824795	-122.14016513120102	116.975	0.0	0.0	0.0
31.000000	1787824754187108352	47.641467922824795	-122.14016513120102	116.975	0.0	0.0	0.0
31.100000	1787824754289108224	47.641467922824795	-122.14016513120102	116.975	0.0	0.0	0.0
31.200000	1787824754388108288	47.641467922824795	-122.14016513120102	116.975	0.0	0.0	0.0
31.300000	1787824754487108352	47.641467922824795	-122.14016513120102	116.975	0.0	0.0	0.0
31.400000	1787824754589108224	47.641467922824795	-122.14016513120102	116.975	0.0	0.0	0.0
31.500000	1787824754688108288	47.641467922824795	-122.14016513120102	116.975	0.0	0.0	0.0
31.600000	1787824754787108096	47.641467922824795	-122.14016513120102	116.975	0.0	0.0	0.0
31.700000	1787824754889108224	47.641467922824795	-122.14016513120102	116.975	0.0	0.0	0.0
31.800000	1787824754988108032	47.641467922824795	-122.14016513120102	116.975	0.0	0.0	0.0
31.900000	1787824755087108096	47.641467922824795	-122.14016513120102	116.975	0.0	0.0	0.0
32.000000	1787824755189108224	47.641467922824795	-122.14016513120102	116.975	0.0	0.0	0.0
32.100000	1787824755288108032	47.641467922824795	-122.14016513120102	116.975	0.0	0.0	0.0
32.200000	1787824755387108096	47.641467922824795	-122.14016513120102	116.975	0.0	0.0	0.0
32.300000	1787824755489108224	47.641467922824795	-122.14016513120102	116.975	0.0	0.0	0.0
32.400000	1787824755588108288	47.641467922824795	-122.14016513120102	116.975	0.0	0.0	0.0
32.500000	1787824755687108352	47.641467922824795	-122.14016513120102	116.975	0.0	0.0	0.0
32.600000	1787824755789108224	47.641467922824795	-122.14016513120102	116.975	0.0	0.0	0.0
32.700000	1787824755888108288	47.641467922824795	-122.14016513120102	116.975	0.0	0.0	0.0
32.800000	1787824755987108352	47.641467922824795	-122.14016513120102	116.975	0.0	0.0	0.0
32.900000	1787824756089108224	47.641467922824795	-122.14016513120102	116.975	0.0	0.0	0.0
33.000000	1787824756188108288	47.641467922824795	-122.14016513120102	116.975	0.0	0.0	0.0
33.100000	1787824756287108096	47.641467922824795	-122.14016513120102	116.975	0.0	0.0	0.0
33.200000	1787824756389108224	47.641467922824795	-122.14016513120102	116.975	0.0	0.0	0.0
33.300000	1787824756488108032	47.641467922824795	-122.14016513120102	116.975	0.0	0.0	0.0
33.400000	1787824756587108096	47.641467922824795	-122.14016513120102	116.975	0.0	0.0	0.0
33.500000	1787824756689108224	47.641467922824795	-122.14016513120102	116.975	0.0	0.0	0.0
33.600000	1787824756788108032	47.641467922824795	-122.14016513120102	116.975	0.0	0.0	0.0
33.700000	1787824756887108096	47.641467922824795	-122.14016513120102	116.975	0.0	0.0	0.0
33.800000	1787824756989108224	47.641467922824795	-122.14016513120102	116.975	0.0	0.0	0.0
33.900000	1787824757088108288	47.641467922824795	-122.14016513120102	116.975	0.0	0.0	0.0
34.000000	1787824757187108352	47.641467922824795	-122.14016513120102	116.975	0.0	0.0	0.0
34.100000	1787824757289108224	47.641467922824795	-122.14016513120102	116.975	0.0	0.0	0.0
34.200000	1787824757388108288	47.641467922824795	-122.14016513120102	116.975	0.0	0.0	0.0
34.300000	1787824757487108352	47.641467922824795	-122.14016513120102	116.975	0.0	0.0	0.0
34.400000	1787824757589108224	47.641467922824795	-122.14016513120102	116.975	0.0	0.0	0.0
34.500000	1787824757688108288	47.641467922824795	-122.14016513120102	116.975	0.0	0.0	0.0
34.600000	1787824757787108096	47.641467922824795	-122.14016513120102	116.975	0.0	0.0	0.0
34.700000	1787824757889108224	47.641467922824795	-122.14016513120102	116.975	0.0	0.0	0.0
34.800000	1787824757988108032	47.641467922824795	-122.14016513120102	116.975	0.0	0.0	0.0
34.900000	1787824758087108096	47.641467922824795	-122.14016513120102	116.975	0.0	0.0	0.0
35.000000	1787824758189108224	47.641467922824795	-122.14016513120102	116.975	0.0	0.0	0.0
35.100000	1787824758288108032	47.641467922824795	-122.14016513120102	116.975	0.0	0.0	0.0
35.200000	1787824758387108096	47.641467922824795	-122.14016513120102	116.975	0.0	0.0	0.0
35.300000	1787824758489108224	47.641467922824795	-122.14016513120102	116.975	0.0	0.0	0.0
35.400000	1787824758588108288	47.641467922824795	-122.14016513120102	116.975	0.0	0.0	0.0
35.500000	1787824758687108352	47.641467922824795	-122.14016513120102	116.975	0.0	0.0	0.0
35.600000	1787824758789108224	47.641467922824795	-122.14016513120102	116.975	0.0	0.0	0.0
35.700000	1787824758888108288	47.641467922824795	-122.14016513120102	116.975	0.0	0.0	0.0
35.800000	1787824758987108352	47.641467922824795	-122.14016513120102	116.975	0.0	0.0	0.0
35.900000	1787824759089108224	47.641467922824795	-122.14016513120102	116.975	0.0	0.0	0.0
36.000000	1787824759188108288	47.641467922824795	-122.14016513120102	116.975	0.0	0.0	0.0
36.100000	1787824759287108096	47.641467922824795	-122.14016513120102	116.975	0.0	0.0	0.0
36.200000	1787824759389108224	47.641467922824795	-122.14016513120102	116.975	0.0	0.0	0.0
36.300000	1787824759488108032	47.641467922824795	-122.14016513120102	116.975	0.0	0.0	0.0
36.400000	1787824759587108096	47.641467922824795	-122.14016513120102	116.975	0.0	0.0	0.0
36.500000	1787824759689108224	47.641467922824795	-122.14016513120102	116.975	0.0	0.0	0.0
36.600000	1787824759788108032	47.641467922824795	-122.14016513120102	116.975	0.0	0.0	0.0
36.700000	1787824759887108096	47.641467922824795	-122.14016513120102	116.975	0.0	0.0	0.0
36.800000	1787824759989108224	47.641467922824795	-122.14016513120102	116.975	0.0	0.0	0.0
36.900000	1787824760088108288	47.641467922824795	-122.14016513120102	116.975	0.0	0.0	0.0
37.000000	1787824760187108352	47.641467922824795	-122.14016513120102	116.975	0.0	0.0	0.0
37.100000	1787824760289108224	47.641467922824795	-122.14016513120102	116.975	0.0	0.0	0.0
37.200000	1787824760388108288	47.641467922824795	-122.14016513120102	116.975	0.0	0.0	0.0
37.300000	1787824760487108352	47.641467922824795	-122.14016513120102	116.975	0.0	0.0	0.0
37.400000	1787824760589108224	47.641467922824795	-122.14016513120102	116.975	0.0	0.0	0.0
37.500000	1787824760688108288	47.641467922824795	-122.14016513120102	116.975	0.0	0.0	0.0
37.600000	1787824760787108096	47.641467922824795	-122.14016513120102	116.975	0.0	0.0	0.0
37.700000	1787824760889108224	47.641467922824795	-122.14016513120102	116.975	0.0	0.0	0.0
37.800000	1787824760988108032	47.641467922824795	-122.14016513120102	116.975	0.0	0.0	0.0
37.900000	1787824761087108096	47.641467922824795	-122.14016513120102	116.975	0.0	0.0	0.0
38.000000	1787824761189108224	47.641467922824795	-122.14016513120102	116.975	0.0	0.0	0.0
38.100000	1787824761288108032	47.641467922824795	-122.14016513120102	116.975	0.0	0.0	0.0
38.200000	1787824761387108096	47.641467922824795	-122.14016513120102	116.975	0.0	0.0	0.0
38.300000	1787824761489108224	47.641467922824795	-122.14016513120102	116.975	0.0	0.0	0.0
38.400000	1787824761588108288	47.641467922824795	-122.14016513120102	116.975	0.0	0.0	0.0
38.500000	1787824761687108352	47.641467922824795	-122.14016513120102	116.975	0.0	0.0	0.0
38.600000	1787824761789108224	47.641467922824795	-122.14016513120102	116.975	0.0	0.0	0.0
38.700000	1787824761888108288	47.641467922824795	-122.14016513120102	116.975	0.0	0.0	0.0
38.800000	1787824761987108352	47.641467922824795	-122.14016513120102	116.975	0.0	0.0	0.0
38.900000	1787824762089108224	47.641467922824795	-122.14016513120102	116.975	0.0	0.0	0.0
39.000000	1787824762188108288	47.641467922824795	-122.14016513120102	116.975	0.0	0.0	0.0
39.100000	1787824762287108096	47.641467922824795	-122.14016513120102	116.975	0.0	0.0	0.0
39.200000	1787824762389108224	47.641467922824795	-122.14016513120102	116.975	0.0	0.0	0.0
39.300000	1787824762488108032	47.641467922824795	-122.14016513120102	116.975	0.0	0.0	0.0
39.400000	1787824762587108096	47.641467922824795	-122.14016513120102	116.975	0.0	0.0	0.0
39.500000	1787824762689108224	47.641467922824795	-122.14016513120102	116.975	0.0	0.0	0.0
39.600000	1787824762788108032	47.641467922824795	-122.14016513120102	116.975	0.0	0.0	0.0
39.700000	1787824762887108096	47.641467922824795	-122.14016513120102	116.975	0.0	0.0	0.0
39.800000	1787824762989108224	47.641467922824795	-122.14016513120102	116.975	0.0	0.0	0.0
39.900000	1787824763088108288	47.641467922824795	-122.14016513120102	116.975	0.0	0.0	0.0
40.000000	1787824763187108352	47.641467922824795	-122.14016513120102	116.975	0.0	0.0	0.0
40.100000	1787824763289108224	47.641467922824795	-122.14016513120102	116.975	0.0	0.0	0.0
40.200000	1787824763388108288	47.641467922824795	-122.14016513120102	116.975	0.0	0.0	0.0
40.300000	1787824763487108352	47.641467922824795	-122.14016513120102	116.975	0.0	0.0	0.0
40.400000	1787824763589108224	47.641467922824795	-122.14016513120102	116.975	0.0	0.0	0.0
40.500000	1787824763688108288	47.641467922824795	-122.14016513120102	116.975	0.0	0.0	0.0
40.600000	1787824763787108096	47.641467922824795	-122.14016513120102	116.975	0.0	0.0	0.0
40.700000	1787824763889108224	47.641467922824795	-122.14016513120102	116.975	0.0	0.0	0.0
40.800000	1787824763988108032	47.641467922824795	-122.14016513120102	116.975	0.0	0.0	0.0
40.900000	1787824764087108096	47.641467922824795	-122.14016513120102	116.975	0.0	0.0	0.0
41.000000	1787824764189108224	47.641467922824795	-122.14016513120102	116.975	0.0	0.0	0.0
41.100000	1787824764288108032	47.641467922824795	-122.14016513120102	116.975	0.0	0.0	0.0
41.200000	1787824764387108096	47.641467922824795	-122.14016513120102	116.975	0.0	0.0	0.0
41.300000	1787824764489108224	47.641467922824795	-122.14016513120102	116.975	0.0	0.0	0.0
41.400000	1787824764588108288	47.641467922824795	-122.14016513120102	116.975	0.0	0.0	0.0
41.500000	1787824764687108352	47.641467922824795	-122.14016513120102	116.975	0.0	0.0	0.0
41.600000	1787824764789108224	47.641467922824795	-122.14016513120102	116.975	0.0	0.0	0.0
41.700000	1787824764888108288	47.641467922824795	-122.14016513120102	116.975	0.0	0.0	0.0
41.800000	1787824764987108352	47.641467922824795	-122.14016513120102	116.975	0.0	0.0	0.0
41.900000	1787824765089108224	47.641467922824795	-122.14016513120102	116.975	0.0	0.0	0.0
42.000000	1787824765188108288	47.641467922824795	-122.14016513120102	116.975	0.0	0.0	0.0
42.100000	1787824765287108096	47.641467922824795	-122.14016513120102	116.975	0.0	0.0	0.0
42.200000	1787824765389108224	47.641467922824795	-122.14016513120102	116.975	0.0	0.0	0.0
42.300000	1787824765488108032	47.641467922824795	-122.14016513120102	116.975	0.0	0.0	0.0
42.400000	1787824765587108096	47.641467922824795	-122.14016513120102	116.975	0.0	0.0	0.0
42.500000	1787824765689108224	47.641467922824795	-122.14016513120102	116.975	0.0	0.0	0.0
42.600000	1787824765788108032	47.641467922824795	-122.14016513120102	116.975	0.0	0.0	0.0
42.700000	1787824765887108096	47.641467922824795	-122.14016513120102	116.975	0.0	0.0	0.0
42.800000	1787824765989108224	47.641467922824795	-122.14016513120102	116.975	0.0	0.0	0.0
42.900000	1787824766088108288	47.641467922824795	-122.14016513120102	116.975	0.0	0.0	0.0
43.000000	1787824766187108352	47.641467922824795	-122.14016513120102	116.975	0.0	0.0	0.0
43.100000	1787824766289108224	47.641467922824795	-122.14016513120102	116.975	0.0	0.0	0.0
43.200000	1787824766388108288	47.641467922824795	-122.14016513120102	116.975	0.0	0.0	0.0
43.300000	1787824766487108352	47.641467922824795	-122.14016513120102	116.975	0.0	0.0	0.0
43.400000	1787824766589108224	47.641467922824795	-122.14016513120102	116.975	0.0	0.0	0.0
43.500000	1787824766688108288	47.641467922824795	-122.14016513120102	116.975	0.0	0.0	0.0
43.600000	1787824766787108096	47.641467922824795	-122.14016513120102	116.975	0.0	0.0	0.0
43.700000	1787824766889108224	47.641467922824795	-122.14016513120102	116.975	0.0	0.0	0.0
43.800000	1787824766988108032	47.641467922824795	-122.14016513120102	116.975	0.0	0.0	0.0
43.900000	1787824767087108096	47.641467922824795	-122.14016513120102	116.975	0.0	0.0	0.0
44.000000	1787824767189108224	47.641467922824795	-122.14016513120102	116.975	0.0	0.0	0.0
44.100000	1787824767288108032	47.641467922824795	-122.14016513120102	116.975	0.0	0.0	0.0
44.200000	1787824767387108096	47.641467922824795	-122.14016513120102	116.975	0.0	0.0	0.0
44.300000	1787824767489108224	47.641467922824795	-122.14016513120102	116.975	0.0	0.0	0.0
44.400000	1787824767588108288	47.641467922824795	-122.14016513120102	116.975	0.0	0.0	0.0
44.500000	1787824767687108352	47.641467922824795	-122.14016513120102	116.975	0.0	0.0	0.0
44.600000	1787824767789108224	47.641467922824795	-122.14016513120102	116.975	0.0	0.0	0.0
44.700000	1787824767888108288	47.641467922824795	-122.14016513120102	116.975	0.0	0.0	0.0
44.800000	1787824767987108352	47.641467922824795	-122.14016513120102	116.975	0.0	0.0	0.0
44.900000	1787824768089108224	47.641467922824795	-122.14016513120102	116.975	0.0	0.0	0.0
45.000000	1787824768188108288	47.641467922824795	-122.14016513120102	116.975	0.0	0.0	0.0
45.100000	1787824768287108096	47.641467922824795	-122.14016513120102	116.975	0.0	0.0	0.0
45.200000	1787824768389108224	47.641467922824795	-122.14016513120102	116.975	0.0	0.0	0.0
45.300000	1787824768488108032	47.641467922824795	-122.14016513120102	116.975	0.0	0.0	0.0
45.400000	1787824768587108096	47.641467922824795	-122.14016513120102	116.975	0.0	0.0	0.0
45.500000	1787824768689108224	47.641467922824795	-122.14016513120102	116.975	0.0	0.0	0.0
45.600000	1787824768788108032	47.641467922824795	-122.14016513120102	116.975	0.0	0.0	0.0
45.700000	1787824768887108096	47.641467922824795	-122.14016513120102	116.975	0.0	0.0	0.0
45.800000	1787824768989108224	47.641467922824795	-122.14016513120102	116.975	0.0	0.0	0.0
45.900000	1787824769088108288	47.641467922824795	-122.14016513120102	116.975	0.0	0.0	0.0
46.000000	1787824769187108352	47.641467922824795	-122.14016513120102	116.975	0.0	0.0	0.0
46.100000	1787824769289108224	47.641467922824795	-122.14016513120102	116.975	0.0	0.0	0.0
46.200000	1787824769388108288	47.641467922824795	-122.14016513120102	116.975	0.0	0.0	0.0
46.300000	1787824769487108352	47.641467922824795	-122.14016513120102	116.975	0.0	0.0	0.0
46.400000	1787824769589108224	47.641467922824795	-122.14016513120102	116.975	0.0	0.0	0.0
46.500000	1787824769688108288	47.641467922824795	-122.14016513120102	116.975	0.0	0.0	0.0
46.600000	1787824769787108096	47.641467922824795	-122.14016513120102	116.975	0.0	0.0	0.0
46.700000	1787824769889108224	47.641467922824795	-122.14016513120102	116.975	0.0	0.0	0.0
46.800000	1787824769988108032	47.641467922824795	-122.14016513120102	116.975	0.0	0.0	0.0
46.900000	1787824770087108096	47.641467922824795	-122.14016513120102	116.975	0.0	0.0	0.0
47.000000	1787824770189108224	47.641467922824795	-122.14016513120102	116.975	0.0	0.0	0.0
47.100000	1787824770288108032	47.641467922824795	-122.14016513120102	116.975	0.0	0.0	0.0
47.200000	1787824770387108096	47.641467922824795	-122.14016513120102	116.975	0.0	0.0	0.0
47.300000	1787824770489108224	47.641467922824795	-122.14016513120102	116.975	0.0	0.0	0.0
47.400000	1787824770588108288	47.641467922824795	-122.14016513120102	116.975	0.0	0.0	0.0
47.500000	1787824770687108352	47.641467922824795	-122.14016513120102	116.975	0.0	0.0	0.0
47.600000	1787824770789108224	47.641467922824795	-122.14016513120102	116.975	0.0	0.0	0.0
47.700000	1787824770888108288	47.641467922824795	-122.14016513120102	116.975	0.0	0.0	0.0
47.800000	1787824770987108352	47.641467922824795	-122.14016513120102	116.975	0.0	0.0	0.0
47.900000	1787824771089108224	47.641467922824795	-122.14016513120102	116.975	0.0	0.0	0.0
48.000000	1787824771188108288	47.641467922824795	-122.14016513120102	116.975	0.0	0.0	0.0
48.100000	1787824771287108096	47.641467922824795	-122.14016513120102	116.975	0.0	0.0	0.0
48.200000	1787824771389108224	47.641467922824795	-122.14016513120102	116.975	0.0	0.0	0.0
48.300000	1787824771488108032	47.641467922824795	-122.14016513120102	116.975	0.0	0.0	0.0
48.400000	1787824771587108096	47.641467922824795	-122.14016513120102	116.975	0.0	0.0	0.0
48.500000	1787824771689108224	47.641467922824795	-122.14016513120102	116.975	0.0	0.0	0.0
48.600000	1787824771788108032	47.641467922824795	-122.14016513120102	116.975	0.0	0.0	0.0
48.700000	1787824771887108096	47.641467922824795	-122.14016513120102	116.975	0.0	0.0	0.0
48.800000	1787824771989108224	47.641467922824795	-122.14016513120102	116.975	0.0	0.0	0.0
48.900000	1787824772088108288	47.641467922824795	-122.14016513120102	116.975	0.0	0.0	0.0
49.000000	1787824772187108352	47.641467922824795	-122.14016513120102	116.975	0.0	0.0	0.0
49.100000	1787824772289108224	47.641467922824795	-122.14016513120102	116.975	0.0	0.0	0.0
49.200000	1787824772388108288	47.641467922824795	-122.14016513120102	116.975	0.0	0.0	0.0
49.300000	1787824772487108352	47.641467922824795	-122.14016513120102	116.975	0.0	0.0	0.0
49.400000	1787824772589108224	47.641467922824795	-122.14016513120102	116.975	0.0	0.0	0.0
49.500000	1787824772688108288	47.641467922824795	-122.14016513120102	116.975	0.0	0.0	0.0
49.600000	1787824772787108096	47.641467922824795	-122.14016513120102	116.975	0.0	0.0	0.0
49.700000	1787824772889108224	47.641467922824795	-122.14016513120102	116.975	0.0	0.0	0.0
49.800000	1787824772988108032	47.641467922824795	-122.14016513120102	116.975	0.0	0.0	0.0
49.900000	1787824773087108096	47.641467922824795	-122.14016513120102	116.975	0.0	0.0	0.0
50.000000	1787824773189108224	47.641467922824795	-122.14016513120102	116.975	0.0	0.0	0.0
50.100000	1787824773288108032	47.641467922824795	-122.14016513120102	116.975	0.0	0.0	0.0
50.200000	1787824773387108096	47.641467922824795	-122.14016513120102	116.975	0.0	0.0	0.0
50.300000	1787824773489108224	47.641467922824795	-122.14016513120102	116.975	0.0	0.0	0.0
50.400000	1787824773588108288	47.641467922824795	-122.14016513120102	116.975	0.0	0.0	0.0
50.500000	1787824773687108352	47.641467922824795	-122.14016513120102	116.975	0.0	0.0	0.0
50.600000	1787824773789108224	47.641467922824795	-122.14016513120102	116.975	0.0	0.0	0.0
50.700000	1787824773888108288	47.641467922824795	-122.14016513120102	116.975	0.0	0.0	0.0
50.800000	1787824773987108352	47.641467922824795	-122.14016513120102	116.975	0.0	0.0	0.0
50.900000	1787824774089108224	47.641467922824795	-122.14016513120102	116.975	0.0	0.0	0.0
51.000000	1787824774188108288	47.641467922824795	-122.14016513120102	116.975	0.0	0.0	0.0
51.100000	1787824774287108096	47.641467922824795	-122.14016513120102	116.975	0.0	0.0	0.0
51.200000	1787824774389108224	47.641467922824795	-122.14016513120102	116.975	0.0	0.0	0.0
51.300000	1787824774488108032	47.641467922824795	-122.14016513120102	116.975	0.0	0.0	0.0
51.400000	1787824774587108096	47.641467922824795	-122.14016513120102	116.975	0.0	0.0	0.0
51.500000	1787824774689108224	47.641467922824795	-122.14016513120102	116.975	0.0	0.0	0.0
51.600000	1787824774788108032	47.641467922824795	-122.14016513120102	116.975	0.0	0.0	0.0
51.700000	1787824774887108096	47.641467922824795	-122.14016513120102	116.975	0.0	0.0	0.0
51.800000	1787824774989108224	47.641467922824795	-122.14016513120102	116.975	0.0	0.0	0.0
51.900000	1787824775088108288	47.641467922824795	-122.14016513120102	116.975	0.0	0.0	0.0
52.000000	1787824775187108352	47.641467922824795	-122.14016513120102	116.975	0.0	0.0	0.0
52.100000	1787824775289108224	47.641467922824795	-122.14016513120102	116.975	0.0	0.0	0.0
52.200000	1787824775388108288	47.641467922824795	-122.14016513120102	116.975	0.0	0.0	0.0
52.300000	1787824775487108352	47.641467922824795	-122.14016513120102	116.975	0.0	0.0	0.0
52.400000	1787824775589108224	47.641467922824795	-122.14016513120102	116.975	0.0	0.0	0.0
52.500000	1787824775688108288	47.641467922824795	-122.14016513120102	116.975	0.0	0.0	0.0
52.600000	1787824775787108096	47.641467922824795	-122.14016513120102	116.975	0.0	0.0	0.0
52.700000	1787824775889108224	47.641467922824795	-122.14016513120102	116.975	0.0	0.0	0.0
52.800000	1787824775988108032	47.641467922824795	-122.14016513120102	116.975	0.0	0.0	0.0
52.900000	1787824776087108096	47.641467922824795	-122.14016513120102	116.975	0.0	0.0	0.0
53.000000	1787824776189108224	47.641467922824795	-122.14016513120102	116.975	0.0	0.0	0.0
53.100000	1787824776288108032	47.641467922824795	-122.14016513120102	116.975	0.0	0.0	0.0
53.200000	1787824776387108096	47.641467922824795	-122.14016513120102	116.975	0.0	0.0	0.0
53.300000	1787824776489108224	47.641467922824795	-122.14016513120102	116.975	0.0	0.0	0.0
53.400000	1787824776588108288	47.641467922824795	-122.14016513120102	116.975	0.0	0.0	0.0
53.500000	1787824776687108352	47.641467922824795	-122.14016513120102	116.975	0.0	0.0	0.0
53.600000	1787824776789108224	47.641467922824795	-122.14016513120102	116.975	0.0	0.0	0.0
53.700000	1787824776888108288	47.641467922824795	-122.14016513120102	116.975	0.0	0.0	0.0
53.800000	1787824776987108352	47.641467922824795	-122.14016513120102	116.975	0.0	0.0	0.0
53.900000	1787824777089108224	47.641467922824795	-122.14016513120102	116.975	0.0	0.0	0.0
54.000000	1787824777188108288	47.641467922824795	-122.14016513120102	116.975	0.0	0.0	0.0
54.100000	1787824777287108096	47.641467922824795	-122.14016513120102	116.975	0.0	0.0	0.0
54.200000	1787824777389108224	47.641467922824795	-122.14016513120102	116.975	0.0	0.0	0.0
54.300000	1787824777488108032	47.641467922824795	-122.14016513120102	116.975	0.0	0.0	0.0
54.400000	1787824777587108096	47.641467922824795	-122.14016513120102	116.975	0.0	0.0	0.0
54.500000	1787824777689108224	47.641467922824795	-122.14016513120102	116.975	0.0	0.0	0.0
54.600000	1787824777788108032	47.641467922824795	-122.14016513120102	116.975	0.0	0.0	0.0
54.700000	1787824777887108096	47.641467922824795	-122.14016513120102	116.975	0.0	0.0	0.0
54.800000	1787824777989108224	47.641467922824795	-122.14016513120102	116.975	0.0	0.0	0.0
54.900000	1787824778088108288	47.641467922824795	-122.14016513120102	116.975	0.0	0.0	0.0
55.000000	1787824778187108352	47.641467922824795	-122.14016513120102	116.975	0.0	0.0	0.0
55.100000	1787824778289108224	47.641467922824795	-122.14016513120102	116.975	0.0	0.0	0.0
55.200000	1787824778388108288	47.641467922824795	-122.14016513120102	116.975	0.0	0.0	0.0
55.300000	1787824778487108352	47.641467922824795	-122.14016513120102	116.975	0.0	0.0	0.0
55.400000	1787824778589108224	47.641467922824795	-122.14016513120102	116.975	0.0	0.0	0.0
55.500000	1787824778688108288	47.641467922824795	-122.14016513120102	116.975	0.0	0.0	0.0
55.600000	1787824778787108096	47.641467922824795	-122.14016513120102	116.975	0.0	0.0	0.0
55.700000	1787824778889108224	47.641467922824795	-122.14016513120102	116.975	0.0	0.0	0.0
55.800000	1787824778988108032	47.641467922824795	-122.14016513120102	116.975	0.0	0.0	0.0
55.900000	1787824779087108096	47.641467922824795	-122.14016513120102	116.975	0.0	0.0	0.0
56.000000	1787824779189108224	47.641467922824795	-122.14016513120102	116.975	0.0	0.0	0.0
56.100000	1787824779288108032	47.641467922824795	-122.14016513120102	116.975	0.0	0.0	0.0
56.200000	1787824779387108096	47.641467922824795	-122.14016513120102	116.975	0.0	0.0	0.0
56.300000	1787824779489108224	47.641467922824795	-122.14016513120102	116.975	0.0	0.0	0.0
56.400000	1787824779588108288	47.641467922824795	-122.14016513120102	116.975	0.0	0.0	0.0
56.500000	1787824779687108352	47.641467922824795	-122.14016513120102	116.975	0.0	0.0	0.0
56.600000	1787824779789108224	47.641467922824795	-122.14016513120102	116.975	0.0	0.0	0.0
56.700000	1787824779888108288	47.641467922824795	-122.14016513120102	116.975	0.0	0.0	0.0
56.800000	1787824779987108352	47.641467922824795	-122.14016513120102	116.975	0.0	0.0	0.0
56.900000	1787824780089108224	47.641467922824795	-122.14016513120102	116.975	0.0	0.0	0.0
57.000000	1787824780188108288	47.641467922824795	-122.14016513120102	116.975	0.0	0.0	0.0
57.100000	1787824780287108096	47.641467922824795	-122.14016513120102	116.975	0.0	0.0	0.0
57.200000	1787824780389108224	47.641467922824795	-122.14016513120102	116.975	0.0	0.0	0.0
57.300000	1787824780488108032	47.641467922824795	-122.14016513120102	116.975	0.0	0.0	0.0
57.400000	1787824780587108096	47.641467922824795	-122.14016513120102	116.975	0.0	0.0	0.0
57.500000	1787824780689108224	47.641467922824795	-122.14016513120102	116.975	0.0	0.0	0.0
57.600000	1787824780788108032	47.641467922824795	-122.14016513120102	116.975	0.0	0.0	0.0
57.700000	1787824780887108096	47.641467922824795	-122.14016513120102	116.975	0.0	0.0	0.0
57.800000	1787824780989108224	47.641467922824795	-122.14016513120102	116.975	0.0	0.0	0.0
57.900000	1787824781088108288	47.641467922824795	-122.14016513120102	116.975	0.0	0.0	0.0
58.000000	1787824781187108352	47.641467922824795	-122.14016513120102	116.975	0.0	0.0	0.0
58.100000	1787824781289108224	47.641467922824795	-122.14016513120102	116.975	0.0	0.0	0.0
58.200000	1787824781388108288	47.641467922824795	-122.14016513120102	116.975	0.0	0.0	0.0
58.300000	1787824781487108352	47.641467922824795	-122.14016513120102	116.975	0.0	0.0	0.0
58.400000	1787824781589108224	47.641467922824795	-122.14016513120102	116.975	0.0	0.0	0.0
58.500000	1787824781688108288	47.641467922824795	-122.14016513120102	116.975	0.0	0.0	0.0
58.600000	1787824781787108096	47.641467922824795	-122.14016513120102	116.975	0.0	0.0	0.0
58.700000	1787824781889108224	47.641467922824795	-122.14016513120102	116.975	0.0	0.0	0.0
58.800000	1787824781988108032	47.641467922824795	-122.14016513120102	116.975	0.0	0.0	0.0
58.900000	1787824782087108096	47.641467922824795	-122.14016513120102	116.975	0.0	0.0	0.0
59.000000	1787824782189108224	47.641467922824795	-122.14016513120102	116.975	0.0	0.0	0.0
59.100000	1787824782288108032	47.641467922824795	-122.14016513120102	116.975	0.0	0.0	0.0
59.200000	1787824782387108096	47.641467922824795	-122.14016513120102	116.975	0.0	0.0	0.0
59.300000	1787824782489108224	47.641467922824795	-122.14016513120102	116.975	0.0	0.0	0.0
59.400000	1787824782588108288	47.641467922824795	-122.14016513120102	116.975	0.0	0.0	0.0
59.500000	1787824782687108352	47.641467922824795	-122.14016513120102	116.975	0.0	0.0	0.0
59.600000	1787824782789108224	47.641467922824795	-122.14016513120102	116.975	0.0	0.0	0.0
59.700000	1787824782888108288	47.641467922824795	-122.14016513120102	116.975	0.0	0.0	0.0
59.800000	1787824782987108352	47.641467922824795	-122.14016513120102	116.975	0.0	0.0	0.0
59.900000	1787824783089108224	47.641467922824795	-122.14016513120102	116.975	0.0	0.0	0.0
60.000000	1787824783188108288	47.641467922824795	-122.14016513120102	116.975	0.0	0.0	0.0
60.100000	1787824783287108096	47.641467922824795	-122.14016513120102	116.975	0.0	0.0	0.0
60.200000	1787824783389108224	47.641467922824795	-122.14016513120102	116.975	0.0	0.0	0.0
60.300000	1787824783488108032	47.641467922824795	-122.14016513120102	116.975	0.0	0.0	0.0
60.400000	1787824783587108096	47.641467922824795	-122.14016513120102	116.975	0.0	0.0	0.0
60.500000	1787824783689108224	47.641467922824795	-122.14016513120102	116.975	0.0	0.0	0.0
60.600000	1787824783788108032	47.641467922824795	-122.14016513120102	116.975	0.0	0.0	0.0
60.700000	1787824783887108096	47.641467922824795	-122.14016513120102	116.975	0.0	0.0	0.0
60.800000	1787824783989108224	47.641467922824795	-122.14016513120102	116.975	0.0	0.0	0.0
60.900000	1787824784088108288	47.641467922824795	-122.14016513120102	116.975	0.0	0.0	0.0
61.000000	1787824784187108352	47.641467922824795	-122.14016513120102	116.975	0.0	0.0	0.0
61.100000	1787824784289108224	47.641467922824795	-122.14016513120102	116.975	0.0	0.0	0.0
61.200000	1787824784388108288	47.641467922824795	-122.14016513120102	116.975	0.0	0.0	0.0
61.300000	1787824784487108352	47.641467922824795	-122.14016513120102	116.975	0.0	0.0	0.0
61.400000	1787824784589108224	47.641467922824795	-122.14016513120102	116.975	0.0	0.0	0.0
61.500000	1787824784688108288	47.641467922824795	-122.14016513120102	116.975	0.0	0.0	0.0
61.600000	1787824784787108096	47.641467922824795	-122.14016513120102	116.975	0.0	0.0	0.0
61.700000	1787824784889108224	47.641467922824795	-122.14016513120102	116.975	0.0	0.0	0.0
61.800000	1787824784988108032	47.641467922824795	-122.14016513120102	116.975	0.0	0.0	0.0
61.900000	1787824785087108096	47.641467922824795	-122.14016513120102	116.975	0.0	0.0	0.0
62.000000	1787824785189108224	47.641467922824795	-122.14016513120102	116.975	0.0	0.0	0.0
62.100000	1787824785288108032	47.641467922824795	-122.14016513120102	116.975	0.0	0.0	0.0
62.200000	1787824785387108096	47.641467922824795	-122.14016513120102	116.975	0.0	0.0	0.0
62.300000	1787824785489108224	47.641467922824795	-122.14016513120102	116.975	0.0	0.0	0.0
62.400000	1787824785588108288	47.641467922824795	-122.14016513120102	116.975	0.0	0.0	0.0
62.500000	1787824785687108352	47.641467922824795	-122.14016513120102	116.975	0.0	0.0	0.0
62.600000	1787824785789108224	47.641467922824795	-122.14016513120102	116.975	0.0	0.0	0.0
62.700000	1787824785888108288	47.641467922824795	-122.14016513120102	116.975	0.0	0.0	0.0
62.800000	1787824785987108352	47.641467922824795	-122.14016513120102	116.975	0.0	0.0	0.0
62.900000	1787824786089108224	47.641467922824795	-122.14016513120102	116.975	0.0	0.0	0.0
63.000000	1787824786188108288	47.641467922824795	-122.14016513120102	116.975	0.0	0.0	0.0
63.100000	1787824786287108096	47.641467922824795	-122.14016513120102	116.975	0.0	0.0	0.0
63.200000	1787824786389108224	47.641467922824795	-122.14016513120102	116.975	0.0	0.0	0.0
63.300000	1787824786488108032	47.641467922824795	-122.14016513120102	116.975	0.0	0.0	0.0
63.400000	1787824786587108096	47.641467922824795	-122.14016513120102	116.975	0.0	0.0	0.0
63.500000	1787824786689108224	47.641467922824795	-122.14016513120102	116.975	0.0	0.0	0.0
63.600000	1787824786788108032	47.641467922824795	-122.14016513120102	116.975	0.0	0.0	0.0
63.700000	1787824786887108096	47.641467922824795	-122.14016513120102	116.975	0.0	0.0	0.0
63.800000	1787824786989108224	47.641467922824795	-122.14016513120102	116.975	0.0	0.0	0.0
63.900000	1787824787088108288	47.641467922824795	-122.14016513120102	116.975	0.0	0.0	0.0
64.000000	1787824787187108352	47.641467922824795	-122.14016513120102	116.975	0.0	0.0	0.0
64.100000	1787824787289108224	47.641467922824795	-122.14016513120102	116.975	0.0	0.0	0.0
64.200000	1787824787388108288	47.641467922824795	-122.14016513120102	116.975	0.0	0.0	0.0
64.300000	1787824787487108352	47.641467922824795	-122.14016513120102	116.975	0.0	0.0	0.0
64.400000	1787824787589108224	47.641467922824795	-122.14016513120102	116.975	0.0	0.0	0.0
64.500000	1787824787688108288	47.641467922824795	-122.14016513120102	116.975	0.0	0.0	0.0
64.600000	1787824787787108096	47.641467922824795	-122.14016513120102	116.975	0.0	0.0	0.0
64.700000	1787824787889108224	47.641467922824795	-122.14016513120102	116.975	0.0	0.0	0.0
64.800000	1787824787988108032	47.641467922824795	-122.14016513120102	116.975	0.0	0.0	0.0
64.900000	1787824788087108096	47.641467922824795	-122.14016513120102	116.975	0.0	0.0	0.0
65.000000	1787824788189108224	47.641467922824795	-122.14016513120102	116.975	0.0	0.0	0.0
65.100000	1787824788288108032	47.641467922824795	-122.14016513120102	116.975	0.0	0.0	0.0
65.200000	1787824788387108096	47.641467922824795	-122.14016513120102	116.975	0.0	0.0	0.0
65.300000	1787824788489108224	47.641467922824795	-122.14016513120102	116.975	0.0	0.0	0.0
65.400000	1787824788588108288	47.641467922824795	-122.14016513120102	116.975	0.0	0.0	0.0
65.500000	1787824788687108352	47.641467922824795	-122.14016513120102	116.975	0.0	0.0	0.0
65.600000	1787824788789108224	47.641467922824795	-122.14016513120102	116.975	0.0	0.0	0.0
65.700000	1787824788888108288	47.641467922824795	-122.14016513120102	116.975	0.0	0.0	0.0
65.800000	1787824788987108352	47.641467922824795	-122.14016513120102	116.975	0.0	0.0	0.0
65.900000	1787824789089108224	47.641467922824795	-122.14016513120102	116.975	0.0	0.0	0.0
66.000000	1787824789188108288	47.641467922824795	-122.14016513120102	116.975	0.0	0.0	0.0
66.100000	1787824789287108096	47.641467922824795	-122.14016513120102	116.975	0.0	0.0	0.0
66.200000	1787824789389108224	47.641467922824795	-122.14016513120102	116.975	0.0	0.0	0.0
66.300000	1787824789488108032	47.641467922824795	-122.14016513120102	116.975	0.0	0.0	0.0
66.400000	1787824789587108096	47.641467922824795	-122.14016513120102	116.975	0.0	0.0	0.0
66.500000	1787824789689108224	47.641467922824795	-122.14016513120102	116.975	0.0	0.0	0.0
66.600000	1787824789788108032	47.641467922824795	-122.14016513120102	116.975	0.0	0.0	0.0
66.700000	1787824789887108096	47.641467922824795	-122.14016513120102	116.975	0.0	0.0	0.0
66.800000	1787824789989108224	47.641467922824795	-122.14016513120102	116.975	0.0	0.0	0.0
66.900000	1787824790088108288	47.641467922824795	-122.14016513120102	116.975	0.0	0.0	0.0
67.000000	1787824790187108352	47.641467922824795	-122.14016513120102	116.975	0.0	0.0	0.0
67.100000	1787824790289108224	47.641467922824795	-122.14016513120102	116.975	0.0	0.0	0.0
67.200000	1787824790388108288	47.641467922824795	-122.14016513120102	116.975	0.0	0.0	0.0
67.300000	1787824790487108352	47.641467922824795	-122.14016513120102	116.975	0.0	0.0	0.0
67.400000	1787824790589108224	47.641467922824795	-122.14016513120102	116.975	0.0	0.0	0.0
67.500000	1787824790688108288	47.641467922824795	-122.14016513120102	116.975	0.0	0.0	0.0
67.600000	1787824790787108096	47.641467922824795	-122.14016513120102	116.975	0.0	0.0	0.0
67.700000	1787824790889108224	47.641467922824795	-122.14016513120102	116.975	0.0	0.0	0.0
67.800000	1787824790988108032	47.641467922824795	-122.14016513120102	116.975	0.0	0.0	0.0
67.900000	1787824791087108096	47.641467922824795	-122.14016513120102	116.975	0.0	0.0	0.0
68.000000	1787824791189108224	47.641467922824795	-122.14016513120102	116.975	0.0	0.0	0.0
68.100000	1787824791288108032	47.641467922824795	-122.14016513120102	116.975	0.0	0.0	0.0
68.200000	1787824791387108096	47.641467922824795	-122.14016513120102	116.975	0.0	0.0	0.0
68.300000	1787824791489108224	47.641467922824795	-122.14016513120102	116.975	0.0	0.0	0.0
68.400000	1787824791588108288	47.641467922824795	-122.14016513120102	116.975	0.0	0.0	0.0
68.500000	1787824791687108352	47.641467922824795	-122.14016513120102	116.975	0.0	0.0	0.0
68.600000	1787824791789108224	47.641467922824795	-122.14016513120102	116.975	0.0	0.0	0.0
68.700000	1787824791888108288	47.641467922824795	-122.14016513120102	116.975	0.0	0.0	0.0
68.800000	1787824791987108352	47.641467922824795	-122.14016513120102	116.975	0.0	0.0	0.0
68.900000	1787824792089108224	47.641467922824795	-122.14016513120102	116.975	0.0	0.0	0.0
69.000000	1787824792188108288	47.641467922824795	-122.14016513120102	116.975	0.0	0.0	0.0
69.100000	1787824792287108096	47.641467922824795	-122.14016513120102	116.975	0.0	0.0	0.0
69.200000	1787824792389108224	47.641467922824795	-122.14016513120102	116.975	0.0	0.0	0.0
69.300000	1787824792488108032	47.641467922824795	-122.14016513120102	116.975	0.0	0.0	0.0
69.400000	1787824792587108096	47.641467922824795	-122.14016513120102	116.975	0.0	0.0	0.0
69.500000	1787824792689108224	47.641467922824795	-122.14016513120102	116.975	0.0	0.0	0.0
69.600000	1787824792788108032	47.641467922824795	-122.14016513120102	116.975	0.0	0.0	0.0
69.700000	1787824792887108096	47.641467922824795	-122.14016513120102	116.975	0.0	0.0	0.0
69.800000	1787824792989108224	47.641467922824795	-122.14016513120102	116.975	0.0	0.0	0.0
69.900000	1787824793088108288	47.641467922824795	-122.14016513120102	116.975	0.0	0.0	0.0
70.000000	1787824793187108352	47.641467922824795	-122.14016513120102	116.975	0.0	0.0	0.0
70.100000	1787824793289108224	47.641467922824795	-122.14016513120102	116.975	0.0	0.0	0.0
70.200000	1787824793388108288	47.641467922824795	-122.14016513120102	116.975	0.0	0.0	0.0
70.300000	1787824793487108352	47.641467922824795	-122.14016513120102	116.975	0.0	0.0	0.0
70.400000	1787824793589108224	47.641467922824795	-122.14016513120102	116.975	0.0	0.0	0.0
70.500000	1787824793688108288	47.641467922824795	-122.14016513120102	116.975	0.0	0.0	0.0
70.600000	1787824793787108096	47.641467922824795	-122.14016513120102	116.975	0.0	0.0	0.0
70.700000	1787824793889108224	47.641467922824795	-122.14016513120102	116.975	0.0	0.0	0.0
70.800000	1787824793988108032	47.641467922824795	-122.14016513120102	116.975	0.0	0.0	0.0
70.900000	1787824794087108096	47.641467922824795	-122.14016513120102	116.975	0.0	0.0	0.0
71.000000	1787824794189108224	47.641467922824795	-122.14016513120102	116.975	0.0	0.0	0.0
71.100000	1787824794288108032	47.641467922824795	-122.14016513120102	116.975	0.0	0.0	0.0
71.200000	1787824794387108096	47.641467922824795	-122.14016513120102	116.975	0.0	0.0	0.0
71.300000	1787824794489108224	47.641467922824795	-122.14016513120102	116.975	0.0	0.0	0.0
71.400000	1787824794588108288	47.641467922824795	-122.14016513120102	116.975	0.0	0.0	0.0
71.500000	1787824794687108352	47.641467922824795	-122.14016513120102	116.975	0.0	0.0	0.0
71.600000	1787824794789108224	47.641467922824795	-122.14016513120102	116.975	0.0	0.0	0.0
71.700000	1787824794888108288	47.641467922824795	-122.14016513120102	116.975	0.0	0.0	0.0
71.800000	1787824794987108352	47.641467922824795	-122.14016513120102	116.975	0.0	0.0	0.0
71.900000	1787824795089108224	47.641467922824795	-122.14016513120102	116.975	0.0	0.0	0.0
72.000000	1787824795188108288	47.641467922824795	-122.14016513120102	116.975	0.0	0.0	0.0
72.100000	1787824795287108096	47.641467922824795	-122.14016513120102	116.975	0.0	0.0	0.0
72.200000	1787824795389108224	47.641467922824795	-122.14016513120102	116.975	0.0	0.0	0.0
72.300000	1787824795488108032	47.641467922824795	-122.14016513120102	116.975	0.0	0.0	0.0
72.400000	1787824795587108096	47.641467922824795	-122.14016513120102	116.975	0.0	0.0	0.0
72.500000	1787824795689108224	47.641467922824795	-122.14016513120102	116.975	0.0	0.0	0.0
72.600000	1787824795788108032	47.641467922824795	-122.14016513120102	116.975	0.0	0.0	0.0
72.700000	1787824795887108096	47.641467922824795	-122.14016513120102	116.975	0.0	0.0	0.0
72.800000	1787824795989108224	47.641467922824795	-122.14016513120102	116.975	0.0	0.0	0.0
72.900000	1787824796088108288	47.641467922824795	-122.14016513120102	116.975	0.0	0.0	0.0
73.000000	1787824796187108352	47.641467922824795	-122.14016513120102	116.975	0.0	0.0	0.0
73.100000	1787824796289108224	47.641467922824795	-122.14016513120102	116.975	0.0	0.0	0.0
73.200000	1787824796388108288	47.641467922824795	-122.14016513120102	116.975	0.0	0.0	0.0
73.300000	1787824796487108352	47.641467922824795	-122.14016513120102	116.975	0.0	0.0	0.0
73.400000	1787824796589108224	47.641467922824795	-122.14016513120102	116.975	0.0	0.0	0.0
73.500000	1787824796688108288	47.641467922824795	-122.14016513120102	116.975	0.0	0.0	0.0
73.600000	1787824796787108096	47.641467922824795	-122.14016513120102	116.975	0.0	0.0	0.0
73.700000	1787824796889108224	47.641467922824795	-122.14016513120102	116.975	0.0	0.0	0.0
73.800000	1787824796988108032	47.641467922824795	-122.14016513120102	116.975	0.0	0.0	0.0
73.900000	1787824797087108096	47.641467922824795	-122.14016513120102	116.975	0.0	0.0	0.0
74.000000	1787824797189108224	47.641467922824795	-122.14016513120102	116.975	0.0	0.0	0.0
74.100000	1787824797288108032	47.641467922824795	-122.14016513120102	116.975	0.0	0.0	0.0
74.200000	1787824797387108096	47.641467922824795	-122.14016513120102	116.975	0.0	0.0	0.0
74.300000	1787824797489108224	47.641467922824795	-122.14016513120102	116.975	0.0	0.0	0.0
74.400000	1787824797588108288	47.641467922824795	-122.14016513120102	116.975	0.0	0.0	0.0
74.500000	1787824797687108352	47.641467922824795	-122.14016513120102	116.975	0.0	0.0	0.0
74.600000	1787824797789108224	47.641467922824795	-122.14016513120102	116.975	0.0	0.0	0.0
74.700000	1787824797888108288	47.641467922824795	-122.14016513120102	116.975	0.0	0.0	0.0
74.800000	1787824797987108352	47.641467922824795	-122.14016513120102	116.975	0.0	0.0	0.0
74.900000	1787824798089108224	47.641467922824795	-122.14016513120102	116.975	0.0	0.0	0.0
75.000000	1787824798188108288	47.641467922824795	-122.14016513120102	116.975	0.0	0.0	0.0
75.100000	1787824798287108096	47.641467922824795	-122.14016513120102	116.975	0.0	0.0	0.0
75.200000	1787824798389108224	47.641467922824795	-122.14016513120102	116.975	0.0	0.0	0.0
75.300000	1787824798488108032	47.641467922824795	-122.14016513120102	116.975	0.0	0.0	0.0
75.400000	1787824798587108096	47.641467922824795	-122.14016513120102	116.975	0.0	0.0	0.0
75.500000	1787824798689108224	47.641467922824795	-122.14016513120102	116.975	0.0	0.0	0.0
75.600000	1787824798788108032	47.641467922824795	-122.14016513120102	116.975	0.0	0.0	0.0
75.700000	1787824798887108096	47.641467922824795	-122.14016513120102	116.975	0.0	0.0	0.0
75.800000	1787824798989108224	47.641467922824795	-122.14016513120102	116.975	0.0	0.0	0.0
75.900000	1787824799088108288	47.641467922824795	-122.14016513120102	116.975	0.0	0.0	0.0
76.000000	1787824799187108352	47.641467922824795	-122.14016513120102	116.975	0.0	0.0	0.0
76.100000	1787824799289108224	47.641467922824795	-122.14016513120102	116.975	0.0	0.0	0.0
76.200000	1787824799388108288	47.641467922824795	-122.14016513120102	116.975	0.0	0.0	0.0
76.300000	1787824799487108352	47.641467922824795	-122.14016513120102	116.975	0.0	0.0	0.0
76.400000	1787824799589108224	47.641467922824795	-122.14016513120102	116.975	0.0	0.0	0.0
76.500000	1787824799688108288	47.641467922824795	-122.14016513120102	116.975	0.0	0.0	0.0
76.600000	1787824799787108096	47.641467922824795	-122.14016513120102	116.975	0.0	0.0	0.0
76.700000	1787824799889108224	47.641467922824795	-122.14016513120102	116.975	0.0	0.0	0.0
76.800000	1787824799988108032	47.641467922824795	-122.14016513120102	116.975	0.0	0.0	0.0
76.900000	1787824800087108096	47.641467922824795	-122.14016513120102	116.975	0.0	0.0	0.0
77.000000	1787824800189108224	47.641467922824795	-122.14016513120102	116.975	0.0	0.0	0.0
77.100000	1787824800288108032	47.641467922824795	-122.14016513120102	116.975	0.0	0.0	0.0
77.200000	1787824800387108096	47.641467922824795	-122.14016513120102	116.975	0.0	0.0	0.0
77.300000	1787824800489108224	47.641467922824795	-122.14016513120102	116.975	0.0	0.0	0.0
77.400000	1787824800588108288	47.641467922824795	-122.14016513120102	116.975	0.0	0.0	0.0
77.500000	1787824800687108352	47.641467922824795	-122.14016513120102	116.975	0.0	0.0	0.0
77.600000	1787824800789108224	47.641467922824795	-122.14016513120102	116.975	0.0	0.0	0.0
77.700000	1787824800888108288	47.641467922824795	-122.14016513120102	116.975	0.0	0.0	0.0
77.800000	1787824800987108352	47.641467922824795	-122.14016513120102	116.975	0.0	0.0	0.0
77.900000	1787824801089108224	47.641467922824795	-122.14016513120102	116.975	0.0	0.0	0.0
78.000000	1787824801188108288	47.641467922824795	-122.14016513120102	116.975	0.0	0.0	0.0
78.100000	1787824801287108096	47.641467922824795	-122.14016513120102	116.975	0.0	0.0	0.0
78.200000	1787824801389108224	47.641467922824795	-122.14016513120102	116.975	0.0	0.0	0.0
78.300000	1787824801488108032	47.641467922824795	-122.14016513120102	116.975	0.0	0.0	0.0
78.400000	1787824801587108096	47.641467922824795	-122.14016513120102	116.975	0.0	0.0	0.0
78.500000	1787824801689108224	47.641467922824795	-122.14016513120102	116.975	0.0	0.0	0.0
78.600000	1787824801788108032	47.641467922824795	-122.14016513120102	116.975	0.0	0.0	0.0
78.700000	1787824801887108096	47.641467922824795	-122.14016513120102	116.975	0.0	0.0	0.0
78.800000	1787824801989108224	47.641467922824795	-122.14016513120102	116.975	0.0	0.0	0.0
78.900000	1787824802088108288	47.641467922824795	-122.14016513120102	116.975	0.0	0.0	0.0
79.000000	1787824802187108352	47.641467922824795	-122.14016513120102	116.975	0.0	0.0	0.0
79.100000	1787824802289108224	47.641467922824795	-122.14016513120102	116.975	0.0	0.0	0.0
79.200000	1787824802388108288	47.641467922824795	-122.14016513120102	116.975	0.0	0.0	0.0
79.300000	1787824802487108352	47.641467922824795	-122.14016513120102	116.975	0.0	0.0	0.0
79.400000	1787824802589108224	47.641467922824795	-122.14016513120102	116.975	0.0	0.0	0.0
79.500000	1787824802688108288	47.641467922824795	-122.14016513120102	116.975	0.0	0.0	0.0
79.600000	1787824802787108096	47.641467922824795	-122.14016513120102	116.975	0.0	0.0	0.0
79.700000	1787824802889108224	47.641467922824795	-122.14016513120102	116.975	0.0	0.0	0.0
79.800000	1787824802988108032	47.641467922824795	-122.14016513120102	116.975	0.0	0.0	0.0
79.900000	1787824803087108096	47.641467922824795	-122.14016513120102	116.975	0.0	0.0	0.0
80.000000	1787824803189108224	47.641467922824795	-122.14016513120102	116.975	0.0	0.0	0.0
80.100000	1787824803288108032	47.641467922824795	-122.14016513120102	116.975	0.0	0.0	0.0
80.200000	1787824803387108096	47.641467922824795	-122.14016513120102	116.975	0.0	0.0	0.0
80.300000	1787824803489108224	47.641467922824795	-122.14016513120102	116.975	0.0	0.0	0.0
80.400000	1787824803588108288	47.641467922824795	-122.14016513120102	116.975	0.0	0.0	0.0
80.500000	1787824803687108352	47.641467922824795	-122.14016513120102	116.975	0.0	0.0	0.0
80.600000	1787824803789108224	47.641467922824795	-122.14016513120102	116.975	0.0	0.0	0.0
80.700000	1787824803888108288	47.641467922824795	-122.14016513120102	116.975	0.0	0.0	0.0
80.800000	1787824803987108352	47.641467922824795	-122.14016513120102	116.975	0.0	0.0	0.0
80.900000	1787824804089108224	47.641467922824795	-122.14016513120102	116.975	0.0	0.0	0.0
81.000000	1787824804188108288	47.641467922824795	-122.14016513120102	116.975	0.0	0.0	0.0
81.100000	1787824804287108096	47.641467922824795	-122.14016513120102	116.975	0.0	0.0	0.0
81.200000	1787824804389108224	47.641467922824795	-122.14016513120102	116.975	0.0	0.0	0.0
81.300000	1787824804488108032	47.641467922824795	-122.14016513120102	116.975	0.0	0.0	0.0
81.400000	1787824804587108096	47.641467922824795	-122.14016513120102	116.975	0.0	0.0	0.0
81.500000	1787824804689108224	47.641467922824795	-122.14016513120102	116.975	0.0	0.0	0.0
81.600000	1787824804788108032	47.641467922824795	-122.14016513120102	116.975	0.0	0.0	0.0
81.700000	1787824804887108096	47.641467922824795	-122.14016513120102	116.975	0.0	0.0	0.0
81.800000	1787824804989108224	47.641467922824795	-122.14016513120102	116.975	0.0	0.0	0.0
81.900000	1787824805088108288	47.641467922824795	-122.14016513120102	116.975	0.0	0.0	0.0
82.000000	1787824805187108352	47.641467922824795	-122.14016513120102	116.975	0.0	0.0	0.0
82.100000	1787824805289108224	47.641467922824795	-122.14016513120102	116.975	0.0	0.0	0.0
82.200000	1787824805388108288	47.641467922824795	-122.14016513120102	116.975	0.0	0.0	0.0
82.300000	1787824805487108352	47.641467922824795	-122.14016513120102	116.975	0.0	0.0	0.0
82.400000	1787824805589108224	47.641467922824795	-122.14016513120102	116.975	0.0	0.0	0.0
82.500000	1787824805688108288	47.641467922824795	-122.14016513120102	116.975	0.0	0.0	0.0
82.600000	1787824805787108096	47.641467922824795	-122.14016513120102	116.975	0.0	0.0	0.0
82.700000	1787824805889108224	47.641467922824795	-122.14016513120102	116.975	0.0	0.0	0.0
82.800000	1787824805988108032	47.641467922824795	-122.14016513120102	116.975	0.0	0.0	0.0
82.900000	1787824806087108096	47.641467922824795	-122.14016513120102	116.975	0.0	0.0	0.0
83.000000	1787824806189108224	47.641467922824795	-122.14016513120102	116.975	0.0	0.0	0.0
83.100000	1787824806288108032	47.641467922824795	-122.14016513120102	116.975	0.0	0.0	0.0
83.200000	1787824806387108096	47.641467922824795	-122.14016513120102	116.975	0.0	0.0	0.0
83.300000	1787824806489108224	47.641467922824795	-122.14016513120102	116.975	0.0	0.0	0.0
83.400000	1787824806588108288	47.641467922824795	-122.14016513120102	116.975	0.0	0.0	0.0
83.500000	1787824806687108352	47.641467922824795	-122.14016513120102	116.975	0.0	0.0	0.0
83.600000	1787824806789108224	47.641467922824795	-122.14016513120102	116.975	0.0	0.0	0.0
83.700000	1787824806888108288	47.641467922824795	-122.14016513120102	116.975	0.0	0.0	0.0
83.800000	1787824806987108352	47.641467922824795	-122.14016513120102	116.975	0.0	0.0	0.0
83.900000	1787824807089108224	47.641467922824795	-122.14016513120102	116.975	0.0	0.0	0.0
84.000000	1787824807188108288	47.641467922824795	-122.14016513120102	116.975	0.0	0.0	0.0
84.100000	1787824807287108096	47.641467922824795	-122.14016513120102	116.975	0.0	0.0	0.0
84.200000	1787824807389108224	47.641467922824795	-122.14016513120102	116.975	0.0	0.0	0.0
84.300000	1787824807488108032	47.641467922824795	-122.14016513120102	116.975	0.0	0.0	0.0
84.400000	1787824807587108096	47.641467922824795	-122.14016513120102	116.975	0.0	0.0	0.0
84.500000	1787824807689108224	47.641467922824795	-122.14016513120102	116.975	0.0	0.0	0.0
84.600000	1787824807788108032	47.641467922824795	-122.14016513120102	116.975	0.0	0.0	0.0
84.700000	1787824807887108096	47.641467922824795	-122.14016513120102	116.975	0.0	0.0	0.0
84.800000	1787824807989108224	47.641467922824795	-122.14016513120102	116.975	0.0	0.0	0.0
84.900000	1787824808088108288	47.641467922824795	-122.14016513120102	116.975	0.0	0.0	0.0
85.000000	1787824808187108352	47.641467922824795	-122.14016513120102	116.975	0.0	0.0	0.0
85.100000	1787824808289108224	47.641467922824795	-122.14016513120102	116.975	0.0	0.0	0.0
85.200000	1787824808388108288	47.641467922824795	-122.14016513120102	116.975	0.0	0.0	0.0
85.300000	1787824808487108352	47.641467922824795	-122.14016513120102	116.975	0.0	0.0	0.0
85.400000	1787824808589108224	47.641467922824795	-122.14016513120102	116.975	0.0	0.0	0.0
85.500000	1787824808688108288	47.641467922824795	-122.14016513120102	116.975	0.0	0.0	0.0
85.600000	1787824808787108096	47.641467922824795	-122.14016513120102	116.975	0.0	0.0	0.0
85.700000	1787824808889108224	47.641467922824795	-122.14016513120102	116.975	0.0	0.0	0.0
85.800000	1787824808988108032	47.641467922824795	-122.14016513120102	116.975	0.0	0.0	0.0
85.900000	1787824809087108096	47.641467922824795	-122.14016513120102	116.975	0.0	0.0	0.0
86.000000	1787824809189108224	47.641467922824795	-122.14016513120102	116.975	0.0	0.0	0.0
86.100000	1787824809288108032	47.641467922824795	-122.14016513120102	116.975	0.0	0.0	0.0
86.200000	1787824809387108096	47.641467922824795	-122.14016513120102	116.975	0.0	0.0	0.0
86.300000	1787824809489108224	47.641467922824795	-122.14016513120102	116.975	0.0	0.0	0.0
86.400000	1787824809588108288	47.641467922824795	-122.14016513120102	116.975	0.0	0.0	0.0
86.500000	1787824809687108352	47.641467922824795	-122.14016513120102	116.975	0.0	0.0	0.0
86.600000	1787824809789108224	47.641467922824795	-122.14016513120102	116.975	0.0	0.0	0.0
86.700000	1787824809888108288	47.641467922824795	-122.14016513120102	116.975	0.0	0.0	0.0
86.800000	1787824809987108352	47.641467922824795	-122.14016513120102	116.975	0.0	0.0	0.0
86.900000	1787824810089108224	47.641467922824795	-122.14016513120102	116.975	0.0	0.0	0.0
87.000000	1787824810188108288	47.641467922824795	-122.14016513120102	116.975	0.0	0.0	0.0
87.100000	1787824810287108096	47.641467922824795	-122.14016513120102	116.975	0.0	0.0	0.0
87.200000	1787824810389108224	47.641467922824795	-122.14016513120102	116.975	0.0	0.0	0.0
87.300000	1787824810488108032	47.641467922824795	-122.14016513120102	116.975	0.0	0.0	0.0
87.400000	1787824810587108096	47.641467922824795	-122.14016513120102	116.975	0.0	0.0	0.0
87.500000	1787824810689108224	47.641467922824795	-122.14016513120102	116.975	0.0	0.0	0.0
87.600000	1787824810788108032	47.641467922824795	-122.14016513120102	116.975	0.0	0.0	0.0
87.700000	1787824810887108096	47.641467922824795	-122.14016513120102	116.975	0.0	0.0	0.0
87.800000	1787824810989108224	47.641467922824795	-122.14016513120102	116.975	0.0	0.0	0.0
87.900000	1787824811088108288	47.641467922824795	-122.14016513120102	116.975	0.0	0.0	0.0
88.000000	1787824811187108352	47.641467922824795	-122.14016513120102	116.975	0.0	0.0	0.0
88.100000	1787824811289108224	47.641467922824795	-122.14016513120102	116.975	0.0	0.0	0.0
88.200000	1787824811388108288	47.641467922824795	-122.14016513120102	116.975	0.0	0.0	0.0
88.300000	1787824811487108352	47.641467922824795	-122.14016513120102	116.975	0.0	0.0	0.0
88.400000	1787824811589108224	47.641467922824795	-122.14016513120102	116.975	0.0	0.0	0.0
88.500000	1787824811688108288	47.641467922824795	-122.14016513120102	116.975	0.0	0.0	0.0
88.600000	1787824811787108096	47.641467922824795	-122.14016513120102	116.975	0.0	0.0	0.0
88.700000	1787824811889108224	47.641467922824795	-122.14016513120102	116.975	0.0	0.0	0.0
88.800000	1787824811988108032	47.641467922824795	-122.14016513120102	116.975	0.0	0.0	0.0
88.900000	1787824812087108096	47.641467922824795	-122.14016513120102	116.975	0.0	0.0	0.0
89.000000	1787824812189108224	47.641467922824795	-122.14016513120102	116.975	0.0	0.0	0.0
89.100000	1787824812288108032	47.641467922824795	-122.14016513120102	116.975	0.0	0.0	0.0
89.200000	1787824812387108096	47.641467922824795	-122.14016513120102	116.975	0.0	0.0	0.0
89.300000	1787824812489108224	47.641467922824795	-122.14016513120102	116.975	0.0	0.0	0.0
89.400000	1787824812588108288	47.641467922824795	-122.14016513120102	116.975	0.0	0.0	0.0
89.500000	1787824812687108352	47.641467922824795	-122.14016513120102	116.975	0.0	0.0	0.0
89.600000	1787824812789108224	47.641467922824795	-122.14016513120102	116.975	0.0	0.0	0.0
89.700000	1787824812888108288	47.641467922824795	-122.14016513120102	116.975	0.0	0.0	0.0
89.800000	1787824812987108352	47.641467922824795	-122.14016513120102	116.975	0.0	0.0	0.0
89.900000	1787824813089108224	47.641467922824795	-122.14016513120102	116.975	0.0	0.0	0.0
90.000000	1787824813188108288	47.641467922824795	-122.14016513120102	116.975	0.0	0.0	0.0
90.100000	1787824813287108096	47.641467922824795	-122.14016513120102	116.975	0.0	0.0	0.0
90.200000	1787824813389108224	47.641467922824795	-122.14016513120102	116.975	0.0	0.0	0.0
90.300000	1787824813488108032	47.641467922824795	-122.14016513120102	116.975	0.0	0.0	0.0
90.400000	1787824813587108096	47.641467922824795	-122.14016513120102	116.975	0.0	0.0	0.0
90.500000	1787824813689108224	47.641467922824795	-122.14016513120102	116.975	0.0	0.0	0.0
90.600000	1787824813788108032	47.641467922824795	-122.14016513120102	116.975	0.0	0.0	0.0
90.700000	1787824813887108096	47.641467922824795	-122.14016513120102	116.975	0.0	0.0	0.0
90.800000	1787824813989108224	47.641467922824795	-122.14016513120102	116.975	0.0	0.0	0.0
90.900000	1787824814088108288	47.641467922824795	-122.14016513120102	116.975	0.0	0.0	0.0
91.000000	1787824814187108352	47.641467922824795	-122.14016513120102	116.975	0.0	0.0	0.0
91.100000	1787824814289108224	47.641467922824795	-122.14016513120102	116.975	0.0	0.0	0.0
91.200000	1787824814388108288	47.641467922824795	-122.14016513120102	116.975	0.0	0.0	0.0
91.300000	1787824814487108352	47.641467922824795	-122.14016513120102	116.975	0.0	0.0	0.0
91.400000	1787824814589108224	47.641467922824795	-122.14016513120102	116.975	0.0	0.0	0.0
91.500000	1787824814688108288	47.641467922824795	-122.14016513120102	116.975	0.0	0.0	0.0
91.600000	1787824814787108096	47.641467922824795	-122.14016513120102	116.975	0.0	0.0	0.0
91.700000	1787824814889108224	47.641467922824795	-122.14016513120102	116.975	0.0	0.0	0.0
91.800000	1787824814988108032	47.641467922824795	-122.14016513120102	116.975	0.0	0.0	0.0
91.900000	1787824815087108096	47.641467922824795	-122.14016513120102	116.975	0.0	0.0	0.0
92.000000	1787824815189108224	47.641467922824795	-122.14016513120102	116.975	0.0	0.0	0.0
92.100000	1787824815288108032	47.641467922824795	-122.14016513120102	116.975	0.0	0.0	0.0
92.200000	1787824815387108096	47.641467922824795	-122.14016513120102	116.975	0.0	0.0	0.0
92.300000	1787824815489108224	47.641467922824795	-122.14016513120102	116.975	0.0	0.0	0.0
92.400000	1787824815588108288	47.641467922824795	-122.14016513120102	116.975	0.0	0.0	0.0
92.500000	1787824815687108352	47.641467922824795	-122.14016513120102	116.975	0.0	0.0	0.0
92.600000	1787824815789108224	47.641467922824795	-122.14016513120102	116.975	0.0	0.0	0.0
92.700000	1787824815888108288	47.641467922824795	-122.14016513120102	116.975	0.0	0.0	0.0
92.800000	1787824815987108352	47.641467922824795	-122.14016513120102	116.975	0.0	0.0	0.0
92.900000	1787824816089108224	47.641467922824795	-122.14016513120102	116.975	0.0	0.0	0.0
93.000000	1787824816188108288	47.641467922824795	-122.14016513120102	116.975	0.0	0.0	0.0
93.100000	1787824816287108096	47.641467922824795	-122.14016513120102	116.975	0.0	0.0	0.0
93.200000	1787824816389108224	47.641467922824795	-122.14016513120102	116.975	0.0	0.0	0.0
93.300000	1787824816488108032	47.641467922824795	-122.14016513120102	116.975	0.0	0.0	0.0
93.400000	1787824816587108096	47.641467922824795	-122.14016513120102	116.975	0.0	0.0	0.0
93.500000	1787824816689108224	47.641467922824795	-122.14016513120102	116.975	0.0	0.0	0.0
93.600000	1787824816788108032	47.641467922824795	-122.14016513120102	116.975	0.0	0.0	0.0
93.700000	1787824816887108096	47.641467922824795	-122.14016513120102	116.975	0.0	0.0	0.0
93.800000	1787824816989108224	47.641467922824795	-122.14016513120102	116.975	0.0	0.0	0.0
93.900000	1787824817088108288	47.641467922824795	-122.14016513120102	116.975	0.0	0.0	0.0
94.000000	1787824817187108352	47.641467922824795	-122.14016513120102	116.975	0.0	0.0	0.0
94.100000	1787824817289108224	47.641467922824795	-122.14016513120102	116.975	0.0	0.0	0.0
94.200000	1787824817388108288	47.641467922824795	-122.14016513120102	116.975	0.0	0.0	0.0
94.300000	1787824817487108352	47.641467922824795	-122.14016513120102	116.975	0.0	0.0	0.0
94.400000	1787824817589108224	47.641467922824795	-122.14016513120102	116.975	0.0	0.0	0.0
94.500000	1787824817688108288	47.641467922824795	-122.14016513120102	116.975	0.0	0.0	0.0
94.600000	1787824817787108096	47.641467922824795	-122.14016513120102	116.975	0.0	0.0	0.0
94.700000	1787824817889108224	47.641467922824795	-122.14016513120102	116.975	0.0	0.0	0.0
94.800000	1787824817988108032	47.641467922824795	-122.14016513120102	116.975	0.0	0.0	0.0
94.900000	1787824818087108096	47.641467922824795	-122.14016513120102	116.975	0.0	0.0	0.0
95.000000	1787824818189108224	47.641467922824795	-122.14016513120102	116.975	0.0	0.0	0.0
95.100000	1787824818288108032	47.641467922824795	-122.14016513120102	116.975	0.0	0.0	0.0
95.200000	1787824818387108096	47.641467922824795	-122.14016513120102	116.975	0.0	0.0	0.0
95.300000	1787824818489108224	47.641467922824795	-122.14016513120102	116.975	0.0	0.0	0.0
95.400000	1787824818588108288	47.641467922824795	-122.14016513120102	116.975	0.0	0.0	0.0
95.500000	1787824818687108352	47.641467922824795	-122.14016513120102	116.975	0.0	0.0	0.0
95.600000	1787824818789108224	47.641467922824795	-122.14016513120102	116.975	0.0	0.0	0.0
95.700000	1787824818888108288	47.641467922824795	-122.14016513120102	116.975	0.0	0.0	0.0
95.800000	1787824818987108352	47.641467922824795	-122.14016513120102	116.975	0.0	0.0	0.0
95.900000	1787824819089108224	47.641467922824795	-122.14016513120102	116.975	0.0	0.0	0.0
96.000000	1787824819188108288	47.641467922824795	-122.14016513120102	116.975	0.0	0.0	0.0
96.100000	1787824819287108096	47.641467922824795	-122.14016513120102	116.975	0.0	0.0	0.0
96.200000	1787824819389108224	47.641467922824795	-122.14016513120102	116.975	0.0	0.0	0.0
96.300000	1787824819488108032	47.641467922824795	-122.14016513120102	116.975	0.0	0.0	0.0
96.400000	1787824819587108096	47.641467922824795	-122.14016513120102	116.975	0.0	0.0	0.0
96.500000	1787824819689108224	47.641467922824795	-122.14016513120102	116.975	0.0	0.0	0.0
96.600000	1787824819788108032	47.641467922824795	-122.14016513120102	116.975	0.0	0.0	0.0
96.700000	1787824819887108096	47.641467922824795	-122.14016513120102	116.975	0.0	0.0	0.0
96.800000	1787824819989108224	47.641467922824795	-122.14016513120102	116.975	0.0	0.0	0.0
96.900000	1787824820088108288	47.641467922824795	-122.14016513120102	116.975	0.0	0.0	0.0
97.000000	1787824820187108352	47.641467922824795	-122.14016513120102	116.975	0.0	0.0	0.0
97.100000	1787824820289108224	47.641467922824795	-122.14016513120102	116.975	0.0	0.0	0.0
97.200000	1787824820388108288	47.641467922824795	-122.14016513120102	116.975	0.0	0.0	0.0
97.300000	1787824820487108352	47.641467922824795	-122.14016513120102	116.975	0.0	0.0	0.0
97.400000	1787824820589108224	47.641467922824795	-122.14016513120102	116.975	0.0	0.0	0.0
97.500000	1787824820688108288	47.641467922824795	-122.14016513120102	116.975	0.0	0.0	0.0
97.600000	1787824820787108096	47.641467922824795	-122.14016513120102	116.975	0.0	0.0	0.0
97.700000	1787824820889108224	47.641467922824795	-122.14016513120102	116.975	0.0	0.0	0.0
97.800000	1787824820988108032	47.641467922824795	-122.14016513120102	116.975	0.0	0.0	0.0
97.900000	1787824821087108096	47.641467922824795	-122.14016513120102	116.975	0.0	0.0	0.0
98.000000	1787824821189108224	47.641467922824795	-122.14016513120102	116.975	0.0	0.0	0.0
98.100000	1787824821288108032	47.641467922824795	-122.14016513120102	116.975	0.0	0.0	0.0
98.200000	1787824821387108096	47.641467922824795	-122.14016513120102	116.975	0.0	0.0	0.0
98.300000	1787824821489108224	47.641467922824795	-122.14016513120102	116.975	0.0	0.0	0.0
98.400000	1787824821588108288	47.641467922824795	-122.14016513120102	116.975	0.0	0.0	0.0
98.500000	1787824821687108352	47.641467922824795	-122.14016513120102	116.975	0.0	0.0	0.0
98.600000	1787824821789108224	47.641467922824795	-122.14016513120102	116.975	0.0	0.0	0.0
98.700000	1787824821888108288	47.641467922824795	-122.14016513120102	116.975	0.0	0.0	0.0
98.800000	1787824821987108352	47.641467922824795	-122.14016513120102	116.975	0.0	0.0	0.0
98.900000	1787824822089108224	47.641467922824795	-122.14016513120102	116.975	0.0	0.0	0.0
99.000000	1787824822188108288	47.641467922824795	-122.14016513120102	116.975	0.0	0.0	0.0
99.100000	1787824822287108096	47.641467922824795	-122.14016513120102	116.975	0.0	0.0	0.0
99.200000	1787824822389108224	47.641467922824795	-122.14016513120102	116.975	0.0	0.0	0.0
99.300000	1787824822488108032	47.641467922824795	-122.14016513120102	116.975	0.0	0.0	0.0
99.400000	1787824822587108096	47.641467922824795	-122.14016513120102	116.975	0.0	0.0	0.0
99.500000	1787824822689108224	47.641467922824795	-122.14016513120102	116.975	0.0	0.0	0.0
99.600000	1787824822788108032	47.641467922824795	-122.14016513120102	116.975	0.0	0.0	0.0
99.700000	1787824822887108096	47.641467922824795	-122.14016513120102	116.975	0.0	0.0	0.0
99.800000	1787824822989108224	47.641467922824795	-122.14016513120102	116.975	0.0	0.0	0.0
99.900000	1787824823088108288	47.641467922824795	-122.14016513120102	116.975	0.0	0.0	0.0
100.000000	1787824823187108352	47.641467922824795	-122.14016513120102	116.975	0.0	0.0	0.0
100.100000	1787824823289108224	47.641467922824795	-122.14016513120102	116.975	0.0	0.0	0.0
100.200000	1787824823388108288	47.641467922824795	-122.14016513120102	116.975	0.0	0.0	0.0
100.300000	1787824823487108352	47.641467922824795	-122.14016513120102	116.975	0.0	0.0	0.0
100.400000	1787824823589108224	47.641467922824795	-122.14016513120102	116.975	0.0	0.0	0.0
100.500000	1787824823688108288	47.641467922824795	-122.14016513120102	116.975	0.0	0.0	0.0
100.600000	1787824823787108096	47.641467922824795	-122.14016513120102	116.975	0.0	0.0	0.0
100.700000	1787824823889108224	47.641467922824795	-122.14016513120102	116.975	0.0	0.0	0.0
100.800000	1787824823988108032	47.641467922824795	-122.14016513120102	116.975	0.0	0.0	0.0
100.900000	1787824824087108096	47.641467922824795	-122.14016513120102	116.975	0.0	0.0	0.0
101.000000	1787824824189108224	47.641467922824795	-122.14016513120102	116.975	0.0	0.0	0.0
101.100000	1787824824288108032	47.641467922824795	-122.14016513120102	116.975	0.0	0.0	0.0
101.200000	1787824824387108096	47.641467922824795	-122.14016513120102	116.975	0.0	0.0	0.0
101.300000	1787824824489108224	47.641467922824795	-122.14016513120102	116.975	0.0	0.0	0.0
101.400000	1787824824588108288	47.641467922824795	-122.14016513120102	116.975	0.0	0.0	0.0
101.500000	1787824824687108352	47.641467922824795	-122.14016513120102	116.975	0.0	0.0	0.0
101.600000	1787824824789108224	47.641467922824795	-122.14016513120102	116.975	0.0	0.0	0.0
101.700000	1787824824888108288	47.641467922824795	-122.14016513120102	116.975	0.0	0.0	0.0
101.800000	1787824824987108352	47.641467922824795	-122.14016513120102	116.975	0.0	0.0	0.0
101.900000	1787824825089108224	47.641467922824795	-122.14016513120102	116.975	0.0	0.0	0.0
102.000000	1787824825188108288	47.641467922824795	-122.14016513120102	116.975	0.0	0.0	0.0
102.100000	1787824825287108096	47.641467922824795	-122.14016513120102	116.975	0.0	0.0	0.0
102.200000	1787824825389108224	47.641467922824795	-122.14016513120102	116.975	0.0	0.0	0.0
102.300000	1787824825488108032	47.641467922824795	-122.14016513120102	116.975	0.0	0.0	0.0
102.400000	1787824825587108096	47.641467922824795	-122.14016513120102	116.975	0.0	0.0	0.0
102.500000	1787824825689108224	47.641467922824795	-122.14016513120102	116.975	0.0	0.0	0.0
102.600000	1787824825788108032	47.641467922824795	-122.14016513120102	116.975	0.0	0.0	0.0
102.700000	1787824825887108096	47.641467922824795	-122.14016513120102	116.975	0.0	0.0	0.0
102.800000	1787824825989108224	47.641467922824795	-122.14016513120102	116.975	0.0	0.0	0.0
102.900000	1787824826088108288	47.641467922824795	-122.14016513120102	116.975	0.0	0.0	0.0
103.000000	1787824826187108352	47.641467922824795	-122.14016513120102	116.975	0.0	0.0	0.0
103.100000	1787824826289108224	47.641467922824795	-122.14016513120102	116.975	0.0	0.0	0.0
103.200000	1787824826388108288	47.641467922824795	-122.14016513120102	116.975	0.0	0.0	0.0
103.300000	1787824826487108352	47.641467922824795	-122.14016513120102	116.975	0.0	0.0	0.0
103.400000	1787824826589108224	47.641467922824795	-122.14016513120102	116.975	0.0	0.0	0.0
103.500000	1787824826688108288	47.641467922824795	-122.14016513120102	116.975	0.0	0.0	0.0
103.600000	1787824826787108096	47.641467922824795	-122.14016513120102	116.975	0.0	0.0	0.0
103.700000	1787824826889108224	47.641467922824795	-122.14016513120102	116.975	0.0	0.0	0.0
103.800000	1787824826988108032	47.641467922824795	-122.14016513120102	116.975	0.0	0.0	0.0
103.900000	1787824827087108096	47.641467922824795	-122.14016513120102	116.975	0.0	0.0	0.0
104.000000	1787824827189108224	47.641467922824795	-122.14016513120102	116.975	0.0	0.0	0.0
104.100000	1787824827288108032	47.641467922824795	-122.14016513120102	116.975	0.0	0.0	0.0
104.200000	1787824827387108096	47.641467922824795	-122.14016513120102	116.975	0.0	0.0	0.0
104.300000	1787824827489108224	47.641467922824795	-122.14016513120102	116.975	0.0	0.0	0.0
104.400000	1787824827588108288	47.641467922824795	-122.14016513120102	116.975	0.0	0.0	0.0
104.500000	1787824827687108352	47.641467922824795	-122.14016513120102	116.975	0.0	0.0	0.0
104.600000	1787824827789108224	47.641467922824795	-122.14016513120102	116.975	0.0	0.0	0.0
104.700000	1787824827888108288	47.641467922824795	-122.14016513120102	116.975	0.0	0.0	0.0
104.800000	1787824827987108352	47.641467922824795	-122.14016513120102	116.975	0.0	0.0	0.0
104.900000	1787824828089108224	47.641467922824795	-122.14016513120102	116.975	0.0	0.0	0.0
105.000000	1787824828188108288	47.641467922824795	-122.14016513120102	116.975	0.0	0.0	0.0
105.100000	1787824828287108096	47.641467922824795	-122.14016513120102	116.975	0.0	0.0	0.0
105.200000	1787824828389108224	47.641467922824795	-122.14016513120102	116.975	0.0	0.0	0.0
105.300000	1787824828488108032	47.641467922824795	-122.14016513120102	116.975	0.0	0.0	0.0
105.400000	1787824828587108096	47.641467922824795	-122.14016513120102	116.975	0.0	0.0	0.0
105.500000	1787824828689108224	47.641467922824795	-122.14016513120102	116.975	0.0	0.0	0.0
105.600000	1787824828788108032	47.641467922824795	-122.14016513120102	116.975	0.0	0.0	0.0
105.700000	1787824828887108096	47.641467922824795	-122.14016513120102	116.975	0.0	0.0	0.0
105.800000	1787824828989108224	47.641467922824795	-122.14016513120102	116.975	0.0	0.0	0.0
105.900000	1787824829088108288	47.641467922824795	-122.14016513120102	116.975	0.0	0.0	0.0
106.000000	1787824829187108352	47.641467922824795	-122.14016513120102	116.975	0.0	0.0	0.0
106.100000	1787824829289108224	47.641467922824795	-122.14016513120102	116.975	0.0	0.0	0.0
106.200000	1787824829388108288	47.641467922824795	-122.14016513120102	116.975	0.0	0.0	0.0
106.300000	1787824829487108352	47.641467922824795	-122.14016513120102	116.975	0.0	0.0	0.0
106.400000	1787824829589108224	47.641467922824795	-122.14016513120102	116.975	0.0	0.0	0.0
106.500000	1787824829688108288	47.641467922824795	-122.14016513120102	116.975	0.0	0.0	0.0
106.600000	1787824829787108096	47.641467922824795	-122.14016513120102	116.975	0.0	0.0	0.0
106.700000	1787824829889108224	47.641467922824795	-122.14016513120102	116.975	0.0	0.0	0.0
106.800000	1787824829988108032	47.641467922824795	-122.14016513120102	116.975	0.0	0.0	0.0
106.900000	1787824830087108096	47.641467922824795	-122.14016513120102	116.975	0.0	0.0	0.0
107.000000	1787824830189108224	47.641467922824795	-122.14016513120102	116.975	0.0	0.0	0.0
107.100000	1787824830288108032	47.641467922824795	-122.14016513120102	116.975	0.0	0.0	0.0
107.200000	1787824830387108096	47.641467922824795	-122.14016513120102	116.975	0.0	0.0	0.0
107.300000	1787824830489108224	47.641467922824795	-122.14016513120102	116.975	0.0	0.0	0.0
107.400000	1787824830588108288	47.641467922824795	-122.14016513120102	116.975	0.0	0.0	0.0
107.500000	1787824830687108352	47.641467922824795	-122.14016513120102	116.975	0.0	0.0	0.0
107.600000	1787824830789108224	47.641467922824795	-122.14016513120102	116.975	0.0	0.0	0.0
107.700000	1787824830888108288	47.641467922824795	-122.14016513120102	116.975	0.0	0.0	0.0
107.800000	1787824830987108352	47.641467922824795	-122.14016513120102	116.975	0.0	0.0	0.0
107.900000	1787824831089108224	47.641467922824795	-122.14016513120102	116.975	0.0	0.0	0.0
108.000000	1787824831188108288	47.641467922824795	-122.14016513120102	116.975	0.0	0.0	0.0
108.100000	1787824831287108096	47.641467922824795	-122.14016513120102	116.975	0.0	0.0	0.0
108.200000	1787824831389108224	47.641467922824795	-122.14016513120102	116.975	0.0	0.0	0.0
108.300000	1787824831488108032	47.641467922824795	-122.14016513120102	116.975	0.0	0.0	0.0
108.400000	1787824831587108096	47.641467922824795	-122.14016513120102	116.975	0.0	0.0	0.0
108.500000	1787824831689108224	47.641467922824795	-122.14016513120102	116.975	0.0	0.0	0.0
108.600000	1787824831788108032	47.641467922824795	-122.14016513120102	116.975	0.0	0.0	0.0
108.700000	1787824831887108096	47.641467922824795	-122.14016513120102	116.975	0.0	0.0	0.0
108.800000	1787824831989108224	47.641467922824795	-122.14016513120102	116.975	0.0	0.0	0.0
108.900000	1787824832088108288	47.641467922824795	-122.14016513120102	116.975	0.0	0.0	0.0
109.000000	1787824832187108352	47.641467922824795	-122.14016513120102	116.975	0.0	0.0	0.0
109.100000	1787824832289108224	47.641467922824795	-122.14016513120102	116.975	0.0	0.0	0.0
109.200000	1787824832388108288	47.641467922824795	-122.14016513120102	116.975	0.0	0.0	0.0
109.300000	1787824832487108352	47.641467922824795	-122.14016513120102	116.975	0.0	0.0	0.0
109.400000	1787824832589108224	47.641467922824795	-122.14016513120102	116.975	0.0	0.0	0.0
109.500000	1787824832688108288	47.641467922824795	-122.14016513120102	116.975	0.0	0.0	0.0
109.600000	1787824832787108096	47.641467922824795	-122.14016513120102	116.975	0.0	0.0	0.0
109.700000	1787824832889108224	47.641467922824795	-122.14016513120102	116.975	0.0	0.0	0.0
109.800000	1787824832988108032	47.641467922824795	-122.14016513120102	116.975	0.0	0.0	0.0
109.900000	1787824833087108096	47.641467922824795	-122.14016513120102	116.975	0.0	0.0	0.0
110.000000	1787824833189108224	47.641467922824795	-122.14016513120102	116.975	0.0	0.0	0.0
110.100000	1787824833288108032	47.641467922824795	-122.14016513120102	116.975	0.0	0.0	0.0
110.200000	1787824833387108096	47.641467922824795	-122.14016513120102	116.975	0.0	0.0	0.0
110.300000	1787824833489108224	47.641467922824795	-122.14016513120102	116.975	0.0	0.0	0.0
110.400000	1787824833588108288	47.641467922824795	-122.14016513120102	116.975	0.0	0.0	0.0
110.500000	1787824833687108352	47.641467922824795	-122.14016513120102	116.975	0.0	0.0	0.0
110.600000	1787824833789108224	47.641467922824795	-122.14016513120102	116.975	0.0	0.0	0.0
110.700000	1787824833888108288	47.641467922824795	-122.14016513120102	116.975	0.0	0.0	0.0
110.800000	1787824833987108352	47.641467922824795	-122.14016513120102	116.975	0.0	0.0	0.0
110.900000	1787824834089108224	47.641467922824795	-122.14016513120102	116.975	0.0	0.0	0.0
111.000000	1787824834188108288	47.641467922824795	-122.14016513120102	116.975	0.0	0.0	0.0
111.100000	1787824834287108096	47.641467922824795	-122.14016513120102	116.975	0.0	0.0	0.0
111.200000	1787824834389108224	47.641467922824795	-122.14016513120102	116.975	0.0	0.0	0.0
111.300000	1787824834488108032	47.641467922824795	-122.14016513120102	116.975	0.0	0.0	0.0
111.400000	1787824834587108096	47.641467922824795	-122.14016513120102	116.975	0.0	0.0	0.0
111.500000	1787824834689108224	47.641467922824795	-122.14016513120102	116.975	0.0	0.0	0.0
111.600000	1787824834788108032	47.641467922824795	-122.14016513120102	116.975	0.0	0.0	0.0
111.700000	1787824834887108096	47.641467922824795	-122.14016513120102	116.975	0.0	0.0	0.0
111.800000	1787824834989108224	47.641467922824795	-122.14016513120102	116.975	0.0	0.0	0.0
111.900000	1787824835088108288	47.641467922824795	-122.14016513120102	116.975	0.0	0.0	0.0
112.000000	1787824835187108352	47.641467922824795	-122.14016513120102	116.975	0.0	0.0	0.0
112.100000	1787824835289108224	47.641467922824795	-122.14016513120102	116.975	0.0	0.0	0.0
112.200000	1787824835388108288	47.641467922824795	-122.14016513120102	116.975	0.0	0.0	0.0
112.300000	1787824835487108352	47.641467922824795	-122.14016513120102	116.975	0.0	0.0	0.0
112.400000	1787824835589108224	47.641467922824795	-122.14016513120102	116.975	0.0	0.0	0.0
112.500000	1787824835688108288	47.641467922824795	-122.14016513120102	116.975	0.0	0.0	0.0
112.600000	1787824835787108096	47.641467922824795	-122.14016513120102	116.975	0.0	0.0	0.0
112.700000	1787824835889108224	47.641467922824795	-122.14016513120102	116.975	0.0	0.0	0.0
112.800000	1787824835988108032	47.641467922824795	-122.14016513120102	116.975	0.0	0.0	0.0
112.900000	1787824836087108096	47.641467922824795	-122.14016513120102	116.975	0.0	0.0	0.0
113.000000	1787824836189108224	47.641467922824795	-122.14016513120102	116.975	0.0	0.0	0.0
113.100000	1787824836288108032	47.641467922824795	-122.14016513120102	116.975	0.0	0.0	0.0
113.200000	1787824836387108096	47.641467922824795	-122.14016513120102	116.975	0.0	0.0	0.0
113.300000	1787824836489108224	47.641467922824795	-122.14016513120102	116.975	0.0	0.0	0.0
113.400000	1787824836588108288	47.641467922824795	-122.14016513120102	116.975	0.0	0.0	0.0
113.500000	1787824836687108352	47.641467922824795	-122.14016513120102	116.975	0.0	0.0	0.0
113.600000	1787824836789108224	47.641467922824795	-122.14016513120102	116.975	0.0	0.0	0.0
113.700000	1787824836888108288	47.641467922824795	-122.14016513120102	116.975	0.0	0.0	0.0
113.800000	1787824836987108352	47.641467922824795	-122.14016513120102	116.975	0.0	0.0	0.0
113.900000	1787824837089108224	47.641467922824795	-122.14016513120102	116.975	0.0	0.0	0.0
114.000000	1787824837188108288	47.641467922824795	-122.14016513120102	116.975	0.0	0.0	0.0
114.100000	1787824837287108096	47.641467922824795	-122.14016513120102	116.975	0.0	0.0	0.0
114.200000	1787824837389108224	47.641467922824795	-122.14016513120102	116.975	0.0	0.0	0.0
114.300000	1787824837488108032	47.641467922824795	-122.14016513120102	116.975	0.0	0.0	0.0
114.400000	1787824837587108096	47.641467922824795	-122.14016513120102	116.975	0.0	0.0	0.0
114.500000	1787824837689108224	47.641467922824795	-122.14016513120102	116.975	0.0	0.0	0.0
114.600000	1787824837788108032	47.641467922824795	-122.14016513120102	116.975	0.0	0.0	0.0
114.700000	1787824837887108096	47.641467922824795	-122.14016513120102	116.975	0.0	0.0	0.0
114.800000	1787824837989108224	47.641467922824795	-122.14016513120102	116.975	0.0	0.0	0.0
114.900000	1787824838088108288	47.641467922824795	-122.14016513120102	116.975	0.0	0.0	0.0
115.000000	1787824838187108352	47.641467922824795	-122.14016513120102	116.975	0.0	0.0	0.0
115.100000	1787824838289108224	47.641467922824795	-122.14016513120102	116.975	0.0	0.0	0.0
115.200000	1787824838388108288	47.641467922824795	-122.14016513120102	116.975	0.0	0.0	0.0
115.300000	1787824838487108352	47.641467922824795	-122.14016513120102	116.975	0.0	0.0	0.0
115.400000	1787824838589108224	47.641467922824795	-122.14016513120102	116.975	0.0	0.0	0.0
115.500000	1787824838688108288	47.641467922824795	-122.14016513120102	116.975	0.0	0.0	0.0
115.600000	1787824838787108096	47.641467922824795	-122.14016513120102	116.975	0.0	0.0	0.0
115.700000	1787824838889108224	47.641467922824795	-122.14016513120102	116.975	0.0	0.0	0.0
115.800000	1787824838988108032	47.641467922824795	-122.14016513120102	116.975	0.0	0.0	0.0
115.900000	1787824839087108096	47.641467922824795	-122.14016513120102	116.975	0.0	0.0	0.0
116.000000	1787824839189108224	47.641467922824795	-122.14016513120102	116.975	0.0	0.0	0.0
116.100000	1787824839288108032	47.641467922824795	-122.14016513120102	116.975	0.0	0.0	0.0
116.200000	1787824839387108096	47.641467922824795	-122.14016513120102	116.975	0.0	0.0	0.0
116.300000	1787824839489108224	47.641467922824795	-122.14016513120102	116.975	0.0	0.0	0.0
116.400000	1787824839588108288	47.641467922824795	-122.14016513120102	116.975	0.0	0.0	0.0
116.500000	1787824839687108352	47.641467922824795	-122.14016513120102	116.975	0.0	0.0	0.0
116.600000	1787824839789108224	47.641467922824795	-122.14016513120102	116.975	0.0	0.0	0.0
116.700000	1787824839888108288	47.641467922824795	-122.14016513120102	116.975	0.0	0.0	0.0
116.800000	1787824839987108352	47.641467922824795	-122.14016513120102	116.975	0.0	0.0	0.0
116.900000	1787824840089108224	47.641467922824795	-122.14016513120102	116.975	0.0	0.0	0.0
117.000000	1787824840188108288	47.641467922824795	-122.14016513120102	116.975	0.0	0.0	0.0
117.100000	1787824840287108096	47.641467922824795	-122.14016513120102	116.975	0.0	0.0	0.0
117.200000	1787824840389108224	47.641467922824795	-122.14016513120102	116.975	0.0	0.0	0.0
117.300000	1787824840488108032	47.641467922824795	-122.14016513120102	116.975	0.0	0.0	0.0
117.400000	1787824840587108096	47.641467922824795	-122.14016513120102	116.975	0.0	0.0	0.0
117.500000	1787824840689108224	47.641467922824795	-122.14016513120102	116.975	0.0	0.0	0.0
117.600000	1787824840788108032	47.641467922824795	-122.14016513120102	116.975	0.0	0.0	0.0
117.700000	1787824840887108096	47.641467922824795	-122.14016513120102	116.975	0.0	0.0	0.0
117.800000	1787824840989108224	47.641467922824795	-122.14016513120102	116.975	0.0	0.0	0.0
117.900000	1787824841088108288	47.641467922824795	-122.14016513120102	116.975	0.0	0.0	0.0
118.000000	1787824841187108352	47.641467922824795	-122.14016513120102	116.975	0.0	0.0	0.0
118.100000	1787824841289108224	47.641467922824795	-122.14016513120102	116.975	0.0	0.0	0.0
118.200000	1787824841388108288	47.641467922824795	-122.14016513120102	116.975	0.0	0.0	0.0
118.300000	1787824841487108352	47.641467922824795	-122.14016513120102	116.975	0.0	0.0	0.0
118.400000	1787824841589108224	47.641467922824795	-122.14016513120102	116.975	0.0	0.0	0.0
118.500000	1787824841688108288	47.641467922824795	-122.14016513120102	116.975	0.0	0.0	0.0
118.600000	1787824841787108096	47.641467922824795	-122.14016513120102	116.975	0.0	0.0	0.0
118.700000	1787824841889108224	47.641467922824795	-122.14016513120102	116.975	0.0	0.0	0.0
118.800000	1787824841988108032	47.641467922824795	-122.14016513120102	116.975	0.0	0.0	0.0
118.900000	1787824842087108096	47.641467922824795	-122.14016513120102	116.975	0.0	0.0	0.0
119.000000	1787824842189108224	47.641467922824795	-122.14016513120102	116.975	0.0	0.0	0.0
119.100000	1787824842288108032	47.641467922824795	-122.14016513120102	116.975	0.0	0.0	0.0
119.200000	1787824842387108096	47.641467922824795	-122.14016513120102	116.975	0.0	0.0	0.0
119.300000	1787824842489108224	47.641467922824795	-122.14016513120102	116.975	0.0	0.0	0.0
119.400000	1787824842588108288	47.641467922824795	-122.14016513120102	116.975	0.0	0.0	0.0
119.500000	1787824842687108352	47.641467922824795	-122.14016513120102	116.975	0.0	0.0	0.0
119.600000	1787824842789108224	47.641467922824795	-122.14016513120102	116.975	0.0	0.0	0.0
119.700000	1787824842888108288	47.641467922824795	-122.14016513120102	116.975	0.0	0.0	0.0
119.800000	1787824842987108352	47.641467922824795	-122.14016513120102	116.975	0.0	0.0	0.0
119.900000	1787824843089108224	47.641467922824795	-122.14016513120102	116.975	0.0	0.0	0.0
120.000000	1787824843188108288	47.641467922824795	-122.14016513120102	116.975	0.0	0.0	0.0
120.100000	1787824843287108096	47.641467922824795	-122.14016513120102	116.975	0.0	0.0	0.0
120.200000	1787824843389108224	47.641467922824795	-122.14016513120102	116.975	0.0	0.0	0.0
120.300000	1787824843488108032	47.641467922824795	-122.14016513120102	116.975	0.0	0.0	0.0
120.400000	1787824843587108096	47.641467922824795	-122.14016513120102	116.975	0.0	0.0	0.0
120.500000	1787824843689108224	47.641467922824795	-122.14016513120102	116.975	0.0	0.0	0.0
120.600000	1787824843788108032	47.641467922824795	-122.14016513120102	116.975	0.0	0.0	0.0
120.700000	1787824843887108096	47.641467922824795	-122.14016513120102	116.975	0.0	0.0	0.0
120.800000	1787824843989108224	47.641467922824795	-122.14016513120102	116.975	0.0	0.0	0.0
120.900000	1787824844088108288	47.641467922824795	-122.14016513120102	116.975	0.0	0.0	0.0
121.000000	1787824844187108352	47.641467922824795	-122.14016513120102	116.975	0.0	0.0	0.0
121.100000	1787824844289108224	47.641467922824795	-122.14016513120102	116.975	0.0	0.0	0.0
121.200000	1787824844388108288	47.641467922824795	-122.14016513120102	116.975	0.0	0.0	0.0
121.300000	1787824844487108352	47.641467922824795	-122.14016513120102	116.975	0.0	0.0	0.0
121.400000	1787824844589108224	47.641467922824795	-122.14016513120102	116.975	0.0	0.0	0.0
121.500000	1787824844688108288	47.641467922824795	-122.14016513120102	116.975	0.0	0.0	0.0
121.600000	1787824844787108096	47.641467922824795	-122.14016513120102	116.975	0.0	0.0	0.0
121.700000	1787824844889108224	47.641467922824795	-122.14016513120102	116.975	0.0	0.0	0.0
121.800000	1787824844988108032	47.641467922824795	-122.14016513120102	116.975	0.0	0.0	0.0
121.900000	1787824845087108096	47.641467922824795	-122.14016513120102	116.975	0.0	0.0	0.0
122.000000	1787824845189108224	47.641467922824795	-122.14016513120102	116.975	0.0	0.0	0.0
122.100000	1787824845288108032	47.641467922824795	-122.14016513120102	116.975	0.0	0.0	0.0
122.200000	1787824845387108096	47.641467922824795	-122.14016513120102	116.975	0.0	0.0	0.0
122.300000	1787824845489108224	47.641467922824795	-122.14016513120102	116.975	0.0	0.0	0.0
122.400000	1787824845588108288	47.641467922824795	-122.14016513120102	116.975	0.0	0.0	0.0
122.500000	1787824845687108352	47.641467922824795	-122.14016513120102	116.975	0.0	0.0	0.0
122.600000	1787824845789108224	47.641467922824795	-122.14016513120102	116.975	0.0	0.0	0.0
122.700000	1787824845888108288	47.641467922824795	-122.14016513120102	116.975	0.0	0.0	0.0
122.800000	1787824845987108352	47.641467922824795	-122.14016513120102	116.975	0.0	0.0	0.0
122.900000	1787824846089108224	47.641467922824795	-122.14016513120102	116.975	0.0	0.0	0.0
123.000000	1787824846188108288	47.641467922824795	-122.14016513120102	116.975	0.0	0.0	0.0
123.100000	1787824846287108096	47.641467922824795	-122.14016513120102	116.975	0.0	0.0	0.0
123.200000	1787824846389108224	47.641467922824795	-122.14016513120102	116.975	0.0	0.0	0.0
123.300000	1787824846488108032	47.641467922824795	-122.14016513120102	116.975	0.0	0.0	0.0
123.400000	1787824846587108096	47.641467922824795	-122.14016513120102	116.975	0.0	0.0	0.0
123.500000	1787824846689108224	47.641467922824795	-122.14016513120102	116.975	0.0	0.0	0.0
123.600000	1787824846788108032	47.641467922824795	-122.14016513120102	116.975	0.0	0.0	0.0
123.700000	1787824846887108096	47.641467922824795	-122.14016513120102	116.975	0.0	0.0	0.0
123.800000	1787824846989108224	47.641467922824795	-122.14016513120102	116.975	0.0	0.0	0.0
123.900000	1787824847088108288	47.641467922824795	-122.14016513120102	116.975	0.0	0.0	0.0
124.000000	1787824847187108352	47.641467922824795	-122.14016513120102	116.975	0.0	0.0	0.0
124.100000	1787824847289108224	47.641467922824795	-122.14016513120102	116.975	0.0	0.0	0.0
124.200000	1787824847388108288	47.641467922824795	-122.14016513120102	116.975	0.0	0.0	0.0
124.300000	1787824847487108352	47.641467922824795	-122.14016513120102	116.975	0.0	0.0	0.0
124.400000	1787824847589108224	47.641467922824795	-122.14016513120102	116.975	0.0	0.0	0.0
124.500000	1787824847688108288	47.641467922824795	-122.14016513120102	116.975	0.0	0.0	0.0
124.600000	1787824847787108096	47.641467922824795	-122.14016513120102	116.975	0.0	0.0	0.0
124.700000	1787824847889108224	47.641467922824795	-122.14016513120102	116.975	0.0	0.0	0.0
124.800000	1787824847988108032	47.641467922824795	-122.14016513120102	116.975	0.0	0.0	0.0
124.900000	1787824848087108096	47.641467922824795	-122.14016513120102	116.975	0.0	0.0	0.0
125.000000	1787824848189108224	47.641467922824795	-122.14016513120102	116.975	0.0	0.0	0.0
125.100000	1787824848288108032	47.641467922824795	-122.14016513120102	116.975	0.0	0.0	0.0
125.200000	1787824848387108096	47.641467922824795	-122.14016513120102	116.975	0.0	0.0	0.0
125.300000	1787824848489108224	47.641467922824795	-122.14016513120102	116.975	0.0	0.0	0.0
125.400000	1787824848588108288	47.641467922824795	-122.14016513120102	116.975	0.0	0.0	0.0
125.500000	1787824848687108352	47.641467922824795	-122.14016513120102	116.975	0.0	0.0	0.0
125.600000	1787824848789108224	47.641467922824795	-122.14016513120102	116.975	0.0	0.0	0.0
125.700000	1787824848888108288	47.641467922824795	-122.14016513120102	116.975	0.0	0.0	0.0
125.800000	1787824848987108352	47.641467922824795	-122.14016513120102	116.975	0.0	0.0	0.0
125.900000	1787824849089108224	47.641467922824795	-122.14016513120102	116.975	0.0	0.0	0.0
126.000000	1787824849188108288	47.641467922824795	-122.14016513120102	116.975	0.0	0.0	0.0
126.100000	1787824849287108096	47.641467922824795	-122.14016513120102	116.975	0.0	0.0	0.0
126.200000	1787824849389108224	47.641467922824795	-122.14016513120102	116.975	0.0	0.0	0.0
126.300000	1787824849488108032	47.641467922824795	-122.14016513120102	116.975	0.0	0.0	0.0
126.400000	1787824849587108096	47.641467922824795	-122.14016513120102	116.975	0.0	0.0	0.0
126.500000	1787824849689108224	47.641467922824795	-122.14016513120102	116.975	0.0	0.0	0.0
126.600000	1787824849788108032	47.641467922824795	-122.14016513120102	116.975	0.0	0.0	0.0
126.700000	1787824849887108096	47.641467922824795	-122.14016513120102	116.975	0.0	0.0	0.0
126.800000	1787824849989108224	47.641467922824795	-122.14016513120102	116.975	0.0	0.0	0.0
126.900000	1787824850088108288	47.641467922824795	-122.14016513120102	116.975	0.0	0.0	0.0
127.000000	1787824850187108352	47.641467922824795	-122.14016513120102	116.975	0.0	0.0	0.0
127.100000	1787824850289108224	47.641467922824795	-122.14016513120102	116.975	0.0	0.0	0.0
127.200000	1787824850388108288	47.641467922824795	-122.14016513120102	116.975	0.0	0.0	0.0
127.300000	1787824850487108352	47.641467922824795	-122.14016513120102	116.975	0.0	0.0	0.0
127.400000	1787824850589108224	47.641467922824795	-122.14016513120102	116.975	0.0	0.0	0.0
127.500000	1787824850688108288	47.641467922824795	-122.14016513120102	116.975	0.0	0.0	0.0
127.600000	1787824850787108096	47.641467922824795	-122.14016513120102	116.975	0.0	0.0	0.0
127.700000	1787824850889108224	47.641467922824795	-122.14016513120102	116.975	0.0	0.0	0.0
127.800000	1787824850988108032	47.641467922824795	-122.14016513120102	116.975	0.0	0.0	0.0
127.900000	1787824851087108096	47.641467922824795	-122.14016513120102	116.975	0.0	0.0	0.0
128.000000	1787824851189108224	47.641467922824795	-122.14016513120102	116.975	0.0	0.0	0.0
128.100000	1787824851288108032	47.641467922824795	-122.14016513120102	116.975	0.0	0.0	0.0
128.200000	1787824851387108096	47.641467922824795	-122.14016513120102	116.975	0.0	0.0	0.0
128.300000	1787824851489108224	47.641467922824795	-122.14016513120102	116.975	0.0	0.0	0.0
128.400000	1787824851588108288	47.641467922824795	-122.14016513120102	116.975	0.0	0.0	0.0
128.500000	1787824851687108352	47.641467922824795	-122.14016513120102	116.975	0.0	0.0	0.0
128.600000	1787824851789108224	47.641467922824795	-122.14016513120102	116.975	0.0	0.0	0.0
128.700000	1787824851888108288	47.641467922824795	-122.14016513120102	116.975	0.0	0.0	0.0
128.800000	1787824851987108352	47.641467922824795	-122.14016513120102	116.975	0.0	0.0	0.0
128.900000	1787824852089108224	47.641467922824795	-122.14016513120102	116.975	0.0	0.0	0.0
129.000000	1787824852188108288	47.641467922824795	-122.14016513120102	116.975	0.0	0.0	0.0
129.100000	1787824852287108096	47.641467922824795	-122.14016513120102	116.975	0.0	0.0	0.0
129.200000	1787824852389108224	47.641467922824795	-122.14016513120102	116.975	0.0	0.0	0.0
129.300000	1787824852488108032	47.641467922824795	-122.14016513120102	116.975	0.0	0.0	0.0
129.400000	1787824852587108096	47.641467922824795	-122.14016513120102	116.975	0.0	0.0	0.0
129.500000	1787824852689108224	47.641467922824795	-122.14016513120102	116.975	0.0	0.0	0.0
129.600000	1787824852788108032	47.641467922824795	-122.14016513120102	116.975	0.0	0.0	0.0
129.700000	1787824852887108096	47.641467922824795	-122.14016513120102	116.975	0.0	0.0	0.0
129.800000	1787824852989108224	47.641467922824795	-122.14016513120102	116.975	0.0	0.0	0.0
129.900000	1787824853088108288	47.641467922824795	-122.14016513120102	116.975	0.0	0.0	0.0
130.000000	1787824853187108352	47.641467922824795	-122.14016513120102	116.975	0.0	0.0	0.0
130.100000	1787824853289108224	47.641467922824795	-122.14016513120102	116.975	0.0	0.0	0.0
130.200000	1787824853388108288	47.641467922824795	-122.14016513120102	116.975	0.0	0.0	0.0
130.300000	1787824853487108352	47.641467922824795	-122.14016513120102	116.975	0.0	0.0	0.0
130.400000	1787824853589108224	47.641467922824795	-122.14016513120102	116.975	0.0	0.0	0.0
130.500000	1787824853688108288	47.641467922824795	-122.14016513120102	116.975	0.0	0.0	0.0
130.600000	1787824853787108096	47.641467922824795	-122.14016513120102	116.975	0.0	0.0	0.0
130.700000	1787824853889108224	47.641467922824795	-122.14016513120102	116.975	0.0	0.0	0.0
130.800000	1787824853988108032	47.641467922824795	-122.14016513120102	116.975	0.0	0.0	0.0
130.900000	1787824854087108096	47.641467922824795	-122.14016513120102	116.975	0.0	0.0	0.0
131.000000	1787824854189108224	47.641467922824795	-122.14016513120102	116.975	0.0	0.0	0.0
131.100000	1787824854288108032	47.641467922824795	-122.14016513120102	116.975	0.0	0.0	0.0
131.200000	1787824854387108096	47.641467922824795	-122.14016513120102	116.975	0.0	0.0	0.0
131.300000	1787824854489108224	47.641467922824795	-122.14016513120102	116.975	0.0	0.0	0.0
131.400000	1787824854588108288	47.641467922824795	-122.14016513120102	116.975	0.0	0.0	0.0
131.500000	1787824854687108352	47.641467922824795	-122.14016513120102	116.975	0.0	0.0	0.0
131.600000	1787824854789108224	47.641467922824795	-122.14016513120102	116.975	0.0	0.0	0.0
131.700000	1787824854888108288	47.641467922824795	-122.14016513120102	116.975	0.0	0.0	0.0
131.800000	1787824854987108352	47.641467922824795	-122.14016513120102	116.975	0.0	0.0	0.0
131.900000	1787824855089108224	47.641467922824795	-122.14016513120102	116.975	0.0	0.0	0.0
132.000000	1787824855188108288	47.641467922824795	-122.14016513120102	116.975	0.0	0.0	0.0
132.100000	1787824855287108096	47.641467922824795	-122.14016513120102	116.975	0.0	0.0	0.0
132.200000	1787824855389108224	47.641467922824795	-122.14016513120102	116.975	0.0	0.0	0.0
132.300000	1787824855488108032	47.641467922824795	-122.14016513120102	116.975	0.0	0.0	0.0
132.400000	1787824855587108096	47.641467922824795	-122.14016513120102	116.975	0.0	0.0	0.0
132.500000	1787824855689108224	47.641467922824795	-122.14016513120102	116.975	0.0	0.0	0.0
132.600000	1787824855788108032	47.641467922824795	-122.14016513120102	116.975	0.0	0.0	0.0
132.700000	1787824855887108096	47.641467922824795	-122.14016513120102	116.975	0.0	0.0	0.0
132.800000	1787824855989108224	47.641467922824795	-122.14016513120102	116.975	0.0	0.0	0.0
132.900000	1787824856088108288	47.641467922824795	-122.14016513120102	116.975	0.0	0.0	0.0
133.000000	1787824856187108352	47.641467922824795	-122.14016513120102	116.975	0.0	0.0	0.0
133.100000	1787824856289108224	47.641467922824795	-122.14016513120102	116.975	0.0	0.0	0.0
133.200000	1787824856388108288	47.641467922824795	-122.14016513120102	116.975	0.0	0.0	0.0
133.300000	1787824856487108352	47.641467922824795	-122.14016513120102	116.975	0.0	0.0	0.0
133.400000	1787824856589108224	47.641467922824795	-122.14016513120102	116.975	0.0	0.0	0.0
133.500000	1787824856688108288	47.641467922824795	-122.14016513120102	116.975	0.0	0.0	0.0
133.600000	1787824856787108096	47.641467922824795	-122.14016513120102	116.975	0.0	0.0	0.0
133.700000	1787824856889108224	47.641467922824795	-122.14016513120102	116.975	0.0	0.0	0.0
133.800000	1787824856988108032	47.641467922824795	-122.14016513120102	116.975	0.0	0.0	0.0
133.900000	1787824857087108096	47.641467922824795	-122.14016513120102	116.975	0.0	0.0	0.0
134.000000	1787824857189108224	47.641467922824795	-122.14016513120102	116.975	0.0	0.0	0.0
134.100000	1787824857288108032	47.641467922824795	-122.14016513120102	116.975	0.0	0.0	0.0
134.200000	1787824857387108096	47.641467922824795	-122.14016513120102	116.975	0.0	0.0	0.0
134.300000	1787824857489108224	47.641467922824795	-122.14016513120102	116.975	0.0	0.0	0.0
134.400000	1787824857588108288	47.641467922824795	-122.14016513120102	116.975	0.0	0.0	0.0
134.500000	1787824857687108352	47.641467922824795	-122.14016513120102	116.975	0.0	0.0	0.0
134.600000	1787824857789108224	47.641467922824795	-122.14016513120102	116.975	0.0	0.0	0.0
134.700000	1787824857888108288	47.641467922824795	-122.14016513120102	116.975	0.0	0.0	0.0
134.800000	1787824857987108352	47.641467922824795	-122.14016513120102	116.975	0.0	0.0	0.0
134.900000	1787824858089108224	47.641467922824795	-122.14016513120102	116.975	0.0	0.0	0.0
135.000000	1787824858188108288	47.641467922824795	-122.14016513120102	116.975	0.0	0.0	0.0
135.100000	1787824858287108096	47.641467922824795	-122.14016513120102	116.975	0.0	0.0	0.0
135.200000	1787824858389108224	47.641467922824795	-122.14016513120102	116.975	0.0	0.0	0.0
135.300000	1787824858488108032	47.641467922824795	-122.14016513120102	116.975	0.0	0.0	0.0
135.400000	1787824858587108096	47.641467922824795	-122.14016513120102	116.975	0.0	0.0	0.0
135.500000	1787824858689108224	47.641467922824795	-122.14016513120102	116.975	0.0	0.0	0.0
135.600000	1787824858788108032	47.641467922824795	-122.14016513120102	116.975	0.0	0.0	0.0
135.700000	1787824858887108096	47.641467922824795	-122.14016513120102	116.975	0.0	0.0	0.0
135.800000	1787824858989108224	47.641467922824795	-122.14016513120102	116.975	0.0	0.0	0.0
135.900000	1787824859088108288	47.641467922824795	-122.14016513120102	116.975	0.0	0.0	0.0
136.000000	1787824859187108352	47.641467922824795	-122.14016513120102	116.975	0.0	0.0	0.0
136.100000	1787824859289108224	47.641467922824795	-122.14016513120102	116.975	0.0	0.0	0.0
136.200000	1787824859388108288	47.641467922824795	-122.14016513120102	116.975	0.0	0.0	0.0
136.300000	1787824859487108352	47.641467922824795	-122.14016513120102	116.975	0.0	0.0	0.0
136.400000	1787824859589108224	47.641467922824795	-122.14016513120102	116.975	0.0	0.0	0.0
136.500000	1787824859688108288	47.641467922824795	-122.14016513120102	116.975	0.0	0.0	0.0
136.600000	1787824859787108096	47.641467922824795	-122.14016513120102	116.975	0.0	0.0	0.0
136.700000	1787824859889108224	47.641467922824795	-122.14016513120102	116.975	0.0	0.0	0.0
136.800000	1787824859988108032	47.641467922824795	-122.14016513120102	116.975	0.0	0.0	0.0
136.900000	1787824860087108096	47.641467922824795	-122.14016513120102	116.975	0.0	0.0	0.0
137.000000	1787824860189108224	47.641467922824795	-122.14016513120102	116.975	0.0	0.0	0.0
137.100000	1787824860288108032	47.641467922824795	-122.14016513120102	116.975	0.0	0.0	0.0
137.200000	1787824860387108096	47.641467922824795	-122.14016513120102	116.975	0.0	0.0	0.0
137.300000	1787824860489108224	47.641467922824795	-122.14016513120102	116.975	0.0	0.0	0.0
137.400000	1787824860588108288	47.641467922824795	-122.14016513120102	116.975	0.0	0.0	0.0
137.500000	1787824860687108352	47.641467922824795	-122.14016513120102	116.975	0.0	0.0	0.0
137.600000	1787824860789108224	47.641467922824795	-122.14016513120102	116.975	0.0	0.0	0.0
137.700000	1787824860888108288	47.641467922824795	-122.14016513120102	116.975	0.0	0.0	0.0
137.800000	1787824860987108352	47.641467922824795	-122.14016513120102	116.975	0.0	0.0	0.0
137.900000	1787824861089108224	47.641467922824795	-122.14016513120102	116.975	0.0	0.0	0.0
138.000000	1787824861188108288	47.641467922824795	-122.14016513120102	116.975	0.0	0.0	0.0
138.100000	1787824861287108096	47.641467922824795	-122.14016513120102	116.975	0.0	0.0	0.0
138.200000	1787824861389108224	47.641467922824795	-122.14016513120102	116.975	0.0	0.0	0.0
138.300000	1787824861488108032	47.641467922824795	-122.14016513120102	116.975	0.0	0.0	0.0
138.400000	1787824861587108096	47.641467922824795	-122.14016513120102	116.975	0.0	0.0	0.0
138.500000	1787824861689108224	47.641467922824795	-122.14016513120102	116.975	0.0	0.0	0.0
138.600000	1787824861788108032	47.641467922824795	-122.14016513120102	116.975	0.0	0.0	0.0
138.700000	1787824861887108096	47.641467922824795	-122.14016513120102	116.975	0.0	0.0	0.0
138.800000	1787824861989108224	47.641467922824795	-122.14016513120102	116.975	0.0	0.0	0.0
138.900000	1787824862088108288	47.641467922824795	-122.14016513120102	116.975	0.0	0.0	0.0
139.000000	1787824862187108352	47.641467922824795	-122.14016513120102	116.975	0.0	0.0	0.0
139.100000	1787824862289108224	47.641467922824795	-122.14016513120102	116.975	0.0	0.0	0.0
139.200000	1787824862388108288	47.641467922824795	-122.14016513120102	116.975	0.0	0.0	0.0
139.300000	1787824862487108352	47.641467922824795	-122.14016513120102	116.975	0.0	0.0	0.0
139.400000	1787824862589108224	47.641467922824795	-122.14016513120102	116.975	0.0	0.0	0.0
139.500000	1787824862688108288	47.641467922824795	-122.14016513120102	116.975	0.0	0.0	0.0
139.600000	1787824862787108096	47.641467922824795	-122.14016513120102	116.975	0.0	0.0	0.0
139.700000	1787824862889108224	47.641467922824795	-122.14016513120102	116.975	0.0	0.0	0.0
139.800000	1787824862988108032	47.641467922824795	-122.14016513120102	116.975	0.0	0.0	0.0
139.900000	1787824863087108096	47.641467922824795	-122.14016513120102	116.975	0.0	0.0	0.0
140.000000	1787824863189108224	47.641467922824795	-122.14016513120102	116.975	0.0	0.0	0.0
140.100000	1787824863288108032	47.641467922824795	-122.14016513120102	116.975	0.0	0.0	0.0
140.200000	1787824863387108096	47.641467922824795	-122.14016513120102	116.975	0.0	0.0	0.0
140.300000	1787824863489108224	47.641467922824795	-122.14016513120102	116.975	0.0	0.0	0.0
140.400000	1787824863588108288	47.641467922824795	-122.14016513120102	116.975	0.0	0.0	0.0
140.500000	1787824863687108352	47.641467922824795	-122.14016513120102	116.975	0.0	0.0	0.0
140.600000	1787824863789108224	47.641467922824795	-122.14016513120102	116.975	0.0	0.0	0.0
140.700000	1787824863888108288	47.641467922824795	-122.14016513120102	116.975	0.0	0.0	0.0
140.800000	1787824863987108352	47.641467922824795	-122.14016513120102	116.975	0.0	0.0	0.0
140.900000	1787824864089108224	47.641467922824795	-122.14016513120102	116.975	0.0	0.0	0.0
141.000000	1787824864188108288	47.641467922824795	-122.14016513120102	116.975	0.0	0.0	0.0
141.100000	1787824864287108096	47.641467922824795	-122.14016513120102	116.975	0.0	0.0	0.0
141.200000	1787824864389108224	47.641467922824795	-122.14016513120102	116.975	0.0	0.0	0.0
141.300000	1787824864488108032	47.641467922824795	-122.14016513120102	116.975	0.0	0.0	0.0
141.400000	1787824864587108096	47.641467922824795	-122.14016513120102	116.975	0.0	0.0	0.0
141.500000	1787824864689108224	47.641467922824795	-122.14016513120102	116.975	0.0	0.0	0.0
141.600000	1787824864788108032	47.641467922824795	-122.14016513120102	116.975	0.0	0.0	0.0
141.700000	1787824864887108096	47.641467922824795	-122.14016513120102	116.975	0.0	0.0	0.0
141.800000	1787824864989108224	47.641467922824795	-122.14016513120102	116.975	0.0	0.0	0.0
141.900000	1787824865088108288	47.641467922824795	-122.14016513120102	116.975	0.0	0.0	0.0
142.000000	1787824865187108352	47.641467922824795	-122.14016513120102	116.975	0.0	0.0	0.0
142.100000	1787824865289108224	47.641467922824795	-122.14016513120102	116.975	0.0	0.0	0.0
142.200000	1787824865388108288	47.641467922824795	-122.14016513120102	116.975	0.0	0.0	0.0
142.300000	1787824865487108352	47.641467922824795	-122.14016513120102	116.975	0.0	0.0	0.0
142.400000	1787824865589108224	47.641467922824795	-122.14016513120102	116.975	0.0	0.0	0.0
142.500000	1787824865688108288	47.641467922824795	-122.14016513120102	116.975	0.0	0.0	0.0
142.600000	1787824865787108096	47.641467922824795	-122.14016513120102	116.975	0.0	0.0	0.0
142.700000	1787824865889108224	47.641467922824795	-122.14016513120102	116.975	0.0	0.0	0.0
142.800000	1787824865988108032	47.641467922824795	-122.14016513120102	116.975	0.0	0.0	0.0
142.900000	1787824866087108096	47.641467922824795	-122.14016513120102	116.975	0.0	0.0	0.0
143.000000	1787824866189108224	47.641467922824795	-122.14016513120102	116.975	0.0	0.0	0.0
143.100000	1787824866288108032	47.641467922824795	-122.14016513120102	116.975	0.0	0.0	0.0
143.200000	1787824866387108096	47.641467922824795	-122.14016513120102	116.975	0.0	0.0	0.0
143.300000	1787824866489108224	47.641467922824795	-122.14016513120102	116.975	0.0	0.0	0.0
143.400000	1787824866588108288	47.641467922824795	-122.14016513120102	116.975	0.0	0.0	0.0
143.500000	1787824866687108352	47.641467922824795	-122.14016513120102	116.975	0.0	0.0	0.0
143.600000	1787824866789108224	47.641467922824795	-122.14016513120102	116.975	0.0	0.0	0.0
143.700000	1787824866888108288	47.641467922824795	-122.14016513120102	116.975	0.0	0.0	0.0
143.800000	1787824866987108352	47.641467922824795	-122.14016513120102	116.975	0.0	0.0	0.0
143.900000	1787824867089108224	47.641467922824795	-122.14016513120102	116.975	0.0	0.0	0.0
144.000000	1787824867188108288	47.641467922824795	-122.14016513120102	116.975	0.0	0.0	0.0
144.100000	1787824867287108096	47.641467922824795	-122.14016513120102	116.975	0.0	0.0	0.0
144.200000	1787824867389108224	47.641467922824795	-122.14016513120102	116.975	0.0	0.0	0.0
144.300000	1787824867488108032	47.641467922824795	-122.14016513120102	116.975	0.0	0.0	0.0
144.400000	1787824867587108096	47.641467922824795	-122.14016513120102	116.975	0.0	0.0	0.0
144.500000	1787824867689108224	47.641467922824795	-122.14016513120102	116.975	0.0	0.0	0.0
144.600000	1787824867788108032	47.641467922824795	-122.14016513120102	116.975	0.0	0.0	0.0
144.700000	1787824867887108096	47.641467922824795	-122.14016513120102	116.975	0.0	0.0	0.0
144.800000	1787824867989108224	47.641467922824795	-122.14016513120102	116.975	0.0	0.0	0.0
144.900000	1787824868088108288	47.641467922824795	-122.14016513120102	116.975	0.0	0.0	0.0
145.000000	1787824868187108352	47.641467922824795	-122.14016513120102	116.975	0.0	0.0	0.0
145.100000	1787824868289108224	47.641467922824795	-122.14016513120102	116.975	0.0	0.0	0.0
145.200000	1787824868388108288	47.641467922824795	-122.14016513120102	116.975	0.0	0.0	0.0
145.300000	1787824868487108352	47.641467922824795	-122.14016513120102	116.975	0.0	0.0	0.0
145.400000	1787824868589108224	47.641467922824795	-122.14016513120102	116.975	0.0	0.0	0.0
145.500000	1787824868688108288	47.641467922824795	-122.14016513120102	116.975	0.0	0.0	0.0
145.600000	1787824868787108096	47.641467922824795	-122.14016513120102	116.975	0.0	0.0	0.0
145.700000	1787824868889108224	47.641467922824795	-122.14016513120102	116.975	0.0	0.0	0.0
145.800000	1787824868988108032	47.641467922824795	-122.14016513120102	116.975	0.0	0.0	0.0
145.900000	1787824869087108096	47.641467922824795	-122.14016513120102	116.975	0.0	0.0	0.0
146.000000	1787824869189108224	47.641467922824795	-122.14016513120102	116.975	0.0	0.0	0.0
146.100000	1787824869288108032	47.641467922824795	-122.14016513120102	116.975	0.0	0.0	0.0
146.200000	1787824869387108096	47.641467922824795	-122.14016513120102	116.975	0.0	0.0	0.0
146.300000	1787824869489108224	47.641467922824795	-122.14016513120102	116.975	0.0	0.0	0.0
146.400000	1787824869588108288	47.641467922824795	-122.14016513120102	116.975	0.0	0.0	0.0
146.500000	1787824869687108352	47.641467922824795	-122.14016513120102	116.975	0.0	0.0	0.0
146.600000	1787824869789108224	47.641467922824795	-122.14016513120102	116.975	0.0	0.0	0.0
146.700000	1787824869888108288	47.641467922824795	-122.14016513120102	116.975	0.0	0.0	0.0
146.800000	1787824869987108352	47.641467922824795	-122.14016513120102	116.975	0.0	0.0	0.0
146.900000	1787824870089108224	47.641467922824795	-122.14016513120102	116.975	0.0	0.0	0.0
147.000000	1787824870188108288	47.641467922824795	-122.14016513120102	116.975	0.0	0.0	0.0
147.100000	1787824870287108096	47.641467922824795	-122.14016513120102	116.975	0.0	0.0	0.0
147.200000	1787824870389108224	47.641467922824795	-122.14016513120102	116.975	0.0	0.0	0.0
147.300000	1787824870488108032	47.641467922824795	-122.14016513120102	116.975	0.0	0.0	0.0
147.400000	1787824870587108096	47.641467922824795	-122.14016513120102	116.975	0.0	0.0	0.0
147.500000	1787824870689108224	47.641467922824795	-122.14016513120102	116.975	0.0	0.0	0.0
147.600000	1787824870788108032	47.641467922824795	-122.14016513120102	116.975	0.0	0.0	0.0
147.700000	1787824870887108096	47.641467922824795	-122.14016513120102	116.975	0.0	0.0	0.0
147.800000	1787824870989108224	47.641467922824795	-122.14016513120102	116.975	0.0	0.0	0.0
147.900000	1787824871088108288	47.641467922824795	-122.14016513120102	116.975	0.0	0.0	0.0
148.000000	1787824871187108352	47.641467922824795	-122.14016513120102	116.975	0.0	0.0	0.0
148.100000	1787824871289108224	47.641467922824795	-122.14016513120102	116.975	0.0	0.0	0.0
148.200000	1787824871388108288	47.641467922824795	-122.14016513120102	116.975	0.0	0.0	0.0
148.300000	1787824871487108352	47.641467922824795	-122.14016513120102	116.975	0.0	0.0	0.0
148.400000	1787824871589108224	47.641467922824795	-122.14016513120102	116.975	0.0	0.0	0.0
148.500000	1787824871688108288	47.641467922824795	-122.14016513120102	116.975	0.0	0.0	0.0
148.600000	1787824871787108096	47.641467922824795	-122.14016513120102	116.975	0.0	0.0	0.0
148.700000	1787824871889108224	47.641467922824795	-122.14016513120102	116.975	0.0	0.0	0.0
148.800000	1787824871988108032	47.641467922824795	-122.14016513120102	116.975	0.0	0.0	0.0
148.900000	1787824872087108096	47.641467922824795	-122.14016513120102	116.975	0.0	0.0	0.0
149.000000	1787824872189108224	47.641467922824795	-122.14016513120102	116.975	0.0	0.0	0.0
149.100000	1787824872288108032	47.641467922824795	-122.14016513120102	116.975	0.0	0.0	0.0
149.200000	1787824872387108096	47.641467922824795	-122.14016513120102	116.975	0.0	0.0	0.0
149.300000	1787824872489108224	47.641467922824795	-122.14016513120102	116.975	0.0	0.0	0.0
149.400000	1787824872588108288	47.641467922824795	-122.14016513120102	116.975	0.0	0.0	0.0
149.500000	1787824872687108352	47.641467922824795	-122.14016513120102	116.975	0.0	0.0	0.0
149.600000	1787824872789108224	47.641467922824795	-122.14016513120102	116.975	0.0	0.0	0.0
149.700000	1787824872888108288	47.641467922824795	-122.14016513120102	116.975	0.0	0.0	0.0
149.800000	1787824872987108352	47.641467922824795	-122.14016513120102	116.975	0.0	0.0	0.0
149.900000	1787824873089108224	47.641467922824795	-122.14016513120102	116.975	0.0	0.0	0.0
150.000000	1787824873188108288	47.641467922824795	-122.14016513120102	116.975	0.0	0.0	0.0
150.100000	1787824873287108096	47.641467922824795	-122.14016513120102	116.975	0.0	0.0	0.0
150.200000	1787824873389108224	47.641467922824795	-122.14016513120102	116.975	0.0	0.0	0.0
150.300000	1787824873488108032	47.641467922824795	-122.14016513120102	116.975	0.0	0.0	0.0
150.400000	1787824873587108096	47.641467922824795	-122.14016513120102	116.975	0.0	0.0	0.0
150.500000	1787824873689108224	47.641467922824795	-122.14016513120102	116.975	0.0	0.0	0.0
150.600000	1787824873788108032	47.641467922824795	-122.14016513120102	116.975	0.0	0.0	0.0
150.700000	1787824873887108096	47.641467922824795	-122.14016513120102	116.975	0.0	0.0	0.0
150.800000	1787824873989108224	47.641467922824795	-122.14016513120102	116.975	0.0	0.0	0.0
150.900000	1787824874088108288	47.641467922824795	-122.14016513120102	116.975	0.0	0.0	0.0
151.000000	1787824874187108352	47.641467922824795	-122.14016513120102	116.975	0.0	0.0	0.0
151.100000	1787824874289108224	47.641467922824795	-122.14016513120102	116.975	0.0	0.0	0.0
151.200000	1787824874388108288	47.641467922824795	-122.14016513120102	116.975	0.0	0.0	0.0
151.300000	1787824874487108352	47.641467922824795	-122.14016513120102	116.975	0.0	0.0	0.0
151.400000	1787824874589108224	47.641467922824795	-122.14016513120102	116.975	0.0	0.0	0.0
151.500000	1787824874688108288	47.641467922824795	-122.14016513120102	116.975	0.0	0.0	0.0
151.600000	1787824874787108096	47.641467922824795	-122.14016513120102	116.975	0.0	0.0	0.0
151.700000	1787824874889108224	47.641467922824795	-122.14016513120102	116.975	0.0	0.0	0.0
151.800000	1787824874988108032	47.641467922824795	-122.14016513120102	116.975	0.0	0.0	0.0
151.900000	1787824875087108096	47.641467922824795	-122.14016513120102	116.975	0.0	0.0	0.0
152.000000	1787824875189108224	47.641467922824795	-122.14016513120102	116.975	0.0	0.0	0.0
152.100000	1787824875288108032	47.641467922824795	-122.14016513120102	116.975	0.0	0.0	0.0
152.200000	1787824875387108096	47.641467922824795	-122.14016513120102	116.975	0.0	0.0	0.0
152.300000	1787824875489108224	47.641467922824795	-122.14016513120102	116.975	0.0	0.0	0.0
152.400000	1787824875588108288	47.641467922824795	-122.14016513120102	116.975	0.0	0.0	0.0
152.500000	1787824875687108352	47.641467922824795	-122.14016513120102	116.975	0.0	0.0	0.0
152.600000	1787824875789108224	47.641467922824795	-122.14016513120102	116.975	0.0	0.0	0.0
152.700000	1787824875888108288	47.641467922824795	-122.14016513120102	116.975	0.0	0.0	0.0
152.800000	1787824875987108352	47.641467922824795	-122.14016513120102	116.975	0.0	0.0	0.0
152.900000	1787824876089108224	47.641467922824795	-122.14016513120102	116.975	0.0	0.0	0.0
153.000000	1787824876188108288	47.641467922824795	-122.14016513120102	116.975	0.0	0.0	0.0
153.100000	1787824876287108096	47.641467922824795	-122.14016513120102	116.975	0.0	0.0	0.0
153.200000	1787824876389108224	47.641467922824795	-122.14016513120102	116.975	0.0	0.0	0.0
153.300000	1787824876488108032	47.641467922824795	-122.14016513120102	116.975	0.0	0.0	0.0
153.400000	1787824876587108096	47.641467922824795	-122.14016513120102	116.975	0.0	0.0	0.0
153.500000	1787824876689108224	47.641467922824795	-122.14016513120102	116.975	0.0	0.0	0.0
153.600000	1787824876788108032	47.641467922824795	-122.14016513120102	116.975	0.0	0.0	0.0
153.700000	1787824876887108096	47.641467922824795	-122.14016513120102	116.975	0.0	0.0	0.0
153.800000	1787824876989108224	47.641467922824795	-122.14016513120102	116.975	0.0	0.0	0.0
153.900000	1787824877088108288	47.641467922824795	-122.14016513120102	116.975	0.0	0.0	0.0
154.000000	1787824877187108352	47.641467922824795	-122.14016513120102	116.975	0.0	0.0	0.0
154.100000	1787824877289108224	47.641467922824795	-122.14016513120102	116.975	0.0	0.0	0.0
154.200000	1787824877388108288	47.641467922824795	-122.14016513120102	116.975	0.0	0.0	0.0
154.300000	1787824877487108352	47.641467922824795	-122.14016513120102	116.975	0.0	0.0	0.0
154.400000	1787824877589108224	47.641467922824795	-122.14016513120102	116.975	0.0	0.0	0.0
154.500000	1787824877688108288	47.641467922824795	-122.14016513120102	116.975	0.0	0.0	0.0
154.600000	1787824877787108096	47.641467922824795	-122.14016513120102	116.975	0.0	0.0	0.0
154.700000	1787824877889108224	47.641467922824795	-122.14016513120102	116.975	0.0	0.0	0.0
154.800000	1787824877988108032	47.641467922824795	-122.14016513120102	116.975	0.0	0.0	0.0
154.900000	1787824878087108096	47.641467922824795	-122.14016513120102	116.975	0.0	0.0	0.0
155.000000	1787824878189108224	47.641467922824795	-122.14016513120102	116.975	0.0	0.0	0.0
155.100000	1787824878288108032	47.641467922824795	-122.14016513120102	116.975	0.0	0.0	0.0
155.200000	1787824878387108096	47.641467922824795	-122.14016513120102	116.975	0.0	0.0	0.0
155.300000	1787824878489108224	47.641467922824795	-122.14016513120102	116.975	0.0	0.0	0.0
155.400000	1787824878588108288	47.641467922824795	-122.14016513120102	116.975	0.0	0.0	0.0
155.500000	1787824878687108352	47.641467922824795	-122.14016513120102	116.975	0.0	0.0	0.0
155.600000	1787824878789108224	47.641467922824795	-122.14016513120102	116.975	0.0	0.0	0.0
155.700000	1787824878888108288	47.641467922824795	-122.14016513120102	116.975	0.0	0.0	0.0
155.800000	1787824878987108352	47.641467922824795	-122.14016513120102	116.975	0.0	0.0	0.0
155.900000	1787824879089108224	47.641467922824795	-122.14016513120102	116.975	0.0	0.0	0.0
156.000000	1787824879188108288	47.641467922824795	-122.14016513120102	116.975	0.0	0.0	0.0
156.100000	1787824879287108096	47.641467922824795	-122.14016513120102	116.975	0.0	0.0	0.0
156.200000	1787824879389108224	47.641467922824795	-122.14016513120102	116.975	0.0	0.0	0.0
156.300000	1787824879488108032	47.641467922824795	-122.14016513120102	116.975	0.0	0.0	0.0
156.400000	1787824879587108096	47.641467922824795	-122.14016513120102	116.975	0.0	0.0	0.0
156.500000	1787824879689108224	47.641467922824795	-122.14016513120102	116.975	0.0	0.0	0.0
156.600000	1787824879788108032	47.641467922824795	-122.14016513120102	116.975	0.0	0.0	0.0
156.700000	1787824879887108096	47.641467922824795	-122.14016513120102	116.975	0.0	0.0	0.0
156.800000	1787824879989108224	47.641467922824795	-122.14016513120102	116.975	0.0	0.0	0.0
156.900000	1787824880088108288	47.641467922824795	-122.14016513120102	116.975	0.0	0.0	0.0
157.000000	1787824880187108352	47.641467922824795	-122.14016513120102	116.975	0.0	0.0	0.0
157.100000	1787824880289108224	47.641467922824795	-122.14016513120102	116.975	0.0	0.0	0.0
157.200000	1787824880388108288	47.641467922824795	-122.14016513120102	116.975	0.0	0.0	0.0
157.300000	1787824880487108352	47.641467922824795	-122.14016513120102	116.975	0.0	0.0	0.0
157.400000	1787824880589108224	47.641467922824795	-122.14016513120102	116.975	0.0	0.0	0.0
157.500000	1787824880688108288	47.641467922824795	-122.14016513120102	116.975	0.0	0.0	0.0
157.600000	1787824880787108096	47.641467922824795	-122.14016513120102	116.975	0.0	0.0	0.0
157.700000	1787824880889108224	47.641467922824795	-122.14016513120102	116.975	0.0	0.0	0.0
157.800000	1787824880988108032	47.641467922824795	-122.14016513120102	116.975	0.0	0.0	0.0
157.900000	1787824881087108096	47.641467922824795	-122.14016513120102	116.975	0.0	0.0	0.0
158.000000	1787824881189108224	47.641467922824795	-122.14016513120102	116.975	0.0	0.0	0.0
158.100000	1787824881288108032	47.641467922824795	-122.14016513120102	116.975	0.0	0.0	0.0
158.200000	1787824881387108096	47.641467922824795	-122.14016513120102	116.975	0.0	0.0	0.0
158.300000	1787824881489108224	47.641467922824795	-122.14016513120102	116.975	0.0	0.0	0.0
158.400000	1787824881588108288	47.641467922824795	-122.14016513120102	116.975	0.0	0.0	0.0
158.500000	1787824881687108352	47.641467922824795	-122.14016513120102	116.975	0.0	0.0	0.0
158.600000	1787824881789108224	47.641467922824795	-122.14016513120102	116.975	0.0	0.0	0.0
158.700000	1787824881888108288	47.641467922824795	-122.14016513120102	116.975	0.0	0.0	0.0
158.800000	1787824881987108352	47.641467922824795	-122.14016513120102	116.975	0.0	0.0	0.0
158.900000	1787824882089108224	47.641467922824795	-122.14016513120102	116.975	0.0	0.0	0.0
159.000000	1787824882188108288	47.641467922824795	-122.14016513120102	116.975	0.0	0.0	0.0
159.100000	1787824882287108096	47.641467922824795	-122.14016513120102	116.975	0.0	0.0	0.0
159.200000	1787824882389108224	47.641467922824795	-122.14016513120102	116.975	0.0	0.0	0.0
159.300000	1787824882488108032	47.641467922824795	-122.14016513120102	116.975	0.0	0.0	0.0
159.400000	1787824882587108096	47.641467922824795	-122.14016513120102	116.975	0.0	0.0	0.0
159.500000	1787824882689108224	47.641467922824795	-122.14016513120102	116.975	0.0	0.0	0.0
159.600000	1787824882788108032	47.641467922824795	-122.14016513120102	116.975	0.0	0.0	0.0
159.700000	1787824882887108096	47.641467922824795	-122.14016513120102	116.975	0.0	0.0	0.0
159.800000	1787824882989108224	47.641467922824795	-122.14016513120102	116.975	0.0	0.0	0.0
159.900000	1787824883088108288	47.641467922824795	-122.14016513120102	116.975	0.0	0.0	0.0
160.000000	1787824883187108352	47.641467922824795	-122.14016513120102	116.975	0.0	0.0	0.0
160.100000	1787824883289108224	47.641467922824795	-122.14016513120102	116.975	0.0	0.0	0.0
160.200000	1787824883388108288	47.641467922824795	-122.14016513120102	116.975	0.0	0.0	0.0
160.300000	1787824883487108352	47.641467922824795	-122.14016513120102	116.975	0.0	0.0	0.0
160.400000	1787824883589108224	47.641467922824795	-122.14016513120102	116.975	0.0	0.0	0.0
160.500000	1787824883688108288	47.641467922824795	-122.14016513120102	116.975	0.0	0.0	0.0
160.600000	1787824883787108096	47.641467922824795	-122.14016513120102	116.975	0.0	0.0	0.0
160.700000	1787824883889108224	47.641467922824795	-122.14016513120102	116.975	0.0	0.0	0.0
160.800000	1787824883988108032	47.641467922824795	-122.14016513120102	116.975	0.0	0.0	0.0
160.900000	1787824884087108096	47.641467922824795	-122.14016513120102	116.975	0.0	0.0	0.0
161.000000	1787824884189108224	47.641467922824795	-122.14016513120102	116.975	0.0	0.0	0.0
161.100000	1787824884288108032	47.641467922824795	-122.14016513120102	116.975	0.0	0.0	0.0
161.200000	1787824884387108096	47.641467922824795	-122.14016513120102	116.975	0.0	0.0	0.0
161.300000	1787824884489108224	47.641467922824795	-122.14016513120102	116.975	0.0	0.0	0.0
161.400000	1787824884588108288	47.641467922824795	-122.14016513120102	116.975	0.0	0.0	0.0
161.500000	1787824884687108352	47.641467922824795	-122.14016513120102	116.975	0.0	0.0	0.0
161.600000	1787824884789108224	47.641467922824795	-122.14016513120102	116.975	0.0	0.0	0.0
161.700000	1787824884888108288	47.641467922824795	-122.14016513120102	116.975	0.0	0.0	0.0
161.800000	1787824884987108352	47.641467922824795	-122.14016513120102	116.975	0.0	0.0	0.0
161.900000	1787824885089108224	47.641467922824795	-122.14016513120102	116.975	0.0	0.0	0.0
162.000000	1787824885188108288	47.641467922824795	-122.14016513120102	116.975	0.0	0.0	0.0
162.100000	1787824885287108096	47.641467922824795	-122.14016513120102	116.975	0.0	0.0	0.0
162.200000	1787824885389108224	47.641467922824795	-122.14016513120102	116.975	0.0	0.0	0.0
162.300000	1787824885488108032	47.641467922824795	-122.14016513120102	116.975	0.0	0.0	0.0
162.400000	1787824885587108096	47.641467922824795	-122.14016513120102	116.975	0.0	0.0	0.0
162.500000	1787824885689108224	47.641467922824795	-122.14016513120102	116.975	0.0	0.0	0.0
162.600000	1787824885788108032	47.641467922824795	-122.14016513120102	116.975	0.0	0.0	0.0
162.700000	1787824885887108096	47.641467922824795	-122.14016513120102	116.975	0.0	0.0	0.0
162.800000	1787824885989108224	47.641467922824795	-122.14016513120102	116.975	0.0	0.0	0.0
162.900000	1787824886088108288	47.641467922824795	-122.14016513120102	116.975	0.0	0.0	0.0
163.000000	1787824886187108352	47.641467922824795	-122.14016513120102	116.975	0.0	0.0	0.0
163.100000	1787824886289108224	47.641467922824795	-122.14016513120102	116.975	0.0	0.0	0.0
163.200000	1787824886388108288	47.641467922824795	-122.14016513120102	116.975	0.0	0.0	0.0
163.300000	1787824886487108352	47.641467922824795	-122.14016513120102	116.975	0.0	0.0	0.0
163.400000	1787824886589108224	47.641467922824795	-122.14016513120102	116.975	0.0	0.0	0.0
163.500000	1787824886688108288	47.641467922824795	-122.14016513120102	116.975	0.0	0.0	0.0
163.600000	1787824886787108096	47.641467922824795	-122.14016513120102	116.975	0.0	0.0	0.0
163.700000	1787824886889108224	47.641467922824795	-122.14016513120102	116.975	0.0	0.0	0.0
163.800000	1787824886988108032	47.641467922824795	-122.14016513120102	116.975	0.0	0.0	0.0
163.900000	1787824887087108096	47.641467922824795	-122.14016513120102	116.975	0.0	0.0	0.0
164.000000	1787824887189108224	47.641467922824795	-122.14016513120102	116.975	0.0	0.0	0.0
164.100000	1787824887288108032	47.641467922824795	-122.14016513120102	116.975	0.0	0.0	0.0
164.200000	1787824887387108096	47.641467922824795	-122.14016513120102	116.975	0.0	0.0	0.0
164.300000	1787824887489108224	47.641467922824795	-122.14016513120102	116.975	0.0	0.0	0.0
164.400000	1787824887588108288	47.641467922824795	-122.14016513120102	116.975	0.0	0.0	0.0
164.500000	1787824887687108352	47.641467922824795	-122.14016513120102	116.975	0.0	0.0	0.0
164.600000	1787824887789108224	47.641467922824795	-122.14016513120102	116.975	0.0	0.0	0.0
164.700000	1787824887888108288	47.641467922824795	-122.14016513120102	116.975	0.0	0.0	0.0
164.800000	1787824887987108352	47.641467922824795	-122.14016513120102	116.975	0.0	0.0	0.0
164.900000	1787824888089108224	47.641467922824795	-122.14016513120102	116.975	0.0	0.0	0.0
165.000000	1787824888188108288	47.641467922824795	-122.14016513120102	116.975	0.0	0.0	0.0
165.100000	1787824888287108096	47.641467922824795	-122.14016513120102	116.975	0.0	0.0	0.0
165.200000	1787824888389108224	47.641467922824795	-122.14016513120102	116.975	0.0	0.0	0.0
165.300000	1787824888488108032	47.641467922824795	-122.14016513120102	116.975	0.0	0.0	0.0
165.400000	1787824888587108096	47.641467922824795	-122.14016513120102	116.975	0.0	0.0	0.0
165.500000	1787824888689108224	47.641467922824795	-122.14016513120102	116.975	0.0	0.0	0.0
165.600000	1787824888788108032	47.641467922824795	-122.14016513120102	116.975	0.0	0.0	0.0
165.700000	1787824888887108096	47.641467922824795	-122.14016513120102	116.975	0.0	0.0	0.0
165.800000	1787824888989108224	47.641467922824795	-122.14016513120102	116.975	0.0	0.0	0.0
165.900000	1787824889088108288	47.641467922824795	-122.14016513120102	116.975	0.0	0.0	0.0
166.000000	1787824889187108352	47.641467922824795	-122.14016513120102	116.975	0.0	0.0	0.0
166.100000	1787824889289108224	47.641467922824795	-122.14016513120102	116.975	0.0	0.0	0.0
166.200000	1787824889388108288	47.641467922824795	-122.14016513120102	116.975	0.0	0.0	0.0
166.300000	1787824889487108352	47.641467922824795	-122.14016513120102	116.975	0.0	0.0	0.0
166.400000	1787824889589108224	47.641467922824795	-122.14016513120102	116.975	0.0	0.0	0.0
166.500000	1787824889688108288	47.641467922824795	-122.14016513120102	116.975	0.0	0.0	0.0
166.600000	1787824889787108096	47.641467922824795	-122.14016513120102	116.975	0.0	0.0	0.0
166.700000	1787824889889108224	47.641467922824795	-122.14016513120102	116.975	0.0	0.0	0.0
166.800000	1787824889988108032	47.641467922824795	-122.14016513120102	116.975	0.0	0.0	0.0
166.900000	1787824890087108096	47.641467922824795	-122.14016513120102	116.975	0.0	0.0	0.0
167.000000	1787824890189108224	47.641467922824795	-122.14016513120102	116.975	0.0	0.0	0.0
167.100000	1787824890288108032	47.641467922824795	-122.14016513120102	116.975	0.0	0.0	0.0
167.200000	1787824890387108096	47.641467922824795	-122.14016513120102	116.975	0.0	0.0	0.0
167.300000	1787824890489108224	47.641467922824795	-122.14016513120102	116.975	0.0	0.0	0.0
167.400000	1787824890588108288	47.641467922824795	-122.14016513120102	116.975	0.0	0.0	0.0
167.500000	1787824890687108352	47.641467922824795	-122.14016513120102	116.975	0.0	0.0	0.0
167.600000	1787824890789108224	47.641467922824795	-122.14016513120102	116.975	0.0	0.0	0.0
167.700000	1787824890888108288	47.641467922824795	-122.14016513120102	116.975	0.0	0.0	0.0
167.800000	1787824890987108352	47.641467922824795	-122.14016513120102	116.975	0.0	0.0	0.0
167.900000	1787824891089108224	47.641467922824795	-122.14016513120102	116.975	0.0	0.0	0.0
168.000000	1787824891188108288	47.641467922824795	-122.14016513120102	116.975	0.0	0.0	0.0
168.100000	1787824891287108096	47.641467922824795	-122.14016513120102	116.975	0.0	0.0	0.0
168.200000	1787824891389108224	47.641467922824795	-122.14016513120102	116.975	0.0	0.0	0.0
168.300000	1787824891488108032	47.641467922824795	-122.14016513120102	116.975	0.0	0.0	0.0
168.400000	1787824891587108096	47.641467922824795	-122.14016513120102	116.975	0.0	0.0	0.0
168.500000	1787824891689108224	47.641467922824795	-122.14016513120102	116.975	0.0	0.0	0.0
168.600000	1787824891788108032	47.641467922824795	-122.14016513120102	116.975	0.0	0.0	0.0
168.700000	1787824891887108096	47.641467922824795	-122.14016513120102	116.975	0.0	0.0	0.0
168.800000	1787824891989108224	47.641467922824795	-122.14016513120102	116.975	0.0	0.0	0.0
168.900000	1787824892088108288	47.641467922824795	-122.14016513120102	116.975	0.0	0.0	0.0
169.000000	1787824892187108352	47.641467922824795	-122.14016513120102	116.975	0.0	0.0	0.0
169.100000	1787824892289108224	47.641467922824795	-122.14016513120102	116.975	0.0	0.0	0.0
169.200000	1787824892388108288	47.641467922824795	-122.14016513120102	116.975	0.0	0.0	0.0
169.300000	1787824892487108352	47.641467922824795	-122.14016513120102	116.975	0.0	0.0	0.0
169.400000	1787824892589108224	47.641467922824795	-122.14016513120102	116.975	0.0	0.0	0.0
169.500000	1787824892688108288	47.641467922824795	-122.14016513120102	116.975	0.0	0.0	0.0
169.600000	1787824892787108096	47.641467922824795	-122.14016513120102	116.975	0.0	0.0	0.0
169.700000	1787824892889108224	47.641467922824795	-122.14016513120102	116.975	0.0	0.0	0.0
169.800000	1787824892988108032	47.641467922824795	-122.14016513120102	116.975	0.0	0.0	0.0
169.900000	1787824893087108096	47.641467922824795	-122.14016513120102	116.975	0.0	0.0	0.0
170.000000	1787824893189108224	47.641467922824795	-122.14016513120102	116.975	0.0	0.0	0.0
170.100000	1787824893288108032	47.641467922824795	-122.14016513120102	116.975	0.0	0.0	0.0
170.200000	1787824893387108096	47.641467922824795	-122.14016513120102	116.975	0.0	0.0	0.0
170.300000	1787824893489108224	47.641467922824795	-122.14016513120102	116.975	0.0	0.0	0.0
170.400000	1787824893588108288	47.641467922824795	-122.14016513120102	116.975	0.0	0.0	0.0
170.500000	1787824893687108352	47.641467922824795	-122.14016513120102	116.975	0.0	0.0	0.0
170.600000	1787824893789108224	47.641467922824795	-122.14016513120102	116.975	0.0	0.0	0.0
170.700000	1787824893888108288	47.641467922824795	-122.14016513120102	116.975	0.0	0.0	0.0
170.800000	1787824893987108352	47.641467922824795	-122.14016513120102	116.975	0.0	0.0	0.0
170.900000	1787824894089108224	47.641467922824795	-122.14016513120102	116.975	0.0	0.0	0.0
171.000000	1787824894188108288	47.641467922824795	-122.14016513120102	116.975	0.0	0.0	0.0
171.100000	1787824894287108096	47.641467922824795	-122.14016513120102	116.975	0.0	0.0	0.0
171.200000	1787824894389108224	47.641467922824795	-122.14016513120102	116.975	0.0	0.0	0.0
171.300000	1787824894488108032	47.641467922824795	-122.14016513120102	116.975	0.0	0.0	0.0
171.400000	1787824894587108096	47.641467922824795	-122.14016513120102	116.975	0.0	0.0	0.0
171.500000	1787824894689108224	47.641467922824795	-122.14016513120102	116.975	0.0	0.0	0.0
171.600000	1787824894788108032	47.641467922824795	-122.14016513120102	116.975	0.0	0.0	0.0
171.700000	1787824894887108096	47.641467922824795	-122.14016513120102	116.975	0.0	0.0	0.0
171.800000	1787824894989108224	47.641467922824795	-122.14016513120102	116.975	0.0	0.0	0.0
171.900000	1787824895088108288	47.641467922824795	-122.14016513120102	116.975	0.0	0.0	0.0
172.000000	1787824895187108352	47.641467922824795	-122.14016513120102	116.975000000122	0.0	9.759524344206322e-08	0.0
172.100000	1787824895289108224	47.641467922824795	-122.14016513120102	116.97500290602034	0.0	8.402950460361644e-05	0.0
172.200000	1787824895388108288	47.641467922824795	-122.14016513120102	116.97502201272911	0.0	0.00032411380347109196	0.0
172.300000	1787824895487108352	47.641467922824795	-122.14016513120102	116.97507293548729	0.0	0.0007203504918458689	0.0
172.400000	1787824895589108224	47.641467922824795	-122.14016513120102	116.97517128953375	0.0	0.0012727395697279466	0.0
172.500000	1787824895688108288	47.641467922824795	-122.14016513120102	116.97533269010745	0.0	0.0019812810371173254	0.0
172.600000	1787824895787108096	47.641467922824795	-122.14016513120102	116.97557275244735	0.0	0.002845974894014006	0.0
172.700000	1787824895889108224	47.641467922824795	-122.14016513120102	116.97590709179248	0.0	0.0038668211404179875	0.0
172.800000	1787824895988108032	47.641467922824795	-122.14016513120102	116.97635132338166	0.0	0.005043819776329269	0.0
172.900000	1787824896087108096	47.641467922824795	-122.14016513120102	116.97692106245393	0.0	0.006376970801747853	0.0
173.000000	1787824896189108224	47.641467922824795	-122.14016513120102	116.97763192424824	0.0	0.007866274216673736	0.0
173.100000	1787824896288108032	47.641467922824795	-122.14016513120102	116.97849952400351	0.0	0.009511730021106921	0.0
173.200000	1787824896387108096	47.641467922824795	-122.14016513120102	116.97953947695869	0.0	0.011313338215047408	0.0
173.300000	1787824896489108224	47.641467922824795	-122.14016513120102	116.98076739835277	0.0	0.013271098798495196	0.0
173.400000	1787824896588108288	47.641467922824795	-122.14016513120102	116.98219890342466	0.0	0.015385011771450283	0.0
173.500000	1787824896687108352	47.641467922824795	-122.14016513120102	116.98384960741328	0.0	0.01765507713391267	0.0
173.600000	1787824896789108224	47.641467922824795	-122.14016513120102	116.98573512555762	0.0	0.020081294885882367	0.0
173.700000	1787824896888108288	47.641467922824795	-122.14016513120102	116.98787107309666	0.0	0.022663665027359357	0.0
173.800000	1787824896987108352	47.641467922824795	-122.14016513120102	116.99027306526932	0.0	0.025402187558343652	0.0
173.900000	1787824897089108224	47.641467922824795	-122.14016513120102	116.99295671731454	0.0	0.028296862478835248	0.0
174.000000	1787824897188108288	47.641467922824795	-122.14016513120102	116.99593764447128	0.0	0.03134768978883414	0.0
174.100000	1787824897287108096	47.641467922824795	-122.14016513120102	116.99923146197852	0.0	0.03455466948834034	0.0
174.200000	1787824897389108224	47.641467922824795	-122.14016513120102	117.00285378507522	0.0	0.03791780157735383	0.0
174.300000	1787824897488108032	47.641467922824795	-122.14016513120102	117.00682022900021	0.0	0.04143708605587465	0.0
174.400000	1787824897587108096	47.641467922824795	-122.14016513120102	117.01114640899263	0.0	0.04511252292390274	0.0
174.500000	1787824897689108224	47.641467922824795	-122.14016513120102	117.01584794029124	0.0	0.04894411218143815	0.0
174.600000	1787824897788108032	47.641467922824795	-122.14016513120102	117.02094043813516	0.0	0.052931853828480854	0.0
174.700000	1787824897887108096	47.641467922824795	-122.14016513120102	117.02643951776324	0.0	0.05707574786503084	0.0
174.800000	1787824897989108224	47.641467922824795	-122.14016513120102	117.03236079441442	0.0	0.061375794291088165	0.0
174.900000	1787824898088108288	47.641467922824795	-122.14016513120102	117.03871988332772	0.0	0.06583199310665275	0.0
175.000000	1787824898187108352	47.641467922824795	-122.14016513120102	117.04553239974202	0.0	0.0704443443117247	0.0
175.100000	1787824898289108224	47.641467922824795	-122.14016513120102	117.05281395889628	0.0	0.07521284790630388	0.0
175.200000	1787824898388108288	47.641467922824795	-122.14016513120102	117.06058017602956	0.0	0.08013750389039041	0.0
175.300000	1787824898487108352	47.641467922824795	-122.14016513120102	117.06884666638065	0.0	0.0852183122639843	0.0
175.400000	1787824898589108224	47.641467922824795	-122.14016513120102	117.07762904518857	0.0	0.09045527302708538	0.0
175.500000	1787824898688108288	47.641467922824795	-122.14016513120102	117.08694292769228	0.0	0.09584838617969373	0.0
175.600000	1787824898787108096	47.641467922824795	-122.14016513120102	117.09680392913074	0.0	0.10139765172180944	0.0
175.700000	1787824898889108224	47.641467922824795	-122.14016513120102	117.10722766474292	0.0	0.10710306965343251	0.0
175.800000	1787824898988108032	47.641467922824795	-122.14016513120102	117.11822974976768	0.0	0.11296463997456288	0.0
175.900000	1787824899087108096	47.641467922824795	-122.14016513120102	117.12982579944409	0.0	0.11898236268520042	0.0
176.000000	1787824899189108224	47.641467922824795	-122.14016513120102	117.14203142901097	0.0	0.12515623778534532	0.0
176.100000	1787824899288108032	47.641467922824795	-122.14016513120102	117.15486225370738	0.0	0.13148626527499754	0.0
176.200000	1787824899387108096	47.641467922824795	-122.14016513120102	117.16833388877222	0.0	0.13797244515415716	0.0
176.300000	1787824899489108224	47.641467922824795	-122.14016513120102	117.18246194944446	0.0	0.14461477742282391	0.0
176.400000	1787824899588108288	47.641467922824795	-122.14016513120102	117.19726205096305	0.0	0.151413262080998	0.0
176.500000	1787824899687108352	47.641467922824795	-122.14016513120102	117.21274980856693	0.0	0.15836789912867943	0.0
176.600000	1787824899789108224	47.641467922824795	-122.14016513120102	117.22894083749506	0.0	0.16547868856586823	0.0
176.700000	1787824899888108288	47.641467922824795	-122.14016513120102	117.24585075298634	0.0	0.17274563039256435	0.0
176.800000	1787824899987108352	47.641467922824795	-122.14016513120102	117.26349517027977	0.0	0.18016872460876784	0.0
176.900000	1787824900089108224	47.641467922824795	-122.14016513120102	117.28188970461427	0.0	0.18774797121447864	0.0
177.000000	1787824900188108288	47.641467922824795	-122.14016513120102	117.30104997122889	0.0	0.19548337020969636	0.0
177.100000	1787824900287108096	47.641467922824795	-122.14016513120102	117.32099158536249	0.0	0.20337492159442144	0.0
177.200000	1787824900389108224	47.641467922824795	-122.14016513120102	117.34173016225398	0.0	0.2114226253686539	0.0
177.300000	1787824900488108032	47.641467922824795	-122.14016513120102	117.36328131714247	0.0	0.21962648153239367	0.0
177.400000	1787824900587108096	47.641467922824795	-122.14016513120102	117.38566066526671	0.0	0.2279864900856408	0.0
177.500000	1787824900689108224	47.641467922824795	-122.14016513120102	117.40888382186583	0.0	0.23650265102839532	0.0
177.600000	1787824900788108032	47.641467922824795	-122.14016513120102	117.43296640217869	0.0	0.24517496436065717	0.0
177.700000	1787824900887108096	47.641467922824795	-122.14016513120102	117.4579240214442	0.0	0.2540034300824264	0.0
177.800000	1787824900989108224	47.641467922824795	-122.14016513120102	117.4837722949014	0.0	0.2629880481937028	0.0
177.900000	1787824901088108288	47.641467922824795	-122.14016513120102	117.51052683778916	0.0	0.27212881869448624	0.0
178.000000	1787824901187108352	47.641467922824795	-122.14016513120102	117.53820326534651	0.0	0.28142574158477707	0.0
178.100000	1787824901289108224	47.641467922824795	-122.14016513120102	117.5668171928124	0.0	0.2908788168645752	0.0
178.200000	1787824901388108288	47.641467922824795	-122.14016513120102	117.59638423542569	0.0	0.3004880445338807	0.0
178.300000	1787824901487108352	47.641467922824795	-122.14016513120102	117.62692000842537	0.0	0.31025342459269356	0.0
178.400000	1787824901589108224	47.641467922824795	-122.14016513120102	117.6584401270504	0.0	0.3201749570410138	0.0
178.500000	1787824901688108288	47.641467922824795	-122.14016513120102	117.69096020653981	0.0	0.3302526418788411	0.0
178.600000	1787824901787108096	47.641467922824795	-122.14016513120102	117.72449586213243	0.0	0.3404864791061758	0.0
178.700000	1787824901889108224	47.641467922824795	-122.14016513120102	117.75906270906727	0.0	0.35087646872301786	0.0
178.800000	1787824901988108032	47.641467922824795	-122.14016513120102	117.79467636258329	0.0	0.3614226107293672	0.0
178.900000	1787824902087108096	47.641467922824795	-122.14016513120102	117.83135243791943	0.0	0.372124905125224	0.0
179.000000	1787824902189108224	47.641467922824795	-122.14016513120102	117.86910655031465	0.0	0.3829833519105881	0.0
179.100000	1787824902288108032	47.641467922824795	-122.14016513120102	117.90795431500787	0.0	0.39399795108545954	0.0
179.200000	1787824902387108096	47.641467922824795	-122.14016513120102	117.94791134723803	0.0	0.40516870264983795	0.0
179.300000	1787824902489108224	47.641467922824795	-122.14016513120102	117.9889932622441	0.0	0.4164956066037236	0.0
179.400000	1787824902588108288	47.641467922824795	-122.14016513120102	118.03121567526499	0.0	0.42797866294711673	0.0
179.500000	1787824902687108352	47.641467922824795	-122.14016513120102	118.07459420153974	0.0	0.4396178716800171	0.0
179.600000	1787824902789108224	47.641467922824795	-122.14016513120102	118.1191444563072	0.0	0.45141323280242485	0.0
179.700000	1787824902888108288	47.641467922824795	-122.14016513120102	118.16488205480638	0.0	0.46336474631434	0.0
179.800000	1787824902987108352	47.641467922824795	-122.14016513120102	118.21182261227628	0.0	0.4754724122157625	0.0
179.900000	1787824903089108224	47.641467922824795	-122.14016513120102	118.25998174395575	0.0	0.48773623050669224	0.0
180.000000	1787824903188108288	47.641467922824795	-122.14016513120102	118.30937506508381	0.0	0.5001562011871294	0.0
180.100000	1787824903287108096	47.641467922824795	-122.14016513120102	118.36001278900267	0.0	0.5125722680578287	0.0
180.200000	1787824903389108224	47.641467922824795	-122.14016513120102	118.4118843119891	0.0	0.5248321825390208	0.0
180.300000	1787824903488108032	47.641467922824795	-122.14016513120102	118.46497401880421	0.0	0.5369359446307054	0.0
180.400000	1787824903587108096	47.641467922824795	-122.14016513120102	118.51926629420903	0.0	0.5488835543328827	0.0
180.500000	1787824903689108224	47.641467922824795	-122.14016513120102	118.5747455229646	0.0	0.5606750116455528	0.0
180.600000	1787824903788108032	47.641467922824795	-122.14016513120102	118.63139608983191	0.0	0.5723103165687157	0.0
180.700000	1787824903887108096	47.641467922824795	-122.14016513120102	118.6892023795721	0.0	0.5837894691023712	0.0
180.800000	1787824903989108224	47.641467922824795	-122.14016513120102	118.7481487769462	0.0	0.5951124692465193	0.0
180.900000	1787824904088108288	47.641467922824795	-122.14016513120102	118.80821966671517	0.0	0.6062793170011601	0.0
181.000000	1787824904187108352	47.641467922824795	-122.14016513120102	118.86939943364015	0.0	0.6172900123662938	0.0
181.100000	1787824904289108224	47.641467922824795	-122.14016513120102	118.93167246248221	0.0	0.62814455534192	0.0
181.200000	1787824904388108288	47.641467922824795	-122.14016513120102	118.99502313800232	0.0	0.6388429459280389	0.0
181.300000	1787824904487108352	47.641467922824795	-122.14016513120102	119.05943584496157	0.0	0.6493851841246506	0.0
181.400000	1787824904589108224	47.641467922824795	-122.14016513120102	119.12489496812103	0.0	0.6597712699317551	0.0
181.500000	1787824904688108288	47.641467922824795	-122.14016513120102	119.19138489224169	0.0	0.670001203349352	0.0
181.600000	1787824904787108096	47.641467922824795	-122.14016513120102	119.25889000208464	0.0	0.6800749843774418	0.0
181.700000	1787824904889108224	47.641467922824795	-122.14016513120102	119.32739468241094	0.0	0.6899926130160242	0.0
181.800000	1787824904988108032	47.641467922824795	-122.14016513120102	119.39688331798163	0.0	0.6997540892650995	0.0
181.900000	1787824905087108096	47.641467922824795	-122.14016513120102	119.46734029355775	0.0	0.7093594131246672	0.0
182.000000	1787824905189108224	47.641467922824795	-122.14016513120102	119.53874999390031	0.0	0.7188085845947279	0.0
182.100000	1787824905288108032	47.641467922824795	-122.14016513120102	119.61109680377041	0.0	0.7281016036752812	0.0
182.200000	1787824905387108096	47.641467922824795	-122.14016513120102	119.68436510792911	0.0	0.7372384703663272	0.0
182.300000	1787824905489108224	47.641467922824795	-122.14016513120102	119.75853929113744	0.0	0.7462191846678657	0.0
182.400000	1787824905588108288	47.641467922824795	-122.14016513120102	119.83360373815641	0.0	0.7550437465798971	0.0
182.500000	1787824905687108352	47.641467922824795	-122.14016513120102	119.90954283374715	0.0	0.7637121561024212	0.0
182.600000	1787824905789108224	47.641467922824795	-122.14016513120102	119.98634096267064	0.0	0.772224413235438	0.0
182.700000	1787824905888108288	47.641467922824795	-122.14016513120102	120.06398250968795	0.0	0.7805805179789475	0.0
182.800000	1787824905987108352	47.641467922824795	-122.14016513120102	120.14245185956015	0.0	0.7887804703329495	0.0
182.900000	1787824906089108224	47.641467922824795	-122.14016513120102	120.22173339704827	0.0	0.7968242702974444	0.0
183.000000	1787824906188108288	47.641467922824795	-122.14016513120102	120.30181150691331	0.0	0.8047119178724319	0.0
183.100000	1787824906287108096	47.641467922824795	-122.14016513120102	120.38267057391644	0.0	0.8124434130579122	0.0
183.200000	1787824906389108224	47.641467922824795	-122.14016513120102	120.46429498281866	0.0	0.8200187558538851	0.0
183.300000	1787824906488108032	47.641467922824795	-122.14016513120102	120.54666911838096	0.0	0.8274379462603507	0.0
183.400000	1787824906587108096	47.641467922824795	-122.14016513120102	120.62977736536446	0.0	0.834700984277309	0.0
183.500000	1787824906689108224	47.641467922824795	-122.14016513120102	120.71360410853018	0.0	0.8418078699047602	0.0
183.600000	1787824906788108032	47.641467922824795	-122.14016513120102	120.79813373263914	0.0	0.8487586031427039	0.0
183.700000	1787824906887108096	47.641467922824795	-122.14016513120102	120.88335062245244	0.0	0.8555531839911403	0.0
183.800000	1787824906989108224	47.641467922824795	-122.14016513120102	120.96923916273114	0.0	0.8621916124500694	0.0
183.900000	1787824907088108288	47.641467922824795	-122.14016513120102	121.05578373823627	0.0	0.8686738885194912	0.0
184.000000	1787824907187108352	47.641467922824795	-122.14016513120102	121.14296873372882	0.0	0.8750000121994059	0.0
184.100000	1787824907289108224	47.641467922824795	-122.14016513120102	121.23077853396993	0.0	0.881169983489813	0.0
184.200000	1787824907388108288	47.641467922824795	-122.14016513120102	121.31919752372058	0.0	0.8871838023907129	0.0
184.300000	1787824907487108352	47.641467922824795	-122.14016513120102	121.40821008774182	0.0	0.8930414689021056	0.0
184.400000	1787824907589108224	47.641467922824795	-122.14016513120102	121.49780061079474	0.0	0.898742983023991	0.0
184.500000	1787824907688108288	47.641467922824795	-122.14016513120102	121.58795347764041	0.0	0.9042883447563691	0.0
184.600000	1787824907787108096	47.641467922824795	-122.14016513120102	121.6786530730398	0.0	0.9096775540992397	0.0
184.700000	1787824907889108224	47.641467922824795	-122.14016513120102	121.76988378175399	0.0	0.914910611052603	0.0
184.800000	1787824907988108032	47.641467922824795	-122.14016513120102	121.86162998854404	0.0	0.919987515616459	0.0
184.900000	1787824908087108096	47.641467922824795	-122.14016513120102	121.95387607817104	0.0	0.9249082677908077	0.0
185.000000	1787824908189108224	47.641467922824795	-122.14016513120102	122.04660643539594	0.0	0.9296728675756494	0.0
185.100000	1787824908288108032	47.641467922824795	-122.14016513120102	122.13980544497986	0.0	0.9342813149709838	0.0
185.200000	1787824908387108096	47.641467922824795	-122.14016513120102	122.2334574916838	0.0	0.9387336099768108	0.0
185.300000	1787824908489108224	47.641467922824795	-122.14016513120102	122.3275469602689	0.0	0.9430297525931305	0.0
185.400000	1787824908588108288	47.641467922824795	-122.14016513120102	122.4220582354962	0.0	0.9471697428199428	0.0
185.500000	1787824908687108352	47.641467922824795	-122.14016513120102	122.51697570212664	0.0	0.9511535806572478	0.0
185.600000	1787824908789108224	47.641467922824795	-122.14016513120102	122.61228374492134	0.0	0.9549812661050453	0.0
185.700000	1787824908888108288	47.641467922824795	-122.14016513120102	122.70796674864137	0.0	0.9586527991633356	0.0
185.800000	1787824908987108352	47.641467922824795	-122.14016513120102	122.80400909804773	0.0	0.9621681798321186	0.0
185.900000	1787824909089108224	47.641467922824795	-122.14016513120102	122.90039517790147	0.0	0.9655274081113946	0.0
186.000000	1787824909188108288	47.641467922824795	-122.14016513120102	122.99710937296369	0.0	0.9687304840011632	0.0
186.100000	1787824909287108096	47.641467922824795	-122.14016513120102	123.09413606799546	0.0	0.9717774075014245	0.0
186.200000	1787824909389108224	47.641467922824795	-122.14016513120102	123.19145964775775	0.0	0.9746681786121785	0.0
186.300000	1787824909488108032	47.641467922824795	-122.14016513120102	123.28906449701167	0.0	0.9774027973334252	0.0
186.400000	1787824909587108096	47.641467922824795	-122.14016513120102	123.38693500051824	0.0	0.9799812636651645	0.0
186.500000	1787824909689108224	47.641467922824795	-122.14016513120102	123.48505554303844	0.0	0.9824035776073967	0.0
186.600000	1787824909788108032	47.641467922824795	-122.14016513120102	123.58341050933342	0.0	0.9846697391601215	0.0
186.700000	1787824909887108096	47.641467922824795	-122.14016513120102	123.68198428416422	0.0	0.9867797483233388	0.0
186.800000	1787824909989108224	47.641467922824795	-122.14016513120102	123.78076125229185	0.0	0.9887336050970489	0.0
186.900000	1787824910088108288	47.641467922824795	-122.14016513120102	123.87972579847737	0.0	0.9905313094812517	0.0
187.000000	1787824910187108352	47.641467922824795	-122.14016513120102	123.97886230748186	0.0	0.9921728614759469	0.0
187.100000	1787824910289108224	47.641467922824795	-122.14016513120102	124.0781551640663	0.0	0.993658261081135	0.0
187.200000	1787824910388108288	47.641467922824795	-122.14016513120102	124.17758875299185	0.0	0.9949875082968159	0.0
187.300000	1787824910487108352	47.641467922824795	-122.14016513120102	124.27714745901945	0.0	0.9961606031229897	0.0
187.400000	1787824910589108224	47.641467922824795	-122.14016513120102	124.37681566691019	0.0	0.9971775455596561	0.0
187.500000	1787824910688108288	47.641467922824795	-122.14016513120102	124.47657776142515	0.0	0.9980383356068151	0.0
187.600000	1787824910787108096	47.641467922824795	-122.14016513120102	124.57641812732535	0.0	0.9987429732644668	0.0
187.700000	1787824910889108224	47.641467922824795	-122.14016513120102	124.67632114937183	0.0	0.9992914585326113	0.0
187.800000	1787824910988108032	47.641467922824795	-122.14016513120102	124.77627121232561	0.0	0.9996837914112482	0.0
187.900000	1787824911087108096	47.641467922824795	-122.14016513120102	124.87625270094784	0.0	0.9999199719003778	0.0
188.000000	1787824911189108224	47.641467922824795	-122.14016513120102	124.9762499999995	0.0	1.0000000000000002	0.0
188.100000	1787824911288108032	47.641467922824795	-122.14016513120102	125.0762499999994	0.0	1.0000000000000002	0.0
188.200000	1787824911387108096	47.641467922824795	-122.14016513120102	125.17624999999931	0.0	1.0000000000000002	0.0
188.300000	1787824911489108224	47.641467922824795	-122.14016513120102	125.27624999999922	0.0	1.0000000000000002	0.0
188.400000	1787824911588108288	47.641467922824795	-122.14016513120102	125.37624999999913	0.0	1.0000000000000002	0.0
188.500000	1787824911687108352	47.641467922824795	-122.14016513120102	125.47624999999904	0.0	1.0000000000000002	0.0
188.600000	1787824911789108224	47.641467922824795	-122.14016513120102	125.57624999999895	0.0	1.0000000000000002	0.0
188.700000	1787824911888108288	47.641467922824795	-122.14016513120102	125.67624999999886	0.0	1.0000000000000002	0.0
188.800000	1787824911987108352	47.641467922824795	-122.14016513120102	125.77624999999877	0.0	1.0000000000000002	0.0
188.900000	1787824912089108224	47.641467922824795	-122.14016513120102	125.87624999999868	0.0	1.0000000000000002	0.0
189.000000	1787824912188108288	47.641467922824795	-122.14016513120102	125.97624999999859	0.0	1.0000000000000002	0.0
189.100000	1787824912287108096	47.641467922824795	-122.14016513120102	126.0762499999985	0.0	1.0000000000000002	0.0
189.200000	1787824912389108224	47.641467922824795	-122.14016513120102	126.1762499999984	0.0	1.0000000000000002	0.0
189.300000	1787824912488108032	47.641467922824795	-122.14016513120102	126.27624999999831	0.0	1.0000000000000002	0.0
189.400000	1787824912587108096	47.641467922824795	-122.14016513120102	126.37624999999822	0.0	1.0000000000000002	0.0
189.500000	1787824912689108224	47.641467922824795	-122.14016513120102	126.47624999999813	0.0	1.0000000000000002	0.0
189.600000	1787824912788108032	47.641467922824795	-122.14016513120102	126.57624999999804	0.0	1.0000000000000002	0.0
189.700000	1787824912887108096	47.641467922824795	-122.14016513120102	126.67624999999795	0.0	1.0000000000000002	0.0
189.800000	1787824912989108224	47.641467922824795	-122.14016513120102	126.77624999999786	0.0	1.0000000000000002	0.0
189.900000	1787824913088108288	47.641467922824795	-122.14016513120102	126.87624999999777	0.0	1.0000000000000002	0.0
190.000000	1787824913187108352	47.641467922824795	-122.14016513120102	126.97624999999768	0.0	1.0000000000000002	0.0
190.100000	1787824913289108224	47.641467922824795	-122.14016513120102	127.07624999999759	0.0	1.0000000000000002	0.0
190.200000	1787824913388108288	47.641467922824795	-122.14016513120102	127.1762499999975	0.0	1.0000000000000002	0.0
190.300000	1787824913487108352	47.641467922824795	-122.14016513120102	127.2762499999974	0.0	1.0000000000000002	0.0
190.400000	1787824913589108224	47.641467922824795	-122.14016513120102	127.37624999999731	0.0	1.0000000000000002	0.0
190.500000	1787824913688108288	47.641467922824795	-122.14016513120102	127.47624999999722	0.0	1.0000000000000002	0.0
190.600000	1787824913787108096	47.641467922824795	-122.14016513120102	127.57624999999713	0.0	1.0000000000000002	0.0
190.700000	1787824913889108224	47.641467922824795	-122.14016513120102	127.67624999999704	0.0	1.0000000000000002	0.0
190.800000	1787824913988108032	47.641467922824795	-122.14016513120102	127.77624999999695	0.0	1.0000000000000002	0.0
190.900000	1787824914087108096	47.641467922824795	-122.14016513120102	127.87624999999686	0.0	1.0000000000000002	0.0
191.000000	1787824914189108224	47.641467922824795	-122.14016513120102	127.97624999999677	0.0	1.0000000000000002	0.0
191.100000	1787824914288108032	47.641467922824795	-122.14016513120102	128.0762499999967	0.0	1.0000000000000002	0.0
191.200000	1787824914387108096	47.641467922824795	-122.14016513120102	128.1762499999966	0.0	1.0000000000000002	0.0
191.300000	1787824914489108224	47.641467922824795	-122.14016513120102	128.2762499999965	0.0	1.0000000000000002	0.0
191.400000	1787824914588108288	47.641467922824795	-122.14016513120102	128.37624999999642	0.0	1.0000000000000002	0.0
191.500000	1787824914687108352	47.641467922824795	-122.14016513120102	128.47624999999633	0.0	1.0000000000000002	0.0
191.600000	1787824914789108224	47.641467922824795	-122.14016513120102	128.57624999999624	0.0	1.0000000000000002	0.0
191.700000	1787824914888108288	47.641467922824795	-122.14016513120102	128.67624999999614	0.0	1.0000000000000002	0.0
191.800000	1787824914987108352	47.641467922824795	-122.14016513120102	128.77624999999605	0.0	1.0000000000000002	0.0
191.900000	1787824915089108224	47.641467922824795	-122.14016513120102	128.87624999999596	0.0	1.0000000000000002	0.0
192.000000	1787824915188108288	47.641467922824795	-122.14016513120102	128.97624999999587	0.0	1.0000000000000002	0.0
192.100000	1787824915287108096	47.641467922824795	-122.14016513120102	129.07624999999578	0.0	1.0000000000000002	0.0
192.200000	1787824915389108224	47.641467922824795	-122.14016513120102	129.1762499999957	0.0	1.0000000000000002	0.0
192.300000	1787824915488108032	47.641467922824795	-122.14016513120102	129.2762499999956	0.0	1.0000000000000002	0.0
192.400000	1787824915587108096	47.641467922824795	-122.14016513120102	129.3762499999955	0.0	1.0000000000000002	0.0
192.500000	1787824915689108224	47.641467922824795	-122.14016513120102	129.47624999999542	0.0	1.0000000000000002	0.0
192.600000	1787824915788108032	47.641467922824795	-122.14016513120102	129.57624999999533	0.0	1.0000000000000002	0.0
192.700000	1787824915887108096	47.641467922824795	-122.14016513120102	129.67624999999524	0.0	1.0000000000000002	0.0
192.800000	1787824915989108224	47.641467922824795	-122.14016513120102	129.77624999999514	0.0	1.0000000000000002	0.0
192.900000	1787824916088108288	47.641467922824795	-122.14016513120102	129.87624999999505	0.0	1.0000000000000002	0.0
193.000000	1787824916187108352	47.641467922824795	-122.14016513120102	129.97624999999496	0.0	1.0000000000000002	0.0
193.100000	1787824916289108224	47.641467922824795	-122.14016513120102	130.07624999999487	0.0	1.0000000000000002	0.0
193.200000	1787824916388108288	47.641467922824795	-122.14016513120102	130.17624999999478	0.0	1.0000000000000002	0.0
193.300000	1787824916487108352	47.641467922824795	-122.14016513120102	130.2762499999947	0.0	1.0000000000000002	0.0
193.400000	1787824916589108224	47.641467922824795	-122.14016513120102	130.3762499999946	0.0	1.0000000000000002	0.0
193.500000	1787824916688108288	47.641467922824795	-122.14016513120102	130.4762499999945	0.0	1.0000000000000002	0.0
193.600000	1787824916787108096	47.641467922824795	-122.14016513120102	130.57624999999442	0.0	1.0000000000000002	0.0
193.700000	1787824916889108224	47.641467922824795	-122.14016513120102	130.67624999999433	0.0	1.0000000000000002	0.0
193.800000	1787824916988108032	47.641467922824795	-122.14016513120102	130.77624999999423	0.0	1.0000000000000002	0.0
193.900000	1787824917087108096	47.641467922824795	-122.14016513120102	130.87624999999414	0.0	1.0000000000000002	0.0
194.000000	1787824917189108224	47.641467922824795	-122.14016513120102	130.97624999999405	0.0	1.0000000000000002	0.0
194.100000	1787824917288108032	47.641467922824795	-122.14016513120102	131.07624999999396	0.0	1.0000000000000002	0.0
194.200000	1787824917387108096	47.641467922824795	-122.14016513120102	131.17624999999387	0.0	1.0000000000000002	0.0
194.300000	1787824917489108224	47.641467922824795	-122.14016513120102	131.27624999999378	0.0	1.0	0.0
194.400000	1787824917588108288	47.641467922824795	-122.14016513120102	131.3762499999937	0.0	1.0	0.0
194.500000	1787824917687108352	47.641467922824795	-122.14016513120102	131.4762499999936	0.0	1.0	0.0
194.600000	1787824917789108224	47.641467922824795	-122.14016513120102	131.5762499999935	0.0	1.0	0.0
194.700000	1787824917888108288	47.641467922824795	-122.14016513120102	131.67624999999342	0.0	1.0	0.0
194.800000	1787824917987108352	47.641467922824795	-122.14016513120102	131.77624999999333	0.0	1.0	0.0
194.900000	1787824918089108224	47.641467922824795	-122.14016513120102	131.87624999999323	0.0	1.0	0.0
195.000000	1787824918188108288	47.641467922824795	-122.14016513120102	131.97624999999314	0.0	1.0	0.0
195.100000	1787824918287108096	47.641467922824795	-122.14016513120102	132.07624999999305	0.0	1.0	0.0
195.200000	1787824918389108224	47.641467922824795	-122.14016513120102	132.17624999999296	0.0	1.0	0.0
195.300000	1787824918488108032	47.641467922824795	-122.14016513120102	132.27624999999287	0.0	1.0	0.0
195.400000	1787824918587108096	47.641467922824795	-122.14016513120102	132.37624999999278	0.0	1.0	0.0
195.500000	1787824918689108224	47.641467922824795	-122.14016513120102	132.4762499999927	0.0	1.0	0.0
195.600000	1787824918788108032	47.641467922824795	-122.14016513120102	132.5762499999926	0.0	1.0	0.0
195.700000	1787824918887108096	47.641467922824795	-122.14016513120102	132.6762499999925	0.0	1.0	0.0
195.800000	1787824918989108224	47.641467922824795	-122.14016513120102	132.77624999999242	0.0	1.0	0.0
195.900000	1787824919088108288	47.641467922824795	-122.14016513120102	132.87624999999233	0.0	1.0	0.0
196.000000	1787824919187108352	47.641467922824795	-122.14016513120102	132.97624999999223	0.0	1.0	0.0
196.100000	1787824919289108224	47.641467922824795	-122.14016513120102	133.07624999999214	0.0	1.0	0.0
196.200000	1787824919388108288	47.641467922824795	-122.14016513120102	133.17624999999205	0.0	1.0	0.0
196.300000	1787824919487108352	47.641467922824795	-122.14016513120102	133.27624999999196	0.0	1.0	0.0
196.400000	1787824919589108224	47.641467922824795	-122.14016513120102	133.37624999999187	0.0	1.0	0.0
196.500000	1787824919688108288	47.641467922824795	-122.14016513120102	133.47624999999178	0.0	1.0	0.0
196.600000	1787824919787108096	47.641467922824795	-122.14016513120102	133.5762499999917	0.0	1.0	0.0
196.700000	1787824919889108224	47.641467922824795	-122.14016513120102	133.6762499999916	0.0	1.0	0.0
196.800000	1787824919988108032	47.641467922824795	-122.14016513120102	133.7762499999915	0.0	1.0	0.0
196.900000	1787824920087108096	47.641467922824795	-122.14016513120102	133.87624999999142	0.0	1.0	0.0
197.000000	1787824920189108224	47.641467922824795	-122.14016513120102	133.97624999999132	0.0	1.0	0.0
197.100000	1787824920288108032	47.641467922824795	-122.14016513120102	134.07624999999123	0.0	1.0	0.0
197.200000	1787824920387108096	47.641467922824795	-122.14016513120102	134.17624999999114	0.0	1.0	0.0
197.300000	1787824920489108224	47.641467922824795	-122.14016513120102	134.27624999999105	0.0	1.0	0.0
197.400000	1787824920588108288	47.641467922824795	-122.14016513120102	134.37624999999096	0.0	1.0	0.0
197.500000	1787824920687108352	47.641467922824795	-122.14016513120102	134.47624999999087	0.0	1.0	0.0
197.600000	1787824920789108224	47.641467922824795	-122.14016513120102	134.57624999999078	0.0	1.0	0.0
197.700000	1787824920888108288	47.641467922824795	-122.14016513120102	134.6762499999907	0.0	1.0	0.0
197.800000	1787824920987108352	47.641467922824795	-122.14016513120102	134.7762499999906	0.0	1.0	0.0
197.900000	1787824921089108224	47.641467922824795	-122.14016513120102	134.8762499999905	0.0	1.0	0.0
198.000000	1787824921188108288	47.641467922824795	-122.14016513120102	134.97624999999042	0.0	1.0	0.0
198.100000	1787824921287108096	47.641467922824795	-122.14016513120102	135.07624999999032	0.0	1.0	0.0
198.200000	1787824921389108224	47.641467922824795	-122.14016513120102	135.17624999999023	0.0	1.0	0.0
198.300000	1787824921488108032	47.641467922824795	-122.14016513120102	135.27624999999014	0.0	1.0	0.0
198.400000	1787824921587108096	47.641467922824795	-122.14016513120102	135.37624999999005	0.0	1.0	0.0
198.500000	1787824921689108224	47.641467922824795	-122.14016513120102	135.47624999998996	0.0	1.0	0.0
198.600000	1787824921788108032	47.641467922824795	-122.14016513120102	135.57624999998987	0.0	1.0	0.0
198.700000	1787824921887108096	47.641467922824795	-122.14016513120102	135.67624999998978	0.0	1.0	0.0
198.800000	1787824921989108224	47.641467922824795	-122.14016513120102	135.7762499999897	0.0	1.0	0.0
198.900000	1787824922088108288	47.641467922824795	-122.14016513120102	135.8762499999896	0.0	1.0	0.0
199.000000	1787824922187108352	47.641467922824795	-122.14016513120102	135.9762499999895	0.0	1.0	0.0
199.100000	1787824922289108224	47.641467922824795	-122.14016513120102	136.07624999998941	0.0	1.0	0.0
199.200000	1787824922388108288	47.641467922824795	-122.14016513120102	136.17624999998932	0.0	1.0	0.0
199.300000	1787824922487108352	47.641467922824795	-122.14016513120102	136.27624999998923	0.0	1.0	0.0
199.400000	1787824922589108224	47.641467922824795	-122.14016513120102	136.37624999998914	0.0	1.0	0.0
199.500000	1787824922688108288	47.641467922824795	-122.14016513120102	136.47624999998905	0.0	1.0	0.0
199.600000	1787824922787108096	47.641467922824795	-122.14016513120102	136.57624999998896	0.0	1.0	0.0
199.700000	1787824922889108224	47.641467922824795	-122.14016513120102	136.67624999998887	0.0	1.0	0.0
199.800000	1787824922988108032	47.641467922824795	-122.14016513120102	136.77624999998878	0.0	1.0	0.0
199.900000	1787824923087108096	47.641467922824795	-122.14016513120102	136.8762499999887	0.0	1.0	0.0
200.000000	1787824923189108224	47.641467922824795	-122.14016513120102	136.9762499999886	0.0	1.0	0.0
200.100000	1787824923288108032	47.641467922824795	-122.14016513120102	137.0762499999885	0.0	1.0	0.0
200.200000	1787824923387108096	47.641467922824795	-122.14016513120102	137.1762499999884	0.0	1.0	0.0
200.300000	1787824923489108224	47.641467922824795	-122.14016513120102	137.27624999998832	0.0	1.0	0.0
200.400000	1787824923588108288	47.641467922824795	-122.14016513120102	137.37624999998823	0.0	1.0	0.0
200.500000	1787824923687108352	47.641467922824795	-122.14016513120102	137.47624999998814	0.0	1.0	0.0
200.600000	1787824923789108224	47.641467922824795	-122.14016513120102	137.57624999998805	0.0	1.0	0.0
200.700000	1787824923888108288	47.641467922824795	-122.14016513120102	137.67624999998796	0.0	1.0	0.0
200.800000	1787824923987108352	47.641467922824795	-122.14016513120102	137.77624999998787	0.0	1.0	0.0
200.900000	1787824924089108224	47.641467922824795	-122.14016513120102	137.87624999998778	0.0	1.0	0.0
201.000000	1787824924188108288	47.641467922824795	-122.14016513120102	137.9762499999877	0.0	1.0	0.0
201.100000	1787824924287108096	47.641467922824795	-122.14016513120102	138.0762499999876	0.0	1.0	0.0
201.200000	1787824924389108224	47.641467922824795	-122.14016513120102	138.1762499999875	0.0	1.0	0.0
201.300000	1787824924488108032	47.641467922824795	-122.14016513120102	138.2762499999874	0.0	1.0	0.0
201.400000	1787824924587108096	47.641467922824795	-122.14016513120102	138.37624999998732	0.0	1.0	0.0
201.500000	1787824924689108224	47.641467922824795	-122.14016513120102	138.47624999998723	0.0	1.0	0.0
201.600000	1787824924788108032	47.641467922824795	-122.14016513120102	138.57624999998714	0.0	1.0	0.0
201.700000	1787824924887108096	47.641467922824795	-122.14016513120102	138.67624999998705	0.0	1.0	0.0
201.800000	1787824924989108224	47.641467922824795	-122.14016513120102	138.77624999998696	0.0	1.0	0.0
201.900000	1787824925088108288	47.641467922824795	-122.14016513120102	138.87624999998687	0.0	1.0	0.0
202.000000	1787824925187108352	47.641467922824795	-122.14016513120102	138.97624999998678	0.0	1.0	0.0
202.100000	1787824925289108224	47.641467922824795	-122.14016513120102	139.0762499999867	0.0	1.0	0.0
202.200000	1787824925388108288	47.641467922824795	-122.14016513120102	139.1762499999866	0.0	1.0	0.0
202.300000	1787824925487108352	47.641467922824795	-122.14016513120102	139.2762499999865	0.0	1.0	0.0
202.400000	1787824925589108224	47.641467922824795	-122.14016513120102	139.3762499999864	0.0	1.0	0.0
202.500000	1787824925688108288	47.641467922824795	-122.14016513120102	139.47624999998632	0.0	1.0	0.0
202.600000	1787824925787108096	47.641467922824795	-122.14016513120102	139.57624999998623	0.0	1.0	0.0
202.700000	1787824925889108224	47.641467922824795	-122.14016513120102	139.67624999998614	0.0	1.0	0.0
202.800000	1787824925988108032	47.641467922824795	-122.14016513120102	139.77624999998605	0.0	1.0	0.0
202.900000	1787824926087108096	47.641467922824795	-122.14016513120102	139.87624999998596	0.0	1.0	0.0
203.000000	1787824926189108224	47.641467922824795	-122.14016513120102	139.97624999998587	0.0	1.0	0.0
203.100000	1787824926288108032	47.641467922824795	-122.14016513120102	140.07624999998578	0.0	1.0	0.0
203.200000	1787824926387108096	47.641467922824795	-122.14016513120102	140.17624999998569	0.0	1.0	0.0
203.300000	1787824926489108224	47.641467922824795	-122.14016513120102	140.2762499999856	0.0	1.0	0.0
203.400000	1787824926588108288	47.641467922824795	-122.14016513120102	140.3762499999855	0.0	1.0	0.0
203.500000	1787824926687108352	47.641467922824795	-122.14016513120102	140.4762499999854	0.0	1.0	0.0
203.600000	1787824926789108224	47.641467922824795	-122.14016513120102	140.57624999998532	0.0	1.0	0.0
203.700000	1787824926888108288	47.641467922824795	-122.14016513120102	140.67624999998523	0.0	1.0	0.0
203.800000	1787824926987108352	47.641467922824795	-122.14016513120102	140.77624999998514	0.0	1.0	0.0
203.900000	1787824927089108224	47.641467922824795	-122.14016513120102	140.87624999998505	0.0	1.0	0.0
204.000000	1787824927188108288	47.641467922824795	-122.14016513120102	140.97624999998496	0.0	1.0	0.0
204.100000	1787824927287108096	47.641467922824795	-122.14016513120102	141.07624999998487	0.0	1.0	0.0
204.200000	1787824927389108224	47.641467922824795	-122.14016513120102	141.17624999998478	0.0	1.0	0.0
204.300000	1787824927488108032	47.641467922824795	-122.14016513120102	141.27624999998469	0.0	1.0	0.0
204.400000	1787824927587108096	47.641467922824795	-122.14016513120102	141.3762499999846	0.0	1.0	0.0
204.500000	1787824927689108224	47.641467922824795	-122.14016513120102	141.4762499999845	0.0	1.0	0.0
204.600000	1787824927788108032	47.641467922824795	-122.14016513120102	141.5762499999844	0.0	1.0	0.0
204.700000	1787824927887108096	47.641467922824795	-122.14016513120102	141.67624999998432	0.0	1.0	0.0
204.800000	1787824927989108224	47.641467922824795	-122.14016513120102	141.77624999998423	0.0	1.0	0.0
204.900000	1787824928088108288	47.641467922824795	-122.14016513120102	141.87624999998414	0.0	1.0	0.0
205.000000	1787824928187108352	47.641467922824795	-122.14016513120102	141.97624999998405	0.0	1.0	0.0
205.100000	1787824928289108224	47.641467922824795	-122.14016513120102	142.07624999998396	0.0	1.0	0.0
205.200000	1787824928388108288	47.641467922824795	-122.14016513120102	142.17624999998387	0.0	1.0	0.0
205.300000	1787824928487108352	47.641467922824795	-122.14016513120102	142.27624999998378	0.0	1.0	0.0
205.400000	1787824928589108224	47.641467922824795	-122.14016513120102	142.37624999998368	0.0	1.0	0.0
205.500000	1787824928688108288	47.641467922824795	-122.14016513120102	142.4762499999836	0.0	1.0	0.0
205.600000	1787824928787108096	47.641467922824795	-122.14016513120102	142.5762499999835	0.0	1.0	0.0
205.700000	1787824928889108224	47.641467922824795	-122.14016513120102	142.6762499999834	0.0	1.0	0.0
205.800000	1787824928988108032	47.641467922824795	-122.14016513120102	142.77624999998332	0.0	1.0	0.0
205.900000	1787824929087108096	47.641467922824795	-122.14016513120102	142.87624999998323	0.0	1.0	0.0
206.000000	1787824929189108224	47.641467922824795	-122.14016513120102	142.97624999998314	0.0	1.0	0.0
206.100000	1787824929288108032	47.641467922824795	-122.14016513120102	143.07624999998305	0.0	1.0	0.0
206.200000	1787824929387108096	47.641467922824795	-122.14016513120102	143.17624999998296	0.0	1.0	0.0
206.300000	1787824929489108224	47.641467922824795	-122.14016513120102	143.27624999998287	0.0	1.0	0.0
206.400000	1787824929588108288	47.641467922824795	-122.14016513120102	143.37624999998278	0.0	1.0	0.0
206.500000	1787824929687108352	47.641467922824795	-122.14016513120102	143.47624999998268	0.0	1.0	0.0
206.600000	1787824929789108224	47.641467922824795	-122.14016513120102	143.5762499999826	0.0	1.0	0.0
206.700000	1787824929888108288	47.641467922824795	-122.14016513120102	143.6762499999825	0.0	1.0	0.0
206.800000	1787824929987108352	47.641467922824795	-122.14016513120102	143.7762499999824	0.0	1.0	0.0
206.900000	1787824930089108224	47.641467922824795	-122.14016513120102	143.87624999998232	0.0	1.0	0.0
207.000000	1787824930188108288	47.641467922824795	-122.14016513120102	143.97624999998223	0.0	1.0	0.0
207.100000	1787824930287108096	47.641467922824795	-122.14016513120102	144.07624999998214	0.0	1.0	0.0
207.200000	1787824930389108224	47.641467922824795	-122.14016513120102	144.17624999998205	0.0	1.0	0.0
207.300000	1787824930488108032	47.641467922824795	-122.14016513120102	144.27624999998196	0.0	1.0	0.0
207.400000	1787824930587108096	47.641467922824795	-122.14016513120102	144.37624999998187	0.0	1.0	0.0
207.500000	1787824930689108224	47.641467922824795	-122.14016513120102	144.47624999998177	0.0	1.0	0.0
207.600000	1787824930788108032	47.641467922824795	-122.14016513120102	144.57624999998168	0.0	1.0	0.0
207.700000	1787824930887108096	47.641467922824795	-122.14016513120102	144.6762499999816	0.0	1.0	0.0
207.800000	1787824930989108224	47.641467922824795	-122.14016513120102	144.7762499999815	0.0	1.0	0.0
207.900000	1787824931088108288	47.641467922824795	-122.14016513120102	144.8762499999814	0.0	1.0	0.0
208.000000	1787824931187108352	47.641467922824795	-122.14016513120102	144.97624999998132	0.0	1.0	0.0
208.100000	1787824931289108224	47.641467922824795	-122.14016513120102	145.07624999998123	0.0	1.0	0.0
208.200000	1787824931388108288	47.641467922824795	-122.14016513120102	145.17624999998114	0.0	1.0	0.0
208.300000	1787824931487108352	47.641467922824795	-122.14016513120102	145.27624999998105	0.0	1.0	0.0
208.400000	1787824931589108224	47.641467922824795	-122.14016513120102	145.37624999998096	0.0	1.0	0.0
208.500000	1787824931688108288	47.641467922824795	-122.14016513120102	145.47624999998087	0.0	1.0	0.0
208.600000	1787824931787108096	47.641467922824795	-122.14016513120102	145.57624999998077	0.0	1.0	0.0
208.700000	1787824931889108224	47.641467922824795	-122.14016513120102	145.67624999998068	0.0	1.0	0.0
208.800000	1787824931988108032	47.641467922824795	-122.14016513120102	145.7762499999806	0.0	1.0	0.0
208.900000	1787824932087108096	47.641467922824795	-122.14016513120102	145.8762499999805	0.0	1.0	0.0
209.000000	1787824932189108224	47.641467922824795	-122.14016513120102	145.9762499999804	0.0	1.0	0.0
209.100000	1787824932288108032	47.641467922824795	-122.14016513120102	146.07624999998032	0.0	1.0	0.0
209.200000	1787824932387108096	47.641467922824795	-122.14016513120102	146.17624999998023	0.0	1.0	0.0
209.300000	1787824932489108224	47.641467922824795	-122.14016513120102	146.27624999998014	0.0	1.0	0.0
209.400000	1787824932588108288	47.641467922824795	-122.14016513120102	146.37624999998005	0.0	1.0	0.0
209.500000	1787824932687108352	47.641467922824795	-122.14016513120102	146.47624999997996	0.0	1.0	0.0
209.600000	1787824932789108224	47.641467922824795	-122.14016513120102	146.57624999997986	0.0	1.0	0.0
209.700000	1787824932888108288	47.641467922824795	-122.14016513120102	146.67624999997977	0.0	1.0	0.0
209.800000	1787824932987108352	47.641467922824795	-122.14016513120102	146.77624999997968	0.0	1.0	0.0
209.900000	1787824933089108224	47.641467922824795	-122.14016513120102	146.8762499999796	0.0	1.0	0.0
210.000000	1787824933188108288	47.641467922824795	-122.14016513120102	146.9762499999795	0.0	1.0	0.0
210.100000	1787824933287108096	47.641467922824795	-122.14016513120102	147.0762499999794	0.0	1.0	0.0
210.200000	1787824933389108224	47.641467922824795	-122.14016513120102	147.17624999997932	0.0	1.0	0.0
210.300000	1787824933488108032	47.641467922824795	-122.14016513120102	147.27624999997923	0.0	1.0	0.0
210.400000	1787824933587108096	47.641467922824795	-122.14016513120102	147.37624999997914	0.0	1.0	0.0
210.500000	1787824933689108224	47.641467922824795	-122.14016513120102	147.47624999997905	0.0	1.0	0.0
210.600000	1787824933788108032	47.641467922824795	-122.14016513120102	147.57624999997896	0.0	1.0	0.0
210.700000	1787824933887108096	47.641467922824795	-122.14016513120102	147.67624999997886	0.0	1.0	0.0
210.800000	1787824933989108224	47.641467922824795	-122.14016513120102	147.77624999997877	0.0	1.0	0.0
210.900000	1787824934088108288	47.641467922824795	-122.14016513120102	147.87624999997868	0.0	1.0	0.0
211.000000	1787824934187108352	47.641467922824795	-122.14016513120102	147.9762499999786	0.0	1.0	0.0
211.100000	1787824934289108224	47.641467922824795	-122.14016513120102	148.0762499999785	0.0	1.0	0.0
211.200000	1787824934388108288	47.641467922824795	-122.14016513120102	148.1762499999784	0.0	1.0	0.0
211.300000	1787824934487108352	47.641467922824795	-122.14016513120102	148.27624999997832	0.0	1.0	0.0
211.400000	1787824934589108224	47.641467922824795	-122.14016513120102	148.37624999997823	0.0	1.0	0.0
211.500000	1787824934688108288	47.641467922824795	-122.14016513120102	148.47624999997814	0.0	1.0	0.0
211.600000	1787824934787108096	47.641467922824795	-122.14016513120102	148.57624999997805	0.0	1.0	0.0
211.700000	1787824934889108224	47.641467922824795	-122.14016513120102	148.67624999997795	0.0	1.0	0.0
211.800000	1787824934988108032	47.641467922824795	-122.14016513120102	148.77624999997786	0.0	1.0	0.0
211.900000	1787824935087108096	47.641467922824795	-122.14016513120102	148.87624999997777	0.0	1.0	0.0
212.000000	1787824935189108224	47.641467922824795	-122.14016513120102	148.97624999997768	0.0	1.0	0.0
212.100000	1787824935288108032	47.641467922824795	-122.14016513120102	149.0762499999776	0.0	1.0	0.0
212.200000	1787824935387108096	47.641467922824795	-122.14016513120102	149.1762499999775	0.0	1.0	0.0
212.300000	1787824935489108224	47.641467922824795	-122.14016513120102	149.2762499999774	0.0	1.0	0.0
212.400000	1787824935588108288	47.641467922824795	-122.14016513120102	149.37624999997732	0.0	1.0	0.0
212.500000	1787824935687108352	47.641467922824795	-122.14016513120102	149.47624999997723	0.0	1.0	0.0
212.600000	1787824935789108224	47.641467922824795	-122.14016513120102	149.57624999997714	0.0	1.0	0.0
212.700000	1787824935888108288	47.641467922824795	-122.14016513120102	149.67624999997705	0.0	1.0	0.0
212.800000	1787824935987108352	47.641467922824795	-122.14016513120102	149.77624999997695	0.0	1.0	0.0
212.900000	1787824936089108224	47.641467922824795	-122.14016513120102	149.87624999997686	0.0	1.0	0.0
213.000000	1787824936188108288	47.641467922824795	-122.14016513120102	149.97624999997677	0.0	1.0	0.0
213.100000	1787824936287108096	47.641467922824795	-122.14016513120102	150.07624999997668	0.0	1.0	0.0
213.200000	1787824936389108224	47.641467922824795	-122.14016513120102	150.1762499999766	0.0	1.0	0.0
213.300000	1787824936488108032	47.641467922824795	-122.14016513120102	150.2762499999765	0.0	1.0	0.0
213.400000	1787824936587108096	47.641467922824795	-122.14016513120102	150.3762499999764	0.0	1.0	0.0
213.500000	1787824936689108224	47.641467922824795	-122.14016513120102	150.47624999997632	0.0	1.0	0.0
213.600000	1787824936788108032	47.641467922824795	-122.14016513120102	150.57624999997623	0.0	1.0	0.0
213.700000	1787824936887108096	47.641467922824795	-122.14016513120102	150.67624999997614	0.0	1.0	0.0
213.800000	1787824936989108224	47.641467922824795	-122.14016513120102	150.77624999997605	0.0	1.0	0.0
213.900000	1787824937088108288	47.641467922824795	-122.14016513120102	150.87624999997595	0.0	1.0	0.0
214.000000	1787824937187108352	47.641467922824795	-122.14016513120102	150.97624999997586	0.0	1.0	0.0
214.100000	1787824937289108224	47.641467922824795	-122.14016513120102	151.07624999997577	0.0	1.0	0.0
214.200000	1787824937388108288	47.641467922824795	-122.14016513120102	151.17624999997568	0.0	1.0	0.0
214.300000	1787824937487108352	47.641467922824795	-122.14016513120102	151.2762499999756	0.0	1.0	0.0
214.400000	1787824937589108224	47.641467922824795	-122.14016513120102	151.3762499999755	0.0	1.0	0.0
214.500000	1787824937688108288	47.641467922824795	-122.14016513120102	151.4762499999754	0.0	1.0	0.0
214.600000	1787824937787108096	47.641467922824795	-122.14016513120102	151.57624999997532	0.0	1.0	0.0
214.700000	1787824937889108224	47.641467922824795	-122.14016513120102	151.67624999997523	0.0	1.0	0.0
214.800000	1787824937988108032	47.641467922824795	-122.14016513120102	151.77624999997514	0.0	1.0	0.0
214.900000	1787824938087108096	47.641467922824795	-122.14016513120102	151.87624999997504	0.0	1.0	0.0
215.000000	1787824938189108224	47.641467922824795	-122.14016513120102	151.97624999997495	0.0	1.0	0.0
215.100000	1787824938288108032	47.641467922824795	-122.14016513120102	152.07624999997486	0.0	1.0	0.0
215.200000	1787824938387108096	47.641467922824795	-122.14016513120102	152.17624999997477	0.0	1.0	0.0
215.300000	1787824938489108224	47.641467922824795	-122.14016513120102	152.27624999997468	0.0	1.0	0.0
215.400000	1787824938588108288	47.641467922824795	-122.14016513120102	152.3762499999746	0.0	1.0	0.0
215.500000	1787824938687108352	47.641467922824795	-122.14016513120102	152.4762499999745	0.0	1.0	0.0
215.600000	1787824938789108224	47.641467922824795	-122.14016513120102	152.5762499999744	0.0	1.0	0.0
215.700000	1787824938888108288	47.641467922824795	-122.14016513120102	152.67624999997432	0.0	1.0	0.0
215.800000	1787824938987108352	47.641467922824795	-122.14016513120102	152.77624999997423	0.0	1.0	0.0
215.900000	1787824939089108224	47.641467922824795	-122.14016513120102	152.87624999997414	0.0	1.0	0.0
216.000000	1787824939188108288	47.641467922824795	-122.14016513120102	152.97624999997404	0.0	1.0	0.0
216.100000	1787824939287108096	47.641467922824795	-122.14016513120102	153.07624999997395	0.0	1.0	0.0
216.200000	1787824939389108224	47.641467922824795	-122.14016513120102	153.17624999997386	0.0	1.0	0.0
216.300000	1787824939488108032	47.641467922824795	-122.14016513120102	153.27624999997377	0.0	1.0	0.0
216.400000	1787824939587108096	47.641467922824795	-122.14016513120102	153.37624999997368	0.0	1.0	0.0
216.500000	1787824939689108224	47.641467922824795	-122.14016513120102	153.4762499999736	0.0	1.0	0.0
216.600000	1787824939788108032	47.641467922824795	-122.14016513120102	153.5762499999735	0.0	1.0	0.0
216.700000	1787824939887108096	47.641467922824795	-122.14016513120102	153.6762499999734	0.0	1.0	0.0
216.800000	1787824939989108224	47.641467922824795	-122.14016513120102	153.77624999997332	0.0	1.0	0.0
216.900000	1787824940088108288	47.641467922824795	-122.14016513120102	153.87624999997323	0.0	1.0	0.0
217.000000	1787824940187108352	47.641467922824795	-122.14016513120102	153.97624999997313	0.0	0.9999999999999994	0.0
217.100000	1787824940289108224	47.641467922824795	-122.14016513120102	154.07624999997304	0.0	0.9999999999999994	0.0
217.200000	1787824940388108288	47.641467922824795	-122.14016513120102	154.17624999997295	0.0	0.9999999999999994	0.0
217.300000	1787824940487108352	47.641467922824795	-122.14016513120102	154.27624999997286	0.0	0.9999999999999994	0.0
217.400000	1787824940589108224	47.641467922824795	-122.14016513120102	154.37624999997277	0.0	0.9999999999999994	0.0
217.500000	1787824940688108288	47.641467922824795	-122.14016513120102	154.47624999997268	0.0	0.9999999999999994	0.0
217.600000	1787824940787108096	47.641467922824795	-122.14016513120102	154.5762499999726	0.0	0.9999999999999994	0.0
217.700000	1787824940889108224	47.641467922824795	-122.14016513120102	154.6762499999725	0.0	0.9999999999999994	0.0
217.800000	1787824940988108032	47.641467922824795	-122.14016513120102	154.7762499999724	0.0	0.9999999999999994	0.0
217.900000	1787824941087108096	47.641467922824795	-122.14016513120102	154.87624999997232	0.0	0.9999999999999994	0.0
218.000000	1787824941189108224	47.641467922824795	-122.14016513120102	154.97624999997223	0.0	0.9999999999999994	0.0
218.100000	1787824941288108032	47.641467922824795	-122.14016513120102	155.07624999997213	0.0	0.9999999999999994	0.0
218.200000	1787824941387108096	47.641467922824795	-122.14016513120102	155.17624999997204	0.0	0.9999999999999994	0.0
218.300000	1787824941489108224	47.641467922824795	-122.14016513120102	155.27624999997195	0.0	0.9999999999999994	0.0
218.400000	1787824941588108288	47.641467922824795	-122.14016513120102	155.37624999997186	0.0	0.9999999999999994	0.0
218.500000	1787824941687108352	47.641467922824795	-122.14016513120102	155.47624999997177	0.0	0.9999999999999994	0.0
218.600000	1787824941789108224	47.641467922824795	-122.14016513120102	155.57624999997168	0.0	0.9999999999999994	0.0
218.700000	1787824941888108288	47.641467922824795	-122.14016513120102	155.6762499999716	0.0	0.9999999999999994	0.0
218.800000	1787824941987108352	47.641467922824795	-122.14016513120102	155.7762499999715	0.0	0.9999999999999994	0.0
218.900000	1787824942089108224	47.641467922824795	-122.14016513120102	155.8762499999714	0.0	0.9999999999999994	0.0
219.000000	1787824942188108288	47.641467922824795	-122.14016513120102	155.97624999997132	0.0	0.9999999999999994	0.0
219.100000	1787824942287108096	47.641467922824795	-122.14016513120102	156.07624999997122	0.0	0.9999999999999994	0.0
219.200000	1787824942389108224	47.641467922824795	-122.14016513120102	156.17624999997113	0.0	0.9999999999999994	0.0
219.300000	1787824942488108032	47.641467922824795	-122.14016513120102	156.27624999997104	0.0	0.9999999999999994	0.0
219.400000	1787824942587108096	47.641467922824795	-122.14016513120102	156.37624999997095	0.0	0.9999999999999994	0.0
219.500000	1787824942689108224	47.641467922824795	-122.14016513120102	156.47624999997086	0.0	0.9999999999999994	0.0
219.600000	1787824942788108032	47.641467922824795	-122.14016513120102	156.57624999997077	0.0	0.9999999999999994	0.0
219.700000	1787824942887108096	47.641467922824795	-122.14016513120102	156.67624999997068	0.0	0.9999999999999994	0.0
219.800000	1787824942989108224	47.641467922824795	-122.14016513120102	156.7762499999706	0.0	0.9999999999999994	0.0
219.900000	1787824943088108288	47.641467922824795	-122.14016513120102	156.8762499999705	0.0	0.9999999999999994	0.0
220.000000	1787824943187108352	47.641467922824795	-122.14016513120102	156.9762499999704	0.0	0.9999999999999994	0.0
220.100000	1787824943289108224	47.641467922824795	-122.14016513120102	157.07624999997032	0.0	0.9999999999999994	0.0
220.200000	1787824943388108288	47.641467922824795	-122.14016513120102	157.17624999997022	0.0	0.9999999999999994	0.0
220.300000	1787824943487108352	47.641467922824795	-122.14016513120102	157.27624999997013	0.0	0.9999999999999994	0.0
220.400000	1787824943589108224	47.641467922824795	-122.14016513120102	157.37624999997004	0.0	0.9999999999999994	0.0
220.500000	1787824943688108288	47.641467922824795	-122.14016513120102	157.47624999996995	0.0	0.9999999999999994	0.0
220.600000	1787824943787108096	47.641467922824795	-122.14016513120102	157.57624999996986	0.0	0.9999999999999994	0.0
220.700000	1787824943889108224	47.641467922824795	-122.14016513120102	157.67624999996977	0.0	0.9999999999999994	0.0
220.800000	1787824943988108032	47.641467922824795	-122.14016513120102	157.77624999996968	0.0	0.9999999999999994	0.0
220.900000	1787824944087108096	47.641467922824795	-122.14016513120102	157.8762499999696	0.0	0.9999999999999994	0.0
221.000000	1787824944189108224	47.641467922824795	-122.14016513120102	157.9762499999695	0.0	0.9999999999999994	0.0
221.100000	1787824944288108032	47.641467922824795	-122.14016513120102	158.0762499999694	0.0	0.9999999999999994	0.0
221.200000	1787824944387108096	47.641467922824795	-122.14016513120102	158.17624999996931	0.0	0.9999999999999994	0.0
221.300000	1787824944489108224	47.641467922824795	-122.14016513120102	158.27624999996922	0.0	0.9999999999999994	0.0
221.400000	1787824944588108288	47.641467922824795	-122.14016513120102	158.37624999996913	0.0	0.9999999999999994	0.0
221.500000	1787824944687108352	47.641467922824795	-122.14016513120102	158.47624999996904	0.0	0.9999999999999994	0.0
221.600000	1787824944789108224	47.641467922824795	-122.14016513120102	158.57624999996895	0.0	0.9999999999999994	0.0
221.700000	1787824944888108288	47.641467922824795	-122.14016513120102	158.67624999996886	0.0	0.9999999999999994	0.0
221.800000	1787824944987108352	47.641467922824795	-122.14016513120102	158.77624999996877	0.0	0.9999999999999994	0.0
221.900000	1787824945089108224	47.641467922824795	-122.14016513120102	158.87624999996868	0.0	0.9999999999999994	0.0
222.000000	1787824945188108288	47.641467922824795	-122.14016513120102	158.9762499999686	0.0	0.9999999999999994	0.0
222.100000	1787824945287108096	47.641467922824795	-122.14016513120102	159.0762499999685	0.0	0.9999999999999994	0.0
222.200000	1787824945389108224	47.641467922824795	-122.14016513120102	159.1762499999684	0.0	0.9999999999999994	0.0
222.300000	1787824945488108032	47.641467922824795	-122.14016513120102	159.27624999996831	0.0	0.9999999999999994	0.0
222.400000	1787824945587108096	47.641467922824795	-122.14016513120102	159.37624999996822	0.0	0.9999999999999994	0.0
222.500000	1787824945689108224	47.641467922824795	-122.14016513120102	159.47624999996813	0.0	0.9999999999999994	0.0
222.600000	1787824945788108032	47.641467922824795	-122.14016513120102	159.57624999996804	0.0	0.9999999999999994	0.0
222.700000	1787824945887108096	47.641467922824795	-122.14016513120102	159.67624999996795	0.0	0.9999999999999994	0.0
222.800000	1787824945989108224	47.641467922824795	-122.14016513120102	159.77624999996786	0.0	0.9999999999999994	0.0
222.900000	1787824946088108288	47.641467922824795	-122.14016513120102	159.87624999996777	0.0	0.9999999999999994	0.0
223.000000	1787824946187108352	47.641467922824795	-122.14016513120102	159.97624999996768	0.0	0.9999999999999994	0.0
223.100000	1787824946289108224	47.641467922824795	-122.14016513120102	160.0762499999676	0.0	0.9999999999999994	0.0
223.200000	1787824946388108288	47.641467922824795	-122.14016513120102	160.1762499999675	0.0	0.9999999999999994	0.0
223.300000	1787824946487108352	47.641467922824795	-122.14016513120102	160.2762499999674	0.0	0.9999999999999994	0.0
223.400000	1787824946589108224	47.641467922824795	-122.14016513120102	160.3762499999673	0.0	0.9999999999999994	0.0
223.500000	1787824946688108288	47.641467922824795	-122.14016513120102	160.47624999996722	0.0	0.9999999999999994	0.0
223.600000	1787824946787108096	47.641467922824795	-122.14016513120102	160.57624999996713	0.0	0.9999999999999994	0.0
223.700000	1787824946889108224	47.641467922824795	-122.14016513120102	160.67624999996704	0.0	0.9999999999999994	0.0
223.800000	1787824946988108032	47.641467922824795	-122.14016513120102	160.77624999996695	0.0	0.9999999999999994	0.0
223.900000	1787824947087108096	47.641467922824795	-122.14016513120102	160.87624999996686	0.0	0.9999999999999994	0.0
224.000000	1787824947189108224	47.641467922824795	-122.14016513120102	160.97624999996677	0.0	0.9999999999999994	0.0
224.100000	1787824947288108032	47.641467922824795	-122.14016513120102	161.07624999996668	0.0	0.9999999999999994	0.0
224.200000	1787824947387108096	47.641467922824795	-122.14016513120102	161.1762499999666	0.0	0.9999999999999994	0.0
224.300000	1787824947489108224	47.641467922824795	-122.14016513120102	161.2762499999665	0.0	0.9999999999999994	0.0
224.400000	1787824947588108288	47.641467922824795	-122.14016513120102	161.3762499999664	0.0	0.9999999999999994	0.0
224.500000	1787824947687108352	47.641467922824795	-122.14016513120102	161.4762499999663	0.0	0.9999999999999994	0.0
224.600000	1787824947789108224	47.641467922824795	-122.14016513120102	161.57624999996622	0.0	0.9999999999999994	0.0
224.700000	1787824947888108288	47.641467922824795	-122.14016513120102	161.67624999996613	0.0	0.9999999999999994	0.0
224.800000	1787824947987108352	47.641467922824795	-122.14016513120102	161.77624999996604	0.0	0.9999999999999994	0.0
224.900000	1787824948089108224	47.641467922824795	-122.14016513120102	161.87624999996595	0.0	0.9999999999999994	0.0
225.000000	1787824948188108288	47.641467922824795	-122.14016513120102	161.97624999996586	0.0	1.0	0.0
225.100000	1787824948287108096	47.641467922824795	-122.14016513120102	162.07624999996577	0.0	1.0	0.0
225.200000	1787824948389108224	47.641467922824795	-122.14016513120102	162.17624999996568	0.0	1.0	0.0
225.300000	1787824948488108032	47.641467922824795	-122.14016513120102	162.2762499999656	0.0	1.0	0.0
225.400000	1787824948587108096	47.641467922824795	-122.14016513120102	162.3762499999655	0.0	1.0	0.0
225.500000	1787824948689108224	47.641467922824795	-122.14016513120102	162.4762499999654	0.0	1.0	0.0
225.600000	1787824948788108032	47.641467922824795	-122.14016513120102	162.5762499999653	0.0	1.0	0.0
225.700000	1787824948887108096	47.641467922824795	-122.14016513120102	162.67624999996522	0.0	1.0	0.0
225.800000	1787824948989108224	47.641467922824795	-122.14016513120102	162.77624999996513	0.0	1.0	0.0
225.900000	1787824949088108288	47.641467922824795	-122.14016513120102	162.87624999996504	0.0	1.0	0.0
226.000000	1787824949187108352	47.641467922824795	-122.14016513120102	162.97624999996495	0.0	1.0	0.0
226.100000	1787824949289108224	47.641467922824795	-122.14016513120102	163.07624999996486	0.0	1.0	0.0
226.200000	1787824949388108288	47.641467922824795	-122.14016513120102	163.17624999996477	0.0	1.0	0.0
226.300000	1787824949487108352	47.641467922824795	-122.14016513120102	163.27624999996468	0.0	1.0	0.0
226.400000	1787824949589108224	47.641467922824795	-122.14016513120102	163.37624999996459	0.0	1.0	0.0
226.500000	1787824949688108288	47.641467922824795	-122.14016513120102	163.4762499999645	0.0	1.0	0.0
226.600000	1787824949787108096	47.641467922824795	-122.14016513120102	163.5762499999644	0.0	1.0	0.0
226.700000	1787824949889108224	47.641467922824795	-122.14016513120102	163.6762499999643	0.0	1.0	0.0
226.800000	1787824949988108032	47.641467922824795	-122.14016513120102	163.77624999996422	0.0	1.0	0.0
226.900000	1787824950087108096	47.641467922824795	-122.14016513120102	163.87624999996413	0.0	1.0	0.0
227.000000	1787824950189108224	47.641467922824795	-122.14016513120102	163.97624999996404	0.0	1.0	0.0
227.100000	1787824950288108032	47.641467922824795	-122.14016513120102	164.07624999996395	0.0	1.0	0.0
227.200000	1787824950387108096	47.641467922824795	-122.14016513120102	164.17624999996386	0.0	1.0	0.0
227.300000	1787824950489108224	47.641467922824795	-122.14016513120102	164.27624999996377	0.0	1.0	0.0
227.400000	1787824950588108288	47.641467922824795	-122.14016513120102	164.37624999996368	0.0	1.0	0.0
227.500000	1787824950687108352	47.641467922824795	-122.14016513120102	164.47624999996358	0.0	1.0	0.0
227.600000	1787824950789108224	47.641467922824795	-122.14016513120102	164.5762499999635	0.0	1.0	0.0
227.700000	1787824950888108288	47.641467922824795	-122.14016513120102	164.6762499999634	0.0	1.0	0.0
227.800000	1787824950987108352	47.641467922824795	-122.14016513120102	164.7762499999633	0.0	1.0	0.0
227.900000	1787824951089108224	47.641467922824795	-122.14016513120102	164.87624999996322	0.0	1.0	0.0
228.000000	1787824951188108288	47.641467922824795	-122.14016513120102	164.97624999996313	0.0	1.0	0.0
228.100000	1787824951287108096	47.641467922824795	-122.14016513120102	165.07624999996304	0.0	1.0	0.0
228.200000	1787824951389108224	47.641467922824795	-122.14016513120102	165.17624999996295	0.0	1.0	0.0
228.300000	1787824951488108032	47.641467922824795	-122.14016513120102	165.27624999996286	0.0	1.0	0.0
228.400000	1787824951587108096	47.641467922824795	-122.14016513120102	165.37624999996277	0.0	1.0	0.0
228.500000	1787824951689108224	47.641467922824795	-122.14016513120102	165.47624999996268	0.0	1.0	0.0
228.600000	1787824951788108032	47.641467922824795	-122.14016513120102	165.57624999996258	0.0	1.0	0.0
228.700000	1787824951887108096	47.641467922824795	-122.14016513120102	165.6762499999625	0.0	1.0	0.0
228.800000	1787824951989108224	47.641467922824795	-122.14016513120102	165.7762499999624	0.0	1.0	0.0
228.900000	1787824952088108288	47.641467922824795	-122.14016513120102	165.8762499999623	0.0	1.0	0.0
229.000000	1787824952187108352	47.641467922824795	-122.14016513120102	165.97624999996222	0.0	1.0	0.0
229.100000	1787824952289108224	47.641467922824795	-122.14016513120102	166.07624999996213	0.0	1.0	0.0
229.200000	1787824952388108288	47.641467922824795	-122.14016513120102	166.17624999996204	0.0	1.0	0.0
229.300000	1787824952487108352	47.641467922824795	-122.14016513120102	166.27624999996195	0.0	1.0	0.0
229.400000	1787824952589108224	47.641467922824795	-122.14016513120102	166.37624999996186	0.0	1.0	0.0
229.500000	1787824952688108288	47.641467922824795	-122.14016513120102	166.47624999996177	0.0	1.0	0.0
229.600000	1787824952787108096	47.641467922824795	-122.14016513120102	166.57624999996168	0.0	1.0	0.0
229.700000	1787824952889108224	47.641467922824795	-122.14016513120102	166.67624999996158	0.0	1.0	0.0
229.800000	1787824952988108032	47.641467922824795	-122.14016513120102	166.7762499999615	0.0	1.0	0.0
229.900000	1787824953087108096	47.641467922824795	-122.14016513120102	166.8762499999614	0.0	1.0	0.0
230.000000	1787824953189108224	47.641467922824795	-122.14016513120102	166.9762499999613	0.0	1.0	0.0
230.100000	1787824953288108032	47.641467922824795	-122.14016513120102	167.07624999996122	0.0	1.0	0.0
230.200000	1787824953387108096	47.641467922824795	-122.14016513120102	167.17624999996113	0.0	1.0	0.0
230.300000	1787824953489108224	47.641467922824795	-122.14016513120102	167.27624999996104	0.0	1.0	0.0
230.400000	1787824953588108288	47.641467922824795	-122.14016513120102	167.37624999996095	0.0	1.0	0.0
230.500000	1787824953687108352	47.641467922824795	-122.14016513120102	167.47624999996086	0.0	1.0	0.0
230.600000	1787824953789108224	47.641467922824795	-122.14016513120102	167.57624999996077	0.0	1.0	0.0
230.700000	1787824953888108288	47.641467922824795	-122.14016513120102	167.67624999996067	0.0	1.0	0.0
230.800000	1787824953987108352	47.641467922824795	-122.14016513120102	167.77624999996058	0.0	1.0	0.0
230.900000	1787824954089108224	47.641467922824795	-122.14016513120102	167.8762499999605	0.0	1.0	0.0
231.000000	1787824954188108288	47.641467922824795	-122.14016513120102	167.9762499999604	0.0	1.0	0.0
231.100000	1787824954287108096	47.641467922824795	-122.14016513120102	168.0762499999603	0.0	1.0	0.0
231.200000	1787824954389108224	47.641467922824795	-122.14016513120102	168.17624999996022	0.0	1.0	0.0
231.300000	1787824954488108032	47.641467922824795	-122.14016513120102	168.27624999996013	0.0	1.0	0.0
231.400000	1787824954587108096	47.641467922824795	-122.14016513120102	168.37624999996004	0.0	1.0	0.0
231.500000	1787824954689108224	47.641467922824795	-122.14016513120102	168.47624999995995	0.0	1.0	0.0
231.600000	1787824954788108032	47.641467922824795	-122.14016513120102	168.57624999995986	0.0	1.0	0.0
231.700000	1787824954887108096	47.641467922824795	-122.14016513120102	168.67624999995977	0.0	1.0	0.0
231.800000	1787824954989108224	47.641467922824795	-122.14016513120102	168.77624999995967	0.0	1.0	0.0
231.900000	1787824955088108288	47.641467922824795	-122.14016513120102	168.87624999995958	0.0	1.0	0.0
232.000000	1787824955187108352	47.641467922824795	-122.14016513120102	168.9762499999595	0.0	1.0	0.0
232.100000	1787824955289108224	47.641467922824795	-122.14016513120102	169.0762499999594	0.0	1.0	0.0
232.200000	1787824955388108288	47.641467922824795	-122.14016513120102	169.1762499999593	0.0	1.0	0.0
232.300000	1787824955487108352	47.641467922824795	-122.14016513120102	169.27624999995922	0.0	1.0	0.0
232.400000	1787824955589108224	47.641467922824795	-122.14016513120102	169.37624999995913	0.0	1.0	0.0
232.500000	1787824955688108288	47.641467922824795	-122.14016513120102	169.47624999995904	0.0	1.0	0.0
232.600000	1787824955787108096	47.641467922824795	-122.14016513120102	169.57624999995895	0.0	1.0	0.0
232.700000	1787824955889108224	47.641467922824795	-122.14016513120102	169.67624999995886	0.0	1.0	0.0
232.800000	1787824955988108032	47.641467922824795	-122.14016513120102	169.77624999995876	0.0	1.0	0.0
232.900000	1787824956087108096	47.641467922824795	-122.14016513120102	169.87624999995867	0.0	1.0	0.0
233.000000	1787824956189108224	47.641467922824795	-122.14016513120102	169.97624999995858	0.0	1.0	0.0
233.100000	1787824956288108032	47.641467922824795	-122.14016513120102	170.0762499999585	0.0	1.0	0.0
233.200000	1787824956387108096	47.641467922824795	-122.14016513120102	170.1762499999584	0.0	1.0	0.0
233.300000	1787824956489108224	47.641467922824795	-122.14016513120102	170.2762499999583	0.0	1.0	0.0
233.400000	1787824956588108288	47.641467922824795	-122.14016513120102	170.37624999995822	0.0	1.0	0.0
233.500000	1787824956687108352	47.641467922824795	-122.14016513120102	170.47624999995813	0.0	1.0	0.0
233.600000	1787824956789108224	47.641467922824795	-122.14016513120102	170.57624999995804	0.0	1.0	0.0
233.700000	1787824956888108288	47.641467922824795	-122.14016513120102	170.67624999995795	0.0	1.0	0.0
233.800000	1787824956987108352	47.641467922824795	-122.14016513120102	170.77624999995786	0.0	1.0	0.0
233.900000	1787824957089108224	47.641467922824795	-122.14016513120102	170.87624999995776	0.0	1.0	0.0
234.000000	1787824957188108288	47.641467922824795	-122.14016513120102	170.97624999995767	0.0	1.0	0.0
234.100000	1787824957287108096	47.641467922824795	-122.14016513120102	171.07624999995758	0.0	1.0	0.0
234.200000	1787824957389108224	47.641467922824795	-122.14016513120102	171.1762499999575	0.0	1.0	0.0
234.300000	1787824957488108032	47.641467922824795	-122.14016513120102	171.2762499999574	0.0	1.0	0.0
234.400000	1787824957587108096	47.641467922824795	-122.14016513120102	171.3762499999573	0.0	1.0	0.0
234.500000	1787824957689108224	47.641467922824795	-122.14016513120102	171.47624999995722	0.0	1.0	0.0
234.600000	1787824957788108032	47.641467922824795	-122.14016513120102	171.57624999995713	0.0	1.0	0.0
234.700000	1787824957887108096	47.641467922824795	-122.14016513120102	171.67624999995704	0.0	1.0	0.0
234.800000	1787824957989108224	47.641467922824795	-122.14016513120102	171.77624999995695	0.0	1.0	0.0
234.900000	1787824958088108288	47.641467922824795	-122.14016513120102	171.87624999995685	0.0	1.0	0.0
235.000000	1787824958187108352	47.641467922824795	-122.14016513120102	171.97624999995676	0.0	1.0	0.0
235.100000	1787824958289108224	47.641467922824795	-122.14016513120102	172.07624999995667	0.0	1.0	0.0
235.200000	1787824958388108288	47.641467922824795	-122.14016513120102	172.17624999995658	0.0	1.0	0.0
235.300000	1787824958487108352	47.641467922824795	-122.14016513120102	172.2762499999565	0.0	1.0	0.0
235.400000	1787824958589108224	47.641467922824795	-122.14016513120102	172.3762499999564	0.0	1.0	0.0
235.500000	1787824958688108288	47.641467922824795	-122.14016513120102	172.4762499999563	0.0	1.0	0.0
235.600000	1787824958787108096	47.641467922824795	-122.14016513120102	172.57624999995622	0.0	1.0	0.0
235.700000	1787824958889108224	47.641467922824795	-122.14016513120102	172.67624999995613	0.0	1.0	0.0
235.800000	1787824958988108032	47.641467922824795	-122.14016513120102	172.77624999995604	0.0	1.0	0.0
235.900000	1787824959087108096	47.641467922824795	-122.14016513120102	172.87624999995595	0.0	1.0	0.0
236.000000	1787824959189108224	47.641467922824795	-122.14016513120102	172.97624999995585	0.0	1.0	0.0
236.100000	1787824959288108032	47.641467922824795	-122.14016513120102	173.07624999995576	0.0	1.0	0.0
236.200000	1787824959387108096	47.641467922824795	-122.14016513120102	173.17624999995567	0.0	1.0	0.0
236.300000	1787824959489108224	47.641467922824795	-122.14016513120102	173.27624999995558	0.0	1.0	0.0
236.400000	1787824959588108288	47.641467922824795	-122.14016513120102	173.3762499999555	0.0	1.0	0.0
236.500000	1787824959687108352	47.641467922824795	-122.14016513120102	173.4762499999554	0.0	1.0	0.0
236.600000	1787824959789108224	47.641467922824795	-122.14016513120102	173.5762499999553	0.0	1.0	0.0
236.700000	1787824959888108288	47.641467922824795	-122.14016513120102	173.67624999995522	0.0	1.0	0.0
236.800000	1787824959987108352	47.641467922824795	-122.14016513120102	173.77624999995513	0.0	1.0	0.0
236.900000	1787824960089108224	47.641467922824795	-122.14016513120102	173.87624999995504	0.0	1.0	0.0
237.000000	1787824960188108288	47.641467922824795	-122.14016513120102	173.97624999995494	0.0	1.0	0.0
237.100000	1787824960287108096	47.641467922824795	-122.14016513120102	174.07624999995485	0.0	1.0	0.0
237.200000	1787824960389108224	47.641467922824795	-122.14016513120102	174.17624999995476	0.0	1.0	0.0
237.300000	1787824960488108032	47.641467922824795	-122.14016513120102	174.27624999995467	0.0	1.0	0.0
237.400000	1787824960587108096	47.641467922824795	-122.14016513120102	174.37624999995458	0.0	1.0	0.0
237.500000	1787824960689108224	47.641467922824795	-122.14016513120102	174.4762499999545	0.0	1.0	0.0
237.600000	1787824960788108032	47.641467922824795	-122.14016513120102	174.5762499999544	0.0	1.0	0.0
237.700000	1787824960887108096	47.641467922824795	-122.14016513120102	174.6762499999543	0.0	1.0	0.0
237.800000	1787824960989108224	47.641467922824795	-122.14016513120102	174.77624999995422	0.0	1.0	0.0
237.900000	1787824961088108288	47.641467922824795	-122.14016513120102	174.87624999995413	0.0	1.0	0.0
238.000000	1787824961187108352	47.641467922824795	-122.14016513120102	174.97624999995404	0.0	1.0	0.0
238.100000	1787824961289108224	47.641467922824795	-122.14016513120102	175.07624999995394	0.0	1.0	0.0
238.200000	1787824961388108288	47.641467922824795	-122.14016513120102	175.17624999995385	0.0	1.0	0.0
238.300000	1787824961487108352	47.641467922824795	-122.14016513120102	175.27624999995376	0.0	1.0	0.0
238.400000	1787824961589108224	47.641467922824795	-122.14016513120102	175.37624999995367	0.0	1.0	0.0
238.500000	1787824961688108288	47.641467922824795	-122.14016513120102	175.47624999995358	0.0	1.0	0.0
238.600000	1787824961787108096	47.641467922824795	-122.14016513120102	175.5762499999535	0.0	1.0	0.0
238.700000	1787824961889108224	47.641467922824795	-122.14016513120102	175.6762499999534	0.0	1.0	0.0
238.800000	1787824961988108032	47.641467922824795	-122.14016513120102	175.7762499999533	0.0	1.0	0.0
238.900000	1787824962087108096	47.641467922824795	-122.14016513120102	175.87624999995322	0.0	1.0	0.0
239.000000	1787824962189108224	47.641467922824795	-122.14016513120102	175.97624999995313	0.0	1.0	0.0
239.100000	1787824962288108032	47.641467922824795	-122.14016513120102	176.07624999995303	0.0	1.0	0.0
239.200000	1787824962387108096	47.641467922824795	-122.14016513120102	176.17624999995294	0.0	1.0	0.0
239.300000	1787824962489108224	47.641467922824795	-122.14016513120102	176.27624999995285	0.0	1.0	0.0
239.400000	1787824962588108288	47.641467922824795	-122.14016513120102	176.37624999995276	0.0	1.0	0.0
239.500000	1787824962687108352	47.641467922824795	-122.14016513120102	176.47624999995267	0.0	1.0	0.0
239.600000	1787824962789108224	47.641467922824795	-122.14016513120102	176.57624999995258	0.0	1.0	0.0
239.700000	1787824962888108288	47.641467922824795	-122.14016513120102	176.6762499999525	0.0	1.0	0.0
239.800000	1787824962987108352	47.641467922824795	-122.14016513120102	176.7762499999524	0.0	1.0	0.0
239.900000	1787824963089108224	47.641467922824795	-122.14016513120102	176.8762499999523	0.0	1.0	0.0
240.000000	1787824963188108288	47.641467922824795	-122.14016513120102	176.97624999995222	0.0	1.0	0.0
240.100000	1787824963287108096	47.641467922824795	-122.14016513120102	177.07624999995213	0.0	1.0	0.0
240.200000	1787824963389108224	47.641467922824795	-122.14016513120102	177.17624999995203	0.0	1.0	0.0
240.300000	1787824963488108032	47.641467922824795	-122.14016513120102	177.27624999995194	0.0	1.0	0.0
240.400000	1787824963587108096	47.641467922824795	-122.14016513120102	177.37624999995185	0.0	1.0	0.0
240.500000	1787824963689108224	47.641467922824795	-122.14016513120102	177.47624999995176	0.0	1.0	0.0
240.600000	1787824963788108032	47.641467922824795	-122.14016513120102	177.57624999995167	0.0	1.0	0.0
240.700000	1787824963887108096	47.641467922824795	-122.14016513120102	177.67624999995158	0.0	1.0	0.0
240.800000	1787824963989108224	47.641467922824795	-122.14016513120102	177.7762499999515	0.0	1.0	0.0
240.900000	1787824964088108288	47.641467922824795	-122.14016513120102	177.8762499999514	0.0	1.0	0.0
241.000000	1787824964187108352	47.641467922824795	-122.14016513120102	177.9762499999513	0.0	1.0	0.0
241.100000	1787824964289108224	47.641467922824795	-122.14016513120102	178.07624999995122	0.0	1.0	0.0
241.200000	1787824964388108288	47.641467922824795	-122.14016513120102	178.17624999995112	0.0	1.0	0.0
241.300000	1787824964487108352	47.641467922824795	-122.14016513120102	178.27624999995103	0.0	1.0	0.0
241.400000	1787824964589108224	47.641467922824795	-122.14016513120102	178.37624999995094	0.0	1.0	0.0
241.500000	1787824964688108288	47.641467922824795	-122.14016513120102	178.47624999995085	0.0	1.0	0.0
241.600000	1787824964787108096	47.641467922824795	-122.14016513120102	178.57624999995076	0.0	1.0	0.0
241.700000	1787824964889108224	47.641467922824795	-122.14016513120102	178.67624999995067	0.0	1.0	0.0
241.800000	1787824964988108032	47.641467922824795	-122.14016513120102	178.77624999995058	0.0	1.0	0.0
241.900000	1787824965087108096	47.641467922824795	-122.14016513120102	178.8762499999505	0.0	1.0	0.0
242.000000	1787824965189108224	47.641467922824795	-122.14016513120102	178.9762499999504	0.0	1.0	0.0
242.100000	1787824965288108032	47.641467922824795	-122.14016513120102	179.0762499999503	0.0	1.0	0.0
242.200000	1787824965387108096	47.641467922824795	-122.14016513120102	179.17624999995022	0.0	1.0	0.0
242.300000	1787824965489108224	47.641467922824795	-122.14016513120102	179.27624999995012	0.0	1.0	0.0
242.400000	1787824965588108288	47.641467922824795	-122.14016513120102	179.37624999995003	0.0	1.0	0.0
242.500000	1787824965687108352	47.641467922824795	-122.14016513120102	179.47624999994994	0.0	1.0	0.0
242.600000	1787824965789108224	47.641467922824795	-122.14016513120102	179.57624999994985	0.0	1.0	0.0
242.700000	1787824965888108288	47.641467922824795	-122.14016513120102	179.67624999994976	0.0	1.0	0.0
242.800000	1787824965987108352	47.641467922824795	-122.14016513120102	179.77624999994967	0.0	1.0	0.0
242.900000	1787824966089108224	47.641467922824795	-122.14016513120102	179.87624999994958	0.0	1.0	0.0
243.000000	1787824966188108288	47.641467922824795	-122.14016513120102	179.9762499999495	0.0	1.0	0.0
243.100000	1787824966287108096	47.641467922824795	-122.14016513120102	180.0762499999494	0.0	1.0	0.0
243.200000	1787824966389108224	47.641467922824795	-122.14016513120102	180.1762499999493	0.0	1.0	0.0
243.300000	1787824966488108032	47.641467922824795	-122.14016513120102	180.27624999994921	0.0	1.0	0.0
243.400000	1787824966587108096	47.641467922824795	-122.14016513120102	180.37624999994912	0.0	1.0	0.0
243.500000	1787824966689108224	47.641467922824795	-122.14016513120102	180.47624999994903	0.0	1.0	0.0
243.600000	1787824966788108032	47.641467922824795	-122.14016513120102	180.57624999994894	0.0	1.0	0.0
243.700000	1787824966887108096	47.641467922824795	-122.14016513120102	180.67624999994885	0.0	1.0	0.0
243.800000	1787824966989108224	47.641467922824795	-122.14016513120102	180.77624999994876	0.0	1.0	0.0
243.900000	1787824967088108288	47.641467922824795	-122.14016513120102	180.87624999994867	0.0	1.0	0.0
244.000000	1787824967187108352	47.641467922824795	-122.14016513120102	180.97624999994858	0.0	1.0	0.0
244.100000	1787824967289108224	47.641467922824795	-122.14016513120102	181.0762499999485	0.0	1.0	0.0
244.200000	1787824967388108288	47.641467922824795	-122.14016513120102	181.1762499999484	0.0	1.0	0.0
244.300000	1787824967487108352	47.641467922824795	-122.14016513120102	181.2762499999483	0.0	1.0	0.0
244.400000	1787824967589108224	47.641467922824795	-122.14016513120102	181.37624999994821	0.0	1.0	0.0
244.500000	1787824967688108288	47.641467922824795	-122.14016513120102	181.47624999994812	0.0	1.0	0.0
244.600000	1787824967787108096	47.641467922824795	-122.14016513120102	181.57624999994803	0.0	1.0	0.0
244.700000	1787824967889108224	47.641467922824795	-122.14016513120102	181.67624999994794	0.0	1.0	0.0
244.800000	1787824967988108032	47.641467922824795	-122.14016513120102	181.77624999994785	0.0	1.0	0.0
244.900000	1787824968087108096	47.641467922824795	-122.14016513120102	181.87624999994776	0.0	1.0	0.0
245.000000	1787824968189108224	47.641467922824795	-122.14016513120102	181.97624999994767	0.0	1.0	0.0
245.100000	1787824968288108032	47.641467922824795	-122.14016513120102	182.07624999994758	0.0	1.0	0.0
245.200000	1787824968387108096	47.641467922824795	-122.14016513120102	182.1762499999475	0.0	1.0	0.0
245.300000	1787824968489108224	47.641467922824795	-122.14016513120102	182.2762499999474	0.0	1.0	0.0
245.400000	1787824968588108288	47.641467922824795	-122.14016513120102	182.3762499999473	0.0	1.0	0.0
245.500000	1787824968687108352	47.641467922824795	-122.14016513120102	182.4762499999472	0.0	1.0	0.0
245.600000	1787824968789108224	47.641467922824795	-122.14016513120102	182.57624999994712	0.0	1.0	0.0
245.700000	1787824968888108288	47.641467922824795	-122.14016513120102	182.67624999994703	0.0	1.0	0.0
245.800000	1787824968987108352	47.641467922824795	-122.14016513120102	182.77624999994694	0.0	1.0	0.0
245.900000	1787824969089108224	47.641467922824795	-122.14016513120102	182.87624999994685	0.0	1.0	0.0
246.000000	1787824969188108288	47.641467922824795	-122.14016513120102	182.97624999994676	0.0	1.0	0.0
246.100000	1787824969287108096	47.641467922824795	-122.14016513120102	183.07624999994667	0.0	1.0	0.0
246.200000	1787824969389108224	47.641467922824795	-122.14016513120102	183.17624999994658	0.0	1.0	0.0
246.300000	1787824969488108032	47.641467922824795	-122.14016513120102	183.2762499999465	0.0	1.0	0.0
246.400000	1787824969587108096	47.641467922824795	-122.14016513120102	183.3762499999464	0.0	1.0	0.0
246.500000	1787824969689108224	47.641467922824795	-122.14016513120102	183.4762499999463	0.0	1.0	0.0
246.600000	1787824969788108032	47.641467922824795	-122.14016513120102	183.5762499999462	0.0	1.0	0.0
246.700000	1787824969887108096	47.641467922824795	-122.14016513120102	183.67624999994612	0.0	1.0	0.0
246.800000	1787824969989108224	47.641467922824795	-122.14016513120102	183.77624999994603	0.0	1.0	0.0
246.900000	1787824970088108288	47.641467922824795	-122.14016513120102	183.87624999994594	0.0	1.0	0.0
247.000000	1787824970187108352	47.641467922824795	-122.14016513120102	183.97624999994585	0.0	1.0	0.0
247.100000	1787824970289108224	47.641467922824795	-122.14016513120102	184.07624999994576	0.0	1.0	0.0
247.200000	1787824970388108288	47.641467922824795	-122.14016513120102	184.17624999994567	0.0	1.0	0.0
247.300000	1787824970487108352	47.641467922824795	-122.14016513120102	184.27624999994558	0.0	1.0	0.0
247.400000	1787824970589108224	47.641467922824795	-122.14016513120102	184.3762499999455	0.0	1.0	0.0
247.500000	1787824970688108288	47.641467922824795	-122.14016513120102	184.4762499999454	0.0	1.0	0.0
247.600000	1787824970787108096	47.641467922824795	-122.14016513120102	184.5762499999453	0.0	1.0	0.0
247.700000	1787824970889108224	47.641467922824795	-122.14016513120102	184.6762499999452	0.0	1.0	0.0
247.800000	1787824970988108032	47.641467922824795	-122.14016513120102	184.77624999994512	0.0	1.0	0.0
247.900000	1787824971087108096	47.641467922824795	-122.14016513120102	184.87624999994503	0.0	1.0	0.0
248.000000	1787824971189108224	47.641467922824795	-122.14016513120102	184.97624999994494	0.0	1.0	0.0
248.100000	1787824971288108032	47.641467922824795	-122.14016513120102	185.07624999994485	0.0	1.0	0.0
248.200000	1787824971387108096	47.641467922824795	-122.14016513120102	185.17624999994476	0.0	1.0	0.0
248.300000	1787824971489108224	47.641467922824795	-122.14016513120102	185.27624999994467	0.0	1.0	0.0
248.400000	1787824971588108288	47.641467922824795	-122.14016513120102	185.37624999994458	0.0	1.0	0.0
248.500000	1787824971687108352	47.641467922824795	-122.14016513120102	185.47624999994449	0.0	1.0	0.0
248.600000	1787824971789108224	47.641467922824795	-122.14016513120102	185.5762499999444	0.0	1.0	0.0
248.700000	1787824971888108288	47.641467922824795	-122.14016513120102	185.6762499999443	0.0	1.0	0.0
248.800000	1787824971987108352	47.641467922824795	-122.14016513120102	185.7762499999442	0.0	1.0	0.0
248.900000	1787824972089108224	47.641467922824795	-122.14016513120102	185.87624999994412	0.0	1.0	0.0
249.000000	1787824972188108288	47.641467922824795	-122.14016513120102	185.97624999994403	0.0	1.0	0.0
249.100000	1787824972287108096	47.641467922824795	-122.14016513120102	186.07624999994394	0.0	1.0	0.0
249.200000	1787824972389108224	47.641467922824795	-122.14016513120102	186.17624999994385	0.0	1.0	0.0
249.300000	1787824972488108032	47.641467922824795	-122.14016513120102	186.27624999994376	0.0	1.0	0.0
249.400000	1787824972587108096	47.641467922824795	-122.14016513120102	186.37624999994367	0.0	1.0	0.0
249.500000	1787824972689108224	47.641467922824795	-122.14016513120102	186.47624999994358	0.0	1.0	0.0
249.600000	1787824972788108032	47.641467922824795	-122.14016513120102	186.57624999994349	0.0	1.0	0.0
249.700000	1787824972887108096	47.641467922824795	-122.14016513120102	186.6762499999434	0.0	1.0	0.0
249.800000	1787824972989108224	47.641467922824795	-122.14016513120102	186.7762499999433	0.0	1.0	0.0
249.900000	1787824973088108288	47.641467922824795	-122.14016513120102	186.8762499999432	0.0	1.0	0.0
250.000000	1787824973187108352	47.641467922824795	-122.14016513120102	186.97624999994312	0.0	1.0	0.0
250.100000	1787824973289108224	47.641467922824795	-122.14016513120102	187.07624999994303	0.0	1.0	0.0
250.200000	1787824973388108288	47.641467922824795	-122.14016513120102	187.17624999994294	0.0	1.0	0.0
250.300000	1787824973487108352	47.641467922824795	-122.14016513120102	187.27624999994285	0.0	1.0	0.0
250.400000	1787824973589108224	47.641467922824795	-122.14016513120102	187.37624999994276	0.0	1.0	0.0
250.500000	1787824973688108288	47.641467922824795	-122.14016513120102	187.47624999994267	0.0	1.0	0.0
250.600000	1787824973787108096	47.641467922824795	-122.14016513120102	187.57624999994258	0.0	1.0	0.0
250.700000	1787824973889108224	47.641467922824795	-122.14016513120102	187.67624999994248	0.0	1.0	0.0
250.800000	1787824973988108032	47.641467922824795	-122.14016513120102	187.7762499999424	0.0	1.0	0.0
250.900000	1787824974087108096	47.641467922824795	-122.14016513120102	187.8762499999423	0.0	1.0	0.0
251.000000	1787824974189108224	47.641467922824795	-122.14016513120102	187.9762499999422	0.0	1.0	0.0
251.100000	1787824974288108032	47.641467922824795	-122.14016513120102	188.07624999994212	0.0	1.0	0.0
251.200000	1787824974387108096	47.641467922824795	-122.14016513120102	188.17624999994203	0.0	1.0	0.0
251.300000	1787824974489108224	47.641467922824795	-122.14016513120102	188.27624999994194	0.0	1.0	0.0
251.400000	1787824974588108288	47.641467922824795	-122.14016513120102	188.37624999994185	0.0	1.0	0.0
251.500000	1787824974687108352	47.641467922824795	-122.14016513120102	188.47624999994176	0.0	1.0	0.0
251.600000	1787824974789108224	47.641467922824795	-122.14016513120102	188.57624999994167	0.0	1.0	0.0
251.700000	1787824974888108288	47.641467922824795	-122.14016513120102	188.67624999994158	0.0	1.0	0.0
251.800000	1787824974987108352	47.641467922824795	-122.14016513120102	188.77624999994148	0.0	1.0	0.0
251.900000	1787824975089108224	47.641467922824795	-122.14016513120102	188.8762499999414	0.0	1.0	0.0
252.000000	1787824975188108288	47.641467922824795	-122.14016513120102	188.9762499999413	0.0	1.0	0.0
252.100000	1787824975287108096	47.641467922824795	-122.14016513120102	189.0762499999412	0.0	1.0	0.0
252.200000	1787824975389108224	47.641467922824795	-122.14016513120102	189.17624999994112	0.0	1.0	0.0
252.300000	1787824975488108032	47.641467922824795	-122.14016513120102	189.27624999994103	0.0	1.0	0.0
252.400000	1787824975587108096	47.641467922824795	-122.14016513120102	189.37624999994094	0.0	1.0	0.0
252.500000	1787824975689108224	47.641467922824795	-122.14016513120102	189.47624999994085	0.0	1.0	0.0
252.600000	1787824975788108032	47.641467922824795	-122.14016513120102	189.57624999994076	0.0	1.0	0.0
252.700000	1787824975887108096	47.641467922824795	-122.14016513120102	189.67624999994067	0.0	1.0	0.0
252.800000	1787824975989108224	47.641467922824795	-122.14016513120102	189.77624999994057	0.0	1.0	0.0
252.900000	1787824976088108288	47.641467922824795	-122.14016513120102	189.87624999994048	0.0	1.0	0.0
253.000000	1787824976187108352	47.641467922824795	-122.14016513120102	189.9762499999404	0.0	1.0	0.0
253.100000	1787824976289108224	47.641467922824795	-122.14016513120102	190.0762499999403	0.0	1.0	0.0
253.200000	1787824976388108288	47.641467922824795	-122.14016513120102	190.1762499999402	0.0	1.0	0.0
253.300000	1787824976487108352	47.641467922824795	-122.14016513120102	190.27624999994012	0.0	1.0	0.0
253.400000	1787824976589108224	47.641467922824795	-122.14016513120102	190.37624999994003	0.0	1.0	0.0
253.500000	1787824976688108288	47.641467922824795	-122.14016513120102	190.47624999993994	0.0	1.0	0.0
253.600000	1787824976787108096	47.641467922824795	-122.14016513120102	190.57624999993985	0.0	1.0	0.0
253.700000	1787824976889108224	47.641467922824795	-122.14016513120102	190.67624999993976	0.0	1.0	0.0
253.800000	1787824976988108032	47.641467922824795	-122.14016513120102	190.77624999993967	0.0	1.0	0.0
253.900000	1787824977087108096	47.641467922824795	-122.14016513120102	190.87624999993957	0.0	1.0	0.0
254.000000	1787824977189108224	47.641467922824795	-122.14016513120102	190.97624999993948	0.0	1.0	0.0
254.100000	1787824977288108032	47.641467922824795	-122.14016513120102	191.0762499999394	0.0	1.0	0.0
254.200000	1787824977387108096	47.641467922824795	-122.14016513120102	191.1762499999393	0.0	1.0	0.0
254.300000	1787824977489108224	47.641467922824795	-122.14016513120102	191.2762499999392	0.0	1.0	0.0
254.400000	1787824977588108288	47.641467922824795	-122.14016513120102	191.37624999993912	0.0	1.0	0.0
254.500000	1787824977687108352	47.641467922824795	-122.14016513120102	191.47624999993903	0.0	1.0	0.0
254.600000	1787824977789108224	47.641467922824795	-122.14016513120102	191.57624999993894	0.0	1.0	0.0
254.700000	1787824977888108288	47.641467922824795	-122.14016513120102	191.67624999993885	0.0	1.0	0.0
254.800000	1787824977987108352	47.641467922824795	-122.14016513120102	191.77624999993876	0.0	1.0	0.0
254.900000	1787824978089108224	47.641467922824795	-122.14016513120102	191.87624999993866	0.0	1.0	0.0
255.000000	1787824978188108288	47.641467922824795	-122.14016513120102	191.97624999993857	0.0	1.0	0.0
255.100000	1787824978287108096	47.641467922824795	-122.14016513120102	192.07624999993848	0.0	1.0	0.0
255.200000	1787824978389108224	47.641467922824795	-122.14016513120102	192.1762499999384	0.0	1.0	0.0
255.300000	1787824978488108032	47.641467922824795	-122.14016513120102	192.2762499999383	0.0	1.0	0.0
255.400000	1787824978587108096	47.641467922824795	-122.14016513120102	192.3762499999382	0.0	1.0	0.0
255.500000	1787824978689108224	47.641467922824795	-122.14016513120102	192.47624999993812	0.0	1.0	0.0
255.600000	1787824978788108032	47.641467922824795	-122.14016513120102	192.57624999993803	0.0	1.0	0.0
255.700000	1787824978887108096	47.641467922824795	-122.14016513120102	192.67624999993794	0.0	1.0	0.0
255.800000	1787824978989108224	47.641467922824795	-122.14016513120102	192.77624999993785	0.0	1.0	0.0
255.900000	1787824979088108288	47.641467922824795	-122.14016513120102	192.87624999993776	0.0	1.0	0.0
256.000000	1787824979187108352	47.641467922824795	-122.14016513120102	192.97624999993766	0.0	1.0	0.0
256.100000	1787824979289108224	47.641467922824795	-122.14016513120102	193.07624999993757	0.0	1.0	0.0
256.200000	1787824979388108288	47.641467922824795	-122.14016513120102	193.17624999993754	0.0	1.0	0.0
256.300000	1787824979487108352	47.641467922824795	-122.14016513120102	193.2762499999374	0.0	1.0	0.0
256.400000	1787824979589108224	47.641467922824795	-122.14016513120102	193.37624999993733	0.0	1.0	0.0
256.500000	1787824979688108288	47.641467922824795	-122.14016513120102	193.47624999993724	0.0	1.0	0.0
256.600000	1787824979787108096	47.641467922824795	-122.14016513120102	193.57624999993712	0.0	1.0	0.0
256.700000	1787824979889108224	47.641467922824795	-122.14016513120102	193.67624999993708	0.0	1.0	0.0
256.800000	1787824979988108032	47.641467922824795	-122.14016513120102	193.77624999993694	0.0	1.0	0.0
256.900000	1787824980087108096	47.641467922824795	-122.14016513120102	193.87624999993687	0.0	1.0	0.0
257.000000	1787824980189108224	47.641467922824795	-122.14016513120102	193.97624999993678	0.0	1.0	0.0
257.100000	1787824980288108032	47.641467922824795	-122.14016513120102	194.07624999993666	0.0	1.0	0.0
257.200000	1787824980387108096	47.641467922824795	-122.14016513120102	194.17624999993663	0.0	1.0	0.0
257.300000	1787824980489108224	47.641467922824795	-122.14016513120102	194.27624999993648	0.0	1.0	0.0
257.400000	1787824980588108288	47.641467922824795	-122.14016513120102	194.37624999993642	0.0	1.0	0.0
257.500000	1787824980687108352	47.641467922824795	-122.14016513120102	194.47624999993633	0.0	1.0	0.0
257.600000	1787824980789108224	47.641467922824795	-122.14016513120102	194.5762499999362	0.0	1.0	0.0
257.700000	1787824980888108288	47.641467922824795	-122.14016513120102	194.67624999993618	0.0	1.0	0.0
257.800000	1787824980987108352	47.641467922824795	-122.14016513120102	194.77624999993603	0.0	1.0	0.0
257.900000	1787824981089108224	47.641467922824795	-122.14016513120102	194.87624999993596	0.0	1.0	0.0
258.000000	1787824981188108288	47.641467922824795	-122.14016513120102	194.97624999993587	0.0	1.0	0.0
258.100000	1787824981287108096	47.641467922824795	-122.14016513120102	195.07624999993575	0.0	1.0	0.0
258.200000	1787824981389108224	47.641467922824795	-122.14016513120102	195.17624999993572	0.0	1.0	0.0
258.300000	1787824981488108032	47.641467922824795	-122.14016513120102	195.27624999993557	0.0	1.0	0.0
258.400000	1787824981587108096	47.641467922824795	-122.14016513120102	195.3762499999355	0.0	1.0	0.0
258.500000	1787824981689108224	47.641467922824795	-122.14016513120102	195.47624999993542	0.0	1.0	0.0
258.600000	1787824981788108032	47.641467922824795	-122.14016513120102	195.5762499999353	0.0	1.0	0.0
258.700000	1787824981887108096	47.641467922824795	-122.14016513120102	195.67624999993527	0.0	1.0	0.0
258.800000	1787824981989108224	47.641467922824795	-122.14016513120102	195.77624999993512	0.0	1.0	0.0
258.900000	1787824982088108288	47.641467922824795	-122.14016513120102	195.87624999993506	0.0	1.0	0.0
259.000000	1787824982187108352	47.641467922824795	-122.14016513120102	195.97624999993496	0.0	1.0	0.0
259.100000	1787824982289108224	47.641467922824795	-122.14016513120102	196.07624999993484	0.0	1.0	0.0
259.200000	1787824982388108288	47.641467922824795	-122.14016513120102	196.1762499999348	0.0	1.0	0.0
259.300000	1787824982487108352	47.641467922824795	-122.14016513120102	196.27624999993466	0.0	1.0	0.0
259.400000	1787824982589108224	47.641467922824795	-122.14016513120102	196.3762499999346	0.0	1.0	0.0
259.500000	1787824982688108288	47.641467922824795	-122.14016513120102	196.4762499999345	0.0	1.0	0.0
259.600000	1787824982787108096	47.641467922824795	-122.14016513120102	196.5762499999344	0.0	1.0	0.0
259.700000	1787824982889108224	47.641467922824795	-122.14016513120102	196.67624999993436	0.0	1.0	0.0
259.800000	1787824982988108032	47.641467922824795	-122.14016513120102	196.7762499999342	0.0	1.0	0.0
259.900000	1787824983087108096	47.641467922824795	-122.14016513120102	196.87624999993415	0.0	1.0	0.0
260.000000	1787824983189108224	47.641467922824795	-122.14016513120102	196.97624999993405	0.0	1.0	0.0
260.100000	1787824983288108032	47.641467922824795	-122.14016513120102	197.07624999993394	0.0	1.0	0.0
260.200000	1787824983387108096	47.641467922824795	-122.14016513120102	197.1762499999339	0.0	1.0	0.0
260.300000	1787824983489108224	47.641467922824795	-122.14016513120102	197.27624999993375	0.0	1.0	0.0
260.400000	1787824983588108288	47.641467922824795	-122.14016513120102	197.3762499999337	0.0	1.0	0.0
260.500000	1787824983687108352	47.641467922824795	-122.14016513120102	197.4762499999336	0.0	1.0	0.0
260.600000	1787824983789108224	47.641467922824795	-122.14016513120102	197.57624999993348	0.0	1.0	0.0
260.700000	1787824983888108288	47.641467922824795	-122.14016513120102	197.67624999993345	0.0	1.0	0.0
260.800000	1787824983987108352	47.641467922824795	-122.14016513120102	197.7762499999333	0.0	1.0	0.0
260.900000	1787824984089108224	47.641467922824795	-122.14016513120102	197.87624999993324	0.0	1.0	0.0
261.000000	1787824984188108288	47.641467922824795	-122.14016513120102	197.97624999993315	0.0	1.0	0.0
261.100000	1787824984287108096	47.641467922824795	-122.14016513120102	198.07624999993303	0.0	1.0	0.0
261.200000	1787824984389108224	47.641467922824795	-122.14016513120102	198.176249999933	0.0	1.0	0.0
261.300000	1787824984488108032	47.641467922824795	-122.14016513120102	198.27624999993284	0.0	1.0	0.0
261.400000	1787824984587108096	47.641467922824795	-122.14016513120102	198.37624999993278	0.0	1.0	0.0
261.500000	1787824984689108224	47.641467922824795	-122.14016513120102	198.4762499999327	0.0	1.0	0.0
261.600000	1787824984788108032	47.641467922824795	-122.14016513120102	198.57624999993257	0.0	1.0	0.0
261.700000	1787824984887108096	47.641467922824795	-122.14016513120102	198.67624999993254	0.0	1.0	0.0
261.800000	1787824984989108224	47.641467922824795	-122.14016513120102	198.7762499999324	0.0	1.0	0.0
261.900000	1787824985088108288	47.641467922824795	-122.14016513120102	198.87624999993233	0.0	1.0	0.0
262.000000	1787824985187108352	47.641467922824795	-122.14016513120102	198.97624999993224	0.0	1.0	0.0
262.100000	1787824985289108224	47.641467922824795	-122.14016513120102	199.07624999993212	0.0	1.0	0.0
262.200000	1787824985388108288	47.641467922824795	-122.14016513120102	199.17624999993208	0.0	1.0	0.0
262.300000	1787824985487108352	47.641467922824795	-122.14016513120102	199.27624999993193	0.0	1.0	0.0
262.400000	1787824985589108224	47.641467922824795	-122.14016513120102	199.37624999993187	0.0	1.0	0.0
262.500000	1787824985688108288	47.641467922824795	-122.14016513120102	199.47624999993178	0.0	1.0	0.0
262.600000	1787824985787108096	47.641467922824795	-122.14016513120102	199.57624999993166	0.0	1.0	0.0
262.700000	1787824985889108224	47.641467922824795	-122.14016513120102	199.67624999993163	0.0	1.0	0.0
262.800000	1787824985988108032	47.641467922824795	-122.14016513120102	199.77624999993148	0.0	1.0	0.0
262.900000	1787824986087108096	47.641467922824795	-122.14016513120102	199.87624999993142	0.0	1.0	0.0
263.000000	1787824986189108224	47.641467922824795	-122.14016513120102	199.97624999993133	0.0	1.0	0.0
263.100000	1787824986288108032	47.641467922824795	-122.14016513120102	200.0762499999312	0.0	1.0	0.0
263.200000	1787824986387108096	47.641467922824795	-122.14016513120102	200.17624999993117	0.0	1.0	0.0
263.300000	1787824986489108224	47.641467922824795	-122.14016513120102	200.27624999993103	0.0	1.0	0.0
263.400000	1787824986588108288	47.641467922824795	-122.14016513120102	200.37624999993096	0.0	1.0	0.0
263.500000	1787824986687108352	47.641467922824795	-122.14016513120102	200.47624999993087	0.0	1.0	0.0
263.600000	1787824986789108224	47.641467922824795	-122.14016513120102	200.57624999993075	0.0	1.0	0.0
263.700000	1787824986888108288	47.641467922824795	-122.14016513120102	200.67624999993072	0.0	1.0	0.0
263.800000	1787824986987108352	47.641467922824795	-122.14016513120102	200.77624999993057	0.0	1.0	0.0
263.900000	1787824987089108224	47.641467922824795	-122.14016513120102	200.8762499999305	0.0	1.0	0.0
264.000000	1787824987188108288	47.641467922824795	-122.14016513120102	200.97624999993042	0.0	1.0	0.0
264.100000	1787824987287108096	47.641467922824795	-122.14016513120102	201.0762499999303	0.0	1.0	0.0
264.200000	1787824987389108224	47.641467922824795	-122.14016513120102	201.17624999993026	0.0	1.0	0.0
264.300000	1787824987488108032	47.641467922824795	-122.14016513120102	201.27624999993012	0.0	1.0	0.0
264.400000	1787824987587108096	47.641467922824795	-122.14016513120102	201.37624999993005	0.0	1.0	0.0
264.500000	1787824987689108224	47.641467922824795	-122.14016513120102	201.47624999992996	0.0	1.0	0.0
264.600000	1787824987788108032	47.641467922824795	-122.14016513120102	201.57624999992984	0.0	1.0	0.0
264.700000	1787824987887108096	47.641467922824795	-122.14016513120102	201.6762499999298	0.0	1.0	0.0
264.800000	1787824987989108224	47.641467922824795	-122.14016513120102	201.77624999992966	0.0	1.0	0.0
264.900000	1787824988088108288	47.641467922824795	-122.14016513120102	201.8762499999296	0.0	1.0	0.0
265.000000	1787824988187108352	47.641467922824795	-122.14016513120102	201.9762499999295	0.0	1.0	0.0
265.100000	1787824988289108224	47.641467922824795	-122.14016513120102	202.0762499999294	0.0	1.0	0.0
265.200000	1787824988388108288	47.641467922824795	-122.14016513120102	202.17624999992935	0.0	1.0	0.0
265.300000	1787824988487108352	47.641467922824795	-122.14016513120102	202.2762499999292	0.0	1.0	0.0
265.400000	1787824988589108224	47.641467922824795	-122.14016513120102	202.37624999992914	0.0	1.0	0.0
265.500000	1787824988688108288	47.641467922824795	-122.14016513120102	202.47624999992905	0.0	1.0	0.0
265.600000	1787824988787108096	47.641467922824795	-122.14016513120102	202.57624999992893	0.0	1.0	0.0
265.700000	1787824988889108224	47.641467922824795	-122.14016513120102	202.6762499999289	0.0	1.0	0.0
265.800000	1787824988988108032	47.641467922824795	-122.14016513120102	202.77624999992875	0.0	1.0	0.0
265.900000	1787824989087108096	47.641467922824795	-122.14016513120102	202.8762499999287	0.0	1.0	0.0
266.000000	1787824989189108224	47.641467922824795	-122.14016513120102	202.9762499999286	0.0	1.0	0.0
266.100000	1787824989288108032	47.641467922824795	-122.14016513120102	203.07624999992848	0.0	1.0	0.0
266.200000	1787824989387108096	47.641467922824795	-122.14016513120102	203.17624999992844	0.0	1.0	0.0
266.300000	1787824989489108224	47.641467922824795	-122.14016513120102	203.2762499999283	0.0	1.0	0.0
266.400000	1787824989588108288	47.641467922824795	-122.14016513120102	203.37624999992823	0.0	1.0	0.0
266.500000	1787824989687108352	47.641467922824795	-122.14016513120102	203.47624999992814	0.0	1.0	0.0
266.600000	1787824989789108224	47.641467922824795	-122.14016513120102	203.57624999992802	0.0	1.0	0.0
266.700000	1787824989888108288	47.641467922824795	-122.14016513120102	203.676249999928	0.0	1.0	0.0
266.800000	1787824989987108352	47.641467922824795	-122.14016513120102	203.77624999992784	0.0	1.0	0.0
266.900000	1787824990089108224	47.641467922824795	-122.14016513120102	203.87624999992778	0.0	1.0	0.0
267.000000	1787824990188108288	47.641467922824795	-122.14016513120102	203.9762499999277	0.0	1.0	0.0
267.100000	1787824990287108096	47.641467922824795	-122.14016513120102	204.07624999992757	0.0	1.0	0.0
267.200000	1787824990389108224	47.641467922824795	-122.14016513120102	204.17624999992753	0.0	1.0	0.0
267.300000	1787824990488108032	47.641467922824795	-122.14016513120102	204.2762499999274	0.0	1.0	0.0
267.400000	1787824990587108096	47.641467922824795	-122.14016513120102	204.37624999992732	0.0	1.0	0.0
267.500000	1787824990689108224	47.641467922824795	-122.14016513120102	204.47624999992723	0.0	1.0	0.0
267.600000	1787824990788108032	47.641467922824795	-122.14016513120102	204.57624999992711	0.0	1.0	0.0
267.700000	1787824990887108096	47.641467922824795	-122.14016513120102	204.67624999992708	0.0	1.0	0.0
267.800000	1787824990989108224	47.641467922824795	-122.14016513120102	204.77624999992693	0.0	1.0	0.0
267.900000	1787824991088108288	47.641467922824795	-122.14016513120102	204.87624999992687	0.0	1.0	0.0
268.000000	1787824991187108352	47.641467922824795	-122.14016513120102	204.97624999992678	0.0	1.0	0.0
268.100000	1787824991289108224	47.641467922824795	-122.14016513120102	205.07624999992666	0.0	1.0	0.0
268.200000	1787824991388108288	47.641467922824795	-122.14016513120102	205.17624999992663	0.0	1.0	0.0
268.300000	1787824991487108352	47.641467922824795	-122.14016513120102	205.27624999992648	0.0	1.0	0.0
268.400000	1787824991589108224	47.641467922824795	-122.14016513120102	205.37624999992642	0.0	1.0	0.0
268.500000	1787824991688108288	47.641467922824795	-122.14016513120102	205.47624999992632	0.0	1.0	0.0
268.600000	1787824991787108096	47.641467922824795	-122.14016513120102	205.5762499999262	0.0	1.0	0.0
268.700000	1787824991889108224	47.641467922824795	-122.14016513120102	205.67624999992617	0.0	1.0	0.0
268.800000	1787824991988108032	47.641467922824795	-122.14016513120102	205.77624999992602	0.0	1.0	0.0
268.900000	1787824992087108096	47.641467922824795	-122.14016513120102	205.87624999992596	0.0	1.0	0.0
269.000000	1787824992189108224	47.641467922824795	-122.14016513120102	205.97624999992587	0.0	1.0	0.0
269.100000	1787824992288108032	47.641467922824795	-122.14016513120102	206.07624999992575	0.0	1.0	0.0
269.200000	1787824992387108096	47.641467922824795	-122.14016513120102	206.17624999992572	0.0	1.0	0.0
269.300000	1787824992489108224	47.641467922824795	-122.14016513120102	206.27624999992557	0.0	1.0	0.0
269.400000	1787824992588108288	47.641467922824795	-122.14016513120102	206.3762499999255	0.0	1.0	0.0
269.500000	1787824992687108352	47.641467922824795	-122.14016513120102	206.47624999992541	0.0	1.0	0.0
269.600000	1787824992789108224	47.641467922824795	-122.14016513120102	206.5762499999253	0.0	1.0	0.0
269.700000	1787824992888108288	47.641467922824795	-122.14016513120102	206.67624999992526	0.0	1.0	0.0
269.800000	1787824992987108352	47.641467922824795	-122.14016513120102	206.7762499999251	0.0	1.0	0.0
269.900000	1787824993089108224	47.641467922824795	-122.14016513120102	206.87624999992505	0.0	1.0	0.0
270.000000	1787824993188108288	47.641467922824795	-122.14016513120102	206.97624999992496	0.0	1.0	0.0
270.100000	1787824993287108096	47.641467922824795	-122.14016513120102	207.07624999992484	0.0	1.0	0.0
270.200000	1787824993389108224	47.641467922824795	-122.14016513120102	207.1762499999248	0.0	1.0	0.0
270.300000	1787824993488108032	47.641467922824795	-122.14016513120102	207.27624999992466	0.0	1.0	0.0
270.400000	1787824993587108096	47.641467922824795	-122.14016513120102	207.3762499999246	0.0	1.0	0.0
270.500000	1787824993689108224	47.641467922824795	-122.14016513120102	207.4762499999245	0.0	1.0	0.0
270.600000	1787824993788108032	47.641467922824795	-122.14016513120102	207.57624999992439	0.0	1.0	0.0
270.700000	1787824993887108096	47.641467922824795	-122.14016513120102	207.67624999992435	0.0	1.0	0.0
270.800000	1787824993989108224	47.641467922824795	-122.14016513120102	207.7762499999242	0.0	1.0	0.0
270.900000	1787824994088108288	47.641467922824795	-122.14016513120102	207.87624999992414	0.0	1.0	0.0
271.000000	1787824994187108352	47.641467922824795	-122.14016513120102	207.97624999992405	0.0	1.0	0.0
271.100000	1787824994289108224	47.641467922824795	-122.14016513120102	208.07624999992393	0.0	1.0	0.0
271.200000	1787824994388108288	47.641467922824795	-122.14016513120102	208.1762499999239	0.0	1.0	0.0
271.300000	1787824994487108352	47.641467922824795	-122.14016513120102	208.27624999992375	0.0	1.0	0.0
271.400000	1787824994589108224	47.641467922824795	-122.14016513120102	208.3762499999237	0.0	1.0	0.0
271.500000	1787824994688108288	47.641467922824795	-122.14016513120102	208.4762499999236	0.0	1.0	0.0
271.600000	1787824994787108096	47.641467922824795	-122.14016513120102	208.57624999992348	0.0	1.0	0.0
271.700000	1787824994889108224	47.641467922824795	-122.14016513120102	208.67624999992344	0.0	1.0	0.0
271.800000	1787824994988108032	47.641467922824795	-122.14016513120102	208.7762499999233	0.0	1.0	0.0
271.900000	1787824995087108096	47.641467922824795	-122.14016513120102	208.87624999992323	0.0	1.0	0.0
272.000000	1787824995189108224	47.641467922824795	-122.14016513120102	208.97624999980115	0.0	0.9999999024047574	0.0
272.100000	1787824995288108032	47.641467922824795	-122.14016513120102	209.07624709390277	0.0	0.9999159704953949	0.0
272.200000	1787824995387108096	47.641467922824795	-122.14016513120102	209.1762279871941	0.0	0.9996758861965278	0.0
272.300000	1787824995489108224	47.641467922824795	-122.14016513120102	209.27617706443596	0.0	0.9992796495081546	0.0
272.400000	1787824995588108288	47.641467922824795	-122.14016513120102	209.37607871038952	0.0	0.998727260430272	0.0
272.500000	1787824995687108352	47.641467922824795	-122.14016513120102	209.47591730981574	0.0	0.9980187189628832	0.0
272.600000	1787824995789108224	47.641467922824795	-122.14016513120102	209.57567724747574	0.0	0.9971540251059856	0.0
272.700000	1787824995888108288	47.641467922824795	-122.14016513120102	209.6753429081307	0.0	0.9961331788595809	0.0
272.800000	1787824995987108352	47.641467922824795	-122.14016513120102	209.77489867654143	0.0	0.9949561802236703	0.0
272.900000	1787824996089108224	47.641467922824795	-122.14016513120102	209.87432893746922	0.0	0.9936230291982523	0.0
273.000000	1787824996188108288	47.641467922824795	-122.14016513120102	209.97361807567498	0.0	0.9921337257833257	0.0
273.100000	1787824996287108096	47.641467922824795	-122.14016513120102	210.0727504759197	0.0	0.9904882699788932	0.0
273.200000	1787824996389108224	47.641467922824795	-122.14016513120102	210.17171052296453	0.0	0.9886866617849529	0.0
273.300000	1787824996488108032	47.641467922824795	-122.14016513120102	210.2704826015705	0.0	0.986728901201505	0.0
273.400000	1787824996587108096	47.641467922824795	-122.14016513120102	210.36905109649868	0.0	0.9846149882285492	0.0
273.500000	1787824996689108224	47.641467922824795	-122.14016513120102	210.46740039251	0.0	0.9823449228660874	0.0
273.600000	1787824996788108032	47.641467922824795	-122.14016513120102	210.56551487436565	0.0	0.9799187051141177	0.0
273.700000	1787824996887108096	47.641467922824795	-122.14016513120102	210.66337892682665	0.0	0.9773363349726396	0.0
273.800000	1787824996989108224	47.641467922824795	-122.14016513120102	210.7609769346539	0.0	0.9745978124416568	0.0
273.900000	1787824997088108288	47.641467922824795	-122.14016513120102	210.8582932826087	0.0	0.9717031375211653	0.0
274.000000	1787824997187108352	47.641467922824795	-122.14016513120102	210.95531235545192	0.0	0.968652310211166	0.0
274.100000	1787824997289108224	47.641467922824795	-122.14016513120102	211.05201853794466	0.0	0.9654453305116614	0.0
274.200000	1787824997388108288	47.641467922824795	-122.14016513120102	211.14839621484802	0.0	0.9620821984226454	0.0
274.300000	1787824997487108352	47.641467922824795	-122.14016513120102	211.24442977092298	0.0	0.9585629139441276	0.0
274.400000	1787824997589108224	47.641467922824795	-122.14016513120102	211.34010359093062	0.0	0.9548874770760984	0.0
274.500000	1787824997688108288	47.641467922824795	-122.14016513120102	211.43540205963205	0.0	0.9510558878185615	0.0
274.600000	1787824997787108096	47.641467922824795	-122.14016513120102	211.5303095617881	0.0	0.9470681461715197	0.0
274.700000	1787824997889108224	47.641467922824795	-122.14016513120102	211.62481048216	0.0	0.9429242521349682	0.0
274.800000	1787824997988108032	47.641467922824795	-122.14016513120102	211.7188892055088	0.0	0.9386242057089131	0.0
274.900000	1787824998087108096	47.641467922824795	-122.14016513120102	211.81253011659555	0.0	0.9341680068933461	0.0
275.000000	1787824998189108224	47.641467922824795	-122.14016513120102	211.9057176001813	0.0	0.9295556556882739	0.0
275.100000	1787824998288108032	47.641467922824795	-122.14016513120102	211.99843604102693	0.0	0.9247871520936971	0.0
275.200000	1787824998387108096	47.641467922824795	-122.14016513120102	212.09066982389373	0.0	0.9198624961096079	0.0
275.300000	1787824998489108224	47.641467922824795	-122.14016513120102	212.1824033335426	0.0	0.9147816877360179	0.0
275.400000	1787824998588108288	47.641467922824795	-122.14016513120102	212.27362095473467	0.0	0.9095447269729129	0.0
275.500000	1787824998687108352	47.641467922824795	-122.14016513120102	212.364307072231	0.0	0.9041516138203034	0.0
275.600000	1787824998789108224	47.641467922824795	-122.14016513120102	212.45444607079256	0.0	0.8986023482781915	0.0
275.700000	1787824998888108288	47.641467922824795	-122.14016513120102	212.54402233518041	0.0	0.8928969303465644	0.0
275.800000	1787824998987108352	47.641467922824795	-122.14016513120102	212.63302025015568	0.0	0.8870353600254371	0.0
275.900000	1787824999089108224	47.641467922824795	-122.14016513120102	212.72142420047928	0.0	0.881017637314799	0.0
276.000000	1787824999188108288	47.641467922824795	-122.14016513120102	212.80921857091232	0.0	0.8748437622146519	0.0
276.100000	1787824999287108096	47.641467922824795	-122.14016513120102	212.89638774621588	0.0	0.8685137347250028	0.0
276.200000	1787824999389108224	47.641467922824795	-122.14016513120102	212.9829161111511	0.0	0.86202755484584	0.0
276.300000	1787824999488108032	47.641467922824795	-122.14016513120102	213.0687880504789	0.0	0.8553852225771756	0.0
276.400000	1787824999587108096	47.641467922824795	-122.14016513120102	213.15398794896032	0.0	0.8485867379189996	0.0
276.500000	1787824999689108224	47.641467922824795	-122.14016513120102	213.2385001913565	0.0	0.8416321008713173	0.0
276.600000	1787824999788108032	47.641467922824795	-122.14016513120102	213.32230916242838	0.0	0.8345213114341309	0.0
276.700000	1787824999887108096	47.641467922824795	-122.14016513120102	213.40539924693712	0.0	0.827254369607435	0.0
276.800000	1787824999989108224	47.641467922824795	-122.14016513120102	213.4877548296437	0.0	0.8198312753912332	0.0
276.900000	1787825000088108288	47.641467922824795	-122.14016513120102	213.5693602953091	0.0	0.8122520287855195	0.0
277.000000	1787825000187108352	47.6414679228248	-122.14016513120102	213.65020002869463	2.868103990324192e-07	0.8045166297903018	2.5092658496683317e-08
277.100000	1787825000289108224	47.6414679229016	-122.14016513119104	213.7302584145611	0.000246943753559726	0.7966250784055783	2.1604778965015563e-05
277.200000	1787825000388108288	47.641467923406545	-122.1401651311255	213.80951983766957	0.0009524973351592846	0.7885773746313446	8.33327188650899e-05
277.300000	1787825000487108352	47.64146792475235	-122.14016513095079	213.88796868278112	0.002116947555196672	0.7803735184676078	0.0001852089123586291
277.400000	1787825000589108224	47.64146792735167	-122.14016513061334	213.96558933465687	0.003740294413673592	0.7720135099143564	0.000327233359445782
277.500000	1787825000688108288	47.641467931617214	-122.14016513005944	214.04236617805782	0.00582253791058852	0.7634973489716034	0.0005094060601264157
277.600000	1787825000787108096	47.64146793796162	-122.14016512923561	214.118283597745	0.008363678045940954	0.7548250356393448	0.0007317270144004856
277.700000	1787825000889108224	47.64146794679758	-122.14016512808824	214.19332597847946	0.011363714819733941	0.7459965699175732	0.0009941962222682588
277.800000	1787825000988108032	47.64146795853779	-122.14016512656372	214.2674777050223	0.014822648231963083	0.7370119518062993	0.0012968136837293504
277.900000	1787825001087108096	47.64146797359492	-122.14016512460849	214.34072316213454	0.018740478282633446	0.7278711813055121	0.0016395793987842035
278.000000	1787825001189108224	47.64146799238169	-122.14016512216911	214.41304673457725	0.023117204971740978	0.7185742584152217	0.002022493367432464
278.100000	1787825001288108032	47.64146801531076	-122.14016511919182	214.4844328071114	0.027952828299285193	0.7091211831354258	0.0024455555896740885
278.200000	1787825001387108096	47.64146804279477	-122.140165115623	214.55486576449812	0.03324734826527162	0.6995119554661166	0.0029087660655095614
278.300000	1787825001489108224	47.641468075246465	-122.1401651114092	214.6243299914984	0.03900076486969254	0.6897465754073075	0.0034121247949382076
278.400000	1787825001588108288	47.6414681130785	-122.14016510649675	214.6928098728734	0.04521307811255635	0.6798250429589826	0.003955631777960762
278.500000	1787825001687108352	47.64146815670354	-122.14016510083206	214.76028979338398	0.05188428799385649	0.6697473581211547	0.004539287014576648
278.600000	1787825001789108224	47.64146820653427	-122.14016509436159	214.8267541377913	0.05901439451359248	0.6595135208938239	0.005163090504785827
278.700000	1787825001888108288	47.641468262983395	-122.14016508703168	214.89218729085644	0.06660339767177235	0.649123531276979	0.005827042248589001
278.800000	1787825001987108352	47.64146832646357	-122.14016507878885	214.95657363734043	0.07465129746838504	0.6385773892706328	0.006531142245985201
278.900000	1787825002089108224	47.64146839738752	-122.1401650695794	215.01989756200427	0.08315809390344224	0.6278750948747723	0.007275390496975451
279.000000	1787825002188108288	47.64146847616788	-122.14016505934966	215.08214344960913	0.09212378697693492	0.6170166480894068	0.008059787001558958
279.100000	1787825002287108096	47.641468563217366	-122.14016504804636	215.14329568491587	0.10154837668886257	0.6060020489145411	0.008884331759735681
279.200000	1787825002389108224	47.64146865894863	-122.14016503561555	215.2033386526858	0.11143186303923572	0.5948312973501584	0.00974902477150654
279.300000	1787825002488108032	47.641468763774384	-122.14016502200394	215.26225673767968	0.12177424602804003	0.583504393396275	0.01065386603687028
279.400000	1787825002587108096	47.64146887810727	-122.1401650071579	215.32003432465874	0.13257552565529052	0.5720213370528789	0.011598855555828218
279.500000	1787825002689108224	47.64146900236002	-122.14016499102371	215.3766557983839	0.14383570192097567	0.5603821283199782	0.012583993328379338
279.600000	1787825002788108032	47.64146913694527	-122.14016497354787	215.4321055436164	0.1555547748250949	0.5485867671975752	0.0136092793545236
279.700000	1787825002887108096	47.6414692822757	-122.14016495467672	215.48636794511722	0.1677327443676614	0.5366352536856569	0.01467471363426215
279.800000	1787825002989108224	47.64146943876401	-122.1401649343567	215.53942738764724	0.18036961054865727	0.5245275877842362	0.015780296167593428
279.900000	1787825003088108288	47.64146960682289	-122.14016491253432	215.59126825596775	0.19346537336810096	0.5122637694933024	0.016926026954519044
280.000000	1787825003187108352	47.64146978686501	-122.14016488915594	215.64187493483965	0.20702003282597853	0.49984379881286645	0.018111905995037775
280.100000	1787825003289108224	47.64146997930307	-122.14016486416787	215.69123721092086	0.22103358892228941	0.48742773194217226	0.01933793328914958
280.200000	1787825003388108288	47.64147018454972	-122.1401648375167	215.73936568793445	0.2355060416570491	0.4751678174609757	0.02060410883685581
280.300000	1787825003487108352	47.641470403017664	-122.1401648091487	215.78627598111942	0.2504373910302366	0.46306405536929457	0.021910432638154627
280.400000	1787825003589108224	47.64147063511956	-122.14016477901028	215.83198370571458	0.2658276370418736	0.4511164456671136	0.02325690469304793
280.500000	1787825003688108288	47.64147088126812	-122.14016474704796	215.87650447695893	0.28167677969194355	0.4393249883544436	0.024643525001534276
280.600000	1787825003787108096	47.641471141876025	-122.1401647132081	215.91985391009163	0.29798481898044604	0.42768968343128433	0.026070293563613615
280.700000	1787825003889108224	47.64147141735593	-122.1401646774371	215.9620476203515	0.31475175490739904	0.41621053089762555	0.02753721037928753
280.800000	1787825003988108032	47.64147170812054	-122.14016463968137	216.00310122297748	0.331977587472778	0.4048875307534817	0.029044275448553876
280.900000	1787825004087108096	47.64147201458254	-122.14016459988737	216.04303033320843	0.3496623166766084	0.3937206829988363	0.030591488771414876
281.000000	1787825004189108224	47.641472337154575	-122.14016455800144	216.0818505662834	0.3678059425188708	0.3827099876337038	0.032178850347868826
281.100000	1787825004288108032	47.64147267624935	-122.14016451396998	216.11957753744142	0.38640846499956477	0.3718554446580795	0.033806360177915704
281.200000	1787825004387108096	47.641473032279556	-122.14016446773944	216.1562268619213	0.40546988411871104	0.36115705407195636	0.03547401826155731
281.300000	1787825004489108224	47.64147340565787	-122.14016441925634	216.19181415496197	0.42499019987628167	0.3506148158753497	0.03718182459879119
281.400000	1787825004588108288	47.64147379679699	-122.14016436846703	216.22635503180257	0.4449694122723054	0.34022873006824206	0.03892977918961988
281.500000	1787825004687108352	47.641474206109564	-122.14016431531782	216.25986510768195	0.46540752130676005	0.32999879665064485	0.040717882034041426
281.600000	1787825004789108224	47.64147463400829	-122.14016425975524	216.29235999783907	0.48630452697964577	0.3199250156225578	0.04254613313205586
281.700000	1787825004888108288	47.64147508090581	-122.14016420172565	216.32385531751277	0.5076604292909853	0.3100073869839724	0.04441453248366514
281.800000	1787825004987108352	47.64147554721487	-122.1401641411755	216.35436668194208	0.5294752282407476	0.3002459107349008	0.04632308008886657
281.900000	1787825005089108224	47.64147603334809	-122.14016407805114	216.38390970636604	0.5517489238289646	0.2906405868753287	0.048271775947662944
282.000000	1787825005188108288	47.641476539718205	-122.14016401229908	216.4125000060234	0.5744815160556117	0.2811914154052667	0.05026062006005212
282.100000	1787825005287108096	47.64147706673786	-122.14016394386563	216.44015319615323	0.5976730049206891	0.27189839632471696	0.05228961242603408
282.200000	1787825005389108224	47.64147761481977	-122.14016387269717	216.46688489199457	0.6213233904242217	0.2627615296336694	0.05435875304561104
282.300000	1787825005488108032	47.6414781843766	-122.14016379874035	216.49271070878623	0.6454326725661758	0.2537808153321327	0.05646804191878003
282.400000	1787825005587108096	47.641478775821014	-122.1401637219413	216.51764626176725	0.6700008513465857	0.2449562534200984	0.058617479045544055
282.500000	1787825005689108224	47.641479389565724	-122.1401636422466	216.5417071661765	0.6950279267654254	0.23628784389757398	0.06080706442590085
282.600000	1787825005788108032	47.64148002602339	-122.14016355960256	216.56490903725296	0.7205138988226942	0.22777558676456147	0.06303679805985034
282.700000	1787825005887108096	47.641480685606695	-122.1401634739558	216.58726749023558	0.7464587675184204	0.21941948202104944	0.06530667994739502
282.800000	1787825005989108224	47.641481368728336	-122.14016338525246	216.60879814036338	0.772862532852566	0.21121952966705002	0.06761671008853153
282.900000	1787825006088108288	47.64148207580099	-122.14016329343912	216.6295166028752	0.7997251948251691	0.20317572970255351	0.06996688848326324
283.000000	1787825006187108352	47.64148280723733	-122.1401631984622	216.64943849301008	0.8270467534362013	0.19528808212756438	0.07235721513158765
283.100000	1787825006289108224	47.641483563450045	-122.14016310026805	216.66857942600683	0.8548272086856616	0.18755658694208682	0.07478769003350468
283.200000	1787825006388108288	47.6414843448518	-122.14016299880316	216.68695501710468	0.8830665605735812	0.1799812441461126	0.07725831318901703
283.300000	1787825006487108352	47.64148515185529	-122.14016289401384	216.7045808815424	0.9117648090999184	0.17256205373964814	0.07976908459812108
283.400000	1787825006589108224	47.64148598487319	-122.14016278584653	216.72147263455895	0.9409219542647149	0.16529901572268949	0.08232000426082049
283.500000	1787825006688108288	47.64148684431818	-122.14016267424763	216.73764589139324	0.9705379960679394	0.15819213009523783	0.0849110721771125
283.600000	1787825006787108096	47.64148773060298	-122.14016255916351	216.75311626728427	1.0006129345095913	0.15124139685729526	0.08754228834699707
283.700000	1787825006889108224	47.641488644140225	-122.14016244054078	216.767899377471	1.0311467695897043	0.14444681600885884	0.0902136527704771
283.800000	1787825006988108032	47.641489585342626	-122.14016231832568	216.78201083719227	1.0621395013082329	0.13780838754993163	0.0929251654475487
283.900000	1787825007087108096	47.64149055462283	-122.14016219246471	216.79546626168712	1.0935911296652228	0.13132611148050624	0.09567682637821578
284.000000	1787825007189108224	47.64149155239353	-122.14016206290424	216.80828126619454	1.1255016546606398	0.12499998780059211	0.09846863556247541
284.100000	1787825007288108032	47.64149257906743	-122.14016192959065	216.82047146595357	1.1578710762944833	0.1188300165101868	0.10130059300032752
284.200000	1787825007387108096	47.64149363505721	-122.14016179247038	216.83205247620296	1.1906993945667899	0.11281619760928593	0.1041726986917753
284.300000	1787825007489108224	47.64149472077552	-122.14016165148982	216.8430399121817	1.2239866094775107	0.10695853109789596	0.10708495263681446
284.400000	1787825007588108288	47.64149583663509	-122.14016150659553	216.85344938912877	1.2577327210266942	0.10125701697600611	0.11003735483544928
284.500000	1787825007687108352	47.64149698304856	-122.14016135773386	216.863296522283	1.2919377292143053	0.09571165524362953	0.11302990528767665
284.600000	1787825007789108224	47.641498160428625	-122.14016120485117	216.87259692688355	1.3266016340403417	0.09032244590076145	0.11606260399349641
284.700000	1787825007888108288	47.64149936918796	-122.14016104789384	216.88136621816932	1.3617244355048417	0.08508938894739385	0.11913545095291189
284.800000	1787825007987108352	47.641500609739246	-122.14016088680827	216.88962001137926	1.3973061336077544	0.08001248438354112	0.12224844616591862
284.900000	1787825008089108224	47.64150188249519	-122.14016072154092	216.8973739217523	1.433346728349132	0.07509173220918909	0.12540158963252118
285.000000	1787825008188108288	47.64150318786844	-122.14016055203822	216.9046435645273	1.469846219728935	0.07032713242434777	0.12859488135271616
285.100000	1787825008287108096	47.64150452612896	-122.14016037826515	216.91144455494336	1.5063342386927616	0.06571868502901693	0.13178716936656992
285.200000	1787825008389108224	47.64150589699646	-122.14016020025807	216.91779250823936	1.5423633610181766	0.06126639002318713	0.1349393091268325
285.300000	1787825008488108032	47.64150730005825	-122.14016001807057	216.92370303965424	1.5779335867051265	0.05697024740686938	0.1380513006334992
285.400000	1787825008587108096	47.64150873490172	-122.14015983175612	216.92919176442695	1.6130449157536637	0.052830257180055164	0.1411231438865747
285.500000	1787825008689108224	47.64151020111416	-122.14015964136843	216.93427429779646	1.6476973481637498	0.04884641934274909	0.14415483888605554
285.600000	1787825008788108032	47.64151169828288	-122.14015944696101	216.9389662550017	1.6818908839353848	0.04501873389495323	0.14714638563194177
285.700000	1787825008887108096	47.64151322599519	-122.14015924858755	216.94328325128166	1.715625523068606	0.04134720083666125	0.15009778412423663
285.800000	1787825008989108224	47.641514783838396	-122.14015904630168	216.9472409018752	1.7489012655633647	0.037831820167880746	0.15300903436293586
285.900000	1787825009088108288	47.64151637139985	-122.1401588401568	216.95085482202145	1.7817181114197083	0.03447259188860207	0.15588013634804362
286.000000	1787825009187108352	47.64151798826686	-122.1401586302066	216.95414062695917	1.8140760606376019	0.031269515998833514	0.15871109007955686
286.100000	1787825009289108224	47.641519634026736	-122.14015841650468	216.9571139319274	1.845975113217045	0.028222592498574908	0.1615018955574755
286.200000	1787825009388108288	47.64152130826681	-122.14015819910468	216.95979035216513	1.8774152691580728	0.02533182138782074	0.16425255278180265
286.300000	1787825009487108352	47.641523010574396	-122.14015797806	216.96218550291135	1.9083965284606392	0.022597202666575212	0.1669630617525343
286.400000	1787825009589108224	47.64152474053681	-122.14015775342436	216.9643149994048	1.9389188911247899	0.02001873633483435	0.1696334224696744
286.500000	1787825009688108288	47.64152649774135	-122.1401575252513	216.96619445688452	1.9689823571504905	0.017596422392603322	0.17226363493321997
286.600000	1787825009787108096	47.641528281775365	-122.1401572935944	216.9678394905895	1.998586926537742	0.015330260839879688	0.1748536991431711
286.700000	1787825009889108224	47.64153009222615	-122.1401570585074	216.96926571575867	2.0277325992865762	0.01322025167666106	0.17740361509953056
286.800000	1787825009988108032	47.64153192868104	-122.14015682004357	216.97048874763098	2.0564193753969513	0.011266394902950507	0.17991338280229466
286.900000	1787825010087108096	47.64153379072731	-122.14015657825676	216.97152420144548	2.0846472548689086	0.009468690518747458	0.18238300225146703
287.000000	1787825010189108224	47.641535677952355	-122.1401563332004	216.97238769244095	2.112416237702416	0.00782713852405396	0.184812473447045
287.100000	1787825010288108032	47.641537589943454	-122.14015608492834	216.97309483585647	2.1397263238974764	0.0063417389188653	0.18720179638902856
287.200000	1787825010387108096	47.64153952628792	-122.14015583349388	216.97366124693093	2.166577513454117	0.0050124917031844855	0.18955097107742033
287.300000	1787825010489108224	47.64154148657308	-122.14015557895074	216.97410254090332	2.1929698063723007	0.003839396877011177	0.1918599975122169
287.400000	1787825010588108288	47.641543470386246	-122.1401553213525	216.97443433301257	2.218903202652064	0.0028224544403436694	0.1941288756934216
287.500000	1787825010687108352	47.641545477314715	-122.14015506075265	216.97467223849767	2.2443777022933795	0.0019616643931854296	0.19635760562103194
287.600000	1787825010789108224	47.64154750694586	-122.14015479720494	216.97483187259758	2.2693933052962483	0.0012570267355340135	0.19854618729504797
287.700000	1787825010888108288	47.64154955886697	-122.1401545307628	216.9749288505511	2.293950011660696	0.0007085414673887398	0.20069462071547206
287.800000	1787825010987108352	47.641551632665376	-122.14015426147995	216.97497878759722	2.3180478213866875	0.0003162085887526768	0.20280290588230107
287.900000	1787825011089108224	47.64155372792836	-122.14015398940982	216.97499729897498	2.3416867344742585	8.002809962298322e-05	0.2048710427955381
288.000000	1787825011188108288	47.64155584424326	-122.14015371460621	216.97499999992334	2.364866750923389	0.0	0.20689903145518146
288.100000	1787825011287108096	47.64155798119741	-122.14015343712246	216.97499999992334	2.3875878707340767	0.0	0.20888687186123095
288.200000	1787825011389108224	47.641560138378125	-122.14015315701228	216.97499999992334	2.4098500939063427	0.0	0.21083456401368836
288.300000	1787825011488108032	47.6415623153727	-122.14015287432932	216.97499999992334	2.431653420440154	0.0	0.21274210791255085
288.400000	1787825011587108096	47.64156451176849	-122.14015258912703	216.97499999992334	2.4529978503355423	0.0	0.21460950355782113
288.500000	1787825011689108224	47.64156672715279	-122.14015230145911	216.97499999992334	2.4738833835924847	0.0	0.2164367509494973
288.600000	1787825011788108032	47.641568961112924	-122.14015201137912	216.97499999992334	2.4943100202109814	0.0	0.21822385008757922
288.700000	1787825011887108096	47.64157121323621	-122.14015171894067	216.97499999992334	2.5142777601910535	0.0	0.21997080097206892
288.800000	1787825011989108224	47.64157348310996	-122.1401514241973	216.97499999992334	2.5337866035326733	0.0	0.22167760360296385
288.900000	1787825012088108288	47.64157577032148	-122.14015112720249	216.97499999992334	2.552836550235869	0.0	0.22334425798026647
289.000000	1787825012187108352	47.64157807445812	-122.14015082800998	216.97499999992334	2.5714276003006185	0.0	0.224970764103975
289.100000	1787825012289108224	47.64158039510716	-122.14015052667337	216.97499999992334	2.5895597537269235	0.0	0.22655712197408942
289.200000	1787825012388108288	47.64158273185595	-122.14015022324615	216.97499999992334	2.6072330105148023	0.0	0.2281033315906114
289.300000	1787825012487108352	47.641585084291805	-122.140149917782	216.97499999992334	2.624447370664231	0.0	0.22960939295353883
289.400000	1787825012589108224	47.64158745200204	-122.14014961033433	216.97499999992334	2.6412028341752327	0.0	0.23107530606287377
289.500000	1787825012688108288	47.641589834573985	-122.14014930095695	216.97499999992334	2.65749940104779	0.0	0.23250107091861463
289.600000	1787825012787108096	47.64159223159493	-122.14014898970339	216.97499999992334	2.673337071281903	0.0	0.23388668752076153
289.700000	1787825012889108224	47.64159464265219	-122.14014867662715	216.97499999992334	2.688715844877589	0.0	0.23523215586931587
289.800000	1787825012988108032	47.641597067333116	-122.1401483617819	216.97499999992334	2.703635721834826	0.0	0.2365374759642757
289.900000	1787825013087108096	47.641599505225024	-122.14014804522107	216.97499999992334	2.718096702153634	0.0	0.23780264780564295
290.000000	1787825013189108224	47.641601955915206	-122.14014772699838	216.97499999992334	2.7320987858339993	0.0	0.2390276713934162
290.100000	1787825013288108032	47.64160441899101	-122.14014740716755	216.97499999992334	2.7456419728759207	0.0	0.24021254672759557
290.200000	1787825013387108096	47.64160689403972	-122.14014708578193	216.97499999992334	2.758726263279413	0.0	0.2413572738081822
290.300000	1787825013489108224	47.64160938064868	-122.14014676289516	216.97499999992334	2.7713516570444576	0.0	0.24246185263517447
290.400000	1787825013588108288	47.64161187840521	-122.14014643856086	216.97499999992334	2.783518154171074	0.0	0.24352628320857414
290.500000	1787825013687108352	47.64161438689661	-122.1401461128326	216.97499999992334	2.7952257546592465	0.0	0.2445505655283798
290.600000	1787825013789108224	47.64161690571023	-122.14014578576405	216.97499999992334	2.8064744585089767	0.0	0.24553469959459162
290.700000	1787825013888108288	47.64161943443336	-122.14014545740872	216.97499999992334	2.817264265720276	0.0	0.24647868540721055
290.800000	1787825013987108352	47.64162197265334	-122.1401451278202	216.97499999992334	2.827595176293129	0.0	0.2473825229662353
290.900000	1787825014089108224	47.64162451995747	-122.14014479705214	216.97499999992334	2.8374671902275517	0.0	0.24824621227166724
291.000000	1787825014188108288	47.64162707593306	-122.140144465158	216.97499999992334	2.846880307523531	0.0	0.24906975332350528
291.100000	1787825014287108096	47.64162964016744	-122.14014413219145	216.97499999992334	2.85583452818107	0.0	0.24985314612174955
291.200000	1787825014389108224	47.64163221224791	-122.1401437982061	216.97499999992334	2.8643298522001763	0.0	0.2505963906664008
291.300000	1787825014488108032	47.64163479176184	-122.14014346325541	216.97499999992334	2.8723662795808376	0.0	0.251299486957458
291.400000	1787825014587108096	47.64163737829649	-122.14014312739309	216.97499999992334	2.879943810323067	0.0	0.2519624349949223
291.500000	1787825014689108224	47.641639971439204	-122.14014279067266	216.97499999992334	2.8870624444268547	0.0	0.2525852347787927
291.600000	1787825014788108032	47.6416425707773	-122.14014245314779	216.97499999992334	2.893722181892201	0.0	0.25316788630906945
291.700000	1787825014887108096	47.641645175898105	-122.14014211487198	216.97499999992334	2.899923022719114	0.0	0.253710389585753
291.800000	1787825014989108224	47.64164778638893	-122.14014177589884	216.97499999992334	2.905664966907584	0.0	0.2542127446088427
291.900000	1787825015088108288	47.64165040183709	-122.14014143628204	216.97499999992334	2.91094801445762	0.0	0.2546749513783392
292.000000	1787825015187108352	47.64165302182992	-122.14014109607507	216.97499999992334	2.9157721653692152	0.0	0.2550970098942421
292.100000	1787825015289108224	47.64165564595471	-122.14014075533146	216.97499999992334	2.9201374196423706	0.0	0.25547892015655127
292.200000	1787825015388108288	47.64165827379879	-122.14014041410495	216.97499999992334	2.924043777277089	0.0	0.2558206821652671
292.300000	1787825015487108352	47.64166090494948	-122.1401400724491	216.97499999992334	2.927491238273367	0.0	0.2561222959203892
292.400000	1787825015589108224	47.64166353899412	-122.14013973041739	216.97499999992334	2.930479802631209	0.0	0.25638376142191804
292.500000	1787825015688108288	47.64166617552001	-122.14013938806352	216.97499999992334	2.933009470350611	0.0	0.2566050786698532
292.600000	1787825015787108096	47.64166881411446	-122.14013904544102	216.97499999992334	2.935080241431573	0.0	0.25678624766419467
292.700000	1787825015889108224	47.641671454364776	-122.14013870260354	216.97499999992334	2.9366921158740977	0.0	0.25692726840494273
292.800000	1787825015988108032	47.64167409585829	-122.14013835960452	216.97499999992334	2.9378450936781846	0.0	0.25702814089209736
292.900000	1787825016087108096	47.64167673818235	-122.14013801649763	216.97499999992334	2.9385391748438323	0.0	0.25708886512565843
293.000000	1787825016189108224	47.64167938092422	-122.1401376733366	216.97499999992334	2.9387743593710414	0.0	0.2571094411056259
293.100000	1787825016288108032	47.64168202373743	-122.14013733016645	216.97499999992334	2.9387743593710525	0.0	0.2571094411056269
293.200000	1787825016387108096	47.641684666550645	-122.14013698699631	216.97499999992334	2.938774359371064	0.0	0.2571094411056279
293.300000	1787825016489108224	47.64168730936386	-122.14013664382617	216.97499999992334	2.938774359371075	0.0	0.25710944110562883
293.400000	1787825016588108288	47.64168995217707	-122.14013630065601	216.97499999992334	2.9387743593710867	0.0	0.25710944110562983
293.500000	1787825016687108352	47.64169259499028	-122.14013595748587	216.97499999992334	2.938774359371098	0.0	0.25710944110563083
293.600000	1787825016789108224	47.641695237803496	-122.14013561431572	216.97499999992334	2.9387743593711093	0.0	0.25710944110563183
293.700000	1787825016888108288	47.641697880616704	-122.14013527114558	216.97499999992334	2.938774359371121	0.0	0.25710944110563283
293.800000	1787825016987108352	47.64170052342992	-122.14013492797544	216.97499999992334	2.938774359371132	0.0	0.2571094411056338
293.900000	1787825017089108224	47.64170316624313	-122.14013458480528	216.97499999992334	2.938774359371143	0.0	0.2571094411056348
294.000000	1787825017188108288	47.64170580905635	-122.14013424163514	216.97499999992334	2.9387743593711546	0.0	0.2571094411056358
294.100000	1787825017287108096	47.641708451869555	-122.140133898465	216.97499999992334	2.9387743593711657	0.0	0.25710944110563677
294.200000	1787825017389108224	47.64171109468277	-122.14013355529485	216.97499999992334	2.9387743593711773	0.0	0.25710944110563777
294.300000	1787825017488108032	47.641713737495984	-122.14013321212471	216.97499999992334	2.9387743593711884	0.0	0.25710944110563877
294.400000	1787825017587108096	47.6417163803092	-122.14013286895455	216.97499999992334	2.9387743593712	0.0	0.25710944110563977
294.500000	1787825017689108224	47.641719023122405	-122.14013252578441	216.97499999992334	2.938774359371211	0.0	0.2571094411056407
294.600000	1787825017788108032	47.64172166593562	-122.14013218261398	216.97499999992334	2.9387743593712226	0.0	0.2571094411056417
294.700000	1787825017887108096	47.641724308748834	-122.14013183944283	216.97499999992334	2.938774359371234	0.0	0.2571094411056427
294.800000	1787825017989108224	47.64172695156205	-122.14013149627166	216.97499999992334	2.938774359371245	0.0	0.2571094411056437
294.900000	1787825018088108288	47.641729594375256	-122.1401311531005	216.97499999992334	2.9387743593712563	0.0	0.2571094411056447
295.000000	1787825018187108352	47.64173223718847	-122.14013080992933	216.97499999992334	2.9387743593712674	0.0	0.25710944110564565
295.100000	1787825018289108224	47.641734880001685	-122.14013046675817	216.97499999992334	2.938774359371279	0.0	0.2571094411056467
295.200000	1787825018388108288	47.64173752281489	-122.14013012358701	216.97499999992334	2.9387743593712905	0.0	0.2571094411056477
295.300000	1787825018487108352	47.64174016562811	-122.14012978041585	216.97499999992334	2.9387743593713016	0.0	0.25710944110564865
295.400000	1787825018589108224	47.64174280844132	-122.14012943724468	216.97499999992334	2.938774359371313	0.0	0.25710944110564965
295.500000	1787825018688108288	47.641745451254536	-122.14012909407352	216.97499999992334	2.9387743593713243	0.0	0.25710944110565065
295.600000	1787825018787108096	47.641748094067744	-122.14012875090235	216.97499999992334	2.938774359371336	0.0	0.25710944110565165
295.700000	1787825018889108224	47.64175073688096	-122.14012840773118	216.97499999992334	2.9387743593713473	0.0	0.25710944110565265
295.800000	1787825018988108032	47.64175337969417	-122.14012806456003	216.97499999992334	2.9387743593713584	0.0	0.2571094411056536
295.900000	1787825019087108096	47.64175602250739	-122.14012772138886	216.97499999992334	2.9387743593713695	0.0	0.2571094411056546
296.000000	1787825019189108224	47.641758665320594	-122.1401273782177	216.97499999992334	2.938774359371374	0.0	0.257109441105655
296.100000	1787825019288108032	47.64176130813381	-122.14012703504653	216.97499999992334	2.938774359371374	0.0	0.257109441105655
296.200000	1787825019387108096	47.64176395094702	-122.14012669187537	216.97499999992334	2.938774359371374	0.0	0.257109441105655
296.300000	1787825019489108224	47.64176659376023	-122.14012634870421	216.97499999992334	2.938774359371374	0.0	0.257109441105655
296.400000	1787825019588108288	47.641769236573445	-122.14012600553305	216.97499999992334	2.938774359371374	0.0	0.257109441105655
296.500000	1787825019687108352	47.64177187938666	-122.14012566236188	216.97499999992334	2.938774359371374	0.0	0.257109441105655
296.600000	1787825019789108224	47.641774522199874	-122.14012531919072	216.97499999992334	2.938774359371374	0.0	0.257109441105655
296.700000	1787825019888108288	47.64177716501308	-122.14012497601955	216.97499999992334	2.938774359371374	0.0	0.257109441105655
296.800000	1787825019987108352	47.641779807826296	-122.1401246328484	216.97499999992334	2.938774359371374	0.0	0.257109441105655
296.900000	1787825020089108224	47.64178245063951	-122.14012428967723	216.97499999992334	2.938774359371374	0.0	0.257109441105655
297.000000	1787825020188108288	47.641785093452725	-122.14012394650607	216.97499999992334	2.938774359371374	0.0	0.257109441105655
297.100000	1787825020287108096	47.64178773626593	-122.1401236033349	216.97499999992334	2.938774359371374	0.0	0.257109441105655
297.200000	1787825020389108224	47.64179037907915	-122.14012326016373	216.97499999992334	2.938774359371374	0.0	0.257109441105655
297.300000	1787825020488108032	47.64179302189236	-122.14012291699258	216.97499999992334	2.938774359371374	0.0	0.257109441105655
297.400000	1787825020587108096	47.641795664705576	-122.14012257382142	216.97499999992334	2.938774359371374	0.0	0.257109441105655
297.500000	1787825020689108224	47.64179830751878	-122.14012223065025	216.97499999992334	2.938774359371374	0.0	0.257109441105655
297.600000	1787825020788108032	47.641800950332	-122.14012188747908	216.97499999992334	2.938774359371374	0.0	0.257109441105655
297.700000	1787825020887108096	47.64180359314521	-122.14012154430792	216.97499999992334	2.938774359371374	0.0	0.257109441105655
297.800000	1787825020989108224	47.64180623595842	-122.14012120113675	216.97499999992334	2.938774359371374	0.0	0.257109441105655
297.900000	1787825021088108288	47.641808878771634	-122.1401208579656	216.97499999992334	2.938774359371374	0.0	0.257109441105655
298.000000	1787825021187108352	47.64181152158485	-122.14012051479443	216.97499999992334	2.938774359371374	0.0	0.257109441105655
298.100000	1787825021289108224	47.64181416439806	-122.14012017162327	216.97499999992334	2.938774359371374	0.0	0.257109441105655
298.200000	1787825021388108288	47.64181680721127	-122.1401198284521	216.97499999992334	2.938774359371374	0.0	0.257109441105655
298.300000	1787825021487108352	47.641819450024485	-122.14011948528093	216.97499999992334	2.938774359371374	0.0	0.257109441105655
298.400000	1787825021589108224	47.6418220928377	-122.14011914210978	216.97499999992334	2.938774359371374	0.0	0.257109441105655
298.500000	1787825021688108288	47.641824735650914	-122.14011879893862	216.97499999992334	2.938774359371374	0.0	0.257109441105655
298.600000	1787825021787108096	47.64182737846412	-122.14011845576745	216.97499999992334	2.938774359371374	0.0	0.257109441105655
298.700000	1787825021889108224	47.641830021277336	-122.14011811259628	216.97499999992334	2.938774359371374	0.0	0.257109441105655
298.800000	1787825021988108032	47.64183266409055	-122.14011776942512	216.97499999992334	2.938774359371374	0.0	0.257109441105655
298.900000	1787825022087108096	47.64183530690376	-122.14011742625397	216.97499999992334	2.938774359371374	0.0	0.257109441105655
299.000000	1787825022189108224	47.64183794971697	-122.1401170830828	216.97499999992334	2.938774359371374	0.0	0.257109441105655
299.100000	1787825022288108032	47.64184059253019	-122.14011673991163	216.97499999992334	2.938774359371374	0.0	0.257109441105655
299.200000	1787825022387108096	47.6418432353434	-122.14011639674047	216.97499999992334	2.938774359371374	0.0	0.257109441105655
299.300000	1787825022489108224	47.64184587815661	-122.1401160535693	216.97499999992334	2.938774359371374	0.0	0.257109441105655
299.400000	1787825022588108288	47.64184852096982	-122.14011571039813	216.97499999992334	2.938774359371374	0.0	0.257109441105655
299.500000	1787825022687108352	47.64185116378304	-122.14011536722698	216.97499999992334	2.938774359371374	0.0	0.257109441105655
299.600000	1787825022789108224	47.64185380659625	-122.14011502405582	216.97499999992334	2.938774359371374	0.0	0.257109441105655
299.700000	1787825022888108288	47.64185644940946	-122.14011468088465	216.97499999992334	2.938774359371374	0.0	0.257109441105655
299.800000	1787825022987108352	47.641859092222674	-122.14011433771348	216.97499999992334	2.938774359371374	0.0	0.257109441105655
299.900000	1787825023089108224	47.64186173503589	-122.14011399454232	216.97499999992334	2.938774359371374	0.0	0.257109441105655
300.000000	1787825023188108288	47.6418643778491	-122.14011365137117	216.97499999992334	2.938774359371374	0.0	0.257109441105655
300.100000	1787825023287108096	47.64186702066231	-122.1401133082	216.97499999992334	2.938774359371374	0.0	0.257109441105655
300.200000	1787825023389108224	47.641869663475525	-122.14011296502883	216.97499999992334	2.938774359371374	0.0	0.257109441105655
300.300000	1787825023488108032	47.64187230628874	-122.14011262185767	216.97499999992334	2.938774359371374	0.0	0.257109441105655
300.400000	1787825023587108096	47.64187494910195	-122.1401122786865	216.97499999992334	2.938774359371374	0.0	0.257109441105655
300.500000	1787825023689108224	47.64187759191516	-122.14011193551468	216.97499999992334	2.938774359371374	0.0	0.257109441105655
300.600000	1787825023788108032	47.641880234728376	-122.1401115923425	216.97499999992334	2.938774359371374	0.0	0.257109441105655
300.700000	1787825023887108096	47.64188287754159	-122.14011124917032	216.97499999992334	2.938774359371374	0.0	0.257109441105655
300.800000	1787825023989108224	47.6418855203548	-122.14011090599814	216.97499999992334	2.938774359371374	0.0	0.257109441105655
300.900000	1787825024088108288	47.64188816316801	-122.14011056282595	216.97499999992334	2.938774359371374	0.0	0.257109441105655
301.000000	1787825024187108352	47.64189080598123	-122.14011021965378	216.97499999992334	2.938774359371374	0.0	0.257109441105655
301.100000	1787825024289108224	47.64189344879444	-122.14010987648159	216.97499999992334	2.938774359371374	0.0	0.257109441105655
301.200000	1787825024388108288	47.64189609160765	-122.14010953330941	216.97499999992334	2.938774359371374	0.0	0.257109441105655
301.300000	1787825024487108352	47.64189873442086	-122.14010919013724	216.97499999992334	2.938774359371374	0.0	0.257109441105655
301.400000	1787825024589108224	47.64190137723408	-122.14010884696505	216.97499999992334	2.938774359371374	0.0	0.257109441105655
301.500000	1787825024688108288	47.641904020047285	-122.14010850379287	216.97499999992334	2.938774359371374	0.0	0.257109441105655
301.600000	1787825024787108096	47.6419066628605	-122.14010816062068	216.97499999992334	2.938774359371374	0.0	0.257109441105655
301.700000	1787825024889108224	47.641909305673714	-122.14010781744851	216.97499999992334	2.938774359371374	0.0	0.257109441105655
301.800000	1787825024988108032	47.64191194848693	-122.14010747427632	216.97499999992334	2.938774359371374	0.0	0.257109441105655
301.900000	1787825025087108096	47.641914591300136	-122.14010713110414	216.97499999992334	2.938774359371374	0.0	0.257109441105655
302.000000	1787825025189108224	47.64191723411335	-122.14010678793197	216.97499999992334	2.938774359371374	0.0	0.257109441105655
302.100000	1787825025288108032	47.641919876926565	-122.14010644475978	216.97499999992334	2.938774359371374	0.0	0.257109441105655
302.200000	1787825025387108096	47.64192251973978	-122.1401061015876	216.97499999992334	2.938774359371374	0.0	0.257109441105655
302.300000	1787825025489108224	47.64192516255299	-122.14010575841542	216.97499999992334	2.938774359371374	0.0	0.257109441105655
302.400000	1787825025588108288	47.6419278053662	-122.14010541524324	216.97499999992334	2.938774359371374	0.0	0.257109441105655
302.500000	1787825025687108352	47.641930448179416	-122.14010507207105	216.97499999992334	2.938774359371374	0.0	0.257109441105655
302.600000	1787825025789108224	47.64193309099263	-122.14010472889888	216.97499999992334	2.938774359371374	0.0	0.257109441105655
302.700000	1787825025888108288	47.64193573380584	-122.1401043857267	216.97499999992334	2.938774359371374	0.0	0.257109441105655
302.800000	1787825025987108352	47.64193837661905	-122.14010404255451	216.97499999992334	2.938774359371374	0.0	0.257109441105655
302.900000	1787825026089108224	47.64194101943227	-122.14010369938234	216.97499999992334	2.938774359371374	0.0	0.257109441105655
303.000000	1787825026188108288	47.641943662245474	-122.14010335621015	216.97499999992334	2.938774359371374	0.0	0.257109441105655
303.100000	1787825026287108096	47.64194630505869	-122.14010301303797	216.97499999992334	2.938774359371374	0.0	0.257109441105655
303.200000	1787825026389108224	47.6419489478719	-122.14010266986578	216.97499999992334	2.938774359371374	0.0	0.257109441105655
303.300000	1787825026488108032	47.64195159068512	-122.14010232669361	216.97499999992334	2.938774359371374	0.0	0.257109441105655
303.400000	1787825026587108096	47.641954233498325	-122.14010198352143	216.97499999992334	2.938774359371374	0.0	0.257109441105655
303.500000	1787825026689108224	47.64195687631154	-122.14010164034924	216.97499999992334	2.938774359371374	0.0	0.257109441105655
303.600000	1787825026788108032	47.641959519124754	-122.14010129717707	216.97499999992334	2.938774359371374	0.0	0.257109441105655
303.700000	1787825026887108096	47.64196216193797	-122.14010095400488	216.97499999992334	2.938774359371374	0.0	0.257109441105655
303.800000	1787825026989108224	47.641964804751176	-122.1401006108327	216.97499999992334	2.938774359371374	0.0	0.257109441105655
303.900000	1787825027088108288	47.64196744756439	-122.14010026766051	216.97499999992334	2.938774359371374	0.0	0.257109441105655
304.000000	1787825027187108352	47.641970090377605	-122.14009992448834	216.97499999992334	2.938774359371374	0.0	0.257109441105655
304.100000	1787825027289108224	47.64197273319081	-122.14009958131615	216.97499999992334	2.938774359371374	0.0	0.257109441105655
304.200000	1787825027388108288	47.64197537600403	-122.14009923814397	216.97499999992334	2.938774359371374	0.0	0.257109441105655
304.300000	1787825027487108352	47.64197801881724	-122.1400988949718	216.97499999992334	2.938774359371374	0.0	0.257109441105655
304.400000	1787825027589108224	47.641980661630456	-122.14009855179961	216.97499999992334	2.938774359371374	0.0	0.257109441105655
304.500000	1787825027688108288	47.64198330444366	-122.14009820862744	216.97499999992334	2.938774359371374	0.0	0.257109441105655
304.600000	1787825027787108096	47.64198594725688	-122.14009786545525	216.97499999992334	2.938774359371374	0.0	0.257109441105655
304.700000	1787825027889108224	47.64198859007009	-122.14009752228307	216.97499999992334	2.938774359371374	0.0	0.257109441105655
304.800000	1787825027988108032	47.641991232883306	-122.14009717911088	216.97499999992334	2.938774359371374	0.0	0.257109441105655
304.900000	1787825028087108096	47.641993875696514	-122.1400968359387	216.97499999992334	2.938774359371374	0.0	0.257109441105655
305.000000	1787825028189108224	47.64199651850973	-122.14009649276653	216.97499999992334	2.938774359371374	0.0	0.257109441105655
305.100000	1787825028288108032	47.64199916132294	-122.14009614959434	216.97499999992334	2.938774359371374	0.0	0.257109441105655
305.200000	1787825028387108096	47.64200180413616	-122.14009580642217	216.97499999992334	2.938774359371374	0.0	0.257109441105655
305.300000	1787825028489108224	47.642004446949365	-122.14009546324998	216.97499999992334	2.938774359371374	0.0	0.257109441105655
305.400000	1787825028588108288	47.64200708976258	-122.1400951200778	216.97499999992334	2.938774359371374	0.0	0.257109441105655
305.500000	1787825028687108352	47.642009732575794	-122.14009477690561	216.97499999992334	2.938774359371374	0.0	0.257109441105655
305.600000	1787825028789108224	47.642012375389	-122.14009443373344	216.97499999992334	2.938774359371374	0.0	0.257109441105655
305.700000	1787825028888108288	47.642015018202216	-122.14009409056126	216.97499999992334	2.938774359371374	0.0	0.257109441105655
305.800000	1787825028987108352	47.64201766101543	-122.14009374738907	216.97499999992334	2.938774359371374	0.0	0.257109441105655
305.900000	1787825029089108224	47.642020303828645	-122.1400934042169	216.97499999992334	2.938774359371374	0.0	0.257109441105655
306.000000	1787825029188108288	47.64202294664185	-122.14009306104471	216.97499999992334	2.938774359371374	0.0	0.257109441105655
306.100000	1787825029287108096	47.642025589455066	-122.14009271787253	216.97499999992334	2.938774359371374	0.0	0.257109441105655
306.200000	1787825029389108224	47.64202823226828	-122.14009237470034	216.97499999992334	2.938774359371374	0.0	0.257109441105655
306.300000	1787825029488108032	47.642030875081495	-122.14009203152814	216.97499999992334	2.938774359371374	0.0	0.257109441105655
306.400000	1787825029587108096	47.6420335178947	-122.14009168835494	216.97499999992334	2.938774359371374	0.0	0.257109441105655
306.500000	1787825029689108224	47.64203616070792	-122.14009134518174	216.97499999992334	2.938774359371374	0.0	0.257109441105655
306.600000	1787825029788108032	47.64203880352113	-122.14009100200855	216.97499999992334	2.938774359371374	0.0	0.257109441105655
306.700000	1787825029887108096	47.64204144633434	-122.14009065883535	216.97499999992334	2.938774359371374	0.0	0.257109441105655
306.800000	1787825029989108224	47.642044089147554	-122.14009031566215	216.97499999992334	2.938774359371374	0.0	0.257109441105655
306.900000	1787825030088108288	47.64204673196077	-122.14008997248895	216.97499999992334	2.938774359371374	0.0	0.257109441105655
307.000000	1787825030187108352	47.64204937477398	-122.14008962931575	216.97499999992334	2.938774359371374	0.0	0.257109441105655
307.100000	1787825030289108224	47.64205201758719	-122.14008928614255	216.97499999992334	2.938774359371374	0.0	0.257109441105655
307.200000	1787825030388108288	47.642054660400404	-122.14008894296936	216.97499999992334	2.938774359371374	0.0	0.257109441105655
307.300000	1787825030487108352	47.64205730321362	-122.14008859979616	216.97499999992334	2.938774359371374	0.0	0.257109441105655
307.400000	1787825030589108224	47.64205994602683	-122.14008825662296	216.97499999992334	2.938774359371374	0.0	0.257109441105655
307.500000	1787825030688108288	47.64206258884004	-122.14008791344976	216.97499999992334	2.938774359371374	0.0	0.257109441105655
307.600000	1787825030787108096	47.642065231653255	-122.14008757027656	216.97499999992334	2.938774359371374	0.0	0.257109441105655
307.700000	1787825030889108224	47.64206787446647	-122.14008722710336	216.97499999992334	2.938774359371374	0.0	0.257109441105655
307.800000	1787825030988108032	47.642070517279684	-122.14008688393015	216.97499999992334	2.938774359371374	0.0	0.257109441105655
307.900000	1787825031087108096	47.64207316009289	-122.14008654075695	216.97499999992334	2.938774359371374	0.0	0.257109441105655
308.000000	1787825031189108224	47.642075802906106	-122.14008619758376	216.97499999992334	2.938774359371374	0.0	0.257109441105655
308.100000	1787825031288108032	47.64207844571932	-122.14008585441056	216.97499999992334	2.938774359371374	0.0	0.257109441105655
308.200000	1787825031387108096	47.64208108853253	-122.14008551123736	216.97499999992334	2.938774359371374	0.0	0.257109441105655
308.300000	1787825031489108224	47.64208373134574	-122.14008516806416	216.97499999992334	2.938774359371374	0.0	0.257109441105655
308.400000	1787825031588108288	47.64208637415896	-122.14008482489096	216.97499999992334	2.938774359371374	0.0	0.257109441105655
308.500000	1787825031687108352	47.64208901697217	-122.14008448171776	216.97499999992334	2.938774359371374	0.0	0.257109441105655
308.600000	1787825031789108224	47.64209165978538	-122.14008413854457	216.97499999992334	2.938774359371374	0.0	0.257109441105655
308.700000	1787825031888108288	47.64209430259859	-122.14008379537137	216.97499999992334	2.938774359371374	0.0	0.257109441105655
308.800000	1787825031987108352	47.64209694541181	-122.14008345219817	216.97499999992334	2.93877435937136	0.0	0.2571094411056537
308.900000	1787825032089108224	47.64209958822502	-122.14008310902497	216.97499999992334	2.938774359371314	0.0	0.25710944110564976
309.000000	1787825032188108288	47.64210223103823	-122.14008276585177	216.97499999992334	2.9387743593712687	0.0	0.25710944110564576
309.100000	1787825032287108096	47.642104873851444	-122.14008242267857	216.97499999992334	2.938774359371224	0.0	0.2571094411056418
309.200000	1787825032389108224	47.64210751666466	-122.14008207950538	216.97499999992334	2.938774359371178	0.0	0.2571094411056379
309.300000	1787825032488108032	47.64211015947787	-122.14008173633218	216.97499999992334	2.9387743593711333	0.0	0.2571094411056339
309.400000	1787825032587108096	47.64211280229108	-122.14008139315898	216.97499999992334	2.938774359371088	0.0	0.25710944110562994
309.500000	1787825032689108224	47.642115445104295	-122.14008104998578	216.97499999992334	2.9387743593710423	0.0	0.257109441105626
309.600000	1787825032788108032	47.64211808791751	-122.14008070681258	216.97499999992334	2.9387743593709974	0.0	0.257109441105622
309.700000	1787825032887108096	47.64212073073072	-122.14008036363938	216.97499999992334	2.9387743593709517	0.0	0.25710944110561806
309.800000	1787825032989108224	47.64212337354393	-122.14008002046617	216.97499999992334	2.9387743593709064	0.0	0.25710944110561407
309.900000	1787825033088108288	47.642126016357146	-122.14007967729297	216.97499999992334	2.9387743593708615	0.0	0.2571094411056101
310.000000	1787825033187108352	47.64212865917036	-122.14007933411978	216.97499999992334	2.9387743593708158	0.0	0.2571094411056062
310.100000	1787825033289108224	47.64213130198357	-122.14007899094658	216.97499999992334	2.938774359370771	0.0	0.2571094411056022
310.200000	1787825033388108288	47.64213394479678	-122.14007864777338	216.97499999992334	2.9387743593707256	0.0	0.25710944110559825
310.300000	1787825033487108352	47.64213658761	-122.14007830460018	216.97499999992334	2.93877435937068	0.0	0.25710944110559425
310.400000	1787825033589108224	47.64213923042321	-122.14007796142698	216.97499999992334	2.938774359370635	0.0	0.2571094411055903
310.500000	1787825033688108288	47.64214187323642	-122.14007761825378	216.97499999992334	2.9387743593705893	0.0	0.25710944110558637
310.600000	1787825033787108096	47.64214451604963	-122.14007727508059	216.97499999992334	2.9387743593705444	0.0	0.25710944110558237
310.700000	1787825033889108224	47.64214715886285	-122.14007693190739	216.97499999992334	2.938774359370499	0.0	0.25710944110557843
310.800000	1787825033988108032	47.642149801676055	-122.14007658873419	216.97499999992334	2.9387743593704534	0.0	0.25710944110557443
310.900000	1787825034087108096	47.64215244448927	-122.14007624556099	216.97499999992334	2.9387743593704085	0.0	0.2571094411055705
311.000000	1787825034189108224	47.642155087302484	-122.14007590238779	216.97499999992334	2.9387743593703632	0.0	0.25710944110556655
311.100000	1787825034288108032	47.6421577301157	-122.1400755592146	216.97499999992334	2.938774359370318	0.0	0.25710944110556255
311.200000	1787825034387108096	47.642160372928906	-122.1400752160414	216.97499999992334	2.9387743593702726	0.0	0.2571094411055586
311.300000	1787825034489108224	47.64216301574212	-122.1400748728682	216.97499999992334	2.9387743593702274	0.0	0.25710944110555467
311.400000	1787825034588108288	47.642165658555335	-122.140074529695	216.97499999992334	2.938774359370182	0.0	0.2571094411055507
311.500000	1787825034687108352	47.64216830136855	-122.1400741865218	216.97499999992334	2.9387743593701368	0.0	0.25710944110554673
311.600000	1787825034789108224	47.64217094418176	-122.1400738433486	216.97499999992334	2.938774359370091	0.0	0.25710944110554274
311.700000	1787825034888108288	47.64217358699497	-122.14007350017539	216.97499999992334	2.938774359370046	0.0	0.2571094411055388
311.800000	1787825034987108352	47.642176229808186	-122.14007315700219	216.97499999992334	2.938774359370001	0.0	0.25710944110553485
311.900000	1787825035089108224	47.6421788726214	-122.140072813829	216.97499999992334	2.9387743593699556	0.0	0.25710944110553086
312.000000	1787825035188108288	47.64218151543461	-122.1400724706558	216.97499999992334	2.9387743593699103	0.0	0.2571094411055269
312.100000	1787825035287108096	47.64218415824782	-122.1400721274826	216.97499999992334	2.938774359369865	0.0	0.257109441105523
312.200000	1787825035389108224	47.64218680106104	-122.140071784309	216.97499999992334	2.9387743593698197	0.0	0.257109441105519
312.300000	1787825035488108032	47.642189443874244	-122.14007144113478	216.97499999992334	2.9387743593697744	0.0	0.25710944110551504
312.400000	1787825035587108096	47.64219208668746	-122.14007109796056	216.97499999992334	2.938774359369729	0.0	0.25710944110551104
312.500000	1787825035689108224	47.64219472950067	-122.14007075478635	216.97499999992334	2.938774359369684	0.0	0.2571094411055071
312.600000	1787825035788108032	47.64219737231389	-122.14007041161213	216.97499999992334	2.9387743593696385	0.0	0.25710944110550316
312.700000	1787825035887108096	47.642200015127095	-122.14007006843791	216.97499999992334	2.938774359369593	0.0	0.25710944110549916
312.800000	1787825035989108224	47.64220265794031	-122.1400697252637	216.97499999992334	2.938774359369548	0.0	0.2571094411054952
312.900000	1787825036088108288	47.642205300753524	-122.14006938208948	216.97499999992334	2.938774359369503	0.0	0.2571094411054913
313.000000	1787825036187108352	47.64220794356674	-122.14006903891526	216.97499999992334	2.9387743593694573	0.0	0.2571094411054873
313.100000	1787825036289108224	47.642210586379946	-122.14006869574105	216.97499999992334	2.938774359369412	0.0	0.25710944110548334
313.200000	1787825036388108288	47.64221322919316	-122.14006835256683	216.97499999992334	2.938774359369367	0.0	0.2571094411054794
313.300000	1787825036487108352	47.642215872006375	-122.1400680093926	216.97499999992334	2.9387743593693214	0.0	0.2571094411054754
313.400000	1787825036589108224	47.64221851481958	-122.1400676662184	216.97499999992334	2.938774359369276	0.0	0.25710944110547146
313.500000	1787825036688108288	47.6422211576328	-122.14006732304418	216.97499999992334	2.938774359369231	0.0	0.25710944110546746
313.600000	1787825036787108096	47.64222380044601	-122.14006697986996	216.97499999992334	2.9387743593691855	0.0	0.2571094411054635
313.700000	1787825036889108224	47.642226443259226	-122.14006663669575	216.97499999992334	2.9387743593691407	0.0	0.2571094411054596
313.800000	1787825036988108032	47.64222908607243	-122.14006629352153	216.97499999992334	2.938774359369095	0.0	0.2571094411054556
313.900000	1787825037087108096	47.64223172888565	-122.1400659503473	216.97499999992334	2.9387743593690496	0.0	0.25710944110545164
314.000000	1787825037189108224	47.64223437169886	-122.1400656071731	216.97499999992334	2.9387743593690048	0.0	0.2571094411054477
314.100000	1787825037288108032	47.64223701451208	-122.14006526399888	216.97499999992334	2.938774359368959	0.0	0.2571094411054437
314.200000	1787825037387108096	47.642239657325284	-122.14006492082466	216.97499999992334	2.938774359368914	0.0	0.25710944110543976
314.300000	1787825037489108224	47.6422423001385	-122.14006457765045	216.97499999992334	2.9387743593688684	0.0	0.25710944110543577
314.400000	1787825037588108288	47.64224494295171	-122.14006423447623	216.97499999992334	2.938774359368823	0.0	0.2571094411054318
314.500000	1787825037687108352	47.64224758576493	-122.140063891302	216.97499999992334	2.9387743593687783	0.0	0.2571094411054279
314.600000	1787825037789108224	47.642250228578135	-122.1400635481278	216.97499999992334	2.9387743593687325	0.0	0.2571094411054239
314.700000	1787825037888108288	47.64225287139135	-122.14006320495358	216.97499999992334	2.9387743593686877	0.0	0.25710944110541994
314.800000	1787825037987108352	47.642255514204564	-122.14006286177936	216.97499999992334	2.9387743593686424	0.0	0.257109441105416
314.900000	1787825038089108224	47.64225815701777	-122.14006251860513	216.97499999992334	2.9387743593685967	0.0	0.257109441105412
315.000000	1787825038188108288	47.642260799830986	-122.14006217543093	216.97499999992334	2.938774359368552	0.0	0.25710944110540807
315.100000	1787825038287108096	47.6422634426442	-122.1400618322567	216.97499999992334	2.9387743593685065	0.0	0.2571094411054041
315.200000	1787825038389108224	47.642266085457415	-122.14006148908248	216.97499999992334	2.9387743593684608	0.0	0.2571094411054001
315.300000	1787825038488108032	47.64226872827062	-122.14006114590828	216.97499999992334	2.938774359368416	0.0	0.2571094411053962
315.400000	1787825038587108096	47.64227137108384	-122.14006080273406	216.97499999992334	2.93877435936837	0.0	0.2571094411053922
315.500000	1787825038689108224	47.64227401389705	-122.14006045955983	216.97499999992334	2.9387743593683253	0.0	0.25710944110538825
315.600000	1787825038788108032	47.642276656710266	-122.14006011638563	216.97499999992334	2.93877435936828	0.0	0.2571094411053843
315.700000	1787825038887108096	47.64227929952347	-122.1400597732114	216.97499999992334	2.9387743593682343	0.0	0.2571094411053803
315.800000	1787825038989108224	47.64228194233669	-122.14005943003718	216.97499999992334	2.9387743593681894	0.0	0.25710944110537637
315.900000	1787825039088108288	47.6422845851499	-122.14005908686298	216.97499999992334	2.938774359368144	0.0	0.2571094411053724
316.000000	1787825039187108352	47.64228722796311	-122.14005874368875	216.97499999992334	2.938774359368099	0.0	0.25710944110536843
316.100000	1787825039289108224	47.642289870776324	-122.14005840051453	216.97499999992334	2.9387743593680535	0.0	0.2571094411053645
316.200000	1787825039388108288	47.64229251358954	-122.14005805734033	216.97499999992334	2.938774359368008	0.0	0.2571094411053605
316.300000	1787825039487108352	47.64229515640275	-122.1400577141661	216.97499999992334	2.938774359367963	0.0	0.25710944110535655
316.400000	1787825039589108224	47.64229779921596	-122.14005737099188	216.97499999992334	2.9387743593679176	0.0	0.2571094411053526
316.500000	1787825039688108288	47.642300442029175	-122.14005702781768	216.97499999992334	2.9387743593678723	0.0	0.2571094411053486
316.600000	1787825039787108096	47.64230308484239	-122.14005668464345	216.97499999992334	2.938774359367827	0.0	0.25710944110534467
316.700000	1787825039889108224	47.642305727655604	-122.14005634146923	216.97499999992334	2.9387743593677818	0.0	0.25710944110534073
316.800000	1787825039988108032	47.64230837046881	-122.14005599829503	216.97499999992334	2.93877435936775	0.0	0.25710944110533795
316.900000	1787825040087108096	47.642311013282026	-122.1400556551208	216.97499999992334	2.93877435936775	0.0	0.25710944110533795
317.000000	1787825040189108224	47.64231365609524	-122.14005531194658	216.97499999992334	2.93877435936775	0.0	0.25710944110533795
317.100000	1787825040288108032	47.642316298908455	-122.14005496877238	216.97499999992334	2.93877435936775	0.0	0.25710944110533795
317.200000	1787825040387108096	47.64231894172166	-122.14005462559815	216.97499999992334	2.93877435936775	0.0	0.25710944110533795
317.300000	1787825040489108224	47.642321584534876	-122.14005428242393	216.97499999992334	2.93877435936775	0.0	0.25710944110533795
317.400000	1787825040588108288	47.64232422734809	-122.14005393924973	216.97499999992334	2.93877435936775	0.0	0.25710944110533795
317.500000	1787825040687108352	47.6423268701613	-122.1400535960755	216.97499999992334	2.93877435936775	0.0	0.25710944110533795
317.600000	1787825040789108224	47.64232951297451	-122.14005325290128	216.97499999992334	2.93877435936775	0.0	0.25710944110533795
317.700000	1787825040888108288	47.64233215578773	-122.14005290972707	216.97499999992334	2.93877435936775	0.0	0.25710944110533795
317.800000	1787825040987108352	47.64233479860094	-122.14005256655285	216.97499999992334	2.93877435936775	0.0	0.25710944110533795
317.900000	1787825041089108224	47.64233744141415	-122.14005222337863	216.97499999992334	2.93877435936775	0.0	0.25710944110533795
318.000000	1787825041188108288	47.642340084227364	-122.14005188020442	216.97499999992334	2.93877435936775	0.0	0.25710944110533795
318.100000	1787825041287108096	47.64234272704058	-122.14005153702942	216.97499999992334	2.93877435936775	0.0	0.25710944110533795
318.200000	1787825041389108224	47.64234536985379	-122.14005119385418	216.97499999992334	2.93877435936775	0.0	0.25710944110533795
318.300000	1787825041488108032	47.642348012667	-122.14005085067895	216.97499999992334	2.93877435936775	0.0	0.25710944110533795
318.400000	1787825041587108096	47.642350655480215	-122.14005050750372	216.97499999992334	2.93877435936775	0.0	0.25710944110533795
318.500000	1787825041689108224	47.64235329829343	-122.14005016432847	216.97499999992334	2.93877435936775	0.0	0.25710944110533795
318.600000	1787825041788108032	47.642355941106636	-122.14004982115324	216.97499999992334	2.93877435936775	0.0	0.25710944110533795
318.700000	1787825041887108096	47.64235858391985	-122.14004947797801	216.97499999992334	2.93877435936775	0.0	0.25710944110533795
318.800000	1787825041989108224	47.642361226733065	-122.14004913480278	216.97499999992334	2.93877435936775	0.0	0.25710944110533795
318.900000	1787825042088108288	47.64236386954628	-122.14004879162754	216.97499999992334	2.93877435936775	0.0	0.25710944110533795
319.000000	1787825042187108352	47.64236651235949	-122.1400484484523	216.97499999992334	2.93877435936775	0.0	0.25710944110533795
319.100000	1787825042289108224	47.6423691551727	-122.14004810527707	216.97499999992334	2.93877435936775	0.0	0.25710944110533795
319.200000	1787825042388108288	47.642371797985916	-122.14004776210183	216.97499999992334	2.93877435936775	0.0	0.25710944110533795
319.300000	1787825042487108352	47.64237444079913	-122.1400474189266	216.97499999992334	2.93877435936775	0.0	0.25710944110533795
319.400000	1787825042589108224	47.64237708361234	-122.14004707575137	216.97499999992334	2.93877435936775	0.0	0.25710944110533795
319.500000	1787825042688108288	47.64237972642555	-122.14004673257612	216.97499999992334	2.93877435936775	0.0	0.25710944110533795
319.600000	1787825042787108096	47.64238236923877	-122.1400463894009	216.97499999992334	2.93877435936775	0.0	0.25710944110533795
319.700000	1787825042889108224	47.64238501205198	-122.14004604622566	216.97499999992334	2.93877435936775	0.0	0.25710944110533795
319.800000	1787825042988108032	47.64238765486519	-122.14004570305043	216.97499999992334	2.93877435936775	0.0	0.25710944110533795
319.900000	1787825043087108096	47.6423902976784	-122.14004535987519	216.97499999992334	2.93877435936775	0.0	0.25710944110533795
320.000000	1787825043189108224	47.64239294049162	-122.14004501669996	216.97499999992334	2.93877435936775	0.0	0.25710944110533795
320.100000	1787825043288108032	47.642395583304825	-122.14004467352473	216.97499999992334	2.93877435936775	0.0	0.25710944110533795
320.200000	1787825043387108096	47.64239822611804	-122.14004433034948	216.97499999992334	2.93877435936775	0.0	0.25710944110533795
320.300000	1787825043489108224	47.642400868931254	-122.14004398717425	216.97499999992334	2.93877435936775	0.0	0.25710944110533795
320.400000	1787825043588108288	47.64240351174447	-122.14004364399902	216.97499999992334	2.93877435936775	0.0	0.25710944110533795
320.500000	1787825043687108352	47.642406154557676	-122.14004330082379	216.97499999992334	2.93877435936775	0.0	0.25710944110533795
320.600000	1787825043789108224	47.64240879737089	-122.14004295764855	216.97499999992334	2.93877435936775	0.0	0.25710944110533795
320.700000	1787825043888108288	47.642411440184105	-122.14004261447332	216.97499999992334	2.93877435936775	0.0	0.25710944110533795
320.800000	1787825043987108352	47.64241408299732	-122.14004227129809	216.97499999992334	2.93877435936775	0.0	0.25710944110533795
320.900000	1787825044089108224	47.64241672581053	-122.14004192812284	216.97499999992334	2.93877435936775	0.0	0.25710944110533795
321.000000	1787825044188108288	47.64241936862374	-122.14004158494761	216.97499999992334	2.93877435936775	0.0	0.25710944110533795
321.100000	1787825044287108096	47.642422011436956	-122.14004124177238	216.97499999992334	2.93877435936775	0.0	0.25710944110533795
321.200000	1787825044389108224	47.64242465425016	-122.14004089859715	216.97499999992334	2.93877435936775	0.0	0.25710944110533795
321.300000	1787825044488108032	47.64242729706338	-122.1400405554219	216.97499999992334	2.93877435936775	0.0	0.25710944110533795
321.400000	1787825044587108096	47.64242993987659	-122.14004021224667	216.97499999992334	2.93877435936775	0.0	0.25710944110533795
321.500000	1787825044689108224	47.64243258268981	-122.14003986907144	216.97499999992334	2.93877435936775	0.0	0.25710944110533795
321.600000	1787825044788108032	47.642435225503014	-122.1400395258962	216.97499999992334	2.93877435936775	0.0	0.25710944110533795
321.700000	1787825044887108096	47.64243786831623	-122.14003918272097	216.97499999992334	2.93877435936775	0.0	0.25710944110533795
321.800000	1787825044989108224	47.64244051112944	-122.14003883954574	216.97499999992334	2.93877435936775	0.0	0.25710944110533795
321.900000	1787825045088108288	47.64244315394266	-122.14003849637051	216.97499999992334	2.93877435936775	0.0	0.25710944110533795
322.000000	1787825045187108352	47.642445796755865	-122.14003815319526	216.97499999992334	2.93877435936775	0.0	0.25710944110533795
322.100000	1787825045289108224	47.64244843956908	-122.14003781002003	216.97499999992334	2.93877435936775	0.0	0.25710944110533795
322.200000	1787825045388108288	47.642451082382294	-122.1400374668448	216.97499999992334	2.93877435936775	0.0	0.25710944110533795
322.300000	1787825045487108352	47.64245372519551	-122.14003712366956	216.97499999992334	2.93877435936775	0.0	0.25710944110533795
322.400000	1787825045589108224	47.642456368008716	-122.14003678049433	216.97499999992334	2.93877435936775	0.0	0.25710944110533795
322.500000	1787825045688108288	47.64245901082193	-122.1400364373191	216.97499999992334	2.93877435936775	0.0	0.25710944110533795
322.600000	1787825045787108096	47.642461653635145	-122.14003609414385	216.97499999992334	2.93877435936775	0.0	0.25710944110533795
322.700000	1787825045889108224	47.64246429644835	-122.14003575096862	216.97499999992334	2.93877435936775	0.0	0.25710944110533795
322.800000	1787825045988108032	47.64246693926157	-122.14003540779339	216.97499999992334	2.93877435936775	0.0	0.25710944110533795
322.900000	1787825046087108096	47.64246958207478	-122.14003506461816	216.97499999992334	2.93877435936775	0.0	0.25710944110533795
323.000000	1787825046189108224	47.642472224887996	-122.14003472144292	216.97499999992334	2.93877435936775	0.0	0.25710944110533795
323.100000	1787825046288108032	47.6424748677012	-122.14003437826769	216.97499999992334	2.93877435936775	0.0	0.25710944110533795
323.200000	1787825046387108096	47.64247751051442	-122.14003403509246	216.97499999992334	2.93877435936775	0.0	0.25710944110533795
323.300000	1787825046489108224	47.64248015332763	-122.14003369191721	216.97499999992334	2.93877435936775	0.0	0.25710944110533795
323.400000	1787825046588108288	47.64248279614085	-122.14003334874198	216.97499999992334	2.93877435936775	0.0	0.25710944110533795
323.500000	1787825046687108352	47.642485438954054	-122.14003300556675	216.97499999992334	2.93877435936775	0.0	0.25710944110533795
323.600000	1787825046789108224	47.64248808176727	-122.14003266239152	216.97499999992334	2.93877435936775	0.0	0.25710944110533795
323.700000	1787825046888108288	47.64249072458048	-122.14003231921627	216.97499999992334	2.93877435936775	0.0	0.25710944110533795
323.800000	1787825046987108352	47.64249336739369	-122.14003197604104	216.97499999992334	2.93877435936775	0.0	0.25710944110533795
323.900000	1787825047089108224	47.642496010206905	-122.14003163286566	216.97499999992334	2.93877435936775	0.0	0.25710944110533795
324.000000	1787825047188108288	47.64249865302012	-122.1400312896894	216.97499999992334	2.93877435936775	0.0	0.25710944110533795
324.100000	1787825047287108096	47.642501295833334	-122.14003094651315	216.97499999992334	2.93877435936775	0.0	0.25710944110533795
324.200000	1787825047389108224	47.64250393864654	-122.1400306033369	216.97499999992334	2.93877435936775	0.0	0.25710944110533795
324.300000	1787825047488108032	47.642506581459756	-122.14003026016064	216.97499999992334	2.93877435936775	0.0	0.25710944110533795
324.400000	1787825047587108096	47.64250922427297	-122.14002991698439	216.97499999992334	2.93877435936775	0.0	0.25710944110533795
324.500000	1787825047689108224	47.642511867086185	-122.14002957380815	216.97499999992334	2.93877435936775	0.0	0.25710944110533795
324.600000	1787825047788108032	47.64251450989939	-122.1400292306319	216.97499999992334	2.93877435936775	0.0	0.25710944110533795
324.700000	1787825047887108096	47.64251715271261	-122.14002888745564	216.97499999992334	2.93877435936775	0.0	0.25710944110533795
324.800000	1787825047989108224	47.64251979552582	-122.14002854427939	216.97499999992334	2.93877435936775	0.0	0.25710944110533795
324.900000	1787825048088108288	47.642522438339036	-122.14002820110314	216.97499999992334	2.93877435936775	0.0	0.25710944110533795
325.000000	1787825048187108352	47.64252508115224	-122.14002785792688	216.97499999992334	2.93877435936775	0.0	0.25710944110533795
325.100000	1787825048289108224	47.64252772396546	-122.14002751475063	216.97499999992334	2.93877435936775	0.0	0.25710944110533795
325.200000	1787825048388108288	47.64253036677867	-122.14002717157437	216.97499999992334	2.93877435936775	0.0	0.25710944110533795
325.300000	1787825048487108352	47.64253300959188	-122.14002682839812	216.97499999992334	2.93877435936775	0.0	0.25710944110533795
325.400000	1787825048589108224	47.642535652405094	-122.14002648522187	216.97499999992334	2.93877435936775	0.0	0.25710944110533795
325.500000	1787825048688108288	47.64253829521831	-122.14002614204561	216.97499999992334	2.93877435936775	0.0	0.25710944110533795
325.600000	1787825048787108096	47.64254093803152	-122.14002579886937	216.97499999992334	2.93877435936775	0.0	0.25710944110533795
325.700000	1787825048889108224	47.64254358084473	-122.14002545569312	216.97499999992334	2.93877435936775	0.0	0.25710944110533795
325.800000	1787825048988108032	47.642546223657945	-122.14002511251687	216.97499999992334	2.93877435936775	0.0	0.25710944110533795
325.900000	1787825049087108096	47.64254886647116	-122.14002476934061	216.97499999992334	2.93877435936775	0.0	0.25710944110533795
326.000000	1787825049189108224	47.642551509284374	-122.14002442616436	216.97499999992334	2.93877435936775	0.0	0.25710944110533795
326.100000	1787825049288108032	47.64255415209758	-122.1400240829881	216.97499999992334	2.93877435936775	0.0	0.25710944110533795
326.200000	1787825049387108096	47.642556794910796	-122.14002373981185	216.97499999992334	2.93877435936775	0.0	0.25710944110533795
326.300000	1787825049489108224	47.64255943772401	-122.1400233966356	216.97499999992334	2.93877435936775	0.0	0.25710944110533795
326.400000	1787825049588108288	47.64256208053722	-122.14002305345934	216.97499999992334	2.93877435936775	0.0	0.25710944110533795
326.500000	1787825049687108352	47.64256472335043	-122.14002271028309	216.97499999992334	2.93877435936775	0.0	0.25710944110533795
326.600000	1787825049789108224	47.64256736616365	-122.14002236710684	216.97499999992334	2.93877435936775	0.0	0.25710944110533795
326.700000	1787825049888108288	47.64257000897686	-122.1400220239306	216.97499999992334	2.93877435936775	0.0	0.25710944110533795
326.800000	1787825049987108352	47.64257265179007	-122.14002168075434	216.97499999992334	2.93877435936775	0.0	0.25710944110533795
326.900000	1787825050089108224	47.64257529460328	-122.14002133757809	216.97499999992334	2.93877435936775	0.0	0.25710944110533795
327.000000	1787825050188108288	47.6425779374165	-122.14002099440184	216.97499999992334	2.93877435936775	0.0	0.25710944110533795
327.100000	1787825050287108096	47.64258058022971	-122.14002065122558	216.97499999992334	2.93877435936775	0.0	0.25710944110533795
327.200000	1787825050389108224	47.64258322304292	-122.14002030804933	216.97499999992334	2.93877435936775	0.0	0.25710944110533795
327.300000	1787825050488108032	47.642585865856134	-122.14001996487308	216.97499999992334	2.93877435936775	0.0	0.25710944110533795
327.400000	1787825050587108096	47.64258850866935	-122.14001962169682	216.97499999992334	2.93877435936775	0.0	0.25710944110533795
327.500000	1787825050689108224	47.64259115148256	-122.14001927852057	216.97499999992334	2.93877435936775	0.0	0.25710944110533795
327.600000	1787825050788108032	47.64259379429577	-122.14001893534432	216.97499999992334	2.93877435936775	0.0	0.25710944110533795
327.700000	1787825050887108096	47.642596437108985	-122.14001859216806	216.97499999992334	2.93877435936775	0.0	0.25710944110533795
327.800000	1787825050989108224	47.6425990799222	-122.14001824899181	216.97499999992334	2.93877435936775	0.0	0.25710944110533795
327.900000	1787825051088108288	47.64260172273541	-122.14001790581557	216.97499999992334	2.93877435936775	0.0	0.25710944110533795
328.000000	1787825051187108352	47.64260436554862	-122.14001756263931	216.97499999992334	2.93877435936775	0.0	0.25710944110533795
328.100000	1787825051289108224	47.642607008361836	-122.14001721946306	216.97499999992334	2.93877435936775	0.0	0.25710944110533795
328.200000	1787825051388108288	47.64260965117505	-122.14001687628681	216.97499999992334	2.93877435936775	0.0	0.25710944110533795
328.300000	1787825051487108352	47.64261229398826	-122.14001653311055	216.97499999992334	2.93877435936775	0.0	0.25710944110533795
328.400000	1787825051589108224	47.64261493680147	-122.1400161899343	216.97499999992334	2.93877435936775	0.0	0.25710944110533795
328.500000	1787825051688108288	47.64261757961469	-122.14001584675805	216.97499999992334	2.93877435936775	0.0	0.25710944110533795
328.600000	1787825051787108096	47.6426202224279	-122.1400155035818	216.97499999992334	2.93877435936775	0.0	0.25710944110533795
328.700000	1787825051889108224	47.64262286524111	-122.14001516040554	216.97499999992334	2.93877435936775	0.0	0.25710944110533795
328.800000	1787825051988108032	47.64262550805432	-122.14001481722929	216.97499999992334	2.93877435936775	0.0	0.25710944110533795
328.900000	1787825052087108096	47.64262815086754	-122.14001447405303	216.97499999992334	2.93877435936775	0.0	0.25710944110533795
329.000000	1787825052189108224	47.642630793680745	-122.14001413087679	216.97499999992334	2.93877435936775	0.0	0.25710944110533795
329.100000	1787825052288108032	47.64263343649396	-122.14001378770054	216.97499999992334	2.93877435936775	0.0	0.25710944110533795
329.200000	1787825052387108096	47.642636079307174	-122.14001344452429	216.97499999992334	2.93877435936775	0.0	0.25710944110533795
329.300000	1787825052489108224	47.64263872212039	-122.14001310134803	216.97499999992334	2.93877435936775	0.0	0.25710944110533795
329.400000	1787825052588108288	47.642641364933596	-122.14001275817178	216.97499999992334	2.93877435936775	0.0	0.25710944110533795
329.500000	1787825052687108352	47.64264400774681	-122.14001241499552	216.97499999992334	2.93877435936775	0.0	0.25710944110533795
329.600000	1787825052789108224	47.642646650560025	-122.14001207181927	216.97499999992334	2.93877435936775	0.0	0.25710944110533795
329.700000	1787825052888108288	47.64264929337324	-122.14001172864302	216.97499999992334	2.93877435936775	0.0	0.25710944110533795
329.800000	1787825052987108352	47.64265193618645	-122.14001138546624	216.97499999992334	2.93877435936775	0.0	0.25710944110533795
329.900000	1787825053089108224	47.64265457899966	-122.14001104228896	216.97499999992334	2.93877435936775	0.0	0.25710944110533795
330.000000	1787825053188108288	47.642657221812875	-122.1400106991117	216.97499999992334	2.93877435936775	0.0	0.25710944110533795
330.100000	1787825053287108096	47.64265986462609	-122.14001035593442	216.97499999992334	2.93877435936775	0.0	0.25710944110533795
330.200000	1787825053389108224	47.6426625074393	-122.14001001275716	216.97499999992334	2.93877435936775	0.0	0.25710944110533795
330.300000	1787825053488108032	47.64266515025251	-122.14000966957988	216.97499999992334	2.93877435936775	0.0	0.25710944110533795
330.400000	1787825053587108096	47.642667793065726	-122.14000932640262	216.97499999992334	2.93877435936775	0.0	0.25710944110533795
330.500000	1787825053689108224	47.642670435878934	-122.14000898322534	216.97499999992334	2.93877435936775	0.0	0.25710944110533795
330.600000	1787825053788108032	47.64267307869215	-122.14000864004807	216.97499999992334	2.93877435936775	0.0	0.25710944110533795
330.700000	1787825053887108096	47.64267572150536	-122.1400082968708	216.97499999992334	2.93877435936775	0.0	0.25710944110533795
330.800000	1787825053989108224	47.64267836431858	-122.14000795369353	216.97499999992334	2.93877435936775	0.0	0.25710944110533795
330.900000	1787825054088108288	47.642681007131785	-122.14000761051626	216.97499999992334	2.93877435936775	0.0	0.25710944110533795
331.000000	1787825054187108352	47.642683649945	-122.14000726733899	216.97499999992334	2.93877435936775	0.0	0.25710944110533795
331.100000	1787825054289108224	47.64268629275821	-122.14000692416172	216.97499999992334	2.93877435936775	0.0	0.25710944110533795
331.200000	1787825054388108288	47.64268893557143	-122.14000658098445	216.97499999992334	2.93877435936775	0.0	0.25710944110533795
331.300000	1787825054487108352	47.642691578384635	-122.14000623780719	216.97499999992334	2.93877435936775	0.0	0.25710944110533795
331.400000	1787825054589108224	47.64269422119785	-122.14000589462991	216.97499999992334	2.93877435936775	0.0	0.25710944110533795
331.500000	1787825054688108288	47.642696864011064	-122.14000555145265	216.97499999992334	2.93877435936775	0.0	0.25710944110533795
331.600000	1787825054787108096	47.64269950682427	-122.14000520827537	216.97499999992334	2.93877435936775	0.0	0.25710944110533795
331.700000	1787825054889108224	47.642702149637486	-122.1400048650981	216.97499999992334	2.93877435936775	0.0	0.25710944110533795
331.800000	1787825054988108032	47.6427047924507	-122.14000452192083	216.97499999992334	2.93877435936775	0.0	0.25710944110533795
331.900000	1787825055087108096	47.642707435263915	-122.14000417874357	216.97499999992334	2.93877435936775	0.0	0.25710944110533795
332.000000	1787825055189108224	47.64271007807712	-122.14000383556629	216.97499999992334	2.93877435936775	0.0	0.25710944110533795
332.100000	1787825055288108032	47.64271272089034	-122.14000349238903	216.97499999992334	2.93877435936775	0.0	0.25710944110533795
332.200000	1787825055387108096	47.64271536370355	-122.14000314921175	216.97499999992334	2.93877435936775	0.0	0.25710944110533795
332.300000	1787825055489108224	47.642718006516766	-122.14000280603447	216.97499999992334	2.93877435936775	0.0	0.25710944110533795
332.400000	1787825055588108288	47.64272064932997	-122.14000246285721	216.97499999992334	2.93877435936775	0.0	0.25710944110533795
332.500000	1787825055687108352	47.64272329214319	-122.14000211967993	216.97499999992334	2.93877435936775	0.0	0.25710944110533795
332.600000	1787825055789108224	47.6427259349564	-122.14000177650267	216.97499999992334	2.93877435936775	0.0	0.25710944110533795
332.700000	1787825055888108288	47.64272857776962	-122.1400014333254	216.97499999992334	2.93877435936775	0.0	0.25710944110533795
332.800000	1787825055987108352	47.642731220582824	-122.14000109014813	216.97499999992334	2.93877435936775	0.0	0.25710944110533795
332.900000	1787825056089108224	47.64273386339604	-122.14000074697086	216.97499999992334	2.93877435936775	0.0	0.25710944110533795
333.000000	1787825056188108288	47.64273650620925	-122.1400004037936	216.97499999992334	2.93877435936775	0.0	0.25710944110533795
333.100000	1787825056287108096	47.64273914902246	-122.14000006061632	216.97499999992334	2.93877435936775	0.0	0.25710944110533795
333.200000	1787825056389108224	47.642741791835675	-122.13999971743905	216.97499999992334	2.93877435936775	0.0	0.25710944110533795
333.300000	1787825056488108032	47.64274443464889	-122.13999937426178	216.97499999992334	2.93877435936775	0.0	0.25710944110533795
333.400000	1787825056587108096	47.642747077462104	-122.13999903108451	216.97499999992334	2.93877435936775	0.0	0.25710944110533795
333.500000	1787825056689108224	47.64274972027531	-122.13999868790724	216.97499999992334	2.93877435936775	0.0	0.25710944110533795
333.600000	1787825056788108032	47.642752363088526	-122.13999834472997	216.97499999992334	2.93877435936775	0.0	0.25710944110533795
333.700000	1787825056887108096	47.64275500590174	-122.1399980015527	216.97499999992334	2.93877435936775	0.0	0.25710944110533795
333.800000	1787825056989108224	47.642757648714955	-122.13999765837544	216.97499999992334	2.93877435936775	0.0	0.25710944110533795
333.900000	1787825057088108288	47.64276029152816	-122.13999731519816	216.97499999992334	2.93877435936775	0.0	0.25710944110533795
334.000000	1787825057187108352	47.64276293434138	-122.13999697202088	216.97499999992334	2.93877435936775	0.0	0.25710944110533795
334.100000	1787825057289108224	47.64276557715459	-122.13999662884362	216.97499999992334	2.93877435936775	0.0	0.25710944110533795
334.200000	1787825057388108288	47.642768219967806	-122.13999628566634	216.97499999992334	2.93877435936775	0.0	0.25710944110533795
334.300000	1787825057487108352	47.64277086278101	-122.13999594248908	216.97499999992334	2.93877435936775	0.0	0.25710944110533795
334.400000	1787825057589108224	47.64277350559423	-122.1399955993118	216.97499999992334	2.93877435936775	0.0	0.25710944110533795
334.500000	1787825057688108288	47.64277614840744	-122.13999525613454	216.97499999992334	2.93877435936775	0.0	0.25710944110533795
334.600000	1787825057787108096	47.64277879122065	-122.13999491295726	216.97499999992334	2.93877435936775	0.0	0.25710944110533795
334.700000	1787825057889108224	47.642781434033864	-122.13999456978	216.97499999992334	2.93877435936775	0.0	0.25710944110533795
334.800000	1787825057988108032	47.64278407684708	-122.13999422660272	216.97499999992334	2.93877435936775	0.0	0.25710944110533795
334.900000	1787825058087108096	47.64278671966029	-122.13999388342546	216.97499999992334	2.93877435936775	0.0	0.25710944110533795
335.000000	1787825058189108224	47.6427893624735	-122.13999354024818	216.97499999992334	2.93877435936775	0.0	0.25710944110533795
335.100000	1787825058288108032	47.642792005286715	-122.13999319707092	216.97499999992334	2.93877435936775	0.0	0.25710944110533795
335.200000	1787825058387108096	47.64279464809993	-122.13999285389365	216.97499999992334	2.93877435936775	0.0	0.25710944110533795
335.300000	1787825058489108224	47.642797290913144	-122.13999251071638	216.97499999992334	2.93877435936775	0.0	0.25710944110533795
335.400000	1787825058588108288	47.64279993372635	-122.1399921675391	216.97499999992334	2.93877435936775	0.0	0.25710944110533795
335.500000	1787825058687108352	47.642802576539566	-122.13999182436184	216.97499999992334	2.93877435936775	0.0	0.25710944110533795
335.600000	1787825058789108224	47.64280521935278	-122.13999148118457	216.97499999992334	2.93877435936775	0.0	0.25710944110533795
335.700000	1787825058888108288	47.64280786216599	-122.13999113800638	216.97499999992334	2.93877435936775	0.0	0.25710944110533795
335.800000	1787825058987108352	47.6428105049792	-122.1399907948281	216.97499999992334	2.93877435936775	0.0	0.25710944110533795
335.900000	1787825059089108224	47.64281314779242	-122.13999045164981	216.97499999992334	2.93877435936775	0.0	0.25710944110533795
336.000000	1787825059188108288	47.64281579060563	-122.13999010847152	216.97499999992334	2.93877435936775	0.0	0.25710944110533795
336.100000	1787825059287108096	47.64281843341884	-122.13998976529322	216.97499999992334	2.93877435936775	0.0	0.25710944110533795
336.200000	1787825059389108224	47.64282107623205	-122.13998942211494	216.97499999992334	2.93877435936775	0.0	0.25710944110533795
336.300000	1787825059488108032	47.64282371904527	-122.13998907893665	216.97499999992334	2.93877435936775	0.0	0.25710944110533795
336.400000	1787825059587108096	47.64282636185848	-122.13998873575837	216.97499999992334	2.93877435936775	0.0	0.25710944110533795
336.500000	1787825059689108224	47.64282900467169	-122.13998839258008	216.97499999992334	2.93877435936775	0.0	0.25710944110533795
336.600000	1787825059788108032	47.642831647484904	-122.1399880494018	216.97499999992334	2.9387743593677524	0.0	0.2571094411053381
336.700000	1787825059887108096	47.64283429029812	-122.13998770622351	216.97499999992334	2.9387743593677524	0.0	0.2571094411053381
336.800000	1787825059989108224	47.64283693311133	-122.13998736304521	216.97499999992334	2.9387743593677524	0.0	0.2571094411053381
336.900000	1787825060088108288	47.64283957592454	-122.13998701986692	216.97499999992334	2.9387743593677524	0.0	0.2571094411053381
337.000000	1787825060187108352	47.642842218737755	-122.13998667668864	216.97499999992334	2.9387743593677524	0.0	0.2571094411053381
337.100000	1787825060289108224	47.64284486155097	-122.13998633351035	216.97499999992334	2.9387743593677524	0.0	0.2571094411053381
337.200000	1787825060388108288	47.64284750436418	-122.13998599033206	216.97499999992334	2.9387743593677524	0.0	0.2571094411053381
337.300000	1787825060487108352	47.64285014717739	-122.13998564715378	216.97499999992334	2.9387743593677524	0.0	0.2571094411053381
337.400000	1787825060589108224	47.642852789990606	-122.13998530397548	216.97499999992334	2.9387743593677524	0.0	0.2571094411053381
337.500000	1787825060688108288	47.64285543280382	-122.1399849607972	216.97499999992334	2.9387743593677524	0.0	0.2571094411053381
337.600000	1787825060787108096	47.64285807561703	-122.13998461761891	216.97499999992334	2.9387743593677524	0.0	0.2571094411053381
337.700000	1787825060889108224	47.64286071843024	-122.13998427444062	216.97499999992334	2.9387743593677524	0.0	0.2571094411053381
337.800000	1787825060988108032	47.64286336124346	-122.13998393126234	216.97499999992334	2.9387743593677524	0.0	0.2571094411053381
337.900000	1787825061087108096	47.64286600405667	-122.13998358808405	216.97499999992334	2.9387743593677524	0.0	0.2571094411053381
338.000000	1787825061189108224	47.64286864686988	-122.13998324490576	216.97499999992334	2.9387743593677524	0.0	0.2571094411053381
338.100000	1787825061288108032	47.64287128968309	-122.13998290172746	216.97499999992334	2.9387743593677524	0.0	0.2571094411053381
338.200000	1787825061387108096	47.64287393249631	-122.13998255854918	216.97499999992334	2.9387743593677524	0.0	0.2571094411053381
338.300000	1787825061489108224	47.642876575309515	-122.13998221537089	216.97499999992334	2.9387743593677524	0.0	0.2571094411053381
338.400000	1787825061588108288	47.64287921812273	-122.1399818721926	216.97499999992334	2.9387743593677524	0.0	0.2571094411053381
338.500000	1787825061687108352	47.642881860935944	-122.13998152901432	216.97499999992334	2.9387743593677524	0.0	0.2571094411053381
338.600000	1787825061789108224	47.64288450374916	-122.13998118583604	216.97499999992334	2.9387743593677524	0.0	0.2571094411053381
338.700000	1787825061888108288	47.642887146562366	-122.13998084265775	216.97499999992334	2.9387743593677524	0.0	0.2571094411053381
338.800000	1787825061987108352	47.64288978937558	-122.13998049947945	216.97499999992334	2.9387743593677524	0.0	0.2571094411053381
338.900000	1787825062089108224	47.642892432188795	-122.13998015630116	216.97499999992334	2.9387743593677524	0.0	0.2571094411053381
339.000000	1787825062188108288	47.64289507500201	-122.13997981312288	216.97499999992334	2.9387743593677524	0.0	0.2571094411053381
339.100000	1787825062287108096	47.64289771781522	-122.13997946994459	216.97499999992334	2.9387743593677524	0.0	0.2571094411053381
339.200000	1787825062389108224	47.64290036062843	-122.1399791267663	216.97499999992334	2.9387743593677524	0.0	0.2571094411053381
339.300000	1787825062488108032	47.642903003441646	-122.13997878358802	216.97499999992334	2.9387743593677524	0.0	0.2571094411053381
339.400000	1787825062587108096	47.64290564625486	-122.13997844040972	216.97499999992334	2.9387743593677524	0.0	0.2571094411053381
339.500000	1787825062689108224	47.64290828906807	-122.13997809723143	216.97499999992334	2.9387743593677524	0.0	0.2571094411053381
339.600000	1787825062788108032	47.64291093188128	-122.13997775405315	216.97499999992334	2.9387743593677524	0.0	0.2571094411053381
339.700000	1787825062887108096	47.6429135746945	-122.13997741087486	216.97499999992334	2.9387743593677524	0.0	0.2571094411053381
339.800000	1787825062989108224	47.642916217507704	-122.13997706769658	216.97499999992334	2.9387743593677524	0.0	0.2571094411053381
339.900000	1787825063088108288	47.64291886032092	-122.13997672451829	216.97499999992334	2.9387743593677524	0.0	0.2571094411053381
340.000000	1787825063187108352	47.64292150313413	-122.13997638134	216.97499999992334	2.9387743593677524	0.0	0.2571094411053381
340.100000	1787825063289108224	47.64292414594735	-122.1399760381617	216.97499999992334	2.9387743593677524	0.0	0.2571094411053381
340.200000	1787825063388108288	47.642926788760555	-122.13997569498342	216.97499999992334	2.9387743593677524	0.0	0.2571094411053381
340.300000	1787825063487108352	47.64292943157377	-122.13997535180513	216.97499999992334	2.9387743593677524	0.0	0.2571094411053381
340.400000	1787825063589108224	47.642932074386984	-122.13997500862685	216.97499999992334	2.9387743593677524	0.0	0.2571094411053381
340.500000	1787825063688108288	47.6429347172002	-122.13997466544856	216.97499999992334	2.9387743593677524	0.0	0.2571094411053381
340.600000	1787825063787108096	47.642937360013406	-122.13997432227028	216.97499999992334	2.9387743593677524	0.0	0.2571094411053381
340.700000	1787825063889108224	47.64294000282662	-122.13997397909199	216.97499999992334	2.9387743593677524	0.0	0.2571094411053381
340.800000	1787825063988108032	47.642942645639835	-122.13997363591369	216.97499999992334	2.9387743593677524	0.0	0.2571094411053381
340.900000	1787825064087108096	47.64294528845304	-122.1399732927354	216.97499999992334	2.9387743593677524	0.0	0.2571094411053381
341.000000	1787825064189108224	47.64294793126626	-122.13997294955712	216.97499999992334	2.9387743593677524	0.0	0.2571094411053381
341.100000	1787825064288108032	47.64295057407947	-122.13997260637883	216.97499999992334	2.9387743593677524	0.0	0.2571094411053381
341.200000	1787825064387108096	47.642953216892685	-122.13997226320055	216.97499999992334	2.9387743593677524	0.0	0.2571094411053381
341.300000	1787825064489108224	47.64295585970589	-122.13997192002226	216.97499999992334	2.9387743593677524	0.0	0.2571094411053381
341.400000	1787825064588108288	47.64295850251911	-122.13997157684398	216.97499999992334	2.9387743593677524	0.0	0.2571094411053381
341.500000	1787825064687108352	47.64296114533232	-122.13997123366538	216.97499999992334	2.9387743593677524	0.0	0.2571094411053381
341.600000	1787825064789108224	47.642963788145536	-122.13997089048607	216.97499999992334	2.9387743593677524	0.0	0.2571094411053381
341.700000	1787825064888108288	47.642966430958744	-122.13997054730676	216.97499999992334	2.9387743593677524	0.0	0.2571094411053381
341.800000	1787825064987108352	47.64296907377196	-122.13997020412747	216.97499999992334	2.9387743593677524	0.0	0.2571094411053381
341.900000	1787825065089108224	47.64297171658517	-122.13996986094816	216.97499999992334	2.9387743593677524	0.0	0.2571094411053381
342.000000	1787825065188108288	47.64297435939839	-122.13996951776885	216.97499999992334	2.9387743593677524	0.0	0.2571094411053381
342.100000	1787825065287108096	47.642977002211595	-122.13996917458954	216.97499999992334	2.9387743593677524	0.0	0.2571094411053381
342.200000	1787825065389108224	47.64297964502481	-122.13996883141023	216.97499999992334	2.9387743593677524	0.0	0.2571094411053381
342.300000	1787825065488108032	47.642982287838024	-122.13996848823093	216.97499999992334	2.9387743593677524	0.0	0.2571094411053381
342.400000	1787825065587108096	47.64298493065123	-122.13996814505163	216.97499999992334	2.9387743593677524	0.0	0.2571094411053381
342.500000	1787825065689108224	47.642987573464445	-122.13996780187232	216.97499999992334	2.9387743593677524	0.0	0.2571094411053381
342.600000	1787825065788108032	47.64299021627766	-122.13996745869301	216.97499999992334	2.9387743593677524	0.0	0.2571094411053381
342.700000	1787825065887108096	47.642992859090874	-122.13996711551371	216.97499999992334	2.9387743593677524	0.0	0.2571094411053381
342.800000	1787825065989108224	47.64299550190408	-122.1399667723344	216.97499999992334	2.9387743593677524	0.0	0.2571094411053381
342.900000	1787825066088108288	47.642998144717296	-122.1399664291551	216.97499999992334	2.9387743593677524	0.0	0.2571094411053381
343.000000	1787825066187108352	47.64300078753051	-122.13996608597579	216.97499999992334	2.9387743593677524	0.0	0.2571094411053381
343.100000	1787825066289108224	47.643003430343725	-122.13996574279649	216.97499999992334	2.9387743593677524	0.0	0.2571094411053381
343.200000	1787825066388108288	47.64300607315693	-122.13996539961718	216.97499999992334	2.9387743593677524	0.0	0.2571094411053381
343.300000	1787825066487108352	47.64300871597015	-122.13996505643787	216.97499999992334	2.9387743593677524	0.0	0.2571094411053381
343.400000	1787825066589108224	47.64301135878336	-122.13996471325856	216.97499999992334	2.9387743593677524	0.0	0.2571094411053381
343.500000	1787825066688108288	47.64301400159657	-122.13996437007926	216.97499999992334	2.9387743593677524	0.0	0.2571094411053381
343.600000	1787825066787108096	47.643016644409784	-122.13996402689996	216.97499999992334	2.9387743593677524	0.0	0.2571094411053381
343.700000	1787825066889108224	47.643019287223	-122.13996368372065	216.97499999992334	2.9387743593677524	0.0	0.2571094411053381
343.800000	1787825066988108032	47.64302193003621	-122.13996334054134	216.97499999992334	2.9387743593677524	0.0	0.2571094411053381
343.900000	1787825067087108096	47.64302457284942	-122.13996299736203	216.97499999992334	2.9387743593677524	0.0	0.2571094411053381
344.000000	1787825067189108224	47.643027215662634	-122.13996265418274	216.97499999992334	2.9387743593677524	0.0	0.2571094411053381
344.100000	1787825067288108032	47.64302985847585	-122.13996231100343	216.97499999992334	2.9387743593677524	0.0	0.2571094411053381
344.200000	1787825067387108096	47.64303250128906	-122.13996196782412	216.97499999992334	2.9387743593677524	0.0	0.2571094411053381
344.300000	1787825067489108224	47.64303514410227	-122.13996162464481	216.97499999992334	2.9387743593677524	0.0	0.2571094411053381
344.400000	1787825067588108288	47.643037786915485	-122.13996128146552	216.97499999992334	2.9387743593677524	0.0	0.2571094411053381
344.500000	1787825067687108352	47.6430404297287	-122.13996093828621	216.97499999992334	2.9387743593677524	0.0	0.2571094411053381
344.600000	1787825067789108224	47.643043072541914	-122.1399605951069	216.97499999992334	2.93877435936775	0.0	0.25710944110533795
344.700000	1787825067888108288	47.64304571535512	-122.13996025192759	216.97499999992334	2.93877435936775	0.0	0.25710944110533795
344.800000	1787825067987108352	47.643048358168336	-122.13995990874828	216.97499999992334	2.93877435936775	0.0	0.25710944110533795
344.900000	1787825068089108224	47.64305100098155	-122.13995956556899	216.97499999992334	2.93877435936775	0.0	0.25710944110533795
345.000000	1787825068188108288	47.64305364379476	-122.13995922238968	216.97499999992334	2.93877435936775	0.0	0.25710944110533795
345.100000	1787825068287108096	47.64305628660797	-122.13995887921037	216.97499999992334	2.93877435936775	0.0	0.25710944110533795
345.200000	1787825068389108224	47.64305892942119	-122.13995853603106	216.97499999992334	2.93877435936775	0.0	0.25710944110533795
345.300000	1787825068488108032	47.6430615722344	-122.13995819285176	216.97499999992334	2.93877435936775	0.0	0.25710944110533795
345.400000	1787825068587108096	47.64306421504761	-122.13995784967246	216.97499999992334	2.93877435936775	0.0	0.25710944110533795
345.500000	1787825068689108224	47.64306685786082	-122.13995750649315	216.97499999992334	2.93877435936775	0.0	0.25710944110533795
345.600000	1787825068788108032	47.64306950067404	-122.13995716331384	216.97499999992334	2.93877435936775	0.0	0.25710944110533795
345.700000	1787825068887108096	47.64307214348725	-122.13995682013454	216.97499999992334	2.93877435936775	0.0	0.25710944110533795
345.800000	1787825068989108224	47.64307478630046	-122.13995647695523	216.97499999992334	2.93877435936775	0.0	0.25710944110533795
345.900000	1787825069088108288	47.643077429113674	-122.13995613377593	216.97499999992334	2.93877435936775	0.0	0.25710944110533795
346.000000	1787825069187108352	47.64308007192689	-122.13995579059662	216.97499999992334	2.93877435936775	0.0	0.25710944110533795
346.100000	1787825069289108224	47.643082714740096	-122.13995544741731	216.97499999992334	2.93877435936775	0.0	0.25710944110533795
346.200000	1787825069388108288	47.64308535755331	-122.13995510423801	216.97499999992334	2.93877435936775	0.0	0.25710944110533795
346.300000	1787825069487108352	47.643088000366525	-122.1399547610587	216.97499999992334	2.93877435936775	0.0	0.25710944110533795
346.400000	1787825069589108224	47.64309064317974	-122.1399544178794	216.97499999992334	2.93877435936775	0.0	0.25710944110533795
346.500000	1787825069688108288	47.64309328599295	-122.13995407470009	216.97499999992334	2.93877435936775	0.0	0.25710944110533795
346.600000	1787825069787108096	47.64309592880616	-122.13995373152079	216.97499999992334	2.93877435936775	0.0	0.25710944110533795
346.700000	1787825069889108224	47.643098571619376	-122.13995338834148	216.97499999992334	2.93877435936775	0.0	0.25710944110533795
346.800000	1787825069988108032	47.64310121443259	-122.13995304516217	216.97499999992334	2.93877435936775	0.0	0.25710944110533795
346.900000	1787825070087108096	47.6431038572458	-122.13995270198286	216.97499999992334	2.93877435936775	0.0	0.25710944110533795
347.000000	1787825070189108224	47.64310650005901	-122.13995235880357	216.97499999992334	2.93877435936775	0.0	0.25710944110533795
347.100000	1787825070288108032	47.64310914287223	-122.13995201562426	216.97499999992334	2.93877435936775	0.0	0.25710944110533795
347.200000	1787825070387108096	47.64311178568544	-122.13995167244495	216.97499999992334	2.93877435936775	0.0	0.25710944110533795
347.300000	1787825070489108224	47.64311442849865	-122.13995132926564	216.97499999992334	2.93877435936775	0.0	0.25710944110533795
347.400000	1787825070588108288	47.64311707131186	-122.13995098608565	216.97499999992334	2.93877435936775	0.0	0.25710944110533795
347.500000	1787825070687108352	47.64311971412508	-122.13995064290533	216.97499999992334	2.93877435936775	0.0	0.25710944110533795
347.600000	1787825070789108224	47.643122356938285	-122.139950299725	216.97499999992334	2.93877435936775	0.0	0.25710944110533795
347.700000	1787825070888108288	47.6431249997515	-122.13994995654468	216.97499999992334	2.93877435936775	0.0	0.25710944110533795
347.800000	1787825070987108352	47.643127642564714	-122.13994961336437	216.97499999992334	2.93877435936775	0.0	0.25710944110533795
347.900000	1787825071089108224	47.64313028537793	-122.13994927018403	216.97499999992334	2.93877435936775	0.0	0.25710944110533795
348.000000	1787825071188108288	47.643132928191136	-122.13994892700372	216.97499999992334	2.93877435936775	0.0	0.25710944110533795
348.100000	1787825071287108096	47.64313557100435	-122.13994858382338	216.97499999992334	2.93877435936775	0.0	0.25710944110533795
348.200000	1787825071389108224	47.643138213817565	-122.13994824064306	216.97499999992334	2.93877435936775	0.0	0.25710944110533795
348.300000	1787825071488108032	47.64314085663078	-122.13994789746275	216.97499999992334	2.93877435936775	0.0	0.25710944110533795
348.400000	1787825071587108096	47.64314349944399	-122.13994755428241	216.97499999992334	2.93877435936775	0.0	0.25710944110533795
348.500000	1787825071689108224	47.6431461422572	-122.1399472111021	216.97499999992334	2.93877435936775	0.0	0.25710944110533795
348.600000	1787825071788108032	47.643148785070416	-122.13994686792176	216.97499999992334	2.93877435936775	0.0	0.25710944110533795
348.700000	1787825071887108096	47.64315142788362	-122.13994652474145	216.97499999992334	2.93877435936775	0.0	0.25710944110533795
348.800000	1787825071989108224	47.64315407069684	-122.13994618156113	216.97499999992334	2.93877435936775	0.0	0.25710944110533795
348.900000	1787825072088108288	47.64315671351005	-122.1399458383808	216.97499999992334	2.93877435936775	0.0	0.25710944110533795
349.000000	1787825072187108352	47.64315935632327	-122.13994549520048	216.97499999992334	2.93877435936775	0.0	0.25710944110533795
349.100000	1787825072289108224	47.643161999136474	-122.13994515202016	216.97499999992334	2.93877435936775	0.0	0.25710944110533795
349.200000	1787825072388108288	47.64316464194969	-122.13994480883983	216.97499999992334	2.93877435936775	0.0	0.25710944110533795
349.300000	1787825072487108352	47.6431672847629	-122.13994446565951	216.97499999992334	2.93877435936775	0.0	0.25710944110533795
349.400000	1787825072589108224	47.64316992757612	-122.13994412247918	216.97499999992334	2.93877435936775	0.0	0.25710944110533795
349.500000	1787825072688108288	47.643172570389325	-122.13994377929886	216.97499999992334	2.93877435936775	0.0	0.25710944110533795
349.600000	1787825072787108096	47.64317521320254	-122.13994343611854	216.97499999992334	2.93877435936775	0.0	0.25710944110533795
349.700000	1787825072889108224	47.643177856015754	-122.13994309293821	216.97499999992334	2.93877435936775	0.0	0.25710944110533795
349.800000	1787825072988108032	47.64318049882897	-122.13994274975789	216.97499999992334	2.93877435936775	0.0	0.25710944110533795
349.900000	1787825073087108096	47.643183141642176	-122.13994240657756	216.97499999992334	2.93877435936775	0.0	0.25710944110533795
350.000000	1787825073189108224	47.64318578445539	-122.13994206339724	216.97499999992334	2.93877435936775	0.0	0.25710944110533795
350.100000	1787825073288108032	47.643188427268605	-122.13994172021692	216.97499999992334	2.93877435936775	0.0	0.25710944110533795
350.200000	1787825073387108096	47.64319107008181	-122.13994137703659	216.97499999992334	2.93877435936775	0.0	0.25710944110533795
350.300000	1787825073489108224	47.64319371289503	-122.13994103385627	216.97499999992334	2.93877435936775	0.0	0.25710944110533795
350.400000	1787825073588108288	47.64319635570824	-122.13994069067596	216.97499999992334	2.93877435936775	0.0	0.25710944110533795
350.500000	1787825073687108352	47.643198998521456	-122.13994034749562	216.97499999992334	2.93877435936775	0.0	0.25710944110533795
350.600000	1787825073789108224	47.64320164133466	-122.1399400043153	216.97499999992334	2.93877435936775	0.0	0.25710944110533795
350.700000	1787825073888108288	47.64320428414788	-122.13993966113497	216.97499999992334	2.93877435936775	0.0	0.25710944110533795
350.800000	1787825073987108352	47.64320692696109	-122.13993931795466	216.97499999992334	2.93877435936775	0.0	0.25710944110533795
350.900000	1787825074089108224	47.64320956977431	-122.13993897477434	216.97499999992334	2.93877435936775	0.0	0.25710944110533795
351.000000	1787825074188108288	47.643212212587514	-122.139938631594	216.97499999992334	2.93877435936775	0.0	0.25710944110533795
351.100000	1787825074287108096	47.64321485540073	-122.13993828841369	216.97499999992334	2.93877435936775	0.0	0.25710944110533795
351.200000	1787825074389108224	47.64321749821394	-122.13993794523336	216.97499999992334	2.93877435936775	0.0	0.25710944110533795
351.300000	1787825074488108032	47.64322014102715	-122.13993760205304	216.97499999992334	2.93877435936775	0.0	0.25710944110533795
351.400000	1787825074587108096	47.643222783840365	-122.13993725887272	216.97499999992334	2.93877435936775	0.0	0.25710944110533795
351.500000	1787825074689108224	47.64322542665358	-122.13993691569239	216.97499999992334	2.93877435936775	0.0	0.25710944110533795
351.600000	1787825074788108032	47.643228069466794	-122.13993657251207	216.97499999992334	2.93877435936775	0.0	0.25710944110533795
351.700000	1787825074887108096	47.64323071228	-122.13993622933174	216.97499999992334	2.93877435936775	0.0	0.25710944110533795
351.800000	1787825074989108224	47.643233355093216	-122.13993588615142	216.97499999992334	2.93877435936775	0.0	0.25710944110533795
351.900000	1787825075088108288	47.64323599790643	-122.1399355429711	216.97499999992334	2.93877435936775	0.0	0.25710944110533795
352.000000	1787825075187108352	47.643238640719645	-122.13993519979077	216.97499999992334	2.93877435936775	0.0	0.25710944110533795
352.100000	1787825075289108224	47.64324128353285	-122.13993485661045	216.97499999992334	2.93877435936775	0.0	0.25710944110533795
352.200000	1787825075388108288	47.64324392634607	-122.13993451343013	216.97499999992334	2.93877435936775	0.0	0.25710944110533795
352.300000	1787825075487108352	47.64324656915928	-122.1399341702498	216.97499999992334	2.93877435936775	0.0	0.25710944110533795
352.400000	1787825075589108224	47.643249211972496	-122.13993382706948	216.97499999992334	2.93877435936775	0.0	0.25710944110533795
352.500000	1787825075688108288	47.6432518547857	-122.13993348388915	216.97499999992334	2.93877435936775	0.0	0.25710944110533795
352.600000	1787825075787108096	47.64325449759892	-122.13993314070883	216.97499999992334	2.93877435936775	0.0	0.25710944110533795
352.700000	1787825075889108224	47.64325714041213	-122.13993279752852	216.97499999992334	2.93877435936775	0.0	0.25710944110533795
352.800000	1787825075988108032	47.64325978322534	-122.13993245434818	216.97499999992334	2.93877435936775	0.0	0.25710944110533795
352.900000	1787825076087108096	47.643262426038554	-122.13993211116787	216.97499999992334	2.93877435936775	0.0	0.25710944110533795
353.000000	1787825076189108224	47.64326506885177	-122.13993176798753	216.97499999992334	2.93877435936775	0.0	0.25710944110533795
353.100000	1787825076288108032	47.64326771166498	-122.13993142480722	216.97499999992334	2.93877435936775	0.0	0.25710944110533795
353.200000	1787825076387108096	47.64327035447819	-122.13993108162684	216.97499999992334	2.93877435936775	0.0	0.25710944110533795
353.300000	1787825076489108224	47.643272997291405	-122.1399307384455	216.97499999992334	2.93877435936775	0.0	0.25710944110533795
353.400000	1787825076588108288	47.64327564010462	-122.13993039526416	216.97499999992334	2.93877435936775	0.0	0.25710944110533795
353.500000	1787825076687108352	47.643278282917834	-122.13993005208282	216.97499999992334	2.93877435936775	0.0	0.25710944110533795
353.600000	1787825076789108224	47.64328092573104	-122.13992970890148	216.97499999992334	2.93877435936775	0.0	0.25710944110533795
353.700000	1787825076888108288	47.643283568544256	-122.13992936572014	216.97499999992334	2.93877435936775	0.0	0.25710944110533795
353.800000	1787825076987108352	47.64328621135747	-122.1399290225388	216.97499999992334	2.93877435936775	0.0	0.25710944110533795
353.900000	1787825077089108224	47.64328885417068	-122.13992867935745	216.97499999992334	2.93877435936775	0.0	0.25710944110533795
354.000000	1787825077188108288	47.64329149698389	-122.13992833617611	216.97499999992334	2.93877435936775	0.0	0.25710944110533795
354.100000	1787825077287108096	47.643294139797106	-122.13992799299477	216.97499999992334	2.93877435936775	0.0	0.25710944110533795
354.200000	1787825077389108224	47.64329678261032	-122.13992764981343	216.97499999992334	2.93877435936775	0.0	0.25710944110533795
354.300000	1787825077488108032	47.64329942542353	-122.13992730663209	216.97499999992334	2.93877435936775	0.0	0.25710944110533795
354.400000	1787825077587108096	47.64330206823674	-122.13992696345075	216.97499999992334	2.93877435936775	0.0	0.25710944110533795
354.500000	1787825077689108224	47.64330471104996	-122.1399266202694	216.97499999992334	2.93877435936775	0.0	0.25710944110533795
354.600000	1787825077788108032	47.64330735386317	-122.13992627708807	216.97499999992334	2.93877435936775	0.0	0.25710944110533795
354.700000	1787825077887108096	47.64330999667638	-122.13992593390672	216.97499999992334	2.93877435936775	0.0	0.25710944110533795
354.800000	1787825077989108224	47.643312639489594	-122.13992559072538	216.97499999992334	2.93877435936775	0.0	0.25710944110533795
354.900000	1787825078088108288	47.64331528230281	-122.13992524754404	216.97499999992334	2.93877435936775	0.0	0.25710944110533795
355.000000	1787825078187108352	47.64331792511602	-122.1399249043627	216.97499999992334	2.93877435936775	0.0	0.25710944110533795
355.100000	1787825078289108224	47.64332056792923	-122.13992456118136	216.97499999992334	2.93877435936775	0.0	0.25710944110533795
355.200000	1787825078388108288	47.643323210742444	-122.13992421800002	216.97499999992334	2.93877435936775	0.0	0.25710944110533795
355.300000	1787825078487108352	47.64332585355566	-122.13992387481868	216.97499999992334	2.93877435936775	0.0	0.25710944110533795
355.400000	1787825078589108224	47.643328496368866	-122.13992353163734	216.97499999992334	2.93877435936775	0.0	0.25710944110533795
355.500000	1787825078688108288	47.64333113918208	-122.139923188456	216.97499999992334	2.93877435936775	0.0	0.25710944110533795
355.600000	1787825078787108096	47.643333781995295	-122.13992284527465	216.97499999992334	2.93877435936775	0.0	0.25710944110533795
355.700000	1787825078889108224	47.64333642480851	-122.13992250209331	216.97499999992334	2.93877435936775	0.0	0.25710944110533795
355.800000	1787825078988108032	47.64333906762172	-122.13992215891197	216.97499999992334	2.93877435936775	0.0	0.25710944110533795
355.900000	1787825079087108096	47.64334171043493	-122.13992181573063	216.97499999992334	2.93877435936775	0.0	0.25710944110533795
356.000000	1787825079189108224	47.643344353248146	-122.13992147254929	216.97499999992334	2.93877435936775	0.0	0.25710944110533795
356.100000	1787825079288108032	47.64334699606136	-122.13992112936795	216.97499999992334	2.93877435936775	0.0	0.25710944110533795
356.200000	1787825079387108096	47.64334963887457	-122.13992078618661	216.97499999992334	2.93877435936775	0.0	0.25710944110533795
356.300000	1787825079489108224	47.64335228168778	-122.13992044300527	216.97499999992334	2.93877435936775	0.0	0.25710944110533795
356.400000	1787825079588108288	47.643354924501	-122.13992009982393	216.97499999992334	2.93877435936775	0.0	0.25710944110533795
356.500000	1787825079687108352	47.643357567314204	-122.13991975664258	216.97499999992334	2.93877435936775	0.0	0.25710944110533795
356.600000	1787825079789108224	47.64336021012742	-122.13991941346124	216.97499999992334	2.93877435936775	0.0	0.25710944110533795
356.700000	1787825079888108288	47.64336285294063	-122.1399190702799	216.97499999992334	2.93877435936775	0.0	0.25710944110533795
356.800000	1787825079987108352	47.64336549575385	-122.13991872709856	216.97499999992334	2.93877435936775	0.0	0.25710944110533795
356.900000	1787825080089108224	47.643368138567055	-122.13991838391722	216.97499999992334	2.93877435936775	0.0	0.25710944110533795
357.000000	1787825080188108288	47.64337078138027	-122.13991804073588	216.97499999992334	2.9387743593615916	0.0	0.2571094411757318
357.100000	1787825080287108096	47.643373424193484	-122.1399176975539	216.97499999992334	2.9387742126617136	0.0	0.2571111179574995
357.200000	1787825080389108224	47.64337606700628	-122.13991735436431	216.97499999992334	2.9387732480646345	0.0	0.25712214304191555
357.300000	1787825080488108032	47.64337870981755	-122.13991701114877	216.97499999992334	2.938770677040802	0.0	0.25715152682411874
357.400000	1787825080587108096	47.6433813526255	-122.13991666787675	216.97499999992334	2.9387657104411824	0.0	0.25720827964503634
357.500000	1787825080689108224	47.64338399542759	-122.13991632450565	216.97499999992334	2.93875755779625	0.0	0.2573014117299973
357.600000	1787825080788108032	47.64338663822063	-122.1399159809809	216.97499999992334	2.938745426338717	0.0	0.25743993310304303
357.700000	1787825080887108096	47.643389281000665	-122.13991563723594	216.97499999992334	2.9387285197500352	0.0	0.2576328534767884
357.800000	1787825080989108224	47.64339192376306	-122.13991529319222	216.97499999992334	2.938706036630673	0.0	0.2578891821175732
357.900000	1787825081088108288	47.643394566502415	-122.139914948759	216.97499999992334	2.938677168694209	0.0	0.2582179276855421
358.000000	1787825081187108352	47.64339720921266	-122.1399146038336	216.97499999992334	2.938641098685295	0.0	0.2586280980491332
358.100000	1787825081289108224	47.643399851886876	-122.13991425830132	216.97499999992334	2.9385969980215307	0.0	0.25912870007329475
358.200000	1787825081388108288	47.64340249451753	-122.13991391203548	216.97499999992334	2.9385440241593472	0.0	0.2597287393805673
358.300000	1787825081487108352	47.643405137096224	-122.13991356489734	216.97499999992334	2.938481317683981	0.0	0.26043722008393067
358.400000	1787825081589108224	47.643407779613824	-122.13991321673612	216.97499999992334	2.9384079991236702	0.0	0.2612631444901085
358.500000	1787825081688108288	47.643410422060384	-122.13991286738914	216.97499999992334	2.938323165488215	0.0	0.2622155127717378
358.600000	1787825081787108096	47.64341306442513	-122.1399125166815	216.97499999992334	2.938225886532074	0.0	0.2633033226065248
358.700000	1787825081889108224	47.64341570669644	-122.13991216442645	216.97499999992334	2.9381152007422067	0.0	0.26453556878123585
358.800000	1787825081988108032	47.64341834886181	-122.13991181042525	216.97499999992334	2.937990111050901	0.0	0.26592124275797124
358.900000	1787825082087108096	47.64342099090779	-122.13991145446701	216.97499999992334	2.937849580273873	0.0	0.2674693321998971
359.000000	1787825082189108224	47.64342363282009	-122.13991109632914	216.97499999992334	2.9376925262739566	0.0	0.26918882045316517
359.100000	1787825082288108032	47.6434262745833	-122.13991073577674	216.97499999992334	2.9375178168507725	0.0	0.27108868598136016
359.200000	1787825082387108096	47.643428916180994	-122.13991037256301	216.97499999992334	2.937324264356788	0.0	0.27317790174844864
359.300000	1787825082489108224	47.64343155759568	-122.13991000642942	216.97499999992334	2.9371106200402832	0.0	0.2754654345456315
359.400000	1787825082588108288	47.64343419880869	-122.13990963710498	216.97499999992334	2.9368755681157688	0.0	0.2779602442571784
359.500000	1787825082687108352	47.64343683980023	-122.13990926430725	216.97499999992334	2.9366177195624985	0.0	0.28067128305970546
359.600000	1787825082789108224	47.643439480549084	-122.13990888774157	216.97499999992334	2.936335605651803	0.0	0.28360749454887246
359.700000	1787825082888108288	47.64344212103274	-122.13990850710154	216.97499999992334	2.936027671204057	0.0	0.2867778127870232
359.800000	1787825082987108352	47.64344476122724	-122.1399081220686	216.97499999992334	2.935692267576213	0.0	0.2901911612645349
359.900000	1787825083089108224	47.64344740110712	-122.13990773231248	216.97499999992334	2.935327645380932	0.0	0.2938564517672927
360.000000	1787825083188108288	47.64345004064527	-122.1399073374909	216.97499999992334	2.9349319469384914	0.0	0.2977825831419021
360.100000	1787825083287108096	47.64345267981287	-122.13990693724982	216.97499999992334	2.9345031984627967	0.0	0.30197843994968404
360.200000	1787825083389108224	47.64345531857925	-122.13990653122329	216.97499999992334	2.9340393019829496	0.0	0.30645289099996176
360.300000	1787825083488108032	47.6434579569118	-122.13990611903347	216.97499999992334	2.933538027002067	0.0	0.31121478775220307
360.400000	1787825083587108096	47.64346059477588	-122.13990570029091	216.97499999992334	2.9329970018951754	0.0	0.3162729625762214
360.500000	1787825083689108224	47.64346323213462	-122.13990527459414	216.97499999992334	2.932413705048277	0.0	0.32163622685864673
360.600000	1787825083788108032	47.643465868948795	-122.1399048415301	216.97499999992334	2.931785455740897	0.0	0.3273133689432342
360.700000	1787825083887108096	47.64346850517672	-122.13990440067397	216.97499999992334	2.9311094047746953	0.0	0.33331315189197325
360.800000	1787825083989108224	47.643471140774054	-122.13990395158935	216.97499999992334	2.9303825248510265	0.0	0.33964431105282883
360.900000	1787825084088108288	47.64347377569365	-122.13990349382809	216.97499999992334	2.929601600700644	0.0	0.3463155514195909
361.000000	1787825084187108352	47.6434764098854	-122.13990302693045	216.97499999992334	2.928763218969099	0.0	0.35333554476813395
361.100000	1787825084289108224	47.643479043296026	-122.13990255042509	216.97499999992334	2.927863757861801	0.0	0.3607129265526812
361.200000	1787825084388108288	47.64348167586886	-122.13990206382925	216.97499999992334	2.9268993765530795	0.0	0.3684562925450226
361.300000	1787825084487108352	47.64348430754375	-122.13990156664887	216.97499999992334	2.925866004364105	0.0	0.3765741951983073
361.400000	1787825084589108224	47.64348693825671	-122.13990105837809	216.97499999992334	2.924759329715006	0.0	0.38507513971672835
361.500000	1787825084688108288	47.64348956793977	-122.13990053850027	216.97499999992334	2.923574788857067	0.0	0.3939675798110619
361.600000	1787825084787108096	47.64349219652077	-122.13990000648695	216.97499999992334	2.9223075543915393	0.0	0.40325991311927906
361.700000	1787825084889108224	47.643494823923085	-122.13989946179903	216.97499999992334	2.920952523582166	0.0	0.4129604762707964
361.800000	1787825084988108032	47.64349745006535	-122.13989890388599	216.97499999992334	2.9195043064693404	0.0	0.4230775395714151
361.900000	1787825085087108096	47.6435000748612	-122.13989833218643	216.97499999992334	2.9179572137944785	0.0	0.43361930128580667
362.000000	1787825085189108224	47.643502698219116	-122.13989774612801	216.97499999992334	2.9163052447440974	0.0	0.44459388149287166
362.100000	1787825085288108032	47.64350532004189	-122.1398971451277	216.97499999992334	2.914542074523967	0.0	0.45600931548857704
362.200000	1787825085387108096	47.643507940226584	-122.13989652859173	216.97499999992334	2.912661041774617	0.0	0.46787354671025533
362.300000	1787825085489108224	47.64351055866406	-122.13989589591587	216.97499999992334	2.910655135840644	0.0	0.4801944191546906
362.400000	1787825085588108288	47.643513175238745	-122.13989524648525	216.97499999992334	2.908516983907241	0.0	0.4929796692622855
362.500000	1787825085687108352	47.64351578982826	-122.13989457967504	216.97499999992334	2.9062388380186914	0.0	0.5062369172379614
362.600000	1787825085789108224	47.64351840230308	-122.1398938948502	216.97499999992334	2.9038125619948274	0.0	0.5199736577788026
362.700000	1787825085888108288	47.643521012526186	-122.13989319136587	216.97499999992334	2.9012296182627737	0.0	0.5341972501779387
362.800000	1787825085987108352	47.64352362035266	-122.1398924685673	216.97499999992334	2.8984810546229256	0.0	0.5489149077724172
362.900000	1787825086089108224	47.64352622562942	-122.13989172579028	216.97499999992334	2.8955574909695083	0.0	0.5641336867030669
363.000000	1787825086188108288	47.64352882819471	-122.13989096236133	216.97499999992334	2.8924491059879047	0.0	0.5798604739526543
363.100000	1787825086287108096	47.643531427877704	-122.13989017759793	216.97499999992334	2.8891456238526985	0.0	0.5961019746281917
363.200000	1787825086389108224	47.64353402449817	-122.13988937080856	216.97499999992334	2.8856363009521835	0.0	0.612864698452953
363.300000	1787825086488108032	47.64353661786599	-122.13988854129336	216.97499999992334	2.8819099126673566	0.0	0.6301549454320414
363.400000	1787825086587108096	47.643539207780755	-122.13988768834416	216.97499999992334	2.877954740235296	0.0	0.647978790656005
363.500000	1787825086689108224	47.643541794031215	-122.13988681124479	216.97499999992334	2.873758557729336	0.0	0.6663420682053893
363.600000	1787825086788108032	47.64354437639494	-122.13988590927134	216.97499999992334	2.869308619190798	0.0	0.6852503541190066
363.700000	1787825086887108096	47.64354695463784	-122.139884981693	216.97499999992334	2.864591645949486	0.0	0.7047089483887974
363.800000	1787825086989108224	47.643549528513596	-122.13988402777167	216.97499999992334	2.8595938141731247	0.0	0.7247228559426222
363.900000	1787825087088108288	47.64355209776318	-122.13988304676305	216.97499999992334	2.854300742688445	0.0	0.7452967665775969
364.000000	1787825087187108352	47.6435546621144	-122.13988203791675	216.97499999992334	2.848697481119886	0.0	0.7664350338052449
364.100000	1787825087289108224	47.6435572212814	-122.13988100047672	216.97499999992334	2.8427684983949586	0.0	0.7881416525702087
364.200000	1787825087388108288	47.64355977496405	-122.13987993368187	216.97499999992334	2.836497671668471	0.0	0.810420235804963
364.300000	1787825087487108352	47.64356232284743	-122.13987883676657	216.97499999992334	2.829868275721647	0.0	0.8332739897818849
364.400000	1787825087589108224	47.64356486460135	-122.13987770896135	216.97499999992334	2.8228629728953765	0.0	0.8567056882261879
364.500000	1787825087688108288	47.64356739987973	-122.13987654949291	216.97499999992334	2.815463803620987	0.0	0.8807176451524493
364.600000	1787825087787108096	47.643569928320055	-122.13987535758564	216.97499999992334	2.807652177615794	0.0	0.9053116863887922
364.700000	1787825087889108224	47.64357244954282	-122.1398741324616	216.97499999992334	2.799408865814602	0.0	0.9304891197544615
364.800000	1787825087988108032	47.64357496315093	-122.13987287334153	216.97499999992334	2.790713993113125	0.0	0.956250703856174
364.900000	1787825088087108096	47.64357746872911	-122.13987157944553	216.97499999992334	2.78154703200317	0.0	0.9825966154720785
365.000000	1787825088189108224	47.64357996584333	-122.13987024999398	216.97499999992334	2.7718867972087438	0.0	1.0095264154259076
365.100000	1787825088288108032	47.64358245404063	-122.13986888420943	216.97499999992334	2.761713132915535	0.0	1.037034508328768
365.200000	1787825088387108096	47.643584932852576	-122.13986748133422	216.97499999992334	2.751011927595379	0.0	1.0650978237752557
365.300000	1787825088489108224	47.64358740179918	-122.1398660406455	216.97499999992334	2.7397708710556534	0.0	1.0936889750279895
365.400000	1787825088588108288	47.64358986038958	-122.13986456145706	216.97499999992334	2.727978088799193	0.0	1.1227802754832892
365.500000	1787825088687108352	47.64359230812248	-122.13986304311996	216.97499999992334	2.715622189439421	0.0	1.152343752622052
365.600000	1787825088789108224	47.643594744486535	-122.13986148502296	216.97499999992334	2.7026923105770773	0.0	1.1823511637116821
365.700000	1787825088888108288	47.6435971689609	-122.13985988659228	216.97499999992334	2.6891781630729596	0.0	1.2127740132581868
365.800000	1787825088987108352	47.64359958101574	-122.13985824729257	216.97499999992334	2.6750700736514488	0.0	1.2435835721966024
365.900000	1787825089089108224	47.64360198011285	-122.13985656662702	216.97499999992334	2.660359025768444	0.0	1.2747508988014893
366.000000	1787825089188108288	47.64360436570619	-122.13985484413747	216.97499999992334	2.645036698678571	0.0	1.306246861288629
366.100000	1787825089287108096	47.64360673724257	-122.13985307940483	216.97499999992334	2.6290955046369464	0.0	1.3380421620713707
366.200000	1787825089389108224	47.643609094162315	-122.13985127204916	216.97499999992334	2.612528624171612	0.0	1.3701073636276877
366.300000	1787825089488108032	47.64361143589999	-122.13984942172988	216.97499999992334	2.595330039365421	0.0	1.4024129159239476
366.400000	1787825089587108096	47.64361376188513	-122.13984752814595	216.97499999992334	2.577494565087003	0.0	1.4349291853362625
366.500000	1787825089689108224	47.64361607154294	-122.13984559103586	216.97499999992334	2.5590178781140156	0.0	1.4676264850007539
366.600000	1787825089788108032	47.643618364295186	-122.13984361017792	216.97499999992334	2.5398965440945	0.0	1.500475106517814
366.700000	1787825089887108096	47.64362063956098	-122.13984158538989	216.97499999992334	2.5201280422950507	0.0	1.5334453529294554
366.800000	1787825089989108224	47.64362289675749	-122.13983951652932	216.97499999992334	2.499710788089561	0.0	1.566507572880353
366.900000	1787825090088108288	47.64362513530097	-122.13983740349313	216.97499999992334	2.4786441531450025	0.0	1.5996321958697013
367.000000	1787825090187108352	47.64362735460752	-122.1398352462177	216.97499999992334	2.4569284832665637	0.0	1.6327897684932655
367.100000	1787825090289108224	47.64362955409397	-122.13983304467854	216.97499999992334	2.4345651138689584	0.0	1.6659509915705972
367.200000	1787825090388108288	47.64363173317887	-122.13983079889033	216.97499999992334	2.4115563830454594	0.0	1.699086758048432
367.300000	1787825090487108352	47.64363389128325	-122.13982850890638	216.97499999992334	2.3879056422132607	0.0	1.7321681915648093
367.400000	1787825090589108224	47.643636027831676	-122.1398261748181	216.97499999992334	2.3636172643179383	0.0	1.7651666855572066
367.500000	1787825090688108288	47.64363814225304	-122.13982379675538	216.97499999992334	2.3386966495873964	0.0	1.798053942792461
367.600000	1787825090787108096	47.643640233981614	-122.13982137488527	216.97499999992334	2.3131502288316113	0.0	1.830802015194186
367.700000	1787825090889108224	47.64364230245787	-122.13981890941193	216.97499999992334	2.286985464290398	0.0	1.8633833438418572
367.800000	1787825090988108032	47.64364434712952	-122.13981640057622	216.97499999992334	2.2602108480398915	0.0	1.8957707990117438
367.900000	1787825091087108096	47.64364636745231	-122.13981384865467	216.97499999992334	2.2328358979733567	0.0	1.92793772013111
368.000000	1787825091189108224	47.643648362891014	-122.13981125395912	216.97499999992334	2.2048711513806163	0.0	1.9598579555142108
368.100000	1787825091288108032	47.64365033292038	-122.13980861683608	216.97499999992334	2.1763281561569014	0.0	1.9915059017491086
368.200000	1787825091387108096	47.643652277025964	-122.13980593766577	216.97499999992334	2.1472194596783045	0.0	2.022856542605441
368.300000	1787825091489108224	47.64365419470501	-122.13980321686125	216.97499999992334	2.117558595390012	0.0	2.0538854873319274
368.400000	1787825091588108288	47.643656085467434	-122.1398004548679	216.97499999992334	2.0873600671582966	0.0	2.0845690082162647
368.500000	1787825091687108352	47.64365794883657	-122.13979765216214	216.97499999992334	2.056639331446152	0.0	2.1148840772797817
368.600000	1787825091789108224	47.643659784350135	-122.13979480925093	216.97499999992334	2.02541277737864	0.0	2.144808401982371
368.700000	1787825091888108288	47.643661591560964	-122.1397919266701	216.97499999992334	1.9936977047699471	0.0	2.1743204598167845
368.800000	1787825091987108352	47.64366337003783	-122.13978900498394	216.97499999992334	1.9615123001927581	0.0	2.2033995316726704
368.900000	1787825092089108224	47.6436651193663	-122.13978604478376	216.97499999992334	1.9288756111743939	0.0	2.232025733856901
369.000000	1787825092188108288	47.643666839149375	-122.1397830466868	216.97499999992334	1.895807518612301	0.0	2.260180048658934
369.100000	1787825092287108096	47.64366852900834	-122.13978001133495	216.97499999992334	1.8623287075065016	0.0	2.2878443533553567
369.200000	1787825092389108224	47.64367018858346	-122.13977693939411	216.97499999992334	1.8284606361112457	0.0	2.3150014475534326
369.300000	1787825092488108032	47.643671817534575	-122.13977383155213	216.97499999992334	1.7942255036153967	0.0	2.341635078776987
369.400000	1787825092587108096	47.643673415541876	-122.1397706885181	216.97499999992334	1.7596462164632332	0.0	2.367729966205914
369.500000	1787825092689108224	47.64367498230638	-122.13976751102062	216.97499999992334	1.7247463534338519	0.0	2.3932718224847465
369.600000	1787825092788108032	47.64367651755068	-122.13976429980694	216.97499999992334	1.6895501296005198	0.0	2.4182473735227537
369.700000	1787825092887108096	47.643678021019326	-122.13976105564124	216.97499999992334	1.6540823592938958	0.0	2.4426443762151644
369.800000	1787825092989108224	47.64367949247953	-122.13975777930327	216.97499999992334	1.6183684181983966	0.0	2.4664516340201867
369.900000	1787825093088108288	47.6436809317215	-122.13975447158714	216.97499999992334	1.5824342047107522	0.0	2.489659010335407
370.000000	1787825093187108352	47.643682338559	-122.13975113329974	216.97499999992334	1.5463061006941647	0.0	2.512257439622547
370.100000	1787825093289108224	47.64368371282965	-122.1397477652594	216.97499999992334	1.5100109317621895	0.0	2.534238936237369
370.200000	1787825093388108288	47.64368505439546	-122.13974436829413	216.97499999992334	1.4735759272266076	0.0	2.555596600929237
370.300000	1787825093487108352	47.643686363143054	-122.13974094324071	216.97499999992334	1.4370286798464547	0.0	2.57632462498063
370.400000	1787825093589108224	47.643687638984005	-122.13973749094278	216.97499999992334	1.4003971055125295	0.0	2.5964182919658683
370.500000	1787825093688108288	47.64368888185515	-122.13973401224975	216.97499999992334	1.3637094030035888	0.0	2.6158739771140396
370.600000	1787825093787108096	47.643690091718824	-122.13973050801488	216.97499999992334	1.326994013948517	0.0	2.6346891442687563
370.700000	1787825093889108224	47.64369126856295	-122.13972697909426	216.97499999992334	1.2902795831262603	0.0	2.652862340444817
370.800000	1787825093988108032	47.64369241240133	-122.13972342634504	216.97499999992334	1.2535949192357243	0.0	2.6703931879873433
370.900000	1787825094087108096	47.64369352327374	-122.13971985062443	216.97499999992334	1.216968956262365	0.0	2.6872823743470873
371.000000	1787825094189108224	47.64369460124605	-122.13971625278776	216.97499999992334	1.180430715567543	0.0	2.7035316394907474
371.100000	1787825094288108032	47.643695646410166	-122.13971263368742	216.97499999992334	1.1440092688222945	0.0	2.7191437609717344
371.200000	1787825094387108096	47.64369665888424	-122.1397089941715	216.97499999992334	1.107733701902302	0.0	2.7341225366930155
371.300000	1787825094489108224	47.6436976388125	-122.13970533508231	216.97499999992334	1.0716330798587432	0.0	2.748472765398139
371.400000	1787825094588108288	47.64369858636533	-122.139701657255	216.97499999992334	1.0357364130720426	0.0	2.7622002249329225
371.500000	1787825094687108352	47.64369950173914	-122.13969796151645	216.97499999992334	1.0000726246925626	0.0	2.7753116483240863
371.600000	1787825094789108224	47.64370038515638	-122.13969424868395	216.97499999992334	0.9646705194658077	0.0	2.7878146977258726
371.700000	1787825094888108288	47.64370123686521	-122.13969051956394	216.97499999992334	0.9295587540326589	0.0	2.7997179362900257
371.800000	1787825094987108352	47.643702057139606	-122.13968677495079	216.97499999992334	0.8947658087912883	0.0	2.8110307980171436
371.900000	1787825095089108224	47.643702846278956	-122.13968301562576	216.97499999992334	0.8603199613977142	0.0	2.8217635556515828
372.000000	1787825095188108288	47.64370360460806	-122.13967924235591	216.97499999992334	0.8262492619774116	0.0	2.8319272866838605
372.100000	1787825095287108096	47.6437043324768	-122.1396754558929	216.97499999992334	0.7925815101121385	0.0	2.841533837527048
372.200000	1787825095389108224	47.64370503025997	-122.13967165697213	216.97499999992334	0.7593442336578086	0.0	2.8505957859355404
372.300000	1787825095488108032	47.64370569835692	-122.1396678463117	216.97499999992334	0.7265646694436964	0.0	2.8591264017351525
372.400000	1787825095587108096	47.643706337191404	-122.13966402461168	216.97499999992334	0.6942697458925964	0.0	2.8671396059349914
372.500000	1787825095689108224	47.643706947211264	-122.13966019255314	216.97499999992334	0.662486067595647	0.0	2.8746499282911797
372.600000	1787825095788108032	47.64370752888808	-122.13965635079707	216.97499999992334	0.6312399018663405	0.0	2.8816724633925004
372.700000	1787825095887108096	47.64370808271691	-122.13965249998432	216.97499999992334	0.600557167288955	0.0	2.8882228253375284
372.800000	1787825095989108224	47.64370860921599	-122.13964864073453	216.97499999992334	0.5704634242702671	0.0	2.8943171010711093
372.900000	1787825096088108288	47.64370910892634	-122.13964477364543	216.97499999992334	0.5409838675920625	0.0	2.8999718024470447
373.000000	1787825096187108352	47.64370958241145	-122.13964089929252	216.97499999992334	0.5121433209553656	0.0	2.90520381708128
373.100000	1787825096289108224	47.64371003025599	-122.13963701822831	216.97499999992334	0.4839617151966332	0.0	2.9100311094912303
373.200000	1787825096388108288	47.64371045305433	-122.13963313097922	216.97499999992334	0.4564407084584488	0.0	2.9144745460622534
373.300000	1787825096487108352	47.64371085139911	-122.13962923804357	216.97499999992334	0.42957704167287597	0.0	2.9185550474936073
373.400000	1787825096589108224	47.64371122587984	-122.13962533989239	216.97499999992334	0.4033669642998458	0.0	2.922292780009278
373.500000	1787825096688108288	47.6437115770824	-122.13962143697013	216.97499999992334	0.377806266893229	0.0	2.925707166597339
373.600000	1787825096787108096	47.64371190558873	-122.13961752969566	216.97499999992334	0.352890312077304	0.0	2.9288168989584875
373.700000	1787825096889108224	47.64371221197637	-122.13961361846367	216.97499999992334	0.32861406397762305	0.0	2.9316399500857773
373.800000	1787825096988108032	47.643712496818246	-122.13960970364525	216.97499999992334	0.30497211615291553	0.0	2.9341935874021745
373.900000	1787825097087108096	47.643712760682206	-122.13960578558874	216.97499999992334	0.28195871807328027	0.0	2.9364943863875004
374.000000	1787825097189108224	47.64371300413078	-122.13960186462103	216.97499999992334	0.25956780019210907	0.0	2.938558244630564
374.100000	1787825097288108032	47.64371322772093	-122.13959794104811	216.97499999992334	0.23779299765869608	0.0	2.9404003962466265
374.200000	1787825097387108096	47.643713432003736	-122.13959401515604	216.97499999992334	0.21662767271817512	0.0	2.9420354266044346
374.300000	1787825097489108224	47.643713617524234	-122.1395900872121	216.97499999992334	0.19606493584675252	0.0	2.9434772873107473
374.400000	1787825097588108288	47.64371378482114	-122.13958615746499	216.97499999992334	0.17609766566826787	0.0	2.9447393114041547
374.500000	1787825097687108352	47.64371393442667	-122.1395822261463	216.97499999992334	0.1567185276992408	0.0	2.945834228713254
374.600000	1787825097789108224	47.64371406686633	-122.13957829347092	216.97499999992334	0.1379199919685329	0.0	2.9467741813376587
374.700000	1787825097888108288	47.64371418265883	-122.13957435963795	216.97499999992334	0.11969434955676393	0.0	2.947570739213397
374.800000	1787825097987108352	47.643714282315855	-122.1395704248311	216.97499999992334	0.10203372810121761	0.0	2.9482349157271366
374.900000	1787825098089108224	47.64371436634192	-122.13956648922036	216.97499999992334	0.08493010630975724	0.0	2.9487771833465213
375.000000	1787825098188108288	47.64371443523422	-122.13956255296155	216.97499999992334	0.06837532752774746	0.0	2.9492074892364393
375.100000	1787825098287108096	47.643714489482655	-122.13955861619776	216.97499999992334	0.052361112400553696	0.0	2.9495352708335267
375.200000	1787825098389108224	47.64371452956956	-122.13955467905993	216.97499999992334	0.03687907067297385	0.0	2.949769471353503
375.300000	1787825098488108032	47.643714555969716	-122.13955074166722	216.97499999992334	0.02192071216702768	0.0	2.9499185552080784
375.400000	1787825098587108096	47.64371456915021	-122.13954680412787	216.97499999992334	0.007477456977271116	0.0	2.949990523310199
375.500000	1787825098689108224	47.64371456957039	-122.13954286653974	216.97499999992334	-0.006459355077179693	0.0	2.949992928248272
375.600000	1787825098788108032	47.64371455768176	-122.13953892899073	216.97499999992334	-0.019898455706217923	0.0	2.949932889311778
375.700000	1787825098887108096	47.643714533928	-122.13953499155976	216.97499999992334	-0.03284864007158396	0.0	2.9498171073522976
375.800000	1787825098989108224	47.64371449874476	-122.13953105431705	216.97499999992334	-0.04531875934284653	0.0	2.9496518794655167
375.900000	1787825099088108288	47.64371445255977	-122.13952711732458	216.97499999992334	-0.05731771385261168	0.0	2.949443113481177
376.000000	1787825099187108352	47.643714395792756	-122.13952318063669	216.97499999992334	-0.06885444681722216	0.0	2.949196342249244
376.100000	1787825099289108224	47.643714328855324	-122.13951924430063	216.97499999992334	-0.07993793859071884	0.0	2.948916737711781
376.200000	1787825099388108288	47.643714252151014	-122.13951530835705	216.97499999992334	-0.09057720142121528	0.0	2.948609124751114
376.300000	1787825099487108352	47.643714166075284	-122.13951137284033	216.97499999992334	-0.10078127467916895	0.0	2.9482779948059297
376.400000	1787825099589108224	47.64371407101541	-122.13950743777887	216.97499999992334	-0.11055922052906121	0.0	2.947927519247859
376.500000	1787825099688108288	47.64371396735049	-122.13950350319607	216.97499999992334	-0.11992012001637684	0.0	2.947561562511984
376.600000	1787825099787108096	47.64371385545155	-122.13949956911004	216.97499999992334	-0.12887306954312086	0.0	2.9471836949754864
376.700000	1787825099889108224	47.6437137356813	-122.13949563553444	216.97499999992334	-0.13742717770643498	0.0	2.946797205579385
376.800000	1787825099988108032	47.64371360839435	-122.13949170247876	216.97499999992334	-0.1455915624753021	0.0	2.946405114188955
376.900000	1787825100087108096	47.64371347393707	-122.13948776994864	216.97499999992334	-0.15337534868214275	0.0	2.946010183689028
377.000000	1787825100189108224	47.64371333264762	-122.13948383794622	216.97499999992334	-0.16078766580650286	0.0	2.9456149318108986
377.100000	1787825100288108032	47.64371318485594	-122.13947990647026	216.97499999992334	-0.167837646029287	0.0	2.9452216426880637
377.200000	1787825100387108096	47.64371303088378	-122.1394759755168	216.97499999992334	-0.17453442253720322	0.0	2.9448323781384285
377.300000	1787825100489108224	47.643712871044656	-122.13947204507916	216.97499999992334	-0.18088712805750695	0.0	2.9444489886710445
377.400000	1787825100588108288	47.6437127056439	-122.13946811514852	216.97499999992334	-0.18690489360472345	0.0	2.944073124215741
377.500000	1787825100687108352	47.6437125349786	-122.13946418571369	216.97499999992334	-0.19259684742141991	0.0	2.943706244574373
377.600000	1787825100789108224	47.64371235933762	-122.13946025676186	216.97499999992334	-0.19797211409627913	0.0	2.9433496295926314
377.700000	1787825100888108288	47.643712179001724	-122.13945632827858	216.97499999992334	-0.2030398138436901	0.0	2.943004389051628
377.800000	1787825100987108352	47.643711994243354	-122.13945240024806	216.97499999992334	-0.2078090619295533	0.0	2.942671472278682
377.900000	1787825101089108224	47.64371180532685	-122.13944847265321	216.97499999992334	-0.21228896822932622	0.0	2.942351677476871
378.000000	1787825101188108288	47.643711612508284	-122.1394445454761	216.97499999992334	-0.21648863690475084	0.0	2.942045660773121
378.100000	1787825101287108096	47.64371141603561	-122.13944061869798	216.97499999992334	-0.22041716618666596	0.0	2.9417539449847037
378.200000	1787825101389108224	47.643711216148546	-122.13943669229934	216.97499999992334	-0.22408364825217236	0.0	2.9414769281041155
378.300000	1787825101488108032	47.643711013078686	-122.13943276626061	216.97499999992334	-0.227497169184865	0.0	2.9412148915024385
378.400000	1787825101587108096	47.643710807049395	-122.13942884056151	216.97499999992334	-0.2306668090079209	0.0	2.940968007851315
378.500000	1787825101689108224	47.64371059827593	-122.13942491518183	216.97499999992334	-0.23360164178023574	0.0	2.9407363487637594
378.600000	1787825101788108032	47.64371038696538	-122.13942099010116	216.97499999992334	-0.23631073574662254	0.0	2.940519892154059
378.700000	1787825101887108096	47.64371017331665	-122.13941706529945	216.97499999992334	-0.23880315353375617	0.0	2.9403185293170466
378.800000	1787825101989108224	47.643709957520564	-122.13941314075647	216.97499999992334	-0.24108795238398725	0.0	2.9401320717270725
378.900000	1787825102088108288	47.64370973975975	-122.13940921645263	216.97499999992334	-0.24317418442000258	0.0	2.9399602575569785
379.000000	1787825102187108352	47.643709520208695	-122.1394052923685	216.97499999992334	-0.24507089693367448	0.0	2.9398027579174344
379.100000	1787825102289108224	47.64370929903376	-122.13940136848537	216.97499999992334	-0.24678713269306402	0.0	2.939659182816941
379.200000	1787825102388108288	47.64370907639321	-122.13939744478473	216.97499999992334	-0.24833193026212527	0.0	2.9395290868428425
379.300000	1787825102487108352	47.64370885243713	-122.13939352124918	216.97499999992334	-0.2497143243280406	0.0	2.9394119745636575
379.400000	1787825102589108224	47.6437086273075	-122.13938959786155	216.97499999992334	-0.25094334603170904	0.0	2.9393073056530237
379.500000	1787825102688108288	47.64370840113822	-122.13938567460572	216.97499999992334	-0.2520280232972826	0.0	2.939214499735549
379.600000	1787825102787108096	47.64370817405499	-122.13938175146612	216.97499999992334	-0.25297738115709334	0.0	2.9391329409548197
379.700000	1787825102889108224	47.643707946175496	-122.13937782842825	216.97499999992334	-0.2538004420687705	0.0	2.9390619822638184
379.800000	1787825102988108032	47.643707717609246	-122.13937390547848	216.97499999992334	-0.25450622622163377	0.0	2.9390009494379634
379.900000	1787825103087108096	47.64370748845763	-122.13936998260388	216.97499999992334	-0.25510375182988154	0.0	2.9389491448109726
380.000000	1787825103189108224	47.64370725881397	-122.13936605979269	216.97499999992334	-0.2556020354104121	0.0	2.9389058507337187
380.100000	1787825103288108032	47.64370702876349	-122.13936213703406	216.97499999992334	-0.2560100920433883	0.0	2.9388703327562387
380.200000	1787825103387108096	47.643706798383214	-122.13935821431801	216.97499999992334	-0.2563369356139801	0.0	2.9388418425330176
380.300000	1787825103489108224	47.64370656774215	-122.1393542916358	216.97499999992334	-0.2565915790339606	0.0	2.9388196204516683
380.400000	1787825103588108288	47.643706336901175	-122.13935036897944	216.97499999992334	-0.2567830344420871	0.0	2.9388028979850866
380.500000	1787825103687108352	47.64370610591306	-122.13934644634224	216.97499999992334	-0.2569203133823936	0.0	2.9387908997671683
380.600000	1787825103789108224	47.64370587482247	-122.13934252371835	216.97499999992334	-0.2570124269597092	0.0	2.9387828453921374
380.700000	1787825103888108288	47.643705643665996	-122.13933860110305	216.97499999992334	-0.25706838597191256	0.0	2.9387779509375362
380.800000	1787825103987108352	47.64370541247205	-122.13933467849262	216.97499999992334	-0.2570972010185269	0.0	2.9387754302109013
380.900000	1787825104089108224	47.643705181261055	-122.13933075588432	216.97499999992334	-0.25710788258544726	0.0	2.938774495720156
381.000000	1787825104188108288	47.64370495004522	-122.139326833277	216.97499999992334	-0.2571094411056024	0.0	2.9387743593677267
381.100000	1787825104287108096	47.64370471882907	-122.1393229106699	216.97499999992334	-0.2571094411056024	0.0	2.9387743593677267
381.200000	1787825104389108224	47.64370448761292	-122.13931898806281	216.97499999992334	-0.2571094411056024	0.0	2.9387743593677267
381.300000	1787825104488108032	47.643704256396774	-122.13931506545572	216.97499999992334	-0.2571094411056024	0.0	2.9387743593677267
381.400000	1787825104587108096	47.643704025180625	-122.13931114284861	216.97499999992334	-0.2571094411056024	0.0	2.9387743593677267
381.500000	1787825104689108224	47.64370379396448	-122.13930722024152	216.97499999992334	-0.2571094411056024	0.0	2.9387743593677267
381.600000	1787825104788108032	47.64370356274833	-122.13930329763443	216.97499999992334	-0.2571094411056024	0.0	2.9387743593677267
381.700000	1787825104887108096	47.64370333153219	-122.13929937502733	216.97499999992334	-0.2571094411056024	0.0	2.9387743593677267
381.800000	1787825104989108224	47.64370310031604	-122.13929545242024	216.97499999992334	-0.2571094411056024	0.0	2.9387743593677267
381.900000	1787825105088108288	47.64370286909989	-122.13929152981314	216.97499999992334	-0.2571094411056024	0.0	2.9387743593677267
382.000000	1787825105187108352	47.64370263788374	-122.13928760720604	216.97499999992334	-0.2571094411056024	0.0	2.9387743593677267
382.100000	1787825105289108224	47.64370240666759	-122.13928368459895	216.97499999992334	-0.2571094411056024	0.0	2.9387743593677267
382.200000	1787825105388108288	47.643702175451445	-122.13927976199186	216.97499999992334	-0.2571094411056024	0.0	2.9387743593677267
382.300000	1787825105487108352	47.643701944235296	-122.13927583938477	216.97499999992334	-0.2571094411056024	0.0	2.9387743593677267
382.400000	1787825105589108224	47.64370171301915	-122.13927191677766	216.97499999992334	-0.2571094411056024	0.0	2.9387743593677267
382.500000	1787825105688108288	47.64370148180301	-122.13926799417057	216.97499999992334	-0.2571094411056024	0.0	2.9387743593677267
382.600000	1787825105787108096	47.64370125058686	-122.13926407156347	216.97499999992334	-0.2571094411056024	0.0	2.9387743593677267
382.700000	1787825105889108224	47.64370101937071	-122.13926014895638	216.97499999992334	-0.2571094411056024	0.0	2.9387743593677267
382.800000	1787825105988108032	47.64370078815456	-122.13925622634929	216.97499999992334	-0.2571094411056024	0.0	2.9387743593677267
382.900000	1787825106087108096	47.64370055693841	-122.13925230374218	216.97499999992334	-0.2571094411056024	0.0	2.9387743593677267
383.000000	1787825106189108224	47.643700325722264	-122.13924838113509	216.97499999992334	-0.2571094411056024	0.0	2.9387743593677267
383.100000	1787825106288108032	47.643700094506116	-122.139244458528	216.97499999992334	-0.2571094411056024	0.0	2.9387743593677267
383.200000	1787825106387108096	47.64369986328997	-122.1392405359209	216.97499999992334	-0.2571094411056024	0.0	2.9387743593677267
383.300000	1787825106489108224	47.643699632073826	-122.13923661331381	216.97499999992334	-0.2571094411056024	0.0	2.9387743593677267
383.400000	1787825106588108288	47.64369940085768	-122.1392326907067	216.97499999992334	-0.2571094411056024	0.0	2.9387743593677267
383.500000	1787825106687108352	47.64369916964153	-122.13922876809961	216.97499999992334	-0.2571094411056024	0.0	2.9387743593677267
383.600000	1787825106789108224	47.64369893842538	-122.13922484549252	216.97499999992334	-0.2571094411056024	0.0	2.9387743593677267
383.700000	1787825106888108288	47.64369870720923	-122.13922092288543	216.97499999992334	-0.2571094411056024	0.0	2.9387743593677267
383.800000	1787825106987108352	47.643698475993084	-122.13921700027834	216.97499999992334	-0.2571094411056024	0.0	2.9387743593677267
383.900000	1787825107089108224	47.643698244776935	-122.13921307767123	216.97499999992334	-0.2571094411056024	0.0	2.9387743593677267
384.000000	1787825107188108288	47.64369801356079	-122.13920915506414	216.97499999992334	-0.2571094411056024	0.0	2.9387743593677267
384.100000	1787825107287108096	47.643697782344645	-122.13920523245704	216.97499999992334	-0.2571094411056024	0.0	2.9387743593677267
384.200000	1787825107389108224	47.6436975511285	-122.13920130984995	216.97499999992334	-0.2571094411056024	0.0	2.9387743593677267
384.300000	1787825107488108032	47.64369731991235	-122.13919738724286	216.97499999992334	-0.2571094411056024	0.0	2.9387743593677267
384.400000	1787825107587108096	47.6436970886962	-122.13919346463575	216.97499999992334	-0.2571094411056024	0.0	2.9387743593677267
384.500000	1787825107689108224	47.64369685748005	-122.13918954202866	216.97499999992334	-0.2571094411056024	0.0	2.9387743593677267
384.600000	1787825107788108032	47.6436966262639	-122.13918561942157	216.97499999992334	-0.2571094411056024	0.0	2.9387743593677267
384.700000	1787825107887108096	47.643696395047755	-122.13918169681448	216.97499999992334	-0.2571094411056024	0.0	2.9387743593677267
384.800000	1787825107989108224	47.643696163831606	-122.13917777420738	216.97499999992334	-0.2571094411056024	0.0	2.9387743593677267
384.900000	1787825108088108288	47.643695932615465	-122.13917385160028	216.97499999992334	-0.2571094411056024	0.0	2.9387743593677267
385.000000	1787825108187108352	47.64369570139932	-122.13916992899318	216.97499999992334	-0.2571094411056024	0.0	2.9387743593677267
385.100000	1787825108289108224	47.64369547018317	-122.13916600638609	216.97499999992334	-0.2571094411056024	0.0	2.9387743593677267
385.200000	1787825108388108288	47.64369523896702	-122.139162083779	216.97499999992334	-0.2571094411056024	0.0	2.9387743593677267
385.300000	1787825108487108352	47.64369500775087	-122.1391581611719	216.97499999992334	-0.2571094411056024	0.0	2.9387743593677267
385.400000	1787825108589108224	47.64369477653472	-122.1391542385648	216.97499999992334	-0.2571094411056024	0.0	2.9387743593677267
385.500000	1787825108688108288	47.643694545318574	-122.1391503159577	216.97499999992334	-0.2571094411056024	0.0	2.9387743593677267
385.600000	1787825108787108096	47.643694314102426	-122.13914639335061	216.97499999992334	-0.2571094411056024	0.0	2.9387743593677267
385.700000	1787825108889108224	47.643694082886284	-122.13914247074352	216.97499999992334	-0.2571094411056024	0.0	2.9387743593677267
385.800000	1787825108988108032	47.643693851670136	-122.13913854813643	216.97499999992334	-0.2571094411056024	0.0	2.9387743593677267
385.900000	1787825109087108096	47.64369362045399	-122.13913462552932	216.97499999992334	-0.2571094411056024	0.0	2.9387743593677267
386.000000	1787825109189108224	47.64369338923784	-122.13913070292223	216.97499999992334	-0.2571094411056024	0.0	2.9387743593677267
386.100000	1787825109288108032	47.64369315802169	-122.13912678031514	216.97499999992334	-0.2571094411056024	0.0	2.9387743593677267
386.200000	1787825109387108096	47.64369292680554	-122.13912285770805	216.97499999992334	-0.2571094411056024	0.0	2.9387743593677267
386.300000	1787825109489108224	47.643692695589394	-122.139118935101	216.97499999992334	-0.2571094411056024	0.0	2.9387743593677267
386.400000	1787825109588108288	47.643692464373245	-122.13911501249493	216.97499999992334	-0.2571094411056024	0.0	2.9387743593677267
386.500000	1787825109687108352	47.643692233157104	-122.13911108988884	216.97499999992334	-0.2571094411056024	0.0	2.9387743593677267
386.600000	1787825109789108224	47.643692001940956	-122.13910716728276	216.97499999992334	-0.2571094411056024	0.0	2.9387743593677267
386.700000	1787825109888108288	47.64369177072481	-122.13910324467669	216.97499999992334	-0.2571094411056024	0.0	2.9387743593677267
386.800000	1787825109987108352	47.64369153950866	-122.1390993220706	216.97499999992334	-0.2571094411056024	0.0	2.9387743593677267
386.900000	1787825110089108224	47.64369130829251	-122.13909539946454	216.97499999992334	-0.2571094411056024	0.0	2.9387743593677267
387.000000	1787825110188108288	47.64369107707636	-122.13909147685845	216.97499999992334	-0.2571094411056024	0.0	2.9387743593677267
387.100000	1787825110287108096	47.64369084586021	-122.13908755425238	216.97499999992334	-0.2571094411056024	0.0	2.9387743593677267
387.200000	1787825110389108224	47.643690614644065	-122.1390836316463	216.97499999992334	-0.2571094411056024	0.0	2.9387743593677267
387.300000	1787825110488108032	47.64369038342792	-122.13907970904022	216.97499999992334	-0.2571094411056024	0.0	2.9387743593677267
387.400000	1787825110587108096	47.643690152211775	-122.13907578643415	216.97499999992334	-0.2571094411056024	0.0	2.9387743593677267
387.500000	1787825110689108224	47.64368992099563	-122.13907186382806	216.97499999992334	-0.2571094411056024	0.0	2.9387743593677267
387.600000	1787825110788108032	47.64368968977948	-122.139067941222	216.97499999992334	-0.2571094411056024	0.0	2.9387743593677267
387.700000	1787825110887108096	47.64368945856333	-122.13906401861591	216.97499999992334	-0.2571094411056024	0.0	2.9387743593677267
387.800000	1787825110989108224	47.64368922734718	-122.13906009600983	216.97499999992334	-0.2571094411056024	0.0	2.9387743593677267
387.900000	1787825111088108288	47.64368899613103	-122.13905617340376	216.97499999992334	-0.2571094411056024	0.0	2.9387743593677267
388.000000	1787825111187108352	47.643688764914884	-122.13905225079768	216.97499999992334	-0.2571094411056024	0.0	2.9387743593677267
388.100000	1787825111289108224	47.64368853369874	-122.1390483281916	216.97499999992334	-0.2571094411056024	0.0	2.9387743593677267
388.200000	1787825111388108288	47.643688302482595	-122.13904440558552	216.97499999992334	-0.2571094411056024	0.0	2.9387743593677267
388.300000	1787825111487108352	47.643688071266446	-122.13904048297945	216.97499999992334	-0.2571094411056024	0.0	2.9387743593677267
388.400000	1787825111589108224	47.6436878400503	-122.13903656037337	216.97499999992334	-0.2571094411056024	0.0	2.9387743593677267
388.500000	1787825111688108288	47.64368760883415	-122.13903263776729	216.97499999992334	-0.2571094411056024	0.0	2.9387743593677267
388.600000	1787825111787108096	47.643687377618	-122.13902871516122	216.97499999992334	-0.2571094411056024	0.0	2.9387743593677267
388.700000	1787825111889108224	47.64368714640185	-122.13902479255513	216.97499999992334	-0.2571094411056024	0.0	2.9387743593677267
388.800000	1787825111988108032	47.643686915185704	-122.13902086994906	216.97499999992334	-0.2571094411056024	0.0	2.9387743593677267
388.900000	1787825112087108096	47.643686683969555	-122.13901694734298	216.97499999992334	-0.2571094411056024	0.0	2.9387743593677267
389.000000	1787825112189108224	47.643686452753414	-122.13901302473691	216.97499999992334	-0.2571094411056024	0.0	2.9387743593677267
389.100000	1787825112288108032	47.643686221537266	-122.13900910213083	216.97499999992334	-0.2571094411056024	0.0	2.9387743593677267
389.200000	1787825112387108096	47.64368599032112	-122.13900517952474	216.97499999992334	-0.2571094411056024	0.0	2.9387743593677267
389.300000	1787825112489108224	47.64368575910497	-122.13900125691868	216.97499999992334	-0.2571094411056024	0.0	2.9387743593677267
389.400000	1787825112588108288	47.64368552788882	-122.13899733431259	216.97499999992334	-0.2571094411056024	0.0	2.9387743593677267
389.500000	1787825112687108352	47.64368529667267	-122.13899341170652	216.97499999992334	-0.2571094411056024	0.0	2.9387743593677267
389.600000	1787825112789108224	47.64368506545652	-122.13898948910044	216.97499999992334	-0.2571094411056024	0.0	2.9387743593677267
389.700000	1787825112888108288	47.643684834240375	-122.13898556649436	216.97499999992334	-0.2571094411056024	0.0	2.9387743593677267
389.800000	1787825112987108352	47.643684603024234	-122.13898164388829	216.97499999992334	-0.2571094411056024	0.0	2.9387743593677267
389.900000	1787825113089108224	47.643684371808085	-122.1389777212822	216.97499999992334	-0.2571094411056024	0.0	2.9387743593677267
390.000000	1787825113188108288	47.64368414059194	-122.13897379867613	216.97499999992334	-0.2571094411056024	0.0	2.9387743593677267
390.100000	1787825113287108096	47.64368390937579	-122.13896987607005	216.97499999992334	-0.2571094411056024	0.0	2.9387743593677267
390.200000	1787825113389108224	47.64368367815964	-122.13896595346398	216.97499999992334	-0.2571094411056024	0.0	2.9387743593677267
390.300000	1787825113488108032	47.64368344694349	-122.1389620308579	216.97499999992334	-0.2571094411056024	0.0	2.9387743593677267
390.400000	1787825113587108096	47.64368321572734	-122.13895810825181	216.97499999992334	-0.2571094411056024	0.0	2.9387743593677267
390.500000	1787825113689108224	47.643682984511194	-122.13895418564574	216.97499999992334	-0.2571094411056024	0.0	2.9387743593677267
390.600000	1787825113788108032	47.64368275329505	-122.13895026303966	216.97499999992334	-0.2571094411056024	0.0	2.9387743593677267
390.700000	1787825113887108096	47.643682522078905	-122.13894634043359	216.97499999992334	-0.2571094411056024	0.0	2.9387743593677267
390.800000	1787825113989108224	47.643682290862756	-122.13894241782751	216.97499999992334	-0.2571094411056024	0.0	2.9387743593677267
390.900000	1787825114088108288	47.64368205964661	-122.13893849522144	216.97499999992334	-0.2571094411056024	0.0	2.9387743593677267
391.000000	1787825114187108352	47.64368182843046	-122.13893457261536	216.97499999992334	-0.2571094411056024	0.0	2.9387743593677267
391.100000	1787825114289108224	47.64368159721431	-122.13893065000927	216.97499999992334	-0.2571094411056024	0.0	2.9387743593677267
391.200000	1787825114388108288	47.64368136599816	-122.1389267274032	216.97499999992334	-0.2571094411056024	0.0	2.9387743593677267
391.300000	1787825114487108352	47.643681134782014	-122.13892280479712	216.97499999992334	-0.2571094411056024	0.0	2.9387743593677267
391.400000	1787825114589108224	47.64368090356587	-122.13891888219105	216.97499999992334	-0.2571094411056024	0.0	2.9387743593677267
391.500000	1787825114688108288	47.643680672349724	-122.13891495958497	216.97499999992334	-0.2571094411056024	0.0	2.9387743593677267
391.600000	1787825114787108096	47.643680441133576	-122.13891103697888	216.97499999992334	-0.2571094411056024	0.0	2.9387743593677267
391.700000	1787825114889108224	47.64368020991743	-122.13890711437281	216.97499999992334	-0.2571094411056024	0.0	2.9387743593677267
391.800000	1787825114988108032	47.64367997870128	-122.13890319176673	216.97499999992334	-0.2571094411056024	0.0	2.9387743593677267
391.900000	1787825115087108096	47.64367974748513	-122.13889926916066	216.97499999992334	-0.2571094411056024	0.0	2.9387743593677267
392.000000	1787825115189108224	47.64367951626898	-122.13889534655458	216.97499999992334	-0.2571094411056024	0.0	2.9387743593677267
392.100000	1787825115288108032	47.64367928505283	-122.13889142394851	216.97499999992334	-0.25710944110560635	0.0	2.938774359367772
392.200000	1787825115387108096	47.64367905383669	-122.13888750134285	216.97499999992334	-0.2571094411056222	0.0	2.938774359367953
392.300000	1787825115489108224	47.643678822620544	-122.13888357873779	216.97499999992334	-0.25710944110563805	0.0	2.9387743593681344
392.400000	1787825115588108288	47.643678591404395	-122.13887965613274	216.97499999992334	-0.2571094411056539	0.0	2.9387743593683155
392.500000	1787825115687108352	47.64367836018825	-122.13887573352768	216.97499999992334	-0.25710944110566974	0.0	2.9387743593684967
392.600000	1787825115789108224	47.6436781289721	-122.13887181092262	216.97499999992334	-0.2571094411056856	0.0	2.938774359368678
392.700000	1787825115888108288	47.64367789775595	-122.13886788831756	216.97499999992334	-0.25710944110570144	0.0	2.938774359368859
392.800000	1787825115987108352	47.6436776665398	-122.1388639657125	216.97499999992334	-0.2571094411057173	0.0	2.9387743593690403
392.900000	1787825116089108224	47.64367743532365	-122.13886004310744	216.97499999992334	-0.25710944110573314	0.0	2.938774359369221
393.000000	1787825116188108288	47.64367720410751	-122.13885612050238	216.97499999992334	-0.257109441105749	0.0	2.9387743593694027
393.100000	1787825116287108096	47.64367697289136	-122.13885219789732	216.97499999992334	-0.25710944110576484	0.0	2.9387743593695834
393.200000	1787825116389108224	47.643676741675215	-122.13884827529226	216.97499999992334	-0.2571094411057807	0.0	2.938774359369765
393.300000	1787825116488108032	47.643676510459066	-122.1388443526872	216.97499999992334	-0.25710944110579653	0.0	2.938774359369946
393.400000	1787825116587108096	47.64367627924292	-122.13884043008214	216.97499999992334	-0.2571094411058124	0.0	2.9387743593701274
393.500000	1787825116689108224	47.64367604802677	-122.13883650747708	216.97499999992334	-0.25710944110582823	0.0	2.938774359370308
393.600000	1787825116788108032	47.64367581681062	-122.13883258487202	216.97499999992334	-0.25710944110584405	0.0	2.938774359370489
393.700000	1787825116887108096	47.64367558559447	-122.13882866226696	216.97499999992334	-0.2571094411058599	0.0	2.9387743593706706
393.800000	1787825116989108224	47.64367535437833	-122.1388247396619	216.97499999992334	-0.2571094411058758	0.0	2.9387743593708513
393.900000	1787825117088108288	47.64367512316218	-122.13882081705684	216.97499999992334	-0.2571094411058916	0.0	2.938774359371033
394.000000	1787825117187108352	47.643674891946034	-122.13881689445178	216.97499999992334	-0.2571094411059075	0.0	2.9387743593712137
394.100000	1787825117289108224	47.643674660729886	-122.13881297184672	216.97499999992334	-0.2571094411059233	0.0	2.9387743593713953
394.200000	1787825117388108288	47.64367442951374	-122.13880904924166	216.97499999992334	-0.2571094411059392	0.0	2.938774359371576
394.300000	1787825117487108352	47.64367419829759	-122.1388051266366	216.97499999992334	-0.257109441105955	0.0	2.9387743593717577
394.400000	1787825117589108224	47.64367396708144	-122.13880120403154	216.97499999992334	-0.2571094411059709	0.0	2.9387743593719384
394.500000	1787825117688108288	47.64367373586529	-122.13879728142648	216.97499999992334	-0.25710944110598677	0.0	2.9387743593721196
394.600000	1787825117787108096	47.64367350464915	-122.13879335882142	216.97499999992334	-0.2571094411060026	0.0	2.938774359372301
394.700000	1787825117889108224	47.643673273433	-122.13878943621636	216.97499999992334	-0.25710944110601847	0.0	2.938774359372482
394.800000	1787825117988108032	47.643673042216854	-122.1387855136113	216.97499999992334	-0.2571094411060343	0.0	2.938774359372663
394.900000	1787825118087108096	47.643672811000705	-122.13878159100625	216.97499999992334	-0.25710944110605016	0.0	2.9387743593728444
395.000000	1787825118189108224	47.64367257978456	-122.13877766840119	216.97499999992334	-0.257109441106066	0.0	2.9387743593730256
395.100000	1787825118288108032	47.64367234856841	-122.13877374579613	216.97499999992334	-0.25710944110608186	0.0	2.9387743593732067
395.200000	1787825118387108096	47.64367211735226	-122.13876982319107	216.97499999992334	-0.2571094411060977	0.0	2.938774359373388
395.300000	1787825118489108224	47.64367188613611	-122.13876590058601	216.97499999992334	-0.2571094411061135	0.0	2.9387743593735687
395.400000	1787825118588108288	47.64367165491997	-122.13876197798095	216.97499999992334	-0.2571094411061294	0.0	2.93877435937375
395.500000	1787825118687108352	47.64367142370382	-122.13875805537589	216.97499999992334	-0.2571094411061452	0.0	2.938774359373931
395.600000	1787825118789108224	47.64367119248767	-122.13875413277083	216.97499999992334	-0.2571094411061611	0.0	2.9387743593741122
395.700000	1787825118888108288	47.643670961271525	-122.13875021016577	216.97499999992334	-0.2571094411061769	0.0	2.9387743593742934
395.800000	1787825118987108352	47.643670730055376	-122.1387462875607	216.97499999992334	-0.25710944110619277	0.0	2.9387743593744746
395.900000	1787825119089108224	47.64367049883923	-122.13874236495565	216.97499999992334	-0.2571094411062086	0.0	2.938774359374656
396.000000	1787825119188108288	47.64367026762308	-122.13873844235059	216.97499999992334	-0.25710944110622447	0.0	2.938774359374837
396.100000	1787825119287108096	47.64367003640693	-122.13873451974553	216.97499999992334	-0.2571094411062403	0.0	2.938774359375018
396.200000	1787825119389108224	47.64366980519079	-122.13873059714047	216.97499999992334	-0.25710944110625616	0.0	2.9387743593751994
396.300000	1787825119488108032	47.64366957397464	-122.1387266745354	216.97499999992334	-0.257109441106272	0.0	2.93877435937538
396.400000	1787825119587108096	47.64366934275849	-122.13872275193035	216.97499999992334	-0.25710944110628786	0.0	2.9387743593755618
396.500000	1787825119689108224	47.643669111542344	-122.13871882932528	216.97499999992334	-0.2571094411063037	0.0	2.9387743593757425
396.600000	1787825119788108032	47.643668880326196	-122.13871490672022	216.97499999992334	-0.25710944110631956	0.0	2.938774359375924
396.700000	1787825119887108096	47.64366864911005	-122.13871098411516	216.97499999992334	-0.2571094411063354	0.0	2.938774359376105
396.800000	1787825119989108224	47.6436684178939	-122.1387070615101	216.97499999992334	-0.25710944110635126	0.0	2.9387743593762865
396.900000	1787825120088108288	47.64366818667775	-122.13870313890504	216.97499999992334	-0.2571094411063671	0.0	2.9387743593764672
397.000000	1787825120187108352	47.64366795546161	-122.13869921629998	216.97499999992334	-0.25710944110638295	0.0	2.9387743593766484
397.100000	1787825120289108224	47.64366772424546	-122.13869529369492	216.97499999992334	-0.2571094411063988	0.0	2.9387743593768296
397.200000	1787825120388108288	47.64366749302931	-122.13869137108986	216.97499999992334	-0.25710944110641465	0.0	2.9387743593770104
397.300000	1787825120487108352	47.643667261813164	-122.1386874484848	216.97499999992334	-0.25710944110643047	0.0	2.938774359377192
397.400000	1787825120589108224	47.643667030597015	-122.13868352587976	216.97499999992334	-0.25710944110644635	0.0	2.9387743593773727
397.500000	1787825120688108288	47.64366679938087	-122.1386796032747	216.97499999992334	-0.25710944110646217	0.0	2.9387743593775544
397.600000	1787825120787108096	47.64366656816472	-122.13867568066964	216.97499999992334	-0.25710944110647804	0.0	2.938774359377735
397.700000	1787825120889108224	47.64366633694857	-122.13867175806458	216.97499999992334	-0.2571094411064939	0.0	2.9387743593779168
397.800000	1787825120988108032	47.64366610573243	-122.13866783545951	216.97499999992334	-0.25710944110650974	0.0	2.9387743593780975
397.900000	1787825121087108096	47.64366587451628	-122.13866391285445	216.97499999992334	-0.2571094411065256	0.0	2.9387743593782787
398.000000	1787825121189108224	47.64366564330013	-122.1386599902494	216.97499999992334	-0.25710944110654144	0.0	2.93877435937846
398.100000	1787825121288108032	47.64366541208398	-122.13865606764514	216.97499999992334	-0.2571094411065573	0.0	2.938774359378641
398.200000	1787825121387108096	47.643665180867835	-122.1386521450411	216.97499999992334	-0.25710944110657313	0.0	2.9387743593788223
398.300000	1787825121489108224	47.643664949651686	-122.13864822243706	216.97499999992334	-0.257109441106589	0.0	2.9387743593790034
398.400000	1787825121588108288	47.64366471843554	-122.13864429983302	216.97499999992334	-0.25710944110660483	0.0	2.9387743593791846
398.500000	1787825121687108352	47.64366448721939	-122.13864037722898	216.97499999992334	-0.2571094411066207	0.0	2.938774359379366
398.600000	1787825121789108224	47.64366425600325	-122.13863645462493	216.97499999992334	-0.2571094411066365	0.0	2.938774359379547
398.700000	1787825121888108288	47.6436640247871	-122.13863253202089	216.97499999992334	-0.2571094411066524	0.0	2.938774359379728
398.800000	1787825121987108352	47.64366379357095	-122.13862860941686	216.97499999992334	-0.2571094411066682	0.0	2.938774359379909
398.900000	1787825122089108224	47.6436635623548	-122.1386246868128	216.97499999992334	-0.25710944110668404	0.0	2.93877435938009
399.000000	1787825122188108288	47.643663331138654	-122.13862076420877	216.97499999992334	-0.2571094411066999	0.0	2.9387743593802713
399.100000	1787825122287108096	47.643663099922506	-122.13861684160473	216.97499999992334	-0.25710944110671574	0.0	2.9387743593804525
399.200000	1787825122389108224	47.64366286870636	-122.13861291900068	216.97499999992334	-0.2571094411067316	0.0	2.9387743593806337
399.300000	1787825122488108032	47.64366263749021	-122.13860899639664	216.97499999992334	-0.25710944110674744	0.0	2.938774359380815
399.400000	1787825122587108096	47.64366240627407	-122.1386050737926	216.97499999992334	-0.2571094411067633	0.0	2.938774359380996
399.500000	1787825122689108224	47.64366217505792	-122.13860115118855	216.97499999992334	-0.25710944110677914	0.0	2.9387743593811773
399.600000	1787825122788108032	47.64366194384177	-122.13859722858452	216.97499999992334	-0.257109441106795	0.0	2.9387743593813584
399.700000	1787825122887108096	47.64366171262562	-122.13859330598048	216.97499999992334	-0.25710944110681083	0.0	2.938774359381539
399.800000	1787825122989108224	47.643661481409474	-122.13858938337643	216.97499999992334	-0.2571094411068267	0.0	2.938774359381721
399.900000	1787825123088108288	47.643661250193325	-122.13858546077239	216.97499999992334	-0.25710944110684253	0.0	2.9387743593819016
400.000000	1787825123187108352	47.64366101897718	-122.13858153816835	216.97499999992334	-0.2571094411068584	0.0	2.938774359382083
400.100000	1787825123289108224	47.64366078776103	-122.1385776155643	216.97499999992334	-0.2571094411068707	0.0	2.9387743593822235
400.200000	1787825123388108288	47.64366055654489	-122.13857369296026	216.97499999992334	-0.2571094411068707	0.0	2.9387743593822235
400.300000	1787825123487108352	47.64366032532874	-122.13856977035623	216.97499999992334	-0.2571094411068707	0.0	2.9387743593822235
400.400000	1787825123589108224	47.64366009411259	-122.13856584775218	216.97499999992334	-0.2571094411068707	0.0	2.9387743593822235
400.500000	1787825123688108288	47.64365986289644	-122.13856192514814	216.97499999992334	-0.2571094411068707	0.0	2.9387743593822235
400.600000	1787825123787108096	47.64365963168029	-122.1385580025441	216.97499999992334	-0.2571094411068707	0.0	2.9387743593822235
400.700000	1787825123889108224	47.643659400464145	-122.13855407994005	216.97499999992334	-0.2571094411068707	0.0	2.9387743593822235
400.800000	1787825123988108032	47.643659169248	-122.13855015733601	216.97499999992334	-0.2571094411068707	0.0	2.9387743593822235
400.900000	1787825124087108096	47.64365893803185	-122.13854623473198	216.97499999992334	-0.2571094411068707	0.0	2.9387743593822235
401.000000	1787825124189108224	47.64365870681571	-122.13854231212792	216.97499999992334	-0.2571094411068707	0.0	2.9387743593822235
401.100000	1787825124288108032	47.64365847559956	-122.13853838952389	216.97499999992334	-0.2571094411068707	0.0	2.9387743593822235
401.200000	1787825124387108096	47.64365824438341	-122.13853446691985	216.97499999992334	-0.2571094411068707	0.0	2.9387743593822235
401.300000	1787825124489108224	47.64365801316726	-122.1385305443158	216.97499999992334	-0.2571094411068707	0.0	2.9387743593822235
401.400000	1787825124588108288	47.64365778195111	-122.13852662171176	216.97499999992334	-0.2571094411068707	0.0	2.9387743593822235
401.500000	1787825124687108352	47.643657550734964	-122.13852269910772	216.97499999992334	-0.2571094411068707	0.0	2.9387743593822235
401.600000	1787825124789108224	47.643657319518816	-122.13851877650367	216.97499999992334	-0.2571094411068707	0.0	2.9387743593822235
401.700000	1787825124888108288	47.64365708830267	-122.13851485389964	216.97499999992334	-0.2571094411068707	0.0	2.9387743593822235
401.800000	1787825124987108352	47.643656857086526	-122.1385109312956	216.97499999992334	-0.2571094411068707	0.0	2.9387743593822235
401.900000	1787825125089108224	47.64365662587038	-122.13850700869155	216.97499999992334	-0.2571094411068707	0.0	2.9387743593822235
402.000000	1787825125188108288	47.64365639465423	-122.13850308608751	216.97499999992334	-0.2571094411068707	0.0	2.9387743593822235
402.100000	1787825125287108096	47.64365616343808	-122.13849916348347	216.97499999992334	-0.2571094411068707	0.0	2.9387743593822235
402.200000	1787825125389108224	47.64365593222193	-122.13849524087942	216.97499999992334	-0.2571094411068707	0.0	2.9387743593822235
402.300000	1787825125488108032	47.643655701005784	-122.13849131827538	216.97499999992334	-0.2571094411068707	0.0	2.9387743593822235
402.400000	1787825125587108096	47.643655469789636	-122.13848739567133	216.97499999992334	-0.2571094411068707	0.0	2.9387743593822235
402.500000	1787825125689108224	47.64365523857349	-122.1384834730673	216.97499999992334	-0.2571094411068707	0.0	2.9387743593822235
402.600000	1787825125788108032	47.643655007357346	-122.13847955046326	216.97499999992334	-0.2571094411068707	0.0	2.9387743593822235
402.700000	1787825125887108096	47.6436547761412	-122.13847562785921	216.97499999992334	-0.2571094411068707	0.0	2.9387743593822235
402.800000	1787825125989108224	47.64365454492505	-122.13847170525517	216.97499999992334	-0.2571094411068707	0.0	2.9387743593822235
402.900000	1787825126088108288	47.6436543137089	-122.13846778265113	216.97499999992334	-0.2571094411068707	0.0	2.9387743593822235
403.000000	1787825126187108352	47.64365408249275	-122.13846386004708	216.97499999992334	-0.2571094411068707	0.0	2.9387743593822235
403.100000	1787825126289108224	47.6436538512766	-122.13845993744305	216.97499999992334	-0.2571094411068707	0.0	2.9387743593822235
403.200000	1787825126388108288	47.643653620060455	-122.13845601483901	216.97499999992334	-0.2571094411068707	0.0	2.9387743593822235
403.300000	1787825126487108352	47.64365338884431	-122.13845209223496	216.97499999992334	-0.2571094411068707	0.0	2.9387743593822235
403.400000	1787825126589108224	47.643653157628165	-122.13844816963092	216.97499999992334	-0.2571094411068707	0.0	2.9387743593822235
403.500000	1787825126688108288	47.64365292641202	-122.13844424702688	216.97499999992334	-0.2571094411068707	0.0	2.9387743593822235
403.600000	1787825126787108096	47.64365269519587	-122.13844032442283	216.97499999992334	-0.2571094411068707	0.0	2.9387743593822235
403.700000	1787825126889108224	47.64365246397972	-122.1384364018188	216.97499999992334	-0.2571094411068707	0.0	2.9387743593822235
403.800000	1787825126988108032	47.64365223276357	-122.13843247921476	216.97499999992334	-0.2571094411068707	0.0	2.9387743593822235
403.900000	1787825127087108096	47.64365200154742	-122.13842855661089	216.97499999992334	-0.2571094411068707	0.0	2.9387743593822235
404.000000	1787825127189108224	47.643651770331275	-122.13842463400786	216.97499999992334	-0.2571094411068707	0.0	2.9387743593822235
404.100000	1787825127288108032	47.643651539115126	-122.13842071140483	216.97499999992334	-0.2571094411068707	0.0	2.9387743593822235
404.200000	1787825127387108096	47.64365130789898	-122.13841678880182	216.97499999992334	-0.2571094411068707	0.0	2.9387743593822235
404.300000	1787825127489108224	47.643651076682836	-122.13841286619879	216.97499999992334	-0.2571094411068707	0.0	2.9387743593822235
404.400000	1787825127588108288	47.64365084546669	-122.13840894359576	216.97499999992334	-0.2571094411068707	0.0	2.9387743593822235
404.500000	1787825127687108352	47.64365061425054	-122.13840502099275	216.97499999992334	-0.2571094411068707	0.0	2.9387743593822235
404.600000	1787825127789108224	47.64365038303439	-122.13840109838972	216.97499999992334	-0.2571094411068707	0.0	2.9387743593822235
404.700000	1787825127888108288	47.64365015181824	-122.1383971757867	216.97499999992334	-0.2571094411068707	0.0	2.9387743593822235
404.800000	1787825127987108352	47.643649920602094	-122.13839325318366	216.97499999992334	-0.2571094411068707	0.0	2.9387743593822235
404.900000	1787825128089108224	47.643649689385946	-122.13838933058065	216.97499999992334	-0.2571094411068707	0.0	2.9387743593822235
405.000000	1787825128188108288	47.6436494581698	-122.13838540797762	216.97499999992334	-0.2571094411068707	0.0	2.9387743593822235
405.100000	1787825128287108096	47.643649226953656	-122.1383814853746	216.97499999992334	-0.2571094411068707	0.0	2.9387743593822235
405.200000	1787825128389108224	47.64364899573751	-122.13837756277158	216.97499999992334	-0.2571094411068707	0.0	2.9387743593822235
405.300000	1787825128488108032	47.64364876452136	-122.13837364016855	216.97499999992334	-0.2571094411068707	0.0	2.9387743593822235
405.400000	1787825128587108096	47.64364853330521	-122.13836971756552	216.97499999992334	-0.2571094411068707	0.0	2.9387743593822235
405.500000	1787825128689108224	47.64364830208906	-122.1383657949625	216.97499999992334	-0.2571094411068707	0.0	2.9387743593822235
405.600000	1787825128788108032	47.64364807087291	-122.13836187235948	216.97499999992334	-0.2571094411068707	0.0	2.9387743593822235
405.700000	1787825128887108096	47.643647839656765	-122.13835794975645	216.97499999992334	-0.2571094411068707	0.0	2.9387743593822235
405.800000	1787825128989108224	47.64364760844062	-122.13835402715343	216.97499999992334	-0.2571094411068707	0.0	2.9387743593822235
405.900000	1787825129088108288	47.643647377224475	-122.13835010455041	216.97499999992334	-0.2571094411068707	0.0	2.9387743593822235
406.000000	1787825129187108352	47.64364714600833	-122.13834618194738	216.97499999992334	-0.2571094411068707	0.0	2.9387743593822235
406.100000	1787825129289108224	47.64364691479218	-122.13834225934436	216.97499999992334	-0.2571094411068707	0.0	2.9387743593822235
406.200000	1787825129388108288	47.64364668357603	-122.13833833674133	216.97499999992334	-0.2571094411068707	0.0	2.9387743593822235
406.300000	1787825129487108352	47.64364645235988	-122.13833441413831	216.97499999992334	-0.2571094411068707	0.0	2.9387743593822235
406.400000	1787825129589108224	47.64364622114373	-122.13833049153529	216.97499999992334	-0.2571094411068707	0.0	2.9387743593822235
406.500000	1787825129688108288	47.643645989927585	-122.13832656893226	216.97499999992334	-0.2571094411068707	0.0	2.9387743593822235
406.600000	1787825129787108096	47.643645758711436	-122.13832264632923	216.97499999992334	-0.2571094411068707	0.0	2.9387743593822235
406.700000	1787825129889108224	47.643645527495295	-122.13831872372621	216.97499999992334	-0.2571094411068707	0.0	2.9387743593822235
406.800000	1787825129988108032	47.643645296279146	-122.13831480112319	216.97499999992334	-0.2571094411068707	0.0	2.9387743593822235
406.900000	1787825130087108096	47.643645065063	-122.13831087852016	216.97499999992334	-0.2571094411068707	0.0	2.9387743593822235
407.000000	1787825130189108224	47.64364483384685	-122.13830695591714	216.97499999992334	-0.2571094411068707	0.0	2.9387743593822235
407.100000	1787825130288108032	47.6436446026307	-122.13830303331412	216.97499999992334	-0.2571094411068707	0.0	2.9387743593822235
407.200000	1787825130387108096	47.64364437141455	-122.13829911071109	216.97499999992334	-0.2571094411068707	0.0	2.9387743593822235
407.300000	1787825130489108224	47.643644140198404	-122.13829518810806	216.97499999992334	-0.2571094411068707	0.0	2.9387743593822235
407.400000	1787825130588108288	47.643643908982256	-122.13829126550505	216.97499999992334	-0.2571094411068707	0.0	2.9387743593822235
407.500000	1787825130687108352	47.643643677766114	-122.13828734290202	216.97499999992334	-0.2571094411068707	0.0	2.9387743593822235
407.600000	1787825130789108224	47.643643446549966	-122.13828342029899	216.97499999992334	-0.2571094411068707	0.0	2.9387743593822235
407.700000	1787825130888108288	47.64364321533382	-122.13827949769598	216.97499999992334	-0.2571094411068707	0.0	2.9387743593822235
407.800000	1787825130987108352	47.64364298411767	-122.13827557509295	216.97499999992334	-0.2571094411068707	0.0	2.9387743593822235
407.900000	1787825131089108224	47.64364275290152	-122.13827165248992	216.97499999992334	-0.2571094411068707	0.0	2.9387743593822235
408.000000	1787825131188108288	47.64364252168537	-122.13826772988689	216.97499999992334	-0.2571094411068707	0.0	2.9387743593822235
408.100000	1787825131287108096	47.643642290469224	-122.13826380728388	216.97499999992334	-0.2571094411068707	0.0	2.9387743593822235
408.200000	1787825131389108224	47.643642059253075	-122.13825988468085	216.97499999992334	-0.2571094411068707	0.0	2.9387743593822235
408.300000	1787825131488108032	47.643641828036934	-122.13825596207782	216.97499999992334	-0.2571094411068707	0.0	2.9387743593822235
408.400000	1787825131587108096	47.643641596820785	-122.1382520394748	216.97499999992334	-0.2571094411068707	0.0	2.9387743593822235
408.500000	1787825131689108224	47.64364136560464	-122.13824811687178	216.97499999992334	-0.2571094411068707	0.0	2.9387743593822235
408.600000	1787825131788108032	47.64364113438849	-122.13824419426875	216.97499999992334	-0.2571094411068707	0.0	2.9387743593822235
408.700000	1787825131887108096	47.64364090317234	-122.13824027166572	216.97499999992334	-0.2571094411068707	0.0	2.9387743593822235
408.800000	1787825131989108224	47.64364067195619	-122.13823634906271	216.97499999992334	-0.2571094411068707	0.0	2.9387743593822235
408.900000	1787825132088108288	47.64364044074004	-122.13823242645968	216.97499999992334	-0.2571094411068707	0.0	2.9387743593822235
409.000000	1787825132187108352	47.643640209523895	-122.13822850385665	216.97499999992334	-0.2571094411068707	0.0	2.9387743593822235
409.100000	1787825132289108224	47.64363997830775	-122.13822458125362	216.97499999992334	-0.2571094411068707	0.0	2.9387743593822235
409.200000	1787825132388108288	47.643639747091605	-122.13822065865061	216.97499999992334	-0.2571094411068707	0.0	2.9387743593822235
409.300000	1787825132487108352	47.643639515875456	-122.13821673604758	216.97499999992334	-0.2571094411068707	0.0	2.9387743593822235
409.400000	1787825132589108224	47.64363928465931	-122.13821281344455	216.97499999992334	-0.2571094411068707	0.0	2.9387743593822235
409.500000	1787825132688108288	47.64363905344316	-122.13820889084154	216.97499999992334	-0.2571094411068707	0.0	2.9387743593822235
409.600000	1787825132787108096	47.64363882222701	-122.13820496823851	216.97499999992334	-0.2571094411068707	0.0	2.9387743593822235
409.700000	1787825132889108224	47.64363859101086	-122.13820104563548	216.97499999992334	-0.2571094411068707	0.0	2.9387743593822235
409.800000	1787825132988108032	47.643638359794714	-122.13819712303302	216.97499999992334	-0.2571094411068707	0.0	2.9387743593822235
409.900000	1787825133087108096	47.64363812857857	-122.13819320043102	216.97499999992334	-0.2571094411068707	0.0	2.9387743593822235
410.000000	1787825133189108224	47.643637897362424	-122.13818927782901	216.97499999992334	-0.2571094411068707	0.0	2.9387743593822235
410.100000	1787825133288108032	47.643637666146276	-122.13818535522701	216.97499999992334	-0.2571094411068707	0.0	2.9387743593822235
410.200000	1787825133387108096	47.64363743493013	-122.13818143262499	216.97499999992334	-0.2571094411068707	0.0	2.9387743593822235
410.300000	1787825133489108224	47.64363720371398	-122.13817751002298	216.97499999992334	-0.2571094411068707	0.0	2.9387743593822235
410.400000	1787825133588108288	47.64363697249783	-122.13817358742098	216.97499999992334	-0.2571094411068707	0.0	2.9387743593822235
410.500000	1787825133687108352	47.64363674128168	-122.13816966481897	216.97499999992334	-0.2571094411068707	0.0	2.9387743593822235
410.600000	1787825133789108224	47.643636510065534	-122.13816574221697	216.97499999992334	-0.2571094411068707	0.0	2.9387743593822235
410.700000	1787825133888108288	47.64363627884939	-122.13816181961496	216.97499999992334	-0.2571094411068707	0.0	2.9387743593822235
410.800000	1787825133987108352	47.643636047633244	-122.13815789701296	216.97499999992334	-0.2571094411068707	0.0	2.9387743593822235
410.900000	1787825134089108224	47.643635816417095	-122.13815397441095	216.97499999992334	-0.2571094411068707	0.0	2.9387743593822235
411.000000	1787825134188108288	47.64363558520095	-122.13815005180895	216.97499999992334	-0.2571094411068707	0.0	2.9387743593822235
411.100000	1787825134287108096	47.6436353539848	-122.13814612920694	216.97499999992334	-0.2571094411068707	0.0	2.9387743593822235
411.200000	1787825134389108224	47.64363512276865	-122.13814220660493	216.97499999992334	-0.2571094411068707	0.0	2.9387743593822235
411.300000	1787825134488108032	47.6436348915525	-122.13813828400292	216.97499999992334	-0.2571094411068707	0.0	2.9387743593822235
411.400000	1787825134587108096	47.64363466033635	-122.13813436140092	216.97499999992334	-0.2571094411068707	0.0	2.9387743593822235
411.500000	1787825134689108224	47.64363442912021	-122.13813043879891	216.97499999992334	-0.2571094411068707	0.0	2.9387743593822235
411.600000	1787825134788108032	47.64363419790406	-122.1381265161969	216.97499999992334	-0.2571094411068707	0.0	2.9387743593822235
411.700000	1787825134887108096	47.643633966687915	-122.1381225935949	216.97499999992334	-0.2571094411068707	0.0	2.9387743593822235
411.800000	1787825134989108224	47.64363373547177	-122.1381186709929	216.97499999992334	-0.2571094411068707	0.0	2.9387743593822235
411.900000	1787825135088108288	47.64363350425562	-122.13811474839089	216.97499999992334	-0.2571094411068707	0.0	2.9387743593822235
412.000000	1787825135187108352	47.64363327303947	-122.13811082578889	216.97499999992334	-0.2571094411068707	0.0	2.9387743593822235
412.100000	1787825135289108224	47.64363304182332	-122.13810690318687	216.97499999992334	-0.2571094411068707	0.0	2.9387743593822235
412.200000	1787825135388108288	47.64363281060717	-122.13810298058486	216.97499999992334	-0.2571094411068707	0.0	2.9387743593822235
412.300000	1787825135487108352	47.64363257939103	-122.13809905798286	216.97499999992334	-0.2571094411068707	0.0	2.9387743593822235
412.400000	1787825135589108224	47.64363234817488	-122.13809513538085	216.97499999992334	-0.2571094411068707	0.0	2.9387743593822235
412.500000	1787825135688108288	47.643632116958734	-122.13809121277885	216.97499999992334	-0.2571094411068707	0.0	2.9387743593822235
412.600000	1787825135787108096	47.643631885742586	-122.13808729017684	216.97499999992334	-0.2571094411068707	0.0	2.9387743593822235
412.700000	1787825135889108224	47.64363165452644	-122.13808336757484	216.97499999992334	-0.2571094411068707	0.0	2.9387743593822235
412.800000	1787825135988108032	47.64363142331029	-122.13807944497283	216.97499999992334	-0.2571094411068707	0.0	2.9387743593822235
412.900000	1787825136087108096	47.64363119209414	-122.13807552237083	216.97499999992334	-0.2571094411068707	0.0	2.9387743593822235
413.000000	1787825136189108224	47.64363096087799	-122.13807159976882	216.97499999992334	-0.2571094411068707	0.0	2.9387743593822235
413.100000	1787825136288108032	47.64363072966185	-122.1380676771668	216.97499999992334	-0.2571094411068707	0.0	2.9387743593822235
413.200000	1787825136387108096	47.6436304984457	-122.1380637545648	216.97499999992334	-0.2571094411068707	0.0	2.9387743593822235
413.300000	1787825136489108224	47.643630267229554	-122.13805983196279	216.97499999992334	-0.2571094411068707	0.0	2.9387743593822235
413.400000	1787825136588108288	47.643630036013406	-122.13805590936079	216.97499999992334	-0.2571094411068707	0.0	2.9387743593822235
413.500000	1787825136687108352	47.64362980479726	-122.13805198675878	216.97499999992334	-0.2571094411068707	0.0	2.9387743593822235
413.600000	1787825136789108224	47.64362957358111	-122.13804806415678	216.97499999992334	-0.2571094411068707	0.0	2.9387743593822235
413.700000	1787825136888108288	47.64362934236496	-122.13804414155477	216.97499999992334	-0.2571094411068707	0.0	2.9387743593822235
413.800000	1787825136987108352	47.64362911114881	-122.13804021895277	216.97499999992334	-0.2571094411068707	0.0	2.9387743593822235
413.900000	1787825137089108224	47.64362887993267	-122.13803629635076	216.97499999992334	-0.2571094411068707	0.0	2.9387743593822235
414.000000	1787825137188108288	47.64362864871652	-122.13803237374876	216.97499999992334	-0.2571094411068707	0.0	2.9387743593822235
414.100000	1787825137287108096	47.64362841750037	-122.13802845114674	216.97499999992334	-0.2571094411068707	0.0	2.9387743593822235
414.200000	1787825137389108224	47.643628186284225	-122.13802452854473	216.97499999992334	-0.2571094411068707	0.0	2.9387743593822235
414.300000	1787825137488108032	47.64362795506808	-122.13802060594273	216.97499999992334	-0.2571094411068707	0.0	2.9387743593822235
414.400000	1787825137587108096	47.64362772385193	-122.13801668334072	216.97499999992334	-0.2571094411068707	0.0	2.9387743593822235
414.500000	1787825137689108224	47.64362749263578	-122.13801276073872	216.97499999992334	-0.2571094411068707	0.0	2.9387743593822235
414.600000	1787825137788108032	47.64362726141963	-122.13800883813671	216.97499999992334	-0.2571094411068707	0.0	2.9387743593822235
414.700000	1787825137887108096	47.64362703020349	-122.13800491553471	216.97499999992334	-0.2571094411068707	0.0	2.9387743593822235
414.800000	1787825137989108224	47.64362679898734	-122.1380009929327	216.97499999992334	-0.2571094411068707	0.0	2.9387743593822235
414.900000	1787825138088108288	47.64362656777119	-122.1379970703307	216.97499999992334	-0.2571094411068707	0.0	2.9387743593822235
415.000000	1787825138187108352	47.643626336555045	-122.1379931477287	216.97499999992334	-0.2571094411068707	0.0	2.9387743593822235
415.100000	1787825138289108224	47.643626105338896	-122.13798922512667	216.97499999992334	-0.2571094411068707	0.0	2.9387743593822235
415.200000	1787825138388108288	47.64362587412275	-122.13798530252467	216.97499999992334	-0.2571094411068707	0.0	2.9387743593822235
415.300000	1787825138487108352	47.6436256429066	-122.13798137992266	216.97499999992334	-0.2571094411068707	0.0	2.9387743593822235
415.400000	1787825138589108224	47.64362541169045	-122.13797745732066	216.97499999992334	-0.2571094411068707	0.0	2.9387743593822235
415.500000	1787825138688108288	47.64362518047431	-122.13797353471865	216.97499999992334	-0.2571094411068707	0.0	2.9387743593822235
415.600000	1787825138787108096	47.64362494925816	-122.13796961211665	216.97499999992334	-0.2571094411068707	0.0	2.9387743593822235
415.700000	1787825138889108224	47.64362471804201	-122.13796568951561	216.97499999992334	-0.2571094411068707	0.0	2.9387743593822235
415.800000	1787825138988108032	47.643624486825864	-122.13796176691461	216.97499999992334	-0.2571094411068707	0.0	2.9387743593822235
415.900000	1787825139087108096	47.643624255609716	-122.13795784431363	216.97499999992334	-0.2571094411068707	0.0	2.9387743593822235
416.000000	1787825139189108224	47.64362402439357	-122.13795392171264	216.97499999992334	-0.2571094411068707	0.0	2.9387743593822235
416.100000	1787825139288108032	47.64362379317742	-122.13794999911165	216.97499999992334	-0.2571094411068707	0.0	2.9387743593822235
416.200000	1787825139387108096	47.64362356196127	-122.13794607651067	216.97499999992334	-0.2571094411068707	0.0	2.9387743593822235
416.300000	1787825139489108224	47.64362333074513	-122.13794215390968	216.97499999992334	-0.2571094411068707	0.0	2.9387743593822235
416.400000	1787825139588108288	47.64362309952898	-122.1379382313087	216.97499999992334	-0.2571094411068707	0.0	2.9387743593822235
416.500000	1787825139687108352	47.64362286831283	-122.1379343087077	216.97499999992334	-0.2571094411068707	0.0	2.9387743593822235
416.600000	1787825139789108224	47.64362263709668	-122.13793038610672	216.97499999992334	-0.2571094411068707	0.0	2.9387743593822235
416.700000	1787825139888108288	47.643622405880535	-122.13792646350572	216.97499999992334	-0.2571094411068707	0.0	2.9387743593822235
416.800000	1787825139987108352	47.64362217466439	-122.13792254090474	216.97499999992334	-0.2571094411068707	0.0	2.9387743593822235
416.900000	1787825140089108224	47.64362194344824	-122.13791861830374	216.97499999992334	-0.2571094411068707	0.0	2.9387743593822235
417.000000	1787825140188108288	47.64362171223209	-122.13791469570276	216.97499999992334	-0.2571094411068707	0.0	2.9387743593822235
417.100000	1787825140287108096	47.64362148101595	-122.13791077310177	216.97499999992334	-0.2571094411068707	0.0	2.9387743593822235
417.200000	1787825140389108224	47.6436212497998	-122.13790685050078	216.97499999992334	-0.2571094411068707	0.0	2.9387743593822235
417.300000	1787825140488108032	47.64362101858365	-122.13790292789979	216.97499999992334	-0.2571094411068707	0.0	2.9387743593822235
417.400000	1787825140587108096	47.6436207873675	-122.1378990052988	216.97499999992334	-0.2571094411068707	0.0	2.9387743593822235
417.500000	1787825140689108224	47.643620556151355	-122.13789508269781	216.97499999992334	-0.2571094411068707	0.0	2.9387743593822235
417.600000	1787825140788108032	47.643620324935206	-122.13789116009683	216.97499999992334	-0.2571094411068707	0.0	2.9387743593822235
417.700000	1787825140887108096	47.64362009371906	-122.13788723749583	216.97499999992334	-0.2571094411068707	0.0	2.9387743593822235
417.800000	1787825140989108224	47.64361986250291	-122.13788331489485	216.97499999992334	-0.2571094411068707	0.0	2.9387743593822235
417.900000	1787825141088108288	47.64361963128677	-122.13787939229385	216.97499999992334	-0.2571094411068707	0.0	2.9387743593822235
418.000000	1787825141187108352	47.64361940007062	-122.13787546969287	216.97499999992334	-0.2571094411068707	0.0	2.9387743593822235
418.100000	1787825141289108224	47.64361916885447	-122.13787154709188	216.97499999992334	-0.2571094411068707	0.0	2.9387743593822235
418.200000	1787825141388108288	47.64361893763832	-122.1378676244909	216.97499999992334	-0.2571094411068707	0.0	2.9387743593822235
418.300000	1787825141487108352	47.643618706422174	-122.1378637018899	216.97499999992334	-0.2571094411068707	0.0	2.9387743593822235
418.400000	1787825141589108224	47.643618475206026	-122.13785977928892	216.97499999992334	-0.2571094411068707	0.0	2.9387743593822235
418.500000	1787825141688108288	47.64361824398988	-122.13785585668792	216.97499999992334	-0.2571094411068707	0.0	2.9387743593822235
418.600000	1787825141787108096	47.64361801277373	-122.13785193408694	216.97499999992334	-0.2571094411068707	0.0	2.9387743593822235
418.700000	1787825141889108224	47.64361778155758	-122.13784801148594	216.97499999992334	-0.2571094411068707	0.0	2.9387743593822235
418.800000	1787825141988108032	47.64361755034144	-122.13784408888496	216.97499999992334	-0.2571094411068707	0.0	2.9387743593822235
418.900000	1787825142087108096	47.64361731912529	-122.13784016628398	216.97499999992334	-0.2571094411068707	0.0	2.9387743593822235
419.000000	1787825142189108224	47.64361708790914	-122.13783624368298	216.97499999992334	-0.2571094411068707	0.0	2.9387743593822235
419.100000	1787825142288108032	47.643616856692994	-122.137832321082	216.97499999992334	-0.2571094411068707	0.0	2.9387743593822235
419.200000	1787825142387108096	47.643616625476845	-122.137828398481	216.97499999992334	-0.2571094411068707	0.0	2.9387743593822235
419.300000	1787825142489108224	47.6436163942607	-122.13782447588002	216.97499999992334	-0.2571094411068707	0.0	2.9387743593822235
419.400000	1787825142588108288	47.64361616304455	-122.13782055327903	216.97499999992334	-0.2571094411068707	0.0	2.9387743593822235
419.500000	1787825142687108352	47.6436159318284	-122.13781663067805	216.97499999992334	-0.2571094411068707	0.0	2.9387743593822235
419.600000	1787825142789108224	47.64361570061226	-122.13781270807705	216.97499999992334	-0.2571094411068707	0.0	2.9387743593822235
419.700000	1787825142888108288	47.64361546939611	-122.13780878547607	216.97499999992334	-0.2571094411068707	0.0	2.9387743593822235
419.800000	1787825142987108352	47.64361523817996	-122.13780486287507	216.97499999992334	-0.2571094411068707	0.0	2.9387743593822235
419.900000	1787825143089108224	47.64361500696381	-122.13780094027409	216.97499999992334	-0.2571094411068707	0.0	2.9387743593822235
420.000000	1787825143188108288	47.643614775747665	-122.1377970176731	216.97499999992334	-0.2571094411068707	0.0	2.9387743593822235
420.100000	1787825143287108096	47.643614544531516	-122.13779309507211	216.97499999992334	-0.2571094411068707	0.0	2.9387743593822235
420.200000	1787825143389108224	47.64361431331537	-122.13778917247112	216.97499999992334	-0.2571094411068707	0.0	2.9387743593822235
420.300000	1787825143488108032	47.64361408209922	-122.13778524987013	216.97499999992334	-0.2571094411068707	0.0	2.9387743593822235
420.400000	1787825143587108096	47.64361385088308	-122.13778132726914	216.97499999992334	-0.2571094411068707	0.0	2.9387743593822235
420.500000	1787825143689108224	47.64361361966693	-122.13777740466816	216.97499999992334	-0.2571094411068707	0.0	2.9387743593822235
420.600000	1787825143788108032	47.64361338845078	-122.13777348206716	216.97499999992334	-0.2571094411068707	0.0	2.9387743593822235
420.700000	1787825143887108096	47.64361315723463	-122.13776955946618	216.97499999992334	-0.2571094411068707	0.0	2.9387743593822235
420.800000	1787825143989108224	47.643612926018484	-122.13776563686518	216.97499999992334	-0.2571094411068707	0.0	2.9387743593822235
420.900000	1787825144088108288	47.643612694802336	-122.1377617142642	216.97499999992334	-0.2571094411068707	0.0	2.9387743593822235
421.000000	1787825144187108352	47.64361246358619	-122.1377577916632	216.97499999992334	-0.2571094411068707	0.0	2.9387743593822235
421.100000	1787825144289108224	47.64361223237004	-122.13775386906222	216.97499999992334	-0.2571094411068707	0.0	2.9387743593822235
421.200000	1787825144388108288	47.6436120011539	-122.13774994646123	216.97499999992334	-0.2571094411068707	0.0	2.9387743593822235
421.300000	1787825144487108352	47.64361176993775	-122.13774602386025	216.97499999992334	-0.2571094411068707	0.0	2.9387743593822235
421.400000	1787825144589108224	47.6436115387216	-122.13774210125926	216.97499999992334	-0.2571094411068707	0.0	2.9387743593822235
421.500000	1787825144688108288	47.64361130750545	-122.1377381786586	216.97499999992334	-0.2571094411068707	0.0	2.9387743593822235
421.600000	1787825144787108096	47.643611076289304	-122.13773425605862	216.97499999992334	-0.2571094411068707	0.0	2.9387743593822235
421.700000	1787825144889108224	47.643610845073155	-122.13773033345866	216.97499999992334	-0.2571094411068707	0.0	2.9387743593822235
421.800000	1787825144988108032	47.64361061385701	-122.13772641085869	216.97499999992334	-0.2571094411068707	0.0	2.9387743593822235
421.900000	1787825145087108096	47.64361038264086	-122.13772248825872	216.97499999992334	-0.2571094411068707	0.0	2.9387743593822235
422.000000	1787825145189108224	47.64361015142472	-122.13771856565874	216.97499999992334	-0.2571094411068707	0.0	2.9387743593822235
422.100000	1787825145288108032	47.64360992020857	-122.13771464305877	216.97499999992334	-0.2571094411068707	0.0	2.9387743593822235
422.200000	1787825145387108096	47.64360968899242	-122.1377107204588	216.97499999992334	-0.2571094411068707	0.0	2.9387743593822235
422.300000	1787825145489108224	47.64360945777627	-122.13770679785883	216.97499999992334	-0.2571094411068707	0.0	2.9387743593822235
422.400000	1787825145588108288	47.64360922656012	-122.13770287525887	216.97499999992334	-0.2571094411068707	0.0	2.9387743593822235
422.500000	1787825145687108352	47.643608995343975	-122.1376989526589	216.97499999992334	-0.2571094411068707	0.0	2.9387743593822235
422.600000	1787825145789108224	47.643608764127826	-122.13769503005892	216.97499999992334	-0.2571094411068707	0.0	2.9387743593822235
422.700000	1787825145888108288	47.64360853291168	-122.13769110745895	216.97499999992334	-0.2571094411068707	0.0	2.9387743593822235
422.800000	1787825145987108352	47.64360830169554	-122.13768718485898	216.97499999992334	-0.2571094411068707	0.0	2.9387743593822235
422.900000	1787825146089108224	47.64360807047939	-122.137683262259	216.97499999992334	-0.2571094411068707	0.0	2.9387743593822235
423.000000	1787825146188108288	47.64360783926324	-122.13767933965903	216.97499999992334	-0.2571094411068707	0.0	2.9387743593822235
423.100000	1787825146287108096	47.64360760804709	-122.13767541705907	216.97499999992334	-0.2571094411068707	0.0	2.9387743593822235
423.200000	1787825146389108224	47.64360737683094	-122.1376714944591	216.97499999992334	-0.2571094411068707	0.0	2.9387743593822235
423.300000	1787825146488108032	47.643607145614794	-122.13766757185913	216.97499999992334	-0.2571094411068707	0.0	2.9387743593822235
423.400000	1787825146587108096	47.643606914398646	-122.13766364925915	216.97499999992334	-0.2571094411068707	0.0	2.9387743593822235
423.500000	1787825146689108224	47.6436066831825	-122.13765972665918	216.97499999992334	-0.2571094411068707	0.0	2.9387743593822235
423.600000	1787825146788108032	47.643606451966356	-122.13765580405921	216.97499999992334	-0.2571094411068707	0.0	2.9387743593822235
423.700000	1787825146887108096	47.64360622075021	-122.13765188145923	216.97499999992334	-0.2571094411068707	0.0	2.9387743593822235
423.800000	1787825146989108224	47.64360598953406	-122.13764795885926	216.97499999992334	-0.2571094411068707	0.0	2.9387743593822235
423.900000	1787825147088108288	47.64360575831791	-122.1376440362593	216.97499999992334	-0.2571094411068707	0.0	2.9387743593822235
424.000000	1787825147187108352	47.64360552710176	-122.13764011365933	216.97499999992334	-0.2571094411068707	0.0	2.9387743593822235
424.100000	1787825147289108224	47.643605295885614	-122.13763619105936	216.97499999992334	-0.2571094411068707	0.0	2.9387743593822235
424.200000	1787825147388108288	47.643605064669465	-122.13763226845938	216.97499999992334	-0.2571094411068707	0.0	2.9387743593822235
424.300000	1787825147487108352	47.64360483345332	-122.13762834585941	216.97499999992334	-0.2571094411068707	0.0	2.9387743593822235
424.400000	1787825147589108224	47.643604602237176	-122.13762442325944	216.97499999992334	-0.2571094411068707	0.0	2.9387743593822235
424.500000	1787825147688108288	47.64360437102103	-122.13762050065947	216.97499999992334	-0.2571094411068707	0.0	2.9387743593822235
424.600000	1787825147787108096	47.64360413980488	-122.13761657805951	216.97499999992334	-0.2571094411068707	0.0	2.9387743593822235
424.700000	1787825147889108224	47.64360390858873	-122.13761265545953	216.97499999992334	-0.2571094411068707	0.0	2.9387743593822235
424.800000	1787825147988108032	47.64360367737258	-122.13760873285956	216.97499999992334	-0.2571094411068707	0.0	2.9387743593822235
424.900000	1787825148087108096	47.64360344615643	-122.13760481025959	216.97499999992334	-0.2571094411068707	0.0	2.9387743593822235
425.000000	1787825148189108224	47.643603214940285	-122.13760088765962	216.97499999992334	-0.2571094411068707	0.0	2.9387743593822235
425.100000	1787825148288108032	47.643602983724136	-122.13759696505964	216.97499999992334	-0.2571094411068707	0.0	2.9387743593822235
425.200000	1787825148387108096	47.643602752507995	-122.13759304245967	216.97499999992334	-0.2571094411068707	0.0	2.9387743593822235
425.300000	1787825148489108224	47.64360252129185	-122.13758911985971	216.97499999992334	-0.2571094411068707	0.0	2.9387743593822235
425.400000	1787825148588108288	47.6436022900757	-122.13758519725974	216.97499999992334	-0.2571094411068707	0.0	2.9387743593822235
425.500000	1787825148687108352	47.64360205885955	-122.13758127465977	216.97499999992334	-0.2571094411068707	0.0	2.9387743593822235
425.600000	1787825148789108224	47.6436018276434	-122.1375773520598	216.97499999992334	-0.2571094411068707	0.0	2.9387743593822235
425.700000	1787825148888108288	47.64360159642725	-122.13757342945982	216.97499999992334	-0.2571094411068707	0.0	2.9387743593822235
425.800000	1787825148987108352	47.643601365211104	-122.13756950685985	216.97499999992334	-0.2571094411068707	0.0	2.9387743593822235
425.900000	1787825149089108224	47.643601133994956	-122.13756558425987	216.97499999992334	-0.2571094411068707	0.0	2.9387743593822235
426.000000	1787825149188108288	47.643600902778815	-122.13756166165992	216.97499999992334	-0.2571094411068707	0.0	2.9387743593822235
426.100000	1787825149287108096	47.643600671562666	-122.13755773905994	216.97499999992334	-0.2571094411068707	0.0	2.9387743593822235
426.200000	1787825149389108224	47.64360044034652	-122.13755381645997	216.97499999992334	-0.2571094411068707	0.0	2.9387743593822235
426.300000	1787825149488108032	47.64360020913037	-122.13754989386	216.97499999992334	-0.2571094411068707	0.0	2.9387743593822235
426.400000	1787825149587108096	47.64359997791422	-122.13754597126002	216.97499999992334	-0.2571094411068707	0.0	2.9387743593822235
426.500000	1787825149689108224	47.64359974669807	-122.13754204866005	216.97499999992334	-0.2571094411068707	0.0	2.9387743593822235
426.600000	1787825149788108032	47.643599515481924	-122.13753812606008	216.97499999992334	-0.2571094411068707	0.0	2.9387743593822235
426.700000	1787825149887108096	47.643599284265775	-122.13753420346012	216.97499999992334	-0.2571094411068707	0.0	2.9387743593822235
426.800000	1787825149989108224	47.643599053049634	-122.13753028086015	216.97499999992334	-0.2571094411068707	0.0	2.9387743593822235
426.900000	1787825150088108288	47.643598821833486	-122.13752635826017	216.97499999992334	-0.2571094411068707	0.0	2.9387743593822235
427.000000	1787825150187108352	47.64359859061734	-122.1375224356602	216.97499999992334	-0.2571094411068707	0.0	2.9387743593822235
427.100000	1787825150289108224	47.64359835940119	-122.13751851306023	216.97499999992334	-0.2571094411068707	0.0	2.9387743593822235
427.200000	1787825150388108288	47.64359812818504	-122.13751459046026	216.97499999992334	-0.2571094411068707	0.0	2.9387743593822235
427.300000	1787825150487108352	47.64359789696889	-122.13751066786028	216.97499999992334	-0.2571094411068707	0.0	2.9387743593822235
427.400000	1787825150589108224	47.64359766575274	-122.13750674526104	216.97499999992334	-0.2571094411068707	0.0	2.9387743593822235
427.500000	1787825150688108288	47.643597434536595	-122.13750282266207	216.97499999992334	-0.2571094411068707	0.0	2.9387743593822235
427.600000	1787825150787108096	47.643597203320454	-122.13749890006312	216.97499999992334	-0.2571094411068707	0.0	2.9387743593822235
427.700000	1787825150889108224	47.643596972104305	-122.13749497746417	216.97499999992334	-0.2571094411068707	0.0	2.9387743593822235
427.800000	1787825150988108032	47.64359674088816	-122.13749105486522	216.97499999992334	-0.2571094411068707	0.0	2.9387743593822235
427.900000	1787825151087108096	47.64359650967201	-122.13748713226626	216.97499999992334	-0.2571094411068707	0.0	2.9387743593822235
428.000000	1787825151189108224	47.64359627845586	-122.13748320966731	216.97499999992334	-0.2571094411068707	0.0	2.9387743593822235
428.100000	1787825151288108032	47.64359604723971	-122.13747928706836	216.97499999992334	-0.2571094411068707	0.0	2.9387743593822235
428.200000	1787825151387108096	47.64359581602356	-122.13747536446941	216.97499999992334	-0.2571094411068707	0.0	2.9387743593822235
428.300000	1787825151489108224	47.643595584807414	-122.13747144187045	216.97499999992334	-0.2571094411068707	0.0	2.9387743593822235
428.400000	1787825151588108288	47.64359535359127	-122.1374675192715	216.97499999992334	-0.2571094411068707	0.0	2.9387743593822235
428.500000	1787825151687108352	47.643595122375125	-122.13746359667255	216.97499999992334	-0.2571094411068707	0.0	2.9387743593822235
428.600000	1787825151789108224	47.643594891158976	-122.1374596740736	216.97499999992334	-0.2571094411068707	0.0	2.9387743593822235
428.700000	1787825151888108288	47.64359465994283	-122.13745575147463	216.97499999992334	-0.2571094411068707	0.0	2.9387743593822235
428.800000	1787825151987108352	47.64359442872668	-122.13745182887568	216.97499999992334	-0.2571094411068707	0.0	2.9387743593822235
428.900000	1787825152089108224	47.64359419751053	-122.13744790627673	216.97499999992334	-0.2571094411068707	0.0	2.9387743593822235
429.000000	1787825152188108288	47.64359396629438	-122.13744398367778	216.97499999992334	-0.2571094411068707	0.0	2.9387743593822235
429.100000	1787825152287108096	47.643593735078234	-122.13744006107883	216.97499999992334	-0.2571094411068707	0.0	2.9387743593822235
429.200000	1787825152389108224	47.64359350386209	-122.13743613847987	216.97499999992334	-0.2571094411068707	0.0	2.9387743593822235
429.300000	1787825152488108032	47.643593272645944	-122.13743221588092	216.97499999992334	-0.2571094411068707	0.0	2.9387743593822235
429.400000	1787825152587108096	47.643593041429796	-122.13742829328197	216.97499999992334	-0.2571094411068707	0.0	2.9387743593822235
429.500000	1787825152689108224	47.64359281021365	-122.13742437068302	216.97499999992334	-0.2571094411068707	0.0	2.9387743593822235
429.600000	1787825152788108032	47.6435925789975	-122.13742044808406	216.97499999992334	-0.2571094411068707	0.0	2.9387743593822235
429.700000	1787825152887108096	47.64359234778135	-122.13741652548511	216.97499999992334	-0.2571094411068707	0.0	2.9387743593822235
429.800000	1787825152989108224	47.6435921165652	-122.13741260288616	216.97499999992334	-0.2571094411068707	0.0	2.9387743593822235
429.900000	1787825153088108288	47.64359188534905	-122.13740868028721	216.97499999992334	-0.2571094411068707	0.0	2.9387743593822235
430.000000	1787825153187108352	47.64359165413291	-122.13740475768824	216.97499999992334	-0.2571094411068707	0.0	2.9387743593822235
430.100000	1787825153289108224	47.643591422916764	-122.1374008350893	216.97499999992334	-0.2571094411068707	0.0	2.9387743593822235
430.200000	1787825153388108288	47.643591191700615	-122.13739691249035	216.97499999992334	-0.2571094411068707	0.0	2.9387743593822235
430.300000	1787825153487108352	47.64359096048447	-122.1373929898914	216.97499999992334	-0.2571094411068707	0.0	2.9387743593822235
430.400000	1787825153589108224	47.64359072926832	-122.13738906729243	216.97499999992334	-0.2571094411068707	0.0	2.9387743593822235
430.500000	1787825153688108288	47.64359049805217	-122.13738514469348	216.97499999992334	-0.2571094411068707	0.0	2.9387743593822235
430.600000	1787825153787108096	47.64359026683602	-122.13738122209453	216.97499999992334	-0.2571094411068707	0.0	2.9387743593822235
430.700000	1787825153889108224	47.64359003561987	-122.13737729949558	216.97499999992334	-0.2571094411068707	0.0	2.9387743593822235
430.800000	1787825153988108032	47.64358980440373	-122.13737337689662	216.97499999992334	-0.2571094411068707	0.0	2.9387743593822235
430.900000	1787825154087108096	47.64358957318758	-122.13736945429767	216.97499999992334	-0.2571094411068707	0.0	2.9387743593822235
431.000000	1787825154189108224	47.643589341971435	-122.13736553169872	216.97499999992334	-0.2571094411068707	0.0	2.9387743593822235
431.100000	1787825154288108032	47.643589110755286	-122.13736160909977	216.97499999992334	-0.2571094411068707	0.0	2.9387743593822235
431.200000	1787825154387108096	47.64358887953914	-122.1373576865008	216.97499999992334	-0.2571094411068707	0.0	2.9387743593822235
431.300000	1787825154489108224	47.64358864832299	-122.13735376390186	216.97499999992334	-0.2571094411068707	0.0	2.9387743593822235
431.400000	1787825154588108288	47.64358841710684	-122.1373498413029	216.97499999992334	-0.2571094411068707	0.0	2.9387743593822235
431.500000	1787825154687108352	47.64358818589069	-122.13734591870396	216.97499999992334	-0.2571094411068707	0.0	2.9387743593822235
431.600000	1787825154789108224	47.64358795467455	-122.137341996105	216.97499999992334	-0.2571094411068707	0.0	2.9387743593822235
431.700000	1787825154888108288	47.6435877234584	-122.13733807350604	216.97499999992334	-0.2571094411068707	0.0	2.9387743593822235
431.800000	1787825154987108352	47.643587492242254	-122.1373341509071	216.97499999992334	-0.2571094411068707	0.0	2.9387743593822235
431.900000	1787825155089108224	47.643587261026106	-122.13733022830814	216.97499999992334	-0.2571094411068707	0.0	2.9387743593822235
432.000000	1787825155188108288	47.64358702980996	-122.1373263057092	216.97499999992334	-0.2571094411068707	0.0	2.9387743593822235
432.100000	1787825155287108096	47.64358679859381	-122.13732238311023	216.97499999992334	-0.2571094411068707	0.0	2.9387743593822235
432.200000	1787825155389108224	47.64358656737766	-122.13731846051128	216.97499999992334	-0.2571094411068707	0.0	2.9387743593822235
432.300000	1787825155488108032	47.64358633616151	-122.13731453791233	216.97499999992334	-0.2571094411068707	0.0	2.9387743593822235
432.400000	1787825155587108096	47.64358610494537	-122.13731061531338	216.97499999992334	-0.2571094411068707	0.0	2.9387743593822235
432.500000	1787825155689108224	47.64358587372922	-122.13730669271442	216.97499999992334	-0.2571094411068707	0.0	2.9387743593822235
432.600000	1787825155788108032	47.643585642513074	-122.13730277011547	216.97499999992334	-0.2571094411068707	0.0	2.9387743593822235
432.700000	1787825155887108096	47.643585411296925	-122.13729884751652	216.97499999992334	-0.2571094411068707	0.0	2.9387743593822235
432.800000	1787825155989108224	47.64358518008078	-122.13729492491757	216.97499999992334	-0.2571094411068707	0.0	2.9387743593822235
432.900000	1787825156088108288	47.64358494886463	-122.1372910023186	216.97499999992334	-0.2571094411068707	0.0	2.9387743593822235
433.000000	1787825156187108352	47.64358471764848	-122.13728707971966	216.97499999992334	-0.2571094411068707	0.0	2.9387743593822235
433.100000	1787825156289108224	47.64358448643233	-122.1372831571207	216.97499999992334	-0.2571094411068707	0.0	2.9387743593822235
433.200000	1787825156388108288	47.64358425521619	-122.13727923452183	216.97499999992334	-0.2571094411068707	0.0	2.9387743593822235
433.300000	1787825156487108352	47.64358402400004	-122.13727531192389	216.97499999992334	-0.2571094411068707	0.0	2.9387743593822235
433.400000	1787825156589108224	47.64358379278389	-122.13727138932596	216.97499999992334	-0.2571094411068707	0.0	2.9387743593822235
433.500000	1787825156688108288	47.643583561567745	-122.13726746672802	216.97499999992334	-0.2571094411068707	0.0	2.9387743593822235
433.600000	1787825156787108096	47.643583330351596	-122.1372635441301	216.97499999992334	-0.2571094411068707	0.0	2.9387743593822235
433.700000	1787825156889108224	47.64358309913545	-122.13725962153215	216.97499999992334	-0.2571094411068707	0.0	2.9387743593822235
433.800000	1787825156988108032	47.6435828679193	-122.13725569893421	216.97499999992334	-0.2571094411068707	0.0	2.9387743593822235
433.900000	1787825157087108096	47.64358263670315	-122.13725177633629	216.97499999992334	-0.2571094411068707	0.0	2.9387743593822235
434.000000	1787825157189108224	47.643582405487	-122.13724785373834	216.97499999992334	-0.2571094411068707	0.0	2.9387743593822235
434.100000	1787825157288108032	47.64358217427086	-122.1372439311404	216.97499999992334	-0.2571094411068707	0.0	2.9387743593822235
434.200000	1787825157387108096	47.64358194305471	-122.13724000854248	216.97499999992334	-0.2571094411068707	0.0	2.9387743593822235
434.300000	1787825157489108224	47.643581711838564	-122.13723608594454	216.97499999992334	-0.2571094411068707	0.0	2.9387743593822235
434.400000	1787825157588108288	47.643581480622416	-122.13723216334661	216.97499999992334	-0.2571094411068707	0.0	2.9387743593822235
434.500000	1787825157687108352	47.64358124940627	-122.13722824074867	216.97499999992334	-0.2571094411068707	0.0	2.9387743593822235
434.600000	1787825157789108224	47.64358101819012	-122.13722431815073	216.97499999992334	-0.2571094411068707	0.0	2.9387743593822235
434.700000	1787825157888108288	47.64358078697397	-122.1372203955528	216.97499999992334	-0.2571094411068707	0.0	2.9387743593822235
434.800000	1787825157987108352	47.64358055575782	-122.13721647295486	216.97499999992334	-0.2571094411068707	0.0	2.9387743593822235
434.900000	1787825158089108224	47.64358032454168	-122.13721255035692	216.97499999992334	-0.2571094411068707	0.0	2.9387743593822235
435.000000	1787825158188108288	47.64358009332553	-122.137208627759	216.97499999992334	-0.2571094411068707	0.0	2.9387743593822235
435.100000	1787825158287108096	47.643579862109384	-122.13720470516105	216.97499999992334	-0.2571094411068707	0.0	2.9387743593822235
435.200000	1787825158389108224	47.643579630893235	-122.13720078256313	216.97499999992334	-0.2571094411068707	0.0	2.9387743593822235
435.300000	1787825158488108032	47.64357939967709	-122.13719685996519	216.97499999992334	-0.2571094411068707	0.0	2.9387743593822235
435.400000	1787825158587108096	47.64357916846094	-122.13719293736725	216.97499999992334	-0.2571094411068707	0.0	2.9387743593822235
435.500000	1787825158689108224	47.64357893724479	-122.13718901476932	216.97499999992334	-0.2571094411068707	0.0	2.9387743593822235
435.600000	1787825158788108032	47.64357870602864	-122.13718509217138	216.97499999992334	-0.2571094411068707	0.0	2.9387743593822235
435.700000	1787825158887108096	47.6435784748125	-122.13718116957344	216.97499999992334	-0.2571094411068707	0.0	2.9387743593822235
435.800000	1787825158989108224	47.64357824359635	-122.13717724697551	216.97499999992334	-0.2571094411068707	0.0	2.9387743593822235
435.900000	1787825159088108288	47.6435780123802	-122.13717332437757	216.97499999992334	-0.2571094411068707	0.0	2.9387743593822235
436.000000	1787825159187108352	47.643577781164055	-122.13716940177964	216.97499999992334	-0.2571094411068707	0.0	2.9387743593822235
436.100000	1787825159289108224	47.643577549947906	-122.1371654791817	216.97499999992334	-0.2571094411068707	0.0	2.9387743593822235
436.200000	1787825159388108288	47.64357731873176	-122.13716155658376	216.97499999992334	-0.2571094411068707	0.0	2.9387743593822235
436.300000	1787825159487108352	47.64357708751561	-122.13715763398584	216.97499999992334	-0.2571094411068707	0.0	2.9387743593822235
436.400000	1787825159589108224	47.64357685629946	-122.1371537113879	216.97499999992334	-0.2571094411068707	0.0	2.9387743593822235
436.500000	1787825159688108288	47.64357662508332	-122.13714978878996	216.97499999992334	-0.2571094411068707	0.0	2.9387743593822235
436.600000	1787825159787108096	47.64357639386717	-122.13714586619203	216.97499999992334	-0.2571094411068707	0.0	2.9387743593822235
436.700000	1787825159889108224	47.64357616265102	-122.13714194359409	216.97499999992334	-0.2571094411068707	0.0	2.9387743593822235
436.800000	1787825159988108032	47.643575931434874	-122.13713802099616	216.97499999992334	-0.2571094411068707	0.0	2.9387743593822235
436.900000	1787825160087108096	47.643575700218726	-122.13713409839822	216.97499999992334	-0.2571094411068707	0.0	2.9387743593822235
437.000000	1787825160189108224	47.64357546900258	-122.13713017580028	216.97499999992334	-0.2571094411068707	0.0	2.9387743593822235
437.100000	1787825160288108032	47.64357523778643	-122.13712625320235	216.97499999992334	-0.2571094411068707	0.0	2.9387743593822235
437.200000	1787825160387108096	47.64357500657028	-122.13712233060441	216.97499999992334	-0.2571094411068707	0.0	2.9387743593822235
437.300000	1787825160489108224	47.64357477535414	-122.13711840800649	216.97499999992334	-0.2571094411068707	0.0	2.9387743593822235
437.400000	1787825160588108288	47.64357454413799	-122.13711448540855	216.97499999992334	-0.2571094411068707	0.0	2.9387743593822235
437.500000	1787825160687108352	47.64357431292184	-122.1371105628106	216.97499999992334	-0.2571094411068707	0.0	2.9387743593822235
437.600000	1787825160789108224	47.643574081705694	-122.13710664021268	216.97499999992334	-0.2571094411068707	0.0	2.9387743593822235
437.700000	1787825160888108288	47.643573850489545	-122.13710271761474	216.97499999992334	-0.2571094411068707	0.0	2.9387743593822235
437.800000	1787825160987108352	47.6435736192734	-122.1370987950168	216.97499999992334	-0.2571094411068707	0.0	2.9387743593822235
437.900000	1787825161089108224	47.64357338805725	-122.13709487241887	216.97499999992334	-0.2571094411068707	0.0	2.9387743593822235
438.000000	1787825161188108288	47.6435731568411	-122.13709094982093	216.97499999992334	-0.2571094411068707	0.0	2.9387743593822235
438.100000	1787825161287108096	47.64357292562496	-122.137087027223	216.97499999992334	-0.2571094411068707	0.0	2.9387743593822235
438.200000	1787825161389108224	47.64357269440881	-122.13708310462506	216.97499999992334	-0.2571094411068707	0.0	2.9387743593822235
438.300000	1787825161488108032	47.64357246319266	-122.13707918202712	216.97499999992334	-0.2571094411068707	0.0	2.9387743593822235
438.400000	1787825161587108096	47.64357223197651	-122.1370752594292	216.97499999992334	-0.2571094411068707	0.0	2.9387743593822235
438.500000	1787825161689108224	47.643572000760365	-122.13707133683126	216.97499999992334	-0.2571094411068707	0.0	2.9387743593822235
438.600000	1787825161788108032	47.64357176954422	-122.13706741423331	216.97499999992334	-0.2571094411068707	0.0	2.9387743593822235
438.700000	1787825161887108096	47.64357153832807	-122.13706349163539	216.97499999992334	-0.2571094411068707	0.0	2.9387743593822235
438.800000	1787825161989108224	47.64357130711192	-122.13705956903745	216.97499999992334	-0.2571094411068707	0.0	2.9387743593822235
438.900000	1787825162088108288	47.64357107589578	-122.13705564643952	216.97499999992334	-0.2571094411068707	0.0	2.9387743593822235
439.000000	1787825162187108352	47.64357084467963	-122.13705172384158	216.97499999992334	-0.2571094411068707	0.0	2.9387743593822235
439.100000	1787825162289108224	47.64357061346348	-122.13704780124411	216.97499999992334	-0.2571094411068707	0.0	2.9387743593822235
439.200000	1787825162388108288	47.64357038224733	-122.13704387864719	216.97499999992334	-0.2571094411068707	0.0	2.9387743593822235
439.300000	1787825162487108352	47.643570151031184	-122.13703995605027	216.97499999992334	-0.2571094411068707	0.0	2.9387743593822235
439.400000	1787825162589108224	47.643569919815036	-122.13703603345336	216.97499999992334	-0.2571094411068707	0.0	2.9387743593822235
439.500000	1787825162688108288	47.64356968859889	-122.13703211085644	216.97499999992334	-0.2571094411068707	0.0	2.9387743593822235
439.600000	1787825162787108096	47.64356945738274	-122.13702818825952	216.97499999992334	-0.2571094411068707	0.0	2.9387743593822235
439.700000	1787825162889108224	47.6435692261666	-122.1370242656626	216.97499999992334	-0.2571094411068707	0.0	2.9387743593822235
439.800000	1787825162988108032	47.64356899495045	-122.13702034306569	216.97499999992334	-0.2571094411068707	0.0	2.9387743593822235
439.900000	1787825163087108096	47.6435687637343	-122.13701642046877	216.97499999992334	-0.2571094411068707	0.0	2.9387743593822235
440.000000	1787825163189108224	47.64356853251815	-122.13701249787185	216.97499999992334	-0.2571094411068707	0.0	2.9387743593822235
440.100000	1787825163288108032	47.643568301302004	-122.13700857527493	216.97499999992334	-0.2571094411068707	0.0	2.9387743593822235
440.200000	1787825163387108096	47.643568070085855	-122.13700465267802	216.97499999992334	-0.2571094411068707	0.0	2.9387743593822235
440.300000	1787825163489108224	47.64356783886971	-122.1370007300811	216.97499999992334	-0.2571094411068707	0.0	2.9387743593822235
440.400000	1787825163588108288	47.64356760765356	-122.13699680748418	216.97499999992334	-0.2571094411068707	0.0	2.9387743593822235
440.500000	1787825163687108352	47.64356737643742	-122.13699288488726	216.97499999992334	-0.2571094411068707	0.0	2.9387743593822235
440.600000	1787825163789108224	47.64356714522127	-122.13698896229035	216.97499999992334	-0.2571094411068707	0.0	2.9387743593822235
440.700000	1787825163888108288	47.64356691400512	-122.13698503969343	216.97499999992334	-0.2571094411068707	0.0	2.9387743593822235
440.800000	1787825163987108352	47.64356668278897	-122.13698111709651	216.97499999992334	-0.2571094411068707	0.0	2.9387743593822235
440.900000	1787825164089108224	47.64356645157282	-122.1369771944996	216.97499999992334	-0.2571094411068707	0.0	2.9387743593822235
441.000000	1787825164188108288	47.643566220356675	-122.13697327190268	216.97499999992334	-0.2571094411068707	0.0	2.9387743593822235
441.100000	1787825164287108096	47.64356598914053	-122.13696934930576	216.97499999992334	-0.2571094411068707	0.0	2.9387743593822235
441.200000	1787825164389108224	47.64356575792438	-122.13696542670884	216.97499999992334	-0.2571094411068707	0.0	2.9387743593822235
441.300000	1787825164488108032	47.64356552670824	-122.13696150411192	216.97499999992334	-0.2571094411068707	0.0	2.9387743593822235
441.400000	1787825164587108096	47.64356529549209	-122.136957581515	216.97499999992334	-0.2571094411068707	0.0	2.9387743593822235
441.500000	1787825164689108224	47.64356506427594	-122.13695365891809	216.97499999992334	-0.2571094411068707	0.0	2.9387743593822235
441.600000	1787825164788108032	47.64356483305979	-122.13694973632117	216.97499999992334	-0.2571094411068707	0.0	2.9387743593822235
441.700000	1787825164887108096	47.64356460184364	-122.13694581372425	216.97499999992334	-0.2571094411068707	0.0	2.9387743593822235
441.800000	1787825164989108224	47.643564370627494	-122.13694189112734	216.97499999992334	-0.2571094411068707	0.0	2.9387743593822235
441.900000	1787825165088108288	47.643564139411346	-122.1369379685304	216.97499999992334	-0.2571094411068707	0.0	2.9387743593822235
442.000000	1787825165187108352	47.6435639081952	-122.13693404593349	216.97499999992334	-0.2571094411068707	0.0	2.9387743593822235
442.100000	1787825165289108224	47.643563676979056	-122.13693012333657	216.97499999992334	-0.2571094411068707	0.0	2.9387743593822235
442.200000	1787825165388108288	47.64356344576291	-122.13692620073965	216.97499999992334	-0.2571094411068707	0.0	2.9387743593822235
442.300000	1787825165487108352	47.64356321454676	-122.13692227814273	216.97499999992334	-0.2571094411068707	0.0	2.9387743593822235
442.400000	1787825165589108224	47.64356298333061	-122.13691835554582	216.97499999992334	-0.2571094411068707	0.0	2.9387743593822235
442.500000	1787825165688108288	47.64356275211446	-122.1369144329489	216.97499999992334	-0.2571094411068707	0.0	2.9387743593822235
442.600000	1787825165787108096	47.643562520898314	-122.13691051035198	216.97499999992334	-0.2571094411068707	0.0	2.9387743593822235
442.700000	1787825165889108224	47.643562289682166	-122.13690658775506	216.97499999992334	-0.2571094411068707	0.0	2.9387743593822235
442.800000	1787825165988108032	47.64356205846602	-122.13690266515815	216.97499999992334	-0.2571094411068707	0.0	2.9387743593822235
442.900000	1787825166087108096	47.643561827249876	-122.13689874256123	216.97499999992334	-0.2571094411068707	0.0	2.9387743593822235
443.000000	1787825166189108224	47.64356159603373	-122.13689481996431	216.97499999992334	-0.2571094411068707	0.0	2.9387743593822235
443.100000	1787825166288108032	47.64356136481758	-122.1368908973674	216.97499999992334	-0.2571094411068707	0.0	2.9387743593822235
443.200000	1787825166387108096	47.64356113360143	-122.13688697477048	216.97499999992334	-0.2571094411068707	0.0	2.9387743593822235
443.300000	1787825166489108224	47.64356090238528	-122.13688305217356	216.97499999992334	-0.2571094411068707	0.0	2.9387743593822235
443.400000	1787825166588108288	47.64356067116913	-122.13687912957664	216.97499999992334	-0.2571094411068707	0.0	2.9387743593822235
443.500000	1787825166687108352	47.643560439952985	-122.13687520697972	216.97499999992334	-0.2571094411068707	0.0	2.9387743593822235
443.600000	1787825166789108224	47.64356020873684	-122.1368712843828	216.97499999992334	-0.2571094411068707	0.0	2.9387743593822235
443.700000	1787825166888108288	47.643559977520695	-122.13686736178589	216.97499999992334	-0.2571094411068707	0.0	2.9387743593822235
443.800000	1787825166987108352	47.64355974630455	-122.13686343918897	216.97499999992334	-0.2571094411068707	0.0	2.9387743593822235
443.900000	1787825167089108224	47.6435595150884	-122.13685951659205	216.97499999992334	-0.2571094411068707	0.0	2.9387743593822235
444.000000	1787825167188108288	47.64355928387225	-122.13685559399514	216.97499999992334	-0.2571094411068707	0.0	2.9387743593822235
444.100000	1787825167287108096	47.6435590526561	-122.13685167139822	216.97499999992334	-0.2571094411068707	0.0	2.9387743593822235
444.200000	1787825167389108224	47.64355882143995	-122.1368477488013	216.97499999992334	-0.2571094411068707	0.0	2.9387743593822235
444.300000	1787825167488108032	47.643558590223805	-122.13684382620438	216.97499999992334	-0.2571094411068707	0.0	2.9387743593822235
444.400000	1787825167587108096	47.643558359007656	-122.13683990360747	216.97499999992334	-0.2571094411068707	0.0	2.9387743593822235
444.500000	1787825167689108224	47.643558127791515	-122.13683598101055	216.97499999992334	-0.2571094411068707	0.0	2.9387743593822235
444.600000	1787825167788108032	47.643557896575366	-122.13683205841363	216.97499999992334	-0.2571094411068707	0.0	2.9387743593822235
444.700000	1787825167887108096	47.64355766535922	-122.13682813581671	216.97499999992334	-0.2571094411068707	0.0	2.9387743593822235
444.800000	1787825167989108224	47.64355743414307	-122.1368242132198	216.97499999992334	-0.2571094411068707	0.0	2.9387743593822235
444.900000	1787825168088108288	47.64355720292692	-122.13682029062288	216.97499999992334	-0.2571094411068707	0.0	2.9387743593822235
445.000000	1787825168187108352	47.64355697171077	-122.13681636802683	216.97499999992334	-0.25710944117726464	0.0	2.938774359376065
445.100000	1787825168289108224	47.6435567404942	-122.13681244543093	216.97499999992334	-0.2571111179590309	0.0	2.938774212676187
445.200000	1787825168388108288	47.64355650927258	-122.13680852283531	216.97499999992334	-0.2571221430434475	0.0	2.938773248079108
445.300000	1787825168487108352	47.64355627803343	-122.1368046002419	216.97499999992334	-0.25715152682565007	0.0	2.9387706770552753
445.400000	1787825168589108224	47.64355604675625	-122.13680067765347	216.97499999992334	-0.25720827964656773	0.0	2.938765710455656
445.500000	1787825168688108288	47.64355581541235	-122.13679675507375	216.97499999992334	-0.25730141173152576	0.0	2.9387575578107237
445.600000	1787825168787108096	47.643555583964975	-122.13679283250747	216.97499999992334	-0.25743993310457053	0.0	2.9387454263531914
445.700000	1787825168889108224	47.64355535236922	-122.13678890996049	216.97499999992334	-0.2576328534783158	0.0	2.93872851976451
445.800000	1787825168988108032	47.64355512057215	-122.13678498743975	216.97499999992334	-0.2578891821191037	0.0	2.9387060366451463
445.900000	1787825169087108096	47.64355488851268	-122.13678106495314	216.97499999992334	-0.2582179276870752	0.0	2.9386771687086823
446.000000	1787825169189108224	47.64355465612163	-122.13677714250989	216.97499999992334	-0.258628098050669	0.0	2.938641098699768
446.100000	1787825169288108032	47.643554423321724	-122.13677322012008	216.97499999992334	-0.2591287000748324	0.0	2.9385969980360036
446.200000	1787825169387108096	47.643554190027615	-122.13676929779494	216.97499999992334	-0.25972873938210866	0.0	2.9385440241738197
446.300000	1787825169489108224	47.64355395614577	-122.13676537554689	216.97499999992334	-0.2604372200854776	0.0	2.9384813176984523
446.400000	1787825169588108288	47.64355372157468	-122.13676145338962	216.97499999992334	-0.2612631444916576	0.0	2.9384079991381413
446.500000	1787825169687108352	47.643553486204674	-122.1367575313378	216.97499999992334	-0.26221551277329164	0.0	2.938323165502686
446.600000	1787825169789108224	47.64355324991799	-122.1367536094074	216.97499999992334	-0.26330332260808437	0.0	2.9382258865465447
446.700000	1787825169888108288	47.64355301258879	-122.13674968761572	216.97499999992334	-0.2645355687828009	0.0	2.9381152007566764
446.800000	1787825169987108352	47.64355277408311	-122.13674576598132	216.97499999992334	-0.2659212427595452	0.0	2.93799011106537
446.900000	1787825170089108224	47.64355253425896	-122.13674184452405	216.97499999992334	-0.2674693322014792	0.0	2.937849580288341
447.000000	1787825170188108288	47.64355229296621	-122.13673792326541	216.97499999992334	-0.2691888204547565	0.0	2.9376925262884237
447.100000	1787825170287108096	47.64355205004671	-122.13673400222797	216.97499999992334	-0.27108868598296015	0.0	2.9375178168652387
447.200000	1787825170389108224	47.6435518053342	-122.13673008143617	216.97499999992334	-0.2731779017500568	0.0	2.9373242643712527
447.300000	1787825170488108032	47.643551558654366	-122.13672616091601	216.97499999992334	-0.2754654345472538	0.0	2.9371106200547468
447.400000	1787825170587108096	47.643551309824865	-122.13672224069519	216.97499999992334	-0.2779602442588138	0.0	2.936875568130231
447.500000	1787825170689108224	47.64355105865525	-122.1367183208032	216.97499999992334	-0.2806712830613534	0.0	2.936617719576959
447.600000	1787825170788108032	47.643550804947054	-122.13671440127132	216.97499999992334	-0.28360749455053647	0.0	2.9363356056662617
447.700000	1787825170887108096	47.64355054849375	-122.13671048213318	216.97499999992334	-0.2867778127887024	0.0	2.9360276712185147
447.800000	1787825170989108224	47.64355028908079	-122.13670656342413	216.97499999992334	-0.2901911612662328	0.0	2.9356922675906683
447.900000	1787825171088108288	47.64355002648563	-122.13670264518211	216.97499999992334	-0.29385645176900915	0.0	2.9353276453953847
448.000000	1787825171187108352	47.6435497604777	-122.13669872744731	216.97499999992334	-0.29778258314363815	0.0	2.934931946952942
448.100000	1787825171289108224	47.64354949081839	-122.13669481026268	216.97499999992334	-0.30197843995144225	0.0	2.9345031984772443
448.200000	1787825171388108288	47.64354921726117	-122.13669089367353	216.97499999992334	-0.3064528910017388	0.0	2.934039301997395
448.300000	1787825171487108352	47.64354893955155	-122.13668697772822	216.97499999992334	-0.31121478775400613	0.0	2.933538027016509
448.400000	1787825171589108224	47.643548657427026	-122.13668306247826	216.97499999992334	-0.31627296257804977	0.0	2.932997001909615
448.500000	1787825171688108288	47.64354837061721	-122.1366791479785	216.97499999992334	-0.32163622686050175	0.0	2.9324137050627126
448.600000	1787825171787108096	47.64354807884379	-122.13667523428705	216.97499999992334	-0.32731336894511925	0.0	2.931785455755329
448.700000	1787825171889108224	47.643547781820565	-122.13667132146566	216.97499999992334	-0.33331315189388305	0.0	2.9311094047891237
448.800000	1787825171988108032	47.64354747925344	-122.13666740958018	216.97499999992334	-0.3396443110547728	0.0	2.9303825248654505
448.900000	1787825172087108096	47.64354717084047	-122.13666349870064	216.97499999992334	-0.3463155514215683	0.0	2.929601600715063
449.000000	1787825172189108224	47.64354685627196	-122.13665958890138	216.97499999992334	-0.35333554477014706	0.0	2.928763218983513
449.100000	1787825172288108032	47.643546535230364	-122.13665568026161	216.97499999992334	-0.3607129265547326	0.0	2.9278637578762106
449.200000	1787825172387108096	47.643546207390436	-122.13665177286538	216.97499999992334	-0.36845629254710693	0.0	2.926899376567484
449.300000	1787825172489108224	47.64354587241922	-122.13664786680202	216.97499999992334	-0.37657419520043917	0.0	2.925866004378503
449.400000	1787825172588108288	47.64354552997602	-122.13664396216643	216.97499999992334	-0.3850751397189039	0.0	2.924759329729397
449.500000	1787825172687108352	47.6435451797126	-122.13664005905945	216.97499999992334	-0.39396757981328073	0.0	2.923574788871451
449.600000	1787825172789108224	47.64354482127313	-122.1366361575882	216.97499999992334	-0.4032599131215434	0.0	2.9223075544059167
449.700000	1787825172888108288	47.64354445429418	-122.13663225786642	216.97499999992334	-0.4129604762731016	0.0	2.920952523596537
449.800000	1787825172987108352	47.64354407840496	-122.13662836001491	216.97499999992334	-0.4230775395737782	0.0	2.919504306483702
449.900000	1787825173089108224	47.643543693227194	-122.13662446416177	216.97499999992334	-0.4336193012882215	0.0	2.9179572138088314
450.000000	1787825173188108288	47.64354329837533	-122.13662057044307	216.97499999992334	-0.444593881495342	0.0	2.916305244758441
450.100000	1787825173287108096	47.643542893456484	-122.13661667900284	216.97499999992334	-0.45600931549110674	0.0	2.9145420745383
450.200000	1787825173389108224	47.64354247807062	-122.13661278999398	216.97499999992334	-0.46787354671283654	0.0	2.9126610417889403
450.300000	1787825173488108032	47.64354205181064	-122.13660890357849	216.97499999992334	-0.48019441915734307	0.0	2.910655135854955
450.400000	1787825173587108096	47.64354161426237	-122.13660501992793	216.97499999992334	-0.49297966926500353	0.0	2.90851698392154
450.500000	1787825173689108224	47.64354116500478	-122.13660113922383	216.97499999992334	-0.5062369172407467	0.0	2.9062388380329773
450.600000	1787825173788108032	47.643540703610014	-122.13659726165848	216.97499999992334	-0.5199736577816579	0.0	2.903812562009099
450.700000	1787825173887108096	47.64354022964355	-122.13659338743524	216.97499999992334	-0.5341972501808563	0.0	2.9012296182770325
450.800000	1787825173989108224	47.64353974266433	-122.1365895167693	216.97499999992334	-0.5489149077754188	0.0	2.8984810546371675
450.900000	1787825174088108288	47.643539242224854	-122.13658564988776	216.97499999992334	-0.5641336867061435	0.0	2.8955574909837343
451.000000	1787825174187108352	47.64353872787133	-122.13658178703072	216.97499999992334	-0.5798604739558089	0.0	2.892449106002114
451.100000	1787825174289108224	47.64353819914391	-122.13657792845179	216.97499999992334	-0.5961019746314272	0.0	2.8891456238668893
451.200000	1787825174388108288	47.643537655576786	-122.13657407441846	216.97499999992334	-0.6128646984562591	0.0	2.8856363009663575
451.300000	1787825174487108352	47.64353709669834	-122.13657022521285	216.97499999992334	-0.6301549454354439	0.0	2.8819099126815084
451.400000	1787825174589108224	47.643536522031454	-122.1365663811325	216.97499999992334	-0.647978790659497	0.0	2.877954740249426
451.500000	1787825174688108288	47.64353593109362	-122.13656254249096	216.97499999992334	-0.6663420682089738	0.0	2.8737585577434426
451.600000	1787825174787108096	47.64353532339718	-122.13655870961838	216.97499999992334	-0.685250354122685	0.0	2.869308619204881
451.700000	1787825174889108224	47.643534698449685	-122.13655488286219	216.97499999992334	-0.7047089483925584	0.0	2.8645916459635465
451.800000	1787825174988108032	47.64353405575391	-122.13655106258798	216.97499999992334	-0.724722855946498	0.0	2.8595938141871544
451.900000	1787825175087108096	47.643533394808316	-122.1365472491802	216.97499999992334	-0.7452967665815738	0.0	2.854300742702446
452.000000	1787825175189108224	47.64353271510736	-122.13654344304298	216.97499999992334	-0.7664350338093253	0.0	2.8486974811338577
452.100000	1787825175288108032	47.64353201614167	-122.13653964460036	216.97499999992334	-0.7881416525743953	0.0	2.842768498408899
452.200000	1787825175387108096	47.64353129739848	-122.13653585429795	216.97499999992334	-0.8104202358092445	0.0	2.836497671682382
452.300000	1787825175489108224	47.643530558361974	-122.13653207260307	216.97499999992334	-0.8332739897862954	0.0	2.8298682757355182
452.400000	1787825175588108288	47.64352979851361	-122.13652830000602	216.97499999992334	-0.8567056882307154	0.0	2.82286297290921
452.500000	1787825175687108352	47.643529017332575	-122.13652453702035	216.97499999992334	-0.8807176451570937	0.0	2.815463803634781
452.600000	1787825175789108224	47.643528214296204	-122.13652078418397	216.97499999992334	-0.9053116863935571	0.0	2.8076521776295476
452.700000	1787825175888108288	47.6435273888804	-122.13651704206035	216.97499999992334	-0.9304891197593316	0.0	2.799408865828318
452.800000	1787825175987108352	47.6435265405601	-122.13651331123884	216.97499999992334	-0.95625070386119	0.0	2.7907139931267886
452.900000	1787825176089108224	47.6435256688099	-122.1365095923359	216.97499999992334	-0.9825966154772222	0.0	2.7815470320167863
453.000000	1787825176188108288	47.643524773104474	-122.1365058859956	216.97499999992334	-1.0095264154311827	0.0	2.7718867972223094
453.100000	1787825176287108096	47.6435238529202	-122.13650219289033	216.97499999992334	-1.0370345083341774	0.0	2.7617131329290476
453.200000	1787825176389108224	47.64352290774644	-122.13649851371544	216.97499999992334	-1.0650978237807818	0.0	2.751011927608844
453.300000	1787825176488108032	47.64352193709618	-122.13649484918311	216.97499999992334	-1.0936889750336753	0.0	2.7397708710690525
453.400000	1787825176587108096	47.643520940507194	-122.13649120002204	216.97499999992334	-1.122780275489118	0.0	2.7279780888125305
453.500000	1787825176689108224	47.64351991754225	-122.13648756697633	216.97499999992334	-1.1523437526280245	0.0	2.7156221894526946
453.600000	1787825176788108032	47.643518867789396	-122.13648395080489	216.97499999992334	-1.182351163717802	0.0	2.702692310590283
453.700000	1787825176887108096	47.64351779086222	-122.13648035228078	216.97499999992334	-1.2127740132644305	0.0	2.689178163086108
453.800000	1787825176989108224	47.643516686400005	-122.1364767721904	216.97499999992334	-1.243583572203018	0.0	2.675070073664514
453.900000	1787825177088108288	47.64351555406799	-122.13647321133257	216.97499999992334	-1.2747508988080556	0.0	2.6603590257814336
454.000000	1787825177187108352	47.6435143935575	-122.13646967051784	216.97499999992334	-1.3062468612953486	0.0	2.6450366986914826
454.100000	1787825177289108224	47.64351320458619	-122.1364661505671	216.97499999992334	-1.3380421620782457	0.0	2.6290955046497757
454.200000	1787825177388108288	47.64351198689809	-122.1364626523112	216.97499999992334	-1.370107363634693	0.0	2.6125286241843697
454.300000	1787825177487108352	47.64351074026374	-122.13645917658944	216.97499999992334	-1.4024129159311356	0.0	2.595330039378078
454.400000	1787825177589108224	47.64350946448033	-122.13645572424845	216.97499999992334	-1.4349291853436055	0.0	2.57749456509957
454.500000	1787825177688108288	47.64350815937173	-122.13645229614137	216.97499999992334	-1.4676264850082585	0.0	2.559017878126487
454.600000	1787825177787108096	47.64350682478846	-122.13644889312636	216.97499999992334	-1.5004751065254756	0.0	2.5398965441068753
454.700000	1787825177889108224	47.643505460607805	-122.13644551606576	216.97499999992334	-1.5334453529372534	0.0	2.5201280423073404
454.800000	1787825177988108032	47.64350406673373	-122.13644216582446	216.97499999992334	-1.5665075728883342	0.0	2.4997107881017326
454.900000	1787825178087108096	47.64350264309683	-122.136438843269	216.97499999992334	-1.5996321958778417	0.0	2.478644153157068
455.000000	1787825178189108224	47.643501189654245	-122.13643554926611	216.97499999992334	-1.632789768501566	0.0	2.4569284832785194
455.100000	1787825178288108032	47.643499706389534	-122.13643228468119	216.97499999992334	-1.6659509915790556	0.0	2.434565113880803
455.200000	1787825178387108096	47.6434981933125	-122.13642905037747	216.97499999992334	-1.6990867580570252	0.0	2.4115563830572055
455.300000	1787825178489108224	47.64349665045904	-122.13642584721399	216.97499999992334	-1.732168191573583	0.0	2.3879056422248737
455.400000	1787825178588108288	47.643495077890904	-122.13642267604507	216.97499999992334	-1.7651666855661396	0.0	2.363617264329429
455.500000	1787825178687108352	47.643493475695436	-122.13641953771834	216.97499999992334	-1.7980539428015547	0.0	2.3386966495987602
455.600000	1787825178789108224	47.643491843985274	-122.13641643307339	216.97499999992334	-1.8308020152034334	0.0	2.3131502288428507
455.700000	1787825178888108288	47.64349018289796	-122.13641336294076	216.97499999992334	-1.8633833438512348	0.0	2.286985464301528
455.800000	1787825178987108352	47.64348849259573	-122.13641032814013	216.97499999992334	-1.8957707990212997	0.0	2.260210848050869
455.900000	1787825179089108224	47.64348677326495	-122.13640732947941	216.97499999992334	-1.9279377201408183	0.0	2.2328358979842
456.000000	1787825179188108288	47.64348502511571	-122.13640436775295	216.97499999992334	-1.9598579555240718	0.0	2.204871151391321
456.100000	1787825179287108096	47.64348324838145	-122.13640144374041	216.97499999992334	-1.991505901759121	0.0	2.176328156167464
456.200000	1787825179389108224	47.643481443318294	-122.1363985582053	216.97499999992334	-2.0228565426155822	0.0	2.1472194596887433
456.300000	1787825179488108032	47.64347961020463	-122.13639571189366	216.97499999992334	-2.0538854873422383	0.0	2.1175585954002836
456.400000	1787825179587108096	47.64347774934049	-122.13639290553323	216.97499999992334	-2.084569008226723	0.0	2.087360067168418
456.500000	1787825179689108224	47.6434758610469	-122.13639013983129	216.97499999992334	-2.114884077290384	0.0	2.056639331456122
456.600000	1787825179788108032	47.6434739456653	-122.13638741547405	216.97499999992334	-2.1448084019931155	0.0	2.025412777388457
456.700000	1787825179887108096	47.643472003556816	-122.13638473312517	216.97499999992334	-2.174320459827644	0.0	1.9936977047796358
456.800000	1787825179989108224	47.643470035101586	-122.13638209342463	216.97499999992334	-2.203399531683688	0.0	1.9615123002022676
456.900000	1787825180088108288	47.643468040698004	-122.13637949698774	216.97499999992334	-2.2320257338680527	0.0	1.928875611183745
457.000000	1787825180187108352	47.643466020761885	-122.13637694440354	216.97499999992334	-2.2601800486702177	0.0	1.8958075186214913
457.100000	1787825180289108224	47.64346397572586	-122.13637443623429	216.97499999992334	-2.287844353366771	0.0	1.8623287075155304
457.200000	1787825180388108288	47.643461906038404	-122.13637197301385	216.97499999992334	-2.3150014475649536	0.0	1.8284606361201368
457.300000	1787825180487108352	47.643459812163016	-122.1363695552472	216.97499999992334	-2.341635078788652	0.0	1.7942255036240984
457.400000	1787825180589108224	47.64345769457736	-122.13636718340892	216.97499999992334	-2.3677299662177	0.0	1.75964621647177
457.500000	1787825180688108288	47.64345555377245	-122.13636485794268	216.97499999992334	-2.3932718224966543	0.0	1.7247463534422185
457.600000	1787825180787108096	47.64345339025165	-122.13636257926025	216.97499999992334	-2.4182473735347783	0.0	1.6895501296087165
457.700000	1787825180889108224	47.64345120452985	-122.136360347741	216.97499999992334	-2.4426443762272876	0.0	1.6540823593019456
457.800000	1787825180988108032	47.64344899713241	-122.13635816373018	216.97499999992334	-2.46645163403244	0.0	1.6183684182062477
457.900000	1787825181087108096	47.64344676859433	-122.13635602753934	216.97499999992334	-2.4896590103477694	0.0	1.58243420471843
458.000000	1787825181189108224	47.64344451945922	-122.13635393944477	216.97499999992334	-2.512257439635015	0.0	1.546306100701671
458.100000	1787825181288108032	47.643442250278426	-122.13635189968755	216.97499999992334	-2.534238936249939	0.0	1.510010931769523
458.200000	1787825181387108096	47.64343996160988	-122.1363499084725	216.97499999992334	-2.55559660094189	0.0	1.4735759272337967
458.300000	1787825181489108224	47.643437654017305	-122.13634796596786	216.97499999992334	-2.576324624993394	0.0	1.437028679853444
458.400000	1787825181588108288	47.64343532806912	-122.13634607230495	216.97499999992334	-2.5964182919787255	0.0	1.4003971055193465
458.500000	1787825181687108352	47.643432984337515	-122.13634422757737	216.97499999992334	-2.615873977126987	0.0	1.3637094030102321
458.600000	1787825181789108224	47.64343062339745	-122.13634243184119	216.97499999992334	-2.634689144281792	0.0	1.3269940139549854
458.700000	1787825181888108288	47.64342824582567	-122.13634068511419	216.97499999992334	-2.652862340457925	0.0	1.2902795831325802
458.800000	1787825181987108352	47.643425852199734	-122.13633898737588	216.97499999992334	-2.670393188000545	0.0	1.253594919241846
458.900000	1787825182089108224	47.64342344309709	-122.1363373385673	216.97499999992334	-2.6872823743603673	0.0	1.2169689562683146
459.000000	1787825182188108288	47.643421019094056	-122.13633573859074	216.97499999992334	-2.7035316395041025	0.0	1.1804307155733222
459.100000	1787825182287108096	47.643418580764916	-122.1363341873096	216.97499999992334	-2.719143760985162	0.0	1.1440092688279033
459.200000	1787825182389108224	47.643416128681054	-122.13633268454873	216.97499999992334	-2.734122536706503	0.0	1.1077337019077647
459.300000	1787825182488108032	47.64341366340993	-122.13633123009387	216.97499999992334	-2.748472765411703	0.0	1.0716330798640137
459.400000	1787825182587108096	47.643411185514275	-122.1363298236922	216.97499999992334	-2.7622002249465503	0.0	1.0357364130771463
459.500000	1787825182689108224	47.64340869555118	-122.1363284650521	216.97499999992334	-2.775311648337775	0.0	1.0000726246974998
459.600000	1787825182788108032	47.64340619407126	-122.13632715384357	216.97499999992334	-2.7878146977396203	0.0	0.9646705194705777
459.700000	1787825182887108096	47.64340368161784	-122.13632588969814	216.97499999992334	-2.7997179363038205	0.0	0.9295587540372916
459.800000	1787825182989108224	47.64340115872613	-122.13632467220924	216.97499999992334	-2.8110307980310005	0.0	0.8947658087957315
459.900000	1787825183088108288	47.643398625922515	-122.13632350093242	216.97499999992334	-2.8217635556654908	0.0	0.8603199614019958
460.000000	1787825183187108352	47.64339608372375	-122.13632237538567	216.97499999992334	-2.8319272866978156	0.0	0.8262492619815359
460.100000	1787825183289108224	47.643393532636296	-122.13632129504964	216.97499999992334	-2.8415338375410477	0.0	0.7925815101161088
460.200000	1787825183388108288	47.643390973155604	-122.13632025936803	216.97499999992334	-2.850595785949578	0.0	0.7593442336616449
460.300000	1787825183487108352	47.6433884057655	-122.13631926774808	216.97499999992334	-2.8591264017492364	0.0	0.7265646694473568
460.400000	1787825183589108224	47.6433858309376	-122.1363183195609	216.97499999992334	-2.867139605949114	0.0	0.6942697458961072
460.500000	1787825183688108288	47.643383249130714	-122.1363174141417	216.97499999992334	-2.8746499283053377	0.0	0.6624860675990102
460.600000	1787825183787108096	47.64338066079035	-122.1363165507906	216.97499999992334	-2.881672463406692	0.0	0.6312399018695595
460.700000	1787825183889108224	47.643378066348205	-122.13631572877283	216.97499999992334	-2.8882228253517472	0.0	0.6005571672920532
460.800000	1787825183988108032	47.643375466221656	-122.13631494731912	216.97499999992334	-2.8943171010853628	0.0	0.5704634242732034
460.900000	1787825184087108096	47.643372860813486	-122.13631420562652	216.97499999992334	-2.8999718024613252	0.0	0.5409838675948633
461.000000	1787825184189108224	47.64337025051144	-122.13631350285861	216.97499999992334	-2.9052038170955856	0.0	0.512143320958036
461.100000	1787825184288108032	47.64336763568772	-122.13631283814756	216.97499999992334	-2.91003110950556	0.0	0.4839617151991694
461.200000	1787825184387108096	47.64336501669707	-122.1363122106113	216.97499999992334	-2.9144745460766015	0.0	0.4564407084608814
461.300000	1787825184489108224	47.643362393875194	-122.13631161937008	216.97499999992334	-2.9185550475079785	0.0	0.42957704167516814
461.400000	1787825184588108288	47.64335976753939	-122.13631106354902	216.97499999992334	-2.922292780023668	0.0	0.40336696430201807
461.500000	1787825184687108352	47.6433571379891	-122.1363105422785	216.97499999992334	-2.9257071666117467	0.0	0.3778062668952825
461.600000	1787825184789108224	47.64335450550661	-122.13631005469483	216.97499999992334	-2.928816898972911	0.0	0.35289031207924326
461.700000	1787825184888108288	47.643351870357805	-122.1363095999406	216.97499999992334	-2.9316399501002137	0.0	0.3286140639794661
461.800000	1787825184987108352	47.64334923279265	-122.13630917716561	216.97499999992334	-2.9341935874166265	0.0	0.30497211615463055
461.900000	1787825185089108224	47.64334659304594	-122.13630878552708	216.97499999992334	-2.9364943864019644	0.0	0.2819587180748911
462.000000	1787825185188108288	47.643343951337854	-122.13630842418983	216.97499999992334	-2.9385582446450393	0.0	0.25956780019361675
462.100000	1787825185287108096	47.64334130787458	-122.13630809232747	216.97499999992334	-2.9404003962611127	0.0	0.23779299766010037
462.200000	1787825185389108224	47.64333866284883	-122.13630778912189	216.97499999992334	-2.9420354266189284	0.0	0.21662767271949687
462.300000	1787825185488108032	47.64333601644063	-122.13630751376417	216.97499999992334	-2.9434772873252504	0.0	0.1960649358479702
462.400000	1787825185587108096	47.64333336881764	-122.13630726545473	216.97499999992334	-2.9447393114186653	0.0	0.17609766566939827
462.500000	1787825185689108224	47.64333072013576	-122.13630704340368	216.97499999992334	-2.9458342287277715	0.0	0.1567185277002809
462.600000	1787825185788108032	47.64332807053984	-122.13630684683086	216.97499999992334	-2.946774181352182	0.0	0.13791999196948562
462.700000	1787825185887108096	47.64332542016389	-122.1363066749665	216.97499999992334	-2.947570739227925	0.0	0.11969434955764836
462.800000	1787825185989108224	47.64332276913195	-122.13630652705123	216.97499999992334	-2.94823491574167	0.0	0.10203372810200458
462.900000	1787825186088108288	47.643320117558304	-122.1363064023361	216.97499999992334	-2.9487771833610585	0.0	0.08493010631047102
463.000000	1787825186187108352	47.64331746554806	-122.13630630008308	216.97499999992334	-2.9492074892509805	0.0	0.06837532752838418
463.100000	1787825186289108224	47.643314813197655	-122.13630621956527	216.97499999992334	-2.949535270848071	0.0	0.052361112401118674
463.200000	1787825186388108288	47.6433121605952	-122.13630616006654	216.97499999992334	-2.9497694713680502	0.0	0.03687907067348207
463.300000	1787825186487108352	47.64330950782102	-122.13630612088228	216.97499999992334	-2.9499185552226277	0.0	0.02192071216746088
463.400000	1787825186589108224	47.643306854948044	-122.13630610131915	216.97499999992334	-2.9499905233247503	0.0	0.007477456977639627
463.500000	1787825186688108288	47.64330420204217	-122.13630610069556	216.97499999992334	-2.9499929282628248	0.0	-0.006459355076874036
463.600000	1787825186787108096	47.64330154916271	-122.13630611834122	216.97499999992334	-2.9499328893263326	0.0	-0.019898455705968737
463.700000	1787825186889108224	47.64329889636279	-122.13630615359762	216.97499999992334	-2.9498171073668527	0.0	-0.032848640071382225
463.800000	1787825186988108032	47.64329624368968	-122.13630620581813	216.97499999992334	-2.949651879480072	0.0	-0.045318759342711644
463.900000	1787825187087108096	47.64329359118519	-122.13630627436791	216.97499999992334	-2.9494431134957333	0.0	-0.05731771385252683
464.000000	1787825187189108224	47.643290938885926	-122.13630635862395	216.97499999992334	-2.949196342263801	0.0	-0.06885444681718311
464.100000	1787825187288108032	47.64328828682371	-122.13630645797544	216.97499999992334	-2.9489167377263383	0.0	-0.07993793859072992
464.200000	1787825187387108096	47.64328563502589	-122.13630657182324	216.97499999992334	-2.948609124765671	0.0	-0.09057720142126935
464.300000	1787825187489108224	47.64328298351558	-122.13630669958042	216.97499999992334	-2.9482779948204865	0.0	-0.10078127467927116
464.400000	1787825187588108288	47.64328033231207	-122.13630684067223	216.97499999992334	-2.9479275192624157	0.0	-0.11055922052920843
464.500000	1787825187687108352	47.64327768143097	-122.1363069945361	216.97499999992334	-2.94756156252654	0.0	-0.11992012001656699
464.600000	1787825187789108224	47.64327503088458	-122.1363071606212	216.97499999992334	-2.9471836949900423	0.0	-0.1288730695433546
464.700000	1787825187888108288	47.64327238068213	-122.13630733838927	216.97499999992334	-2.9467972055939406	0.0	-0.13742717770669768
464.800000	1787825187987108352	47.64326973082998	-122.13630752731397	216.97499999992334	-2.9464051142035097	0.0	-0.145591562475604
464.900000	1787825188089108224	47.643267081331906	-122.13630772688116	216.97499999992334	-2.9460101837035824	0.0	-0.15337534868247854
465.000000	1787825188188108288	47.643264432189305	-122.13630793658892	216.97499999992334	-2.945614931825452	0.0	-0.16078766580687265
465.100000	1787825188287108096	47.643261783401435	-122.1363081559476	216.97499999992334	-2.9452216427026165	0.0	-0.16783764602968707
465.200000	1787825188389108224	47.64325913496558	-122.13630838447946	216.97499999992334	-2.944832378152981	0.0	-0.17453442253762771
465.300000	1787825188488108032	47.6432564868773	-122.13630862171932	216.97499999992334	-2.944448988685596	0.0	-0.1808871280579669
465.400000	1787825188587108096	47.64325383913051	-122.13630886721403	216.97499999992334	-2.9440731242302913	0.0	-0.18690489360521115
465.500000	1787825188689108224	47.6432511917178	-122.13630912052254	216.97499999992334	-2.9437062445889226	0.0	-0.19259684742193314
465.600000	1787825188788108032	47.64324854463051	-122.13630938121617	216.97499999992334	-2.9433496296071793	0.0	-0.19797211409681958
465.700000	1787825188887108096	47.643245897858854	-122.13630964887814	216.97499999992334	-2.9430043890661763	0.0	-0.20303981384424946
465.800000	1787825188989108224	47.6432432513922	-122.13630992310408	216.97499999992334	-2.9426714722932292	0.0	-0.20780906193013587
465.900000	1787825189088108288	47.643240605219084	-122.13631020350176	216.97499999992334	-2.942351677491417	0.0	-0.212288968229929
466.000000	1787825189187108352	47.64323795932742	-122.1363104896911	216.97499999992334	-2.942045660787667	0.0	-0.21648863690536715
466.100000	1787825189289108224	47.64323531370456	-122.13631078130386	216.97499999992334	-2.941753944999249	0.0	-0.2204171661873037
466.200000	1787825189388108288	47.64323266833743	-122.13631107798446	216.97499999992334	-2.9414769281186604	0.0	-0.22408364825282365
466.300000	1787825189487108352	47.643230023212716	-122.13631137938914	216.97499999992334	-2.9412148915169825	0.0	-0.2274971691855377
466.400000	1787825189589108224	47.64322737831685	-122.13631168518624	216.97499999992334	-2.940968007865858	0.0	-0.23066680900860406
466.500000	1787825189688108288	47.64322473363615	-122.1363119950563	216.97499999992334	-2.940736348778302	0.0	-0.23360164178092885
466.600000	1787825189787108096	47.643222089156936	-122.13631230869197	216.97499999992334	-2.9405198921686013	0.0	-0.2363107357473297
466.700000	1787825189889108224	47.643219444865586	-122.13631262579808	216.97499999992334	-2.9403185293315888	0.0	-0.23880315353447065
466.800000	1787825189988108032	47.643216800748604	-122.13631294609127	216.97499999992334	-2.9401320717416137	0.0	-0.24108795238471348
466.900000	1787825190087108096	47.643214156792695	-122.13631326930073	216.97499999992334	-2.939960257571519	0.0	-0.24317418442074237
467.000000	1787825190189108224	47.64321151298483	-122.13631359516728	216.97499999992334	-2.9398027579319743	0.0	-0.2450708969344263
467.100000	1787825190288108032	47.64320886931231	-122.13631392344406	216.97499999992334	-2.9396591828314804	0.0	-0.24678713269382493
467.200000	1787825190387108096	47.64320622576284	-122.13631425389626	216.97499999992334	-2.9395290868573816	0.0	-0.24833193026288955
467.300000	1787825190489108224	47.64320358232448	-122.13631458630087	216.97499999992334	-2.9394119745781966	0.0	-0.24971432432880555
467.400000	1787825190588108288	47.64320093898578	-122.13631492044728	216.97499999992334	-2.939307305667563	0.0	-0.2509433460324782
467.500000	1787825190687108352	47.643198295735836	-122.13631525613668	216.97499999992334	-2.9392144997500878	0.0	-0.252028023298057
467.600000	1787825190789108224	47.64319565256422	-122.13631559318267	216.97499999992334	-2.9391329409693583	0.0	-0.2529773811578705
467.700000	1787825190888108288	47.643193009461164	-122.1363159314105	216.97499999992334	-2.939061982278357	0.0	-0.25380044206955316
467.800000	1787825190987108352	47.643190366417386	-122.13631627065767	216.97499999992334	-2.9390009494525025	0.0	-0.25450622622241464
467.900000	1787825191089108224	47.6431877234243	-122.13631661077365	216.97499999992334	-2.938949144825511	0.0	-0.255103751830666
468.000000	1787825191188108288	47.643185080473934	-122.13631695161985	216.97499999992334	-2.938905850748257	0.0	-0.25560203541120097
468.100000	1787825191287108096	47.64318243755895	-122.1363172930699	216.97499999992334	-2.938870332770777	0.0	-0.2560100920441792
468.200000	1787825191389108224	47.64317979467268	-122.13631763500948	216.97499999992334	-2.9388418425475558	0.0	-0.25633693561477167
468.300000	1787825191488108032	47.64317715180915	-122.13631797733609	216.97499999992334	-2.938819620466206	0.0	-0.256591579034755
468.400000	1787825191587108096	47.643174508963064	-122.13631831995943	216.97499999992334	-2.938802897999624	0.0	-0.25678303444288836
468.500000	1787825191689108224	47.64317186612987	-122.13631866280112	216.97499999992334	-2.9387908997817056	0.0	-0.25692031338319615
468.600000	1787825191788108032	47.643169223305605	-122.13631900579483	216.97499999992334	-2.9387828454066742	0.0	-0.25701242696051546
468.700000	1787825191887108096	47.64316658048712	-122.13631934888635	216.97499999992334	-2.938777950952073	0.0	-0.2570683859727204
468.800000	1787825191989108224	47.6431639376719	-122.13631969203344	216.97499999992334	-2.938775430225438	0.0	-0.25709720101933625
468.900000	1787825192088108288	47.64316129485817	-122.13632003520586	216.97499999992334	-2.9387744957346924	0.0	-0.2571078825862592
469.000000	1787825192187108352	47.64315865204491	-122.13632037838553	216.97499999992334	-2.9387743593822635	0.0	-0.2571094411064163
469.100000	1787825192289108224	47.643156009231696	-122.13632072156587	216.97499999992334	-2.9387743593822635	0.0	-0.2571094411064163
469.200000	1787825192388108288	47.64315336641849	-122.13632106474618	216.97499999992334	-2.9387743593822635	0.0	-0.2571094411064163
469.300000	1787825192487108352	47.643150723605274	-122.13632140792652	216.97499999992334	-2.9387743593822635	0.0	-0.2571094411064163
469.400000	1787825192589108224	47.64314808079206	-122.13632175110683	216.97499999992334	-2.9387743593822635	0.0	-0.2571094411064163
469.500000	1787825192688108288	47.64314543797885	-122.13632209428715	216.97499999992334	-2.9387743593822635	0.0	-0.2571094411064163
469.600000	1787825192787108096	47.64314279516564	-122.13632243746748	216.97499999992334	-2.9387743593822635	0.0	-0.2571094411064163
469.700000	1787825192889108224	47.64314015235242	-122.1363227806478	216.97499999992334	-2.9387743593822635	0.0	-0.2571094411064163
469.800000	1787825192988108032	47.64313750953921	-122.13632312382813	216.97499999992334	-2.9387743593822635	0.0	-0.2571094411064163
469.900000	1787825193087108096	47.643134866726	-122.13632346700845	216.97499999992334	-2.9387743593822635	0.0	-0.2571094411064163
470.000000	1787825193189108224	47.64313222391279	-122.13632381018877	216.97499999992334	-2.9387743593822635	0.0	-0.2571094411064163
470.100000	1787825193288108032	47.64312958109957	-122.1363241533691	216.97499999992334	-2.9387743593822635	0.0	-0.2571094411064163
470.200000	1787825193387108096	47.64312693828636	-122.13632449654942	216.97499999992334	-2.9387743593822635	0.0	-0.2571094411064163
470.300000	1787825193489108224	47.64312429547315	-122.13632483972975	216.97499999992334	-2.9387743593822635	0.0	-0.2571094411064163
470.400000	1787825193588108288	47.643121652659936	-122.13632518291007	216.97499999992334	-2.9387743593822635	0.0	-0.2571094411064163
470.500000	1787825193687108352	47.64311900984672	-122.13632552609039	216.97499999992334	-2.9387743593822635	0.0	-0.2571094411064163
470.600000	1787825193789108224	47.643116367033514	-122.13632586927072	216.97499999992334	-2.9387743593822635	0.0	-0.2571094411064163
470.700000	1787825193888108288	47.6431137242203	-122.13632621245043	216.97499999992334	-2.9387743593822635	0.0	-0.2571094411064163
470.800000	1787825193987108352	47.643111081407085	-122.13632655562974	216.97499999992334	-2.9387743593822635	0.0	-0.2571094411064163
470.900000	1787825194089108224	47.64310843859387	-122.13632689880905	216.97499999992334	-2.9387743593822635	0.0	-0.2571094411064163
471.000000	1787825194188108288	47.64310579578066	-122.13632724198834	216.97499999992334	-2.9387743593822635	0.0	-0.2571094411064163
471.100000	1787825194287108096	47.64310315296745	-122.13632758516765	216.97499999992334	-2.9387743593822635	0.0	-0.2571094411064163
471.200000	1787825194389108224	47.643100510154234	-122.13632792834696	216.97499999992334	-2.9387743593822635	0.0	-0.2571094411064163
471.300000	1787825194488108032	47.64309786734102	-122.13632827152627	216.97499999992334	-2.9387743593822635	0.0	-0.2571094411064163
471.400000	1787825194587108096	47.64309522452781	-122.13632861470558	216.97499999992334	-2.9387743593822635	0.0	-0.2571094411064163
471.500000	1787825194689108224	47.6430925817146	-122.13632895788487	216.97499999992334	-2.9387743593822635	0.0	-0.2571094411064163
471.600000	1787825194788108032	47.64308993890138	-122.13632930106418	216.97499999992334	-2.9387743593822635	0.0	-0.2571094411064163
471.700000	1787825194887108096	47.64308729608817	-122.13632964424349	216.97499999992334	-2.9387743593822635	0.0	-0.2571094411064163
471.800000	1787825194989108224	47.64308465327496	-122.1363299874228	216.97499999992334	-2.9387743593822635	0.0	-0.2571094411064163
471.900000	1787825195088108288	47.64308201046175	-122.13633033060209	216.97499999992334	-2.9387743593822635	0.0	-0.2571094411064163
472.000000	1787825195187108352	47.64307936764853	-122.1363306737814	216.97499999992334	-2.9387743593822635	0.0	-0.2571094411064163
472.100000	1787825195289108224	47.643076724835325	-122.13633101696071	216.97499999992334	-2.9387743593822635	0.0	-0.2571094411064163
472.200000	1787825195388108288	47.64307408202211	-122.13633136014002	216.97499999992334	-2.9387743593822635	0.0	-0.2571094411064163
472.300000	1787825195487108352	47.643071439208896	-122.13633170331931	216.97499999992334	-2.9387743593822635	0.0	-0.2571094411064163
472.400000	1787825195589108224	47.64306879639568	-122.13633204649862	216.97499999992334	-2.9387743593822635	0.0	-0.2571094411064163
472.500000	1787825195688108288	47.643066153582474	-122.13633238967793	216.97499999992334	-2.9387743593822635	0.0	-0.2571094411064163
472.600000	1787825195787108096	47.64306351076926	-122.13633273285724	216.97499999992334	-2.9387743593822635	0.0	-0.2571094411064163
472.700000	1787825195889108224	47.643060867956045	-122.13633307603655	216.97499999992334	-2.9387743593822635	0.0	-0.2571094411064163
472.800000	1787825195988108032	47.64305822514283	-122.13633341921584	216.97499999992334	-2.9387743593822635	0.0	-0.2571094411064163
472.900000	1787825196087108096	47.64305558232962	-122.13633376239515	216.97499999992334	-2.9387743593822635	0.0	-0.2571094411064163
473.000000	1787825196189108224	47.64305293951641	-122.13633410557446	216.97499999992334	-2.9387743593822635	0.0	-0.2571094411064163
473.100000	1787825196288108032	47.643050296703194	-122.13633444875377	216.97499999992334	-2.9387743593822635	0.0	-0.2571094411064163
473.200000	1787825196387108096	47.64304765388999	-122.13633479193307	216.97499999992334	-2.9387743593822635	0.0	-0.2571094411064163
473.300000	1787825196489108224	47.64304501107677	-122.13633513511238	216.97499999992334	-2.9387743593822635	0.0	-0.2571094411064163
473.400000	1787825196588108288	47.64304236826356	-122.13633547829168	216.97499999992334	-2.9387743593822635	0.0	-0.2571094411064163
473.500000	1787825196687108352	47.64303972545034	-122.136335821471	216.97499999992334	-2.9387743593822635	0.0	-0.2571094411064163
473.600000	1787825196789108224	47.643037082637136	-122.13633616465029	216.97499999992334	-2.9387743593822635	0.0	-0.2571094411064163
473.700000	1787825196888108288	47.64303443982392	-122.1363365078296	216.97499999992334	-2.9387743593822635	0.0	-0.2571094411064163
473.800000	1787825196987108352	47.64303179701071	-122.1363368510089	216.97499999992334	-2.9387743593822635	0.0	-0.2571094411064163
473.900000	1787825197089108224	47.64302915419749	-122.13633719418821	216.97499999992334	-2.9387743593822635	0.0	-0.2571094411064163
474.000000	1787825197188108288	47.643026511384285	-122.13633753736752	216.97499999992334	-2.9387743593822635	0.0	-0.2571094411064163
474.100000	1787825197287108096	47.64302386857107	-122.13633788054682	216.97499999992334	-2.9387743593822635	0.0	-0.2571094411064163
474.200000	1787825197389108224	47.643021225757856	-122.13633822372613	216.97499999992334	-2.9387743593822635	0.0	-0.2571094411064163
474.300000	1787825197488108032	47.64301858294464	-122.13633856690544	216.97499999992334	-2.9387743593822635	0.0	-0.2571094411064163
474.400000	1787825197587108096	47.643015940131434	-122.13633891008475	216.97499999992334	-2.9387743593822635	0.0	-0.2571094411064163
474.500000	1787825197689108224	47.64301329731822	-122.13633925326404	216.97499999992334	-2.9387743593822635	0.0	-0.2571094411064163
474.600000	1787825197788108032	47.643010654505005	-122.13633959644335	216.97499999992334	-2.9387743593822635	0.0	-0.2571094411064163
474.700000	1787825197887108096	47.6430080116918	-122.13633993962266	216.97499999992334	-2.9387743593822635	0.0	-0.2571094411064163
474.800000	1787825197989108224	47.64300536887858	-122.13634028280197	216.97499999992334	-2.9387743593822635	0.0	-0.2571094411064163
474.900000	1787825198088108288	47.64300272606537	-122.13634062598126	216.97499999992334	-2.9387743593822635	0.0	-0.2571094411064163
475.000000	1787825198187108352	47.643000083252154	-122.13634096916057	216.97499999992334	-2.9387743593822635	0.0	-0.2571094411064163
475.100000	1787825198289108224	47.64299744043895	-122.13634131233988	216.97499999992334	-2.9387743593822635	0.0	-0.2571094411064163
475.200000	1787825198388108288	47.64299479762573	-122.13634165551919	216.97499999992334	-2.9387743593822635	0.0	-0.2571094411064163
475.300000	1787825198487108352	47.64299215481252	-122.13634199869848	216.97499999992334	-2.9387743593822635	0.0	-0.2571094411064163
475.400000	1787825198589108224	47.6429895119993	-122.13634234187779	216.97499999992334	-2.9387743593822635	0.0	-0.2571094411064163
475.500000	1787825198688108288	47.642986869186096	-122.1363426850571	216.97499999992334	-2.9387743593822635	0.0	-0.2571094411064163
475.600000	1787825198787108096	47.64298422637288	-122.13634302823641	216.97499999992334	-2.9387743593822635	0.0	-0.2571094411064163
475.700000	1787825198889108224	47.64298158355967	-122.13634337141572	216.97499999992334	-2.9387743593822635	0.0	-0.2571094411064163
475.800000	1787825198988108032	47.64297894074646	-122.13634371459501	216.97499999992334	-2.9387743593822635	0.0	-0.2571094411064163
475.900000	1787825199087108096	47.642976297933245	-122.13634405777432	216.97499999992334	-2.9387743593822635	0.0	-0.2571094411064163
476.000000	1787825199189108224	47.64297365512003	-122.13634440095363	216.97499999992334	-2.9387743593822635	0.0	-0.2571094411064163
476.100000	1787825199288108032	47.642971012306816	-122.13634474413294	216.97499999992334	-2.9387743593822635	0.0	-0.2571094411064163
476.200000	1787825199387108096	47.64296836949361	-122.13634508731224	216.97499999992334	-2.9387743593822635	0.0	-0.2571094411064163
476.300000	1787825199489108224	47.642965726680394	-122.13634543049155	216.97499999992334	-2.9387743593822635	0.0	-0.2571094411064163
476.400000	1787825199588108288	47.64296308386718	-122.13634577367085	216.97499999992334	-2.9387743593822635	0.0	-0.2571094411064163
476.500000	1787825199687108352	47.642960441053965	-122.13634611685016	216.97499999992334	-2.9387743593822635	0.0	-0.2571094411064163
476.600000	1787825199789108224	47.64295779824076	-122.13634646002848	216.97499999992334	-2.9387743593822635	0.0	-0.2571094411064163
476.700000	1787825199888108288	47.64295515542754	-122.13634680320676	216.97499999992334	-2.9387743593822635	0.0	-0.2571094411064163
476.800000	1787825199987108352	47.64295251261433	-122.13634714638505	216.97499999992334	-2.9387743593822635	0.0	-0.2571094411064163
476.900000	1787825200089108224	47.642949869801114	-122.13634748956333	216.97499999992334	-2.9387743593822635	0.0	-0.2571094411064163
477.000000	1787825200188108288	47.64294722698791	-122.13634783274162	216.97499999992334	-2.9387743593822635	0.0	-0.2571094411064163
477.100000	1787825200287108096	47.64294458417469	-122.1363481759199	216.97499999992334	-2.9387743593822635	0.0	-0.2571094411064163
477.200000	1787825200389108224	47.64294194136148	-122.1363485190982	216.97499999992334	-2.9387743593822635	0.0	-0.2571094411064163
477.300000	1787825200488108032	47.64293929854827	-122.13634886227649	216.97499999992334	-2.9387743593822635	0.0	-0.2571094411064163
477.400000	1787825200587108096	47.642936655735056	-122.13634920545478	216.97499999992334	-2.9387743593822635	0.0	-0.2571094411064163
477.500000	1787825200689108224	47.64293401292184	-122.13634954863306	216.97499999992334	-2.9387743593822635	0.0	-0.2571094411064163
477.600000	1787825200788108032	47.64293137010863	-122.13634989181135	216.97499999992334	-2.9387743593822635	0.0	-0.2571094411064163
477.700000	1787825200887108096	47.64292872729542	-122.13635023498964	216.97499999992334	-2.9387743593822635	0.0	-0.2571094411064163
477.800000	1787825200989108224	47.642926084482205	-122.13635057816792	216.97499999992334	-2.9387743593822635	0.0	-0.2571094411064163
477.900000	1787825201088108288	47.64292344166899	-122.13635092134622	216.97499999992334	-2.9387743593822635	0.0	-0.2571094411064163
478.000000	1787825201187108352	47.642920798855776	-122.1363512645245	216.97499999992334	-2.9387743593822635	0.0	-0.2571094411064163
478.100000	1787825201289108224	47.64291815604257	-122.13635160770279	216.97499999992334	-2.9387743593822635	0.0	-0.2571094411064163
478.200000	1787825201388108288	47.642915513229354	-122.13635195088108	216.97499999992334	-2.9387743593822635	0.0	-0.2571094411064163
478.300000	1787825201487108352	47.64291287041614	-122.13635229405936	216.97499999992334	-2.9387743593822635	0.0	-0.2571094411064163
478.400000	1787825201589108224	47.64291022760293	-122.13635263723765	216.97499999992334	-2.9387743593822635	0.0	-0.2571094411064163
478.500000	1787825201688108288	47.64290758478972	-122.13635298041595	216.97499999992334	-2.9387743593822635	0.0	-0.2571094411064163
478.600000	1787825201787108096	47.642904941976504	-122.13635332359424	216.97499999992334	-2.9387743593822635	0.0	-0.2571094411064163
478.700000	1787825201889108224	47.64290229916329	-122.13635366677252	216.97499999992334	-2.9387743593822635	0.0	-0.2571094411064163
478.800000	1787825201988108032	47.64289965635008	-122.13635400995081	216.97499999992334	-2.9387743593822635	0.0	-0.2571094411064163
478.900000	1787825202087108096	47.64289701353687	-122.1363543531291	216.97499999992334	-2.9387743593822635	0.0	-0.2571094411064163
479.000000	1787825202189108224	47.64289437072365	-122.13635469630738	216.97499999992334	-2.9387743593822635	0.0	-0.2571094411064163
479.100000	1787825202288108032	47.64289172791044	-122.13635503948566	216.97499999992334	-2.9387743593822635	0.0	-0.2571094411064163
479.200000	1787825202387108096	47.64288908509723	-122.13635538266396	216.97499999992334	-2.9387743593822635	0.0	-0.2571094411064163
479.300000	1787825202489108224	47.642886442284016	-122.13635572584225	216.97499999992334	-2.9387743593822635	0.0	-0.2571094411064163
479.400000	1787825202588108288	47.6428837994708	-122.13635606902054	216.97499999992334	-2.9387743593822635	0.0	-0.2571094411064163
479.500000	1787825202687108352	47.64288115665759	-122.13635641219882	216.97499999992334	-2.9387743593822635	0.0	-0.2571094411064163
479.600000	1787825202789108224	47.64287851384438	-122.13635675537711	216.97499999992334	-2.9387743593822635	0.0	-0.2571094411064163
479.700000	1787825202888108288	47.642875871031166	-122.1363570985554	216.97499999992334	-2.9387743593822635	0.0	-0.2571094411064163
479.800000	1787825202987108352	47.64287322821795	-122.13635744173368	216.97499999992334	-2.9387743593822635	0.0	-0.2571094411064163
479.900000	1787825203089108224	47.642870585404744	-122.13635778491198	216.97499999992334	-2.9387743593822635	0.0	-0.2571094411064163
480.000000	1787825203188108288	47.64286794259153	-122.13635812809027	216.97499999992334	-2.9387743593822635	0.0	-0.2571094411064163
480.100000	1787825203287108096	47.642865299778315	-122.13635847126855	216.97499999992334	-2.9387743593822635	0.0	-0.2571094411064163
480.200000	1787825203389108224	47.6428626569651	-122.13635881444684	216.97499999992334	-2.9387743593822635	0.0	-0.2571094411064163
480.300000	1787825203488108032	47.64286001415189	-122.13635915762512	216.97499999992334	-2.9387743593822635	0.0	-0.2571094411064163
480.400000	1787825203587108096	47.64285737133868	-122.13635950080341	216.97499999992334	-2.9387743593822635	0.0	-0.2571094411064163
480.500000	1787825203689108224	47.642854728525464	-122.1363598439817	216.97499999992334	-2.9387743593822635	0.0	-0.2571094411064163
480.600000	1787825203788108032	47.64285208571225	-122.13636018716	216.97499999992334	-2.9387743593822635	0.0	-0.2571094411064163
480.700000	1787825203887108096	47.64284944289904	-122.13636053033828	216.97499999992334	-2.9387743593822635	0.0	-0.2571094411064163
480.800000	1787825203989108224	47.64284680008583	-122.13636087351657	216.97499999992334	-2.9387743593822635	0.0	-0.2571094411064163
480.900000	1787825204088108288	47.64284415727261	-122.13636121669485	216.97499999992334	-2.9387743593822635	0.0	-0.2571094411064163
481.000000	1787825204187108352	47.642841514459406	-122.13636155987314	216.97499999992334	-2.9387743593822635	0.0	-0.2571094411064163
481.100000	1787825204289108224	47.64283887164619	-122.13636190305142	216.97499999992334	-2.9387743593822635	0.0	-0.2571094411064163
481.200000	1787825204388108288	47.64283622883298	-122.13636224622972	216.97499999992334	-2.9387743593822635	0.0	-0.2571094411064163
481.300000	1787825204487108352	47.64283358601976	-122.13636258940801	216.97499999992334	-2.9387743593822635	0.0	-0.2571094411064163
481.400000	1787825204589108224	47.642830943206555	-122.1363629325863	216.97499999992334	-2.9387743593822635	0.0	-0.2571094411064163
481.500000	1787825204688108288	47.64282830039334	-122.13636327576458	216.97499999992334	-2.9387743593822635	0.0	-0.2571094411064163
481.600000	1787825204787108096	47.642825657580126	-122.13636361894287	216.97499999992334	-2.9387743593822635	0.0	-0.2571094411064163
481.700000	1787825204889108224	47.64282301476691	-122.13636396212115	216.97499999992334	-2.9387743593822635	0.0	-0.2571094411064163
481.800000	1787825204988108032	47.642820371953704	-122.13636430529944	216.97499999992334	-2.9387743593822635	0.0	-0.2571094411064163
481.900000	1787825205087108096	47.64281772914049	-122.13636464847774	216.97499999992334	-2.9387743593822635	0.0	-0.2571094411064163
482.000000	1787825205189108224	47.642815086327275	-122.13636499165602	216.97499999992334	-2.9387743593822635	0.0	-0.2571094411064163
482.100000	1787825205288108032	47.64281244351406	-122.13636533483431	216.97499999992334	-2.9387743593822635	0.0	-0.2571094411064163
482.200000	1787825205387108096	47.64280980070085	-122.1363656780126	216.97499999992334	-2.9387743593822635	0.0	-0.2571094411064163
482.300000	1787825205489108224	47.64280715788764	-122.13636602119088	216.97499999992334	-2.9387743593822635	0.0	-0.2571094411064163
482.400000	1787825205588108288	47.642804515074424	-122.13636636436881	216.97499999992334	-2.9387743593822635	0.0	-0.2571094411064163
482.500000	1787825205687108352	47.64280187226122	-122.13636670754609	216.97499999992334	-2.9387743593822635	0.0	-0.2571094411064163
482.600000	1787825205789108224	47.642799229448	-122.13636705072335	216.97499999992334	-2.9387743593822635	0.0	-0.2571094411064163
482.700000	1787825205888108288	47.64279658663479	-122.13636739390063	216.97499999992334	-2.9387743593822635	0.0	-0.2571094411064163
482.800000	1787825205987108352	47.64279394382157	-122.13636773707789	216.97499999992334	-2.9387743593822635	0.0	-0.2571094411064163
482.900000	1787825206089108224	47.642791301008366	-122.13636808025517	216.97499999992334	-2.9387743593822635	0.0	-0.2571094411064163
483.000000	1787825206188108288	47.64278865819515	-122.13636842343243	216.97499999992334	-2.9387743593822635	0.0	-0.2571094411064163
483.100000	1787825206287108096	47.64278601538194	-122.1363687666097	216.97499999992334	-2.9387743593822635	0.0	-0.2571094411064163
483.200000	1787825206389108224	47.64278337256872	-122.13636910978697	216.97499999992334	-2.9387743593822635	0.0	-0.2571094411064163
483.300000	1787825206488108032	47.642780729755515	-122.13636945296425	216.97499999992334	-2.9387743593822635	0.0	-0.2571094411064163
483.400000	1787825206587108096	47.6427780869423	-122.13636979614152	216.97499999992334	-2.9387743593822635	0.0	-0.2571094411064163
483.500000	1787825206689108224	47.642775444129086	-122.13637013931879	216.97499999992334	-2.9387743593822635	0.0	-0.2571094411064163
483.600000	1787825206788108032	47.64277280131588	-122.13637048249606	216.97499999992334	-2.9387743593822635	0.0	-0.2571094411064163
483.700000	1787825206887108096	47.642770158502664	-122.13637082567332	216.97499999992334	-2.9387743593822635	0.0	-0.2571094411064163
483.800000	1787825206989108224	47.64276751568945	-122.1363711688506	216.97499999992334	-2.9387743593822635	0.0	-0.2571094411064163
483.900000	1787825207088108288	47.642764872876235	-122.13637151202786	216.97499999992334	-2.9387743593822635	0.0	-0.2571094411064163
484.000000	1787825207187108352	47.64276223006303	-122.13637185520514	216.97499999992334	-2.9387743593822635	0.0	-0.2571094411064163
484.100000	1787825207289108224	47.64275958724981	-122.1363721983824	216.97499999992334	-2.9387743593822635	0.0	-0.2571094411064163
484.200000	1787825207388108288	47.6427569444366	-122.13637254155968	216.97499999992334	-2.9387743593822635	0.0	-0.2571094411064163
484.300000	1787825207487108352	47.642754301623384	-122.13637288473694	216.97499999992334	-2.9387743593822635	0.0	-0.2571094411064163
484.400000	1787825207589108224	47.64275165881018	-122.13637322791422	216.97499999992334	-2.9387743593822635	0.0	-0.2571094411064163
484.500000	1787825207688108288	47.64274901599696	-122.13637357109148	216.97499999992334	-2.9387743593822635	0.0	-0.2571094411064163
484.600000	1787825207787108096	47.64274637318375	-122.13637391426876	216.97499999992334	-2.9387743593822635	0.0	-0.2571094411064163
484.700000	1787825207889108224	47.64274373037053	-122.13637425744602	216.97499999992334	-2.9387743593822635	0.0	-0.2571094411064163
484.800000	1787825207988108032	47.642741087557326	-122.1363746006233	216.97499999992334	-2.9387743593822635	0.0	-0.2571094411064163
484.900000	1787825208087108096	47.64273844474411	-122.13637494380056	216.97499999992334	-2.9387743593822635	0.0	-0.2571094411064163
485.000000	1787825208189108224	47.6427358019309	-122.13637528697784	216.97499999992334	-2.9387743593822635	0.0	-0.2571094411064163
485.100000	1787825208288108032	47.64273315911769	-122.13637563015511	216.97499999992334	-2.9387743593822635	0.0	-0.2571094411064163
485.200000	1787825208387108096	47.642730516304475	-122.13637597333238	216.97499999992334	-2.9387743593822635	0.0	-0.2571094411064163
485.300000	1787825208489108224	47.64272787349126	-122.13637631650965	216.97499999992334	-2.9387743593822635	0.0	-0.2571094411064163
485.400000	1787825208588108288	47.642725230678046	-122.13637665968692	216.97499999992334	-2.9387743593822635	0.0	-0.2571094411064163
485.500000	1787825208687108352	47.64272258786484	-122.1363770028642	216.97499999992334	-2.9387743593822635	0.0	-0.2571094411064163
485.600000	1787825208789108224	47.642719945051624	-122.13637734604146	216.97499999992334	-2.9387743593822635	0.0	-0.2571094411064163
485.700000	1787825208888108288	47.64271730223841	-122.13637768921873	216.97499999992334	-2.9387743593822635	0.0	-0.2571094411064163
485.800000	1787825208987108352	47.642714659425195	-122.136378032396	216.97499999992334	-2.9387743593822635	0.0	-0.2571094411064163
485.900000	1787825209089108224	47.64271201661199	-122.13637837557327	216.97499999992334	-2.9387743593822635	0.0	-0.2571094411064163
486.000000	1787825209188108288	47.64270937379877	-122.13637871875054	216.97499999992334	-2.9387743593822635	0.0	-0.2571094411064163
486.100000	1787825209287108096	47.64270673098556	-122.13637906192781	216.97499999992334	-2.9387743593822635	0.0	-0.2571094411064163
486.200000	1787825209389108224	47.64270408817235	-122.13637940510507	216.97499999992334	-2.9387743593822635	0.0	-0.2571094411064163
486.300000	1787825209488108032	47.64270144535914	-122.13637974828235	216.97499999992334	-2.9387743593822635	0.0	-0.2571094411064163
486.400000	1787825209587108096	47.64269880254592	-122.13638009145961	216.97499999992334	-2.9387743593822635	0.0	-0.2571094411064163
486.500000	1787825209689108224	47.64269615973271	-122.13638043463689	216.97499999992334	-2.9387743593822635	0.0	-0.2571094411064163
486.600000	1787825209788108032	47.6426935169195	-122.13638077781415	216.97499999992334	-2.9387743593822635	0.0	-0.2571094411064163
486.700000	1787825209887108096	47.642690874106286	-122.13638112099143	216.97499999992334	-2.9387743593822635	0.0	-0.2571094411064163
486.800000	1787825209989108224	47.64268823129307	-122.13638146416871	216.97499999992334	-2.9387743593822635	0.0	-0.2571094411064163
486.900000	1787825210088108288	47.64268558847986	-122.13638180734597	216.97499999992334	-2.9387743593822635	0.0	-0.2571094411064163
487.000000	1787825210187108352	47.64268294566665	-122.13638215052325	216.97499999992334	-2.9387743593822635	0.0	-0.2571094411064163
487.100000	1787825210289108224	47.642680302853435	-122.13638249370051	216.97499999992334	-2.9387743593822635	0.0	-0.2571094411064163
487.200000	1787825210388108288	47.64267766004022	-122.13638283687779	216.97499999992334	-2.9387743593822635	0.0	-0.2571094411064163
487.300000	1787825210487108352	47.642675017227006	-122.13638318005505	216.97499999992334	-2.9387743593822635	0.0	-0.2571094411064163
487.400000	1787825210589108224	47.6426723744138	-122.13638352323233	216.97499999992334	-2.9387743593822635	0.0	-0.2571094411064163
487.500000	1787825210688108288	47.642669731600584	-122.13638386640959	216.97499999992334	-2.9387743593822635	0.0	-0.2571094411064163
487.600000	1787825210787108096	47.64266708878737	-122.13638420958686	216.97499999992334	-2.9387743593822635	0.0	-0.2571094411064163
487.700000	1787825210889108224	47.64266444597416	-122.13638455276413	216.97499999992334	-2.9387743593822635	0.0	-0.2571094411064163
487.800000	1787825210988108032	47.64266180316095	-122.1363848959414	216.97499999992334	-2.9387743593822635	0.0	-0.2571094411064163
487.900000	1787825211087108096	47.64265916034773	-122.13638523911867	216.97499999992334	-2.9387743593822635	0.0	-0.2571094411064163
488.000000	1787825211189108224	47.64265651753452	-122.13638558229594	216.97499999992334	-2.9387743593822635	0.0	-0.2571094411064163
488.100000	1787825211288108032	47.64265387472131	-122.1363859254732	216.97499999992334	-2.9387743593822635	0.0	-0.2571094411064163
488.200000	1787825211387108096	47.6426512319081	-122.13638626865048	216.97499999992334	-2.9387743593822635	0.0	-0.2571094411064163
488.300000	1787825211489108224	47.64264858909488	-122.13638661182702	216.97499999992334	-2.9387743593822635	0.0	-0.2571094411064163
488.400000	1787825211588108288	47.64264594628167	-122.13638695500326	216.97499999992334	-2.9387743593822635	0.0	-0.2571094411064163
488.500000	1787825211687108352	47.64264330346846	-122.13638729817951	216.97499999992334	-2.9387743593822635	0.0	-0.2571094411064163
488.600000	1787825211789108224	47.642640660655246	-122.13638764135577	216.97499999992334	-2.9387743593822635	0.0	-0.2571094411064163
488.700000	1787825211888108288	47.64263801784203	-122.13638798453202	216.97499999992334	-2.9387743593822635	0.0	-0.2571094411064163
488.800000	1787825211987108352	47.642635375028824	-122.13638832770827	216.97499999992334	-2.9387743593822635	0.0	-0.2571094411064163
488.900000	1787825212089108224	47.64263273221561	-122.13638867088453	216.97499999992334	-2.9387743593822635	0.0	-0.2571094411064163
489.000000	1787825212188108288	47.642630089402395	-122.13638901406078	216.97499999992334	-2.9387743593822635	0.0	-0.2571094411064163
489.100000	1787825212287108096	47.64262744658918	-122.13638935723704	216.97499999992334	-2.9387743593822635	0.0	-0.2571094411064163
489.200000	1787825212389108224	47.64262480377597	-122.13638970041329	216.97499999992334	-2.9387743593822635	0.0	-0.2571094411064163
489.300000	1787825212488108032	47.64262216096276	-122.13639004358954	216.97499999992334	-2.9387743593822635	0.0	-0.2571094411064163
489.400000	1787825212587108096	47.642619518149544	-122.1363903867658	216.97499999992334	-2.9387743593822635	0.0	-0.2571094411064163
489.500000	1787825212689108224	47.64261687533633	-122.13639072994204	216.97499999992334	-2.9387743593822635	0.0	-0.2571094411064163
489.600000	1787825212788108032	47.64261423252312	-122.13639107311829	216.97499999992334	-2.9387743593822635	0.0	-0.2571094411064163
489.700000	1787825212887108096	47.64261158970991	-122.13639141629454	216.97499999992334	-2.9387743593822635	0.0	-0.2571094411064163
489.800000	1787825212989108224	47.642608946896694	-122.1363917594708	216.97499999992334	-2.9387743593822635	0.0	-0.2571094411064163
489.900000	1787825213088108288	47.64260630408348	-122.13639210264705	216.97499999992334	-2.9387743593822635	0.0	-0.2571094411064163
490.000000	1787825213187108352	47.64260366127027	-122.1363924458233	216.97499999992334	-2.9387743593822635	0.0	-0.2571094411064163
490.100000	1787825213289108224	47.64260101845706	-122.13639278899956	216.97499999992334	-2.9387743593822635	0.0	-0.2571094411064163
490.200000	1787825213388108288	47.64259837564384	-122.13639313217581	216.97499999992334	-2.9387743593822635	0.0	-0.2571094411064163
490.300000	1787825213487108352	47.642595732830635	-122.13639347535207	216.97499999992334	-2.9387743593822635	0.0	-0.2571094411064163
490.400000	1787825213589108224	47.64259309001742	-122.13639381852832	216.97499999992334	-2.9387743593822635	0.0	-0.2571094411064163
490.500000	1787825213688108288	47.642590447204206	-122.13639416170457	216.97499999992334	-2.9387743593822635	0.0	-0.2571094411064163
490.600000	1787825213787108096	47.64258780439099	-122.13639450488081	216.97499999992334	-2.9387743593822635	0.0	-0.2571094411064163
490.700000	1787825213889108224	47.642585161577784	-122.13639484805707	216.97499999992334	-2.9387743593822635	0.0	-0.2571094411064163
490.800000	1787825213988108032	47.64258251876457	-122.13639519123332	216.97499999992334	-2.9387743593822635	0.0	-0.2571094411064163
490.900000	1787825214087108096	47.642579875951355	-122.13639553440957	216.97499999992334	-2.9387743593822635	0.0	-0.2571094411064163
491.000000	1787825214189108224	47.64257723313814	-122.13639587758583	216.97499999992334	-2.9387743593822635	0.0	-0.2571094411064163
491.100000	1787825214288108032	47.642574590324934	-122.13639622076208	216.97499999992334	-2.9387743593822635	0.0	-0.2571094411064163
491.200000	1787825214387108096	47.64257194751172	-122.13639656393833	216.97499999992334	-2.9387743593822635	0.0	-0.2571094411064163
491.300000	1787825214489108224	47.642569304698505	-122.13639690711459	216.97499999992334	-2.9387743593822635	0.0	-0.2571094411064163
491.400000	1787825214588108288	47.6425666618853	-122.13639725029084	216.97499999992334	-2.9387743593822635	0.0	-0.2571094411064163
491.500000	1787825214687108352	47.64256401907208	-122.1363975934671	216.97499999992334	-2.9387743593822635	0.0	-0.2571094411064163
491.600000	1787825214789108224	47.64256137625887	-122.13639793664335	216.97499999992334	-2.9387743593822635	0.0	-0.2571094411064163
491.700000	1787825214888108288	47.642558733445654	-122.13639827981959	216.97499999992334	-2.9387743593822635	0.0	-0.2571094411064163
491.800000	1787825214987108352	47.642556090632446	-122.13639862299584	216.97499999992334	-2.9387743593822635	0.0	-0.2571094411064163
491.900000	1787825215089108224	47.64255344781923	-122.1363989661721	216.97499999992334	-2.9387743593822635	0.0	-0.2571094411064163
492.000000	1787825215188108288	47.64255080500602	-122.13639930934835	216.97499999992334	-2.9387743593822635	0.0	-0.2571094411064163
492.100000	1787825215287108096	47.6425481621928	-122.1363996525246	216.97499999992334	-2.9387743593822635	0.0	-0.2571094411064163
492.200000	1787825215389108224	47.642545519379595	-122.13639999570086	216.97499999992334	-2.9387743593822635	0.0	-0.2571094411064163
492.300000	1787825215488108032	47.64254287656638	-122.13640033887711	216.97499999992334	-2.9387743593822635	0.0	-0.2571094411064163
492.400000	1787825215587108096	47.64254023375317	-122.13640068205336	216.97499999992334	-2.9387743593822635	0.0	-0.2571094411064163
492.500000	1787825215689108224	47.64253759093995	-122.13640102522962	216.97499999992334	-2.9387743593822635	0.0	-0.2571094411064163
492.600000	1787825215788108032	47.642534948126745	-122.13640136840587	216.97499999992334	-2.9387743593822635	0.0	-0.2571094411064163
492.700000	1787825215887108096	47.64253230531353	-122.13640171158212	216.97499999992334	-2.9387743593822635	0.0	-0.2571094411064163
492.800000	1787825215989108224	47.642529662500316	-122.13640205475838	216.97499999992334	-2.9387743593822635	0.0	-0.2571094411064163
492.900000	1787825216088108288	47.64252701968711	-122.13640239793462	216.97499999992334	-2.9387743593822635	0.0	-0.2571094411064163
493.000000	1787825216187108352	47.642524376873894	-122.13640274111087	216.97499999992334	-2.9387743593822635	0.0	-0.2571094411064163
493.100000	1787825216289108224	47.64252173406068	-122.13640308428712	216.97499999992334	-2.9387743593822635	0.0	-0.2571094411064163
493.200000	1787825216388108288	47.642519091247465	-122.13640342746338	216.97499999992334	-2.9387743593822635	0.0	-0.2571094411064163
493.300000	1787825216487108352	47.64251644843426	-122.13640377063963	216.97499999992334	-2.9387743593822635	0.0	-0.2571094411064163
493.400000	1787825216589108224	47.64251380562104	-122.13640411381589	216.97499999992334	-2.9387743593822635	0.0	-0.2571094411064163
493.500000	1787825216688108288	47.64251116280783	-122.13640445699214	216.97499999992334	-2.9387743593822635	0.0	-0.2571094411064163
493.600000	1787825216787108096	47.642508519994614	-122.13640480016839	216.97499999992334	-2.9387743593822635	0.0	-0.2571094411064163
493.700000	1787825216889108224	47.64250587718141	-122.13640514334465	216.97499999992334	-2.9387743593822635	0.0	-0.2571094411064163
493.800000	1787825216988108032	47.64250323436819	-122.1364054865209	216.97499999992334	-2.9387743593822635	0.0	-0.2571094411064163
493.900000	1787825217087108096	47.64250059155498	-122.13640582969715	216.97499999992334	-2.9387743593822635	0.0	-0.2571094411064163
494.000000	1787825217189108224	47.64249794874176	-122.1364061728734	216.97499999992334	-2.9387743593822635	0.0	-0.2571094411064163
494.100000	1787825217288108032	47.642495305928556	-122.13640651604955	216.97499999992334	-2.9387743593822635	0.0	-0.2571094411064163
494.200000	1787825217387108096	47.64249266311534	-122.13640685922478	216.97499999992334	-2.9387743593822635	0.0	-0.2571094411064163
494.300000	1787825217489108224	47.64249002030213	-122.13640720240002	216.97499999992334	-2.9387743593822635	0.0	-0.2571094411064163
494.400000	1787825217588108288	47.64248737748892	-122.13640754557525	216.97499999992334	-2.9387743593822635	0.0	-0.2571094411064163
494.500000	1787825217687108352	47.642484734675705	-122.13640788875048	216.97499999992334	-2.9387743593822635	0.0	-0.2571094411064163
494.600000	1787825217789108224	47.64248209186249	-122.13640823192573	216.97499999992334	-2.9387743593822635	0.0	-0.2571094411064163
494.700000	1787825217888108288	47.642479449049276	-122.13640857510096	216.97499999992334	-2.9387743593822635	0.0	-0.2571094411064163
494.800000	1787825217987108352	47.64247680623607	-122.13640891827619	216.97499999992334	-2.9387743593822635	0.0	-0.2571094411064163
494.900000	1787825218089108224	47.642474163422854	-122.13640926145142	216.97499999992334	-2.9387743593822635	0.0	-0.2571094411064163
495.000000	1787825218188108288	47.64247152060964	-122.13640960462666	216.97499999992334	-2.9387743593822635	0.0	-0.2571094411064163
495.100000	1787825218287108096	47.642468877796425	-122.1364099478019	216.97499999992334	-2.9387743593822635	0.0	-0.2571094411064163
495.200000	1787825218389108224	47.64246623498322	-122.13641029097712	216.97499999992334	-2.9387743593822635	0.0	-0.2571094411064163
495.300000	1787825218488108032	47.64246359217	-122.13641063415237	216.97499999992334	-2.9387743593822635	0.0	-0.2571094411064163
495.400000	1787825218587108096	47.64246094935679	-122.1364109773276	216.97499999992334	-2.9387743593822635	0.0	-0.2571094411064163
495.500000	1787825218689108224	47.64245830654358	-122.13641132050283	216.97499999992334	-2.9387743593822635	0.0	-0.2571094411064163
495.600000	1787825218788108032	47.64245566373037	-122.13641166367808	216.97499999992334	-2.9387743593822635	0.0	-0.2571094411064163
495.700000	1787825218887108096	47.64245302091715	-122.1364120068533	216.97499999992334	-2.9387743593822635	0.0	-0.2571094411064163
495.800000	1787825218989108224	47.64245037810394	-122.13641235002854	216.97499999992334	-2.9387743593822635	0.0	-0.2571094411064163
495.900000	1787825219088108288	47.64244773529073	-122.13641269320377	216.97499999992334	-2.9387743593822635	0.0	-0.2571094411064163
496.000000	1787825219187108352	47.642445092477516	-122.13641303637901	216.97499999992334	-2.9387743593822635	0.0	-0.2571094411064163
496.100000	1787825219289108224	47.6424424496643	-122.13641337955424	216.97499999992334	-2.9387743593822635	0.0	-0.2571094411064163
496.200000	1787825219388108288	47.64243980685109	-122.13641372272947	216.97499999992334	-2.9387743593822635	0.0	-0.2571094411064163
496.300000	1787825219487108352	47.64243716403788	-122.13641406590472	216.97499999992334	-2.9387743593822635	0.0	-0.2571094411064163
496.400000	1787825219589108224	47.642434521224665	-122.13641440907995	216.97499999992334	-2.9387743593822635	0.0	-0.2571094411064163
496.500000	1787825219688108288	47.64243187841145	-122.13641475225518	216.97499999992334	-2.9387743593822635	0.0	-0.2571094411064163
496.600000	1787825219787108096	47.642429235598236	-122.13641509543041	216.97499999992334	-2.9387743593822635	0.0	-0.2571094411064163
496.700000	1787825219889108224	47.64242659278503	-122.13641543860565	216.97499999992334	-2.9387743593822635	0.0	-0.2571094411064163
496.800000	1787825219988108032	47.642423949971814	-122.13641578178088	216.97499999992334	-2.9387743593822635	0.0	-0.2571094411064163
496.900000	1787825220087108096	47.6424213071586	-122.13641612495611	216.97499999992334	-2.9387743593822635	0.0	-0.2571094411064163
497.000000	1787825220189108224	47.64241866434539	-122.13641646813136	216.97499999992334	-2.9387743593822635	0.0	-0.2571094411064163
497.100000	1787825220288108032	47.64241602153218	-122.13641681130659	216.97499999992334	-2.9387743593822635	0.0	-0.2571094411064163
497.200000	1787825220387108096	47.64241337871896	-122.13641715448182	216.97499999992334	-2.9387743593822635	0.0	-0.2571094411064163
497.300000	1787825220489108224	47.64241073590575	-122.13641749765705	216.97499999992334	-2.9387743593822635	0.0	-0.2571094411064163
497.400000	1787825220588108288	47.64240809309254	-122.1364178408323	216.97499999992334	-2.9387743593822635	0.0	-0.2571094411064163
497.500000	1787825220687108352	47.64240545027933	-122.13641818400752	216.97499999992334	-2.9387743593822635	0.0	-0.2571094411064163
497.600000	1787825220789108224	47.64240280746611	-122.13641852718276	216.97499999992334	-2.9387743593822635	0.0	-0.2571094411064163
497.700000	1787825220888108288	47.6424001646529	-122.136418870358	216.97499999992334	-2.9387743593822635	0.0	-0.2571094411064163
497.800000	1787825220987108352	47.64239752183969	-122.13641921353323	216.97499999992334	-2.9387743593822635	0.0	-0.2571094411064163
497.900000	1787825221089108224	47.642394879026476	-122.13641955670846	216.97499999992334	-2.9387743593822635	0.0	-0.2571094411064163
498.000000	1787825221188108288	47.64239223621326	-122.13641989988369	216.97499999992334	-2.9387743593822635	0.0	-0.2571094411064163
498.100000	1787825221287108096	47.642389593400054	-122.13642024305894	216.97499999992334	-2.9387743593822635	0.0	-0.2571094411064163
498.200000	1787825221389108224	47.64238695058684	-122.13642058623417	216.97499999992334	-2.9387743593822635	0.0	-0.2571094411064163
498.300000	1787825221488108032	47.642384307773625	-122.1364209294094	216.97499999992334	-2.9387743593822635	0.0	-0.2571094411064163
498.400000	1787825221587108096	47.64238166496041	-122.13642127258464	216.97499999992334	-2.9387743593822635	0.0	-0.2571094411064163
498.500000	1787825221689108224	47.6423790221472	-122.13642161575987	216.97499999992334	-2.9387743593822635	0.0	-0.2571094411064163
498.600000	1787825221788108032	47.64237637933399	-122.1364219589351	216.97499999992334	-2.9387743593822635	0.0	-0.2571094411064163
498.700000	1787825221887108096	47.642373736520774	-122.13642230211035	216.97499999992334	-2.9387743593822635	0.0	-0.2571094411064163
498.800000	1787825221989108224	47.64237109370756	-122.13642264528558	216.97499999992334	-2.9387743593822635	0.0	-0.2571094411064163
498.900000	1787825222088108288	47.64236845089435	-122.13642298846081	216.97499999992334	-2.9387743593822635	0.0	-0.2571094411064163
499.000000	1787825222187108352	47.64236580808114	-122.13642333163604	216.97499999992334	-2.9387743593822635	0.0	-0.2571094411064163
499.100000	1787825222289108224	47.64236316526792	-122.13642367481128	216.97499999992334	-2.9387743593822635	0.0	-0.2571094411064163
499.200000	1787825222388108288	47.64236052245471	-122.13642401798651	216.97499999992334	-2.9387743593822635	0.0	-0.2571094411064163
499.300000	1787825222487108352	47.6423578796415	-122.13642436116174	216.97499999992334	-2.9387743593822635	0.0	-0.2571094411064163
499.400000	1787825222589108224	47.64235523682829	-122.13642470433699	216.97499999992334	-2.9387743593822635	0.0	-0.2571094411064163
499.500000	1787825222688108288	47.64235259401507	-122.13642504751222	216.97499999992334	-2.9387743593822635	0.0	-0.2571094411064163
499.600000	1787825222787108096	47.642349951201865	-122.13642539068745	216.97499999992334	-2.9387743593822635	0.0	-0.2571094411064163
499.700000	1787825222889108224	47.64234730838865	-122.13642573386268	216.97499999992334	-2.9387743593822635	0.0	-0.2571094411064163
499.800000	1787825222988108032	47.642344665575436	-122.13642607703792	216.97499999992334	-2.9387743593822635	0.0	-0.2571094411064163
499.900000	1787825223087108096	47.64234202276222	-122.13642642021316	216.97499999992334	-2.9387743593822635	0.0	-0.2571094411064163
500.000000	1787825223189108224	47.642339379949014	-122.1364267633879	216.97499999992334	-2.9387743593822635	0.0	-0.2571094411064163
500.100000	1787825223288108032	47.6423367371358	-122.13642710656212	216.97499999992334	-2.9387743593822635	0.0	-0.2571094411064163
500.200000	1787825223387108096	47.642334094322585	-122.13642744973635	216.97499999992334	-2.9387743593822635	0.0	-0.2571094411064163
500.300000	1787825223489108224	47.64233145150937	-122.13642779291055	216.97499999992334	-2.9387743593822635	0.0	-0.2571094411064163
500.400000	1787825223588108288	47.64232880869616	-122.13642813608477	216.97499999992334	-2.9387743593822635	0.0	-0.2571094411064163
500.500000	1787825223687108352	47.64232616588295	-122.136428479259	216.97499999992334	-2.9387743593822635	0.0	-0.2571094411064163
500.600000	1787825223789108224	47.642323523069734	-122.1364288224332	216.97499999992334	-2.9387743593822635	0.0	-0.2571094411064163
500.700000	1787825223888108288	47.64232088025653	-122.13642916560742	216.97499999992334	-2.9387743593822635	0.0	-0.2571094411064163
500.800000	1787825223987108352	47.64231823744331	-122.13642950878165	216.97499999992334	-2.9387743593822635	0.0	-0.2571094411064163
500.900000	1787825224089108224	47.6423155946301	-122.13642985195585	216.97499999992334	-2.9387743593822635	0.0	-0.2571094411064163
501.000000	1787825224188108288	47.64231295181688	-122.13643019513007	216.97499999992334	-2.9387743593822635	0.0	-0.2571094411064163
501.100000	1787825224287108096	47.642310309003676	-122.1364305383043	216.97499999992334	-2.9387743593822635	0.0	-0.2571094411064163
501.200000	1787825224389108224	47.64230766619046	-122.1364308814785	216.97499999992334	-2.9387743593822635	0.0	-0.2571094411064163
501.300000	1787825224488108032	47.64230502337725	-122.13643122465272	216.97499999992334	-2.9387743593822635	0.0	-0.2571094411064163
501.400000	1787825224587108096	47.64230238056403	-122.13643156782695	216.97499999992334	-2.9387743593822635	0.0	-0.2571094411064163
501.500000	1787825224689108224	47.642299737750825	-122.13643191100115	216.97499999992334	-2.9387743593822635	0.0	-0.2571094411064163
501.600000	1787825224788108032	47.64229709493761	-122.13643225417538	216.97499999992334	-2.9387743593822635	0.0	-0.2571094411064163
501.700000	1787825224887108096	47.642294452124396	-122.1364325973496	216.97499999992334	-2.9387743593822635	0.0	-0.2571094411064163
501.800000	1787825224989108224	47.64229180931118	-122.1364329405238	216.97499999992334	-2.9387743593822635	0.0	-0.2571094411064163
501.900000	1787825225088108288	47.642289166497974	-122.13643328369803	216.97499999992334	-2.9387743593822635	0.0	-0.2571094411064163
502.000000	1787825225187108352	47.64228652368476	-122.13643362687225	216.97499999992334	-2.9387743593822635	0.0	-0.2571094411064163
502.100000	1787825225289108224	47.642283880871545	-122.13643397004645	216.97499999992334	-2.9387743593822635	0.0	-0.2571094411064163
502.200000	1787825225388108288	47.64228123805834	-122.13643431322068	216.97499999992334	-2.9387743593822635	0.0	-0.2571094411064163
502.300000	1787825225487108352	47.64227859524512	-122.1364346563949	216.97499999992334	-2.9387743593822635	0.0	-0.2571094411064163
502.400000	1787825225589108224	47.64227595243191	-122.1364349995691	216.97499999992334	-2.9387743593822635	0.0	-0.2571094411064163
502.500000	1787825225688108288	47.642273309618695	-122.13643534274333	216.97499999992334	-2.9387743593822635	0.0	-0.2571094411064163
502.600000	1787825225787108096	47.64227066680549	-122.13643568591755	216.97499999992334	-2.9387743593822635	0.0	-0.2571094411064163
502.700000	1787825225889108224	47.64226802399227	-122.13643602909175	216.97499999992334	-2.9387743593822635	0.0	-0.2571094411064163
502.800000	1787825225988108032	47.64226538117906	-122.13643637226598	216.97499999992334	-2.9387743593822635	0.0	-0.2571094411064163
502.900000	1787825226087108096	47.642262738365844	-122.1364367154402	216.97499999992334	-2.9387743593822635	0.0	-0.2571094411064163
503.000000	1787825226189108224	47.642260095552636	-122.1364370586144	216.97499999992334	-2.9387743593822635	0.0	-0.2571094411064163
503.100000	1787825226288108032	47.64225745273942	-122.13643740178863	216.97499999992334	-2.9387743593822635	0.0	-0.2571094411064163
503.200000	1787825226387108096	47.64225480992621	-122.13643774496285	216.97499999992334	-2.9387743593822635	0.0	-0.2571094411064163
503.300000	1787825226489108224	47.642252167113	-122.13643808813706	216.97499999992334	-2.9387743593822635	0.0	-0.2571094411064163
503.400000	1787825226588108288	47.642249524299785	-122.13643843131128	216.97499999992334	-2.9387743593822635	0.0	-0.2571094411064163
503.500000	1787825226687108352	47.64224688148657	-122.1364387744855	216.97499999992334	-2.9387743593822635	0.0	-0.2571094411064163
503.600000	1787825226789108224	47.64224423867336	-122.1364391176597	216.97499999992334	-2.9387743593822635	0.0	-0.2571094411064163
503.700000	1787825226888108288	47.64224159586015	-122.13643946083393	216.97499999992334	-2.9387743593822635	0.0	-0.2571094411064163
503.800000	1787825226987108352	47.642238953046935	-122.13643980400815	216.97499999992334	-2.9387743593822635	0.0	-0.2571094411064163
503.900000	1787825227089108224	47.64223631023372	-122.13644014718236	216.97499999992334	-2.9387743593822635	0.0	-0.2571094411064163
504.000000	1787825227188108288	47.642233667420506	-122.13644049035658	216.97499999992334	-2.9387743593822635	0.0	-0.2571094411064163
504.100000	1787825227287108096	47.6422310246073	-122.1364408335308	216.97499999992334	-2.9387743593822635	0.0	-0.2571094411064163
504.200000	1787825227389108224	47.642228381794084	-122.136441176705	216.97499999992334	-2.9387743593822635	0.0	-0.2571094411064163
504.300000	1787825227488108032	47.64222573898087	-122.13644151987923	216.97499999992334	-2.9387743593822635	0.0	-0.2571094411064163
504.400000	1787825227587108096	47.642223096167655	-122.13644186305345	216.97499999992334	-2.9387743593822635	0.0	-0.2571094411064163
504.500000	1787825227689108224	47.64222045335445	-122.13644220622766	216.97499999992334	-2.9387743593822635	0.0	-0.2571094411064163
504.600000	1787825227788108032	47.64221781054123	-122.13644254940188	216.97499999992334	-2.9387743593822635	0.0	-0.2571094411064163
504.700000	1787825227887108096	47.64221516772802	-122.1364428925761	216.97499999992334	-2.9387743593822635	0.0	-0.2571094411064163
504.800000	1787825227989108224	47.64221252491481	-122.1364432357503	216.97499999992334	-2.9387743593822635	0.0	-0.2571094411064163
504.900000	1787825228088108288	47.6422098821016	-122.13644357892453	216.97499999992334	-2.9387743593822635	0.0	-0.2571094411064163
505.000000	1787825228187108352	47.64220723928838	-122.13644392209875	216.97499999992334	-2.9387743593822635	0.0	-0.2571094411064163
505.100000	1787825228289108224	47.64220459647517	-122.13644426527296	216.97499999992334	-2.9387743593822635	0.0	-0.2571094411064163
505.200000	1787825228388108288	47.64220195366196	-122.13644460844718	216.97499999992334	-2.9387743593822635	0.0	-0.2571094411064163
505.300000	1787825228487108352	47.642199310848746	-122.1364449516214	216.97499999992334	-2.9387743593822635	0.0	-0.2571094411064163
505.400000	1787825228589108224	47.64219666803553	-122.1364452947956	216.97499999992334	-2.9387743593822635	0.0	-0.2571094411064163
505.500000	1787825228688108288	47.64219402522232	-122.13644563796983	216.97499999992334	-2.9387743593822635	0.0	-0.2571094411064163
505.600000	1787825228787108096	47.64219138240911	-122.13644598114405	216.97499999992334	-2.9387743593822635	0.0	-0.2571094411064163
505.700000	1787825228889108224	47.642188739595895	-122.13644632431826	216.97499999992334	-2.9387743593822635	0.0	-0.2571094411064163
505.800000	1787825228988108032	47.64218609678268	-122.13644666749248	216.97499999992334	-2.9387743593822635	0.0	-0.2571094411064163
505.900000	1787825229087108096	47.64218345396947	-122.13644701066583	216.97499999992334	-2.9387743593822635	0.0	-0.2571094411064163
506.000000	1787825229189108224	47.64218081115626	-122.13644735383903	216.97499999992334	-2.9387743593822635	0.0	-0.2571094411064163
506.100000	1787825229288108032	47.642178168343044	-122.13644769701223	216.97499999992334	-2.9387743593822635	0.0	-0.2571094411064163
506.200000	1787825229387108096	47.64217552552983	-122.13644804018543	216.97499999992334	-2.9387743593822635	0.0	-0.2571094411064163
506.300000	1787825229489108224	47.64217288271662	-122.13644838335863	216.97499999992334	-2.9387743593822635	0.0	-0.2571094411064163
506.400000	1787825229588108288	47.64217023990341	-122.13644872653182	216.97499999992334	-2.9387743593822635	0.0	-0.2571094411064163
506.500000	1787825229687108352	47.64216759709019	-122.13644906970502	216.97499999992334	-2.9387743593822635	0.0	-0.2571094411064163
506.600000	1787825229789108224	47.64216495427698	-122.13644941287822	216.97499999992334	-2.9387743593822635	0.0	-0.2571094411064163
506.700000	1787825229888108288	47.64216231146377	-122.13644975605142	216.97499999992334	-2.9387743593822635	0.0	-0.2571094411064163
506.800000	1787825229987108352	47.64215966865056	-122.13645009922462	216.97499999992334	-2.9387743593822635	0.0	-0.2571094411064163
506.900000	1787825230089108224	47.64215702583734	-122.13645044239782	216.97499999992334	-2.9387743593822635	0.0	-0.2571094411064163
507.000000	1787825230188108288	47.64215438302413	-122.13645078557101	216.97499999992334	-2.9387743593822635	0.0	-0.2571094411064163
507.100000	1787825230287108096	47.64215174021092	-122.13645112874423	216.97499999992334	-2.9387743593822635	0.0	-0.2571094411064163
507.200000	1787825230389108224	47.642149097397706	-122.13645147191743	216.97499999992334	-2.9387743593822635	0.0	-0.2571094411064163
507.300000	1787825230488108032	47.64214645458449	-122.13645181509062	216.97499999992334	-2.9387743593822635	0.0	-0.2571094411064163
507.400000	1787825230587108096	47.642143811771284	-122.13645215826382	216.97499999992334	-2.9387743593822635	0.0	-0.2571094411064163
507.500000	1787825230689108224	47.64214116895807	-122.13645250143702	216.97499999992334	-2.9387743593822635	0.0	-0.2571094411064163
507.600000	1787825230788108032	47.642138526144855	-122.13645284461022	216.97499999992334	-2.9387743593822635	0.0	-0.2571094411064163
507.700000	1787825230887108096	47.64213588333164	-122.13645318778342	216.97499999992334	-2.9387743593822635	0.0	-0.2571094411064163
507.800000	1787825230989108224	47.64213324051843	-122.13645353095662	216.97499999992334	-2.9387743593822635	0.0	-0.2571094411064163
507.900000	1787825231088108288	47.64213059770522	-122.13645387412981	216.97499999992334	-2.9387743593822635	0.0	-0.2571094411064163
508.000000	1787825231187108352	47.642127954892004	-122.13645421730301	216.97499999992334	-2.9387743593822635	0.0	-0.2571094411064163
508.100000	1787825231289108224	47.64212531207879	-122.13645456047621	216.97499999992334	-2.9387743593822635	0.0	-0.2571094411064163
508.200000	1787825231388108288	47.64212266926558	-122.13645490364941	216.97499999992334	-2.9387743593822635	0.0	-0.2571094411064163
508.300000	1787825231487108352	47.64212002645237	-122.1364552468226	216.97499999992334	-2.9387743593822635	0.0	-0.2571094411064163
508.400000	1787825231589108224	47.64211738363915	-122.1364555899958	216.97499999992334	-2.9387743593822635	0.0	-0.2571094411064163
508.500000	1787825231688108288	47.642114740825946	-122.136455933169	216.97499999992334	-2.9387743593822635	0.0	-0.2571094411064163
508.600000	1787825231787108096	47.64211209801273	-122.1364562763422	216.97499999992334	-2.9387743593822635	0.0	-0.2571094411064163
508.700000	1787825231889108224	47.64210945519952	-122.1364566195154	216.97499999992334	-2.9387743593822635	0.0	-0.2571094411064163
508.800000	1787825231988108032	47.6421068123863	-122.1364569626886	216.97499999992334	-2.9387743593822635	0.0	-0.2571094411064163
508.900000	1787825232087108096	47.642104169573095	-122.1364573058618	216.97499999992334	-2.9387743593822635	0.0	-0.2571094411064163
509.000000	1787825232189108224	47.64210152675988	-122.136457649035	216.97499999992334	-2.9387743593822635	0.0	-0.2571094411064163
509.100000	1787825232288108032	47.642098883946666	-122.13645799220821	216.97499999992334	-2.9387743593822635	0.0	-0.2571094411064163
509.200000	1787825232387108096	47.64209624113345	-122.1364583353814	216.97499999992334	-2.9387743593822635	0.0	-0.2571094411064163
509.300000	1787825232489108224	47.642093598320244	-122.1364586785546	216.97499999992334	-2.9387743593822635	0.0	-0.2571094411064163
509.400000	1787825232588108288	47.64209095550703	-122.1364590217278	216.97499999992334	-2.9387743593822635	0.0	-0.2571094411064163
509.500000	1787825232687108352	47.642088312693815	-122.136459364901	216.97499999992334	-2.9387743593822635	0.0	-0.2571094411064163
509.600000	1787825232789108224	47.6420856698806	-122.1364597080742	216.97499999992334	-2.9387743593822635	0.0	-0.2571094411064163
509.700000	1787825232888108288	47.64208302706739	-122.1364600512474	216.97499999992334	-2.9387743593822635	0.0	-0.2571094411064163
509.800000	1787825232987108352	47.64208038425418	-122.1364603944206	216.97499999992334	-2.9387743593822635	0.0	-0.2571094411064163
509.900000	1787825233089108224	47.642077741440964	-122.1364607375938	216.97499999992334	-2.9387743593822635	0.0	-0.2571094411064163
510.000000	1787825233188108288	47.64207509862776	-122.13646108076699	216.97499999992334	-2.9387743593822635	0.0	-0.2571094411064163
510.100000	1787825233287108096	47.64207245581454	-122.13646142394019	216.97499999992334	-2.9387743593822635	0.0	-0.2571094411064163
510.200000	1787825233389108224	47.64206981300133	-122.13646176711339	216.97499999992334	-2.9387743593822635	0.0	-0.2571094411064163
510.300000	1787825233488108032	47.64206717018811	-122.13646211028659	216.97499999992334	-2.9387743593822635	0.0	-0.2571094411064163
510.400000	1787825233587108096	47.642064527374906	-122.13646245345979	216.97499999992334	-2.9387743593822635	0.0	-0.2571094411064163
510.500000	1787825233689108224	47.64206188456169	-122.13646279663298	216.97499999992334	-2.9387743593822635	0.0	-0.2571094411064163
510.600000	1787825233788108032	47.64205924174848	-122.13646313980618	216.97499999992334	-2.9387743593822635	0.0	-0.2571094411064163
510.700000	1787825233887108096	47.64205659893526	-122.13646348297938	216.97499999992334	-2.9387743593822635	0.0	-0.2571094411064163
510.800000	1787825233989108224	47.642053956122055	-122.13646382615258	216.97499999992334	-2.9387743593822635	0.0	-0.2571094411064163
510.900000	1787825234088108288	47.64205131330884	-122.13646416932578	216.97499999992334	-2.9387743593822635	0.0	-0.2571094411064163
511.000000	1787825234187108352	47.642048670495626	-122.13646451249899	216.97499999992334	-2.9387743593822635	0.0	-0.2571094411064163
511.100000	1787825234289108224	47.64204602768242	-122.13646485567219	216.97499999992334	-2.9387743593822635	0.0	-0.2571094411064163
511.200000	1787825234388108288	47.642043384869204	-122.13646519884539	216.97499999992334	-2.9387743593822635	0.0	-0.2571094411064163
511.300000	1787825234487108352	47.64204074205599	-122.13646554201858	216.97499999992334	-2.9387743593822635	0.0	-0.2571094411064163
511.400000	1787825234589108224	47.642038099242775	-122.13646588519178	216.97499999992334	-2.9387743593822635	0.0	-0.2571094411064163
511.500000	1787825234688108288	47.64203545642957	-122.13646622836498	216.97499999992334	-2.9387743593822635	0.0	-0.2571094411064163
511.600000	1787825234787108096	47.64203281361635	-122.13646657153818	216.97499999992334	-2.9387743593822635	0.0	-0.2571094411064163
511.700000	1787825234889108224	47.64203017080314	-122.13646691471115	216.97499999992334	-2.9387743593822635	0.0	-0.2571094411064163
511.800000	1787825234988108032	47.642027527989924	-122.13646725788333	216.97499999992334	-2.9387743593822635	0.0	-0.2571094411064163
511.900000	1787825235087108096	47.64202488517672	-122.13646760105551	216.97499999992334	-2.9387743593822635	0.0	-0.2571094411064163
512.000000	1787825235189108224	47.6420222423635	-122.13646794422769	216.97499999992334	-2.9387743593822635	0.0	-0.2571094411064163
512.100000	1787825235288108032	47.64201959955029	-122.13646828739986	216.97499999992334	-2.9387743593822635	0.0	-0.2571094411064163
512.200000	1787825235387108096	47.64201695673707	-122.13646863057205	216.97499999992334	-2.9387743593822635	0.0	-0.2571094411064163
512.300000	1787825235489108224	47.642014313923866	-122.13646897374423	216.97499999992334	-2.9387743593822635	0.0	-0.2571094411064163
512.400000	1787825235588108288	47.64201167111065	-122.13646931691642	216.97499999992334	-2.9387743593822635	0.0	-0.2571094411064163
512.500000	1787825235687108352	47.64200902829744	-122.1364696600886	216.97499999992334	-2.9387743593822635	0.0	-0.2571094411064163
512.600000	1787825235789108224	47.64200638548423	-122.13647000326078	216.97499999992334	-2.9387743593822635	0.0	-0.2571094411064163
512.700000	1787825235888108288	47.642003742671015	-122.13647034643296	216.97499999992334	-2.9387743593822635	0.0	-0.2571094411064163
512.800000	1787825235987108352	47.6420010998578	-122.13647068960513	216.97499999992334	-2.9387743593822635	0.0	-0.2571094411064163
512.900000	1787825236089108224	47.641998457044586	-122.13647103277732	216.97499999992334	-2.9387743593822635	0.0	-0.2571094411064163
513.000000	1787825236188108288	47.64199581423138	-122.1364713759495	216.97499999992334	-2.9387743593822635	0.0	-0.2571094411064163
513.100000	1787825236287108096	47.641993171418164	-122.13647171912169	216.97499999992334	-2.9387743593822635	0.0	-0.2571094411064163
513.200000	1787825236389108224	47.64199052860495	-122.13647206229386	216.97499999992334	-2.9387743593822635	0.0	-0.2571094411064163
513.300000	1787825236488108032	47.641987885791735	-122.13647240546605	216.97499999992334	-2.9387743593822635	0.0	-0.2571094411064163
513.400000	1787825236587108096	47.64198524297853	-122.13647274863823	216.97499999992334	-2.9387743593822635	0.0	-0.2571094411064163
513.500000	1787825236689108224	47.64198260016531	-122.1364730918104	216.97499999992334	-2.9387743593822635	0.0	-0.2571094411064163
513.600000	1787825236788108032	47.6419799573521	-122.13647343498259	216.97499999992334	-2.9387743593822635	0.0	-0.2571094411064163
513.700000	1787825236887108096	47.64197731453889	-122.13647377815477	216.97499999992334	-2.9387743593822635	0.0	-0.2571094411064163
513.800000	1787825236989108224	47.64197467172568	-122.13647412132696	216.97499999992334	-2.9387743593822635	0.0	-0.2571094411064163
513.900000	1787825237088108288	47.64197202891246	-122.13647446449913	216.97499999992334	-2.9387743593822635	0.0	-0.2571094411064163
514.000000	1787825237187108352	47.64196938609925	-122.13647480767132	216.97499999992334	-2.9387743593822635	0.0	-0.2571094411064163
514.100000	1787825237289108224	47.64196674328604	-122.1364751508435	216.97499999992334	-2.9387743593822635	0.0	-0.2571094411064163
514.200000	1787825237388108288	47.641964100472826	-122.13647549401568	216.97499999992334	-2.9387743593822635	0.0	-0.2571094411064163
514.300000	1787825237487108352	47.64196145765961	-122.13647583718786	216.97499999992334	-2.9387743593822635	0.0	-0.2571094411064163
514.400000	1787825237589108224	47.6419588148464	-122.13647618036003	216.97499999992334	-2.9387743593822635	0.0	-0.2571094411064163
514.500000	1787825237688108288	47.64195617203319	-122.13647652353222	216.97499999992334	-2.9387743593822635	0.0	-0.2571094411064163
514.600000	1787825237787108096	47.641953529219975	-122.1364768667044	216.97499999992334	-2.9387743593822635	0.0	-0.2571094411064163
514.700000	1787825237889108224	47.64195088640676	-122.13647720987659	216.97499999992334	-2.9387743593822635	0.0	-0.2571094411064163
514.800000	1787825237988108032	47.641948243593546	-122.13647755304876	216.97499999992334	-2.9387743593822635	0.0	-0.2571094411064163
514.900000	1787825238087108096	47.64194560078034	-122.13647789622095	216.97499999992334	-2.9387743593822635	0.0	-0.2571094411064163
515.000000	1787825238189108224	47.641942957967125	-122.13647823939313	216.97499999992334	-2.9387743593822635	0.0	-0.2571094411064163
515.100000	1787825238288108032	47.64194031515391	-122.1364785825653	216.97499999992334	-2.9387743593822635	0.0	-0.2571094411064163
515.200000	1787825238387108096	47.6419376723407	-122.13647892573749	216.97499999992334	-2.9387743593822635	0.0	-0.2571094411064163
515.300000	1787825238489108224	47.64193502952749	-122.13647926890967	216.97499999992334	-2.9387743593822635	0.0	-0.2571094411064163
515.400000	1787825238588108288	47.641932386714274	-122.13647961208186	216.97499999992334	-2.9387743593822635	0.0	-0.2571094411064163
515.500000	1787825238687108352	47.64192974390106	-122.13647995525403	216.97499999992334	-2.9387743593822635	0.0	-0.2571094411064163
515.600000	1787825238789108224	47.64192710108785	-122.13648029842622	216.97499999992334	-2.9387743593822635	0.0	-0.2571094411064163
515.700000	1787825238888108288	47.64192445827464	-122.1364806415984	216.97499999992334	-2.9387743593822635	0.0	-0.2571094411064163
515.800000	1787825238987108352	47.64192181546142	-122.13648098477057	216.97499999992334	-2.9387743593822635	0.0	-0.2571094411064163
515.900000	1787825239089108224	47.64191917264821	-122.13648132794276	216.97499999992334	-2.9387743593822635	0.0	-0.2571094411064163
516.000000	1787825239188108288	47.641916529835	-122.13648167111494	216.97499999992334	-2.9387743593822635	0.0	-0.2571094411064163
516.100000	1787825239287108096	47.641913887021786	-122.13648201428713	216.97499999992334	-2.9387743593822635	0.0	-0.2571094411064163
516.200000	1787825239389108224	47.64191124420857	-122.1364823574593	216.97499999992334	-2.9387743593822635	0.0	-0.2571094411064163
516.300000	1787825239488108032	47.641908601395365	-122.13648270063149	216.97499999992334	-2.9387743593822635	0.0	-0.2571094411064163
516.400000	1787825239587108096	47.64190595858215	-122.13648304380366	216.97499999992334	-2.9387743593822635	0.0	-0.2571094411064163
516.500000	1787825239689108224	47.641903315768936	-122.13648338697584	216.97499999992334	-2.9387743593822635	0.0	-0.2571094411064163
516.600000	1787825239788108032	47.64190067295572	-122.13648373014803	216.97499999992334	-2.9387743593822635	0.0	-0.2571094411064163
516.700000	1787825239887108096	47.641898030142514	-122.1364840733202	216.97499999992334	-2.9387743593822635	0.0	-0.2571094411064163
516.800000	1787825239989108224	47.6418953873293	-122.1364844164924	216.97499999992334	-2.9387743593822635	0.0	-0.2571094411064163
516.900000	1787825240088108288	47.641892744516085	-122.13648475966457	216.97499999992334	-2.9387743593822635	0.0	-0.2571094411064163
517.000000	1787825240187108352	47.64189010170287	-122.13648510283676	216.97499999992334	-2.9387743593822635	0.0	-0.2571094411064163
517.100000	1787825240289108224	47.64188745888966	-122.13648544600893	216.97499999992334	-2.9387743593822635	0.0	-0.2571094411064163
517.200000	1787825240388108288	47.64188481607645	-122.13648578918111	216.97499999992334	-2.9387743593822635	0.0	-0.2571094411064163
517.300000	1787825240487108352	47.641882173263234	-122.1364861323533	216.97499999992334	-2.9387743593822635	0.0	-0.2571094411064163
517.400000	1787825240589108224	47.64187953045002	-122.13648647552547	216.97499999992334	-2.9387743593822635	0.0	-0.2571094411064163
517.500000	1787825240688108288	47.64187688763681	-122.13648681869766	216.97499999992334	-2.9387743593822635	0.0	-0.2571094411064163
517.600000	1787825240787108096	47.6418742448236	-122.13648716186923	216.97499999992334	-2.9387743593822635	0.0	-0.2571094411064163
517.700000	1787825240889108224	47.64187160201038	-122.13648750504039	216.97499999992334	-2.9387743593822635	0.0	-0.2571094411064163
517.800000	1787825240988108032	47.641868959197176	-122.13648784821156	216.97499999992334	-2.9387743593822635	0.0	-0.2571094411064163
517.900000	1787825241087108096	47.64186631638396	-122.13648819138272	216.97499999992334	-2.9387743593822635	0.0	-0.2571094411064163
518.000000	1787825241189108224	47.64186367357075	-122.13648853455388	216.97499999992334	-2.9387743593822635	0.0	-0.2571094411064163
518.100000	1787825241288108032	47.64186103075753	-122.13648887772504	216.97499999992334	-2.9387743593822635	0.0	-0.2571094411064163
518.200000	1787825241387108096	47.641858387944325	-122.13648922089621	216.97499999992334	-2.9387743593822635	0.0	-0.2571094411064163
518.300000	1787825241489108224	47.64185574513111	-122.13648956406738	216.97499999992334	-2.9387743593822635	0.0	-0.2571094411064163
518.400000	1787825241588108288	47.641853102317896	-122.13648990723854	216.97499999992334	-2.9387743593822635	0.0	-0.2571094411064163
518.500000	1787825241687108352	47.64185045950468	-122.1364902504097	216.97499999992334	-2.9387743593822635	0.0	-0.2571094411064163
518.600000	1787825241789108224	47.641847816691474	-122.13649059358086	216.97499999992334	-2.9387743593822635	0.0	-0.2571094411064163
518.700000	1787825241888108288	47.64184517387826	-122.13649093675203	216.97499999992334	-2.9387743593822635	0.0	-0.2571094411064163
518.800000	1787825241987108352	47.641842531065045	-122.13649127992319	216.97499999992334	-2.9387743593822635	0.0	-0.2571094411064163
518.900000	1787825242089108224	47.64183988825183	-122.13649162309436	216.97499999992334	-2.9387743593822635	0.0	-0.2571094411064163
519.000000	1787825242188108288	47.64183724543862	-122.13649196626552	216.97499999992334	-2.9387743593822635	0.0	-0.2571094411064163
519.100000	1787825242287108096	47.64183460262541	-122.13649230943668	216.97499999992334	-2.9387743593822635	0.0	-0.2571094411064163
519.200000	1787825242389108224	47.641831959812194	-122.13649265260784	216.97499999992334	-2.9387743593822635	0.0	-0.2571094411064163
519.300000	1787825242488108032	47.64182931699899	-122.13649299577901	216.97499999992334	-2.9387743593822635	0.0	-0.2571094411064163
519.400000	1787825242587108096	47.64182667418577	-122.13649333895017	216.97499999992334	-2.9387743593822635	0.0	-0.2571094411064163
519.500000	1787825242689108224	47.64182403137256	-122.13649368212134	216.97499999992334	-2.9387743593822635	0.0	-0.2571094411064163
519.600000	1787825242788108032	47.64182138855934	-122.13649402529249	216.97499999992334	-2.9387743593822635	0.0	-0.2571094411064163
519.700000	1787825242887108096	47.641818745746136	-122.13649436846366	216.97499999992334	-2.9387743593822635	0.0	-0.2571094411064163
519.800000	1787825242989108224	47.64181610293292	-122.13649471163482	216.97499999992334	-2.9387743593822635	0.0	-0.2571094411064163
519.900000	1787825243088108288	47.64181346011971	-122.13649505480599	216.97499999992334	-2.9387743593822635	0.0	-0.2571094411064163
520.000000	1787825243187108352	47.64181081730649	-122.13649539797716	216.97499999992334	-2.9387743593822635	0.0	-0.2571094411064163
520.100000	1787825243289108224	47.641808174493285	-122.13649574114831	216.97499999992334	-2.9387743593822635	0.0	-0.2571094411064163
520.200000	1787825243388108288	47.64180553168007	-122.13649608431948	216.97499999992334	-2.9387743593822635	0.0	-0.2571094411064163
520.300000	1787825243487108352	47.641802888866856	-122.13649642749064	216.97499999992334	-2.9387743593822635	0.0	-0.2571094411064163
520.400000	1787825243589108224	47.64180024605365	-122.13649677066181	216.97499999992334	-2.9387743593822635	0.0	-0.2571094411064163
520.500000	1787825243688108288	47.641797603240434	-122.13649711383297	216.97499999992334	-2.9387743593822635	0.0	-0.2571094411064163
520.600000	1787825243787108096	47.64179496042722	-122.13649745700414	216.97499999992334	-2.9387743593822635	0.0	-0.2571094411064163
520.700000	1787825243889108224	47.641792317614005	-122.13649780017529	216.97499999992334	-2.9387743593822635	0.0	-0.2571094411064163
520.800000	1787825243988108032	47.6417896748008	-122.13649814334646	216.97499999992334	-2.9387743593822635	0.0	-0.2571094411064163
520.900000	1787825244087108096	47.64178703198758	-122.13649848651762	216.97499999992334	-2.9387743593822635	0.0	-0.2571094411064163
521.000000	1787825244189108224	47.64178438917437	-122.13649882968879	216.97499999992334	-2.9387743593822635	0.0	-0.2571094411064163
521.100000	1787825244288108032	47.641781746361154	-122.13649917285996	216.97499999992334	-2.9387743593822635	0.0	-0.2571094411064163
521.200000	1787825244387108096	47.64177910354795	-122.13649951603111	216.97499999992334	-2.9387743593822635	0.0	-0.2571094411064163
521.300000	1787825244489108224	47.64177646073473	-122.13649985920227	216.97499999992334	-2.9387743593822635	0.0	-0.2571094411064163
521.400000	1787825244588108288	47.64177381792152	-122.13650020237344	216.97499999992334	-2.9387743593822635	0.0	-0.2571094411064163
521.500000	1787825244687108352	47.6417711751083	-122.1365005455446	216.97499999992334	-2.9387743593822635	0.0	-0.2571094411064163
521.600000	1787825244789108224	47.641768532295096	-122.13650088871577	216.97499999992334	-2.9387743593822635	0.0	-0.2571094411064163
521.700000	1787825244888108288	47.64176588948188	-122.13650123188692	216.97499999992334	-2.9387743593822635	0.0	-0.2571094411064163
521.800000	1787825244987108352	47.64176324666867	-122.13650157505809	216.97499999992334	-2.9387743593822635	0.0	-0.2571094411064163
521.900000	1787825245089108224	47.64176060385546	-122.13650191822926	216.97499999992334	-2.9387743593822635	0.0	-0.2571094411064163
522.000000	1787825245188108288	47.641757961042245	-122.13650226140042	216.97499999992334	-2.9387743593822635	0.0	-0.2571094411064163
522.100000	1787825245287108096	47.64175531822903	-122.13650260457159	216.97499999992334	-2.9387743593822635	0.0	-0.2571094411064163
522.200000	1787825245389108224	47.641752675415816	-122.13650294774276	216.97499999992334	-2.9387743593822635	0.0	-0.2571094411064163
522.300000	1787825245488108032	47.64175003260261	-122.13650329091391	216.97499999992334	-2.9387743593822635	0.0	-0.2571094411064163
522.400000	1787825245587108096	47.641747389789394	-122.13650363408507	216.97499999992334	-2.9387743593822635	0.0	-0.2571094411064163
522.500000	1787825245689108224	47.64174474697618	-122.13650397725624	216.97499999992334	-2.9387743593822635	0.0	-0.2571094411064163
522.600000	1787825245788108032	47.641742104162965	-122.1365043204274	216.97499999992334	-2.9387743593822635	0.0	-0.2571094411064163
522.700000	1787825245887108096	47.64173946134976	-122.13650466359857	216.97499999992334	-2.9387743593822635	0.0	-0.2571094411064163
522.800000	1787825245989108224	47.64173681853654	-122.13650500676972	216.97499999992334	-2.9387743593822635	0.0	-0.2571094411064163
522.900000	1787825246088108288	47.64173417572333	-122.13650534994089	216.97499999992334	-2.9387743593822635	0.0	-0.2571094411064163
523.000000	1787825246187108352	47.64173153291012	-122.13650569311206	216.97499999992334	-2.9387743593822635	0.0	-0.2571094411064163
523.100000	1787825246289108224	47.64172889009691	-122.13650603628322	216.97499999992334	-2.9387743593822635	0.0	-0.2571094411064163
523.200000	1787825246388108288	47.64172624728369	-122.13650637945439	216.97499999992334	-2.9387743593822635	0.0	-0.2571094411064163
523.300000	1787825246487108352	47.64172360447048	-122.13650672262554	216.97499999992334	-2.9387743593822635	0.0	-0.2571094411064163
523.400000	1787825246589108224	47.64172096165727	-122.1365070657967	216.97499999992334	-2.9387743593822635	0.0	-0.2571094411064163
523.500000	1787825246688108288	47.641718318844056	-122.13650740896688	216.97499999992334	-2.9387743593822635	0.0	-0.2571094411064163
523.600000	1787825246787108096	47.64171567603084	-122.13650775213702	216.97499999992334	-2.9387743593822635	0.0	-0.2571094411064163
523.700000	1787825246889108224	47.64171303321763	-122.13650809530718	216.97499999992334	-2.9387743593822635	0.0	-0.2571094411064163
523.800000	1787825246988108032	47.64171039040442	-122.13650843847732	216.97499999992334	-2.9387743593822635	0.0	-0.2571094411064163
523.900000	1787825247087108096	47.641707747591205	-122.13650878164746	216.97499999992334	-2.9387743593822635	0.0	-0.2571094411064163
524.000000	1787825247189108224	47.64170510477799	-122.13650912481761	216.97499999992334	-2.9387743593822635	0.0	-0.2571094411064163
524.100000	1787825247288108032	47.641702461964776	-122.13650946798775	216.97499999992334	-2.9387743593822635	0.0	-0.2571094411064163
524.200000	1787825247387108096	47.64169981915157	-122.13650981115791	216.97499999992334	-2.9387743593822635	0.0	-0.2571094411064163
524.300000	1787825247489108224	47.641697176338354	-122.13651015432805	216.97499999992334	-2.9387743593822635	0.0	-0.2571094411064163
524.400000	1787825247588108288	47.64169453352514	-122.1365104974982	216.97499999992334	-2.9387743593822635	0.0	-0.2571094411064163
524.500000	1787825247687108352	47.64169189071193	-122.13651084066834	216.97499999992334	-2.9387743593822635	0.0	-0.2571094411064163
524.600000	1787825247789108224	47.64168924789872	-122.13651118383848	216.97499999992334	-2.9387743593822635	0.0	-0.2571094411064163
524.700000	1787825247888108288	47.6416866050855	-122.13651152700864	216.97499999992334	-2.9387743593822635	0.0	-0.2571094411064163
524.800000	1787825247987108352	47.64168396227229	-122.13651187017878	216.97499999992334	-2.9387743593822635	0.0	-0.2571094411064163
524.900000	1787825248089108224	47.64168131945908	-122.13651221334892	216.97499999992334	-2.9387743593822635	0.0	-0.2571094411064163
525.000000	1787825248188108288	47.64167867664587	-122.13651255651907	216.97499999992334	-2.9387743593822635	0.0	-0.2571094411064163
525.100000	1787825248287108096	47.64167603383265	-122.13651289968921	216.97499999992334	-2.9387743593822635	0.0	-0.2571094411064163
525.200000	1787825248389108224	47.64167339101944	-122.13651324285935	216.97499999992334	-2.9387743593822635	0.0	-0.2571094411064163
525.300000	1787825248488108032	47.64167074820623	-122.13651358602951	216.97499999992334	-2.9387743593822635	0.0	-0.2571094411064163
525.400000	1787825248587108096	47.641668105393016	-122.13651392919965	216.97499999992334	-2.9387743593822635	0.0	-0.2571094411064163
525.500000	1787825248689108224	47.6416654625798	-122.1365142723698	216.97499999992334	-2.9387743593822635	0.0	-0.2571094411064163
525.600000	1787825248788108032	47.641662819766594	-122.13651461553994	216.97499999992334	-2.9387743593822635	0.0	-0.2571094411064163
525.700000	1787825248887108096	47.64166017695338	-122.13651495871008	216.97499999992334	-2.9387743593822635	0.0	-0.2571094411064163
525.800000	1787825248989108224	47.641657534140165	-122.13651530188024	216.97499999992334	-2.9387743593822635	0.0	-0.2571094411064163
525.900000	1787825249088108288	47.64165489132695	-122.13651564505038	216.97499999992334	-2.9387743593822635	0.0	-0.2571094411064163
526.000000	1787825249187108352	47.64165224851374	-122.13651598822052	216.97499999992334	-2.9387743593822635	0.0	-0.2571094411064163
526.100000	1787825249289108224	47.64164960570053	-122.13651633139067	216.97499999992334	-2.9387743593822635	0.0	-0.2571094411064163
526.200000	1787825249388108288	47.641646962887314	-122.13651667456081	216.97499999992334	-2.9387743593822635	0.0	-0.2571094411064163
526.300000	1787825249487108352	47.6416443200741	-122.13651701773097	216.97499999992334	-2.9387743593822635	0.0	-0.2571094411064163
526.400000	1787825249589108224	47.64164167726089	-122.13651736090111	216.97499999992334	-2.9387743593822635	0.0	-0.2571094411064163
526.500000	1787825249688108288	47.64163903444768	-122.13651770407125	216.97499999992334	-2.9387743593822635	0.0	-0.2571094411064163
526.600000	1787825249787108096	47.641636391634464	-122.1365180472414	216.97499999992334	-2.9387743593822635	0.0	-0.2571094411064163
526.700000	1787825249889108224	47.64163374882125	-122.13651839041154	216.97499999992334	-2.9387743593822635	0.0	-0.2571094411064163
526.800000	1787825249988108032	47.64163110600804	-122.1365187335817	216.97499999992334	-2.9387743593822635	0.0	-0.2571094411064163
526.900000	1787825250087108096	47.64162846319483	-122.13651907675184	216.97499999992334	-2.9387743593822635	0.0	-0.2571094411064163
527.000000	1787825250189108224	47.64162582038161	-122.13651941992198	216.97499999992334	-2.9387743593822635	0.0	-0.2571094411064163
527.100000	1787825250288108032	47.641623177568405	-122.13651976309212	216.97499999992334	-2.9387743593822635	0.0	-0.2571094411064163
527.200000	1787825250387108096	47.64162053475519	-122.13652010626227	216.97499999992334	-2.9387743593822635	0.0	-0.2571094411064163
527.300000	1787825250489108224	47.641617891941976	-122.13652044943241	216.97499999992334	-2.9387743593822635	0.0	-0.2571094411064163
527.400000	1787825250588108288	47.64161524912876	-122.13652079260257	216.97499999992334	-2.9387743593822635	0.0	-0.2571094411064163
527.500000	1787825250687108352	47.641612606315555	-122.13652113577271	216.97499999992334	-2.9387743593822635	0.0	-0.2571094411064163
527.600000	1787825250789108224	47.64160996350234	-122.13652147894285	216.97499999992334	-2.9387743593822635	0.0	-0.2571094411064163
527.700000	1787825250888108288	47.641607320689126	-122.136521822113	216.97499999992334	-2.9387743593822635	0.0	-0.2571094411064163
527.800000	1787825250987108352	47.64160467787591	-122.13652216528314	216.97499999992334	-2.9387743593822635	0.0	-0.2571094411064163
527.900000	1787825251089108224	47.641602035062704	-122.1365225084533	216.97499999992334	-2.9387743593822635	0.0	-0.2571094411064163
528.000000	1787825251188108288	47.64159939224949	-122.13652285162344	216.97499999992334	-2.9387743593822635	0.0	-0.2571094411064163
528.100000	1787825251287108096	47.641596749436275	-122.13652319479358	216.97499999992334	-2.9387743593822635	0.0	-0.2571094411064163
528.200000	1787825251389108224	47.64159410662307	-122.13652353796373	216.97499999992334	-2.9387743593822635	0.0	-0.2571094411064163
528.300000	1787825251488108032	47.64159146380985	-122.13652388113387	216.97499999992334	-2.9387743593822635	0.0	-0.2571094411064163
528.400000	1787825251587108096	47.64158882099664	-122.13652422430403	216.97499999992334	-2.9387743593822635	0.0	-0.2571094411064163
528.500000	1787825251689108224	47.641586178183424	-122.13652456747417	216.97499999992334	-2.9387743593822635	0.0	-0.2571094411064163
528.600000	1787825251788108032	47.641583535370216	-122.13652491064431	216.97499999992334	-2.9387743593822635	0.0	-0.2571094411064163
528.700000	1787825251887108096	47.641580892557	-122.13652525381445	216.97499999992334	-2.9387743593822635	0.0	-0.2571094411064163
528.800000	1787825251989108224	47.64157824974379	-122.1365255969846	216.97499999992334	-2.9387743593822635	0.0	-0.2571094411064163
528.900000	1787825252088108288	47.64157560693057	-122.13652594015475	216.97499999992334	-2.9387743593822635	0.0	-0.2571094411064163
529.000000	1787825252187108352	47.641572964117366	-122.1365262833249	216.97499999992334	-2.9387743593822635	0.0	-0.2571094411064163
529.100000	1787825252289108224	47.64157032130415	-122.13652662649504	216.97499999992334	-2.9387743593822635	0.0	-0.2571094411064163
529.200000	1787825252388108288	47.64156767849094	-122.13652696966518	216.97499999992334	-2.9387743593822635	0.0	-0.2571094411064163
529.300000	1787825252487108352	47.64156503567772	-122.13652731283497	216.97499999992334	-2.9387743593822635	0.0	-0.2571094411064163
529.400000	1787825252589108224	47.641562392864515	-122.1365276560041	216.97499999992334	-2.9387743593822635	0.0	-0.2571094411064163
529.500000	1787825252688108288	47.6415597500513	-122.13652799917323	216.97499999992334	-2.9387743593822635	0.0	-0.2571094411064163
529.600000	1787825252787108096	47.641557107238086	-122.13652834234236	216.97499999992334	-2.9387743593822635	0.0	-0.2571094411064163
529.700000	1787825252889108224	47.64155446442488	-122.1365286855115	216.97499999992334	-2.9387743593822635	0.0	-0.2571094411064163
529.800000	1787825252988108032	47.641551821611664	-122.13652902868061	216.97499999992334	-2.9387743593822635	0.0	-0.2571094411064163
529.900000	1787825253087108096	47.64154917879845	-122.13652937184975	216.97499999992334	-2.9387743593822635	0.0	-0.2571094411064163
530.000000	1787825253189108224	47.641546535985235	-122.13652971501887	216.97499999992334	-2.9387743593822635	0.0	-0.2571094411064163
530.100000	1787825253288108032	47.64154389317203	-122.136530058188	216.97499999992334	-2.9387743593822635	0.0	-0.2571094411064163
530.200000	1787825253387108096	47.64154125035881	-122.13653040135712	216.97499999992334	-2.9387743593822635	0.0	-0.2571094411064163
530.300000	1787825253489108224	47.6415386075456	-122.13653074452625	216.97499999992334	-2.9387743593822635	0.0	-0.2571094411064163
530.400000	1787825253588108288	47.641535964732384	-122.13653108769539	216.97499999992334	-2.9387743593822635	0.0	-0.2571094411064163
530.500000	1787825253687108352	47.64153332191918	-122.13653143086451	216.97499999992334	-2.9387743593822635	0.0	-0.2571094411064163
530.600000	1787825253789108224	47.64153067910596	-122.13653177403364	216.97499999992334	-2.9387743593822635	0.0	-0.2571094411064163
530.700000	1787825253888108288	47.64152803629275	-122.13653211720276	216.97499999992334	-2.9387743593822635	0.0	-0.2571094411064163
530.800000	1787825253987108352	47.64152539347954	-122.1365324603719	216.97499999992334	-2.9387743593822635	0.0	-0.2571094411064163
530.900000	1787825254089108224	47.641522750666326	-122.13653280354102	216.97499999992334	-2.9387743593822635	0.0	-0.2571094411064163
531.000000	1787825254188108288	47.64152010785311	-122.13653314671015	216.97499999992334	-2.9387743593822635	0.0	-0.2571094411064163
531.100000	1787825254287108096	47.6415174650399	-122.13653348987928	216.97499999992334	-2.9387743593822635	0.0	-0.2571094411064163
531.200000	1787825254389108224	47.64151482222669	-122.1365338330484	216.97499999992334	-2.9387743593822635	0.0	-0.2571094411064163
531.300000	1787825254488108032	47.641512179413475	-122.13653417621754	216.97499999992334	-2.9387743593822635	0.0	-0.2571094411064163
531.400000	1787825254587108096	47.64150953660026	-122.13653451938666	216.97499999992334	-2.9387743593822635	0.0	-0.2571094411064163
531.500000	1787825254689108224	47.641506893787046	-122.13653486255579	216.97499999992334	-2.9387743593822635	0.0	-0.2571094411064163
531.600000	1787825254788108032	47.64150425097384	-122.13653520572491	216.97499999992334	-2.9387743593822635	0.0	-0.2571094411064163
531.700000	1787825254887108096	47.641501608160624	-122.13653554889405	216.97499999992334	-2.9387743593822635	0.0	-0.2571094411064163
531.800000	1787825254989108224	47.64149896534741	-122.13653589206318	216.97499999992334	-2.9387743593822635	0.0	-0.2571094411064163
531.900000	1787825255088108288	47.641496322534195	-122.1365362352323	216.97499999992334	-2.9387743593822635	0.0	-0.2571094411064163
532.000000	1787825255187108352	47.64149367972099	-122.13653657840143	216.97499999992334	-2.9387743593822635	0.0	-0.2571094411064163
532.100000	1787825255289108224	47.64149103690777	-122.13653692157055	216.97499999992334	-2.9387743593822635	0.0	-0.2571094411064163
532.200000	1787825255388108288	47.64148839409456	-122.13653726473969	216.97499999992334	-2.9387743593822635	0.0	-0.2571094411064163
532.300000	1787825255487108352	47.64148575128135	-122.1365376079088	216.97499999992334	-2.9387743593822635	0.0	-0.2571094411064163
532.400000	1787825255589108224	47.64148310846814	-122.13653795107794	216.97499999992334	-2.9387743593822635	0.0	-0.2571094411064163
532.500000	1787825255688108288	47.64148046565492	-122.13653829424707	216.97499999992334	-2.9387743593822635	0.0	-0.2571094411064163
532.600000	1787825255787108096	47.64147782284171	-122.1365386374162	216.97499999992334	-2.9387743593822635	0.0	-0.2571094411064163
532.700000	1787825255889108224	47.6414751800285	-122.13653898058533	216.97499999992334	-2.9387743593822635	0.0	-0.2571094411064163
532.800000	1787825255988108032	47.641472537215286	-122.13653932375445	216.97499999992334	-2.9387743593822635	0.0	-0.2571094411064163
532.900000	1787825256087108096	47.64146989440207	-122.13653966692358	216.97499999992334	-2.9387743593822635	0.0	-0.2571094411064163
533.000000	1787825256189108224	47.64146725158886	-122.1365400100927	216.97499999992334	-2.938774359376105	0.0	-0.2571094411768096
533.100000	1787825256288108032	47.64146460877565	-122.13654035326229	216.97499999992334	-2.9387742126762264	0.0	-0.2571111179585791
533.200000	1787825256387108096	47.64146196596285	-122.13654069643928	216.97499999992334	-2.9387732480791473	0.0	-0.25712214304299835
533.300000	1787825256489108224	47.64145932315158	-122.13654103964225	216.97499999992334	-2.938770677055315	0.0	-0.25715152682520226
533.400000	1787825256588108288	47.64145668034364	-122.13654138290174	216.97499999992334	-2.9387657104556957	0.0	-0.25720827964612003
533.500000	1787825256687108352	47.64145403754154	-122.13654172626016	216.97499999992334	-2.9387575578107623	0.0	-0.25730141173108173
533.600000	1787825256789108224	47.64145139474849	-122.13654206977216	216.97499999992334	-2.93874542635323	0.0	-0.25743993310412727
533.700000	1787825256888108288	47.64144875196846	-122.13654241350434	216.97499999992334	-2.938728519764548	0.0	-0.2576328534778778
533.800000	1787825256987108352	47.64144610920607	-122.13654275753535	216.97499999992334	-2.938706036645185	0.0	-0.2578891821186677
533.900000	1787825257089108224	47.64144346646672	-122.1365431019558	216.97499999992334	-2.938677168708721	0.0	-0.2582179276866387
534.000000	1787825257188108288	47.641440823756476	-122.13654344686829	216.97499999992334	-2.938641098699806	0.0	-0.2586280980502313
534.100000	1787825257287108096	47.64143818108225	-122.13654379238763	216.97499999992334	-2.9385969980360422	0.0	-0.25912870007439703
534.200000	1787825257389108224	47.641435538451596	-122.13654413864042	216.97499999992334	-2.938544024173858	0.0	-0.2597287393816739
534.300000	1787825257488108032	47.64143289587291	-122.13654448576547	216.97499999992334	-2.9384813176984914	0.0	-0.260437220085037
534.400000	1787825257587108096	47.64143025335531	-122.13654483391349	216.97499999992334	-2.93840799913818	0.0	-0.2612631444912203
534.500000	1787825257689108224	47.64142761090874	-122.13654518324721	216.97499999992334	-2.9383231655027253	0.0	-0.26221551277285093
534.600000	1787825257788108032	47.641424968543994	-122.13654553394156	216.97499999992334	-2.9382258865465842	0.0	-0.2633033226076438
534.700000	1787825257887108096	47.64142232627269	-122.13654588618309	216.97499999992334	-2.938115200756716	0.0	-0.264535568782359
534.800000	1787825257989108224	47.641419684107326	-122.13654624017077	216.97499999992334	-2.9379901110654107	0.0	-0.26592124275909557
534.900000	1787825258088108288	47.64141704206134	-122.13654659611525	216.97499999992334	-2.9378495802883817	0.0	-0.2674693322010288
535.000000	1787825258187108352	47.641414400149046	-122.13654695423939	216.97499999992334	-2.9376925262884654	0.0	-0.26918882045430426
535.100000	1787825258289108224	47.641411758385836	-122.13654731477797	216.97499999992334	-2.93751781686528	0.0	-0.2710886859825119
535.200000	1787825258388108288	47.64140911678813	-122.13654767797772	216.97499999992334	-2.937324264371294	0.0	-0.2731779017496118
535.300000	1787825258487108352	47.64140647537345	-122.13654804409727	216.97499999992334	-2.9371106200547885	0.0	-0.2754654345468075
535.400000	1787825258589108224	47.64140383416044	-122.13654841340745	216.97499999992334	-2.9368755681302736	0.0	-0.2779602442583649
535.500000	1787825258688108288	47.6414011931689	-122.13654878619064	216.97499999992334	-2.936617719577002	0.0	-0.28067128306090194
535.600000	1787825258787108096	47.64139855242005	-122.1365491627416	216.97499999992334	-2.9363356056663057	0.0	-0.28360749455008183
535.700000	1787825258889108224	47.641395911936385	-122.1365495433667	216.97499999992334	-2.9360276712185596	0.0	-0.28677781278824327
535.800000	1787825258988108032	47.64139327174189	-122.1365499283845	216.97499999992334	-2.935692267590713	0.0	-0.29019116126577565
535.900000	1787825259087108096	47.641390631862016	-122.1365503181253	216.97499999992334	-2.93532764539543	0.0	-0.29385645176855224
536.000000	1787825259189108224	47.64138799232386	-122.13655071293134	216.97499999992334	-2.9349319469529886	0.0	-0.2977825831431775
536.100000	1787825259288108032	47.64138535315627	-122.13655111315664	216.97499999992334	-2.9345031984772922	0.0	-0.3019784399509775
536.200000	1787825259387108096	47.641382714389884	-122.1365515191672	216.97499999992334	-2.934039301997444	0.0	-0.30645289100127215
536.300000	1787825259489108224	47.64138007605733	-122.13655193134065	216.97499999992334	-2.9335380270165587	0.0	-0.31121478775353634
536.400000	1787825259588108288	47.64137743819325	-122.13655235006657	216.97499999992334	-2.932997001909665	0.0	-0.31627296257758125
536.500000	1787825259687108352	47.64137480083451	-122.13655277574631	216.97499999992334	-2.9324137050627646	0.0	-0.3216362268600255
536.600000	1787825259789108224	47.64137216402033	-122.1365532087929	216.97499999992334	-2.9317854557553815	0.0	-0.32731336894464513
536.700000	1787825259888108288	47.641369527792406	-122.13655364963127	216.97499999992334	-2.9311094047891775	0.0	-0.33331315189340716
536.800000	1787825259987108352	47.64136689219508	-122.13655409869783	216.97499999992334	-2.9303825248655055	0.0	-0.3396443110542943
536.900000	1787825260089108224	47.641364257275484	-122.13655455644069	216.97499999992334	-2.9296016007151198	0.0	-0.34631555142109105
537.000000	1787825260188108288	47.64136162308373	-122.13655502331954	216.97499999992334	-2.928763218983572	0.0	-0.3533355447696565
537.100000	1787825260287108096	47.64135898967311	-122.13655549980562	216.97499999992334	-2.927863757876271	0.0	-0.36071292655424353
537.200000	1787825260389108224	47.64135635710027	-122.13655598638161	216.97499999992334	-2.926899376567546	0.0	-0.36845629254661216
537.300000	1787825260488108032	47.641353725425375	-122.1365564835418	216.97499999992334	-2.925866004378568	0.0	-0.37657419519993685
537.400000	1787825260587108096	47.64135109471242	-122.1365569917918	216.97499999992334	-2.924759329729463	0.0	-0.3850751397184003
537.500000	1787825260689108224	47.64134846502937	-122.13655751164839	216.97499999992334	-2.9235747888715213	0.0	-0.393967579812763
537.600000	1787825260788108032	47.641345836448366	-122.13655804363982	216.97499999992334	-2.9223075544059873	0.0	-0.40325991312102993
537.700000	1787825260887108096	47.64134320904605	-122.13655858830533	216.97499999992334	-2.9209525235966103	0.0	-0.4129604762725846
537.800000	1787825260989108224	47.64134058290378	-122.13655914619541	216.97499999992334	-2.9195043064837782	0.0	-0.42307753957325167
537.900000	1787825261088108288	47.641337958107925	-122.13655971787128	216.97499999992334	-2.917957213808909	0.0	-0.4336193012876998
538.000000	1787825261187108352	47.64133533475002	-122.13656030390543	216.97499999992334	-2.9163052447585236	0.0	-0.4445938814947988
538.100000	1787825261289108224	47.641332712927245	-122.13656090488082	216.97499999992334	-2.914542074538385	0.0	-0.456009315490561
538.200000	1787825261388108288	47.64133009274255	-122.13656152139123	216.97499999992334	-2.9126610417890295	0.0	-0.4678735467122827
538.300000	1787825261487108352	47.64132747430507	-122.13656215404067	216.97499999992334	-2.910655135855047	0.0	-0.4801944191567852
538.400000	1787825261589108224	47.64132485773038	-122.13656280344402	216.97499999992334	-2.908516983921634	0.0	-0.492979669264449
538.500000	1787825261688108288	47.64132224314087	-122.13656347022622	216.97499999992334	-2.906238838033079	0.0	-0.5062369172401631
538.600000	1787825261787108096	47.64131963066605	-122.13656415502226	216.97499999992334	-2.9038125620092026	0.0	-0.5199736577810801
538.700000	1787825261889108224	47.64131702044294	-122.13656485847702	216.97499999992334	-2.90122961827714	0.0	-0.5341972501802725
538.800000	1787825261988108032	47.64131441261647	-122.13656558124514	216.97499999992334	-2.89848105463728	0.0	-0.5489149077748259
538.900000	1787825262087108096	47.64131180733971	-122.13656632399066	216.97499999992334	-2.8955574909838497	0.0	-0.5641336867055515
539.000000	1787825262189108224	47.64130920477442	-122.13656708738719	216.97499999992334	-2.892449106002239	0.0	-0.5798604739551869
539.100000	1787825262288108032	47.64130660509142	-122.13656787211723	216.97499999992334	-2.8891456238670163	0.0	-0.5961019746308118
539.200000	1787825262387108096	47.64130400847096	-122.13656867887218	216.97499999992334	-2.885636300966491	0.0	-0.6128646984556304
539.300000	1787825262489108224	47.64130141510314	-122.13656950835188	216.97499999992334	-2.8819099126816474	0.0	-0.6301549454348078
539.400000	1787825262588108288	47.64129882518838	-122.13657036126453	216.97499999992334	-2.8779547402495678	0.0	-0.6479787906588659
539.500000	1787825262687108352	47.64129623893792	-122.13657123832625	216.97499999992334	-2.8737585577435976	0.0	-0.6663420682083073
539.600000	1787825262789108224	47.64129365657419	-122.13657214026082	216.97499999992334	-2.86930861920504	0.0	-0.6852503541220184
539.700000	1787825262888108288	47.64129107833129	-122.13657306779906	216.97499999992334	-2.864591645963713	0.0	-0.7047089483918808
539.800000	1787825262987108352	47.64128850445554	-122.13657402167902	216.97499999992334	-2.85959381418733	0.0	-0.7247228559458069
539.900000	1787825263089108224	47.64128593520595	-122.13657500264506	216.97499999992334	-2.8543007427026255	0.0	-0.7452967665808898
540.000000	1787825263188108288	47.64128337085474	-122.13657601144743	216.97499999992334	-2.848697481134052	0.0	-0.7664350338086011
540.100000	1787825263287108096	47.64128081168773	-122.13657704884228	216.97499999992334	-2.8427684984090984	0.0	-0.788141652573676
540.200000	1787825263389108224	47.64127825800509	-122.13657811559058	216.97499999992334	-2.8364976716825905	0.0	-0.8104202358085156
540.300000	1787825263488108032	47.641275710121704	-122.13657921245782	216.97499999992334	-2.829868275735736	0.0	-0.8332739897855557
540.400000	1787825263587108096	47.64127316836778	-122.13658034021375	216.97499999992334	-2.822862972909431	0.0	-0.8567056882299859
540.500000	1787825263689108224	47.6412706330894	-122.13658149963128	216.97499999992334	-2.8154638036350224	0.0	-0.8807176451563213
540.600000	1787825263788108032	47.64126810464907	-122.13658269148611	216.97499999992334	-2.8076521776297945	0.0	-0.90531168639279
540.700000	1787825263887108096	47.64126558342631	-122.13658391655608	216.97499999992334	-2.7994088658285774	0.0	-0.9304891197585512
540.800000	1787825263989108224	47.641263069818194	-122.13658517562035	216.97499999992334	-2.79071399312706	0.0	-0.956250703860399
540.900000	1787825264088108288	47.64126056424002	-122.13658646945895	216.97499999992334	-2.7815470320170643	0.0	-0.982596615476436
541.000000	1787825264187108352	47.6412580671258	-122.13658779885158	216.97499999992334	-2.771886797222612	0.0	-1.009526415430351
541.100000	1787825264289108224	47.641255578928494	-122.13658916457527	216.97499999992334	-2.761713132929357	0.0	-1.0370345083333532
541.200000	1787825264388108288	47.64125310011655	-122.13659056738784	216.97499999992334	-2.7510119276091674	0.0	-1.065097823779946
541.300000	1787825264487108352	47.64125063116995	-122.1365920080122	216.97499999992334	-2.739770871069389	0.0	-1.093688975032832
541.400000	1787825264589108224	47.64124817257955	-122.13659348713445	216.97499999992334	-2.7279780888128733	0.0	-1.1227802754882847
541.500000	1787825264688108288	47.64124572484665	-122.13659500540344	216.97499999992334	-2.715622189453071	0.0	-1.1523437526271372
541.600000	1787825264787108096	47.64124328848259	-122.13659656343049	216.97499999992334	-2.7026923105906673	0.0	-1.182351163716924
541.700000	1787825264889108224	47.64124086400823	-122.13659816178918	216.97499999992334	-2.689178163086507	0.0	-1.2127740132635443
541.800000	1787825264988108032	47.64123845195339	-122.13659980101485	216.97499999992334	-2.67507007366493	0.0	-1.2435835722021231
541.900000	1787825265087108096	47.641236052856286	-122.13660148160427	216.97499999992334	-2.660359025781856	0.0	-1.2747508988071745
542.000000	1787825265189108224	47.64123366726294	-122.13660320401573	216.97499999992334	-2.6450366986919462	0.0	-1.3062468612944091
542.100000	1787825265288108032	47.641231295726556	-122.13660496866825	216.97499999992334	-2.6290955046502478	0.0	-1.3380421620773175
542.200000	1787825265387108096	47.64122893880682	-122.13660677594163	216.97499999992334	-2.6125286241848595	0.0	-1.370107363633759
542.300000	1787825265489108224	47.64122659706914	-122.13660862617662	216.97499999992334	-2.595330039378588	0.0	-1.4024129159301901
542.400000	1787825265588108288	47.641224271084006	-122.13661051967402	216.97499999992334	-2.577494565100087	0.0	-1.4349291853426767
542.500000	1787825265687108352	47.64122196142619	-122.13661245669533	216.97499999992334	-2.559017878127055	0.0	-1.4676264850072689
542.600000	1787825265789108224	47.64121966867394	-122.1366144374623	216.97499999992334	-2.5398965441074477	0.0	-1.5004751065245066
542.700000	1787825265888108288	47.64121739340815	-122.13661646215725	216.97499999992334	-2.5201280423079355	0.0	-1.533445352936275
542.800000	1787825265987108352	47.64121513621164	-122.13661853092256	216.97499999992334	-2.4997107881023517	0.0	-1.566507572887346
542.900000	1787825266089108224	47.64121289766816	-122.13662064386124	216.97499999992334	-2.4786441531576946	0.0	-1.5996321958768709
543.000000	1787825266188108288	47.64121067836162	-122.13662280103709	216.97499999992334	-2.4569284832792015	0.0	-1.6327897685005401
543.100000	1787825266287108096	47.64120847887516	-122.13662500247429	216.97499999992334	-2.4345651138814923	0.0	-1.6659509915780477
543.200000	1787825266389108224	47.64120629979026	-122.13662724815833	216.97499999992334	-2.411556383057919	0.0	-1.699086758056013
543.300000	1787825266488108032	47.641204141685876	-122.13662953803593	216.97499999992334	-2.3879056422256113	0.0	-1.732168191572566
543.400000	1787825266587108096	47.64120200513746	-122.13663187201547	216.97499999992334	-2.3636172643301756	0.0	-1.76516668556514
543.500000	1787825266689108224	47.64119989071609	-122.1366342499673	216.97499999992334	-2.338696649599574	0.0	-1.7980539428004974
543.600000	1787825266788108032	47.64119779898752	-122.1366366717243	216.97499999992334	-2.313150228843668	0.0	-1.8308020152024012
543.700000	1787825266887108096	47.641195730511264	-122.13663913708224	216.97499999992334	-2.286985464302368	0.0	-1.8633833438502037
543.800000	1787825266989108224	47.6411936858396	-122.1366416458004	216.97499999992334	-2.260210848051737	0.0	-1.8957707990202648
543.900000	1787825267088108288	47.641191665516814	-122.13664419760214	216.97499999992334	-2.232835897985075	0.0	-1.9279377201398054
544.000000	1787825267187108352	47.64118967007812	-122.13664679217563	216.97499999992334	-2.2048711513922656	0.0	-1.959857955523009
544.100000	1787825267289108224	47.64118770004875	-122.1366494291744	216.97499999992334	-2.176328156168417	0.0	-1.9915059017580798
544.200000	1787825267388108288	47.64118575594317	-122.1366521082184	216.97499999992334	-2.1472194596897274	0.0	-2.0228565426145377
544.300000	1787825267487108352	47.641183838264126	-122.13665482889434	216.97499999992334	-2.117558595401295	0.0	-2.053885487341195
544.400000	1787825267589108224	47.6411819475017	-122.13665759075694	216.97499999992334	-2.087360067169439	0.0	-2.0845690082257007
544.500000	1787825267688108288	47.64118008413256	-122.13666039332979	216.97499999992334	-2.0566393314572196	0.0	-2.114884077289317
544.600000	1787825267787108096	47.64117824861899	-122.13666323610606	216.97499999992334	-2.0254127773895583	0.0	-2.144808401992076
544.700000	1787825267889108224	47.64117644140817	-122.13666611854987	216.97499999992334	-1.993697704780761	0.0	-2.1743204598266126
544.800000	1787825267988108032	47.6411746629313	-122.13666904009689	216.97499999992334	-1.9615123002034176	0.0	-2.203399531682664
544.900000	1787825268087108096	47.64117291360284	-122.13667200015611	216.97499999992334	-1.9288756111848957	0.0	-2.2320257338670584
545.000000	1787825268189108224	47.64117119381976	-122.13667499810998	216.97499999992334	-1.8958075186227183	0.0	-2.2601800486691888
545.100000	1787825268288108032	47.64116950396079	-122.13667803331651	216.97499999992334	-1.862328707516761	0.0	-2.2878443533657693
545.200000	1787825268387108096	47.64116784438568	-122.13668110511033	216.97499999992334	-1.828460636121393	0.0	-2.315001447563961
545.300000	1787825268489108224	47.64116621543456	-122.1366842128033	216.97499999992334	-1.7942255036253838	0.0	-2.341635078787667
545.400000	1787825268588108288	47.64116461742726	-122.13668735568653	216.97499999992334	-1.7596462164730549	0.0	-2.3677299662167446
545.500000	1787825268687108352	47.64116305066275	-122.13669053303124	216.97499999992334	-1.7247463534435865	0.0	-2.393271822495668
545.600000	1787825268789108224	47.64116151541845	-122.1366937440904	216.97499999992334	-1.6895501296100892	0.0	-2.4182473735338195
545.700000	1787825268888108288	47.6411600119498	-122.13669698809981	216.97499999992334	-1.6540823593033405	0.0	-2.442644376226343
545.800000	1787825268987108352	47.6411585404896	-122.13670026427978	216.97499999992334	-1.6183684182076685	0.0	-2.466451634031508
545.900000	1787825269089108224	47.64115710124763	-122.13670357183625	216.97499999992334	-1.5824342047198534	0.0	-2.4896590103468648
546.000000	1787825269188108288	47.64115569441013	-122.13670690996226	216.97499999992334	-1.5463061007031722	0.0	-2.5122574396340904
546.100000	1787825269287108096	47.64115432013948	-122.13671027783967	216.97499999992334	-1.51001093177102	0.0	-2.534238936249047
546.200000	1787825269389108224	47.64115297857367	-122.13671367464042	216.97499999992334	-1.4735759272353166	0.0	-2.5555966009410134
546.300000	1787825269488108032	47.64115166982608	-122.1367170995277	216.97499999992334	-1.437028679854992	0.0	-2.5763246249925307
546.400000	1787825269587108096	47.64115039398512	-122.13672055165796	216.97499999992334	-1.4003971055208906	0.0	-2.5964182919778924
546.500000	1787825269689108224	47.64114915111398	-122.13672403018208	216.97499999992334	-1.3637094030118622	0.0	-2.6158739771261375
546.600000	1787825269788108032	47.6411479412503	-122.13672753424652	216.97499999992334	-1.3269940139566165	0.0	-2.63468914428097
546.700000	1787825269887108096	47.64114676440618	-122.1367310629953	216.97499999992334	-1.2902795831342357	0.0	-2.65286234045712
546.800000	1787825269989108224	47.6411456205678	-122.13673461557144	216.97499999992334	-1.2535949192435218	0.0	-2.6703931879997582
546.900000	1787825270088108288	47.64114450969539	-122.13673819111771	216.97499999992334	-1.21696895626999	0.0	-2.687282374359609
547.000000	1787825270187108352	47.64114343172308	-122.13674178877878	216.97499999992334	-1.1804307155750644	0.0	-2.7035316395033413
547.100000	1787825270289108224	47.64114238655897	-122.13674540770226	216.97499999992334	-1.1440092688296437	0.0	-2.7191437609844296
547.200000	1787825270388108288	47.64114137408489	-122.13674904704023	216.97499999992334	-1.1077337019095244	0.0	-2.7341225367057906
547.300000	1787825270487108352	47.641140394156636	-122.13675270595041	216.97499999992334	-1.071633079865785	0.0	-2.7484727654110124
547.400000	1787825270589108224	47.6411394466038	-122.13675638359767	216.97499999992334	-1.0357364130789126	0.0	-2.7622002249458877
547.500000	1787825270688108288	47.641138531229984	-122.1367600791551	216.97499999992334	-1.0000726246993439	0.0	-2.7753116483371105
547.600000	1787825270787108096	47.64113764781275	-122.13676379180556	216.97499999992334	-0.9646705194724212	0.0	-2.7878146977389826
547.700000	1787825270889108224	47.64113679610392	-122.1367675207425	216.97499999992334	-0.9295587540391457	0.0	-2.799717936303205
547.800000	1787825270988108032	47.64113597582952	-122.13677126517179	216.97499999992334	-0.8947658087976005	0.0	-2.811030798030406
547.900000	1787825271087108096	47.64113518669017	-122.13677502431209	216.97499999992334	-0.8603199614038619	0.0	-2.8217635556649214
548.000000	1787825271189108224	47.64113442836107	-122.13677879739643	216.97499999992334	-0.8262492619834573	0.0	-2.831927286697255
548.100000	1787825271288108032	47.64113370049233	-122.13678258367311	216.97499999992334	-0.7925815101180221	0.0	-2.841533837540514
548.200000	1787825271387108096	47.641133002709154	-122.13678638240687	216.97499999992334	-0.7593442336635884	0.0	-2.8505957859490603
548.300000	1787825271489108224	47.641132334612216	-122.13679019287956	216.97499999992334	-0.7265646694493173	0.0	-2.859126401748738
548.400000	1787825271588108288	47.64113169577773	-122.13679401439133	216.97499999992334	-0.694269745898064	0.0	-2.86713960594864
548.500000	1787825271687108352	47.64113108575787	-122.13679784626102	216.97499999992334	-0.6624860676010248	0.0	-2.8746499283048736
548.600000	1787825271789108224	47.641130504081055	-122.13680168782747	216.97499999992334	-0.6312399018715534	0.0	-2.8816724634062556
548.700000	1787825271888108288	47.641129950252214	-122.13680553845022	216.97499999992334	-0.6005571672940633	0.0	-2.8882228253513293
548.800000	1787825271987108352	47.641129423753135	-122.13680939750952	216.97499999992334	-0.5704634242752318	0.0	-2.8943171010849627
548.900000	1787825272089108224	47.641128924042796	-122.1368132644077	216.97499999992334	-0.540983867596877	0.0	-2.8999718024609495
549.000000	1787825272188108288	47.64112845055768	-122.13681713856926	216.97499999992334	-0.5121433209601006	0.0	-2.9052038170952215
549.100000	1787825272287108096	47.641128002713145	-122.13682101944177	216.97499999992334	-0.48396171520122694	0.0	-2.9100311095052183
549.200000	1787825272389108224	47.6411275799148	-122.13682490649872	216.97499999992334	-0.45644070846293955	0.0	-2.9144745460762795
549.300000	1787825272488108032	47.64112718157001	-122.13682879924183	216.97499999992334	-0.42957704167723043	0.0	-2.9185550475076747
549.400000	1787825272587108096	47.64112680708929	-122.13683269720026	216.97499999992334	-0.40336696430406804	0.0	-2.9222927800233855
549.500000	1787825272689108224	47.641126455886734	-122.13683659992955	216.97499999992334	-0.37780626689738245	0.0	-2.925707166611476
549.600000	1787825272788108032	47.6411261273804	-122.1368405070106	216.97499999992334	-0.3528903120813349	0.0	-2.928816898972659
549.700000	1787825272887108096	47.64112582099276	-122.13684441804901	216.97499999992334	-0.3286140639815754	0.0	-2.9316399500999775
549.800000	1787825272989108224	47.64112553615088	-122.13684833267364	216.97499999992334	-0.3049721161567547	0.0	-2.934193587416406
549.900000	1787825273088108288	47.64112527228693	-122.1368522505361	216.97499999992334	-0.28195871807700557	0.0	-2.9364943864017614
550.000000	1787825273187108352	47.641125028838346	-122.13685617130959	216.97499999992334	-0.2595678001957627	0.0	-2.9385582446448493
550.100000	1787825273289108224	47.641124805248204	-122.13686009468813	216.97499999992334	-0.2377929976622499	0.0	-2.940400396260939
550.200000	1787825273388108288	47.64112460096539	-122.13686402038563	216.97499999992334	-0.21662767272165415	0.0	-2.9420354266187694
550.300000	1787825273487108352	47.6411244154449	-122.13686794813492	216.97499999992334	-0.19606493585011936	0.0	-2.9434772873251074
550.400000	1787825273589108224	47.641124248147996	-122.13687187768723	216.97499999992334	-0.17609766567152751	0.0	-2.944739311418538
550.500000	1787825273688108288	47.641124098542456	-122.13687580881106	216.97499999992334	-0.15671852770243913	0.0	-2.945834228727656
550.600000	1787825273787108096	47.641123966102796	-122.13687974129157	216.97499999992334	-0.13791999197163327	0.0	-2.9467741813520814
550.700000	1787825273889108224	47.641123850310294	-122.1368836749297	216.97499999992334	-0.11969434955980184	0.0	-2.9475707392278374
550.800000	1787825273988108032	47.64112375065328	-122.13688760954142	216.97499999992334	-0.10203372810415459	0.0	-2.9482349157415957
550.900000	1787825274087108096	47.641123666627216	-122.13689154495708	216.97499999992334	-0.08493010631260133	0.0	-2.948777183360997
551.000000	1787825274189108224	47.641123597734904	-122.13689548102067	216.97499999992334	-0.06837532753054283	0.0	-2.9492074892509303
551.100000	1787825274288108032	47.64112354348647	-122.13689941758923	216.97499999992334	-0.0523611124032644	0.0	-2.9495352708480325
551.200000	1787825274387108096	47.64112350339957	-122.13690335453178	216.97499999992334	-0.03687907067562403	0.0	-2.949769471368023
551.300000	1787825274489108224	47.64112347699942	-122.13690729172924	216.97499999992334	-0.021920712169600336	0.0	-2.9499185552226117
551.400000	1787825274588108288	47.641123463818914	-122.13691122907338	216.97499999992334	-0.007477456979780606	0.0	-2.9499905233247445
551.500000	1787825274687108352	47.64112346339874	-122.1369151664663	216.97499999992334	0.006459355074704923	0.0	-2.9499929282628297
551.600000	1787825274789108224	47.641123475287365	-122.13691910381993	216.97499999992334	0.019898455703816174	0.0	-2.949932889326347
551.700000	1787825274888108288	47.64112349904113	-122.13692304105557	216.97499999992334	0.032848640069229745	0.0	-2.9498171073668766
551.800000	1787825274987108352	47.64112353422438	-122.13692697810292	216.97499999992334	0.045318759340554036	0.0	-2.9496518794801054
551.900000	1787825275089108224	47.641123580409364	-122.13693091490018	216.97499999992334	0.0573177138503858	0.0	-2.9494431134957746
552.000000	1787825275188108288	47.64112363717637	-122.13693485139284	216.97499999992334	0.0688544468150294	0.0	-2.9491963422638516
552.100000	1787825275287108096	47.6411237041138	-122.13693878753362	216.97499999992334	0.07993793858857942	0.0	-2.9489167377263965
552.200000	1787825275389108224	47.64112378081811	-122.13694272328196	216.97499999992334	0.09057720141910858	0.0	-2.948609124765737
552.300000	1787825275488108032	47.64112386689385	-122.13694665860369	216.97499999992334	0.10078127467711588	0.0	-2.94827799482056
552.400000	1787825275587108096	47.64112396195372	-122.13695059347002	216.97499999992334	0.11055922052706954	0.0	-2.947927519262496
552.500000	1787825275689108224	47.64112406561864	-122.13695452785794	216.97499999992334	0.11992012001441606	0.0	-2.9475615625266274
552.600000	1787825275788108032	47.64112417751758	-122.13695846174893	216.97499999992334	0.1288730695412171	0.0	-2.9471836949901355
552.700000	1787825275887108096	47.64112429728783	-122.13696239512956	216.97499999992334	0.1374271777045605	0.0	-2.94679720559404
552.800000	1787825275989108224	47.641124424574784	-122.13696632799025	216.97499999992334	0.14559156247347232	0.0	-2.946405114203615
552.900000	1787825276088108288	47.641124559032065	-122.13697026032544	216.97499999992334	0.1533753486803553	0.0	-2.9460101837036925
553.000000	1787825276187108352	47.64112470032151	-122.13697419213311	216.97499999992334	0.16078766580472845	0.0	-2.945614931825569
553.100000	1787825276289108224	47.64112484811319	-122.13697812341424	216.97499999992334	0.1678376460275497	0.0	-2.9452216427027382
553.200000	1787825276388108288	47.64112500208535	-122.13698205417298	216.97499999992334	0.17453442253549326	0.0	-2.9448323781531074
553.300000	1787825276487108352	47.64112516192447	-122.13698598441582	216.97499999992334	0.180887128055834	0.0	-2.944448988685727
553.400000	1787825276589108224	47.64112532732523	-122.13698991415184	216.97499999992334	0.18690489360308282	0.0	-2.9440731242304268
553.500000	1787825276688108288	47.64112549799054	-122.13699384339212	216.97499999992334	0.19259684741979288	0.0	-2.943706244589063
553.600000	1787825276787108096	47.64112567363151	-122.13699777214936	216.97499999992334	0.1979721140946836	0.0	-2.943349629607323
553.700000	1787825276889108224	47.64112585396741	-122.13700170043809	216.97499999992334	0.2030398138421098	0.0	-2.943004389066324
553.800000	1787825276988108032	47.64112603872578	-122.13700562827418	216.97499999992334	0.20780906192799517	0.0	-2.94267147229338
553.900000	1787825277087108096	47.64112622764228	-122.13700955567462	216.97499999992334	0.212288968227789	0.0	-2.9423516774915712
554.000000	1787825277189108224	47.64112642046084	-122.13701348265742	216.97499999992334	0.21648863690322917	0.0	-2.9420456607878247
554.100000	1787825277288108032	47.64112661693352	-122.13701740924128	216.97499999992334	0.2204171661851597	0.0	-2.9417539449994097
554.200000	1787825277387108096	47.64112681682058	-122.13702133544561	216.97499999992334	0.22408364825068772	0.0	-2.941476928118823
554.300000	1787825277489108224	47.64112701989044	-122.13702526129015	216.97499999992334	0.2274971691833902	0.0	-2.9412148915171485
554.400000	1787825277588108288	47.64112722591973	-122.13702918679506	216.97499999992334	0.2306668090064576	0.0	-2.9409680078660263
554.500000	1787825277687108352	47.6411274346932	-122.13703311198064	216.97499999992334	0.2336016417787901	0.0	-2.9407363487784717
554.600000	1787825277789108224	47.64112764600375	-122.13703703686718	216.97499999992334	0.23631073574519704	0.0	-2.9405198921687723
554.700000	1787825277888108288	47.64112785965248	-122.13704096147487	216.97499999992334	0.2388031535323486	0.0	-2.940318529331761
554.800000	1787825277987108352	47.64112807544857	-122.13704488582377	216.97499999992334	0.24108795238258504	0.0	-2.940132071741788
554.900000	1787825278089108224	47.64112829320938	-122.13704880993369	216.97499999992334	0.2431741844185998	0.0	-2.939960257571696
555.000000	1787825278188108288	47.64112851276043	-122.1370527338238	216.97499999992334	0.2450708969322863	0.0	-2.9398027579321524
555.100000	1787825278287108096	47.641128733935375	-122.13705665751317	216.97499999992334	0.24678713269167857	0.0	-2.9396591828316603
555.200000	1787825278389108224	47.641128956575926	-122.13706058101995	216.97499999992334	0.24833193026074976	0.0	-2.9395290868575623
555.300000	1787825278488108032	47.641129180532005	-122.1370645043618	216.97499999992334	0.2497143243266737	0.0	-2.9394119745783778
555.400000	1787825278587108096	47.64112940566163	-122.13706842755573	216.97499999992334	0.2509433460303511	0.0	-2.939307305667745
555.500000	1787825278689108224	47.64112963183091	-122.13707235061793	216.97499999992334	0.25202802329593366	0.0	-2.93921449975027
555.600000	1787825278788108032	47.641129858914134	-122.13707627356386	216.97499999992334	0.2529773811557545	0.0	-2.9391329409695404
555.700000	1787825278887108096	47.64113008679363	-122.13708019640815	216.97499999992334	0.2538004420674347	0.0	-2.9390619822785395
555.800000	1787825278989108224	47.64113031535989	-122.13708411916434	216.97499999992334	0.25450622622030267	0.0	-2.939000949452685
555.900000	1787825279088108288	47.6411305445115	-122.13708804184542	216.97499999992334	0.25510375182853884	0.0	-2.938949144825696
556.000000	1787825279187108352	47.64113077415516	-122.1370919644631	216.97499999992334	0.25560203540906523	0.0	-2.9389058507484425
556.100000	1787825279289108224	47.64113100420564	-122.13709588702828	216.97499999992334	0.2560100920420373	0.0	-2.9388703327709633
556.200000	1787825279388108288	47.64113123458591	-122.13709980955095	216.97499999992334	0.2563369356126233	0.0	-2.938841842547743
556.300000	1787825279487108352	47.64113146522698	-122.1371037320398	216.97499999992334	0.2565915790326066	0.0	-2.938819620466394
556.400000	1787825279589108224	47.64113169606796	-122.13710765450278	216.97499999992334	0.2567830344407336	0.0	-2.938802897999812
556.500000	1787825279688108288	47.64113192705607	-122.13711157694662	216.97499999992334	0.2569203133810425	0.0	-2.9387908997818935
556.600000	1787825279787108096	47.641132158146654	-122.13711549937726	216.97499999992334	0.25701242695836063	0.0	-2.938782845406863
556.700000	1787825279889108224	47.64113238930314	-122.13711942179938	216.97499999992334	0.2570683859705629	0.0	-2.938777950952262
556.800000	1787825279988108032	47.641132620497075	-122.1371233442166	216.97499999992334	0.25709720101718136	0.0	-2.9387754302256264
556.900000	1787825280087108096	47.64113285170808	-122.13712726663165	216.97499999992334	0.25710788258409134	0.0	-2.938774495734882
557.000000	1787825280189108224	47.641133082923915	-122.13713118904639	216.97499999992334	0.25710944110425105	0.0	-2.9387743593824527
557.100000	1787825280288108032	47.64113331414006	-122.13713511146112	216.97499999992334	0.25710944110425105	0.0	-2.9387743593824527
557.200000	1787825280387108096	47.64113354535621	-122.13713903387585	216.97499999992334	0.25710944110425105	0.0	-2.9387743593824527
557.300000	1787825280489108224	47.64113377657236	-122.13714295629059	216.97499999992334	0.25710944110425105	0.0	-2.9387743593824527
557.400000	1787825280588108288	47.6411340077885	-122.13714687870532	216.97499999992334	0.25710944110425105	0.0	-2.9387743593824527
557.500000	1787825280687108352	47.64113423900465	-122.13715080112006	216.97499999992334	0.25710944110425105	0.0	-2.9387743593824527
557.600000	1787825280789108224	47.6411344702208	-122.13715472353479	216.97499999992334	0.25710944110425105	0.0	-2.9387743593824527
557.700000	1787825280888108288	47.64113470143695	-122.13715864594953	216.97499999992334	0.25710944110425105	0.0	-2.9387743593824527
557.800000	1787825280987108352	47.641134932653095	-122.13716256836426	216.97499999992334	0.25710944110425105	0.0	-2.9387743593824527
557.900000	1787825281089108224	47.641135163869244	-122.137166490779	216.97499999992334	0.25710944110425105	0.0	-2.9387743593824527
558.000000	1787825281188108288	47.64113539508539	-122.13717041319374	216.97499999992334	0.25710944110425105	0.0	-2.9387743593824527
558.100000	1787825281287108096	47.64113562630154	-122.13717433560848	216.97499999992334	0.25710944110425105	0.0	-2.9387743593824527
558.200000	1787825281389108224	47.64113585751768	-122.13717825802321	216.97499999992334	0.25710944110425105	0.0	-2.9387743593824527
558.300000	1787825281488108032	47.64113608873383	-122.13718218043795	216.97499999992334	0.25710944110425105	0.0	-2.9387743593824527
558.400000	1787825281587108096	47.64113631994998	-122.13718610285268	216.97499999992334	0.25710944110425105	0.0	-2.9387743593824527
558.500000	1787825281689108224	47.64113655116613	-122.13719002526742	216.97499999992334	0.25710944110425105	0.0	-2.9387743593824527
558.600000	1787825281788108032	47.641136782382276	-122.13719394768215	216.97499999992334	0.25710944110425105	0.0	-2.9387743593824527
558.700000	1787825281887108096	47.641137013598424	-122.13719787009688	216.97499999992334	0.25710944110425105	0.0	-2.9387743593824527
558.800000	1787825281989108224	47.64113724481457	-122.13720179251162	216.97499999992334	0.25710944110425105	0.0	-2.9387743593824527
558.900000	1787825282088108288	47.64113747603072	-122.13720571492635	216.97499999992334	0.25710944110425105	0.0	-2.9387743593824527
559.000000	1787825282187108352	47.64113770724686	-122.13720963734109	216.97499999992334	0.25710944110425105	0.0	-2.9387743593824527
559.100000	1787825282289108224	47.64113793846301	-122.13721355975582	216.97499999992334	0.25710944110425105	0.0	-2.9387743593824527
559.200000	1787825282388108288	47.64113816967916	-122.13721748217056	216.97499999992334	0.25710944110425105	0.0	-2.9387743593824527
559.300000	1787825282487108352	47.64113840089531	-122.13722140458529	216.97499999992334	0.25710944110425105	0.0	-2.9387743593824527
559.400000	1787825282589108224	47.641138632111456	-122.13722532700004	216.97499999992334	0.25710944110425105	0.0	-2.9387743593824527
559.500000	1787825282688108288	47.641138863327605	-122.13722924941477	216.97499999992334	0.25710944110425105	0.0	-2.9387743593824527
559.600000	1787825282787108096	47.64113909454375	-122.13723317182951	216.97499999992334	0.25710944110425105	0.0	-2.9387743593824527
559.700000	1787825282889108224	47.6411393257599	-122.13723709424424	216.97499999992334	0.25710944110425105	0.0	-2.9387743593824527
559.800000	1787825282988108032	47.64113955697604	-122.13724101665898	216.97499999992334	0.25710944110425105	0.0	-2.9387743593824527
559.900000	1787825283087108096	47.64113978819219	-122.13724493907371	216.97499999992334	0.25710944110425105	0.0	-2.9387743593824527
560.000000	1787825283189108224	47.64114001940834	-122.13724886148844	216.97499999992334	0.25710944110425105	0.0	-2.9387743593824527
560.100000	1787825283288108032	47.64114025062449	-122.13725278390318	216.97499999992334	0.25710944110425105	0.0	-2.9387743593824527
560.200000	1787825283387108096	47.64114048184064	-122.13725670631791	216.97499999992334	0.25710944110425105	0.0	-2.9387743593824527
560.300000	1787825283489108224	47.641140713056785	-122.13726062873265	216.97499999992334	0.25710944110425105	0.0	-2.9387743593824527
560.400000	1787825283588108288	47.641140944272934	-122.13726455114738	216.97499999992334	0.25710944110425105	0.0	-2.9387743593824527
560.500000	1787825283687108352	47.64114117548908	-122.13726847356212	216.97499999992334	0.25710944110425105	0.0	-2.9387743593824527
560.600000	1787825283789108224	47.64114140670522	-122.13727239597685	216.97499999992334	0.25710944110425105	0.0	-2.9387743593824527
560.700000	1787825283888108288	47.64114163792137	-122.13727631839159	216.97499999992334	0.25710944110425105	0.0	-2.9387743593824527
560.800000	1787825283987108352	47.64114186913752	-122.13728024080633	216.97499999992334	0.25710944110425105	0.0	-2.9387743593824527
560.900000	1787825284089108224	47.64114210035367	-122.13728416322107	216.97499999992334	0.25710944110425105	0.0	-2.9387743593824527
561.000000	1787825284188108288	47.64114233156982	-122.1372880856358	216.97499999992334	0.25710944110425105	0.0	-2.9387743593824527
561.100000	1787825284287108096	47.641142562785966	-122.13729200805054	216.97499999992334	0.25710944110425105	0.0	-2.9387743593824527
561.200000	1787825284389108224	47.641142794002114	-122.13729593046527	216.97499999992334	0.25710944110425105	0.0	-2.9387743593824527
561.300000	1787825284488108032	47.64114302521826	-122.13729985288	216.97499999992334	0.25710944110425105	0.0	-2.9387743593824527
561.400000	1787825284587108096	47.641143256434404	-122.13730377529474	216.97499999992334	0.25710944110425105	0.0	-2.9387743593824527
561.500000	1787825284689108224	47.64114348765055	-122.13730769770947	216.97499999992334	0.25710944110425105	0.0	-2.9387743593824527
561.600000	1787825284788108032	47.6411437188667	-122.13731162012421	216.97499999992334	0.25710944110425105	0.0	-2.9387743593824527
561.700000	1787825284887108096	47.64114395008285	-122.13731554253894	216.97499999992334	0.25710944110425105	0.0	-2.9387743593824527
561.800000	1787825284989108224	47.641144181299	-122.13731946495368	216.97499999992334	0.25710944110425105	0.0	-2.9387743593824527
561.900000	1787825285088108288	47.641144412515146	-122.13732338736854	216.97499999992334	0.25710944110425105	0.0	-2.9387743593824527
562.000000	1787825285187108352	47.641144643731295	-122.1373273097843	216.97499999992334	0.25710944110425105	0.0	-2.9387743593824527
562.100000	1787825285289108224	47.64114487494744	-122.13733123220005	216.97499999992334	0.25710944110425105	0.0	-2.9387743593824527
562.200000	1787825285388108288	47.641145106163584	-122.1373351546158	216.97499999992334	0.25710944110425105	0.0	-2.9387743593824527
562.300000	1787825285487108352	47.64114533737973	-122.13733907703156	216.97499999992334	0.25710944110425105	0.0	-2.9387743593824527
562.400000	1787825285589108224	47.64114556859588	-122.13734299944731	216.97499999992334	0.25710944110425105	0.0	-2.9387743593824527
562.500000	1787825285688108288	47.64114579981203	-122.13734692186306	216.97499999992334	0.25710944110425105	0.0	-2.9387743593824527
562.600000	1787825285787108096	47.64114603102818	-122.13735084427881	216.97499999992334	0.25710944110425105	0.0	-2.9387743593824527
562.700000	1787825285889108224	47.64114626224433	-122.13735476669457	216.97499999992334	0.25710944110425105	0.0	-2.9387743593824527
562.800000	1787825285988108032	47.641146493460475	-122.13735868911033	216.97499999992334	0.25710944110425105	0.0	-2.9387743593824527
562.900000	1787825286087108096	47.641146724676624	-122.13736261152607	216.97499999992334	0.25710944110425105	0.0	-2.9387743593824527
563.000000	1787825286189108224	47.641146955892765	-122.13736653394183	216.97499999992334	0.25710944110425105	0.0	-2.9387743593824527
563.100000	1787825286288108032	47.64114718710891	-122.13737045635759	216.97499999992334	0.25710944110425105	0.0	-2.9387743593824527
563.200000	1787825286387108096	47.64114741832506	-122.13737437877333	216.97499999992334	0.25710944110425105	0.0	-2.9387743593824527
563.300000	1787825286489108224	47.64114764954121	-122.13737830118909	216.97499999992334	0.25710944110425105	0.0	-2.9387743593824527
563.400000	1787825286588108288	47.64114788075736	-122.13738222360485	216.97499999992334	0.25710944110425105	0.0	-2.9387743593824527
563.500000	1787825286687108352	47.64114811197351	-122.13738614602059	216.97499999992334	0.25710944110425105	0.0	-2.9387743593824527
563.600000	1787825286789108224	47.641148343189656	-122.13739006843635	216.97499999992334	0.25710944110425105	0.0	-2.9387743593824527
563.700000	1787825286888108288	47.641148574405804	-122.1373939908521	216.97499999992334	0.25710944110425105	0.0	-2.9387743593824527
563.800000	1787825286987108352	47.641148805621945	-122.13739791326785	216.97499999992334	0.25710944110425105	0.0	-2.9387743593824527
563.900000	1787825287089108224	47.641149036838094	-122.1374018356836	216.97499999992334	0.25710944110425105	0.0	-2.9387743593824527
564.000000	1787825287188108288	47.64114926805424	-122.13740575809936	216.97499999992334	0.25710944110425105	0.0	-2.9387743593824527
564.100000	1787825287287108096	47.64114949927039	-122.13740968051512	216.97499999992334	0.25710944110425105	0.0	-2.9387743593824527
564.200000	1787825287389108224	47.64114973048654	-122.13741360293086	216.97499999992334	0.25710944110425105	0.0	-2.9387743593824527
564.300000	1787825287488108032	47.64114996170269	-122.13741752534662	216.97499999992334	0.25710944110425105	0.0	-2.9387743593824527
564.400000	1787825287587108096	47.641150192918836	-122.13742144776238	216.97499999992334	0.25710944110425105	0.0	-2.9387743593824527
564.500000	1787825287689108224	47.641150424134985	-122.13742537017812	216.97499999992334	0.25710944110425105	0.0	-2.9387743593824527
564.600000	1787825287788108032	47.641150655351126	-122.13742929259388	216.97499999992334	0.25710944110425105	0.0	-2.9387743593824527
564.700000	1787825287887108096	47.641150886567274	-122.13743321500964	216.97499999992334	0.25710944110425105	0.0	-2.9387743593824527
564.800000	1787825287989108224	47.64115111778342	-122.13743713742538	216.97499999992334	0.25710944110425105	0.0	-2.9387743593824527
564.900000	1787825288088108288	47.64115134899957	-122.13744105984114	216.97499999992334	0.25710944110425105	0.0	-2.9387743593824527
565.000000	1787825288187108352	47.64115158021572	-122.1374449822569	216.97499999992334	0.25710944110425105	0.0	-2.9387743593824527
565.100000	1787825288289108224	47.64115181143187	-122.13744890467264	216.97499999992334	0.25710944110425105	0.0	-2.9387743593824527
565.200000	1787825288388108288	47.64115204264802	-122.1374528270884	216.97499999992334	0.25710944110425105	0.0	-2.9387743593824527
565.300000	1787825288487108352	47.641152273864165	-122.13745674950415	216.97499999992334	0.25710944110425105	0.0	-2.9387743593824527
565.400000	1787825288589108224	47.641152505080306	-122.1374606719199	216.97499999992334	0.25710944110425105	0.0	-2.9387743593824527
565.500000	1787825288688108288	47.641152736296455	-122.13746459433565	216.97499999992334	0.25710944110425105	0.0	-2.9387743593824527
565.600000	1787825288787108096	47.6411529675126	-122.13746851675141	216.97499999992334	0.25710944110425105	0.0	-2.9387743593824527
565.700000	1787825288889108224	47.64115319872875	-122.13747243916717	216.97499999992334	0.25710944110425105	0.0	-2.9387743593824527
565.800000	1787825288988108032	47.6411534299449	-122.13747636158291	216.97499999992334	0.25710944110425105	0.0	-2.9387743593824527
565.900000	1787825289087108096	47.64115366116105	-122.13748028399867	216.97499999992334	0.25710944110425105	0.0	-2.9387743593824527
566.000000	1787825289189108224	47.6411538923772	-122.13748420641443	216.97499999992334	0.25710944110425105	0.0	-2.9387743593824527
566.100000	1787825289288108032	47.641154123593346	-122.13748812883017	216.97499999992334	0.25710944110425105	0.0	-2.9387743593824527
566.200000	1787825289387108096	47.64115435480949	-122.13749205124593	216.97499999992334	0.25710944110425105	0.0	-2.9387743593824527
566.300000	1787825289489108224	47.641154586025635	-122.13749597366169	216.97499999992334	0.25710944110425105	0.0	-2.9387743593824527
566.400000	1787825289588108288	47.641154817241784	-122.13749989607743	216.97499999992334	0.25710944110425105	0.0	-2.9387743593824527
566.500000	1787825289687108352	47.64115504845793	-122.13750381849319	216.97499999992334	0.25710944110425105	0.0	-2.9387743593824527
566.600000	1787825289789108224	47.64115527967408	-122.13750774090894	216.97499999992334	0.25710944110425105	0.0	-2.9387743593824527
566.700000	1787825289888108288	47.64115551089023	-122.13751166332469	216.97499999992334	0.25710944110425105	0.0	-2.9387743593824527
566.800000	1787825289987108352	47.64115574210638	-122.13751558574045	216.97499999992334	0.25710944110425105	0.0	-2.9387743593824527
566.900000	1787825290089108224	47.641155973322526	-122.1375195081562	216.97499999992334	0.25710944110425105	0.0	-2.9387743593824527
567.000000	1787825290188108288	47.64115620453867	-122.13752343057196	216.97499999992334	0.25710944110425105	0.0	-2.9387743593824527
567.100000	1787825290287108096	47.641156435754816	-122.1375273529877	216.97499999992334	0.25710944110425105	0.0	-2.9387743593824527
567.200000	1787825290389108224	47.641156666970964	-122.13753127540346	216.97499999992334	0.25710944110425105	0.0	-2.9387743593824527
567.300000	1787825290488108032	47.64115689818711	-122.13753519781922	216.97499999992334	0.25710944110425105	0.0	-2.9387743593824527
567.400000	1787825290587108096	47.64115712940326	-122.13753912023496	216.97499999992334	0.25710944110425105	0.0	-2.9387743593824527
567.500000	1787825290689108224	47.64115736061941	-122.13754304265072	216.97499999992334	0.25710944110425105	0.0	-2.9387743593824527
567.600000	1787825290788108032	47.64115759183556	-122.13754696506648	216.97499999992334	0.25710944110425105	0.0	-2.9387743593824527
567.700000	1787825290887108096	47.64115782305171	-122.13755088748222	216.97499999992334	0.25710944110425105	0.0	-2.9387743593824527
567.800000	1787825290989108224	47.64115805426785	-122.13755480989846	216.97499999992334	0.25710944110425105	0.0	-2.9387743593824527
567.900000	1787825291088108288	47.641158285483996	-122.13755873231523	216.97499999992334	0.25710944110425105	0.0	-2.9387743593824527
568.000000	1787825291187108352	47.641158516700145	-122.13756265473201	216.97499999992334	0.25710944110425105	0.0	-2.9387743593824527
568.100000	1787825291289108224	47.64115874791629	-122.13756657714877	216.97499999992334	0.25710944110425105	0.0	-2.9387743593824527
568.200000	1787825291388108288	47.64115897913244	-122.13757049956554	216.97499999992334	0.25710944110425105	0.0	-2.9387743593824527
568.300000	1787825291487108352	47.64115921034859	-122.13757442198232	216.97499999992334	0.25710944110425105	0.0	-2.9387743593824527
568.400000	1787825291589108224	47.64115944156474	-122.13757834439909	216.97499999992334	0.25710944110425105	0.0	-2.9387743593824527
568.500000	1787825291688108288	47.64115967278089	-122.13758226681585	216.97499999992334	0.25710944110425105	0.0	-2.9387743593824527
568.600000	1787825291787108096	47.64115990399703	-122.13758618923264	216.97499999992334	0.25710944110425105	0.0	-2.9387743593824527
568.700000	1787825291889108224	47.64116013521318	-122.1375901116494	216.97499999992334	0.25710944110425105	0.0	-2.9387743593824527
568.800000	1787825291988108032	47.641160366429325	-122.13759403406617	216.97499999992334	0.25710944110425105	0.0	-2.9387743593824527
568.900000	1787825292087108096	47.641160597645474	-122.13759795648295	216.97499999992334	0.25710944110425105	0.0	-2.9387743593824527
569.000000	1787825292189108224	47.64116082886162	-122.13760187889972	216.97499999992334	0.25710944110425105	0.0	-2.9387743593824527
569.100000	1787825292288108032	47.64116106007777	-122.13760580131648	216.97499999992334	0.25710944110425105	0.0	-2.9387743593824527
569.200000	1787825292387108096	47.64116129129392	-122.13760972373325	216.97499999992334	0.25710944110425105	0.0	-2.9387743593824527
569.300000	1787825292489108224	47.64116152251007	-122.13761364615003	216.97499999992334	0.25710944110425105	0.0	-2.9387743593824527
569.400000	1787825292588108288	47.641161753726216	-122.1376175685668	216.97499999992334	0.25710944110425105	0.0	-2.9387743593824527
569.500000	1787825292687108352	47.64116198494236	-122.13762149098356	216.97499999992334	0.25710944110425105	0.0	-2.9387743593824527
569.600000	1787825292789108224	47.641162216158506	-122.13762541340034	216.97499999992334	0.25710944110425105	0.0	-2.9387743593824527
569.700000	1787825292888108288	47.641162447374654	-122.13762933581711	216.97499999992334	0.25710944110425105	0.0	-2.9387743593824527
569.800000	1787825292987108352	47.6411626785908	-122.13763325823388	216.97499999992334	0.25710944110425105	0.0	-2.9387743593824527
569.900000	1787825293089108224	47.64116290980695	-122.13763718065066	216.97499999992334	0.25710944110425105	0.0	-2.9387743593824527
570.000000	1787825293188108288	47.6411631410231	-122.13764110306742	216.97499999992334	0.25710944110425105	0.0	-2.9387743593824527
570.100000	1787825293287108096	47.64116337223925	-122.13764502548419	216.97499999992334	0.25710944110425105	0.0	-2.9387743593824527
570.200000	1787825293389108224	47.6411636034554	-122.13764894790097	216.97499999992334	0.25710944110425105	0.0	-2.9387743593824527
570.300000	1787825293488108032	47.64116383467154	-122.13765287031774	216.97499999992334	0.25710944110425105	0.0	-2.9387743593824527
570.400000	1787825293587108096	47.641164065887686	-122.1376567927345	216.97499999992334	0.25710944110425105	0.0	-2.9387743593824527
570.500000	1787825293689108224	47.641164297103835	-122.13766071515127	216.97499999992334	0.25710944110425105	0.0	-2.9387743593824527
570.600000	1787825293788108032	47.64116452831998	-122.13766463756805	216.97499999992334	0.25710944110425105	0.0	-2.9387743593824527
570.700000	1787825293887108096	47.64116475953613	-122.13766855998482	216.97499999992334	0.25710944110425105	0.0	-2.9387743593824527
570.800000	1787825293989108224	47.64116499075228	-122.13767248240158	216.97499999992334	0.25710944110425105	0.0	-2.9387743593824527
570.900000	1787825294088108288	47.64116522196843	-122.13767640481836	216.97499999992334	0.25710944110425105	0.0	-2.9387743593824527
571.000000	1787825294187108352	47.64116545318458	-122.13768032723513	216.97499999992334	0.25710944110425105	0.0	-2.9387743593824527
571.100000	1787825294289108224	47.64116568440072	-122.1376842496519	216.97499999992334	0.25710944110425105	0.0	-2.9387743593824527
571.200000	1787825294388108288	47.64116591561687	-122.13768817206868	216.97499999992334	0.25710944110425105	0.0	-2.9387743593824527
571.300000	1787825294487108352	47.641166146833015	-122.13769209448544	216.97499999992334	0.25710944110425105	0.0	-2.9387743593824527
571.400000	1787825294589108224	47.641166378049164	-122.13769601690221	216.97499999992334	0.25710944110425105	0.0	-2.9387743593824527
571.500000	1787825294688108288	47.64116660926531	-122.13769993931899	216.97499999992334	0.25710944110425105	0.0	-2.9387743593824527
571.600000	1787825294787108096	47.64116684048146	-122.13770386173576	216.97499999992334	0.25710944110425105	0.0	-2.9387743593824527
571.700000	1787825294889108224	47.64116707169761	-122.13770778415252	216.97499999992334	0.25710944110425105	0.0	-2.9387743593824527
571.800000	1787825294988108032	47.64116730291376	-122.1377117065693	216.97499999992334	0.25710944110425105	0.0	-2.9387743593824527
571.900000	1787825295087108096	47.6411675341299	-122.13771562898607	216.97499999992334	0.25710944110425105	0.0	-2.9387743593824527
572.000000	1787825295189108224	47.64116776534605	-122.13771955140284	216.97499999992334	0.25710944110425105	0.0	-2.9387743593824527
572.100000	1787825295288108032	47.641167996562196	-122.1377234738196	216.97499999992334	0.25710944110425105	0.0	-2.9387743593824527
572.200000	1787825295387108096	47.641168227778344	-122.13772739623639	216.97499999992334	0.25710944110425105	0.0	-2.9387743593824527
572.300000	1787825295489108224	47.64116845899449	-122.13773131865315	216.97499999992334	0.25710944110425105	0.0	-2.9387743593824527
572.400000	1787825295588108288	47.64116869021064	-122.13773524106992	216.97499999992334	0.25710944110425105	0.0	-2.9387743593824527
572.500000	1787825295687108352	47.64116892142679	-122.1377391634867	216.97499999992334	0.25710944110425105	0.0	-2.9387743593824527
572.600000	1787825295789108224	47.64116915264294	-122.13774308590347	216.97499999992334	0.25710944110425105	0.0	-2.9387743593824527
572.700000	1787825295888108288	47.64116938385908	-122.13774700832023	216.97499999992334	0.25710944110425105	0.0	-2.9387743593824527
572.800000	1787825295987108352	47.64116961507523	-122.13775093073701	216.97499999992334	0.25710944110425105	0.0	-2.9387743593824527
572.900000	1787825296089108224	47.641169846291376	-122.13775485315378	216.97499999992334	0.25710944110425105	0.0	-2.9387743593824527
573.000000	1787825296188108288	47.641170077507525	-122.13775877557055	216.97499999992334	0.25710944110425105	0.0	-2.9387743593824527
573.100000	1787825296287108096	47.64117030872367	-122.13776269798733	216.97499999992334	0.25710944110425105	0.0	-2.9387743593824527
573.200000	1787825296389108224	47.64117053993982	-122.1377666204041	216.97499999992334	0.25710944110425105	0.0	-2.9387743593824527
573.300000	1787825296488108032	47.64117077115597	-122.13777054282089	216.97499999992334	0.25710944110425105	0.0	-2.9387743593824527
573.400000	1787825296587108096	47.64117100237212	-122.13777446523763	216.97499999992334	0.25710944110425105	0.0	-2.9387743593824527
573.500000	1787825296689108224	47.64117123358826	-122.13777838765441	216.97499999992334	0.25710944110425105	0.0	-2.9387743593824527
573.600000	1787825296788108032	47.64117146480441	-122.13778231007117	216.97499999992334	0.25710944110425105	0.0	-2.9387743593824527
573.700000	1787825296887108096	47.64117169602056	-122.1377862324888	216.97499999992334	0.25710944110425105	0.0	-2.9387743593824527
573.800000	1787825296989108224	47.641171927236705	-122.1377901549066	216.97499999992334	0.25710944110425105	0.0	-2.9387743593824527
573.900000	1787825297088108288	47.641172158452854	-122.13779407732439	216.97499999992334	0.25710944110425105	0.0	-2.9387743593824527
574.000000	1787825297187108352	47.641172389669	-122.13779799974218	216.97499999992334	0.25710944110425105	0.0	-2.9387743593824527
574.100000	1787825297289108224	47.64117262088515	-122.13780192215997	216.97499999992334	0.25710944110425105	0.0	-2.9387743593824527
574.200000	1787825297388108288	47.6411728521013	-122.13780584457776	216.97499999992334	0.25710944110425105	0.0	-2.9387743593824527
574.300000	1787825297487108352	47.64117308331744	-122.13780976699555	216.97499999992334	0.25710944110425105	0.0	-2.9387743593824527
574.400000	1787825297589108224	47.64117331453359	-122.13781368941333	216.97499999992334	0.25710944110425105	0.0	-2.9387743593824527
574.500000	1787825297688108288	47.64117354574974	-122.13781761183112	216.97499999992334	0.25710944110425105	0.0	-2.9387743593824527
574.600000	1787825297787108096	47.641173776965886	-122.13782153424891	216.97499999992334	0.25710944110425105	0.0	-2.9387743593824527
574.700000	1787825297889108224	47.641174008182034	-122.1378254566667	216.97499999992334	0.25710944110425105	0.0	-2.9387743593824527
574.800000	1787825297988108032	47.64117423939818	-122.1378293790845	216.97499999992334	0.25710944110425105	0.0	-2.9387743593824527
574.900000	1787825298087108096	47.64117447061433	-122.13783330150227	216.97499999992334	0.25710944110425105	0.0	-2.9387743593824527
575.000000	1787825298189108224	47.64117470183048	-122.13783722392006	216.97499999992334	0.25710944110425105	0.0	-2.9387743593824527
575.100000	1787825298288108032	47.64117493304662	-122.13784114633785	216.97499999992334	0.25710944110425105	0.0	-2.9387743593824527
575.200000	1787825298387108096	47.64117516426277	-122.13784506875564	216.97499999992334	0.25710944110425105	0.0	-2.9387743593824527
575.300000	1787825298489108224	47.64117539547892	-122.13784899117343	216.97499999992334	0.25710944110425105	0.0	-2.9387743593824527
575.400000	1787825298588108288	47.641175626695066	-122.13785291359122	216.97499999992334	0.25710944110425105	0.0	-2.9387743593824527
575.500000	1787825298687108352	47.641175857911215	-122.13785683600901	216.97499999992334	0.25710944110425105	0.0	-2.9387743593824527
575.600000	1787825298789108224	47.64117608912736	-122.1378607584268	216.97499999992334	0.25710944110425105	0.0	-2.9387743593824527
575.700000	1787825298888108288	47.64117632034351	-122.13786468084459	216.97499999992334	0.25710944110425105	0.0	-2.9387743593824527
575.800000	1787825298987108352	47.64117655155966	-122.13786860326238	216.97499999992334	0.25710944110425105	0.0	-2.9387743593824527
575.900000	1787825299089108224	47.6411767827758	-122.13787252568017	216.97499999992334	0.25710944110425105	0.0	-2.9387743593824527
576.000000	1787825299188108288	47.64117701399195	-122.13787644809796	216.97499999992334	0.25710944110425105	0.0	-2.9387743593824527
576.100000	1787825299287108096	47.6411772452081	-122.13788037051575	216.97499999992334	0.25710944110425105	0.0	-2.9387743593824527
576.200000	1787825299389108224	47.64117747642425	-122.13788429293353	216.97499999992334	0.25710944110425105	0.0	-2.9387743593824527
576.300000	1787825299488108032	47.641177707640395	-122.13788821535131	216.97499999992334	0.25710944110425105	0.0	-2.9387743593824527
576.400000	1787825299587108096	47.64117793885654	-122.1378921377691	216.97499999992334	0.25710944110425105	0.0	-2.9387743593824527
576.500000	1787825299689108224	47.64117817007269	-122.13789606018689	216.97499999992334	0.25710944110425105	0.0	-2.9387743593824527
576.600000	1787825299788108032	47.64117840128884	-122.13789998260468	216.97499999992334	0.25710944110425105	0.0	-2.9387743593824527
576.700000	1787825299887108096	47.64117863250498	-122.13790390502247	216.97499999992334	0.25710944110425105	0.0	-2.9387743593824527
576.800000	1787825299989108224	47.64117886372113	-122.13790782744026	216.97499999992334	0.25710944110425105	0.0	-2.9387743593824527
576.900000	1787825300088108288	47.64117909493728	-122.13791174985805	216.97499999992334	0.25710944110425105	0.0	-2.9387743593824527
577.000000	1787825300187108352	47.64117932615343	-122.13791567227584	216.97499999992334	0.25710944110425105	0.0	-2.9387743593824527
577.100000	1787825300289108224	47.641179557369576	-122.13791959469363	216.97499999992334	0.25710944110425105	0.0	-2.9387743593824527
577.200000	1787825300388108288	47.641179788585724	-122.13792351711142	216.97499999992334	0.25710944110425105	0.0	-2.9387743593824527
577.300000	1787825300487108352	47.64118001980187	-122.13792743952921	216.97499999992334	0.25710944110425105	0.0	-2.9387743593824527
577.400000	1787825300589108224	47.64118025101802	-122.137931361947	216.97499999992334	0.25710944110425105	0.0	-2.9387743593824527
577.500000	1787825300688108288	47.64118048223416	-122.13793528436479	216.97499999992334	0.25710944110425105	0.0	-2.9387743593824527
577.600000	1787825300787108096	47.64118071345031	-122.13793920678258	216.97499999992334	0.25710944110425105	0.0	-2.9387743593824527
577.700000	1787825300889108224	47.64118094466646	-122.13794312920037	216.97499999992334	0.25710944110425105	0.0	-2.9387743593824527
577.800000	1787825300988108032	47.64118117588261	-122.13794705161814	216.97499999992334	0.25710944110425105	0.0	-2.9387743593824527
577.900000	1787825301087108096	47.641181407098756	-122.13795097403593	216.97499999992334	0.25710944110425105	0.0	-2.9387743593824527
578.000000	1787825301189108224	47.641181638314904	-122.13795489645372	216.97499999992334	0.25710944110425105	0.0	-2.9387743593824527
578.100000	1787825301288108032	47.64118186953105	-122.13795881887151	216.97499999992334	0.25710944110425105	0.0	-2.9387743593824527
578.200000	1787825301387108096	47.6411821007472	-122.1379627412893	216.97499999992334	0.25710944110425105	0.0	-2.9387743593824527
578.300000	1787825301489108224	47.64118233196334	-122.13796666370709	216.97499999992334	0.25710944110425105	0.0	-2.9387743593824527
578.400000	1787825301588108288	47.64118256317949	-122.13797058612488	216.97499999992334	0.25710944110425105	0.0	-2.9387743593824527
578.500000	1787825301687108352	47.64118279439564	-122.13797450854267	216.97499999992334	0.25710944110425105	0.0	-2.9387743593824527
578.600000	1787825301789108224	47.64118302561179	-122.13797843096046	216.97499999992334	0.25710944110425105	0.0	-2.9387743593824527
578.700000	1787825301888108288	47.64118325682794	-122.13798235337825	216.97499999992334	0.25710944110425105	0.0	-2.9387743593824527
578.800000	1787825301987108352	47.641183488044085	-122.13798627579604	216.97499999992334	0.25710944110425105	0.0	-2.9387743593824527
578.900000	1787825302089108224	47.64118371926023	-122.13799019821383	216.97499999992334	0.25710944110425105	0.0	-2.9387743593824527
579.000000	1787825302188108288	47.64118395047638	-122.13799412063162	216.97499999992334	0.25710944110425105	0.0	-2.9387743593824527
579.100000	1787825302287108096	47.64118418169252	-122.13799804304941	216.97499999992334	0.25710944110425105	0.0	-2.9387743593824527
579.200000	1787825302389108224	47.64118441290867	-122.13800196546718	216.97499999992334	0.25710944110425105	0.0	-2.9387743593824527
579.300000	1787825302488108032	47.64118464412482	-122.13800588788497	216.97499999992334	0.25710944110425105	0.0	-2.9387743593824527
579.400000	1787825302587108096	47.64118487534097	-122.13800981030276	216.97499999992334	0.25710944110425105	0.0	-2.9387743593824527
579.500000	1787825302689108224	47.64118510655712	-122.13801373272078	216.97499999992334	0.25710944110425105	0.0	-2.9387743593824527
579.600000	1787825302788108032	47.641185337773265	-122.13801765513959	216.97499999992334	0.25710944110425105	0.0	-2.9387743593824527
579.700000	1787825302887108096	47.641185568989414	-122.13802157755839	216.97499999992334	0.25710944110425105	0.0	-2.9387743593824527
579.800000	1787825302989108224	47.64118580020556	-122.1380254999772	216.97499999992334	0.25710944110425105	0.0	-2.9387743593824527
579.900000	1787825303088108288	47.641186031421704	-122.13802942239602	216.97499999992334	0.25710944110425105	0.0	-2.9387743593824527
580.000000	1787825303187108352	47.64118626263785	-122.13803334481481	216.97499999992334	0.25710944110425105	0.0	-2.9387743593824527
580.100000	1787825303289108224	47.641186493854	-122.13803726723363	216.97499999992334	0.25710944110425105	0.0	-2.9387743593824527
580.200000	1787825303388108288	47.64118672507015	-122.13804118965243	216.97499999992334	0.25710944110425105	0.0	-2.9387743593824527
580.300000	1787825303487108352	47.6411869562863	-122.13804511207124	216.97499999992334	0.25710944110425105	0.0	-2.9387743593824527
580.400000	1787825303589108224	47.641187187502446	-122.13804903449004	216.97499999992334	0.25710944110425105	0.0	-2.9387743593824527
580.500000	1787825303688108288	47.641187418718594	-122.13805295690885	216.97499999992334	0.25710944110425105	0.0	-2.9387743593824527
580.600000	1787825303787108096	47.64118764993474	-122.13805687932765	216.97499999992334	0.25710944110425105	0.0	-2.9387743593824527
580.700000	1787825303889108224	47.641187881150884	-122.13806080174646	216.97499999992334	0.25710944110425105	0.0	-2.9387743593824527
580.800000	1787825303988108032	47.64118811236703	-122.13806472416528	216.97499999992334	0.25710944110425105	0.0	-2.9387743593824527
580.900000	1787825304087108096	47.64118834358318	-122.13806864658407	216.97499999992334	0.25710944110425105	0.0	-2.9387743593824527
581.000000	1787825304189108224	47.64118857479933	-122.13807256900289	216.97499999992334	0.25710944110425105	0.0	-2.9387743593824527
581.100000	1787825304288108032	47.64118880601548	-122.13807649142169	216.97499999992334	0.25710944110425105	0.0	-2.9387743593824527
581.200000	1787825304387108096	47.64118903723163	-122.1380804138405	216.97499999992334	0.25710944110425105	0.0	-2.9387743593824527
581.300000	1787825304489108224	47.641189268447775	-122.1380843362593	216.97499999992334	0.25710944110425105	0.0	-2.9387743593824527
581.400000	1787825304588108288	47.64118949966392	-122.13808825867811	216.97499999992334	0.25710944110425105	0.0	-2.9387743593824527
581.500000	1787825304687108352	47.641189730880065	-122.13809218109691	216.97499999992334	0.25710944110425105	0.0	-2.9387743593824527
581.600000	1787825304789108224	47.64118996209621	-122.13809610351572	216.97499999992334	0.25710944110425105	0.0	-2.9387743593824527
581.700000	1787825304888108288	47.64119019331236	-122.13810002593452	216.97499999992334	0.25710944110425105	0.0	-2.9387743593824527
581.800000	1787825304987108352	47.64119042452851	-122.13810394835333	216.97499999992334	0.25710944110425105	0.0	-2.9387743593824527
581.900000	1787825305089108224	47.64119065574466	-122.13810787077215	216.97499999992334	0.25710944110425105	0.0	-2.9387743593824527
582.000000	1787825305188108288	47.64119088696081	-122.13811179319094	216.97499999992334	0.25710944110425105	0.0	-2.9387743593824527
582.100000	1787825305287108096	47.641191118176955	-122.13811571560976	216.97499999992334	0.25710944110425105	0.0	-2.9387743593824527
582.200000	1787825305389108224	47.641191349393104	-122.13811963802856	216.97499999992334	0.25710944110425105	0.0	-2.9387743593824527
582.300000	1787825305488108032	47.641191580609245	-122.13812356044737	216.97499999992334	0.25710944110425105	0.0	-2.9387743593824527
582.400000	1787825305587108096	47.641191811825394	-122.13812748286617	216.97499999992334	0.25710944110425105	0.0	-2.9387743593824527
582.500000	1787825305689108224	47.64119204304154	-122.13813140528498	216.97499999992334	0.25710944110425105	0.0	-2.9387743593824527
582.600000	1787825305788108032	47.64119227425769	-122.13813532770378	216.97499999992334	0.25710944110425105	0.0	-2.9387743593824527
582.700000	1787825305887108096	47.64119250547384	-122.13813925012259	216.97499999992334	0.25710944110425105	0.0	-2.9387743593824527
582.800000	1787825305989108224	47.64119273668999	-122.1381431725414	216.97499999992334	0.25710944110425105	0.0	-2.9387743593824527
582.900000	1787825306088108288	47.641192967906136	-122.1381470949602	216.97499999992334	0.25710944110425105	0.0	-2.9387743593824527
583.000000	1787825306187108352	47.641193199122284	-122.13815101737902	216.97499999992334	0.25710944110425105	0.0	-2.9387743593824527
583.100000	1787825306289108224	47.641193430338426	-122.13815493979781	216.97499999992334	0.25710944110425105	0.0	-2.9387743593824527
583.200000	1787825306388108288	47.641193661554574	-122.13815886221663	216.97499999992334	0.25710944110425105	0.0	-2.9387743593824527
583.300000	1787825306487108352	47.64119389277072	-122.13816278463543	216.97499999992334	0.25710944110425105	0.0	-2.9387743593824527
583.400000	1787825306589108224	47.64119412398687	-122.13816670705424	216.97499999992334	0.25710944110425105	0.0	-2.9387743593824527
583.500000	1787825306688108288	47.64119435520302	-122.13817062947304	216.97499999992334	0.25710944110425105	0.0	-2.9387743593824527
583.600000	1787825306787108096	47.64119458641917	-122.13817455189185	216.97499999992334	0.25710944110425105	0.0	-2.9387743593824527
583.700000	1787825306889108224	47.641194817635316	-122.13817847431065	216.97499999992334	0.25710944110425105	0.0	-2.9387743593824527
583.800000	1787825306988108032	47.641195048851465	-122.13818239672946	216.97499999992334	0.25710944110425105	0.0	-2.9387743593824527
583.900000	1787825307087108096	47.64119528006761	-122.13818631914828	216.97499999992334	0.25710944110425105	0.0	-2.9387743593824527
584.000000	1787825307189108224	47.641195511283755	-122.13819024156707	216.97499999992334	0.25710944110425105	0.0	-2.9387743593824527
584.100000	1787825307288108032	47.6411957424999	-122.13819416398589	216.97499999992334	0.25710944110425105	0.0	-2.9387743593824527
584.200000	1787825307387108096	47.64119597371605	-122.13819808640469	216.97499999992334	0.25710944110425105	0.0	-2.9387743593824527
584.300000	1787825307489108224	47.6411962049322	-122.1382020088235	216.97499999992334	0.25710944110425105	0.0	-2.9387743593824527
584.400000	1787825307588108288	47.64119643614835	-122.1382059312423	216.97499999992334	0.25710944110425105	0.0	-2.9387743593824527
584.500000	1787825307687108352	47.6411966673645	-122.13820985366111	216.97499999992334	0.25710944110425105	0.0	-2.9387743593824527
584.600000	1787825307789108224	47.641196898580645	-122.13821377607991	216.97499999992334	0.25710944110425105	0.0	-2.9387743593824527
584.700000	1787825307888108288	47.641197129796794	-122.13821769849872	216.97499999992334	0.25710944110425105	0.0	-2.9387743593824527
584.800000	1787825307987108352	47.641197361012935	-122.13822162091753	216.97499999992334	0.25710944110425105	0.0	-2.9387743593824527
584.900000	1787825308089108224	47.641197592229084	-122.13822554333633	216.97499999992334	0.25710944110425105	0.0	-2.9387743593824527
585.000000	1787825308188108288	47.64119782344523	-122.13822946575515	216.97499999992334	0.25710944110425105	0.0	-2.9387743593824527
585.100000	1787825308287108096	47.64119805466138	-122.13823338817394	216.97499999992334	0.25710944110425105	0.0	-2.9387743593824527
585.200000	1787825308389108224	47.64119828587753	-122.13823731059276	216.97499999992334	0.25710944110425105	0.0	-2.9387743593824527
585.300000	1787825308488108032	47.64119851709368	-122.13824123301156	216.97499999992334	0.25710944110425105	0.0	-2.9387743593824527
585.400000	1787825308587108096	47.641198748309826	-122.13824515543098	216.97499999992334	0.25710944110425105	0.0	-2.9387743593824527
585.500000	1787825308689108224	47.641198979525974	-122.1382490778508	216.97499999992334	0.25710944110425105	0.0	-2.9387743593824527
585.600000	1787825308788108032	47.641199210742116	-122.13825300027062	216.97499999992334	0.25710944110425105	0.0	-2.9387743593824527
585.700000	1787825308887108096	47.641199441958264	-122.13825692269045	216.97499999992334	0.25710944110425105	0.0	-2.9387743593824527
585.800000	1787825308989108224	47.64119967317441	-122.13826084511027	216.97499999992334	0.25710944110425105	0.0	-2.9387743593824527
585.900000	1787825309088108288	47.64119990439056	-122.1382647675301	216.97499999992334	0.25710944110425105	0.0	-2.9387743593824527
586.000000	1787825309187108352	47.64120013560671	-122.13826868994992	216.97499999992334	0.25710944110425105	0.0	-2.9387743593824527
586.100000	1787825309289108224	47.64120036682286	-122.13827261236975	216.97499999992334	0.25710944110425105	0.0	-2.9387743593824527
586.200000	1787825309388108288	47.641200598039006	-122.13827653478957	216.97499999992334	0.25710944110425105	0.0	-2.9387743593824527
586.300000	1787825309487108352	47.641200829255155	-122.13828045720939	216.97499999992334	0.25710944110425105	0.0	-2.9387743593824527
586.400000	1787825309589108224	47.641201060471296	-122.13828437962923	216.97499999992334	0.25710944110425105	0.0	-2.9387743593824527
586.500000	1787825309688108288	47.641201291687445	-122.13828830204905	216.97499999992334	0.25710944110425105	0.0	-2.9387743593824527
586.600000	1787825309787108096	47.64120152290359	-122.13829222446887	216.97499999992334	0.25710944110425105	0.0	-2.9387743593824527
586.700000	1787825309889108224	47.64120175411974	-122.13829614688869	216.97499999992334	0.25710944110425105	0.0	-2.9387743593824527
586.800000	1787825309988108032	47.64120198533589	-122.13830006930851	216.97499999992334	0.25710944110425105	0.0	-2.9387743593824527
586.900000	1787825310087108096	47.64120221655204	-122.13830399172834	216.97499999992334	0.25710944110425105	0.0	-2.9387743593824527
587.000000	1787825310189108224	47.64120244776819	-122.13830791414817	216.97499999992334	0.25710944110425105	0.0	-2.9387743593824527
587.100000	1787825310288108032	47.641202678984335	-122.138311836568	216.97499999992334	0.25710944110425105	0.0	-2.9387743593824527
587.200000	1787825310387108096	47.64120291020048	-122.13831575898782	216.97499999992334	0.25710944110425105	0.0	-2.9387743593824527
587.300000	1787825310489108224	47.641203141416625	-122.13831968140764	216.97499999992334	0.25710944110425105	0.0	-2.9387743593824527
587.400000	1787825310588108288	47.64120337263277	-122.13832360382746	216.97499999992334	0.25710944110425105	0.0	-2.9387743593824527
587.500000	1787825310687108352	47.64120360384892	-122.13832752624728	216.97499999992334	0.25710944110425105	0.0	-2.9387743593824527
587.600000	1787825310789108224	47.64120383506507	-122.13833144866712	216.97499999992334	0.25710944110425105	0.0	-2.9387743593824527
587.700000	1787825310888108288	47.64120406628122	-122.13833537108694	216.97499999992334	0.25710944110425105	0.0	-2.9387743593824527
587.800000	1787825310987108352	47.64120429749737	-122.13833929350676	216.97499999992334	0.25710944110425105	0.0	-2.9387743593824527
587.900000	1787825311089108224	47.641204528713516	-122.13834321592658	216.97499999992334	0.25710944110425105	0.0	-2.9387743593824527
588.000000	1787825311188108288	47.64120475992966	-122.1383471383464	216.97499999992334	0.25710944110425105	0.0	-2.9387743593824527
588.100000	1787825311287108096	47.641204991145806	-122.13835106076623	216.97499999992334	0.25710944110425105	0.0	-2.9387743593824527
588.200000	1787825311389108224	47.641205222361954	-122.13835498318606	216.97499999992334	0.25710944110425105	0.0	-2.9387743593824527
588.300000	1787825311488108032	47.6412054535781	-122.13835890560588	216.97499999992334	0.25710944110425105	0.0	-2.9387743593824527
588.400000	1787825311587108096	47.64120568479425	-122.1383628280257	216.97499999992334	0.25710944110425105	0.0	-2.9387743593824527
588.500000	1787825311689108224	47.6412059160104	-122.13836675044553	216.97499999992334	0.25710944110425105	0.0	-2.9387743593824527
588.600000	1787825311788108032	47.64120614722655	-122.13837067286535	216.97499999992334	0.25710944110425105	0.0	-2.9387743593824527
588.700000	1787825311887108096	47.641206378442696	-122.13837459528517	216.97499999992334	0.25710944110425105	0.0	-2.9387743593824527
588.800000	1787825311989108224	47.64120660965884	-122.13837851770501	216.97499999992334	0.25710944110425105	0.0	-2.9387743593824527
588.900000	1787825312088108288	47.641206840874986	-122.13838244012483	216.97499999992334	0.25710944110425105	0.0	-2.9387743593824527
589.000000	1787825312187108352	47.641207072091134	-122.13838636254465	216.97499999992334	0.25710944110425105	0.0	-2.9387743593824527
589.100000	1787825312289108224	47.64120730330728	-122.13839028496447	216.97499999992334	0.25710944110425105	0.0	-2.9387743593824527
589.200000	1787825312388108288	47.64120753452343	-122.1383942073843	216.97499999992334	0.25710944110425105	0.0	-2.9387743593824527
589.300000	1787825312487108352	47.64120776573958	-122.13839812980412	216.97499999992334	0.25710944110425105	0.0	-2.9387743593824527
589.400000	1787825312589108224	47.64120799695573	-122.13840205222395	216.97499999992334	0.25710944110425105	0.0	-2.9387743593824527
589.500000	1787825312688108288	47.64120822817188	-122.13840597464377	216.97499999992334	0.25710944110425105	0.0	-2.9387743593824527
589.600000	1787825312787108096	47.64120845938802	-122.1384098970636	216.97499999992334	0.25710944110425105	0.0	-2.9387743593824527
589.700000	1787825312889108224	47.64120869060417	-122.13841381948342	216.97499999992334	0.25710944110425105	0.0	-2.9387743593824527
589.800000	1787825312988108032	47.641208921820315	-122.13841774190324	216.97499999992334	0.25710944110425105	0.0	-2.9387743593824527
589.900000	1787825313087108096	47.64120915303646	-122.13842166432306	216.97499999992334	0.25710944110425105	0.0	-2.9387743593824527
590.000000	1787825313189108224	47.64120938425261	-122.1384255867429	216.97499999992334	0.25710944110425105	0.0	-2.9387743593824527
590.100000	1787825313288108032	47.64120961546876	-122.13842950916272	216.97499999992334	0.25710944110425105	0.0	-2.9387743593824527
590.200000	1787825313387108096	47.64120984668491	-122.13843343158254	216.97499999992334	0.25710944110425105	0.0	-2.9387743593824527
590.300000	1787825313489108224	47.64121007790106	-122.13843735400236	216.97499999992334	0.25710944110425105	0.0	-2.9387743593824527
590.400000	1787825313588108288	47.6412103091172	-122.13844127642218	216.97499999992334	0.25710944110425105	0.0	-2.9387743593824527
590.500000	1787825313687108352	47.64121054033335	-122.138445198842	216.97499999992334	0.25710944110425105	0.0	-2.9387743593824527
590.600000	1787825313789108224	47.641210771549495	-122.13844912126184	216.97499999992334	0.25710944110425105	0.0	-2.9387743593824527
590.700000	1787825313888108288	47.641211002765644	-122.13845304368166	216.97499999992334	0.25710944110425105	0.0	-2.9387743593824527
590.800000	1787825313987108352	47.64121123398179	-122.13845696610149	216.97499999992334	0.25710944110425105	0.0	-2.9387743593824527
590.900000	1787825314089108224	47.64121146519794	-122.13846088852131	216.97499999992334	0.25710944110425105	0.0	-2.9387743593824527
591.000000	1787825314188108288	47.64121169641409	-122.13846481094113	216.97499999992334	0.25710944110425105	0.0	-2.9387743593824527
591.100000	1787825314287108096	47.64121192763024	-122.13846873336095	216.97499999992334	0.25710944110425105	0.0	-2.9387743593824527
591.200000	1787825314389108224	47.64121215884638	-122.13847265578079	216.97499999992334	0.25710944110425105	0.0	-2.9387743593824527
591.300000	1787825314488108032	47.64121239006253	-122.1384765782016	216.97499999992334	0.25710944110425105	0.0	-2.9387743593824527
591.400000	1787825314587108096	47.641212621278676	-122.13848050062244	216.97499999992334	0.25710944110425105	0.0	-2.9387743593824527
591.500000	1787825314689108224	47.641212852494824	-122.13848442304328	216.97499999992334	0.25710944110425105	0.0	-2.9387743593824527
591.600000	1787825314788108032	47.64121308371097	-122.13848834546413	216.97499999992334	0.25710944110425105	0.0	-2.9387743593824527
591.700000	1787825314887108096	47.64121331492712	-122.13849226788497	216.97499999992334	0.25710944110425105	0.0	-2.9387743593824527
591.800000	1787825314989108224	47.64121354614327	-122.13849619030582	216.97499999992334	0.25710944110425105	0.0	-2.9387743593824527
591.900000	1787825315088108288	47.64121377735942	-122.13850011272665	216.97499999992334	0.25710944110425105	0.0	-2.9387743593824527
592.000000	1787825315187108352	47.64121400857556	-122.13850403514749	216.97499999992334	0.25710944110425105	0.0	-2.9387743593824527
592.100000	1787825315289108224	47.64121423979171	-122.13850795756834	216.97499999992334	0.25710944110425105	0.0	-2.9387743593824527
592.200000	1787825315388108288	47.641214471007856	-122.13851187998918	216.97499999992334	0.25710944110425105	0.0	-2.9387743593824527
592.300000	1787825315487108352	47.641214702224005	-122.13851580241003	216.97499999992334	0.25710944110425105	0.0	-2.9387743593824527
592.400000	1787825315589108224	47.64121493344015	-122.13851972483086	216.97499999992334	0.25710944110425105	0.0	-2.9387743593824527
592.500000	1787825315688108288	47.6412151646563	-122.1385236472517	216.97499999992334	0.25710944110425105	0.0	-2.9387743593824527
592.600000	1787825315787108096	47.64121539587245	-122.13852756967255	216.97499999992334	0.25710944110425105	0.0	-2.9387743593824527
592.700000	1787825315889108224	47.6412156270886	-122.13853149209339	216.97499999992334	0.25710944110425105	0.0	-2.9387743593824527
592.800000	1787825315988108032	47.64121585830474	-122.13853541451424	216.97499999992334	0.25710944110425105	0.0	-2.9387743593824527
592.900000	1787825316087108096	47.64121608952089	-122.13853933693507	216.97499999992334	0.25710944110425105	0.0	-2.9387743593824527
593.000000	1787825316189108224	47.64121632073704	-122.13854325935591	216.97499999992334	0.25710944110425105	0.0	-2.9387743593824527
593.100000	1787825316288108032	47.641216551953185	-122.13854718177676	216.97499999992334	0.25710944110425105	0.0	-2.9387743593824527
593.200000	1787825316387108096	47.641216783169334	-122.1385511041976	216.97499999992334	0.25710944110425105	0.0	-2.9387743593824527
593.300000	1787825316489108224	47.64121701438548	-122.13855502661843	216.97499999992334	0.25710944110425105	0.0	-2.9387743593824527
593.400000	1787825316588108288	47.64121724560163	-122.13855894903928	216.97499999992334	0.25710944110425105	0.0	-2.9387743593824527
593.500000	1787825316687108352	47.64121747681778	-122.13856287146012	216.97499999992334	0.25710944110425105	0.0	-2.9387743593824527
593.600000	1787825316789108224	47.64121770803392	-122.13856679388097	216.97499999992334	0.25710944110425105	0.0	-2.9387743593824527
593.700000	1787825316888108288	47.64121793925007	-122.13857071630181	216.97499999992334	0.25710944110425105	0.0	-2.9387743593824527
593.800000	1787825316987108352	47.64121817046622	-122.13857463872264	216.97499999992334	0.25710944110425105	0.0	-2.9387743593824527
593.900000	1787825317089108224	47.641218401682366	-122.13857856114349	216.97499999992334	0.25710944110425105	0.0	-2.9387743593824527
594.000000	1787825317188108288	47.641218632898514	-122.13858248356433	216.97499999992334	0.25710944110425105	0.0	-2.9387743593824527
594.100000	1787825317287108096	47.64121886411466	-122.13858640598518	216.97499999992334	0.25710944110425105	0.0	-2.9387743593824527
594.200000	1787825317389108224	47.64121909533081	-122.13859032840602	216.97499999992334	0.25710944110425105	0.0	-2.9387743593824527
594.300000	1787825317488108032	47.64121932654696	-122.13859425082686	216.97499999992334	0.25710944110425105	0.0	-2.9387743593824527
594.400000	1787825317587108096	47.6412195577631	-122.1385981732477	216.97499999992334	0.25710944110425105	0.0	-2.9387743593824527
594.500000	1787825317689108224	47.64121978897925	-122.13860209566855	216.97499999992334	0.25710944110425105	0.0	-2.9387743593824527
594.600000	1787825317788108032	47.6412200201954	-122.13860601808939	216.97499999992334	0.25710944110425105	0.0	-2.9387743593824527
594.700000	1787825317887108096	47.641220251411546	-122.13860994051024	216.97499999992334	0.25710944110425105	0.0	-2.9387743593824527
594.800000	1787825317989108224	47.641220482627695	-122.13861386293107	216.97499999992334	0.25710944110425105	0.0	-2.9387743593824527
594.900000	1787825318088108288	47.64122071384384	-122.13861778535191	216.97499999992334	0.25710944110425105	0.0	-2.9387743593824527
595.000000	1787825318187108352	47.64122094505999	-122.13862170777276	216.97499999992334	0.25710944110425105	0.0	-2.9387743593824527
595.100000	1787825318289108224	47.64122117627614	-122.1386256301936	216.97499999992334	0.25710944110425105	0.0	-2.9387743593824527
595.200000	1787825318388108288	47.64122140749228	-122.13862955261443	216.97499999992334	0.25710944110425105	0.0	-2.9387743593824527
595.300000	1787825318487108352	47.64122163870843	-122.13863347503528	216.97499999992334	0.25710944110425105	0.0	-2.9387743593824527
595.400000	1787825318589108224	47.64122186992458	-122.13863739745612	216.97499999992334	0.25710944110425105	0.0	-2.9387743593824527
595.500000	1787825318688108288	47.64122210114073	-122.13864131987697	216.97499999992334	0.25710944110425105	0.0	-2.9387743593824527
595.600000	1787825318787108096	47.641222332356875	-122.13864524229781	216.97499999992334	0.25710944110425105	0.0	-2.9387743593824527
595.700000	1787825318889108224	47.641222563573024	-122.13864916471864	216.97499999992334	0.25710944110425105	0.0	-2.9387743593824527
595.800000	1787825318988108032	47.64122279478917	-122.13865308713949	216.97499999992334	0.25710944110425105	0.0	-2.9387743593824527
595.900000	1787825319087108096	47.64122302600532	-122.13865700956033	216.97499999992334	0.25710944110425105	0.0	-2.9387743593824527
596.000000	1787825319189108224	47.64122325722146	-122.13866093198118	216.97499999992334	0.25710944110425105	0.0	-2.9387743593824527
596.100000	1787825319288108032	47.64122348843761	-122.13866485440202	216.97499999992334	0.25710944110425105	0.0	-2.9387743593824527
596.200000	1787825319387108096	47.64122371965376	-122.13866877682285	216.97499999992334	0.25710944110425105	0.0	-2.9387743593824527
596.300000	1787825319489108224	47.64122395086991	-122.1386726992437	216.97499999992334	0.25710944110425105	0.0	-2.9387743593824527
596.400000	1787825319588108288	47.641224182086056	-122.13867662166454	216.97499999992334	0.25710944110425105	0.0	-2.9387743593824527
596.500000	1787825319687108352	47.641224413302204	-122.13868054408539	216.97499999992334	0.25710944110425105	0.0	-2.9387743593824527
596.600000	1787825319789108224	47.64122464451835	-122.13868446650623	216.97499999992334	0.25710944110425105	0.0	-2.9387743593824527
596.700000	1787825319888108288	47.6412248757345	-122.13868838892706	216.97499999992334	0.25710944110425105	0.0	-2.9387743593824527
596.800000	1787825319987108352	47.64122510695064	-122.13869231134791	216.97499999992334	0.25710944110425105	0.0	-2.9387743593824527
596.900000	1787825320089108224	47.64122533816679	-122.13869623376875	216.97499999992334	0.25710944110425105	0.0	-2.9387743593824527
597.000000	1787825320188108288	47.64122556938294	-122.1387001561896	216.97499999992334	0.25710944110425105	0.0	-2.9387743593824527
597.100000	1787825320287108096	47.64122580059909	-122.1387040786108	216.97499999992334	0.25710944110425105	0.0	-2.9387743593824527
597.200000	1787825320389108224	47.641226031815236	-122.13870800103265	216.97499999992334	0.25710944110425105	0.0	-2.9387743593824527
597.300000	1787825320488108032	47.641226263031385	-122.13871192345451	216.97499999992334	0.25710944110425105	0.0	-2.9387743593824527
597.400000	1787825320587108096	47.64122649424753	-122.13871584587638	216.97499999992334	0.25710944110425105	0.0	-2.9387743593824527
597.500000	1787825320689108224	47.64122672546368	-122.13871976829823	216.97499999992334	0.25710944110425105	0.0	-2.9387743593824527
597.600000	1787825320788108032	47.64122695667982	-122.1387236907201	216.97499999992334	0.25710944110425105	0.0	-2.9387743593824527
597.700000	1787825320887108096	47.64122718789597	-122.13872761314195	216.97499999992334	0.25710944110425105	0.0	-2.9387743593824527
597.800000	1787825320989108224	47.64122741911212	-122.1387315355638	216.97499999992334	0.25710944110425105	0.0	-2.9387743593824527
597.900000	1787825321088108288	47.64122765032827	-122.13873545798567	216.97499999992334	0.25710944110425105	0.0	-2.9387743593824527
598.000000	1787825321187108352	47.64122788154442	-122.13873938040753	216.97499999992334	0.25710944110425105	0.0	-2.9387743593824527
598.100000	1787825321289108224	47.641228112760565	-122.1387433028294	216.97499999992334	0.25710944110425105	0.0	-2.9387743593824527
598.200000	1787825321388108288	47.641228343976714	-122.13874722525125	216.97499999992334	0.25710944110425105	0.0	-2.9387743593824527
598.300000	1787825321487108352	47.64122857519286	-122.1387511476731	216.97499999992334	0.25710944110425105	0.0	-2.9387743593824527
598.400000	1787825321589108224	47.641228806409	-122.13875507009497	216.97499999992334	0.25710944110425105	0.0	-2.9387743593824527
598.500000	1787825321688108288	47.64122903762515	-122.13875899251683	216.97499999992334	0.25710944110425105	0.0	-2.9387743593824527
598.600000	1787825321787108096	47.6412292688413	-122.1387629149387	216.97499999992334	0.25710944110425105	0.0	-2.9387743593824527
598.700000	1787825321889108224	47.64122950005745	-122.13876683736055	216.97499999992334	0.25710944110425105	0.0	-2.9387743593824527
598.800000	1787825321988108032	47.6412297312736	-122.1387707597824	216.97499999992334	0.25710944110425105	0.0	-2.9387743593824527
598.900000	1787825322087108096	47.641229962489746	-122.13877468220427	216.97499999992334	0.25710944110425105	0.0	-2.9387743593824527
599.000000	1787825322189108224	47.641230193705894	-122.13877860462613	216.97499999992334	0.25710944110425105	0.0	-2.9387743593824527
599.100000	1787825322288108032	47.64123042492204	-122.138782527048	216.97499999992334	0.25710944110425105	0.0	-2.9387743593824527
599.200000	1787825322387108096	47.64123065613819	-122.13878644946985	216.97499999992334	0.25710944110425105	0.0	-2.9387743593824527
599.300000	1787825322489108224	47.64123088735433	-122.13879037189172	216.97499999992334	0.25710944110425105	0.0	-2.9387743593824527
599.400000	1787825322588108288	47.64123111857048	-122.13879429431357	216.97499999992334	0.25710944110425105	0.0	-2.9387743593824527
599.500000	1787825322687108352	47.64123134978663	-122.13879821673542	216.97499999992334	0.25710944110425105	0.0	-2.9387743593824527
599.600000	1787825322789108224	47.64123158100278	-122.13880213915729	216.97499999992334	0.25710944110425105	0.0	-2.9387743593824527
599.700000	1787825322888108288	47.641231812218926	-122.13880606157915	216.97499999992334	0.25710944110425105	0.0	-2.9387743593824527
599.800000	1787825322987108352	47.641232043435075	-122.13880998400101	216.97499999992334	0.25710944110425105	0.0	-2.9387743593824527
599.900000	1787825323089108224	47.64123227465122	-122.13881390642287	216.97499999992334	0.25710944110425105	0.0	-2.9387743593824527
600.000000	1787825323188108288	47.64123250586737	-122.13881782884472	216.97499999992334	0.25710944110425105	0.0	-2.9387743593824527
600.100000	1787825323287108096	47.64123273708351	-122.13882175126659	216.97499999992334	0.25710944110425105	0.0	-2.9387743593824527
600.200000	1787825323389108224	47.64123296829966	-122.13882567368844	216.97499999992334	0.25710944110425105	0.0	-2.9387743593824527
600.300000	1787825323488108032	47.64123319951581	-122.13882959611031	216.97499999992334	0.25710944110425105	0.0	-2.9387743593824527
600.400000	1787825323587108096	47.64123343073196	-122.13883351853217	216.97499999992334	0.25710944110425105	0.0	-2.9387743593824527
600.500000	1787825323689108224	47.64123366194811	-122.13883744095402	216.97499999992334	0.25710944110425105	0.0	-2.9387743593824527
600.600000	1787825323788108032	47.641233893164255	-122.13884136337589	216.97499999992334	0.25710944110425105	0.0	-2.9387743593824527
600.700000	1787825323887108096	47.641234124380404	-122.13884528579774	216.97499999992334	0.25710944110425105	0.0	-2.9387743593824527
600.800000	1787825323989108224	47.64123435559655	-122.13884920821961	216.97499999992334	0.25710944110425105	0.0	-2.9387743593824527
600.900000	1787825324088108288	47.64123458681269	-122.13885313064146	216.97499999992334	0.25710944110425105	0.0	-2.9387743593824527
601.000000	1787825324187108352	47.64123481802884	-122.13885705306332	216.97499999992334	0.25710944110425105	0.0	-2.9387743593824527
601.100000	1787825324289108224	47.64123504924499	-122.13886097548519	216.97499999992334	0.25710944110425105	0.0	-2.9387743593824527
601.200000	1787825324388108288	47.64123528046114	-122.13886489790704	216.97499999992334	0.25710944110425105	0.0	-2.9387743593824527
601.300000	1787825324487108352	47.64123551167729	-122.13886882032891	216.97499999992334	0.25710944110425105	0.0	-2.9387743593824527
601.400000	1787825324589108224	47.641235742893436	-122.13887274275076	216.97499999992334	0.25710944110425105	0.0	-2.9387743593824527
601.500000	1787825324688108288	47.641235974109584	-122.13887666517263	216.97499999992334	0.25710944110425105	0.0	-2.9387743593824527
601.600000	1787825324787108096	47.64123620532573	-122.13888058759449	216.97499999992334	0.25710944110425105	0.0	-2.9387743593824527
601.700000	1787825324889108224	47.641236436541874	-122.13888451001634	216.97499999992334	0.25710944110425105	0.0	-2.9387743593824527
601.800000	1787825324988108032	47.64123666775802	-122.13888843243821	216.97499999992334	0.25710944110425105	0.0	-2.9387743593824527
601.900000	1787825325087108096	47.64123689897417	-122.13889235486006	216.97499999992334	0.25710944110425105	0.0	-2.9387743593824527
602.000000	1787825325189108224	47.64123713019032	-122.13889627728193	216.97499999992334	0.25710944110425105	0.0	-2.9387743593824527
602.100000	1787825325288108032	47.64123736140647	-122.13890019970378	216.97499999992334	0.25710944110425105	0.0	-2.9387743593824527
602.200000	1787825325387108096	47.641237592622616	-122.13890412212564	216.97499999992334	0.25710944110425105	0.0	-2.9387743593824527
602.300000	1787825325489108224	47.641237823838765	-122.1389080445475	216.97499999992334	0.25710944110425105	0.0	-2.9387743593824527
602.400000	1787825325588108288	47.64123805505491	-122.13891196696936	216.97499999992334	0.25710944110425105	0.0	-2.9387743593824527
602.500000	1787825325687108352	47.641238286271054	-122.13891588939123	216.97499999992334	0.25710944110425105	0.0	-2.9387743593824527
602.600000	1787825325789108224	47.6412385174872	-122.13891981181308	216.97499999992334	0.25710944110425105	0.0	-2.9387743593824527
602.700000	1787825325888108288	47.64123874870335	-122.13892373423494	216.97499999992334	0.25710944110425105	0.0	-2.9387743593824527
602.800000	1787825325987108352	47.6412389799195	-122.1389276566568	216.97499999992334	0.25710944110425105	0.0	-2.9387743593824527
602.900000	1787825326089108224	47.64123921113565	-122.13893157907866	216.97499999992334	0.25710944110425105	0.0	-2.9387743593824527
603.000000	1787825326188108288	47.6412394423518	-122.13893550150127	216.97499999992334	0.25710944110425105	0.0	-2.9387743593824527
603.100000	1787825326287108096	47.641239673567945	-122.13893942392414	216.97499999992334	0.25710944110425105	0.0	-2.9387743593824527
603.200000	1787825326389108224	47.64123990478409	-122.13894334634702	216.97499999992334	0.25710944110425105	0.0	-2.9387743593824527
603.300000	1787825326488108032	47.641240136000235	-122.1389472687699	216.97499999992334	0.25710944110425105	0.0	-2.9387743593824527
603.400000	1787825326587108096	47.64124036721638	-122.13895119119277	216.97499999992334	0.25710944110425105	0.0	-2.9387743593824527
603.500000	1787825326689108224	47.64124059843253	-122.13895511361565	216.97499999992334	0.25710944110425105	0.0	-2.9387743593824527
603.600000	1787825326788108032	47.64124082964868	-122.13895903603853	216.97499999992334	0.25710944110425105	0.0	-2.9387743593824527
603.700000	1787825326887108096	47.64124106086483	-122.1389629584614	216.97499999992334	0.25710944110425105	0.0	-2.9387743593824527
603.800000	1787825326989108224	47.64124129208098	-122.13896688088428	216.97499999992334	0.25710944110425105	0.0	-2.9387743593824527
603.900000	1787825327088108288	47.641241523297126	-122.13897080330716	216.97499999992334	0.25710944110425105	0.0	-2.9387743593824527
604.000000	1787825327187108352	47.641241754513274	-122.13897472573004	216.97499999992334	0.25710944110425105	0.0	-2.9387743593824527
604.100000	1787825327289108224	47.641241985729415	-122.13897864815291	216.97499999992334	0.25710944110425105	0.0	-2.9387743593824527
604.200000	1787825327388108288	47.641242216945564	-122.13898257057579	216.97499999992334	0.25710944110425105	0.0	-2.9387743593824527
604.300000	1787825327487108352	47.64124244816171	-122.13898649299867	216.97499999992334	0.25710944110425105	0.0	-2.9387743593824527
604.400000	1787825327589108224	47.64124267937786	-122.13899041542155	216.97499999992334	0.25710944110425105	0.0	-2.9387743593824527
604.500000	1787825327688108288	47.64124291059401	-122.13899433784442	216.97499999992334	0.25710944110425105	0.0	-2.9387743593824527
604.600000	1787825327787108096	47.64124314181016	-122.1389982602673	216.97499999992334	0.25710944110425105	0.0	-2.9387743593824527
604.700000	1787825327889108224	47.641243373026306	-122.13900218269018	216.97499999992334	0.25710944110425105	0.0	-2.9387743593824527
604.800000	1787825327988108032	47.641243604242455	-122.13900610511305	216.97499999992334	0.25710944110425105	0.0	-2.9387743593824527
604.900000	1787825328087108096	47.641243835458596	-122.13901002753593	216.97499999992334	0.25710944110425105	0.0	-2.9387743593824527
605.000000	1787825328189108224	47.641244066674744	-122.13901394995881	216.97499999992334	0.25710944110425105	0.0	-2.9387743593824527
605.100000	1787825328288108032	47.64124429789089	-122.13901787238169	216.97499999992334	0.25710944110425105	0.0	-2.9387743593824527
605.200000	1787825328387108096	47.64124452910704	-122.13902179480456	216.97499999992334	0.25710944110425105	0.0	-2.9387743593824527
605.300000	1787825328489108224	47.64124476032319	-122.13902571722744	216.97499999992334	0.25710944110425105	0.0	-2.9387743593824527
605.400000	1787825328588108288	47.64124499153934	-122.13902963965032	216.97499999992334	0.25710944110425105	0.0	-2.9387743593824527
605.500000	1787825328687108352	47.64124522275549	-122.1390335620732	216.97499999992334	0.25710944110425105	0.0	-2.9387743593824527
605.600000	1787825328789108224	47.641245453971635	-122.13903748449607	216.97499999992334	0.25710944110425105	0.0	-2.9387743593824527
605.700000	1787825328888108288	47.641245685187776	-122.13904140691895	216.97499999992334	0.25710944110425105	0.0	-2.9387743593824527
605.800000	1787825328987108352	47.641245916403925	-122.13904532934183	216.97499999992334	0.25710944110425105	0.0	-2.9387743593824527
605.900000	1787825329089108224	47.64124614762007	-122.1390492517647	216.97499999992334	0.25710944110425105	0.0	-2.9387743593824527
606.000000	1787825329188108288	47.64124637883622	-122.13905317418758	216.97499999992334	0.25710944110425105	0.0	-2.9387743593824527
606.100000	1787825329287108096	47.64124661005237	-122.13905709661047	216.97499999992334	0.25710944110425105	0.0	-2.9387743593824527
606.200000	1787825329389108224	47.64124684126852	-122.13906101903335	216.97499999992334	0.25710944110425105	0.0	-2.9387743593824527
606.300000	1787825329488108032	47.64124707248467	-122.13906494145623	216.97499999992334	0.25710944110425105	0.0	-2.9387743593824527
606.400000	1787825329587108096	47.641247303700816	-122.1390688638791	216.97499999992334	0.25710944110425105	0.0	-2.9387743593824527
606.500000	1787825329689108224	47.64124753491696	-122.13907278630198	216.97499999992334	0.25710944110425105	0.0	-2.9387743593824527
606.600000	1787825329788108032	47.641247766133105	-122.13907670872486	216.97499999992334	0.25710944110425105	0.0	-2.9387743593824527
606.700000	1787825329887108096	47.641247997349254	-122.13908063114773	216.97499999992334	0.25710944110425105	0.0	-2.9387743593824527
606.800000	1787825329989108224	47.6412482285654	-122.13908455357061	216.97499999992334	0.25710944110425105	0.0	-2.9387743593824527
606.900000	1787825330088108288	47.64124845978155	-122.13908847599349	216.97499999992334	0.25710944110425105	0.0	-2.9387743593824527
607.000000	1787825330187108352	47.6412486909977	-122.13909239841637	216.97499999992334	0.25710944110425105	0.0	-2.9387743593824527
607.100000	1787825330289108224	47.64124892221385	-122.13909632083924	216.97499999992334	0.25710944110425105	0.0	-2.9387743593824527
607.200000	1787825330388108288	47.641249153429996	-122.13910024326212	216.97499999992334	0.25710944110425105	0.0	-2.9387743593824527
607.300000	1787825330487108352	47.64124938464614	-122.139104165685	216.97499999992334	0.25710944110425105	0.0	-2.9387743593824527
607.400000	1787825330589108224	47.641249615862286	-122.13910808810788	216.97499999992334	0.25710944110425105	0.0	-2.9387743593824527
607.500000	1787825330688108288	47.641249847078434	-122.13911201053075	216.97499999992334	0.25710944110425105	0.0	-2.9387743593824527
607.600000	1787825330787108096	47.64125007829458	-122.13911593295363	216.97499999992334	0.25710944110425105	0.0	-2.9387743593824527
607.700000	1787825330889108224	47.64125030951073	-122.1391198553765	216.97499999992334	0.25710944110425105	0.0	-2.9387743593824527
607.800000	1787825330988108032	47.64125054072688	-122.13912377779938	216.97499999992334	0.25710944110425105	0.0	-2.9387743593824527
607.900000	1787825331087108096	47.64125077194303	-122.13912770022226	216.97499999992334	0.25710944110425105	0.0	-2.9387743593824527
608.000000	1787825331189108224	47.64125100315918	-122.13913162264514	216.97499999992334	0.25710944110425105	0.0	-2.9387743593824527
608.100000	1787825331288108032	47.64125123437532	-122.13913554506802	216.97499999992334	0.25710944110425105	0.0	-2.9387743593824527
608.200000	1787825331387108096	47.641251465591466	-122.13913946749089	216.97499999992334	0.25710944110425105	0.0	-2.9387743593824527
608.300000	1787825331489108224	47.641251696807615	-122.13914338991377	216.97499999992334	0.25710944110425105	0.0	-2.9387743593824527
608.400000	1787825331588108288	47.64125192802376	-122.13914731233665	216.97499999992334	0.25710944110425105	0.0	-2.9387743593824527
608.500000	1787825331687108352	47.64125215923991	-122.13915123475952	216.97499999992334	0.25710944110425105	0.0	-2.9387743593824527
608.600000	1787825331789108224	47.64125239045606	-122.1391551571824	216.97499999992334	0.25710944110425105	0.0	-2.9387743593824527
608.700000	1787825331888108288	47.64125262167221	-122.13915907960528	216.97499999992334	0.25710944110425105	0.0	-2.9387743593824527
608.800000	1787825331987108352	47.64125285288836	-122.13916300202825	216.97499999992334	0.25710944110425105	0.0	-2.9387743593824527
608.900000	1787825332089108224	47.6412530841045	-122.13916692445216	216.97499999992334	0.25710944110425105	0.0	-2.9387743593824527
609.000000	1787825332188108288	47.64125331532065	-122.13917084687606	216.97499999992334	0.25710944110425105	0.0	-2.9387743593824527
609.100000	1787825332287108096	47.641253546536795	-122.13917476929994	216.97499999992334	0.25710944110425105	0.0	-2.9387743593824527
609.200000	1787825332389108224	47.641253777752944	-122.13917869172384	216.97499999992334	0.25710944110425105	0.0	-2.9387743593824527
609.300000	1787825332488108032	47.64125400896909	-122.13918261414774	216.97499999992334	0.25710944110425105	0.0	-2.9387743593824527
609.400000	1787825332587108096	47.64125424018524	-122.13918653657163	216.97499999992334	0.25710944110425105	0.0	-2.9387743593824527
609.500000	1787825332689108224	47.64125447140139	-122.13919045899553	216.97499999992334	0.25710944110425105	0.0	-2.9387743593824527
609.600000	1787825332788108032	47.64125470261754	-122.13919438141943	216.97499999992334	0.25710944110425105	0.0	-2.9387743593824527
609.700000	1787825332887108096	47.64125493383368	-122.13919830384332	216.97499999992334	0.25710944110425105	0.0	-2.9387743593824527
609.800000	1787825332989108224	47.64125516504983	-122.13920222626722	216.97499999992334	0.25710944110425105	0.0	-2.9387743593824527
609.900000	1787825333088108288	47.641255396265976	-122.13920614869112	216.97499999992334	0.25710944110425105	0.0	-2.9387743593824527
610.000000	1787825333187108352	47.641255627482124	-122.139210071115	216.97499999992334	0.25710944110425105	0.0	-2.9387743593824527
610.100000	1787825333289108224	47.64125585869827	-122.1392139935389	216.97499999992334	0.25710944110425105	0.0	-2.9387743593824527
610.200000	1787825333388108288	47.64125608991442	-122.1392179159628	216.97499999992334	0.25710944110425105	0.0	-2.9387743593824527
610.300000	1787825333487108352	47.64125632113057	-122.13922183838669	216.97499999992334	0.25710944110425105	0.0	-2.9387743593824527
610.400000	1787825333589108224	47.64125655234672	-122.13922576081059	216.97499999992334	0.25710944110425105	0.0	-2.9387743593824527
610.500000	1787825333688108288	47.64125678356286	-122.13922968323448	216.97499999992334	0.25710944110425105	0.0	-2.9387743593824527
610.600000	1787825333787108096	47.64125701477901	-122.13923360565838	216.97499999992334	0.25710944110425105	0.0	-2.9387743593824527
610.700000	1787825333889108224	47.641257245995156	-122.13923752808228	216.97499999992334	0.25710944110425105	0.0	-2.9387743593824527
610.800000	1787825333988108032	47.641257477211305	-122.13924145050616	216.97499999992334	0.25710944110425105	0.0	-2.9387743593824527
610.900000	1787825334087108096	47.64125770842745	-122.13924537293006	216.97499999992334	0.25710944110425105	0.0	-2.9387743593824527
611.000000	1787825334189108224	47.6412579396436	-122.13924929535396	216.97499999992334	0.25710944110425105	0.0	-2.9387743593824527
611.100000	1787825334288108032	47.64125817085975	-122.13925321777785	216.97499999992334	0.25710944110425105	0.0	-2.9387743593824527
611.200000	1787825334387108096	47.6412584020759	-122.13925714020175	216.97499999992334	0.25710944110425105	0.0	-2.9387743593824527
611.300000	1787825334489108224	47.64125863329204	-122.13926106262565	216.97499999992334	0.25710944110425105	0.0	-2.9387743593824527
611.400000	1787825334588108288	47.64125886450819	-122.13926498504954	216.97499999992334	0.25710944110425105	0.0	-2.9387743593824527
611.500000	1787825334687108352	47.64125909572434	-122.13926890747344	216.97499999992334	0.25710944110425105	0.0	-2.9387743593824527
611.600000	1787825334789108224	47.641259326940485	-122.13927282989734	216.97499999992334	0.25710944110425105	0.0	-2.9387743593824527
611.700000	1787825334888108288	47.641259558156634	-122.13927675232122	216.97499999992334	0.25710944110425105	0.0	-2.9387743593824527
611.800000	1787825334987108352	47.64125978937278	-122.13928067474512	216.97499999992334	0.25710944110425105	0.0	-2.9387743593824527
611.900000	1787825335089108224	47.64126002058893	-122.13928459716902	216.97499999992334	0.25710944110425105	0.0	-2.9387743593824527
612.000000	1787825335188108288	47.64126025180508	-122.13928851959291	216.97499999992334	0.25710944110425105	0.0	-2.9387743593824527
612.100000	1787825335287108096	47.64126048302122	-122.13929244201681	216.97499999992334	0.25710944110425105	0.0	-2.9387743593824527
612.200000	1787825335389108224	47.64126071423737	-122.13929636444071	216.97499999992334	0.25710944110425105	0.0	-2.9387743593824527
612.300000	1787825335488108032	47.64126094545352	-122.1393002868646	216.97499999992334	0.25710944110425105	0.0	-2.9387743593824527
612.400000	1787825335587108096	47.641261176669666	-122.1393042092885	216.97499999992334	0.25710944110425105	0.0	-2.9387743593824527
612.500000	1787825335689108224	47.641261407885814	-122.13930813171238	216.97499999992334	0.25710944110425105	0.0	-2.9387743593824527
612.600000	1787825335788108032	47.64126163910196	-122.13931205413628	216.97499999992334	0.25710944110425105	0.0	-2.9387743593824527
612.700000	1787825335887108096	47.64126187031811	-122.13931597656018	216.97499999992334	0.25710944110425105	0.0	-2.9387743593824527
612.800000	1787825335989108224	47.64126210153426	-122.13931989898407	216.97499999992334	0.25710944110425105	0.0	-2.9387743593824527
612.900000	1787825336088108288	47.6412623327504	-122.13932382140797	216.97499999992334	0.25710944110425105	0.0	-2.9387743593824527
613.000000	1787825336187108352	47.64126256396655	-122.13932774383187	216.97499999992334	0.25710944110425105	0.0	-2.9387743593824527
613.100000	1787825336289108224	47.6412627951827	-122.13933166625576	216.97499999992334	0.25710944110425105	0.0	-2.9387743593824527
613.200000	1787825336388108288	47.641263026398846	-122.13933558867966	216.97499999992334	0.25710944110425105	0.0	-2.9387743593824527
613.300000	1787825336487108352	47.641263257614995	-122.13933951110356	216.97499999992334	0.25710944110425105	0.0	-2.9387743593824527
613.400000	1787825336589108224	47.64126348883114	-122.13934343352744	216.97499999992334	0.25710944110425105	0.0	-2.9387743593824527
613.500000	1787825336688108288	47.64126372004729	-122.13934735595134	216.97499999992334	0.25710944110425105	0.0	-2.9387743593824527
613.600000	1787825336787108096	47.64126395126344	-122.13935127837524	216.97499999992334	0.25710944110425105	0.0	-2.9387743593824527
613.700000	1787825336889108224	47.64126418247959	-122.13935520079913	216.97499999992334	0.25710944110425105	0.0	-2.9387743593824527
613.800000	1787825336988108032	47.64126441369573	-122.13935912322303	216.97499999992334	0.25710944110425105	0.0	-2.9387743593824527
613.900000	1787825337087108096	47.64126464491188	-122.13936304564693	216.97499999992334	0.25710944110425105	0.0	-2.9387743593824527
614.000000	1787825337189108224	47.64126487612803	-122.13936696807082	216.97499999992334	0.25710944110425105	0.0	-2.9387743593824527
614.100000	1787825337288108032	47.641265107344175	-122.13937089049472	216.97499999992334	0.25710944110425105	0.0	-2.9387743593824527
614.200000	1787825337387108096	47.64126533856032	-122.1393748129186	216.97499999992334	0.25710944110425105	0.0	-2.9387743593824527
614.300000	1787825337489108224	47.64126556977647	-122.1393787353425	216.97499999992334	0.25710944110425105	0.0	-2.9387743593824527
614.400000	1787825337588108288	47.64126580099262	-122.1393826577664	216.97499999992334	0.25710944110425105	0.0	-2.9387743593824527
614.500000	1787825337687108352	47.64126603220877	-122.13938658019029	216.97499999992334	0.25710944110425105	0.0	-2.9387743593824527
614.600000	1787825337789108224	47.64126626342491	-122.13939050261419	216.97499999992334	0.25710944110425105	0.0	-2.9387743593824527
614.700000	1787825337888108288	47.64126649464106	-122.13939442503855	216.97499999992334	0.25710944110425105	0.0	-2.9387743593824527
614.800000	1787825337987108352	47.64126672585721	-122.13939834746346	216.97499999992334	0.25710944110425105	0.0	-2.9387743593824527
614.900000	1787825338089108224	47.641266957073356	-122.13940226988836	216.97499999992334	0.25710944110425105	0.0	-2.9387743593824527
615.000000	1787825338188108288	47.641267188289504	-122.13940619231329	216.97499999992334	0.25710944110425105	0.0	-2.9387743593824527
615.100000	1787825338287108096	47.64126741950565	-122.1394101147382	216.97499999992334	0.25710944110425105	0.0	-2.9387743593824527
615.200000	1787825338389108224	47.6412676507218	-122.1394140371631	216.97499999992334	0.25710944110425105	0.0	-2.9387743593824527
615.300000	1787825338488108032	47.64126788193795	-122.13941795958803	216.97499999992334	0.25710944110425105	0.0	-2.9387743593824527
615.400000	1787825338587108096	47.64126811315409	-122.13942188201294	216.97499999992334	0.25710944110425105	0.0	-2.9387743593824527
615.500000	1787825338689108224	47.64126834437024	-122.13942580443785	216.97499999992334	0.25710944110425105	0.0	-2.9387743593824527
615.600000	1787825338788108032	47.64126857558639	-122.13942972686276	216.97499999992334	0.25710944110425105	0.0	-2.9387743593824527
615.700000	1787825338887108096	47.641268806802536	-122.13943364928768	216.97499999992334	0.25710944110425105	0.0	-2.9387743593824527
615.800000	1787825338989108224	47.641269038018685	-122.13943757171259	216.97499999992334	0.25710944110425105	0.0	-2.9387743593824527
615.900000	1787825339088108288	47.64126926923483	-122.1394414941375	216.97499999992334	0.25710944110425105	0.0	-2.9387743593824527
616.000000	1787825339187108352	47.64126950045098	-122.13944541656241	216.97499999992334	0.25710944110425105	0.0	-2.9387743593824527
616.100000	1787825339289108224	47.64126973166713	-122.13944933898733	216.97499999992334	0.25710944110425105	0.0	-2.9387743593824527
616.200000	1787825339388108288	47.64126996288327	-122.13945326141224	216.97499999992334	0.25710944110425105	0.0	-2.9387743593824527
616.300000	1787825339487108352	47.64127019409942	-122.13945718383715	216.97499999992334	0.25710944110425105	0.0	-2.9387743593824527
616.400000	1787825339589108224	47.64127042531557	-122.13946110626208	216.97499999992334	0.25710944110425105	0.0	-2.9387743593824527
616.500000	1787825339688108288	47.64127065653172	-122.13946502868698	216.97499999992334	0.25710944110425105	0.0	-2.9387743593824527
616.600000	1787825339787108096	47.641270887747865	-122.1394689511119	216.97499999992334	0.25710944110425105	0.0	-2.9387743593824527
616.700000	1787825339889108224	47.64127111896401	-122.1394728735368	216.97499999992334	0.25710944110425105	0.0	-2.9387743593824527
616.800000	1787825339988108032	47.64127135018016	-122.13947679596173	216.97499999992334	0.25710944110425105	0.0	-2.9387743593824527
616.900000	1787825340087108096	47.64127158139631	-122.13948071838664	216.97499999992334	0.25710944110425105	0.0	-2.9387743593824527
617.000000	1787825340189108224	47.64127181261245	-122.13948464081155	216.97499999992334	0.25710944110425105	0.0	-2.9387743593824527
617.100000	1787825340288108032	47.6412720438286	-122.13948856323645	216.97499999992334	0.25710944110425105	0.0	-2.9387743593824527
617.200000	1787825340387108096	47.64127227504475	-122.13949248566138	216.97499999992334	0.25710944110425105	0.0	-2.9387743593824527
617.300000	1787825340489108224	47.6412725062609	-122.13949640808629	216.97499999992334	0.25710944110425105	0.0	-2.9387743593824527
617.400000	1787825340588108288	47.641272737477045	-122.1395003305112	216.97499999992334	0.25710944110425105	0.0	-2.9387743593824527
617.500000	1787825340687108352	47.641272968693194	-122.1395042529361	216.97499999992334	0.25710944110425105	0.0	-2.9387743593824527
617.600000	1787825340789108224	47.64127319990934	-122.13950817536103	216.97499999992334	0.25710944110425105	0.0	-2.9387743593824527
617.700000	1787825340888108288	47.64127343112549	-122.13951209778594	216.97499999992334	0.25710944110425105	0.0	-2.9387743593824527
617.800000	1787825340987108352	47.64127366234163	-122.13951602021085	216.97499999992334	0.25710944110425105	0.0	-2.9387743593824527
617.900000	1787825341089108224	47.64127389355778	-122.13951994263577	216.97499999992334	0.25710944110425105	0.0	-2.9387743593824527
618.000000	1787825341188108288	47.64127412477393	-122.13952386506068	216.97499999992334	0.25710944110425105	0.0	-2.9387743593824527
618.100000	1787825341287108096	47.64127435599008	-122.13952778748559	216.97499999992334	0.25710944110425105	0.0	-2.9387743593824527
618.200000	1787825341389108224	47.641274587206226	-122.1395317099105	216.97499999992334	0.25710944110425105	0.0	-2.9387743593824527
618.300000	1787825341488108032	47.641274818422374	-122.13953563233542	216.97499999992334	0.25710944110425105	0.0	-2.9387743593824527
618.400000	1787825341587108096	47.64127504963852	-122.13953955476033	216.97499999992334	0.25710944110425105	0.0	-2.9387743593824527
618.500000	1787825341689108224	47.64127528085467	-122.13954347718524	216.97499999992334	0.25710944110425105	0.0	-2.9387743593824527
618.600000	1787825341788108032	47.64127551207081	-122.13954739961015	216.97499999992334	0.25710944110425105	0.0	-2.9387743593824527
618.700000	1787825341887108096	47.64127574328696	-122.13955132203508	216.97499999992334	0.25710944110425105	0.0	-2.9387743593824527
618.800000	1787825341989108224	47.64127597450311	-122.13955524445998	216.97499999992334	0.25710944110425105	0.0	-2.9387743593824527
618.900000	1787825342088108288	47.64127620571926	-122.1395591668849	216.97499999992334	0.25710944110425105	0.0	-2.9387743593824527
619.000000	1787825342187108352	47.64127643693541	-122.13956308930982	216.97499999992334	0.25710944110425105	0.0	-2.9387743593824527
619.100000	1787825342289108224	47.641276668151555	-122.13956701173473	216.97499999992334	0.25710944110425105	0.0	-2.9387743593824527
619.200000	1787825342388108288	47.6412768993677	-122.13957093415964	216.97499999992334	0.25710944110425105	0.0	-2.9387743593824527
619.300000	1787825342487108352	47.64127713058385	-122.13957485658455	216.97499999992334	0.25710944110425105	0.0	-2.9387743593824527
619.400000	1787825342589108224	47.64127736179999	-122.13957877900947	216.97499999992334	0.25710944110425105	0.0	-2.9387743593824527
619.500000	1787825342688108288	47.64127759301614	-122.13958270143438	216.97499999992334	0.25710944110425105	0.0	-2.9387743593824527
619.600000	1787825342787108096	47.64127782423229	-122.13958662385929	216.97499999992334	0.25710944110425105	0.0	-2.9387743593824527
619.700000	1787825342889108224	47.64127805544844	-122.1395905462842	216.97499999992334	0.25710944110425105	0.0	-2.9387743593824527
619.800000	1787825342988108032	47.64127828666459	-122.13959446870912	216.97499999992334	0.25710944110425105	0.0	-2.9387743593824527
619.900000	1787825343087108096	47.641278517880735	-122.13959839113403	216.97499999992334	0.25710944110425105	0.0	-2.9387743593824527
620.000000	1787825343189108224	47.641278749096884	-122.13960231355894	216.97499999992334	0.25710944110425105	0.0	-2.9387743593824527
620.100000	1787825343288108032	47.64127898031303	-122.13960623598385	216.97499999992334	0.25710944110425105	0.0	-2.9387743593824527
620.200000	1787825343387108096	47.641279211529174	-122.13961015840877	216.97499999992334	0.25710944110425105	0.0	-2.9387743593824527
620.300000	1787825343489108224	47.64127944274532	-122.13961408083368	216.97499999992334	0.25710944110425105	0.0	-2.9387743593824527
620.400000	1787825343588108288	47.64127967396147	-122.13961800325859	216.97499999992334	0.25710944110425105	0.0	-2.9387743593824527
620.500000	1787825343687108352	47.64127990517762	-122.13962192568351	216.97499999992334	0.25710944110425105	0.0	-2.9387743593824527
620.600000	1787825343789108224	47.64128013639377	-122.13962584810926	216.97499999992334	0.25710944110425105	0.0	-2.9387743593824527
620.700000	1787825343888108288	47.641280367609916	-122.1396297705352	216.97499999992334	0.25710944110425105	0.0	-2.9387743593824527
620.800000	1787825343987108352	47.641280598826064	-122.13963369296113	216.97499999992334	0.25710944110425105	0.0	-2.9387743593824527
620.900000	1787825344089108224	47.64128083004221	-122.13963761538706	216.97499999992334	0.25710944110425105	0.0	-2.9387743593824527
621.000000	1787825344188108288	47.641281061258354	-122.13964153781298	216.97499999992334	0.25710944117464435	0.0	-2.938774359376294
621.100000	1787825344287108096	47.64128129247493	-122.13964546023868	216.97499999992334	0.25711111795641645	0.0	-2.9387742126764156
621.200000	1787825344389108224	47.641281523696556	-122.13964938266342	216.97499999992334	0.25712214304082265	0.0	-2.938773248079338
621.300000	1787825344488108032	47.641281754935704	-122.13965330508601	216.97499999992334	0.2571515268230278	0.0	-2.938770677055505
621.400000	1787825344587108096	47.64128198621288	-122.13965722750368	216.97499999992334	0.25720827964394427	0.0	-2.9387657104558857
621.500000	1787825344689108224	47.641282217556785	-122.13966114991264	216.97499999992334	0.25730141172890614	0.0	-2.9387575578109533
621.600000	1787825344788108032	47.64128244900415	-122.13966507230816	216.97499999992334	0.25743993310195024	0.0	-2.938745426353421
621.700000	1787825344887108096	47.641282680599915	-122.1396689946845	216.97499999992334	0.25763285347569687	0.0	-2.9387285197647395
621.800000	1787825344989108224	47.641282912396974	-122.13967291703462	216.97499999992334	0.2578891821164841	0.0	-2.9387060366453763
621.900000	1787825345088108288	47.641283144456445	-122.1396768393506	216.97499999992334	0.25821792768445123	0.0	-2.938677168708913
622.000000	1787825345187108352	47.641283376847504	-122.13968076162335	216.97499999992334	0.25862809804803644	0.0	-2.9386410986999993
622.100000	1787825345289108224	47.64128360964741	-122.13968468384262	216.97499999992334	0.259128700072194	0.0	-2.9385969980362363
622.200000	1787825345388108288	47.64128384294151	-122.13968860599729	216.97499999992334	0.25972873937945656	0.0	-2.938544024174054
622.300000	1787825345487108352	47.64128407682336	-122.13969252807473	216.97499999992334	0.26043722008282627	0.0	-2.9384813176986873
622.400000	1787825345589108224	47.64128431139445	-122.13969645006165	216.97499999992334	0.26126314448900567	0.0	-2.9384079991383767
622.500000	1787825345688108288	47.64128454676445	-122.13970037194315	216.97499999992334	0.26221551277064364	0.0	-2.9383231655029225
622.600000	1787825345787108096	47.64128478305114	-122.13970429370325	216.97499999992334	0.2633033226054411	0.0	-2.9382258865467814
622.700000	1787825345889108224	47.641285020380344	-122.13970821532465	216.97499999992334	0.26453556878016027	0.0	-2.938115200756914
622.800000	1787825345988108032	47.64128525888602	-122.13971213678883	216.97499999992334	0.26592124275690476	0.0	-2.937990111065609
622.900000	1787825346087108096	47.641285498710175	-122.13971605807592	216.97499999992334	0.2674693321988446	0.0	-2.9378495802885807
623.000000	1787825346189108224	47.64128574000292	-122.13971997916451	216.97499999992334	0.2691888204521137	0.0	-2.9376925262886657
623.100000	1787825346288108032	47.64128598292242	-122.13972390003192	216.97499999992334	0.27108868598032404	0.0	-2.9375178168654816
623.200000	1787825346387108096	47.641286227634936	-122.13972782065369	216.97499999992334	0.27317790174740847	0.0	-2.937324264371499
623.300000	1787825346489108224	47.64128647431476	-122.13973174100387	216.97499999992334	0.2754654345445991	0.0	-2.937110620054996
623.400000	1787825346588108288	47.64128672314427	-122.13973566105479	216.97499999992334	0.2779602442561684	0.0	-2.9368755681304815
623.500000	1787825346687108352	47.64128697431388	-122.13973958077695	216.97499999992334	0.2806712830587103	0.0	-2.9366177195772116
623.600000	1787825346789108224	47.64128722802208	-122.13974350013898	216.97499999992334	0.2836074945479014	0.0	-2.936335605666516
623.700000	1787825346888108288	47.64128748447538	-122.1397474191073	216.97499999992334	0.2867778127860604	0.0	-2.9360276712187727
623.800000	1787825346987108352	47.64128774388834	-122.13975133764653	216.97499999992334	0.2901911612635827	0.0	-2.9356922675909303
623.900000	1787825347089108224	47.6412880064835	-122.13975525571882	216.97499999992334	0.2938564517663673	0.0	-2.935327645395649
624.000000	1787825347188108288	47.64128827249143	-122.13975917328389	216.97499999992334	0.297782583140988	0.0	-2.9349319469532107
624.100000	1787825347287108096	47.64128854215075	-122.1397630902991	216.97499999992334	0.3019784399487958	0.0	-2.934503198477517
624.200000	1787825347389108224	47.641288815707966	-122.13976700671884	216.97499999992334	0.30645289099909206	0.0	-2.9340393019976716
624.300000	1787825347488108032	47.64128909341758	-122.13977092249479	216.97499999992334	0.3112147877513553	0.0	-2.9335380270167906
624.400000	1787825347587108096	47.64128937554211	-122.13977483757539	216.97499999992334	0.31627296257539805	0.0	-2.9329970019099005
624.500000	1787825347689108224	47.64128966235192	-122.13977875190602	216.97499999992334	0.3216362268578506	0.0	-2.9324137050630035
624.600000	1787825347788108032	47.64128995412534	-122.13978266542841	216.97499999992334	0.32731336894246155	0.0	-2.9317854557556258
624.700000	1787825347887108096	47.64129025114856	-122.13978657808067	216.97499999992334	0.33331315189122535	0.0	-2.9311094047894257
624.800000	1787825347989108224	47.64129055371569	-122.13979048979715	216.97499999992334	0.3396443110521157	0.0	-2.9303825248657582
624.900000	1787825348088108288	47.641290862128656	-122.13979440050772	216.97499999992334	0.3463155514189143	0.0	-2.929601600715377
625.000000	1787825348187108352	47.64129117669717	-122.1397983101381	216.97499999992334	0.35333554476748563	0.0	-2.928763218983834
625.100000	1787825348289108224	47.64129149773876	-122.1398022186091	216.97499999992334	0.3607129265520603	0.0	-2.9278637578765396
625.200000	1787825348388108288	47.6412918255787	-122.13980612583677	216.97499999992334	0.3684562925444361	0.0	-2.92689937656782
625.300000	1787825348487108352	47.64129216054991	-122.13981003173176	216.97499999992334	0.37657419519776936	0.0	-2.9258660043788467
625.400000	1787825348589108224	47.64129250299311	-122.13981393619908	216.97499999992334	0.3850751397162375	0.0	-2.9247593297297483
625.500000	1787825348688108288	47.64129285325653	-122.13981783913783	216.97499999992334	0.39396757981061414	0.0	-2.9235747888718104
625.600000	1787825348787108096	47.641293211696	-122.13982174044085	216.97499999992334	0.40325991311888193	0.0	-2.922307554406284
625.700000	1787825348889108224	47.641293578674954	-122.13982563999453	216.97499999992334	0.41296047627044663	0.0	-2.9209525235969127
625.800000	1787825348988108032	47.64129395456417	-122.13982953767811	216.97499999992334	0.4230775395711265	0.0	-2.919504306484086
625.900000	1787825349087108096	47.64129433974194	-122.13983343336346	216.97499999992334	0.4336193012855823	0.0	-2.917957213809224
626.000000	1787825349189108224	47.64129473459381	-122.13983732691456	216.97499999992334	0.4445938814926958	0.0	-2.9163052447588442
626.100000	1787825349288108032	47.64129513951265	-122.13984121818724	216.97499999992334	0.4560093154884602	0.0	-2.9145420745387143
626.200000	1787825349387108096	47.641295554898505	-122.13984510702873	216.97499999992334	0.4678735467101949	0.0	-2.912661041789365
626.300000	1787825349489108224	47.641295981158486	-122.13984899327714	216.97499999992334	0.4801944191547027	0.0	-2.9106551358553903
626.400000	1787825349588108288	47.641296418706766	-122.13985287676083	216.97499999992334	0.4929796692623745	0.0	-2.9085169839219858
626.500000	1787825349687108352	47.64129686796435	-122.13985675729816	216.97499999992334	0.5062369172381102	0.0	-2.9062388380334365
626.600000	1787825349789108224	47.64129732935912	-122.139860634697	216.97499999992334	0.5199736577790178	0.0	-2.9038125620095716
626.700000	1787825349888108288	47.641297803325585	-122.1398645087538	216.97499999992334	0.5341972501782147	0.0	-2.9012296182775192
626.800000	1787825349987108352	47.641298290304796	-122.13986837925368	216.97499999992334	0.5489149077727855	0.0	-2.8984810546376663
626.900000	1787825350089108224	47.64129879074427	-122.13987224596936	216.97499999992334	0.5641336867035313	0.0	-2.8955574909842436
627.000000	1787825350188108288	47.6412993050978	-122.1398761086607	216.97499999992334	0.5798604739531933	0.0	-2.8924491060026383
627.100000	1787825350287108096	47.641299833825215	-122.13987996707425	216.97499999992334	0.5961019746288179	0.0	-2.889145623867428
627.200000	1787825350389108224	47.64130037739234	-122.13988382094247	216.97499999992334	0.6128646984536554	0.0	-2.8856363009669104
627.300000	1787825350488108032	47.641300936270795	-122.13988766998322	216.97499999992334	0.6301549454328469	0.0	-2.8819099126820764
627.400000	1787825350587108096	47.64130151093768	-122.139891513899	216.97499999992334	0.6479787906569167	0.0	-2.877954740250007
627.500000	1787825350689108224	47.64130210187551	-122.13989535237639	216.97499999992334	0.6663420682063783	0.0	-2.8737585577440448
627.600000	1787825350788108032	47.64130270957195	-122.13989918508507	216.97499999992334	0.6852503541200942	0.0	-2.8693086192054995
627.700000	1787825350887108096	47.64130333451944	-122.13990301167783	216.97499999992334	0.7047089483899672	0.0	-2.864591645964184
627.800000	1787825350989108224	47.64130397721522	-122.1399068317889	216.97499999992334	0.7247228559439095	0.0	-2.8595938141878103
627.900000	1787825351088108288	47.64130463816081	-122.13991064503398	216.97499999992334	0.7452967665790061	0.0	-2.854300742703117
628.000000	1787825351187108352	47.64130531786177	-122.13991445100902	216.97499999992334	0.7664350338067428	0.0	-2.8486974811345522
628.100000	1787825351289108224	47.641306016827464	-122.1399182492897	216.97499999992334	0.7881416525718277	0.0	-2.842768498409611
628.200000	1787825351388108288	47.641306735570645	-122.13992203943067	216.97499999992334	0.8104202358066788	0.0	-2.836497671683115
628.300000	1787825351487108352	47.64130747460716	-122.13992582096454	216.97499999992334	0.8332739897837358	0.0	-2.829868275736272
628.400000	1787825351589108224	47.641308234455515	-122.1399295934011	216.97499999992334	0.8567056882281756	0.0	-2.8228629729099803
628.500000	1787825351688108288	47.64130901563655	-122.13993335622683	216.97499999992334	0.8807176451545421	0.0	-2.8154638036355797
628.600000	1787825351787108096	47.64130981867293	-122.13993710890368	216.97499999992334	0.9053116863910168	0.0	-2.807652177630366
628.700000	1787825351889108224	47.64131064408873	-122.1399408508684	216.97499999992334	0.9304891197568056	0.0	-2.799408865829158
628.800000	1787825351988108032	47.64131149240903	-122.13994458153157	216.97499999992334	0.9562507038586687	0.0	-2.7907139931276523
628.900000	1787825352087108096	47.641312364159226	-122.13994830027688	216.97499999992334	0.9825966154747349	0.0	-2.781547032017665
629.000000	1787825352189108224	47.64131325986465	-122.13995200646022	216.97499999980135	1.0095263169037176	-9.759524258355371e-08	-2.7718865267002526
629.100000	1787825352288108032	47.64131418002201	-122.13995569930195	216.97499709390297	1.0369473668357057	-8.402950460510125e-05	-2.761481067543555
629.200000	1787825352387108096	47.64131512501468	-122.13995937761887	216.97497798719422	1.0647526108715775	-0.0003241138034719483	-2.7501202866705405
629.300000	1787825352489108224	47.641316095169785	-122.13996304013088	216.97492706443614	1.09290113564013	-0.0007203504918457386	-2.737797275775509
629.400000	1787825352588108288	47.641317090777385	-122.13996668554968	216.9748287103897	1.1213512686019855	-0.0012727395697281658	-2.7245060831545502
629.500000	1787825352687108352	47.641318112089685	-122.13997031257972	216.97466730981589	1.1500606358002963	-0.0019812810371171896	-2.7102417787058117
629.600000	1787825352789108224	47.64131915932051	-122.13997391991937	216.9744272474759	1.1789862219875658	-0.002845974894014396	-2.69500051612917
629.700000	1787825352888108288	47.64132023264479	-122.13997750626275	216.97409290813079	1.208084433069019	-0.003866821140418773	-2.678779592115812
629.800000	1787825352987108352	47.641321332197926	-122.13998107030123	216.9736486765416	1.2373111607856642	-0.005043819776330661	-2.661577502324986
629.900000	1787825353089108224	47.641322458075486	-122.13998461072492	216.97307893746932	1.2666218495445376	-0.006376970801748345	-2.6433939939529574
630.000000	1787825353188108288	47.641323610332826	-122.13998812622448	216.972368075675	1.2959715652874084	-0.007866274216674898	-2.6242301147075477
630.100000	1787825353287108096	47.64132478898468	-122.1399916154927	216.9715004759198	1.3253150662734035	-0.009511730021106793	-2.6040882580110183
630.200000	1787825353389108224	47.641325994005086	-122.13999507722671	216.97046052296457	1.3546068756367102	-0.011313338215046426	-2.5829722042636933
630.300000	1787825353488108032	47.64132722532702	-122.1399985101296	216.96923260157058	1.3838013555652984	-0.013271098798496413	-2.560887158012029
630.400000	1787825353587108096	47.64132848284236	-122.14000191291221	216.96780109649876	1.4128527829337079	-0.015385011771451625	-2.537839780875894
630.500000	1787825353689108224	47.64132976640194	-122.14000528429551	216.96615039251012	1.4417154262094707	-0.017655077133913434	-2.513838220102358
630.600000	1787825353788108032	47.64133107581543	-122.14000862301208	216.96426487436577	1.4703436234402567	-0.020081294885882294	-2.4888921326263014
630.700000	1787825353887108096	47.64133241085153	-122.14001192780862	216.96212892682672	1.4986918611184001	-0.022663665027359458	-2.4630127045317227
630.800000	1787825353989108224	47.64133377123806	-122.14001519744765	216.95972693465396	1.5267148537081672	-0.025402187558345266	-2.436212665822072
630.900000	1787825354088108288	47.64133515666231	-122.14001843070986	216.95704328260868	1.5543676236123367	-0.028296862478835737	-2.4085063004225273
631.000000	1787825354187108352	47.64133656677125	-122.14002162639584	216.95406235545195	1.5816055813461802	-0.03134768978883508	-2.3799094513527037
631.100000	1787825354289108224	47.64133800117197	-122.14002478332861	216.95076853794473	1.6083846056792899	-0.03455466948833862	-2.3504395210241755
631.200000	1787825354388108288	47.64133945943211	-122.14002790035528	216.94714621484803	1.6346611235003632	-0.03791780157735331	-2.3201154666332306
631.300000	1787825354487108352	47.64134094108043	-122.1400309763493	216.94317977092305	1.6603921891541842	-0.04143708605587495	-2.2889577906360827
631.400000	1787825354589108224	47.641342445607314	-122.14003401021263	216.93885359093068	1.685535562997165	-0.04511252292390294	-2.2569885263104266
631.500000	1787825354688108288	47.64134397246561	-122.14003700087748	216.93415205963203	1.7100497889149453	-0.048944112181439826	-2.224231218423857
631.600000	1787825354787108096	47.64134552107118	-122.14003994730865	216.9290595617882	1.7338942705439941	-0.05293185382848033	-2.1907108990478448
631.700000	1787825354889108224	47.641347090803826	-122.14004284850525	216.92356048216016	1.7570293459399298	-0.05707574786503028	-2.1564540585714926
631.800000	1787825354988108032	47.64134868100815	-122.14004570350262	216.91763920550898	1.779416360435792	-0.06137579429109001	-2.12148861198784
631.900000	1787825355087108096	47.641350290994424	-122.14004851137464	216.9112801165957	1.8010177374367917	-0.06583199310665554	-2.085843860541233
632.000000	1787825355189108224	47.641351920039654	-122.14005127123465	216.9044676001814	1.8217970469014269	-0.07044434431172768	-2.049550448841168
632.100000	1787825355288108032	47.64135356738867	-122.14005398223813	216.8971860410271	1.841719071264033	-0.07521284790630287	-2.0126403175649035
632.200000	1787825355387108096	47.641355232255144	-122.14005664358397	216.88941982389392	1.8607498685604846	-0.08013750389039034	-1.9751466518858791
632.300000	1787825355489108224	47.64135691382285	-122.14005925451593	216.8811533335428	1.878856832525936	-0.0852183122639859	-1.9371038257816315
632.400000	1787825355588108288	47.641358611246815	-122.14006181432494	216.8723709547349	1.8960087494423299	-0.09045527302708896	-1.8985473423883026
632.500000	1787825355687108352	47.64136032365472	-122.1400643223495	216.86305707223124	1.9121758515235459	-0.09584838617969861	-1.8595137705838183
632.600000	1787825355789108224	47.64136205014807	-122.14006677797789	216.8531960707929	1.9273298666364302	-0.1013976517218085	-1.8200406779953793
632.700000	1787825355888108288	47.64136378980369	-122.14006918064895	216.84277233518077	1.9414440641685125	-0.10710306965343351	-1.7801665606381956
632.800000	1787825355987108352	47.64136554167504	-122.14007152985366	216.83177025015596	1.9544932968656243	-0.11296463997456717	-1.7399307694056858
632.900000	1787825356089108224	47.64136730479372	-122.14007382513603	216.82017420047958	1.9664540384770308	-0.11898236268520321	-1.6993734336406647
633.000000	1787825356188108288	47.641369078170904	-122.14007606609397	216.80796857091255	1.9773044170599532	-0.1251562377853504	-1.6585353820271
633.100000	1787825356287108096	47.64137086079885	-122.14007825238043	216.79513774621617	1.9870242438109311	-0.13148626527499724	-1.6174580610513503
633.200000	1787825356389108224	47.641372651652425	-122.14008038370405	216.7816661111514	1.9955950373078872	-0.1379724451541575	-1.5761834512879511
633.300000	1787825356488108032	47.64137444969063	-122.14008245982974	216.7675380504792	2.003000043063068	-0.14461477742282924	-1.534753981772558
633.400000	1787825356587108096	47.6413762538582	-122.14008448057928	216.75273794896057	2.009224248304706	-0.15141326208100284	-1.4932124427286673
633.500000	1787825356689108224	47.64137806308715	-122.14008644583186	216.7372501913567	2.0142543919229707	-0.15836789912868526	-1.4516018969191062
633.600000	1787825356788108032	47.641379876298416	-122.14008835552413	216.72105916242856	2.018078969533422	-0.1654786885658691	-1.40996558989615
633.700000	1787825356887108096	47.6413816924033	-122.14009020965075	216.70414924693722	2.020688233630131	-0.17274563039256233	-1.3683468594244843
633.800000	1787825356989108224	47.641383510305154	-122.14009200826392	216.68650482964372	2.022074188818722	-0.18016872460877217	-1.3267890443522794
633.900000	1787825357088108288	47.64138532890092	-122.140093751474	216.66811029530913	2.0222305821383073	-0.18774797121448328	-1.285335393203471
634.000000	1787825357187108352	47.64138714708271	-122.1400954394487	216.64895002869463	2.021152888499963	-0.195483370209701	-1.2440289727620066
634.100000	1787825357289108224	47.64138896373933	-122.1400970724131	216.62900841456107	2.0188382912878007	-0.20337492159442175	-1.2029125769154712
634.200000	1787825357388108288	47.64139077775779	-122.14009865064924	216.60826983766958	2.0152856581867997	-0.21142262536865253	-1.1620286360192522
634.300000	1787825357487108352	47.64139258802487	-122.14010017449546	216.5867186827811	2.010495512320103	-0.2196264815323982	-1.1214191270373373
634.400000	1787825357589108224	47.64139439342852	-122.14010164434575	216.56433933465686	2.0044699987956673	-0.22798649008564684	-1.0811254847071052
634.500000	1787825357688108288	47.64139619285933	-122.140103060649	216.5411161780578	1.9972128467796268	-0.2365026510283998	-1.041188513967169
634.600000	1787825357787108096	47.64139798521201	-122.14010442390801	216.51703359774504	1.9887293272305129	-0.24517496436065525	-1.0016483038779602
634.700000	1787825357889108224	47.641399769386574	-122.14010573467887	216.49207597847948	1.9790262064445632	-0.25400343008242354	-0.9625441432527541
634.800000	1787825357988108032	47.64140154428987	-122.14010699356899	216.46622770502228	1.968111695577983	-0.26298804819370736	-0.9239144382060296
634.900000	1787825358087108096	47.64140330883667	-122.14010820123701	216.43947316213442	1.9559953963266572	-0.27212881869449124	-0.8857966318122487
635.000000	1787825358189108224	47.64140506195106	-122.14010935839038	216.4117967345771	1.94268824295826	-0.28142574158478173	-0.8482271260547397
635.100000	1787825358288108032	47.641406802567545	-122.14011046578479	216.38318280711135	1.9282024409046667	-0.2908788168645741	-0.8112412062302091
635.200000	1787825358387108096	47.641408529632095	-122.1401115242219	216.353615764498	1.9125514021351355	-0.30048804453387995	-0.7748729679582703
635.300000	1787825358489108224	47.64141024210327	-122.14011253454821	216.32307999149828	1.8957496775425646	-0.31025342459269956	-0.7391552469304004
635.400000	1787825358588108288	47.64141193895324	-122.14011349765322	216.29155987287322	1.8778128865852268	-0.320174957041021	-0.7041195515153247
635.500000	1787825358687108352	47.64141361916866	-122.1401144144675	216.25903979338375	1.8587576444367402	-0.33025264187884906	-0.6697959983213959
635.600000	1787825358789108224	47.6414152817515	-122.14011528596083	216.2255041377911	1.838601486905497	-0.34048647910617613	-0.6362132507994486
635.700000	1787825358888108288	47.6414169257199	-122.14011611314022	216.19093729085623	1.8173627933927643	-0.3508764687230172	-0.6033984609510314
635.800000	1787825358987108352	47.64141855010897	-122.14011689704796	216.15532363734027	1.7950607081656893	-0.36142261072937487	-0.5713772141902805
635.900000	1787825359089108224	47.64142015397124	-122.14011763875939	216.11864756200418	1.771715060227384	-0.37212490512523155	-0.5401734773887734
636.000000	1787825359188108288	47.64142173637738	-122.14011833938075	216.08089344960894	1.747346282070974	-0.38298335191059707	-0.5098095501150176
636.100000	1787825359287108096	47.64142329641667	-122.1401190000468	216.0420456849158	1.7219753276096488	-0.39399795108545893	-0.48030601906293935
636.200000	1787825359389108224	47.641424833197476	-122.14011962191879	216.00208865268573	1.695623589577086	-0.40516870264983756	-0.4516817156450862
636.300000	1787825359488108032	47.64142634584755	-122.14012020618172	215.9610067376796	1.6683128166957581	-0.4164956066037333	-0.42395367670977874
636.400000	1787825359587108096	47.64142783351433	-122.14012075404227	215.91878432465862	1.6400650309121112	-0.4279786629471253	-0.3971371083235517
636.500000	1787825359689108224	47.64142929536512	-122.140121266726	215.87540579838387	1.6109024449984672	-0.4396178716800261	-0.371245352544152
636.600000	1787825359788108032	47.64143073058729	-122.14012174547531	215.83085554361645	1.5808473808224162	-0.45141323280242485	-0.34628985709339577
636.700000	1787825359887108096	47.64143213838831	-122.14012219154621	215.78511794511732	1.5499221885832282	-0.4633647463143387	-0.3222801478231417
636.800000	1787825359989108224	47.64143351799567	-122.14012260620635	215.73817738764734	1.518149167314827	-0.47547241221577263	-0.2992238038537587
636.900000	1787825360088108288	47.64143486865695	-122.14012299073227	215.69001825596774	1.485550486953005	-0.48773623050670206	-0.27712643524977754
637.000000	1787825360187108352	47.64143618963951	-122.14012334640657	215.64062493483962	1.4521481122625859	-0.5001562011871381	-0.2559916630848569
637.100000	1787825360289108224	47.6414374803718	-122.14012367454994	215.5899872109208	1.4184298635873744	-0.5125722680578277	-0.2358963611869098
637.200000	1787825360388108288	47.6414387408483	-122.14012397660014	215.53811568793432	1.3848645091047236	-0.5248321825390199	-0.2168859352402143
637.300000	1787825360487108352	47.641439971218304	-122.14012425397922	215.48502598111924	1.3514779361174691	-0.5369359446307141	-0.19892168701213556
637.400000	1787825360589108224	47.64144117165359	-122.14012450805804	215.43073370571446	1.3182943321228504	-0.5488835543328906	-0.1819654712359131
637.500000	1787825360688108288	47.64144234234694	-122.14012474015682	215.37525447695887	1.2853362669001225	-0.5606750116455607	-0.16597973380444866
637.600000	1787825360787108096	47.64144348351075	-122.14012495154618	215.31860391009167	1.2526247723498514	-0.5723103165687157	-0.15092754585956397
637.700000	1787825360889108224	47.64144459537566	-122.14012514344797	215.26079762035155	1.2201794200318612	-0.5837894691023703	-0.13677263402972736
637.800000	1787825360988108032	47.641445678189314	-122.14012531703592	215.20185122297747	1.1880183963617574	-0.5951124692465265	-0.12347940705889872
637.900000	1787825361087108096	47.641446732215066	-122.14012547343653	215.14178033320846	1.1561585754363894	-0.6062793170011678	-0.11101297905828522
638.000000	1787825361189108224	47.64144775773088	-122.14012561373082	215.0806005662835	1.1246155894689749	-0.6172900123663002	-0.09933918960255717
638.100000	1787825361288108032	47.64144875502831	-122.14012573895437	215.01832753744148	1.0934038968244302	-0.6281445553419205	-0.08842462088181047
638.200000	1787825361387108096	47.641449724411366	-122.14012585009843	214.95497686192144	1.0625368476529968	-0.6388429459280398	-0.0782366121101596
638.300000	1787825361489108224	47.64145066619558	-122.14012594811152	214.8905641549621	1.032026747128745	-0.649385184124658	-0.06874327138225121
638.400000	1787825361588108288	47.64145158070712	-122.14012603389975	214.82510503180274	1.0018849163059615	-0.6597712699317617	-0.059913485158965635
638.500000	1787825361687108352	47.641452468281884	-122.14012610832873	214.75861510768206	0.9721217506124177	-0.6700012033493588	-0.05171692555422964
638.600000	1787825361789108224	47.64145332926476	-122.14012617222367	214.6911099978392	0.9427467760052384	-0.6800749843774422	-0.04412405558576688
638.700000	1787825361888108288	47.64145416400885	-122.14012622637107	214.62260531751286	0.9137687028184626	-0.689992613016024	-0.03710613254336438
638.800000	1787825361987108352	47.641454972874676	-122.14012627151963	214.55311668194216	0.885195477337247	-0.6997540892651063	-0.030635209619902272
638.900000	1787825362089108224	47.64145575622964	-122.14012630838128	214.482659706366	0.8570343311366058	-0.7093594131246749	-0.024684135941682027
639.000000	1787825362188108288	47.64145651444731	-122.14012633763211	214.4112500060234	0.8292918282262799	-0.7188085845947367	-0.019226555126718867
639.100000	1787825362287108096	47.64145724790689	-122.14012635991365	214.3389031961533	0.8019739100467767	-0.728101603675283	-0.014236902491841959
639.200000	1787825362389108224	47.64145795699264	-122.14012637583386	214.26563489199458	0.7750859383633655	-0.7372384703663273	-0.009690401021820016
639.300000	1787825362488108032	47.641458642093426	-122.1401263859681	214.19146070878614	0.7486327361077624	-0.7462191846678737	-0.005563056206695692
639.400000	1787825362587108096	47.641459303602204	-122.1401263908603	214.11639626176716	0.72261862621841	-0.7550437465799047	-0.001831649846518254
639.500000	1787825362689108224	47.641459941915656	-122.14012639102388	214.0404571661764	0.6970474685323071	-0.7637121561024292	0.0015262670839235838
639.600000	1787825362788108032	47.64146055743365	-122.1401263869427	213.9636590372529	0.6719226947823839	-0.7722244132354386	0.004532382423985488
639.700000	1787825362887108096	47.64146115055903	-122.14012637907223	213.88601749023556	0.6472473417552846	-0.7805805179789476	0.007207631589418139
639.800000	1787825362989108224	47.64146172169718	-122.1401263678406	213.80754814036328	0.6230240826653085	-0.7887804703329558	0.00957220703332966
639.900000	1787825363088108288	47.64146227125575	-122.14012635364934	213.72826660287515	0.5992552568006658	-0.7968242702974493	0.011645568336748745
640.000000	1787825363187108352	47.64146279964432	-122.14012633687469	213.64818849300997	0.5759428974983181	-0.8047119178724386	0.013446452864767169
640.100000	1787825363289108224	47.6414633072742	-122.14012631786812	213.56732942600678	0.5530887585043271	-0.8124434130579132	0.01499288692915424
640.200000	1787825363388108288	47.64146379455815	-122.1401262969576	213.48570501710464	0.5306943387759011	-0.8200187558538847	0.01630219740296957
640.300000	1787825363487108352	47.64146426191022	-122.14012627444846	213.4033308815422	0.508760905781613	-0.8274379462603572	0.017391023737057015
640.400000	1787825363589108224	47.64146470974541	-122.14012625062428	213.3202226345587	0.48728951735589926	-0.8347009842773131	0.018275330332456784
640.500000	1787825363688108288	47.641465138479674	-122.14012622574765	213.23639589139296	0.4662810421629203	-0.8418078699047647	0.018970419226613845
640.600000	1787825363787108096	47.64146554852961	-122.14012620006142	213.15186626728396	0.44573617882534744	-0.8487586031427048	0.019490943054946683
640.700000	1787825363889108224	47.64146594031238	-122.14012617378907	213.0666493774707	0.4256554737718459	-0.8555531839911387	0.019850918252742298
640.800000	1787825363988108032	47.6414663142456	-122.14012614713597	212.9807608371919	0.4060393378572373	-0.8621916124500731	0.020063738465568547
640.900000	1787825364087108096	47.641466670747256	-122.14012612028988	212.89421626168675	0.3868880618077466	-0.8686738885194961	0.020142188139372245
641.000000	1787825364189108224	47.6414670102354	-122.14012609342196	212.80703126619423	0.36820183054339156	-0.8750000121994101	0.020098456264281146
641.100000	1787825364288108032	47.64146733312835	-122.14012606668743	212.71922146595324	0.3499807364285015	-0.8811699834898132	0.019944150248680615
641.200000	1787825364387108096	47.64146763984436	-122.14012604022643	212.63080247620266	0.3322247914999298	-0.8871838023907119	0.01969030990257396
641.300000	1787825364489108224	47.64146793080172	-122.14012601416479	212.54178991218126	0.31493393872247527	-0.8930414689021082	0.019347421511545112
641.400000	1787825364588108288	47.64146820641868	-122.14012598861471	212.45219938912837	0.2981080623187922	-0.8987429830239959	0.018925431984634304
641.500000	1787825364687108352	47.64146846711327	-122.14012596367547	212.36204652228264	0.28174699722061497	-0.9042883447563725	0.01843376306141326
641.600000	1787825364789108224	47.64146871330342	-122.14012593943401	212.2713469268833	0.2658505376872201	-0.9096775540992386	0.01788132556532754
641.700000	1787825364888108288	47.64146894540684	-122.14012591596573	212.1801162181691	0.2504184451351381	-0.9149106110526043	0.01727653369196069
641.800000	1787825364987108352	47.64146916384101	-122.14012589333517	212.08837001137897	0.23545045522273017	-0.9199875156164625	0.01662731932240547
641.900000	1787825365089108224	47.64146936902318	-122.14012587159658	211.99612392175203	0.2209462842314202	-0.9249082677908127	0.015941146353251653
642.000000	1787825365188108288	47.64146956137033	-122.14012585079453	211.90339356452714	0.20690563478468726	-0.929672867575654	0.015225025035979254
642.100000	1787825365287108096	47.64146974129915	-122.14012583096476	211.8101945549432	0.19332820094428071	-0.9342813149709831	0.0144855263196233
642.200000	1787825365389108224	47.64146990922604	-122.14012581213404	211.71654250823917	0.18021367272234382	-0.9387336099768113	0.013728796191651321
642.300000	1787825365488108032	47.64147006556716	-122.14012579432168	211.622453039654	0.16756174004649274	-0.9430297525931336	0.01296057001283747
642.400000	1787825365587108096	47.64147021073842	-122.14012577753931	211.52794176442677	0.1553720962138646	-0.9471697428199463	0.012186186842803811
642.500000	1787825365689108224	47.641470345155376	-122.1401257617919	211.43302429779638	0.1436444408688898	-0.9511535806572524	0.011410603753564962
642.600000	1787825365788108032	47.641470469233376	-122.14012574707789	211.33771625500162	0.13237848253834994	-0.9549812661050467	0.010638410129110246
642.700000	1787825365887108096	47.641470583387495	-122.14012573338975	211.24203325128158	0.1215739407560322	-0.9586527991633375	0.009873841949600993
642.800000	1787825365989108224	47.64147068803255	-122.14012572071499	211.1459909018751	0.11123054780793028	-0.9621681798321217	0.009120796059244048
642.900000	1787825366088108288	47.64147078358313	-122.14012570903566	211.0496048220213	0.10134805012797009	-0.9655274081113991	0.00838284441736507
643.000000	1787825366187108352	47.64147087045362	-122.14012569832936	210.95289062695903	0.09192620937256538	-0.9687304840011676	0.007663248332526074
643.100000	1787825366289108224	47.64147094905819	-122.14012568856963	210.8558639319274	0.0829648032017332	-0.971777407501425	0.0069649726798963986
643.200000	1787825366388108288	47.64147101981077	-122.14012567972614	210.75854035216508	0.07446362579256396	-0.9746681786121782	0.0062907001023007085
643.300000	1787825366487108352	47.64147108312519	-122.1401256717651	210.66093550291114	0.06642248811009384	-0.9774027973334268	0.0056428451955949505
643.400000	1787825366589108224	47.641471139415096	-122.1401256646501	210.5630649994046	0.05884121795921322	-0.9799812636651666	0.005023568679197293
643.500000	1787825366688108288	47.64147118909391	-122.14012565834149	210.4649444568843	0.051719659840063395	-0.9824035776073976	0.004434791552718148
643.600000	1787825366787108096	47.64147123257504	-122.14012565279737	210.3665894905894	0.045057674628131116	-0.9846697391601203	0.0038782092397327667
643.700000	1787825366889108224	47.64147127027168	-122.14012564797376	210.2680157157586	0.03885513909900017	-0.9867797483233381	0.0033553057197998415
643.800000	1787825366988108032	47.64147130259698	-122.140125643825	210.16923874763086	0.03311194531666058	-0.9887336050970508	0.0028673676498754516
643.900000	1787825367087108096	47.64147132996403	-122.14012564030347	210.07027420144527	0.027827999902676998	-0.9905313094812531	0.0024154984762509457
644.000000	1787825367189108224	47.64147135278569	-122.14012563736051	209.97113769244078	0.023003223202954507	-0.9921728614759466	0.0020006325381899674
644.100000	1787825367288108032	47.64147137147491	-122.14012563494613	209.87184483585634	0.018637548366837554	-0.9936582610811348	0.0016235491643367627
644.200000	1787825367387108096	47.64147138644452	-122.14012563300949	209.77241124693077	0.014730920352746351	-0.994987508296815	0.0012848867629871054
644.300000	1787825367489108224	47.64147139810734	-122.14012563149882	209.6728525409031	0.011283294872910821	-0.9961606031229896	0.000985156907211217
644.400000	1787825367588108288	47.641471406876114	-122.14012563036216	209.5731843330123	0.008294637288735538	-0.9971775455596567	0.0007247584157654268
644.500000	1787825367687108352	47.64147141316357	-122.14012562954655	209.47342223849742	0.005764921467093592	-0.9980383356068149	0.0005039914306467773
644.600000	1787825367789108224	47.64147141738244	-122.14012562899899	209.37358187259738	0.003694128606585513	-0.998742973264466	0.00032307149205160993
644.700000	1787825367888108288	47.6414714199454	-122.1401256286663	209.2736788505509	0.0020822460416963597	-0.9992914585326111	0.0001821436114159792
644.800000	1787825367987108352	47.641471421265145	-122.14012562849499	209.17372878759696	0.0009292660314564552	-0.9996837914112475	8.129634310678561e-05
644.900000	1787825368089108224	47.64147142175437	-122.14012562843148	209.0737472989747	0.0002351845381189337	-0.9999199719003771	2.0575855241851272e-05
645.000000	1787825368188108288	47.64147142182575	-122.14012562842221	208.97374999992306	0.0	-1.0	0.0
645.100000	1787825368287108096	47.64147142182575	-122.14012562842221	208.8737499999232	0.0	-1.0	0.0
645.200000	1787825368389108224	47.64147142182575	-122.14012562842221	208.7737499999233	0.0	-1.0	0.0
645.300000	1787825368488108032	47.64147142182575	-122.14012562842221	208.6737499999233	0.0	-1.0	0.0
645.400000	1787825368587108096	47.64147142182575	-122.14012562842221	208.5737499999234	0.0	-1.0	0.0
645.500000	1787825368689108224	47.64147142182575	-122.14012562842221	208.4737499999235	0.0	-1.0	0.0
645.600000	1787825368788108032	47.64147142182575	-122.14012562842221	208.37374999992366	0.0	-1.0	0.0
645.700000	1787825368887108096	47.64147142182575	-122.14012562842221	208.27374999992375	0.0	-1.0	0.0
645.800000	1787825368989108224	47.64147142182575	-122.14012562842221	208.17374999992376	0.0	-1.0	0.0
645.900000	1787825369088108288	47.64147142182575	-122.14012562842221	208.07374999992385	0.0	-1.0	0.0
646.000000	1787825369187108352	47.64147142182575	-122.14012562842221	207.97374999992397	0.0	-1.0	0.0
646.100000	1787825369289108224	47.64147142182575	-122.14012562842221	207.87374999992412	0.0	-1.0	0.0
646.200000	1787825369388108288	47.64147142182575	-122.14012562842221	207.7737499999242	0.0	-1.0	0.0
646.300000	1787825369487108352	47.64147142182575	-122.14012562842221	207.6737499999242	0.0	-1.0	0.0
646.400000	1787825369589108224	47.64147142182575	-122.14012562842221	207.5737499999243	0.0	-1.0	0.0
646.500000	1787825369688108288	47.64147142182575	-122.14012562842221	207.47374999992442	0.0	-1.0	0.0
646.600000	1787825369787108096	47.64147142182575	-122.14012562842221	207.37374999992457	0.0	-1.0	0.0
646.700000	1787825369889108224	47.64147142182575	-122.14012562842221	207.27374999992466	0.0	-1.0	0.0
646.800000	1787825369988108032	47.64147142182575	-122.14012562842221	207.17374999992467	0.0	-1.0	0.0
646.900000	1787825370087108096	47.64147142182575	-122.14012562842221	207.07374999992476	0.0	-1.0	0.0
647.000000	1787825370189108224	47.64147142182575	-122.14012562842221	206.97374999992488	0.0	-1.0	0.0
647.100000	1787825370288108032	47.64147142182575	-122.14012562842221	206.87374999992502	0.0	-1.0	0.0
647.200000	1787825370387108096	47.64147142182575	-122.14012562842221	206.77374999992512	0.0	-1.0	0.0
647.300000	1787825370489108224	47.64147142182575	-122.14012562842221	206.67374999992512	0.0	-1.0	0.0
647.400000	1787825370588108288	47.64147142182575	-122.14012562842221	206.5737499999252	0.0	-1.0	0.0
647.500000	1787825370687108352	47.64147142182575	-122.14012562842221	206.47374999992533	0.0	-1.0	0.0
647.600000	1787825370789108224	47.64147142182575	-122.14012562842221	206.37374999992548	0.0	-1.0	0.0
647.700000	1787825370888108288	47.64147142182575	-122.14012562842221	206.27374999992557	0.0	-1.0	0.0
647.800000	1787825370987108352	47.64147142182575	-122.14012562842221	206.17374999992558	0.0	-1.0	0.0
647.900000	1787825371089108224	47.64147142182575	-122.14012562842221	206.07374999992567	0.0	-1.0	0.0
648.000000	1787825371188108288	47.64147142182575	-122.14012562842221	205.9737499999258	0.0	-1.0	0.0
648.100000	1787825371287108096	47.64147142182575	-122.14012562842221	205.87374999992593	0.0	-1.0	0.0
648.200000	1787825371389108224	47.64147142182575	-122.14012562842221	205.77374999992603	0.0	-1.0	0.0
648.300000	1787825371488108032	47.64147142182575	-122.14012562842221	205.67374999992603	0.0	-1.0	0.0
648.400000	1787825371587108096	47.64147142182575	-122.14012562842221	205.57374999992612	0.0	-1.0	0.0
648.500000	1787825371689108224	47.64147142182575	-122.14012562842221	205.47374999992624	0.0	-1.0	0.0
648.600000	1787825371788108032	47.64147142182575	-122.14012562842221	205.3737499999264	0.0	-1.0	0.0
648.700000	1787825371887108096	47.64147142182575	-122.14012562842221	205.27374999992648	0.0	-1.0	0.0
648.800000	1787825371989108224	47.64147142182575	-122.14012562842221	205.17374999992649	0.0	-1.0	0.0
648.900000	1787825372088108288	47.64147142182575	-122.14012562842221	205.07374999992658	0.0	-1.0	0.0
649.000000	1787825372187108352	47.64147142182575	-122.14012562842221	204.97375000004868	0.0	-0.9999999024047574	0.0
649.100000	1787825372289108224	47.64147142182575	-122.14012562842221	204.8737529059471	0.0	-0.9999159704953949	0.0
649.200000	1787825372388108288	47.64147142182575	-122.14012562842221	204.77377201265583	0.0	-0.999675886196528	0.0
649.300000	1787825372487108352	47.64147142182575	-122.14012562842221	204.67382293541382	0.0	-0.9992796495081543	0.0
649.400000	1787825372589108224	47.64147142182575	-122.14012562842221	204.5739212894603	0.0	-0.9987272604302718	0.0
649.500000	1787825372688108288	47.64147142182575	-122.14012562842221	204.4740826900341	0.0	-0.9980187189628827	0.0
649.600000	1787825372787108096	47.64147142182575	-122.14012562842221	204.37432275237413	0.0	-0.9971540251059856	0.0
649.700000	1787825372889108224	47.64147142182575	-122.14012562842221	204.2746570917192	0.0	-0.9961331788595812	0.0
649.800000	1787825372988108032	47.64147142182575	-122.14012562842221	204.17510132330838	0.0	-0.9949561802236694	0.0
649.900000	1787825373087108096	47.64147142182575	-122.14012562842221	204.07567106238062	0.0	-0.9936230291982517	0.0
650.000000	1787825373189108224	47.64147142182575	-122.14012562842221	203.97638192417486	0.0	-0.9921337257833251	0.0
650.100000	1787825373288108032	47.64147142182575	-122.14012562842221	203.87724952393017	0.0	-0.9904882699788932	0.0
650.200000	1787825373387108096	47.64147142182575	-122.14012562842221	203.77828947688536	0.0	-0.9886866617849536	0.0
650.300000	1787825373489108224	47.64147142182575	-122.14012562842221	203.67951739827927	0.0	-0.9867289012015036	0.0
650.400000	1787825373588108288	47.64147142182575	-122.14012562842221	203.58094890335113	0.0	-0.9846149882285484	0.0
650.500000	1787825373687108352	47.64147142182575	-122.14012562842221	203.48259960733986	0.0	-0.9823449228660865	0.0
650.600000	1787825373789108224	47.64147142182575	-122.14012562842221	203.38448512548422	0.0	-0.9799187051141177	0.0
650.700000	1787825373888108288	47.64147142182575	-122.14012562842221	203.28662107302324	0.0	-0.9773363349726405	0.0
650.800000	1787825373987108352	47.64147142182575	-122.14012562842221	203.18902306519587	0.0	-0.9745978124416547	0.0
650.900000	1787825374089108224	47.64147142182575	-122.14012562842221	203.09170671724112	0.0	-0.9717031375211643	0.0
651.000000	1787825374188108288	47.64147142182575	-122.14012562842221	202.99468764439789	0.0	-0.9686523102111649	0.0
651.100000	1787825374287108096	47.64147142182575	-122.14012562842221	202.8979814619052	0.0	-0.9654453305116614	0.0
651.200000	1787825374389108224	47.64147142182575	-122.14012562842221	202.80160378500187	0.0	-0.9620821984226466	0.0
651.300000	1787825374488108032	47.64147142182575	-122.14012562842221	202.7055702289268	0.0	-0.958562913944125	0.0
651.400000	1787825374587108096	47.64147142182575	-122.14012562842221	202.60989640891918	0.0	-0.954887477076097	0.0
651.500000	1787825374689108224	47.64147142182575	-122.14012562842221	202.51459794021778	0.0	-0.951055887818559	0.0
651.600000	1787825374788108032	47.64147142182575	-122.14012562842221	202.41969043806176	0.0	-0.9470681461715186	0.0
651.700000	1787825374887108096	47.64147142182575	-122.14012562842221	202.3251895176899	0.0	-0.9429242521349698	0.0
651.800000	1787825374989108224	47.64147142182575	-122.14012562842221	202.231110794341	0.0	-0.9386242057089088	0.0
651.900000	1787825375088108288	47.64147142182575	-122.14012562842221	202.13746988325425	0.0	-0.9341680068933444	0.0
652.000000	1787825375187108352	47.64147142182575	-122.14012562842221	202.04428239966853	0.0	-0.9295556556882736	0.0
652.100000	1787825375289108224	47.64147142182575	-122.14012562842221	201.95156395882293	0.0	-0.924787152093696	0.0
652.200000	1787825375388108288	47.64147142182575	-122.14012562842221	201.8593301759562	0.0	-0.9198624961096108	0.0
652.300000	1787825375487108352	47.64147142182575	-122.14012562842221	201.7675966663072	0.0	-0.914781687736013	0.0
652.400000	1787825375589108224	47.64147142182575	-122.14012562842221	201.67637904511514	0.0	-0.909544726972911	0.0
652.500000	1787825375688108288	47.64147142182575	-122.14012562842221	201.58569292761882	0.0	-0.9041516138203025	0.0
652.600000	1787825375787108096	47.64147142182575	-122.14012562842221	201.4955539290573	0.0	-0.8986023482781904	0.0
652.700000	1787825375889108224	47.64147142182575	-122.14012562842221	201.40597766466948	0.0	-0.8928969303465676	0.0
652.800000	1787825375988108032	47.64147142182575	-122.14012562842221	201.3169797496941	0.0	-0.8870353600254328	0.0
652.900000	1787825376087108096	47.64147142182575	-122.14012562842221	201.22857579937056	0.0	-0.8810176373147958	0.0
653.000000	1787825376189108224	47.64147142182575	-122.14012562842221	201.14078142893752	0.0	-0.8748437622146508	0.0
653.100000	1787825376288108032	47.64147142182575	-122.14012562842221	201.053612253634	0.0	-0.8685137347250028	0.0
653.200000	1787825376387108096	47.64147142182575	-122.14012562842221	200.9670838886988	0.0	-0.8620275548458436	0.0
653.300000	1787825376489108224	47.64147142182575	-122.14012562842221	200.8812119493709	0.0	-0.8553852225771708	0.0
653.400000	1787825376588108288	47.64147142182575	-122.14012562842221	200.79601205088952	0.0	-0.8485867379189972	0.0
653.500000	1787825376687108352	47.64147142182575	-122.14012562842221	200.7114998084933	0.0	-0.8416321008713159	0.0
653.600000	1787825376789108224	47.64147142182575	-122.14012562842221	200.62769083742148	0.0	-0.8345213114341321	0.0
653.700000	1787825376888108288	47.64147142182575	-122.14012562842221	200.54460075291277	0.0	-0.8272543696074366	0.0
653.800000	1787825376987108352	47.64147142182575	-122.14012562842221	200.4622451702061	0.0	-0.8198312753912278	0.0
653.900000	1787825377089108224	47.64147142182575	-122.14012562842221	200.38063970454073	0.0	-0.8122520287855167	0.0
654.000000	1787825377188108288	47.64147142182575	-122.14012562842221	200.2997999711552	0.0	-0.804516629790299	0.0
654.100000	1787825377287108096	47.64147142182575	-122.14012562842221	200.21974158528877	0.0	-0.7966250784055794	0.0
654.200000	1787825377389108224	47.64147142182575	-122.14012562842221	200.14048016218032	0.0	-0.7885773746313464	0.0
654.300000	1787825377488108032	47.64147142182575	-122.14012562842221	200.0620313170687	0.0	-0.7803735184676007	0.0
654.400000	1787825377587108096	47.64147142182575	-122.14012562842221	199.98441066519297	0.0	-0.7720135099143531	0.0
654.500000	1787825377689108224	47.64147142182575	-122.14012562842221	199.90763382179202	0.0	-0.7634973489715979	0.0
654.600000	1787825377788108032	47.64147142182575	-122.14012562842221	199.83171640210486	0.0	-0.7548250356393437	0.0
654.700000	1787825377887108096	47.64147142182575	-122.14012562842221	199.75667402137043	0.0	-0.7459965699175741	0.0
654.800000	1787825377989108224	47.64147142182575	-122.14012562842221	199.68252229482752	0.0	-0.7370119518062915	0.0
654.900000	1787825378088108288	47.64147142182575	-122.14012562842221	199.6092768377153	0.0	-0.7278711813055077	0.0
655.000000	1787825378187108352	47.64147142182575	-122.14012562842221	199.5369532652726	0.0	-0.7185742584152159	0.0
655.100000	1787825378289108224	47.64147142182575	-122.14012562842221	199.46556719273846	0.0	-0.7091211831354247	0.0
655.200000	1787825378388108288	47.64147142182575	-122.14012562842221	199.39513423535178	0.0	-0.6995119554661189	0.0
655.300000	1787825378487108352	47.64147142182575	-122.14012562842221	199.32567000835144	0.0	-0.6897465754072992	0.0
655.400000	1787825378589108224	47.64147142182575	-122.14012562842221	199.25719012697638	0.0	-0.6798250429589717	0.0
655.500000	1787825378688108288	47.64147142182575	-122.14012562842221	199.1897102064658	0.0	-0.6697473581211446	0.0
655.600000	1787825378787108096	47.64147142182575	-122.14012562842221	199.12324586205855	0.0	-0.659513520893825	0.0
655.700000	1787825378889108224	47.64147142182575	-122.14012562842221	199.05781270899345	0.0	-0.6491235312769816	0.0
655.800000	1787825378988108032	47.64147142182575	-122.14012562842221	198.99342636250944	0.0	-0.638577389270634	0.0
655.900000	1787825379087108096	47.64147142182575	-122.14012562842221	198.93010243784553	0.0	-0.6278750948747606	0.0
656.000000	1787825379189108224	47.64147142182575	-122.14012562842221	198.86785655024067	0.0	-0.617016648089396	0.0
656.100000	1787825379288108032	47.64147142182575	-122.14012562842221	198.806704314934	0.0	-0.6060020489145411	0.0
656.200000	1787825379387108096	47.64147142182575	-122.14012562842221	198.7466613471641	0.0	-0.5948312973501614	0.0
656.300000	1787825379489108224	47.64147142182575	-122.14012562842221	198.6877432621702	0.0	-0.5835043933962761	0.0
656.400000	1787825379588108288	47.64147142182575	-122.14012562842221	198.62996567519107	0.0	-0.5720213370528663	0.0
656.500000	1787825379687108352	47.64147142182575	-122.14012562842221	198.57334420146591	0.0	-0.5603821283199654	0.0
656.600000	1787825379789108224	47.64147142182575	-122.14012562842221	198.51789445623348	0.0	-0.5485867671975752	0.0
656.700000	1787825379888108288	47.64147142182575	-122.14012562842221	198.46363205473267	0.0	-0.5366352536856601	0.0
656.800000	1787825379987108352	47.64147142182575	-122.14012562842221	198.41057261220263	0.0	-0.5245275877842374	0.0
656.900000	1787825380089108224	47.64147142182575	-122.14012562842221	198.35873174388203	0.0	-0.5122637694932889	0.0
657.000000	1787825380188108288	47.64147142182575	-122.14012562842221	198.30812506501013	0.0	-0.49984379881285285	0.0
657.100000	1787825380287108096	47.64147142182575	-122.14012562842221	198.258762788929	0.0	-0.48742773194217226	0.0
657.200000	1787825380389108224	47.64147142182575	-122.14012562842221	198.2106343119154	0.0	-0.4751678174609801	0.0
657.300000	1787825380488108032	47.64147142182575	-122.14012562842221	198.16372401873045	0.0	-0.46306405536929457	0.0
657.400000	1787825380587108096	47.64147142182575	-122.14012562842221	198.11801629413523	0.0	-0.45111644566710063	0.0
657.500000	1787825380689108224	47.64147142182575	-122.14012562842221	198.07349552289085	0.0	-0.4393249883544308	0.0
657.600000	1787825380788108032	47.64147142182575	-122.14012562842221	198.03014608975823	0.0	-0.42768968343128433	0.0
657.700000	1787825380887108096	47.64147142182575	-122.14012562842221	197.98795237949835	0.0	-0.4162105308976297	0.0
657.800000	1787825380989108224	47.64147142182575	-122.14012562842221	197.9468987768724	0.0	-0.4048875307534817	0.0
657.900000	1787825381088108288	47.64147142182575	-122.14012562842221	197.9069696666414	0.0	-0.3937206829988242	0.0
658.000000	1787825381187108352	47.64147142182575	-122.14012562842221	197.8681494335664	0.0	-0.38270998763369185	0.0
658.100000	1787825381289108224	47.64147142182575	-122.14012562842221	197.83042246240845	0.0	-0.3718554446580795	0.0
658.200000	1787825381388108288	47.64147142182575	-122.14012562842221	197.79377313792855	0.0	-0.3611570540719602	0.0
658.300000	1787825381487108352	47.64147142182575	-122.14012562842221	197.7581858448879	0.0	-0.3506148158753497	0.0
658.400000	1787825381589108224	47.64147142182575	-122.14012562842221	197.72364496804724	0.0	-0.34022873006823084	0.0
658.500000	1787825381688108288	47.64147142182575	-122.14012562842221	197.6901348921679	0.0	-0.32999879665063375	0.0
658.600000	1787825381787108096	47.64147142182575	-122.14012562842221	197.6576400020108	0.0	-0.3199250156225578	0.0
658.700000	1787825381889108224	47.64147142182575	-122.14012562842221	197.6261446823371	0.0	-0.310007386983976	0.0
658.800000	1787825381988108032	47.64147142182575	-122.14012562842221	197.59563331790778	0.0	-0.3002459107349008	0.0
658.900000	1787825382087108096	47.64147142182575	-122.14012562842221	197.5660902934838	0.0	-0.2906405868753183	0.0
659.000000	1787825382189108224	47.64147142182575	-122.14012562842221	197.53749999382643	0.0	-0.2811914154052565	0.0
659.100000	1787825382288108032	47.64147142182575	-122.14012562842221	197.50984680369663	0.0	-0.27189839632471696	0.0
659.200000	1787825382387108096	47.64147142182575	-122.14012562842221	197.4831151078553	0.0	-0.26276152963367266	0.0
659.300000	1787825382489108224	47.64147142182575	-122.14012562842221	197.45728929106363	0.0	-0.2537808153321327	0.0
659.400000	1787825382588108288	47.64147142182575	-122.14012562842221	197.43235373808258	0.0	-0.2449562534200889	0.0
659.500000	1787825382687108352	47.64147142182575	-122.14012562842221	197.40829283367336	0.0	-0.23628784389756688	0.0
659.600000	1787825382789108224	47.64147142182575	-122.14012562842221	197.3850909625969	0.0	-0.2277755867645626	0.0
659.700000	1787825382888108288	47.64147142182575	-122.14012562842221	197.3627325096143	0.0	-0.21941948202105244	0.0
659.800000	1787825382987108352	47.64147142182575	-122.14012562842221	197.3412018594865	0.0	-0.21121952966705115	0.0
659.900000	1787825383089108224	47.64147142182575	-122.14012562842221	197.32048339697465	0.0	-0.20317572970254374	0.0
660.000000	1787825383188108288	47.64147142182575	-122.14012562842221	197.30056150683976	0.0	-0.19528808212755583	0.0
660.100000	1787825383287108096	47.64147142182575	-122.14012562842221	197.28142057384304	0.0	-0.18755658694208796	0.0
660.200000	1787825383389108224	47.64147142182575	-122.14012562842221	197.26304498274519	0.0	-0.1799812441461142	0.0
660.300000	1787825383488108032	47.64147142182575	-122.14012562842221	197.24541911830747	0.0	-0.17256205373964928	0.0
660.400000	1787825383587108096	47.64147142182575	-122.14012562842221	197.22852736529092	0.0	-0.16529901572268052	0.0
660.500000	1787825383689108224	47.64147142182575	-122.14012562842221	197.2123541084566	0.0	-0.15819213009523017	0.0
660.600000	1787825383788108032	47.64147142182575	-122.14012562842221	197.1968837325656	0.0	-0.1512413968572964	0.0
660.700000	1787825383887108096	47.64147142182575	-122.14012562842221	197.18210062237887	0.0	-0.14444681600886014	0.0
660.800000	1787825383989108224	47.64147142182575	-122.14012562842221	197.1679891626576	0.0	-0.1378083875499305	0.0
660.900000	1787825384088108288	47.64147142182575	-122.14012562842221	197.15453373816274	0.0	-0.13132611148049925	0.0
661.000000	1787825384187108352	47.64147142182575	-122.14012562842221	197.14171873365532	0.0	-0.1249999878005853	0.0
661.100000	1787825384289108224	47.64147142182575	-122.14012562842221	197.1295285338963	0.0	-0.1188300165101868	0.0
661.200000	1787825384388108288	47.64147142182575	-122.14012562842221	197.1179475236469	0.0	-0.11281619760928695	0.0
661.300000	1787825384487108352	47.64147142182575	-122.14012562842221	197.10696008766817	0.0	-0.10695853109789483	0.0
661.400000	1787825384589108224	47.64147142182575	-122.14012562842221	197.09655061072107	0.0	-0.10125701697600112	0.0
661.500000	1787825384688108288	47.64147142182575	-122.14012562842221	197.08670347756683	0.0	-0.09571165524362356	0.0
661.600000	1787825384787108096	47.64147142182575	-122.14012562842221	197.07740307296632	0.0	-0.09032244590076031	0.0
661.700000	1787825384889108224	47.64147142182575	-122.14012562842221	197.06863378168055	0.0	-0.08508938894739686	0.0
661.800000	1787825384988108032	47.64147142182575	-122.14012562842221	197.0603799884706	0.0	-0.08001248438353999	0.0
661.900000	1787825385087108096	47.64147142182575	-122.14012562842221	197.05262607809757	0.0	-0.07509173220918494	0.0
