1671607417399889920,-0.01032,-0.00130,0.29320,0.99294,0.02264,-0.03713,-0.11032,0.14536,-0.21276,0.22564,
1671607417499993088,0.01365,-0.02590,0.26507,0.99302,0.02204,-0.03591,-0.11015,0.18779,-0.22572,0.17372,
1671607417599831040,0.03267,-0.04386,0.23710,0.99290,0.02264,-0.03532,-0.11128,0.21236,-0.23630,0.13212,
1671607417699909120,0.06247,-0.05586,0.20004,0.99291,0.02446,-0.03351,-0.11136,0.24415,-0.22748,0.08485,
1671607417799879168,0.09431,-0.06887,0.18833,0.99282,0.02665,-0.03095,-0.11247,0.27229,-0.23181,0.06592,
1671607417899971328,0.12044,-0.08013,0.17628,0.99271,0.02558,-0.02716,-0.11457,0.30475,-0.24045,0.05885,
1671607418000071936,0.15313,-0.09406,0.16830,0.99258,0.02533,-0.02471,-0.11630,0.34314,-0.25418,0.07264,
1671607418099920128,0.18553,-0.12143,0.17342,0.99217,0.02682,-0.02596,-0.11918,0.37694,-0.28724,0.09922,
1671607418199877376,0.22273,-0.15283,0.18673,0.99188,0.02569,-0.03162,-0.12050,0.41102,-0.31273,0.12166,
1671607418299973888,0.27373,-0.20013,0.20274,0.99146,0.02548,-0.03543,-0.12289,0.46051,-0.35678,0.12038,
1671607418399831040,0.32043,-0.23768,0.21743,0.99110,0.02374,-0.03760,-0.12544,0.48852,-0.37909,0.12274,
1671607418499921152,0.37423,-0.28703,0.23322,0.99065,0.02269,-0.03808,-0.12902,0.51893,-0.41064,0.12662,
1671607418599892224,0.43124,-0.33893,0.24787,0.99026,0.02341,-0.03674,-0.13223,0.54914,-0.44506,0.10448,
1671607418699982080,0.49244,-0.39568,0.25723,0.98976,0.02637,-0.03540,-0.13571,0.58329,-0.47809,-0.00073,
1671607418799816960,0.55622,-0.45678,0.25338,0.98920,0.02875,-0.03799,-0.13862,0.60735,-0.51223,-0.16037,
1671607418899934976,0.62264,-0.50948,0.22317,0.98859,0.03097,-0.04198,-0.14129,0.64165,-0.53903,-0.39862,
1671607419000006912,0.68971,-0.56125,0.16838,0.98812,0.03157,-0.04240,-0.14432,0.67776,-0.56061,-0.66959,
1671607419099996160,0.75595,-0.61571,0.08854,0.98764,0.03079,-0.04233,-0.14773,0.70078,-0.58473,-0.95525,
1671607419199836928,0.83789,-0.69598,-0.01995,0.98716,0.02980,-0.04184,-0.15125,0.74042,-0.63104,-1.25442,
1671607419299910912,0.88936,-0.72085,-0.16447,0.98670,0.02739,-0.04176,-0.15470,0.74773,-0.61932,-1.55121,
1671607419399878912,0.97247,-0.78670,-0.33316,0.98625,0.02580,-0.04199,-0.15776,0.78231,-0.64714,-1.82819,
1671607419499960064,1.04259,-0.84337,-0.52982,0.98570,0.02428,-0.04343,-0.16102,0.80817,-0.65929,-2.10168,
1671607419599802368,1.14508,-0.92617,-0.75082,0.98518,0.02430,-0.04450,-0.16384,0.86257,-0.69292,-2.35380,
1671607419699891968,1.24509,-1.01368,-0.99366,0.98487,0.02681,-0.04385,-0.16552,0.91029,-0.73327,-2.55298,
1671607419799987200,1.34495,-1.09994,-1.25711,0.98028,0.02455,-0.04248,-0.19142,0.93408,-0.79916,-2.71370,
1671607419899834112,1.43415,-1.16802,-1.53491,0.96795,0.02317,-0.03233,-0.24797,0.97625,-0.85291,-2.79592,
1671607420000037120,1.55589,-1.28094,-1.81721,0.94840,0.03190,-0.02949,-0.31410,1.00711,-0.92233,-2.89485,
1671607420099902208,1.65327,-1.37512,-2.10833,0.92278,0.04280,-0.03047,-0.38174,1.04344,-0.96706,-2.95135,
1671607420199994368,1.75360,-1.46425,-2.40610,0.89136,0.05040,-0.03187,-0.44935,1.06561,-1.00309,-2.98029,
1671607420299845888,1.84263,-1.55433,-2.70239,0.85446,0.05238,-0.03385,-0.51576,1.07721,-1.04055,-2.97486,
1671607420399934976,1.96251,-1.67386,-2.99763,0.81213,0.04926,-0.03546,-0.58032,1.09507,-1.08350,-2.97039,
1671607420499776000,2.06394,-1.76769,-3.29599,0.76815,0.04267,-0.03566,-0.63785,1.11745,-1.10646,-2.96385,
1671607420599994112,2.18758,-1.88518,-3.59129,0.73181,0.03799,-0.03435,-0.67958,1.15361,-1.12544,-2.93784,
1671607420699843072,2.33834,-2.04271,-3.87730,0.70605,0.03692,-0.03322,-0.70641,1.20864,-1.17467,-2.90634,
1671607420799924224,2.43669,-2.11606,-4.17373,0.69090,0.03897,-0.02955,-0.72129,1.22908,-1.17317,-2.89014,
1671607420899888896,2.55154,-2.21762,-4.46319,0.68393,0.04455,-0.02052,-0.72789,1.25640,-1.20492,-2.86699,
1671607421000091904,2.68348,-2.34984,-4.74723,0.68247,0.05208,-0.00788,-0.72902,1.28749,-1.27325,-2.83941,
1671607421099951360,2.81525,-2.48536,-5.03108,0.68178,0.05922,0.00205,-0.72916,1.31053,-1.35431,-2.87676,
1671607421199790336,2.94821,-2.63050,-5.31899,0.67998,0.06444,0.00844,-0.73034,1.33247,-1.46435,-2.90827,
1671607421299882240,3.08248,-2.78783,-5.61005,0.67785,0.06617,0.00814,-0.73217,1.35383,-1.57737,-2.93609,
1671607421399972096,3.21768,-2.95803,-5.90343,0.67553,0.06236,0.00150,-0.73469,1.37010,-1.68065,-2.96395,
1671607421499806208,3.35212,-3.14244,-6.19843,0.67275,0.05784,-0.00696,-0.73757,1.37964,-1.78804,-3.00509,
1671607421599888128,3.47982,-3.34957,-6.49566,0.66991,0.05617,-0.01510,-0.74016,1.37753,-1.89079,-3.04774,
1671607421699965952,3.62553,-3.56752,-6.79875,0.66836,0.05700,-0.01951,-0.74140,1.37358,-1.99017,-3.08635,
1671607421799800064,3.75668,-3.73007,-7.11544,0.66705,0.05580,-0.01667,-0.74274,1.38430,-2.05019,-3.11219,
1671607421899888896,3.93851,-3.89502,-7.43978,0.66582,0.05328,-0.01173,-0.74412,1.41446,-2.09861,-3.13199,
1671607422000105216,4.08110,-4.11536,-7.75296,0.66519,0.05087,-0.00838,-0.74489,1.42454,-2.17687,-3.14412,
1671607422099936000,4.21199,-4.34949,-8.06411,0.66278,0.04979,-0.00776,-0.74711,1.42965,-2.25847,-3.15124,
1671607422199774976,4.34950,-4.58659,-8.37750,0.66142,0.05005,-0.00732,-0.74831,1.44456,-2.34303,-3.14891,
1671607422299995904,4.48881,-4.83477,-8.68911,0.65946,0.04916,-0.00346,-0.75012,1.46485,-2.43937,-3.10504,
1671607422399820032,4.62568,-5.09405,-8.99565,0.65820,0.05046,0.00060,-0.75115,1.47775,-2.54634,-3.07849,
1671607422499900160,4.76131,-5.36699,-9.29976,0.65613,0.05039,0.00416,-0.75295,1.49720,-2.65684,-3.04634,
1671607422599980032,4.88571,-5.66218,-9.59810,0.65391,0.04678,0.00454,-0.75511,1.51297,-2.76948,-3.01287,
1671607422699815936,4.93367,-6.04753,-9.87531,0.65073,0.04459,-0.00437,-0.75798,1.47553,-2.90465,-2.97828,
1671607422799903232,5.19280,-6.24650,-10.19630,0.64757,0.04131,-0.01387,-0.76076,1.55024,-2.93448,-2.96291,
1671607422899878144,5.36528,-6.53536,-10.49502,0.64451,0.04336,-0.01767,-0.76316,1.57412,-3.00966,-2.95037,
1671607422999963904,5.49936,-6.86398,-10.78624,0.64237,0.04775,-0.01706,-0.76472,1.57706,-3.09725,-2.94338,
1671607423099939072,5.59595,-7.23052,-11.07100,0.64051,0.05404,-0.01503,-0.76590,1.54875,-3.20985,-2.93979,
1671607423199781888,5.67490,-7.63541,-11.35187,0.63940,0.05596,-0.01310,-0.76672,1.52075,-3.33183,-2.93932,
1671607423299987968,5.90518,-7.89864,-11.66355,0.63781,0.05144,-0.01043,-0.76840,1.56101,-3.38777,-2.94960,
1671607423399846144,6.09850,-8.20236,-11.96759,0.63684,0.04854,-0.00833,-0.76942,1.59262,-3.46206,-2.96255,
1671607423499931136,6.21941,-8.57683,-12.26186,0.63465,0.04909,-0.00882,-0.77119,1.58942,-3.56268,-2.98093,
1671607423599892224,6.32278,-8.97397,-12.55546,0.63306,0.05224,-0.01147,-0.77225,1.58812,-3.67643,-2.98607,
1671607423699986944,6.40325,-9.39662,-12.84855,0.63032,0.05414,-0.01475,-0.77431,1.57929,-3.79306,-2.99354,
1671607423799819264,6.40716,-9.88072,-13.13532,0.62686,0.05814,-0.01904,-0.77673,1.52482,-3.93314,-3.01231,
1671607423899912192,6.34748,-10.37835,-13.42485,0.62385,0.06154,-0.02140,-0.77883,1.44721,-4.06403,-3.02571,
1671607424000113920,6.56513,-10.83739,-13.73078,0.62057,0.06200,-0.01901,-0.78146,1.46299,-4.18417,-3.03111,
1671607424099971328,6.84516,-11.18668,-14.05217,0.61875,0.05980,-0.01657,-0.78314,1.50148,-4.24947,-3.02680,
1671607424199819008,7.04328,-11.56245,-14.37083,0.61642,0.05726,-0.01512,-0.78519,1.50544,-4.32630,-3.02634,
1671607424299914240,6.88128,-12.20846,-14.64399,0.61406,0.05756,-0.01476,-0.78702,1.39042,-4.50722,-3.02654,
1671607424399999232,7.03497,-12.68000,-14.95283,0.61190,0.05970,-0.01484,-0.78854,1.37859,-4.61511,-3.03728,
1671607424499853056,7.28014,-13.10643,-15.27506,0.60952,0.06312,-0.01359,-0.79014,1.41234,-4.71696,-3.05729,
1671607424599939072,7.19686,-13.75711,-15.56264,0.60773,0.06670,-0.00999,-0.79128,1.31999,-4.89908,-3.06312,
1671607424699780352,7.01923,-14.33321,-15.86827,0.60654,0.06851,-0.00668,-0.79207,1.20172,-5.05582,-3.06802,
1671607424799879936,7.27237,-14.93980,-16.17400,0.60458,0.06700,-0.00550,-0.79371,1.22185,-5.22686,-3.07415,
1671607424899972096,7.60043,-15.29593,-16.51785,0.60261,0.06401,-0.00783,-0.79543,1.27201,-5.29909,-3.08737,
1671607425000054016,7.83596,-15.73482,-16.85133,0.60012,0.06126,-0.01020,-0.79749,1.29798,-5.39547,-3.10520,
1671607425099909376,7.67835,-16.49529,-17.12639,0.59798,0.05986,-0.01254,-0.79917,1.19239,-5.58333,-3.11101,
1671607425199993088,7.77444,-17.04588,-17.44545,0.59585,0.05829,-0.01490,-0.80084,1.17293,-5.69873,-3.12481,
1671607425299825920,8.02231,-17.44206,-17.78978,0.59279,0.05946,-0.01616,-0.80300,1.20045,-5.75726,-3.15357,
1671607425399919360,8.20406,-17.88257,-18.12915,0.58990,0.06253,-0.01644,-0.80488,1.20963,-5.82926,-3.18056,
1671607425499888896,8.26956,-18.42051,-18.45168,0.58797,0.06627,-0.01433,-0.80604,1.17935,-5.92956,-3.20219,
1671607425599984896,8.34739,-19.00749,-18.76971,0.58578,0.06881,-0.01108,-0.80747,1.14394,-6.04123,-3.21366,
1671607425699825152,8.28348,-19.69535,-19.08658,0.58372,0.06896,-0.00748,-0.80899,1.06665,-6.18515,-3.22091,
1671607425799909120,8.31112,-20.36241,-19.40546,0.58242,0.06759,-0.00377,-0.81006,1.01514,-6.32427,-3.22575,
1671607425899986944,8.24485,-21.08550,-19.72695,0.57996,0.06523,-0.00106,-0.81203,0.94109,-6.47562,-3.22187,
1671607426000069120,8.26568,-21.77201,-20.04816,0.57790,0.06408,0.00013,-0.81359,0.90042,-6.61650,-3.22167,
1671607426099917056,8.29779,-22.45473,-20.37054,0.57547,0.06373,0.00124,-0.81533,0.86544,-6.75226,-3.23267,
1671607426199884288,8.19903,-23.20648,-20.69762,0.57272,0.06590,0.00207,-0.81709,0.80016,-6.90625,-3.24754,
1671607426299994880,8.11862,-23.95525,-21.02630,0.57080,0.06903,0.00298,-0.81818,0.74121,-7.05911,-3.25735,
1671607426399826176,8.04634,-24.70230,-21.35496,0.56941,0.07005,0.00500,-0.81905,0.68402,-7.21449,-3.25972,
1671607426499918336,7.94989,-25.47390,-21.68619,0.56748,0.07070,0.00541,-0.82033,0.61803,-7.36851,-3.27273,
1671607426599896320,7.88158,-26.24654,-22.01882,0.56565,0.07134,0.00481,-0.82154,0.56124,-7.52541,-3.29099,
1671607426699985920,7.78213,-27.05204,-22.35544,0.56261,0.07321,0.00214,-0.82347,0.49084,-7.67994,-3.31252,
1671607426799832064,7.71181,-27.85425,-22.69315,0.55961,0.07525,0.00037,-0.82533,0.42747,-7.83429,-3.33636,
1671607426899923968,7.56591,-28.69902,-23.03594,0.55720,0.07513,0.00060,-0.82697,0.35977,-7.99462,-3.35473,
1671607427000009984,7.52480,-29.51004,-23.37696,0.55483,0.07463,0.00348,-0.82860,0.30079,-8.13995,-3.36854,
1671607427099992320,7.35880,-30.38319,-23.72338,0.55256,0.07455,0.00435,-0.83012,0.22686,-8.29899,-3.38674,
1671607427199839232,7.24907,-31.23546,-24.06852,0.55052,0.07482,0.00688,-0.83143,0.16631,-8.45758,-3.39988,
1671607427299922944,7.13080,-32.10377,-24.41545,0.54933,0.07553,0.00933,-0.83214,0.10185,-8.61377,-3.41544,
1671607427399877376,6.93221,-33.00797,-24.76618,0.54710,0.07779,0.00991,-0.83339,0.02118,-8.77467,-3.43499,
1671607427499952384,6.75827,-33.91194,-25.11817,0.54494,0.07951,0.01013,-0.83463,-0.05176,-8.93681,-3.45694,
1671607427599776000,6.54011,-34.84805,-25.47470,0.54317,0.08130,0.00973,-0.83562,-0.13590,-9.10303,-3.47448,
1671607427699990016,6.34875,-35.79334,-25.83425,0.54093,0.08349,0.00828,-0.83687,-0.22273,-9.27931,-3.49330,
1671607427799823872,6.14332,-36.75182,-26.19383,0.53876,0.08497,0.00750,-0.83813,-0.30925,-9.45281,-3.51408,
1671607427899915264,5.92466,-37.72094,-26.55557,0.53699,0.08432,0.00667,-0.83934,-0.39973,-9.62376,-3.53082,
1671607428000123136,5.71896,-38.69388,-26.91728,0.53487,0.08223,0.00688,-0.84090,-0.48495,-9.78952,-3.55799,
1671607428099969024,5.46336,-39.68691,-27.28381,0.53178,0.08036,0.00600,-0.84304,-0.57968,-9.95410,-3.58746,
1671607428199819008,5.21632,-40.69258,-27.65237,0.52971,0.08066,0.00575,-0.84431,-0.67367,-10.12469,-3.61649,
1671607428299918080,4.92178,-41.73335,-28.02895,0.52786,0.08203,0.00659,-0.84533,-0.77691,-10.29988,-3.64395,
1671607428399888128,4.64338,-42.77421,-28.40440,0.52573,0.08192,0.00794,-0.84666,-0.87152,-10.47298,-3.66175,
1671607428499977984,4.37856,-43.82651,-28.78018,0.52407,0.08221,0.00800,-0.84766,-0.96716,-10.64547,-3.68366,
1671607428599820032,4.06645,-44.90231,-29.16085,0.52276,0.08199,0.00710,-0.84850,-1.07523,-10.81966,-3.70614,
1671607428699905280,3.72770,-45.98005,-29.54121,0.52113,0.07878,0.00667,-0.84981,-1.17962,-10.98814,-3.72655,
1671607428799994880,3.27645,-47.05550,-29.92069,0.51935,0.07526,0.00502,-0.85123,-1.31521,-11.14459,-3.75301,
1671607428899831040,2.66006,-48.12511,-30.30189,0.51645,0.07367,0.00225,-0.85314,-1.46842,-11.28987,-3.78935,
1671607429000054016,2.20341,-49.26448,-30.70281,0.51256,0.07601,0.00015,-0.85528,-1.59970,-11.44789,-3.82195,
1671607429099897088,1.92032,-50.44866,-31.11257,0.50945,0.07804,0.00094,-0.85695,-1.68724,-11.62187,-3.84456,
1671607429199998208,1.58881,-51.60498,-31.51219,0.50606,0.07865,0.00438,-0.85889,-1.78143,-11.78070,-3.85999,
1671607429299849984,1.21464,-52.76222,-31.90686,0.50484,0.07648,0.00731,-0.85978,-1.87851,-11.93813,-3.86232,
1671607429399936256,0.58139,-53.93835,-32.30569,0.50361,0.07359,0.01082,-0.86072,-1.99647,-12.09961,-3.88430,
1671607429499885056,-0.04417,-55.07233,-32.69444,0.50253,0.07573,0.01445,-0.86112,-2.14025,-12.24963,-3.90192,
1671607429599984896,-0.25989,-56.31455,-33.10982,-0.49957,-0.08006,-0.01750,0.86239,-2.20609,-12.44345,-3.92970,
1671607429699818240,-0.65565,-57.54378,-33.51903,-0.49673,-0.08318,-0.01713,0.86374,-2.30688,-12.61671,-3.95018,
1671607429799909120,-1.01657,-58.76658,-33.91861,-0.49451,-0.08463,-0.01411,0.86493,-2.40800,-12.79471,-3.97656,
1671607429899875072,-1.75613,-59.99038,-34.32668,-0.49149,-0.08595,-0.00930,0.86658,-2.57963,-12.94957,-4.01029,
1671607445799913216,-0.00483,-0.06567,0.09750,0.99676,0.08017,-0.00071,0.00560,0.00072,-0.14236,0.41418,
1671607445899881216,-0.03708,-0.18007,0.25234,0.99564,0.09292,-0.00559,0.00563,-0.05374,-0.38678,0.58898,
1671607446000086016,-0.03300,-0.19640,0.29908,0.99559,0.09327,-0.00753,0.00620,-0.05725,-0.39727,0.63526,
1671607446099944960,-0.03160,-0.21194,0.35215,0.99540,0.09518,-0.00924,0.00616,-0.06171,-0.40751,0.66189,
1671607446199786240,-0.04381,-0.28463,0.42898,0.99469,0.10203,-0.01132,0.00714,-0.09846,-0.51140,0.68463,
1671607446299994880,-0.08110,-0.39630,0.50241,0.99374,0.11040,-0.01449,0.00902,-0.16355,-0.66657,0.68708,
1671607446399837952,-0.13297,-0.51898,0.56770,0.99293,0.11756,-0.01357,0.00973,-0.22913,-0.82948,0.66087,
1671607446499921152,-0.17403,-0.61054,0.61927,0.99229,0.12331,-0.00737,0.00990,-0.27353,-0.93518,0.62088,
1671607446599889920,-0.19807,-0.69686,0.67028,0.99193,0.12625,-0.00279,0.01108,-0.29429,-1.02495,0.58378,
1671607446699978240,-0.20498,-0.78142,0.71033,0.99167,0.12823,0.00289,0.01224,-0.27730,-1.12276,0.53655,
1671607446799813376,-0.17184,-0.82816,0.74853,0.99200,0.12512,0.01101,0.01299,-0.20075,-1.15670,0.49417,
1671607446899899904,-0.15506,-0.94031,0.78693,0.99198,0.12391,0.02100,0.01373,-0.13204,-1.25786,0.45685,
1671607447000113920,-0.14672,-1.05893,0.82608,0.99160,0.12455,0.03111,0.01547,-0.07056,-1.35627,0.42589,
1671607447099950080,-0.11857,-1.16128,0.86500,0.99126,0.12400,0.04234,0.01503,0.02152,-1.42417,0.40004,
1671607447199779328,-0.07938,-1.25242,0.90558,0.99037,0.12667,0.05379,0.01542,0.12827,-1.48563,0.38627,
1671607447299993344,-0.00865,-1.35891,0.94388,0.98907,0.12987,0.06797,0.01585,0.27862,-1.55856,0.37151,
1671607447399850240,0.05099,-1.50213,0.97321,0.98749,0.13315,0.08262,0.01780,0.42099,-1.66663,0.34911,
1671607447499925248,0.11688,-1.65687,1.00046,0.98581,0.13546,0.09726,0.01942,0.57840,-1.78766,0.33266,
1671607447599886080,0.19976,-1.82033,1.02460,0.98426,0.13639,0.11039,0.02116,0.75471,-1.90133,0.32436,
1671607447699984128,0.29952,-1.99840,1.04731,0.98293,0.13664,0.12103,0.02294,0.95257,-2.02685,0.31745,
1671607447799817984,0.41413,-2.19117,1.06949,0.98190,0.13625,0.12944,0.02362,1.16055,-2.15099,0.31375,
1671607447899913984,0.54486,-2.40494,1.09225,0.98088,0.13713,0.13585,0.02472,1.38121,-2.28700,0.31987,
1671607448000109312,0.69793,-2.62926,1.11689,0.97984,0.14027,0.14010,0.02481,1.60670,-2.42077,0.32956,
1671607448099970048,0.87265,-2.86334,1.14396,0.97931,0.14435,0.13981,0.02381,1.81931,-2.56406,0.34785,
1671607448199818240,1.05923,-3.11446,1.17787,0.98109,0.14910,0.12167,0.02069,1.97322,-2.72672,0.39692,
1671607448299908096,1.24489,-3.39205,1.22093,0.98584,0.15291,0.06734,0.01443,1.99524,-2.91399,0.47006,
1671607448399885056,1.42702,-3.66765,1.26745,0.98800,0.15370,0.01304,0.00745,2.00460,-3.05943,0.44672,
1671607448499969280,1.61557,-3.95459,1.31282,0.98864,0.15008,-0.00732,0.00423,1.98349,-3.19100,0.38366,
1671607448599816192,1.80831,-4.24612,1.35352,0.98926,0.14595,-0.00760,0.00306,1.90967,-3.32019,0.33456,
1671607448699898880,1.99711,-4.54777,1.39012,0.98940,0.14510,0.00263,0.00395,1.82383,-3.44887,0.28482,
1671607448799998976,2.17763,-4.85596,1.41998,0.98881,0.14847,0.01353,0.00437,1.73317,-3.57447,0.24485,
1671607448899837952,2.34631,-5.17514,1.44581,0.98814,0.15214,0.02006,0.00512,1.65594,-3.71284,0.20561,
1671607449000048128,2.50359,-5.52025,1.47087,0.98792,0.15332,0.02147,0.00669,1.58430,-3.86044,0.18235,
1671607449099907072,2.65917,-5.86182,1.49481,0.98735,0.15724,0.01890,0.00704,1.51738,-4.00621,0.15009,
1671607449199876352,2.80489,-6.22034,1.51779,0.98735,0.15774,0.01379,0.00812,1.44294,-4.15325,0.11543,
1671607449299956992,2.94155,-6.59316,1.54182,0.98778,0.15536,0.00918,0.00871,1.37227,-4.30351,0.09372,
1671607449399794176,3.07115,-6.97757,1.56876,0.98875,0.14913,0.00523,0.00997,1.28760,-4.45784,0.08378,
1671607449499881984,3.18567,-7.40787,1.59299,0.98879,0.14895,0.00125,0.00991,1.19985,-4.63779,0.07766,
1671607449599973120,3.30891,-7.80555,1.62094,0.98850,0.15094,-0.00185,0.00908,1.10623,-4.77935,0.06854,
1671607449699809024,3.40751,-8.22043,1.64814,0.98793,0.15458,-0.00538,0.00832,1.00263,-4.92068,0.05369,
1671607449799905024,3.48953,-8.65105,1.67168,0.98740,0.15787,-0.00567,0.00926,0.88384,-5.07186,0.03520,
1671607449899978240,3.55102,-9.09444,1.69371,0.98704,0.16008,-0.00687,0.00905,0.75542,-5.22286,0.02088,
1671607450000066048,3.60238,-9.55160,1.71610,0.98690,0.16082,-0.00993,0.00856,0.60330,-5.38681,0.01477,
1671607450099913984,3.64295,-10.02119,1.73898,0.98649,0.16320,-0.01056,0.00927,0.48140,-5.53964,-0.03348,
1671607450199891968,3.66567,-10.50254,1.76089,0.98657,0.16268,-0.00783,0.01226,0.33085,-5.67643,-0.08133,
1671607450299976960,3.64483,-11.01423,1.77868,0.98699,0.15989,-0.00885,0.01432,0.17442,-5.84092,-0.09911,
1671607450399805952,3.64780,-11.51999,1.80006,0.98723,0.15808,-0.01276,0.01521,0.01952,-5.99341,-0.10429,
1671607450499998976,3.59760,-12.04308,1.82189,0.98694,0.15941,-0.01668,0.01601,-0.13688,-6.13653,-0.12894,
1671607450599851008,3.51548,-12.59332,1.84009,0.98632,0.16274,-0.01996,0.01676,-0.32428,-6.28451,-0.15240,
1671607450699944960,3.42584,-13.13801,1.86560,0.98558,0.16662,-0.02413,0.01685,-0.50942,-6.42211,-0.16887,
1671607450799777024,3.31603,-13.69743,1.89178,0.98457,0.17182,-0.02926,0.01566,-0.71193,-6.58871,-0.19747,
1671607450899964160,3.12611,-14.27786,1.91303,0.98333,0.17842,-0.03122,0.01574,-0.91748,-6.74022,-0.24081,
1671607451000042240,2.97616,-14.86147,1.94110,0.98249,0.18268,-0.03195,0.01794,-1.11152,-6.88996,-0.25684,
1671607451099898112,2.82521,-15.45679,1.96886,0.98178,0.18556,-0.03678,0.01815,-1.29089,-7.03616,-0.26538,
1671607451199998976,2.56333,-16.02341,2.00275,0.98075,0.19045,-0.04019,0.01579,-1.52928,-7.19498,-0.29069,
1671607451299848960,2.26450,-16.59535,2.04275,0.97929,0.19695,-0.04486,0.01368,-1.77891,-7.35443,-0.32884,
1671607451399928064,2.02353,-17.15770,2.10348,0.97820,0.20137,-0.04893,0.01306,-2.01709,-7.51198,-0.36051,
1671607451499894016,1.72741,-17.78120,2.13860,0.97736,0.20427,-0.05335,0.01371,-2.26471,-7.68794,-0.40143,
1671607451599989248,1.35352,-18.40216,2.16578,0.97701,0.20486,-0.05742,0.01339,-2.56821,-7.87947,-0.44020,
1671607451699813120,0.99535,-19.02785,2.20132,0.97686,0.20414,-0.06263,0.01228,-2.85988,-8.06070,-0.46769,
1671607451799919104,0.61929,-19.70548,2.21977,0.97758,0.20050,-0.06319,0.01218,-3.15936,-8.24396,-0.51757,
1671607451899996928,0.17354,-20.38770,2.22189,0.97822,0.19836,-0.05957,0.01393,-3.45587,-8.43045,-0.57679,
1671607452000068096,-0.36508,-21.08709,2.20538,0.97865,0.19697,-0.05696,0.01460,-3.79256,-8.62168,-0.63322,
1671607452099938048,-0.80481,-21.80632,2.19623,0.97896,0.19426,-0.06056,0.01516,-4.08596,-8.79901,-0.68551,
1671607452199898368,-1.32634,-22.50729,2.17705,0.97920,0.19160,-0.06493,0.01557,-4.40950,-8.96541,-0.72179,
1671607452299981056,-1.95030,-23.18635,2.15151,0.97933,0.18954,-0.06859,0.01663,-4.74555,-9.11740,-0.77131,
1671607452399823872,-2.55637,-23.87498,2.12590,0.97928,0.18869,-0.07155,0.01693,-5.08526,-9.25323,-0.81865,
1671607452499911936,-3.18234,-24.55544,2.09367,0.97877,0.18983,-0.07521,0.01770,-5.40841,-9.38646,-0.87035,
1671607452599996928,-3.88915,-25.18585,2.05330,0.97812,0.19173,-0.07878,0.01800,-5.76470,-9.49723,-0.91873,
1671607452699843072,-4.66812,-25.73408,2.01862,0.97724,0.19382,-0.08431,0.01793,-6.12267,-9.59094,-0.96842,
1671607452799928064,-5.37093,-26.33469,1.98018,0.97624,0.19661,-0.08931,0.01795,-6.47086,-9.69181,-1.01086,
1671607452899894272,-6.19384,-26.93101,1.91657,0.97575,0.19692,-0.09392,0.01792,-6.82904,-9.77952,-1.06463,
1671607453000122368,-7.06458,-27.53327,1.83750,0.97533,0.19730,-0.09752,0.01730,-7.22352,-9.87605,-1.12063,
1671607453099987968,-7.94718,-28.12283,1.74439,0.97489,0.19711,-0.10236,0.01624,-7.60902,-9.96211,-1.17632,
1671607453199826944,-8.94246,-28.67043,1.63398,0.97450,0.19730,-0.10582,0.01492,-8.03328,-10.03723,-1.23563,
1671607453299910912,-9.95860,-29.20889,1.51385,0.97425,0.19698,-0.10879,0.01403,-8.44991,-10.10535,-1.30398,
1671607453399886080,-10.96662,-29.72927,1.38299,0.97425,0.19622,-0.11027,0.01299,-8.87872,-10.16390,-1.35890,
1671607453499992064,-12.13166,-30.18574,1.23305,0.97418,0.19493,-0.11322,0.01271,-9.32324,-10.20389,-1.43744,
1671607453599843328,-13.31345,-30.61190,1.09218,0.97382,0.19420,-0.11762,0.01126,-9.80661,-10.25013,-1.48408,
1671607453699937024,-14.54543,-31.02659,0.93159,0.97368,0.19300,-0.12085,0.01013,-10.26573,-10.27039,-1.55145,
1671607453799781376,-15.85476,-31.37447,0.76714,0.97421,0.18961,-0.12187,0.01039,-10.76253,-10.26864,-1.61902,
1671607453899996928,-17.17233,-31.68975,0.60411,0.97468,0.18599,-0.12381,0.00920,-11.22755,-10.25196,-1.69128,
1671607454000070144,-18.55671,-31.93701,0.43771,0.97543,0.18135,-0.12480,0.00861,-11.72209,-10.19734,-1.77034,
1671607454099920896,-20.08607,-32.22654,0.25292,0.97554,0.17862,-0.12792,0.00763,-12.22081,-10.17030,-1.85894,
1671607454199890176,-21.53655,-32.39274,0.08820,0.97532,0.17634,-0.13275,0.00636,-12.71994,-10.08774,-1.93776,
1671607454299973888,-23.15831,-32.42331,-0.08917,0.97487,0.17449,-0.13841,0.00518,-13.23116,-9.97578,-2.01690,
1671607454399823872,-24.83803,-32.44408,-0.27361,0.97472,0.17156,-0.14310,0.00425,-13.77355,-9.85196,-2.10250,
1671607454499909120,-26.47832,-32.34266,-0.44607,0.97436,0.16850,-0.14907,0.00202,-14.29156,-9.69199,-2.17637,
1671607454599883008,-28.29425,-32.00910,-0.62529,0.97432,0.16573,-0.15240,0.00083,-14.86736,-9.47113,-2.24361,
1671607454699965952,-30.33431,-31.68937,-0.82077,0.97419,0.16272,-0.15644,-0.00078,-15.46049,-9.27972,-2.32152,
1671607454799809280,-32.02704,-31.38062,-0.97257,0.97444,0.15923,-0.15846,-0.00159,-16.00455,-9.04882,-2.35502,
1671607454899900928,-34.19839,-30.71698,-1.19371,0.97467,0.15379,-0.16235,-0.00257,-16.62693,-8.73127,-2.41302,
1671607455000105216,-36.32960,-29.90464,-1.36791,0.97478,0.14920,-0.16594,-0.00370,-17.25465,-8.37246,-2.45396,
1671607455099959040,-38.46953,-28.59997,-1.44595,0.97460,0.14487,-0.17071,-0.00449,-17.86732,-7.91006,-2.46412,
1671607455199790336,-40.61149,-27.21743,-1.58020,0.97444,0.14069,-0.17507,-0.00541,-18.49196,-7.41633,-2.48398,
1671607455299877888,-42.93016,-25.42369,-1.67429,0.97404,0.13636,-0.18061,-0.00624,-19.12867,-6.82989,-2.48651,
1671607455399975168,-45.37958,-23.17520,-1.66924,0.97392,0.13215,-0.18432,-0.00703,-19.80449,-6.14417,-2.46780,
1671607455499819008,-47.98376,-20.66848,-1.62770,0.97382,0.12622,-0.18890,-0.00811,-20.48797,-5.40727,-2.42727,
1671607455599905024,-50.40431,-17.91374,-1.48650,0.97396,0.11843,-0.19314,-0.00865,-21.15147,-4.60868,-2.34969,
1671607455699995136,-52.85068,-15.31405,-1.40648,0.97386,0.10863,-0.19927,-0.00972,-21.80109,-3.82361,-2.27629,
1671607455799852032,-55.10733,-12.38335,-1.29530,0.97324,0.09894,-0.20707,-0.01195,-22.42803,-2.96832,-2.18505,
1671607455899938048,-57.36167,-8.38987,-1.12698,0.97195,0.08862,-0.21742,-0.01353,-23.04102,-1.89351,-2.07335,
1671607456000014080,-59.34683,-4.30456,-0.93072,0.97093,0.07828,-0.22568,-0.01544,-23.60205,-0.77952,-1.93194,
1671607456099862016,-61.13959,0.10612,-0.74483,0.97018,0.06663,-0.23239,-0.01764,-24.10439,0.41302,-1.77041,
1671607457299879168,0.00100,0.01510,0.00418,0.99381,0.06272,0.09133,-0.00788,0.02072,0.00362,-0.00248,
1671607457399979008,0.00188,0.01367,0.00366,0.99366,0.06447,0.09171,-0.00791,0.01506,0.00446,-0.01640,
1671607457499820288,0.00233,0.01365,0.00354,0.99360,0.06488,0.09219,-0.00731,0.01846,0.00713,-0.02451,
1671607457599910144,0.00218,0.01281,0.00309,0.99390,0.06313,0.09018,-0.00733,0.00437,0.02079,-0.00173,
1671607457699876352,0.00032,0.01483,0.00540,0.99441,0.06148,0.08545,-0.00858,0.00252,0.00338,0.01775,
1671607457799966208,-0.00003,0.01580,0.00669,0.99438,0.06296,0.08455,-0.01000,-0.00668,-0.00115,0.01699,
1671607457899816960,-0.00069,0.01712,0.00752,0.99452,0.06204,0.08335,-0.01175,0.00213,-0.00290,0.01927,
1671607458000030976,0.00157,0.01785,0.00628,0.99402,0.06189,0.08924,-0.01127,0.01709,0.00631,0.00058,
1671607458099896320,0.00324,0.01957,0.00611,0.99371,0.05929,0.09454,-0.00979,0.02394,0.01849,-0.00914,
1671607458199988992,0.00566,0.02208,0.00531,0.99320,0.05783,0.10069,-0.00823,0.02990,0.01884,-0.02235,
1671607458299804928,0.00508,0.02187,0.00518,0.99323,0.05615,0.10148,-0.00722,0.02381,0.00779,-0.01831,
1671607458399877376,0.00658,0.02256,0.00481,0.99324,0.05734,0.10066,-0.00754,0.03100,-0.00325,-0.01517,
1671607458499973376,0.00425,0.02340,0.00684,0.99366,0.05649,0.09691,-0.00763,0.01798,0.00024,0.00102,
1671607458599823872,0.00435,0.02408,0.00771,0.99382,0.05592,0.09558,-0.00750,0.01835,0.00183,0.00508,
1671607458699909120,0.00334,0.02536,0.00737,0.99397,0.05540,0.09432,-0.00724,0.01385,0.01332,-0.01783,
1671607458799995904,0.00346,0.02721,0.00594,0.99412,0.05343,0.09388,-0.00697,0.00681,0.01828,-0.00901,
1671607458899834880,0.00087,0.02877,0.00788,0.99458,0.05097,0.09029,-0.00805,0.00083,0.01587,0.01274,
1671607459000047104,0.00135,0.03043,0.00924,0.99463,0.05145,0.08948,-0.00777,0.01411,0.02379,0.01490,
1671607459099908096,-0.00001,0.03229,0.01134,0.99486,0.05203,0.08651,-0.00769,0.01343,0.02340,0.03329,
1671607459199876352,-0.00415,0.03105,0.01184,0.99479,0.05569,0.08490,-0.00882,0.00147,0.00675,0.02849,
1671607459299958272,-0.00773,0.02990,0.01049,0.99481,0.05930,0.08203,-0.01024,-0.00785,0.00098,0.01052,
1671607459399820032,-0.00964,0.03027,0.00870,0.99470,0.06264,0.08069,-0.01175,-0.01757,-0.00538,-0.01021,
1671607459499898880,-0.01298,0.03051,0.00761,0.99473,0.06422,0.07885,-0.01301,-0.02795,0.00003,-0.01990,
1671607459599975936,-0.01658,0.03061,0.00705,0.99479,0.06554,0.07693,-0.01338,-0.04587,-0.01559,-0.00161,
1671607459699801088,-0.02044,0.03044,0.00892,0.99502,0.06300,0.07586,-0.01441,-0.04030,-0.01629,0.00822,
1671607459799905024,-0.02323,0.03112,0.01124,0.99531,0.05719,0.07635,-0.01587,-0.04377,-0.01128,0.02648,
1671607459899999232,-0.02568,0.03406,0.01496,0.99532,0.05405,0.07864,-0.01537,-0.02588,-0.00343,0.01823,
1671607460000105216,-0.02033,0.04512,0.01374,0.99524,0.05099,0.08149,-0.01631,-0.00957,0.03255,0.01112,
1671607460099962880,-0.01975,0.04946,0.01268,0.99533,0.05074,0.08031,-0.01732,0.00113,0.04374,0.00742,
1671607460199798016,-0.01844,0.05207,0.01453,0.99529,0.05220,0.07966,-0.01794,0.00390,0.03397,0.01867,
1671607460299877888,-0.01873,0.05414,0.01722,0.99527,0.05543,0.07749,-0.01920,0.01046,0.02045,0.01974,
1671607460399970048,-0.01689,0.05385,0.01934,0.99529,0.05544,0.07711,-0.01969,0.01254,0.00449,0.01863,
1671607460499811072,-0.01534,0.05464,0.02073,0.99557,0.05183,0.07596,-0.01948,0.02289,0.00762,0.01079,
1671607460599903232,-0.01250,0.05527,0.02060,0.99576,0.04865,0.07569,-0.01889,0.02370,0.00865,0.00573,
1671607460699988992,-0.01050,0.05648,0.02066,0.99601,0.04636,0.07396,-0.01859,0.02593,0.00718,0.00394,
1671607460799844352,-0.00869,0.05654,0.02162,0.99624,0.04695,0.07023,-0.01920,0.01755,-0.00444,0.02474,
1671607460899944192,-0.00845,0.05492,0.02329,0.99636,0.04897,0.06682,-0.01988,0.01608,-0.01612,0.02524,
1671607461000026880,-0.00788,0.05437,0.02315,0.99626,0.04895,0.06792,-0.02141,0.00695,-0.02230,0.02031,
1671607461099892224,-0.00742,0.05028,0.02670,0.99616,0.04958,0.06849,-0.02265,0.00754,-0.03256,0.02253,
1671607461199995904,-0.00560,0.04717,0.02865,0.99611,0.04974,0.06919,-0.02253,0.00545,-0.03513,0.02621,
1671607461299837184,-0.00553,0.04274,0.03136,0.99614,0.05317,0.06590,-0.02321,-0.00560,-0.05437,0.02401,
1671607461399924992,-0.00631,0.03580,0.03348,0.99583,0.06066,0.06369,-0.02432,-0.01922,-0.08330,0.02950,
1671607461499876352,-0.01002,0.02594,0.03496,0.99529,0.06991,0.06181,-0.02613,-0.03389,-0.12664,0.03346,
1671607461599969024,-0.01231,0.00935,0.03733,0.99414,0.08228,0.06393,-0.02871,-0.04335,-0.20332,0.03678,
1671607461699809024,-0.01583,-0.01617,0.04106,0.99271,0.09516,0.06636,-0.03268,-0.05453,-0.29152,0.02807,
1671607461799890944,-0.01877,-0.05323,0.04470,0.99116,0.10775,0.06832,-0.03646,-0.07637,-0.39062,0.03070,
1671607461899982336,-0.02515,-0.10014,0.04793,0.98928,0.12256,0.06827,-0.04045,-0.08722,-0.52115,0.03584,
1671607462000048128,-0.03315,-0.15909,0.05023,0.98668,0.13969,0.06961,-0.04593,-0.11716,-0.66372,0.02595,
1671607462099896320,-0.04499,-0.23548,0.05358,0.98391,0.15808,0.06265,-0.05485,-0.17374,-0.84190,0.03062,
1671607462199983104,-0.06333,-0.33229,0.05759,0.98132,0.17392,0.05027,-0.06509,-0.24271,-1.03986,0.02379,
1671607462299820288,-0.09211,-0.45289,0.06388,0.97881,0.18660,0.03122,-0.07836,-0.35243,-1.27727,0.02916,
1671607462399919360,-0.13284,-0.59750,0.06886,0.97607,0.19604,0.01066,-0.09349,-0.50196,-1.52414,0.03999,
1671607462499898112,-0.19477,-0.76192,0.07449,0.97314,0.20186,-0.01144,-0.11006,-0.69468,-1.76771,0.06577,
1671607462599989248,-0.27834,-0.95066,0.08420,0.97094,0.19947,-0.03324,-0.12802,-0.92963,-2.00302,0.13545,
1671607462699825920,-0.38565,-1.16536,0.10086,0.96812,0.19572,-0.05327,-0.14698,-1.19509,-2.24108,0.19152,
1671607462799921920,-0.51922,-1.40359,0.12026,0.96382,0.19723,-0.06416,-0.16744,-1.48423,-2.45198,0.19311,
1671607462899891968,-0.68288,-1.65950,0.13861,0.95942,0.19776,-0.07359,-0.18707,-1.79323,-2.63117,0.18037,
1671607463000099072,-0.87888,-1.93411,0.15638,0.95483,0.19663,-0.07892,-0.20836,-2.11509,-2.79856,0.17027,
1671607463099940352,-1.10761,-2.22457,0.17244,0.95002,0.19546,-0.08126,-0.22948,-2.44055,-2.96529,0.14522,
1671607463199783168,-1.36881,-2.53293,0.18543,0.94395,0.19722,-0.08219,-0.25159,-2.77725,-3.12568,0.11466,
1671607463299883008,-1.66603,-2.85692,0.19537,0.93721,0.20077,-0.08120,-0.27339,-3.11473,-3.28664,0.08166,
1671607463399980032,-1.99528,-3.20029,0.20277,0.93000,0.20505,-0.07905,-0.29464,-3.45553,-3.44087,0.06031,
1671607463499809024,-2.35718,-3.56158,0.20839,0.92277,0.20673,-0.07641,-0.31610,-3.79384,-3.60518,0.04633,
1671607463599897088,-2.75613,-3.93899,0.21308,0.91496,0.20965,-0.07220,-0.33717,-4.13522,-3.77480,0.03522,
1671607463699988992,-3.19144,-4.33265,0.21576,0.90597,0.21534,-0.06554,-0.35854,-4.47637,-3.95242,0.01154,
1671607463799809280,-3.65928,-4.74106,0.21620,0.89653,0.22168,-0.05660,-0.37932,-4.80469,-4.13007,-0.01553,
1671607463899902976,-4.16038,-5.16959,0.21382,0.88702,0.22716,-0.04005,-0.39999,-5.11106,-4.32876,-0.04366,
1671607464000113920,-4.69222,-5.61800,0.20872,0.87918,0.23060,-0.01873,-0.41656,-5.40532,-4.53255,-0.06341,
1671607464099959040,-5.25062,-6.08521,0.20257,0.87129,0.23011,-0.00139,-0.43347,-5.67556,-4.73942,-0.07479,
1671607464199799040,-5.83460,-6.57617,0.19553,0.86241,0.22733,0.00719,-0.45223,-5.94642,-4.95082,-0.07540,
1671607464299876096,-6.44762,-7.08627,0.18875,0.85216,0.22641,0.00662,-0.47172,-6.20271,-5.16145,-0.07624,
1671607464399964160,-7.07469,-7.61278,0.18179,0.84043,0.22727,-0.00045,-0.49197,-6.44368,-5.34684,-0.08903,
1671607464499804928,-7.72583,-8.15565,0.17415,0.82710,0.22583,-0.01307,-0.51453,-6.70966,-5.52975,-0.08541,
1671607464599885312,-8.40671,-8.71745,0.16812,0.81261,0.22365,-0.02660,-0.53753,-7.00675,-5.69578,-0.05655,
1671607464699968000,-9.11732,-9.29474,0.16650,0.79943,0.21901,-0.03747,-0.55816,-7.30294,-5.84389,-0.00326,
1671607464799812352,-9.85581,-9.88466,0.17082,0.78615,0.21702,-0.04198,-0.57715,-7.62251,-5.97227,0.05755,
1671607464899898368,-10.62779,-10.48803,0.18139,0.77275,0.21702,-0.04292,-0.59491,-7.95296,-6.07986,0.11262,
1671607465000107008,-11.43303,-11.10263,0.19641,0.75886,0.21738,-0.04017,-0.61259,-8.27342,-6.17516,0.14764,
1671607465099987968,-12.26651,-11.72507,0.21456,0.74450,0.21835,-0.03588,-0.62989,-8.58270,-6.27262,0.17520,
1671607465199825152,-13.12884,-12.35770,0.23499,0.72867,0.22105,-0.02868,-0.64757,-8.88236,-6.37370,0.19015,
1671607465299915008,-14.02292,-13.00071,0.25794,0.71164,0.22263,-0.02519,-0.66585,-9.19132,-6.45100,0.21280,
1671607465399887360,-14.94522,-13.65149,0.28321,0.69410,0.22400,-0.02743,-0.68359,-9.49675,-6.52395,0.23911,
1671607465499972096,-15.89740,-14.30740,0.31315,0.67737,0.20849,-0.03590,-0.70457,-9.77114,-6.53687,0.30190,
1671607465599803904,-16.87313,-14.96179,0.34933,0.66207,0.17945,-0.04997,-0.72592,-10.04909,-6.52024,0.34879,
1671607465699881984,-17.87463,-15.61602,0.38893,0.64827,0.15817,-0.05415,-0.74283,-10.27477,-6.49425,0.36045,
1671607465799969280,-18.89695,-16.26740,0.42911,0.63686,0.15592,-0.04270,-0.75384,-10.48194,-6.46457,0.33958,
1671607465899812096,-19.93394,-16.91769,0.46645,0.62708,0.17051,-0.01833,-0.75984,-10.65636,-6.44011,0.33726,
1671607466000040960,-20.98945,-17.56616,0.50590,0.61702,0.17412,-0.00112,-0.76744,-10.81343,-6.39844,0.33905,
1671607466099900928,-22.05636,-18.21248,0.54414,0.60626,0.17621,0.01117,-0.77542,-10.96323,-6.41707,0.33270,
1671607466199877376,-23.13389,-18.86348,0.58227,0.59463,0.17342,0.01787,-0.78487,-11.09433,-6.43964,0.31178,
1671607466299971072,-24.22415,-19.52012,0.61921,0.58358,0.16847,0.01961,-0.79415,-11.21646,-6.46684,0.31225,
1671607466399797248,-25.32114,-20.17895,0.65666,0.57256,0.16181,0.02190,-0.80343,-11.33767,-6.49384,0.32378,
1671607466499887104,-26.42881,-20.84559,0.69572,0.56409,0.15810,0.02487,-0.81006,-11.43566,-6.53301,0.32763,
1671607466599977984,-27.54313,-21.51814,0.73506,0.55656,0.15635,0.03239,-0.81532,-11.50402,-6.57738,0.32942,
1671607466699804160,-28.65524,-22.19736,0.77451,0.54845,0.15700,0.03940,-0.82037,-11.57970,-6.61903,0.32005,
1671607466799894016,-29.78048,-22.88218,0.81402,0.54162,0.15779,0.04717,-0.82433,-11.63598,-6.67108,0.32919,
1671607466899959040,-30.89998,-23.57954,0.85491,0.53445,0.15755,0.05596,-0.82850,-11.69390,-6.73942,0.32845,
1671607467000036352,-32.02336,-24.28719,0.89621,0.52805,0.15749,0.06564,-0.83189,-11.73495,-6.80984,0.33434,
1671607467099895296,-33.15208,-24.99798,0.93809,0.52191,0.15506,0.07519,-0.83541,-11.77857,-6.90599,0.32961,
1671607467199995904,-34.26785,-25.73606,0.98041,0.51715,0.15121,0.08402,-0.83823,-11.79505,-7.01687,0.34003,
1671607467299837184,-35.38022,-26.48742,1.02377,0.51307,0.14698,0.09223,-0.84063,-11.80485,-7.15733,0.32686,
1671607467399920128,-36.48995,-27.25979,1.06599,0.50928,0.14262,0.09892,-0.84292,-11.78075,-7.28598,0.31485,
1671607467499881984,-37.58884,-28.05204,1.10689,0.50633,0.13914,0.10256,-0.84484,-11.76069,-7.43337,0.29441,
1671607467599962112,-38.68597,-28.86063,1.14651,0.50340,0.13910,0.10515,-0.84628,-11.72459,-7.57060,0.27598,
1671607467699812096,-39.76141,-29.69469,1.18431,0.50043,0.14183,0.10954,-0.84703,-11.69000,-7.72289,0.24807,
1671607467799903232,-40.84011,-30.54295,1.22109,-0.49910,-0.14366,-0.11469,0.84682,-11.64057,-7.85707,0.24017,
1671607467899982336,-41.88919,-31.42712,1.25694,-0.49806,-0.14325,-0.11868,0.84696,-11.59086,-8.02713,0.23475,
1671607468000063232,-42.94310,-32.32109,1.29516,-0.49787,-0.14320,-0.12165,0.84665,-11.52864,-8.19123,0.25031,
1671607468099918080,-43.99112,-33.22552,1.33514,-0.49716,-0.14235,-0.12363,0.84693,-11.46828,-8.36223,0.24973,
1671607468199996928,-44.96852,-34.21327,1.37137,-0.49758,-0.14208,-0.12514,0.84650,-11.37773,-8.55935,0.25950,
1671607468299837952,-45.94373,-35.21305,1.41239,-0.49850,-0.14075,-0.12699,0.84591,-11.28860,-8.76952,0.26327,
1671607468399918080,-46.94426,-36.20058,1.45851,-0.49775,-0.14167,-0.12717,0.84617,-11.20546,-8.95295,0.28023,
1671607468499992064,-47.88233,-37.26222,1.50064,-0.49715,-0.14196,-0.12849,0.84627,-11.12097,-9.16868,0.27395,
1671607468599821056,-48.79483,-38.35804,1.54360,-0.49676,-0.14129,-0.12952,0.84646,-11.01694,-9.37181,0.27549,
1671607468699923968,-49.67771,-39.50038,1.58542,-0.49605,-0.14119,-0.13150,0.84659,-10.91274,-9.59059,0.24413,
1671607468799894016,-50.55561,-40.64691,1.62877,-0.49509,-0.14225,-0.13294,0.84675,-10.79145,-9.79058,0.22615,
1671607468899972096,-51.38697,-41.85660,1.66719,-0.49484,-0.14305,-0.13385,0.84661,-10.67662,-10.02337,0.20272,
1671607468999811072,-52.21256,-43.06404,1.71025,-0.49460,-0.14462,-0.13284,0.84665,-10.54891,-10.24094,0.22414,
1671607469099927296,-53.00646,-44.31902,1.75376,-0.49412,-0.14689,-0.13236,0.84661,-10.44141,-10.47714,0.21146,
1671607469199894272,-53.75872,-45.62729,1.79285,-0.49408,-0.14806,-0.13402,0.84617,-10.30981,-10.70259,0.19528,
1671607469299982080,-54.45191,-47.01602,1.82717,-0.49429,-0.14669,-0.13725,0.84577,-10.17307,-10.95718,0.16161,
1671607469399823104,-55.13635,-48.38587,1.86719,-0.49377,-0.14844,-0.13985,0.84534,-10.01761,-11.18789,0.13479,
1671607469499918336,-55.75924,-49.84836,1.89863,-0.49278,-0.14926,-0.13956,0.84582,-9.85903,-11.46774,0.11341,
1671607469599886080,-56.36575,-51.29845,1.93748,-0.49236,-0.14924,-0.13663,0.84655,-9.69417,-11.72318,0.10371,
1671607469699967232,-56.90061,-52.85870,1.96632,-0.49288,-0.14552,-0.13152,0.84770,-9.52396,-12.00791,0.08751,
1671607469799809280,-57.45033,-54.33206,2.01174,-0.49401,-0.13879,-0.12778,0.84874,-9.34421,-12.23580,0.09136,
1671607469899902208,-57.87973,-56.01871,2.03307,-0.49610,-0.13010,-0.12712,0.84900,-9.13323,-12.53832,0.07659,
1671607469999984896,-58.27907,-57.67113,2.06942,-0.49719,-0.12412,-0.12362,0.84977,-8.90275,-12.80683,0.07903,
1671607470099965184,-58.68985,-59.23677,2.12098,-0.49742,-0.11570,-0.11533,0.85199,-8.66743,-13.00731,0.10484,
1671607470199793152,-58.96836,-61.02544,2.14675,-0.49846,-0.10557,-0.10478,0.85406,-8.41031,-13.25968,0.09924,
1671607470299879168,-59.19218,-62.81069,2.18418,-0.49913,-0.09927,-0.09658,0.85539,-8.14535,-13.47981,0.09619,
1671607470399959040,-59.36766,-64.59135,2.22773,-0.49739,-0.10066,-0.08535,0.85743,-7.88270,-13.65586,0.11062,
1671607470499798016,-59.44096,-66.48296,2.26198,-0.49603,-0.10324,-0.07460,0.85891,-7.61638,-13.85543,0.09414,
1671607470599905024,-59.45693,-68.36536,2.30297,-0.49333,-0.11648,-0.07184,0.85901,-7.36586,-14.05249,0.05554,
1671607470699875072,-59.38733,-70.31751,2.33559,-0.49018,-0.13533,-0.07424,0.85785,-7.11946,-14.25419,-0.00487,
1671607470799945216,-59.30766,-72.15231,2.38282,-0.48467,-0.15334,-0.07776,0.85763,-6.89269,-14.42265,-0.05814,
1671607470899778048,-59.08044,-74.23533,2.39469,-0.47875,-0.16585,-0.07823,0.85859,-6.67099,-14.68100,-0.11359,
1671607471000112896,-58.77731,-76.29793,2.41799,-0.47181,-0.17258,-0.07170,0.86167,-6.45296,-14.93280,-0.12050,
1671607471099956992,-58.47579,-78.20520,2.46666,-0.46481,-0.17126,-0.06436,0.86630,-6.24427,-15.14295,-0.11114,
1671607471199801088,-56.82613,-80.70419,2.56123,-0.45832,-0.16575,-0.05817,0.87126,-5.73906,-15.48759,-0.11786,
1671607471299892224,-57.36179,-83.01294,2.41230,-0.45121,-0.16179,-0.05059,0.87617,-5.77991,-15.76512,-0.14255,
1671607471399975168,-55.54165,-85.27209,2.58771,-0.44255,-0.15637,-0.04505,0.88186,-5.20663,-16.02805,-0.12718,
1671607471499811072,-54.74509,-87.79340,2.56591,-0.43323,-0.15564,-0.04026,0.88683,-4.90997,-16.35143,-0.14908,
1671607471599900928,-53.23294,-90.02221,2.66516,-0.42277,-0.15690,-0.03815,0.89174,-4.42497,-16.57288,-0.15499,
1671607471700000000,-51.97706,-92.57392,2.67176,-0.41330,-0.15774,-0.03634,0.89609,-4.02469,-16.88925,-0.17082,
1671607471799825920,-50.60237,-95.13038,2.68767,-0.40316,-0.15822,-0.03453,0.90069,-3.62368,-17.17956,-0.18770,
1671607471899916288,-48.63357,-97.27853,2.79599,-0.39288,-0.15557,-0.03358,0.90571,-3.05981,-17.37539,-0.19478,
1671607472000006912,-46.75602,-98.82983,2.98167,-0.38439,-0.15031,-0.03108,0.91032,-2.50058,-17.40321,-0.17529,
1671607472099992320,-45.96185,-98.89122,3.32543,-0.37578,-0.14242,-0.02615,0.91533,-2.17576,-16.98185,-0.11354,
1671607472199822080,-45.96916,-100.76892,3.32463,-0.36727,-0.14111,-0.02137,0.91910,-1.98268,-17.15958,-0.10008,
1671607472299911936,-46.05688,-102.46921,3.31868,-0.35764,-0.13977,-0.01500,0.92322,-1.87316,-17.16473,-0.09831,
1671607472399878912,-46.14968,-104.15122,3.31556,-0.34745,-0.13937,-0.01087,0.92722,-1.78089,-17.15931,-0.07675,
1671607472499962368,-46.18451,-105.85158,3.31256,-0.33767,-0.13738,-0.01119,0.93112,-1.65379,-17.15775,-0.05127,
1671607472599781888,-46.14853,-107.55132,3.31191,-0.32861,-0.13305,-0.01358,0.93495,-1.45482,-17.16618,-0.01666,
1671607472699990016,-45.99463,-109.25731,3.31492,-0.32004,-0.12680,-0.01757,0.93871,-1.16487,-17.18318,0.00422,
1671607472799823872,-45.90817,-110.93873,3.32160,-0.31146,-0.12253,-0.02107,0.94209,-0.96835,-17.18009,0.01864,
1671607472899922176,-45.54084,-112.61666,3.33066,-0.30222,-0.11595,-0.02272,0.94589,-0.53060,-17.18646,0.02408,
1671607473000019968,-44.95450,-114.25847,3.34200,-0.29303,-0.11484,-0.02153,0.94894,0.06921,-17.16083,0.01266,
1671607473099992320,-44.13193,-115.83795,3.35732,-0.28342,-0.11186,-0.01756,0.95229,0.84245,-17.09446,0.01288,
1671607473199835904,-42.50335,-117.18231,3.38773,-0.27438,-0.10479,-0.01513,0.95578,2.26938,-16.83854,0.04668,
1671607473299938304,-40.50008,-118.27653,3.43691,-0.26464,-0.09369,-0.01342,0.95969,3.91833,-16.37469,0.08904,
1671607473399799040,-37.08328,-118.34897,3.52860,-0.25624,-0.07515,-0.01533,0.96357,6.95384,-14.96443,0.15011,
1671607473499898880,-35.10253,-118.68965,3.65659,-0.24739,-0.06276,-0.01544,0.96676,8.36145,-13.91137,0.25483,
1671607473599999232,-34.06069,-120.11504,3.72794,-0.23938,-0.06171,-0.01902,0.96878,8.71106,-13.98870,0.28869,
1671607473699836928,-33.16294,-121.54202,3.79361,-0.23076,-0.06299,-0.01766,0.97081,8.89864,-14.05966,0.30489,
1671607473799921152,-32.16336,-123.12023,3.84196,-0.22229,-0.06782,-0.01533,0.97250,9.17101,-14.28827,0.31080,
1671607473899897088,-31.14714,-124.74325,3.88205,-0.21296,-0.07215,-0.01282,0.97431,9.42124,-14.54002,0.30874,
1671607474000105984,-30.04229,-126.46689,3.90247,-0.20349,-0.07485,-0.01088,0.97615,9.72939,-14.86184,0.29448,
1671607474099944192,-28.77055,-128.30300,3.90892,-0.19258,-0.07389,-0.00845,0.97846,10.18158,-15.27973,0.26949,
1671607474199791104,-27.52591,-130.06001,3.92033,-0.18165,-0.07234,-0.00727,0.98067,10.53586,-15.54125,0.26199,
1671607474299877888,-26.26587,-131.88719,3.92848,-0.17117,-0.06806,-0.00782,0.98286,10.86698,-15.84951,0.24594,
1671607474399974144,-25.03107,-133.71969,3.93874,-0.16117,-0.06300,-0.00914,0.98487,11.14881,-16.13236,0.23604,
1671607474499814912,-23.67244,-135.69566,3.92933,-0.15132,-0.05665,-0.01118,0.98680,11.52233,-16.53791,0.20027,
1671607474599923968,-22.25285,-137.74370,3.91187,-0.14143,-0.05037,-0.01154,0.98860,11.93639,-16.97217,0.16162,
1671607474699891968,-20.77195,-139.82618,3.88389,-0.13155,-0.04482,-0.01322,0.99021,12.34722,-17.38402,0.10946,
1671607474799987200,-19.26608,-141.97985,3.84956,-0.12089,-0.04275,-0.01532,0.99163,12.75777,-17.82503,0.06389,
1671607474899826944,-17.81965,-144.10858,3.83083,-0.10946,-0.04002,-0.01704,0.99304,13.07833,-18.21372,0.04198,
1671607475000033024,-16.22469,-146.40692,3.78450,-0.09931,-0.03892,-0.01930,0.99411,13.49717,-18.72301,0.01159,
1671607475099900928,-14.58622,-148.75111,3.73333,-0.08947,-0.03657,-0.02382,0.99503,13.92016,-19.24124,-0.03909,
1671607475199990016,-12.95735,-151.03426,3.68539,-0.07866,-0.04084,-0.02598,0.99573,14.30051,-19.67216,-0.11263,
1671607475299823360,-11.32030,-153.34914,3.63277,-0.06749,-0.04799,-0.02959,0.99613,14.66230,-20.11317,-0.16964,
1671607475399907072,-9.60308,-155.67899,3.56889,-0.05572,-0.04699,-0.03220,0.99682,15.06633,-20.50041,-0.22234,
1671607475499977984,-7.84639,-158.03697,3.49619,-0.04350,-0.03818,-0.03531,0.99770,15.43504,-20.87142,-0.28385,
1671607475599823872,-6.05635,-160.48120,3.41692,-0.03168,-0.02412,-0.03842,0.99847,15.81871,-21.27750,-0.32727,
1671607475699916032,-4.23263,-162.99547,3.33398,-0.01969,-0.01293,-0.04372,0.99877,16.16344,-21.70562,-0.38253,
1671607475799884032,-2.36208,-165.54650,3.24045,-0.00831,-0.01080,-0.05322,0.99849,16.52882,-22.12684,-0.46229,
1671607475899983872,-0.45679,-168.12470,3.14111,0.00242,-0.01063,-0.06132,0.99806,16.88666,-22.53652,-0.56001,
1671607476000070144,1.47504,-170.81842,3.03116,0.01261,-0.01113,-0.07053,0.99737,17.23700,-23.01111,-0.67178,
1671607476099918080,3.42100,-173.61910,2.91230,0.02134,-0.01162,-0.08199,0.99634,17.55735,-23.53847,-0.79139,
1671607476199887872,5.40566,-176.47210,2.78043,0.02685,-0.00326,-0.09624,0.99499,17.90875,-24.09484,-0.89338,
1671607476299969280,7.44169,-179.26318,2.63602,0.03119,0.01224,-0.11110,0.99324,18.24845,-24.60056,-1.01447,
1671607476399808256,9.52526,-181.89215,2.47904,0.03387,0.03005,-0.11925,0.99183,18.62639,-24.99442,-1.13967,
1671607476499891968,11.61611,-184.64722,2.31094,0.03597,0.04009,-0.12169,0.99111,18.97023,-25.44944,-1.27538,
1671607476599987968,13.71945,-187.44845,2.13816,0.03958,0.03289,-0.12254,0.99113,19.29292,-25.89909,-1.42089,
1671607476699824384,15.82634,-190.34551,1.95641,0.04340,0.00965,-0.12466,0.99120,19.57065,-26.37893,-1.57631,
1671607476799921920,17.91528,-193.53666,1.75908,0.04752,-0.02064,-0.12583,0.99070,19.81664,-26.95004,-1.71604,
1671607476899891968,20.05366,-196.50566,1.55464,0.05080,-0.04038,-0.12864,0.98957,20.04449,-27.41428,-1.84433,
1671607477000097024,22.21648,-199.50862,1.33602,0.05165,-0.05096,-0.13339,0.98840,20.25113,-27.88560,-1.93948,
1671607477099945984,24.39231,-202.55326,1.10480,0.05119,-0.05136,-0.13635,0.98800,20.43423,-28.34584,-2.04119,
1671607477199794944,26.53030,-205.67517,0.87714,0.05023,-0.04609,-0.13793,0.98809,20.61175,-28.82146,-2.13760,
1671607477299879168,28.65687,-208.85122,0.64859,0.04844,-0.03560,-0.14120,0.98815,20.78292,-29.29628,-2.23028,
1671607477399980032,30.80978,-212.04273,0.40786,0.04730,-0.02606,-0.14330,0.98820,20.96991,-29.76205,-2.31925,
1671607477499835136,32.98384,-215.25345,0.15588,0.04663,-0.01748,-0.14450,0.98825,21.16779,-30.21789,-2.40978,
1671607477599941376,35.13507,-218.53230,-0.09360,0.04679,-0.01413,-0.14526,0.98819,21.35918,-30.68053,-2.50586,
1671607477699791872,37.26914,-221.83728,-0.34299,0.04633,-0.01305,-0.14786,0.98784,21.54403,-31.13513,-2.60899,
1671607477799879936,39.48807,-225.11270,-0.61957,0.04736,-0.01661,-0.14829,0.98767,21.74720,-31.56027,-2.73392,
1671607477899973120,41.62053,-228.49084,-0.88180,0.04873,-0.01961,-0.14831,0.98755,21.92490,-31.99457,-2.85901,
1671607478000048128,43.85376,-231.80874,-1.17720,0.04987,-0.02228,-0.14855,0.98739,22.11905,-32.40736,-2.97950,
1671607478099892224,46.04103,-235.20469,-1.47138,0.05034,-0.02344,-0.15155,0.98689,22.28972,-32.83184,-3.11750,
1671607478199992064,48.26894,-238.60613,-1.78445,0.05052,-0.02544,-0.15283,0.98663,22.46990,-33.23462,-3.25867,
1671607478299835904,50.42550,-242.08285,-2.08764,0.05063,-0.02387,-0.15235,0.98674,22.63292,-33.66205,-3.37304,
1671607478399920128,52.65176,-245.52928,-2.41212,0.04968,-0.02227,-0.15130,0.98699,22.81095,-34.06428,-3.48566,
1671607478499880960,54.84433,-249.03423,-2.73692,0.04891,-0.02280,-0.15089,0.98708,22.97546,-34.46600,-3.62480,
1671607478599959040,57.10741,-252.51489,-3.08803,0.04847,-0.02681,-0.14998,0.98714,23.16110,-34.85687,-3.75691,
1671607478699804928,59.30880,-256.07490,-3.43148,0.04767,-0.02872,-0.14799,0.98742,23.33321,-35.25594,-3.87459,
1671607478799900928,61.63728,-259.56103,-3.81142,0.04709,-0.03065,-0.14599,0.98769,23.51526,-35.62987,-3.98010,
1671607478899995136,63.85734,-263.19007,-4.17178,0.04666,-0.03019,-0.14412,0.98800,23.67080,-36.02752,-4.09002,
1671607479000074240,66.16814,-266.75892,-4.55915,0.04644,-0.02910,-0.14065,0.98854,23.84125,-36.40375,-4.18997,
1671607479099924992,68.45396,-270.37402,-4.94578,0.04528,-0.02528,-0.13612,0.98933,24.01412,-36.76986,-4.28059,
1671607479199881984,70.76127,-274.00753,-5.34132,0.04341,-0.02359,-0.13326,0.98985,24.18837,-37.12570,-4.37222,
1671607479299966976,73.06010,-277.69054,-5.73763,0.04324,-0.02202,-0.13222,0.99003,24.36318,-37.46813,-4.45679,
1671607479399797248,75.40017,-281.34591,-6.14722,0.04399,-0.02254,-0.13283,0.98991,24.54212,-37.79983,-4.53153,
1671607479499887104,77.75220,-285.03963,-6.56316,0.04482,-0.02345,-0.13444,0.98963,24.71893,-38.12614,-4.63242,
1671607479599973120,80.12883,-288.74728,-6.99116,0.04605,-0.02468,-0.13543,0.98941,24.89764,-38.45353,-4.73652,
1671607479699804928,82.45241,-292.52823,-7.40891,0.04629,-0.02521,-0.13677,0.98920,25.07229,-38.79566,-4.83136,
1671607479799900160,84.95265,-296.18683,-7.87663,0.04555,-0.02585,-0.13619,0.98930,25.26293,-39.10422,-4.92896,
1671607479899979008,87.28240,-300.06999,-8.30736,0.04580,-0.02426,-0.13659,0.98927,25.43675,-39.46592,-5.03818,
1671607480000055040,89.75314,-303.84404,-8.77624,0.04669,-0.02106,-0.13421,0.98963,25.62576,-39.79267,-5.13221,
1671607480099902208,92.23177,-307.64268,-9.25290,0.04560,-0.01862,-0.13356,0.98982,25.80897,-40.13616,-5.21328,
1671607480199991296,94.65853,-311.55118,-9.71829,0.04530,-0.02424,-0.13152,0.98998,25.97246,-40.47878,-5.31488,
1671607480299843072,97.11216,-315.44490,-10.19230,0.04723,-0.03120,-0.12686,0.99030,26.14049,-40.80268,-5.40944,
1671607480399923200,99.63013,-319.32489,-10.68801,0.04837,-0.03269,-0.12591,0.99032,26.32203,-41.12259,-5.48722,
1671607480499891968,102.14823,-323.24516,-11.18830,0.04836,-0.02863,-0.12660,0.99036,26.49569,-41.42471,-5.57593,
1671607480599976960,104.63676,-327.25162,-11.68242,0.04846,-0.02415,-0.12666,0.99047,26.67728,-41.74213,-5.65709,
1671607480699804928,107.21373,-331.18765,-12.20368,0.04863,-0.01921,-0.12847,0.99033,26.85540,-42.04482,-5.73560,
1671607480799875328,109.77299,-335.20853,-12.72291,0.04770,-0.01487,-0.13024,0.99022,27.05141,-42.37062,-5.80790,
1671607480899974144,112.35501,-339.26058,-13.24899,0.04682,-0.01060,-0.12979,0.99038,27.23711,-42.69406,-5.89704,
1671607481000066048,114.96994,-343.32370,-13.78698,0.04720,-0.00994,-0.12643,0.99080,27.43069,-43.00954,-5.98267,
1671607481099928064,117.62801,-347.37291,-14.34161,0.04777,-0.00949,-0.12445,0.99103,27.61707,-43.31436,-6.07902,
1671607481199880960,120.25000,-351.52039,-14.88957,0.04814,-0.00994,-0.12233,0.99127,27.81870,-43.61860,-6.18538,
1671607481299969280,122.90911,-355.68510,-15.45036,0.04850,-0.01055,-0.12248,0.99123,28.01393,-43.91997,-6.28745,
1671607481399818240,125.59886,-359.84081,-16.02553,0.04987,-0.01237,-0.12440,0.99090,28.21102,-44.20751,-6.39627,
1671607482599929088,0.00349,0.00230,0.00220,0.99324,-0.06679,0.09386,0.01411,0.03435,0.00605,0.01951,
1671607482699780352,0.00449,0.00681,0.00762,0.99297,-0.06839,0.09540,0.01538,0.04320,0.00206,0.02188,
1671607482799976192,0.00226,0.00609,0.00249,0.99258,-0.07174,0.09671,0.01672,0.02586,-0.00044,-0.01402,
1671607482899820032,0.00280,0.00704,0.00174,0.99227,-0.07629,0.09623,0.01794,0.03770,0.00219,-0.02318,
1671607483000026112,0.00542,0.00871,0.00056,0.99214,-0.07671,0.09693,0.01936,0.05896,0.00583,-0.03959,
1671607483099877120,0.00911,0.01051,-0.00313,0.99245,-0.07210,0.09693,0.02125,0.07358,0.01008,-0.04436,
1671607483199963136,0.00996,0.01276,-0.00292,0.99277,-0.06827,0.09593,0.02343,0.07382,0.02120,-0.01315,
1671607483299804928,0.01059,0.01380,0.00105,0.99301,-0.06720,0.09348,0.02600,0.07443,0.00939,0.00420,
1671607483399899904,0.01935,0.01574,0.00208,0.99294,-0.06588,0.09408,0.02957,0.09188,0.00354,0.02125,
1671607483499984128,0.01438,0.01281,0.00597,0.99262,-0.06825,0.09520,0.03126,0.06937,-0.01404,-0.00179,
1671607483599830272,0.01785,0.01031,0.00608,0.99253,-0.06551,0.09785,0.03207,0.06523,-0.05803,0.02204,
1671607483699936256,0.00518,0.00752,0.00526,0.99269,-0.06681,0.09516,0.03228,0.03866,-0.03500,0.02939,
1671607483799776000,0.00992,0.00420,0.00753,0.99245,-0.07255,0.09235,0.03543,0.06339,-0.03807,0.04375,
1671607483899981312,0.00655,0.01262,0.00902,0.99248,-0.07730,0.08724,0.03727,0.05198,-0.00169,0.03189,
1671607484000075008,0.00607,0.01441,0.01007,0.99246,-0.07785,0.08657,0.03834,0.03439,0.01113,0.01418,
1671607484099941888,0.00237,0.01692,0.00154,0.99244,-0.07700,0.08737,0.03871,0.01040,0.02510,-0.03998,
1671607484199786240,0.00222,0.01759,0.00071,0.99244,-0.07481,0.08834,0.04065,-0.00034,0.02509,-0.02681,
1671607484299877120,0.00212,0.01703,0.00096,0.99292,-0.06796,0.08825,0.04122,0.00894,0.00506,-0.00357,
1671607484399958016,0.00256,0.01606,0.00244,0.99310,-0.06256,0.08883,0.04408,0.00708,0.00686,0.01213,
1671607484499784960,0.00270,0.01650,0.00310,0.99287,-0.06211,0.09012,0.04728,0.00336,0.00252,-0.00224,
1671607484599986944,0.00297,0.01646,0.00289,0.99253,-0.05995,0.09381,0.04992,-0.00185,-0.00223,0.00356,
1671607484699828992,0.00288,0.01674,0.00285,0.99219,-0.05783,0.09787,0.05130,0.01088,-0.00016,-0.00436,
1671607484799918080,0.00355,0.01718,0.00256,0.99180,-0.05612,0.10198,0.05279,0.01205,-0.00486,-0.01111,
1671607484899889920,0.00410,0.01635,0.00218,0.99201,-0.05344,0.10146,0.05264,0.02718,-0.00849,-0.00445,
1671607485000098304,0.00639,0.01716,0.00253,0.99212,-0.05083,0.10110,0.05372,0.04017,-0.01213,-0.00327,
1671607485099944192,0.00666,0.01554,0.00278,0.99267,-0.04772,0.09773,0.05266,0.03479,-0.02841,-0.00579,
1671607485199790336,0.01440,0.01285,0.00142,0.99265,-0.04418,0.09911,0.05364,0.06849,-0.04291,-0.01323,
1671607485299883008,0.00680,0.01337,0.00066,0.99273,-0.04221,0.09965,0.05274,0.04645,-0.04400,-0.00737,
1671607485399975936,0.00965,0.01091,-0.00030,0.99245,-0.04381,0.10163,0.05279,0.04851,-0.05939,0.01367,
1671607485499814912,0.00673,0.01229,0.00715,0.99277,-0.04601,0.09760,0.05255,0.03466,-0.06091,0.03936,
1671607485599910912,0.00640,0.00955,0.01166,0.99317,-0.04731,0.09289,0.05243,0.02312,-0.06598,0.05445,
1671607485699880192,0.00238,0.01331,0.01792,0.99363,-0.04877,0.08654,0.05331,0.01194,-0.05325,0.09636,
1671607485799952896,0.00236,0.01163,0.02670,0.99354,-0.05163,0.08517,0.05442,0.01191,-0.05265,0.11406,
1671607485899789056,0.00115,0.01242,0.02938,0.99332,-0.05490,0.08564,0.05447,0.00376,-0.05056,0.09529,
1671607486000003072,0.00094,0.00860,0.03998,0.99297,-0.05624,0.08810,0.05548,-0.00367,-0.05192,0.09481,
1671607486099970048,-0.00261,0.01396,0.03239,0.99305,-0.05469,0.08805,0.05572,-0.01640,-0.03594,0.05935,
1671607486199800320,-0.00396,0.01461,0.03323,0.99301,-0.05304,0.08924,0.05621,-0.01668,-0.02046,0.03892,
1671607486299904000,0.00065,0.02602,0.00414,0.99286,-0.05578,0.08931,0.05611,0.00766,0.00770,-0.02571,
1671607486399974144,0.00097,0.02695,0.00202,0.99283,-0.05680,0.08873,0.05642,-0.00142,0.00491,-0.01943,
1671607486499823104,0.00040,0.02762,0.00146,0.99288,-0.05712,0.08855,0.05559,-0.00194,0.00410,-0.01949,
1671607486599920896,0.00061,0.02836,0.00162,0.99276,-0.05715,0.08996,0.05544,-0.00557,0.00047,-0.00850,
1671607486699998976,0.00040,0.02891,0.00235,0.99300,-0.05576,0.08951,0.05321,0.00231,-0.00674,0.01022,
1671607486799834368,0.00046,0.02876,0.00374,0.99308,-0.05531,0.08901,0.05297,-0.00277,-0.00800,0.03404,
1671607486899937280,0.00016,0.02905,0.00515,0.99290,-0.05825,0.08886,0.05343,0.00313,0.00296,0.01883,
1671607487000020992,0.00041,0.02968,0.00291,0.99237,-0.06101,0.09160,0.05556,-0.00087,0.00512,-0.01331,
1671607487099892224,0.00053,0.03062,0.00223,0.99213,-0.06061,0.09390,0.05650,0.00908,0.01369,-0.02536,
1671607487199972096,0.00087,0.03091,0.00089,0.99242,-0.05585,0.09329,0.05729,0.00543,0.00540,-0.01860,
1671607487299819264,0.00000,0.03078,0.00253,0.99285,-0.05307,0.09057,0.05690,0.00093,0.00572,-0.00055,
1671607487399905280,-0.00054,0.03096,0.00274,0.99301,-0.05153,0.09008,0.05617,-0.00938,-0.00222,0.00085,
1671607487499880960,-0.00108,0.03134,0.00259,0.99315,-0.05092,0.09036,0.05385,-0.00218,0.00034,-0.01344,
1671607487599966976,-0.00092,0.03141,0.00240,0.99307,-0.04990,0.09219,0.05322,0.00007,-0.00499,-0.01220,
1671607487699797248,-0.00081,0.03103,0.00260,0.99319,-0.04822,0.09213,0.05252,0.00668,-0.01059,-0.00370,
1671607487799887872,-0.00024,0.03025,0.00269,0.99324,-0.04774,0.09175,0.05263,0.00603,-0.01365,0.00324,
1671607487899983872,0.00001,0.02963,0.00312,0.99347,-0.04715,0.08880,0.05393,0.00992,-0.02013,0.00914,
1671607488000055040,-0.00077,0.03044,0.00760,0.99370,-0.04786,0.08483,0.05545,0.00139,-0.00307,0.05462,
1671607488099911936,-0.00176,0.03305,0.01082,0.99338,-0.05285,0.08473,0.05680,-0.00090,0.00144,0.02718,
1671607488199887872,-0.00099,0.03638,0.00305,0.99304,-0.05551,0.08641,0.05763,-0.00774,0.00983,-0.01579,
1671607488299974912,-0.00121,0.03695,0.00184,0.99310,-0.05450,0.08612,0.05800,0.00089,0.00178,-0.01260,
1671607488399818240,-0.00118,0.03695,0.00236,0.99313,-0.05256,0.08696,0.05799,-0.00236,-0.00381,0.00279,
1671607488499926016,-0.00119,0.03699,0.00267,0.99315,-0.05295,0.08695,0.05732,0.00118,0.00390,0.00101,
1671607488599898112,-0.00112,0.03710,0.00287,0.99310,-0.05277,0.08742,0.05768,-0.00559,-0.00619,0.00373,
1671607488699974912,-0.00168,0.03745,0.00281,0.99312,-0.05441,0.08598,0.05803,-0.00625,0.00385,0.00088,
1671607488799816960,-0.00187,0.03772,0.00294,0.99289,-0.05726,0.08691,0.05776,-0.00782,0.00047,0.00605,
1671607488899915264,-0.00182,0.03799,0.00283,0.99279,-0.05816,0.08761,0.05746,-0.00001,0.00439,0.00212,
1671607489000118016,-0.00208,0.03860,0.00293,0.99297,-0.05858,0.08491,0.05810,-0.01443,0.00739,0.01096,
1671607489099969024,-0.00313,0.03982,0.00354,0.99327,-0.05891,0.08055,0.05880,-0.01284,0.01655,0.00580,
1671607489199800320,-0.00267,0.03975,0.00295,0.99330,-0.05662,0.08164,0.05905,-0.00927,0.00262,0.00628,
1671607489299889152,-0.00212,0.03993,0.00294,0.99298,-0.05560,0.08555,0.05985,0.00480,0.01261,-0.00121,
1671607489399981312,-0.00140,0.04043,0.00302,0.99245,-0.05476,0.09105,0.06124,0.00250,0.01411,0.00303,
1671607489499827200,-0.00118,0.04122,0.00311,0.99215,-0.05420,0.09467,0.06114,0.00368,0.00418,-0.00941,
1671607489599917056,-0.00084,0.04118,0.00305,0.99199,-0.05109,0.09821,0.06085,0.00410,0.00115,0.00059,
1671607489699888128,-0.00108,0.04184,0.00366,0.99214,-0.05017,0.09741,0.06036,0.00408,0.01092,0.01163,
1671607489799981056,-0.00137,0.04302,0.00500,0.99212,-0.05105,0.09645,0.06152,-0.00530,0.02195,0.02164,
1671607489899823104,-0.00158,0.04282,0.00401,0.99241,-0.04820,0.09587,0.06012,-0.00459,0.00402,-0.00797,
1671607490000025344,-0.00162,0.04256,0.00378,0.99261,-0.04404,0.09605,0.05961,-0.00492,-0.00193,0.00162,
1671607490099889152,-0.00184,0.04317,0.00401,0.99256,-0.04292,0.09675,0.06023,-0.00120,0.00530,0.00448,
1671607490199974144,-0.00121,0.04342,0.00413,0.99189,-0.04284,0.10328,0.06038,0.01351,-0.00359,0.00681,
1671607490299812352,0.00039,0.04409,0.00408,0.99071,-0.04526,0.11255,0.06148,0.03525,0.00413,-0.00319,
1671607490399906048,0.00343,0.04425,0.00494,0.99037,-0.04680,0.11451,0.06222,0.04116,-0.01145,0.01918,
1671607490499879168,0.00588,0.04289,0.00703,0.99103,-0.04944,0.10703,0.06300,0.04894,-0.02642,0.02395,
1671607490599961344,0.01439,0.03905,0.01045,0.99178,-0.05107,0.09869,0.06348,0.06037,-0.04396,0.03822,
1671607490699800320,0.01325,0.03634,0.01355,0.99267,-0.05343,0.08797,0.06342,0.04681,-0.04493,0.02591,
1671607490799905024,0.02027,0.03221,0.01645,0.99280,-0.05506,0.08506,0.06389,0.04175,-0.05020,0.01811,
1671607490899996928,0.00497,0.03969,0.01320,0.99278,-0.05626,0.08415,0.06442,-0.01127,-0.02341,-0.00046,
1671607491000072960,-0.00396,0.04970,0.00376,0.99248,-0.05782,0.08673,0.06423,-0.02902,0.00549,-0.00855,
1671607491099937280,-0.00392,0.05017,0.00376,0.99207,-0.05912,0.09052,0.06408,-0.00166,0.01111,-0.00378,
1671607491199887872,-0.00340,0.05035,0.00389,0.99162,-0.05832,0.09557,0.06449,-0.00392,-0.00663,-0.00265,
1671607491299984896,-0.00303,0.05033,0.00388,0.99143,-0.05674,0.09889,0.06382,0.00692,0.00581,-0.00228,
1671607491399821056,-0.00266,0.05054,0.00411,0.99120,-0.05512,0.10199,0.06391,0.00251,-0.00234,0.00656,
1671607491499908096,-0.00263,0.05112,0.00426,0.99107,-0.05687,0.10239,0.06377,0.00774,0.00730,-0.00015,
1671607491599991040,-0.00260,0.05160,0.00412,0.99093,-0.05917,0.10142,0.06531,-0.00138,0.00153,-0.00042,
1671607491699838208,-0.00280,0.05192,0.00411,0.99122,-0.05972,0.09862,0.06476,0.00578,0.00466,-0.00549,
1671607491799919104,-0.00278,0.05230,0.00408,0.99124,-0.06068,0.09728,0.06549,-0.00030,0.00761,0.00347,
1671607491899997952,-0.00284,0.05290,0.00427,0.99123,-0.06225,0.09601,0.06605,0.00529,0.00801,-0.00110,
1671607492000081152,-0.00272,0.05334,0.00407,0.99112,-0.06213,0.09641,0.06724,-0.00022,0.00879,-0.00380,
1671607492099941888,-0.00298,0.05452,0.00407,0.99140,-0.06031,0.09537,0.06623,0.00519,0.01135,-0.00565,
1671607492199891968,-0.00291,0.05457,0.00413,0.99148,-0.05933,0.09540,0.06598,0.00103,0.00343,0.00104,
1671607492299968000,-0.00298,0.05502,0.00423,0.99151,-0.06010,0.09474,0.06571,0.00437,0.00979,-0.00320,
1671607492399794944,-0.00291,0.05527,0.00422,0.99144,-0.06072,0.09485,0.06608,-0.00070,0.00743,0.00280,
1671607492499890176,-0.00333,0.05540,0.00451,0.99180,-0.05887,0.09276,0.06535,-0.00080,0.00396,0.00015,
1671607492599975168,-0.00336,0.05531,0.00468,0.99186,-0.05727,0.09325,0.06515,-0.00314,0.00230,0.00750,
1671607492699798016,-0.00347,0.05511,0.00527,0.99188,-0.05619,0.09313,0.06585,0.00398,-0.00235,0.00776,
1671607492799887104,-0.00337,0.05489,0.00530,0.99199,-0.05577,0.09228,0.06578,-0.00275,0.00181,0.00538,
1671607492899973120,-0.00365,0.05583,0.00497,0.99212,-0.05663,0.09026,0.06597,0.00410,0.01335,-0.00246,
1671607493000046336,-0.00396,0.05720,0.00464,0.99228,-0.05665,0.08840,0.06604,-0.00757,0.01476,-0.00132,
1671607493099889920,-0.00444,0.05861,0.00441,0.99247,-0.05708,0.08621,0.06563,-0.00139,0.01836,-0.00376,
1671607493199964928,-0.00427,0.05904,0.00389,0.99267,-0.05549,0.08517,0.06539,-0.00516,-0.00038,-0.00175,
1671607493299795200,-0.00456,0.05905,0.00419,0.99278,-0.05467,0.08441,0.06535,-0.00057,0.00440,-0.00334,
1671607493399888128,-0.00449,0.05934,0.00430,0.99272,-0.05434,0.08506,0.06566,-0.00692,0.00318,-0.00112,
1671607493499983360,-0.00460,0.05981,0.00428,0.99286,-0.05465,0.08419,0.06447,-0.00082,0.00370,-0.00413,
1671607493599810048,-0.00438,0.05994,0.00412,0.99282,-0.05461,0.08543,0.06341,-0.00458,-0.00129,-0.00115,
1671607493699896064,-0.00450,0.05992,0.00454,0.99295,-0.05325,0.08524,0.06281,-0.00142,0.00320,-0.00136,
1671607493799980288,-0.00444,0.06008,0.00466,0.99299,-0.05196,0.08553,0.06292,-0.00611,0.00045,0.00128,
1671607493899813120,-0.00443,0.06060,0.00476,0.99285,-0.05254,0.08641,0.06339,0.00183,0.00463,-0.00169,
1671607494000023040,-0.00427,0.06103,0.00484,0.99262,-0.05331,0.08790,0.06433,-0.00498,-0.00140,0.00566,
1671607494099876096,-0.00426,0.06188,0.00478,0.99247,-0.05462,0.08868,0.06450,0.00251,0.00869,-0.00230,
1671607494199946240,-0.00409,0.06227,0.00470,0.99217,-0.05668,0.09072,0.06452,-0.00260,0.00072,0.00178,
1671607494299796992,-0.00411,0.06307,0.00455,0.99208,-0.05824,0.09088,0.06430,0.00500,0.00767,-0.00578,
1671607494399878144,-0.00396,0.06345,0.00456,0.99205,-0.05840,0.09171,0.06339,0.00264,0.00345,-0.00062,
1671607494499956224,-0.00419,0.06399,0.00456,0.99215,-0.05925,0.09015,0.06328,0.00258,0.00385,-0.00275,
1671607494599789056,-0.00438,0.06413,0.00464,0.99218,-0.05955,0.08916,0.06390,-0.00288,-0.00290,0.00232,
1671607494699880192,-0.00468,0.06443,0.00476,0.99223,-0.06082,0.08750,0.06419,0.00172,0.00539,-0.00610,
1671607494799976960,-0.00482,0.06467,0.00474,0.99221,-0.06129,0.08694,0.06484,-0.00548,0.00289,0.00107,
1671607494899821056,-0.00500,0.06533,0.00470,0.99203,-0.06329,0.08732,0.06514,0.00393,0.00735,-0.00601,
1671607495000037120,-0.00504,0.06574,0.00467,0.99181,-0.06351,0.08900,0.06601,-0.00490,0.00252,0.00212,
1671607495099884032,-0.00517,0.06644,0.00476,0.99190,-0.06288,0.08866,0.06568,0.00189,0.01015,-0.00148,
1671607495199973120,-0.00439,0.06720,0.00431,0.99134,-0.06276,0.09530,0.06496,0.01886,0.00586,-0.00415,
1671607495299804928,-0.00407,0.06777,0.00499,0.99077,-0.06348,0.10034,0.06536,0.01501,0.01192,-0.00076,
1671607495399905280,-0.00208,0.06893,0.00566,0.99069,-0.06323,0.10063,0.06634,0.02358,0.01527,0.01687,
1671607495499979008,-0.00460,0.06870,0.00624,0.99145,-0.06352,0.09232,0.06681,0.00076,0.00954,0.01256,
1671607495599830272,-0.00583,0.06855,0.00520,0.99227,-0.06219,0.08322,0.06780,-0.01153,0.00177,0.00283,
1671607495699919872,-0.00636,0.06859,0.00475,0.99260,-0.06251,0.07836,0.06851,-0.00322,0.00552,-0.00755,
1671607495799892224,-0.00642,0.06905,0.00461,0.99254,-0.06276,0.07795,0.06966,-0.00843,0.00393,-0.00507,
1671607495899980032,-0.00672,0.06968,0.00462,0.99256,-0.06357,0.07656,0.07019,-0.00685,0.00518,-0.00389,
1671607496000055040,-0.00676,0.07004,0.00465,0.99236,-0.06343,0.07800,0.07149,-0.00941,0.00142,0.00160,
1671607496099919360,-0.00680,0.07091,0.00474,0.99201,-0.06496,0.08103,0.07157,-0.00117,0.00972,-0.00461,
1671607496199993088,-0.00629,0.07113,0.00477,0.99185,-0.06413,0.08394,0.07129,-0.00509,0.00022,0.00552,
1671607496299827200,-0.00635,0.07162,0.00486,0.99168,-0.06486,0.08519,0.07144,0.00233,0.00820,-0.00055,
1671607496399915264,-0.00633,0.07210,0.00484,0.99162,-0.06555,0.08582,0.07094,-0.00467,0.00736,0.00593,
1671607496499895040,-0.00650,0.07246,0.00484,0.99169,-0.06535,0.08480,0.07130,0.00313,0.00763,-0.00013,
1671607496599976960,-0.00648,0.07282,0.00478,0.99150,-0.06669,0.08529,0.07215,-0.00309,0.00362,0.00260,
1671607496699825920,-0.00659,0.07328,0.00470,0.99155,-0.06719,0.08433,0.07217,0.00400,0.00784,-0.00299,
1671607496799921152,-0.00667,0.07359,0.00468,0.99151,-0.06680,0.08404,0.07336,-0.00585,0.00508,0.00234,
1671607496899886080,-0.00685,0.07419,0.00467,0.99154,-0.06725,0.08328,0.07342,0.00324,0.00993,-0.00288,
1671607497000098304,-0.00683,0.07456,0.00461,0.99147,-0.06724,0.08370,0.07394,-0.00377,0.00578,0.00327,
1671607497099938048,-0.00704,0.07547,0.00474,0.99141,-0.06692,0.08474,0.07373,0.00276,0.00938,-0.00250,
1671607497199777024,-0.00675,0.07550,0.00480,0.99128,-0.06593,0.08691,0.07394,-0.00244,0.00050,0.00009,
1671607497299981056,-0.00669,0.07585,0.00485,0.99132,-0.06561,0.08778,0.07268,0.00636,0.00806,-0.00455,
1671607497399823104,-0.00648,0.07599,0.00475,0.99138,-0.06399,0.08822,0.07275,-0.00156,0.00051,0.00062,
1671607497499919104,-0.00651,0.07609,0.00510,0.99150,-0.06266,0.08833,0.07204,0.00901,0.00250,-0.00252,
1671607497599994880,-0.00634,0.07619,0.00520,0.99156,-0.06111,0.08853,0.07243,-0.00263,0.00084,0.00451,
1671607497699846144,-0.00642,0.07624,0.00553,0.99152,-0.06156,0.08771,0.07357,0.00656,-0.00238,-0.00107,
1671607497799937024,-0.00655,0.07613,0.00554,0.99146,-0.06231,0.08661,0.07504,-0.00650,-0.00422,0.00564,
1671607497899776256,-0.00677,0.07679,0.00559,0.99145,-0.06320,0.08514,0.07607,0.00374,0.00764,-0.00078,
1671607498000098304,-0.00658,0.07776,0.00546,0.99130,-0.06418,0.08582,0.07646,0.00056,0.00849,0.00174,
1671607498099944960,-0.00665,0.07899,0.00546,0.99128,-0.06423,0.08639,0.07603,0.00691,0.01177,-0.00204,
1671607498199786240,-0.00634,0.07950,0.00529,0.99128,-0.06320,0.08681,0.07643,0.00130,0.00529,0.00306,
1671607498299983360,-0.00651,0.07945,0.00532,0.99136,-0.06310,0.08503,0.07736,0.00418,0.00553,-0.00143,
1671607498399818240,-0.00626,0.07970,0.00522,0.99136,-0.06303,0.08474,0.07783,0.00244,0.00555,0.00203,
1671607498499891968,-0.00628,0.08002,0.00540,0.99148,-0.06164,0.08381,0.07842,0.00488,0.00162,-0.00064,
1671607498599980032,-0.00603,0.08025,0.00542,0.99141,-0.06114,0.08362,0.07982,-0.00040,0.00454,0.00269,
1671607498699810304,-0.00621,0.08110,0.00548,0.99147,-0.06190,0.08241,0.07982,0.00344,0.00983,-0.00289,
1671607498799887104,-0.00605,0.08133,0.00536,0.99143,-0.06105,0.08269,0.08066,-0.00334,0.00321,0.00144,
1671607498899965952,-0.00655,0.08156,0.00560,0.99156,-0.05986,0.08191,0.08068,-0.00211,0.00730,-0.00154,
1671607499000051968,-0.00648,0.08164,0.00540,0.99157,-0.05782,0.08252,0.08145,-0.00322,0.00003,-0.00220,
1671607499099907072,-0.00653,0.08232,0.00537,0.99150,-0.05785,0.08287,0.08189,0.00416,0.00842,-0.00302,
1671607499199877376,-0.00627,0.08247,0.00528,0.99133,-0.05791,0.08341,0.08338,-0.00219,0.00215,0.00167,
1671607499299969280,-0.00660,0.08303,0.00524,0.99139,-0.05841,0.08306,0.08273,0.00275,0.00514,-0.00184,
1671607499399820032,-0.00673,0.08333,0.00504,0.99143,-0.05812,0.08263,0.08278,-0.00603,0.00463,-0.00007,
1671607499499906048,-0.00711,0.08395,0.00499,0.99143,-0.05877,0.08201,0.08295,0.00246,0.00334,-0.00314,
1671607499599994880,-0.00714,0.08412,0.00493,0.99134,-0.05883,0.08262,0.08339,-0.00279,0.00122,0.00311,
1671607499699840000,-0.00738,0.08438,0.00504,0.99140,-0.05887,0.08224,0.08304,0.00271,0.00173,-0.00099,
1671607499799931136,-0.00732,0.08449,0.00506,0.99139,-0.05892,0.08244,0.08288,-0.00396,-0.00257,0.00419,
1671607499899891968,-0.00744,0.08484,0.00525,0.99138,-0.06023,0.08275,0.08184,0.00644,0.00056,-0.00130,
1671607500000087296,-0.00756,0.08507,0.00504,0.99127,-0.06113,0.08391,0.08126,-0.00667,0.00039,-0.00113,
1671607500099949056,-0.00788,0.08592,0.00483,0.99120,-0.06312,0.08357,0.08092,-0.00248,0.00715,-0.00260,
1671607500199788032,-0.00751,0.08634,0.00488,0.99073,-0.06476,0.08780,0.08093,0.01195,0.00066,-0.00699,
1671607500299995904,-0.00675,0.08696,0.00486,0.99010,-0.06625,0.09352,0.08101,0.01673,0.00562,-0.00942,
1671607500399833088,-0.00612,0.08720,0.00484,0.98999,-0.06581,0.09470,0.08132,0.01024,0.00293,0.00324,
1671607500499924224,-0.00726,0.08774,0.00536,0.99020,-0.06740,0.08933,0.08352,-0.00242,0.00639,0.00423,
1671607500599889152,-0.00759,0.08785,0.00515,0.99050,-0.06912,0.08471,0.08347,-0.00302,-0.00333,0.00389,
1671607500699988992,-0.00802,0.08800,0.00507,0.99077,-0.06960,0.08026,0.08423,-0.00086,0.00001,-0.00303,
1671607500799825920,-0.00864,0.08822,0.00491,0.99093,-0.07149,0.07698,0.08384,-0.01408,-0.00100,-0.00072,
1671607500899910912,-0.00896,0.08864,0.00469,0.99084,-0.07421,0.07712,0.08241,0.00342,0.00018,-0.00815,
1671607501000122368,-0.00911,0.08909,0.00449,0.99047,-0.07656,0.07888,0.08292,-0.00548,0.00250,-0.00065,
1671607501099973120,-0.00937,0.09027,0.00432,0.99031,-0.07912,0.07876,0.08258,0.00232,0.01523,-0.00562,
1671607501199814912,-0.00935,0.09085,0.00410,0.99021,-0.08145,0.07795,0.08229,-0.00412,0.00756,0.00028,
1671607501299916032,-0.00943,0.09148,0.00413,0.99015,-0.08317,0.07629,0.08289,0.00196,0.01087,-0.00827,
1671607501399996160,-0.00923,0.09187,0.00391,0.98999,-0.08295,0.07704,0.08428,-0.00360,0.00976,-0.00563,
1671607501499835136,-0.00925,0.09185,0.00433,0.98998,-0.08178,0.07732,0.08525,0.00553,0.00676,-0.00263,
1671607501599930880,-0.00927,0.09191,0.00437,0.98991,-0.08135,0.07747,0.08641,-0.00673,0.00904,0.00228,
1671607501699886080,-0.00949,0.09195,0.00458,0.98989,-0.08207,0.07599,0.08721,0.00092,0.01022,-0.00647,
1671607501799980288,-0.00930,0.09211,0.00409,0.98985,-0.08134,0.07613,0.08819,-0.00333,0.00715,-0.00391,
1671607501899832320,-0.00948,0.09296,0.00407,0.99007,-0.07911,0.07552,0.08833,0.00424,0.01696,-0.00566,
1671607502000032256,-0.00951,0.09444,0.00396,0.99013,-0.07693,0.07547,0.08957,-0.00586,0.01921,0.00033,
1671607502099896320,-0.01028,0.09633,0.00411,0.99008,-0.07599,0.07612,0.09043,-0.00934,0.02746,-0.00157,
1671607502199984384,-0.01129,0.09910,0.00414,0.99000,-0.07471,0.07786,0.09083,-0.01791,0.03125,0.00332,
1671607502299822080,-0.01252,0.09867,0.00445,0.99001,-0.07377,0.07845,0.09097,-0.01361,0.01590,0.00347,
1671607502399895296,-0.01208,0.09709,0.00312,0.98980,-0.07377,0.08164,0.09051,-0.00706,0.00584,0.00161,
1671607502499983360,-0.01272,0.09741,0.00381,0.98980,-0.07211,0.08233,0.09117,-0.00459,0.00861,0.00376,
1671607502599816960,-0.01265,0.09319,0.00476,0.99002,-0.06912,0.08270,0.09079,-0.00589,-0.01840,0.01362,
1671607502699894272,-0.01334,0.09119,0.00565,0.99029,-0.06821,0.08087,0.09016,-0.00201,-0.01789,0.01349,
1671607502799984896,-0.01368,0.08988,0.00576,0.99007,-0.07019,0.08106,0.09091,-0.00884,-0.01477,0.00637,
1671607502899825152,-0.01417,0.08992,0.00569,0.98997,-0.07277,0.08009,0.09078,-0.00821,-0.00363,0.00122,
1671607503000022272,-0.01401,0.09172,0.00455,0.98991,-0.07332,0.07971,0.09135,-0.01403,0.00353,0.00612,
1671607503099889920,-0.01528,0.09310,0.00507,0.98973,-0.07423,0.08075,0.09168,-0.01362,0.01470,-0.00116,
1671607503199990016,-0.01503,0.09428,0.00482,0.98936,-0.07350,0.08490,0.09251,-0.01391,0.01551,-0.01169,
1671607503299827200,-0.01632,0.09625,0.00281,0.98934,-0.07089,0.08686,0.09294,-0.01264,0.02280,-0.02888,
1671607503399927040,-0.01623,0.09765,0.00041,0.98931,-0.06602,0.09041,0.09344,-0.00032,0.02366,-0.03250,
1671607503499995904,-0.01678,0.09911,0.00040,0.98940,-0.06320,0.09145,0.09339,0.01200,0.02123,-0.03265,
1671607503599837184,-0.01500,0.09867,0.00099,0.98970,-0.06036,0.08993,0.09361,0.01893,0.01843,-0.01735,
1671607503699922944,-0.01452,0.09776,0.00548,0.99007,-0.05955,0.08480,0.09501,0.01506,0.01469,0.00858,
1671607503799882240,-0.01332,0.09875,0.00762,0.99006,-0.06113,0.08296,0.09575,0.01425,0.00757,0.02205,
1671607503899957248,-0.01476,0.09878,0.00976,0.98998,-0.06310,0.08148,0.09651,0.00192,0.00520,0.02747,
1671607504000037120,-0.01449,0.09941,0.01169,0.98964,-0.06421,0.08295,0.09805,0.00031,0.00256,0.03004,
1671607504099897088,-0.01486,0.10048,0.01261,0.98945,-0.06493,0.08450,0.09810,0.00261,-0.00085,0.02279,
1671607504199991296,-0.01453,0.10087,0.01381,0.98934,-0.06466,0.08649,0.09774,0.00578,-0.00732,0.01762,
1671607504299856896,-0.01332,0.10038,0.01323,0.98944,-0.06378,0.08794,0.09596,0.02311,-0.02435,0.00218,
1671607504399939072,-0.01159,0.09931,0.01463,0.98962,-0.06303,0.08830,0.09426,0.02864,-0.02776,0.00711,
1671607504499898880,-0.01163,0.09843,0.01452,0.99081,-0.06268,0.07478,0.09370,0.00362,-0.03337,0.01927,
1671607504599885312,-0.01275,0.09613,0.01649,0.99188,-0.06344,0.05856,0.09338,-0.02850,-0.04051,0.03614,
1671607504699981312,-0.01923,0.09246,0.01884,0.99300,-0.05917,0.04098,0.09366,-0.07889,-0.08050,0.03989,
1671607504799833344,-0.02990,0.08434,0.02102,0.99393,-0.04938,0.03114,0.09327,-0.14297,-0.12009,0.04000,
1671607504899920896,-0.04719,0.06963,0.02493,0.99453,-0.03774,0.03022,0.09254,-0.20365,-0.18834,0.03614,
1671607505000002048,-0.06908,0.04766,0.02813,0.99430,-0.02716,0.04775,0.09133,-0.23971,-0.26454,0.01504,
1671607505099981056,-0.09417,0.01547,0.03035,0.99305,-0.01719,0.07646,0.08776,-0.24965,-0.36186,-0.00291,
1671607505199828992,-0.11744,-0.02604,0.02958,0.99086,-0.00559,0.10633,0.08286,-0.21613,-0.47330,-0.01888,
1671607505299936000,-0.13449,-0.07981,0.02683,0.98840,0.00932,0.13154,0.07539,-0.12617,-0.60180,-0.03817,
1671607505399895296,-0.13945,-0.14700,0.02242,0.98717,0.02413,0.14322,0.06639,-0.02566,-0.75533,-0.01549,
1671607505499966208,-0.13434,-0.23143,0.02191,0.98853,0.04057,0.13462,0.05511,0.08837,-0.93922,0.01626,
1671607505599801344,-0.11776,-0.33544,0.02547,0.99110,0.05623,0.11279,0.04296,0.18103,-1.15508,0.05735,
1671607505699888128,-0.09312,-0.46210,0.03276,0.99344,0.06966,0.08591,0.02909,0.24049,-1.38918,0.07125,
1671607505799966208,-0.06596,-0.61410,0.03966,0.99409,0.08336,0.06788,0.01503,0.26906,-1.65245,0.06010,
1671607505899797248,-0.03896,-0.79439,0.04538,0.99354,0.09785,0.05749,0.00087,0.26859,-1.94240,0.05116,
1671607506000013056,-0.01631,-1.00494,0.05209,0.99335,0.10677,0.04050,-0.01477,0.19634,-2.23035,0.07697,
1671607506099996160,-0.00046,-1.24564,0.06045,0.99291,0.11202,0.02440,-0.03135,0.13155,-2.53862,0.08374,
1671607506199832320,0.00794,-1.51545,0.06760,0.99249,0.11165,0.01209,-0.04851,0.01741,-2.83556,0.05427,
1671607506299932928,0.00345,-1.81663,0.07147,0.99127,0.11325,-0.00263,-0.06745,-0.12069,-3.14085,0.02452,
1671607506399891200,-0.01569,-2.14737,0.07311,0.98948,0.11503,-0.01642,-0.08623,-0.28418,-3.43350,0.00615,
1671607506499990272,-0.05310,-2.50817,0.07271,0.98719,0.11584,-0.03042,-0.10544,-0.46626,-3.72267,-0.01571,
1671607506599830272,-0.10977,-2.89695,0.07037,0.98468,0.11530,-0.04177,-0.12395,-0.67317,-3.99712,-0.03248,
1671607506699922944,-0.18978,-3.31447,0.06570,0.98202,0.11425,-0.04991,-0.14177,-0.89419,-4.27708,-0.05930,
1671607506799892224,-0.29068,-3.75952,0.05940,0.97894,0.11634,-0.05358,-0.15894,-1.12905,-4.53953,-0.06588,
1671607506899972096,-0.41652,-4.23018,0.05266,0.97600,0.11612,-0.05500,-0.17581,-1.37143,-4.79492,-0.06392,
1671607507000050944,-0.56709,-4.72514,0.04547,0.97343,0.11416,-0.05228,-0.19149,-1.61827,-5.03931,-0.07741,
1671607507099899136,-0.74009,-5.24411,0.03776,0.97082,0.11202,-0.04500,-0.20719,-1.84359,-5.27903,-0.08647,
1671607507199991296,-0.93677,-5.78846,0.02760,0.96786,0.11583,-0.02873,-0.22138,-2.04883,-5.53269,-0.11157,
1671607507299837184,-1.15109,-6.35740,0.01592,0.96381,0.12426,-0.00682,-0.23574,-2.22345,-5.78481,-0.12664,
1671607507399933952,-1.38239,-6.95422,0.00300,0.95823,0.13642,0.01432,-0.25095,-2.38689,-6.06186,-0.12436,
1671607507499890176,-1.63020,-7.57814,-0.00745,0.95178,0.14592,0.02516,-0.26869,-2.53743,-6.35236,-0.09320,
1671607507599973888,-1.89294,-8.23315,-0.01439,0.94512,0.15145,0.02282,-0.28859,-2.69547,-6.64745,-0.04254,
1671607507699808000,-2.17177,-8.91484,-0.01628,0.93876,0.14935,0.00610,-0.31045,-2.86064,-6.92643,-0.00178,
1671607507799896320,-2.47127,-9.62390,-0.01474,0.93275,0.14279,-0.01544,-0.33068,-3.04994,-7.17618,0.02793,
1671607507899975168,-2.79169,-10.35572,-0.01120,0.92631,0.13404,-0.03506,-0.35035,-3.25656,-7.39893,0.04179,
1671607508000058112,-3.12835,-11.11074,-0.00614,0.92002,0.12697,-0.04798,-0.36761,-3.48106,-7.59082,0.05152,
1671607508099907072,-3.48898,-11.88059,-0.00013,0.91341,0.11972,-0.05569,-0.38502,-3.71567,-7.75824,0.06179,
1671607508199880192,-3.87529,-12.66656,0.00659,0.90680,0.11603,-0.05905,-0.40096,-3.96507,-7.90238,0.06867,
1671607508299969280,-4.28757,-13.46654,0.01403,0.89951,0.11533,-0.05956,-0.41718,-4.21048,-8.03792,0.07127,
1671607508399820032,-4.72386,-14.27810,0.02149,0.89184,0.11943,-0.05683,-0.43259,-4.46050,-8.16732,0.07588,
1671607508499919872,-5.18339,-15.10171,0.02935,0.88310,0.12437,-0.05379,-0.44918,-4.70325,-8.29538,0.08213,
1671607508599889152,-5.66535,-15.93802,0.03788,0.87417,0.12997,-0.05076,-0.46514,-4.94483,-8.42537,0.09147,
1671607508699977216,-6.17089,-16.78885,0.04724,0.86498,0.13420,-0.04749,-0.48119,-5.17736,-8.56685,0.09582,
1671607508799820288,-6.69941,-17.65111,0.05742,0.85538,0.13676,-0.04462,-0.49762,-5.41206,-8.69618,0.11104,
1671607508899909376,-7.25330,-18.52776,0.06902,0.84549,0.13713,-0.04465,-0.51415,-5.64252,-8.83505,0.11194,
1671607509000098304,-7.82970,-19.42034,0.08015,0.83537,0.13977,-0.04399,-0.52980,-5.87105,-8.96965,0.11041,
1671607509099970048,-8.42599,-20.32406,0.09085,0.82517,0.14392,-0.04214,-0.54462,-6.09199,-9.11316,0.10390,
1671607509199820032,-9.04374,-21.24203,0.10143,0.81590,0.14720,-0.03750,-0.55788,-6.30774,-9.24658,0.11240,
1671607509299910912,-9.68591,-22.17337,0.11439,0.80748,0.14065,-0.03581,-0.57176,-6.52668,-9.36320,0.13871,
1671607509399996160,-10.34992,-23.11257,0.13191,0.79865,0.11629,-0.05078,-0.58827,-6.74404,-9.40722,0.17681,
1671607509499833088,-11.03145,-24.05784,0.14881,0.78945,0.10133,-0.06131,-0.60228,-6.93508,-9.49045,0.16205,
1671607509599913984,-11.73377,-25.00704,0.16569,0.78131,0.08744,-0.06719,-0.61433,-7.11079,-9.49029,0.14468,
1671607509699883264,-12.45245,-25.95872,0.18008,0.77395,0.08678,-0.06120,-0.62428,-7.28002,-9.51794,0.13472,
1671607509799974912,-13.18733,-26.90922,0.19491,0.76827,0.08240,-0.05502,-0.63241,-7.43674,-9.47803,0.13110,
1671607509899810048,-13.93453,-27.85859,0.20893,0.76229,0.08319,-0.04378,-0.64037,-7.56975,-9.49600,0.12567,
1671607510000005120,-14.69642,-28.80922,0.22302,0.75733,0.07871,-0.03563,-0.64729,-7.68698,-9.46840,0.12335,
1671607510099994880,-15.46704,-29.75983,0.23656,0.75247,0.07532,-0.02573,-0.65379,-7.77861,-9.48555,0.12787,
1671607510199842304,-16.24321,-30.70841,0.25182,0.74857,0.06119,-0.02140,-0.65988,-7.84503,-9.43768,0.16702,
1671607510299931904,-17.02566,-31.65584,0.27028,0.74555,0.03844,-0.02542,-0.66485,-7.88612,-9.41323,0.17428,
1671607510399885056,-17.80877,-32.59763,0.28895,0.74249,0.01690,-0.02989,-0.66897,-7.90019,-9.35319,0.15683,
1671607510499987200,-18.59329,-33.54003,0.30371,0.73971,0.01985,-0.02189,-0.67228,-7.90555,-9.34522,0.11169,
1671607510599812352,-19.37376,-34.47635,0.31545,0.73809,0.03021,-0.01132,-0.67393,-7.89051,-9.28709,0.09047,
1671607510699902976,-20.15279,-35.41260,0.32696,0.73707,0.03943,-0.00009,-0.67467,-7.86809,-9.27261,0.08757,
1671607510799877888,-20.92811,-36.34720,0.33825,0.73633,0.04561,0.01026,-0.67500,-7.84169,-9.26043,0.09714,
1671607510899962880,-21.69867,-37.28472,0.35207,0.73556,0.04729,0.01739,-0.67558,-7.80611,-9.27561,0.10633,
1671607511000037888,-22.46261,-38.22643,0.36704,0.73559,0.04766,0.02500,-0.67529,-7.76187,-9.29904,0.11645,
1671607511099892224,-23.22013,-39.16889,0.38243,0.73465,0.04513,0.03010,-0.67628,-7.71355,-9.32685,0.12320,
1671607511199998208,-23.97129,-40.11899,0.39997,0.73433,0.04261,0.03132,-0.67673,-7.65571,-9.35321,0.13368,
1671607511299830272,-24.70981,-41.07194,0.42013,0.73421,0.03719,0.02852,-0.67730,-7.59500,-9.37196,0.14415,
1671607511399907072,-25.44277,-42.03024,0.44060,0.73355,0.02976,0.02335,-0.67858,-7.52490,-9.37547,0.15583,
1671607511499890176,-26.16274,-42.99082,0.46380,0.73315,0.02235,0.01543,-0.67953,-7.46183,-9.37421,0.14950,
1671607511599977984,-26.87374,-43.95468,0.48656,0.73234,0.01604,0.01209,-0.68065,-7.38527,-9.35065,0.15173,
1671607511699804928,-27.57229,-44.91494,0.51046,0.73241,0.00901,0.01068,-0.68072,-7.30690,-9.32171,0.15259,
1671607511799898112,-28.25975,-45.87681,0.53663,0.73224,-0.00094,0.00482,-0.68103,-7.22362,-9.23944,0.17280,
1671607511899878144,-28.92811,-46.83712,0.56683,0.73198,-0.00992,-0.00478,-0.68124,-7.14126,-9.17996,0.17334,
1671607512000071936,-29.59115,-47.79180,0.59544,0.73198,-0.01671,-0.01353,-0.68098,-7.05958,-9.07380,0.17448,
1671607512099926272,-30.24063,-48.73306,0.62574,0.73125,-0.02584,-0.02744,-0.68106,-6.98910,-8.94501,0.17725,
1671607512199896064,-30.87426,-49.67087,0.65837,0.73092,-0.02602,-0.04311,-0.68060,-6.94007,-8.81813,0.16062,
1671607512299982080,-31.50286,-50.59810,0.68869,0.73041,-0.01856,-0.05250,-0.68074,-6.89591,-8.69667,0.13712,
1671607512399815168,-32.11502,-51.51978,0.71993,0.72963,-0.00148,-0.05094,-0.68194,-6.86731,-8.59522,0.11206,
1671607512499922944,-32.71455,-52.44512,0.75121,0.72933,0.02591,-0.03704,-0.68267,-6.85180,-8.54518,0.08126,
1671607512599779072,-33.30529,-53.37014,0.78131,0.72757,0.05698,-0.01992,-0.68337,-6.85431,-8.51561,0.07754,
1671607512699993088,-33.89845,-54.29783,0.81248,0.72428,0.08213,-0.01188,-0.68449,-6.88272,-8.53013,0.08888,
1671607512799827968,-34.49482,-55.22502,0.84433,0.71861,0.10064,-0.01134,-0.68800,-6.92813,-8.58184,0.10900,
1671607512899908352,-35.07649,-56.17466,0.88499,0.71230,0.11313,-0.01654,-0.69250,-6.98857,-8.66592,0.13504,
1671607513000112896,-35.64282,-57.15070,0.93412,0.70489,0.11718,-0.02562,-0.69910,-7.06011,-8.74600,0.17987,
1671607513099962112,-36.22628,-58.12508,0.98352,0.69723,0.11456,-0.04043,-0.70647,-7.15390,-8.82229,0.21469,
1671607513199801088,-36.80949,-59.11158,1.03875,0.68815,0.11110,-0.05428,-0.71495,-7.25654,-8.87354,0.24217,
1671607513299890944,-37.38514,-60.11705,1.10178,0.67854,0.10633,-0.06813,-0.72362,-7.36549,-8.90989,0.26486,
1671607513399982336,-37.95290,-61.13850,1.17105,0.66796,0.10470,-0.08009,-0.73243,-7.47472,-8.92324,0.28868,
1671607513499821312,-38.51742,-62.16687,1.24525,0.65690,0.10522,-0.08854,-0.74133,-7.59257,-8.92794,0.30877,
1671607513599892224,-39.09532,-63.19794,1.32101,0.64585,0.10771,-0.09406,-0.74995,-7.71138,-8.91064,0.33238,
1671607513699876352,-39.63466,-64.25543,1.41198,0.63512,0.11048,-0.09839,-0.75811,-7.82382,-8.90681,0.36423,
1671607513799960064,-40.20711,-65.30457,1.50009,0.62444,0.11496,-0.10072,-0.76597,-7.94482,-8.88946,0.39837,
1671607513899794944,-40.73443,-66.37902,1.60491,0.61365,0.11662,-0.10350,-0.77403,-8.04939,-8.87731,0.43673,
1671607514000005120,-41.23161,-67.48432,1.72335,0.60179,0.11804,-0.10688,-0.78262,-8.14861,-8.86833,0.48060,
1671607514099845120,-41.76588,-68.57045,1.83842,0.59022,0.11961,-0.11159,-0.79049,-8.25501,-8.85742,0.51543,
1671607514199925248,-42.28543,-69.66952,1.96307,0.57846,0.12033,-0.11438,-0.79864,-8.35442,-8.83866,0.55762,
1671607514299897088,-42.77946,-70.78484,2.09950,0.56607,0.11918,-0.11817,-0.80709,-8.44575,-8.82637,0.59601,
1671607514399972096,-43.27747,-71.90400,2.24066,0.55326,0.11888,-0.12320,-0.81522,-8.52999,-8.80061,0.63403,
1671607514499810304,-43.74529,-73.03651,2.39342,0.54069,0.11700,-0.12923,-0.82296,-8.61099,-8.77688,0.67408,
1671607514599892224,-44.23217,-74.16420,2.54869,0.52772,0.11466,-0.13427,-0.83086,-8.68707,-8.73624,0.72401,
1671607514699979008,-44.65149,-75.32390,2.72458,0.51519,0.11282,-0.13783,-0.83836,-8.74732,-8.70147,0.77774,
1671607514799828992,-45.08374,-76.47562,2.90478,0.50352,0.11192,-0.13825,-0.84547,-8.79804,-8.65301,0.84754,
1671607514899920896,-45.46460,-77.65083,3.10352,-0.49239,-0.11200,0.13557,0.85242,-8.83842,-8.61812,0.90959,
1671607514999887104,-45.83709,-78.82692,3.31113,-0.48048,-0.10986,0.13524,0.85952,-8.86088,-8.56101,0.97987,
1671607515099883008,-46.04443,-80.07733,3.55761,-0.46750,-0.10735,0.13902,0.86637,-8.83678,-8.53772,1.04703,
1671607515199975936,-46.35550,-81.27991,3.79158,-0.45558,-0.10938,0.14019,0.87225,-8.82896,-8.50642,1.09724,
1671607515299817984,-46.49826,-82.54450,4.06050,-0.44401,-0.11333,0.13871,0.87794,-8.78211,-8.49759,1.16377,
1671607515399905280,-46.67391,-83.79359,4.33207,-0.43199,-0.11416,0.13795,0.88392,-8.72917,-8.47345,1.24499,
1671607515499883264,-46.77358,-85.06132,4.62334,-0.41915,-0.11059,0.13927,0.89033,-8.66253,-8.45969,1.32456,
1671607515599979264,-46.91131,-86.30143,4.91473,-0.40502,-0.10574,0.14207,0.89699,-8.59472,-8.42051,1.40329,
1671607515699821312,-46.89880,-87.58531,5.23722,-0.39004,-0.09947,0.14710,0.90351,-8.48464,-8.40105,1.48760,
1671607515799910912,-46.90763,-88.84977,5.56457,-0.37600,-0.09550,0.15031,0.90934,-8.36898,-8.35761,1.57529,
1671607515899883008,-46.72968,-90.16755,5.92867,-0.36203,-0.09098,0.15214,0.91516,-8.20071,-8.32874,1.66732,
1671607516000078080,-46.61402,-91.44235,6.29173,-0.34879,-0.09004,0.15234,0.92034,-8.04397,-8.27588,1.76391,
1671607516099919360,-46.39442,-92.72331,6.67539,-0.33609,-0.09060,0.15094,0.92523,-7.86306,-8.23023,1.86404,
1671607516199895040,-46.08448,-94.01425,7.08030,-0.32308,-0.09354,0.14762,0.93010,-7.66433,-8.19934,1.95764,
1671607516299994112,-45.69357,-95.30785,7.50446,-0.30965,-0.09615,0.14472,0.93484,-7.45118,-8.17808,2.05239,
1671607516399834880,-45.35177,-96.54759,7.92472,-0.29573,-0.09730,0.14313,0.93946,-7.24734,-8.14666,2.14410,
1671607516499929088,-44.69692,-97.86875,8.39750,-0.28218,-0.09544,0.14197,0.94399,-6.97251,-8.15675,2.25351,
1671607516599996928,-44.09989,-99.13600,8.87140,-0.26777,-0.09311,0.14163,0.94846,-6.71589,-8.14611,2.36647,
1671607516699826944,-43.27628,-100.43410,9.38074,-0.25232,-0.09146,0.14297,0.95264,-6.41924,-8.15513,2.46963,
1671607516799899136,-42.64878,-101.62683,9.86696,-0.23748,-0.09067,0.14306,0.95651,-6.15717,-8.14566,2.57420,
1671607516899981312,-41.71684,-102.86774,10.39665,-0.22362,-0.08686,0.14291,0.96022,-5.83342,-8.15424,2.69260,
1671607516999824896,-40.56257,-104.12748,10.96542,-0.21152,-0.08200,0.13813,0.96408,-5.45677,-8.18423,2.83249,
1671607517099941888,-39.65440,-105.26133,11.50769,-0.19920,-0.07666,0.13159,0.96805,-5.12138,-8.18938,2.94877,
1671607517199781888,-38.45161,-106.41655,12.08493,-0.18746,-0.07389,0.12057,0.97204,-4.71277,-8.22919,3.07619,
1671607517299993344,-37.07975,-107.56152,12.69123,-0.17683,-0.07192,0.10895,0.97554,-4.27366,-8.28010,3.20291,
1671607517399834880,-35.75785,-108.62695,13.29080,-0.16798,-0.07260,0.09684,0.97833,-3.82487,-8.36215,3.30322,
1671607517499924224,-34.10279,-109.70718,13.92906,-0.15959,-0.06341,0.08494,0.98148,-3.27396,-8.46734,3.41621,
1671607517599885312,-32.33060,-110.73931,14.58026,-0.15184,-0.05087,0.07119,0.98453,-2.70289,-8.60441,3.50591,
1671607517699971072,-30.45936,-111.71261,15.23711,-0.14417,-0.03354,0.05931,0.98720,-2.09268,-8.73599,3.59166,
1671607517799812352,-28.30881,-112.65098,15.91742,-0.13752,-0.01623,0.04849,0.98918,-1.40123,-8.89608,3.70037,
1671607517899919872,-25.95637,-113.52709,16.61215,-0.13152,-0.00079,0.04403,0.99033,-0.67101,-9.04848,3.75506,
1671607518000113920,-23.63967,-114.29173,17.28674,-0.12637,0.00503,0.04149,0.99110,0.06035,-9.20233,3.78886,
1671607518099968256,-21.27515,-114.95278,17.94045,-0.12405,0.00071,0.03659,0.99160,0.78325,-9.34979,3.79426,
1671607518199798016,-18.44942,-115.57047,18.60852,-0.12214,-0.02002,0.02772,0.99192,1.55606,-9.52931,3.76726,
1671607518299889152,-15.63690,-116.06524,19.25919,-0.12197,-0.04698,0.01809,0.99126,2.29715,-9.69064,3.76844,
1671607519499884032,-0.00191,-0.01597,-0.00565,0.99344,0.06870,0.09137,-0.00043,-0.02331,-0.01672,-0.00640,
1671607519599968256,-0.00232,-0.01712,-0.00564,0.99307,0.06788,0.09595,0.00014,-0.02355,-0.00157,0.01075,
1671607519699800320,-0.04192,-0.02640,0.00132,0.99234,0.06852,0.10281,0.00101,-0.00897,-0.00779,0.01586,
1671607519799892224,-0.04149,-0.02759,0.00383,0.99179,0.07185,0.10575,0.00013,0.01477,-0.01453,0.04023,
1671607519899985920,-0.05641,-0.05903,0.01385,0.99132,0.06933,0.11173,-0.00101,0.08095,-0.00347,0.05693,
1671607520000075008,-0.12004,-0.02343,0.05413,0.98888,0.07341,0.12927,-0.00431,0.24944,0.00885,0.08604,
1671607520099920896,-0.00931,0.10468,0.30587,0.98384,0.07578,0.16207,-0.00695,0.78052,0.08413,0.24101,
1671607520199895040,1.24044,0.25786,1.14402,0.99805,0.03787,0.04948,0.00479,0.11436,0.68849,0.78236,
1671607520299983872,0.81434,0.09124,0.81856,0.99530,0.03278,0.09106,0.00394,0.22415,0.64489,0.49703,
1671607520399832320,0.48252,-0.00275,0.39751,0.99226,0.05512,0.11128,0.00199,0.21885,0.29641,0.19572,
1671607520499912960,0.65733,0.15104,0.62072,0.99252,0.04751,0.11244,0.00285,0.37371,0.50577,0.31900,
1671607520599884032,1.09675,0.58040,1.16583,0.99423,0.03464,0.10144,0.00419,0.53128,0.98170,0.63108,
1671607521799973888,0.00240,0.02355,0.00857,0.99287,0.07598,0.09181,-0.00071,0.01591,-0.01539,0.02143,
1671607521899818240,0.00026,0.02905,0.01749,0.99336,0.07423,0.08784,-0.00183,0.00183,-0.00694,0.03202,
1671607522000011264,-0.00038,0.01860,0.01382,0.99358,0.07156,0.08753,-0.00315,-0.00462,-0.01672,0.03063,
1671607522099989248,-0.00049,0.01508,0.00769,0.99371,0.06903,0.08803,-0.00420,-0.00070,0.00365,0.01010,
1671607522199826944,0.00011,0.01373,0.00683,0.99342,0.07005,0.09051,-0.00440,-0.00194,-0.00317,-0.00046,
1671607522299900160,0.00019,0.01194,0.00588,0.99361,0.06726,0.09059,-0.00387,0.00344,0.01083,-0.00562,
1671607522399875072,0.00029,0.01442,0.00638,0.99386,0.06439,0.08988,-0.00397,0.00056,0.00778,0.00101,
1671607522499976192,0.00032,0.01510,0.00672,0.99397,0.06357,0.08927,-0.00418,0.00553,0.00380,0.00095,
1671607522599812352,0.00056,0.01499,0.00681,0.99381,0.06502,0.08997,-0.00520,-0.00315,-0.00072,0.00200,
1671607522699898880,0.00009,0.01461,0.00678,0.99378,0.06733,0.08860,-0.00435,-0.00119,-0.00153,-0.00684,
1671607522799994880,-0.00008,0.01450,0.00675,0.99392,0.06636,0.08781,-0.00341,-0.00514,0.00040,-0.00250,
1671607522899837952,-0.00027,0.01448,0.00682,0.99442,0.06272,0.08476,-0.00408,0.00134,0.00977,0.00074,
1671607523000035328,-0.00025,0.01611,0.00687,0.99446,0.06137,0.08525,-0.00484,-0.00454,0.01030,-0.00004,
1671607523099868928,-0.00037,0.01807,0.00673,0.99461,0.05921,0.08499,-0.00444,0.00053,0.02138,-0.00556,
1671607523199959040,-0.00034,0.01791,0.00646,0.99468,0.05830,0.08486,-0.00404,-0.00559,0.01268,0.00105,
1671607523299792896,-0.00040,0.01832,0.00676,0.99472,0.05760,0.08479,-0.00390,0.00405,0.00754,-0.00020,
1671607523399891200,-0.00032,0.01766,0.00679,0.99470,0.05765,0.08507,-0.00393,-0.00618,0.00236,0.00197,
1671607523499983360,-0.00040,0.01749,0.00694,0.99480,0.05754,0.08394,-0.00388,0.00102,0.00413,-0.00065,
1671607523599824896,-0.00037,0.01753,0.00711,0.99481,0.05780,0.08365,-0.00307,-0.00583,0.00615,0.00161,
1671607523699912960,-0.00055,0.01802,0.00738,0.99482,0.05831,0.08317,-0.00239,0.00068,0.00636,-0.00232,
1671607523799875328,-0.00080,0.01803,0.00739,0.99477,0.05889,0.08341,-0.00231,-0.00901,0.00745,0.00373,
1671607523899974144,-0.00101,0.01890,0.00793,0.99480,0.05934,0.08278,-0.00200,0.00137,0.00948,0.00509,
1671607523999815936,-0.00048,0.01871,0.00787,0.99458,0.06163,0.08377,-0.00177,-0.00318,0.00511,0.00556,
1671607524099928064,0.00007,0.01938,0.00817,0.99442,0.06338,0.08428,-0.00145,0.00863,0.01191,-0.00163,
1671607524199781888,0.00020,0.01914,0.00806,0.99438,0.06443,0.08397,-0.00088,-0.00814,0.00344,0.00276,
1671607524299986176,-0.00006,0.01970,0.00840,0.99449,0.06438,0.08273,-0.00133,0.00151,0.00663,-0.00051,
1671607524399836928,-0.00022,0.02013,0.00845,0.99448,0.06429,0.08297,-0.00135,-0.00911,0.00776,0.00503,
1671607524499943936,-0.00028,0.02078,0.00866,0.99443,0.06430,0.08354,-0.00184,0.00093,0.00841,0.00167,
1671607524599798272,0.00006,0.02048,0.00845,0.99420,0.06441,0.08608,-0.00183,-0.00519,0.00587,0.00668,
1671607524699895040,0.00009,0.02072,0.00853,0.99405,0.06524,0.08718,-0.00144,0.00270,0.00514,-0.00377,
1671607524799995904,0.00014,0.02051,0.00852,0.99388,0.06600,0.08854,-0.00129,-0.00502,-0.00117,0.00555,
1671607524899840000,0.00012,0.02077,0.00865,0.99394,0.06475,0.08879,-0.00129,0.00568,0.00277,0.00036,
1671607525000049152,0.00009,0.02103,0.00872,0.99398,0.06316,0.08949,-0.00108,-0.00443,0.00522,0.00661,
1671607525099905024,-0.00003,0.02161,0.00885,0.99398,0.06288,0.08975,-0.00096,-0.00050,0.00913,-0.00024,
1671607525199993088,0.00027,0.02207,0.00875,0.99365,0.06287,0.09329,-0.00031,0.00471,0.00717,0.00037,
1671607525299821056,0.00074,0.02215,0.00918,0.99286,0.06441,0.10043,0.00032,0.01771,0.01076,-0.00625,
1671607525399909888,0.00169,0.02321,0.00886,0.99254,0.06544,0.10282,0.00136,0.00493,0.01379,0.00038,
1671607525499997184,0.00078,0.02302,0.00973,0.99316,0.06642,0.09606,0.00134,0.00286,0.00798,0.00212,
1671607525599848960,0.00012,0.02276,0.00965,0.99380,0.06827,0.08772,0.00049,-0.01931,-0.00059,0.01258,
1671607525699951104,-0.00102,0.02296,0.01008,0.99447,0.06969,0.07858,-0.00082,-0.00658,0.00500,-0.00256,
1671607525799787008,-0.00101,0.02306,0.00942,0.99460,0.07036,0.07623,-0.00103,-0.01916,0.00664,0.00373,
1671607525899997952,-0.00278,0.02371,0.01036,0.99441,0.07054,0.07854,-0.00121,-0.02655,0.00960,0.00943,
1671607526000074240,-0.00193,0.02383,0.01022,0.99397,0.07033,0.08416,-0.00087,-0.03128,0.01538,0.01041,
1671607526099930880,-0.00092,0.02378,0.01026,0.99349,0.07044,0.08948,0.00002,-0.01157,0.01159,0.00549,
1671607526199895040,0.00013,0.02339,0.00987,0.99309,0.07012,0.09413,0.00040,-0.00768,0.00459,0.00688,
1671607526299973376,0.00056,0.02289,0.00958,0.99270,0.07222,0.09661,0.00034,0.00717,-0.00191,-0.00227,
1671607526399806976,0.00068,0.02301,0.00960,0.99248,0.07462,0.09705,0.00017,-0.00165,0.00525,-0.00766,
1671607526499891968,0.00051,0.02326,0.00951,0.99268,0.07287,0.09631,0.00203,0.00809,0.00463,-0.01059,
1671607526599972352,0.00095,0.02417,0.00829,0.99311,0.06794,0.09544,0.00277,0.00347,0.01132,-0.01643,
1671607526699811328,0.00030,0.02397,0.00964,0.99356,0.06399,0.09343,0.00419,0.00587,0.00637,-0.00665,
1671607526799906304,0.00020,0.02411,0.00966,0.99370,0.06301,0.09262,0.00360,-0.00193,0.00583,-0.00799,
1671607526899988224,0.00005,0.02425,0.00968,0.99378,0.06508,0.09028,0.00318,0.00407,0.00202,0.00075,
1671607527000070144,-0.00001,0.02434,0.00976,0.99380,0.06688,0.08875,0.00217,-0.00439,0.00427,0.00635,
1671607527099927296,0.00005,0.02468,0.00984,0.99388,0.06633,0.08829,0.00125,0.00670,0.00099,0.00281,
1671607527199880960,0.00007,0.02475,0.00988,0.99389,0.06563,0.08877,0.00048,-0.00818,0.00382,0.00603,
1671607527299961088,0.00016,0.02499,0.00997,0.99372,0.06561,0.09070,-0.00046,0.00453,0.00325,0.00410,
1671607527399809024,0.00029,0.02517,0.01001,0.99343,0.06598,0.09346,-0.00136,-0.00401,0.00711,0.00300,
1671607527499885056,0.00032,0.02545,0.01020,0.99315,0.06698,0.09577,-0.00121,0.00248,0.01065,-0.00664,
1671607527599971328,0.00052,0.02672,0.00907,0.99283,0.06910,0.09756,-0.00069,-0.00096,0.01731,-0.01714,
1671607527699802880,0.00039,0.02557,0.01007,0.99262,0.07167,0.09780,0.00083,0.00567,0.00169,-0.00613,
1671607527799893248,0.00039,0.02536,0.01030,0.99260,0.07159,0.09806,0.00225,-0.00185,0.00194,-0.00151,
1671607527899990016,0.00034,0.02568,0.01045,0.99287,0.06991,0.09643,0.00379,0.00336,0.00765,-0.00276,
1671607528000067328,0.00033,0.02624,0.01056,0.99298,0.06828,0.09650,0.00400,-0.00313,0.00960,0.00601,
1671607528099921920,0.00016,0.02695,0.01078,0.99295,0.06878,0.09650,0.00407,0.00493,0.00453,-0.00354,
1671607528199881984,0.00030,0.02690,0.01064,0.99272,0.07073,0.09745,0.00315,-0.00527,0.00064,0.00040,
1671607528299976192,0.00024,0.02712,0.01074,0.99269,0.07215,0.09677,0.00264,0.00604,0.00252,-0.00398,
1671607528399823104,0.00027,0.02730,0.01077,0.99286,0.07099,0.09581,0.00267,-0.00467,0.00420,0.00438,
1671607528499914240,0.00018,0.02754,0.01079,0.99316,0.06841,0.09456,0.00316,0.00501,0.00160,-0.00264,
1671607528599885312,0.00022,0.02759,0.01084,0.99314,0.06786,0.09515,0.00344,-0.00419,0.00225,0.00110,
1671607528699963136,0.00031,0.02771,0.01094,0.99295,0.06778,0.09719,0.00396,0.00559,0.00386,-0.00454,
1671607528799802368,0.00030,0.02797,0.01103,0.99311,0.06517,0.09732,0.00412,-0.00755,0.01103,0.00558,
1671607528899889920,0.00024,0.02823,0.01112,0.99319,0.06477,0.09674,0.00422,0.00406,0.00733,-0.00146,
1671607529000102144,0.00014,0.02868,0.01148,0.99312,0.06630,0.09648,0.00405,-0.00943,0.00918,0.00662,
1671607529099959040,0.00009,0.02889,0.01159,0.99296,0.06842,0.09660,0.00374,0.00503,0.00776,0.00277,
1671607529199786240,0.00021,0.02876,0.01145,0.99281,0.06920,0.09761,0.00415,-0.00531,0.00328,0.00476,
1671607529299995904,0.00023,0.02904,0.01153,0.99263,0.07115,0.09804,0.00393,0.00596,0.00423,-0.00235,
1671607529399834880,0.00032,0.02913,0.01159,0.99252,0.07275,0.09797,0.00388,-0.00427,0.00264,0.00431,
1671607529499917312,0.00032,0.02936,0.01172,0.99256,0.07325,0.09725,0.00352,0.00635,0.00331,-0.00048,
1671607529599876096,0.00033,0.02953,0.01174,0.99264,0.07201,0.09726,0.00341,-0.00601,0.00377,0.00188,
1671607529699958016,0.00024,0.02984,0.01183,0.99271,0.07084,0.09743,0.00325,0.00251,0.00401,-0.00573,
1671607529799791104,0.00025,0.03012,0.01183,0.99266,0.06951,0.09892,0.00235,-0.00521,0.00660,0.00379,
1671607529899891968,0.00011,0.03073,0.01190,0.99278,0.06935,0.09788,0.00186,0.00291,0.00625,-0.00473,
1671607530000102144,0.00016,0.03094,0.01194,0.99271,0.06989,0.09822,0.00143,-0.00037,0.00347,0.00139,
1671607530099921920,0.00013,0.03084,0.01186,0.99286,0.06984,0.09669,0.00152,-0.00382,0.00317,0.00177,
1671607530199998208,0.00034,0.03084,0.01195,0.99234,0.07053,0.10137,0.00170,0.00753,0.00490,0.00168,
1671607530299847168,0.00061,0.03109,0.01211,0.99174,0.07018,0.10735,0.00269,0.00845,0.00232,0.00084,
1671607530399943168,0.00063,0.03129,0.01240,0.99167,0.06979,0.10826,0.00290,-0.00441,0.00535,0.01221,
1671607530499775232,0.00034,0.03134,0.01237,0.99212,0.06965,0.10408,0.00423,-0.00073,0.00385,0.00589,
1671607530599989248,0.00011,0.03134,0.01239,0.99264,0.07120,0.09785,0.00397,-0.00806,-0.00064,0.00017,
1671607530699820032,-0.00020,0.03149,0.01223,0.99297,0.07189,0.09398,0.00367,-0.00201,0.00259,-0.00429,
1671607530799924992,-0.00038,0.03172,0.01217,0.99296,0.07231,0.09377,0.00314,-0.01034,0.00231,0.00197,
1671607530899881984,-0.00081,0.03208,0.01264,0.99303,0.07106,0.09396,0.00335,-0.00828,0.00523,0.00034,
1671607530999970304,-0.00041,0.03242,0.01228,0.99295,0.07030,0.09533,0.00342,-0.01390,0.00568,0.00154,
1671607531099955968,-0.00222,0.03326,0.01241,0.99268,0.07036,0.09810,0.00392,-0.02258,0.01359,-0.00551,
1671607531199802880,-0.00005,0.03308,0.01212,0.99208,0.07080,0.10362,0.00531,-0.00614,0.00234,-0.00408,
1671607531299889152,0.00010,0.03286,0.01247,0.99167,0.07066,0.10755,0.00600,0.00465,0.00402,-0.00664,
1671607531399976960,0.00024,0.03291,0.01256,0.99142,0.07130,0.10938,0.00663,-0.00472,0.00197,0.00065,
1671607531499814144,0.00032,0.03312,0.01265,0.99137,0.07161,0.10954,0.00708,0.00653,0.00321,-0.00208,
1671607531599910144,0.00040,0.03332,0.01272,0.99129,0.07192,0.11010,0.00700,-0.00679,0.00729,-0.00147,
1671607531699877376,0.00038,0.03358,0.01283,0.99122,0.07226,0.11052,0.00668,0.00629,0.00033,-0.00011,
1671607531799968000,0.00035,0.03374,0.01289,0.99121,0.07209,0.11080,0.00610,-0.00207,-0.00001,0.00542,
1671607531899809024,0.00035,0.03404,0.01291,0.99132,0.07103,0.11045,0.00613,0.00579,0.00586,-0.00353,
1671607532000019200,0.00040,0.03433,0.01298,0.99141,0.06867,0.11112,0.00724,-0.00117,0.00870,0.00888,
1671607532099993344,0.00039,0.03463,0.01317,0.99127,0.06896,0.11217,0.00734,0.01010,0.00336,0.00111,
1671607532199833088,0.00045,0.03478,0.01349,0.99113,0.06957,0.11297,0.00734,-0.00053,0.00208,0.00315,
1671607532299924992,0.00035,0.03478,0.01327,0.99125,0.07047,0.11145,0.00626,0.00672,0.00516,-0.00187,
1671607532399894272,0.00036,0.03482,0.01332,0.99134,0.07202,0.10970,0.00559,-0.00582,-0.00365,0.00223,
1671607532499985920,0.00022,0.03489,0.01341,0.99165,0.07310,0.10609,0.00498,0.00411,0.00590,-0.00343,
1671607532599826176,0.00024,0.03509,0.01346,0.99161,0.07238,0.10689,0.00597,-0.00399,0.00290,0.00662,
1671607532699908352,0.00025,0.03519,0.01360,0.99152,0.07188,0.10809,0.00622,0.00230,0.00142,-0.00094,
1671607532799992064,0.00037,0.03529,0.01368,0.99127,0.07038,0.11128,0.00641,-0.00395,0.00580,0.00753,
1671607532899821056,0.00038,0.03556,0.01377,0.99113,0.07099,0.11216,0.00629,0.00392,0.00167,-0.00305,
1671607533000025344,0.00043,0.03591,0.01379,0.99089,0.07176,0.11380,0.00658,-0.00647,0.01496,0.00733,
1671607533099877120,0.00047,0.03651,0.01391,0.99052,0.07295,0.11616,0.00694,0.00768,0.00877,-0.00234,
1671607533199964928,0.00066,0.03660,0.01373,0.99004,0.07445,0.11922,0.00754,-0.00504,0.00703,-0.00157,
1671607533299804928,0.00066,0.03653,0.01383,0.98962,0.07887,0.11992,0.00777,0.00898,0.00310,-0.00828,
1671607533399897088,0.00091,0.03679,0.01322,0.98946,0.08204,0.11902,0.00829,0.00071,0.00433,-0.00708,
1671607533499981056,0.00066,0.03659,0.01400,0.98972,0.08281,0.11632,0.00746,0.00726,0.00007,0.00097,
1671607533599826176,0.00066,0.03664,0.01411,0.98999,0.08277,0.11413,0.00674,-0.00365,-0.00192,0.00289,
1671607533699922176,0.00045,0.03681,0.01414,0.99021,0.08260,0.11232,0.00631,0.00443,-0.00064,-0.00178,
1671607533799875328,0.00041,0.03702,0.01420,0.99020,0.08102,0.11364,0.00571,-0.00335,0.00153,0.00212,
1671607533899973120,0.00046,0.03737,0.01421,0.99013,0.07920,0.11544,0.00641,0.00777,0.00207,-0.00394,
1671607534000046336,0.00054,0.03767,0.01427,0.99013,0.07665,0.11708,0.00725,-0.00172,0.00102,0.00576,
1671607534099898112,0.00044,0.03798,0.01436,0.99042,0.07462,0.11589,0.00802,0.00277,0.00716,-0.00461,
1671607534199984384,0.00040,0.03796,0.01438,0.99046,0.07455,0.11556,0.00867,-0.00086,-0.00330,-0.00200,
1671607534299817984,0.00040,0.03809,0.01442,0.99056,0.07520,0.11429,0.00853,0.00460,0.00415,-0.00128,
1671607534399897088,0.00044,0.03830,0.01449,0.99065,0.07486,0.11370,0.00887,-0.00397,0.00469,0.00252,
1671607534499971072,0.00051,0.03860,0.01456,0.99077,0.07466,0.11280,0.00876,0.00616,0.00284,-0.00230,
1671607534599802368,0.00066,0.03874,0.01457,0.99072,0.07423,0.11351,0.00872,-0.00330,0.00509,0.00244,
1671607534699890176,0.00068,0.03882,0.01459,0.99059,0.07565,0.11376,0.00815,0.00384,0.00064,-0.00284,
1671607534799976960,0.00067,0.03906,0.01464,0.99052,0.07548,0.11452,0.00770,-0.00658,0.00078,0.00370,
1671607534899821056,0.00063,0.03926,0.01468,0.99055,0.07446,0.11498,0.00664,0.00656,0.00256,-0.00437,
1671607535000036352,0.00070,0.03949,0.01474,0.99049,0.07272,0.11664,0.00662,-0.00342,0.00099,0.00217,
1671607535099890944,0.00069,0.03983,0.01482,0.99074,0.07168,0.11519,0.00617,0.00235,0.00784,0.00174,
1671607535199982080,0.00085,0.04007,0.01483,0.99054,0.07186,0.11677,0.00592,0.00474,0.00204,-0.00067,
1671607535299819264,0.00086,0.04023,0.01501,0.99016,0.07272,0.11945,0.00584,0.00872,0.00617,-0.00684,
1671607535399909376,0.00087,0.04051,0.01490,0.99034,0.07176,0.11847,0.00644,-0.00084,0.00530,0.00431,
1671607535499879168,0.00049,0.04045,0.01508,0.99099,0.07216,0.11263,0.00652,-0.00024,0.00260,-0.00040,
1671607535599968256,0.00033,0.04064,0.01509,0.99163,0.07178,0.10715,0.00655,-0.00624,0.00567,0.00469,
1671607535699788032,0.00021,0.04087,0.01509,0.99199,0.07266,0.10311,0.00625,0.00262,0.00243,-0.00174,
1671607535799997184,0.00014,0.04105,0.01513,0.99221,0.07294,0.10082,0.00604,-0.01179,0.00544,0.00376,
1671607535899829248,0.00006,0.04130,0.01520,0.99225,0.07212,0.10096,0.00687,0.00166,0.00431,-0.00347,
1671607536000040960,0.00016,0.04147,0.01522,0.99204,0.07025,0.10429,0.00730,-0.01069,0.00723,0.00259,
1671607536099879936,-0.00042,0.04205,0.01588,0.99193,0.06800,0.10663,0.00900,-0.00553,0.01071,0.00570,
1671607536199962112,0.00007,0.04217,0.01559,0.99157,0.06900,0.10929,0.00910,-0.00459,0.00647,0.00750,
1671607536299791104,0.00034,0.04192,0.01537,0.99115,0.07259,0.11071,0.00952,0.00175,0.00625,-0.00730,
1671607536399881216,0.00034,0.04199,0.01539,0.99096,0.07481,0.11097,0.00918,-0.00538,0.00355,0.00431,
1671607536499979008,0.00025,0.04219,0.01551,0.99123,0.07394,0.10912,0.00902,0.00450,0.00122,-0.00152,
1671607536599830272,0.00022,0.04222,0.01555,0.99129,0.07404,0.10857,0.00851,-0.00248,0.00098,0.00050,
1671607536699919104,0.00024,0.04229,0.01562,0.99108,0.07492,0.10989,0.00814,0.00461,0.00207,-0.00246,
1671607536799898112,0.00032,0.04241,0.01568,0.99093,0.07524,0.11105,0.00785,-0.00311,0.00199,0.00083,
1671607536899994112,0.00023,0.04267,0.01574,0.99117,0.07400,0.10969,0.00833,0.00442,-0.00221,0.00043,
1671607536999836928,0.00013,0.04296,0.01574,0.99152,0.07040,0.10895,0.00811,-0.00491,0.00502,0.00703,
1671607537099948288,0.00005,0.04332,0.01578,0.99192,0.06750,0.10719,0.00747,0.00243,0.00398,-0.00120,
1671607537199788032,0.00009,0.04349,0.01576,0.99205,0.06440,0.10780,0.00788,-0.00660,0.00605,0.00532,
1671607537299994112,0.00008,0.04366,0.01581,0.99202,0.06475,0.10792,0.00766,0.00409,0.00079,-0.00285,
1671607537399836160,0.00010,0.04371,0.01587,0.99177,0.06697,0.10878,0.00844,-0.00576,0.00751,0.00085,
1671607537499927040,0.00010,0.04390,0.01591,0.99168,0.06765,0.10908,0.00939,0.00406,0.00544,-0.00582,
1671607537599776000,0.00010,0.04397,0.01591,0.99153,0.06841,0.11002,0.00958,-0.00140,-0.00067,0.00269,
1671607537699994368,0.00005,0.04400,0.01599,0.99174,0.06688,0.10900,0.01038,0.00403,0.00847,-0.00695,
1671607537799831040,0.00009,0.04389,0.01590,0.99170,0.06756,0.10895,0.01013,-0.00552,-0.00024,-0.00007,
1671607537899930112,0.00013,0.04405,0.01607,0.99167,0.06868,0.10846,0.01070,0.00477,0.00746,-0.00664,
1671607538000033024,0.00018,0.04441,0.01603,0.99141,0.07075,0.10941,0.01122,-0.00030,0.00764,-0.00547,
1671607538099877120,0.00018,0.04500,0.01614,0.99139,0.07122,0.10921,0.01196,0.00239,0.00918,-0.00492,
1671607538199963136,0.00022,0.04515,0.01612,0.99150,0.07075,0.10853,0.01218,-0.00295,0.00191,-0.00034,
1671607538299795200,0.00018,0.04540,0.01626,0.99175,0.06998,0.10667,0.01260,0.00343,0.00711,-0.00413,
1671607538399996160,0.00035,0.04541,0.01629,0.99171,0.07121,0.10623,0.01250,-0.00147,0.00245,-0.00201,
1671607538499831296,0.00037,0.04544,0.01638,0.99162,0.07261,0.10617,0.01249,0.00357,-0.00157,-0.00623,
1671607538599917056,0.00038,0.04555,0.01643,0.99155,0.07333,0.10621,0.01309,-0.00373,0.00305,0.00109,
1671607538699998208,0.00031,0.04578,0.01656,0.99155,0.07331,0.10616,0.01338,0.00263,0.00337,-0.00414,
1671607538799837952,0.00024,0.04590,0.01662,0.99154,0.07416,0.10559,0.01417,-0.00508,0.00158,0.00391,
1671607538899930880,0.00016,0.04612,0.01669,0.99160,0.07393,0.10512,0.01439,0.00478,0.00506,0.00087,
1671607539000015360,0.00017,0.04633,0.01677,0.99146,0.07391,0.10646,0.01471,-0.00515,0.00224,0.00974,
1671607539099997952,0.00027,0.04666,0.01684,0.99104,0.07547,0.10930,0.01401,0.00362,0.00184,-0.00489,
1671607539199839232,0.00041,0.04677,0.01685,0.99072,0.07497,0.11250,0.01375,-0.00170,-0.00084,0.00431,
1671607539299932928,0.00045,0.04697,0.01697,0.99057,0.07573,0.11348,0.01284,0.00678,0.00505,-0.00355,
1671607539399891968,0.00045,0.04712,0.01702,0.99070,0.07470,0.11302,0.01268,-0.00367,0.00267,0.00546,
1671607539499969280,0.00038,0.04715,0.01710,0.99068,0.07712,0.11162,0.01169,0.00597,-0.00139,-0.00294,
1671607539599809280,0.00044,0.04726,0.01714,0.99058,0.07854,0.11149,0.01215,-0.00271,0.00529,0.00139,
1671607539699898368,0.00045,0.04741,0.01717,0.99061,0.07865,0.11113,0.01275,0.00599,0.00316,-0.00432,
1671607539799991040,0.00046,0.04753,0.01722,0.99062,0.07827,0.11120,0.01335,-0.00376,0.00041,0.00133,
1671607539899825152,0.00042,0.04757,0.01724,0.99060,0.07891,0.11083,0.01441,0.00283,0.00272,-0.00632,
1671607540000033024,0.00040,0.04760,0.01729,0.99066,0.07888,0.11021,0.01489,-0.00062,-0.00238,0.00516,
1671607540099882240,0.00039,0.04788,0.01743,0.99078,0.07923,0.10884,0.01497,0.00049,0.00097,0.00155,
1671607540199978240,0.00060,0.04794,0.01746,0.99035,0.07921,0.11282,0.01427,0.00470,-0.00191,-0.00129,
1671607540299812352,0.00087,0.04806,0.01753,0.98964,0.07949,0.11870,0.01429,0.01515,0.00100,-0.01041,
1671607540399898880,0.00163,0.04812,0.01708,0.98948,0.07711,0.12152,0.01461,0.00220,-0.00009,0.00082,
1671607540499985920,0.00078,0.04834,0.01779,0.99010,0.07575,0.11725,0.01447,0.00733,-0.00247,0.00649,
1671607540599823872,0.00059,0.04825,0.01831,0.99085,0.07508,0.11125,0.01400,-0.00612,-0.00477,0.00458,
1671607540699920896,0.00025,0.04867,0.01779,0.99178,0.07477,0.10298,0.01355,0.00020,0.00150,-0.01153,
1671607540799876096,0.00041,0.04901,0.01707,0.99217,0.07234,0.10096,0.01320,-0.00511,0.00558,-0.00860,
1671607540899964160,0.00032,0.04936,0.01775,0.99230,0.06922,0.10189,0.01314,0.00753,0.00223,-0.00445,
1671607541000053248,0.00051,0.04961,0.01775,0.99225,0.06598,0.10442,0.01331,-0.00917,0.01074,0.00346,
1671607541099915008,0.00049,0.05002,0.01791,0.99222,0.06546,0.10499,0.01381,0.00260,0.00880,-0.00344,
1671607541199886080,0.00054,0.05064,0.01735,0.99198,0.06641,0.10667,0.01402,-0.00221,0.01127,-0.00462,
1671607541299984896,0.00048,0.05001,0.01794,0.99196,0.06845,0.10550,0.01424,0.00458,0.00492,0.00026,
1671607541399836160,0.00044,0.05010,0.01813,0.99188,0.06906,0.10574,0.01517,-0.00397,0.00336,0.00605,
1671607541499915008,0.00034,0.05009,0.01803,0.99182,0.07134,0.10465,0.01588,0.00537,0.00349,-0.00548,
1671607541599878144,0.00034,0.05019,0.01805,0.99189,0.07159,0.10370,0.01640,-0.00614,0.00358,0.00180,
1671607541699977216,0.00020,0.05033,0.01810,0.99217,0.07132,0.10129,0.01577,0.00467,0.00113,-0.00194,
1671607541799823872,0.00013,0.05048,0.01813,0.99221,0.07105,0.10108,0.01573,-0.00749,0.00117,0.00249,
1671607541899926272,0.00012,0.05077,0.01825,0.99207,0.07119,0.10251,0.01518,0.00524,0.00524,-0.00371,
1671607542000009984,0.00018,0.05095,0.01827,0.99211,0.07028,0.10284,0.01439,-0.00701,-0.00088,0.00456,
1671607542099969024,0.00020,0.05120,0.01835,0.99209,0.06963,0.10354,0.01410,0.00267,0.00704,-0.00401,
1671607542199814144,0.00019,0.05130,0.01837,0.99222,0.06791,0.10339,0.01428,-0.00673,0.00320,0.00375,
1671607542299907328,0.00020,0.05159,0.01845,0.99230,0.06742,0.10288,0.01431,0.00186,0.00250,-0.00227,
1671607542399881984,0.00022,0.05176,0.01850,0.99223,0.06706,0.10389,0.01370,-0.00823,0.00349,-0.00108,
1671607542499964928,0.00026,0.05190,0.01850,0.99192,0.06730,0.10667,0.01377,0.00373,0.00225,-0.00481,
1671607542599823360,0.00027,0.05211,0.01853,0.99177,0.06639,0.10869,0.01291,-0.00664,0.00120,0.00145,
1671607542699908352,0.00023,0.05221,0.01863,0.99182,0.06536,0.10890,0.01294,0.00084,0.00360,-0.00583,
1671607542799876096,0.00030,0.05233,0.01863,0.99192,0.06183,0.11002,0.01326,-0.00956,0.00163,-0.00234,
1671607542899955968,0.00025,0.05282,0.01846,0.99161,0.06114,0.11312,0.01304,0.00353,0.00868,-0.01061,
1671607543000034048,0.00052,0.05297,0.01875,0.99130,0.06026,0.11636,0.01248,-0.00505,0.00544,0.00726,
1671607543099883008,0.00054,0.05324,0.01894,0.99109,0.06215,0.11706,0.01286,0.00856,0.00290,-0.00025,
1671607543199975936,0.00062,0.05353,0.01891,0.99098,0.06291,0.11745,0.01426,-0.00322,0.00243,0.00234,
1671607543299820288,0.00053,0.05379,0.01902,0.99117,0.06240,0.11589,0.01595,0.00719,0.00044,-0.00446,
1671607543399896064,0.00048,0.05390,0.01903,0.99145,0.06087,0.11409,0.01727,-0.00417,0.00155,0.00528,
1671607543499984128,0.00033,0.05408,0.01915,0.99179,0.05882,0.11208,0.01838,0.00709,0.00576,-0.00516,
1671607543599812352,0.00035,0.05413,0.01917,0.99178,0.05773,0.11260,0.01921,-0.00488,0.00397,0.00403,
1671607543699898368,0.00026,0.05429,0.01932,0.99184,0.05747,0.11203,0.01998,0.00088,0.00844,0.00108,
1671607543799982080,0.00030,0.05439,0.01951,0.99162,0.05921,0.11313,0.01981,-0.00458,0.00619,0.00304,
1671607543899805184,0.00043,0.05452,0.01941,0.99133,0.06183,0.11432,0.01942,0.00548,0.00541,-0.00677,
1671607543999887104,0.00052,0.05478,0.01917,0.99103,0.06343,0.11612,0.01897,-0.00559,0.00577,0.00129,
1671607544099994880,0.00047,0.05486,0.01978,0.99096,0.06445,0.11618,0.01868,0.00665,0.00715,0.00846,
1671607544199834112,0.00047,0.05515,0.02064,0.99083,0.06446,0.11721,0.01909,-0.00302,0.00500,0.01144,
1671607544299926016,0.00039,0.05493,0.01988,0.99080,0.06666,0.11613,0.01968,0.00633,0.00192,-0.00307,
1671607544399891968,0.00041,0.05510,0.01987,0.99072,0.06814,0.11582,0.02024,-0.00291,0.00501,-0.00049,
1671607544499987200,0.00039,0.05528,0.01990,0.99082,0.06853,0.11475,0.02042,0.00476,0.00514,-0.00681,
1671607544599813120,0.00045,0.05547,0.01979,0.99084,0.06719,0.11522,0.02122,-0.00344,0.00144,0.00096,
1671607544699906048,0.00040,0.05572,0.01994,0.99090,0.06704,0.11476,0.02122,0.00448,0.00509,-0.00508,
1671607544799994880,0.00038,0.05595,0.02006,0.99095,0.06638,0.11470,0.02132,-0.00390,0.00409,0.00155,
1671607544899826176,0.00031,0.05607,0.02004,0.99102,0.06628,0.11407,0.02195,0.00514,0.00606,-0.00256,
1671607545000034048,0.00029,0.05614,0.02008,0.99097,0.06717,0.11384,0.02247,-0.00533,0.00065,0.00154,
1671607545099896320,0.00027,0.05646,0.02011,0.99108,0.06808,0.11234,0.02237,0.00126,0.00389,-0.00064,
1671607545199995904,0.00035,0.05646,0.02014,0.99071,0.06936,0.11485,0.02212,0.00685,0.00258,-0.00233,
1671607545299844352,0.00062,0.05688,0.02034,0.99008,0.06812,0.12088,0.02193,0.00489,-0.00173,0.00243,
1671607545399944960,0.00069,0.05718,0.02074,0.98989,0.06738,0.12282,0.02230,-0.00247,0.00181,0.01258,
1671607545499898880,0.00051,0.05730,0.02044,0.99041,0.06688,0.11873,0.02270,0.00567,0.00226,-0.00063,
1671607545599999232,0.00022,0.05784,0.02049,0.99153,0.06556,0.10975,0.02307,-0.01397,0.00349,0.00369,
1671607545699844096,-0.00014,0.05816,0.02046,0.99232,0.06394,0.10339,0.02286,-0.00047,0.00792,-0.00454,
1671607545799920384,-0.00020,0.05833,0.02048,0.99238,0.06500,0.10223,0.02231,-0.01337,-0.00265,0.00037,
1671607545899885056,-0.00102,0.05848,0.02068,0.99226,0.06497,0.10353,0.02201,-0.01141,0.00650,-0.00474,
1671607546000092928,-0.00054,0.05898,0.02012,0.99177,0.06693,0.10714,0.02103,-0.01216,0.00286,-0.00686,
1671607546099934976,0.00002,0.05887,0.02089,0.99134,0.06769,0.11051,0.02109,0.00399,0.00361,-0.00427,
1671607546199788032,0.00019,0.05888,0.02091,0.99098,0.06879,0.11305,0.02114,-0.00490,0.00107,0.00276,
1671607546299880960,0.00027,0.05918,0.02106,0.99088,0.06747,0.11458,0.02198,0.00452,0.00154,-0.00392,
1671607546399971328,0.00034,0.05978,0.02104,0.99080,0.06674,0.11566,0.02214,-0.00296,0.00710,0.00004,
1671607546499804928,0.00031,0.06042,0.02109,0.99075,0.06570,0.11660,0.02234,0.00402,0.01275,-0.00537,
1671607546599887104,0.00055,0.06107,0.02111,0.99053,0.06642,0.11798,0.02258,-0.00103,0.00382,0.00460,
1671607546699970304,0.00081,0.06163,0.02130,0.99042,0.06633,0.11893,0.02308,0.01000,0.00848,-0.00314,
1671607546799802368,0.00158,0.06208,0.02122,0.99009,0.06796,0.12068,0.02304,0.00547,0.00247,-0.00191,
1671607546899886080,0.00183,0.06140,0.02120,0.99012,0.06963,0.11957,0.02283,0.00957,-0.00781,-0.00799,
1671607547000090112,0.00230,0.06074,0.02094,0.99031,0.06803,0.11892,0.02276,0.00201,-0.00645,-0.00078,
1671607547099936000,0.00253,0.05990,0.02114,0.99058,0.06693,0.11732,0.02259,0.00806,-0.00853,-0.00239,
1671607547199777024,0.00290,0.05953,0.02150,0.99046,0.06727,0.11799,0.02313,0.00084,-0.00630,0.01215,
1671607547299981056,0.00286,0.05952,0.02237,0.99046,0.06724,0.11787,0.02394,0.00637,0.00266,0.01047,
1671607547399832320,0.00363,0.06046,0.02223,0.99019,0.06778,0.11977,0.02409,0.00524,0.00703,0.00684,
1671607547499912960,0.00377,0.06123,0.02231,0.99020,0.06870,0.11926,0.02387,0.00727,0.00851,-0.00003,
1671607547599999232,0.00447,0.06204,0.02229,0.99013,0.06859,0.11990,0.02387,0.00215,0.00655,0.00089,
1671607547699840000,0.00473,0.06270,0.02252,0.99039,0.06805,0.11798,0.02400,0.00950,0.00971,-0.00080,
1671607547799922944,0.00477,0.06313,0.02249,0.99043,0.06737,0.11797,0.02434,0.00291,0.00415,0.00296,
1671607547899884288,0.00488,0.06374,0.02293,0.99069,0.06707,0.11590,0.02452,0.00922,0.00944,-0.00143,
1671607548000079104,0.00490,0.06411,0.02299,0.99088,0.06583,0.11482,0.02529,-0.00089,0.00789,0.00973,
1671607548099937280,0.00504,0.06527,0.02378,0.99109,0.06658,0.11257,0.02517,0.00443,0.01209,0.00698,
1671607548199896064,0.00482,0.06477,0.02355,0.99112,0.06766,0.11154,0.02588,-0.00349,0.00314,0.00419,
1671607548299982080,0.00457,0.06480,0.02342,0.99116,0.06930,0.11031,0.02496,-0.00094,0.00411,-0.00185,
1671607548399812096,0.00439,0.06510,0.02360,0.99108,0.07143,0.10985,0.02448,-0.01037,0.00116,-0.00192,
1671607548499900160,0.00380,0.06535,0.02343,0.99103,0.07197,0.11012,0.02366,-0.00343,0.00203,-0.01188,
1671607548599981056,0.00426,0.06620,0.02361,0.99097,0.07137,0.11117,0.02312,-0.00436,0.00689,0.00037,
1671607548699819008,0.00408,0.06685,0.02454,0.99102,0.06937,0.11196,0.02320,0.00052,0.00339,-0.00043,
1671607548799913216,0.00451,0.06723,0.02468,0.99108,0.06765,0.11240,0.02326,-0.00061,0.00417,0.00256,
1671607548899875072,0.00433,0.06794,0.02553,0.99152,0.06595,0.10938,0.02398,-0.01071,0.00363,0.01650,
1671607549000088320,0.00204,0.06830,0.02726,0.99288,0.06603,0.09654,0.02271,-0.04111,0.00117,0.02366,
1671607549099944192,-0.00352,0.06882,0.03015,0.99419,0.06691,0.08117,0.02269,-0.08629,0.00370,0.02799,
1671607549199779328,-0.01704,0.07278,0.03489,0.99573,0.06006,0.06606,0.02333,-0.16160,0.03940,0.03107,
1671607549299997952,-0.03797,0.07847,0.03960,0.99699,0.04657,0.05677,0.02475,-0.24525,0.07249,0.03129,
1671607549399834112,-0.06404,0.08783,0.04421,0.99709,0.03174,0.06383,0.02706,-0.30251,0.12594,0.01936,
1671607549499919872,-0.09440,0.10297,0.04971,0.99565,0.01825,0.08632,0.03002,-0.33897,0.19449,0.00004,
1671607549599884032,-0.12353,0.12695,0.05678,0.99294,0.00731,0.11358,0.03353,-0.35496,0.29025,0.00294,
1671607549699980032,-0.15677,0.15972,0.06347,0.99020,-0.00143,0.13414,0.03890,-0.32845,0.39487,-0.00251,
1671607549799821056,-0.18448,0.20739,0.06596,0.98830,-0.00798,0.14508,0.04636,-0.28342,0.53440,0.00630,
1671607549899915264,-0.20755,0.27275,0.06793,0.98803,-0.01752,0.14276,0.05573,-0.21760,0.69390,0.02386,
1671607550000005120,-0.22083,0.35507,0.07039,0.98885,-0.02541,0.13082,0.06641,-0.16566,0.85935,0.04758,
1671607550099840256,-0.22824,0.45502,0.07415,0.98990,-0.03284,0.11404,0.07753,-0.12472,1.03639,0.05836,
1671607550199937024,-0.23397,0.57443,0.07857,0.99000,-0.03914,0.10316,0.08787,-0.10162,1.21900,0.05501,
1671607550299894016,-0.23312,0.71034,0.08268,0.98940,-0.04416,0.09817,0.09743,-0.09652,1.40013,0.03922,
1671607550399979008,-0.22472,0.86509,0.08600,0.98851,-0.04800,0.09397,0.10819,-0.10557,1.59383,0.05014,
1671607550499827200,-0.18764,1.03710,0.08855,0.98751,-0.05254,0.08907,0.11890,-0.07004,1.78680,0.05203,
1671607550599915008,-0.20802,1.22319,0.09882,0.98656,-0.05494,0.08391,0.12896,-0.13506,1.96586,0.06732,
1671607550699881984,-0.23107,1.43740,0.10822,0.98531,-0.05774,0.08041,0.13916,-0.19079,2.16113,0.06711,
1671607550799955200,-0.25961,1.66975,0.11714,0.98369,-0.05931,0.07992,0.14984,-0.26345,2.35592,0.07014,
1671607550899785984,-0.29580,1.92166,0.12525,0.98187,-0.06179,0.07812,0.16128,-0.33024,2.55314,0.06516,
1671607550999994368,-0.34037,2.19231,0.13203,0.98005,-0.06240,0.07854,0.17160,-0.40156,2.74024,0.05918,
1671607551099983872,-0.39825,2.47954,0.13772,0.97819,-0.06262,0.07861,0.18180,-0.47610,2.92161,0.05049,
1671607551199810304,-0.47159,2.78418,0.14278,0.97645,-0.06274,0.07664,0.19165,-0.56817,3.09842,0.05388,
1671607551299896320,-0.56055,3.10541,0.14747,0.97473,-0.06219,0.07300,0.20175,-0.66267,3.26535,0.04829,
1671607551399876096,-0.66180,3.44157,0.15131,0.97301,-0.06188,0.06932,0.21121,-0.77321,3.43100,0.04727,
1671607551499977216,-0.78311,3.78750,0.15404,0.97133,-0.06144,0.06524,0.22020,-0.89722,3.59043,0.03565,
1671607551599802880,-0.91413,4.15013,0.15521,0.96935,-0.06127,0.06361,0.22926,-1.02494,3.73943,0.03656,
1671607551699887360,-1.05123,4.52804,0.15647,0.96759,-0.05918,0.06069,0.23788,-1.14529,3.88479,0.03164,
1671607551799976192,-1.20084,4.91285,0.15781,0.96566,-0.05612,0.05859,0.24683,-1.27626,4.00797,0.02800,
1671607551899809024,-1.36037,5.31671,0.15927,0.96364,-0.05480,0.05598,0.25547,-1.40482,4.14378,0.01731,
1671607552000009984,-1.53625,5.72512,0.16005,0.96147,-0.05481,0.05387,0.26396,-1.54995,4.26251,0.01308,
1671607552099855104,-1.72259,6.15328,0.16006,0.95900,-0.05474,0.05074,0.27341,-1.69272,4.39429,0.01195,
1671607552199941120,-1.93183,6.58509,0.16004,0.95654,-0.05255,0.04682,0.28299,-1.85442,4.49877,0.00870,
1671607552299780096,-2.16293,7.02602,0.15918,0.95390,-0.05025,0.04303,0.29275,-2.02884,4.61033,0.00292,
1671607552399992320,-2.41624,7.47805,0.15744,0.95105,-0.04652,0.04095,0.30277,-2.22056,4.70514,0.00062,
1671607552499846912,-2.69159,7.93529,0.15521,0.94852,-0.04101,0.03829,0.31172,-2.41507,4.79110,-0.00601,
1671607552599926272,-2.98545,8.40663,0.15189,0.94582,-0.03645,0.03749,0.32047,-2.61628,4.87593,-0.01411,
1671607552699880960,-3.29911,8.88489,0.14774,0.94299,-0.03269,0.03515,0.32935,-2.81618,4.95711,-0.02802,
1671607552799962368,-3.63471,9.36997,0.14210,0.94003,-0.03173,0.03343,0.33796,-3.03367,5.02550,-0.04240,
1671607552899794944,-3.99082,9.86225,0.13503,0.93662,-0.03154,0.03060,0.34758,-3.24620,5.09462,-0.06001,
1671607552999887104,-4.35597,10.36925,0.12652,0.93295,-0.03170,0.02850,0.35748,-3.45754,5.16652,-0.07371,
1671607553099882240,-4.74732,10.87978,0.11693,0.92937,-0.03067,0.02527,0.36699,-3.66846,5.23437,-0.08828,
1671607553199977216,-5.17974,11.39461,0.10423,0.92548,-0.02902,0.02233,0.37702,-3.91692,5.29296,-0.10123,
1671607553299814912,-5.63013,11.91686,0.09103,0.92111,-0.02694,0.01734,0.38797,-4.15905,5.34963,-0.11047,
1671607553399898880,-6.10673,12.44300,0.07690,0.91717,-0.02482,0.01345,0.39749,-4.41409,5.39199,-0.12022,
1671607553499980288,-6.60916,12.97107,0.06128,0.91269,-0.02289,0.00864,0.40793,-4.67069,5.43407,-0.13512,
1671607553599817984,-7.14175,13.50332,0.04395,0.90821,-0.02230,0.00487,0.41790,-4.94146,5.46394,-0.14771,
1671607553699906048,-7.69965,14.04438,0.02521,0.90348,-0.02122,-0.00029,0.42809,-5.21453,5.49751,-0.16608,
1671607553799994880,-8.28093,14.59354,0.00453,0.89831,-0.02044,-0.00300,0.43888,-5.48776,5.52186,-0.18237,
1671607553899836928,-8.88775,15.14234,-0.01773,0.89362,-0.01845,-0.00628,0.44839,-5.76138,5.54296,-0.20436,
1671607554000043264,-9.52367,15.69603,-0.04256,0.88865,-0.01684,-0.00943,0.45818,-6.04041,5.54853,-0.22501,
1671607554099892224,-10.18499,16.24843,-0.06893,0.88377,-0.01445,-0.01341,0.46750,-6.31857,5.55038,-0.25069,
1671607554199981312,-10.87152,16.79562,-0.09776,0.87847,-0.01188,-0.01625,0.47738,-6.60286,5.53076,-0.27450,
1671607554299814912,-11.58085,17.34917,-0.12931,0.87297,-0.00878,-0.02006,0.48729,-6.87865,5.51584,-0.30202,
1671607554399916288,-12.30556,17.92364,-0.16362,0.86759,-0.00602,-0.02159,0.49678,-7.14295,5.50843,-0.32951,
1671607554499894016,-13.03798,18.50694,-0.19886,0.86212,-0.00202,-0.02246,0.50621,-7.37830,5.51241,-0.35786,
1671607554599986944,-13.78496,19.10626,-0.23617,0.85733,0.00233,-0.02069,0.51434,-7.59955,5.51834,-0.38207,
1671607554699815936,-14.54921,19.70099,-0.27533,0.85232,0.00751,-0.01864,0.52263,-7.80258,5.51785,-0.40884,
1671607554799913216,-15.32944,20.31372,-0.31692,0.84794,0.01292,-0.01435,0.52974,-7.98952,5.52187,-0.43083,
1671607554899999232,-16.11637,20.94517,-0.35976,0.84355,0.02174,-0.01047,0.53651,-8.14224,5.54442,-0.45410,
1671607555000079872,-16.89810,21.60712,-0.40184,0.83884,0.03736,-0.01212,0.54296,-8.26786,5.54597,-0.45722,
1671607555099924992,-17.65512,22.31180,-0.44210,0.83452,0.05561,-0.01665,0.54792,-8.33059,5.60303,-0.47358,
1671607555199894272,-18.39307,23.03345,-0.47884,0.83149,0.06734,-0.02144,0.55103,-8.36479,5.66263,-0.49354,
1671607555299972352,-19.15572,23.70039,-0.51632,0.82938,0.06947,-0.02413,0.55383,-8.39607,5.65351,-0.51735,
1671607555399825152,-19.95316,24.31557,-0.55976,0.82857,0.06453,-0.02008,0.55579,-8.46257,5.58263,-0.54582,
1671607555499897344,-20.78144,24.90752,-0.60978,0.82813,0.05458,-0.00565,0.55785,-8.53287,5.52435,-0.58171,
1671607555599876096,-21.62715,25.46856,-0.66358,0.82768,0.04142,0.01645,0.55943,-8.60838,5.44722,-0.60283,
1671607555699973120,-22.49359,26.02384,-0.72205,0.82686,0.03531,0.03277,0.56034,-8.68600,5.38344,-0.61157,
1671607555799821056,-23.37093,26.57525,-0.78247,0.82559,0.03344,0.04296,0.56164,-8.75388,5.34656,-0.61261,
1671607555899897088,-24.26009,27.12710,-0.84423,0.82499,0.03603,0.04578,0.56213,-8.81514,5.32082,-0.61874,
1671607555999983360,-25.15666,27.67583,-0.90603,0.82534,0.03993,0.03982,0.56181,-8.88742,5.28397,-0.61485,
1671607556099968256,-26.05533,28.21298,-0.96736,0.82610,0.04203,0.02512,0.56139,-8.96081,5.23842,-0.62153,
1671607556199807232,-26.96876,28.76297,-1.02992,0.82631,0.03948,0.00995,0.56174,-9.06299,5.20037,-0.64159,
1671607556299909120,-27.89399,29.30393,-1.09467,0.82622,0.03168,-0.00440,0.56243,-9.18671,5.16050,-0.66909,
1671607556399997952,-28.83456,29.84110,-1.16241,0.82580,0.01863,-0.01370,0.56349,-9.33671,5.11591,-0.69714,
1671607556499848960,-29.78954,30.37091,-1.23290,0.82415,0.00623,-0.02038,0.56597,-9.50814,5.07583,-0.72402,
1671607556599938048,-30.76635,30.90013,-1.30673,0.82121,-0.00761,-0.02573,0.56999,-9.71086,5.04391,-0.74707,
1671607556699895040,-31.76202,31.41927,-1.38354,0.81715,-0.02084,-0.03474,0.57501,-9.94061,5.01539,-0.76950,
1671607556799983360,-32.78463,31.93253,-1.46251,0.81150,-0.02584,-0.05375,0.58130,-10.20540,4.94726,-0.78115,
1671607556899822336,-33.82945,32.40925,-1.54169,0.80423,-0.02505,-0.07642,0.58885,-10.48833,4.85663,-0.81132,
1671607557000014080,-34.90633,32.85913,-1.62547,0.79549,-0.02193,-0.09981,0.59729,-10.79822,4.70286,-0.85590,
1671607557099991040,-36.00799,33.26669,-1.71578,0.78518,-0.01675,-0.12418,0.60646,-11.12963,4.49772,-0.91162,
1671607557199835904,-37.14717,33.66236,-1.81467,0.77377,-0.01128,-0.14472,0.61661,-11.48713,4.25584,-0.96887,
1671607557299932928,-38.33701,34.07217,-1.91868,0.76055,-0.00595,-0.16456,0.62805,-11.88075,4.02325,-1.03681,
1671607557399896064,-39.56310,34.47324,-2.02370,0.74592,-0.00251,-0.18118,0.64091,-12.28402,3.76822,-1.09511,
1671607557499987200,-40.80775,34.81584,-2.12854,0.73049,0.00164,-0.19482,0.65455,-12.66703,3.45129,-1.15319,
1671607557599813120,-42.07748,35.10829,-2.24005,0.71406,0.00530,-0.20482,0.66943,-13.04017,3.08101,-1.21830,
1671607557699898368,-43.41136,35.39178,-2.36589,0.69629,0.00890,-0.21066,0.68609,-13.42845,2.72340,-1.29176,
1671607557799994112,-44.77584,35.63680,-2.49927,0.67875,0.01033,-0.21144,0.70320,-13.79807,2.34249,-1.36945,
1671607557899832320,-46.17053,35.84329,-2.64012,0.66100,0.00936,-0.20986,0.72038,-14.15370,1.95725,-1.44996,
1671607558000042240,-47.60366,36.01105,-2.78914,0.64354,0.00346,-0.20767,0.73670,-14.49816,1.56346,-1.52449,
1671607558099897088,-49.06502,36.13926,-2.94491,0.62625,-0.00444,-0.20756,0.75147,-14.83310,1.17398,-1.60348,
1671607558199979008,-50.56190,36.22792,-3.10854,0.60917,-0.01306,-0.20880,0.76495,-15.16037,0.78197,-1.68083,
1671607558299823360,-52.08243,36.27169,-3.27869,0.59155,-0.01782,-0.21122,0.77791,-15.47331,0.38367,-1.75905,
1671607558399917056,-53.63818,36.27633,-3.45741,0.57403,-0.02241,-0.21429,0.78998,-15.78376,-0.00955,-1.84364,
1671607558499884032,-55.22229,36.24084,-3.64378,0.55679,-0.03037,-0.21315,0.80226,-16.09626,-0.38167,-1.92708,
1671607558599986176,-56.82349,36.15331,-3.83714,0.54102,-0.04704,-0.20465,0.81438,-16.39366,-0.75788,-2.00592,
1671607558699830016,-58.45016,36.03055,-4.03665,0.52605,-0.06573,-0.19410,0.82539,-16.68691,-1.12165,-2.06261,
1671607558799922944,-60.12250,35.88427,-4.24221,0.50884,-0.07997,-0.18520,0.83689,-16.99935,-1.46297,-2.10364,
1671607558899892992,-61.82865,35.70834,-4.45310,0.48945,-0.08757,-0.18523,0.84762,-17.31770,-1.79321,-2.14792,
1671607559000102912,-63.57339,35.50367,-4.66932,0.46708,-0.08584,-0.19000,0.85928,-17.61597,-2.13123,-2.18750,
1671607559099930880,-65.33032,35.25574,-4.88685,0.44209,-0.07158,-0.20205,0.87098,-17.87545,-2.50657,-2.23473,
1671607559199897344,-67.12044,34.97477,-5.11100,0.41658,-0.05283,-0.21494,0.88174,-18.10486,-2.89738,-2.30284,
1671607559299997952,-68.91915,34.64050,-5.34060,0.39067,-0.03408,-0.22534,0.89187,-18.27903,-3.32850,-2.38398,
1671607559399840000,-70.72548,34.27021,-5.57928,0.36792,-0.02392,-0.23085,0.90043,-18.42004,-3.77373,-2.47274,
1671607559499925248,-72.55385,33.85859,-5.82811,0.34710,-0.02172,-0.23272,0.90824,-18.53953,-4.22682,-2.56654,
1671607559599884032,-74.39139,33.40289,-6.08561,0.32787,-0.02548,-0.22894,0.91621,-18.63690,-4.68389,-2.65405,
1671607559699970304,-76.24127,32.90166,-6.35237,0.30890,-0.03086,-0.22422,0.92377,-18.72517,-5.13712,-2.74416,
1671607559799817984,-78.09793,32.35858,-6.62789,0.28963,-0.04073,-0.21941,0.93076,-18.81873,-5.57384,-2.83710,
1671607559899900928,-79.97049,31.77249,-6.91369,0.27018,-0.05265,-0.21634,0.93671,-18.91539,-5.99844,-2.93171,
1671607559999987200,-81.85313,31.14410,-7.20866,0.25014,-0.06561,-0.21463,0.94184,-19.01490,-6.41324,-3.02066,
1671607560099955200,-83.74570,30.47641,-7.51190,0.22908,-0.07466,-0.21517,0.94639,-19.11301,-6.82972,-3.09374,
1671607560199795968,-85.64996,29.77150,-7.82266,0.20733,-0.07797,-0.21316,0.95158,-19.20418,-7.22599,-3.15264,
1671607560299879936,-87.56571,29.02544,-8.13761,0.18350,-0.05928,-0.20300,0.96000,-19.23501,-7.62351,-3.18942,
1671607560399971328,-89.49237,28.24478,-8.45830,0.15903,-0.03166,-0.19206,0.96790,-19.22969,-8.01796,-3.22702,
1671607560499814144,-91.41290,27.42695,-8.78412,0.13662,-0.00781,-0.19031,0.97214,-19.20050,-8.39087,-3.31466,
1671607560599904000,-93.34234,26.57534,-9.12142,0.11909,-0.00624,-0.19129,0.97426,-19.16451,-8.73665,-3.41903,
1671607560699992064,-95.26790,25.68851,-9.46992,0.10660,-0.02694,-0.19156,0.97530,-19.10609,-9.07910,-3.51915,
1671607560799825920,-97.19079,24.77490,-9.82830,0.09665,-0.05162,-0.18408,0.97679,-19.05680,-9.40053,-3.60307,
1671607560899904000,-99.12691,23.83203,-10.19652,0.08553,-0.06817,-0.17447,0.97857,-19.04269,-9.72337,-3.66811,
1671607561000102912,-101.05776,22.85172,-10.56990,0.07263,-0.07049,-0.16331,0.98137,-19.02269,-10.02507,-3.71980,
1671607561099956992,-103.00162,21.85660,-10.95041,0.05918,-0.07101,-0.15711,0.98325,-19.03241,-10.30321,-3.76890,
1671607561199802880,-104.95277,20.83613,-11.33712,0.04561,-0.06794,-0.15431,0.98463,-19.02614,-10.56357,-3.82582,
1671607561299888128,-106.91179,19.78674,-11.73148,0.03320,-0.06701,-0.15338,0.98533,-19.02034,-10.82196,-3.88450,
1671607561399983104,-108.88327,18.71872,-12.13418,0.02424,-0.06968,-0.15079,0.98581,-18.99765,-11.06077,-3.94122,
1671607561499824384,-110.86342,17.63485,-12.54452,0.01594,-0.07382,-0.14671,0.98629,-18.99293,-11.29126,-4.00908,
1671607561599906304,-112.85691,16.52802,-12.96418,0.00932,-0.07893,-0.13895,0.98710,-18.98060,-11.50676,-4.06501,
1671607561699876352,-114.85692,15.40281,-13.39031,0.00344,-0.08356,-0.12992,0.98799,-18.99041,-11.72024,-4.11429,
1671607561799980288,-116.87322,14.25917,-13.82372,-0.00238,-0.08701,-0.12275,0.98861,-18.98887,-11.92272,-4.15508,
1671607561899820032,-118.89958,13.10347,-14.26280,-0.00750,-0.08900,-0.11795,0.98899,-19.00873,-12.10470,-4.20455,
1671607562000016896,-120.94592,11.92749,-14.71042,-0.01120,-0.09203,-0.11361,0.98919,-19.02327,-12.27633,-4.24760,
1671607562099881216,-123.01799,10.75048,-15.16514,-0.01355,-0.09305,-0.10844,0.98965,-19.06051,-12.43747,-4.29620,
1671607562199977216,-125.08900,9.54409,-15.62603,-0.01571,-0.09349,-0.10440,0.99001,-19.08941,-12.60134,-4.34146,
1671607562299819264,-127.19732,8.34246,-16.09570,-0.01644,-0.09622,-0.10304,0.98988,-19.14220,-12.74917,-4.40139,
1671607562399918080,-129.35679,7.13499,-16.57784,-0.01733,-0.09902,-0.10057,0.98984,-19.19280,-12.89741,-4.44363,
1671607562499877888,-131.45508,5.87693,-17.06010,-0.01789,-0.10066,-0.09733,0.98999,-19.24108,-13.04538,-4.50126,
1671607562599955200,-133.63910,4.64183,-17.55534,-0.01798,-0.10215,-0.09683,0.98988,-19.30160,-13.19201,-4.54180,
1671607562699802112,-135.83108,3.38848,-18.05624,-0.01817,-0.10208,-0.09578,0.98999,-19.38131,-13.33966,-4.59625,
1671607562799895040,-138.06177,2.12339,-18.56752,-0.01862,-0.10248,-0.09533,0.98998,-19.45305,-13.48244,-4.63286,
1671607562899973120,-140.32536,0.84959,-19.08679,-0.01900,-0.10211,-0.09538,0.99001,-19.54614,-13.63834,-4.68150,
1671607563000053248,-142.59890,-0.44786,-19.61311,-0.02122,-0.10191,-0.09504,0.99002,-19.62201,-13.79401,-4.72191,
1671607563099910144,-144.84941,-1.77230,-20.14166,-0.02225,-0.10272,-0.09416,0.98999,-19.70307,-13.95002,-4.77178,
1671607563199991296,-147.22329,-3.06539,-20.68633,-0.02363,-0.10403,-0.09323,0.98991,-19.80370,-14.10312,-4.81713,
1671607563299830272,-149.53129,-4.41867,-21.23136,-0.02455,-0.10504,-0.09244,0.98986,-19.89159,-14.26248,-4.87017,
1671607563399908352,-151.98054,-5.73096,-21.79416,-0.02615,-0.10680,-0.09195,0.98967,-20.00134,-14.41545,-4.91121,
1671607563499991296,-154.46318,-7.06555,-22.36737,-0.02654,-0.10871,-0.09278,0.98938,-20.13020,-14.56573,-4.96954,
1671607563599826944,-156.89727,-8.45113,-22.94480,-0.02590,-0.10996,-0.09236,0.98930,-20.23630,-14.72311,-5.02077,
1671607563699922944,-159.43469,-9.81403,-23.53633,-0.02507,-0.11085,-0.09334,0.98913,-20.37736,-14.87249,-5.08335,
1671607563799882240,-162.00607,-11.19374,-24.13781,-0.02602,-0.11043,-0.09519,0.98897,-20.50683,-15.03436,-5.14017,
1671607563899971328,-164.63431,-12.58200,-24.75160,-0.02537,-0.10959,-0.09704,0.98890,-20.66533,-15.19581,-5.20409,
1671607564000051968,-167.25786,-14.01032,-25.37408,-0.02534,-0.10948,-0.09695,0.98893,-20.79957,-15.36424,-5.26290,
1671607564099903232,-170.04982,-15.37579,-26.01443,-0.02446,-0.10935,-0.09797,0.98886,-20.98218,-15.52531,-5.33183,
1671607564199883264,-172.77852,-16.83278,-26.66255,-0.02374,-0.10985,-0.09821,0.98880,-21.13105,-15.70170,-5.39516,
1671607564299982080,-175.61129,-18.26545,-27.32633,-0.02287,-0.11159,-0.09886,0.98856,-21.31334,-15.86692,-5.46519,
1671607564399819008,-178.32054,-19.79952,-27.99042,-0.02298,-0.11233,-0.10000,0.98836,-21.44684,-16.06289,-5.51861,
1671607564499924224,-181.16352,-21.28518,-28.66813,-0.02329,-0.11438,-0.10243,0.98787,-21.62637,-16.24272,-5.59125,
1671607564599781376,-184.06223,-22.77695,-29.35484,-0.02304,-0.11518,-0.10394,0.98762,-21.80400,-16.42303,-5.65644,
1671607564699996928,-187.20190,-24.19055,-30.06460,-0.02327,-0.11620,-0.10394,0.98750,-22.04931,-16.59110,-5.74030,
1671607564799827968,-190.24233,-25.72817,-30.78358,-0.02246,-0.11566,-0.10411,0.98756,-22.24780,-16.79106,-5.80926,
1671607564899928064,-193.29221,-27.30304,-31.51602,-0.02215,-0.11391,-0.10366,0.98782,-22.45500,-16.99690,-5.88729,
1671607565000006912,-196.44279,-28.85735,-32.26272,-0.02225,-0.11325,-0.10323,0.98794,-22.66664,-17.19380,-5.95059,
1671607565099986944,-199.66757,-30.41382,-33.01977,-0.02355,-0.11326,-0.10361,0.98787,-22.89453,-17.38892,-6.01862,
1671607565199830016,-202.97126,-31.97444,-33.79033,-0.02644,-0.11399,-0.10560,0.98750,-23.11589,-17.59299,-6.07148,
1671607565299907328,-206.29938,-33.58167,-34.57114,-0.02915,-0.09651,-0.10630,0.98921,-23.30847,-17.79187,-6.12598,
1671607565399999232,-209.88040,-35.07910,-35.36821,-0.03037,-0.07599,-0.10617,0.99097,-23.53877,-17.97709,-6.19755,
1671607565499831296,-213.30522,-36.75680,-36.18090,-0.02934,-0.08290,-0.10684,0.99038,-23.76734,-18.17443,-6.30919,
1671607565599927296,-217.04207,-38.27081,-37.01597,-0.02707,-0.10137,-0.10721,0.98868,-24.03649,-18.34673,-6.42332,
1671607565699897344,-220.33511,-40.16511,-37.86491,-0.02372,-0.12018,-0.10809,0.98656,-24.22429,-18.58898,-6.52545,
1671607565799984896,-224.13655,-41.70283,-38.72668,-0.02047,-0.13348,-0.10913,0.98481,-24.52323,-18.76551,-6.60395,
1671607565899815936,-227.85477,-43.39589,-39.59709,-0.01900,-0.13385,-0.11139,0.98454,-24.82175,-18.98583,-6.68246,
1671607566000018176,-231.65134,-45.10774,-40.48548,-0.01777,-0.12754,-0.11311,0.98520,-25.13491,-19.19597,-6.75248,
1671607566099994112,-235.54308,-46.80331,-41.38350,-0.01760,-0.11564,-0.11424,0.98654,-25.44760,-19.39808,-6.82984,
1671607566199833088,-239.13758,-48.77750,-42.30089,-0.01798,-0.10421,-0.11698,0.98749,-25.66342,-19.65628,-6.91070,
1671607566299924992,-243.14650,-50.44558,-43.21632,-0.01893,-0.09766,-0.11972,0.98781,-25.94208,-19.84534,-6.99552,
1671607566399895296,-247.20731,-52.17014,-44.14123,-0.01913,-0.09796,-0.12323,0.98735,-26.21361,-20.05434,-7.07979,
1671607566499973888,-250.87469,-54.26919,-45.09614,-0.01926,-0.09937,-0.12483,0.98700,-26.40250,-20.32099,-7.16309,
1671607566599810048,-254.90571,-56.05257,-46.04092,-0.01868,-0.10345,-0.12393,0.98671,-26.65314,-20.52306,-7.23149,
1671607566699902976,-258.97678,-57.89672,-46.99282,-0.01905,-0.10741,-0.12639,0.98596,-26.91354,-20.74440,-7.32485,
1671607566799991040,-262.84281,-59.96916,-47.97074,-0.02026,-0.11031,-0.12923,0.98525,-27.13511,-21.01239,-7.42708,
1671607566899829248,-267.53376,-61.35590,-48.90092,-0.02033,-0.10816,-0.12933,0.98548,-27.51300,-21.14873,-7.49856,
1671607568199992064,-0.00101,0.01718,-0.00111,0.99380,-0.07178,0.08485,0.00150,-0.00542,0.03087,-0.04860,
1671607568299833344,-0.00240,0.01940,-0.00660,0.99383,-0.07050,0.08560,-0.00096,-0.02676,0.00551,-0.07276,
1671607568399919360,-0.00352,0.02217,-0.00657,0.99388,-0.07005,0.08540,-0.00256,-0.04741,0.00808,-0.05492,
1671607568499887104,-0.00669,0.02570,-0.00898,0.99385,-0.07106,0.08489,-0.00330,-0.05729,0.01130,-0.03761,
1671607568599982336,-0.01204,0.02756,-0.01359,0.99378,-0.07135,0.08536,-0.00430,-0.07059,0.02037,-0.02881,
1671607568699828992,-0.00775,0.02820,-0.00099,0.99351,-0.07168,0.08820,-0.00500,-0.03394,0.02702,0.02522,
1671607568799910144,-0.00443,0.02763,0.00280,0.99333,-0.07065,0.09105,-0.00485,-0.01428,0.03154,0.05134,
1671607568899997952,-0.00188,0.02753,0.00468,0.99344,-0.06979,0.09053,-0.00402,-0.00270,0.03214,0.06851,
1671607569000067328,-0.00032,0.03200,0.01041,0.99347,-0.07001,0.09011,-0.00073,0.00053,0.05462,0.09513,
1671607569099909376,-0.00138,0.03996,0.02282,0.99375,-0.06917,0.08757,-0.00006,-0.00390,0.07635,0.14082,
1671607569199995136,-0.00134,0.04580,0.03352,0.99403,-0.06604,0.08690,0.00097,-0.00589,0.07913,0.17007,
1671607569299845120,-0.00254,0.04963,0.04089,0.99387,-0.06672,0.08812,0.00146,-0.00857,0.06858,0.13291,
1671607569399951872,-0.00268,0.05636,0.05606,0.99375,-0.06556,0.09033,-0.00060,-0.01554,0.05808,0.14085,
1671607569499784960,-0.00600,0.05571,0.05433,0.99383,-0.06466,0.09014,-0.00125,-0.02238,0.04168,0.11474,
1671607569599878912,-0.00970,0.05911,0.06688,0.99371,-0.06530,0.09095,-0.00327,-0.04417,0.02959,0.11868,
1671607569699940096,-0.01094,0.05390,0.05041,0.99326,-0.06891,0.09306,-0.00473,-0.03729,0.01339,0.05366,
1671607569799777024,-0.01336,0.05697,0.05722,0.99309,-0.06883,0.09487,-0.00575,-0.04097,0.00562,0.05483,
1671607569899989248,-0.00168,0.04858,0.02429,0.99301,-0.06944,0.09523,-0.00611,0.00719,0.00432,0.00987,
1671607570000072960,0.00317,0.04996,0.01416,0.99282,-0.07266,0.09480,-0.00584,0.01850,0.01532,0.00391,
1671607570099927296,0.00414,0.05129,0.00921,0.99273,-0.07707,0.09226,-0.00522,0.00916,0.03499,0.00547,
1671607570199891968,0.00459,0.05289,0.00913,0.99237,-0.07794,0.09537,-0.00584,0.01550,0.01263,-0.01024,
1671607570299986176,0.00563,0.05239,0.00800,0.99202,-0.07776,0.09909,-0.00521,0.02756,0.01872,-0.00854,
1671607570399825152,0.00729,0.05530,0.00912,0.99169,-0.08025,0.10045,-0.00544,0.02575,0.03396,0.01009,
1671607570499918336,0.00773,0.05613,0.00829,0.99190,-0.08305,0.09596,-0.00555,0.02234,0.04389,0.01660,
1671607570599899136,0.00567,0.05942,0.00742,0.99236,-0.08497,0.08927,-0.00560,0.00391,0.05132,0.01774,
1671607570699998208,0.00182,0.05878,0.00645,0.99289,-0.08603,0.08221,-0.00353,-0.02001,0.04904,0.00898,
1671607570799840256,-0.00071,0.06207,0.00772,0.99315,-0.08674,0.07821,-0.00336,-0.03897,0.05949,0.01727,
1671607570899923968,-0.00305,0.06350,0.00706,0.99330,-0.08519,0.07808,-0.00272,-0.03243,0.05715,0.01055,
1671607571000011264,-0.00644,0.07154,0.01192,0.99341,-0.08200,0.07995,-0.00365,-0.04701,0.07784,0.02714,
1671607571099997952,-0.00353,0.06349,0.00925,0.99361,-0.07633,0.08309,-0.00227,-0.02073,0.04026,0.02956,
1671607571199832320,-0.00286,0.06355,0.01366,0.99343,-0.07479,0.08656,-0.00101,-0.01869,0.04082,0.05550,
1671607571299908096,-0.00005,0.05841,0.01075,0.99312,-0.07584,0.08923,0.00078,-0.00678,0.01501,0.04439,
1671607571399891968,0.00142,0.06042,0.00817,0.99256,-0.07900,0.09269,0.00053,-0.00387,0.01759,0.02577,
1671607571499983360,0.00237,0.06109,0.00566,0.99221,-0.08143,0.09427,0.00117,0.00897,0.02252,0.00264,
1671607571599837184,0.00266,0.06246,0.00591,0.99211,-0.08193,0.09489,0.00162,0.00121,0.01948,0.00869,
1671607571699925248,0.00193,0.06008,0.00426,0.99220,-0.08216,0.09368,0.00283,-0.00054,0.01331,0.00203,
1671607571799879936,0.00128,0.06078,0.00412,0.99223,-0.08279,0.09284,0.00319,-0.01030,0.01326,0.00379,
1671607571899982336,0.00052,0.06227,0.00394,0.99217,-0.08440,0.09194,0.00366,-0.00442,0.01859,-0.00516,
1671607572000070144,0.00070,0.06278,0.00390,0.99206,-0.08453,0.09299,0.00390,-0.00348,0.01386,-0.00419,
1671607572099920896,0.00121,0.06329,0.00370,0.99204,-0.08398,0.09374,0.00347,0.00549,0.01295,-0.00891,
1671607572199891968,0.00168,0.06271,0.00392,0.99213,-0.08215,0.09441,0.00427,0.00100,-0.00166,0.00300,
1671607572299977984,0.00194,0.06330,0.00416,0.99200,-0.08350,0.09457,0.00450,0.00497,0.01220,0.00177,
1671607572399802880,0.00207,0.06520,0.00393,0.99170,-0.08560,0.09580,0.00499,-0.00299,0.01294,0.00406,
1671607572499898880,0.00219,0.06691,0.00395,0.99137,-0.08786,0.09713,0.00564,0.00710,0.01848,-0.00213,
1671607572599999232,0.00222,0.06771,0.00371,0.99118,-0.08814,0.09877,0.00611,-0.00095,0.01079,0.00143,
1671607572699849216,0.00210,0.06748,0.00434,0.99115,-0.08833,0.09887,0.00649,0.00819,0.00152,0.00273,
1671607572799924224,0.00208,0.06631,0.00527,0.99122,-0.08844,0.09808,0.00679,-0.00212,-0.00624,0.01736,
1671607572899896064,0.00188,0.06756,0.00503,0.99100,-0.09165,0.09730,0.00726,0.00743,0.01624,0.00575,
1671607573000082944,0.00175,0.06990,0.00515,0.99096,-0.09298,0.09637,0.00779,-0.00780,0.02377,0.00852,
1671607573099951360,0.00083,0.07231,0.00431,0.99105,-0.09362,0.09482,0.00823,-0.00538,0.03363,0.00014,
1671607573199790336,0.00048,0.07441,0.00364,0.99105,-0.09332,0.09504,0.00894,-0.01231,0.03507,-0.00891,
1671607573299994880,-0.00020,0.07672,0.00248,0.99113,-0.09262,0.09478,0.00990,-0.00492,0.04229,-0.01714,
1671607573399847936,0.00057,0.07677,0.00115,0.99130,-0.08995,0.09551,0.01057,-0.00740,0.02892,-0.01995,
1671607573499928320,0.00130,0.07303,0.00201,0.99162,-0.08646,0.09539,0.01089,0.00384,0.00720,-0.01025,
1671607573599882240,0.00082,0.07151,0.00397,0.99175,-0.08475,0.09551,0.01140,-0.00449,0.00328,0.00582,
1671607573699975936,0.00024,0.07215,0.00472,0.99177,-0.08493,0.09499,0.01209,-0.00013,0.01265,0.00555,
1671607573799816192,0.00044,0.07275,0.00528,0.99175,-0.08407,0.09591,0.01247,-0.00367,0.00732,0.01375,
1671607573899900928,0.00034,0.07366,0.00579,0.99176,-0.08392,0.09605,0.01213,0.00236,0.01838,0.00913,
1671607574000113920,0.00042,0.07504,0.00611,0.99173,-0.08410,0.09611,0.01281,-0.00532,0.02164,0.01592,
1671607574099958272,0.00029,0.07644,0.00633,0.99180,-0.08396,0.09557,0.01248,0.00168,0.02438,0.00881,
1671607574199794944,0.00084,0.07625,0.00664,0.99182,-0.08212,0.09686,0.01279,-0.00190,0.01292,0.01587,
1671607574299889920,0.00115,0.07569,0.00633,0.99199,-0.07973,0.09725,0.01178,0.00372,0.00751,0.00453,
1671607574399983104,0.00130,0.07547,0.00654,0.99226,-0.07595,0.09756,0.01188,-0.00539,-0.00125,0.00890,
1671607574499828224,0.00101,0.07568,0.00692,0.99237,-0.07453,0.09752,0.01162,-0.00163,0.00170,0.00172,
1671607574599899904,0.00128,0.07631,0.00708,0.99227,-0.07425,0.09869,0.01184,-0.00515,-0.00166,0.00675,
1671607574699995904,0.00145,0.07729,0.00701,0.99205,-0.07612,0.09960,0.01119,0.00224,0.01145,-0.00350,
1671607574799834880,0.00182,0.07827,0.00682,0.99178,-0.07780,0.10094,0.01151,-0.00343,0.01060,0.00290,
1671607574899913984,0.00182,0.07889,0.00664,0.99179,-0.07791,0.10073,0.01149,-0.00010,0.00990,-0.00484,
1671607575000005120,0.00172,0.07853,0.00659,0.99195,-0.07677,0.09986,0.01277,-0.00888,0.00551,-0.00299,
1671607575099850240,0.00129,0.07847,0.00648,0.99221,-0.07549,0.09811,0.01426,-0.00714,-0.00580,-0.00004,
1671607575199935232,0.00152,0.07861,0.00666,0.99192,-0.07464,0.10155,0.01458,0.00452,0.00159,0.00404,
1671607575299775232,0.00228,0.07931,0.00678,0.99104,-0.07619,0.10883,0.01362,0.02165,0.00460,-0.00667,
1671607575399994112,0.00297,0.07942,0.00638,0.99042,-0.07698,0.11398,0.01269,0.00252,0.01064,0.00840,
1671607575499838208,0.00252,0.08037,0.00655,0.99078,-0.07760,0.11038,0.01217,0.00388,0.01194,0.00031,
1671607575599933184,0.00226,0.08074,0.00647,0.99145,-0.07672,0.10478,0.01240,-0.00422,0.00818,0.00632,
1671607575699783168,0.00098,0.08084,0.00628,0.99245,-0.07630,0.09514,0.01302,-0.01039,0.01084,0.00217,
1671607575799988992,0.00055,0.08080,0.00586,0.99284,-0.07605,0.09108,0.01352,-0.01348,0.00540,0.00150,
1671607575899833088,-0.00010,0.08155,0.00615,0.99294,-0.07567,0.09036,0.01365,-0.01119,0.00783,0.00060,
1671607575999921920,0.00051,0.08094,0.00602,0.99278,-0.07376,0.09353,0.01401,-0.00920,0.00136,0.00674,
1671607576099900928,-0.00069,0.08088,0.00690,0.99257,-0.07326,0.09629,0.01312,-0.01532,-0.00769,0.00583,
1671607576199990016,0.00134,0.08185,0.00582,0.99209,-0.07365,0.10092,0.01254,-0.00370,0.00241,0.00409,
1671607576299824896,0.00160,0.08246,0.00573,0.99172,-0.07495,0.10359,0.01158,0.00716,0.01136,-0.00389,
1671607576399929344,0.00185,0.08324,0.00549,0.99148,-0.07599,0.10528,0.01061,-0.00450,0.00412,-0.00188,
1671607576499888896,0.00164,0.08366,0.00543,0.99162,-0.07630,0.10380,0.01008,0.00289,0.00617,-0.00213,
1671607576599965952,0.00158,0.08371,0.00541,0.99170,-0.07643,0.10291,0.00957,-0.00868,0.00203,0.00276,
1671607576699801088,0.00115,0.08384,0.00554,0.99168,-0.07755,0.10227,0.00950,-0.00191,0.00215,-0.00628,
1671607576799886336,0.00105,0.08399,0.00538,0.99147,-0.07914,0.10317,0.00913,-0.00847,0.00017,0.00109,
1671607576899962112,0.00091,0.08430,0.00550,0.99133,-0.08016,0.10377,0.00901,0.00205,0.00292,-0.00327,
1671607577000057344,0.00101,0.08450,0.00539,0.99111,-0.08097,0.10526,0.00781,-0.00653,0.00325,-0.00095,
1671607577099890944,0.00073,0.08500,0.00529,0.99101,-0.08241,0.10518,0.00710,0.00064,0.00705,-0.00821,
1671607577199991296,0.00084,0.08550,0.00518,0.99093,-0.08324,0.10522,0.00731,-0.00283,0.00576,-0.00193,
1671607577299837952,0.00074,0.08599,0.00525,0.99089,-0.08410,0.10486,0.00814,0.00327,0.01212,-0.00623,
1671607577399934976,0.00070,0.08614,0.00531,0.99089,-0.08442,0.10450,0.00999,-0.00533,0.00897,0.00027,
1671607577499786240,0.00056,0.08672,0.00535,0.99086,-0.08416,0.10482,0.01097,0.00184,0.00798,-0.00414,
1671607577599997952,0.00070,0.08687,0.00553,0.99071,-0.08399,0.10640,0.01118,-0.00241,0.00565,0.00516,
1671607577699835904,0.00065,0.08682,0.00597,0.99082,-0.08322,0.10602,0.01093,0.00651,0.00213,0.00212,
1671607577799920384,0.00064,0.08669,0.00638,0.99105,-0.08116,0.10545,0.01069,-0.00252,0.00166,0.01154,
1671607577899884288,0.00043,0.08727,0.00641,0.99127,-0.07994,0.10426,0.01132,0.00716,0.01095,0.00840,
1671607577999962368,0.00045,0.08791,0.00605,0.99128,-0.07993,0.10397,0.01300,-0.00467,0.00800,0.00580,
1671607578099940352,0.00011,0.08899,0.00545,0.99128,-0.08207,0.10200,0.01494,-0.00137,0.01407,-0.00893,
1671607578199783936,0.00033,0.08876,0.00504,0.99124,-0.08252,0.10183,0.01614,-0.00266,-0.00366,-0.00014,
1671607578299984896,0.00027,0.08863,0.00508,0.99120,-0.08287,0.10192,0.01664,0.00380,0.00321,-0.00737,
1671607578399810048,0.00044,0.08872,0.00510,0.99122,-0.08235,0.10216,0.01637,-0.00541,0.00241,-0.00083,
1671607578499900160,0.00035,0.08887,0.00527,0.99127,-0.08156,0.10236,0.01576,0.00669,0.00440,-0.00369,
1671607578599876096,0.00038,0.08924,0.00528,0.99139,-0.08150,0.10129,0.01591,-0.00267,0.01283,0.00476,
1671607578699953920,-0.00011,0.08998,0.00585,0.99174,-0.08098,0.09804,0.01651,-0.00234,0.00384,0.00156,
1671607578799799296,0.00005,0.08913,0.00545,0.99218,-0.07822,0.09577,0.01681,-0.00848,0.00624,0.00301,
1671607578899877376,-0.00031,0.08959,0.00563,0.99257,-0.07688,0.09268,0.01764,-0.00518,0.00602,-0.00029,
1671607579000084992,-0.00000,0.08913,0.00588,0.99267,-0.07489,0.09307,0.01819,-0.00942,0.00840,0.00551,
1671607579099940352,-0.00054,0.09021,0.00660,0.99268,-0.07329,0.09430,0.01816,-0.00925,0.01233,0.00511,
1671607579199780352,-0.00042,0.08979,0.00587,0.99257,-0.07039,0.09737,0.01932,-0.01895,0.00764,0.00121,
1671607579299993344,0.00030,0.08913,0.00603,0.99240,-0.06728,0.10131,0.01889,-0.00112,0.00634,-0.00292,
1671607579399833088,0.00085,0.08916,0.00587,0.99218,-0.06443,0.10525,0.01872,-0.00549,0.00524,-0.00104,
1671607579499937024,0.00080,0.08926,0.00630,0.99229,-0.06033,0.10670,0.01830,0.00165,0.00131,0.00034,
1671607579599776000,0.00096,0.08908,0.00626,0.99239,-0.05653,0.10783,0.01868,-0.00196,0.00017,0.00661,
1671607579699878912,0.00088,0.08927,0.00633,0.99242,-0.05557,0.10802,0.01838,0.00544,0.00141,-0.00101,
1671607579799965184,0.00095,0.08942,0.00632,0.99238,-0.05552,0.10840,0.01853,-0.00250,0.00068,0.00417,
1671607579899804160,0.00067,0.08938,0.00612,0.99261,-0.05413,0.10694,0.01907,0.00383,0.00079,-0.00551,
1671607580000003072,0.00080,0.08984,0.00613,0.99266,-0.05292,0.10691,0.02014,-0.00243,0.00324,0.00163,
1671607580099971328,0.00069,0.08968,0.00604,0.99292,-0.05268,0.10443,0.02075,-0.00076,0.00086,-0.00114,
1671607580199814144,0.00097,0.09023,0.00606,0.99265,-0.05226,0.10718,0.02065,0.00654,0.00204,-0.00792,
1671607580299920128,0.00156,0.09096,0.00605,0.99195,-0.05017,0.11458,0.01987,0.00965,-0.00428,-0.00766,
1671607580399999232,0.00143,0.09101,0.00647,0.99177,-0.04895,0.11671,0.01958,-0.00206,0.00395,0.01030,
1671607580499838976,0.00092,0.09100,0.00649,0.99229,-0.04905,0.11227,0.01895,0.00042,-0.00069,0.00029,
1671607580599918080,0.00045,0.09128,0.00650,0.99321,-0.04914,0.10378,0.01846,-0.01459,0.00092,0.00474,
1671607580699885056,0.00004,0.09133,0.00627,0.99383,-0.04858,0.09794,0.01853,-0.00169,-0.00266,-0.00503,
1671607580799974912,0.00014,0.09137,0.00624,0.99376,-0.04856,0.09890,0.01756,-0.00853,-0.00380,0.00099,
1671607580899820032,0.00031,0.09156,0.00626,0.99351,-0.04907,0.10136,0.01618,0.00047,0.00475,-0.00048,
1671607581000022272,0.00055,0.09164,0.00628,0.99323,-0.04859,0.10442,0.01488,-0.00588,0.00417,0.00204,
1671607581099999232,0.00074,0.09183,0.00629,0.99307,-0.04799,0.10631,0.01464,0.00700,-0.00008,0.00034,
1671607581199849216,0.00084,0.09212,0.00629,0.99282,-0.04917,0.10809,0.01425,-0.00734,0.00333,0.00434,
1671607581299942144,0.00089,0.09226,0.00630,0.99272,-0.05000,0.10865,0.01389,0.00551,-0.00081,-0.00036,
1671607581399776256,0.00100,0.09251,0.00627,0.99253,-0.05237,0.10925,0.01427,-0.01107,0.00292,0.00115,
1671607581499973888,0.00103,0.09271,0.00634,0.99236,-0.05458,0.10966,0.01498,0.00498,0.00421,-0.00399,
1671607581599811072,0.00126,0.09305,0.00626,0.99198,-0.05684,0.11190,0.01471,-0.00630,0.00274,-0.00112,
1671607581699896064,0.00130,0.09315,0.00632,0.99183,-0.05702,0.11328,0.01376,0.00533,0.00781,0.00024,
1671607581799986176,0.00123,0.09337,0.00631,0.99189,-0.05571,0.11346,0.01316,-0.00873,0.00318,0.00611,
1671607581899842304,0.00105,0.09388,0.00647,0.99193,-0.05638,0.11279,0.01316,0.00185,0.00624,-0.00335,
1671607582000060160,0.00106,0.09414,0.00615,0.99181,-0.05745,0.11338,0.01289,-0.00279,0.01135,0.00300,
1671607582099923200,0.00100,0.09425,0.00616,0.99190,-0.05695,0.11283,0.01257,0.00385,0.00216,-0.00513,
1671607582199894272,0.00094,0.09427,0.00619,0.99184,-0.05711,0.11332,0.01203,-0.00702,-0.00356,-0.00170,
1671607582299969280,0.00084,0.09433,0.00622,0.99204,-0.05536,0.11251,0.01132,0.00658,0.00380,-0.00703,
1671607582399789056,0.00092,0.09422,0.00616,0.99211,-0.05313,0.11290,0.01224,-0.00599,0.00188,-0.00076,
1671607582499890176,0.00076,0.09419,0.00642,0.99235,-0.05187,0.11117,0.01370,0.00767,0.00424,0.00292,
1671607582599994112,0.00154,0.09567,0.00791,0.99233,-0.05236,0.11097,0.01517,0.00850,0.02183,0.02525,
1671607582699842304,0.00188,0.09654,0.00952,0.99220,-0.05585,0.11036,0.01571,0.02230,0.02466,0.03228,
1671607582799931136,0.00350,0.09696,0.00963,0.99219,-0.05794,0.10922,0.01663,0.02045,0.03449,0.03752,
1671607582899784192,0.00190,0.09886,0.01326,0.99261,-0.05756,0.10553,0.01680,0.01092,0.03481,0.03718,
1671607583000112896,0.00170,0.09711,0.00782,0.99286,-0.05371,0.10520,0.01647,0.00270,0.02946,0.00375,
1671607583099972352,0.00082,0.09590,0.00698,0.99316,-0.05123,0.10381,0.01522,0.00559,0.00584,0.00542,
1671607583199823104,0.00095,0.09557,0.00656,0.99333,-0.04802,0.10386,0.01387,-0.00387,-0.00077,0.00302,
1671607583299926016,0.00108,0.09580,0.00659,0.99325,-0.04738,0.10514,0.01270,0.01013,0.00147,0.00568,
1671607583399785984,0.00134,0.09593,0.00670,0.99293,-0.05028,0.10678,0.01303,-0.00126,-0.00777,0.00126,
1671607583499998208,0.00135,0.09524,0.00733,0.99296,-0.05220,0.10554,0.01258,0.00497,-0.00832,0.00737,
1671607583599841024,0.00142,0.09632,0.00667,0.99274,-0.05552,0.10593,0.01249,-0.00080,-0.00241,-0.00108,
1671607583699933952,0.00134,0.09662,0.00661,0.99262,-0.05796,0.10594,0.01131,0.00258,-0.00218,-0.00890,
1671607583799779072,0.00128,0.09682,0.00658,0.99269,-0.05922,0.10463,0.01081,-0.00793,0.00042,0.00075,
1671607583899993088,0.00128,0.09702,0.00664,0.99276,-0.06035,0.10326,0.01082,0.00763,-0.00258,-0.00733,
1671607584000071936,0.00131,0.09713,0.00667,0.99271,-0.06172,0.10296,0.01054,-0.00730,0.00201,-0.00094,
1671607584099907072,0.00136,0.09741,0.00669,0.99247,-0.06486,0.10332,0.01064,0.00841,0.00295,-0.00621,
1671607584199877888,0.00144,0.09767,0.00666,0.99218,-0.06796,0.10407,0.01093,-0.00337,0.00361,-0.00359,
1671607584299966208,0.00154,0.09790,0.00666,0.99205,-0.07004,0.10396,0.01134,0.01255,0.00798,-0.01865,
1671607584399813120,0.00269,0.09971,0.00247,0.99216,-0.06942,0.10327,0.01191,0.00614,0.02688,-0.05719,
1671607584499904256,0.00316,0.10274,-0.00220,0.99269,-0.06727,0.09948,0.01227,0.01424,0.04874,-0.06492,
1671607584599986944,0.00501,0.10824,-0.00840,0.99312,-0.06472,0.09657,0.01382,0.00785,0.07052,-0.07925,
1671607584699817216,0.00387,0.11182,-0.01581,0.99375,-0.06178,0.09182,0.01467,-0.00541,0.07846,-0.07736,
1671607584799906304,0.00399,0.12099,-0.02328,0.99394,-0.05884,0.09166,0.01481,-0.01207,0.08661,-0.05554,
1671607584899979008,0.00146,0.12499,-0.02972,0.99363,-0.05904,0.09487,0.01464,-0.01222,0.08646,-0.05081,
1671607584999834368,0.00113,0.13475,-0.03477,0.99309,-0.05864,0.10082,0.01327,-0.01564,0.07863,-0.04218,
1671607585099955200,0.00544,0.13218,-0.04193,0.99302,-0.05624,0.10305,0.01167,0.00662,0.03870,-0.01872,
1671607585199793152,0.00835,0.13597,-0.04212,0.99227,-0.06015,0.10795,0.01126,0.02436,0.02559,0.00648,
1671607585299885312,0.01088,0.13034,-0.04759,0.99121,-0.06745,0.11318,0.01157,0.04057,0.00924,-0.00711,
1671607585399975168,0.01416,0.13007,-0.04766,0.99097,-0.07147,0.11280,0.01186,0.03550,-0.00056,0.00276,
1671607585499811072,0.01596,0.11995,-0.05905,0.99132,-0.07289,0.10877,0.01178,0.04590,-0.01001,-0.01870,
1671607585599897088,0.01580,0.11299,-0.05577,0.99196,-0.07238,0.10313,0.01218,0.03027,-0.00957,0.01039,
1671607585699998976,0.01716,0.10823,-0.05463,0.99257,-0.06943,0.09915,0.01242,0.03141,-0.02512,0.04827,
1671607585799834880,0.02087,0.10864,-0.05537,0.99263,-0.06944,0.09855,0.01230,0.01158,-0.01858,0.09011,
1671607585899929344,0.02260,0.10609,-0.05841,0.99218,-0.07439,0.09956,0.01171,0.01187,-0.02531,0.05509,
1671607586000016896,0.02635,0.10280,-0.06743,0.99145,-0.07930,0.10315,0.01035,0.00461,-0.02542,0.00320,
1671607586099881216,0.02692,0.09990,-0.07131,0.99124,-0.08109,0.10374,0.01008,0.00476,-0.01076,-0.03326,
1671607586199960320,0.02979,0.09875,-0.08316,0.99145,-0.07951,0.10299,0.01023,0.01021,-0.00135,-0.04962,
1671607586299800064,0.03936,0.09888,-0.10830,0.99194,-0.07706,0.10013,0.00976,0.02797,-0.00647,-0.05270,
1671607586399885056,0.04181,0.10228,-0.11715,0.99202,-0.07779,0.09873,0.00967,0.01400,0.00294,-0.06778,
1671607586499969280,0.04798,0.10128,-0.13492,0.99179,-0.07947,0.09982,0.00865,0.01536,-0.01324,-0.10263,
1671607586599816960,0.04325,0.10074,-0.14413,0.99157,-0.08013,0.10147,0.00825,-0.00757,-0.00594,-0.10019,
1671607586699891200,0.04656,0.09877,-0.15671,0.99141,-0.08166,0.10183,0.00829,0.00414,-0.01230,-0.08909,
1671607586799987200,0.04401,0.11108,-0.16221,0.99122,-0.08491,0.10097,0.00829,-0.00302,0.02347,-0.07008,
1671607586899824128,0.04563,0.11483,-0.16982,0.99100,-0.08806,0.10052,0.00808,0.01037,0.03495,-0.08456,
1671607587000023040,0.04749,0.11830,-0.17896,0.99095,-0.08816,0.10084,0.00845,0.01181,0.05781,-0.08382,
1671607587099994112,0.05016,0.13112,-0.19526,0.99119,-0.08591,0.10037,0.00887,0.03639,0.08748,-0.08394,
1671607587199831296,0.05104,0.15148,-0.18974,0.99144,-0.08467,0.09906,0.00842,0.03379,0.11288,-0.06415,
1671607587299909120,0.03764,0.18607,-0.18616,0.99176,-0.08467,0.09585,0.00803,0.00136,0.14078,-0.07478,
1671607587399993088,0.03380,0.18847,-0.20326,0.99203,-0.08368,0.09381,0.00828,-0.01190,0.13052,-0.09775,
1671607587499830016,0.03066,0.19706,-0.21870,0.99228,-0.08287,0.09190,0.00844,-0.01360,0.13186,-0.11175,
1671607587599913216,0.02865,0.19938,-0.23564,0.99228,-0.08421,0.09050,0.00950,-0.02426,0.12954,-0.13353,
1671607587699998208,0.02236,0.20745,-0.24302,0.99272,-0.08289,0.08676,0.01047,-0.03346,0.12592,-0.11625,
1671607587799831040,0.01753,0.20652,-0.24841,0.99278,-0.08270,0.08623,0.01072,-0.04405,0.11164,-0.10836,
1671607587899927040,0.01142,0.21732,-0.25614,0.99277,-0.08273,0.08633,0.01038,-0.04526,0.11763,-0.10816,
1671607588000008960,-0.00060,0.22019,-0.24245,0.99269,-0.08280,0.08713,0.01063,-0.05851,0.11638,-0.08427,
1671607588099994112,-0.00828,0.23023,-0.24234,0.99276,-0.08259,0.08652,0.01062,-0.05937,0.12934,-0.10023,
1671607588199823104,-0.01294,0.24401,-0.24321,0.99299,-0.08104,0.08538,0.01027,-0.06169,0.14029,-0.10255,
1671607588299905024,-0.01911,0.26176,-0.22407,0.99314,-0.08091,0.08373,0.01044,-0.04695,0.15661,-0.08684,
1671607588399992320,-0.02428,0.27798,-0.23046,0.99330,-0.08070,0.08198,0.01082,-0.05210,0.15844,-0.08146,
1671607588499835136,-0.01063,0.23400,-0.19763,0.99354,-0.08079,0.07878,0.01163,-0.02826,0.10435,-0.05640,
1671607588599916288,-0.01281,0.23586,-0.19885,0.99362,-0.08173,0.07682,0.01186,-0.04725,0.09877,-0.05086,
1671607588699878912,0.01780,0.15360,-0.16295,0.99381,-0.08048,0.07557,0.01209,-0.02988,0.01159,-0.02136,
1671607588799976192,0.01755,0.15167,-0.16286,0.99391,-0.07972,0.07505,0.01241,-0.04394,0.01974,-0.01310,
1671607588899822336,0.01288,0.15596,-0.16276,0.99409,-0.07784,0.07446,0.01321,-0.05384,0.02945,-0.00353,
1671607589000029184,0.00389,0.16069,-0.16260,0.99425,-0.07438,0.07585,0.01369,-0.08600,0.04000,0.01739,
1671607589099878144,0.00958,0.15597,-0.15669,0.99427,-0.07034,0.07935,0.01368,-0.05818,0.01734,0.04689,
1671607589199963136,0.01138,0.15370,-0.15082,0.99398,-0.06843,0.08438,0.01390,-0.05394,0.00900,0.07194,
1671607589299801088,0.01811,0.14978,-0.15051,0.99352,-0.06974,0.08856,0.01422,-0.01791,-0.00779,0.05908,
1671607589399891968,0.01639,0.14891,-0.14322,0.99336,-0.06976,0.09031,0.01442,-0.01939,-0.02463,0.08551,
1671607589499977216,0.01783,0.14912,-0.14370,0.99305,-0.07344,0.09064,0.01568,-0.00862,-0.01111,0.05565,
1671607589599803904,0.01563,0.14804,-0.13326,0.99307,-0.07456,0.08902,0.01800,-0.02036,-0.00941,0.09275,
1671607589699906048,0.01659,0.15272,-0.13817,0.99355,-0.07302,0.08447,0.01979,-0.01313,0.01317,0.09078,
1671607589799997952,0.02088,0.15317,-0.15749,0.99386,-0.06947,0.08357,0.02073,-0.00518,0.01833,0.03330,
1671607589899832320,0.02202,0.15412,-0.16207,0.99373,-0.06797,0.08617,0.02148,0.00559,0.01507,-0.01628,
1671607590000043264,0.02285,0.15542,-0.16468,0.99320,-0.06735,0.09265,0.02083,0.00835,0.01390,-0.02914,
1671607590099896320,0.02323,0.15568,-0.16388,0.99303,-0.06493,0.09632,0.01974,0.01407,0.00367,-0.01116,
1671607590199970304,0.02528,0.15600,-0.16577,0.99284,-0.06155,0.10047,0.01970,0.03682,-0.00321,-0.04790,
1671607590299808000,0.02671,0.15493,-0.16776,0.99278,-0.05921,0.10252,0.01947,0.04072,-0.01109,-0.06387,
1671607590399899904,0.03182,0.15477,-0.17756,0.99282,-0.05903,0.10210,0.01973,0.05500,-0.01361,-0.08030,
1671607590499990272,0.03226,0.15376,-0.17870,0.99334,-0.05919,0.09689,0.01976,0.05034,-0.01977,-0.06360,
1671607590599826176,0.02920,0.15355,-0.17216,0.99409,-0.05969,0.08846,0.01986,0.03045,-0.01239,-0.01694,
1671607590699926016,0.02006,0.15648,-0.16138,0.99484,-0.05877,0.08016,0.02029,-0.00064,0.00966,0.01760,
1671607590799899136,0.01960,0.15659,-0.16037,0.99515,-0.05542,0.07849,0.02100,-0.00870,0.00626,0.01449,
1671607590899974144,0.01893,0.15718,-0.16059,0.99523,-0.05391,0.07814,0.02242,-0.01314,0.02061,0.01181,
1671607591000054016,0.01823,0.15927,-0.15929,0.99494,-0.05518,0.08025,0.02472,-0.01316,0.02481,0.02107,
1671607591099892224,0.01851,0.15917,-0.15885,0.99488,-0.05245,0.08240,0.02596,-0.00453,0.01145,0.01231,
1671607591199972096,0.02026,0.15772,-0.16034,0.99460,-0.04877,0.08738,0.02744,0.00356,0.00349,0.00272,
1671607591299806208,0.02073,0.15767,-0.16042,0.99453,-0.04574,0.08931,0.02916,0.00846,-0.00187,-0.00487,
1671607591399897088,0.02181,0.15792,-0.16103,0.99429,-0.04493,0.09171,0.03107,0.00958,0.00078,-0.00318,
1671607591499985920,0.02229,0.15799,-0.16129,0.99406,-0.04398,0.09418,0.03233,0.01222,-0.00630,-0.01509,
1671607591599829248,0.02271,0.15756,-0.16220,0.99420,-0.04230,0.09282,0.03395,0.00170,-0.01379,-0.01176,
1671607591699922944,0.02223,0.15725,-0.16176,0.99444,-0.04175,0.09033,0.03448,0.00831,-0.01363,-0.01772,
1671607591799880960,0.02277,0.15715,-0.16248,0.99458,-0.04146,0.08886,0.03467,0.00219,-0.02120,-0.01755,
1671607591899978240,0.02249,0.15617,-0.16256,0.99475,-0.04194,0.08646,0.03526,0.00926,-0.02937,-0.02004,
1671607591999807232,0.02286,0.15621,-0.16279,0.99482,-0.04163,0.08576,0.03541,0.00959,-0.02925,-0.01521,
1671607592099913216,0.02368,0.15642,-0.16227,0.99488,-0.03946,0.08637,0.03461,0.02796,-0.03246,-0.01790,
1671607592199876352,0.02596,0.15411,-0.16440,0.99514,-0.03468,0.08564,0.03390,0.02094,-0.05574,-0.02767,
1671607592299972352,0.02438,0.15686,-0.16343,0.99543,-0.03633,0.08086,0.03543,-0.00380,0.00024,-0.03136,
1671607592399808256,0.02262,0.15881,-0.16613,0.99612,-0.03737,0.07096,0.03630,-0.03093,0.00586,-0.04376,
1671607592499994368,0.01960,0.16137,-0.16501,0.99659,-0.03339,0.06677,0.03511,-0.00988,0.00922,-0.04065,
1671607592599824896,0.01994,0.16236,-0.16794,0.99667,-0.03021,0.06771,0.03388,-0.02204,0.01787,-0.03424,
1671607592699925248,0.02063,0.16223,-0.16270,0.99677,-0.03067,0.06688,0.03231,-0.00893,0.01315,-0.01017,
1671607592799880960,0.02144,0.16147,-0.16154,0.99675,-0.02835,0.06893,0.03057,-0.00839,-0.00386,-0.00167,
1671607592899959040,0.02142,0.16107,-0.16056,0.99675,-0.02192,0.07127,0.03046,-0.00738,-0.00559,-0.01240,
1671607593000042240,0.02137,0.16181,-0.16118,0.99668,-0.01841,0.07223,0.03261,-0.02075,0.00311,-0.01274,
1671607593099885312,0.02104,0.16138,-0.16055,0.99678,-0.01424,0.07246,0.03120,0.00132,-0.01685,0.00344,
1671607593199975936,0.02230,0.16288,-0.15940,0.99652,-0.01767,0.07512,0.03148,0.00549,-0.00317,0.02376,
1671607593299808000,0.02327,0.16149,-0.15823,0.99630,-0.02047,0.07771,0.03045,0.01565,-0.02843,0.00929,
1671607593399895296,0.02231,0.16087,-0.15793,0.99645,-0.01881,0.07659,0.02956,-0.00968,-0.03198,0.00554,
1671607593499979008,0.02068,0.16300,-0.15958,0.99673,-0.01918,0.07315,0.02840,-0.00113,-0.01224,0.01590,
1671607593599816960,0.02040,0.16436,-0.15942,0.99680,-0.02105,0.07216,0.02719,-0.00492,-0.01155,0.01229,
1671607593699909120,0.01817,0.16446,-0.15896,0.99689,-0.02274,0.07092,0.02560,-0.01246,-0.01225,0.00023,
1671607593799997184,0.01790,0.16456,-0.16159,0.99674,-0.02503,0.07278,0.02414,-0.01376,-0.01583,-0.02209,
1671607593899834880,0.01664,0.16496,-0.16186,0.99685,-0.02722,0.07121,0.02194,-0.01514,-0.00885,-0.01602,
1671607594000044032,0.01596,0.16644,-0.16077,0.99682,-0.03051,0.07052,0.02101,-0.01895,0.00265,0.00055,
1671607594099899904,0.01417,0.16704,-0.16023,0.99671,-0.03247,0.07183,0.01902,-0.01561,-0.00053,0.00616,
1671607594199992064,0.01394,0.16785,-0.16018,0.99654,-0.03385,0.07407,0.01670,-0.01127,0.00264,0.01821,
1671607594299837184,0.01289,0.16819,-0.15815,0.99645,-0.03693,0.07435,0.01384,-0.00984,0.00266,0.02708,
1671607594399930880,0.01116,0.16863,-0.15637,0.99634,-0.04117,0.07392,0.01204,-0.02108,0.00237,0.03182,
1671607594499898880,0.00922,0.16860,-0.15614,0.99627,-0.04452,0.07317,0.01027,-0.01547,0.00259,0.02414,
1671607594599989248,0.00836,0.17009,-0.15578,0.99609,-0.04786,0.07366,0.00973,-0.01568,0.01897,0.02262,
1671607594699844096,0.00792,0.17294,-0.15580,0.99601,-0.05138,0.07233,0.00926,-0.00788,0.03765,0.01291,
1671607594799927296,0.00750,0.17658,-0.15488,0.99585,-0.05350,0.07311,0.00923,-0.01008,0.04906,0.01110,
1671607594899891968,0.00699,0.18065,-0.15384,0.99578,-0.05356,0.07410,0.00830,-0.00256,0.05695,0.00879,
1671607595000100096,0.00708,0.18446,-0.15270,0.99579,-0.05292,0.07450,0.00732,-0.00487,0.06211,0.01642,
1671607595099952128,0.00724,0.18632,-0.15111,0.99592,-0.05173,0.07366,0.00629,-0.00217,0.05649,0.01793,
1671607595199790336,0.00816,0.18800,-0.15081,0.99558,-0.05281,0.07735,0.00643,0.00776,0.05538,-0.00207,
1671607595299875328,0.01114,0.18864,-0.15346,0.99480,-0.05508,0.08534,0.00735,0.03447,0.04760,-0.02593,
1671607595399968256,0.01459,0.18974,-0.15574,0.99435,-0.05816,0.08838,0.00848,0.03350,0.05061,-0.01136,
1671607595499809024,0.01690,0.18999,-0.15398,0.99465,-0.05863,0.08459,0.00896,0.04591,0.05368,0.01363,
1671607595599889152,0.02088,0.19332,-0.15012,0.99523,-0.05795,0.07794,0.00957,0.05078,0.07076,0.04994,
1671607595699963136,0.02456,0.19911,-0.14348,0.99602,-0.05853,0.06618,0.01137,0.06143,0.09622,0.06155,
1671607595799802368,0.02794,0.20565,-0.13535,0.99645,-0.05779,0.05971,0.01333,0.05646,0.11387,0.07110,
1671607595899898368,0.03153,0.21370,-0.12689,0.99671,-0.05394,0.05876,0.01434,0.06568,0.13346,0.08226,
1671607596000111104,0.03472,0.22594,-0.11917,0.99724,-0.04446,0.05746,0.01523,0.04948,0.14473,0.11066,
1671607596099968256,0.03893,0.23485,-0.10604,0.99787,-0.03000,0.05617,0.01447,0.06804,0.13818,0.12170,
1671607596199814144,0.04413,0.24011,-0.09227,0.99806,-0.01309,0.05899,0.01491,0.07077,0.10886,0.13705,
1671607596299889920,0.05130,0.24692,-0.07909,0.99802,-0.00191,0.06079,0.01609,0.08539,0.08063,0.13666,
1671607596399979008,0.05842,0.25262,-0.06396,0.99797,0.00847,0.06109,0.01607,0.08784,0.02363,0.14073,
1671607596499819008,0.06947,0.25012,-0.05039,0.99785,0.02269,0.05972,0.01459,0.10227,-0.06340,0.12772,
1671607596599923200,0.08158,0.23348,-0.03977,0.99760,0.03910,0.05570,0.01237,0.08678,-0.18200,0.10860,
1671607596699875072,0.09080,0.20852,-0.03016,0.99724,0.05551,0.04868,0.00843,0.08300,-0.31362,0.07701,
1671607596799952896,0.09165,0.16492,-0.02533,0.99599,0.07756,0.04458,0.00037,0.05924,-0.49128,0.05935,
1671607596899791360,0.09735,0.10559,-0.02021,0.99385,0.10229,0.04079,-0.01136,0.04553,-0.69901,0.05352,
1671607597000116992,0.10878,0.02201,-0.01347,0.99014,0.13047,0.04451,-0.02502,0.05316,-0.95678,0.05838,
1671607597099963904,0.11670,-0.08679,-0.00489,0.98704,0.15117,0.03319,-0.04244,-0.01541,-1.22627,0.08537,
1671607597199801088,0.10970,-0.22654,0.00314,0.98424,0.16461,0.00901,-0.06394,-0.08414,-1.54007,0.07668,
1671607597299895040,0.09468,-0.39683,0.01175,0.98144,0.17054,-0.01838,-0.08574,-0.20165,-1.85395,0.08179,
1671607597399984128,0.06711,-0.59783,0.01988,0.97834,0.16956,-0.04958,-0.10786,-0.38751,-2.15446,0.08237,
1671607597499821312,0.01767,-0.82702,0.02758,0.97450,0.16670,-0.07942,-0.12752,-0.61317,-2.43949,0.06212,
1671607597599926272,-0.05595,-1.08545,0.03290,0.97050,0.16666,-0.09774,-0.14426,-0.88190,-2.72255,0.03595,
1671607597699878912,-0.16008,-1.37231,0.03568,0.96499,0.17089,-0.11353,-0.16338,-1.20611,-3.01097,0.01710,
1671607597799987200,-0.29764,-1.68832,0.03814,0.95891,0.17566,-0.12702,-0.18303,-1.56343,-3.29628,0.02608,
1671607597899836928,-0.46992,-2.03221,0.04238,0.95433,0.17554,-0.13032,-0.20360,-1.90131,-3.58042,0.04101,
1671607598000039168,-0.67799,-2.40605,0.04757,0.95101,0.17277,-0.12395,-0.22443,-2.26244,-3.86659,0.04362,
1671607598099884032,-0.91985,-2.80647,0.05312,0.94916,0.16693,-0.10949,-0.24338,-2.57812,-4.12902,0.06720,
1671607598199962112,-1.19311,-3.23317,0.06149,0.94859,0.15462,-0.09067,-0.26085,-2.89526,-4.38994,0.08945,
1671607598299793920,-1.49611,-3.68483,0.07128,0.94602,0.14507,-0.07590,-0.27970,-3.18691,-4.65133,0.08887,
1671607598399879936,-1.82820,-4.16427,0.08127,0.94055,0.14549,-0.06282,-0.30042,-3.46590,-4.91207,0.09651,
1671607598499968000,-2.18916,-4.66937,0.08862,0.93115,0.15700,-0.05766,-0.32401,-3.74328,-5.17013,0.03342,
1671607598599802880,-2.57470,-5.19842,0.09022,0.92188,0.16915,-0.05044,-0.34495,-3.97675,-5.42483,0.00928,
1671607598699898880,-2.98381,-5.75469,0.09049,0.91497,0.17383,-0.03628,-0.36234,-4.19700,-5.69104,-0.01037,
1671607598799988992,-3.41520,-6.33726,0.09015,0.90887,0.16857,-0.02874,-0.38041,-4.45586,-5.93555,0.01846,
1671607598899826176,-3.87302,-6.94308,0.09508,0.90254,0.15714,-0.03416,-0.39944,-4.71591,-6.19937,0.06950,
1671607599000034048,-4.35839,-7.57576,0.10609,0.89669,0.14106,-0.04392,-0.41727,-4.97544,-6.40399,0.13752,
1671607599099889920,-4.86869,-8.22618,0.12087,0.89004,0.13188,-0.05440,-0.43298,-5.25163,-6.61509,0.15895,
1671607599199973120,-5.40799,-8.89655,0.13823,0.88364,0.12504,-0.06262,-0.44679,-5.52484,-6.77597,0.17750,
1671607599299795200,-5.97204,-9.58127,0.15598,0.87662,0.12329,-0.06703,-0.46027,-5.79030,-6.93465,0.17689,
1671607599399889920,-6.56536,-10.28033,0.17654,0.87051,0.11134,-0.07266,-0.47385,-6.06296,-7.01312,0.23270,
1671607599499985920,-7.18375,-10.98507,0.20137,0.86152,0.08889,-0.08804,-0.49207,-6.33212,-7.07106,0.23018,
1671607599599834880,-7.82896,-11.69355,0.22343,0.84995,0.07653,-0.09996,-0.51160,-6.58059,-7.10863,0.20291,
1671607599699925248,-8.49829,-12.40655,0.24259,0.83753,0.08146,-0.10012,-0.53092,-6.81829,-7.14550,0.16328,
1671607599799879168,-9.18883,-13.12156,0.25734,0.82498,0.09586,-0.08755,-0.55004,-7.03676,-7.15916,0.12532,
1671607599899959040,-9.90287,-13.84011,0.26844,0.81245,0.11382,-0.06581,-0.56802,-7.25818,-7.21681,0.08816,
1671607600000060160,-10.64113,-14.56474,0.27667,0.79920,0.13576,-0.05028,-0.58337,-7.51128,-7.27410,0.07742,
1671607600099887104,-11.39842,-15.29449,0.28736,0.78597,0.15054,-0.04166,-0.59820,-7.75939,-7.38261,0.11938,
1671607600199977216,-12.18795,-16.04093,0.30287,0.77252,0.15780,-0.03004,-0.61433,-7.98788,-7.52704,0.19815,
1671607600299819264,-12.99309,-16.79808,0.32801,0.75998,0.14467,-0.02394,-0.63319,-8.21098,-7.62850,0.29517,
1671607600399920128,-13.82047,-17.56263,0.36317,0.74728,0.10730,-0.03689,-0.65475,-8.40161,-7.66900,0.35864,
1671607600499897344,-14.66361,-18.33217,0.40123,0.73235,0.08722,-0.05233,-0.67329,-8.59510,-7.73956,0.34700,
1671607600599986176,-15.53123,-19.10860,0.43663,0.71913,0.09173,-0.05506,-0.68659,-8.76474,-7.78139,0.34316,
1671607600699818240,-16.40848,-19.88465,0.47222,0.70743,0.10656,-0.04960,-0.69694,-8.93458,-7.80679,0.33298,
1671607600799910912,-17.30446,-20.66370,0.50957,0.69636,0.11462,-0.04423,-0.70709,-9.10143,-7.81571,0.36822,
1671607600899996160,-18.21920,-21.44469,0.54946,0.68694,0.11577,-0.03708,-0.71647,-9.26521,-7.84869,0.40839,
1671607600999846912,-19.14659,-22.22753,0.59339,0.67900,0.11001,-0.02658,-0.72536,-9.41101,-7.88951,0.45180,
1671607601099972352,-20.08363,-23.01576,0.64363,0.67201,0.09946,-0.01953,-0.73357,-9.53917,-7.93289,0.49056,
1671607601199804928,-21.03554,-23.80600,0.69715,0.66553,0.08559,-0.01809,-0.74123,-9.62978,-7.96255,0.52688,
1671607601299896320,-21.99717,-24.60230,0.75233,0.65835,0.08228,-0.01672,-0.74802,-9.71008,-8.01470,0.52462,
1671607601399993088,-22.95895,-25.40079,0.80775,0.65013,0.08735,-0.01494,-0.75464,-9.76791,-8.03505,0.52382,
1671607601499833088,-23.92658,-26.19892,0.86136,0.64319,0.09193,-0.01200,-0.76007,-9.81012,-8.07516,0.51180,
1671607601599931904,-24.89748,-27.00269,0.91528,0.63749,0.09139,-0.00462,-0.76500,-9.84499,-8.11102,0.50389,
1671607601699895040,-25.86690,-27.80817,0.96853,0.63328,0.08802,0.00160,-0.76890,-9.87348,-8.16789,0.49308,
1671607601799979264,-26.84506,-28.61958,1.02094,0.63076,0.07878,0.00698,-0.77194,-9.87582,-8.20760,0.52162,
1671607601899815168,-27.82233,-29.43503,1.07618,0.62849,0.06795,0.01118,-0.77476,-9.88559,-8.26778,0.54668,
1671607602000036352,-28.79386,-30.25742,1.13594,0.62472,0.06477,0.01529,-0.77801,-9.86616,-8.31960,0.55769,
1671607602099890944,-29.75026,-31.07952,1.19755,0.62100,0.06287,0.02108,-0.78100,-9.83299,-8.38396,0.55584,
1671607602199972096,-30.71778,-31.91061,1.25601,0.61778,0.06101,0.02696,-0.78352,-9.78191,-8.43529,0.55732,
1671607602299830272,-31.67546,-32.74428,1.31428,0.61525,0.05711,0.03145,-0.78563,-9.73260,-8.50857,0.54780,
1671607602399923200,-32.61903,-33.58459,1.37511,0.61115,0.05561,0.03027,-0.78898,-9.69296,-8.55921,0.56175,
1671607602499776000,-33.56823,-34.42846,1.43427,0.60631,0.05412,0.02311,-0.79305,-9.65331,-8.61854,0.55543,
1671607602599994880,-34.49289,-35.27519,1.49701,0.60128,0.05376,0.01595,-0.79707,-9.59977,-8.65402,0.54946,
1671607602699822080,-35.42829,-36.12464,1.55436,0.59797,0.05479,0.01654,-0.79947,-9.55763,-8.71218,0.53702,
1671607602799900928,-36.32311,-36.97348,1.61853,0.59647,0.05559,0.02330,-0.80037,-9.49934,-8.74025,0.53008,
1671607602899979008,-37.23968,-37.82843,1.67618,0.59706,0.05353,0.03360,-0.79971,-9.44205,-8.79121,0.51544,
1671607603000066048,-38.15800,-38.69094,1.73141,0.59926,0.04953,0.04796,-0.79758,-9.37954,-8.84531,0.52151,
1671607603099921920,-39.03035,-39.54845,1.79348,0.60209,0.04313,0.05429,-0.79541,-9.31394,-8.89105,0.51306,
1671607603199993088,-39.93368,-40.41637,1.84888,0.60399,0.03709,0.04967,-0.79458,-9.25075,-8.93455,0.52692,
1671607603299838976,-40.78213,-41.27725,1.91303,0.60662,0.03435,0.04269,-0.79310,-9.16226,-8.98678,0.52455,
1671607603399912960,-41.63990,-42.14363,1.97500,0.61050,0.01665,0.02647,-0.79140,-9.05010,-8.94113,0.52981,
1671607603499985920,-42.49472,-43.01250,2.03722,0.61189,-0.00336,0.00753,-0.79090,-8.95896,-8.93904,0.52679,
1671607603599813888,-43.32279,-43.89472,2.11011,0.61381,-0.01865,0.00711,-0.78920,-8.79484,-8.93182,0.56387,
1671607603699902976,-44.11003,-44.78259,2.19124,0.61498,-0.02236,0.01524,-0.78808,-8.66643,-8.92671,0.58140,
1671607603799987200,-44.89387,-45.64575,2.25824,0.61527,-0.01314,0.01735,-0.78801,-8.53153,-8.88308,0.57357,
1671607603899824128,-45.64554,-46.47403,2.32087,0.61647,-0.00689,0.00532,-0.78733,-8.39110,-8.83606,0.54936,
1671607604000035328,-46.46511,-47.31396,2.37101,0.61743,0.01216,-0.01459,-0.78639,-8.34126,-8.80935,0.51970,
1671607604099892992,-47.21329,-48.12985,2.42651,0.61797,0.03875,-0.03634,-0.78441,-8.30914,-8.76923,0.48658,
1671607604199979008,-47.96560,-48.93858,2.47950,0.61612,0.06469,-0.05697,-0.78292,-8.34274,-8.70315,0.46856,
1671607604299821056,-48.71250,-49.73484,2.53351,0.61083,0.08768,-0.07054,-0.78373,-8.38906,-8.66012,0.47911,
1671607604399895296,-49.45057,-50.52413,2.59234,0.60602,0.10302,-0.06419,-0.78614,-8.45438,-8.63800,0.52299,
1671607604499951104,-50.29205,-51.33393,2.64063,0.59946,0.11309,-0.05207,-0.79067,-8.58702,-8.61558,0.55490,
1671607604599785216,-51.08173,-52.11770,2.70216,0.59123,0.11233,-0.05236,-0.79692,-8.70200,-8.57957,0.60566,
1671607604699887360,-51.83104,-52.89676,2.77558,0.58090,0.10633,-0.06587,-0.80430,-8.81112,-8.53723,0.63069,
1671607604799987200,-52.61085,-53.66618,2.84802,0.56864,0.10013,-0.08449,-0.81208,-8.91933,-8.46125,0.65510,
1671607604899810048,-53.37189,-54.41495,2.92620,0.55748,0.09492,-0.10216,-0.81839,-9.02333,-8.37307,0.67550,
1671607605000015360,-54.21885,-55.17339,2.99574,0.54730,0.09283,-0.11398,-0.82393,-9.14783,-8.26218,0.69389,
1671607605099996160,-54.95412,-55.88477,3.08294,0.53842,0.08954,-0.12073,-0.82916,-9.23557,-8.12391,0.70873,
1671607605199831296,-55.79474,-56.60061,3.15628,0.52850,0.09110,-0.12357,-0.83494,-9.36085,-7.98712,0.71949,
1671607605299903232,-56.70514,-57.32399,3.22410,0.51899,0.09298,-0.12492,-0.84048,-9.49867,-7.84568,0.72768,
1671607605399995136,-57.52987,-58.00653,3.30689,0.50775,0.09480,-0.12723,-0.84677,-9.61257,-7.67147,0.75125,
1671607605499825920,-58.34065,-58.65461,3.39324,-0.49667,-0.09579,0.12956,0.85285,-9.71824,-7.51007,0.76902,
1671607605599921920,-59.17710,-59.28444,3.47858,-0.48493,-0.09582,0.13145,0.85929,-9.81974,-7.32871,0.78672,
1671607605699885056,-59.99061,-59.88097,3.56899,-0.47286,-0.09232,0.13317,0.86611,-9.91263,-7.14070,0.80875,
1671607605799962880,-60.80581,-60.44933,3.66172,-0.46105,-0.08812,0.13664,0.87235,-9.98722,-6.93498,0.83565,
1671607605899790336,-61.64382,-60.99710,3.75346,-0.45037,-0.08476,0.14037,0.87766,-10.05643,-6.74365,0.85702,
1671607606000122368,-62.67547,-61.59652,3.82517,-0.44003,-0.08459,0.13992,0.88297,-10.16567,-6.55372,0.88207,
1671607606099959040,-63.43290,-62.08260,3.93322,-0.42945,-0.08444,0.14257,0.88776,-10.20838,-6.34654,0.90408,
1671607606199808000,-64.25682,-62.54917,4.03257,-0.41882,-0.08885,0.14429,0.89212,-10.26294,-6.14292,0.91366,
1671607606299907328,-65.11496,-63.00109,4.12872,-0.40714,-0.09382,0.14721,0.89653,-10.32717,-5.92391,0.91430,
1671607606399878912,-65.98523,-63.43086,4.22447,-0.39506,-0.09306,0.14937,0.90164,-10.38015,-5.68993,0.94090,
1671607606499971072,-66.84789,-63.82930,4.32420,-0.38249,-0.09093,0.15145,0.90692,-10.45515,-5.45545,0.96023,
1671607606599802880,-67.64257,-64.16879,4.43216,-0.36953,-0.09060,0.15135,0.91232,-10.49250,-5.20865,0.98147,
1671607606699888896,-68.42546,-64.46688,4.54200,-0.35698,-0.08887,0.14701,0.91818,-10.52705,-4.96954,1.00524,
1671607606799969280,-69.11852,-64.68938,4.66132,-0.34447,-0.08502,0.14013,0.92438,-10.51472,-4.71149,1.03113,
1671607606899822336,-69.86684,-64.90080,4.77307,-0.33202,-0.07950,0.13831,0.92969,-10.51150,-4.45423,1.05445,
1671607606999931136,-70.95722,-65.24187,4.85227,-0.31978,-0.07865,0.14059,0.93370,-10.57271,-4.23031,1.05148,
1671607607099782912,-70.18187,-64.96860,5.11388,-0.30997,-0.07782,0.13522,0.93786,-10.19882,-3.93373,1.08036,
1671607607199877888,-69.30370,-64.41438,5.41134,-0.29893,-0.07791,0.13042,0.94211,-9.79197,-3.58384,1.12538,
1671607607299966208,-66.69472,-63.73840,5.84907,-0.28679,-0.07454,0.12973,0.94624,-8.98516,-3.24695,1.19587,
1671607607399810048,-63.07591,-62.83797,6.39756,-0.27401,-0.06867,0.13059,0.95034,-7.93291,-2.92127,1.29894,
1671607607499895040,-58.87388,-61.92241,6.99807,-0.26073,-0.06093,0.12791,0.95496,-6.77853,-2.61552,1.41084,
1671607608699936256,0.01542,0.17627,0.07602,0.99466,0.10212,0.01406,-0.00422,-0.21779,-0.32104,0.15036,
1671607608799899136,-0.01295,0.17909,0.11424,0.99237,0.12315,-0.00110,-0.00546,-0.41960,-0.61010,0.17969,
1671607608899995136,-0.06320,0.06164,0.11946,0.99283,0.11944,-0.00160,-0.00509,-0.50507,-0.79722,0.19923,
1671607608999830016,-0.15078,-0.01633,0.15125,0.99169,0.12832,-0.00826,-0.00288,-0.75864,-1.05406,0.18750,
1671607609099941376,-0.23091,-0.13567,0.17056,0.99231,0.12377,-0.00102,0.00042,-0.86388,-1.22796,0.19034,
1671607609199783168,-0.27954,-0.22819,0.18179,0.99421,0.10729,0.00277,0.00476,-0.87775,-1.25595,0.22715,
1671607609299995904,-0.41020,-0.38363,0.20944,0.99412,0.10708,-0.01283,0.00921,-1.07200,-1.48282,0.21177,
1671607609399827968,-0.52775,-0.54601,0.23861,0.99414,0.10361,-0.02720,0.01451,-1.24717,-1.64226,0.19199,
1671607609499921152,-0.65984,-0.71688,0.26137,0.99335,0.10023,-0.05241,0.02157,-1.44591,-1.79790,0.20075,
1671607609599879936,-0.81583,-0.90305,0.28939,0.99142,0.10503,-0.07149,0.03077,-1.63728,-1.95463,0.19975,
1671607609699949312,-0.99643,-1.08852,0.32223,0.98985,0.10903,-0.08127,0.04130,-1.83510,-2.06231,0.18967,
1671607609799806208,-1.16132,-1.30843,0.34828,0.99102,0.10365,-0.06439,0.05474,-1.93609,-2.18106,0.17561,
1671607609899891200,-1.33125,-1.53916,0.37018,0.99200,0.10252,-0.02345,0.06984,-2.01954,-2.34439,0.13383,
1671607609999984896,-1.49322,-1.79253,0.38631,0.98939,0.11666,0.01644,0.08499,-2.06613,-2.53203,0.11661,
1671607610099969024,-1.69675,-2.05119,0.40022,0.98477,0.13616,0.04053,0.10022,-2.11358,-2.70437,0.09071,
1671607610199808000,-1.89254,-2.32732,0.40992,0.97971,0.15320,0.05937,0.11480,-2.08805,-2.89129,0.04660,
1671607610299900928,-2.08265,-2.62449,0.41538,0.97456,0.16598,0.07601,0.13006,-2.03497,-3.10903,-0.00465,
1671607610399989248,-2.26762,-2.94510,0.41698,0.97121,0.17400,0.07823,0.14265,-1.98701,-3.37723,-0.00449,
1671607610499827200,-2.44715,-3.29314,0.41837,0.96944,0.18190,0.06442,0.15146,-1.91616,-3.68236,-0.01522,
1671607610599923200,-2.61999,-3.67053,0.41792,0.96850,0.18539,0.04859,0.15900,-1.84093,-3.96547,-0.03650,
1671607610699887360,-2.78754,-4.07703,0.41431,0.96736,0.18842,0.03109,0.16656,-1.81428,-4.26805,-0.08438,
1671607610799971072,-2.94942,-4.51334,0.40475,0.96422,0.19611,0.02585,0.17649,-1.76333,-4.58000,-0.14718,
1671607610899806976,-3.10834,-4.98028,0.38797,0.95985,0.20623,0.02803,0.18804,-1.71841,-4.90604,-0.22690,
1671607611000016896,-3.26441,-5.48069,0.36275,0.95577,0.21369,0.03038,0.19981,-1.68495,-5.24259,-0.30131,
1671607611099881216,-3.41751,-6.01493,0.33005,0.95170,0.22032,0.02889,0.21188,-1.63192,-5.59401,-0.38343,
1671607611199964928,-3.56458,-6.58500,0.28880,0.94727,0.22652,0.02896,0.22477,-1.58035,-5.95917,-0.46629,
1671607611299816192,-3.70596,-7.19065,0.23937,0.94242,0.23366,0.02818,0.23760,-1.50748,-6.33550,-0.55106,
1671607611399902208,-3.84207,-7.83511,0.18097,0.93696,0.24055,0.03217,0.25142,-1.42502,-6.72717,-0.64088,
1671607611499984128,-3.97116,-8.51756,0.11275,0.93089,0.24933,0.03432,0.26477,-1.33549,-7.13194,-0.73530,
1671607611599822336,-4.07915,-9.23209,0.03875,0.92382,0.26181,0.03648,0.27690,-1.23093,-7.55361,-0.84251,
1671607611699926016,-4.17957,-9.99540,-0.04644,0.91619,0.27543,0.03740,0.28869,-1.11516,-7.97553,-0.96827,
1671607611799890944,-4.26775,-10.79828,-0.14455,0.90920,0.28478,0.03668,0.30153,-1.00090,-8.41554,-1.10114,
1671607611899974144,-4.34976,-11.64793,-0.25708,0.90184,0.29378,0.03676,0.31470,-0.86550,-8.87392,-1.24667,
1671607612000048128,-4.42070,-12.54392,-0.38486,0.89387,0.30224,0.04031,0.32866,-0.72402,-9.34593,-1.39804,
1671607612099889920,-4.40274,-13.45397,-0.51779,0.88474,0.31064,0.04880,0.34403,-0.52849,-9.79802,-1.57103,
1671607612199969024,-4.53905,-14.47614,-0.68995,0.87478,0.31960,0.05694,0.35969,-0.41656,-10.30796,-1.75694,
1671607612299809280,-4.49022,-15.47684,-0.85688,0.86518,0.32819,0.06300,0.37389,-0.18285,-10.78659,-1.93061,
1671607612399896064,-4.57123,-16.58725,-1.06029,0.85585,0.33824,0.06228,0.38632,-0.01834,-11.32395,-2.12153,
1671607612499988992,-4.55614,-17.71561,-1.27158,0.84805,0.34333,0.06319,0.39867,0.21793,-11.82828,-2.30470,
1671607612599829248,-4.54755,-18.90578,-1.50447,0.83969,0.35274,0.05882,0.40869,0.42138,-12.40281,-2.50371,
1671607612699923968,-4.50812,-20.14561,-1.75630,0.83080,0.35922,0.06089,0.42075,0.65959,-12.93952,-2.69793,
1671607612799887104,-4.50899,-21.46451,-2.03600,0.82228,0.36733,0.05936,0.43058,0.86098,-13.54869,-2.92469,
1671607612899975168,-4.43372,-22.81735,-2.33069,0.81360,0.37230,0.06452,0.44191,1.12139,-14.11364,-3.15266,
1671607612999820288,-4.35874,-24.24098,-2.65150,0.80600,0.37803,0.06200,0.45124,1.36202,-14.74510,-3.38279,
1671607613099920896,-4.22189,-25.70265,-2.98635,0.79764,0.38629,0.06025,0.45926,1.67475,-15.35368,-3.60672,
1671607613199878912,-4.06974,-27.22237,-3.34390,0.78628,0.39661,0.06537,0.46925,1.98062,-15.97350,-3.85929,
1671607613299971072,-3.93423,-28.83209,-3.73546,0.77412,0.40500,0.07133,0.48127,2.28017,-16.58753,-4.12671,
1671607613399813120,-3.71513,-30.45688,-4.13991,0.76381,0.40882,0.07745,0.49342,2.61111,-17.18360,-4.40433,
1671607613499895040,-3.55542,-32.20064,-4.59065,0.75453,0.41264,0.07926,0.50412,2.92202,-17.80670,-4.69971,
1671607613599991040,-3.25614,-33.93074,-5.04731,0.74502,0.41782,0.07961,0.51385,3.29079,-18.41130,-4.99365,
1671607613699836928,-3.01369,-35.76526,-5.54757,0.73402,0.42577,0.07958,0.52307,3.63582,-19.02235,-5.30855,
1671607613799921152,-2.72577,-37.65455,-6.07764,0.72287,0.43244,0.08063,0.53288,4.00304,-19.63909,-5.63237,
1671607613899894272,-2.41285,-39.60542,-6.64053,0.71239,0.43724,0.08123,0.54289,4.38060,-20.24665,-5.95699,
1671607614000093952,-2.15848,-41.68874,-7.25865,0.70173,0.44047,0.08281,0.55382,4.75265,-20.88676,-6.30249,
1671607614099923968,-1.70773,-43.72377,-7.87882,0.69001,0.44779,0.08394,0.56243,5.17796,-21.49106,-6.65634,
1671607614199883264,-1.36792,-45.91348,-8.56309,0.67785,0.45668,0.08261,0.57021,5.57204,-22.14608,-7.02303,
1671607614299983360,-0.91889,-48.13244,-9.27492,0.66663,0.46440,0.08088,0.57741,6.00406,-22.77656,-7.40226,
1671607614399826944,-0.52345,-50.47125,-10.04387,0.65647,0.46894,0.08142,0.58524,6.42126,-23.42938,-7.80928,
1671607614499919872,0.02503,-52.81716,-10.83735,0.64852,0.47186,0.07934,0.59201,6.89355,-24.07025,-8.21857,
1671607614599889152,0.52698,-55.27948,-11.68978,0.63861,0.47580,0.08056,0.59942,7.36574,-24.73444,-8.66114,
1671607614699986944,1.14567,-57.77311,-12.57745,0.62657,0.48024,0.08196,0.60833,7.84724,-25.37532,-9.09758,
1671607614799827200,1.78003,-60.33640,-13.51115,0.61437,0.48299,0.08291,0.61838,8.33422,-26.02388,-9.54752,
1671607614899898880,2.38846,-63.02164,-14.50955,0.60178,0.48550,0.08262,0.62875,8.80524,-26.66860,-10.01098,
1671607616099909376,-0.00227,0.06758,0.03374,0.99451,0.05285,0.09017,0.00517,0.13002,0.08402,0.07378,
1671607616199885056,0.01348,0.09617,0.04774,0.99393,0.05226,0.09660,0.00700,0.17631,0.13565,0.09773,
1671607616299976192,0.03533,0.13403,0.06813,0.99377,0.05032,0.09916,0.00758,0.23002,0.18289,0.11545,
1671607616399815168,0.05018,0.14255,0.09272,0.99381,0.05016,0.09869,0.00888,0.24798,0.16428,0.15024,
1671607616499902976,0.06319,0.16257,0.12372,0.99400,0.04939,0.09719,0.00883,0.27124,0.15914,0.18919,
1671607616599996928,0.04575,0.17644,0.15069,0.99419,0.04801,0.09593,0.00902,0.22625,0.15547,0.21765,
1671607616699832320,0.03409,0.25794,0.16332,0.99461,0.04299,0.09403,0.00836,0.20835,0.24350,0.21750,
1671607616799926016,0.00300,0.28806,0.18394,0.99488,0.03618,0.09390,0.00887,0.16283,0.30364,0.22435,
1671607616899898880,0.01700,0.37824,0.14941,0.99505,0.03003,0.09434,0.00833,0.20110,0.41015,0.15763,
1671607617000102912,0.03840,0.42296,0.17002,0.99490,0.02749,0.09654,0.00969,0.24054,0.44671,0.16138,
1671607617099973120,-0.02197,0.25348,0.10715,0.99530,0.03250,0.09070,0.00964,0.11897,0.23551,0.05242,
1671607617199800320,-0.01515,0.26222,0.09534,0.99527,0.03265,0.09090,0.01048,0.12992,0.23837,0.02791,
1671607617299906304,-0.01436,0.26652,0.06788,0.99548,0.03396,0.08805,0.01062,0.12208,0.23419,-0.00775,
1671607617399883008,-0.00259,0.28768,0.06211,0.99545,0.03504,0.08795,0.01107,0.14566,0.25221,-0.00826,
1671607617499977216,-0.00545,0.27824,0.05386,0.99552,0.03618,0.08649,0.01189,0.13624,0.23405,-0.02413,
1671607617599824896,0.00502,0.30409,0.04961,0.99562,0.03443,0.08590,0.01359,0.14376,0.26967,-0.01451,
1671607617699918336,-0.00985,0.24995,0.04481,0.99552,0.04008,0.08430,0.01512,0.10148,0.20497,-0.01365,
1671607617799877120,-0.00509,0.25871,0.03978,0.99512,0.04420,0.08674,0.01618,0.09321,0.24057,-0.01940,
1671607617899961344,-0.02885,0.21861,0.05731,0.99486,0.05251,0.08504,0.01640,0.04583,0.18201,0.01600,
1671607618000050944,-0.03124,0.22807,0.06045,0.99448,0.05891,0.08537,0.01579,0.04467,0.17026,0.04986,
1671607618099909376,-0.02942,0.24008,0.06646,0.99421,0.06596,0.08348,0.01517,0.04817,0.16108,0.06839,
1671607618199875072,-0.04175,0.20981,0.07511,0.99379,0.07378,0.08205,0.01457,0.01713,0.06569,0.09020,
1671607618299963904,-0.05175,0.18973,0.07143,0.99343,0.07954,0.08086,0.01498,-0.01151,-0.00968,0.06696,
1671607618399802112,-0.05390,0.18825,0.07331,0.99324,0.07935,0.08326,0.01555,-0.02728,-0.02335,0.06701,
1671607618499898112,-0.05596,0.18778,0.08330,0.99308,0.07833,0.08564,0.01780,-0.02609,-0.03107,0.08866,
1671607618599991040,-0.05028,0.18871,0.07752,0.99260,0.07519,0.09315,0.02058,-0.00212,-0.00250,0.06654,
1671607618699822080,-0.04888,0.18708,0.08252,0.99181,0.07699,0.09950,0.02201,0.01839,-0.00946,0.06664,
1671607618799897088,-0.04663,0.18125,0.09015,0.99105,0.08276,0.10214,0.02311,0.03948,-0.02447,0.07735,
1671607618899983872,-0.04129,0.17442,0.09116,0.99068,0.08988,0.09956,0.02371,0.06554,-0.04811,0.06608,
1671607619000064256,-0.03530,0.16564,0.08962,0.99082,0.09310,0.09486,0.02455,0.07405,-0.07342,0.06053,
1671607619099913216,-0.02628,0.15885,0.09844,0.99149,0.09382,0.08688,0.02449,0.09614,-0.09946,0.08616,
1671607619199991296,-0.02050,0.14600,0.10905,0.99156,0.09508,0.08477,0.02413,0.10119,-0.14446,0.09384,
1671607619299837184,-0.00691,0.13046,0.11932,0.99154,0.09434,0.08578,0.02417,0.12152,-0.18124,0.09270,
1671607619399927040,-0.00637,0.11051,0.12453,0.99131,0.09550,0.08707,0.02450,0.10153,-0.22347,0.07943,
1671607619499888128,-0.00503,0.09232,0.13646,0.99141,0.09612,0.08524,0.02463,0.09025,-0.24634,0.06873,
1671607619599979264,-0.00184,0.07088,0.14426,0.99138,0.09674,0.08482,0.02494,0.07869,-0.26876,0.04989,
1671607619699807232,0.00388,0.04406,0.15049,0.99156,0.09714,0.08197,0.02553,0.07313,-0.29438,0.02928,
1671607619799892224,0.01156,0.01712,0.15529,0.99146,0.09889,0.08088,0.02621,0.07271,-0.32801,0.02202,
1671607619899988224,0.01149,-0.01233,0.15360,0.99159,0.09884,0.07882,0.02759,0.06087,-0.34670,-0.00134,
1671607620000075008,0.02472,-0.04874,0.15594,0.99186,0.09693,0.07757,0.02819,0.05148,-0.38464,0.02201,
1671607620099934208,0.00808,-0.08624,0.15282,0.99188,0.09833,0.07503,0.02966,0.01371,-0.42826,0.03859,
1671607620199777024,0.00818,-0.13340,0.15585,0.99123,0.10146,0.07938,0.02927,-0.01267,-0.46051,0.02803,
1671607620299983360,-0.00199,-0.17561,0.15582,0.99020,0.10340,0.08884,0.03023,-0.03073,-0.48662,-0.00051,
1671607620399816960,-0.00265,-0.22736,0.15636,0.98966,0.10594,0.09154,0.03115,-0.05991,-0.52261,-0.00584,
1671607620499901184,-0.00913,-0.27902,0.15568,0.98977,0.10644,0.08932,0.03231,-0.04733,-0.55496,-0.00627,
1671607620599987968,-0.01308,-0.33665,0.15702,0.99029,0.10564,0.08406,0.03316,-0.04986,-0.60068,0.03118,
1671607620699838208,-0.00583,-0.40415,0.16462,0.99047,0.10742,0.07928,0.03397,-0.03817,-0.64797,0.06610,
1671607620799924224,-0.02507,-0.46214,0.17005,0.99051,0.10807,0.07729,0.03525,-0.08501,-0.66918,0.08910,
1671607620899891200,-0.02350,-0.53408,0.18149,0.99015,0.11048,0.07720,0.03786,-0.08722,-0.70983,0.10542,
1671607621000091904,-0.03335,-0.60555,0.19306,0.99001,0.11076,0.07821,0.03881,-0.12037,-0.74394,0.13529,
1671607621099930880,-0.04144,-0.68668,0.21041,0.99041,0.10905,0.07652,0.03665,-0.15973,-0.81422,0.19411,
1671607621199887872,-0.08326,-0.75831,0.22980,0.99010,0.11073,0.07964,0.03299,-0.25091,-0.86570,0.20382,
1671607621299977984,-0.11463,-0.84479,0.25004,0.98923,0.11340,0.08746,0.03023,-0.29930,-0.93845,0.19667,
1671607621399821056,-0.14685,-0.94007,0.26924,0.98808,0.11405,0.09921,0.02928,-0.34577,-0.99084,0.18367,
1671607621499924224,-0.23620,-0.99767,0.28242,0.98732,0.11152,0.10868,0.03087,-0.42804,-0.99909,0.12641,
1671607621599776000,-0.31245,-1.06863,0.29208,0.98727,0.10806,0.11224,0.03185,-0.49641,-1.03343,0.09145,
1671607621699995904,-0.29783,-1.23660,0.30388,0.98717,0.10758,0.11369,0.03169,-0.43696,-1.16569,0.07363,
1671607621799843072,-0.32372,-1.37312,0.31206,0.98744,0.10444,0.11372,0.03344,-0.42697,-1.24326,0.06094,
1671607621899929344,-0.35607,-1.50404,0.31894,0.98803,0.10004,0.11220,0.03450,-0.41589,-1.30514,0.03904,
1671607622000124928,-0.31912,-1.69271,0.32620,0.98848,0.09544,0.11194,0.03563,-0.34457,-1.41820,0.03125,
1671607622099975168,-0.42651,-1.78775,0.32663,0.98924,0.09026,0.10923,0.03632,-0.41837,-1.42417,0.02575,
1671607622199813120,-0.48770,-1.91521,0.32964,0.98963,0.08803,0.10788,0.03520,-0.44677,-1.46037,0.03597,
1671607622299900160,-0.52810,-2.07071,0.33501,0.98969,0.08754,0.10778,0.03511,-0.44939,-1.51678,0.04587,
1671607622399986944,-0.58425,-2.21611,0.34132,0.98990,0.08666,0.10683,0.03439,-0.47668,-1.54705,0.07909,
1671607622499824896,-0.83207,-2.19622,0.32280,0.99037,0.08561,0.10340,0.03382,-0.66816,-1.43496,0.06862,
1671607622599916288,-0.74813,-2.48565,0.35189,0.98920,0.09362,0.10799,0.03260,-0.54035,-1.61814,0.07818,
1671607622699885056,-0.77634,-2.67170,0.36272,0.98895,0.09395,0.11005,0.03235,-0.53231,-1.68178,0.07253,
1671607622799982080,-0.83283,-2.84142,0.37272,0.98888,0.09141,0.11223,0.03413,-0.55559,-1.71440,0.08574,
1671607622899826176,-0.88461,-3.01694,0.38296,0.98870,0.08982,0.11453,0.03589,-0.58111,-1.73983,0.08461,
1671607623000022272,-0.94420,-3.19230,0.39344,0.98822,0.09004,0.11773,0.03801,-0.61154,-1.77015,0.09797,
1671607623099866880,-1.14029,-3.26641,0.38216,0.98797,0.09066,0.11841,0.04091,-0.75820,-1.69312,0.08695,
1671607623199958016,-1.11270,-3.52101,0.40475,0.98699,0.09447,0.12243,0.04412,-0.69436,-1.78444,0.10920,
1671607623299783936,-1.12938,-3.74154,0.42933,0.98627,0.09855,0.12450,0.04546,-0.64692,-1.86876,0.11446,
1671607623399877376,-1.17975,-3.94335,0.44123,0.98588,0.10185,0.12481,0.04576,-0.64273,-1.93318,0.11482,
1671607623499956224,-1.05480,-4.25442,0.45900,0.98567,0.10572,0.12369,0.04454,-0.45048,-2.10810,0.13522,
1671607623599777280,-1.21429,-4.40560,0.47243,0.98620,0.10433,0.12071,0.04427,-0.57088,-2.10902,0.13541,
1671607623699998208,-1.34675,-4.57414,0.48639,0.98660,0.10247,0.11909,0.04410,-0.65596,-2.12996,0.14184,
1671607623799849984,-1.45948,-4.75371,0.50261,0.98684,0.10090,0.11864,0.04345,-0.71956,-2.16244,0.14697,
1671607623899933952,-1.55457,-4.95945,0.51921,0.98707,0.09997,0.11739,0.04373,-0.75497,-2.21005,0.14572,
1671607623999888896,-1.60291,-5.20711,0.53674,0.98762,0.09508,0.11668,0.04423,-0.73691,-2.28894,0.17546,
1671607624099992320,-1.67557,-5.43767,0.55392,0.98795,0.09320,0.11535,0.04423,-0.74980,-2.34042,0.19554,
1671607624199839232,-1.71828,-5.69510,0.57805,0.98721,0.09760,0.11781,0.04474,-0.73288,-2.40284,0.18903,
1671607624299934976,-1.80646,-5.93138,0.59962,0.98697,0.10221,0.11623,0.04398,-0.77826,-2.45593,0.18555,
1671607624399787264,-1.85524,-6.19904,0.62059,0.98644,0.10594,0.11777,0.04295,-0.78222,-2.54130,0.17941,
1671607624499879168,-1.90595,-6.47651,0.64055,0.98595,0.10861,0.11975,0.04208,-0.78173,-2.63878,0.18354,
1671607624599962112,-2.04398,-6.71058,0.66011,0.98567,0.10878,0.12180,0.04214,-0.86983,-2.69890,0.18536,
1671607624699801088,-2.08267,-7.01545,0.68114,0.98570,0.10672,0.12364,0.04150,-0.83640,-2.81824,0.18822,
1671607624799997952,-2.17572,-7.30078,0.69801,0.98601,0.10110,0.12597,0.04125,-0.86182,-2.90703,0.20018,
1671607624899830016,-2.34090,-7.54324,0.72561,0.98671,0.09561,0.12462,0.04167,-0.95009,-2.94140,0.21088,
1671607625000040960,-2.36986,-7.88660,0.73458,0.98705,0.09410,0.12314,0.04129,-0.91189,-3.06037,0.21782,
1671607625099902208,-2.53998,-8.14206,0.77612,0.98773,0.09170,0.11903,0.04259,-0.99659,-3.08423,0.24782,
1671607625199988992,-2.48626,-8.54963,0.80203,0.98689,0.09511,0.12307,0.04309,-0.85278,-3.25196,0.24634,
1671607625299832064,-2.73285,-8.78315,0.83002,0.98641,0.09362,0.12729,0.04504,-0.99690,-3.23550,0.23641,
1671607625399928064,-2.84624,-9.09442,0.85699,0.98610,0.09197,0.13009,0.04723,-1.02449,-3.28838,0.24100,
1671607625499898880,-3.06016,-9.35060,0.87996,0.98661,0.09099,0.12623,0.04880,-1.13106,-3.28877,0.23382,
1671607625599990016,-2.69365,-9.95916,0.91036,0.98619,0.09509,0.12603,0.05008,-0.74400,-3.58700,0.23283,
1671607625699832320,-3.14218,-10.13697,0.93694,0.98739,0.09361,0.11675,0.05169,-1.05036,-3.50898,0.23758,
1671607625799926016,-3.26856,-10.46381,0.96564,0.98802,0.09499,0.11012,0.05160,-1.08923,-3.56939,0.24356,
1671607625899884288,-3.38690,-10.81668,0.99477,0.98834,0.09720,0.10530,0.05150,-1.12199,-3.64806,0.25133,
1671607626000098304,-3.46273,-11.21267,1.02524,0.98853,0.09696,0.10406,0.05071,-1.13375,-3.76540,0.26970,
1671607626099952128,-3.30077,-11.75516,1.05631,0.98832,0.09728,0.10662,0.04899,-0.97344,-3.98848,0.27100,
1671607626199795968,-3.66240,-12.01507,1.09006,0.98855,0.09320,0.10814,0.04889,-1.21682,-3.98486,0.29083,
1671607626299877888,-3.79786,-12.41531,1.12185,0.98774,0.09122,0.11642,0.05003,-1.26476,-4.07302,0.26947,
1671607626399950336,-3.98445,-12.78712,1.15342,0.98678,0.08867,0.12535,0.05178,-1.34545,-4.12962,0.25258,
1671607626499796992,-4.66714,-12.79247,1.18828,0.98729,0.08065,0.12477,0.05652,-1.78982,-3.85661,0.25181,
1671607626599884032,-4.30240,-13.56973,1.21394,0.98612,0.08181,0.13098,0.06103,-1.41607,-4.19171,0.26362,
1671607626699970304,-5.50287,-13.07642,1.27109,0.98739,0.07641,0.12218,0.06556,-2.29739,-3.47900,0.28562,
1671607626799814912,-4.65320,-14.33393,1.27799,0.98523,0.09154,0.12876,0.06598,-1.50048,-4.23816,0.27152,
1671607626899894272,-4.69503,-14.90289,1.30652,0.98509,0.09833,0.12470,0.06623,-1.43240,-4.41684,0.26996,
1671607627000101376,-4.84204,-15.35648,1.33851,0.98486,0.10342,0.12164,0.06758,-1.47062,-4.49340,0.28363,
1671607627099963904,-5.03212,-15.77972,1.37352,0.98456,0.10948,0.11900,0.06702,-1.52008,-4.56989,0.29555,
1671607627199804160,-5.38086,-16.10175,1.41158,0.98466,0.11054,0.11773,0.06611,-1.69387,-4.56445,0.31205,
1671607627299877888,-4.96147,-16.92539,1.44136,0.98374,0.11544,0.12147,0.06466,-1.27314,-4.95975,0.31371,
1671607627399944192,-5.41006,-17.26302,1.48102,0.98430,0.11121,0.12041,0.06549,-1.55448,-4.93195,0.32824,
1671607627499784960,-5.42878,-17.84571,1.51156,0.98415,0.10972,0.12246,0.06637,-1.47489,-5.10720,0.33329,
1671607627599996160,-5.70547,-18.29143,1.55447,0.98401,0.10753,0.12466,0.06792,-1.60233,-5.15737,0.34857,
1671607627699845376,-5.98170,-18.72912,1.60049,0.98391,0.10569,0.12588,0.07010,-1.70879,-5.19788,0.35544,
1671607627799941376,-6.16631,-19.23984,1.64287,0.98369,0.10580,0.12684,0.07118,-1.74903,-5.28888,0.36487,
1671607627899784192,-6.33862,-19.77365,1.68660,0.98378,0.10497,0.12574,0.07308,-1.76861,-5.38841,0.37674,
1671607628000090112,-6.28902,-20.48743,1.72014,0.98346,0.10671,0.12650,0.07356,-1.64074,-5.60889,0.38787,
1671607628099942912,-5.26257,-21.57747,1.75960,0.98159,0.11275,0.13581,0.07299,-0.79081,-6.09967,0.39489,
1671607628199790336,-6.44294,-21.74133,1.81544,0.98238,0.11033,0.13125,0.07435,-1.63758,-5.85716,0.42298,
1671607628299882240,-6.77411,-22.24298,1.86195,0.98231,0.11085,0.13095,0.07511,-1.79383,-5.88609,0.42657,
1671607628399981312,-6.71322,-22.96162,1.90137,0.98182,0.11303,0.13273,0.07508,-1.59696,-6.10546,0.43298,
1671607628499828224,-7.13129,-23.43972,1.95921,0.98223,0.11330,0.12950,0.07496,-1.80723,-6.10766,0.45435,
1671607628599911936,-6.75856,-24.33914,2.00050,0.98161,0.11791,0.13094,0.07349,-1.38145,-6.45365,0.45140,
1671607628699880960,-7.47239,-24.71437,2.05898,0.98264,0.11698,0.12384,0.07354,-1.82543,-6.35940,0.46153,
1671607628799974912,-7.63093,-25.34879,2.11126,0.98238,0.11810,0.12458,0.07392,-1.83950,-6.46555,0.46291,
1671607628899824128,-7.88982,-25.95424,2.16415,0.98240,0.11748,0.12478,0.07425,-1.91932,-6.55315,0.45316,
1671607629000027904,-7.18378,-27.06615,2.19027,0.98110,0.12110,0.13152,0.07396,-1.31890,-7.00305,0.42704,
1671607629099878912,-7.31287,-27.79685,2.24245,0.98136,0.11856,0.13150,0.07473,-1.33792,-7.14552,0.42686,
1671607629199968000,-7.99585,-28.27750,2.30065,0.98189,0.11502,0.12968,0.07649,-1.83973,-7.05351,0.44070,
1671607629299792896,-8.41079,-28.83471,2.35681,0.98202,0.11260,0.12964,0.07842,-2.05096,-7.04066,0.44759,
1671607629399999232,-8.64232,-29.51454,2.40911,0.98166,0.11213,0.13243,0.07890,-2.09913,-7.12208,0.45849,
1671607629499830016,-8.73938,-30.31297,2.45577,0.98089,0.11502,0.13470,0.08053,-2.03640,-7.29922,0.45199,
1671607629599920384,-9.06700,-30.98394,2.51028,0.98062,0.11784,0.13390,0.08106,-2.14967,-7.36407,0.46312,
1671607629699891968,-9.91035,-31.31740,2.57895,0.98140,0.11785,0.12738,0.08207,-2.61121,-7.19175,0.47418,
1671607629799970048,-9.56483,-32.40312,2.62075,0.98082,0.12135,0.12872,0.08184,-2.22628,-7.55659,0.46695,
1671607629899804160,-9.69228,-33.25620,2.66990,0.98102,0.12176,0.12690,0.08174,-2.17871,-7.75160,0.46313,
1671607630000012032,-9.96105,-34.01618,2.72592,0.98141,0.12006,0.12550,0.08172,-2.22997,-7.86643,0.47964,
1671607630099980032,-10.02652,-34.90643,2.77693,0.98163,0.11885,0.12491,0.08173,-2.14827,-8.06526,0.49143,
1671607630199804928,-10.39220,-35.63597,2.83837,0.98134,0.11828,0.12765,0.08181,-2.26132,-8.13711,0.49564,
1671607630299893248,-10.13457,-36.71892,2.87903,0.97970,0.11937,0.13859,0.08205,-1.94244,-8.43681,0.48020,
1671607630399975936,-10.80444,-37.33886,2.95086,0.97980,0.11810,0.13866,0.08261,-2.26164,-8.42588,0.51844,
1671607630499796992,-11.28865,-38.04076,3.01775,0.98042,0.11869,0.13313,0.08345,-2.44381,-8.45573,0.53763,
1671607630599892992,-11.30556,-38.99854,3.07677,0.98115,0.11921,0.12736,0.08320,-2.33122,-8.65835,0.56061,
1671607630699983104,-11.24978,-40.04393,3.13193,0.98202,0.12022,0.11986,0.08253,-2.16886,-8.89982,0.55607,
1671607630799812352,-11.73351,-40.81190,3.20364,0.98233,0.11844,0.11846,0.08342,-2.35902,-8.95493,0.55728,
1671607630899902208,-11.42282,-41.98839,3.25507,0.98195,0.12093,0.11969,0.08261,-2.06523,-9.26479,0.54609,
1671607631000098304,-12.23784,-42.62629,3.33706,0.98229,0.11973,0.11773,0.08319,-2.45363,-9.23008,0.56779,
1671607631099944960,-12.12055,-43.74399,3.39286,0.98168,0.12218,0.12030,0.08309,-2.25632,-9.48872,0.56061,
1671607631199779328,-12.73607,-44.50508,3.47005,0.98140,0.12145,0.12224,0.08461,-2.52903,-9.50718,0.57095,
1671607631299994880,-12.34247,-45.78803,3.51284,0.98081,0.12217,0.12566,0.08537,-2.14905,-9.85037,0.55177,
1671607631399831040,-13.77829,-46.14896,3.59706,0.98172,0.11647,0.12166,0.08867,-2.98428,-9.56067,0.57422,
1671607631499921920,-13.00555,-47.67208,3.64289,0.98124,0.11784,0.12395,0.08901,-2.28002,-10.08815,0.57627,
1671607631599888128,-13.50873,-48.58316,3.71934,0.98148,0.11741,0.12217,0.08937,-2.51936,-10.14010,0.60566,
1671607631699985152,-13.96946,-49.48937,3.79558,0.98105,0.12035,0.12236,0.08993,-2.69851,-10.18735,0.61589,
1671607631799835904,-13.92270,-50.67960,3.85156,0.97977,0.12530,0.12725,0.09031,-2.51040,-10.44322,0.60380,
1671607631899933184,-14.50526,-51.57862,3.92896,0.97941,0.12669,0.12789,0.09139,-2.77165,-10.47250,0.60092,
1671607632000015872,-15.19451,-52.42383,4.00705,0.97949,0.12556,0.12780,0.09218,-3.11257,-10.45587,0.60055,
1671607632099986176,-14.91832,-53.76548,4.05300,0.97914,0.12596,0.12968,0.09273,-2.68809,-10.81956,0.57431,
1671607632199824128,-15.42815,-54.76088,4.12324,0.97933,0.12506,0.12868,0.09337,-2.90144,-10.89390,0.56509,
1671607632299917312,-14.77027,-56.27330,4.15783,0.97865,0.12857,0.13164,0.09158,-2.19437,-11.36022,0.54073,
1671607632399879936,-13.45252,-57.85170,4.19061,0.97687,0.13353,0.14054,0.09027,-0.92867,-11.88101,0.52415,
1671607632499961088,-15.75510,-58.44530,4.28515,0.97853,0.13034,0.12992,0.09275,-2.66680,-11.54941,0.55799,
1671607632599802368,-16.21155,-59.47936,4.35568,0.97824,0.12969,0.13160,0.09434,-2.84993,-11.60272,0.56393,
1671607632699891968,-16.62628,-60.56468,4.42566,0.97833,0.12905,0.13104,0.09515,-2.97310,-11.68945,0.57117,
1671607632799997952,-16.93669,-61.72778,4.49109,0.97828,0.12833,0.13137,0.09608,-3.01354,-11.83844,0.57683,
1671607632899842304,-17.62091,-62.74961,4.57094,0.97867,0.12692,0.12910,0.09715,-3.30606,-11.86888,0.58548,
1671607633000047104,-15.50818,-64.87261,4.56207,0.97671,0.13224,0.13923,0.09576,-1.65305,-12.67260,0.53922,
1671607633099902208,-16.82108,-65.83913,4.65170,0.97759,0.13012,0.13372,0.09755,-2.50280,-12.58776,0.56072,
1671607633199985152,-17.51927,-66.93211,4.72464,0.97763,0.13106,0.13162,0.09866,-2.88282,-12.61330,0.57890,
1671607633299830272,-18.05802,-68.06804,4.79927,0.97748,0.13274,0.13107,0.09867,-3.09451,-12.67086,0.58538,
1671607633399923200,-17.73023,-69.59677,4.84339,0.97652,0.13596,0.13510,0.09839,-2.66822,-13.01331,0.56741,
1671607633499890176,-18.64710,-70.66824,4.91262,0.97670,0.13469,0.13355,0.10043,-3.19223,-12.98281,0.56835,
1671607633599962112,-18.97652,-71.94246,4.99217,0.97649,0.13481,0.13446,0.10102,-3.23135,-13.12008,0.58982,
1671607633699802880,-19.54758,-73.15349,5.06620,0.97649,0.13499,0.13380,0.10167,-3.43994,-13.20653,0.59320,
1671607633799897088,-19.70429,-74.55922,5.12574,0.97584,0.13685,0.13546,0.10321,-3.34508,-13.40936,0.57790,
1671607633899996160,-19.48475,-76.16417,5.16726,0.97537,0.13792,0.13716,0.10400,-2.96580,-13.75654,0.56011,
1671607634000082944,-20.24628,-77.38315,5.24546,0.97601,0.13620,0.13390,0.10456,-3.31196,-13.81494,0.57903,
1671607634099936000,-19.26627,-79.23694,5.27408,0.97477,0.14066,0.13915,0.10329,-2.31600,-14.34509,0.55771,
1671607634199887872,-20.68329,-80.32166,5.36201,0.97530,0.13949,0.13442,0.10611,-3.20278,-14.24059,0.57955,
1671607634299971072,-20.29535,-81.98264,5.40958,0.97428,0.14202,0.13862,0.10675,-2.70536,-14.57249,0.56816,
1671607634399820032,-21.34299,-83.19071,5.49404,0.97418,0.14230,0.13800,0.10811,-3.25996,-14.56467,0.58471,
1671607634499914240,-22.02059,-84.50758,5.56593,0.97441,0.14219,0.13624,0.10841,-3.52132,-14.63440,0.59037,
1671607634599875328,-22.19869,-86.02812,5.61923,0.97423,0.14345,0.13642,0.10814,-3.43851,-14.84575,0.58230,
1671607634699964928,-22.22609,-87.66220,5.68397,0.97401,0.14443,0.13659,0.10860,-3.24403,-15.11408,0.56169,
1671607634799801088,-22.78898,-89.11149,5.75606,0.97410,0.14450,0.13548,0.10908,-3.44354,-15.25308,0.56179,
1671607634899892992,-23.24531,-90.59619,5.82240,0.97394,0.14441,0.13548,0.11060,-3.54485,-15.39377,0.55347,
1671607635000101376,-23.69791,-92.10327,5.89311,0.97417,0.14269,0.13540,0.11088,-3.64522,-15.55717,0.56845,
1671607635099962880,-25.45213,-93.02205,5.98791,0.97552,0.13851,0.12921,0.11168,-4.61846,-15.30558,0.59956,
1671607635199801088,-24.55512,-95.14799,6.03250,0.97359,0.13964,0.14237,0.11114,-3.75487,-15.86163,0.57663,
1671607635299886336,-25.03214,-96.77204,6.09717,0.97290,0.13663,0.14879,0.11252,-3.83258,-16.06841,0.58482,
1671607635399976960,-25.13913,-98.50038,6.15356,0.97264,0.13625,0.15054,0.11285,-3.66002,-16.33054,0.60568,
1671607635499804928,-25.73885,-100.07470,6.22702,0.97403,0.13326,0.14334,0.11383,-3.82595,-16.46295,0.62840,
1671607635599883008,-25.76890,-101.85661,6.28971,0.97509,0.13432,0.13640,0.11206,-3.60939,-16.74329,0.63551,
1671607635699969024,-24.44783,-104.07104,6.31146,0.97483,0.14011,0.13441,0.10957,-2.48354,-17.29170,0.59391,
1671607635799804928,-26.03055,-105.47652,6.40807,0.97576,0.13920,0.12810,0.11001,-3.37192,-17.25820,0.60518,
1671607635899886080,-26.06643,-107.29502,6.46997,0.97590,0.14021,0.12600,0.10994,-3.21183,-17.50001,0.59385,
1671607636000086016,-26.38434,-109.06718,6.53615,0.97584,0.13810,0.12770,0.11120,-3.25255,-17.67889,0.57977,
1671607636099942912,-27.03261,-110.74772,6.61179,0.97586,0.13548,0.12807,0.11379,-3.50429,-17.78701,0.56955,
1671607636199791104,-23.91976,-113.29281,6.59776,0.97316,0.13992,0.14343,0.11318,-1.31689,-18.45211,0.50646,
1671607636299877120,-27.80682,-114.33382,6.74232,0.97443,0.13820,0.13317,0.11686,-3.62916,-18.12180,0.54495,
1671607636399979008,-27.57531,-116.32489,6.78486,0.97316,0.14351,0.13634,0.11738,-3.28197,-18.41037,0.52013,
1671607636499815936,-28.26113,-118.08350,6.85905,0.97298,0.14532,0.13499,0.11820,-3.53987,-18.53075,0.51938,
1671607636599911936,-27.37303,-120.28801,6.88322,0.97237,0.14710,0.13840,0.11707,-2.66350,-18.97590,0.49556,
1671607636699993088,-28.82789,-121.89654,6.97166,0.97354,0.14454,0.13257,0.11724,-3.57088,-18.94900,0.52015,
1671607636799824896,-28.70763,-123.93524,7.01494,0.97355,0.14540,0.13280,0.11588,-3.19844,-19.27569,0.51983,
1671607636899909376,-28.86147,-125.92286,7.06679,0.97428,0.14496,0.12966,0.11383,-3.05917,-19.53212,0.52905,
1671607637000122368,-26.43362,-128.35744,7.08295,0.97282,0.14832,0.13862,0.11141,-0.65889,-20.15676,0.50133,
1671607637099944960,-28.85440,-129.98690,7.17530,0.97487,0.14227,0.12770,0.11434,-2.91214,-19.97605,0.52962,
1671607637199800320,-28.85006,-132.06849,7.22088,0.97486,0.14140,0.12893,0.11417,-2.63243,-20.28346,0.51068,
1671607637299886336,-28.86444,-134.16269,7.27157,0.97516,0.13990,0.12867,0.11372,-2.38799,-20.55235,0.50009,
1671607637399951872,-28.30390,-136.35800,7.31295,0.97476,0.13839,0.13309,0.11394,-1.56929,-20.89395,0.47791,
1671607637499794944,-29.31028,-138.31315,7.37789,0.97538,0.13483,0.13008,0.11634,-2.46621,-20.94895,0.48281,
1671607637599884032,-30.07634,-140.32002,7.43907,0.97545,0.13284,0.12971,0.11847,-3.02927,-21.04783,0.48807,
1671607637699985152,-31.56371,-142.14366,7.53014,0.97618,0.12974,0.12511,0.12080,-4.28878,-20.93628,0.50979,
1671607637799827200,-33.25961,-143.81903,7.63739,0.97723,0.12589,0.11936,0.12216,-5.65885,-20.68847,0.55031,
1671607637899910912,-32.48739,-146.32091,7.64475,0.97627,0.13023,0.12417,0.12052,-4.29940,-21.34365,0.47955,
1671607638000123136,-32.00701,-148.72304,7.66235,0.97547,0.13281,0.12896,0.11915,-3.38666,-21.81615,0.43002,
1671607638099981056,-32.51986,-150.88591,7.71259,0.97524,0.13462,0.12862,0.11930,-3.59205,-22.00847,0.41891,
1671607638199823104,-34.38523,-152.67929,7.80781,0.97649,0.12855,0.12264,0.12205,-5.20142,-21.78223,0.45420,
1671607638299936000,-33.89513,-155.15939,7.82328,0.97625,0.12625,0.12609,0.12288,-4.18376,-22.29978,0.41189,
1671607638399777280,-33.85552,-157.51846,7.85193,0.97596,0.12300,0.12969,0.12472,-3.73006,-22.63492,0.38958,
1671607638499994368,-33.07240,-160.02654,7.86273,0.97468,0.12730,0.13648,0.12317,-2.54568,-23.08711,0.33089,
1671607638599834112,-32.01227,-162.50249,7.87618,0.97329,0.12731,0.14547,0.12382,-1.19676,-23.44317,0.29630,
1671607638699930112,-31.85762,-164.86205,7.90922,0.97249,0.12614,0.14925,0.12680,-0.91109,-23.62824,0.28400,
1671607638799884032,-31.85039,-167.23958,7.94301,0.97124,0.12822,0.15364,0.12901,-0.81200,-23.82168,0.28281,
1671607638899986944,-32.11239,-169.62116,7.97588,0.97077,0.13212,0.15219,0.13038,-0.98959,-24.00088,0.28248,
1671607639000066048,-32.63364,-172.02076,8.01578,0.97077,0.13480,0.14916,0.13106,-1.42016,-24.19316,0.28821,
1671607639099916288,-33.22911,-174.42132,8.05873,0.97188,0.14028,0.13614,0.13130,-1.90287,-24.40024,0.31799,
1671607639199891968,-33.69069,-176.66925,8.12405,0.97370,0.14369,0.11960,0.13023,-2.19931,-24.41178,0.34958,
1671607639299993344,-34.08738,-178.71356,8.22768,0.97544,0.14720,0.10096,0.12908,-2.43547,-24.22508,0.40409,
1671607639399823104,-34.45596,-180.78817,8.33672,0.97710,0.14867,0.08178,0.12838,-2.65119,-24.10588,0.46436,
1671607639499912960,-34.82544,-183.06330,8.41681,0.97904,0.14927,0.06065,0.12462,-2.88910,-24.21623,0.47520,
1671607639599991040,-35.16815,-185.70994,8.44072,0.98081,0.14768,0.04098,0.12050,-3.11248,-24.71408,0.45011,
1671607639699831296,-35.54764,-188.23005,8.48800,0.98185,0.14697,0.02873,0.11635,-3.34967,-25.04354,0.42563,
1671607639799915008,-35.91554,-190.99372,8.49949,0.98208,0.14777,0.02405,0.11444,-3.58004,-25.57157,0.36279,
1671607639899884288,-36.28717,-193.73339,8.51682,0.98228,0.14832,0.01427,0.11371,-3.80757,-26.04907,0.35456,
1671607640000107008,-36.66159,-196.51346,8.53579,0.98258,0.14905,0.00690,0.11081,-3.99383,-26.52362,0.34432,
1671607640099971328,-37.08003,-199.12210,8.58076,0.98362,0.14528,0.00259,0.10665,-4.20385,-26.75487,0.32673,
1671607640199821312,-37.49565,-201.87809,8.60907,0.98509,0.13705,0.00111,0.10398,-4.39901,-27.09328,0.28052,
1671607640299922944,-37.95270,-204.58302,8.64123,0.98597,0.13215,-0.00099,0.10200,-4.61814,-27.34156,0.22308,
1671607640399889920,-38.45311,-207.20074,8.68427,0.98545,0.13747,-0.01003,0.09948,-4.87488,-27.50962,0.18781,
1671607640499988992,-38.93607,-210.03926,8.69580,0.98475,0.14169,-0.02177,0.09854,-5.07138,-27.84883,0.12836,
1671607640599833344,-39.45122,-212.85664,8.70567,0.98639,0.12629,-0.02633,0.10196,-5.27809,-28.10334,0.05841,
1671607640699923968,-39.98849,-215.69805,8.71139,0.98906,0.09732,-0.01934,0.10912,-5.46763,-28.32736,0.01933,
1671607640799887104,-40.56038,-218.48397,8.72618,0.98987,0.08058,0.00045,0.11686,-5.65818,-28.51700,0.00997,
1671607640899982336,-41.12857,-221.38021,8.72473,0.98849,0.08055,0.02654,0.12530,-5.77411,-28.75683,-0.05119,
1671607641000046336,-41.70191,-224.32140,8.71450,0.98542,0.08472,0.06177,0.13399,-5.84338,-28.99696,-0.11628,
1671607641099897088,-42.28257,-227.27073,8.70079,0.98175,0.08931,0.08839,0.14276,-5.88595,-29.24061,-0.16197,
1671607641199992064,-42.86905,-230.22109,8.68607,0.97801,0.09817,0.10561,0.15069,-5.89655,-29.45269,-0.20339,
1671607641299856896,-43.45595,-233.17082,8.66849,0.97470,0.10725,0.11783,0.15675,-5.85171,-29.65062,-0.24802,
1671607641399949056,-44.02660,-236.20690,8.64038,0.97135,0.11867,0.12971,0.15990,-5.78867,-29.92386,-0.29209,
1671607641499786240,-44.58762,-239.28294,8.60607,0.96891,0.13547,0.13420,0.15762,-5.72171,-30.24165,-0.33796,
1671607641599987968,-45.16454,-242.30280,8.57777,0.96651,0.15115,0.13988,0.15310,-5.65133,-30.48120,-0.36826,
1671607641699808000,-45.72518,-245.36867,8.54402,0.96555,0.16246,0.13845,0.14884,-5.60004,-30.77955,-0.38337,
1671607641799893248,-46.27861,-248.49757,8.50804,0.96622,0.17711,0.12299,0.14113,-5.56027,-31.14632,-0.37654,
1671607641899975168,-46.81972,-251.70466,8.46533,0.96582,0.19759,0.10518,0.13073,-5.51521,-31.54389,-0.43344,
1671607642000065024,-47.37822,-254.85774,8.43054,0.96417,0.21717,0.09256,0.12105,-5.51340,-31.91248,-0.48207,
1671607642099923200,-47.93383,-258.06883,8.38264,0.96341,0.23121,0.07958,0.10977,-5.53196,-32.32415,-0.53650,
1671607642199897344,-48.47112,-261.37930,8.32920,0.96336,0.24012,0.06852,0.09793,-5.56142,-32.78426,-0.58199,
1671607642299984896,-48.97766,-264.90632,8.25098,0.96176,0.25587,0.05562,0.08029,-5.59972,-33.37947,-0.67852,
1671607642399826176,-49.53294,-268.35419,8.17163,0.95871,0.27531,0.04150,0.05792,-5.69674,-33.89998,-0.77070,
1671607642499929088,-50.10820,-271.80172,8.09133,0.95903,0.28037,0.02486,0.03210,-5.83523,-34.38440,-0.84615,
1671607642599892992,-50.70016,-275.26022,8.01579,0.96096,0.27654,0.00914,0.00217,-6.01103,-34.86021,-0.91763,
1671607642699975936,-51.29622,-278.82348,7.91988,0.96173,0.27243,-0.00040,-0.02913,-6.20062,-35.34420,-1.00518,
1671607642799824896,-51.88289,-282.50853,7.81052,0.96131,0.26849,-0.00756,-0.06114,-6.41953,-35.83684,-1.08263,
1671607642899898368,-52.51825,-286.21025,7.69706,0.95948,0.26508,-0.01243,-0.09474,-6.68728,-36.29672,-1.16911,
1671607643000119296,-53.18997,-289.93314,7.58112,0.95359,0.27102,-0.01393,-0.13043,-6.98820,-36.73834,-1.26448,
1671607643099962880,-53.86613,-293.73385,7.44925,0.94689,0.27744,-0.00905,-0.16228,-7.27809,-37.16943,-1.35044,
1671607643199810304,-54.55061,-297.62950,7.30092,0.94008,0.28205,0.00270,-0.19156,-7.55931,-37.62627,-1.43106,
1671607643299899136,-55.30449,-301.51208,7.15610,0.93455,0.28031,0.02121,-0.21817,-7.83805,-38.05214,-1.49744,
1671607643399989248,-56.10182,-305.37991,7.01086,0.92802,0.27705,0.03917,-0.24594,-8.11618,-38.46481,-1.55213,
1671607643499828224,-56.86298,-309.36412,6.85274,0.91985,0.27649,0.05939,-0.27184,-8.33109,-38.90435,-1.59626,
1671607643599904000,-57.66372,-313.41119,6.70017,0.91052,0.27693,0.07700,-0.29720,-8.55139,-39.34899,-1.60350,
1671607643699985920,-58.52917,-317.43547,6.55246,0.89995,0.27891,0.09204,-0.32222,-8.74602,-39.78110,-1.60158,
1671607643799813888,-59.33501,-321.56594,6.39232,0.88951,0.27753,0.10913,-0.34618,-8.88299,-40.22368,-1.60291,
1671607643899910912,-60.16073,-325.78354,6.23593,0.87827,0.27579,0.11852,-0.37220,-9.03853,-40.66653,-1.58988,
1671607644000001280,-61.05856,-329.99581,6.08544,0.86646,0.27438,0.11815,-0.40001,-9.20894,-41.07562,-1.58405,
1671607644099975168,-61.94573,-334.24526,5.93354,0.85463,0.27215,0.11349,-0.42739,-9.37194,-41.45378,-1.58673,
1671607644199822080,-62.83626,-338.53236,5.78508,0.84296,0.26762,0.10048,-0.45574,-9.56291,-41.80859,-1.56911,
1671607644299910144,-63.78775,-342.82955,5.64264,0.83015,0.26149,0.08218,-0.48551,-9.78107,-42.12031,-1.54872,
1671607644399991040,-64.73481,-347.17964,5.50441,0.81531,0.25619,0.06668,-0.51497,-10.01891,-42.41173,-1.52896,
1671607644499827200,-65.71391,-351.51630,5.36607,0.79858,0.24974,0.05377,-0.54499,-10.28040,-42.64579,-1.48519,
1671607644599904000,-66.71262,-355.91117,5.24139,0.77942,0.24399,0.04326,-0.57541,-10.56534,-42.84696,-1.42228,
1671607644699985152,-67.74115,-360.31964,5.11749,0.75883,0.23897,0.03610,-0.60479,-10.83706,-43.00239,-1.35674,
1671607644799830272,-68.75629,-364.74225,5.00300,0.73862,0.23058,0.03633,-0.63242,-11.06206,-43.12168,-1.28363,
1671607644899910912,-69.87098,-369.11995,4.89839,0.71908,0.21701,0.04002,-0.65896,-11.30335,-43.20239,-1.22043,
1671607645000095232,-71.01785,-373.48549,4.80774,0.69852,0.20400,0.04745,-0.68425,-11.52289,-43.26553,-1.16386,
1671607645099952128,-72.10980,-377.88268,4.72177,0.67631,0.19993,0.06105,-0.70633,-11.69624,-43.32371,-1.16716,
1671607645199783168,-73.21142,-382.29729,4.63472,0.65299,0.20286,0.07765,-0.72555,-11.84495,-43.38373,-1.17058,
1671607645299992064,-74.37698,-386.71748,4.54760,0.62996,0.20343,0.09566,-0.74338,-11.97404,-43.44791,-1.16185,
1671607645399816960,-75.54949,-391.12371,4.46897,0.61278,0.17692,0.10284,-0.76330,-12.05153,-43.46811,-1.04686,
1671607645499909120,-76.68351,-395.56939,4.39800,0.59545,0.15086,0.10234,-0.78244,-12.11579,-43.52702,-1.02569,
1671607645599997952,-77.84258,-400.01018,4.32830,0.57777,0.13733,0.10158,-0.79813,-12.14258,-43.54848,-1.03325,
1671607645699836928,-79.04949,-404.41624,4.25858,0.55778,0.13639,0.09988,-0.81259,-12.17476,-43.54809,-1.01780,
1671607645799922944,-80.19600,-408.85840,4.19611,0.53843,0.13991,0.10248,-0.82463,-12.17132,-43.56500,-0.96676,
1671607645899888896,-81.30968,-413.31222,4.14153,0.52271,0.13983,0.11122,-0.83358,-12.15025,-43.61050,-0.91246,
1671607646000105984,-82.50240,-417.74773,4.09094,0.50911,0.13407,0.12240,-0.84134,-12.13635,-43.64348,-0.83586,
1671607646099962112,-83.59969,-422.20280,4.05377,-0.49728,-0.12574,-0.13440,0.84784,-12.08076,-43.71025,-0.78502,
1671607646199791104,-84.75986,-426.63555,4.01966,-0.48611,-0.11746,-0.14589,0.85359,-12.02046,-43.76319,-0.73446,
1671607646299997952,-85.90225,-431.09197,3.99281,-0.47730,-0.11085,-0.15801,0.85728,-11.93075,-43.84317,-0.69601,
1671607646399836160,-87.02285,-435.53976,3.97237,-0.46900,-0.10717,-0.16700,0.86062,-11.81799,-43.92423,-0.65632,
1671607646499921152,-88.16037,-439.99338,3.95515,-0.46157,-0.10551,-0.17477,0.86330,-11.69274,-44.03647,-0.63779,
1671607646599892224,-89.20325,-444.47859,3.94664,-0.45592,-0.10279,-0.18202,0.86512,-11.52712,-44.15283,-0.60159,
1671607646699964160,-90.29340,-448.95443,3.93880,-0.45171,-0.10068,-0.18996,0.86587,-11.36072,-44.28779,-0.59783,
1671607646799801088,-91.29056,-453.45403,3.93825,-0.44963,-0.09890,-0.19712,0.86556,-11.16017,-44.42322,-0.58287,
1671607646899997952,-92.28331,-457.97643,3.93992,-0.44867,-0.09619,-0.20623,0.86424,-10.96078,-44.58489,-0.58420,
1671607647000082944,-93.35331,-462.46960,3.93951,-0.44833,-0.09236,-0.21543,0.86259,-10.75022,-44.73532,-0.57745,
1671607647099937280,-94.26972,-467.00532,3.94768,-0.44891,-0.08695,-0.22360,0.86077,-10.51078,-44.91280,-0.58860,
1671607647199890176,-95.18533,-471.55119,3.95602,-0.45108,-0.08507,-0.22922,0.85834,-10.26010,-45.08243,-0.59073,
1671607647299982080,-96.07813,-476.11304,3.96672,-0.45418,-0.08333,-0.22395,0.85827,-10.00619,-45.24128,-0.58556,
1671607647399826944,-96.97844,-480.65667,3.98290,-0.46313,-0.06596,-0.20248,0.86033,-9.71288,-45.33161,-0.51607,
1671607647499928320,-97.83500,-485.21620,4.00677,-0.47120,-0.04335,-0.17612,0.86318,-9.43656,-45.40174,-0.50353,
1671607647599777280,-98.61116,-489.77669,4.03359,-0.47705,-0.02435,-0.16260,0.86336,-9.14746,-45.41919,-0.51793,
1671607647699876352,-99.41665,-494.32216,4.05977,-0.48135,-0.01289,-0.16143,0.86144,-8.86382,-45.41804,-0.53000,
1671607647799962368,-100.12900,-498.88060,4.09055,-0.48390,-0.01597,-0.17366,0.85757,-8.56507,-45.42384,-0.54720,
1671607647899806976,-100.85045,-503.40852,4.12133,-0.48336,-0.03277,-0.19123,0.85365,-8.28141,-45.43385,-0.57205,
1671607648000015872,-101.49957,-507.96319,4.15413,-0.48106,-0.05236,-0.20675,0.85035,-7.97857,-45.46792,-0.57989,
1671607648099983104,-102.11777,-512.50499,4.18848,-0.47896,-0.06741,-0.21501,0.84842,-7.68812,-45.53541,-0.59506,
1671607648199822080,-102.69790,-517.04549,4.22475,-0.47822,-0.07937,-0.21645,0.84744,-7.40887,-45.63001,-0.59663,
1671607648299934208,-103.25753,-521.60054,4.26445,-0.47848,-0.08872,-0.21634,0.84639,-7.13442,-45.76401,-0.58159,
1671607648399788032,-103.80108,-526.14448,4.30897,-0.47839,-0.09960,-0.21863,0.84465,-6.88898,-45.89669,-0.56651,
1671607648499875072,-104.27813,-530.71894,4.35706,-0.47616,-0.11135,-0.22360,0.84314,-6.66075,-46.04572,-0.56635,
1671607648599956992,-104.71186,-535.31034,4.40748,-0.47365,-0.12098,-0.22936,0.84167,-6.43506,-46.20994,-0.55630,
1671607648699798016,-105.16450,-539.88661,4.46301,-0.47251,-0.12721,-0.23561,0.83967,-6.22431,-46.39097,-0.53835,
1671607648799884032,-105.53751,-544.50516,4.52183,-0.47235,-0.13314,-0.24070,0.83739,-6.01292,-46.58438,-0.52322,
1671607648899980032,-105.89806,-549.13612,4.58468,-0.47076,-0.13589,-0.24584,0.83635,-5.80570,-46.78828,-0.50807,
1671607649000074240,-106.30422,-553.75426,4.65553,-0.46872,-0.14064,-0.25008,0.83545,-5.61048,-46.99276,-0.48998,
1671607649099929088,-106.58370,-558.40653,4.72810,-0.46780,-0.14595,-0.25386,0.83391,-5.39954,-47.21476,-0.47904,
1671607649199891200,-106.90964,-563.05535,4.80823,-0.46825,-0.14745,-0.25311,0.83363,-5.18847,-47.42744,-0.43243,
1671607649299982080,-107.11803,-567.75545,4.89198,-0.47098,-0.13893,-0.24874,0.83487,-4.96474,-47.63946,-0.39936,
1671607649399820032,-107.37724,-572.43111,4.98686,-0.47671,-0.12209,-0.24167,0.83632,-4.73244,-47.82297,-0.35356,
1671607649499922944,-107.53522,-577.15450,5.08404,-0.48144,-0.10769,-0.23496,0.83751,-4.48670,-47.98637,-0.32849,
1671607649599777280,-107.70928,-581.85979,5.18723,-0.48416,-0.10030,-0.23202,0.83767,-4.23050,-48.11362,-0.32124,
1671607649699994368,-107.83999,-586.58908,5.29373,-0.48552,-0.09860,-0.23055,0.83750,-3.97185,-48.23201,-0.31928,
1671607649799834880,-107.90048,-591.31877,5.40263,-0.48489,-0.10034,-0.23121,0.83747,-3.69898,-48.34470,-0.29148,
1671607649899917056,-107.92082,-596.07413,5.51376,-0.48393,-0.10331,-0.23481,0.83666,-3.43225,-48.47113,-0.27849,
1671607650000015360,-107.95894,-600.81864,5.63400,-0.48348,-0.10681,-0.23783,0.83563,-3.15667,-48.59327,-0.25729,
1671607650099975168,-107.91276,-605.57688,5.75424,-0.48454,-0.10837,-0.23824,0.83470,-2.88820,-48.70092,-0.25738,
1671607650199804160,-107.83908,-610.33459,5.87681,-0.48548,-0.10696,-0.23507,0.83523,-2.60863,-48.80691,-0.22336,
1671607650299886336,-107.73436,-615.10624,6.00797,-0.49187,-0.08941,-0.22462,0.83643,-2.29796,-48.88967,-0.19006,
1671607650399968256,-107.59710,-619.87508,6.14622,-0.49833,-0.07149,-0.21507,0.83684,-1.99934,-48.96370,-0.16740,
1671607650499824896,-107.42585,-624.63057,6.28909,-0.49990,-0.07434,-0.21981,0.83442,-1.71053,-49.04564,-0.15901,
1671607650599910912,-107.17553,-629.41204,6.42907,0.50017,0.08401,0.23123,-0.83025,-1.39134,-49.10016,-0.18746,
1671607650699876352,-106.90653,-634.18229,6.57007,0.50082,0.09277,0.23676,-0.82736,-1.06714,-49.16026,-0.21243,
1671607650799981056,-106.57343,-638.96952,6.70885,0.50080,0.10139,0.23575,-0.82664,-0.75525,-49.21238,-0.20560,
1671607650899830016,-106.18789,-643.75480,6.84572,0.50036,0.10502,0.23355,-0.82708,-0.43354,-49.26528,-0.22898,
1671607651000026880,-105.85174,-648.51487,6.99977,0.50055,0.10309,0.22934,-0.82838,-0.12952,-49.28350,-0.20158,
1671607652199875072,0.00119,0.01141,0.00254,0.98499,-0.05433,0.16341,0.01196,-0.01291,-0.02047,0.06774,
1671607652299955968,0.00064,0.01166,0.01665,0.98468,-0.05540,0.16457,0.01566,0.01342,0.00436,0.18934,
1671607652399804160,0.00415,0.02496,0.02754,0.98340,-0.05835,0.17078,0.01882,0.01127,-0.00943,0.21419,
1671607652499888896,0.00539,0.02753,0.04812,0.98228,-0.06185,0.17577,0.01999,0.03954,0.00046,0.24775,
1671607652599982336,0.00922,0.02501,0.07421,0.98206,-0.06082,0.17736,0.02007,0.05691,-0.01447,0.25917,
1671607652699823104,0.01300,0.02646,0.09464,0.98269,-0.05960,0.17446,0.01827,0.06056,-0.01836,0.19190,
1671607652799919104,0.01572,0.02049,0.11455,0.98400,-0.05159,0.16988,0.01475,0.06525,-0.05707,0.18913,
1671607652899881984,0.02041,0.01327,0.13343,0.98549,-0.04592,0.16287,0.01298,0.08185,-0.08376,0.16818,
1671607653000095232,0.01875,0.00898,0.14659,0.98694,-0.04354,0.15471,0.01120,0.05712,-0.10877,0.16153,
1671607653099941888,0.01484,0.00501,0.15394,0.98817,-0.04508,0.14620,0.01084,0.04167,-0.13500,0.14197,
1671607653199894272,0.00251,0.00290,0.15365,0.98899,-0.04773,0.13968,0.01061,-0.01147,-0.14034,0.12106,
1671607653299992064,-0.00845,-0.00317,0.15510,0.98973,-0.04915,0.13380,0.01107,-0.04923,-0.15472,0.10341,
1671607653399821056,-0.01273,-0.01816,0.16995,0.98992,-0.04963,0.13221,0.01104,-0.08477,-0.18632,0.09893,
1671607653499915008,-0.02820,-0.03316,0.17996,0.99042,-0.05059,0.12806,0.01072,-0.13940,-0.20888,0.06942,
1671607653599993344,-0.04849,-0.05020,0.18237,0.99082,-0.05010,0.12515,0.01010,-0.19388,-0.22585,0.05586,
1671607653699820032,-0.07062,-0.07368,0.18841,0.99142,-0.04672,0.12165,0.01003,-0.23548,-0.25553,0.04851,
1671607653799911936,-0.10068,-0.09230,0.19658,0.99194,-0.04623,0.11755,0.00965,-0.29775,-0.26996,0.06248,
1671607653899878144,-0.13401,-0.12043,0.20059,0.99249,-0.04529,0.11316,0.00983,-0.35379,-0.30278,0.06387,
1671607653999963904,-0.17181,-0.15323,0.20684,0.99289,-0.04299,0.11049,0.01057,-0.42329,-0.34798,0.07002,
1671607654099805952,-0.21409,-0.19462,0.21247,0.99319,-0.04256,0.10799,0.00999,-0.48915,-0.39646,0.06338,
1671607654199898368,-0.27015,-0.23317,0.21993,0.99352,-0.04276,0.10466,0.01135,-0.57624,-0.43538,0.06004,
1671607654299981056,-0.33247,-0.27747,0.22362,0.99385,-0.04302,0.10140,0.01127,-0.65906,-0.47781,0.04521,
1671607654399813888,-0.40413,-0.32425,0.22440,0.99422,-0.04121,0.09846,0.01123,-0.75131,-0.52122,0.04594,
1671607654499904256,-0.48493,-0.37661,0.22679,0.99470,-0.03990,0.09412,0.01104,-0.84658,-0.56101,0.04695,
1671607654599886080,-0.57376,-0.43616,0.23200,0.99502,-0.03922,0.09085,0.01208,-0.95083,-0.60075,0.05434,
1671607654699983104,-0.67425,-0.49846,0.23505,0.99523,-0.03892,0.08849,0.01321,-1.05145,-0.65071,0.04410,
1671607654799819264,-0.78133,-0.57199,0.24154,0.99547,-0.03696,0.08650,0.01403,-1.16165,-0.70445,0.04568,
1671607654899902208,-0.90227,-0.64691,0.24402,0.99583,-0.03531,0.08291,0.01399,-1.26724,-0.75666,0.03180,
1671607654999977984,-1.03377,-0.72734,0.24771,0.99617,-0.03269,0.07977,0.01497,-1.38471,-0.81224,0.02532,
1671607655099817984,-1.17908,-0.80944,0.24583,0.99665,-0.03001,0.07464,0.01454,-1.50885,-0.86346,0.00396,
1671607655199901184,-1.33420,-0.90109,0.24459,0.99663,-0.02805,0.07562,0.01477,-1.61859,-0.92785,-0.02877,
1671607655299983872,-1.50240,-0.99857,0.23076,0.99656,-0.02541,0.07749,0.01497,-1.73688,-1.00268,-0.07665,
1671607655399819008,-1.67638,-1.11600,0.22485,0.99698,-0.02157,0.07331,0.01409,-1.87027,-1.09302,-0.09034,
1671607655499915008,-1.87113,-1.22918,0.20077,0.99743,-0.02010,0.06724,0.01432,-1.99799,-1.17979,-0.11797,
1671607655599889152,-2.07729,-1.35480,0.19008,0.99791,-0.01929,0.05982,0.01509,-2.15728,-1.26414,-0.11544,
1671607655699995904,-2.31302,-1.46581,0.15763,0.99829,-0.02003,0.05278,0.01497,-2.32032,-1.34340,-0.14722,
1671607655799837184,-2.55017,-1.61225,0.14431,0.99846,-0.02283,0.04783,0.01609,-2.50206,-1.43846,-0.16281,
1671607655899929344,-2.81171,-1.75838,0.10058,0.99865,-0.02254,0.04378,0.01663,-2.67319,-1.54196,-0.20724,
1671607655999779328,-3.07359,-1.94958,0.08318,0.99871,-0.02044,0.04365,0.01596,-2.84991,-1.65821,-0.24168,
1671607656099887104,-3.35911,-2.13722,0.01944,0.99874,-0.01827,0.04403,0.01562,-3.01982,-1.78120,-0.30792,
1671607656199973120,-3.64305,-2.38083,-0.00483,0.99874,-0.01472,0.04523,0.01622,-3.18519,-1.93750,-0.32237,
1671607656299801088,-3.92746,-2.66793,-0.06096,0.99883,-0.01269,0.04383,0.01595,-3.32147,-2.11658,-0.35444,
1671607656399898880,-4.23682,-2.95932,-0.09061,0.99890,-0.01438,0.04149,0.01629,-3.47379,-2.27671,-0.37410,
1671607656499998976,-4.55964,-3.26115,-0.15650,0.99898,-0.01245,0.03976,0.01740,-3.61117,-2.44398,-0.42970,
1671607656599852032,-4.90068,-3.57958,-0.19605,0.99911,-0.00654,0.03742,0.01852,-3.77567,-2.60524,-0.44584,
1671607656699930112,-5.26683,-3.88667,-0.27639,0.99923,0.00050,0.03434,0.01871,-3.92601,-2.76169,-0.47738,
1671607656799890944,-5.64169,-4.23293,-0.32127,0.99929,0.00478,0.03192,0.01928,-4.09519,-2.93163,-0.49581,
1671607656899985152,-6.01854,-4.62604,-0.39176,0.99935,0.00989,0.02864,0.01949,-4.24638,-3.15401,-0.53628,
1671607656999834368,-6.41761,-5.03660,-0.44175,0.99932,0.01304,0.02846,0.01965,-4.41867,-3.37592,-0.56284,
1671607657099916288,-6.84909,-5.42441,-0.52287,0.99928,0.01397,0.02888,0.02048,-4.59379,-3.56462,-0.63473,
1671607657199894272,-7.28463,-5.85496,-0.58603,0.99927,0.01583,0.02745,0.02142,-4.77510,-3.77329,-0.68764,
1671607657299983872,-7.70254,-6.36494,-0.67321,0.99929,0.01801,0.02538,0.02127,-4.91094,-4.02838,-0.74961,
1671607657399836160,-8.17232,-6.85405,-0.74751,0.99930,0.02002,0.02280,0.02209,-5.09689,-4.25062,-0.79290,
1671607657499919872,-8.54429,-7.56744,-0.83806,0.99919,0.02657,0.02071,0.02194,-5.18347,-4.64141,-0.83722,
1671607657599889920,-9.07117,-8.11131,-0.92409,0.99912,0.02901,0.01902,0.02349,-5.39886,-4.87171,-0.87096,
1671607657699971072,-9.50288,-8.87630,-1.03491,0.99890,0.03558,0.01940,0.02347,-5.51114,-5.27203,-0.93677,
1671607657799809280,-10.05292,-9.50590,-1.13229,0.99879,0.03938,0.01751,0.02369,-5.72550,-5.53317,-0.99043,
1671607657899905280,-10.58891,-10.19040,-1.25302,0.99866,0.04288,0.01582,0.02429,-5.89995,-5.83033,-1.06265,
1671607657999987968,-11.18186,-10.82901,-1.36298,0.99856,0.04614,0.01402,0.02345,-6.12449,-6.05850,-1.12323,
1671607658099838976,-11.77878,-11.49074,-1.50487,0.99839,0.04986,0.01371,0.02328,-6.32740,-6.31969,-1.20866,
1671607658199927040,-12.41011,-12.16596,-1.62652,0.99820,0.05310,0.01431,0.02404,-6.55614,-6.56242,-1.27111,
1671607658299886336,-13.00420,-12.92056,-1.74689,0.99805,0.05549,0.01445,0.02485,-6.72694,-6.85330,-1.32222,
1671607658399971328,-13.70071,-13.60605,-1.88154,0.99796,0.05714,0.01308,0.02535,-6.97483,-7.08355,-1.36721,
1671607658499823104,-14.28960,-14.50030,-2.01739,0.99768,0.06074,0.01452,0.02716,-7.10702,-7.44026,-1.41960,
1671607658599911936,-15.05314,-15.22696,-2.16756,0.99760,0.06194,0.01363,0.02764,-7.37637,-7.65685,-1.48640,
1671607658699880192,-15.67655,-16.23013,-2.31659,0.99735,0.06566,0.01219,0.02870,-7.51624,-8.06344,-1.56983,
1671607658799945984,-16.50289,-17.00758,-2.48248,0.99735,0.06647,0.00823,0.02832,-7.80950,-8.28123,-1.64853,
1671607658899792896,-17.21954,-17.98211,-2.65170,0.99727,0.06816,0.00704,0.02749,-7.98991,-8.62768,-1.72897,
1671607658999886336,-18.07341,-18.82504,-2.83287,0.99715,0.06968,0.00661,0.02813,-8.27452,-8.86663,-1.81362,
1671607659099982336,-18.83506,-19.82303,-3.01264,0.99687,0.07388,0.00626,0.02749,-8.46223,-9.19978,-1.89603,
1671607659199833088,-19.73752,-20.69603,-3.20891,0.99682,0.07457,0.00527,0.02762,-8.75077,-9.42944,-1.97608,
1671607659299916032,-20.53088,-21.78250,-3.40402,0.99659,0.07765,0.00421,0.02760,-8.93867,-9.80090,-2.05780,
1671607659399994112,-21.46782,-22.76553,-3.61803,0.99648,0.07909,0.00301,0.02764,-9.22843,-10.07598,-2.14575,
1671607659499823104,-22.29786,-23.96188,-3.83259,0.99633,0.08095,0.00336,0.02763,-9.41787,-10.48797,-2.23294,
1671607659599905024,-23.27591,-25.03227,-4.06353,0.99630,0.08102,0.00320,0.02840,-9.70498,-10.78388,-2.32301,
1671607659699995904,-24.17187,-26.27144,-4.29582,0.99614,0.08314,0.00267,0.02800,-9.90671,-11.18316,-2.40830,
1671607659799819264,-25.27811,-27.27885,-4.54967,0.99612,0.08349,-0.00062,0.02786,-10.25115,-11.40225,-2.49625,
1671607659899919360,-26.27751,-28.50944,-4.80317,0.99593,0.08601,-0.00320,0.02681,-10.49202,-11.76819,-2.56639,
1671607659999885056,-27.38507,-29.64456,-5.06631,0.99600,0.08499,-0.00268,0.02740,-10.79846,-12.04505,-2.64299,
1671607660099977984,-28.42037,-30.96665,-5.33379,0.99592,0.08587,-0.00227,0.02770,-11.03222,-12.43078,-2.72997,
1671607660199823104,-29.58660,-32.16698,-5.61583,0.99593,0.08575,-0.00332,0.02765,-11.35002,-12.70642,-2.82523,
1671607660299910912,-30.62719,-33.63059,-5.89919,0.99576,0.08730,-0.00438,0.02850,-11.55520,-13.14361,-2.92243,
1671607660399878912,-31.91452,-34.80876,-6.20563,0.99562,0.08898,-0.00712,0.02776,-11.91939,-13.36334,-3.02983,
1671607660499962368,-33.08397,-36.22318,-6.51423,0.99535,0.09177,-0.01027,0.02746,-12.17778,-13.72459,-3.14031,
1671607660599813120,-34.35430,-37.56602,-6.83649,0.99522,0.09299,-0.01292,0.02700,-12.49616,-14.01961,-3.25327,
1671607660699892992,-35.59805,-39.00592,-7.16693,0.99508,0.09441,-0.01424,0.02647,-12.76694,-14.36559,-3.37896,
1671607660799976192,-36.88283,-40.46839,-7.51103,0.99497,0.09535,-0.01528,0.02658,-13.06467,-14.70976,-3.50073,
1671607660899821056,-38.12201,-42.06908,-7.86482,0.99486,0.09642,-0.01638,0.02610,-13.30477,-15.12659,-3.63326,
1671607660999890176,-39.53227,-43.52037,-8.23852,0.99487,0.09594,-0.01804,0.02671,-13.65308,-15.41497,-3.75850,
1671607661099886080,-40.86374,-45.15113,-8.61933,0.99462,0.09829,-0.02036,0.02557,-13.92047,-15.80834,-3.88857,
1671607661199985920,-42.34668,-46.65849,-9.01868,0.99449,0.09900,-0.02299,0.02569,-14.28134,-16.09799,-4.00995,
1671607661299835904,-43.77167,-48.30202,-9.42418,0.99446,0.09880,-0.02535,0.02538,-14.58018,-16.45841,-4.13527,
1671607661399928064,-45.19471,-50.04169,-9.84152,0.99437,0.09908,-0.02658,0.02670,-14.86495,-16.86110,-4.25147,
1671607661499887104,-46.77156,-51.64509,-10.27576,0.99425,0.09916,-0.03015,0.02686,-15.23585,-17.15275,-4.38252,
1671607661599977984,-48.27846,-53.41534,-10.71783,0.99402,0.10068,-0.03189,0.02784,-15.54509,-17.53395,-4.49684,
1671607661699809024,-49.87968,-55.14565,-11.17429,0.99383,0.10192,-0.03311,0.02854,-15.89359,-17.87103,-4.62058,
1671607661799910144,-51.47729,-56.96093,-11.64177,0.99370,0.10290,-0.03314,0.02960,-16.22700,-18.23746,-4.73793,
1671607661899889920,-53.11420,-58.80623,-12.12201,0.99344,0.10513,-0.03464,0.02871,-16.55550,-18.60581,-4.87326,
1671607662000102912,-54.68290,-60.81345,-12.61138,0.99315,0.10790,-0.03410,0.02910,-16.82286,-19.06248,-5.01032,
1671607662099936000,-56.48474,-62.61448,-13.12354,0.99292,0.10890,-0.03730,0.02937,-17.23373,-19.35746,-5.15762,
1671607662199783936,-58.14434,-64.64953,-13.64104,0.99257,0.11187,-0.03776,0.02933,-17.52702,-19.79375,-5.30080,
1671607662299991040,-59.97040,-66.59809,-14.18284,0.99249,0.11193,-0.03930,0.02994,-17.90113,-20.13466,-5.45886,
1671607662399827968,-61.74348,-68.64433,-14.73124,0.99216,0.11455,-0.03981,0.03008,-18.22918,-20.52831,-5.60948,
1671607662499905024,-63.59946,-70.71254,-15.30235,0.99194,0.11559,-0.04209,0.03032,-18.58315,-20.90760,-5.77508,
1671607662599980032,-65.38900,-72.87227,-15.87635,0.99161,0.11794,-0.04350,0.03022,-18.88142,-21.33690,-5.92101,
1671607662699815936,-67.37572,-74.93884,-16.47959,0.99146,0.11771,-0.04713,0.03042,-19.29254,-21.67313,-6.08647,
1671607662799901952,-69.32146,-77.09382,-17.09099,0.99132,0.11805,-0.04908,0.03067,-19.65566,-22.05278,-6.24734,
1671607662899981312,-71.26980,-79.35517,-17.72075,0.99103,0.11968,-0.05127,0.02997,-19.99543,-22.46468,-6.42183,
1671607662999821312,-73.23430,-81.62681,-18.35954,0.99065,0.12240,-0.05184,0.03072,-20.33542,-22.87358,-6.58333,
1671607663099910912,-75.17261,-84.12186,-19.02975,0.99000,0.12687,-0.05379,0.03033,-20.63115,-23.39850,-6.76282,
1671607663199988992,-77.26619,-86.46651,-19.71330,0.98985,0.12745,-0.05477,0.03077,-21.01149,-23.79712,-6.93783,
1671607663299825920,-79.33961,-88.91519,-20.41325,0.98954,0.12905,-0.05658,0.03094,-21.34918,-24.26037,-7.12532,
1671607663399912960,-81.59158,-91.26204,-21.13915,0.98927,0.13030,-0.05865,0.03036,-21.79398,-24.60948,-7.30726,
1671607663499893248,-83.76985,-93.75862,-21.87746,0.98915,0.13044,-0.06020,0.03065,-22.15449,-25.04035,-7.50035,
1671607663599984896,-85.92895,-96.36540,-22.63324,0.98866,0.13289,-0.06251,0.03124,-22.48942,-25.52666,-7.68430,
1671607663699824384,-88.20004,-98.92347,-23.40801,0.98840,0.13368,-0.06533,0.03059,-22.87603,-25.94992,-7.88132,
1671607663799903232,-90.49562,-101.52799,-24.20015,0.98807,0.13478,-0.06806,0.03019,-23.26837,-26.38111,-8.06719,
1671607663899992320,-92.80229,-104.24593,-25.01437,0.98774,0.13572,-0.07074,0.03068,-23.62258,-26.87957,-8.25078,
1671607663999824128,-95.15499,-107.00569,-25.85038,0.98756,0.13682,-0.07058,0.03205,-24.00110,-27.36535,-8.44636,
1671607664099934208,-97.59858,-109.74966,-26.70677,0.98713,0.13922,-0.07181,0.03224,-24.42255,-27.79045,-8.65701,
1671607664199898880,-100.06472,-112.54161,-27.58116,0.98643,0.14353,-0.07291,0.03220,-24.84315,-28.22344,-8.86168,
1671607664299987200,-102.56561,-115.38520,-28.47558,0.98583,0.14643,-0.07500,0.03287,-25.24189,-28.66755,-9.07215,
1671607664399826176,-105.08134,-118.29837,-29.39043,0.98551,0.14805,-0.07570,0.03358,-25.62831,-29.15362,-9.29300,
1671607664499911168,-107.69467,-121.20194,-30.33010,0.98530,0.14869,-0.07752,0.03271,-26.06541,-29.57014,-9.52091,
1671607664599879936,-110.32722,-124.16493,-31.29089,0.98509,0.14962,-0.07821,0.03314,-26.48857,-30.01283,-9.74904,
1671607664699965952,-113.00802,-127.17652,-32.27618,0.98463,0.15170,-0.08028,0.03238,-26.91039,-30.45993,-9.98007,
1671607665899986944,-0.01032,-0.04336,-0.05583,0.98792,-0.04161,0.14896,-0.00990,0.11503,-0.03149,-0.00831,
1671607666000066048,0.01070,-0.06159,-0.02274,0.99287,-0.02596,0.11546,-0.01398,-0.14929,-0.15485,0.02604,
1671607666099916288,-0.00584,-0.07504,-0.02934,0.99482,-0.01687,0.09906,-0.01510,-0.21184,-0.21453,0.03523,
1671607666199880192,-0.03998,-0.10266,-0.03702,0.99687,-0.00938,0.07671,-0.01695,-0.34097,-0.29291,0.05736,
1671607666299959296,-0.11672,-0.16105,-0.05401,0.99871,-0.00108,0.04763,-0.01759,-0.57645,-0.42054,0.05428,
1671607666399897088,-0.21883,-0.23557,-0.05795,0.99951,0.00864,0.02399,-0.01843,-0.84420,-0.55929,0.06151,
1671607666499968000,-0.35777,-0.35207,-0.10269,0.99962,0.01918,0.00348,-0.01970,-1.16086,-0.77001,0.01490,
1671607666599810048,-0.48811,-0.45662,-0.10211,0.99930,0.02936,-0.01024,-0.02062,-1.42854,-0.93986,0.01978,
1671607666699913984,-0.51930,-0.48046,-0.01603,0.99916,0.03149,-0.01492,-0.02163,-1.47332,-0.97320,0.11493,
1671607666799879168,-0.59326,-0.50163,0.02115,0.99896,0.03377,-0.02016,-0.02318,-1.59895,-1.02026,0.14318,
1671607666899972096,-0.73169,-0.57987,0.04345,0.99854,0.03857,-0.02764,-0.02590,-1.80269,-1.13450,0.13552,
1671607667000060160,-0.89416,-0.68270,0.06114,0.99798,0.04628,-0.03350,-0.02774,-2.02469,-1.28135,0.11361,
1671607667099913216,-1.08684,-0.79450,0.07543,0.99725,0.05453,-0.04024,-0.03008,-2.25200,-1.42887,0.08774,
1671607667199998976,-1.31191,-0.92763,0.08220,0.99647,0.06255,-0.04667,-0.03105,-2.49765,-1.59484,0.05735,
1671607667299835904,-1.58224,-1.10673,0.07595,0.99552,0.07192,-0.05287,-0.03130,-2.75849,-1.80706,0.00901,
1671607667399915264,-1.85297,-1.27568,0.06913,0.99470,0.07950,-0.05733,-0.03119,-3.00575,-2.00595,-0.03017,
1671607667499879168,-2.15482,-1.47573,0.05208,0.99361,0.08915,-0.06157,-0.03159,-3.25537,-2.23589,-0.08018,
1671607667599962112,-2.48523,-1.69544,0.02314,0.99247,0.09826,-0.06558,-0.03232,-3.51798,-2.47360,-0.13720,
1671607667699807232,-2.84669,-1.94712,-0.00540,0.99128,0.10688,-0.06918,-0.03405,-3.77632,-2.73149,-0.18617,
1671607667799898112,-3.24632,-2.23780,-0.03352,0.99006,0.11572,-0.07105,-0.03657,-4.05409,-3.02698,-0.23276,
1671607667899995136,-3.66335,-2.55222,-0.06542,0.98876,0.12487,-0.07218,-0.03936,-4.31369,-3.32673,-0.27394,
1671607668000069120,-4.10572,-2.89971,-0.10056,0.98728,0.13457,-0.07345,-0.04214,-4.58059,-3.65025,-0.31902,
1671607668099923968,-4.57396,-3.27515,-0.13964,0.98591,0.14241,-0.07535,-0.04501,-4.84321,-3.97540,-0.35910,
1671607668199891200,-5.06786,-3.69065,-0.18158,0.98463,0.14990,-0.07580,-0.04789,-5.10243,-4.32830,-0.40814,
1671607668299997184,-5.58948,-4.14276,-0.22761,0.98321,0.15800,-0.07638,-0.05010,-5.35850,-4.68798,-0.45521,
1671607668399837952,-6.13759,-4.62906,-0.27864,0.98140,0.16831,-0.07610,-0.05224,-5.61377,-5.07139,-0.50370,
1671607668499933952,-6.71160,-5.15784,-0.33369,0.97990,0.17720,-0.07397,-0.05409,-5.86054,-5.46610,-0.56557,
1671607668599887104,-7.30773,-5.72692,-0.39505,0.97931,0.18377,-0.06493,-0.05446,-6.08149,-5.87293,-0.64552,
1671607668699974912,-7.92777,-6.33814,-0.46469,0.97839,0.19038,-0.05835,-0.05571,-6.32125,-6.29750,-0.72942,
1671607668799822080,-8.56596,-6.99097,-0.54276,0.97684,0.19848,-0.05475,-0.05823,-6.53406,-6.73927,-0.82150,
1671607668899906048,-9.22598,-7.68952,-0.63034,0.97565,0.20521,-0.04865,-0.06027,-6.72752,-7.18904,-0.91906,
1671607669000112384,-9.90692,-8.43379,-0.72804,0.97532,0.20927,-0.03630,-0.06037,-6.89774,-7.64974,-1.01401,
1671607669099960064,-10.59823,-9.22100,-0.83543,0.97543,0.21170,-0.01758,-0.05845,-7.03260,-8.12264,-1.11517,
1671607669199794944,-11.29925,-10.05711,-0.95262,0.97546,0.21331,0.00632,-0.05428,-7.13171,-8.60944,-1.21945,
1671607669299885312,-12.00982,-10.94331,-1.08275,0.97388,0.21749,0.04811,-0.04414,-7.09842,-9.07003,-1.42197,
1671607669399976960,-12.70267,-11.87333,-1.24289,0.96024,0.22744,0.16133,-0.01360,-6.88734,-9.51596,-1.71697,
1671607669499812096,-13.37396,-12.84784,-1.42193,0.93959,0.22602,0.25677,0.01257,-6.67322,-10.02088,-1.84236,
1671607669599905024,-14.01782,-13.88112,-1.61094,0.93160,0.22759,0.28293,0.01672,-6.30092,-10.62591,-1.91644,
1671607669699986944,-14.62158,-14.97486,-1.80784,0.93783,0.23703,0.25356,0.00233,-5.89593,-11.22765,-2.00865,
1671607669799817984,-15.18264,-16.12275,-2.01706,0.94801,0.24858,0.19773,-0.01955,-5.55878,-11.79588,-2.16753,
1671607669899905280,-15.71446,-17.32705,-2.24560,0.95325,0.26423,0.14593,-0.01392,-5.27195,-12.29981,-2.37367,
1671607670000105216,-16.22534,-18.58918,-2.49647,0.95119,0.28473,0.11569,0.02813,-5.05597,-12.85536,-2.60517,
1671607670099952128,-16.70917,-19.89873,-2.76988,0.94434,0.30070,0.10024,0.08804,-4.88052,-13.42156,-2.83055,
1671607670199799040,-17.18098,-21.26784,-3.06548,0.93384,0.30777,0.09118,0.15783,-4.72420,-14.00191,-3.05490,
1671607670299889920,-17.63599,-22.69896,-3.38459,0.91771,0.31076,0.08473,0.23251,-4.54116,-14.60076,-3.28513,
1671607670399978240,-18.07233,-24.19142,-3.72750,0.89384,0.31888,0.07594,0.30594,-4.33347,-15.20480,-3.52512,
1671607670499811072,-18.48556,-25.74117,-4.09386,0.86402,0.33166,0.06061,0.37388,-4.10368,-15.81080,-3.76963,
1671607670599900928,-18.87465,-27.35551,-4.48621,0.82984,0.34595,0.03829,0.43614,-3.85001,-16.42600,-4.02565,
1671607670699996928,-19.23781,-29.03145,-4.90433,0.79458,0.35407,0.01185,0.49309,-3.58812,-17.04175,-4.28766,
1671607670799853056,-19.57366,-30.76516,-5.34833,0.75897,0.35700,-0.01147,0.54441,-3.30603,-17.65970,-4.56412,
1671607670899941120,-19.88093,-32.56458,-5.82141,0.72287,0.35911,-0.02728,0.58971,-3.00618,-18.27583,-4.85028,
1671607671000018176,-20.15894,-34.42521,-6.32307,0.68620,0.36185,-0.03691,0.62995,-2.70226,-18.89074,-5.13936,
1671607671099883008,-20.40358,-36.34269,-6.85297,0.64936,0.36630,-0.04291,0.66506,-2.37950,-19.49229,-5.43233,
1671607671199974912,-20.61718,-38.32398,-7.41316,0.61401,0.37017,-0.04820,0.69544,-2.04561,-20.08414,-5.72768,
1671607671299800064,-20.79550,-40.35823,-8.00159,0.58202,0.37105,-0.05480,0.72151,-1.70081,-20.66052,-6.03041,
1671607671399881984,-20.93958,-42.45436,-8.62127,0.55295,0.37077,-0.06025,0.74374,-1.33109,-21.23014,-6.32810,
1671607671499984896,-21.04493,-44.60839,-9.27079,0.52627,0.36966,-0.06695,0.76283,-0.95448,-21.80345,-6.62226,
1671607671599824896,-21.11195,-46.81219,-9.94774,0.50175,0.36912,-0.07131,0.77905,-0.56555,-22.35838,-6.91512,
1671607671699915264,-21.13979,-49.07662,-10.65523,0.47996,0.36845,-0.07461,0.79266,-0.16593,-22.90968,-7.20501,
1671607671799994880,-21.12656,-51.39584,-11.39163,0.46025,0.36794,-0.07685,0.80429,0.23915,-23.45167,-7.49342,
1671607671899827968,-21.07243,-53.76194,-12.15457,0.44130,0.36837,-0.07631,0.81470,0.65979,-23.97453,-7.77782,
1671607672000026112,-20.97618,-56.18780,-12.94805,0.42511,0.36913,-0.07326,0.82320,1.08980,-24.49053,-8.05735,
1671607672099994112,-20.83527,-58.66024,-13.76785,0.40979,0.37004,-0.07009,0.83080,1.53501,-24.99584,-8.33356,
1671607672199814912,-20.65004,-61.17735,-14.61309,0.39682,0.37107,-0.06712,0.83686,1.99138,-25.48652,-8.60439,
1671607672299895040,-20.41768,-63.74930,-15.48727,0.38558,0.37221,-0.06377,0.84185,2.46135,-25.96565,-8.87280,
1671607672399994112,-20.13797,-66.36891,-16.38830,0.37538,0.37198,-0.06002,0.84683,2.93479,-26.43021,-9.14050,
1671607672499822080,-19.81121,-69.02640,-17.31300,0.36712,0.37101,-0.05664,0.85110,3.41468,-26.88058,-9.40363,
1671607672599910912,-19.43476,-71.73424,-18.26572,0.35903,0.36921,-0.05058,0.85570,3.90547,-27.31565,-9.66113,
1671607672699881984,-19.00921,-74.48057,-19.24179,0.35177,0.36786,-0.04496,0.85960,4.39224,-27.74387,-9.91240,
1671607676299980288,-0.00026,0.09695,-0.20189,0.95968,0.01973,-0.02110,0.27959,-1.18916,0.31513,-0.04015,
1671607679499898112,0.05507,-0.17102,0.06908,0.99592,0.05712,-0.02810,0.06404,0.43682,-0.36718,0.05165,
1671607679599989248,0.09095,-0.11495,-0.02494,0.99394,0.05512,-0.03409,0.08884,0.41197,-0.35238,0.00879,
1671607679699826944,0.07078,-0.09849,0.00736,0.99139,0.05286,-0.03626,0.11415,0.38066,-0.34620,0.04400,
1671607679799901952,0.08025,-0.11759,0.01770,0.98802,0.05412,-0.04026,0.13884,0.36011,-0.40030,0.04399,
1671607679899981312,0.08206,-0.12264,0.00632,0.98497,0.05243,-0.04513,0.15828,0.30530,-0.44216,0.05111,
1671607680000045056,0.06961,-0.14452,0.02156,0.98295,0.04800,-0.04801,0.17090,0.27364,-0.50005,0.08248,
1671607680099892992,0.03988,-0.14871,0.05075,0.98253,0.04535,-0.04560,0.17462,0.25424,-0.53995,0.11479,
1671607680199969024,0.03989,-0.16445,0.05677,0.98467,0.04352,-0.04100,0.16383,0.25689,-0.59559,0.13084,
1671607680299809280,0.01779,-0.13925,0.05648,0.98806,0.04400,-0.03767,0.14280,0.24631,-0.61612,0.13447,
1671607680399910912,0.03088,-0.11626,0.02803,0.99142,0.04863,-0.03410,0.11645,0.26694,-0.64127,0.11966,
1671607680499885056,-0.00794,-0.08869,-0.00552,0.99417,0.05139,-0.03542,0.08791,0.23199,-0.65457,0.09481,
1671607680599979264,0.01802,-0.07758,-0.01162,0.99644,0.05225,-0.03048,0.05876,0.28716,-0.68748,0.04966,
1671607680699821312,0.06003,-0.07257,-0.01660,0.99803,0.05122,-0.01946,0.03044,0.34543,-0.71039,0.00703,
1671607680799911936,0.10313,-0.06789,-0.02148,0.99870,0.05060,-0.00614,0.00288,0.41001,-0.74240,-0.04317,
1671607680899878912,0.13303,-0.04094,-0.00447,0.99859,0.04695,0.00860,-0.02331,0.49434,-0.74998,-0.10825,
1671607681000077312,0.17401,-0.02270,-0.00801,0.99775,0.04253,0.01386,-0.04994,0.56520,-0.76460,-0.18760,
1671607681099937280,0.20056,-0.03287,-0.02655,0.99638,0.03563,0.00578,-0.07694,0.62102,-0.78935,-0.28194,
1671607681199780352,0.24588,-0.09830,-0.06833,0.99392,0.03134,-0.00933,-0.10518,0.67789,-0.85444,-0.40518,
1671607681299976960,0.22056,-0.06018,-0.11520,0.99033,0.02720,-0.02436,-0.13384,0.66626,-0.84670,-0.50138,
1671607681399792896,0.23036,-0.09316,-0.15759,0.98598,0.02570,-0.03250,-0.16161,0.67756,-0.89686,-0.62243,
1671607681499888896,0.26076,0.00068,-0.03586,0.98140,0.02643,-0.03303,-0.18723,0.67579,-0.92069,-0.70105,
1671607681599979264,0.30490,-0.00002,0.03809,0.97638,0.02769,-0.02929,-0.21226,0.68439,-0.97461,-0.77789,
1671607681699814912,0.31499,0.08786,0.19303,0.97042,0.03420,-0.02510,-0.23768,0.68985,-1.00832,-0.82950,
1671607681799903232,0.34493,0.05153,0.19094,0.96354,0.04143,-0.02171,-0.26345,0.69127,-1.08729,-0.90258,
1671607681899975936,0.39505,0.04700,0.30495,0.95622,0.04259,-0.01546,-0.28911,0.72213,-1.16532,-0.97318,
1671607682000053248,0.41715,0.00189,0.24009,0.94833,0.03619,-0.00779,-0.31512,0.73748,-1.24041,-1.07968,
1671607682099923968,0.49352,0.00386,0.35268,0.93971,0.02493,0.00568,-0.34100,0.81242,-1.30731,-1.15333,
1671607682199897344,0.57070,-0.07826,0.32256,0.93028,0.01849,0.02009,-0.36583,0.89256,-1.38783,-1.27046,
1671607682299982080,0.65813,0.01706,0.43763,0.92040,0.01518,0.02741,-0.38973,0.97236,-1.40365,-1.33140,
1671607682399832320,0.84374,0.24352,0.76775,0.91018,0.01353,0.02285,-0.41336,1.06793,-1.40151,-1.34312,
1671607682499912960,0.89014,0.23252,0.77607,0.89929,0.01445,0.01519,-0.43685,1.11402,-1.46871,-1.43387,
1671607682599877120,0.94321,0.25625,0.84151,0.88756,0.01731,0.00482,-0.46034,1.13982,-1.52012,-1.49972,
1671607682699972096,0.98073,0.24802,0.88446,0.87508,0.02040,-0.00337,-0.48354,1.16249,-1.57944,-1.54828,
1671607682799825920,1.01133,0.24365,0.84210,0.86174,0.02102,-0.00964,-0.50682,1.15755,-1.63271,-1.61236,
1671607682899912192,1.07872,0.27043,0.90594,0.84832,0.02240,-0.01463,-0.52881,1.16435,-1.67893,-1.64431,
1671607683000115200,1.09297,0.14733,0.78702,0.83541,0.02078,-0.01457,-0.54904,1.15812,-1.75545,-1.72239,
1671607683099973888,1.09389,0.04580,0.70974,0.82178,0.01581,-0.00618,-0.56956,1.14850,-1.82709,-1.78121,
1671607683199820032,1.11994,-0.12517,0.50285,0.80724,0.01085,0.00203,-0.59012,1.12861,-1.90088,-1.85840,
1671607683299911936,1.15689,-0.18064,0.42389,0.79135,0.00602,0.00406,-0.61132,1.13065,-1.94443,-1.89843,
1671607683399995136,1.22945,-0.20999,0.48607,0.77399,0.00203,0.00307,-0.63319,1.15206,-1.99216,-1.91274,
1671607683499834368,1.21802,-0.21874,0.44595,0.75668,0.00049,0.00203,-0.65378,1.14818,-2.02906,-1.94778,
1671607683599930368,1.34790,-0.20308,0.68624,0.73895,0.00685,0.00467,-0.67371,1.17904,-2.09367,-1.91549,
1671607683699774976,1.48089,-0.06522,0.89938,0.72242,0.01611,0.00435,-0.69126,1.20375,-2.09952,-1.84238,
1671607683799998976,1.50933,-0.16142,0.87002,0.70533,0.01614,0.00543,-0.70867,1.19417,-2.15612,-1.78584,
1671607683899829248,1.55373,-0.22621,0.84941,0.68745,0.01194,0.00495,-0.72612,1.17010,-2.20588,-1.72930,
1671607684000050176,1.65946,-0.23053,0.96567,0.66843,0.00876,0.01000,-0.74365,1.18516,-2.26219,-1.66795,
1671607684099892224,1.79549,-0.31003,1.04711,0.64826,0.00860,0.02198,-0.76106,1.20411,-2.34344,-1.61609,
1671607684199984384,1.82755,-0.50317,0.94805,0.62615,0.00685,0.03074,-0.77907,1.20304,-2.43005,-1.55426,
1671607684299831040,1.86490,-0.62601,0.91742,0.60432,0.00518,0.03341,-0.79602,1.19656,-2.51166,-1.48965,
1671607684399912960,1.93247,-0.71575,0.97689,0.58287,0.00103,0.03297,-0.81189,1.22017,-2.58758,-1.40839,
1671607684499890944,1.97584,-0.70042,1.08485,0.56107,-0.00226,0.03566,-0.82699,1.22219,-2.64989,-1.33758,
1671607684599981056,2.11864,-0.83445,1.15231,0.53926,-0.00173,0.03754,-0.84130,1.24760,-2.72993,-1.26374,
1671607684699807232,2.17782,-0.83822,1.34898,0.51676,-0.00333,0.03644,-0.85535,1.25994,-2.78907,-1.15917,
1671607684799884032,2.15223,-1.03067,1.21697,-0.49409,0.00585,-0.03751,0.86858,1.23631,-2.87142,-1.12161,
1671607684899968256,2.05669,-1.18930,1.39064,-0.46994,0.00667,-0.04144,0.88170,1.19179,-2.97196,-1.05593,
1671607685000039936,2.05480,-1.39206,1.42859,-0.44453,0.00695,-0.04846,0.89443,1.17759,-3.07255,-0.99627,
1671607685099897088,2.11854,-1.59566,1.51369,-0.41875,0.01078,-0.05661,0.90627,1.19541,-3.18671,-0.92816,
1671607685199991296,2.18910,-1.78328,1.61574,-0.39309,0.01538,-0.06252,0.91724,1.20605,-3.29748,-0.86039,
1671607685299824128,2.24608,-1.94379,1.72206,-0.36790,0.01903,-0.06357,0.92750,1.22415,-3.39886,-0.78274,
1671607685399908352,2.29977,-2.06123,1.85784,-0.34450,0.02617,-0.05942,0.93654,1.25894,-3.48192,-0.67215,
1671607685499875072,2.42472,-2.16706,1.96461,-0.32071,0.03436,-0.05027,0.94522,1.31322,-3.54636,-0.58060,
1671607685599956992,2.57528,-2.28380,2.06754,-0.29785,0.03889,-0.04531,0.95274,1.37403,-3.61181,-0.49954,
1671607685699804928,2.81893,-2.71801,2.15698,-0.27513,0.04265,-0.04470,0.95942,1.45701,-3.74382,-0.42421,
1671607685799897088,2.88227,-2.77191,2.42172,-0.25187,0.04251,-0.04571,0.96575,1.47748,-3.79276,-0.34617,
1671607685899985152,2.95098,-3.03031,2.56984,-0.22767,0.03784,-0.04695,0.97187,1.49200,-3.87272,-0.29052,
1671607686000058112,2.86736,-3.03486,2.74841,-0.20254,0.03484,-0.04919,0.97742,1.47746,-3.89836,-0.21857,
1671607686099900928,2.95232,-3.14943,2.83643,-0.17685,0.03459,-0.05094,0.98231,1.49617,-3.93127,-0.16042,
1671607686199995904,3.20377,-3.64019,2.96973,-0.14963,0.03744,-0.05095,0.98672,1.54732,-4.05921,-0.11488,
1671607686299827200,3.19403,-3.69676,3.19731,-0.12113,0.03501,-0.05004,0.99076,1.51242,-4.08527,-0.06039,
1671607686399923200,3.29934,-4.05396,3.30222,-0.09500,0.03619,-0.04808,0.99366,1.54082,-4.17266,0.01019,
1671607686499995904,3.35426,-4.19193,3.45509,-0.06880,0.03925,-0.04778,0.99571,1.54783,-4.21378,0.09082,
1671607686599842048,3.44694,-4.54710,3.56505,-0.04210,0.04342,-0.05353,0.99673,1.57064,-4.31342,0.16752,
1671607686699930880,3.46589,-4.80582,3.75661,-0.01612,0.05032,-0.06105,0.99673,1.58048,-4.40356,0.26512,
1671607686799887104,3.64365,-5.27920,3.87936,0.00991,0.05601,-0.06632,0.99618,1.62465,-4.53317,0.33509,
1671607686899968256,3.55683,-5.55355,4.17428,0.03686,0.05700,-0.06286,0.99571,1.60330,-4.61001,0.42352,
1671607687000050944,3.47014,-5.85679,4.46060,0.06281,0.05635,-0.05483,0.99492,1.59098,-4.69963,0.50549,
1671607687099908096,3.33867,-6.08950,4.78835,0.08903,0.05691,-0.04986,0.99315,1.56799,-4.76443,0.58701,
1671607687199878912,3.19357,-6.35193,5.10726,0.11661,0.05477,-0.05103,0.99035,1.52794,-4.82863,0.65381,
1671607687299966208,3.02561,-6.75380,5.42481,0.14292,0.05064,-0.05015,0.98716,1.48559,-4.89840,0.72277,
1671607687399805184,3.05309,-7.24663,5.96960,0.16708,0.04895,-0.04485,0.98371,1.48545,-4.98860,0.82493,
1671607687499886336,3.36468,-7.85426,6.49212,0.19190,0.05457,-0.04525,0.97885,1.56182,-5.11827,0.93554,
1671607687599966976,3.57549,-8.52697,6.80259,0.21819,0.05703,-0.04925,0.97299,1.58895,-5.22513,0.98320,
1671607687699804928,3.48015,-8.85858,7.34443,0.24530,0.05332,-0.05172,0.96660,1.55748,-5.28099,1.07251,
1671607687799901952,2.88445,-9.56712,7.80670,0.27220,0.05030,-0.05718,0.95922,1.43718,-5.40261,1.16435,
1671607687899985920,2.32428,-10.16456,8.39452,0.29816,0.04842,-0.06352,0.95117,1.32594,-5.51408,1.26726,
1671607688000066048,1.58860,-10.85422,8.84613,0.32452,0.04770,-0.07004,0.94207,1.17650,-5.64819,1.36958,
1671607688099926272,1.07385,-11.72908,9.11554,0.34967,0.04781,-0.07399,0.93272,1.06445,-5.79647,1.43076,
1671607688199887872,0.56244,-12.94792,9.28664,0.37483,0.04613,-0.07730,0.92271,0.93918,-6.02114,1.46745,
1671607688299973888,-0.01849,-13.65695,9.76733,0.39948,0.04725,-0.07913,0.91210,0.82089,-6.16188,1.55254,
1671607688399819008,-0.43213,-14.17634,10.23332,0.42343,0.05212,-0.07830,0.90103,0.73429,-6.26160,1.64247,
1671607688499906048,-0.92566,-14.61893,10.73794,0.44817,0.05717,-0.08030,0.88850,0.63880,-6.35926,1.75285,
1671607688599975936,-5.47385,-14.27172,10.85230,0.57533,0.00227,-0.09872,0.81194,1.56636,-7.97430,0.08642,
1671607690000043264,-0.01250,-0.00553,0.01387,0.99938,-0.00995,-0.03371,0.00299,-0.04946,0.04198,-0.02792,
1671607690099908096,-0.01240,-0.00263,0.01263,0.99945,-0.00851,-0.03154,0.00532,-0.05412,0.05057,-0.01708,
1671607690199877376,-0.03693,-0.01146,-0.00891,0.99905,-0.01218,-0.04130,0.00624,-0.12499,0.05429,-0.02342,
1671607690299976960,-0.05407,-0.00685,-0.01425,0.99856,-0.02200,-0.04887,0.00302,-0.13883,0.09162,-0.03430,
1671607690399820032,-0.09568,0.03521,-0.01375,0.99809,-0.03973,-0.04722,-0.00272,-0.17839,0.21154,-0.02055,
1671607690499893248,-0.07687,0.05485,-0.00079,0.99768,-0.04185,-0.05337,-0.00506,-0.19051,0.26659,0.05472,
1671607690599980032,-0.07731,0.09771,0.01411,0.99731,-0.03379,-0.06485,-0.00413,-0.20783,0.35155,0.08738,
1671607690699811328,-0.11195,0.13039,0.00714,0.99726,-0.02665,-0.06904,-0.00230,-0.24894,0.41751,0.05495,
1671607690799921152,-0.13692,0.16225,0.01044,0.99778,-0.02036,-0.06332,-0.00102,-0.27653,0.44519,0.03970,
1671607690899892992,-0.19009,0.22756,0.01233,0.99819,-0.01882,-0.05715,0.00017,-0.33874,0.52987,0.02710,
1671607691000090112,-0.23564,0.29342,0.01847,0.99832,-0.02113,-0.05401,0.00027,-0.38779,0.59249,0.03903,
1671607691099947264,-0.26211,0.33490,0.02245,0.99814,-0.02666,-0.05490,-0.00079,-0.42553,0.62472,0.04848,
1671607691199777024,-0.31223,0.39354,0.01935,0.99752,-0.03606,-0.06043,-0.00314,-0.47997,0.68428,0.04285,
1671607691299997952,-0.36656,0.46406,0.01906,0.99722,-0.04103,-0.06187,-0.00600,-0.51694,0.75315,0.00561,
1671607691399827968,-0.42404,0.54643,0.01681,0.99769,-0.03983,-0.05454,-0.00736,-0.54488,0.83003,-0.03577,
1671607691499911168,-0.48173,0.63563,0.01241,0.99826,-0.03573,-0.04641,-0.00691,-0.58041,0.90736,-0.05024,
1671607691599878912,-0.55983,0.75442,0.00815,0.99855,-0.03217,-0.04272,-0.00615,-0.62365,0.99190,-0.07284,
1671607691699981312,-0.64234,0.82873,0.00447,0.99849,-0.03347,-0.04317,-0.00607,-0.67000,1.02902,-0.08076,
1671607691799832064,-0.60674,0.95273,-0.00306,0.99855,-0.03613,-0.03949,-0.00614,-0.56847,1.12847,-0.10429,
1671607691899918080,-0.68188,1.13287,-0.01207,0.99844,-0.04001,-0.03846,-0.00562,-0.59126,1.27401,-0.09919,
1671607692000011264,-0.67101,1.20577,-0.01964,0.99800,-0.04728,-0.04149,-0.00607,-0.54730,1.31313,-0.11242,
1671607692099990016,-0.73723,1.37085,-0.02976,0.99763,-0.05390,-0.04224,-0.00682,-0.56988,1.44081,-0.12313,
1671607692199831296,-0.80423,1.53643,-0.03636,0.99715,-0.06082,-0.04398,-0.00727,-0.60037,1.57391,-0.11934,
1671607692299927296,-0.82679,1.67176,-0.04256,0.99711,-0.06085,-0.04461,-0.00890,-0.57354,1.65584,-0.12609,
1671607692399892992,-0.89111,1.84085,-0.05480,0.99725,-0.05714,-0.04629,-0.00906,-0.60545,1.76067,-0.12546,
1671607692499979008,-0.93949,2.02975,-0.06707,0.99739,-0.05370,-0.04756,-0.00847,-0.61132,1.88926,-0.12633,
1671607692599811072,-0.96990,2.21664,-0.07846,0.99728,-0.05552,-0.04759,-0.00897,-0.60270,1.99959,-0.11671,
1671607692699901952,-1.01485,2.39699,-0.08876,0.99698,-0.06232,-0.04516,-0.01047,-0.59633,2.10859,-0.12305,
1671607692799984128,-1.05256,2.64035,-0.09758,0.99636,-0.07060,-0.04634,-0.01171,-0.58938,2.25888,-0.12186,
1671607692899823104,-1.06550,2.86439,-0.10995,0.99597,-0.07435,-0.04888,-0.01116,-0.55604,2.39253,-0.13537,
1671607693000029952,-1.04438,3.06845,-0.11603,0.99597,-0.07408,-0.04941,-0.01117,-0.49671,2.49664,-0.14124,
1671607693099895296,-1.11849,3.36373,-0.13080,0.99603,-0.07175,-0.05131,-0.01162,-0.53456,2.68017,-0.15603,
1671607693199978240,-1.21777,3.68356,-0.15691,0.99604,-0.07039,-0.05277,-0.01286,-0.57881,2.86121,-0.19815,
1671607693299806976,-1.23603,3.94917,-0.17856,0.99627,-0.06899,-0.04990,-0.01397,-0.56211,2.97255,-0.21826,
1671607693399898368,-1.23549,4.17820,-0.19045,0.99686,-0.06294,-0.04562,-0.01503,-0.54096,3.02783,-0.21599,
1671607693499993088,-1.22714,4.43110,-0.19641,0.99727,-0.05660,-0.04516,-0.01476,-0.51338,3.10587,-0.20950,
1671607693599832064,-1.42959,4.99953,-0.22343,0.99686,-0.06076,-0.04858,-0.01451,-0.62556,3.42100,-0.22680,
1671607693699926016,-1.50713,5.35251,-0.25192,0.99576,-0.07316,-0.05332,-0.01633,-0.65530,3.57374,-0.24619,
1671607693799876096,-1.52398,5.68996,-0.28126,0.99438,-0.08993,-0.05275,-0.01848,-0.63048,3.71833,-0.28152,
1671607693899958016,-1.51909,5.87024,-0.30539,0.99400,-0.09541,-0.04898,-0.02130,-0.60882,3.77798,-0.30990,
1671607694000039168,-1.88306,6.72669,-0.39432,0.99404,-0.09573,-0.04537,-0.02585,-0.78380,4.24468,-0.36390,
1671607694099892224,-2.04434,7.26281,-0.47660,0.99448,-0.08796,-0.05017,-0.02739,-0.87597,4.50547,-0.41642,
1671607694199972096,-2.23502,7.85945,-0.55831,0.99531,-0.07678,-0.05256,-0.02644,-0.95022,4.76146,-0.47709,
1671607694299812352,-2.46374,8.50147,-0.67337,0.99618,-0.06786,-0.04872,-0.02526,-1.04216,5.01850,-0.56161,
1671607694399897088,-2.55656,8.98737,-0.73127,0.99623,-0.06742,-0.04931,-0.02365,-1.08215,5.17043,-0.55475,
1671607694499980288,-2.64067,9.48167,-0.78320,0.99553,-0.07531,-0.05273,-0.02171,-1.10124,5.31329,-0.55557,
1671607694599823872,-2.68375,10.01867,-0.86127,0.99434,-0.08731,-0.05691,-0.02059,-1.08113,5.46942,-0.58437,
1671607694699915264,-2.69107,10.57625,-0.94591,0.99325,-0.09945,-0.05608,-0.02034,-1.01278,5.63348,-0.63636,
1671607694799877120,-2.45169,10.76239,-0.92898,0.99332,-0.09991,-0.05372,-0.02100,-0.81164,5.49808,-0.59908,
1671607694899973120,-2.36074,11.24414,-0.95483,0.99251,-0.10828,-0.05163,-0.02300,-0.68791,5.64818,-0.57690,
1671607695000039936,-2.19482,11.61115,-0.96659,0.99170,-0.11343,-0.05493,-0.02536,-0.54822,5.68688,-0.55423,
1671607695099894016,-2.09150,12.05991,-0.98885,0.99165,-0.11269,-0.05665,-0.02692,-0.44543,5.79088,-0.55426,
1671607695199974144,-2.04384,12.59028,-1.01490,0.99228,-0.10688,-0.05663,-0.02739,-0.40302,5.94790,-0.53772,
1671607695299806976,-1.98161,13.10049,-1.04155,0.99329,-0.09815,-0.05467,-0.02738,-0.34853,6.08010,-0.51853,
1671607695399891200,-1.93117,13.61341,-1.06950,0.99385,-0.09185,-0.05636,-0.02539,-0.32670,6.21468,-0.49921,
1671607695499984896,-2.79066,15.69817,-1.20696,0.99289,-0.10268,-0.05571,-0.02301,-0.68057,7.26865,-0.60070,
1671607695599826176,-2.97605,16.36705,-1.25458,0.99301,-0.10337,-0.05235,-0.02229,-0.78920,7.39570,-0.62674,
1671607695699915264,-3.00694,17.06412,-1.30988,0.99344,-0.10133,-0.04826,-0.02184,-0.78929,7.57031,-0.62340,
1671607695799879936,-2.81637,17.57624,-1.29116,0.99338,-0.10165,-0.04844,-0.02264,-0.64932,7.60582,-0.56069,
1671607695899973120,-2.71289,18.19277,-1.31999,0.99250,-0.10770,-0.05261,-0.02384,-0.55594,7.73084,-0.53813,
1671607696000053248,-2.82690,19.13612,-1.38535,0.99159,-0.11455,-0.05517,-0.02433,-0.58436,8.02975,-0.54412,
1671607696099910144,-2.12659,17.88668,-1.27252,0.99155,-0.11357,-0.05791,-0.02410,-0.28520,7.22907,-0.44073,
1671607696199993088,-2.66520,20.58278,-1.46177,0.99094,-0.12151,-0.05174,-0.02452,-0.41927,8.43033,-0.54071,
1671607696299821056,-2.87113,21.57503,-1.53084,0.99106,-0.11979,-0.05306,-0.02517,-0.53811,8.72884,-0.55189,
1671607696399915264,-2.88908,22.43100,-1.57865,0.99123,-0.11810,-0.05415,-0.02406,-0.52049,8.94446,-0.54407,
1671607696499998976,-2.84817,23.20843,-1.61189,0.99109,-0.11625,-0.06094,-0.02245,-0.50506,9.11874,-0.50834,
1671607696599842048,-2.63997,23.84322,-1.62813,0.99050,-0.11862,-0.06605,-0.02172,-0.37847,9.19692,-0.47490,
1671607696699928320,-2.78067,25.07617,-1.70323,0.98964,-0.12436,-0.06772,-0.02364,-0.41179,9.55018,-0.48445,
1671607696799778304,-2.78515,25.54024,-1.71021,0.98902,-0.12720,-0.07071,-0.02575,-0.45856,9.55571,-0.45800,
1671607696899994112,-3.13272,27.10570,-1.82870,0.98844,-0.13244,-0.06864,-0.02703,-0.58232,10.07276,-0.51375,
1671607697000088320,-3.32303,28.33701,-1.91611,0.98834,-0.13633,-0.06176,-0.02793,-0.63868,10.42255,-0.55413,
1671607697099949056,-3.57243,29.45868,-2.01495,0.98815,-0.14095,-0.05373,-0.02837,-0.73697,10.70721,-0.58789,
1671607697199786240,-3.77340,30.77673,-2.11216,0.98735,-0.14845,-0.04755,-0.02887,-0.77157,11.07290,-0.62266,
1671607697299990272,-6.05271,34.69095,-2.50112,0.98619,-0.15680,-0.04434,-0.02945,-1.49657,12.46962,-0.80326,
1671607697399839232,-5.14711,34.91704,-2.43374,0.98627,-0.15486,-0.04907,-0.02970,-1.14260,12.29990,-0.75472,
1671607697499921920,-4.72961,36.05096,-2.39489,0.98721,-0.14784,-0.05185,-0.02960,-0.82390,12.44769,-0.70589,
1671607697599876096,-5.36778,38.21706,-2.52911,0.98746,-0.14515,-0.05455,-0.02959,-1.05797,13.21683,-0.77089,
1671607697699958016,-3.69753,36.69316,-2.35884,0.98837,-0.13845,-0.05557,-0.02944,-0.22997,12.03476,-0.63591,
1671607697799801088,-4.98750,40.24663,-2.60772,0.98754,-0.14662,-0.04880,-0.02979,-0.79386,13.55819,-0.77154,
1671607697899884288,-5.87277,42.67781,-2.76066,0.98725,-0.14962,-0.04487,-0.03048,-1.19105,14.39251,-0.82467,
1671607698000077312,-4.90158,42.98989,-2.71349,0.98725,-0.15050,-0.04160,-0.03098,-0.61517,14.05292,-0.74303,
1671607698099940352,-5.45867,45.21498,-2.81314,0.98701,-0.15243,-0.03879,-0.03272,-0.84458,14.80940,-0.77356,
1671607698199781888,-3.58040,43.58309,-2.58946,0.98859,-0.14174,-0.03888,-0.03304,0.40790,12.98119,-0.56678,
1671607698299883008,-3.76534,45.91997,-2.67124,0.98860,-0.14246,-0.03601,-0.03286,0.33563,14.00107,-0.59966,
1671607698399976960,-3.71333,47.35198,-2.71025,0.98825,-0.14370,-0.04016,-0.03312,0.37320,14.28430,-0.59955,
1671607698499832064,-5.73265,51.70216,-3.02116,0.98642,-0.15495,-0.04275,-0.03372,-1.05261,16.75789,-0.83781,
1671607698599929088,-5.56886,53.20835,-3.05868,0.98687,-0.15130,-0.04514,-0.03407,-0.83581,16.84592,-0.81364,
1671607698699895040,-4.74965,53.86337,-3.03585,0.98727,-0.14928,-0.04276,-0.03439,-0.13948,16.35303,-0.75039,
1671607698799980288,-4.19683,55.07397,-3.01372,0.98731,-0.15001,-0.03967,-0.03379,0.33548,16.28981,-0.70205,
1671607698899815936,-3.68218,56.11161,-2.99366,0.98744,-0.14948,-0.03866,-0.03350,0.71441,16.14316,-0.66978,
1671607699000019968,-4.32274,59.12159,-3.14252,0.98743,-0.15031,-0.03622,-0.03290,0.27665,17.43620,-0.76801,
1671607699099996928,-4.46500,61.20065,-3.21594,0.98794,-0.14688,-0.03698,-0.03228,0.19924,17.93106,-0.78156,
1671607699199844096,-4.45917,63.10292,-3.29646,0.98776,-0.14862,-0.03510,-0.03193,0.24110,18.28595,-0.80267,
1671607699299927296,-4.56907,65.13401,-3.39305,0.98727,-0.15223,-0.03286,-0.03217,0.20574,18.69914,-0.84337,
1671607699399876096,-4.33178,66.67279,-3.45640,0.98684,-0.15555,-0.02964,-0.03274,0.37975,18.78604,-0.85599,
1671607699499962368,-2.39327,63.70368,-3.16575,0.98763,-0.15028,-0.02905,-0.03415,1.41467,16.24767,-0.61101,
1671607699599799040,-2.50336,66.44585,-3.33969,0.98691,-0.15570,-0.02315,-0.03510,1.37655,17.21649,-0.71136,
1671607699699888896,-2.08806,66.04503,-3.23311,0.98745,-0.15157,-0.02482,-0.03683,1.53276,16.26346,-0.61144,
1671607699799988992,-1.51134,68.09259,-3.25990,0.98860,-0.14454,-0.02141,-0.03631,1.89748,16.72923,-0.59108,
1671607699899819008,-1.04248,70.03623,-3.26532,0.98952,-0.13770,-0.02688,-0.03411,2.12771,17.13222,-0.56763,
1671607700000016896,-0.49540,71.11617,-3.18372,0.98981,-0.13454,-0.03428,-0.03157,2.35372,17.03496,-0.50285,
1671607700099994880,-0.34042,69.89753,-2.93071,0.98963,-0.13544,-0.03666,-0.03083,2.28603,15.80386,-0.35787,
1671607700199821312,1.26533,71.48337,-2.73441,0.99009,-0.13562,-0.02013,-0.03028,3.16040,15.96906,-0.25889,
1671607700299910912,1.99130,72.23509,-2.55714,0.99036,-0.13433,-0.01246,-0.03153,3.46698,15.74865,-0.18032,
1671607700399881216,2.58971,73.33314,-2.45440,0.99097,-0.12965,-0.01096,-0.03231,3.68748,15.72396,-0.15120,
1671607700499973376,3.06385,74.44639,-2.37300,0.99118,-0.12721,-0.01918,-0.03166,3.80404,15.73876,-0.11918,
1671607700599815168,4.05976,77.15023,-2.44418,0.99059,-0.13038,-0.02762,-0.03105,4.25044,16.52038,-0.19107,
1671607700699919104,4.68229,78.63127,-2.38847,0.99052,-0.12977,-0.03322,-0.03044,4.41986,16.68126,-0.17010,
1671607700799889920,5.14807,79.87004,-2.32947,0.99083,-0.12710,-0.03328,-0.03153,4.48743,16.71665,-0.14385,
1671607700899995136,5.67454,81.00485,-2.24710,0.99123,-0.12454,-0.02841,-0.03384,4.59998,16.69469,-0.10044,
1671607701000087296,6.09064,82.22353,-2.19709,0.99123,-0.12520,-0.02399,-0.03480,4.64458,16.71014,-0.07688,
1671607701099949056,6.58755,83.81967,-2.18699,0.99086,-0.12851,-0.01966,-0.03591,4.74981,16.91861,-0.09521,
1671607701199790336,7.17121,84.84627,-2.07351,0.99091,-0.12824,-0.01675,-0.03710,4.88576,16.81821,-0.04891,
1671607701299879936,7.78660,86.38316,-2.03182,0.99110,-0.12706,-0.01485,-0.03697,5.04907,16.98208,-0.05827,
1671607701399967232,8.57710,86.83437,-1.76699,0.99212,-0.11871,-0.01382,-0.03752,5.30205,16.50755,0.07738,
1671607701499798016,9.21273,88.29537,-1.70648,0.99217,-0.11817,-0.01385,-0.03792,5.46930,16.63539,0.08906,
1671607701599889152,9.44295,89.65917,-1.67708,0.99172,-0.12115,-0.01854,-0.03840,5.39307,16.73018,0.08319,
1671607701699964928,10.20551,90.37568,-1.46291,0.99198,-0.11886,-0.01758,-0.03914,5.60529,16.43270,0.18969,
1671607701799803904,10.79597,92.12606,-1.45101,0.99207,-0.11856,-0.01493,-0.03889,5.72258,16.72003,0.17905,
1671607701899894272,11.40974,93.51105,-1.37022,0.99201,-0.11889,-0.01531,-0.03927,5.83673,16.81617,0.19037,
1671607702000113920,11.96882,94.97444,-1.31142,0.99215,-0.11718,-0.01814,-0.03970,5.91364,16.94655,0.16867,
1671607702099962112,11.71126,96.07986,-1.25652,0.99224,-0.11561,-0.02260,-0.03974,5.53492,16.90623,0.15816,
1671607702199804928,12.03087,98.20760,-1.35388,0.99201,-0.11768,-0.02456,-0.03824,5.50159,17.38158,0.07191,
1671607702299896320,12.08470,99.80615,-1.37415,0.99149,-0.12162,-0.02806,-0.03712,5.32864,17.57455,0.02023,
1671607702399983104,12.76621,101.80007,-1.39859,0.99173,-0.12023,-0.02640,-0.03641,5.48984,17.91495,-0.02728,
1671607702499825920,13.25169,104.11830,-1.50871,0.99180,-0.11986,-0.02353,-0.03762,5.53308,18.41677,-0.09301,
1671607702599929088,13.82193,106.07822,-1.52691,0.99158,-0.12200,-0.01527,-0.04058,5.63323,18.73286,-0.11138,
1671607702699892992,14.29923,107.81342,-1.49767,0.99107,-0.12551,-0.01067,-0.04381,5.67530,18.94865,-0.08787,
1671607702799993344,14.64213,109.35646,-1.44708,0.99094,-0.12551,-0.01048,-0.04655,5.66821,19.07687,-0.06408,
1671607702899836928,14.48835,110.57665,-1.35710,0.99096,-0.12415,-0.01738,-0.04782,5.41192,19.05623,-0.04023,
1671607703000039168,14.58257,112.12652,-1.32621,0.99102,-0.12341,-0.02051,-0.04732,5.30880,19.18637,-0.05875,
1671607703099898112,14.58361,113.52562,-1.25981,0.99110,-0.12313,-0.02049,-0.04634,5.13817,19.23074,-0.05757,
1671607703199986944,15.53285,115.42325,-1.21833,0.99181,-0.11872,-0.01523,-0.04448,5.42873,19.46296,-0.06005,
1671607703299834368,16.23453,116.95576,-1.09084,0.99273,-0.11203,-0.00940,-0.04306,5.59344,19.53129,0.00017,
1671607703399910912,16.32878,118.41387,-0.98020,0.99306,-0.10915,-0.00990,-0.04259,5.47602,19.58522,0.05518,
1671607703499987968,18.44516,122.24150,-1.25189,0.99276,-0.11179,-0.00837,-0.04313,6.27037,20.56840,-0.08280,
1671607703599824896,16.76415,122.33084,-0.97557,0.99222,-0.11446,-0.02049,-0.04458,5.37233,20.10864,0.01313,
1671607705399960320,-0.00336,0.00638,-0.00666,0.99790,-0.01892,-0.06186,-0.00423,0.00254,0.07218,0.00914,
1671607705499793152,0.00016,0.01525,-0.02170,0.99784,-0.01866,-0.06285,-0.00330,0.02918,0.10373,-0.01302,
1671607705599997952,0.00495,0.02441,-0.02356,0.99765,-0.02102,-0.06510,-0.00338,0.02515,0.13033,-0.01164,
1671607705699852288,0.00310,0.04403,-0.02559,0.99744,-0.02516,-0.06686,-0.00318,0.01023,0.19365,-0.02944,
1671607705799945216,-0.00832,0.06034,-0.03299,0.99747,-0.02724,-0.06554,-0.00275,-0.02485,0.23599,-0.04236,
1671607705899781120,-0.01157,0.09580,-0.04085,0.99764,-0.02734,-0.06299,-0.00143,-0.03811,0.30951,-0.04286,
1671607706000115200,-0.02242,0.13067,-0.05057,0.99743,-0.02632,-0.06659,-0.00146,-0.06832,0.38020,-0.06697,
1671607706099951360,-0.03494,0.17047,-0.06138,0.99727,-0.03073,-0.06707,0.00077,-0.08166,0.46152,-0.07601,
1671607706199793152,-0.05655,0.20083,-0.07017,0.99736,-0.02979,-0.06614,0.00253,-0.11531,0.48647,-0.07733,
1671607706299877888,-0.08963,0.24703,-0.07863,0.99731,-0.02746,-0.06795,0.00208,-0.16825,0.54723,-0.08795,
1671607706399989248,-0.10772,0.30393,-0.08831,0.99727,-0.02506,-0.06941,0.00160,-0.18345,0.60407,-0.09146,
1671607706499831296,-0.13717,0.38278,-0.09752,0.99697,-0.02548,-0.07350,0.00122,-0.22342,0.69613,-0.09658,
1671607706599918080,-0.13688,0.50730,-0.11278,0.99661,-0.02851,-0.07720,0.00089,-0.21922,0.82164,-0.12734,
1671607706699898368,-0.17624,0.57696,-0.12650,0.99594,-0.03253,-0.08387,-0.00224,-0.27880,0.87145,-0.15846,
1671607706799990272,-0.22842,0.59286,-0.16362,0.99560,-0.03934,-0.08480,-0.00632,-0.33259,0.87973,-0.22458,
1671607706899829248,-0.25892,0.69588,-0.18528,0.99559,-0.04418,-0.08238,-0.00726,-0.35791,0.97006,-0.25041,
1671607707000027904,-0.33048,0.77540,-0.21622,0.99614,-0.04048,-0.07760,-0.00636,-0.42130,1.01520,-0.27255,
1671607707099990016,-0.38033,0.97001,-0.24661,0.99659,-0.03891,-0.07250,-0.00676,-0.46860,1.17475,-0.28194,
1671607707199845376,-0.41758,1.08459,-0.27574,0.99652,-0.04507,-0.06965,-0.00863,-0.48167,1.26961,-0.28432,
1671607707299940096,-0.46708,1.23339,-0.30406,0.99586,-0.05679,-0.07007,-0.01120,-0.50393,1.41120,-0.29132,
1671607707399891968,-0.51731,1.38763,-0.33355,0.99549,-0.06239,-0.07047,-0.01223,-0.52359,1.53031,-0.29896,
1671607707499977984,-0.57180,1.55637,-0.36384,0.99521,-0.06280,-0.07383,-0.01266,-0.54163,1.66403,-0.31607,
1671607707599815168,-0.63364,1.74094,-0.39647,0.99528,-0.05800,-0.07681,-0.01270,-0.56735,1.78738,-0.34383,
1671607707699907072,-0.58219,2.09330,-0.43170,0.99566,-0.05294,-0.07549,-0.01293,-0.50535,2.00782,-0.35379,
1671607707799984128,-0.60344,2.33644,-0.45780,0.99574,-0.05749,-0.07064,-0.01422,-0.50842,2.16912,-0.34201,
1671607707899823104,-0.65004,2.56880,-0.48956,0.99548,-0.06829,-0.06415,-0.01531,-0.52173,2.32760,-0.34114,
1671607708000013056,-0.70517,2.80483,-0.52309,0.99499,-0.07823,-0.06049,-0.01501,-0.53779,2.48537,-0.35663,
1671607708099987968,-0.81899,2.99003,-0.55082,0.99475,-0.07990,-0.06270,-0.01297,-0.58756,2.58357,-0.36627,
1671607708199835904,-0.89298,3.23476,-0.58379,0.99458,-0.07584,-0.07045,-0.00950,-0.61627,2.72823,-0.39800,
1671607708299921920,-1.00228,3.43667,-0.61136,0.99460,-0.06448,-0.08105,-0.00649,-0.66857,2.76727,-0.43317,
1671607708399891968,-1.10623,3.68213,-0.65005,0.99408,-0.06455,-0.08718,-0.00633,-0.71448,2.90336,-0.45380,
1671607708499984128,-1.18951,3.93173,-0.68992,0.99439,-0.06583,-0.08248,-0.00771,-0.73411,3.00031,-0.45416,
1671607708599824896,-1.23860,4.30323,-0.72510,0.99474,-0.06820,-0.07572,-0.01015,-0.74749,3.16974,-0.46144,
1671607708699918336,-1.28704,4.77076,-0.77739,0.99448,-0.07125,-0.07613,-0.01175,-0.78349,3.37332,-0.48938,
1671607708799889920,-1.34716,5.15727,-0.82225,0.99372,-0.07407,-0.08293,-0.01219,-0.80395,3.54439,-0.51356,
1671607708899986944,-1.48200,5.37970,-0.87015,0.99284,-0.07602,-0.09120,-0.01320,-0.84538,3.62674,-0.54600,
1671607709000084224,-1.60250,5.58380,-0.90830,0.99244,-0.07606,-0.09528,-0.01442,-0.86816,3.68709,-0.56048,
1671607709099924992,-1.74992,5.76246,-0.97934,0.99187,-0.07911,-0.09860,-0.01446,-0.94181,3.73907,-0.60173,
1671607709199887872,-1.89837,6.03451,-1.07027,0.99160,-0.07941,-0.10092,-0.01517,-1.01767,3.81656,-0.65973,
1671607709299968000,-1.99067,6.40948,-1.12158,0.99164,-0.08164,-0.09842,-0.01714,-1.05942,3.96348,-0.66377,
1671607709399808256,-2.09038,6.75719,-1.18721,0.99159,-0.08654,-0.09395,-0.02087,-1.10700,4.07765,-0.68180,
1671607709499883264,-2.22069,7.23383,-1.25584,0.99136,-0.09267,-0.08962,-0.02416,-1.17561,4.27820,-0.70929,
1671607709599960064,-2.36272,7.62577,-1.33697,0.99136,-0.09537,-0.08615,-0.02639,-1.23772,4.41555,-0.74924,
1671607709699802112,-2.50287,8.04465,-1.42175,0.99118,-0.09786,-0.08514,-0.02714,-1.28538,4.56742,-0.78924,
1671607709799895040,-2.58374,8.88511,-1.52945,0.99046,-0.10281,-0.08723,-0.02839,-1.29596,5.04823,-0.85713,
1671607709899989248,-2.69299,9.37744,-1.60827,0.99023,-0.10462,-0.08772,-0.02831,-1.30908,5.22371,-0.89581,
1671607709999822080,-2.81341,9.97653,-1.69193,0.99000,-0.10534,-0.08951,-0.02828,-1.34752,5.46360,-0.93230,
1671607710099919360,-2.94897,10.52932,-1.78531,0.98968,-0.10573,-0.09247,-0.02851,-1.39176,5.66040,-0.97424,
1671607710199880960,-3.16717,11.02776,-1.90747,0.98945,-0.10550,-0.09514,-0.02826,-1.49454,5.78965,-1.03759,
1671607710299971072,-3.35605,11.70604,-2.03434,0.98918,-0.10830,-0.09473,-0.02880,-1.57717,6.04377,-1.09893,
1671607710399812096,-3.50074,12.35783,-2.14764,0.98887,-0.11507,-0.08970,-0.02896,-1.61518,6.27951,-1.13846,
1671607710499885056,-3.62701,13.20201,-2.28361,0.98856,-0.12247,-0.08320,-0.02882,-1.63537,6.63759,-1.18322,
1671607710599971328,-3.58148,14.27036,-2.42226,0.98845,-0.12585,-0.07905,-0.02959,-1.51850,7.12667,-1.22306,
1671607710699834112,-3.54785,15.33755,-2.54566,0.98840,-0.12718,-0.07688,-0.03127,-1.41437,7.59070,-1.25992,
1671607710799921152,-3.65612,16.13937,-2.66549,0.98853,-0.12610,-0.07669,-0.03196,-1.41247,7.83975,-1.29330,
1671607710899884288,-3.79120,16.95958,-2.79176,0.98868,-0.12496,-0.07634,-0.03276,-1.43243,8.08789,-1.33433,
1671607711000105984,-3.72843,18.15225,-2.91731,0.98879,-0.12565,-0.07345,-0.03341,-1.29412,8.60590,-1.35609,
1671607711099965184,-3.52467,19.57994,-3.05127,0.98889,-0.12725,-0.06900,-0.03394,-0.99945,9.36854,-1.36075,
1671607711199809024,-3.48491,20.74443,-3.19089,0.98850,-0.13036,-0.06891,-0.03354,-0.87765,9.81840,-1.38263,
1671607711299905024,-3.46850,21.92131,-3.33202,0.98767,-0.13169,-0.07795,-0.03292,-0.78615,10.23790,-1.43158,
1671607711399988224,-3.60768,22.88324,-3.47660,0.98685,-0.13067,-0.08909,-0.03328,-0.85415,10.42685,-1.50096,
1671607711499833088,-3.75448,23.86894,-3.62092,0.98579,-0.13319,-0.09719,-0.03225,-0.94008,10.62159,-1.55386,
1671607711599937280,-4.45251,23.88772,-3.73765,0.98548,-0.13470,-0.09832,-0.03198,-1.52049,9.90690,-1.57575,
1671607711699776256,-4.56805,24.99773,-3.90244,0.98490,-0.13853,-0.09828,-0.03361,-1.54427,10.24517,-1.63840,
1671607711799987200,-4.80041,25.82698,-4.05871,0.98540,-0.13805,-0.09262,-0.03685,-1.63487,10.32321,-1.68699,
1671607711899829248,-4.97057,26.85804,-4.22424,0.98649,-0.13502,-0.08523,-0.03669,-1.68297,10.57629,-1.73421,
1671607712000035328,-5.07377,28.23611,-4.42039,0.98681,-0.13430,-0.08343,-0.03473,-1.67628,11.09662,-1.81815,
1671607712099883008,-5.31116,29.13999,-4.59833,0.98657,-0.13515,-0.08596,-0.03213,-1.75430,11.20235,-1.87879,
1671607712199974912,-5.38851,30.53937,-4.80406,0.98547,-0.14104,-0.08918,-0.03174,-1.71654,11.67740,-1.95065,
1671607712299817984,-5.59767,31.61599,-4.99706,0.98457,-0.14699,-0.08939,-0.03195,-1.76927,11.88725,-2.00689,
1671607712399917056,-5.75771,32.87536,-5.20442,0.98471,-0.14769,-0.08626,-0.03290,-1.79450,12.20804,-2.06680,
1671607712499879168,-5.88635,34.12424,-5.41167,0.98508,-0.14844,-0.08055,-0.03298,-1.77541,12.52663,-2.12139,
1671607712599976960,-6.09335,35.46776,-5.63555,0.98613,-0.14463,-0.07453,-0.03287,-1.83433,12.85502,-2.16835,
1671607712699808000,-6.22769,36.82285,-5.85989,0.98655,-0.14262,-0.07301,-0.03235,-1.82718,13.19567,-2.22497,
1671607712799898112,-6.37406,38.28067,-6.09123,0.98714,-0.14090,-0.06882,-0.03110,-1.79909,13.54502,-2.26256,
1671607712899981312,-6.61089,39.48597,-6.31255,0.98677,-0.14521,-0.06452,-0.03220,-1.84303,13.77447,-2.25410,
1671607713000064256,-6.81403,40.83202,-6.53889,0.98552,-0.15481,-0.05870,-0.03651,-1.84947,14.05917,-2.28637,
1671607713099924992,-7.02482,42.15954,-6.76762,0.98511,-0.15880,-0.05033,-0.04261,-1.85505,14.29057,-2.34508,
1671607713199887872,-7.26569,43.21675,-6.98373,0.98558,-0.15493,-0.04965,-0.04659,-1.87067,14.39269,-2.40828,
1671607713299983360,-7.43110,44.83913,-7.23446,0.98497,-0.15328,-0.06412,-0.04712,-1.87968,14.77679,-2.47197,
1671607713399830016,-7.68152,45.56813,-7.44045,0.98278,-0.15801,-0.08516,-0.04396,-1.91270,14.71626,-2.51704,
1671607713499921152,-7.84978,47.49479,-7.70471,0.97943,-0.16440,-0.10990,-0.04002,-1.96836,15.20687,-2.61967,
1671607713599886080,-8.08038,48.80299,-7.95737,0.97756,-0.16609,-0.12434,-0.03634,-2.03405,15.40534,-2.71053,
1671607713699993088,-8.31537,50.09539,-8.21857,0.97760,-0.16565,-0.12490,-0.03546,-2.10812,15.60545,-2.79856,
1671607713799828992,-8.54684,51.41667,-8.48631,0.97863,-0.16744,-0.11372,-0.03636,-2.17702,15.82477,-2.87225,
1671607713899933184,-8.77832,52.53124,-8.74704,0.97975,-0.17104,-0.09646,-0.03915,-2.22845,15.96164,-2.92805,
1671607714000006912,-9.00868,54.01851,-9.02909,0.98059,-0.17340,-0.08174,-0.04121,-2.27638,16.23816,-2.98463,
1671607714099875328,-9.21834,55.21689,-9.30036,0.98067,-0.17564,-0.07470,-0.04301,-2.29002,16.41552,-3.03513,
1671607714199964160,-9.40698,56.59472,-9.58446,0.98029,-0.17800,-0.07362,-0.04381,-2.28238,16.65876,-3.09738,
1671607714299806208,-9.59000,57.94612,-9.87289,0.98013,-0.17796,-0.07599,-0.04369,-2.27021,16.88917,-3.15752,
1671607714399889920,-9.72220,59.28140,-10.16827,0.98021,-0.17717,-0.07716,-0.04301,-2.23438,17.11260,-3.22097,
1671607714499980288,-9.89782,60.82028,-10.47672,0.98016,-0.17645,-0.07940,-0.04290,-2.22932,17.39365,-3.29320,
1671607714599805952,-10.03837,62.29591,-10.78522,0.98009,-0.17653,-0.08040,-0.04250,-2.21487,17.64699,-3.35814,
1671607714699894272,-10.14902,63.75399,-11.09428,0.97946,-0.18030,-0.07914,-0.04351,-2.18563,17.89912,-3.41296,
1671607714799982080,-10.26563,65.30791,-11.41225,0.97822,-0.18704,-0.07833,-0.04426,-2.16594,18.16487,-3.48185,
1671607714899824128,-10.30469,66.76738,-11.72749,0.97768,-0.18989,-0.07757,-0.04554,-2.11459,18.39935,-3.54665,
1671607715000032256,-10.42447,68.43072,-12.06113,0.97744,-0.19047,-0.07844,-0.04677,-2.10006,18.69460,-3.62535,
1671607715099882240,-10.63826,70.27485,-12.41539,0.97724,-0.19066,-0.08041,-0.04678,-2.11884,19.03950,-3.71962,
1671607715199974144,-10.59948,71.81827,-12.75434,0.97657,-0.19419,-0.08007,-0.04673,-2.04036,19.30455,-3.81285,
1671607715299803904,-10.75737,73.64859,-13.11826,0.97610,-0.19715,-0.07827,-0.04720,-2.03258,19.64099,-3.89656,
1671607715399897088,-10.79459,75.40069,-13.48232,0.97605,-0.19865,-0.07507,-0.04717,-1.98484,19.95480,-3.97420,
1671607715499984896,-10.78725,77.17537,-13.84973,0.97608,-0.19929,-0.07311,-0.04694,-1.92570,20.27879,-4.04647,
1671607715599821056,-10.82028,79.03038,-14.22653,0.97606,-0.19971,-0.07213,-0.04709,-1.88244,20.61535,-4.11875,
1671607715699896064,-10.87755,80.95381,-14.61450,0.97592,-0.19991,-0.07318,-0.04749,-1.84527,20.96688,-4.19060,
1671607715799994880,-10.95210,82.94917,-15.01326,0.97573,-0.20028,-0.07442,-0.04795,-1.81405,21.32605,-4.26601,
1671607715899833088,-10.90164,84.88232,-15.40757,0.97575,-0.19970,-0.07581,-0.04789,-1.75251,21.65569,-4.33689,
1671607716000032256,-10.95843,86.95275,-15.81982,0.97448,-0.20458,-0.07869,-0.04843,-1.72675,22.01727,-4.43974,
1671607716099895296,-11.02403,89.07540,-16.24580,0.97303,-0.21057,-0.08052,-0.04898,-1.70973,22.38157,-4.54996,
1671607716199983104,-11.02331,91.20387,-16.67868,0.97328,-0.21040,-0.07787,-0.04893,-1.67211,22.73746,-4.64357,
1671607716299827968,-11.07828,93.38917,-17.11961,0.97497,-0.20485,-0.06954,-0.05141,-1.65678,23.11614,-4.69438,
1671607716399897088,-11.17219,95.64705,-17.57014,0.97479,-0.20778,-0.05945,-0.05550,-1.64149,23.52131,-4.76657,
1671607716499983360,-11.04783,97.83561,-18.01175,0.97256,-0.21890,-0.05286,-0.05845,-1.56337,23.91431,-4.86262,
1671607716599815168,-11.04979,100.11606,-18.46949,0.97067,-0.22695,-0.05240,-0.05958,-1.51762,24.30605,-4.96980,
1671607716699908352,-11.22746,102.57913,-18.96472,0.97003,-0.22917,-0.05720,-0.05707,-1.51017,24.74126,-5.10307,
1671607716799880960,-11.22429,105.02082,-19.46477,0.97176,-0.22120,-0.06326,-0.05242,-1.46488,25.15342,-5.23226,
1671607716899962880,-11.24936,107.46753,-19.96596,0.97349,-0.21189,-0.07200,-0.04720,-1.44198,25.55693,-5.35291,
1671607717000044032,-11.18897,109.93272,-20.47256,0.97395,-0.20801,-0.07930,-0.04318,-1.40211,25.95057,-5.46324,
1671607717099899904,-11.28244,112.47460,-20.99789,0.97303,-0.21203,-0.08050,-0.04218,-1.39660,26.35288,-5.56609,
1671607717199993088,-11.26712,115.05086,-21.53229,0.97149,-0.22082,-0.07438,-0.04384,-1.36545,26.77001,-5.66511,
1671607717299832064,-11.36703,117.69550,-22.08318,0.97059,-0.22614,-0.06833,-0.04630,-1.36517,27.17877,-5.77008,
1671607717399920896,-11.42279,120.38844,-22.64555,0.97018,-0.22821,-0.06641,-0.04760,-1.34808,27.60854,-5.88030,
1671607717499896064,-11.38474,123.10172,-23.21260,0.97007,-0.22868,-0.06529,-0.04910,-1.30297,28.03906,-5.99730,
1671607717599984128,-11.44118,125.87905,-23.79701,0.96974,-0.22987,-0.06516,-0.05009,-1.28358,28.47946,-6.11686,
1671607717699825920,-11.52699,128.70658,-24.39530,0.96919,-0.23296,-0.06172,-0.05100,-1.25986,28.93905,-6.23804,
1671607717799927296,-11.47430,131.57006,-24.99896,0.96926,-0.23379,-0.05789,-0.05026,-1.21520,29.39067,-6.34557,
1671607717899889920,-11.39010,134.46457,-25.60824,0.97015,-0.23018,-0.05824,-0.04930,-1.16417,29.83732,-6.46545,
1671607718000093952,-11.49549,137.42445,-26.23834,0.97073,-0.22717,-0.06045,-0.04921,-1.15074,30.29713,-6.59186,
1671607718099945984,-11.45089,140.40999,-26.87249,0.97033,-0.22831,-0.06212,-0.04969,-1.11490,30.75327,-6.70883,
1671607718199805952,-11.43771,143.44509,-27.52032,0.96984,-0.23036,-0.06118,-0.05094,-1.07736,31.20931,-6.83125,
1671607718299901952,-11.49600,146.54458,-28.18632,0.96911,-0.23399,-0.05702,-0.05316,-1.05332,31.68462,-6.95228,
1671607718399983104,-11.54094,149.69796,-28.86609,0.96917,-0.23441,-0.05240,-0.05492,-1.02841,32.14842,-7.08086,
1671607718499828992,-11.44401,152.88781,-29.55092,0.97076,-0.22811,-0.05118,-0.05444,-0.98011,32.58644,-7.20624,
1671607718599904000,-11.48630,156.12417,-30.25396,0.97420,-0.21373,-0.04975,-0.05277,-0.94099,32.98941,-7.34122,
1671607718699996928,-11.45688,159.40536,-30.96932,0.97405,-0.21529,-0.04840,-0.05034,-0.89384,33.44906,-7.48943,
1671607718799844352,-11.48052,162.72469,-31.70029,0.96917,-0.23623,-0.04960,-0.04938,-0.84624,33.90777,-7.64897,
1671607718899927040,-11.45518,166.10504,-32.44773,0.96304,-0.25853,-0.05965,-0.04638,-0.82894,34.39349,-7.79272,
1671607719000011264,-11.57819,169.53202,-33.21357,0.95943,-0.26851,-0.07493,-0.04222,-0.84377,34.88844,-7.92269,
1671607719099993344,-11.51060,173.00879,-33.98590,0.95922,-0.26639,-0.08542,-0.04041,-0.82798,35.38110,-8.07807,
1671607719199836928,-11.50604,176.52831,-34.77285,0.96286,-0.25243,-0.08639,-0.04144,-0.83505,35.86186,-8.20289,
1671607719299931136,-11.50173,180.10599,-35.57499,0.96742,-0.23694,-0.07652,-0.04576,-0.83098,36.34282,-8.34182,
1671607719399885056,-11.50897,183.72868,-36.38965,0.96842,-0.23607,-0.06126,-0.05172,-0.83279,36.83299,-8.46152,
1671607719499984128,-11.55370,187.40704,-37.21896,0.96522,-0.24987,-0.05016,-0.05825,-0.82790,37.33099,-8.58365,
1671607719599834880,-11.54852,191.13185,-38.05846,0.96021,-0.26761,-0.04703,-0.06461,-0.80274,37.82962,-8.72059,
1671607719699926016,-11.67006,194.91060,-38.91888,0.95671,-0.27884,-0.04647,-0.06925,-0.77212,38.33227,-8.89182,
1671607719799896320,-11.57632,198.75131,-39.79126,0.95625,-0.27985,-0.04696,-0.07118,-0.70933,38.83818,-9.05211,
1671607719899983872,-11.60661,202.64013,-40.68300,0.95832,-0.27198,-0.04852,-0.07280,-0.66258,39.34842,-9.22489,
1671607720000051968,-11.56631,206.58397,-41.59103,0.95812,-0.27155,-0.05116,-0.07517,-0.59961,39.90121,-9.41447,
1671607720099899904,-11.54431,210.57072,-42.51562,0.95528,-0.28060,-0.05525,-0.07518,-0.54627,40.44350,-9.60408,
1671607720199988224,-11.53435,214.61644,-43.46036,0.95469,-0.28172,-0.06197,-0.07318,-0.51590,40.96959,-9.78901,
1671607720299830272,-11.51058,218.70433,-44.41871,0.95722,-0.27238,-0.06972,-0.06839,-0.50047,41.49574,-9.94793,
1671607720399928064,-11.45357,222.86083,-45.39563,0.95979,-0.26408,-0.07040,-0.06414,-0.46637,42.03808,-10.11193,
1671607720499780096,-11.46001,227.05361,-46.38611,0.96043,-0.26334,-0.06541,-0.06285,-0.45293,42.56821,-10.27004,
1671607721699980032,0.04295,-0.03445,-0.17730,0.99987,0.00778,0.01416,0.00263,0.24660,-0.01030,-0.15964,
1671607721799806208,0.07646,-0.03913,-0.20490,0.99974,0.01364,0.01794,0.00358,0.33517,-0.03187,-0.16494,
1671607721899887360,0.11709,-0.04997,-0.23831,0.99955,0.01978,0.02216,0.00427,0.44621,-0.08988,-0.19650,
1671607722000089088,0.16926,-0.06184,-0.27184,0.99931,0.02343,0.02824,0.00509,0.56682,-0.14937,-0.21958,
1671607722099947264,0.23691,-0.08002,-0.30127,0.99885,0.02949,0.03741,0.00602,0.70091,-0.22673,-0.23223,
1671607722199791104,0.31396,-0.10934,-0.33029,0.99837,0.03550,0.04429,0.00609,0.83331,-0.30454,-0.24677,
1671607722299886336,0.40682,-0.14962,-0.35360,0.99799,0.03698,0.05090,0.00692,0.98548,-0.39073,-0.25865,
1671607722399989248,0.52011,-0.20014,-0.37456,0.99745,0.04073,0.05809,0.00773,1.15188,-0.50075,-0.27243,
1671607722499823104,0.63582,-0.26612,-0.39642,0.99650,0.04750,0.06819,0.00875,1.31916,-0.61759,-0.30380,
1671607722599918080,0.80669,-0.33544,-0.39638,0.99505,0.05811,0.08007,0.00916,1.53744,-0.74727,-0.30545,
1671607722699877376,0.94828,-0.41989,-0.42860,0.99370,0.06523,0.09062,0.00912,1.71841,-0.86478,-0.33803,
1671607722799962880,1.12243,-0.51688,-0.46397,0.99244,0.07174,0.09920,0.00859,1.93094,-1.00668,-0.37028,
1671607722899804160,1.32783,-0.62897,-0.50304,0.99113,0.07699,0.10797,0.00821,2.16919,-1.15968,-0.41169,
1671607723000008960,1.56232,-0.75800,-0.54615,0.99024,0.07943,0.11414,0.00894,2.42144,-1.32373,-0.44843,
1671607723099989248,1.81978,-0.90806,-0.59366,0.98899,0.08570,0.12025,0.00945,2.68186,-1.51268,-0.50400,
1671607723199831296,2.10338,-1.07743,-0.64677,0.98747,0.09471,0.12582,0.01041,2.94997,-1.70915,-0.55078,
1671607723299916032,2.41895,-1.26812,-0.70682,0.98556,0.10550,0.13200,0.01116,3.24180,-1.91859,-0.62194,
1671607723399878912,2.76751,-1.47931,-0.77508,0.98312,0.11298,0.14336,0.01236,3.55548,-2.13251,-0.71105,
1671607723499953920,3.14901,-1.71254,-0.85265,0.98074,0.11732,0.15560,0.01346,3.87969,-2.36104,-0.80212,
1671607723599805184,3.55818,-1.97071,-0.93772,0.97887,0.12250,0.16316,0.01330,4.21043,-2.61319,-0.89015,
1671607723699892992,4.01032,-2.25092,-1.03351,0.97731,0.13150,0.16562,0.01161,4.56447,-2.87508,-0.98345,
1671607723799988992,4.48917,-2.55972,-1.13855,0.97565,0.14111,0.16756,0.01052,4.91940,-3.13656,-1.10228,
1671607723899806976,5.00350,-2.89553,-1.25559,0.97334,0.14996,0.17330,0.00977,5.28691,-3.42319,-1.22542,
1671607724000019968,5.56203,-3.26193,-1.38579,0.97089,0.15611,0.18140,0.00975,5.67175,-3.71483,-1.35481,
1671607724099986176,6.15776,-3.65697,-1.52852,0.96910,0.15916,0.18814,0.01076,6.06104,-4.01873,-1.48277,
1671607724199831296,6.79053,-4.08292,-1.68415,0.96683,0.16569,0.19405,0.01138,6.46498,-4.34581,-1.62374,
1671607724299920128,7.45965,-4.54187,-1.85424,0.96442,0.17236,0.20010,0.01243,6.87378,-4.67084,-1.76924,
1671607724399891968,8.14817,-5.03243,-2.03748,0.96266,0.17658,0.20477,0.01334,7.26987,-5.00490,-1.92234,
1671607724499966976,8.87293,-5.55381,-2.23808,0.96110,0.17922,0.20972,0.01391,7.67403,-5.34355,-2.08488,
1671607724599805952,9.65311,-6.10982,-2.45496,0.95909,0.18417,0.21458,0.01327,8.10538,-5.69754,-2.24879,
1671607724699892992,10.46405,-6.70164,-2.68524,0.95640,0.19051,0.22102,0.01246,8.54058,-6.06357,-2.40196,
1671607724799976960,11.31860,-7.32995,-2.93136,0.95382,0.19607,0.22725,0.01197,8.98376,-6.43248,-2.55802,
1671607724899805184,12.22773,-7.98885,-3.19427,0.95135,0.19979,0.23423,0.01238,9.45268,-6.80344,-2.72369,
1671607725000014080,13.15302,-8.70324,-3.46868,0.94921,0.20187,0.24098,0.01343,9.90024,-7.19692,-2.88723,
1671607725099983104,14.17895,-9.43184,-3.76459,0.94642,0.20594,0.24835,0.01412,10.41721,-7.57906,-3.06255,
1671607725199832320,15.22180,-10.20901,-4.07235,0.94329,0.21127,0.25563,0.01471,10.91501,-7.98142,-3.23952,
1671607725299928064,16.32058,-11.02737,-4.39991,0.93949,0.21858,0.26333,0.01530,11.42167,-8.38451,-3.43723,
1671607725399779072,17.47234,-11.87259,-4.74949,0.93435,0.22674,0.27436,0.01723,11.95477,-8.77753,-3.65947,
1671607725499875072,18.68321,-12.76266,-5.12035,0.92851,0.23440,0.28736,0.01885,12.50205,-9.20613,-3.89002,
1671607725599963904,19.98093,-13.66414,-5.52152,0.92464,0.23712,0.29734,0.02038,13.08741,-9.59826,-4.12891,
1671607725699802112,21.33348,-14.58018,-5.95043,0.92256,0.23780,0.30312,0.02123,13.69277,-9.99987,-4.38900,
1671607725799897088,22.66398,-15.65325,-6.38436,0.91962,0.24369,0.30742,0.01998,14.24820,-10.48112,-4.63907,
1671607725899972096,24.09072,-16.72153,-6.84744,0.91761,0.24858,0.30957,0.01921,14.83448,-10.92432,-4.91218,
1671607726000048128,25.63367,-17.76333,-7.34137,0.91449,0.25334,0.31495,0.01835,15.45408,-11.33274,-5.21066,
1671607726099892224,27.17389,-18.87085,-7.86169,0.90961,0.26187,0.32215,0.01601,16.04387,-11.78325,-5.53904,
1671607726199992064,28.73460,-20.12044,-8.41170,0.90586,0.26978,0.32630,0.01274,16.62062,-12.27979,-5.85368,
1671607726299837952,30.39008,-21.37314,-9.00151,0.90234,0.27533,0.33141,0.01163,17.21370,-12.75270,-6.22006,
1671607726399928064,32.12750,-22.60467,-9.63097,0.89751,0.27658,0.34314,0.01508,17.84862,-13.17121,-6.59097,
1671607726499775232,33.97700,-23.86427,-10.29859,0.89177,0.28089,0.35431,0.01783,18.51680,-13.62440,-6.96795,
1671607726599990016,35.87989,-25.18915,-11.00316,0.89111,0.28160,0.35541,0.01786,19.29113,-14.21810,-7.08175,
1671607726699832320,37.76197,-26.69851,-11.72439,0.88374,0.28943,0.36726,0.01854,19.85451,-14.64726,-7.66771,
1671607726799921920,39.77302,-28.17619,-12.50287,0.88272,0.29457,0.36545,0.02174,20.49738,-15.20651,-8.07062,
1671607726899885056,41.82579,-29.75377,-13.31964,0.88065,0.29911,0.36687,0.01971,21.17898,-15.75091,-8.54497,
1671607727000087296,43.93696,-31.38255,-14.18553,0.87566,0.30479,0.37405,0.02004,21.82814,-16.25726,-9.01557,
1671607727099926272,46.14938,-33.00990,-15.10475,0.87119,0.30956,0.38052,0.02036,22.51233,-16.75556,-9.50950,
1671607727199778048,48.40715,-34.72010,-16.07143,0.86674,0.31440,0.38664,0.02077,23.18127,-17.26689,-10.01498,
