1658228264363869440,-43.94830,-34.69276,23.97522,-0.23727,0.68689,-0.14737,-0.67094,
1658228265464911616,-41.98529,-27.00008,25.33016,-0.17791,0.68977,-0.16578,-0.68197,
1658228266761840640,-45.95117,-19.07030,24.19987,0.21521,-0.66650,0.23606,0.67360,
1658228270463683328,-49.67824,-12.00585,22.85013,-0.22423,0.67890,-0.23700,-0.65776,
1658228271062189056,-43.57418,-18.36615,23.17082,0.23724,-0.58977,0.25394,0.72897,
1658228271762203392,-34.94747,-17.78762,23.33237,-0.00882,-0.45686,0.27955,0.84442,
1658228272566398208,-28.04341,-13.34172,23.41106,-0.00752,-0.43589,0.27605,0.85659,
1658228273263642368,-20.08674,-15.33639,23.37770,0.02394,-0.40567,0.23046,0.88416,
1658228274163156992,-11.49005,-15.63398,23.38002,0.00175,-0.38838,0.26546,0.88244,
1658228275262714368,-3.46822,-19.14420,23.30295,0.00088,-0.34635,0.33124,0.87768,
1658228277162533888,4.71592,-18.73892,23.28183,-0.01768,-0.35430,0.22611,0.90721,
1658228280263374336,9.06633,-25.72592,23.15780,0.09277,-0.33619,0.09516,0.93237,
1658228284660154624,13.21726,-32.79515,22.96083,0.07927,-0.30317,0.14794,0.93804,
1658228291362493184,20.53182,-28.16420,23.10506,-0.03027,-0.30790,0.44243,0.84175,
1658228291963299840,21.81810,-19.80667,23.26448,-0.04138,-0.27133,0.64125,0.71657,
1658228293961324800,19.87363,-28.02484,23.18517,0.05122,-0.25914,0.66670,0.69695,
1658228294563687168,16.35476,-36.21907,23.04019,0.13743,-0.17427,0.70594,0.67260,
1658228295163442432,12.06355,-43.41302,22.87672,0.22388,-0.39321,0.29162,0.84275,
1658228295961001216,6.12410,-49.09623,22.77015,0.24368,-0.38578,0.30107,0.83735,
1658228296860602880,-1.68942,-54.36907,22.68810,0.38944,-0.38090,0.31009,0.77916,
1658228297760015616,-9.14916,-58.24326,22.60891,0.29887,-0.37966,0.32062,0.81470,
1658228298861272576,-18.34240,-60.13501,22.58052,0.42941,-0.41367,0.31550,0.73820,
1658228300061600000,-27.16735,-60.29142,22.56787,0.42588,-0.46930,0.28498,0.71914,
1658228302563067136,-35.57015,-59.31138,23.13269,0.06273,0.71823,0.06579,-0.68984,
1658228304961149952,-44.17811,-57.32794,23.14189,-0.31672,-0.62049,-0.33965,0.63192,
1658228307363267072,-52.24833,-53.68468,23.14253,0.54066,0.43787,0.55307,-0.45834,
1658228310060537344,-59.09060,-48.59138,23.14453,0.63647,0.28413,0.65075,-0.30115,
1658228312759800320,-64.52237,-42.27847,23.14861,0.71795,-0.05284,0.69201,0.05354,
1658228321464055040,-58.53767,-36.89729,22.97086,0.66661,0.36042,0.55028,-0.35061,
1658228331160545536,-54.88014,-29.72638,23.00863,-0.42845,-0.54739,-0.26639,0.66771,
1658228339360589312,-46.76850,-28.95724,22.85282,0.25534,-0.47250,0.31819,0.78121,
1658228340260038912,-38.55324,-29.62241,22.85229,0.20503,-0.48356,0.29252,0.79910,
1658228340958776320,-29.36678,-28.74056,22.85166,0.15706,-0.49793,0.27532,0.80722,
1658228341561597696,-20.62125,-26.64557,22.85205,0.12744,-0.50813,0.25604,0.81241,
1658228342159340544,-12.26078,-23.33863,22.85214,0.10605,-0.52300,0.23373,0.81277,
1658228342758734848,-4.43763,-18.90235,22.85224,0.07295,-0.51531,0.21877,0.82539,
1658228343360830720,2.71406,-13.44981,22.85125,0.04638,-0.51667,0.19599,0.83216,
1658228343960151808,9.08356,-7.09994,22.85070,0.01359,-0.51841,0.17940,0.83600,
1658228344561512704,14.55541,0.03796,22.85102,-0.01200,-0.52660,0.15640,0.83552,
1658228345159727872,19.05022,7.82665,22.85035,-0.04513,-0.53068,0.13867,0.83493,
1658228345758032384,22.51717,16.12479,22.85017,-0.07858,-0.53042,0.12150,0.83530,
1658228346360376832,24.88160,24.80223,22.85053,-0.11745,-0.53175,0.10831,0.83170,
1658228346958278400,26.09365,33.71440,22.84974,-0.15030,-0.52682,0.09241,0.83147,
1658228347560458240,26.16433,42.70680,22.85034,-0.18584,-0.53049,0.07792,0.82339,
1658228348159464192,25.11863,51.64026,22.84848,-0.22101,-0.52680,0.06002,0.81856,
1658228348758406144,22.96701,60.37345,22.84915,-0.25388,-0.53095,0.04310,0.80733,
1658228349362188288,19.81115,68.79667,22.84917,-0.28625,-0.53387,0.02585,0.79522,
1658228349958059264,15.63874,76.76534,22.84908,-0.32828,-0.52518,0.01654,0.78495,
1658228350560314624,10.59220,84.21010,22.84881,-0.35074,-0.52371,-0.00472,0.77633,
1658228351159491328,4.72414,91.02864,22.84803,-0.38053,-0.51938,-0.02001,0.76488,
1658228351757875456,-1.83839,97.18024,22.84824,-0.41608,-0.51500,-0.03334,0.74869,
1658228352360041984,-8.98505,102.64401,22.84794,-0.44250,-0.51107,-0.05180,0.73507,
1658228352958376192,-16.65036,107.35356,22.84765,-0.47510,-0.50606,-0.06690,0.71673,
1658228353560571136,-24.72442,111.32228,22.84747,0.50355,0.50029,0.08100,-0.69970,
1658228354158970624,-33.14314,114.49679,22.84729,0.52838,0.49564,0.09672,-0.68250,
1658228354758222592,-41.80956,116.91267,22.84758,0.55667,0.49322,0.11186,-0.65904,
1658228355360462336,-50.64892,118.59238,22.84629,0.58291,0.48632,0.12628,-0.63856,
1658228355959362048,-59.59958,119.50684,22.84685,0.60917,0.47740,0.13677,-0.61830,
1658228356561034752,-68.59482,119.71617,22.84693,0.63525,0.47030,0.15112,-0.59367,
1658228357159375104,-77.57940,119.22324,22.84632,0.65954,0.46214,0.16647,-0.56897,
1658228357757733888,-86.49988,118.04930,22.84668,0.68072,0.45694,0.17961,-0.54366,
1658228358359922432,-95.30936,116.21747,22.84540,0.70479,0.44824,0.18879,-0.51643,
1658228358958317824,-103.96185,113.74757,22.84629,0.72621,0.43991,0.20282,-0.48781,
1658228359560489728,-112.42377,110.68813,22.84519,0.74376,0.42761,0.21489,-0.46668,
1658228360158786048,-120.64736,107.03472,22.84555,0.76434,0.42018,0.22516,-0.43420,
1658228360757869056,-128.60622,102.83668,22.84530,0.78359,0.41464,0.23255,-0.39997,
1658228361359441664,-136.27070,98.12231,22.84553,0.79772,0.40617,0.24958,-0.36930,
1658228362259726080,-142.90541,93.02004,23.96150,-0.34059,-0.44331,-0.41652,0.71693,
1658228362958430208,-148.64385,86.86570,24.41378,-0.40725,-0.50134,-0.47117,0.60067,
1658228363757732864,-154.49101,79.76415,24.71494,-0.46790,-0.46966,-0.51389,0.54443,
1658228364560611840,-159.89959,72.28924,25.00157,0.50782,0.42074,0.56746,-0.49305,
1658228365359600384,-164.82817,64.47048,25.28038,0.55610,0.36740,0.60199,-0.43975,
1658228366158608640,-169.25692,56.35630,25.55780,0.59062,0.30261,0.64049,-0.38647,
1658228366958099712,-173.13148,48.01911,25.83501,0.62670,0.24256,0.66629,-0.32321,
1658228367758272000,-176.44395,39.49823,26.10106,0.65631,0.17880,0.68474,-0.26157,
1658228368560703488,-179.18879,30.85107,26.35446,0.67405,0.11340,0.70348,-0.19471,
1658228369361674240,-181.29902,22.33809,26.71227,0.69193,0.05657,0.70682,-0.13579,
1658228370159070464,-182.93424,13.20404,27.08389,0.70517,-0.01665,0.70569,-0.06677,
1658228370757280768,-183.97794,4.27884,27.43965,0.71238,-0.05746,0.69939,-0.00762,
1658228371459921408,-184.45925,-5.17122,27.56460,0.70593,-0.12060,0.69649,0.04494,
1658228372058091264,-184.35549,-14.16868,27.63606,0.62586,-0.20912,0.74777,0.07354,
1658228372657093376,-183.64866,-23.13904,27.69805,0.54753,-0.28301,0.78076,0.10262,
1658228373258869760,-182.34140,-32.04171,27.76013,0.46032,-0.35612,0.80324,0.12685,
1658228373857861888,-180.44094,-40.83688,27.82484,0.37219,-0.42529,0.81194,0.14612,
1658228374460261888,-177.96119,-49.48661,27.89324,0.28213,-0.48573,0.81032,0.16692,
1658228375060787456,-174.91688,-57.95401,27.96670,0.18976,-0.53400,0.79976,0.19800,
1658228375656177408,-171.32831,-66.20565,28.04620,0.08130,-0.59019,0.77071,0.22601,
1658228376259031808,-167.22000,-74.21121,28.12607,-0.03856,-0.63397,0.73031,0.25147,
1658228376857511424,-162.61660,-81.94315,28.14731,-0.16165,-0.65545,0.68660,0.26990,
1658228377459503616,-157.54087,-89.37368,28.15181,0.28197,0.67512,-0.62718,-0.26711,
1658228378057831424,-152.02731,-96.48532,28.14638,0.39938,0.67247,-0.57281,-0.24529,
1658228378656045312,-146.10128,-103.25738,28.13128,0.48190,0.68540,-0.49915,-0.22102,
1658228379258460416,-139.79035,-109.67215,28.10568,0.55240,0.69439,-0.42661,-0.17520,
1658228379857733376,-133.12199,-115.71454,28.07014,0.59404,0.72119,-0.33938,-0.10869,
1658228380461134848,-126.12128,-121.36845,28.02414,0.58816,0.76894,-0.24938,-0.02480,
1658228381058139904,-118.80652,-126.60947,27.96659,0.53045,0.83108,-0.16590,0.02013,
1658228381656806144,-111.20095,-131.41446,27.76075,0.45568,0.88533,-0.08758,0.02961,
1658228382258728704,-103.31597,-135.74347,27.52354,0.39729,0.91740,-0.01654,-0.01621,
1658228382857741312,-95.18209,-139.58298,27.26369,0.35930,0.93037,0.06207,-0.03820,
1658228383459297792,-86.83479,-142.93184,26.98801,0.28977,0.94578,0.13292,-0.06220,
1658228384057844992,-78.29801,-145.76407,26.72633,0.19287,0.95775,0.17683,-0.11934,
1658228384655701760,-69.60035,-148.05637,26.48070,0.10048,0.94796,0.20073,-0.22578,
1658228385259031040,-60.77294,-149.78457,26.24833,0.06345,0.91694,0.20593,-0.33585,
1658228385857406208,-52.74465,-150.84650,26.11776,0.06355,0.87264,0.21815,-0.43228,
1658228386459717376,-44.68801,-151.54075,25.87795,0.09096,0.82032,0.21402,-0.52249,
1658228387058223360,-35.69299,-151.61338,25.65632,0.14553,0.74829,0.25128,-0.59644,
1658228387655920384,-26.71307,-151.07450,25.45222,0.21933,0.66128,0.28857,-0.65675,
1658228388259100928,-17.78862,-149.94046,25.25425,-0.29435,-0.56685,-0.33083,0.69469,
1658228388856846592,-8.95915,-148.21622,25.05875,-0.37390,-0.45306,-0.37284,0.71828,
1658228389459098880,-0.26487,-145.90492,24.86238,-0.43578,-0.33591,-0.41983,0.72180,
1658228390057488128,8.25782,-143.02489,24.66138,-0.48483,-0.22058,-0.45411,0.71419,
1658228390655513344,16.57101,-139.58711,24.45075,0.51953,0.09611,0.47461,-0.70399,
1658228391358254080,23.98580,-135.73727,24.84685,0.53906,-0.03409,0.47777,-0.69281,
1658228392057996544,31.12548,-131.36341,24.44708,0.55211,-0.16862,0.46982,-0.66784,
1658228392857042688,38.63412,-125.98054,24.16765,0.55253,-0.31536,0.45236,-0.62501,
1658228393657441024,45.78414,-120.04085,23.90780,0.54072,-0.46317,0.42012,-0.56267,
1658228394459790848,52.43235,-113.65099,23.59921,0.51583,-0.59361,0.37960,-0.48729,
1658228395258206976,58.45041,-106.96563,23.29140,-0.48069,0.71067,-0.32698,0.39619,
1658228396057216512,63.83333,-100.03056,22.98727,-0.43501,0.80396,-0.27678,0.29632,
1658228396857248256,68.59861,-92.87508,22.69609,-0.37727,0.87918,-0.21903,0.19165,
1658228397655419392,72.71482,-85.50497,22.43822,-0.31146,0.93032,-0.17253,0.08798,
1658228398459531520,76.26082,-77.96234,22.20891,-0.23731,0.96442,-0.11633,-0.00677,
1658228399056756480,79.58790,-70.63460,21.73460,-0.18084,0.97683,-0.06737,-0.09252,
1658228399656344576,83.00866,-62.31450,21.53052,-0.12302,0.97728,-0.00182,-0.17261,
1658228400258036224,85.86756,-53.78490,21.33689,-0.06533,0.96494,0.05618,-0.24791,
1658228400856408832,88.15262,-45.08389,21.14334,0.00139,0.93529,0.11792,-0.33366,
1658228401458638080,89.88520,-36.25582,20.94849,0.06918,0.89161,0.18922,-0.40552,
1658228402058230528,91.02272,-27.33293,20.71409,0.13227,0.83605,0.24790,-0.47124,
1658228402655256320,91.56227,-18.35322,20.49893,0.19716,0.76526,0.30255,-0.53288,
1658228403257406976,91.51294,-9.35769,20.27551,0.26384,0.68038,0.35056,-0.58700,
1658228403857140224,90.87409,-0.38501,20.04160,-0.32322,-0.58282,-0.39403,0.63292,
1658228404459025152,89.64503,8.52575,19.79899,-0.37900,-0.47601,-0.43118,0.66622,
1658228405057231360,87.82443,17.33490,19.56299,-0.43390,-0.35209,-0.46317,0.68793,
1658228405655222528,85.43608,26.00968,19.43891,-0.46476,-0.23033,-0.48601,0.70338,
1658228406257946368,82.48805,34.51112,19.36159,-0.49415,-0.10377,-0.49524,0.70696,
1658228406856525312,78.97743,42.79617,19.30577,0.51272,-0.02772,0.49899,-0.69811,
1658228407458292224,74.91345,50.82446,19.29311,0.52312,-0.14961,0.49305,-0.67887,
1658228408056900864,70.30560,58.55338,19.30341,0.53205,-0.27301,0.47858,-0.64292,
1658228408654801664,65.16686,65.93978,19.33200,0.51890,-0.39536,0.46348,-0.59968,
1658228409257304064,59.51824,72.94366,19.39846,0.50584,-0.50337,0.44182,-0.54364,
1658228409856504576,53.39298,79.52878,19.36978,-0.48152,0.59967,-0.41543,0.48574,
1658228410458804736,46.82686,85.67448,19.60048,-0.45288,0.69152,-0.37873,0.41624,
1658228411057149184,39.80609,91.30128,19.71454,-0.41752,0.76896,-0.34368,0.34096,
1658228411654844928,32.39093,96.39705,19.81104,-0.37630,0.84023,-0.29506,0.25566,
1658228412257576960,24.61928,100.93053,19.92082,-0.33101,0.89529,-0.24541,0.16931,
1658228412856511232,16.53861,104.88707,20.03172,-0.27423,0.93929,-0.19111,0.07758,
1658228413458113536,8.19367,108.25068,20.14480,-0.21138,0.96860,-0.12966,-0.01779,
1658228414056486912,-0.37052,111.00802,20.27756,-0.14407,0.98132,-0.06081,-0.11206,
1658228414654640128,-9.10800,113.15121,20.45207,-0.07715,0.97444,0.01225,-0.21065,
1658228415256958208,-17.97437,114.67407,20.64225,0.00097,0.94935,0.08173,-0.30341,
1658228415857651456,-26.92475,115.57798,20.84725,0.08023,0.90521,0.15538,-0.38732,
1658228416457586432,-35.91584,115.86085,21.06837,0.15642,0.83974,0.22652,-0.46804,
1658228417057809152,-44.90328,115.52460,21.35341,0.22926,0.76302,0.29604,-0.52689,
1658228417654546432,-53.84618,114.57918,21.67217,0.30119,0.66535,0.34912,-0.58712,
1658228418257347072,-62.70539,113.03600,21.99392,-0.36555,-0.56546,-0.39548,0.62468,
1658228418855867904,-71.44147,110.90194,22.30517,-0.42124,-0.45616,-0.43717,0.65066,
1658228419457754368,-80.01510,108.18604,22.60051,-0.47237,-0.33929,-0.46696,0.66611,
1658228420056145152,-88.38797,104.90181,22.88262,0.51474,0.21900,0.49361,-0.66591,
1658228420655385856,-96.52133,101.06205,23.15529,0.54617,0.10104,0.51402,-0.65366,
1658228421257171456,-104.37524,96.67863,23.42261,0.57417,-0.01953,0.52721,-0.62610,
1658228421855066368,-111.91346,91.77175,23.68034,0.58522,-0.14361,0.53081,-0.59593,
1658228422457979904,-119.06363,86.31529,23.94440,0.60252,-0.26920,0.51949,-0.54281,
1658228423056437760,-125.85119,80.41691,24.27015,0.59171,-0.38544,0.51479,-0.48611,
1658228423654224896,-132.24418,74.09069,24.49488,0.56994,-0.49953,0.49767,-0.42185,
1658228424359435776,-138.00652,67.75506,24.62540,0.53506,-0.61466,0.46626,-0.34425,
1658228425156505856,-143.39388,61.58778,24.87490,-0.47341,0.71751,-0.43726,0.26432,
1658228425955513856,-148.45842,54.98888,25.14792,-0.39689,0.80848,-0.39419,0.18289,
1658228426755890688,-153.16408,47.89223,25.39429,-0.31052,0.88137,-0.34498,0.08804,
1658228427558330112,-157.42229,40.40348,25.66331,-0.21742,0.93492,-0.28041,-0.00457,
1658228428356778496,-161.17093,32.57833,25.88815,-0.12005,0.96346,-0.21801,-0.09900,
1658228429156838144,-164.31855,24.43860,26.10065,-0.01236,0.97128,-0.14069,-0.19151,
1658228429955761152,-166.85434,16.19191,26.29415,0.09060,0.95401,-0.06649,-0.27790,
1658228430755059456,-168.82672,8.02011,26.47583,0.18500,0.91913,-0.00451,-0.34779,
1658228431557918976,-167.22956,15.82304,28.53760,-0.14342,-0.66464,-0.14151,0.71949,
1658228432156138752,-164.67509,24.37109,29.13543,-0.11372,-0.67556,-0.11365,0.71956,
1658228432754556672,-161.53557,32.80137,28.92470,-0.08571,-0.67813,-0.08021,0.72550,
1658228433356655104,-157.84220,41.00322,28.68211,-0.05737,-0.67998,-0.04724,0.72946,
1658228433955398912,-153.62034,48.94361,28.36903,-0.02786,-0.68421,-0.01823,0.72853,
1658228434557101568,-148.89692,56.59464,28.01759,-0.00547,-0.68329,0.01096,0.73005,
1658228435156363776,-143.69331,63.92538,27.62182,0.01818,-0.68213,0.04410,0.72968,
1658228435754782464,-138.03198,70.90549,27.17609,0.04594,-0.67950,0.07401,0.72848,
1658228436356957952,-131.94221,77.51056,26.66602,0.07090,-0.66891,0.10169,0.73294,
1658228436955882496,-125.44015,83.69991,26.04364,0.09233,-0.66869,0.13160,0.72595,
1658228437557574144,-118.55480,89.45921,25.41462,0.11850,-0.66596,0.15525,0.71997,
1658228438156369920,-111.30603,94.75103,24.76584,0.14051,-0.65698,0.18083,0.71829,
1658228438753841664,-103.71574,99.53651,24.08913,0.17017,-0.65724,0.20402,0.70530,
1658228439356004864,-95.81589,103.79999,23.47016,0.19753,-0.64513,0.23136,0.70091,
1658228439954704128,-88.42840,107.14242,22.93760,0.21551,-0.63384,0.25945,0.69606,
1658228440653489152,-80.28946,110.08367,22.40922,0.23520,-0.62757,0.28493,0.68531,
1658228441255613184,-71.85140,112.55729,21.97040,0.18857,-0.53230,0.39242,0.72602,
1658228441854813696,-63.08911,114.55606,21.52627,0.12157,-0.40235,0.51015,0.75039,
1658228442457071360,-54.40658,115.91295,21.11630,0.04622,-0.25630,0.60832,0.74975,
1658228443055452672,-45.44446,116.64375,20.78606,-0.01478,-0.10434,0.68257,0.72319,
1658228443653734656,-36.45228,116.69308,20.47066,-0.06856,0.05195,0.73374,0.67396,
1658228444255978496,-27.48296,116.04224,20.17580,-0.11236,0.20165,0.76218,0.60480,
1658228444856561920,-18.59332,114.68121,19.89307,-0.15371,0.34339,0.76546,0.52204,
1658228445456372992,-9.85534,112.55414,19.62333,-0.19601,0.47098,0.74835,0.42396,
1658228446054808576,-1.33416,109.68020,19.34175,-0.23294,0.58418,0.71178,0.31279,
1658228446653404160,6.90272,106.07079,19.06528,-0.25775,0.68411,0.65564,0.18892,
1658228447256309760,14.77889,101.73012,18.79384,-0.27585,0.76254,0.58138,0.06661,
1658228447854533120,22.23365,96.70013,18.52430,-0.28804,0.81803,0.49440,-0.05855,
1658228448456843008,29.19656,91.00868,18.25642,-0.29488,0.84928,0.39458,-0.18994,
1658228449055859200,35.62644,84.72135,17.98918,-0.29199,0.85641,0.28451,-0.31679,
1658228449654308352,41.55279,77.95434,17.72715,-0.27902,0.83907,0.15974,-0.43885,
1658228450255588096,47.14819,70.91312,17.44293,-0.25333,0.79054,0.02865,-0.55682,
1658228450853999360,52.27790,63.52327,17.21540,-0.22292,0.72040,-0.10761,-0.64788,
1658228451456213504,56.96348,55.84362,16.99316,0.17648,-0.61477,0.23823,0.73086,
1658228452054483456,61.26144,47.94000,16.77979,0.12548,-0.49049,0.36349,0.78202,
1658228452653493760,65.19092,39.84565,16.61987,0.06364,-0.33558,0.47659,0.81006,
1658228453259164928,68.65652,31.54324,16.47247,0.00018,-0.17243,0.57421,0.80034,
1658228453854883328,71.47811,23.00006,16.42425,-0.06969,0.00865,0.65030,0.75643,
1658228454456632576,73.64966,14.27058,16.61680,-0.13382,0.18370,0.70027,0.67673,
1658228455054956544,75.03932,5.38724,16.90679,-0.19073,0.35429,0.71787,0.56813,
1658228455652730368,75.64771,-3.57117,17.48094,-0.23780,0.49960,0.70539,0.44303,
1658228456255374080,75.44275,-12.54939,18.02200,-0.27121,0.62346,0.66662,0.30554,
1658228456853735680,74.42874,-21.47444,18.53728,-0.29302,0.72519,0.60033,0.16686,
1658228457455893760,72.58871,-30.26857,19.01756,-0.30989,0.79334,0.52325,0.02799,
1658228458054252032,70.04785,-38.88796,19.47548,-0.30970,0.84359,0.42385,-0.11308,
1658228458652648448,66.86011,-47.29076,19.91912,-0.30436,0.86602,0.31236,-0.24455,
1658228459255763456,63.14058,-55.47354,20.34003,-0.29539,0.86613,0.18824,-0.35656,
1658228459854022144,58.84337,-63.36959,20.72812,-0.28344,0.84195,0.05304,-0.45603,
1658228460456487168,53.96737,-70.92202,21.11491,-0.26263,0.78931,-0.08230,-0.54886,
1658228461054772480,48.55532,-78.09932,21.51625,-0.23267,0.71668,-0.21500,-0.62130,
1658228461652673536,42.63431,-84.86215,21.93022,0.19668,-0.62575,0.33506,0.67638,
1658228462257798912,36.23757,-91.17612,22.35458,0.15455,-0.51434,0.45396,0.71098,
1658228462853621248,29.39582,-97.00432,22.78713,0.11422,-0.39105,0.55772,0.72318,
1658228463458464512,22.14228,-102.31076,23.22596,0.06700,-0.24572,0.65140,0.71471,
1658228464054055168,14.51693,-107.06455,23.69628,0.01627,-0.10364,0.72109,0.68485,
1658228464652678656,6.57542,-111.26398,24.21019,-0.04038,0.05064,0.77205,0.63225,
1658228465255674112,-1.62332,-114.92863,24.77953,-0.10454,0.19066,0.80106,0.55769,
1658228465853952000,-10.02242,-118.09549,25.41760,-0.16996,0.33288,0.80783,0.45575,
1658228466456197376,-18.52582,-120.95707,26.12506,-0.23598,0.46423,0.78831,0.32766,
1658228467054370048,-26.82700,-123.92597,26.89396,-0.30242,0.57344,0.73963,0.18068,
1658228467655155968,-34.23858,-128.52230,27.72591,-0.35464,0.65796,0.66429,0.00594,
1658228468254825216,-41.94207,-133.02482,28.41533,-0.39709,0.70863,0.55794,-0.16992,
1658228468853237248,-50.71191,-134.86293,28.99211,-0.41800,0.72787,0.42337,-0.34093,
1658228469455386112,-59.69001,-135.04175,29.44995,-0.42411,0.71361,0.26844,-0.48870,
1658228470053777408,-68.61809,-134.01415,29.82188,-0.40913,0.66372,0.10593,-0.61714,
1658228470652441344,-77.36975,-131.94049,29.84631,0.38452,-0.59125,0.05823,0.70652,
1658228471255474688,-85.55967,-128.96329,29.84187,0.35223,-0.49371,0.21598,0.76520,
1658228471854380800,-93.65419,-125.03962,29.78059,0.31385,-0.37956,0.35685,0.79378,
1658228472455777280,-101.33281,-120.35088,29.70986,0.27404,-0.26106,0.48689,0.78720,
1658228473053462272,-108.57511,-115.01364,29.63955,0.23136,-0.13276,0.59322,0.75957,
1658228473652376576,-115.33181,-109.07210,29.57991,0.18153,-0.00700,0.68157,0.70885,
1658228474254546176,-121.52817,-102.61035,29.52600,0.13110,0.12213,0.74926,0.63758,
1658228474853045760,-127.23095,-95.70878,29.59302,0.07391,0.24163,0.79287,0.55454,
1658228475455469312,-132.55442,-88.45341,29.64289,0.03068,0.35991,0.81227,0.45799,
1658228476053464064,-137.36556,-80.90905,29.68485,-0.02020,0.46591,0.81460,0.34488,
1658228476651903488,-141.80049,-73.07900,29.69249,-0.07290,0.55295,0.79937,0.22345,
1658228477257296896,-145.77228,-65.00417,29.67936,-0.11900,0.63319,0.75957,0.08921,
1658228477853316352,-149.24502,-56.70282,29.63942,-0.16041,0.69598,0.69859,-0.04307,
1658228478455627008,-152.19473,-48.20185,29.57177,-0.20137,0.73407,0.62563,-0.17081,
1658228479056349952,-154.55228,-39.51845,29.47386,-0.23518,0.75880,0.53025,-0.29622,
1658228479651900928,-156.28795,-30.69045,29.36024,-0.26155,0.75861,0.42503,-0.41886,
1658228480254373888,-157.35464,-21.75887,29.18504,-0.28605,0.73812,0.30469,-0.52965,
1658228480852721920,-157.62053,-12.76756,29.00116,-0.29608,0.69694,0.17612,-0.62896,
1658228481454821632,-157.07742,-3.78732,28.91747,0.30566,-0.63800,-0.04859,0.70510,
1658228482053344000,-155.70897,5.10410,28.81835,0.29904,-0.55292,0.08590,0.77296,
1658228482652120832,-153.46534,13.81520,28.69168,0.28209,-0.44990,0.22088,0.81807,
1658228483254860288,-150.32247,22.24264,28.52953,0.25049,-0.33390,0.34776,0.83954,
1658228483853014528,-146.28484,30.27791,28.30009,0.20346,-0.19953,0.46930,0.83579,
1658228484455258880,-141.36077,37.80039,28.02052,0.14481,-0.04971,0.57955,0.80042,
1658228485054630400,-135.58410,44.68575,27.67875,0.07734,0.10152,0.67011,0.73121,
1658228485651605248,-129.01118,50.80675,27.18903,-0.00067,0.25177,0.73703,0.62722,
1658228486254108160,-121.67085,55.97370,26.66278,-0.07774,0.39309,0.77284,0.49209,
1658228486852409856,-113.51500,59.68717,26.07323,-0.15462,0.51420,0.77436,0.33474,
1658228487454666496,-104.67882,61.06174,25.46722,-0.22129,0.61105,0.74405,0.15506,
1658228488053542912,-95.99967,59.06758,24.99616,-0.27522,0.67923,0.67972,-0.02958,
1658228489355268608,-95.90867,50.53542,26.12534,0.61272,0.13396,0.72841,-0.27578,
1658228489954881792,-100.74883,43.39275,27.51274,0.48069,-0.39953,0.70198,0.34137,
1658228490555424000,-104.68917,35.74716,28.84534,0.05027,-0.64482,0.18372,0.74022,
1658228491156635136,-107.98649,27.79197,30.07782,-0.32168,-0.56389,-0.27345,0.70977,
1658228491752046080,-110.28585,19.48170,31.18064,0.58558,0.29543,0.62770,-0.41931,
1658228492354913536,-111.63191,10.99099,32.10510,0.65206,-0.03245,0.75311,-0.08114,
1658228492953106176,-111.67847,2.52514,33.06482,0.53496,-0.37618,0.67565,0.34030,
1658228493554918144,-110.60921,-6.01644,33.82691,0.25324,-0.60772,0.38942,0.64412,
1658228494153095936,-108.42632,-14.33776,34.36713,-0.09842,-0.65924,0.01125,0.74538,
1658228494752723200,-105.20014,-22.11047,34.89755,-0.43065,-0.51910,-0.36863,0.63968,
1658228495354895360,-100.93568,-29.48257,35.15701,0.65264,0.20505,0.65767,-0.31543,
1658228495953059072,-95.72592,-36.15761,35.34714,0.64454,-0.21702,0.71638,0.15580,
1658228496555219968,-89.65588,-41.88043,35.16445,0.29081,-0.60809,0.40019,0.62088,
1658228497153486848,-82.93881,-47.12805,34.73318,-0.10943,-0.68181,-0.00049,0.72330,
1658228497751772928,-75.62696,-51.60178,34.00190,-0.47777,-0.52975,-0.36075,0.60080,
1658228498354356480,-67.70978,-55.25653,33.24843,0.65310,0.22676,0.61779,-0.37467,
1658228498953024256,-59.09583,-57.26555,32.22661,0.55433,-0.47358,0.64991,0.21462,
1658228499554815232,-50.28283,-58.19973,30.97518,0.00550,0.73234,-0.20568,-0.64911,
1658228500152800256,-41.45686,-57.98968,29.56096,0.55086,0.46281,0.32876,-0.61178,
1658228500752126720,-32.79588,-56.26263,28.08007,0.71761,-0.19206,0.66468,-0.07975,
1658228501354331136,-24.53947,-53.25320,26.37351,-0.23505,0.64169,-0.51257,-0.51986,
1658228501952707584,-16.85853,-48.94324,24.70030,-0.42709,-0.60571,0.07634,0.66699,
1658228502555092224,-10.27068,-43.13705,23.15376,0.82161,0.15276,0.45468,-0.30804,
1658228503153256704,-4.90112,-36.20294,21.77968,0.61703,-0.38093,0.65534,0.21141,
1658228503751637248,-1.12385,-28.39480,20.57301,-0.04354,0.64501,-0.50178,-0.57470,
1658228504355531008,0.37759,-19.97325,19.42362,0.62338,0.57122,0.04846,-0.53176,
1658228504952070400,-0.14785,-11.42037,18.61148,0.78653,0.19094,0.55933,-0.17905,
1658228505554296832,-2.45879,-3.42438,18.11286,0.58735,-0.25655,0.75309,0.14850,
1658228506152535296,-6.71001,3.94549,17.87069,-0.09129,0.67925,-0.52481,-0.50484,
1658228506752376576,-12.61594,9.74781,18.19006,0.48594,0.67664,0.08266,-0.54698,
1658228507354220800,-19.91121,14.28856,18.72537,0.72320,0.22747,0.60534,-0.24249,
1658228507952497152,-28.08106,17.01078,19.94533,0.50682,-0.30637,0.79779,0.11312,
1658228508554887424,-36.87722,17.46047,21.02354,0.08338,0.75738,-0.37732,-0.52636,
1658228509152939264,-45.37655,15.50819,22.62756,0.61547,0.54372,0.28311,-0.49539,
1658228509751289344,-52.92215,11.03879,24.25957,0.69339,-0.05063,0.69746,-0.17377,
1658228510355644160,-57.99906,4.20922,25.65453,-0.27186,0.65880,-0.58697,-0.38412,
1658228510951830272,-60.22918,-3.82261,26.70339,0.32909,0.70466,-0.11658,-0.61771,
1658228511553983488,-58.93356,-11.77476,27.56232,0.77371,0.24799,0.47773,-0.33414,
1658228512252702208,-54.10021,-19.58685,27.67774,0.49900,-0.45039,0.72381,0.15572,
1658228512852556288,-47.29770,-23.74274,26.78110,0.09392,0.81547,-0.31188,-0.47846,
1658228513454183936,-38.98003,-25.05208,25.74954,0.60634,0.59470,0.21673,-0.48136,
1658228514052528896,-31.43522,-22.20026,24.23430,0.69620,-0.09680,0.70955,0.04972,
1658228514650359040,-26.49980,-15.73950,23.04843,-0.08273,0.68269,-0.51738,-0.50933,
1658228515453763328,-27.34483,-6.54208,22.34432,0.70504,0.52423,0.20377,-0.43196,
1658228516252837888,-34.23039,-1.59186,22.75099,0.57909,-0.32823,0.66804,0.33263,
1658228517052166400,-42.25087,-3.45735,24.11536,0.54889,0.54352,0.01999,-0.63475,
1658228517650551296,-44.65822,-11.59362,24.96206,0.65127,-0.17336,0.63817,0.37219,
1658228518252419584,-37.91863,-16.43063,24.46607,-0.47175,-0.55139,0.07467,0.68399,
1658228518952427008,-33.39738,-8.87627,23.52904,0.59942,-0.20499,0.63547,0.44141,
1658228519650029056,-41.62639,-9.29340,24.46682,0.67056,0.49358,0.10791,-0.54322,
1658228520353475328,-35.37225,-14.38814,24.03217,0.37260,-0.34440,0.59000,0.62806,
1658228521152695808,-38.61736,-7.01491,24.00490,0.86239,0.25028,0.42623,-0.10942,
1658228546152101376,-33.10044,-1.03487,23.81514,-0.21643,-0.66346,-0.19901,0.68803,
1658228547552729600,-36.10168,6.56163,23.80994,-0.37026,-0.59790,-0.35855,0.61389,
1658228548552529920,-42.62097,11.35128,23.82192,-0.48371,-0.51261,-0.46842,0.53276,
1658228549451905024,-51.07552,13.52236,23.81834,0.56865,0.42225,0.55017,-0.44233,
1658228550151699200,-59.27001,12.65917,23.81018,0.62658,0.33612,0.60400,-0.36001,
1658228550750292224,-63.69288,4.85504,23.86427,0.62146,-0.35414,0.57633,0.39525,
1658228551352173568,-65.62524,-3.90041,23.89355,-0.00760,-0.67436,-0.00262,0.73836,
1658228551950495488,-64.78783,-12.82452,23.90550,0.64176,0.34324,0.57007,-0.38124,
1658228552552788992,-61.14487,-21.00995,23.90990,0.65913,-0.30538,0.59246,0.34825,
1658228553151008000,-54.96804,-27.49392,23.91141,0.05080,-0.65942,0.04961,0.74841,
1658228553749333504,-46.91087,-31.39305,23.91189,0.61156,0.38958,0.53212,-0.43711,
1658228554351506944,-37.99005,-32.06431,23.91203,0.69492,-0.24278,0.61222,0.28867,
1658228554950625024,-29.50973,-29.23740,23.91205,0.12791,-0.64678,0.11981,0.74227,
1658228555552062976,-22.93245,-23.19461,23.91207,0.55657,0.45317,0.48065,-0.50383,
1658228556151493376,-19.59655,-14.91725,23.91208,0.72550,-0.15694,0.63936,0.20061,
1658228556850291456,-21.01151,-7.01662,23.95139,-0.31666,-0.60653,-0.25867,0.68186,
1658228557452530432,-25.39778,-0.19892,23.92369,0.75181,-0.00950,0.65791,0.04295,
1658228558052847360,-33.18385,4.05775,23.91338,0.37398,-0.55215,0.34733,0.65926,
1658228558648499968,-41.98524,3.08600,23.91214,-0.35519,-0.59059,-0.27190,0.67165,
1658228559251198720,-47.63207,-3.56290,23.90356,0.66680,-0.28768,0.57656,0.37444,
1658228559849426176,-47.33766,-12.21017,23.90246,-0.38967,-0.57010,-0.29685,0.65956,
1658228560451795200,-40.62850,-17.53610,23.90195,0.65308,-0.30099,0.56072,0.41048,
1658228561049891584,-32.81324,-14.42613,23.90077,-0.42857,-0.54838,-0.31548,0.64504,
1658228565251026432,-25.71242,-19.19429,23.76562,0.43238,-0.48149,0.32082,0.69159,
1658228565949645056,-16.52551,-20.08457,23.76471,0.31317,-0.52678,0.21998,0.75897,
1658228566552466176,-8.00913,-17.36577,23.76529,0.19660,-0.55204,0.12839,0.80007,
1658228567150065920,-1.35850,-11.39769,23.76872,0.07343,-0.55809,0.03377,0.82583,
1658228567748299520,2.23749,-3.21621,23.77564,-0.04597,-0.55086,-0.06328,0.83092,
1658228568350579712,2.60248,5.73158,23.77949,-0.16900,-0.53079,-0.15218,0.81642,
1658228568949938688,0.16713,14.36540,23.78441,-0.28400,-0.49622,-0.24047,0.78440,
1658228569552699136,-4.41013,22.08965,23.78857,-0.39611,-0.44959,-0.31821,0.73465,
1658228570150483968,-10.51943,28.68392,23.78331,-0.49040,-0.39011,-0.38766,0.67604,
1658228570749185792,-17.87092,33.84511,23.78817,0.58611,0.31901,0.44657,-0.59606,
1658228571350988288,-26.09085,37.48370,23.78666,0.66321,0.23841,0.49556,-0.50768,
1658228572049669632,-34.92089,39.55704,23.77993,0.73291,0.14178,0.53177,-0.39996,
1658228572748250112,-43.99316,39.85069,23.77838,0.78223,0.04183,0.55395,-0.28197,
1658228573350312704,-52.85171,38.33466,23.78974,0.81389,-0.05365,0.55490,-0.16368,
1658228573949853696,-61.31949,35.31389,23.78666,0.82593,-0.13851,0.54420,-0.05000,
1658228574552055552,-69.10081,30.82123,23.78980,0.82065,-0.22564,0.52086,0.06577,
1658228575351184896,-76.12959,24.90015,23.77475,0.79442,-0.31979,0.48053,0.18899,
1658228576049897216,-81.83481,17.81752,23.77879,0.75595,-0.38965,0.43104,0.30154,
1658228576748461568,-86.17076,9.82456,23.78531,0.70182,-0.44747,0.37421,0.40889,
1658228577848557312,-86.54003,1.53889,23.89531,0.54013,-0.55063,0.50979,0.38102,
1658228578451152640,-86.52653,-7.44868,23.94445,0.02014,0.71655,0.10130,-0.68985,
1658228579049285376,-84.86124,-16.28031,23.97156,0.53240,0.36945,0.63460,-0.42112,
1658228579647761152,-81.57066,-24.64297,23.98525,0.66866,-0.21282,0.69170,0.17075,
1658228580452271872,-76.11940,-31.74532,23.96807,-0.05189,-0.70182,-0.10022,0.70336,
1658228581049734144,-69.89871,-38.22838,23.98169,0.58006,0.35600,0.61305,-0.40120,
1658228581647813632,-62.47941,-43.29448,23.98986,0.67069,-0.26425,0.66254,0.20343,
1658228582250269696,-54.15747,-46.67671,23.99373,-0.25635,0.68511,-0.20556,-0.65012,
1658228582848651264,-45.30017,-48.16805,23.99443,-0.35966,-0.58511,-0.40677,0.60235,
1658228583450789632,-36.33468,-47.64127,23.99530,0.70081,0.04460,0.70557,-0.09511,
1658228584049031424,-27.73263,-45.06457,23.99597,0.51005,-0.52938,0.47185,0.48678,
1658228584647314944,-19.99085,-40.51761,23.99590,-0.06718,-0.69648,-0.12529,0.70335,
1658228585250784256,-13.60260,-34.21088,23.99501,0.59547,0.33474,0.62216,-0.38247,
1658228585849149696,-9.13547,-26.44686,23.98898,0.64710,-0.33406,0.62004,0.29192,
1658228586451362816,-6.83319,-17.80336,23.97861,-0.14842,0.69664,-0.08675,-0.69652,
1658228587049460736,-6.90315,-8.83811,23.97876,-0.47114,-0.49123,-0.49046,0.54421,
1658228587648229888,-9.22595,-0.17292,23.97000,0.71971,0.05245,0.68489,-0.10096,
1658228588250096896,-13.95932,7.44336,23.96715,0.61332,-0.40053,0.56301,0.38268,
1658228588949883136,-20.83122,13.17736,23.96891,0.14950,-0.67990,0.11269,0.70901,
1658228589551053056,-29.09642,16.64611,23.96706,-0.34529,-0.59416,-0.34642,0.63855,
1658228590149518336,-38.03281,17.30029,23.96641,0.67797,0.22957,0.64478,-0.26817,
1658228590747735808,-46.68445,14.97814,23.96623,0.69445,-0.23740,0.63829,0.23233,
1658228591349786880,-54.03904,9.86833,23.96625,0.37946,-0.58577,0.34010,0.63025,
1658228591948950528,-59.16396,2.52708,23.96627,-0.11642,-0.66824,-0.11138,0.72629,
1658228592553410304,-61.33671,-6.15526,23.96620,0.55878,0.43598,0.51085,-0.48654,
1658228593149520128,-60.16006,-15.02391,23.96610,0.74120,0.01163,0.67115,-0.00676,
1658228593747968768,-55.69194,-22.76984,23.96612,0.57445,-0.41472,0.51681,0.48054,
1658228594350084864,-48.53095,-28.11792,23.96619,0.12496,-0.66149,0.13175,0.72764,
1658228594948889856,-39.81635,-30.08601,23.96616,-0.37458,-0.58786,-0.31893,0.64218,
1658228595550785536,-31.08159,-28.22747,23.96602,0.69865,0.24308,0.62174,-0.25737,
1658228596149614080,-24.00357,-22.79039,23.96611,0.70584,-0.20784,0.62874,0.25155,
1658228596747147776,-20.30107,-14.66047,23.98140,0.26614,-0.60577,0.25358,0.70563,
1658228597349390080,-20.77699,-5.75987,23.98354,-0.33171,-0.60447,-0.26256,0.67502,
1658228597948843008,-25.56843,1.74423,23.98367,0.72508,0.22622,0.61194,-0.22049,
1658228598550929664,-33.52378,5.71985,23.98348,0.65990,-0.28664,0.58185,0.37923,
1658228599149415424,-42.36392,4.84580,23.98321,0.17737,-0.61926,0.19134,0.74057,
1658228602349404928,-49.79352,8.14258,23.93051,-0.28040,-0.61163,-0.16809,0.72044,
1658228603349071872,-56.20298,13.82067,23.96061,-0.39437,-0.57288,-0.25874,0.67033,
1658228604048820736,-63.96128,17.59293,23.96266,-0.46512,-0.53973,-0.31955,0.62469,
1658228604747448320,-72.32699,18.55204,23.96431,0.52875,0.50117,0.37077,-0.57600,
1658228605550715904,-81.16031,15.83859,23.96180,0.59760,0.45573,0.41458,-0.51314,
1658228606249107456,-87.81361,10.50816,23.94698,0.64902,0.41249,0.45678,-0.44720,
1658228606847818496,-91.92108,3.00824,23.96328,0.69410,0.36838,0.48654,-0.38183,
1658228607550040576,-94.81895,-5.43329,23.96460,0.73163,0.31555,0.51878,-0.30986,
1658228608248620288,-96.25353,-14.32990,23.94661,0.75989,0.26334,0.54752,-0.23118,
1658228609350697728,-104.88286,-17.51096,24.10453,-0.13900,-0.66486,-0.20095,0.70587,
1658228609948674816,-113.45944,-18.78615,24.10485,-0.14471,-0.66928,-0.19801,0.70137,
1658228610550403584,-121.97431,-19.88449,24.10892,-0.14908,-0.66976,-0.19278,0.70145,
1658228611148705024,-130.35580,-20.75474,24.07976,-0.14345,-0.66439,-0.20452,0.70439,
1658228611747160064,-138.61178,-21.42890,24.08600,-0.13553,-0.66825,-0.20973,0.70078,
1658228612550004736,-145.97007,-26.05042,23.58242,-0.34898,0.79540,0.07608,-0.48967,
1658228613148352768,-151.63874,-32.39363,22.01627,-0.33851,0.78631,0.02779,-0.51609,
1658228613847657472,-157.43605,-39.20129,20.47895,-0.32375,0.81050,0.07185,-0.48282,
1658228617349145600,-153.12772,-44.22877,25.05613,-0.18401,0.76982,0.00199,-0.61116,
1658228622148339456,-152.66913,-41.62891,32.71280,-0.33981,0.68906,-0.22874,-0.59784,
1658228624946906112,-159.74584,-43.10519,37.11366,-0.40121,0.61413,-0.34262,-0.58694,
1658228627351468800,-166.74393,-45.26283,40.85309,-0.32448,0.70423,-0.20530,-0.59718,
1658228629746264576,-174.09644,-47.24599,44.58617,-0.43152,0.58720,-0.36632,-0.57861,
1658228631946696192,-181.07776,-49.75606,48.00936,-0.25869,0.70273,-0.18561,-0.63623,
1658228634147708160,-188.72542,-52.01816,51.40690,0.53122,-0.50753,0.46094,0.49774,
1658228636348057344,-196.36835,-54.23876,54.79214,-0.25507,0.69335,-0.17760,-0.65012,
1658228638548309504,-203.67278,-57.56250,58.16674,-0.27828,0.66598,-0.22312,-0.65517,
1658228640745817088,-210.33091,-62.01716,61.48987,-0.28197,0.66940,-0.15881,-0.66871,
1658228642747085568,-216.07624,-66.70732,64.54005,0.22156,-0.67738,0.15866,0.68330,
1658228644947466752,-222.02594,-71.66725,67.88844,0.26001,0.65581,0.29284,-0.64541,
1658228647147715840,-226.45272,-78.00648,71.22418,0.02361,-0.68596,-0.12598,0.71626,
1658228649746230272,-226.43262,-85.60530,75.09501,-0.33871,-0.50727,-0.55582,0.56482,
1658228652548387840,-223.37827,-91.84796,79.34868,-0.01189,-0.52224,-0.03554,0.85197,
1658228655745497856,-217.23245,-94.18501,84.17576,0.57519,0.18388,0.68564,-0.40649,
1658228658347289600,-212.49171,-88.20258,87.73786,-0.49135,0.36891,-0.50044,0.60995,
1658228660644164864,-211.77613,-81.29280,92.68614,0.75546,0.07081,0.63369,-0.15066,
1658228662146704384,-209.78852,-74.85376,97.18614,0.50117,-0.41957,0.68552,0.32070,
1658228664551724800,-208.71080,-71.15072,104.38614,0.71997,-0.28605,0.57125,0.27107,
1658228667145522944,-207.00170,-68.73425,112.18614,0.75071,-0.03367,0.63580,0.17622,
1658228669643542784,-204.36889,-66.92243,119.68614,0.88085,0.20562,0.40697,-0.12728,
1658228672346830336,-204.61461,-67.27235,127.78614,0.81940,0.33170,-0.39511,0.24989,
1658228675045500160,-204.49419,-67.27323,135.88614,0.93301,0.27342,0.17950,0.15007,
1658228677643656960,-202.14549,-68.24499,143.68614,0.93479,0.09344,0.30607,0.15415,
1658228680346518784,-201.89861,-68.50360,151.78614,0.85415,-0.02491,0.42400,0.30007,
1658228683045461248,-202.32383,-69.23761,159.88614,0.81567,-0.02897,0.35835,0.45324,
1658228684944110848,-203.17182,-74.83986,165.58614,0.45733,-0.10649,0.21117,0.85727,
1658228685944708864,-195.34850,-76.64372,167.08482,-0.09463,-0.12990,0.10410,0.98150,
1658228686547010816,-187.54558,-73.49813,167.08477,-0.16519,-0.09592,0.09054,0.97740,
1658228687145530880,-179.48697,-69.49400,167.08431,-0.21402,-0.04793,0.07641,0.97266,
1658228687743674880,-171.66310,-65.04760,167.08411,-0.25251,-0.01422,0.06798,0.96510,
1658228688346717952,-164.09120,-60.18654,167.08659,-0.24982,-0.41671,-0.14494,0.86194,
1658228688944209152,-156.84485,-55.01628,167.08727,-0.23103,-0.65642,-0.26031,0.66931,
1658228689546373632,-149.62696,-49.75372,167.08650,-0.28365,-0.63436,-0.24014,0.67784,
1658228690144644864,-142.57999,-44.24508,167.08199,-0.27961,-0.62886,-0.27951,0.66950,
1658228690743013376,-135.74080,-38.49301,167.07956,-0.30590,-0.61807,-0.28245,0.66681,
1658228691345456896,-129.08708,-32.44270,167.06436,-0.32805,-0.60680,-0.29045,0.66319,
1658228691943619584,-122.78807,-26.08806,167.06519,-0.34797,-0.59085,-0.29743,0.66434,
1658228692546296064,-116.85478,-19.33914,167.05584,-0.37382,-0.57428,-0.29682,0.66510,
1658228693144965888,-111.38356,-12.22212,166.98872,-0.40321,-0.56565,-0.29614,0.65556,
1658228693743508480,-106.51867,-4.75878,166.93760,-0.44111,-0.54857,-0.29696,0.64522,
1658228694345787648,-102.29224,3.11935,166.82956,-0.47863,-0.53535,-0.29236,0.63154,
1658228694943811328,-98.92076,11.42431,166.70459,-0.49472,-0.52807,-0.29753,0.62279,
1658228695545998592,-96.61298,20.11626,166.50747,-0.49171,-0.52499,-0.30174,0.62575,
1658228696144484608,-96.31059,29.03594,166.48778,0.52433,0.50443,0.29793,-0.61796,
1658228696742788352,-98.01125,37.45041,166.30856,0.56257,0.47872,0.30162,-0.60280,
1658228697345040896,-102.44750,44.87113,166.11654,0.59456,0.43769,0.33227,-0.58697,
1658228698044761344,-109.00952,51.23401,165.90106,0.66404,0.43859,0.33708,-0.50306,
1658228699044320768,-101.69344,46.55140,167.08608,0.67767,0.40926,0.30538,-0.52916,
1658228701043870208,-103.94391,54.45385,167.08718,0.76905,0.34003,0.21217,-0.49792,
1658228701642156800,-109.07378,61.84843,167.08679,0.79534,0.30878,0.18231,-0.48872,
1658228702247543552,-114.39522,69.10631,167.08687,0.82587,0.27920,0.15467,-0.46483,
1658228702843940608,-119.93447,76.19144,167.08656,0.85252,0.25449,0.12628,-0.43874,
1658228703445934080,-125.73798,83.06960,167.08588,0.87576,0.22060,0.08258,-0.42138,
1658228704044291328,-131.79726,89.72371,167.08586,0.89136,0.18624,0.05658,-0.40937,
1658228704642285824,-138.08768,96.15957,167.08536,0.90931,0.15880,0.03315,-0.38319,
1658228705244893184,-144.62322,102.34641,167.08560,0.92580,0.12755,0.00513,-0.35580,
1658228705844003072,-151.42366,108.24037,167.08538,0.93860,0.09891,-0.02328,-0.32971,
1658228706445410304,-158.48743,113.81624,167.08513,0.94928,0.06901,-0.05262,-0.30223,
1658228707043412736,-165.81584,119.03892,167.08441,0.95750,0.03745,-0.08181,-0.27403,
1658228707641895680,-173.41404,123.86030,167.08405,0.96154,0.00531,-0.11951,-0.24726,
1658228708244217600,-181.26375,128.26067,167.08431,0.96375,-0.02818,-0.15369,-0.21625,
1658228708843651840,-189.35715,132.19404,167.08408,0.96362,-0.05601,-0.18301,-0.18655,
1658228709446386432,-197.68260,135.60882,167.08395,0.95766,-0.09067,-0.22267,-0.15840,
1658228710045022208,-206.17337,138.45520,167.08388,0.95342,-0.11948,-0.24735,-0.12465,
1658228710643854592,-214.86503,140.71252,167.08316,0.94438,-0.15503,-0.27766,-0.08377,
1658228711244019456,-223.72648,142.27086,167.08369,0.93203,-0.18162,-0.30896,-0.05361,
1658228711843003648,-232.68740,143.08118,167.08367,0.92067,-0.20812,-0.32868,-0.03206,
1658228712445166080,-241.68389,143.10834,167.08386,0.90388,-0.24752,-0.34872,0.01125,
1658228713043400704,-250.63761,142.23066,167.08337,0.88463,-0.26789,-0.38052,0.02955,
1658228713642447616,-259.45578,140.45145,167.08309,0.86696,-0.30139,-0.39124,0.06693,
1658228714244026368,-268.03815,137.75498,167.08201,0.84104,-0.32495,-0.42234,0.09323,
1658228714843373568,-276.27551,134.14013,167.08349,0.81542,-0.35074,-0.44349,0.12407,
1658228715447109376,-284.05609,129.62581,167.08389,0.79302,-0.36926,-0.46168,0.14705,
1658228716046255872,-291.29685,124.28805,167.08425,0.75943,-0.39641,-0.48388,0.17884,
1658228716641914624,-297.89248,118.19225,167.08290,0.72705,-0.42037,-0.50181,0.20706,
1658228717244421120,-303.80044,111.40845,167.08429,0.69231,-0.44619,-0.51655,0.23406,
1658228717842749952,-308.80509,104.13066,167.07681,-0.23539,0.70811,0.01000,-0.66564,
1658228718444930304,-313.64638,96.67289,167.08047,0.10981,-0.69958,0.07128,0.70246,
1658228719043407104,-318.33460,89.23767,167.07949,0.08397,-0.69795,0.05854,0.70879,
1658228719641476352,-322.77497,81.97104,167.08199,0.05970,-0.69276,0.04354,0.71737,
1658228720243738368,-326.85672,74.93728,167.07640,0.03314,-0.68542,0.03464,0.72657,
1658228720942566144,-330.99795,67.25773,167.04930,0.00334,-0.67262,0.02967,0.73938,
1658228721742573824,-334.55136,59.54782,166.97774,-0.02405,-0.65733,0.01756,0.75302,
1658228724143491328,-325.83660,58.87298,166.80012,-0.02610,-0.61323,0.03499,0.78870,
1658228724741868032,-318.98283,64.70464,166.88699,0.09535,-0.57492,0.15697,0.79733,
1658228725641221120,-312.06491,70.05194,166.82312,0.18318,-0.54976,0.18180,0.79445,
1658228726344408576,-305.13928,74.88914,166.75789,0.26465,-0.50498,0.23396,0.78754,
1658228727146020608,-297.57336,79.76256,166.69077,0.25159,-0.48934,0.29908,0.77962,
1658228728344523520,-304.42671,73.96430,166.99164,-0.26303,-0.51007,-0.02153,0.81864,
1658228728942440448,-311.66620,68.61850,167.08689,-0.37974,-0.46838,-0.01723,0.79757,
1658228730641150208,-311.36591,77.41583,167.08746,-0.47587,-0.36767,-0.00538,0.79896,
1658228731243452416,-308.65780,85.94291,167.08749,0.50479,0.32849,-0.01131,-0.79822,
1658228731841746176,-306.11167,94.54556,167.08741,0.53433,0.29169,-0.02042,-0.79309,
1658228732443902208,-303.77955,103.23797,167.08722,0.56399,0.24559,-0.03300,-0.78773,
1658228733043207936,-301.68152,111.98968,167.08725,0.58905,0.20454,-0.04338,-0.78058,
1658228733640877824,-299.85178,120.80145,167.08680,0.61720,0.16341,-0.05403,-0.76775,
1658228734243858944,-298.32148,129.66985,167.08706,0.64437,0.12583,-0.06093,-0.75183,
1658228734843059712,-297.11256,138.58754,167.08707,0.67253,0.08492,-0.07477,-0.73137,
1658228735444359168,-296.28929,147.54918,167.08681,0.69813,0.05463,-0.08569,-0.70872,
1658228736042624512,-295.88268,156.53910,167.08675,0.71715,0.01018,-0.10726,-0.68854,
1658228736640955392,-295.86840,165.53854,167.08649,0.72219,-0.03524,-0.11520,-0.68113,
1658228737243519744,-296.29871,174.52603,167.08676,0.75912,-0.07305,-0.11501,-0.63654,
1658228737842323968,-297.22049,183.47814,167.08631,0.74906,-0.12855,-0.14492,-0.63355,
1658228738444596736,-298.63048,192.36500,167.08667,0.76771,-0.16831,-0.14070,-0.60208,
1658228739043146496,-300.55767,201.15544,167.08618,0.78386,-0.21044,-0.15388,-0.56356,
1658228739640710656,-303.18077,209.76214,167.08614,0.78498,-0.25732,-0.16174,-0.53985,
1658228740243702784,-306.40003,218.16328,167.08638,0.79263,-0.29640,-0.16391,-0.50697,
1658228740842068224,-310.42083,226.21094,167.08654,0.79916,-0.32841,-0.17711,-0.47130,
1658228741444128256,-314.99784,233.95374,167.08631,0.79142,-0.37422,-0.19839,-0.44074,
1658228742043428864,-320.32937,241.13077,167.08639,0.79272,-0.41189,-0.20267,-0.40108,
1658228742640511744,-326.30670,247.84954,167.08590,0.78971,-0.44503,-0.21032,-0.36617,
1658228743243041536,-333.03005,253.82735,167.08604,0.78427,-0.47898,-0.21808,-0.32854,
1658228743841363712,-340.35429,259.03677,167.08634,0.77809,-0.51295,-0.22053,-0.28778,
1658228744443551488,-348.17182,263.49068,167.08592,0.77005,-0.54294,-0.22137,-0.25144,
1658228745042904320,-356.48644,266.92544,167.08639,0.75890,-0.57321,-0.22499,-0.21185,
1658228745640576000,-365.10324,269.50416,167.08617,0.74434,-0.60075,-0.23231,-0.17632,
1658228746243499008,-373.96183,271.07840,167.08645,0.72922,-0.62788,-0.23729,-0.13304,
1658228746841776384,-382.92679,271.80602,167.08670,0.71134,-0.65682,-0.23536,-0.08478,
1658228747443815680,-391.92209,271.62395,167.08660,0.69053,-0.68027,-0.24045,-0.05079,
1658228748042179584,-400.86317,270.63363,167.08679,0.66791,-0.70463,-0.23954,-0.00328,
1658228748640286464,-409.68320,268.88198,167.08621,0.64554,-0.72312,-0.24396,0.02934,
1658228749242835456,-418.35363,266.47755,167.08690,0.62029,-0.74204,-0.24411,0.07086,
1658228749841039616,-426.83998,263.48413,167.08676,0.59220,-0.75968,-0.24504,0.11015,
1658228750443232768,-435.12063,259.96164,167.08706,0.56413,-0.77390,-0.24374,0.15306,
1658228751042879232,-443.18703,255.97243,167.08718,0.53237,-0.78888,-0.23858,0.19320,
1658228751640180224,-451.04059,251.57841,167.08707,0.50179,-0.79935,-0.23406,0.23338,
1658228752243061760,-458.69030,246.83825,167.08737,-0.46886,0.80780,0.22945,-0.27384,
1658228752840773888,-466.13833,241.78682,167.08753,-0.43547,0.81220,0.23034,-0.31246,
1658228753443593728,-473.38685,236.45307,167.08757,-0.39565,0.81878,0.22232,-0.35160,
1658228754041973760,-480.44886,230.87439,167.08747,-0.36209,0.81860,0.22267,-0.38626,
1658228754639972096,-487.32983,225.07383,167.08763,-0.32315,0.82177,0.21225,-0.41859,
1658228755242721536,-494.05255,219.09056,167.08782,-0.28071,0.81747,0.20937,-0.45729,
1658228755841721600,-500.60772,212.92409,167.08788,-0.23289,0.81379,0.20410,-0.49179,
1658228756443089152,-507.01540,206.61350,167.08792,-0.18456,0.80396,0.20123,-0.52829,
1658228757042253056,-513.26770,200.16575,167.08799,-0.12727,0.79754,0.19877,-0.55518,
1658228757639923456,-519.38014,193.62211,167.08803,-0.06692,0.78681,0.19677,-0.58114,
1658228758242876160,-525.45789,186.98428,167.08808,-0.00911,0.77280,0.19677,-0.60331,
1658228758841508864,-531.48803,180.36500,167.08810,0.05208,0.75350,0.19895,-0.62445,
1658228759443335680,-537.57011,173.76976,167.08810,0.11548,0.72983,0.20001,-0.64343,
1658228760041670144,-543.71828,167.36322,167.08810,0.17738,0.70516,0.20445,-0.65535,
1658228760639739136,-549.97709,161.31963,167.08810,0.24178,0.67694,0.20327,-0.66481,
1658228761242241024,-556.44082,155.83417,167.08807,-0.30290,-0.64646,-0.20471,0.66965,
1658228761940966400,-564.10921,150.65754,167.08803,-0.37327,-0.60543,-0.20537,0.67227,
1658228762639649280,-571.97924,147.22882,167.08796,-0.44246,-0.56384,-0.19967,0.66817,
1658228763343334144,-580.21561,146.04292,167.08792,0.51106,0.50659,0.19624,-0.66608,
1658228764042100992,-588.80937,147.58507,167.08786,0.57226,0.45739,0.19236,-0.65292,
1658228764639833856,-596.60406,151.31157,167.08767,0.61829,0.40820,0.18995,-0.64421,
1658228765242467584,-603.82602,156.66362,167.08775,0.66588,0.36189,0.18306,-0.62620,
1658228765840897280,-610.10620,163.10005,167.08763,0.70618,0.31005,0.17332,-0.61248,
1658228766442962432,-615.57801,170.24128,167.08756,0.74742,0.25511,0.16498,-0.59081,
1658228767041893376,-620.46928,177.79412,167.08731,0.78235,0.20243,0.15938,-0.56705,
1658228767639570944,-626.07278,172.02654,167.08963,0.57382,0.38040,0.61246,-0.38849,
1658228769543773184,-630.71065,178.72557,167.03682,0.68414,0.29571,0.60775,-0.27413,
1658228770639371008,-635.67754,185.00294,166.94695,0.71381,0.23516,0.62231,-0.21887,
1658228771543233024,-641.83714,190.87171,166.89208,0.72170,0.19986,0.64195,-0.16462,
1658228772342215936,-648.09211,197.43988,166.88908,0.73905,0.17049,0.64001,-0.12297,
1658228773040603392,-647.37299,205.50930,166.94406,0.75147,0.16004,0.63274,-0.09654,
1658228773639766784,-642.86768,213.28325,166.96392,0.76079,0.15147,0.62668,-0.07436,
1658228774241486336,-637.91243,220.79526,166.95046,0.76677,0.16593,0.61783,-0.05306,
1658228774840823296,-632.81167,228.21011,166.94093,0.77394,0.17261,0.60625,-0.06069,
1658228775442999552,-627.58013,235.53273,166.91242,0.78484,0.18498,0.58666,-0.07508,
1658228776042104576,-622.20898,242.75365,166.89047,0.79340,0.22789,0.55705,-0.09102,
1658228776641344512,-616.73685,249.89881,166.86547,0.80778,0.21918,0.52875,-0.14097,
1658228778040987136,-621.89902,242.52726,167.01356,0.85220,0.10507,0.50603,0.08151,
1658228778639254016,-627.20648,235.25904,167.07055,0.86328,0.08612,0.47201,0.15668,
1658228779241641472,-632.46980,228.03832,167.08975,0.87282,0.08555,0.43557,0.20286,
1658228780140780800,-638.42446,221.78009,167.08958,0.88425,0.08826,0.37804,0.25959,
1658228780840813824,-644.98836,215.90846,167.08945,0.89224,0.09170,0.32958,0.29476,
1658228781443941120,-651.61087,209.81418,167.08932,0.89601,0.09514,0.28622,0.32588,
1658228782041113344,-658.10322,203.58160,167.08915,0.89672,0.09673,0.24461,0.35594,
1658228782638880256,-664.41731,197.16872,167.08883,0.89389,0.09730,0.21017,0.38383,
1658228783241678336,-670.52295,190.55699,167.08859,0.89105,0.10091,0.15911,0.41294,
1658228783840455168,-676.40846,183.74863,167.08875,0.88159,0.10645,0.11572,0.44505,
1658228784442598400,-682.04456,176.73263,167.08855,0.87077,0.10966,0.06917,0.47429,
1658228785040435200,-687.37805,169.48412,167.08842,0.85808,0.10921,0.02564,0.50111,
1658228785638909696,-692.37996,162.00298,167.08792,0.84396,0.11372,-0.02202,0.52374,
1658228786241964288,-697.01839,154.29127,167.08829,0.83057,0.11340,-0.06525,0.54133,
1658228786840295680,-701.28417,146.36749,167.08812,0.81091,0.11441,-0.10673,0.56387,
1658228787443229696,-705.11992,138.22701,167.08817,0.78933,0.11406,-0.15307,0.58354,
1658228788040853248,-708.48719,129.88201,167.08783,0.76755,0.11230,-0.19535,0.60008,
1658228788638597376,-711.31693,121.36284,167.08690,0.74301,0.10893,-0.22993,0.61903,
1658228789241270272,-713.54933,112.66693,167.08768,0.71616,0.11390,-0.27401,0.63172,
1658228789839587584,-715.13646,103.82504,167.08787,0.68826,0.11303,-0.31752,0.64243,
1658228790441789696,-716.00488,94.86968,167.08755,0.65814,0.11561,-0.36109,0.65046,
1658228791040258816,-716.10319,85.87298,167.08772,0.62859,0.11289,-0.39484,0.66048,
1658228791638481920,-715.38860,76.91723,167.08708,0.59412,0.10962,-0.43319,0.66884,
1658228792241641216,-713.74922,68.07084,167.08765,0.56616,0.10430,-0.46641,0.67160,
1658228792839198464,-711.23629,59.46045,167.08769,0.52654,0.10660,-0.50690,0.67412,
1658228793441442816,-707.71132,51.18308,167.08751,0.48900,0.10003,-0.53871,0.67872,
1658228794040578048,-703.30399,43.34467,167.08687,0.44908,0.09840,-0.57087,0.68025,
1658228794638424832,-698.04216,36.04939,167.08732,0.41336,0.08599,-0.60033,0.67922,
1658228795240988928,-691.94054,29.44514,167.08733,0.37361,0.08302,-0.62752,0.67804,
1658228795839197184,-685.19112,23.49647,167.08805,0.33123,0.08383,-0.65518,0.67380,
1658228796441454336,-677.76990,18.42048,167.08810,-0.28505,-0.08446,0.68046,-0.66976,
1658228797039784960,-669.88582,14.08807,167.08812,-0.24577,-0.07994,0.70258,-0.66302,
1658228797638376960,-661.59344,10.60005,167.08792,-0.20234,-0.09155,0.72870,-0.64783,
1658228798243906048,-652.99833,7.94031,167.08848,-0.15884,-0.08522,0.74999,-0.63641,
1658228798839655424,-644.19974,6.05391,167.08842,-0.10817,-0.08058,0.77035,-0.62319,
1658228799442095104,-635.28207,4.85699,167.08807,-0.06634,-0.08079,0.79012,-0.60397,
1658228800040630272,-626.30254,4.27353,167.08864,-0.01351,-0.07176,0.80549,-0.58809,
1658228800638094592,-617.30407,4.25863,167.08829,0.03197,-0.08013,0.81801,-0.56870,
1658228801240691456,-608.31998,4.76885,167.08896,0.07080,-0.06692,0.83258,-0.54526,
1658228801839454976,-599.37503,5.75593,167.08910,0.12324,-0.06266,0.84316,-0.51959,
1658228802441697024,-590.48244,7.13797,167.08929,0.16724,-0.04390,0.85027,-0.49714,
1658228803039511296,-581.65117,8.86972,167.08933,0.21391,-0.04963,0.85277,-0.47388,
1658228803638040320,-572.88790,10.91852,167.08940,0.26465,-0.03886,0.85597,-0.44246,
1658228804241752576,-564.20000,13.26633,167.08961,0.29969,-0.03231,0.86024,-0.41125,
1658228804841164032,-555.58929,15.88357,167.08980,0.34310,-0.01710,0.85624,-0.38580,
1658228805440769792,-547.04597,18.70464,167.08982,0.38731,-0.01854,0.84961,-0.35751,
1658228806039844864,-538.56971,21.72952,167.08987,0.42938,-0.00880,0.84221,-0.32593,
1658228806637800192,-530.18647,24.92053,167.08998,0.46892,-0.01398,0.83185,-0.29656,
1658228807240706304,-521.85271,28.31852,167.09011,0.50066,0.00123,0.82542,-0.26078,
1658228807839258880,-513.61975,31.83203,167.09016,0.54195,0.00415,0.80904,-0.22744,
1658228808440904192,-505.39834,35.49359,167.09025,0.57930,0.01058,0.79321,-0.18742,
1658228809040183552,-497.24609,39.21980,167.09026,0.62362,-0.00118,0.76718,-0.15012,
1658228809638009088,-489.17630,43.05169,167.09028,0.65614,-0.00418,0.74809,-0.09914,
1658228810240636416,-481.17743,46.94887,167.09031,0.68346,-0.00191,0.72863,-0.04443,
1658228810839309568,-473.33412,50.75096,167.09028,0.70717,-0.00696,0.70694,0.00983,
1658228811441936896,-465.72608,54.30199,167.09024,0.73307,-0.01053,0.67682,0.06646,
1658228812441246720,-456.87549,55.04342,167.07415,0.75636,-0.04472,0.63887,0.13332,
1658228813340063232,-448.66779,58.68546,166.89505,0.77100,-0.12404,0.59988,0.17414,
1658228815939322112,-445.87499,50.81799,166.96822,0.65641,-0.25291,0.60896,0.36651,
1658228817340603648,-444.43799,42.64732,166.86234,0.62770,-0.30954,0.56026,0.44304,
1658228818039280384,-444.78168,33.92050,166.82981,0.60319,-0.33232,0.52694,0.49806,
1658228818637375232,-447.36753,25.47624,166.91158,0.55269,-0.37904,0.51474,0.53470,
1658228819240041984,-450.29039,16.96525,166.84497,0.53209,-0.40197,0.45026,0.59378,
1658228819838268160,-452.83293,9.00833,166.79404,0.46013,-0.40668,0.41896,0.66885,
1658228820440328448,-455.08545,0.29861,166.57417,0.41152,-0.43197,0.37167,0.71127,
1658228821039588352,-456.58649,-8.19374,166.27234,0.34837,-0.43202,0.33005,0.76359,
1658228821938992896,-455.91304,-16.60816,165.50345,0.28660,-0.46190,0.26922,0.79500,
1658228822637218816,-452.70160,-7.86829,166.89228,0.27727,-0.42468,0.24607,0.82596,
1658228823240154624,-450.11393,0.74883,167.07136,0.29931,-0.38673,0.22997,0.84141,
1658228823839337728,-447.02477,9.19657,167.09148,0.27402,-0.35333,0.20308,0.87111,
1658228824938407936,-439.22734,12.53330,167.09116,0.21942,-0.31033,0.14366,0.91374,
1658228825637004800,-431.03005,9.14888,167.09074,0.18037,-0.28378,0.11094,0.93522,
1658228826241198336,-422.74766,5.62734,167.09097,0.13979,-0.24582,0.08411,0.95549,
1658228826838841600,-414.38118,2.31215,167.09070,0.11003,-0.22185,0.06100,0.96693,
1658228827440795136,-405.87085,-0.61302,167.09062,0.07310,-0.19307,0.04029,0.97763,
1658228828039184640,-397.21105,-3.05837,167.09062,0.03790,-0.15352,0.02501,0.98710,
1658228828637174016,-388.41869,-4.97434,167.09008,0.01331,-0.12322,0.01276,0.99221,
1658228829240612864,-379.52490,-6.34306,167.09038,-0.02287,-0.08730,-0.00669,0.99590,
1658228829840304640,-370.56576,-7.18307,167.09026,-0.05762,-0.05311,-0.03071,0.99645,
1658228830440179712,-361.57234,-7.46266,167.09007,-0.09014,-0.02167,-0.04689,0.99459,
1658228831038510592,-352.57840,-7.15782,167.08929,-0.12689,0.01068,-0.06460,0.98975,
1658228831636862208,-343.62944,-6.21763,167.08943,-0.16072,0.04907,-0.08166,0.98239,
1658228832240734464,-334.76512,-4.67103,167.08967,-0.19596,0.08345,-0.09689,0.97224,
1658228832837746944,-326.05124,-2.42938,167.08967,-0.22504,0.12394,-0.11252,0.95986,
1658228833439765504,-317.53220,0.46713,167.08938,-0.25435,0.15640,-0.13176,0.94524,
1658228834039044608,-309.27468,4.04018,167.08928,-0.28708,0.18999,-0.14827,0.92709,
1658228834638896128,-301.35042,8.26637,167.08878,-0.31620,0.22638,-0.16513,0.90636,
1658228835239444480,-293.81270,13.17840,167.08912,-0.34620,0.26114,-0.17696,0.88354,
1658228835837275904,-286.74601,18.74627,167.08931,-0.37741,0.28672,-0.19173,0.85941,
1658228836439589120,-280.24812,24.96794,167.08795,-0.40522,0.31854,-0.20263,0.83262,
1658228837040462848,-274.39331,31.77778,167.08924,-0.43252,0.35163,-0.20636,0.80418,
1658228837637437952,-269.21805,39.13657,167.08871,-0.45867,0.37740,-0.22273,0.77304,
1658228838238660608,-264.76134,46.95030,167.08887,-0.48420,0.40786,-0.24086,0.73565,
1658228838838248704,-261.13427,55.18410,167.08938,0.50409,-0.42940,0.25134,-0.70594,
1658228839440242944,-258.25954,63.70830,167.08910,0.53252,-0.45369,0.25559,-0.66728,
1658228840038653696,-256.25921,72.46839,167.08930,0.55419,-0.47523,0.26645,-0.62931,
1658228840636382464,-254.97609,81.37262,167.08876,0.56846,-0.50163,0.27440,-0.59155,
1658228841239104512,-254.61432,90.36441,167.08937,0.58757,-0.52654,0.28156,-0.54612,
1658228841837396224,-254.95660,99.35269,167.08889,0.59953,-0.54712,0.28843,-0.50797,
1658228842439578368,-256.34029,108.23567,167.08950,0.61336,-0.56774,0.29507,-0.46302,
1658228843037869568,-258.15269,117.04750,167.08976,0.62729,-0.58309,0.30336,-0.41771,
1658228843636431360,-260.69180,125.67803,167.08946,0.63555,-0.60207,0.30560,-0.37443,
1658228844238954496,-263.99834,134.04505,167.08998,0.64426,-0.61642,0.31095,-0.32905,
1658228844837799680,-267.94527,142.13143,167.09020,0.65295,-0.63019,0.31360,-0.27959,
1658228845439993344,-274.11993,148.67600,167.09278,0.64787,-0.30455,0.64275,0.27274,
1658228846038355712,-279.68545,155.33668,167.08841,0.65754,-0.28981,0.61855,0.31788,
1658228846636189440,-284.56112,161.89501,167.06141,0.65411,-0.27576,0.60785,0.35584,
1658228847340939008,-290.38754,168.82181,167.01727,0.64718,-0.27174,0.59574,0.39039,
1658228848037866240,-296.10560,174.58419,166.93879,0.63862,-0.27695,0.58911,0.41039,
1658228848836987136,-302.53108,179.73451,166.87070,0.61994,-0.28995,0.58148,0.43986,
1658228849736320512,-309.67732,183.55194,166.96023,0.60244,-0.30292,0.57799,0.45961,
1658228850837720064,-317.56884,185.43428,166.85238,0.59875,-0.30811,0.55193,0.49187,
1658228852238769408,-325.68484,182.67884,166.41573,0.58069,-0.30089,0.51951,0.54989,
1658228853339057152,-330.05578,175.78854,165.61494,0.57641,-0.29846,0.49278,0.57951,
1658228854137991680,-331.78332,167.91073,165.16527,0.56132,-0.29323,0.47770,0.60888,
1658228854836734208,-332.16813,158.91687,164.01922,0.53915,-0.30546,0.46287,0.63385,
1658228856539350528,-330.17741,151.47650,167.09257,0.49425,-0.23873,0.40013,0.73391,
1658228857238771968,-326.10229,144.46773,167.09225,0.47922,-0.19679,0.36159,0.77516,
1658228857836966400,-321.26771,136.91785,167.09206,0.46467,-0.17731,0.32922,0.80266,
1658228858439259136,-316.20239,129.47902,167.09186,0.44110,-0.14947,0.30992,0.82888,
1658228859037803264,-310.89345,122.21204,167.09159,0.42963,-0.11938,0.28094,0.84985,
1658228859635623680,-305.35311,115.11999,167.09112,0.41224,-0.08180,0.24351,0.87411,
1658228860237644544,-299.58760,108.20974,167.09092,0.39153,-0.05217,0.21543,0.89307,
1658228860836474880,-293.59562,101.49492,167.09091,0.37160,-0.02300,0.18449,0.90958,
1658228861440075776,-287.37549,94.99110,167.09052,0.33515,0.00453,0.15596,0.92916,
1658228862039840512,-280.89990,88.74134,167.09058,0.32053,0.03714,0.12264,0.93853,
1658228862636537600,-274.20166,82.75505,167.08972,0.29746,0.05732,0.09342,0.94842,
1658228863237616128,-267.24751,77.04297,167.08992,0.27451,0.08191,0.06309,0.95601,
1658228863837227776,-260.04759,71.64409,167.08977,0.25202,0.11355,0.03325,0.96046,
1658228864439121408,-252.60988,66.57796,167.08987,0.22650,0.13180,0.00023,0.96505,
1658228865036814848,-244.92773,61.89122,167.08962,0.20138,0.15732,-0.02359,0.96651,
1658228865635341056,-237.01069,57.61303,167.08829,0.17036,0.19378,-0.06284,0.96409,
1658228866238206976,-228.86255,53.79415,167.08933,0.13954,0.21531,-0.09430,0.96191,
1658228866836771072,-220.48963,50.49780,167.08812,0.10813,0.24088,-0.12291,0.95665,
1658228867438348800,-211.90659,47.79675,167.08897,0.07968,0.26558,-0.15120,0.94882,
1658228868036795904,-203.14450,45.75038,167.08860,0.05186,0.29544,-0.18024,0.93677,
1658228868635531264,-194.24721,44.41133,167.08821,0.02091,0.32298,-0.20842,0.92293,
1658228869237472768,-185.26827,43.84284,167.08872,-0.01322,0.34602,-0.23520,0.90817,
1658228869836571648,-176.27557,44.11497,167.08843,-0.04313,0.37649,-0.26280,0.88732,
1658228870438803200,-167.35438,45.27462,167.08865,-0.07009,0.39018,-0.29531,0.86927,
1658228871037267712,-158.60183,47.35231,167.08828,-0.09877,0.41901,-0.32541,0.84189,
1658228871635266816,-150.14198,50.37890,167.08787,-0.12945,0.42758,-0.34897,0.82380,
1658228872237728768,-142.05872,54.32554,167.08835,-0.16406,0.45578,-0.37379,0.79097,
1658228872835967232,-134.49574,59.19513,167.08861,-0.17959,0.46830,-0.39704,0.76864,
1658228873438201600,-127.51770,64.87170,167.08893,-0.21513,0.48943,-0.41398,0.73675,
1658228874036520448,-121.20780,71.28336,167.08881,-0.24545,0.50512,-0.44306,0.69879,
1658228874635913216,-115.64212,78.35059,167.08872,-0.26612,0.51672,-0.45998,0.67126,
1658228875237089536,-110.82078,85.94611,167.08920,-0.29429,0.52779,-0.47874,0.63689,
1658228875836366336,-106.73964,93.96423,167.08950,-0.31725,0.54564,-0.49295,0.59885,
1658228876441469440,-103.40478,102.32041,167.08954,-0.34019,0.55518,-0.51151,0.56071,
1658228877036172032,-100.78362,110.92798,167.09003,-0.35740,0.56308,-0.52937,0.52437,
1658228877634979584,-98.81502,119.70813,167.08948,-0.37910,0.57222,-0.54818,0.47787,
1658228878240012288,-97.45545,128.60326,167.09063,-0.40068,0.57363,-0.56785,0.43353,
1658228878835549952,-96.62379,137.56374,167.09048,-0.42257,0.58154,-0.56777,0.40110,
1658228879437605120,-96.28737,146.55638,167.09086,-0.45267,0.58522,-0.57942,0.34187,
1658228880036202752,-96.46890,155.55338,167.09104,0.46745,-0.57826,0.60053,-0.29406,
1658228880634693120,-97.09137,164.53105,167.09115,0.48429,-0.57776,0.60604,-0.25373,
1658228881238507520,-98.10054,173.47366,167.09159,0.49696,-0.57775,0.61378,-0.20617,
1658228881838622464,-99.46447,182.36743,167.09196,0.51512,-0.57651,0.61547,-0.15328,
1658228882438316800,-101.17912,191.20207,167.09192,0.53183,-0.56995,0.61837,-0.09965,
1658228883036546560,-103.22458,199.96605,167.09203,0.54368,-0.56503,0.61829,-0.05357,
1658228883634585600,-105.58875,208.64952,167.09230,0.55637,-0.55491,0.61848,-0.00384,
1658228884237082624,-108.24899,217.23442,167.09262,0.56584,-0.54746,0.61462,0.04849,
1658228884835500288,-111.21555,225.73096,167.09279,0.57342,-0.53607,0.61231,0.09430,
1658228885438573824,-114.46148,234.12482,167.09293,0.58571,-0.52037,0.60309,0.14984,
1658228886035989504,-117.99094,242.37521,167.09302,0.58706,-0.51386,0.59344,0.19784,
1658228886634411008,-121.79709,250.47464,167.09311,0.59398,-0.49998,0.58160,0.24278,
1658228887237535488,-125.90657,258.43675,167.09317,0.59760,-0.48653,0.56793,0.28917,
1658228887836015104,-130.31445,266.16375,167.09325,0.59127,-0.47187,0.56090,0.33635,
1658228888438075648,-135.08606,273.78232,167.09328,0.58705,-0.44972,0.54913,0.38934,
1658228889036875008,-140.15654,281.15575,167.09328,0.59060,-0.43259,0.52884,0.42941,
1658228889634373120,-145.47242,288.11331,167.09325,0.58456,-0.41242,0.51153,0.47596,
1658228890236803072,-150.93889,294.46778,167.09321,0.57713,-0.39119,0.49600,0.51757,
1658228890935335168,-157.16614,300.64660,167.09312,0.57471,-0.36203,0.47371,0.56057,
1658228891734547200,-163.78151,305.64497,167.09297,0.56478,-0.33449,0.44442,0.60961,
1658228892936151808,-171.75430,307.85612,167.09272,0.53794,-0.27788,0.39292,0.69211,
1658228894337367552,-176.13101,300.43868,167.09236,0.50124,-0.22158,0.33592,0.76604,
1658228895036012288,-175.56555,292.17824,167.09204,0.47831,-0.19859,0.30458,0.79938,
1658228895634265600,-173.52135,283.44836,167.09174,0.45758,-0.16745,0.27621,0.82842,
1658228896236546048,-170.48038,274.98210,167.09156,0.43758,-0.13444,0.24664,0.85418,
1658228896835539456,-166.61895,266.87599,167.09142,0.37803,-0.55870,0.39527,0.62346,
1658228897437164032,-162.69145,258.82724,167.09154,0.35501,-0.58547,0.39311,0.61373,
1658228898035512832,-158.58253,250.93064,167.08864,0.34503,-0.59280,0.38000,0.62060,
1658228898634563840,-154.20965,243.11153,167.08497,0.33441,-0.58336,0.37173,0.64006,
1658228899237257984,-149.52197,235.42938,167.08078,0.32093,-0.58118,0.36177,0.65449,
1658228899836255488,-144.58488,227.98711,167.07574,0.30959,-0.57492,0.35129,0.67098,
1658228900437553152,-139.30772,220.90182,167.06566,0.29306,-0.56986,0.34401,0.68631,
1658228901035844864,-133.84022,214.15449,167.02752,0.27633,-0.56682,0.33534,0.69993,
1658228901634111744,-127.82090,207.58020,167.01684,0.26958,-0.55820,0.32418,0.71460,
1658228902237307904,-121.34695,201.33005,166.98764,0.25337,-0.55681,0.31574,0.72531,
1658228902834738944,-114.47958,195.51743,166.94945,0.25084,-0.53731,0.30190,0.74648,
1658228903437171712,-107.25678,190.15530,166.92976,0.22068,-0.54277,0.30528,0.75067,
1658228904038542848,-99.81127,185.33456,166.78807,0.21447,-0.53464,0.28403,0.76647,
1658228904634465024,-92.16728,180.99732,166.71176,0.19790,-0.51970,0.26798,0.78672,
1658228905235809280,-84.18102,177.06971,166.46433,0.17447,-0.50586,0.26798,0.80116,
1658228905835036160,-75.91246,173.58688,166.15897,0.16972,-0.49298,0.26018,0.81270,
1658228906437607168,-67.59024,170.42003,166.11366,0.14984,-0.47542,0.28014,0.82039,
1658228907633565696,-59.00054,168.87031,167.09348,0.10268,-0.41144,0.25657,0.86853,
1658228908336412160,-49.67167,167.97172,167.09348,0.06814,-0.36840,0.24536,0.89411,
1658228908937457408,-40.68796,167.43745,167.09348,0.03895,-0.33067,0.23725,0.91261,
1658228909536982016,-31.69229,167.20079,167.09348,0.01255,-0.29232,0.22690,0.92893,
1658228910135268096,-22.69306,167.26998,167.09348,-0.01332,-0.25556,0.20928,0.94378,
1658228910733687040,-13.70327,167.64278,167.09348,-0.04035,-0.21297,0.19942,0.95564,
1658228911335994880,-4.72843,168.31029,167.09348,-0.07459,-0.17217,0.19372,0.96295,
1658228911935150848,4.21690,169.29736,167.09348,-0.08684,-0.12634,0.18045,0.97156,
1658228912537457408,13.12702,170.56328,167.09348,-0.11275,-0.09645,0.16782,0.97459,
1658228913135725312,21.98860,172.13291,167.09347,-0.13645,-0.05104,0.15284,0.97745,
1658228913734419712,30.79302,173.99697,167.09348,-0.16855,-0.01552,0.13695,0.97601,
1658228914336225024,39.51936,176.19662,167.09347,-0.19843,0.02408,0.12459,0.97187,
1658228914934596608,48.14609,178.75964,167.09347,-0.22382,0.06903,0.11403,0.96547,
1658228915536827392,56.65207,181.69801,167.09347,-0.24229,0.10557,0.10242,0.95899,
1658228916135102976,65.01482,185.02203,167.09347,-0.26498,0.13943,0.08608,0.95023,
1658228916734416640,73.20723,188.74615,167.09347,-0.28063,0.18650,0.06842,0.93903,
1658228917336770304,81.20749,192.86628,167.09347,-0.31279,0.23083,0.05415,0.91975,
1658228917935003136,88.95440,197.44487,167.09347,-0.32942,0.26775,0.03611,0.90471,
1658228918537179648,96.41280,202.47947,167.09347,-0.35304,0.30911,0.01582,0.88293,
1658228919134931200,103.51545,208.00388,167.09347,-0.37373,0.34298,0.00517,0.86178,
1658228919733831936,110.17848,214.04566,167.09347,-0.39454,0.37511,-0.00791,0.83879,
1658228920337814528,116.33078,220.61086,167.09347,-0.41931,0.41111,-0.03042,0.80885,
1658228920935505920,121.86843,227.70199,167.09347,-0.42704,0.44530,-0.03778,0.78607,
1658228921536518144,126.73127,235.27112,167.09347,-0.44621,0.47998,-0.05374,0.75341,
1658228922134910976,130.79463,243.29681,167.09347,-0.46493,0.51087,-0.07022,0.71967,
1658228922734944512,133.95052,251.72052,167.09346,-0.47327,0.54223,-0.07879,0.68978,
1658228923337089792,136.14041,260.44487,167.09347,-0.48875,0.57282,-0.09654,0.65090,
1658228923934811648,137.29063,269.36612,167.09347,-0.49661,0.60098,-0.10883,0.61673,
1658228924537451520,137.38258,278.36037,167.09347,0.50912,-0.62551,0.12685,-0.57744,
1658228925134548224,136.42361,287.28641,167.09347,0.51729,-0.65226,0.12234,-0.54037,
1658228925733624832,134.43052,296.05787,167.09347,0.52195,-0.67989,0.12586,-0.49948,
1658228926336295936,131.46001,304.54886,167.09347,0.53412,-0.69827,0.15000,-0.45237,
1658228926935772672,127.61086,312.68023,167.09347,0.53798,-0.71775,0.16110,-0.41165,
1658228927536216064,122.97941,320.39304,167.09347,0.53972,-0.73646,0.17881,-0.36655,
1658228928134624768,117.68022,327.66428,167.09347,0.53503,-0.75747,0.18982,-0.32240,
1658228928734546944,111.81268,334.48598,167.09347,0.53211,-0.77489,0.19752,-0.27818,
1658228929335228416,105.46147,340.86017,167.09347,0.53191,-0.78590,0.21383,-0.23177,
1658228929934469632,98.70942,346.80870,167.09348,0.53284,-0.79569,0.22399,-0.18109,
1658228930538549504,91.62013,352.35137,167.09348,0.53124,-0.80418,0.23335,-0.12898,
1658228931137288704,84.25204,357.51040,167.09348,0.52628,-0.81061,0.24262,-0.08411,
1658228931734440960,76.64746,362.32261,167.09348,0.51943,-0.81589,0.25231,-0.02916,
1658228932334945792,68.84367,366.80479,167.09348,0.51258,-0.81886,0.25786,0.01513,
1658228932934440704,60.86859,370.97464,167.09348,0.51066,-0.81686,0.25801,0.07342,
1658228933535992064,52.73158,374.81922,167.09348,-0.49354,0.81810,-0.27355,-0.11090,
1658228934135061248,44.48045,378.41277,167.09347,-0.47895,0.81654,-0.27963,-0.16021,
1658228934732818176,36.13265,381.77571,167.09348,-0.46180,0.81415,-0.28384,-0.20819,
1658228935334886912,27.70723,384.92515,167.09348,-0.45435,0.80161,-0.28907,-0.25967,
1658228935934198272,19.20169,387.86653,167.09348,-0.44022,0.79057,-0.29290,-0.30890,
1658228936536564736,10.63290,390.59689,167.09348,-0.42478,0.77780,-0.29512,-0.35707,
1658228937134833152,2.02501,393.12695,167.09348,-0.40713,0.76663,-0.29680,-0.39804,
1658228937733100288,-6.64009,395.48357,167.09348,-0.39009,0.74889,-0.29942,-0.44423,
1658228938335401984,-15.35701,397.66885,167.09347,-0.37249,0.73222,-0.30056,-0.48453,
1658228938933773056,-24.09142,399.69124,167.09348,-0.35282,0.71151,-0.29982,-0.52857,
1658228939535794688,-32.83274,401.57027,167.09348,-0.33193,0.68933,-0.29473,-0.57253,
1658228940134166784,-41.59460,403.31440,167.09348,-0.30639,0.67071,-0.29144,-0.60937,
1658228940732402176,-50.36509,404.95565,167.09348,0.29100,-0.64610,0.28187,0.64686,
1658228941334638848,-59.03014,406.45450,167.09348,0.26160,-0.62204,0.28790,0.67952,
1658228941933915392,-67.17080,407.80937,167.09348,0.23736,-0.58995,0.28123,0.71870,
1658228942631956736,-75.58748,409.19980,167.09348,0.20584,-0.55846,0.27350,0.75561,
1658228943536075776,-84.02639,410.73780,167.09348,0.16759,-0.51027,0.26267,0.80159,
1658228946733950208,-77.79870,415.80788,167.09347,0.03354,-0.31945,0.22152,0.92074,
1658228947335606272,-69.03540,417.16194,167.09348,-0.00158,-0.28588,0.20778,0.93547,
1658228947934490624,-60.12994,418.46292,167.09348,-0.02739,-0.24854,0.19351,0.94870,
1658228948535144448,-51.22747,419.78404,167.09348,-0.06075,-0.20469,0.18746,0.95879,
1658228949134406400,-42.34511,421.23368,167.09348,-0.08340,-0.16310,0.17623,0.96715,
1658228949733128704,-33.49079,422.84560,167.09348,-0.11417,-0.12356,0.16320,0.97214,
1658228950631938304,-38.78856,428.97664,167.09086,0.30074,-0.60857,0.31362,0.66397,
1658228951235086592,-45.32763,434.77635,167.08356,0.27540,-0.60232,0.31845,0.67820,
1658228951832451072,-51.22395,440.40400,167.05584,0.26591,-0.58289,0.30706,0.70374,
1658228952535035904,-57.15662,446.83650,167.01697,0.24058,-0.57335,0.29889,0.72391,
1658228953335147264,-62.33269,453.96556,166.96245,0.22266,-0.57920,0.27917,0.73282,
1658228954234702080,-66.06601,461.80272,166.92967,0.20056,-0.58876,0.26680,0.73618,
1658228955233803520,-67.68273,470.49904,167.00033,0.17959,-0.59752,0.24703,0.74141,
1658228956133998336,-66.75310,478.45748,166.97501,0.15225,-0.58101,0.23307,0.76481,
1658228957033048576,-63.22980,486.61242,166.80131,0.12600,-0.56627,0.21957,0.78438,
1658228957732312576,-58.48924,493.20857,166.49992,0.09542,-0.55964,0.20901,0.79625,
1658228958334494976,-52.87413,499.14560,166.03000,0.07857,-0.55460,0.19341,0.80550,
1658228958934862592,-46.16694,505.03104,166.09822,0.05227,-0.53510,0.19378,0.82060,
1658228959534937856,-39.00080,510.37055,166.19905,0.03276,-0.52791,0.18051,0.82925,
1658228960135997952,-31.99980,514.94800,166.93353,0.00227,-0.51024,0.17882,0.84124,
1658228960732485376,-24.42968,519.30743,167.09348,-0.03135,-0.47150,0.17794,0.86316,
1658228961334731776,-16.45892,523.48582,167.09348,-0.05262,-0.43503,0.17619,0.88144,
1658228961933067776,-8.36623,527.42344,167.09348,-0.08585,-0.39421,0.17520,0.89807,
1658228962535485184,-0.20517,531.21768,167.09348,-0.11939,-0.35874,0.17433,0.90921,
1658228963134592000,7.97488,534.97090,167.09348,-0.13623,-0.32206,0.17364,0.92063,
1658228963731922944,16.15052,538.73370,167.09348,-0.16896,-0.27460,0.17207,0.93083,
1658228964334074112,24.29123,542.57143,167.09348,-0.19050,-0.23769,0.16520,0.93804,
1658228964932573952,32.37800,546.52139,167.09348,-0.22616,-0.18652,0.15651,0.94317,
1658228965534744064,40.37865,550.64284,167.09348,-0.24500,-0.14747,0.14210,0.94765,
1658228966134029312,48.28992,554.93338,167.09348,-0.27646,-0.10337,0.12993,0.94657,
1658228966732273152,56.07924,559.44119,167.09348,-0.30380,-0.06271,0.12117,0.94292,
1658228967334992640,63.71566,564.20317,167.09348,-0.34071,-0.02094,0.12117,0.93209,
1658228967932885504,71.15816,569.26286,167.09348,-0.35441,0.02134,0.11469,0.92779,
1658228968535086848,78.40124,574.60398,167.09348,-0.37965,0.06868,0.10404,0.91669,
1658228969133486848,85.40971,580.24900,167.09348,-0.40589,0.11093,0.09663,0.90200,
1658228969734466304,92.12753,586.22604,167.09348,-0.42150,0.14751,0.09057,0.89016,
1658228970335195904,98.54378,592.53571,167.09348,-0.44685,0.19040,0.08221,0.87024,
1658228970933929728,104.59921,599.19241,167.09348,-0.46325,0.23609,0.07680,0.85074,
1658228971536037888,110.25540,606.19116,167.09348,-0.48542,0.26358,0.06639,0.83095,
1658228972133811968,115.44822,613.53996,167.09348,0.50236,-0.30388,-0.05982,-0.80729,
1658228972734086400,120.10767,621.23757,167.09348,0.51332,-0.35055,-0.05140,-0.78165,
1658228973334790912,124.17412,629.26409,167.09348,0.52870,-0.39083,-0.04291,-0.75226,
1658228973933734144,127.55440,637.60199,167.09348,0.54531,-0.41917,-0.03506,-0.72506,
1658228974535025152,130.16764,646.21095,167.09348,0.55582,-0.45820,-0.03197,-0.69289,
1658228975135079936,131.94110,655.03074,167.09348,0.56149,-0.49981,-0.02376,-0.65906,
1658228975731486976,132.77907,663.97913,167.09348,0.56881,-0.53442,-0.00908,-0.62511,
1658228976333739264,132.62937,672.97320,167.09348,0.58213,-0.55809,0.00220,-0.59132,
1658228976931970560,131.47802,681.84045,167.09348,0.58821,-0.58909,0.00964,-0.55397,
1658228977534626560,129.28976,690.56499,167.09348,0.58948,-0.62346,0.02044,-0.51322,
1658228978133681408,126.06953,698.96361,167.09348,0.59020,-0.64717,0.02607,-0.48182,
1658228978731934720,121.89472,706.93136,167.09348,0.59771,-0.66572,0.02635,-0.44595,
1658228979334241024,116.87689,714.39753,167.09348,0.59805,-0.69762,0.04881,-0.39151,
1658228979932700928,111.09398,721.27159,167.09348,0.59518,-0.71996,0.06322,-0.35131,
1658228980534717440,104.67287,727.56100,167.09348,0.61528,-0.71769,0.06774,-0.31899,
1658228981132968192,97.73838,733.29362,167.09348,0.61718,-0.73448,0.06785,-0.27390,
1658228981731009024,90.32612,738.39251,167.09348,0.61552,-0.75247,0.07135,-0.22324,
1658228982333224960,82.53895,742.90239,167.09348,0.61453,-0.76312,0.09069,-0.17825,
1658228982931886080,74.46586,746.87632,167.09348,0.61037,-0.77763,0.09815,-0.11445,
1658228983534077696,66.14619,750.30618,167.09348,0.62370,-0.76965,0.10452,-0.08776,
1658228984133094912,57.64724,753.26370,167.09348,0.63887,-0.76134,0.10435,-0.03621,
1658228984731688960,48.97816,755.67553,167.09348,0.64273,-0.75682,0.11882,-0.00105,
1658228985333920768,40.18157,757.57025,167.09348,0.63136,-0.76770,0.09517,0.05435,
1658228985932303872,31.28394,758.91864,167.09348,0.61955,-0.77025,0.11028,0.10350,
1658228986534530048,22.32704,759.78749,167.09348,0.62383,-0.75579,0.12877,0.15178,
1658228987132794624,13.33604,760.15417,167.09348,0.62047,-0.75096,0.11224,0.19614,
1658228987731180032,4.33863,759.98239,167.09348,0.61671,-0.74565,0.10863,0.22775,
1658228988333263616,-4.63181,759.27307,167.09348,0.58932,-0.74180,0.12708,0.29374,
1658228988931701248,-13.54116,758.00850,167.09348,0.58541,-0.72879,0.12414,0.33280,
1658228989533859584,-22.35451,756.19190,167.09348,0.57697,-0.71647,0.12683,0.37107,
1658228990133449216,-31.03446,753.81954,167.09348,0.56414,-0.70023,0.12664,0.41880,
1658228990733297408,-39.50961,750.84515,167.09348,0.54700,-0.68725,0.11919,0.46290,
1658228991335664896,-47.74574,747.22235,167.09348,0.53513,-0.66244,0.14991,0.50233,
1658228991933117952,-55.66916,742.96025,167.09348,0.54146,-0.63344,0.10809,0.54211,
1658228992534801664,-63.14344,737.95267,167.09348,0.52793,-0.61734,0.10650,0.57345,
1658228993132493568,-70.06970,732.22011,167.09348,0.49092,-0.60465,0.11301,0.61695,
1658228993730524160,-76.30364,725.75521,167.09348,0.45940,-0.58762,0.11273,0.65646,
1658228994332602880,-81.73786,718.58752,167.09348,0.44099,-0.56498,0.11433,0.68793,
1658228994931331328,-86.18259,710.84905,167.09348,0.41838,-0.54616,0.10819,0.71761,
1658228995533353216,-89.53630,702.55146,167.09348,0.38850,-0.51432,0.10715,0.75701,
1658228996131888640,-91.63947,693.81556,167.09348,0.34794,-0.48369,0.12061,0.79400,
1658228996731284992,-92.30432,684.85910,167.09348,0.34185,-0.46291,0.13367,0.80684,
1658228997334211584,-91.55226,675.89955,167.09348,0.34645,-0.42923,0.10036,0.82805,
1658228997933125120,-89.46529,667.16166,167.09348,0.27236,-0.39897,0.11319,0.86823,
1658228998533915392,-85.95296,658.90105,167.09348,0.25999,-0.36905,0.12640,0.88331,
1658228999132225280,-81.21128,651.25860,167.09348,0.25761,-0.33452,0.12754,0.89748,
1658228999730563584,-75.70910,644.23754,167.08498,0.19018,-0.64938,0.18860,0.71173,
1658229000332893952,-69.94795,637.46282,167.09143,-0.16711,0.69556,-0.19422,-0.67123,
1658229000931211264,-64.00998,630.91243,167.09057,-0.15699,0.69119,-0.19010,-0.67931,
1658229001533283072,-57.71430,624.49287,167.08736,0.14984,-0.68603,0.17860,0.68921,
1658229002131597824,-51.16898,618.39202,167.08252,0.13495,-0.67771,0.17032,0.70249,
1658229002731152128,-44.30552,612.64762,167.06491,0.11220,-0.67180,0.16266,0.71389,
1658229003334633728,-37.09237,607.36299,167.06415,0.09760,-0.66571,0.15311,0.72378,
1658229003933885952,-29.54078,602.61846,167.05272,0.07810,-0.65783,0.14419,0.73510,
1658229004533859584,-21.66700,598.47968,167.04002,0.06790,-0.65050,0.12912,0.74536,
1658229005131987456,-13.44643,594.98271,166.96827,0.04639,-0.64026,0.12449,0.75658,
1658229005730374400,-4.93042,592.20164,166.91758,0.01625,-0.63147,0.12557,0.76500,
1658229006332507904,3.83580,590.19454,166.87129,0.00104,-0.62418,0.11596,0.77263,
1658229006931155200,12.62250,589.00009,166.84684,-0.00922,-0.60599,0.09657,0.78954,
1658229007533306112,21.55373,588.51784,166.89387,-0.06006,-0.60854,0.09935,0.78498,
1658229008131428608,30.49388,588.83424,166.41570,-0.07648,-0.59846,0.08534,0.79292,
1658229008729822720,39.39608,589.96969,166.18041,-0.09190,-0.58747,0.07625,0.80039,
1658229009332063744,47.93962,591.80936,166.38677,-0.11797,-0.57006,0.07537,0.80959,
1658229009931183616,56.01335,594.32934,167.09348,-0.14774,-0.53256,0.07724,0.82981,
1658229010533550336,64.35514,597.70094,167.09348,-0.17842,-0.49866,0.08581,0.84388,
1658229011131859712,72.40583,601.69347,167.09348,-0.21139,-0.45627,0.09103,0.85956,
1658229011730039296,80.18640,606.21430,167.09348,-0.25622,-0.42232,0.08997,0.86481,
1658229012332217088,87.65920,611.22714,167.09348,-0.29150,-0.39162,0.09507,0.86754,
1658229012930564096,94.80489,616.69698,167.09348,-0.31131,-0.35882,0.09429,0.87490,
1658229013532743680,101.67249,622.51267,167.09348,-0.35006,-0.32564,0.10149,0.87242,
1658229014131126272,108.24582,628.65887,167.09348,-0.37668,-0.29210,0.11645,0.87134,
1658229014733171712,114.50270,635.12699,167.09348,-0.39205,-0.25232,0.13319,0.87458,
1658229015334241536,120.50439,641.83286,167.09348,-0.43642,-0.22397,0.15710,0.85714,
1658229015931550976,126.21343,648.78969,167.09348,-0.45725,-0.20304,0.18010,0.84691,
1658229016534879232,131.63283,655.97423,167.09348,-0.47305,-0.18916,0.21413,0.83343,
1658229017131412736,136.74006,663.38409,167.09348,-0.48012,-0.17105,0.26903,0.81722,
1658229017730471424,141.63668,670.93532,167.09348,0.50986,0.15693,-0.31554,-0.78476,
1658229018332066816,146.32870,678.61529,167.09348,0.52838,0.13760,-0.36215,-0.75546,
1658229018931206144,150.83548,686.39287,167.09306,-0.13368,-0.67280,-0.07988,0.72325,
1658229019532640000,155.28696,694.13208,167.09031,0.06239,0.70597,0.08276,-0.70062,
1658229020131824128,159.72834,701.86232,167.08702,-0.04187,-0.70521,-0.05165,0.70587,
1658229020730070528,164.17489,709.56162,167.08735,-0.02964,-0.69466,-0.02457,0.71831,
1658229021333318656,168.72538,717.28927,167.08407,-0.02380,-0.69381,0.01441,0.71962,
1658229021931568640,173.29064,724.97663,167.08000,-0.01688,-0.68812,0.05817,0.72307,
1658229022533554944,177.86908,732.64259,167.07340,0.03597,-0.67612,0.07289,0.73229,
1658229023131139840,182.58840,740.23960,167.06861,0.04553,-0.67361,0.12413,0.72717,
1658229023729267712,187.43904,747.79900,167.00284,0.06635,-0.65228,0.17623,0.73422,
1658229024331421184,192.48208,755.25028,166.98017,0.07805,-0.63507,0.21324,0.73833,
1658229024930035200,197.79915,762.49158,167.04682,0.09228,-0.59792,0.23475,0.76083,
1658229025532273920,203.51390,769.44224,167.01389,0.12715,-0.56923,0.25455,0.77137,
1658229026130686976,209.67612,775.96797,166.94722,0.10104,-0.52703,0.27637,0.79728,
1658229026730006272,216.35976,781.99159,166.91302,0.15180,-0.48935,0.28784,0.80910,
1658229027333791232,223.42198,787.16879,166.74122,0.20715,-0.45872,0.31266,0.80555,
1658229027930487040,231.20538,791.60989,166.51538,0.14642,-0.41420,0.32261,0.83840,
1658229028532739584,239.37082,795.32088,165.83199,0.13409,-0.38331,0.28582,0.86798,
1658229029130976768,247.79003,798.30424,164.96882,0.17441,-0.33296,0.31970,0.86978,
1658229029729302528,256.40264,800.50372,163.63737,0.18707,-0.31163,0.32341,0.87367,
1658229030331439360,264.83743,801.91495,162.79548,0.16977,-0.30760,0.29232,0.88944,
1658229030929773568,273.36291,802.66591,161.76452,0.16909,-0.29263,0.29459,0.89387,
1658229033431372032,267.19202,800.14786,166.97135,0.83759,0.06737,0.54191,0.01505,
1658229034233053440,259.61165,797.24636,166.93753,0.84572,0.03930,0.52962,0.05218,
1658229034830187264,252.09354,794.14214,166.91462,0.84839,0.00594,0.52194,0.08816,
1658229035435929088,243.87554,790.50803,166.88984,0.84711,-0.04662,0.50925,0.14452,
1658229036030108928,235.81208,786.60790,166.88837,0.83624,-0.11468,0.49281,0.21140,
1658229036628542208,227.90516,782.31105,166.90068,0.82550,-0.16350,0.47546,0.25643,
1658229037231298560,220.22412,777.62226,166.90363,0.81320,-0.20976,0.45236,0.30014,
1658229037830643968,212.80402,772.55752,166.93363,0.79524,-0.25403,0.43171,0.34160,
1658229038434154240,205.63288,767.12083,166.98182,0.77980,-0.29073,0.41264,0.37028,
1658229039030555392,198.75928,761.38643,167.03620,0.77256,-0.31759,0.39333,0.38417,
1658229039629347840,192.10100,755.37197,167.07255,0.77540,-0.33055,0.37735,0.38354,
1658229040231099904,185.61281,749.13525,167.09774,0.77415,-0.33532,0.37899,0.38029,
1658229040830137344,179.26785,742.75255,167.09981,0.78033,-0.32681,0.37144,0.38252,
1658229041431493632,173.09331,736.20609,167.09889,0.77570,-0.34413,0.35819,0.38932,
1658229042029724416,167.10698,729.48603,167.09889,0.77130,-0.35040,0.34105,0.40744,
1658229042628864256,161.29522,722.61446,167.09889,0.76777,-0.35073,0.31915,0.43089,
1658229043230351104,155.68124,715.58098,167.09889,0.75457,-0.35682,0.31060,0.45479,
1658229043829577216,150.29070,708.40520,167.09835,0.59082,-0.46184,0.48617,0.44863,
1658229044431957760,145.10641,701.12797,167.09210,0.56243,-0.48456,0.49413,0.45244,
1658229045030354688,140.05348,693.78471,167.09803,0.52212,-0.50335,0.51223,0.46005,
1658229045627976448,135.11939,686.40241,167.09925,0.52286,-0.50372,0.49784,0.47438,
1658229046230733568,130.30113,678.90128,167.09740,0.50653,-0.51715,0.48880,0.48690,
1658229046829082368,125.73960,671.44878,167.09460,0.50488,-0.53432,0.46755,0.49091,
1658229047431468288,121.27025,663.83549,167.10118,0.47315,-0.52117,0.47657,0.52668,
1658229048029342720,117.12208,656.14601,167.09225,-0.48866,0.54410,-0.44137,-0.51996,
1658229048627969024,113.12875,648.26827,167.09259,0.45482,-0.53482,0.44799,0.55354,
1658229049230124544,109.38554,640.20119,167.07465,-0.46702,0.55972,-0.40656,-0.55074,
1658229049828391424,105.89598,632.11946,167.08507,0.43671,-0.56457,0.41355,0.56527,
1658229050430684672,102.70473,623.85435,167.07965,0.42722,-0.56930,0.39882,0.57821,
1658229051029852928,99.86143,615.42177,167.07666,0.42503,-0.57917,0.37475,0.58607,
1658229051627881472,97.36722,606.84018,167.07543,0.40882,-0.58683,0.36544,0.59578,
1658229052230491392,95.24231,598.10137,167.06868,0.39245,-0.59352,0.35479,0.60649,
1658229052828777984,93.51905,589.32997,167.06671,0.38277,-0.59829,0.33687,0.61811,
1658229053430930944,92.22042,580.42637,167.09873,0.37387,-0.59295,0.32407,0.63530,
1658229054029551360,91.43177,571.51489,167.09889,0.35889,-0.59259,0.31220,0.65005,
1658229054628003584,91.20779,562.56409,167.09889,0.34791,-0.58855,0.29608,0.66701,
1658229055229669632,91.61485,553.57532,167.09889,0.32443,-0.58672,0.28781,0.68386,
1658229055829032448,92.73485,544.69594,167.09889,0.31487,-0.58230,0.26991,0.69924,
1658229056431281920,94.61590,535.89742,167.09889,0.29917,-0.57999,0.25395,0.71388,
1658229057029741056,97.25217,527.35384,167.09889,0.27744,-0.58069,0.24217,0.72607,
1658229057627501312,100.67864,519.08845,167.09889,0.25768,-0.57652,0.23234,0.73976,
1658229058230132992,104.89647,511.14154,167.09889,0.24944,-0.56219,0.21594,0.75835,
1658229058828460288,109.84464,503.67682,167.09889,0.23006,-0.56014,0.20649,0.76856,
1658229059430657280,115.52425,496.69898,167.09889,0.22904,-0.55350,0.18337,0.77946,
1658229060029076736,121.77199,490.27042,167.09889,0.20142,-0.54944,0.17477,0.79183,
1658229060628022272,128.60280,484.43131,167.09889,0.19074,-0.54605,0.15528,0.80083,
1658229061230109952,135.89602,479.16166,167.09889,0.16341,-0.53541,0.14657,0.81556,
1658229061829598976,143.57944,474.53017,167.09889,0.15849,-0.52598,0.12429,0.82630,
1658229062431743232,151.61354,470.47922,167.09889,0.12839,-0.52120,0.12127,0.83496,
1658229063031895296,159.88391,467.06128,167.09889,0.12707,-0.51067,0.09672,0.84482,
1658229063627620864,168.35827,464.16576,167.09889,0.10874,-0.49971,0.08165,0.85545,
1658229064230044416,177.02685,461.74959,167.09889,0.09004,-0.49825,0.06770,0.85968,
1658229064828771584,185.79218,459.80359,167.09889,0.06875,-0.49052,0.05222,0.86714,
1658229065431131648,194.66961,458.32967,167.09889,0.05500,-0.48128,0.03553,0.87412,
1658229066029656832,203.60809,457.28556,167.09889,0.03728,-0.47080,0.02091,0.88121,
1658229066627040512,212.58411,456.63810,167.09889,0.01880,-0.46397,0.00609,0.88563,
1658229067229231616,221.56878,456.36450,167.09889,-0.00052,-0.45512,-0.00930,0.89038,
1658229067828559360,230.56770,456.46284,167.09889,-0.01080,-0.44402,-0.02566,0.89558,
1658229068431572992,239.55738,456.88371,167.09889,-0.03207,-0.43194,-0.03984,0.90045,
1658229069029053440,248.52630,457.62565,167.09889,-0.04685,-0.42335,-0.05615,0.90301,
1658229069626941440,257.46604,458.66185,167.09889,-0.06845,-0.41394,-0.07103,0.90495,
1658229070229608704,266.36608,459.99661,167.09889,-0.08406,-0.40313,-0.08315,0.90747,
1658229070828329984,275.22055,461.60696,167.09889,-0.10223,-0.39202,-0.09610,0.90920,
1658229071431475200,284.02035,463.49274,167.09889,-0.12208,-0.37633,-0.11224,0.91152,
1658229072028787200,292.75636,465.65523,167.09889,-0.14020,-0.36504,-0.12552,0.91178,
1658229072626967552,301.41971,468.09232,167.09889,-0.15694,-0.35145,-0.13879,0.91246,
1658229073229107200,310.00178,470.80197,167.09889,-0.17538,-0.34093,-0.15351,0.91074,
1658229073827408896,318.44373,473.76249,167.09889,-0.17749,-0.32660,-0.17412,0.91187,
1658229074429600256,326.86285,476.94274,167.09889,-0.20694,-0.31557,-0.18606,0.90718,
1658229075028793344,335.16078,480.36189,167.09889,-0.21755,-0.30270,-0.20128,0.90583,
1658229075626952704,343.38400,484.01885,167.09889,-0.23966,-0.28764,-0.21328,0.90241,
1658229076229174016,351.49592,487.91646,167.09889,-0.25358,-0.27657,-0.22978,0.89800,
1658229076828622080,359.49055,492.04927,167.09889,-0.27038,-0.26603,-0.24456,0.89236,
1658229077429864960,367.35553,496.42373,167.09889,-0.28719,-0.25178,-0.25807,0.88743,
1658229078030584576,375.08893,501.02703,167.09889,-0.29675,-0.23655,-0.27433,0.88359,
1658229078626393600,382.69304,505.84070,167.09889,-0.31287,-0.22596,-0.28410,0.87769,
1658229079228638208,390.15653,510.86975,167.09889,-0.32993,-0.20611,-0.29540,0.87258,
1658229079828007680,397.47301,516.11038,167.09660,-0.36436,-0.48502,-0.40082,0.68655,
1658229080430675456,404.70597,521.46610,167.09825,-0.38093,-0.56192,-0.43000,0.59518,
1658229081028366336,411.79133,526.82429,167.09730,-0.39519,-0.56114,-0.44096,0.57837,
1658229081626322176,418.81911,532.27043,167.09647,-0.40649,-0.55272,-0.45375,0.56866,
1658229082228878080,425.84619,537.86196,167.09547,-0.42465,-0.54896,-0.46058,0.55334,
1658229082827591168,432.72064,543.54048,167.09376,-0.43426,-0.53024,-0.47456,0.55232,
1658229083429392640,439.53732,549.38576,167.09430,-0.44977,-0.52397,-0.48044,0.54068,
1658229084027722496,446.19607,555.34053,167.09267,-0.46662,-0.51329,-0.48713,0.53057,
1658229084628215296,452.63964,561.40366,167.08998,-0.47980,-0.50150,-0.49522,0.52255,
1658229085230593792,458.93089,567.69500,167.08614,-0.49109,-0.48981,-0.50310,0.51556,
1658229085830048000,464.98538,574.15473,167.08752,0.50792,0.47347,0.50896,-0.50873,
1658229086432363520,470.82596,580.87212,167.08513,0.52165,0.46763,0.51883,-0.48992,
1658229087028370944,476.34411,587.75656,167.08123,0.53214,0.45267,0.52906,-0.48167,
1658229087626672384,481.60156,594.88893,167.07863,0.54480,0.44645,0.53483,-0.46672,
1658229088229763072,486.56316,602.28830,167.06420,0.55855,0.43147,0.54165,-0.45658,
1658229088827708160,491.12253,609.87949,167.04513,0.57395,0.41919,0.54601,-0.44356,
1658229089430085120,495.30006,617.74718,167.01310,0.58494,0.40783,0.55353,-0.43026,
1658229090029198592,499.01729,625.77336,167.09889,0.60311,0.39766,0.55172,-0.41681,
1658229090626139392,502.21708,633.99148,167.09889,0.62270,0.38617,0.54706,-0.40477,
1658229091229007616,504.83793,642.57865,167.09889,0.64316,0.36562,0.54433,-0.39543,
1658229091828323328,506.73545,651.29742,167.09889,0.65796,0.35505,0.54491,-0.37961,
1658229092429553152,507.84015,660.16941,167.09889,0.67335,0.34129,0.54448,-0.36559,
1658229093030156544,508.07680,669.01461,167.09889,0.68580,0.32266,0.54555,-0.35770,
1658229093626028800,507.43460,677.71852,167.09889,0.70054,0.30620,0.53901,-0.35349,
1658229094228358144,505.88387,686.51915,167.09889,0.71806,0.29042,0.53180,-0.34240,
1658229094826808832,503.47068,695.11720,167.09889,0.73394,0.27418,0.52655,-0.33001,
1658229095428793600,500.20929,703.42924,167.09889,0.74964,0.25973,0.52476,-0.30856,
1658229096027177216,496.14365,711.38350,167.09889,0.76400,0.24837,0.52027,-0.28972,
1658229096627901696,491.28491,718.95515,167.09889,0.77797,0.23388,0.51557,-0.27249,
1658229097228718336,485.75783,726.01926,167.09889,0.78763,0.21851,0.51405,-0.26009,
1658229097827102976,479.65540,732.57604,167.09889,0.80360,0.20473,0.50351,-0.24246,
1658229098429906432,473.00713,738.63493,167.09889,0.81462,0.18706,0.49848,-0.23004,
1658229099027239680,465.94657,744.16109,167.09889,0.82417,0.16938,0.49633,-0.21378,
1658229099625545984,458.49391,749.20377,167.09889,0.83450,0.15307,0.49138,-0.19680,
1658229100228035584,450.74115,753.75430,167.09889,0.84428,0.13859,0.48541,-0.17991,
1658229100826455808,442.72043,757.83429,167.09889,0.85273,0.12408,0.48000,-0.16449,
1658229101428484096,434.48858,761.47015,167.09889,0.86160,0.10792,0.47231,-0.15138,
1658229102026848512,426.08933,764.70106,167.09889,0.87056,0.08913,0.46456,-0.13551,
1658229102625520640,417.54699,767.53152,167.09889,0.87728,0.07342,0.45892,-0.11991,
1658229103228455680,408.89420,770.00552,167.09889,0.88485,0.06127,0.45119,-0.09861,
1658229103826703360,400.14661,772.11893,167.09889,0.89072,0.04394,0.44287,-0.09247,
1658229104428920832,391.32949,773.92204,167.09889,0.89819,0.03635,0.43446,-0.05632,
1658229105027402752,382.44842,775.37778,167.09889,0.90687,0.02105,0.41725,-0.05524,
1658229105625266176,373.52728,776.52319,167.09889,0.91351,0.00753,0.40454,-0.04222,
1658229106227792384,364.57057,777.40225,167.09889,0.91763,-0.02241,0.39588,-0.02696,
1658229106826523904,355.59283,778.02962,167.09889,0.92081,-0.04276,0.38766,-0.00176,
1658229107428112640,346.59956,778.36882,167.09889,0.92191,-0.05938,0.38242,0.01734,
1658229108026558720,337.60009,778.42287,167.09889,0.92259,-0.07612,0.37662,0.03443,
1658229108624936960,328.60383,778.17757,167.09889,0.92744,-0.09745,0.35879,0.04035,
1658229109228045824,319.61935,777.68590,167.09889,0.92499,-0.11068,0.35773,0.06460,
1658229109828547584,310.65130,776.93197,167.09889,0.92657,-0.12701,0.34624,0.07381,
1658229110430340352,301.70638,775.94003,167.09889,0.92535,-0.13907,0.33739,0.10269,
1658229111027854080,292.79461,774.68448,167.09889,0.92925,-0.15718,0.31750,0.10484,
1658229111625217792,283.97811,773.19022,167.09889,0.92611,-0.16860,0.31277,0.12674,
1658229112228280832,275.15651,771.40835,167.09889,0.92938,-0.18894,0.28395,0.14112,
1658229112826219008,266.39268,769.36178,167.09889,0.92487,-0.20563,0.28304,0.14906,
1658229113428494336,257.68890,767.07264,167.09889,0.92364,-0.21584,0.27009,0.16537,
1658229114028111104,249.05258,764.54104,167.09889,0.92492,-0.23598,0.24688,0.16700,
1658229114624719104,240.47984,761.80193,167.09889,0.91904,-0.24773,0.23331,0.19890,
1658229115227717888,232.00016,758.78710,167.09889,0.91433,-0.26415,0.22745,0.20614,
1658229115825805312,223.61022,755.53084,167.09889,0.91056,-0.27951,0.21123,0.21941,
1658229116427632640,215.31141,752.04881,167.09889,0.90331,-0.29510,0.20025,0.23842,
1658229117026621440,207.12104,748.31911,167.09889,0.89854,-0.31075,0.18663,0.24744,
1658229117624865024,199.04313,744.35155,167.09889,0.88869,-0.32478,0.18183,0.26774,
1658229118228979712,191.08137,740.15570,167.09889,0.88323,-0.34053,0.16459,0.27723,
1658229118825776128,183.23558,735.74669,167.09889,0.87257,-0.35652,0.15627,0.29511,
1658229119427553280,175.51251,731.12613,167.09889,0.86435,-0.36980,0.13621,0.31240,
1658229120028285440,167.92927,726.27958,167.09889,0.85521,-0.38214,0.12804,0.32587,
1658229120627031040,160.49621,721.20581,167.09889,0.84340,-0.39627,0.12114,0.34202,
1658229121227447040,153.21053,715.92249,167.09889,0.83683,-0.39988,0.10891,0.35770,
1658229121825798144,146.08415,710.42624,167.09889,0.82679,-0.41972,0.08684,0.36431,
1658229122427992064,139.11735,704.72902,167.09889,0.80763,-0.43678,0.07877,0.38827,
1658229123025754624,132.33860,698.82102,167.09889,0.79707,-0.45113,0.07014,0.39527,
1658229123624360960,125.72665,692.71561,167.09889,0.78632,-0.45985,0.05659,0.40871,
1658229124226773760,119.30007,686.41543,167.09889,0.77869,-0.46514,0.04109,0.41905,
1658229124825186304,113.07413,679.91682,167.09889,0.76746,-0.47836,0.02674,0.42599,
1658229125427701760,107.03957,673.24011,167.09889,0.75117,-0.49095,0.00704,0.44121,
1658229126026764544,101.21384,666.38041,167.09889,0.73582,-0.50848,-0.00583,0.44720,
1658229126624193280,95.58373,659.35923,167.09889,0.72209,-0.51857,-0.01608,0.45761,
1658229127227164928,90.14722,652.18706,167.09889,0.70673,-0.52670,-0.02670,0.47159,
1658229127825478912,84.91246,644.86638,167.09889,0.69657,-0.53186,-0.03565,0.48026,
1658229128427944704,79.88053,637.40492,167.09889,0.67354,-0.54364,-0.05198,0.49809,
1658229129025986816,75.06261,629.80330,167.09889,0.64561,-0.56096,-0.07043,0.51338,
1658229129624126720,70.45013,622.12312,167.09696,-0.37869,0.66152,-0.21784,-0.60952,
1658229130226497280,65.90722,614.41461,167.09338,-0.30281,0.66648,-0.26279,-0.62853,
1658229130824884736,61.49133,606.80348,167.09801,-0.29805,0.66723,-0.24030,-0.63893,
1658229131427058432,57.17595,599.13818,167.10221,-0.27562,0.66007,-0.23314,-0.65878,
1658229132026853376,53.13879,591.48615,167.09008,0.26653,-0.65565,0.21911,0.67162,
1658229132625229568,49.45355,583.81321,167.09269,0.24772,-0.65747,0.20770,0.68061,
1658229133227511808,46.13556,576.06674,167.07160,0.22669,-0.66648,0.19799,0.68207,
1658229133826055168,43.21741,568.39329,167.07688,0.21585,-0.66845,0.18415,0.68751,
1658229134429452288,40.63356,560.69354,167.05013,0.20118,-0.67094,0.17041,0.69305,
1658229135126379008,38.07161,551.83771,167.03638,0.17247,-0.67756,0.15969,0.69690,
1658229135824900352,35.97444,543.09945,167.08638,0.16451,-0.67960,0.14112,0.70083,
1658229136527529728,34.32227,534.45329,167.07210,0.14439,-0.68067,0.11642,0.70873,
1658229137226206976,33.16203,525.99646,167.03846,0.12569,-0.67478,0.10033,0.72029,
1658229137925900544,32.54574,517.69051,167.02497,0.10500,-0.67964,0.08837,0.72059,
1658229138624470272,32.49569,509.62713,167.06742,0.09926,-0.67802,0.05532,0.72620,
1658229139427379200,33.16329,500.62799,167.09889,0.04867,-0.66363,0.06215,0.74388,
1658229140225616896,34.72355,492.11921,167.09890,0.04176,-0.66409,0.02778,0.74597,
1658229141026294784,37.30252,484.06773,167.09889,0.01748,-0.65638,0.02083,0.75394,
1658229141824621312,41.07777,476.73583,167.09889,-0.02171,-0.63807,0.01861,0.76944,
1658229142624354560,46.21492,470.20593,167.09889,-0.05380,-0.62704,0.00681,0.77709,
1658229143426542080,52.82808,464.62414,167.09889,-0.06377,-0.61537,-0.02871,0.78513,
1658229144126783744,59.89864,460.65446,167.09889,-0.10673,-0.59864,-0.02812,0.79338,
1658229144824904448,68.25626,457.72802,167.09889,-0.11375,-0.58964,-0.04680,0.79824,
1658229145426413568,76.56269,456.05323,167.09889,-0.13437,-0.57964,-0.05233,0.80201,
1658229146028230144,85.49338,455.32433,167.09889,-0.14567,-0.56815,-0.07024,0.80687,
1658229146623372032,94.41825,455.56064,167.09889,-0.16566,-0.55458,-0.08113,0.81143,
1658229147225420800,103.31444,456.66652,167.09889,-0.19619,-0.54241,-0.08378,0.81258,
1658229147824295168,112.08628,458.62899,167.09889,-0.20065,-0.52633,-0.10811,0.81916,
1658229148426395392,120.66634,461.33593,167.09889,-0.23243,-0.51475,-0.11047,0.81781,
1658229149025257728,128.96593,464.76593,167.09889,-0.24989,-0.49853,-0.12144,0.82114,
1658229149624206848,136.98405,468.84918,167.09889,-0.26262,-0.48283,-0.13241,0.82485,
1658229150226250752,144.69879,473.48104,167.09889,-0.27909,-0.47022,-0.14443,0.82470,
1658229150824565760,152.09468,478.57795,167.09889,-0.29910,-0.45543,-0.15297,0.82445,
1658229151426931712,159.19282,484.10921,167.09889,-0.31411,-0.44560,-0.16731,0.82145,
1658229152024512000,165.98523,489.98918,167.09889,-0.33584,-0.42961,-0.17677,0.81939,
1658229152624190208,172.50948,496.18746,167.09889,-0.35683,-0.41263,-0.18622,0.81715,
1658229153225359872,178.75004,502.67158,167.09889,-0.36510,-0.40162,-0.20563,0.81432,
1658229153824354048,184.72207,509.40379,167.09889,-0.37199,-0.38451,-0.21715,0.81647,
1658229154426197760,190.44225,516.35140,167.09889,-0.40775,-0.36619,-0.21228,0.80906,
1658229155024513536,195.87703,523.52464,167.09889,-0.41835,-0.35332,-0.22371,0.80629,
1658229155623059968,201.03438,530.89964,167.09889,-0.43573,-0.32701,-0.23428,0.80518,
1658229156226033920,205.92873,538.45208,167.09889,-0.44530,-0.31524,-0.25090,0.79962,
1658229156824215552,210.59243,546.14905,167.09889,-0.46240,-0.29728,-0.25946,0.79404,
1658229157425901056,215.01270,553.98832,167.09889,-0.47932,-0.28771,-0.26660,0.78511,
1658229158027019264,219.21340,561.94770,167.09889,-0.48803,-0.26657,-0.27578,0.78404,
1658229158623628288,223.21064,570.01083,167.09889,0.51782,0.25201,0.27751,-0.76899,
1658229159227351040,226.96624,578.18948,167.09889,0.53152,0.23319,0.29291,-0.75981,
1658229159824134144,230.47902,586.47530,167.09889,0.54757,0.21637,0.29444,-0.75277,
1658229160427993088,233.71864,594.87155,167.09889,0.58668,0.20353,0.29684,-0.72545,
1658229161024774912,236.63338,603.38627,167.09889,0.54784,0.18369,0.33050,-0.74626,
1658229161624140800,239.41643,611.94471,167.09889,0.60588,0.16437,0.31621,-0.71127,
1658229162225530368,241.91933,620.58959,167.09889,0.59877,0.15794,0.33439,-0.71043,
1658229162824249856,244.16434,629.30447,167.09889,0.58312,0.12393,0.34728,-0.72388,
1658229163426553600,246.22063,638.06607,167.09889,0.62623,0.10947,0.33305,-0.69636,
1658229164024933632,247.98576,646.89094,167.09889,0.63920,0.09611,0.34426,-0.68093,
1658229164622616320,249.45813,655.76935,167.09889,0.64436,0.07027,0.35318,-0.67463,
1658229165225412352,250.68950,664.68443,167.09889,0.65529,0.05333,0.36686,-0.65815,
1658229165823582720,251.69061,673.62832,167.09889,0.66834,0.03882,0.37283,-0.64250,
1658229166425787648,252.46975,682.59431,167.09889,0.69033,0.03438,0.37516,-0.61767,
1658229167024839168,252.94226,691.58141,167.09889,0.69823,-0.00324,0.37639,-0.60893,
1658229167624265984,253.10967,700.56286,167.09889,0.69362,-0.00850,0.39511,-0.60225,
1658229168225504000,253.08384,709.56275,167.09889,0.70222,-0.03125,0.38735,-0.59655,
1658229168824066048,252.81795,718.54371,167.09889,0.71482,-0.04317,0.39498,-0.57546,
1658229169427331840,252.25992,727.52601,167.09889,0.72664,-0.06429,0.40015,-0.55474,
1658229170025051904,251.41350,736.48573,167.09889,0.73189,-0.08257,0.41275,-0.53587,
1658229170623152384,250.31286,745.41792,167.09889,0.73015,-0.09933,0.41594,-0.53293,
1658229171225029888,248.98118,754.31847,167.09889,0.74441,-0.12293,0.41055,-0.51204,
1658229171823410432,247.40856,763.17987,167.09889,0.76270,-0.13293,0.41731,-0.47589,
1658229172426389504,245.51915,771.97883,167.09889,0.74808,-0.15665,0.42449,-0.48543,
1658229173023786496,243.37406,780.71893,167.09889,0.76635,-0.17082,0.42401,-0.45138,
1658229173623215104,240.92329,789.37851,167.09889,0.76528,-0.19196,0.42728,-0.44151,
1658229174225337088,238.20436,797.95758,167.09889,0.76622,-0.21451,0.42531,-0.43127,
1658229174824229120,235.25019,806.45872,167.09889,0.76848,-0.23019,0.43024,-0.41393,
1658229175424743424,232.07611,814.87813,167.09889,0.77524,-0.24963,0.42309,-0.39710,
1658229176025265920,228.66175,823.20506,167.09889,0.77808,-0.26699,0.42066,-0.38255,
1658229176622099968,225.01133,831.43109,167.09889,0.78520,-0.27943,0.42609,-0.35189,
1658229177224577792,221.10477,839.53867,167.09889,0.78747,-0.29363,0.43065,-0.32895,
1658229177822994176,216.94401,847.50255,167.09889,0.78310,-0.31673,0.43279,-0.31484,
1658229178425070080,212.53119,855.34610,167.09889,0.78283,-0.32944,0.44104,-0.29005,
1658229179023775232,207.89820,863.06172,167.09889,0.78150,-0.34428,0.44510,-0.26947,
1658229179622843136,203.12474,870.65737,167.09966,0.71862,-0.12378,0.68400,0.02011,
1658229180224101120,198.19570,878.17138,167.09768,0.71921,-0.12274,0.68291,0.03602,
1658229180824359936,193.13883,885.57388,167.09193,0.70299,-0.13215,0.69468,0.07596,
1658229181425919744,188.07410,892.84929,167.09444,0.68070,-0.13434,0.71454,0.08960,
1658229182027326464,183.02860,900.02531,167.09176,0.71269,-0.15516,0.67599,0.10501,
1658229182623184384,177.86109,907.00515,167.09278,0.69576,-0.16388,0.68289,0.15077,
1658229183225509120,172.58788,913.84464,167.08832,0.70103,-0.19008,0.66798,0.16195,
1658229183823291904,167.31507,920.45663,167.08578,0.70656,-0.16923,0.66101,0.18763,
1658229184425070080,162.05630,926.69154,167.08227,0.71006,-0.19907,0.64566,0.19828,
1658229185125670144,155.73506,933.47914,167.08296,0.69703,-0.22255,0.64838,0.21030,
1658229185823349504,149.27611,939.82620,167.08632,0.70191,-0.23432,0.63384,0.22508,
1658229186527447552,142.58211,945.75825,167.08130,0.69190,-0.25157,0.63029,0.24641,
1658229187224896768,135.79052,951.17322,167.07740,0.68282,-0.27244,0.62452,0.26364,
1658229187923405056,128.85946,956.10828,167.07367,0.68201,-0.28883,0.60812,0.28571,
1658229188621522432,121.80855,960.50847,167.03101,0.67021,-0.29518,0.60372,0.31499,
1658229189324805376,114.61746,964.31490,167.09889,0.65825,-0.29865,0.60354,0.33652,
1658229190126714880,106.35578,967.78754,167.09889,0.65423,-0.29502,0.58105,0.38384,
1658229190922781952,98.15683,970.01924,167.09890,0.65877,-0.33046,0.57066,0.36217,
1658229191722702592,89.83236,971.01506,167.09889,0.63670,-0.33236,0.56103,0.41158,
1658229192524573184,81.56360,970.49216,167.09889,0.63411,-0.31301,0.55374,0.43967,
1658229193324752640,73.47234,968.17105,167.09889,0.62783,-0.31538,0.53344,0.47096,
1658229194123800576,65.62592,963.89207,167.09889,0.63585,-0.32627,0.50284,0.48620,
1658229194824205824,58.97677,958.36394,167.09889,0.61973,-0.32978,0.47978,0.52630,
1658229195424608256,53.50598,952.25175,167.09889,0.61637,-0.35539,0.44050,0.54749,
1658229196023480832,48.37841,944.96880,167.09889,0.60409,-0.34609,0.42812,0.57621,
1658229196622851584,44.13524,937.08054,167.09889,0.60222,-0.34387,0.41208,0.59099,
1658229197225501184,40.77458,928.73572,167.09889,0.60117,-0.35530,0.37844,0.60757,
1658229197823199488,38.26644,920.11046,167.09889,0.58568,-0.36541,0.34763,0.63451,
1658229198424708096,36.55425,911.27742,167.09889,0.57046,-0.37872,0.32056,0.65451,
1658229199023499520,35.57680,902.33422,167.09889,0.56269,-0.39056,0.28573,0.67023,
1658229199622032128,35.26352,893.34166,167.09889,0.53284,-0.40039,0.25704,0.69979,
1658229200225121536,35.61991,884.35074,167.09889,0.50951,-0.41319,0.21676,0.72297,
1658229200822256640,36.60075,875.43624,167.09889,0.47817,-0.42510,0.17957,0.74726,
1658229201424291072,38.15163,866.57182,167.09889,0.46559,-0.45728,0.14030,0.74460,
1658229202023858432,40.14417,857.82520,167.09889,0.42889,-0.45107,0.10442,0.77569,
1658229202622072320,42.65826,849.18679,167.09889,0.40134,-0.46079,0.06483,0.78892,
1658229203224522496,45.68174,840.71167,167.09889,0.35102,-0.45881,0.02216,0.81596,
1658229203822649088,49.25981,832.46699,167.09889,0.33479,-0.48138,-0.03092,0.80947,
1658229204423862272,53.22207,824.38658,167.09889,0.31441,-0.49164,-0.07076,0.80897,
1658229205026518784,57.45277,816.50780,167.09889,0.25122,-0.49712,-0.10237,0.82418,
1658229205621976832,61.98264,808.97089,167.09889,0.23193,-0.48006,-0.17356,0.82803,
1658229206226193664,66.85948,801.66977,167.09889,0.18095,-0.49591,-0.19626,0.82632,
1658229206823394816,72.22766,794.48001,167.09889,0.16134,-0.49217,-0.23630,0.82213,
1658229207425172480,77.84978,787.62704,167.09889,0.12852,-0.48803,-0.27055,0.81982,
1658229208023568640,83.89854,780.96476,167.09889,0.09921,-0.50588,-0.30542,0.80060,
1658229208622067968,90.21375,774.55330,167.09889,0.04412,-0.48069,-0.34089,0.80671,
1658229209223171072,96.82137,768.44353,167.09889,0.02638,-0.48328,-0.37127,0.79241,
1658229209821433600,103.67015,762.60580,167.09889,-0.02646,-0.48242,-0.41308,0.77197,
1658229210423598080,110.76320,757.06744,167.09889,-0.06634,-0.46184,-0.44719,0.76310,
1658229211022728192,118.09722,751.85251,167.09889,-0.10439,-0.45320,-0.48420,0.74112,
1658229211620661248,125.64855,746.95701,167.09889,-0.12054,-0.45503,-0.52259,0.71085,
1658229212223788544,133.34500,742.29210,167.09889,-0.18050,-0.45855,-0.53880,0.68326,
1658229212822793472,141.17678,737.88767,167.09889,-0.18193,-0.43113,-0.58267,0.66447,
1658229213423970816,149.16228,733.73713,167.09889,-0.22689,-0.42921,-0.59335,0.64205,
1658229214023532800,157.26020,729.85980,167.09889,-0.24044,-0.42119,-0.61508,0.62166,
1658229214621292032,165.47061,726.23437,167.09889,0.27006,0.42464,0.62097,-0.60095,
1658229215223844864,173.78148,722.81714,167.09889,0.27555,0.41665,0.63088,-0.59369,
1658229215824053504,182.18384,719.59260,167.09889,0.28729,0.40462,0.64659,-0.57937,
1658229216423699968,190.65431,716.56761,167.09889,0.31951,0.40018,0.64994,-0.56156,
1658229217023947776,199.14358,713.77094,167.09889,0.35709,0.36488,0.65902,-0.55231,
1658229217620955904,207.76916,711.25463,167.09889,0.37571,0.37218,0.67081,-0.51994,
1658229218223959552,216.46670,708.95899,167.09889,0.40618,0.34458,0.67707,-0.50780,
1658229218822362368,225.18098,706.97416,167.09889,0.42773,0.33340,0.68690,-0.48380,
1658229219423163904,233.99688,705.25450,167.09889,0.46433,0.30788,0.69667,-0.45195,
1658229220023159040,242.86209,703.83811,167.09846,0.49827,0.30155,0.69984,-0.41354,
1658229220620883200,251.73531,702.67932,167.09847,0.58843,0.29960,0.65947,-0.35928,
1658229221222583808,260.61579,701.75125,167.09772,0.62565,0.29616,0.65362,-0.30600,
1658229221822237952,269.36797,700.91411,167.09645,0.63639,0.27460,0.66899,-0.26843,
1658229222423107584,277.99916,700.08673,167.09375,0.65305,0.24073,0.67867,-0.23447,
1658229223022542848,286.44320,699.29010,167.09286,0.66655,0.20581,0.68864,-0.19779,
1658229223620219648,294.66154,698.49030,167.09354,0.67247,0.17494,0.70050,-0.16273,
1658229224223131648,302.74064,697.62610,167.09205,0.68572,0.14300,0.70190,-0.12914,
1658229224922207488,311.78802,696.53206,167.09092,0.69178,0.10703,0.70850,-0.08957,
1658229225620848896,320.46434,695.28707,167.08889,0.70055,0.06694,0.70898,-0.04579,
1658229226322899456,328.79084,693.83274,167.07504,0.70989,0.03150,0.70360,-0.00302,
1658229227022357504,336.62461,692.11000,167.08176,0.71254,-0.00648,0.70073,0.03499,
1658229227822017792,344.97180,689.76216,167.04334,0.71806,-0.04445,0.68986,0.08066,
1658229228621222912,352.61990,686.91203,166.96632,0.71634,-0.08971,0.67851,0.13576,
1658229229523829504,360.41183,682.88883,166.98528,0.70683,-0.13325,0.66910,0.18696,
1658229230424303616,367.37205,677.83938,167.09889,0.70307,-0.18387,0.64304,0.24164,
1658229231323757312,373.45804,671.51910,167.09889,0.69095,-0.21907,0.61966,0.30104,
1658229232121995008,378.14640,664.58293,167.09889,0.68190,-0.25963,0.59079,0.34435,
1658229232821580544,381.70944,657.28857,167.09889,0.67019,-0.28814,0.56185,0.39006,
1658229233523714816,384.80966,648.67209,167.09889,0.65782,-0.30844,0.53748,0.42807,
1658229234121545984,387.09382,640.22386,167.09889,0.64209,-0.32990,0.52249,0.45375,
1658229234720648448,388.94169,631.42776,167.09889,0.63134,-0.35295,0.49376,0.48274,
1658229235322987264,390.36466,622.54166,167.09889,0.62176,-0.36468,0.46678,0.51239,
1658229235921309696,391.44856,613.60886,167.09889,0.60653,-0.37577,0.45565,0.53226,
1658229236523061760,392.28695,604.64828,167.09889,0.60199,-0.37380,0.43683,0.55413,
1658229237122792704,392.97210,595.70110,167.09889,0.59451,-0.38639,0.41727,0.56846,
1658229237721287936,393.54692,586.74592,167.09889,0.58138,-0.38841,0.39876,0.59341,
1658229238322879744,394.08898,577.85795,167.09889,0.56876,-0.39146,0.39027,0.60906,
1658229238922334464,394.69632,568.89749,167.09889,0.56656,-0.39762,0.36418,0.62312,
1658229239523568128,395.38067,559.92361,167.09889,0.55046,-0.40482,0.35773,0.63651,
1658229240123692032,396.21247,550.98455,167.09889,0.54388,-0.40652,0.33291,0.65430,
1658229240722760192,397.22495,542.04185,167.09889,0.53156,-0.39996,0.31935,0.67490,
1658229241324218368,398.46734,533.12830,167.09892,0.50756,-0.44965,0.33514,0.65412,
1658229241923383040,399.84959,524.32609,167.09842,-0.39972,0.57512,-0.43985,-0.56213,
1658229242524563200,401.38686,515.64499,167.09859,0.37640,-0.58103,0.42678,0.58189,
1658229243122676736,403.12004,507.05756,167.09586,-0.37008,0.60195,-0.40017,-0.58358,
1658229243720608512,404.98504,498.43854,167.09642,-0.36178,0.60200,-0.39093,-0.59487,
1658229244324167424,406.97131,489.84826,167.09327,-0.34656,0.61035,-0.38314,-0.60047,
1658229244920468736,409.09098,481.29708,167.09326,-0.33937,0.61323,-0.37178,-0.60874,
1658229245523485440,411.43418,472.62215,167.09364,0.32787,-0.61689,0.35926,0.61877,
1658229246121019904,413.96148,464.06285,167.08968,-0.30754,0.62708,-0.35453,-0.62168,
1658229246719840256,416.68095,455.70818,167.08632,0.29796,-0.63173,0.33621,0.63175,
1658229247322060544,419.67888,447.26141,167.08359,0.28582,-0.62286,0.32216,0.65312,
1658229247920756736,422.92072,438.96541,167.06825,0.27851,-0.62514,0.30281,0.66328,
1658229248523278336,426.46392,430.72786,167.07756,0.25897,-0.63513,0.29201,0.66654,
1658229249120941056,430.27777,422.68574,167.07275,0.24548,-0.63548,0.27528,0.67833,
1658229249720846080,434.41979,414.76341,167.05286,0.22396,-0.63336,0.27102,0.68938,
1658229250322448896,438.95085,406.98826,167.03984,0.22143,-0.63162,0.25714,0.69707,
1658229250919786752,443.78158,399.47624,167.06690,0.19991,-0.65191,0.24783,0.68821,
1658229251522145792,448.97285,392.14707,167.09889,0.19222,-0.61923,0.23361,0.72459,
1658229252121444352,454.56753,385.11192,167.09889,0.17869,-0.63696,0.21424,0.71865,
1658229252720130304,460.52035,378.43397,167.09889,0.15961,-0.62672,0.19910,0.73628,
1658229253323050240,466.90867,372.09662,167.09889,0.13275,-0.61285,0.18751,0.75607,
1658229253920707072,473.64383,366.29501,167.09889,0.12032,-0.61549,0.17323,0.75940,
1658229254522639872,480.85516,360.93417,167.09889,0.10057,-0.60362,0.16652,0.77318,
1658229255122906368,488.40951,356.15886,167.09889,0.08974,-0.59883,0.15192,0.78119,
1658229255721486848,496.30740,351.96915,167.09889,0.07783,-0.58859,0.13546,0.79319,
1658229256322570752,504.50268,348.36682,167.09889,0.05865,-0.58153,0.12514,0.80170,
1658229256921566464,512.90952,345.35901,167.09889,0.04281,-0.56980,0.10506,0.81392,
1658229257522917120,521.56477,342.89815,167.09889,0.02094,-0.56391,0.09331,0.82028,
1658229258121315328,530.36638,341.03019,167.09889,0.00249,-0.55110,0.07833,0.83075,
1658229258719551744,539.20947,339.74566,167.09889,-0.01411,-0.54525,0.06308,0.83577,
1658229259320989440,548.17557,338.98019,167.09889,-0.03933,-0.53145,0.05866,0.84414,
1658229259920762880,557.17144,338.74869,167.09889,-0.05136,-0.52395,0.04109,0.84920,
1658229260522000640,566.14225,338.99346,167.09889,-0.08248,-0.51537,0.03220,0.85238,
1658229261120171520,575.08170,339.71497,167.09889,-0.08782,-0.50518,0.01263,0.85844,
1658229261718927616,583.97239,340.85636,167.09889,-0.10430,-0.49043,0.00983,0.86516,
1658229262321200896,592.84069,342.38754,167.09889,-0.11451,-0.46750,0.00205,0.87654,
1658229262921240320,601.63165,344.24750,167.09889,-0.14256,-0.46705,-0.01473,0.87254,
1658229263522854144,610.35465,346.46138,167.09889,-0.14798,-0.44678,-0.03628,0.88157,
1658229264121380352,618.98578,348.95340,167.09889,-0.17540,-0.43473,-0.04430,0.88220,
1658229264718235648,627.51905,351.75839,167.09889,-0.18407,-0.42083,-0.06041,0.88621,
1658229265321810176,635.97486,354.83914,167.09889,-0.21204,-0.40677,-0.07091,0.88575,
1658229265920389888,644.31467,358.19890,167.09889,-0.22648,-0.39127,-0.09330,0.88708,
1658229266523515904,652.55556,361.81556,167.09889,-0.23557,-0.37357,-0.10609,0.89090,
1658229267122471680,660.68703,365.64114,167.09889,-0.25355,-0.36330,-0.11174,0.88952,
1658229267719948800,668.69591,369.70083,167.09889,-0.26638,-0.34609,-0.13421,0.88952,
1658229268321975808,676.58292,373.97719,167.09889,-0.29698,-0.32918,-0.15167,0.88343,
1658229268920891136,684.37322,378.48363,167.09889,-0.30969,-0.31643,-0.16719,0.88091,
1658229269522833920,692.03623,383.20282,167.09889,-0.32908,-0.29518,-0.17079,0.88057,
1658229270122126080,699.55996,388.14132,167.09889,-0.34579,-0.28747,-0.17605,0.87567,
1658229270719059456,706.90817,393.30351,167.09889,-0.35379,-0.27128,-0.18451,0.87590,
1658229271321826560,714.08570,398.64705,167.09889,-0.37741,-0.25795,-0.19794,0.86709,
1658229271921083136,721.13629,404.20942,167.09889,-0.38779,-0.24190,-0.21864,0.86215,
1658229272522350848,728.04115,409.98135,167.09889,-0.39463,-0.22174,-0.22777,0.86210,
1658229273121781248,734.80531,415.91792,167.09889,-0.41729,-0.21587,-0.23156,0.85185,
1658229273719204096,741.39853,422.04364,167.09889,-0.42457,-0.19595,-0.23304,0.85266,
1658229274320798208,747.81171,428.35750,167.09889,-0.43605,-0.17539,-0.25207,0.84591,
1658229274919540480,754.03582,434.85784,167.09889,-0.44827,-0.14993,-0.27846,0.83608,
1658229275521028096,760.08248,441.52356,167.09889,-0.47192,-0.11829,-0.29125,0.82369,
1658229276121405952,765.92736,448.36700,167.09889,-0.48773,-0.09643,-0.30734,0.81140,
1658229276719251456,771.54333,455.39929,167.09889,-0.48799,-0.06908,-0.33073,0.80480,
1658229277321116928,776.95444,462.59044,167.09889,0.51866,0.04535,0.35410,-0.77688,
1658229277919184128,782.18423,469.88726,167.09751,0.53973,0.44480,0.54069,-0.46744,
1658229278520952320,787.30885,477.18104,167.09759,0.56321,0.44642,0.55567,-0.41802,
1658229279119401984,792.30524,484.49170,167.09518,0.57890,0.41875,0.57510,-0.39846,
1658229279719636992,797.12639,491.73177,167.09658,0.59447,0.39391,0.59096,-0.37709,
1658229280320160512,801.83503,499.04518,167.09626,0.61545,0.36807,0.59879,-0.35664,
1658229280919909376,806.37562,506.44643,167.09327,0.63145,0.33503,0.61338,-0.33585,
1658229281523313408,810.77469,514.00187,167.08851,0.65602,0.31905,0.61638,-0.29650,
1658229282121674752,814.87321,521.55122,167.08840,0.66649,0.29406,0.63012,-0.26882,
1658229282718975744,818.67560,529.12556,167.08914,0.67834,0.26020,0.64158,-0.24603,
1658229283321169152,822.23596,536.82798,167.08526,0.69620,0.24169,0.64312,-0.20806,
1658229283919917312,825.43828,544.53041,167.08247,0.71062,0.19946,0.64718,-0.19075,
1658229284522299648,828.28161,552.35241,167.05740,0.71969,0.18282,0.65078,-0.15846,
1658229285119729408,830.68921,560.09520,167.05142,0.73011,0.15224,0.65141,-0.13940,
1658229285817973760,832.92368,569.14476,167.02446,0.73814,0.11954,0.65591,-0.10313,
1658229286521590784,834.52207,578.22463,167.06519,0.74603,0.08742,0.65690,-0.06536,
1658229287220844544,835.41873,587.15826,167.01527,0.74562,0.05819,0.66323,-0.02811,
1658229287918704640,835.63710,595.79113,167.09889,0.75982,0.02648,0.64943,0.01463,
1658229288616861696,835.03547,604.33396,167.09889,0.76956,-0.00678,0.63695,0.04502,
1658229289321552896,833.47638,612.73343,167.09889,0.77869,-0.03316,0.62023,0.08862,
1658229290019382784,830.85976,620.61325,167.09889,0.78470,-0.06619,0.60214,0.13150,
1658229290717376256,827.09103,627.80530,167.09889,0.78735,-0.10623,0.58520,0.16229,
1658229291422721792,822.05076,634.21670,167.09889,0.78245,-0.12378,0.57364,0.20831,
1658229292121347328,815.82135,639.56165,167.09889,0.78903,-0.15552,0.54472,0.23776,
1658229292819608576,808.27206,643.83098,167.09889,0.78532,-0.18835,0.52495,0.26875,
1658229293421021184,800.67577,646.63505,167.09889,0.77787,-0.20540,0.50871,0.30651,
1658229294018509312,792.15172,648.55542,167.09889,0.76822,-0.23068,0.49405,0.33546,
1658229294616979200,783.22774,649.50115,167.09889,0.76988,-0.25341,0.47065,0.34865,
1658229295221898752,774.23272,649.45196,167.09889,0.75968,-0.26435,0.46184,0.37377,
1658229295817531648,765.34772,648.39860,167.09889,0.75440,-0.27457,0.44786,0.39358,
1658229296420412416,756.59345,646.33130,167.09889,0.74952,-0.28633,0.43687,0.40667,
1658229297020351744,748.15713,643.30365,167.09889,0.74881,-0.30064,0.41991,0.41543,
1658229297617278464,740.10114,639.42252,167.09889,0.73538,-0.31110,0.41161,0.43934,
1658229298219802880,732.42957,634.72414,167.09889,0.72720,-0.31510,0.39822,0.46186,
1658229298819564544,725.25369,629.32867,167.09889,0.72604,-0.32608,0.37859,0.47245,
1658229299419721728,718.52652,623.35370,167.09889,0.72039,-0.32977,0.36417,0.48956,
1658229300018397440,712.24841,616.90905,167.09889,0.71057,-0.33295,0.34826,0.51279,
1658229300619371520,706.40392,610.06679,167.09889,0.70635,-0.33592,0.32875,0.52929,
1658229301219830272,700.96448,602.89770,167.09889,0.69868,-0.34472,0.31393,0.54264,
1658229301819729920,695.93305,595.43713,167.09889,0.68600,-0.34771,0.30170,0.56346,
1658229302421465856,691.35497,587.69000,167.09889,0.68198,-0.34920,0.27779,0.57948,
1658229303021688576,687.24931,579.68258,167.09889,0.66956,-0.35835,0.26329,0.59495,
1658229303616698368,683.62787,571.47577,167.09889,0.66690,-0.37239,0.24264,0.59808,
1658229304220150016,680.40608,563.07337,167.09889,0.65039,-0.37953,0.22497,0.61834,
1658229304817433600,677.59179,554.53951,167.09889,0.63813,-0.38142,0.21873,0.63203,
1658229305421769984,675.15577,545.93668,167.09889,0.63357,-0.38363,0.19551,0.64280,
1658229306018234624,673.04987,537.18726,167.09889,0.61833,-0.38552,0.17083,0.66321,
1658229306617097728,671.29388,528.36066,167.09862,0.56539,-0.45040,0.22721,0.65257,
1658229307218675456,669.53254,519.53487,167.09634,-0.37578,0.58955,-0.40962,-0.58603,
1658229307817922816,667.58609,510.74809,167.09682,-0.39041,0.60001,-0.37579,-0.58852,
1658229308420279808,665.40576,502.01635,167.09676,0.40148,-0.58927,0.35779,0.60296,
1658229313117852160,668.59123,494.66668,167.08366,0.28399,-0.62423,0.28394,0.67012,
1658229315219226112,676.36745,492.39295,167.01709,0.22240,-0.62821,0.23556,0.70740,
1658229316616626176,684.53407,490.53017,167.09889,0.19894,-0.63990,0.19874,0.71516,
1658229317717372160,692.98448,488.98511,167.09889,0.17119,-0.62979,0.17423,0.73736,
1658229318615765760,701.52517,487.68801,167.09889,0.15161,-0.61486,0.14920,0.75941,
1658229319419303680,710.66149,486.53087,167.09889,0.12911,-0.60552,0.13223,0.77408,
1658229320117428480,719.93230,485.59716,167.09889,0.10283,-0.59646,0.11654,0.78745,
1658229320715919360,728.77194,484.89785,167.09889,0.08900,-0.59475,0.10447,0.79211,
1658229321318610176,737.72585,484.36094,167.09889,0.06290,-0.57786,0.10009,0.80753,
1658229321917421312,746.69249,484.03118,167.09889,0.04305,-0.57529,0.08074,0.81281,
1658229322520931072,755.69179,483.95150,167.09889,0.03864,-0.56521,0.06079,0.82179,
1658229323119040768,764.63823,484.08054,167.09889,0.00522,-0.55170,0.05797,0.83201,
1658229323718360320,773.63006,484.45972,167.09889,-0.00666,-0.54928,0.03356,0.83494,
1658229324321122048,782.60683,485.09868,167.09889,-0.03104,-0.54214,0.01992,0.83948,
1658229324919506432,791.54209,486.02514,167.09889,-0.03905,-0.53672,0.01731,0.84268,
1658229325520104704,800.46691,487.18427,167.09889,-0.06728,-0.52540,0.01614,0.84804,
1658229326120488448,809.31918,488.61630,167.09889,-0.08359,-0.51451,-0.00959,0.85335,
1658229326719779072,818.14468,490.34975,167.09889,-0.09594,-0.51194,-0.03300,0.85301,
1658229327319500288,826.90323,492.35591,167.09889,-0.11239,-0.49568,-0.04449,0.86005,
1658229327919927296,835.60368,494.65549,167.09889,-0.21078,-0.46413,-0.01498,0.86019,
1658229328520868864,844.02446,497.68675,167.09889,-0.28069,-0.46972,0.00550,0.83698,
1658229329118431488,852.04956,501.63855,167.09889,-0.29771,-0.45063,-0.00056,0.84161,
1658229330716034304,855.95301,508.84158,167.03963,0.75095,-0.06672,0.62727,0.19534,
1658229334518334208,848.56754,507.05103,163.47611,0.67477,-0.45865,0.36195,0.45092,
1658229335519332352,841.63953,501.46172,162.64115,0.60342,-0.54397,0.32104,0.48674,
1658229336319134720,835.13872,495.64125,161.57370,0.57409,-0.56160,0.33487,0.49284,
1658229339915985664,829.74855,500.66165,165.58820,0.52584,0.55225,0.27201,-0.58695,
1658229340718134528,827.03391,508.94232,163.90826,0.56195,0.53562,0.26848,-0.57030,
1658229341422936320,823.63617,517.35384,163.34752,0.53286,0.48253,0.32175,-0.61620,
1658229342018119936,820.42278,525.37178,162.14372,0.57430,0.48766,0.32011,-0.57437,
1658229342614720512,817.13822,533.46058,160.49426,0.56632,0.46480,0.33505,-0.59243,
1658229343916205568,814.09473,541.39357,160.55646,0.61605,0.41192,0.33730,-0.58054,
1658229345518505472,810.85887,549.33971,161.41252,0.65651,0.37542,0.34599,-0.55529,
1658229346316965376,807.30539,557.61114,159.61252,0.67972,0.35307,0.34738,-0.54097,
1658229347817638400,804.28707,564.19291,163.17103,0.72025,0.30550,0.34279,-0.52001,
1658229349119088896,800.03635,571.79367,163.47103,0.74859,0.27059,0.35114,-0.49305,
1658229350319166720,795.72940,578.90613,162.58929,0.78117,0.22593,0.34788,-0.46659,
1658229351220197120,791.50679,585.19743,159.88929,0.79396,0.20167,0.35388,-0.45137,
1658229351916493312,786.22400,592.71189,157.85324,0.81139,0.18606,0.35627,-0.42438,
1658229354614328832,781.43349,597.37861,162.35324,0.86930,0.09967,0.33281,-0.35160,
1658229355614457856,775.38534,602.80772,161.96516,0.87738,0.05804,0.34019,-0.33333,
1658229356318217216,769.26351,608.32573,162.50144,0.88344,0.03945,0.33840,-0.32167,
1658229357016192768,763.31097,613.49436,164.00144,0.88569,0.01121,0.34229,-0.31348,
1658229357715426816,756.67661,619.00790,163.77104,0.88673,-0.01042,0.34283,-0.30994,
1658229358617154816,749.67576,624.59825,164.21361,0.90048,-0.03367,0.34145,-0.26723,
1658229359317140224,742.61072,629.89519,163.91361,0.90308,-0.05615,0.34012,-0.25614,
1658229360015785728,735.85501,634.67780,163.62198,0.91947,0.02448,0.28583,-0.26883,
1658229360815592448,728.67615,639.51631,164.35096,0.85344,0.30516,0.21968,-0.36092,
1658229361613752064,721.66186,644.08990,164.07130,0.70954,0.59162,0.09236,-0.37150,
1658229366614237440,729.60994,642.97241,165.46656,-0.33704,-0.62595,-0.31631,0.62812,
1658229368218331648,737.72738,642.21431,166.56543,0.37028,0.61056,0.34398,-0.60974,
1658229369814793472,745.56080,643.53190,164.51651,-0.44839,-0.58300,-0.33297,0.59007,
1658229371317799168,752.02858,648.25060,162.98010,0.53024,0.51202,0.29618,-0.60742,
1658229373915241216,753.57349,656.14728,163.49067,0.55194,0.51253,0.38193,-0.53555,
1658229375316706560,751.61997,664.69076,164.00213,0.58592,0.46137,0.40523,-0.52880,
1658229376914574848,748.76155,672.46328,163.80170,0.64601,0.43081,0.39446,-0.49140,
1658229377915594496,745.19207,680.13009,163.91569,0.66140,0.40561,0.39573,-0.49136,
1658229378816203008,741.48334,687.25464,163.37787,0.70357,0.38154,0.38537,-0.45924,
1658229379518763520,737.22538,694.68264,163.30438,0.71313,0.35974,0.39321,-0.45543,
1658229380423505408,732.82036,701.93935,165.33009,0.74521,0.32300,0.36939,-0.45154,
1658229381216907776,728.40181,708.61942,165.91508,0.76417,0.29860,0.37055,-0.43541,
1658229381914727936,723.76049,715.28246,165.58163,0.78161,0.29699,0.39445,-0.38116,
1658229382517548800,718.52113,722.25960,164.46766,0.78455,0.24813,0.39234,-0.41107,
1658229383115994880,713.18076,729.31873,163.00305,0.79393,0.25597,0.39835,-0.38140,
1658229383713412608,707.74183,736.29094,161.33579,0.81866,0.22454,0.37155,-0.37594,
1658229384315642880,702.20541,743.12421,159.54778,0.82978,0.22427,0.39885,-0.31952,
1658229385415729408,696.96781,749.11028,160.55467,0.84806,0.17452,0.38509,-0.31943,
1658229387417623552,691.28775,753.98483,163.68999,0.88355,0.12905,0.36718,-0.26050,
1658229388319945216,684.55917,759.19321,164.68678,0.89478,0.10028,0.36064,-0.24340,
1658229389116122368,678.00104,764.00461,164.89463,0.90430,0.07085,0.35802,-0.22147,
1658229389814095872,671.12226,768.81402,164.31236,0.91115,0.04676,0.35285,-0.20765,
1658229390418273792,663.81913,773.69608,164.31236,0.92687,0.01720,0.32306,-0.19037,
1658229391014907392,656.42861,778.45895,164.30433,0.91647,0.01125,0.35464,-0.18489,
1658229391612914944,649.00486,783.06400,164.30433,0.92910,-0.01676,0.33523,-0.15528,
1658229392216151296,641.62101,787.38161,164.27928,0.92812,-0.04259,0.33535,-0.15593,
1658229392814682624,634.13677,791.55134,164.27977,0.93717,-0.06413,0.30031,-0.16554,
1658229393420901888,626.64305,795.61573,164.87977,0.93147,-0.04919,0.34319,-0.11032,
1658229394014610176,619.07972,799.43883,163.74402,0.94097,-0.08069,0.31356,-0.09870,
1658229394713786112,611.75512,802.80868,164.07509,0.93784,-0.10708,0.31639,-0.09424,
1658229395914244352,603.78131,805.72773,163.82865,0.94151,-0.15233,0.29529,-0.05615,
1658229396612270592,595.08909,808.44051,161.74696,0.93989,-0.17059,0.29428,-0.03001,
1658229397216412160,586.96378,810.82455,162.50355,0.94215,-0.18675,0.27770,-0.01906,
1658229398013921792,578.07249,813.18928,161.98463,0.94047,-0.21119,0.26626,-0.00307,
1658229398712633344,570.08777,815.09824,162.77009,0.93588,-0.22383,0.27008,0.03294,
1658229399920082944,562.18498,816.15275,161.61049,0.93268,-0.26389,0.23821,0.06112,
1658229400713180416,553.73844,816.93847,164.01049,0.92740,-0.29319,0.21976,0.07530,
1658229401315420672,545.40673,817.50137,164.61049,0.92361,-0.30118,0.22662,0.06981,
1658229401913605888,536.73342,817.97727,163.75440,0.91154,-0.31931,0.23199,0.11539,
1658229402519415040,528.05097,818.21144,162.86286,0.90639,-0.34570,0.21655,0.10981,
1658229403113911040,519.77575,818.25946,164.06286,0.89779,-0.36589,0.21111,0.12460,
1658229403717363456,511.27110,818.14184,164.06286,0.89743,-0.37251,0.18846,0.14260,
1658229404415806464,502.30065,817.76024,165.07677,0.88451,-0.40121,0.16818,0.16850,
1658229405117306368,493.20310,817.01201,165.90313,0.87528,-0.41821,0.16170,0.18123,
1658229405813628416,484.33017,815.94988,165.11111,0.86521,-0.43372,0.14775,0.20364,
1658229406415940096,475.74187,814.65749,163.31111,0.85592,-0.44689,0.14796,0.21401,
1658229407014084864,467.46776,813.18440,162.11111,0.84405,-0.46432,0.13683,0.23080,
1658229407713292288,458.47356,811.30572,161.81111,0.82850,-0.48102,0.13566,0.25257,
1658229408314968576,450.36412,809.32236,160.01111,0.81769,-0.49803,0.11918,0.26294,
1658229409114188800,442.70964,807.14683,162.41111,0.80345,-0.51221,0.10539,0.28459,
1658229409715634432,435.08173,804.67915,163.61111,0.78867,-0.52382,0.09251,0.30830,
1658229410315331328,427.12060,801.85468,164.21111,0.77287,-0.53771,0.07973,0.32739,
1658229411115202560,419.30005,798.74526,164.93147,0.75720,-0.55343,0.06544,0.34071,
1658229412014968576,411.54693,795.21809,164.72893,0.73863,-0.56807,0.04774,0.35979,
1658229412611867136,404.36117,791.57839,162.92893,0.72327,-0.58865,0.04672,0.35803,
1658229413216844032,396.86724,787.61033,161.72893,0.71083,-0.59807,0.03849,0.36818,
1658229413813398528,389.61608,783.58942,159.92893,0.69078,-0.61170,0.02803,0.38451,
1658229415114868736,382.65455,779.12085,159.80259,0.65940,-0.63565,-0.00413,0.40140,
1658229415813238016,375.98807,774.32591,157.70259,0.64058,-0.64404,-0.01782,0.41780,
1658229416515110400,368.88782,768.98369,155.60259,0.61583,-0.66322,-0.02148,0.42476,
1658229419214706432,368.93167,768.98448,163.70259,0.12977,-0.52655,0.40664,0.73522,
1658229421712129536,376.35284,772.40756,166.23057,0.16938,-0.58632,0.27661,0.74231,
1658229422812456448,384.14556,775.25060,166.60672,0.13903,-0.60664,0.24561,0.74319,
1658229423711821312,392.64067,778.11533,166.03404,0.11631,-0.60496,0.21273,0.75845,
1658229424414444032,400.76629,780.72676,165.81822,0.09838,-0.59994,0.19465,0.76975,
1658229425014306560,408.79813,783.18402,166.02175,0.09289,-0.60618,0.16221,0.77305,
1658229425613695488,417.10606,785.59974,167.11292,0.06940,-0.63517,0.10645,0.76185,
1658229426213352704,425.75032,788.09862,167.10353,0.06802,-0.62267,0.11294,0.77130,
1658229426813099264,434.40697,790.53281,167.07663,0.05188,-0.62672,0.08017,0.77337,
1658229427414499328,443.07431,792.88269,167.03121,0.00949,-0.63069,0.00713,0.77594,
1658229428013249536,451.69228,795.14989,167.00092,-0.00691,-0.63312,-0.02179,0.77372,
1658229428611974144,460.36934,797.40515,166.98179,0.00165,-0.63369,-0.04655,0.77218,
1658229429214302720,469.05694,799.69493,166.97954,-0.00753,-0.63480,-0.05055,0.77098,
1658229429811891968,477.70735,802.03353,166.94565,-0.01308,-0.63513,-0.05171,0.77056,
1658229430414159872,486.27480,804.44121,166.96253,-0.01420,-0.63542,-0.04393,0.77079,
1658229431013626112,494.88395,806.98545,166.95668,-0.01546,-0.63547,-0.03537,0.77116,
1658229431612173312,503.45788,809.66335,166.88947,-0.01184,-0.63547,-0.02156,0.77173,
1658229432213866752,512.00001,812.49280,166.87693,-0.00688,-0.63535,-0.00677,0.77217,
1658229432812699392,520.46550,815.46319,166.83364,-0.00918,-0.63597,-0.00302,0.77165,
1658229433414386432,528.89891,818.59943,166.81356,-0.02060,-0.63685,-0.01187,0.77062,
1658229434013383424,537.26480,821.90588,166.79225,-0.04020,-0.63763,-0.03124,0.76866,
1658229434612718592,545.53651,825.40204,166.76984,-0.06813,-0.63716,-0.06086,0.76530,
1658229435214846208,553.71289,829.12404,166.83349,-0.10027,-0.63396,-0.09423,0.76103,
1658229435812346880,561.73971,833.08302,166.84207,-0.11988,-0.62638,-0.10605,0.76291,
1658229436414091008,569.66961,837.33053,166.86636,-0.13954,-0.61825,-0.11799,0.76444,
