1671607379199823104,-15.82302,-10.95519,11.41842,-0.25839,0.86907,0.06358,-0.41702,-19.15237,-12.11087,10.27832,
1671607379299911936,-15.85749,-10.82477,11.71842,0.84679,-0.46848,0.24095,0.07358,-0.68934,2.60839,1.49630,
1671607379399885056,-15.88902,-10.77509,11.84191,0.84788,-0.47110,0.23568,0.06014,-0.63054,0.99376,0.97296,
1671607379499952896,-15.90721,-10.69998,12.14191,0.89661,-0.37095,0.24183,0.00203,-0.36394,1.50219,1.04835,
1671607379599794944,-15.91541,-10.52799,12.41427,0.87194,-0.43221,0.22852,0.02649,-0.16400,3.43974,0.71274,
1671607379699885056,-15.93656,-10.31342,12.71427,0.89409,-0.38885,0.22224,0.00283,-0.42290,4.29146,0.74672,
1671607379799984896,-15.95867,-10.09692,13.01427,0.88264,-0.41492,0.22011,0.01836,-0.44220,4.32992,0.57057,
1671607379899813888,-15.97240,-9.98234,13.31427,0.90937,-0.35208,0.22155,0.00131,-0.27461,2.29171,0.53842,
1671607380000024064,-16.02794,-9.92735,13.61427,0.92156,-0.31949,0.22054,-0.00466,-1.11077,1.09969,0.52649,
1671607380099876096,-16.19568,-9.81996,13.91427,0.92110,-0.32340,0.21673,-0.00484,-3.35484,2.14783,0.47572,
1671607380199960064,-16.24999,-9.76391,14.21427,0.91738,-0.33560,0.21393,-0.00411,-1.08616,1.12109,0.41374,
1671607380299791872,-16.24202,-9.65914,14.51427,0.90957,-0.35824,0.21056,0.00197,0.15928,2.09539,0.37460,
1671607380399889920,-16.18127,-9.50825,14.81427,0.91450,-0.34802,0.20630,-0.00166,1.21500,3.01776,0.33082,
1671607380499983872,-16.13162,-9.34399,15.11427,0.92471,-0.32114,0.20425,-0.00848,0.99309,3.28509,0.27788,
1671607380599826944,-16.14573,-9.16186,15.41427,0.93589,-0.28641,0.20450,-0.01630,-0.28227,3.64260,0.24961,
1671607380699912960,-16.20007,-9.09360,15.71427,0.94144,-0.26913,0.20191,-0.02222,-1.08682,1.36520,0.22673,
1671607380799876096,-16.25729,-9.11654,16.01427,0.94175,-0.27234,0.19623,-0.02070,-1.14426,-0.45872,0.19292,
1671607380899969024,-16.36662,-9.10043,16.31427,0.94066,-0.27795,0.19362,-0.02042,-2.18667,0.32228,0.17346,
1671607381000040960,-16.50404,-9.05223,16.61427,0.94108,-0.27697,0.19343,-0.01556,-2.74836,0.96390,0.15075,
1671607381099894016,-16.53826,-8.92536,16.91427,0.94276,-0.27410,0.18964,-0.01066,-0.68449,2.53747,0.10390,
1671607381199962112,-16.46677,-8.96522,17.21427,0.94663,-0.26510,0.18299,-0.01140,1.42990,-0.79732,0.10413,
1671607381299795968,-16.40255,-9.08405,17.51427,0.94582,-0.27228,0.17665,-0.00897,1.28430,-2.37657,0.09060,
1671607381399894016,-16.46933,-9.22413,17.81427,0.95085,-0.26292,0.16308,-0.01292,-1.33559,-2.80153,0.06528,
1671607381499994112,-16.67505,-9.23587,18.11427,0.94995,-0.26523,0.16457,-0.01278,-4.11431,-0.23484,0.03821,
1671607381599830016,-16.87983,-9.07352,18.41427,0.94784,-0.27401,0.16274,-0.00658,-4.09571,3.24707,0.02280,
1671607381699915008,-17.05647,-8.92610,18.71427,0.94660,-0.27931,0.16099,-0.00275,-3.53279,2.94835,0.00808,
1671607381799881984,-17.08207,-8.84821,19.01427,0.94766,-0.27884,0.15545,-0.00369,-0.51190,1.55787,-0.00474,
1671607381899976960,-16.99452,-8.79842,19.31427,0.94670,-0.28559,0.14894,-0.00267,1.75088,0.99563,-0.00670,
1671607382000036096,-16.95564,-8.73584,19.58814,0.94874,-0.28062,0.14525,-0.00681,0.77763,1.25159,-0.02202,
1671607382099878912,-17.06270,-8.66210,19.85633,0.95107,-0.27476,0.14121,-0.00546,-2.14127,1.47495,-0.02787,
1671607382199973888,-17.14951,-8.60128,20.10454,0.95334,-0.26756,0.13929,-0.01264,-1.73617,1.21633,-0.04304,
1671607382299824896,-17.19754,-8.48937,20.33697,0.94969,-0.28083,0.13830,-0.00926,-0.96058,2.23828,-0.05096,
1671607382399918080,-17.19010,-8.36366,20.55538,0.93966,-0.30902,0.14656,-0.00841,0.14881,2.51403,-0.05975,
1671607382499875072,-17.10085,-8.35004,20.76438,0.92453,-0.35470,0.13924,-0.00746,1.78505,0.27251,-0.06616,
1671607382599966976,-17.09823,-8.34737,20.95588,0.91608,-0.38388,0.11347,-0.02369,0.05231,0.05345,-0.08578,
1671607382699810048,-17.18713,-8.32956,20.86421,0.74742,-0.65723,-0.07690,-0.05924,-1.77798,0.35613,-0.30687,
1671607382799909888,-17.35215,-8.23395,20.70825,0.78914,-0.58557,-0.14648,-0.11364,-3.30031,1.91215,-0.35339,
1671607382899990016,-17.55042,-8.08290,20.52313,0.80022,-0.57555,-0.13420,-0.10187,-3.96546,3.02101,-0.35664,
1671607383000056064,-17.66141,-7.96904,20.30946,0.79534,-0.58086,-0.13676,-0.10649,-2.21975,2.27715,-0.36231,
1671607383099922944,-17.75954,-7.87601,20.06996,0.79766,-0.57581,-0.13942,-0.11292,-1.96259,1.86061,-0.36602,
1671607383199895040,-17.74409,-7.84517,19.80731,0.79924,-0.57282,-0.14142,-0.11442,0.30893,0.61696,-0.36705,
1671607383299982080,-17.74207,-7.77504,19.51931,0.80072,-0.56931,-0.14621,-0.11551,0.04051,1.40242,-0.37001,
1671607383399821056,-17.82263,-7.70160,19.21931,0.80030,-0.56737,-0.15248,-0.11984,-1.61122,1.46887,-0.37069,
1671607383499918080,-17.99245,-7.62657,18.91931,0.80161,-0.56529,-0.15067,-0.12313,-3.39648,1.50056,-0.37102,
1671607383599895040,-18.07718,-7.46960,18.61931,0.80556,-0.56009,-0.14697,-0.12560,-1.69464,3.13948,-0.37438,
1671607383699976960,-18.00548,-7.40263,18.31931,0.80863,-0.55594,-0.14203,-0.12990,1.43397,1.33946,-0.37807,
1671607383799803904,-17.84236,-7.35449,18.01931,0.81302,-0.55074,-0.13931,-0.12754,3.26248,0.96272,-0.38219,
1671607383899894016,-17.70320,-7.24883,17.71931,0.81337,-0.55030,-0.13765,-0.12901,2.78319,2.11327,-0.38097,
1671607384000088064,-17.62335,-7.25835,17.41931,0.81833,-0.54569,-0.13164,-0.12343,1.59705,-0.19044,-0.38580,
1671607384099945984,-17.47568,-7.40618,17.11931,0.81857,-0.54429,-0.13331,-0.12617,2.95338,-2.95664,-0.38248,
1671607384199896064,-17.44134,-7.46270,16.81931,0.82231,-0.54025,-0.13094,-0.12159,0.68676,-1.13042,-0.38864,
1671607384299977984,-17.40209,-7.56261,16.51931,0.82652,-0.53508,-0.13128,-0.11543,0.78502,-1.99818,-0.38911,
1671607384399833088,-17.44818,-7.65098,16.21931,0.82278,-0.53865,-0.13654,-0.11938,-0.92183,-1.76746,-0.38361,
1671607384499928064,-17.57864,-7.65728,15.91931,0.82545,-0.53420,-0.13847,-0.11872,-2.60918,-0.12587,-0.38635,
1671607384599885056,-17.68333,-7.59584,15.61931,0.83489,-0.51984,-0.13494,-0.12048,-2.09381,1.22880,-0.38756,
1671607384699968000,-17.69475,-7.52087,15.31931,0.84490,-0.50576,-0.13179,-0.11391,-0.22831,1.49943,-0.39633,
1671607384799814912,-17.57050,-7.47824,15.01931,0.85101,-0.49755,-0.13076,-0.10549,2.48497,0.85242,-0.39804,
1671607384899913984,-17.53764,-7.50472,14.71931,0.84764,-0.50101,-0.13718,-0.10803,0.65707,-0.52945,-0.39186,
1671607385000122112,-17.62254,-7.61912,14.41931,0.84700,-0.50203,-0.13633,-0.10940,-1.69795,-2.28808,-0.38570,
1671607385099977984,-17.76901,-7.59757,14.11931,0.84926,-0.49775,-0.13538,-0.11258,-2.92944,0.43105,-0.38624,
1671607385199813120,-17.72211,-7.53671,13.81931,0.86286,-0.47750,-0.13125,-0.10118,0.93811,1.21712,-0.39620,
1671607385299897088,-17.63537,-7.52161,13.51931,0.87358,-0.45867,-0.13362,-0.09286,1.73473,0.30198,-0.40429,
1671607385399994112,-17.62312,-7.67979,13.21931,0.87052,-0.46411,-0.13655,-0.09024,0.24509,-3.16345,-0.39414,
1671607385499849984,-17.67024,-7.81379,12.91931,0.86991,-0.46574,-0.13498,-0.09010,-0.94240,-2.68004,-0.38752,
1671607385599948032,-17.67262,-7.90638,12.61931,0.87007,-0.46456,-0.13366,-0.09645,-0.04772,-1.85173,-0.38583,
1671607385699783936,-17.65222,-7.89338,12.31931,0.88000,-0.45242,-0.11700,-0.08504,0.40807,0.25994,-0.39518,
1671607385799990016,-17.61390,-7.86452,12.01931,0.87802,-0.44697,-0.14052,-0.09774,0.76645,0.57716,-0.38725,
1671607385899832064,-17.57942,-7.83461,11.71931,0.87992,-0.44177,-0.14210,-0.10191,0.68958,0.59821,-0.38739,
1671607386000035072,-17.52629,-7.78536,11.41931,0.87433,-0.45198,-0.14067,-0.10712,1.06258,0.98506,-0.37689,
1671607386099896064,-17.46396,-7.65153,11.11931,0.87329,-0.45345,-0.14018,-0.10997,1.24650,2.67659,-0.37011,
1671607386199991040,-17.45314,-7.56513,10.81931,0.87073,-0.45814,-0.13769,-0.11391,0.21647,1.72800,-0.36257,
1671607386299824896,-17.44715,-7.44802,10.51931,0.86659,-0.46572,-0.13620,-0.11652,0.11975,2.34207,-0.35375,
1671607386399918080,-17.43788,-7.27454,10.21931,0.87604,-0.45810,-0.10722,-0.10586,0.18552,3.46965,-0.35082,
1671607386499881984,-17.45577,-7.09591,9.91931,0.85635,-0.47650,-0.14953,-0.13133,-0.35792,3.57265,-0.34415,
1671607386599994112,-17.48549,-6.94036,9.61931,0.90592,-0.41207,-0.02816,-0.09330,-0.59424,3.11099,-0.31848,
1671607386699845888,-17.51173,-6.79260,9.31931,0.85657,-0.47878,-0.14105,-0.13101,-0.52480,2.95527,-0.33454,
1671607386799937024,-17.54520,-6.79932,9.01931,0.87731,-0.44100,-0.14951,-0.11615,-0.66953,-0.13444,-0.34831,
1671607386899777024,-17.55746,-6.82589,8.71931,0.85778,-0.46673,-0.16743,-0.13547,-0.24513,-0.53138,-0.34151,
1671607387000101888,-17.54076,-6.88663,8.41931,0.85479,-0.47523,-0.16427,-0.12851,0.33406,-1.21481,-0.33539,
1671607387099951104,-17.51914,-6.93636,8.11931,0.84657,-0.48923,-0.16761,-0.12600,0.43240,-0.99469,-0.33060,
1671607387199802880,-17.53103,-6.97459,7.81931,0.84075,-0.50438,-0.16091,-0.11338,-0.23793,-0.76452,-0.32282,
1671607387299894016,-17.57554,-7.06303,7.51931,0.83695,-0.51967,-0.14411,-0.09325,-0.89020,-1.76892,-0.31100,
1671607387399988992,-17.60667,-7.18066,7.21931,0.83922,-0.53015,-0.10891,-0.05278,-0.62259,-2.35246,-0.29748,
1671607387499834880,-17.56275,-7.27622,6.91931,0.84288,-0.53219,-0.07705,-0.02008,0.87842,-1.91126,-0.27482,
1671607387599922944,-17.47913,-7.33627,6.61931,0.89515,-0.44507,0.02049,-0.01414,1.67245,-1.20108,-0.25731,
1671607387699881984,-17.42686,-7.44197,6.31931,0.83537,-0.54206,-0.08204,-0.04001,1.04540,-2.11402,-0.24293,
1671607387799983104,-17.39927,-7.48748,6.01931,0.83544,-0.54633,-0.05950,-0.00384,0.55183,-0.91011,-0.25301,
1671607387899831040,-17.37487,-7.53791,5.71931,0.86292,-0.50419,0.01803,-0.02893,0.48795,-1.00854,-0.22951,
1671607388000038912,-17.34988,-7.54887,5.41931,0.82328,-0.55413,-0.10113,-0.07016,0.49982,-0.21935,-0.25075,
1671607388099890944,-17.36858,-7.53309,5.11931,0.80906,-0.57428,-0.11197,-0.05555,-0.37394,0.31566,-0.24280,
1671607388199982080,-17.40479,-7.53381,4.81931,0.80356,-0.58200,-0.11266,-0.05364,-0.72432,-0.01442,-0.24251,
1671607388299823104,-17.46670,-7.54184,4.51931,0.78732,-0.60513,-0.11389,-0.03115,-1.23820,-0.16058,-0.23561,
1671607388399908096,-17.46557,-7.51981,4.21931,0.78049,-0.61671,-0.10214,-0.00857,0.02274,0.44061,-0.22626,
1671607388499880960,-17.43325,-7.55474,3.91931,0.76632,-0.63536,-0.09249,0.02272,0.64627,-0.69857,-0.21936,
1671607388599973120,-17.39582,-7.59544,3.61931,0.74756,-0.60599,-0.06410,0.26423,0.74862,-0.81396,-0.25909,
1671607388699804928,-17.36279,-7.58624,3.31931,0.78226,-0.62056,-0.04939,0.02328,0.66057,0.18394,-0.21860,
1671607388799896064,-17.34761,-7.52712,3.01931,0.72797,-0.61086,-0.03791,0.30899,0.30367,1.18240,-0.27391,
1671607388899982080,-17.34030,-7.52067,2.71931,0.59856,-0.72614,-0.06172,0.33263,0.14618,0.12895,-0.23092,
1671607389000056064,-17.40316,-7.55664,2.41931,0.57633,-0.70761,-0.07009,0.40276,-1.25725,-0.71927,-0.23660,
1671607389099919872,-17.44989,-7.55724,2.11931,0.56480,-0.69385,-0.05578,0.44324,-0.93459,-0.01203,-0.22192,
1671607389199996928,-17.48093,-7.52735,1.81931,0.53301,-0.70251,-0.05501,0.46836,-0.62069,0.59785,-0.21634,
1671607389299844096,-17.52877,-7.48546,1.51931,0.52917,-0.69197,-0.04159,0.48931,-0.95687,0.83770,-0.20312,
1671607389399941120,-17.53704,-7.42213,1.21931,0.51768,-0.67907,-0.02716,0.51975,-0.16543,1.26663,-0.19517,
1671607389499897088,-17.52255,-7.41103,0.91931,0.51046,-0.67774,-0.01677,0.52897,0.28988,0.22208,-0.18556,
1671607389599985920,-17.51827,-7.38013,0.61931,0.56803,-0.59448,0.03387,0.56815,0.08548,0.61785,-0.17643,
1671607389699825920,-17.49105,-7.33700,0.31931,-0.49998,0.67420,-0.03035,-0.54273,0.54446,0.86267,-0.16923,
1671607389799931904,-17.47946,-7.36598,0.01931,-0.46205,0.71067,0.02227,-0.53006,0.23182,-0.57953,-0.16585,
1671607389899898112,-17.47859,-7.39101,-0.28069,-0.41903,0.75732,0.06642,-0.49646,0.01747,-0.50069,-0.13759,
1671607390000101888,-17.49057,-7.38937,-0.58069,-0.37625,0.81233,0.13412,-0.42494,-0.23971,0.03283,-0.16524,
1671607390099962112,-17.55451,-7.26070,-0.88069,-0.36116,0.85520,0.19484,-0.31661,-1.27869,2.57328,-0.16580,
1671607390199794944,-17.51695,-7.18694,-1.18069,-0.39665,0.86515,0.24673,-0.18252,0.75102,1.47526,-0.15407,
1671607390299883008,-17.46995,-7.09001,-1.48069,0.50452,-0.81094,-0.29443,0.03380,0.94006,1.93856,-0.11450,
1671607390399963904,-17.38969,-7.05207,-1.78069,0.68287,-0.63833,-0.34114,-0.09923,1.60530,0.75895,-0.11717,
1671607390499802880,-17.35140,-7.06876,-2.08069,0.57969,-0.76458,-0.22611,0.16808,0.76563,-0.33393,-0.12638,
1671607390599880960,-17.37159,-7.08301,-2.38069,-0.44280,0.63262,-0.14342,-0.61899,-0.40371,-0.28485,-0.10765,
1671607390699969024,-17.40061,-7.12091,-2.68069,-0.28192,0.70880,-0.14272,-0.63068,-0.58038,-0.75807,0.37961,
1671607390799813888,-17.44567,-7.04473,-2.98069,-0.49087,-0.60740,0.07677,0.61986,-0.90122,1.52360,-0.07651,
1671607390899897088,-17.40703,-7.02747,-3.28069,-0.18360,0.73964,-0.11684,-0.63684,0.77281,0.34524,0.04960,
1671607391000109056,-17.32625,-7.05314,-3.58069,-0.03716,-0.58582,0.15800,0.79402,1.61562,-0.51346,0.21758,
1671607391099960064,-17.30085,-7.05309,-3.77419,0.89152,-0.15330,0.17097,0.39045,0.50804,0.00101,0.01460,
1671607391199794944,-17.25851,-7.06847,-3.87257,-0.39556,-0.57479,0.07668,0.71223,0.84670,-0.30757,0.04426,
1671607391299992064,-17.24692,-6.95049,-4.17257,0.39395,-0.36447,0.24649,0.80698,0.23175,2.35957,-0.01033,
1671607391399832064,-17.29128,-6.88589,-4.47257,-0.14604,-0.52545,0.11887,0.82973,-0.88715,1.29199,-0.02311,
1671607391499911936,-17.35210,-6.85257,-4.77257,-0.31349,-0.51656,0.07799,0.79297,-1.21642,0.66645,-0.06346,
1671607391599995904,-17.41527,-6.90177,-5.07257,-0.24608,-0.48420,0.08851,0.83496,-1.26333,-0.98400,-0.02430,
1671607391699853056,-17.38750,-6.89890,-5.37257,0.53584,0.54950,-0.07983,-0.63605,0.55529,0.05730,0.00969,
1671607391799951872,-17.29268,-6.90242,-5.67257,0.33408,-0.43403,0.21890,0.80752,1.89649,-0.07031,-0.01152,
1671607391899785984,-17.21977,-6.86703,-5.93535,-0.08023,-0.59959,0.16764,0.77843,1.45828,0.70771,0.01197,
1671607392000121088,-17.22767,-6.96094,-6.08907,0.31728,-0.52713,0.17684,0.76824,-0.15806,-1.87818,0.03442,
1671607392099976960,-17.31505,-7.02309,-6.38907,0.18185,-0.58299,0.14993,0.77755,-1.74771,-1.24309,0.03922,
1671607392199796992,-17.35104,-7.00831,-6.68907,-0.23553,-0.53128,0.15091,0.79968,-0.71963,0.29577,-0.04415,
1671607392299877888,-17.44221,-6.88521,-6.98907,0.18906,-0.38732,0.23552,0.87107,-1.82347,2.46183,-0.03911,
1671607392399985920,-17.47915,-6.81153,-7.24336,-0.23311,-0.48659,0.13496,0.83107,-0.73886,1.47376,-0.00913,
1671607392499822080,-17.43868,-6.78813,-7.37325,0.31932,-0.51028,0.16721,0.78083,0.80954,0.46793,0.00638,
1671607392599915008,-17.35773,-6.77778,-7.63193,0.33470,-0.31918,0.25821,0.84819,1.61884,0.20697,0.00949,
1671607392699876096,-17.22729,-6.77583,-7.93193,0.27790,-0.37142,0.23213,0.85495,2.60884,0.03901,-0.02367,
1671607392799971072,-17.15343,-6.77836,-8.23193,-0.18668,-0.49010,0.19320,0.82923,1.47716,-0.05055,-0.03826,
1671607392899824128,-17.17571,-6.82098,-8.53193,0.55041,-0.25146,0.24218,0.75840,-0.44545,-0.85241,-0.03758,
1671607393000027904,-17.25349,-6.85704,-8.83193,-0.17708,-0.51699,0.19420,0.81465,-1.55574,-0.72125,-0.01856,
1671607393099887104,-17.27226,-6.84758,-9.13193,0.24089,-0.37493,0.23778,0.86305,-0.37537,0.18929,-0.05627,
1671607393199984896,-17.25905,-6.82406,-9.43193,-0.18646,-0.49960,0.16996,0.82870,0.26425,0.47041,-0.06371,
1671607393299810048,-17.23196,-6.77412,-9.73193,0.27491,-0.37856,0.24700,0.84859,0.54169,0.99869,-0.04760,
1671607393399899904,-17.20468,-6.70763,-10.03193,-0.20189,-0.51529,0.17434,0.81445,0.54560,1.32982,-0.03859,
1671607393499875072,-17.22915,-6.75572,-10.33193,0.27879,-0.39018,0.24323,0.84313,-0.48937,-0.96178,-0.03661,
1671607393599980032,-17.26329,-6.83685,-10.63193,-0.19987,-0.52887,0.16942,0.80725,-0.68272,-1.62252,-0.02930,
1671607393699819008,-17.25299,-6.83927,-10.93193,0.28677,-0.40388,0.24134,0.83450,0.20599,-0.04858,-0.02935,
1671607393799904000,-17.19247,-6.69750,-11.23193,-0.18703,-0.53310,0.16125,0.80921,1.21047,2.83560,-0.02859,
1671607393899876096,-17.11977,-6.65567,-11.53193,0.29410,-0.41579,0.24275,0.82565,1.45389,0.83641,-0.02427,
1671607394000084992,-17.23377,-6.61129,-11.83193,-0.19507,-0.54489,0.15406,0.80082,-2.27995,0.88761,-0.02411,
1671607394099947008,-17.42037,-6.73447,-12.13193,0.32143,-0.41747,0.25200,0.81172,-3.73207,-2.46358,-0.02182,
1671607394199781120,-17.50791,-6.78784,-12.43193,-0.19929,-0.58471,0.14521,0.77286,-1.75072,-1.06727,-0.01365,
1671607394299995904,-17.55043,-6.82721,-12.73193,0.30431,-0.45338,0.23507,0.80411,-0.85041,-0.78754,-0.01524,
1671607394399845120,-17.54837,-6.70609,-13.03193,-0.16141,-0.61000,0.13738,0.76353,0.04123,2.42254,-0.00876,
1671607394499922944,-17.57849,-6.50927,-13.33193,0.30169,-0.48047,0.21792,0.79413,-0.60235,3.93633,-0.01137,
1671607394599884032,-17.56892,-6.47444,-13.63193,-0.22068,-0.60309,0.11994,0.75710,0.19127,0.69663,-0.01149,
1671607394699984896,-17.62395,-6.69305,-13.93193,0.29375,-0.49978,0.22594,0.78287,-1.10046,-4.37220,-0.00989,
1671607394799817984,-17.75926,-6.96818,-14.23193,-0.29572,-0.60275,0.08526,0.73619,-2.70623,-5.50255,-0.01524,
1671607394899915008,-17.69047,-7.24606,-14.53193,0.28473,-0.52406,0.25160,0.76223,1.37572,-5.55759,-0.00838,
1671607395000123904,-17.45553,-7.45619,-14.83193,-0.31403,-0.62899,0.07623,0.70707,4.69885,-4.20268,-0.01386,
1671607395099975936,-17.39920,-7.69942,-15.10208,0.28462,-0.55135,0.27189,0.73558,1.12647,-4.86457,-0.00627,
1671607395199808000,-17.49863,-7.79162,-15.28923,0.83658,0.42104,0.30542,-0.17197,-1.98859,-1.84396,-0.02466,
1671607395299892992,-17.51778,-7.88966,-15.49506,0.07394,0.72060,-0.17839,-0.66592,-0.38289,-1.96080,-0.00443,
1671607395399980032,-17.38493,-7.69840,-15.69762,-0.23393,-0.67326,0.17583,0.67903,2.65696,3.82501,-0.01023,
1671607395499824896,-17.24305,-7.26083,-15.99762,-0.24509,-0.51203,0.10529,0.81650,2.83764,8.75155,-0.02033,
1671607395599917056,-17.27860,-6.78968,-16.29762,0.26023,-0.50302,0.19212,0.80146,-0.71096,9.42297,-0.01086,
1671607395699888128,-17.46685,-6.71000,-16.58243,-0.11492,-0.61093,0.17302,0.76395,-3.76513,1.59356,-0.00765,
1671607395799968000,-17.64322,-6.75309,-16.85683,0.25347,-0.50139,0.20621,0.80115,-3.52738,-0.86170,-0.00920,
1671607395899802112,-17.66265,-6.88846,-17.15288,-0.14313,-0.59361,0.19678,0.76709,-0.38858,-2.70746,-0.00993,
1671607396000006912,-17.66773,-7.01502,-17.43071,0.25940,-0.48365,0.23133,0.80329,-0.10151,-2.53121,-0.00912,
1671607396099995904,-17.89444,-7.05668,-17.71338,-0.05834,-0.58031,0.24959,0.77301,-4.53420,-0.83322,-0.00716,
1671607396199831040,-17.96545,-7.10217,-17.98800,0.26073,-0.45552,0.26656,0.80837,-1.42020,-0.90979,-0.00899,
1671607396299929088,-17.92139,-7.16467,-18.27388,-0.02107,-0.56010,0.30115,0.77146,0.88118,-1.25009,-0.00660,
1671607396399887872,-17.86716,-7.15861,-18.55783,0.27942,-0.41839,0.31668,0.80411,1.08450,0.12119,-0.00927,
1671607396499983872,-17.74923,-7.00313,-18.85556,0.01648,-0.54416,0.35556,0.75973,2.35858,3.10960,-0.00536,
1671607396599823104,-17.61871,-6.86275,-19.15556,0.31124,-0.37045,0.37944,0.78862,2.61042,2.80760,-0.01009,
1671607396699909120,-17.49314,-6.81233,-19.45556,0.03503,-0.53253,0.40137,0.74437,2.51135,1.00853,-0.00552,
1671607396799880960,-17.52720,-6.77037,-19.75556,0.35096,-0.33655,0.44610,0.75136,-0.68112,0.83922,-0.00773,
1671607396899971072,-17.63549,-6.78947,-20.05556,0.07226,-0.53221,0.45674,0.70917,-2.16570,-0.38202,-0.00224,
1671607397000049920,-17.63544,-6.82864,-20.32909,0.48562,-0.24912,0.52148,0.65588,0.00085,-0.78346,-0.00363,
1671607397099898880,-17.49456,-6.73725,-20.62909,0.09047,-0.52699,0.52648,0.66100,2.81773,1.82784,0.00207,
1671607397199981056,-17.46943,-6.60079,-20.91311,0.55316,-0.12009,0.59645,0.56907,0.50247,2.72907,-0.00090,
1671607397299813888,-17.49792,-6.64152,-21.21311,0.11056,-0.52935,0.58343,0.60595,-0.56982,-0.81454,0.00810,
1671607397399912960,-17.65133,-6.69584,-21.48162,0.64026,0.05661,0.63736,0.42501,-3.06818,-1.08629,-0.00242,
1671607397499883008,-17.75846,-6.78830,-21.78162,0.11396,-0.52833,0.63637,0.55037,-2.14257,-1.84928,0.01717,
1671607397599965952,-17.67825,-6.73921,-22.01447,0.66151,0.11459,0.65354,0.34951,1.60428,0.98179,0.00204,
1671607397699820032,-17.63586,-6.72371,-22.31447,0.12252,-0.52583,0.68767,0.48539,0.84784,0.31004,0.02425,
1671607397799916032,-17.81588,-6.69628,-22.60880,0.57490,0.34799,0.72132,0.16759,-3.60045,0.54851,0.00625,
1671607397899883008,-17.91458,-6.68990,-22.90880,0.57169,0.37386,0.71685,0.13973,-1.97411,0.12767,1.74549,
1671607398000088064,-17.87725,-6.45267,-23.20880,0.58936,0.56107,0.58061,-0.02723,0.74674,4.74466,0.15634,
1671607398099936000,-17.69223,-6.34794,-23.50880,0.52959,0.72391,0.39063,-0.20712,3.70041,2.09459,0.08502,
1671607398199781888,-17.52605,-5.95079,-23.77190,0.51002,0.35795,0.76918,0.14182,3.32355,7.94291,0.05569,
1671607398299875072,-17.08568,-6.01691,-24.07190,0.46418,0.39298,0.78935,0.08385,8.80742,-1.32228,1.03751,
1671607398399975936,-15.99636,-6.72898,-24.37190,0.44362,0.41488,0.79279,0.05070,21.78629,-14.24147,1.00669,
1671607398499788032,-14.58860,-7.15215,-24.67190,0.43224,0.43590,0.78760,0.05332,28.15518,-8.46336,1.02150,
1671607398599997952,-13.48562,-7.39502,-24.97190,0.41279,0.45086,0.78991,0.04866,22.05964,-4.85746,0.99908,
1671607398699827968,-12.70695,-8.02930,-25.27190,0.40070,0.46486,0.78701,0.06284,15.57344,-12.68552,1.01885,
1671607398799908096,-12.23458,-8.42185,-25.57190,0.39355,0.47063,0.78657,0.07025,9.44747,-7.85099,1.00837,
1671607398899991040,-12.14525,-8.92495,-25.78864,0.32618,0.89123,0.20844,-0.23634,1.78645,-10.06214,0.05058,
1671607399000067072,-12.19949,-9.09297,-26.08864,0.32050,0.89965,0.15090,-0.25521,-1.08463,-3.36031,0.62351,
1671607399099916032,-12.34035,-8.69411,-26.32036,0.40575,0.59192,0.69641,0.00241,-2.81726,7.97722,0.06499,
1671607399199875072,-12.54827,-8.59083,-26.62036,0.39793,0.54148,0.73929,0.04373,-4.15837,2.06567,0.23173,
1671607399299969024,-12.67162,-8.07654,-26.85072,0.33003,0.89307,0.19076,-0.23899,-2.46705,10.28560,0.05550,
1671607399399819008,-12.69106,-8.02723,-27.15072,0.31177,0.89538,0.12742,-0.29132,-0.38889,0.98639,0.58556,
1671607399499896064,-12.75361,-8.23018,-27.34648,0.41721,0.47101,0.77483,0.06107,-1.25089,-4.05902,0.04635,
1671607399599990016,-12.75868,-8.50397,-27.57069,0.34164,0.87938,0.22826,-0.24055,-0.10148,-5.47593,0.04587,
1671607399699821056,-12.72904,-8.56169,-27.87069,0.32645,0.89355,0.17578,-0.25320,0.59278,-1.15443,0.64952,
1671607399799917056,-12.63390,-8.49051,-28.08947,0.40939,0.55904,0.72060,0.02488,1.90290,1.42372,0.06151,
1671607399899875072,-12.55079,-8.27491,-28.38947,0.40415,0.50945,0.75806,0.04976,1.66224,4.31189,0.23783,
1671607400000094976,-12.59455,-7.97961,-28.62942,0.34267,0.87569,0.26083,-0.21845,-0.87520,5.90611,0.04966,
1671607400099930112,-12.70224,-7.50558,-28.92942,0.33324,0.88869,0.21880,-0.22650,-2.15396,9.48055,0.75071,
1671607400199892992,-12.73972,-7.32646,-29.22942,0.31983,0.90243,0.16623,-0.23602,-0.74959,3.58233,0.65549,
1671607400299982080,-12.71364,-7.20281,-29.43557,0.38998,0.55149,0.73588,0.04750,0.52173,2.47317,0.05776,
1671607400399816960,-12.66777,-7.22716,-29.73557,0.39663,0.58800,0.70438,0.02804,0.91728,-0.48713,0.68932,
1671607400499909888,-12.64921,-7.30925,-30.03557,0.39011,0.75624,0.51919,-0.07971,0.37118,-1.64177,0.23761,
1671607400599995904,-12.65642,-7.50186,-30.33557,0.36133,0.85893,0.32259,-0.16619,-0.14402,-3.85209,0.07855,
1671607400699845888,-12.58510,-7.66449,-30.55217,0.37695,0.41582,0.81770,0.12798,1.42629,-3.25262,0.04476,
1671607400799934976,-12.55738,-7.80099,-30.85217,0.38036,0.44630,0.80151,0.11718,0.55443,-2.73013,0.80206,
1671607400899896064,-12.55333,-7.91921,-31.04779,0.35185,0.88779,0.22631,-0.19185,0.08106,-2.36425,0.04815,
1671607401000093952,-12.57366,-7.97686,-31.24262,0.39998,0.47254,0.77911,0.09856,-0.40673,-1.15304,0.05528,
1671607401099937024,-12.67970,-8.03633,-31.49126,0.38535,0.83917,0.35174,-0.15357,-2.12067,-1.18951,0.04963,
1671607401199877888,-12.73213,-8.05256,-31.70349,0.38853,0.37611,0.82774,0.14978,-1.04877,-0.32462,0.04246,
1671607401299968000,-12.85833,-8.06704,-32.00349,0.38836,0.41626,0.81079,0.13611,-2.52380,-0.28943,0.71351,
1671607401399805952,-12.96304,-8.03061,-32.20853,0.36921,0.86809,0.28376,-0.17201,-2.09423,0.72857,0.04022,
1671607401499904000,-12.95952,-8.09307,-32.40481,0.38061,0.41745,0.81252,0.14384,0.07027,-1.24929,0.04547,
1671607401599881984,-12.93332,-8.14662,-32.62884,0.38244,0.84104,0.36105,-0.12661,0.52405,-1.07091,0.04412,
1671607401699974912,-12.92647,-8.12826,-32.92884,0.37824,0.84717,0.35120,-0.12609,0.13711,0.36709,0.96868,
1671607401799813120,-12.84703,-7.99442,-33.22884,0.37274,0.86081,0.31869,-0.13606,1.58863,2.67690,0.73804,
1671607401899904000,-12.78751,-7.83314,-33.43941,0.37109,0.45850,0.79602,0.13575,1.19044,3.22560,0.05021,
1671607402000112128,-12.68780,-7.63367,-33.69734,0.38546,0.81793,0.41873,-0.08417,1.99426,3.98944,0.04992,
1671607402099963904,-12.62446,-7.38903,-33.92231,0.35507,0.39018,0.83198,0.17176,1.26679,4.89271,0.04468,
1671607402199805952,-12.68590,-7.27557,-34.13576,0.38264,0.83686,0.37895,-0.09821,-1.22890,2.26921,0.04218,
1671607402299905024,-12.84454,-7.17018,-34.43576,0.38469,0.84018,0.37008,-0.09563,-3.17271,2.10786,0.97650,
1671607402399877888,-13.01175,-7.07229,-34.73576,0.38292,0.85191,0.34299,-0.09987,-3.34413,1.95770,0.79890,
1671607402499955968,-13.13174,-6.98924,-34.94827,0.36033,0.45476,0.79747,0.16551,-2.39996,1.66095,0.04791,
1671607402599783936,-13.10020,-6.87821,-35.19593,0.38475,0.82199,0.41888,-0.02900,0.63090,2.22079,0.05291,
1671607402699997952,-13.03089,-6.80722,-35.44677,0.35555,0.46391,0.79438,0.16533,1.38613,1.41971,0.05114,
1671607402799825920,-12.95639,-6.77016,-35.69717,0.38763,0.81921,0.41938,-0.05252,1.49004,0.74129,0.04708,
1671607402899916032,-12.83211,-6.74935,-35.92865,0.34794,0.41934,0.81851,0.18203,2.48570,0.41608,0.04080,
1671607403000122880,-12.76798,-6.75188,-36.15398,0.38837,0.82225,0.41195,-0.05806,1.28260,-0.05061,0.04309,
1671607403099984896,-12.70971,-6.80577,-36.37430,0.34013,0.40976,0.82507,0.18885,1.16529,-1.07780,0.04117,
1671607403199819008,-12.68842,-6.84184,-36.59357,0.38473,0.82636,0.40814,-0.05037,0.42583,-0.72129,0.04081,
1671607403299902976,-12.58889,-6.84393,-36.80832,0.33434,0.40326,0.82808,0.19971,1.99067,-0.04193,0.03939,
1671607403399877120,-12.59450,-6.80996,-37.02316,0.38785,0.82629,0.40604,-0.04405,-0.11235,0.67951,0.03953,
1671607403499962112,-12.66599,-6.73653,-37.24120,0.33556,0.42025,0.81994,0.19619,-1.42976,1.46852,0.03990,
1671607403599806976,-12.75097,-6.68371,-37.46199,0.38648,0.82413,0.41239,-0.03723,-1.69961,1.05639,0.04079,
1671607403699901952,-12.81080,-6.69214,-37.70568,0.34371,0.48134,0.78639,0.17826,-1.19651,-0.16852,0.04432,
1671607403799984128,-12.76536,-6.74773,-37.95873,0.38285,0.81758,0.42982,-0.01536,0.90873,-1.11181,0.04598,
1671607403899814912,-12.60289,-6.81170,-38.25873,0.36000,0.57993,0.71735,0.13961,3.24943,-1.27935,0.05688,
1671607404000026880,-12.44334,-6.91620,-38.55873,0.36192,0.59387,0.70582,0.13472,3.19092,-2.09003,0.31900,
1671607404099877120,-12.44364,-7.18793,-38.84833,0.38013,0.86322,0.32746,-0.05590,-0.00586,-5.43458,0.01982,
1671607404199953920,-12.45183,-7.28412,-39.11305,0.34894,0.56290,0.73294,0.15550,-0.16389,-1.92391,0.01796,
1671607404299798016,-12.43613,-7.33575,-39.38218,0.37538,0.86302,0.33669,-0.03029,0.31414,-1.03258,0.02174,
1671607404399889920,-12.51098,-7.34452,-39.68218,0.37555,0.80293,0.46208,0.02732,-1.49717,-0.17538,0.03776,
1671607404499977984,-12.59693,-7.35602,-39.98218,0.37592,0.83170,0.40855,0.00748,-1.71883,-0.23000,0.11683,
1671607404599831040,-12.69688,-7.40304,-40.28218,0.36225,0.71822,0.58617,0.09668,-1.99919,-0.94047,0.02354,
1671607404699930880,-12.70456,-7.52239,-40.58218,0.37201,0.86555,0.33493,-0.01565,-0.15342,-2.38701,0.02822,
1671607404799891968,-12.69212,-7.61528,-40.88218,0.36099,0.76190,0.53217,0.07739,0.24869,-1.85778,0.02185,
1671607404899986944,-12.53995,-7.68886,-41.18218,0.36662,0.86852,0.33349,-0.00712,3.04346,-1.47149,0.03532,
1671607405000086016,-12.40458,-7.69989,-41.48218,0.35320,0.75332,0.54703,0.09228,2.70730,-0.22066,0.01897,
1671607405099937024,-12.30534,-7.88961,-41.78218,0.36354,0.87039,0.33203,0.00289,1.98478,-3.79439,0.03216,
1671607405199898880,-12.27529,-7.93869,-42.08218,0.34132,0.72122,0.59046,0.12129,0.60104,-0.98165,0.01564,
1671607405299997952,-12.24720,-7.99954,-42.38218,0.36100,0.86015,0.35975,0.02028,0.56177,-1.21688,0.02854,
1671607405399843072,-12.24993,-8.04436,-42.68218,0.35994,0.86779,0.34226,0.01545,-0.05447,-0.89653,0.17574,
1671607405499932928,-12.44789,-8.01262,-42.98218,0.35859,0.86783,0.34347,0.01766,-3.95932,0.63479,0.18421,
1671607405599898112,-12.62812,-8.02178,-43.28218,0.35829,0.87749,0.31862,0.01078,-3.60463,-0.18321,0.15934,
1671607405699987968,-12.79953,-7.98508,-43.58218,0.35708,0.87636,0.32273,0.01821,-3.42813,0.73408,0.18020,
1671607405799805952,-12.83371,-7.96477,-43.88218,0.35561,0.88841,0.29009,0.01077,-0.68358,0.40612,0.14264,
1671607405899894016,-12.71333,-8.06897,-44.18218,0.35460,0.88601,0.29817,0.01845,2.40761,-2.08390,0.17580,
1671607406000078080,-12.56559,-8.13188,-44.44675,0.30398,0.66648,0.65674,0.17915,2.95477,-1.25818,0.03161,
1671607406099943936,-12.49891,-8.16907,-44.74675,0.34792,0.86591,0.35548,0.05270,1.33370,-0.74381,0.01569,
1671607406199798016,-12.53426,-8.21025,-45.04675,0.29913,0.66912,0.65560,0.18165,-0.70705,-0.82363,0.03325,
1671607406299892992,-12.56626,-8.19414,-45.34675,0.33821,0.83009,0.43419,0.08966,-0.63993,0.32220,0.01587,
1671607406399986944,-12.58920,-8.19090,-45.64675,0.29733,0.67429,0.65045,0.18397,-0.45893,0.06480,0.04271,
1671607406499822080,-12.72013,-8.15622,-45.94675,0.32321,0.77824,0.52201,0.13184,-2.61860,0.69357,0.04226,
1671607406599927040,-12.71286,-8.10020,-46.24675,0.32555,0.79826,0.49209,0.12105,0.14546,1.12043,0.22058,
1671607406699779072,-12.62910,-8.06315,-46.54675,0.31608,0.76755,0.53890,0.14332,1.67507,0.74092,0.16129,
1671607406799877888,-12.50922,-7.94600,-46.84675,0.32369,0.81581,0.46523,0.11504,2.39769,2.34302,0.11535,
1671607406899969024,-12.50849,-7.94584,-47.14675,0.30574,0.76004,0.55285,0.15237,0.01460,0.00323,0.09433,
1671607407000043008,-12.49342,-7.90452,-47.44675,0.32302,0.83351,0.43481,0.10889,0.30132,0.82642,0.07420,
1671607407099908096,-12.49391,-7.95264,-47.74675,0.29460,0.73442,0.58659,0.17249,-0.00966,-0.96244,0.05615,
1671607407199983104,-12.45431,-7.96989,-48.04675,0.32799,0.85310,0.39279,0.10177,0.79199,-0.34484,0.04512,
1671607407299820032,-12.39384,-7.94016,-48.34675,0.33375,0.88064,0.32676,0.07951,1.20940,0.59450,0.20855,
1671607407399918080,-12.39792,-7.96302,-48.64675,0.28527,0.72299,0.60034,0.18842,-0.08161,-0.45720,0.03087,
1671607407499888896,-12.36831,-7.86090,-48.94675,0.30437,0.80024,0.49495,0.14832,0.59207,2.04233,0.11751,
1671607407599972096,-12.37425,-7.89067,-49.24675,0.31664,0.85339,0.39816,0.11375,-0.11871,-0.59523,0.08455,
1671607407699810048,-12.40353,-7.90049,-49.54675,0.31587,0.89583,0.29481,0.10393,-0.58553,-0.19647,0.16136,
1671607407799898880,-12.42545,-7.95119,-49.84675,0.32425,0.90705,0.25808,0.07431,-0.43850,-1.01411,0.31346,
1671607407899996928,-12.48902,-7.98943,-50.14675,0.32456,0.91067,0.24462,0.07419,-1.27137,-0.76479,0.45185,
1671607408000086016,-12.59733,-8.05736,-50.44675,0.32455,0.91805,0.21667,0.07001,-2.16609,-1.35844,0.35731,
1671607408099943936,-12.41387,-8.23101,-50.74675,0.32426,0.92468,0.18813,0.06660,3.66905,-3.47307,0.35980,
1671607408199881984,-12.30504,-8.35832,-50.99468,0.27819,0.80645,0.49123,0.17590,2.17665,-2.54614,0.06707,
1671607408299977984,-12.17069,-8.48396,-51.29468,0.31526,0.91588,0.23152,0.09040,2.68693,-2.51278,0.03039,
1671607408399817984,-12.06910,-8.56759,-51.57200,0.26857,0.80793,0.49210,0.18155,2.03186,-1.67269,0.07588,
1671607408499901952,-12.07053,-8.63614,-51.86892,0.31254,0.92571,0.19517,0.08534,-0.02853,-1.37105,0.02632,
1671607408599992064,-12.17225,-8.77665,-52.09575,0.25783,0.79546,0.51345,0.19268,-2.03437,-2.81013,0.06058,
1671607408699830016,-12.51464,-8.92907,-52.39575,0.27020,0.83829,0.44179,0.17055,-6.84790,-3.04846,0.15047,
1671607408799917056,-12.67590,-8.99093,-52.69575,0.27284,0.85181,0.41604,0.16399,-3.22519,-1.23713,0.33233,
1671607408899892992,-12.83661,-8.92302,-52.99575,0.27506,0.86414,0.39020,0.15922,-3.21418,1.35807,0.32655,
1671607409000080896,-12.90388,-8.89539,-53.29575,0.27796,0.87724,0.36024,0.15304,-1.34533,0.55280,0.28625,
1671607409099926016,-12.78122,-8.91322,-53.59575,0.28312,0.89249,0.32060,0.14324,2.45314,-0.35667,0.24615,
1671607409199781120,-12.55256,-8.81571,-53.89575,0.29140,0.91045,0.26385,0.12867,4.57313,1.95008,0.19176,
1671607409299877888,-12.45383,-8.75513,-54.19575,0.27706,0.88664,0.33195,0.16406,1.97464,1.21168,0.23106,
1671607409399969024,-12.54032,-8.79446,-54.49575,0.28052,0.89263,0.31367,0.16164,-1.72974,-0.78652,0.71635,
1671607409499816960,-12.62463,-8.82750,-54.79575,0.27638,0.88172,0.34322,0.16850,-1.68617,-0.66080,0.28187,
1671607409599918080,-12.68374,-8.77333,-55.09575,0.28109,0.89949,0.29561,0.15660,-1.18225,1.08332,0.30771,
1671607409699875072,-12.75139,-8.81990,-55.39575,0.26548,0.87482,0.36309,0.17993,-1.35307,-0.93142,0.20819,
1671607409799963904,-12.71577,-8.81462,-55.69575,0.25577,0.86253,0.39241,0.19140,0.71246,0.10565,0.23122,
1671607409899808000,-12.72732,-8.77541,-55.99575,0.27659,0.90792,0.27353,0.15611,-0.23099,0.78416,0.12743,
1671607409999894016,-12.83726,-8.73265,-56.29575,0.24064,0.84122,0.43646,0.20964,-2.19886,0.85527,0.08844,
1671607410099886080,-12.89587,-8.77219,-56.59575,0.27834,0.91664,0.24055,0.15631,-1.17222,-0.79094,0.07595,
1671607410199974912,-12.83502,-8.94251,-56.89575,0.26308,0.89471,0.31084,0.18346,1.21697,-3.40636,0.23540,
1671607410299816960,-12.69603,-9.19029,-57.19575,0.27175,0.91260,0.25330,0.17075,2.77988,-4.95551,0.08750,
1671607410399896064,-12.58354,-9.39148,-57.42797,0.20322,0.79480,0.51690,0.24455,2.24975,-4.02375,0.05343,
1671607410499991040,-12.40770,-9.40133,-57.63571,0.26651,0.92013,0.23432,0.16559,3.51685,-0.19710,0.05776,
1671607410599823872,-12.53363,-9.17054,-57.93571,0.23107,0.86663,0.38890,0.21049,-2.51859,4.61579,0.08497,
1671607410699919872,-12.67639,-9.04661,-58.23571,0.26727,0.92774,0.20388,0.16216,-2.85522,2.47862,0.07308,
1671607410799879936,-12.80040,-9.06099,-58.53571,0.24124,0.89042,0.32854,0.20253,-2.48011,-0.28767,0.12331,
1671607410899970048,-12.81778,-9.08895,-58.83571,0.24569,0.89671,0.30740,0.20260,-0.34761,-0.55922,0.76445,
1671607411000043008,-12.74252,-9.19037,-59.13571,0.26419,0.92790,0.19461,0.17701,1.50521,-2.02836,0.04200,
1671607411099896064,-12.76673,-9.26746,-59.43571,0.23174,0.88756,0.33581,0.21391,-0.48431,-1.54175,0.12400,
1671607411199994112,-12.79844,-9.33581,-59.73571,0.26415,0.93242,0.18336,0.16489,-0.63423,-1.36693,0.08123,
1671607411299831040,-12.74469,-9.43708,-60.03571,0.23002,0.88177,0.35585,0.20721,1.07505,-2.02551,0.08055,
1671607411399937024,-12.83714,-9.31590,-60.33571,0.26715,0.93628,0.16426,0.15821,-1.84898,2.42361,0.05766,
1671607411499787008,-12.94524,-9.22156,-60.63571,0.27041,0.94026,0.13933,0.15289,-2.16196,1.88678,0.58891,
1671607411599879936,-12.92737,-9.16880,-60.93571,0.27036,0.94098,0.13409,0.15324,0.35737,1.05520,0.91969,
1671607411699973120,-12.88338,-8.99081,-61.23571,0.25659,0.92729,0.20471,0.17999,0.87969,3.55990,0.18482,
1671607411799799040,-12.91044,-8.82967,-61.53571,0.26276,0.93768,0.15150,0.16960,-0.54118,3.22286,0.11514,
1671607411899898112,-12.86317,-9.07056,-61.83571,0.26914,0.94343,0.11146,0.15834,0.94548,-4.81782,0.38499,
1671607412000114944,-12.73297,-9.20368,-62.13571,0.27144,0.94559,0.08912,0.15567,2.60406,-2.66246,0.60619,
1671607412099943936,-12.61746,-9.48028,-62.43571,0.24511,0.92349,0.21907,0.19772,2.31004,-5.53196,0.11431,
1671607412199778048,-12.60506,-9.68278,-62.73571,0.22504,0.90326,0.29039,0.22171,0.24802,-4.04997,0.00375,
1671607412299986944,-12.56529,-9.97016,-63.03571,0.22881,0.90615,0.27691,0.22329,0.79543,-5.74772,0.81074,
1671607412399820032,-12.42908,-10.21947,-63.33571,0.23284,0.91434,0.25040,0.21695,2.72431,-4.98610,0.48616,
1671607412499899904,-12.52663,-10.39589,-63.60996,0.27122,0.94682,0.05492,0.16416,-1.95112,-3.52837,0.04590,
1671607412599981056,-12.73052,-10.34016,-63.90996,0.28525,0.94777,-0.04070,0.13677,-4.07784,1.11458,0.15079,
1671607412699827968,-13.02090,-10.27645,-64.15297,0.24952,0.93537,0.15703,0.19536,-5.80759,1.27403,0.06028,
1671607412799922944,-13.19240,-10.17108,-64.45297,0.27672,0.94721,-0.00545,0.16183,-3.42987,2.10748,0.03728,
1671607412899996928,-13.23119,-10.04957,-64.75297,0.25211,0.93728,0.13981,0.19597,-0.77581,2.43016,0.09082,
1671607412999845888,-13.15841,-9.98807,-65.01116,0.20293,0.88989,0.32626,0.24591,1.45550,1.23011,0.04110,
1671607413099948032,-12.99988,-10.10614,-65.14232,0.28186,0.94610,-0.05617,0.14934,3.17057,-2.36151,0.02097,
1671607413199794944,-12.95412,-10.15325,-65.30373,0.22742,0.92297,0.21131,0.22749,0.91519,-0.94225,0.04757,
1671607413299884032,-12.78478,-10.22066,-65.60373,0.21266,0.91070,0.25907,0.24141,3.38679,-1.34810,-0.00374,
1671607413399972096,-12.68399,-10.27765,-65.89319,0.25024,0.94154,0.09566,0.20428,2.01581,-1.13979,0.04681,
1671607413499802112,-12.77421,-10.30191,-66.19319,0.22680,0.92624,0.19071,0.23296,-1.80435,-0.48527,0.12472,
1671607413599887104,-12.71059,-10.29346,-66.49319,0.20775,0.90940,0.25846,0.25104,1.27235,0.16906,0.02661,
1671607413699982080,-12.42310,-9.98799,-66.64538,0.27523,0.94472,-0.04216,0.17315,5.74996,6.10945,0.02360,
1671607413799820032,-12.20963,-9.50153,-66.81630,0.22232,0.92675,0.18725,0.23802,4.26936,9.72917,0.04853,
1671607413899896064,-12.55412,-9.22335,-67.11630,0.23876,0.93901,0.10594,0.22365,-6.88979,5.56352,0.04471,
1671607414000092928,-12.69712,-9.30472,-67.41630,0.22575,0.93232,0.14950,0.23973,-2.86007,-1.62730,0.19058,
1671607414099942912,-12.22216,-9.53909,-67.71630,0.18448,0.89938,0.28559,0.27481,9.49913,-4.68744,0.04373,
1671607414199796992,-12.02825,-9.58925,-67.86226,0.25876,0.94290,-0.00228,0.20972,3.87818,-1.00313,0.02115,
1671607414299880960,-11.77174,-9.54077,-68.05337,0.21059,0.92297,0.19021,0.25998,5.13025,0.96959,0.05138,
1671607414399970048,-11.58366,-9.30769,-68.35337,0.19786,0.91540,0.22575,0.26821,3.76175,4.66161,0.02871,
1671607414499810048,-11.74260,-9.08679,-68.55365,0.24559,0.94179,0.02135,0.22859,-3.17881,4.41785,0.03253,
1671607414599900928,-12.11091,-9.07656,-68.79316,0.20855,0.93066,0.15745,0.25610,-7.36629,0.20466,0.08088,
1671607414699993088,-12.26655,-9.32944,-69.09316,0.23672,0.94312,0.03650,0.23054,-3.11270,-5.05756,0.02451,
1671607414799831040,-12.38476,-9.61974,-69.34896,0.20012,0.92885,0.16562,0.26414,-2.36420,-5.80595,0.07159,
1671607414899920896,-12.35507,-9.72079,-69.64896,0.16877,0.90625,0.26050,0.28698,0.59380,-2.02108,0.01066,
1671607415000005120,-12.36111,-9.75914,-69.78502,0.23960,0.94245,-0.00165,0.23319,-0.12083,-0.76694,0.02356,
1671607415099979008,-11.96224,-9.67442,-69.98495,0.19409,0.92826,0.16055,0.27364,7.97740,1.69443,0.05278,
1671607415199821056,-11.65517,-9.53701,-70.28495,0.22321,0.94116,0.04709,0.24934,6.14142,2.74811,0.02102,
1671607415299896064,-11.54208,-9.27707,-70.55013,0.18612,0.92839,0.16180,0.27798,2.26168,5.19876,0.06990,
1671607415399976960,-11.48889,-8.79175,-70.85013,0.21761,0.94097,0.03793,0.25648,1.06390,9.70638,0.01809,
1671607415499824896,-11.31657,-8.77928,-71.15013,0.19633,0.93598,0.09730,0.27554,3.44623,0.24945,0.09720,
1671607415599901952,-11.49787,-9.38553,-71.36158,0.15918,0.91712,0.20700,0.30117,-3.62590,-12.12496,0.09330,
1671607415699879936,-11.70299,-10.02672,-71.53806,0.21302,0.94004,0.01823,0.26572,-4.10250,-12.82382,0.01936,
1671607415799950080,-12.01205,-10.36973,-71.78341,0.17651,0.93076,0.13343,0.29108,-6.18112,-6.86014,0.05926,
1671607415899790080,-12.21183,-10.52204,-72.04018,0.21337,0.93989,0.00293,0.26660,-3.99568,-3.04629,0.01276,
1671607416000118016,-12.23694,-10.53323,-72.24687,0.17157,0.92978,0.13385,0.29691,-0.50200,-0.22370,0.04920,
1671607416099966976,-11.84622,-10.44473,-72.49528,0.20719,0.93764,-0.00218,0.27910,7.81436,1.76999,0.01430,
1671607416199813120,-11.74108,-10.62124,-72.70060,0.16508,0.92871,0.11972,0.30969,2.10275,-3.53029,0.05181,
1671607416299892992,-11.58151,-11.35252,-72.91452,0.20878,0.93567,-0.02441,0.28344,3.19132,-14.62567,0.01468,
1671607416399988992,-11.40232,-11.67340,-73.09283,0.16248,0.92985,0.11585,0.30914,3.58383,-6.41749,0.04483,
1671607416499845120,-11.47363,-11.72138,-73.31032,0.20347,0.93667,-0.02482,0.28396,-1.42617,-0.95970,0.00893,
1671607416599937024,-11.57223,-11.76281,-73.48606,0.15475,0.93094,0.11223,0.31113,-1.97199,-0.82847,0.03979,
1671607416699889920,-11.75299,-11.87637,-73.70464,0.19427,0.93732,-0.02416,0.28827,-3.61513,-2.27118,0.00778,
1671607416799983104,-11.96836,-11.79506,-73.88375,0.14907,0.93120,0.10407,0.31594,-4.30744,1.62613,0.03876,
1671607416899816960,-12.16691,-11.90298,-74.09610,0.19073,0.93521,-0.03065,0.29675,-3.97109,-2.15834,0.00627,
1671607417000025088,-12.28368,-12.19942,-74.26196,0.13975,0.92909,0.10786,0.32499,-2.33525,-5.92878,0.03210,
1671607417099883008,-12.01480,-12.35294,-74.50411,0.13285,0.94314,0.01416,0.30436,5.37745,-3.07043,0.00522,
1671607417199966976,-12.12208,-12.44633,-74.69798,0.04004,0.93622,0.15208,0.31427,-2.14553,-1.86777,0.03452,
1671607417299802112,-11.85373,-11.55850,-74.96877,0.00213,0.94520,0.07707,0.31726,5.36706,17.75649,0.00339,
1671607417399889920,-11.46760,-11.83690,-75.21570,-0.03722,0.94399,0.00539,0.32782,7.72262,-5.56785,0.03900,
1671607417499993088,-10.45213,-13.17430,-75.34925,-0.16185,0.91930,0.17815,0.31137,20.30923,-26.74801,0.02018,
1671607417599831040,-10.15478,-14.36953,-75.61577,-0.26001,0.88382,0.27382,0.27620,5.94703,-23.90460,0.01290,
1671607417699909120,-9.97313,-14.93653,-75.91577,-0.32990,0.86377,0.28730,0.25008,3.63306,-11.34001,-0.02230,
1671607417799878912,-10.28905,-15.18919,-76.21577,-0.38498,0.84559,0.29118,0.22799,-6.31847,-5.05336,-0.02999,
1671607417899971072,-11.10175,-14.73974,-76.35758,-0.38315,0.86587,0.15380,0.28252,-16.25388,8.98913,-0.00545,
1671607418000071936,-11.91502,-14.14314,-76.65758,-0.40049,0.86021,0.13347,0.28607,-16.26548,11.93205,0.10948,
1671607418099919872,-12.34309,-13.84374,-76.77102,-0.45579,0.81615,0.28996,0.20512,-8.56142,5.98781,0.00291,
1671607418199877120,-12.21066,-13.73356,-76.93554,-0.42449,0.84534,0.18416,0.26701,2.64867,2.20379,-0.01261,
1671607418299973888,-11.02754,-13.44516,-77.09207,-0.45275,0.81319,0.29724,0.21303,23.66242,5.76799,0.00232,
1671607418399831040,-9.37907,-12.80348,-77.24763,-0.42029,0.84314,0.19415,0.27346,32.96925,12.83342,-0.00516,
1671607418499920896,-7.65319,-12.40668,-77.42919,-0.44982,0.81512,0.28563,0.22729,34.51774,7.93608,-0.01223,
1671607418599891968,-6.38141,-12.17242,-77.57604,-0.42102,0.84460,0.17007,0.28368,25.43559,4.68512,-0.00623,
1671607418699982080,-5.94775,-12.16480,-77.73813,-0.45630,0.82113,0.25301,0.23134,8.67313,0.15249,-0.00724,
1671607418799816960,-6.54337,-12.44922,-78.03813,-0.45999,0.82374,0.23452,0.23421,-11.91242,-5.68831,-0.00540,
1671607418899934976,-7.88152,-12.77329,-78.33813,-0.46102,0.82634,0.21614,0.24065,-26.76295,-6.48157,-0.01944,
1671607419000006912,-9.06017,-13.41359,-78.63813,-0.45544,0.83222,0.18787,0.25433,-23.57304,-12.80588,0.01721,
1671607419099995904,-9.74270,-14.15833,-78.93132,-0.46772,0.82283,0.22749,0.22899,-13.65064,-14.89486,0.00981,
1671607419199836928,-9.79903,-14.02663,-79.18781,-0.45718,0.83339,0.18878,0.24661,-1.12651,2.63401,0.02411,
1671607419299910912,-9.53332,-13.33129,-79.34443,-0.43641,0.84650,0.11440,0.28265,5.31414,13.90671,-0.00910,
1671607419399878912,-9.52855,-12.60963,-79.52552,-0.45562,0.83733,0.16374,0.25392,0.09554,14.43321,0.00114,
1671607419499960064,-9.58271,-12.33899,-79.82552,-0.45884,0.83607,0.16798,0.24946,-1.08328,5.41290,-0.02485,
1671607419599802112,-9.70756,-12.25215,-80.12552,-0.46131,0.83398,0.17429,0.24758,-2.49701,1.73679,-0.02911,
1671607419699891968,-9.65053,-11.95953,-80.32276,-0.44869,0.84155,0.13176,0.27039,1.14056,5.85249,-0.01163,
1671607419799986944,-9.26597,-11.46088,-80.38057,-0.48551,0.81259,0.25553,0.19668,7.69118,9.97297,-0.00129,
1671607419899834112,-8.94413,-11.22947,-80.42777,-0.44491,0.84585,0.09099,0.27986,6.43681,4.62805,-0.00160,
1671607420000037120,-9.08803,-10.54741,-80.54873,-0.46858,0.83719,0.13594,0.24712,-2.87799,13.64128,-0.00565,
1671607420099901952,-10.56262,-11.28115,-80.84873,-0.47569,0.83454,0.13451,0.24326,-29.49169,-14.67479,-0.06138,
1671607420199994112,-11.40606,-11.79797,-81.14873,-0.47339,0.83517,0.11565,0.25499,-16.86876,-10.33632,-0.05555,
1671607420299845888,-11.97655,-12.48693,-81.44873,-0.47053,0.83505,0.10340,0.26572,-11.40983,-13.77929,-0.07560,
1671607420399934976,-11.71687,-12.89524,-81.54544,-0.45531,0.83853,0.05660,0.29387,5.19356,-8.16624,-0.00990,
1671607420499776000,-10.96218,-13.17287,-81.64884,-0.47384,0.83397,0.10662,0.26193,15.09384,-5.55250,-0.02750,
1671607420599994112,-10.52540,-13.23607,-81.79490,-0.48424,0.83032,0.13250,0.24193,8.73554,-1.26398,-0.02002,
1671607420699843072,-10.71435,-12.65391,-82.00319,-0.49169,0.82706,0.14938,0.22783,-3.77897,11.64318,-0.05341,
1671607420799923968,-10.80132,-12.10073,-82.18848,-0.48807,0.82926,0.12357,0.24258,-1.73945,11.06361,-0.05222,
1671607420899888896,-11.03757,-11.93508,-82.36066,-0.49599,0.82526,0.13644,0.23308,-4.72507,3.31300,-0.06670,
1671607421000091904,-11.07450,-12.35193,-82.51687,-0.49360,0.82665,0.11113,0.24630,-0.73851,-8.33703,-0.06616,
1671607421099951104,-11.21581,-13.01230,-82.72747,0.50049,-0.82259,-0.11869,-0.24240,-2.82631,-13.20753,-0.11406,
1671607421199790080,-11.26684,-13.43976,-82.86492,-0.49894,0.82311,0.10206,0.25125,-1.02053,-8.54914,-0.09491,
1671607421299881984,-11.24038,-14.23259,-83.06773,0.50380,-0.82108,-0.11084,-0.24438,0.52923,-15.85659,-0.17746,
1671607421399972096,-11.17352,-14.19704,-83.17260,0.50254,-0.82244,-0.09743,-0.24810,1.33724,0.71111,-0.13233,
1671607421499805952,-11.17119,-13.77993,-83.24106,0.50990,-0.82106,-0.10850,-0.23258,0.04654,8.34216,-0.10213,
1671607421599887872,-11.30899,-13.38912,-83.30516,0.50772,-0.82190,-0.08978,-0.24215,-2.75608,7.81609,-0.11589,
1671607421699965952,-11.57480,-13.15023,-83.36815,0.50449,-0.82205,-0.07122,-0.25426,-5.31606,4.77795,-0.12389,
1671607421799800064,-11.43551,-13.21669,-83.39278,0.51369,-0.81809,-0.09833,-0.23913,2.78564,-1.32939,-0.06472,
1671607421899888896,-11.08882,-13.43006,-83.43357,0.50928,-0.81963,-0.08357,-0.24873,6.93382,-4.26740,-0.11856,
1671607422000104960,-10.48569,-13.32583,-83.59628,0.50951,-0.81986,-0.07851,-0.24911,12.06269,2.08471,-0.58482,
1671607422099936000,-9.92864,-12.99038,-83.64283,0.51293,-0.81917,-0.07761,-0.24463,11.14098,6.70890,-0.44680,
1671607422199774976,-9.91595,-12.71078,-83.65576,0.51728,-0.81799,-0.07661,-0.23967,0.25382,5.59201,-0.28076,
1671607422299995904,-10.36613,-12.68036,-83.68136,0.51915,-0.81768,-0.06618,-0.23978,-9.00359,0.60839,-0.64029,
1671607422399820032,-10.93008,-12.88896,-83.68409,0.52386,-0.81665,-0.06923,-0.23208,-11.27909,-4.17197,-0.19692,
1671607422499899904,-11.43104,-12.83854,-83.68582,0.52272,-0.81671,-0.05295,-0.23863,-10.01913,1.00847,-0.18056,
1671607422599980032,-11.95280,-12.95667,-83.68779,0.52227,-0.81521,-0.04069,-0.24702,-10.43520,-2.36268,-0.24308,
1671607422699815936,-12.18749,-13.19069,-83.68914,0.52257,-0.81393,-0.03673,-0.25118,-4.69388,-4.68037,-0.69960,
1671607422799902976,-11.97981,-13.60593,-83.69256,0.52654,-0.81214,-0.04567,-0.24718,4.15368,-8.30471,-0.21573,
1671607422899877888,-11.50782,-13.84034,-83.68933,0.53023,-0.81083,-0.05219,-0.24228,9.43983,-4.68834,-0.31353,
1671607422999963904,-11.00110,-13.79782,-83.69114,0.53074,-0.81050,-0.04886,-0.24294,10.13439,0.85047,-0.50632,
1671607423099939072,-10.62155,-13.22299,-83.69935,0.53362,-0.81037,-0.04951,-0.23685,7.59106,11.49654,-0.72737,
1671607423199781888,-10.61638,-12.84153,-83.70327,0.53426,-0.81099,-0.03892,-0.23528,0.10336,7.62936,-0.37663,
1671607423299987968,-10.70777,-12.24701,-83.69922,0.53836,-0.81018,-0.04415,-0.22765,-1.82789,11.89021,-0.20281,
1671607423399845888,-10.80380,-11.73511,-83.69705,0.53442,-0.81015,-0.02245,-0.23991,-1.92045,10.23799,-0.10780,
1671607423499930880,-10.88495,-11.57816,-83.69508,0.53672,-0.80887,-0.02519,-0.23879,-1.62319,3.13903,-0.31162,
1671607423599891968,-10.80109,-11.61579,-83.69322,0.53605,-0.80832,-0.01843,-0.24277,1.67730,-0.75258,-0.40996,
1671607423699986944,-10.36405,-11.81229,-83.69728,0.53879,-0.80741,-0.02014,-0.23956,8.74081,-3.93003,-0.45795,
1671607423799819008,-10.15300,-11.64194,-83.69609,0.53998,-0.80642,-0.01416,-0.24066,4.22097,3.40717,-0.69604,
1671607423899911936,-10.05100,-11.56887,-83.69904,0.54347,-0.80470,-0.01471,-0.23847,2.04000,1.46127,-0.32417,
1671607424000113920,-10.05318,-11.53627,-83.69023,0.54789,-0.80248,-0.01554,-0.23579,-0.04362,0.65212,-0.25757,
1671607424099971072,-10.11888,-12.09042,-83.69451,0.55315,-0.80078,-0.02257,-0.22863,-1.31392,-11.08313,-0.16850,
1671607424199819008,-10.13470,-12.39131,-83.69460,0.54769,-0.80000,0.00581,-0.24494,-0.31639,-6.01777,-0.06869,
1671607424299913984,-10.16780,-12.57870,-83.69286,0.55075,-0.79938,0.00429,-0.24009,-0.66210,-3.74786,-0.44015,
1671607424399998976,-10.06848,-12.25133,-83.69407,0.55642,-0.79823,-0.00621,-0.23064,1.98654,6.54747,-0.14470,
1671607424499853056,-10.12000,-12.03631,-83.69329,0.55501,-0.79793,0.00381,-0.23507,-1.03049,4.30045,-0.22921,
1671607424599939072,-9.97467,-11.86698,-83.69354,0.55215,-0.79720,0.01706,-0.24354,2.90653,3.38654,-0.16229,
1671607424699780096,-9.84001,-11.51269,-83.69310,0.55511,-0.79657,0.01289,-0.23909,2.69334,7.08574,-0.23122,
1671607424799879936,-9.49305,-11.41433,-83.69393,0.55834,-0.79518,0.00536,-0.23648,6.93920,1.96730,-0.18717,
1671607424899972096,-9.33101,-11.49070,-83.69247,0.55483,-0.79384,0.02496,-0.24769,3.24068,-1.52750,-0.12065,
1671607425000054016,-9.10433,-11.72981,-83.69233,0.55719,-0.79324,0.02514,-0.24427,4.53360,-4.78208,-0.36421,
1671607425099909120,-8.99204,-12.17693,-83.69365,0.56138,-0.79245,0.01979,-0.23767,2.24590,-8.94253,-0.19154,
1671607425199993088,-9.02678,-12.27540,-83.69367,0.56039,-0.79128,0.03452,-0.24218,-0.69487,-1.96934,-0.17369,
1671607425299825920,-9.04950,-12.44108,-83.69348,0.56497,-0.79014,0.03301,-0.23537,-0.45444,-3.31353,-0.26748,
1671607425399919104,-9.41033,-12.35347,-83.69294,0.56654,-0.78847,0.03942,-0.23620,-7.21655,1.75209,-0.65436,
1671607425499888896,-9.80980,-12.32092,-83.69909,0.56809,-0.78684,0.04385,-0.23712,-7.98950,0.65104,-0.66377,
1671607425599984896,-9.93487,-12.33039,-83.70114,0.57033,-0.78555,0.04574,-0.23567,-2.50135,-0.18937,-0.67209,
1671607425699824896,-9.87143,-12.39427,-83.70232,0.57133,-0.78445,0.05047,-0.23596,1.26889,-1.27755,-0.67344,
1671607425799909120,-9.78371,-12.13948,-83.70189,0.57340,-0.78318,0.05347,-0.23448,1.75425,5.09570,-0.66433,
1671607425899986944,-9.68285,-12.13654,-83.70250,0.57397,-0.78232,0.06119,-0.23406,2.01726,0.05888,-0.67054,
1671607426000069120,-9.81920,-12.14437,-83.70125,0.57639,-0.78190,0.06467,-0.22852,-2.72691,-0.15659,-0.65512,
1671607426099917056,-10.45802,-12.02764,-83.70163,0.57719,-0.78061,0.07420,-0.22800,-12.77653,2.33461,-0.64947,
1671607426199884032,-10.86574,-11.84091,-83.69521,0.57766,-0.77805,0.08402,-0.23215,-8.15437,3.73449,-0.46707,
1671607426299994880,-11.57766,-11.99068,-83.69659,0.58172,-0.77646,0.08052,-0.22856,-14.23825,-2.99523,-0.21840,
1671607426399825920,-11.63097,-12.53189,-83.69513,0.58281,-0.77391,0.08642,-0.23224,-1.06634,-10.82430,-0.35371,
1671607426499918080,-11.42272,-12.76296,-83.69694,0.58189,-0.77280,0.09445,-0.23509,4.16506,-4.62137,-0.20231,
1671607426599896064,-11.13642,-12.59642,-83.69667,0.58560,-0.77301,0.09355,-0.22535,5.72606,3.33073,-0.31348,
1671607426699985920,-10.99310,-11.89725,-83.68653,0.58624,-0.77280,0.09607,-0.22331,2.86625,13.98352,-0.58845,
1671607426799832064,-11.28506,-11.41743,-83.69413,0.58640,-0.77213,0.09614,-0.22517,-5.83912,9.59639,-0.62130,
1671607426899923968,-11.13250,-10.71718,-83.69721,0.58747,-0.77051,0.09666,-0.22771,3.05129,14.00485,-0.63260,
1671607427000009984,-10.42153,-10.57699,-83.69240,0.58914,-0.76875,0.09938,-0.22817,14.21929,2.80393,-0.52259,
1671607427099992064,-9.76028,-11.03337,-83.69589,0.58926,-0.76501,0.11155,-0.23471,13.22501,-9.12756,-0.32313,
1671607427199838976,-9.74146,-11.25087,-83.69222,0.59316,-0.76358,0.11226,-0.22915,0.37639,-4.34998,-0.21337,
1671607427299922944,-9.90602,-12.03049,-83.69128,0.59366,-0.76220,0.12038,-0.22832,-3.29123,-15.59240,-0.59848,
1671607427399877120,-10.50771,-12.59479,-83.69507,0.59463,-0.76208,0.11954,-0.22663,-12.03383,-11.28599,-0.60477,
1671607427499952128,-10.99974,-12.49776,-83.68885,0.59448,-0.76075,0.12176,-0.23028,-9.84045,1.94051,-0.51394,
1671607427599776000,-10.60672,-12.37694,-83.69300,0.59764,-0.75943,0.12153,-0.22656,7.86034,2.41648,-0.57217,
1671607427699990016,-9.93301,-12.25884,-83.70139,0.59999,-0.75704,0.12929,-0.22401,13.47420,2.36180,-0.61766,
1671607427799823872,-10.04033,-11.85403,-83.69915,0.60247,-0.75485,0.13315,-0.22248,-2.14640,8.09640,-0.58641,
1671607427899915008,-10.78729,-11.55853,-83.69768,0.60315,-0.75175,0.13979,-0.22702,-14.93929,5.90984,-0.59311,
1671607428000122880,-11.01341,-11.76376,-83.69698,0.60555,-0.75099,0.13736,-0.22462,-4.52233,-4.10448,-0.41967,
1671607428099969024,-10.83078,-12.36427,-83.69109,0.60438,-0.74924,0.14312,-0.22998,3.65269,-12.01015,-0.29721,
1671607428199819008,-10.51877,-11.91199,-83.68764,0.60359,-0.74724,0.15106,-0.23344,6.24015,9.04554,-0.18577,
1671607428299918080,-9.97233,-11.95271,-83.68794,0.60691,-0.74681,0.14990,-0.22686,10.92873,-0.81453,-0.52936,
1671607428399887872,-10.35102,-11.35763,-83.69139,0.60819,-0.74506,0.15585,-0.22517,-7.57367,11.90159,-0.48865,
1671607428499977984,-10.27767,-10.46553,-83.69453,0.61037,-0.74441,0.16064,-0.21793,1.46689,17.84214,-0.37634,
1671607428599820032,-10.43314,-10.09989,-83.69061,0.61182,-0.74314,0.16903,-0.21178,-3.10937,7.31272,-0.54587,
1671607428699905024,-11.47451,-9.90136,-83.69617,0.61431,-0.74266,0.17137,-0.20422,-20.82746,3.97060,-0.52601,
1671607428799994880,-12.65685,-9.28694,-83.69313,0.61403,-0.74073,0.17501,-0.20896,-23.64670,12.28844,-0.54006,
1671607428899831040,-13.33328,-8.72390,-83.69292,0.61315,-0.73866,0.17656,-0.21739,-13.52858,11.26077,-0.34324,
1671607429000054016,-12.72566,-9.33793,-83.68940,0.61043,-0.73581,0.18252,-0.22942,12.15233,-12.28052,-0.55365,
1671607429099897088,-10.95046,-11.14661,-83.68890,0.61284,-0.73575,0.17677,-0.22771,35.50395,-36.17357,-0.17587,
1671607429199997952,-10.14484,-11.78338,-83.68787,0.61324,-0.73406,0.18069,-0.22901,16.11252,-12.73558,-0.32917,
1671607429299849984,-9.43200,-12.47577,-83.68946,0.61499,-0.73178,0.18626,-0.22715,14.25666,-13.84768,-0.55924,
1671607429399936000,-9.32441,-12.68927,-83.69199,0.61822,-0.72983,0.19023,-0.22129,2.15192,-4.27001,-0.54236,
1671607429499885056,-9.73390,-12.44301,-83.68834,0.61953,-0.72615,0.19931,-0.22173,-8.18985,4.92523,-0.25757,
1671607429599984896,-10.40914,-12.07960,-83.67941,0.62192,-0.72477,0.19995,-0.21896,-13.50471,7.26809,-0.42323,
1671607429699817984,-10.86783,-11.78289,-83.69131,0.62239,-0.72295,0.20287,-0.22098,-9.17390,5.93428,-0.52809,
1671607429799909120,-10.81542,-11.68484,-83.69390,0.62031,-0.72041,0.20834,-0.22981,1.04820,1.96095,-0.27131,
1671607429899875072,-10.35553,-11.63809,-83.69295,0.62017,-0.72100,0.20343,-0.23272,9.19774,0.93497,-0.30894,
1671607430000077056,-9.23900,-11.85041,-83.68723,0.61973,-0.71890,0.20723,-0.23702,22.33071,-4.24639,-0.51915,
1671607430099928064,-7.76381,-12.11011,-83.69143,0.61977,-0.71798,0.20906,-0.23811,29.50375,-5.19392,-0.53136,
1671607430199885056,-7.34565,-12.31859,-83.69141,0.62051,-0.71620,0.21192,-0.23899,8.36330,-4.16968,-0.36720,
1671607430299986944,-6.95150,-12.56144,-83.69284,0.62366,-0.71573,0.21138,-0.23260,7.88301,-4.85704,-0.53644,
1671607430399834880,-6.70918,-12.09632,-83.68722,0.62546,-0.71346,0.21696,-0.22955,4.84638,9.30248,-0.50002,
1671607430499922944,-7.00700,-11.45728,-83.69265,0.62718,-0.71169,0.22127,-0.22623,-5.95642,12.78083,-0.51833,
1671607430599885056,-7.53445,-10.86207,-83.69167,0.62753,-0.70942,0.22647,-0.22724,-10.54910,11.90428,-0.50666,
1671607430699980032,-7.90065,-10.83731,-83.68758,0.62832,-0.70830,0.22791,-0.22712,-7.32396,0.49509,-0.25634,
1671607430799795968,-7.91248,-11.14124,-83.69000,0.62729,-0.70605,0.23337,-0.23140,-0.23654,-6.07850,-0.51210,
1671607430899880960,-7.64284,-11.80305,-83.69272,0.62638,-0.70300,0.24135,-0.23492,5.39268,-13.23638,-0.25223,
1671607431000094976,-7.30822,-12.34870,-83.68884,0.62813,-0.70127,0.24443,-0.23222,6.69239,-10.91286,-0.50602,
1671607431099959040,-7.35882,-12.28801,-83.69037,0.63014,-0.69866,0.24874,-0.23006,-1.01199,1.21370,-0.49618,
1671607431199803904,-7.61912,-12.15267,-83.68752,0.63324,-0.69878,0.24641,-0.22359,-5.20583,2.70675,-0.19206,
1671607431299889920,-7.95176,-12.02383,-83.69051,0.63266,-0.69496,0.25428,-0.22830,-6.65279,2.57681,-0.22288,
1671607431399973888,-7.97089,-11.84972,-83.68680,0.63338,-0.69245,0.25894,-0.22868,-0.38274,3.48227,-0.48995,
1671607431499808000,-7.81745,-11.70333,-83.68599,0.63665,-0.69264,0.25719,-0.22088,3.06895,2.92790,-0.13789,
1671607431599884032,-7.91161,-11.64095,-83.68805,0.63506,-0.68683,0.27148,-0.22643,-1.88335,1.24760,-0.18167,
1671607431699980032,-8.30623,-11.96339,-83.68528,0.63712,-0.68634,0.27241,-0.22092,-7.89237,-6.44894,-0.21692,
1671607431799821056,-8.83024,-12.46467,-83.68935,0.63796,-0.68436,0.27622,-0.21993,-10.48010,-10.02549,-0.47799,
1671607431899905024,-9.29583,-12.67065,-83.69118,0.63782,-0.68101,0.28249,-0.22273,-9.31193,-4.11968,-0.17211,
1671607432000101120,-9.39891,-12.18452,-83.68580,0.63972,-0.67958,0.28389,-0.21988,-2.06159,9.72261,-0.45736,
1671607432099955968,-9.32651,-11.42931,-83.68985,0.64062,-0.67844,0.28561,-0.21852,1.44803,15.10423,-0.45765,
1671607432199808000,-9.37713,-11.28979,-83.69011,0.63991,-0.67819,0.28623,-0.22055,-1.01243,2.79047,-0.46289,
1671607432299884032,-9.17366,-11.06626,-83.68999,0.63941,-0.67619,0.28997,-0.22324,4.06947,4.47058,-0.46472,
1671607432399969024,-8.43774,-11.13425,-83.69242,0.63970,-0.67314,0.29715,-0.22218,14.71841,-1.35986,-0.48267,
1671607432499803904,-8.08128,-11.39097,-83.69079,0.64042,-0.66882,0.30651,-0.22045,7.12908,-5.13439,-0.45686,
1671607432599899904,-8.72595,-12.05676,-83.69112,0.64185,-0.66629,0.31196,-0.21627,-12.89333,-13.31578,-0.44634,
1671607432699988992,-9.68321,-12.54574,-83.68995,0.64351,-0.66447,0.31488,-0.21266,-19.14510,-9.77967,-0.44381,
1671607432799810048,-10.37332,-12.30588,-83.68916,0.64395,-0.66249,0.31779,-0.21316,-13.80236,4.79729,-0.44025,
1671607432899895040,-10.65065,-11.95037,-83.69195,0.64457,-0.66183,0.31820,-0.21274,-5.54660,7.11021,-0.39350,
1671607433000112896,-10.40195,-11.79632,-83.69373,0.64636,-0.66074,0.31866,-0.21000,4.97405,3.08086,-0.21704,
1671607433099971072,-10.00699,-12.01314,-83.68753,0.64913,-0.65610,0.32415,-0.20756,7.89914,-4.33642,-0.42495,
1671607433199822080,-9.96592,-12.27427,-83.68935,0.65169,-0.65136,0.33091,-0.20376,0.82144,-5.22242,-0.42599,
1671607433299911936,-10.69447,-12.14967,-83.69306,0.65287,-0.64625,0.34026,-0.20088,-14.57094,2.49189,-0.41235,
1671607433399892992,-11.68060,-12.07221,-83.69357,0.65126,-0.64136,0.34897,-0.20673,-19.72270,1.54924,-0.16598,
1671607433499973888,-12.70771,-12.18717,-83.68996,0.65113,-0.64255,0.34596,-0.20849,-20.54211,-2.29915,-0.27638,
1671607433599816960,-12.71733,-12.23474,-83.69009,0.65107,-0.64177,0.34681,-0.20967,-0.19235,-0.95137,-0.41860,
1671607433699905024,-11.57435,-12.33051,-83.69170,0.65163,-0.64096,0.34874,-0.20721,22.85960,-1.91554,-0.27077,
1671607433799997952,-10.99568,-12.58549,-83.68714,0.65329,-0.63964,0.35063,-0.20280,11.57345,-5.09963,-0.39377,
1671607433899847936,-11.14718,-13.00898,-83.68917,0.65375,-0.63777,0.35265,-0.20370,-3.02999,-8.46978,-0.33409,
1671607434000036096,-11.31143,-12.47394,-83.69770,0.65469,-0.63692,0.35238,-0.20382,-3.28511,10.70093,-0.42821,
1671607434099907072,-10.82667,-11.55376,-83.69115,0.65459,-0.63817,0.35190,-0.20107,9.69520,18.40343,-0.23449,
1671607434199994880,-10.30978,-11.16093,-83.68706,0.65223,-0.63324,0.36157,-0.20704,10.33782,7.85661,-0.17816,
1671607434299844096,-9.98817,-11.17871,-83.68690,0.65315,-0.63088,0.36657,-0.20253,6.43216,-0.35560,-0.39234,
1671607434399934976,-9.94309,-11.29148,-83.68859,0.65501,-0.62993,0.36844,-0.19598,0.90169,-2.25521,-0.17929,
1671607434499898112,-10.70705,-11.50320,-83.68945,0.65218,-0.62089,0.38397,-0.20426,-15.27928,-4.23445,-0.11646,
1671607434599975936,-11.27511,-11.82842,-83.68961,0.65397,-0.62129,0.38446,-0.19622,-11.36125,-6.50443,-0.11331,
1671607434699824128,-11.70826,-12.87093,-83.68956,0.65320,-0.61403,0.39323,-0.20413,-8.66287,-20.85019,-0.10641,
1671607434799916032,-12.30339,-13.45213,-83.68949,0.65698,-0.61625,0.38840,-0.19432,-11.90266,-11.62408,-0.13229,
1671607434899994880,-12.02001,-13.15162,-83.68963,0.65561,-0.60940,0.39758,-0.20183,5.66767,6.01028,-0.10191,
1671607435000073984,-12.12162,-12.85484,-83.68948,0.65832,-0.61187,0.39246,-0.19544,-2.03235,5.93553,-0.10327,
1671607435099927040,-11.85074,-12.58760,-83.68978,0.65587,-0.60488,0.40336,-0.20311,5.41757,5.34480,-0.12706,
1671607435199887872,-11.50431,-12.82689,-83.69035,0.65839,-0.60621,0.40139,-0.19475,6.92875,-4.78581,-0.12117,
1671607435299984896,-11.66501,-13.05807,-83.69040,0.65703,-0.59888,0.41187,-0.20003,-3.21411,-4.62351,-0.10549,
1671607435399817984,-11.75783,-13.05739,-83.68998,0.65939,-0.60192,0.40794,-0.19102,-1.85632,0.01364,-0.10818,
1671607435499912960,-11.77998,-12.93601,-83.68972,0.65680,-0.59635,0.41623,-0.19933,-0.44296,2.42749,-0.10948,
1671607435599878912,-11.71979,-12.78057,-83.68948,0.65921,-0.59909,0.41131,-0.19328,1.20376,3.10873,-0.10638,
1671607435699969024,-11.20944,-12.72761,-83.68937,0.65724,-0.59106,0.42131,-0.20293,10.20690,1.05921,-0.11965,
1671607435799801088,-10.72416,-12.82624,-83.68914,0.66010,-0.59137,0.42068,-0.19387,9.70559,-1.97244,-0.11062,
1671607435899905024,-10.56288,-13.24128,-83.68895,0.66046,-0.58269,0.43080,-0.19668,3.22563,-8.30097,-0.10381,
1671607436000112128,-11.18006,-13.35551,-83.68848,0.66422,-0.58552,0.42607,-0.18557,-12.34353,-2.28459,-0.11290,
1671607436099972096,-12.01591,-12.62134,-83.68847,0.66343,-0.57976,0.43302,-0.19033,-16.71698,14.68348,-0.10626,
1671607436199802112,-12.02471,-12.27796,-83.68619,0.66458,-0.57893,0.43274,-0.18950,-0.17597,6.86761,-0.20603,
1671607436299897088,-11.85854,-11.75308,-83.67221,0.66432,-0.57512,0.43679,-0.19268,3.32342,10.49761,-0.30745,
1671607436399973888,-11.44463,-11.69126,-83.68097,0.66510,-0.57399,0.43784,-0.19096,8.27805,1.23637,-0.31516,
1671607436499792896,-11.14264,-11.67005,-83.68059,0.66424,-0.56944,0.44328,-0.19502,6.03991,0.42427,-0.12932,
1671607436599878912,-10.96077,-11.46648,-83.68129,0.66641,-0.57302,0.43818,-0.18853,3.63728,4.07138,-0.11317,
1671607436699962112,-10.64561,-11.05927,-83.67539,0.66598,-0.57015,0.44112,-0.19185,6.30316,8.14415,-0.26603,
1671607436799811072,-10.18916,-10.68391,-83.68025,0.66690,-0.57123,0.44044,-0.18696,9.12917,7.50730,-0.14338,
1671607436899885056,-9.65240,-10.48381,-83.68576,0.66703,-0.57070,0.44277,-0.18258,10.73508,4.00201,-0.19745,
1671607437000100096,-9.57429,-10.60051,-83.68449,0.66441,-0.56018,0.45586,-0.19219,1.56232,-2.33400,-0.06610,
1671607437099941120,-9.88982,-10.84982,-83.68326,0.66716,-0.56234,0.45297,-0.18297,-6.31061,-4.98620,-0.08043,
1671607437199776000,-10.05260,-10.96710,-83.68419,0.66685,-0.55583,0.46063,-0.18488,-3.25565,-2.34574,-0.16360,
1671607437299992064,-10.30674,-11.11651,-83.67748,0.66621,-0.55067,0.46725,-0.18603,-5.08276,-2.98822,-0.16585,
1671607437399822080,-10.69858,-11.14535,-83.68201,0.66725,-0.55154,0.46623,-0.18227,-7.83681,-0.57677,-0.18617,
1671607437499909120,-10.90627,-10.96736,-83.67489,0.66686,-0.54897,0.46926,-0.18364,-4.15378,3.55981,-0.27497,
1671607437599993088,-10.64734,-10.88920,-83.68000,0.66706,-0.54686,0.47140,-0.18373,5.17861,1.56330,-0.28928,
1671607437699826944,-10.32144,-10.76146,-83.68579,0.66872,-0.54657,0.47136,-0.17860,6.51802,2.55473,-0.20943,
1671607437799906048,-10.14506,-10.56411,-83.68709,0.66824,-0.54104,0.47754,-0.18079,3.52758,3.94695,-0.21882,
1671607437899878912,-10.20332,-10.24646,-83.68841,0.66864,-0.53951,0.47959,-0.17842,-1.16534,6.35308,-0.21200,
1671607437999971072,-10.41555,-10.34418,-83.68221,0.66718,-0.53576,0.48583,-0.17831,-4.24452,-1.95435,-0.26787,
1671607438099958016,-10.55149,-10.90337,-83.68617,0.66432,-0.53088,0.49325,-0.18316,-2.71877,-11.18386,-0.20290,
1671607438199802880,-10.57967,-11.38500,-83.68740,0.66372,-0.53211,0.49259,-0.18358,-0.56356,-9.63263,-0.28450,
1671607438299885056,-10.35762,-12.02678,-83.68939,0.66105,-0.52867,0.49738,-0.19007,4.44097,-12.83564,-0.19697,
1671607438399965952,-9.49127,-12.27904,-83.68222,0.66055,-0.52729,0.49953,-0.19001,17.32694,-5.04526,-0.26832,
1671607438499796992,-8.77755,-12.73790,-83.68333,0.66165,-0.52757,0.49993,-0.18428,14.27433,-9.17701,-0.17864,
1671607438599879936,-8.49026,-12.75035,-83.68391,0.66184,-0.52219,0.50523,-0.18447,5.74590,-0.24903,-0.15502,
1671607438699963904,-8.73234,-12.69359,-83.67501,0.66463,-0.52004,0.50709,-0.17515,-4.84164,1.13509,-0.16822,
1671607438799815936,-9.31568,-12.31884,-83.67950,0.66497,-0.51296,0.51370,-0.17547,-11.66674,7.49508,-0.14675,
1671607438899895040,-10.22793,-11.99437,-83.67975,0.66549,-0.51339,0.51365,-0.17239,-18.24512,6.48930,-0.12463,
1671607439000108032,-10.66882,-11.65894,-83.68213,0.66259,-0.50759,0.52146,-0.17721,-8.81775,6.70867,-0.17938,
1671607439099960064,-10.28405,-12.01249,-83.68183,0.66309,-0.50637,0.52362,-0.17240,7.69539,-7.07107,-0.11328,
1671607439199798016,-10.36884,-12.38870,-83.67994,0.66151,-0.50057,0.53034,-0.17484,-1.69585,-7.52417,-0.16770,
1671607439299887104,-10.69229,-12.77269,-83.68017,0.66094,-0.49385,0.53628,-0.17796,-6.46893,-7.67977,-0.10791,
1671607439399966976,-10.88674,-13.05436,-83.68203,0.66229,-0.49521,0.53472,-0.17382,-3.88910,-5.63344,-0.14837,
1671607439499817984,-10.94361,-12.96888,-83.68126,0.66167,-0.48976,0.53892,-0.17860,-1.13722,1.70965,-0.11678,
1671607439599920896,-10.63801,-12.74985,-83.67949,0.66383,-0.48934,0.53764,-0.17557,6.11189,4.38062,-0.16798,
1671607439699895040,-10.30757,-12.57539,-83.68001,0.66527,-0.48852,0.53778,-0.17194,6.60881,3.48916,-0.18246,
1671607439799982080,-10.06179,-12.18736,-83.68422,0.66317,-0.48439,0.54319,-0.17470,4.91557,7.76054,-0.23696,
1671607439899824896,-10.03037,-12.01033,-83.67815,0.65996,-0.48215,0.54806,-0.17777,0.62847,3.54059,-0.21611,
1671607440000026112,-9.86324,-12.29684,-83.68452,0.65771,-0.48197,0.55112,-0.17715,3.34268,-5.73004,-0.23415,
1671607440099884032,-9.31034,-13.01800,-83.67830,0.65624,-0.48092,0.55441,-0.17517,11.05793,-14.42322,-0.21882,
1671607440199971072,-9.06820,-13.32722,-83.67885,0.65528,-0.47490,0.56038,-0.17624,4.84276,-6.18444,-0.11611,
1671607440299815936,-9.09765,-13.69320,-83.67646,0.65643,-0.47108,0.56238,-0.17582,-0.58889,-7.31966,-0.20700,
1671607440399912960,-9.42264,-13.72487,-83.67940,0.65770,-0.47044,0.56287,-0.17115,-6.49985,-0.63327,-0.18216,
1671607440499881984,-9.43447,-13.30282,-83.68254,0.65798,-0.46298,0.56903,-0.17006,-0.23671,8.44095,-0.17004,
1671607440599966976,-9.53573,-13.16342,-83.68438,0.65904,-0.45995,0.57171,-0.16509,-2.02518,2.78787,-0.17595,
1671607440699796992,-10.07517,-12.98219,-83.67843,0.65920,-0.45780,0.57448,-0.16077,-10.78870,3.62473,-0.15833,
1671607440799879936,-10.67048,-13.04187,-83.67872,0.65916,-0.45350,0.57762,-0.16187,-11.90632,-1.19362,-0.19228,
1671607440899973120,-11.01162,-13.18907,-83.67962,0.65854,-0.44929,0.58071,-0.16504,-6.82279,-2.94409,-0.13549,
1671607441000048128,-10.90872,-12.92444,-83.68138,0.65612,-0.45420,0.57894,-0.16743,2.05802,5.29271,-0.14979,
1671607441099891968,-9.66735,-12.83644,-83.68190,0.65419,-0.44887,0.58456,-0.16983,24.82736,1.75999,-0.16293,
1671607441199968000,-9.08928,-13.07178,-83.67962,0.65430,-0.44530,0.58894,-0.16354,11.56145,-4.70678,-0.15424,
1671607441299813888,-9.04650,-13.26272,-83.67237,0.65461,-0.44001,0.59366,-0.15950,0.85555,-3.81883,-0.17537,
1671607441399901952,-9.94227,-13.42120,-83.67982,0.65504,-0.43610,0.59730,-0.15483,-17.91534,-3.16961,-0.18790,
1671607441499998976,-10.79799,-13.32673,-83.68363,0.65482,-0.43079,0.60221,-0.15155,-17.11430,1.88942,-0.19605,
1671607441599835904,-11.37568,-13.20460,-83.68461,0.65269,-0.42607,0.60841,-0.14928,-11.55394,2.44257,-0.20585,
1671607441699937024,-12.09383,-13.37573,-83.68628,0.65046,-0.41874,0.61619,-0.14787,-14.36302,-3.42254,-0.21643,
1671607441799894016,-12.71396,-14.10993,-83.68297,0.64819,-0.41253,0.62325,-0.14569,-12.40245,-14.68401,-0.21035,
1671607441899969024,-13.54203,-14.85257,-83.68747,0.64772,-0.40422,0.62977,-0.14304,-16.56140,-14.85283,-0.19944,
1671607442000048896,-14.37309,-15.72403,-83.68250,0.65030,-0.40349,0.62793,-0.14145,-16.62121,-17.42926,-0.18416,
1671607442099908096,-15.32497,-15.58170,-83.68126,0.65310,-0.40260,0.62571,-0.14095,-19.03765,2.84661,-0.18019,
1671607442199994880,-14.98539,-14.99452,-83.68323,0.65377,-0.39873,0.62693,-0.14338,6.79162,11.74374,-0.18972,
1671607442299837952,-14.52387,-13.98646,-83.67953,0.65489,-0.39745,0.62686,-0.14211,9.23034,20.16105,-0.16000,
1671607442399939072,-14.10896,-13.53327,-83.67251,0.65455,-0.39617,0.62818,-0.14143,8.29819,9.06389,-0.11368,
1671607442499787008,-13.76500,-13.27119,-83.67592,0.65146,-0.39331,0.63161,-0.14825,6.87931,5.24167,-0.11162,
1671607442599994880,-13.46912,-13.28521,-83.67708,0.65093,-0.39822,0.62971,-0.14554,5.91754,-0.28052,-0.06434,
1671607442699835904,-12.43747,-13.48636,-83.67716,0.64988,-0.39389,0.63238,-0.15033,20.63296,-4.02287,-0.05375,
1671607442799927040,-11.53435,-13.30204,-83.67694,0.65057,-0.39905,0.62953,-0.14562,18.06242,3.68638,-0.05779,
1671607442899894016,-10.85554,-12.83456,-83.67676,0.64918,-0.39438,0.63268,-0.15084,13.57624,9.34962,-0.05013,
1671607443000089088,-10.19032,-12.33581,-83.67671,0.64976,-0.39604,0.63247,-0.14473,13.30445,9.97482,-0.04715,
1671607443099944960,-9.45932,-12.13119,-83.67641,0.64845,-0.38790,0.63788,-0.14886,14.61994,4.09242,-0.05737,
1671607443199781888,-9.61591,-11.95894,-83.67656,0.64989,-0.38927,0.63698,-0.14269,-3.13181,3.44511,-0.05904,
1671607443299994880,-9.65415,-11.99442,-83.67658,0.64781,-0.38215,0.64241,-0.14699,-0.76482,-0.70974,-0.07240,
1671607443399849984,-9.69382,-11.64598,-83.67706,0.64661,-0.38323,0.64385,-0.14316,-0.79345,6.96879,-0.07323,
1671607443499930112,-9.58334,-11.84775,-83.67608,0.64328,-0.37994,0.64903,-0.14354,2.20972,-4.03532,-0.13083,
1671607443599878912,-9.43251,-12.22792,-83.68072,0.64143,-0.37976,0.65107,-0.14302,3.01664,-7.60345,-0.13741,
1671607443699959040,-9.37025,-12.81958,-83.67716,0.63817,-0.38004,0.65280,-0.14886,1.24504,-11.83307,-0.12918,
1671607443799814912,-8.84007,-13.07376,-83.67814,0.63441,-0.37875,0.65490,-0.15868,10.60362,-5.08365,-0.08000,
1671607443899894016,-7.38768,-13.44953,-83.67894,0.63304,-0.38400,0.65308,-0.15900,29.04787,-7.51548,-0.09172,
1671607444000100096,-5.86016,-13.64319,-83.67625,0.63245,-0.38646,0.65133,-0.16258,30.55028,-3.87313,-0.12788,
1671607444099952128,-4.11580,-13.68334,-83.67778,0.63189,-0.38801,0.64884,-0.17080,34.88734,-0.80302,-0.08439,
1671607444199800064,-3.12816,-13.16906,-83.67585,0.63130,-0.39251,0.64498,-0.17720,19.75272,10.28566,-0.13016,
1671607444299888896,-1.15205,-12.33775,-83.67613,0.62986,-0.39723,0.64155,-0.18409,39.52231,16.62625,-0.15665,
1671607444399970048,1.02229,-11.80102,-83.67818,0.62844,-0.40406,0.63696,-0.18995,43.48682,10.73455,-0.08021,
1671607444499812096,3.25358,-11.36992,-83.67845,0.62393,-0.40570,0.63671,-0.20179,44.62572,8.62198,-0.08390,
1671607444599909120,5.60741,-11.21004,-83.67894,0.62016,-0.41583,0.63152,-0.20897,47.07650,3.19763,-0.07882,
1671607444699985920,8.11428,-11.31086,-83.67919,0.61464,-0.41972,0.62943,-0.22331,50.13743,-2.01653,-0.07666,
1671607444799832064,11.00747,-11.38100,-83.67958,0.61187,-0.43024,0.62275,-0.22952,57.86395,-1.40279,-0.09002,
1671607444899927040,14.00293,-11.21595,-83.68007,0.60782,-0.43263,0.62081,-0.24079,59.90912,3.30105,-0.07334,
1671607445000009984,16.88711,-10.80762,-83.67850,0.60610,-0.43757,0.61701,-0.24591,57.68356,8.16670,-0.09604,
1671607445099990016,19.83208,-10.23565,-83.67920,0.60601,-0.44343,0.61194,-0.24832,58.89943,11.43929,-0.08720,
1671607445199805952,20.98928,-9.89780,-83.64833,0.64738,-0.36923,0.66194,-0.08000,23.14395,6.75704,-0.00867,
1671607445299879936,22.58659,-9.41112,-83.34833,0.55983,-0.40027,0.72510,-0.02466,31.94615,9.73360,-0.16501,
1671607445399963904,23.82852,-9.40442,-83.16876,0.57591,-0.35688,0.73453,0.03782,24.83871,0.13402,-0.05743,
1671607445499793920,24.49348,-9.69985,-83.14087,0.62806,-0.30796,0.70939,0.08647,13.29924,-5.90858,-0.04081,
1671607445599988992,22.99748,-10.25974,-83.13857,0.62299,-0.28763,0.70956,0.16024,-29.92015,-11.19794,0.03685,
1671607445699826944,20.00758,-10.50578,-83.13732,0.66003,-0.27974,0.66894,0.19654,-59.79788,-4.92074,0.05822,
1671607445799912960,17.01341,-10.69273,-83.13814,0.68464,-0.28539,0.63910,0.20338,-59.88339,-3.73899,0.00296,
1671607445899880960,14.01676,-10.55094,-83.13859,0.68321,-0.30022,0.63827,0.18899,-59.93294,2.83589,-0.00461,
1671607446000086016,12.77959,-9.53262,-83.13870,0.63847,-0.33094,0.68038,0.14113,-24.74358,20.36634,-0.00624,
1671607446099944960,15.21044,-8.62784,-83.13742,0.61754,-0.27774,0.72578,0.12146,48.61702,18.09550,0.00515,
1671607446199785984,16.87536,-8.71369,-83.13746,0.61421,-0.25319,0.73434,0.13923,33.29847,-1.71688,0.00317,
1671607446299994880,18.43582,-9.10109,-83.13893,0.61698,-0.26196,0.72812,0.14334,31.20921,-7.74799,-0.00581,
1671607446399837952,19.22943,-9.14783,-83.14022,0.62496,-0.27016,0.71420,0.16237,15.87222,-0.93491,-0.02228,
1671607446499920896,19.10500,-9.44111,-83.14138,0.62740,-0.26560,0.71092,0.17442,-2.48860,-5.86561,-0.02684,
1671607446599889920,18.32288,-9.68919,-83.14080,0.62974,-0.26694,0.70562,0.18512,-15.64251,-4.96152,-0.01904,
1671607446699977984,17.49050,-9.16656,-83.14003,0.63293,-0.26887,0.70050,0.19080,-16.64761,10.45249,0.00436,
1671607446799813120,16.86404,-8.05520,-83.13813,0.62394,-0.26536,0.71113,0.18594,-12.52912,22.22731,0.01469,
1671607446899899904,16.22182,-7.26904,-83.13803,0.61155,-0.26252,0.72379,0.18227,-12.84433,15.72307,0.01545,
1671607447000113920,15.71121,-7.40899,-83.13728,0.60970,-0.24869,0.72717,0.19404,-10.21222,-2.79881,0.01879,
1671607447099950080,14.71607,-8.10810,-83.13829,0.61171,-0.23570,0.72846,0.19902,-19.90286,-13.98238,0.00794,
1671607447199779072,14.99061,-8.35773,-83.13800,0.61908,-0.22686,0.72616,0.19485,5.49086,-4.99248,0.00942,
1671607447299993088,14.67200,-8.67518,-83.13812,0.60686,-0.23232,0.73438,0.19602,-6.37230,-6.34911,0.00336,
1671607447399849984,14.36553,-8.73298,-83.13890,0.60445,-0.24015,0.73733,0.18252,-6.12926,-1.15583,-0.01941,
1671607447499924992,13.64945,-8.90223,-83.14016,0.61601,-0.25383,0.72549,0.17255,-14.32175,-3.38501,-0.01785,
1671607447599886080,14.39201,-8.89607,-83.13996,0.62130,-0.25847,0.71867,0.17520,14.85136,0.12319,-0.00703,
1671607447699983872,14.67194,-8.32970,-83.13943,0.61899,-0.25167,0.72260,0.17709,5.59856,11.32731,-0.00016,
1671607447799817984,14.31877,-7.56603,-83.13942,0.62051,-0.24983,0.72236,0.17536,-7.06352,15.27340,-0.00700,
1671607447899913984,13.38408,-7.45334,-83.13995,0.61809,-0.24906,0.72481,0.17489,-18.69365,2.25387,-0.00670,
1671607448000109056,13.08021,-7.84813,-83.14048,0.61581,-0.25094,0.72532,0.17809,-6.07748,-7.89581,-0.01256,
1671607448099970048,11.92960,-8.60643,-83.14064,0.60732,-0.25050,0.73287,0.17695,-23.01212,-15.16596,-0.01991,
1671607448199817984,11.41093,-8.92720,-83.14099,0.60433,-0.26176,0.73232,0.17313,-10.37341,-6.41550,-0.02757,
1671607448299908096,10.66953,-10.04207,-83.14277,0.60142,-0.25285,0.73901,0.16801,-14.82808,-22.29745,-0.03250,
1671607448399885056,11.09435,-10.88035,-83.14170,0.59950,-0.25520,0.73912,0.17081,8.49640,-16.76545,-0.02511,
1671607448499969024,10.16377,-11.38805,-83.14230,0.59565,-0.24629,0.74678,0.16393,-18.61157,-10.15410,-0.03721,
1671607448599815936,9.64985,-11.98679,-83.14343,0.59209,-0.24807,0.74908,0.16363,-10.27844,-11.97481,-0.05413,
1671607448699898880,8.75811,-13.20445,-83.14568,0.59046,-0.24246,0.75282,0.16073,-17.83480,-24.35320,-0.07591,
1671607448799998976,8.14970,-14.15465,-83.14686,0.58892,-0.24797,0.75119,0.16553,-12.16824,-19.00395,-0.08445,
1671607448899837952,7.30979,-14.72894,-83.14765,0.59057,-0.23726,0.75427,0.16128,-16.79806,-11.48578,-0.08292,
1671607449000048128,6.67001,-14.88808,-83.14664,0.59422,-0.23397,0.75315,0.15788,-12.79561,-3.18279,-0.07809,
1671607449099907072,5.26593,-14.78630,-83.14745,0.59948,-0.22895,0.75215,0.14994,-28.08172,2.03562,-0.08422,
1671607449199876096,5.14507,-14.36480,-83.14808,0.60165,-0.23681,0.74872,0.14613,-2.41722,8.42990,-0.09823,
1671607449299956992,5.33009,-13.74654,-83.15065,0.60522,-0.22948,0.74914,0.14086,3.70040,12.36514,-0.12486,
1671607449399793920,6.24557,-13.33091,-83.15139,0.60854,-0.22238,0.74928,0.13716,18.30970,8.31269,-0.12237,
1671607449499881984,5.79192,-12.91374,-83.15117,0.61051,-0.21757,0.74900,0.13763,-9.07311,8.34340,-0.11940,
1671607449599973120,5.20477,-12.27919,-83.15080,0.61040,-0.22236,0.74718,0.14034,-11.74298,12.69106,-0.12249,
1671607449699809024,4.25167,-11.85904,-83.15186,0.60965,-0.21920,0.74879,0.14000,-19.06196,8.40295,-0.13275,
1671607449799905024,3.93041,-11.57258,-83.15234,0.60657,-0.22348,0.74951,0.14266,-6.42517,5.72920,-0.13602,
1671607449899977984,3.08818,-11.74751,-83.15343,0.60463,-0.21816,0.75287,0.14152,-16.84454,-3.49869,-0.14621,
1671607450000066048,2.57404,-12.09223,-83.15366,0.60044,-0.22383,0.75377,0.14560,-10.28279,-6.89440,-0.14799,
1671607450099913984,1.14424,-12.70041,-83.15467,0.59804,-0.21974,0.75645,0.14778,-28.59608,-12.16342,-0.15283,
1671607450199891968,0.89708,-13.10979,-83.15441,0.59609,-0.22520,0.75584,0.15055,-4.94316,-8.18777,-0.15254,
1671607450299976960,-0.47782,-13.45680,-83.15519,0.59642,-0.21480,0.75951,0.14591,-27.49809,-6.94004,-0.16016,
1671607450399805952,-0.92540,-13.59013,-83.15461,0.59518,-0.21814,0.75914,0.14796,-8.95152,-2.66663,-0.15512,
1671607450499998976,-2.04215,-13.77253,-83.15489,0.59580,-0.20835,0.76261,0.14156,-22.33498,-3.64796,-0.15791,
1671607450599851008,-2.62991,-13.80211,-83.15457,0.59533,-0.21320,0.76143,0.14266,-11.75517,-0.59168,-0.15245,
1671607450699944960,-3.44621,-14.05193,-83.15503,0.59609,-0.20527,0.76401,0.13720,-16.32602,-4.99636,-0.16234,
1671607450799777024,-3.71018,-13.99174,-83.15482,0.59555,-0.20783,0.76356,0.13822,-5.27939,1.20374,-0.14579,
1671607450899963904,-4.45737,-14.04890,-83.15311,0.59618,-0.19720,0.76689,0.13252,-14.94396,-1.14317,-0.12875,
1671607451000041984,-5.10531,-14.08059,-83.15131,0.59708,-0.20287,0.76462,0.13300,-12.95877,-0.63384,-0.11765,
1671607451099898112,-6.28591,-14.25048,-83.15194,0.59809,-0.19996,0.76486,0.13152,-23.61198,-3.39784,-0.13408,
1671607451199998976,-6.03115,-13.96469,-83.15271,0.59989,-0.20604,0.76184,0.13146,5.09526,5.71594,-0.14177,
1671607451299848960,-6.77192,-13.76993,-83.15533,0.60240,-0.19463,0.76409,0.12408,-14.81542,3.89505,-0.16945,
1671607451399928064,-6.65306,-13.28082,-83.16429,0.60453,-0.20225,0.76058,0.12314,2.37721,9.78219,-0.19281,
1671607451499894016,-7.42884,-12.99989,-83.16884,0.60154,-0.18812,0.76741,0.11764,-15.51562,5.61859,-0.20507,
1671607451599988992,-8.02166,-12.87867,-83.17261,0.60090,-0.19116,0.76609,0.12445,-11.85634,2.42447,-0.24317,
1671607451699813120,-9.31046,-13.03371,-83.17413,0.60179,-0.18488,0.76627,0.12843,-25.77601,-3.10072,-0.28958,
1671607451799919104,-9.90040,-13.04553,-83.18105,0.60046,-0.19015,0.76598,0.12872,-11.79876,-0.23642,-0.28548,
1671607451899996928,-11.37435,-13.00896,-83.18035,0.60577,-0.17335,0.76557,0.12994,-29.47902,0.73132,-0.32167,
1671607452000068096,-11.88074,-13.12860,-83.18144,0.59828,-0.17397,0.77103,0.13155,-10.12783,-2.39271,-0.33645,
1671607452099938048,-12.93819,-13.21183,-83.18959,0.60093,-0.18366,0.76875,0.11906,-21.14897,-1.66468,-0.33403,
1671607452199898112,-13.27206,-13.19001,-83.18715,0.58934,-0.18266,0.77626,0.12936,-6.67742,0.43643,-0.35212,
1671607452299981056,-14.08409,-13.14027,-83.18694,0.59480,-0.17253,0.77483,0.12678,-16.24070,0.99485,-0.30589,
1671607452399823872,-14.62013,-12.93921,-83.18277,0.59592,-0.17908,0.77329,0.12177,-10.72080,4.02120,-0.26228,
1671607452499911936,-15.65466,-13.13913,-83.18471,0.59447,-0.16796,0.77655,0.12396,-20.69050,-3.99854,-0.35425,
1671607452599996928,-16.18547,-13.30042,-83.18897,0.57864,-0.17036,0.78736,0.12730,-10.61636,-3.22565,-0.42584,
1671607452699843072,-17.52301,-13.72302,-83.19420,0.57468,-0.16876,0.79140,0.12225,-26.75079,-8.45200,-0.44001,
1671607452799928064,-18.06639,-14.10924,-83.19361,0.58529,-0.17312,0.78294,0.12027,-10.86761,-7.72445,-0.29220,
1671607452899894016,-19.22788,-14.63745,-83.19662,0.59064,-0.16217,0.78154,0.11847,-23.22966,-10.56415,-0.40568,
1671607453000122112,-19.94085,-14.77517,-83.19562,0.58155,-0.16996,0.78680,0.11777,-14.25955,-2.75452,-0.37457,
1671607453099987968,-21.77788,-14.61963,-83.19090,0.58955,-0.14661,0.78479,0.12265,-36.74053,3.11078,-0.30801,
1671607453199826944,-22.34873,-14.53618,-83.18621,0.58930,-0.15131,0.78414,0.12229,-11.41689,1.66909,-0.21970,
1671607453299910912,-24.62011,-14.60984,-83.19161,0.58808,-0.13372,0.78778,0.12522,-45.42778,-1.47322,-0.39389,
1671607453399886080,-26.52486,-14.64608,-83.19529,0.58373,-0.13686,0.78989,0.12886,-38.09486,-0.72482,-0.19154,
1671607453499992064,-28.59565,-14.77130,-83.18838,0.57415,-0.14023,0.79805,0.11753,-41.41592,-2.50444,-0.20757,
1671607453599843072,-29.82462,-14.88972,-83.18243,0.57065,-0.14043,0.79987,0.12185,-24.57938,-2.36835,-0.19799,
1671607453699937024,-30.98516,-14.98933,-83.19869,0.58284,-0.13333,0.79331,0.11479,-23.21068,-1.99227,-0.64460,
1671607453799781120,-31.82211,-15.37365,-83.24205,0.58443,-0.12934,0.79302,0.11329,-16.73903,-7.68628,-0.52639,
1671607453899996928,-33.02480,-15.46688,-83.22555,0.58893,-0.10827,0.79040,0.12925,-24.05391,-1.86456,-0.36685,
1671607454000069888,-33.95044,-14.95364,-83.20596,0.58330,-0.13027,0.79539,0.10068,-18.51278,10.26463,-0.37791,
1671607454099920896,-35.74373,-14.68453,-83.19414,0.58368,-0.11241,0.79724,0.10526,-35.86580,5.38229,-0.44961,
1671607454199889920,-36.06759,-14.57891,-83.20003,0.58736,-0.11637,0.79247,0.11600,-6.47714,2.11241,-0.30762,
1671607454299973888,-37.26937,-14.50674,-83.22910,0.58455,-0.10863,0.79643,0.11045,-24.03552,1.44342,-0.80762,
1671607454399823872,-38.11235,-14.24281,-83.23712,0.60622,-0.10787,0.77877,0.11989,-16.85963,5.27865,-0.41708,
1671607454499909120,-39.52300,-13.70327,-83.21006,0.57980,-0.11715,0.80032,0.09798,-28.21302,10.79064,-0.33652,
1671607454599883008,-40.37420,-13.60071,-83.20350,0.56749,-0.11017,0.80629,0.12535,-17.02408,2.05121,-0.40244,
1671607454699965952,-41.59964,-13.90124,-83.20886,0.59525,-0.08916,0.78667,0.13740,-24.50878,-6.01051,-0.37868,
1671607454799809024,-42.51892,-14.13344,-83.20911,0.59393,-0.09023,0.78796,0.13503,-18.38555,-4.64396,-0.33978,
1671607454899900928,-43.43935,-14.30552,-83.19061,0.55377,-0.10401,0.81382,0.14220,-18.40855,-3.44174,-0.33645,
1671607455000104960,-44.17121,-14.20446,-83.21913,0.58245,-0.10978,0.79525,0.12761,-14.63730,2.02135,-0.47644,
1671607455099959040,-46.76047,-13.69555,-83.14246,0.58056,-0.10432,0.79688,0.13057,-51.78513,10.17817,-0.02204,
1671607455199790080,-47.45222,-13.84509,-83.14073,0.57842,-0.10296,0.79876,0.12970,-13.83501,-2.99082,-0.01303,
1671607455299877888,-48.81808,-13.87248,-83.13938,0.57788,-0.10331,0.79936,0.12807,-27.31716,-0.54781,-0.03950,
1671607455399974912,-49.17840,-13.91681,-83.13939,0.57854,-0.10543,0.79886,0.12647,-7.20658,-0.88653,-0.03528,
1671607455499819008,-49.23826,-13.72074,-83.13941,0.57894,-0.10442,0.79861,0.12709,-1.19713,3.92126,-0.03869,
1671607455599905024,-48.98017,-13.35329,-83.13940,0.57639,-0.10292,0.80065,0.12704,5.16190,7.34901,-0.03491,
1671607455699994880,-49.48161,-12.91647,-83.13941,0.57373,-0.09832,0.80275,0.12944,-10.02894,8.73651,-0.03220,
1671607455799852032,-50.14594,-13.11271,-83.13939,0.57219,-0.09433,0.80405,0.13118,-13.28661,-3.92495,-0.02741,
1671607455899938048,-51.38268,-13.21784,-83.13941,0.56987,-0.09122,0.80579,0.13277,-24.73467,-2.10255,-0.04179,
1671607456000014080,-52.40385,-13.08482,-83.13945,0.56887,-0.09024,0.80649,0.13345,-20.42350,2.66052,-0.03629,
1671607456099862016,-53.26708,-13.20307,-83.13946,0.56913,-0.08523,0.80630,0.13680,-17.26457,-2.36511,-0.02587,
1671607456199952896,-53.70996,-13.00570,-83.13944,0.56785,-0.08342,0.80729,0.13737,-8.85768,3.94746,-0.03115,
1671607456299790080,-55.04265,-12.48037,-83.13945,0.56624,-0.07872,0.80829,0.14086,-26.65377,10.50661,-0.02780,
1671607456399879936,-55.64203,-12.38897,-83.13943,0.56307,-0.07635,0.81055,0.14189,-11.98754,1.82793,-0.02913,
1671607456499977984,-57.00100,-12.25849,-83.13946,0.55761,-0.07267,0.81433,0.14374,-27.17939,2.60957,-0.03967,
1671607456599828992,-57.80671,-12.56295,-83.13949,0.55346,-0.07008,0.81727,0.14433,-16.11426,-6.08909,-0.04346,
1671607456699930112,-58.97554,-13.29331,-83.13952,0.54902,-0.06646,0.82030,0.14581,-23.37658,-14.60731,-0.05144,
1671607456799894016,-59.87177,-13.69039,-83.13955,0.54585,-0.06266,0.82250,0.14701,-17.92454,-7.94160,-0.04519,
1671607456899982080,-60.93693,-14.19707,-83.13953,0.54308,-0.05736,0.82428,0.14943,-21.30327,-10.13357,-0.04747,
1671607456999825920,-61.95013,-14.39995,-83.13953,0.54433,-0.05349,0.82377,0.14917,-20.26402,-4.05758,-0.04649,
1671607457099938048,-63.60697,-14.31913,-83.13953,0.54530,-0.04986,0.82317,0.15019,-33.13673,1.61645,-0.04966,
1671607457199777024,-64.03733,-13.74868,-83.13956,0.54528,-0.04985,0.82350,0.14843,-8.60711,11.40894,-0.05471,
1671607457299878912,-64.86068,-13.14861,-83.13957,0.54292,-0.04574,0.82507,0.14970,-16.46713,12.00131,-0.04723,
1671607457399979008,-65.02594,-12.85852,-83.13957,0.54069,-0.04299,0.82641,0.15118,-3.30526,5.80187,-0.05207,
1671607457499820032,-66.06321,-12.93467,-83.13959,0.53591,-0.03792,0.82936,0.15339,-20.74534,-1.52307,-0.05284,
1671607457599909888,-66.96125,-13.04857,-83.13961,0.53235,-0.03439,0.83173,0.15374,-17.96087,-2.27786,-0.06154,
1671607457699876096,-68.33713,-13.52106,-83.13964,0.53172,-0.02941,0.83182,0.15647,-27.51757,-9.44984,-0.06919,
1671607457799965952,-69.28852,-13.78498,-83.13964,0.53244,-0.02669,0.83138,0.15687,-19.02773,-5.27837,-0.06320,
1671607457899816960,-70.55507,-13.35059,-83.13969,0.53221,-0.02200,0.83113,0.15968,-25.33103,8.68782,-0.06346,
1671607458000030976,-71.21378,-12.73801,-83.13971,0.53106,-0.01778,0.83152,0.16198,-13.17409,12.25163,-0.05696,
1671607458099896064,-72.85201,-12.14656,-83.13966,0.52663,-0.01059,0.83379,0.16538,-32.76459,11.82882,-0.06233,
1671607458199988992,-73.53318,-12.05307,-83.13968,0.52385,-0.00821,0.83566,0.16491,-13.62341,1.86987,-0.06330,
1671607458299804928,-75.30450,-12.38533,-83.13970,0.52108,-0.00528,0.83733,0.16532,-35.42641,-6.64519,-0.07320,
1671607458399877120,-76.01487,-12.55928,-83.13973,0.51947,-0.00333,0.83831,0.16546,-14.20746,-3.47902,-0.06162,
1671607458499973120,-76.82314,-12.68456,-83.13972,0.51614,0.00174,0.83985,0.16807,-16.16532,-2.50557,-0.08054,
1671607458599823872,-77.43739,-12.53453,-83.13976,0.50834,0.00537,0.84416,0.17015,-12.28504,3.00066,-0.07917,
1671607458699909120,-78.95033,-12.80297,-83.13978,0.49813,0.00986,0.84957,0.17318,-30.25881,-5.36878,-0.08417,
1671607458799995904,-80.18630,-14.00009,-83.13979,0.48755,0.01021,0.85585,0.17239,-24.71951,-23.94243,-0.08284,
1671607458899834880,-81.62852,-15.54785,-83.13983,0.47399,0.01066,0.86370,0.17101,-28.84434,-30.95517,-0.09029,
1671607459000047104,-82.17985,-17.40375,-83.13985,0.46030,0.00938,0.87181,0.16730,-11.02660,-37.11811,-0.07915,
1671607459099908096,-82.94294,-20.30508,-83.13985,0.44723,0.01258,0.87832,0.16848,-15.26186,-58.02651,-0.07403,
1671607459199876096,-82.77675,-21.81371,-83.13986,0.43015,0.01184,0.88734,0.16572,3.32396,-30.17259,-0.05980,
1671607459299958016,-84.03349,-23.94286,-83.13986,0.41067,0.01420,0.89701,0.16284,-25.13492,-42.58303,-0.12223,
1671607459399820032,-84.53255,-26.90106,-83.13996,0.38952,0.02754,0.90594,0.16366,-9.98111,-59.16399,-0.09029,
1671607459499898880,-85.50444,-29.73926,-83.09156,0.46662,0.02267,0.87764,0.10723,-19.43794,-56.76413,-0.15098,
1671607459599975936,-87.67065,-31.81473,-83.09267,0.55995,0.02954,0.82693,0.04206,-43.32404,-41.50936,-0.02938,
1671607459699801088,-90.36538,-33.13322,-83.09262,0.57126,0.04428,0.81950,0.01108,-53.89468,-26.36975,-0.00454,
1671607459799905024,-93.22401,-34.04330,-83.09152,0.55392,0.05365,0.83081,-0.00751,-57.17256,-18.20161,0.02047,
1671607459899998976,-96.18224,-34.54214,-83.09154,0.51374,0.06046,0.85553,-0.02209,-59.16471,-9.97684,0.01490,
1671607460000104960,-99.15061,-34.10766,-83.09165,0.49233,0.05538,0.86818,-0.02843,-59.36741,8.68970,-0.00167,
1671607460099962880,-101.95697,-33.04729,-83.09170,0.49498,0.05132,0.86673,-0.03369,-56.12708,21.20733,-0.00898,
1671607460199798016,-103.89351,-32.73366,-83.09173,0.50064,0.01985,0.86494,-0.02902,-38.73090,6.27269,-0.00582,
1671607460299877888,-106.82519,-32.09703,-83.09182,0.50697,0.08553,0.85600,-0.05417,-58.63345,12.73256,-0.01294,
1671607460399970048,-108.96023,-31.39322,-83.09185,0.50824,0.09894,0.85191,-0.07847,-42.70085,14.07623,-0.00785,
1671607460499811072,-110.38570,-30.49883,-83.09186,0.51042,0.07247,0.85187,-0.09241,-28.50947,17.88768,-0.00627,
1671607460599902976,-111.39618,-30.22577,-83.09186,0.51183,0.04990,0.85068,-0.10897,-20.20958,5.46126,-0.00743,
1671607460699988992,-112.51466,-30.22595,-83.09183,0.50650,0.13958,0.83986,-0.13642,-22.36955,-0.00356,-0.00666,
1671607460799844096,-113.21915,-30.67155,-83.09178,0.50702,0.23625,0.81408,-0.15620,-14.08981,-8.91201,-0.00602,
1671607460899943936,-114.02353,-30.68860,-83.09188,0.49272,0.25949,0.80878,-0.18913,-16.08755,-0.34102,-0.00622,
1671607461000026880,-114.33363,-30.82732,-83.09185,0.51649,0.25384,0.80311,-0.15436,-6.20206,-2.77451,-0.01149,
1671607461099891968,-114.62703,-31.86816,-83.09186,0.49347,0.20766,0.82302,-0.18974,-5.86803,-20.81670,-0.00835,
1671607461199995904,-114.49663,-32.51063,-83.09186,0.49483,0.27419,0.79468,-0.22009,2.60800,-12.84938,-0.00543,
1671607461299836928,-113.45811,-34.12726,-83.09176,0.49623,0.20352,0.81240,-0.22879,20.77037,-32.33264,-0.01506,
1671607461399924992,-111.13729,-35.86631,-83.09188,0.49427,0.21786,0.80140,-0.25691,46.41634,-34.78106,-0.01989,
1671607461499876096,-108.89646,-36.78010,-83.09189,0.48986,0.19311,0.79862,-0.29147,44.81671,-18.27567,-0.00247,
1671607461599969024,-107.56620,-36.92709,-83.09180,0.51314,0.19687,0.80357,-0.22848,26.60513,-2.93990,-0.01039,
1671607461699809024,-108.08646,-35.98504,-83.09192,0.51386,0.22618,0.79648,-0.22451,-10.40513,18.84099,-0.00028,
1671607461799890944,-109.81772,-35.04119,-83.09192,0.49980,0.25360,0.79263,-0.24005,-34.62523,18.87714,0.00922,
1671607461899982080,-112.16859,-33.17747,-83.09190,0.47199,0.27633,0.78176,-0.29952,-47.01734,37.27425,0.01722,
1671607462000048128,-114.34664,-31.11445,-83.09190,0.48364,0.30750,0.78529,-0.23422,-43.56111,41.26051,0.01482,
1671607462099896064,-116.10833,-28.68619,-83.09189,0.47220,0.26546,0.80017,-0.25744,-35.23382,48.56519,0.01296,
1671607462199983104,-116.91343,-27.49272,-83.09190,0.47951,0.20620,0.80655,-0.27754,-16.10198,23.86930,0.00871,
1671607462299820032,-117.65556,-26.21546,-83.09193,0.45523,0.27465,0.79320,-0.29695,-14.84248,25.54533,0.01027,
1671607462399919104,-117.94793,-25.44029,-83.09193,0.45114,0.26541,0.78506,-0.33122,-5.84753,15.50329,0.01746,
1671607462499898112,-118.09814,-24.76975,-83.09195,0.42722,0.32103,0.76884,-0.35115,-3.00414,13.41085,-0.00774,
1671607462599988992,-117.84979,-24.57275,-83.09195,0.41443,0.34338,0.75878,-0.36687,4.96705,3.93997,-0.00732,
1671607462699825920,-117.72524,-24.21986,-83.09196,0.39761,0.39342,0.73638,-0.38062,2.49097,7.05775,-0.03168,
1671607462799921920,-118.12944,-23.49218,-83.09194,0.41145,0.40047,0.70867,-0.41004,-8.08393,14.55363,0.00247,
1671607462899891968,-118.47677,-20.51236,-83.09197,0.43357,0.43500,0.70325,-0.35810,-6.94677,59.59650,0.01635,
1671607463000099072,-117.70451,-17.61346,-83.09196,0.46078,0.45481,0.70040,-0.30044,15.44521,57.97797,-0.00897,
1671607463099940096,-116.62927,-14.81277,-83.09197,0.45575,0.38448,0.72930,-0.33554,21.50483,56.01377,-0.00266,
1671607463199782912,-115.08256,-14.16577,-83.09198,0.45717,0.35981,0.72678,-0.36513,30.93424,12.93994,-0.01513,
1671607463299883008,-114.22738,-17.04130,-83.09199,0.44509,0.40846,0.70233,-0.37656,17.10367,-57.51056,-0.02654,
1671607463399980032,-112.10606,-19.06559,-83.09199,0.44986,0.46730,0.66282,-0.37407,42.42640,-40.48567,-0.01881,
1671607463499809024,-110.63600,-20.75124,-83.08684,0.50341,0.45763,0.65116,-0.33636,29.40120,-33.71299,0.02344,
1671607463599897088,-109.04329,-20.54217,-83.09010,0.47672,0.49741,0.62423,-0.36832,31.85409,4.18131,-0.02099,
1671607463699988992,-107.95140,-19.78860,-83.09190,0.47759,0.50840,0.61157,-0.37339,21.83789,15.07145,-0.01803,
1671607463799809024,-106.74993,-18.88027,-83.09200,0.42637,0.51262,0.60841,-0.43041,24.02926,18.16645,-0.02137,
1671607463899902976,-105.63649,-17.01296,-83.09201,0.41588,0.48717,0.61558,-0.45910,22.26888,37.34635,-0.00949,
1671607464000113920,-104.31772,-17.22412,-83.09203,0.44148,0.48849,0.61793,-0.42970,26.37534,-4.22336,-0.01552,
1671607464099959040,-102.85826,-17.23969,-83.09220,0.43870,0.50485,0.59876,-0.44063,29.18921,-0.31136,-0.01313,
1671607464199799040,-102.29511,-17.75777,-83.09203,0.42646,0.47528,0.61140,-0.46736,11.26315,-10.36146,-0.01543,
1671607464299876096,-100.90499,-17.64225,-83.09203,0.42879,0.52151,0.56985,-0.46844,27.80225,2.31024,-0.01586,
1671607464399963904,-99.68540,-18.43514,-83.09204,0.47756,0.51781,0.55331,-0.44458,24.39179,-15.85773,-0.02251,
1671607464499804928,-98.01011,-18.64105,-83.09206,0.47729,0.51039,0.55560,-0.45056,33.50592,-4.11822,-0.01548,
1671607464599885056,-96.28189,-18.96541,-83.09207,0.50267,0.50702,0.53835,-0.44770,34.56435,-6.48709,-0.02808,
1671607464699968000,-94.29893,-18.52790,-83.09207,0.49554,0.50152,0.54459,-0.45425,39.65926,8.75020,-0.02118,
1671607464799812096,-92.59485,-18.59319,-83.09445,0.48971,0.50351,0.54336,-0.45980,34.08161,-1.30588,-0.03157,
1671607464899898112,-91.06704,-17.93008,-83.09237,0.48939,0.50346,0.53751,-0.46703,30.55616,13.26211,-0.02229,
1671607465000107008,-90.27648,-17.31873,-83.09211,0.46381,0.49902,0.54632,-0.48724,15.81121,12.22710,-0.02480,
1671607465099987968,-89.54908,-17.11504,-83.09208,0.47419,0.51456,0.51478,-0.49535,14.54789,4.07388,-0.01527,
1671607465199824896,-89.31854,-17.59495,-83.09210,0.46851,0.50919,0.52264,-0.49807,4.61084,-9.59829,-0.01060,
1671607465299915008,-88.27385,-17.19478,-83.09210,0.47144,0.51436,0.51191,-0.50113,20.89386,8.00339,-0.00469,
1671607465399887104,-87.64165,-17.01163,-83.09211,0.47091,0.51359,0.51313,-0.50116,12.64403,3.66300,-0.01197,
1671607465499972096,-86.76992,-16.22532,-83.09211,0.47826,0.51837,0.49872,-0.50382,17.43465,15.72623,-0.00864,
1671607465599803904,-86.31371,-15.72753,-83.09212,0.46138,0.51982,0.51002,-0.50675,9.12403,9.95574,-0.00334,
1671607465699881984,-85.53135,-14.75008,-83.09212,0.46621,0.52658,0.49670,-0.50858,15.64727,19.54911,-0.01012,
1671607465799969024,-85.12771,-14.25734,-83.09213,0.45477,0.52624,0.50502,-0.51109,8.07279,9.85470,-0.01810,
1671607465899812096,-84.61986,-13.30893,-83.09214,0.45736,0.52985,0.49513,-0.51472,10.15692,18.96813,-0.01710,
1671607466000040960,-84.28204,-12.74574,-83.09214,0.44306,0.52549,0.50563,-0.52143,6.75652,11.26392,-0.02435,
1671607466099900928,-83.39848,-11.43147,-83.09215,0.44373,0.52643,0.49910,-0.52618,17.67124,26.28531,-0.01572,
1671607466199877120,-83.35144,-11.44083,-83.09216,-0.43828,-0.52337,-0.50540,0.52780,0.94070,-0.18722,-0.00736,
1671607466299971072,-82.84674,-10.54688,-83.09216,0.44111,0.53733,0.48354,-0.53188,10.09397,17.87915,-0.00721,
1671607466399796992,-82.87660,-9.99741,-83.09217,-0.42542,-0.53505,-0.49498,0.53641,-0.59723,10.98942,-0.02443,
1671607466499887104,-82.63940,-8.78424,-83.09219,-0.43335,-0.53733,-0.47581,0.54506,4.74417,24.26328,-0.01645,
1671607466599977984,-82.67596,-8.35199,-83.09391,-0.42424,-0.53177,-0.48478,0.54976,-0.73137,8.64512,-0.03038,
1671607466699803904,-81.71344,-7.40747,-83.09259,-0.42412,-0.52786,-0.47335,0.56341,19.25055,18.89034,-0.01147,
1671607466799894016,-81.32081,-7.04158,-83.09361,-0.41816,-0.52740,-0.47197,0.56942,7.85257,7.31778,-0.02441,
1671607466899959040,-80.95241,-6.09031,-83.09605,-0.41545,-0.53600,-0.46537,0.56881,7.36790,19.02542,-0.04698,
1671607467000036096,-80.86104,-4.98178,-83.09707,-0.42077,-0.53862,-0.46629,0.56162,1.82754,22.17053,-0.05435,
1671607467099895040,-80.46381,-2.09015,-83.09841,-0.42936,-0.54116,-0.46174,0.55640,7.94441,57.83258,-0.06991,
1671607467199995904,-80.24502,-1.03044,-83.09893,-0.43617,-0.54278,-0.46026,0.55074,4.37586,21.19426,-0.03927,
1671607467299836928,-78.72801,1.28061,-83.10037,0.43243,0.55451,0.45055,-0.55003,30.34030,46.22096,-0.08511,
1671607467399920128,-77.65597,3.30520,-83.10192,0.43066,0.57407,0.43315,-0.54530,21.44083,40.49184,-0.06314,
1671607467499881984,-77.15052,5.70664,-83.10335,0.43054,0.58458,0.42766,-0.53853,10.10897,48.02878,-0.08887,
1671607467599962112,-76.55771,8.64749,-83.10391,0.42710,0.59022,0.43931,-0.52558,11.85621,58.81692,-0.08251,
1671607467699812096,-76.00950,11.59697,-83.10472,0.44080,0.58878,0.42912,-0.52430,10.96413,58.98973,-0.07815,
1671607467799902976,-77.12273,13.36057,-83.10783,0.41716,0.60629,0.45131,-0.50469,-22.26461,35.27197,-0.10120,
1671607467899982080,-77.98507,16.23396,-83.10868,0.39243,0.60967,0.44006,-0.52976,-17.24687,57.46778,-0.15150,
1671607468000062976,-79.60517,17.57942,-83.10976,0.39086,0.60235,0.44622,-0.53413,-32.40201,26.90925,-0.11693,
1671607468099918080,-81.45323,16.61324,-83.10936,0.35842,0.61835,0.44435,-0.54012,-36.96121,-19.32363,-0.14946,
1671607468199996928,-83.41311,14.98700,-83.11188,0.32080,0.63973,0.45598,-0.52907,-39.19744,-32.52477,-0.17361,
1671607468299837952,-85.14412,14.57126,-83.11899,0.31867,0.65013,0.43426,-0.53591,-34.62029,-8.31489,-0.18879,
1671607468399918080,-86.78913,15.18630,-83.13714,0.33687,0.65390,0.41269,-0.53724,-32.90027,12.30086,-0.48341,
1671607468499992064,-87.72636,17.55025,-83.13375,0.33891,0.65190,0.40381,-0.54507,-18.74446,47.27891,-0.33420,
1671607468599821056,-87.90292,19.93997,-83.13469,0.31104,0.68400,0.40769,-0.51884,-3.53124,47.79441,-0.20882,
1671607468699923968,-87.40158,22.89778,-83.14487,0.34773,0.67951,0.36504,-0.53301,10.02688,59.15625,-0.43201,
1671607468799894016,-87.20386,25.44773,-83.14454,0.30316,0.69492,0.37468,-0.53366,3.95423,50.99901,-0.25210,
1671607468899972096,-87.10464,27.79366,-83.13676,0.29116,0.70058,0.36612,-0.53886,1.98450,46.91862,-0.17570,
1671607468999811072,-87.44527,29.31054,-83.13584,0.29164,0.70812,0.35247,-0.53785,-6.81268,30.33765,-0.21378,
1671607469099927040,-87.55592,30.97008,-83.12382,0.26702,0.72177,0.34606,-0.53664,-2.21285,33.19076,-0.35768,
1671607469199894016,-87.71309,32.20275,-83.12307,0.26258,0.72424,0.32461,-0.54877,-3.14339,24.65339,-0.25063,
1671607469299982080,-87.30073,34.02853,-83.12153,0.23312,0.73745,0.33470,-0.53833,8.24719,36.51555,-0.28121,
1671607469399823104,-86.92100,35.59007,-83.09755,0.22807,0.74553,0.32526,-0.53515,7.59456,31.23089,-0.03002,
1671607469499918080,-85.97192,37.32861,-83.09246,0.22165,0.75484,0.31621,-0.53018,18.98147,34.77075,-0.04265,
1671607469599886080,-85.55379,39.09847,-83.09232,0.21301,0.76383,0.30914,-0.52500,8.36260,35.39717,-0.02628,
1671607469699966976,-85.42687,41.19599,-83.09229,0.20645,0.77028,0.30002,-0.52349,2.53849,41.95055,-0.03369,
1671607469799809024,-85.69397,42.92511,-83.09229,0.20070,0.77480,0.29044,-0.52445,-5.34198,34.58232,-0.02853,
1671607469899901952,-85.04536,44.19808,-83.09229,0.19669,0.77903,0.27796,-0.52646,12.97225,25.45946,-0.03622,
1671607469999984896,-83.91416,45.14477,-83.09230,0.19136,0.78155,0.26782,-0.52994,22.62391,18.93375,-0.04801,
1671607470099964928,-81.43845,46.56934,-83.09231,0.18735,0.78628,0.25473,-0.53083,49.51417,28.49144,-0.05183,
1671607470199792896,-80.66952,46.65943,-83.09231,0.18165,0.79108,0.24520,-0.53017,15.37855,1.80164,-0.02637,
1671607470299878912,-78.95362,47.97452,-83.09232,0.17404,0.79866,0.23684,-0.52512,34.31811,26.30189,-0.06584,
1671607470399959040,-78.14471,49.12488,-83.09233,0.16626,0.80620,0.22886,-0.51964,16.17822,23.00727,-0.04101,
1671607470499798016,-77.98004,50.89321,-83.09233,0.16138,0.81358,0.21628,-0.51504,3.29339,35.36654,-0.05738,
1671607470599905024,-77.90468,52.78099,-83.09234,0.15603,0.81915,0.20410,-0.51283,1.50714,37.75561,-0.05544,
1671607470699875072,-76.72866,54.89157,-83.09234,0.15119,0.82279,0.19115,-0.51345,23.52051,42.21154,-0.04779,
1671607470799944960,-75.46252,56.47587,-83.09235,0.14843,0.82449,0.17939,-0.51577,25.32276,31.68598,-0.03590,
1671607470899778048,-73.61608,57.52455,-83.09235,0.14359,0.82833,0.16940,-0.51435,36.92879,20.97362,-0.04932,
1671607471000112896,-71.75091,58.10848,-83.09236,0.13597,0.83331,0.16460,-0.50992,37.30338,11.67863,-0.04764,
1671607471099956992,-70.55953,59.80513,-83.09237,0.12804,0.83895,0.15884,-0.50452,23.82751,33.93307,-0.05372,
1671607471199801088,-70.89192,60.54217,-83.09237,0.11931,0.84384,0.15390,-0.50001,-6.64765,14.74070,-0.05473,
1671607471299891968,-71.01061,61.92718,-83.09238,0.11105,0.85026,0.14438,-0.49385,-2.37389,27.70024,-0.08218,
1671607471399974912,-71.20986,63.15972,-83.09239,0.10297,0.85523,0.13470,-0.48972,-3.98499,24.65078,-0.08233,
1671607471499811072,-70.65049,65.02423,-83.09240,0.09637,0.85933,0.12225,-0.48716,11.18751,37.29026,-0.08596,
1671607471599900928,-70.01560,66.51875,-83.09240,0.09014,0.86227,0.11026,-0.48601,12.69765,29.89039,-0.06857,
1671607471700000000,-68.61825,67.84933,-83.09241,0.08557,0.86505,0.09554,-0.48501,27.94708,26.61153,-0.08646,
1671607471799825920,-67.10613,68.85873,-83.09241,0.08063,0.86748,0.08235,-0.48393,30.24247,20.18814,-0.07008,
1671607471899916032,-64.97197,69.99726,-83.08187,0.04288,0.85748,0.03417,-0.51159,42.68315,22.77055,-0.01652,
1671607472000006912,-63.07310,71.01331,-83.08166,0.23243,0.74809,0.33905,-0.52094,37.97745,20.32094,-0.00187,
1671607472099992064,-60.45488,72.47787,-83.07753,-0.31940,-0.63746,-0.21512,0.66735,52.36435,29.29121,-0.00199,
1671607472199822080,-59.88961,72.87875,-83.06882,-0.34337,-0.64534,-0.22057,0.64574,11.30543,8.01758,-0.00648,
1671607472299911936,-58.47111,73.57883,-83.06846,0.12418,-0.67050,0.24166,0.69037,28.36998,14.00172,-0.00039,
1671607472399878912,-57.45696,74.25378,-83.06802,-0.09529,-0.60859,-0.05982,0.78547,20.28288,13.49883,-0.00010,
1671607472499962112,-55.93150,74.72874,-83.06431,0.22400,0.68880,0.05399,-0.68736,30.50928,9.49930,-0.03546,
1671607472599781888,-55.23710,74.84801,-83.06366,0.18779,-0.67156,0.23206,0.67815,13.88794,2.38532,-0.00028,
1671607472699990016,-55.74644,74.94831,-83.06328,0.58647,-0.36910,0.58614,0.41984,-10.18681,2.00611,-0.00016,
1671607472799823872,-55.71793,74.93218,-83.06301,0.10807,-0.60875,0.05351,0.78414,0.57031,-0.32261,-0.00005,
1671607472899921920,-53.31013,75.33941,-83.06260,-0.27599,0.64862,-0.31571,-0.63518,48.15603,8.14465,0.00012,
1671607473000019968,-50.43876,75.93537,-83.06242,-0.27320,-0.62747,-0.28105,0.67280,57.42728,11.91910,-0.00026,
1671607473099992064,-47.43876,75.93286,-83.06189,-0.26897,0.65554,-0.29261,-0.64211,59.99998,-0.05022,0.00018,
1671607473199835904,-46.55577,75.30419,-83.05912,0.19348,-0.64659,0.18967,0.71310,17.65990,-12.57344,0.00191,
1671607473299938048,-45.23965,74.29110,-83.05866,0.76044,0.01096,0.64733,-0.05070,26.32235,-20.26168,0.00030,
1671607473399799040,-44.65737,73.17073,-83.05762,0.72707,0.22383,0.62620,-0.17075,11.64560,-22.40743,-0.00250,
1671607473499898880,-43.48458,71.59085,-83.05739,0.13012,-0.61076,0.14916,0.76667,23.45588,-31.59756,-0.00020,
1671607473599998976,-42.01691,69.76418,-83.05710,0.74023,0.11249,0.64991,-0.13049,29.35329,-36.53355,-0.00001,
1671607473699836928,-39.38199,68.32988,-83.05539,0.71985,0.24853,0.60600,-0.22981,52.69839,-28.68588,-0.00038,
1671607473799920896,-36.55686,67.32062,-83.05471,-0.34579,-0.60592,-0.27926,0.65977,56.50269,-20.18529,0.00007,
1671607473899897088,-33.56282,67.13155,-83.05442,0.66752,0.25386,0.65379,-0.25005,59.88073,-3.78124,-0.00039,
1671607474000105984,-32.63483,67.10716,-83.05302,0.56574,0.40281,0.56316,-0.44781,18.55995,-0.48786,-0.00043,
1671607474099943936,-35.53953,66.35705,-83.05235,-0.01163,-0.66758,-0.06412,0.74168,-58.09417,-15.00225,-0.00015,
1671607474199791104,-38.51440,65.96951,-83.05217,-0.19090,-0.57372,-0.30815,0.73447,-59.49726,-7.75088,-0.00066,
1671607474299877888,-41.43672,65.29124,-83.03608,-0.21871,-0.56533,-0.30867,0.73300,-58.44641,-13.56528,-0.00749,
1671607474399973888,-43.22828,64.28804,-83.03476,-0.01030,-0.64219,-0.12441,0.75631,-35.83123,-20.06397,-0.00076,
1671607474499814912,-42.90056,63.50798,-83.03386,0.26357,-0.64191,0.14401,0.70551,6.55434,-15.60129,-0.00053,
1671607474599923968,-41.37221,63.22104,-83.03350,0.09015,-0.65328,0.01744,0.75153,30.56709,-5.73884,-0.00061,
1671607474699891968,-38.48533,63.10639,-83.03232,-0.15625,-0.61431,-0.16347,0.75597,57.73761,-2.29299,-0.00055,
1671607474799986944,-35.68934,62.90714,-83.02952,-0.25432,-0.58763,-0.23819,0.73026,55.91979,-3.98487,-0.00047,
1671607474899826944,-32.68938,62.89135,-83.02895,0.16834,-0.64835,0.13529,0.73007,59.99917,-0.31594,0.00016,
1671607475000033024,-31.02969,63.03711,-83.02826,-0.25761,-0.59103,-0.22760,0.72974,33.19376,2.91522,-0.00010,
1671607475099900928,-29.15942,62.67080,-83.01197,-0.20717,-0.62645,-0.22351,0.71742,37.40551,-7.32617,0.00678,
1671607475199990016,-29.06358,62.46024,-82.99626,-0.19540,-0.63503,-0.21572,0.71555,1.91673,-4.21110,0.00211,
1671607475299823104,-28.72032,62.49612,-82.99556,0.07280,-0.66632,0.03811,0.74112,6.86516,0.71743,-0.00012,
1671607475399907072,-28.60821,62.46608,-82.99372,0.14603,-0.65900,0.09566,0.73161,2.24219,-0.60066,-0.00144,
1671607475499977984,-27.62204,62.12024,-82.99154,0.10856,-0.67586,0.05143,0.72717,19.72333,-6.91694,-0.00396,
1671607475599823872,-27.17669,61.73616,-82.96167,0.08924,-0.66451,0.01123,0.74184,8.90716,-7.68151,-0.03259,
1671607475699916032,-26.11385,61.74669,-82.96168,-0.09249,-0.65462,-0.14180,0.73676,21.25676,0.21059,-0.00111,
1671607475799884032,-24.97400,61.93712,-82.96153,-0.18902,-0.63156,-0.22467,0.71758,22.79692,3.80858,-0.00271,
1671607475899983872,-23.71512,62.18983,-82.96134,0.08162,-0.67660,0.01654,0.73162,25.17762,5.05425,-0.00115,
1671607476000069888,-23.51061,62.28965,-82.96128,-0.20207,-0.63412,-0.24519,0.70494,4.09029,1.99644,-0.00111,
1671607476099918080,-22.70782,62.67982,-82.95975,-0.22143,-0.63067,-0.26472,0.69509,16.05571,7.80337,-0.00979,
1671607476199887872,-22.69468,62.92445,-82.93922,-0.23780,-0.62642,-0.28000,0.68750,0.26292,4.89249,-0.10107,
1671607476299969024,-21.74892,63.32051,-82.93951,-0.01219,-0.68699,-0.06537,0.72361,18.91504,7.92128,-0.00153,
1671607476399808000,-21.03532,63.77992,-82.94323,-0.02931,-0.68927,-0.07808,0.71969,14.27210,9.18813,-0.01834,
1671607476499891968,-19.46739,64.62208,-82.94377,-0.10654,-0.67975,-0.14774,0.71046,31.35865,16.84328,-0.00383,
1671607476599987968,-18.21284,65.37276,-82.94382,0.21779,-0.67591,0.16939,0.68339,25.09087,15.01368,-0.00081,
1671607476699824128,-16.86392,65.69861,-82.94372,-0.19176,-0.65857,-0.22557,0.69184,26.97845,6.51686,-0.00067,
1671607476799921920,-15.92798,65.89023,-82.94350,0.05553,-0.69485,0.01088,0.71693,18.71878,3.83236,-0.00126,
1671607476899891968,-14.90649,65.72954,-82.94390,-0.02381,-0.69080,-0.06523,0.71970,20.42978,-3.21370,-0.00431,
1671607477000097024,-14.30261,65.34639,-82.94265,-0.01893,-0.69167,-0.06010,0.71946,12.07759,-7.66307,-0.11472,
1671607477099945984,-13.02479,65.08834,-82.94731,-0.02803,-0.69309,-0.06917,0.71697,25.55640,-5.16092,-0.03664,
1671607477199794944,-12.81803,65.07240,-82.94834,0.02997,-0.69712,-0.00988,0.71625,4.13527,-0.31884,-0.00593,
1671607477299878912,-11.72371,65.14159,-82.94868,-0.09031,-0.68938,-0.11802,0.70899,21.88634,1.38375,-0.00409,
1671607477399980032,-10.65177,65.47586,-82.94902,-0.16037,-0.67540,-0.18660,0.69519,21.43892,6.68545,-0.00652,
1671607477499834880,-8.96380,65.99231,-82.94920,-0.10819,-0.68847,-0.14727,0.70186,33.75933,10.32893,-0.00857,
1671607477599941120,-8.33679,66.17689,-82.94923,-0.18812,-0.66631,-0.23473,0.68231,12.54027,3.69163,-0.00483,
1671607477699791872,-8.96419,66.69107,-82.94719,-0.18332,-0.66993,-0.22269,0.68410,-12.54804,10.28363,-0.02902,
1671607477799879936,-9.27195,66.98090,-82.94736,-0.08251,-0.69738,-0.11808,0.70208,-6.15527,5.79661,-0.00577,
1671607477899973120,-7.62642,66.99786,-82.94748,-0.15154,0.69537,-0.12516,-0.69125,32.91057,0.33929,-0.00221,
1671607478000048128,-6.08404,67.23586,-82.94827,-0.18543,0.68567,-0.16514,-0.68426,30.84773,4.75984,-0.01467,
1671607478099891968,-3.55678,67.23035,-82.94839,-0.06807,-0.70035,-0.07714,0.70635,50.54520,-0.11005,-0.00193,
1671607478199992064,-2.72880,67.00897,-82.95361,-0.07846,-0.70160,-0.08778,0.70278,16.55954,-4.42774,-0.04154,
1671607478299835904,-0.64621,66.85376,-82.95365,-0.16168,0.69239,-0.15619,-0.68561,41.65173,-3.10417,-0.00213,
1671607478399920128,0.17397,67.28939,-82.95342,0.04555,0.70929,0.05356,-0.70140,16.40363,8.71274,-0.00261,
1671607478499880960,1.26296,67.94210,-82.95697,0.03238,0.71238,0.03891,-0.69997,21.77993,13.05406,-0.09769,
1671607478599959040,1.96565,68.28104,-82.96299,0.02630,0.71183,0.03191,-0.70113,14.05370,6.77890,-0.06694,
1671607478699804928,2.68754,68.64013,-82.96631,-0.01937,-0.70590,-0.01906,0.70779,14.43773,7.18167,-0.10405,
1671607478799900928,3.31294,68.18829,-82.96679,-0.10346,0.70399,-0.09826,-0.69573,12.50807,-9.03662,-0.00545,
1671607478899994880,4.29209,67.84146,-82.96709,-0.03160,0.71443,-0.03342,-0.69819,19.58293,-6.93665,-0.00987,
1671607479000073984,4.90757,67.71316,-82.96737,0.24449,-0.66295,0.22817,0.66982,12.30959,-2.56595,-0.00356,
1671607479099924992,6.61154,67.54951,-82.96753,0.12915,-0.69457,0.12598,0.69643,34.07945,-3.27300,-0.00651,
1671607479199881984,6.64184,67.20455,-82.96771,0.19812,-0.68313,0.16497,0.68327,0.60608,-6.89937,-0.01226,
1671607479299966976,7.45675,66.87672,-82.96780,-0.11517,-0.68004,-0.12870,0.71254,16.29804,-6.55657,-0.00338,
1671607479399796992,7.98754,67.01574,-82.96772,0.03986,0.70852,0.03399,-0.70375,10.61600,2.78040,-0.01244,
1671607479499887104,9.09442,66.95804,-82.96788,-0.11160,0.71463,-0.06417,-0.68756,22.13741,-1.15402,-0.00865,
1671607479599973120,9.21535,66.72330,-82.96765,-0.01638,-0.67933,0.00496,0.73363,2.41878,-4.69466,-0.00710,
1671607479699804928,10.16619,66.57333,-82.96942,0.03819,-0.70576,0.04315,0.70611,19.01673,-2.99951,-0.02486,
1671607479799899904,11.01546,66.85949,-82.97000,-0.00298,-0.69601,0.01146,0.71793,16.98540,5.72327,-0.01816,
1671607479899979008,12.50869,67.08576,-82.97062,-0.02783,0.71635,-0.03762,-0.69617,29.86463,4.52546,-0.01563,
1671607480000055040,13.41433,66.62308,-82.97211,0.05747,-0.70126,0.06299,0.70778,18.11284,-9.25373,-0.02325,
1671607480099901952,14.80123,66.00040,-82.97606,0.03846,-0.70461,0.06167,0.70586,27.73794,-12.45353,-0.10905,
1671607480199991040,14.99107,65.67273,-82.97962,0.05405,-0.68472,0.06748,0.72366,3.79674,-6.55334,-0.08280,
1671607480299843072,16.05522,64.81313,-82.98473,-0.07373,0.72518,-0.06779,-0.68124,21.28308,-17.19217,-0.13265,
1671607480399922944,16.82730,64.46458,-82.99520,-0.06403,0.72471,-0.06618,-0.68287,15.44154,-6.97099,-0.35556,
1671607480499891968,17.62830,64.93035,-83.00280,-0.07078,0.72039,-0.08217,-0.68504,16.02007,9.31554,-0.30009,
1671607480599976960,18.34362,65.78335,-83.00168,0.05564,-0.70211,0.07244,0.70618,14.30640,17.05999,-0.02829,
1671607480699804928,19.53426,65.99115,-83.00094,-0.00601,0.72646,-0.02281,-0.68681,23.81273,4.15603,-0.01193,
1671607480799875072,20.41263,66.31335,-83.00103,-0.05445,0.71966,-0.06373,-0.68925,17.56737,6.44397,-0.01427,
1671607480899973888,21.29920,66.12440,-82.99878,-0.02490,0.72115,-0.03386,-0.69150,17.73156,-3.77904,-0.01940,
1671607481000066048,20.95012,66.11936,-82.99827,0.04443,-0.69646,0.06465,0.71330,-6.98173,-0.10081,-0.04469,
1671607481099928064,22.28443,66.44941,-82.97645,0.04386,-0.69425,0.06962,0.71502,26.68616,6.60093,-0.19350,
1671607481199880960,23.14727,65.78839,-82.98263,0.03715,-0.70236,0.06062,0.70826,17.25687,-13.22037,-0.26423,
1671607481299969024,24.72463,65.07385,-83.00901,-0.03033,0.72322,-0.06287,-0.68708,31.54723,-14.29072,-0.60080,
1671607481399817984,25.82978,64.94007,-82.98411,0.03122,-0.69194,0.05768,0.71897,22.10305,-2.67571,-0.24929,
1671607481499897088,26.31144,65.05164,-82.98894,-0.02816,0.72543,-0.04855,-0.68600,9.63308,2.23147,-0.34274,
1671607481599994880,26.36756,65.19593,-82.99599,0.03226,-0.70490,0.06444,0.70564,1.12235,2.88588,-0.23134,
1671607481699837952,27.38523,65.63148,-82.98044,0.02870,-0.69522,0.06126,0.71560,20.35356,8.71084,-0.23899,
1671607481799924992,28.25281,66.71363,-82.99609,0.01417,-0.70413,0.05627,0.70770,17.35150,21.64303,-0.42532,
1671607481899891968,29.18581,66.69235,-82.98782,-0.00782,0.70694,-0.05274,-0.70526,18.66009,-0.42546,-0.02528,
1671607482000107008,29.40206,66.88173,-82.98277,-0.01537,0.70874,-0.05737,-0.70297,4.32485,3.78751,-0.01518,
1671607482099954944,30.03933,67.36483,-82.96857,-0.01272,0.71218,-0.06058,-0.69926,12.74556,9.66203,-0.03763,
1671607482199784960,29.66353,67.38593,-82.96739,-0.00376,0.71494,-0.05435,-0.69706,-7.51615,0.42196,-0.01144,
1671607482299888896,30.56845,68.03740,-82.96525,-0.00232,0.71721,-0.06192,-0.69410,18.09850,13.02949,-0.05273,
1671607482399993088,31.12098,68.27611,-82.96538,-0.00692,0.72002,-0.07491,-0.68987,11.05049,4.77421,-0.01689,
1671607482499830016,32.44965,68.77801,-82.96379,-0.00663,0.72353,-0.07766,-0.68588,26.57352,10.03782,-0.04653,
1671607482599929088,33.44974,69.50301,-82.96444,-0.00729,0.72589,-0.07666,-0.68349,20.00170,14.50008,-0.05899,
1671607482699780096,33.95767,70.06995,-82.96496,-0.00218,0.72630,-0.07861,-0.68287,10.15873,11.33875,-0.04243,
1671607482799975936,33.97292,70.21025,-82.96441,0.00713,0.72658,-0.07814,-0.68259,0.30495,2.80609,-0.01889,
1671607482899820032,35.22848,70.08855,-82.96471,0.00365,0.72599,-0.09373,-0.68128,25.11122,-2.43397,-0.01007,
1671607483000026112,36.67646,69.93775,-82.96383,0.01105,0.72661,-0.09498,-0.68036,28.95956,-3.01596,-0.02261,
1671607483099877120,39.00593,70.12567,-82.96044,0.01042,0.72545,-0.10068,-0.68079,46.58948,3.75824,-0.02569,
1671607483199962880,39.62567,69.97469,-82.96153,0.01598,0.72651,-0.09560,-0.68029,12.39473,-3.01945,-0.02919,
1671607483299804928,40.53162,69.52108,-82.96330,0.01851,0.72867,-0.09825,-0.67753,18.11900,-9.07227,-0.08133,
1671607483399899904,40.82454,69.26710,-82.96612,0.01841,0.73170,-0.10155,-0.67376,5.85845,-5.07968,-0.07302,
1671607483499983872,41.69622,69.68786,-82.96613,0.01277,0.73126,-0.11434,-0.67232,17.43344,8.41520,-0.01959,
1671607483599830016,42.13468,70.22940,-82.96626,0.01972,0.73223,-0.11185,-0.67152,8.76925,10.83077,-0.03323,
1671607483699936000,43.17192,70.27444,-82.96579,0.02880,0.73375,-0.10821,-0.67012,20.74492,0.90087,-0.02070,
1671607483799776000,44.06272,70.14350,-82.96598,0.02585,0.73435,-0.11431,-0.66858,17.81597,-2.61886,-0.04560,
1671607483899981056,45.02102,70.04619,-82.96576,0.01817,0.73460,-0.12974,-0.66573,19.16585,-1.94622,-0.01547,
1671607484000075008,45.61843,70.09270,-82.96610,0.02694,0.73838,-0.12488,-0.66217,11.94835,0.93023,-0.02101,
1671607484099941888,47.14618,70.79625,-82.96117,0.03364,0.73893,-0.12689,-0.66087,30.55497,14.07116,-0.03810,
1671607484199785984,47.29372,70.83921,-82.96175,0.02324,0.73520,-0.13846,-0.66315,2.95072,0.85914,-0.02021,
1671607484299877120,48.64572,70.77185,-82.96249,0.03084,0.73648,-0.13183,-0.66277,27.04014,-1.34729,-0.03197,
1671607484399958016,48.92093,69.97196,-82.96259,0.03630,0.74028,-0.12989,-0.65863,5.50410,-15.99780,-0.05140,
1671607484499784960,49.31247,69.74385,-82.96128,0.03952,0.74307,-0.13520,-0.65422,7.83090,-4.56217,-0.07056,
1671607484599986944,49.98084,70.44234,-82.96199,0.03544,0.74377,-0.14516,-0.65152,13.36735,13.96989,-0.02689,
1671607484699828992,51.17846,71.13253,-82.96370,0.04171,0.74574,-0.14463,-0.64901,23.95245,13.80379,-0.05387,
1671607484799918080,51.88720,71.51383,-82.96410,0.04786,0.74852,-0.14072,-0.64624,14.17468,7.62605,-0.03334,
1671607484899889920,52.86208,71.67636,-82.96614,0.04628,0.74923,-0.14814,-0.64387,19.49772,3.25057,-0.06959,
1671607485000098048,53.41843,71.81644,-82.96638,0.04299,0.75010,-0.15721,-0.64092,11.12694,2.80147,-0.03847,
1671607485099943936,54.72548,72.24058,-82.96593,0.05120,0.75167,-0.15678,-0.63859,26.14106,8.48277,-0.04180,
1671607485199790080,55.02235,72.41342,-82.96562,0.05181,0.75210,-0.16784,-0.63521,5.93733,3.45691,-0.03384,
1671607485299883008,56.34970,72.52686,-82.95478,-0.05219,0.72076,-0.17383,-0.66901,26.54696,2.26874,-0.00256,
1671607485399975936,57.92565,73.03652,-82.91030,0.15298,-0.66123,0.14777,0.71940,31.51908,10.19316,-0.00679,
1671607485499814912,59.11112,72.42833,-82.71072,0.22632,-0.62869,0.08846,0.73872,23.70936,-12.16364,-0.02723,
1671607485599910912,59.57108,72.05771,-82.69438,0.24411,-0.62575,0.07241,0.73729,9.19926,-7.41244,-0.01867,
1671607485699879936,60.66785,72.23659,-82.66851,0.25321,-0.65258,0.06678,0.71103,21.93542,3.57747,-0.02819,
1671607485799952896,61.36640,72.60523,-82.66811,0.23063,-0.64424,0.06719,0.72612,13.97092,7.37284,-0.03205,
1671607485899789056,62.43780,72.89761,-82.66808,0.23586,-0.66428,0.07749,0.70505,21.42798,5.84774,-0.02585,
1671607486000003072,63.19382,72.84930,-82.66727,0.21993,-0.65961,0.07281,0.71502,15.12034,-0.96637,-0.01213,
1671607486099970048,64.98771,72.87640,-82.66731,0.21571,-0.67390,0.07652,0.70247,35.87794,0.54215,-0.02162,
1671607486199800064,65.27847,72.65235,-82.66732,0.20560,-0.67318,0.08495,0.70522,5.81508,-4.48099,-0.01972,
1671607486299904000,66.33071,72.52633,-82.66755,0.20007,-0.67386,0.09325,0.70512,21.04494,-2.52047,-0.02640,
1671607486399973888,67.51295,72.71892,-82.66702,0.19688,-0.67072,0.10007,0.70807,23.64472,3.85185,-0.00114,
1671607486499823104,69.30697,72.78760,-82.66640,0.19221,-0.67432,0.11507,0.70364,35.88042,1.37353,0.00080,
1671607486599920896,70.26803,72.91211,-82.66539,0.20349,-0.67038,0.10878,0.70523,19.22123,2.49026,0.00573,
1671607486699998976,71.03406,73.20490,-82.66595,0.20988,-0.67358,0.10276,0.70119,15.32064,5.85577,-0.01367,
1671607486799834112,70.70191,73.32459,-82.66833,0.21669,-0.68114,0.10467,0.69148,-6.64316,2.39376,-0.02851,
1671607486899937024,70.68737,73.03800,-82.66944,0.21915,-0.67958,0.10755,0.69179,-0.29079,-5.73180,-0.04203,
1671607487000020992,70.72331,73.54408,-82.66853,0.21679,-0.67648,0.10793,0.69551,0.71880,10.12154,-0.02448,
1671607487099891968,72.07170,74.03469,-82.66856,0.21294,-0.67820,0.11295,0.69422,26.96784,9.81233,-0.04187,
1671607487199972096,72.44866,73.86736,-82.67002,0.21260,-0.68078,0.11261,0.69185,7.53923,-3.34655,-0.04973,
1671607487299819008,73.49116,74.14141,-82.67003,0.21268,-0.68330,0.11647,0.68870,20.84995,5.48083,-0.03915,
1671607487399905024,74.19467,74.82869,-82.66889,0.21263,-0.68401,0.11640,0.68801,14.07029,13.74576,-0.02292,
1671607487499880960,75.07776,75.37141,-82.66784,-0.22039,0.68682,-0.11670,-0.68271,17.66170,10.85425,-0.01833,
1671607487599966976,75.17286,75.58141,-82.66782,0.22743,-0.68259,0.10682,0.68625,1.90196,4.19998,-0.03418,
1671607487699796992,74.66299,75.39187,-82.67020,0.22667,-0.68015,0.11578,0.68746,-10.19738,-3.79072,-0.05824,
1671607487799887872,73.91370,74.96475,-82.67146,0.22346,-0.67629,0.12616,0.69050,-14.98581,-8.54238,-0.06272,
1671607487899983872,75.52999,74.61326,-82.67280,0.21662,-0.67171,0.14046,0.69437,32.32583,-7.02978,-0.07125,
1671607488000055040,77.78426,74.43909,-82.67217,0.21276,-0.66988,0.14374,0.69665,45.08556,-3.48341,-0.06547,
1671607488099911936,80.78225,74.32926,-82.67252,0.20945,-0.67026,0.14340,0.69737,59.95978,-2.19662,-0.05011,
1671607488199887872,81.79400,74.26635,-82.67259,0.20877,-0.67224,0.13945,0.69646,20.23483,-1.25824,-0.03697,
1671607488299974912,82.84044,74.34586,-82.67358,0.21283,-0.67218,0.14197,0.69478,20.92883,1.59020,-0.08571,
1671607488399817984,83.12022,74.47036,-82.67405,0.21623,-0.67245,0.14015,0.69384,5.59557,2.49001,-0.09920,
1671607488499926016,83.64973,74.46009,-82.67628,0.22343,-0.67364,0.14624,0.68913,10.59036,-0.20535,-0.11317,
1671607488599898112,83.63289,74.33695,-82.67644,0.22411,-0.67644,0.14259,0.68693,-0.33678,-2.46280,-0.11094,
1671607488699974912,84.00695,74.77567,-82.67691,0.22885,-0.67553,0.14810,0.68509,7.48119,8.77443,-0.11434,
1671607488799816960,83.86273,75.09258,-82.67738,0.22588,-0.67488,0.14530,0.68731,-2.88456,6.33823,-0.12950,
1671607488899915008,84.49048,75.12737,-82.67896,0.22886,-0.67256,0.15375,0.68676,12.55512,0.69580,-0.14340,
1671607489000118016,85.24008,74.83442,-82.67921,0.22382,-0.67354,0.15164,0.68793,14.99196,-5.85912,-0.13979,
1671607489099969024,87.09120,74.90581,-82.67935,0.22084,-0.67293,0.15318,0.68916,37.02240,1.42785,-0.14058,
1671607489199800064,87.33741,74.88533,-82.67958,0.21506,-0.67417,0.14870,0.69075,4.92425,-0.40952,-0.12256,
1671607489299888896,88.48670,74.79409,-82.68124,0.21748,-0.67394,0.15528,0.68876,22.98569,-1.82486,-0.16918,
1671607489399981056,89.21365,74.78427,-82.68194,0.21223,-0.67652,0.15184,0.68864,14.53912,-0.19644,-0.17227,
1671607489499826944,90.26660,74.98389,-82.68222,0.21532,-0.67513,0.15858,0.68753,21.05903,3.99232,-0.17205,
1671607489599917056,90.96274,75.30142,-82.68270,0.21162,-0.67584,0.15609,0.68855,13.92274,6.35077,-0.17382,
1671607489699888128,91.97302,75.32384,-82.68291,0.21387,-0.67533,0.16211,0.68696,20.20564,0.44841,-0.18307,
1671607489799981056,92.69484,75.27232,-82.68305,0.21070,-0.67769,0.16055,0.68597,14.43631,-1.03056,-0.17810,
1671607489899823104,93.76120,75.43095,-82.68326,0.21220,-0.67795,0.16600,0.68395,21.32722,3.17274,-0.17970,
1671607490000025088,94.39917,75.82459,-82.68328,0.20816,-0.67978,0.16442,0.68377,12.75946,7.87264,-0.17911,
1671607490099888896,95.78778,76.25780,-82.68391,0.21070,-0.67857,0.17200,0.68233,27.77224,8.66423,-0.18866,
1671607490199973888,96.10322,76.38488,-82.68426,0.20490,-0.67968,0.16740,0.68412,6.30876,2.54169,-0.19819,
1671607490299812096,97.28495,76.49904,-82.68902,0.21107,-0.67790,0.17361,0.68246,23.63464,2.28326,-0.20536,
1671607490399906048,98.06157,76.47303,-82.69042,0.20572,-0.67549,0.17063,0.68723,15.53226,-0.52025,-0.20807,
1671607490499878912,99.37179,76.61802,-82.68734,0.20240,-0.68026,0.17907,0.68133,26.20435,2.89971,-0.22782,
1671607490599961088,100.28294,76.66899,-82.68967,0.19704,-0.68182,0.17574,0.68222,18.22309,1.01953,-0.20059,
1671607490699800064,101.64860,77.02536,-82.69113,0.19983,-0.67997,0.18149,0.68174,27.31318,7.12735,-0.23332,
1671607490799905024,102.37530,77.33245,-82.69257,0.19708,-0.67842,0.17857,0.68485,14.53396,6.14176,-0.23554,
1671607490899996928,103.40228,77.35496,-82.69324,-0.20161,0.68473,-0.18468,-0.67557,20.53970,0.45029,-0.27827,
1671607491000072960,104.05423,77.44598,-82.69497,-0.19635,0.68432,-0.18615,-0.67713,13.03892,1.82041,-0.30144,
1671607491099937024,105.41874,77.89765,-82.69701,-0.19936,0.68319,-0.19084,-0.67608,27.29017,9.03328,-0.31809,
1671607491199887872,105.64281,78.04787,-82.69727,-0.19075,0.69092,-0.18882,-0.67126,4.48144,3.00435,-0.31917,
1671607491299984896,106.63493,78.22255,-82.70333,0.20451,-0.67786,0.18341,0.68194,19.84245,3.49365,-0.33241,
1671607491399821056,107.17321,78.24477,-82.70603,0.19282,-0.67838,0.18370,0.68474,10.76549,0.44436,-0.35149,
1671607491499908096,108.08715,78.22273,-82.69893,-0.19877,0.69843,-0.18107,-0.66325,18.27886,-0.44067,-0.35188,
1671607491599991040,108.60398,78.13335,-82.69856,-0.19304,0.69337,-0.17989,-0.67053,10.33666,-1.78757,-0.31621,
1671607491699837952,109.47286,77.98498,-82.70883,-0.20074,0.68696,-0.18426,-0.67368,17.37750,-2.96739,-0.40640,
1671607491799919104,110.02847,77.80616,-82.70112,-0.19472,0.68449,-0.18949,-0.67650,11.11229,-3.57654,-0.22983,
1671607491899997952,111.00819,77.71208,-82.70385,-0.19368,0.68135,-0.19430,-0.67860,19.59437,-1.88149,-0.38717,
1671607492000080896,111.93273,77.75753,-82.70560,-0.18974,0.68504,-0.19218,-0.67659,18.49079,0.90900,-0.38769,
1671607492099941888,113.82975,77.77479,-82.70536,0.19169,-0.67476,0.19568,0.68532,37.94040,0.34513,-0.34919,
1671607492199891968,114.10471,77.76988,-82.71154,0.19163,-0.67258,0.18727,0.68982,5.49913,-0.09823,-0.33732,
1671607492299968000,115.12421,77.57502,-82.70971,-0.18947,0.69564,-0.19973,-0.66355,20.39009,-3.89708,-0.49856,
1671607492399794944,115.52003,77.53483,-82.70713,-0.19264,0.68579,-0.19759,-0.67346,7.91647,-0.80388,-0.26591,
1671607492499889920,116.34290,77.70682,-82.70135,0.20275,-0.65828,0.20026,0.69675,16.45742,3.43974,-0.33891,
1671607492599974912,116.62828,77.83812,-82.71097,0.19503,-0.67950,0.19040,0.68117,5.70758,2.62607,-0.43938,
1671607492699798016,116.32260,77.78987,-82.71892,-0.19770,0.70064,-0.19119,-0.65838,-6.11368,-0.96502,-0.56176,
1671607492799887104,116.13969,77.70303,-82.71116,-0.19138,0.68567,-0.20554,-0.67156,-3.65811,-1.73682,-0.43737,
1671607492899973120,117.97017,77.80352,-82.72021,0.19766,-0.66758,0.20288,0.68855,36.60956,2.00979,-0.58803,
1671607493000046080,120.54148,78.01847,-82.71614,0.17698,-0.68035,0.20027,0.68242,51.42608,4.29904,-0.25116,
1671607493099889920,123.23826,78.32184,-82.70732,0.16651,-0.68038,0.20025,0.68502,53.93575,6.06740,-0.15839,
1671607493199964928,123.56511,78.30873,-82.69872,0.16255,-0.66849,0.20454,0.69632,6.53701,-0.26209,-0.12915,
1671607493299794944,124.59496,78.22654,-82.69422,-0.17020,0.69718,-0.19541,-0.66841,20.59691,-1.64394,-0.23805,
1671607493399887872,125.18047,78.26749,-82.69919,-0.16376,0.69504,-0.19427,-0.67257,11.71015,0.81906,-0.39255,
1671607493499983104,125.93461,78.29778,-82.71000,0.16703,-0.68047,0.20305,0.68399,15.08292,0.60574,-0.38845,
1671607493599810048,125.99482,78.40337,-82.69893,0.16578,-0.66529,0.20904,0.69728,1.20409,2.11186,-0.28105,
1671607493699896064,126.58878,78.46861,-82.70053,-0.17054,0.69872,-0.20457,-0.66397,11.87929,1.30475,-0.35161,
1671607493799980032,127.15764,78.43669,-82.69532,-0.17335,0.69763,-0.20008,-0.66576,11.37725,-0.63835,-0.27345,
1671607493899813120,128.07382,78.45106,-82.70708,0.16008,-0.67024,0.21291,0.69269,18.32353,0.28747,-0.34316,
1671607494000023040,128.72019,78.41255,-82.70435,0.16163,-0.66591,0.20946,0.69754,12.92744,-0.77028,-0.28371,
1671607494099876096,130.26914,78.47627,-82.71751,0.14769,-0.66481,0.22152,0.69796,30.97892,1.27442,-0.52503,
1671607494199945984,130.56158,78.57032,-82.73068,0.16096,-0.68088,0.20010,0.68590,5.84885,1.88108,-0.52866,
1671607494299796992,131.74146,78.60582,-82.73511,0.15744,-0.67170,0.22003,0.68965,23.59763,0.70991,-0.63931,
1671607494399877888,132.29871,78.56183,-82.72879,-0.15629,0.68530,-0.21925,-0.67666,11.14504,-0.87975,-0.32918,
1671607494499955968,133.07678,78.73548,-82.71294,-0.16533,0.68289,-0.21234,-0.67914,15.56139,3.47296,-0.33631,
1671607494599789056,133.41426,78.95765,-82.70056,-0.16258,0.68573,-0.20882,-0.67804,6.74946,4.44348,-0.31878,
1671607494699879936,134.16272,79.11513,-82.70026,-0.15871,0.69900,-0.21067,-0.66470,14.96924,3.14945,-0.31902,
1671607494799976960,134.61917,79.31074,-82.69325,-0.16420,0.70561,-0.20576,-0.65789,9.12904,3.91230,-0.24339,
1671607494899821056,135.54896,79.60751,-82.70639,0.15505,-0.67660,0.22092,0.68511,18.59575,5.93535,-0.35772,
1671607495000037120,136.04972,79.99711,-82.70271,-0.16228,0.70735,-0.20451,-0.65688,10.01518,7.79207,-0.26576,
1671607495099884032,137.49618,80.08528,-82.70104,-0.16282,0.70926,-0.21039,-0.65282,28.92920,1.76336,-0.25131,
1671607495199973120,137.82366,80.04307,-82.69717,-0.16063,0.70546,-0.21148,-0.65712,6.54957,-0.84419,-0.29087,
1671607495299804928,139.08047,80.07931,-82.68247,-0.15546,0.70695,-0.21149,-0.65676,25.13618,0.72476,-0.00920,
1671607495399905024,139.67301,80.01561,-82.66569,-0.15327,0.70888,-0.21272,-0.65479,11.85081,-1.27401,-0.02273,
1671607495499979008,140.46358,80.12959,-82.66571,-0.14975,0.70957,-0.21656,-0.65360,15.81144,2.27952,-0.02788,
1671607495599830016,141.00075,80.37070,-82.66574,-0.14676,0.70986,-0.21984,-0.65286,10.74352,4.82227,-0.02261,
1671607495699919872,142.07339,80.48241,-82.66573,-0.14310,0.71025,-0.22359,-0.65198,21.45275,2.23431,-0.02304,
1671607495799891968,142.98702,80.53140,-82.66574,-0.14074,0.71180,-0.22622,-0.64989,18.27262,0.97976,-0.02917,
1671607495899980032,144.02473,80.64719,-82.66571,-0.13715,0.71192,-0.23083,-0.64891,20.75407,2.31583,-0.02903,
1671607496000055040,144.75649,80.99010,-82.66574,-0.13540,0.71256,-0.23350,-0.64761,14.63523,6.85805,-0.02753,
1671607496099919104,146.32978,81.13103,-82.66571,-0.13191,0.71343,-0.23791,-0.64577,31.46576,2.81860,-0.02967,
1671607496199993088,146.53501,81.20543,-82.66571,-0.12937,0.71481,-0.24032,-0.64387,4.10470,1.48810,-0.03143,
1671607496299826944,147.61218,81.48666,-82.66571,-0.12645,0.71538,-0.24385,-0.64248,21.54334,5.62456,-0.03396,
1671607496399915008,148.27683,81.75297,-82.66571,-0.12521,0.71651,-0.24580,-0.64072,13.29299,5.32617,-0.03506,
1671607496499895040,149.20244,81.92313,-82.66572,-0.12250,0.71639,-0.24985,-0.63981,18.51221,3.40324,-0.03549,
1671607496599976960,149.75500,82.07145,-82.66572,-0.12054,0.71719,-0.25311,-0.63800,11.05129,2.96632,-0.03875,
1671607496699825920,150.73468,82.11165,-82.66572,-0.11795,0.71672,-0.25813,-0.63700,19.59350,0.80406,-0.03801,
1671607496799920896,151.51952,82.26289,-82.66572,-0.11557,0.71746,-0.26082,-0.63550,15.69689,3.02488,-0.03776,
1671607496899886080,152.62220,82.32377,-82.66572,-0.11270,0.71762,-0.26456,-0.63429,22.05356,1.21744,-0.03985,
1671607497000098048,153.34140,82.51047,-82.66573,-0.11135,0.71833,-0.26702,-0.63270,14.38411,3.73419,-0.04610,
1671607497099938048,154.68871,82.68340,-82.66573,-0.10890,0.71803,-0.27166,-0.63148,26.94618,3.45846,-0.04645,
1671607497199777024,154.85225,82.64782,-82.66571,-0.10845,0.71873,-0.27431,-0.62962,3.27068,-0.71154,-0.04999,
1671607497299981056,155.88871,82.73174,-82.66571,-0.10742,0.71801,-0.27799,-0.62901,20.72918,1.67847,-0.05288,
1671607497399823104,156.41443,82.68884,-82.66570,-0.10628,0.71729,-0.28143,-0.62849,10.51444,-0.85808,-0.04913,
1671607497499919104,157.27787,82.51303,-82.66570,-0.10845,0.71842,-0.28075,-0.62713,17.26889,-3.51616,-0.05729,
1671607497599994880,157.91280,82.25889,-82.66570,-0.11023,0.72107,-0.27988,-0.62417,12.69856,-5.08293,-0.05743,
1671607497699845888,157.78494,82.08622,-82.66570,-0.10668,0.72031,-0.28484,-0.62341,-2.55719,-3.45324,-0.05208,
1671607497799937024,157.64853,82.26245,-82.66574,-0.10206,0.71756,-0.29180,-0.62414,-2.72830,3.52447,-0.05474,
1671607497899776000,158.94704,82.25973,-82.66571,-0.09709,0.71543,-0.29925,-0.62385,25.97032,-0.05443,-0.06148,
1671607498000098048,160.65129,82.03785,-82.66571,-0.09402,0.71506,-0.30477,-0.62207,34.08488,-4.43754,-0.06536,
1671607498099944960,163.01168,82.15325,-82.66571,-0.09275,0.71297,-0.31057,-0.62179,47.20796,2.30806,-0.06182,
1671607498199785984,163.68391,82.17315,-82.66571,-0.09314,0.71247,-0.31331,-0.62093,13.44457,0.39790,-0.04387,
1671607498299983104,164.82746,81.88654,-82.66570,-0.09260,0.71164,-0.31678,-0.62019,22.87102,-5.73216,-0.06972,
1671607498399817984,165.35648,81.62855,-82.66571,-0.09202,0.71040,-0.31944,-0.62035,10.58023,-5.15984,-0.07185,
1671607498499891968,166.21173,81.37576,-82.66572,-0.08932,0.70801,-0.32387,-0.62116,17.10516,-5.05576,-0.07574,
1671607498599980032,166.95976,80.96764,-82.66572,-0.08785,0.70783,-0.32621,-0.62036,14.96047,-8.16245,-0.07776,
1671607498699810048,168.15789,80.53969,-82.66572,-0.08454,0.70828,-0.32953,-0.61855,23.96261,-8.55884,-0.07665,
1671607498799887104,168.79341,80.47954,-82.66572,-0.08212,0.70958,-0.33142,-0.61637,12.71039,-1.20312,-0.08078,
1671607498899965952,169.69012,80.72193,-82.66572,-0.07868,0.70856,-0.33552,-0.61577,17.93430,4.84792,-0.07939,
1671607499000051968,170.28695,81.01590,-82.66570,-0.07600,0.70800,-0.33844,-0.61516,11.93648,5.87928,-0.08152,
1671607499099907072,171.93579,80.80200,-82.66570,-0.07165,0.70811,-0.34253,-0.61328,32.97680,-4.27800,-0.08150,
1671607499199877120,172.17653,80.84211,-82.66572,-0.06848,0.70976,-0.34474,-0.61050,4.81479,0.80222,-0.07562,
1671607499299969024,173.34307,81.20963,-82.66572,-0.06503,0.71035,-0.34779,-0.60845,23.33089,7.35046,-0.08914,
1671607499399820032,174.04445,81.62151,-82.66572,-0.06229,0.71220,-0.34909,-0.60583,14.02765,8.23746,-0.09081,
1671607499499906048,174.90399,81.89459,-82.66570,-0.06001,0.71286,-0.35246,-0.60332,17.19074,5.46164,-0.09209,
1671607499599994880,175.36349,82.27470,-82.66570,-0.05946,0.71402,-0.35340,-0.60145,9.18990,7.60231,-0.09648,
1671607499699840000,176.11008,82.52797,-82.66570,-0.05784,0.71463,-0.35493,-0.59998,14.93183,5.06532,-0.09744,
1671607499799930880,176.37455,82.58134,-82.66570,-0.05534,0.71735,-0.35699,-0.59574,5.28945,1.06747,-0.10249,
1671607499899891968,176.87425,82.65884,-82.66570,-0.05087,0.71757,-0.36234,-0.59264,9.99391,1.54999,-0.10228,
1671607500000087040,177.34494,83.33829,-82.66570,-0.04912,0.71704,-0.36469,-0.59198,9.41391,13.58888,-0.10603,
1671607500099949056,178.99746,83.86573,-82.66570,-0.04728,0.71502,-0.36864,-0.59213,33.05048,10.54896,-0.10770,
1671607500199788032,179.23126,83.69327,-82.66570,-0.04550,0.71431,-0.37140,-0.59140,4.67600,-3.44922,-0.09676,
1671607500299995904,180.28029,83.31322,-82.66570,-0.04273,0.71317,-0.37544,-0.59042,20.98046,-7.60110,-0.11651,
1671607500399833088,181.05849,83.21497,-82.66570,-0.04262,0.71464,-0.37555,-0.58859,15.56404,-1.96498,-0.12284,
1671607500499923968,182.05053,83.20715,-82.66571,-0.04107,0.71568,-0.37664,-0.58674,19.84087,-0.15639,-0.12308,
1671607500599888896,182.12357,83.25456,-82.66571,-0.03837,0.71919,-0.37779,-0.58187,1.46071,0.94831,-0.12422,
1671607500699988992,182.47282,83.43318,-82.66571,-0.03565,0.72196,-0.38005,-0.57712,6.98501,3.57233,-0.13014,
1671607500799825920,182.66771,84.25426,-82.66569,-0.03290,0.72450,-0.38310,-0.57205,3.89791,16.42165,-0.12946,
1671607500899910912,183.17262,85.00327,-82.66569,-0.02744,0.72353,-0.38961,-0.56917,10.09813,14.98012,-0.12412,
1671607501000122112,183.71456,85.69612,-82.66571,-0.02349,0.72147,-0.39436,-0.56869,10.83870,13.85704,-0.13009,
1671607501099973120,186.02382,86.04706,-82.66569,-0.02060,0.71864,-0.39920,-0.56902,46.18521,7.01888,-0.13233,
1671607501199814912,186.54667,85.87591,-82.66569,-0.01905,0.71822,-0.40031,-0.56882,10.45714,-3.42309,-0.08759,
1671607501299916032,187.82087,85.52333,-82.66556,-0.15893,0.67649,-0.40191,-0.59629,25.48384,-7.05165,-0.00306,
1671607501399995904,188.27886,85.33886,-82.66369,-0.26328,0.64825,-0.34205,-0.62726,9.15993,-3.68929,-0.08425,
1671607501499834880,188.88613,85.27598,-82.66114,0.34207,-0.64315,0.23334,0.64413,12.14527,-1.25757,-0.02171,
1671607501599930880,189.27358,85.42258,-82.66205,0.35723,-0.63296,0.21756,0.65147,7.74912,2.93195,-0.02935,
1671607501699886080,189.79015,85.53936,-82.66403,0.37863,-0.62310,0.21784,0.64879,10.33139,2.33557,-0.07094,
1671607501799980032,190.22960,85.91939,-82.66376,0.34709,-0.60713,0.23472,0.67515,8.78890,7.60053,-0.04575,
1671607501899832064,192.83244,86.15395,-82.66309,0.32775,-0.61397,0.25079,0.67285,52.05681,4.69120,-0.03331,
1671607502000032000,195.83220,86.11641,-82.66277,0.30803,-0.60965,0.26492,0.68063,59.99530,-0.75074,-0.01323,
1671607502099896064,198.81086,86.47360,-82.66187,0.30893,-0.61257,0.25410,0.68173,59.57319,7.14386,0.00069,
1671607502199984128,200.57693,87.55505,-82.66019,-0.29914,0.65241,-0.27527,-0.63961,35.32142,21.62890,0.01521,
1671607502299822080,202.44743,89.63824,-82.65908,-0.34383,0.68564,-0.24004,-0.59503,37.40991,41.66382,0.01529,
1671607502399895040,201.50194,91.70919,-82.65918,-0.35930,0.69514,-0.25004,-0.57023,-18.90971,41.41896,-0.00115,
1671607502499983104,198.76125,92.92926,-82.66025,-0.38174,0.70161,-0.23078,-0.55566,-54.81393,24.40151,-0.01794,
1671607502599816960,195.98898,94.07578,-82.66363,-0.40850,0.70627,-0.20976,-0.53880,-55.44543,22.93043,-0.04432,
1671607502699894016,193.47946,95.71966,-82.66412,-0.39755,0.68028,-0.25786,-0.55917,-50.19029,32.87758,-0.02642,
1671607502799984896,191.34360,97.82634,-82.66435,-0.37193,0.66972,-0.28908,-0.57409,-42.71716,42.13364,-0.01865,
1671607502899824896,192.53984,100.57753,-82.66332,-0.34301,0.66177,-0.31045,-0.58994,23.92477,55.02368,-0.00237,
1671607503000022016,195.06727,102.19373,-82.66162,-0.31495,0.64954,-0.33686,-0.60450,50.54854,32.32407,0.01205,
1671607503099889920,197.90472,103.16783,-82.65935,-0.32177,0.64337,-0.35066,-0.59965,56.74907,19.48188,0.02945,
1671607503199990016,200.46648,104.64339,-82.65692,-0.33500,0.64048,-0.35557,-0.59256,51.23525,29.51137,0.03715,
1671607503299826944,203.12140,106.04034,-82.65424,-0.33752,0.64169,-0.38027,-0.57420,53.09822,27.93884,0.06232,
1671607503399927040,205.85702,107.27174,-82.65664,0.33258,-0.57283,0.40774,0.62849,54.71249,24.62811,0.00303,
1671607503499995904,208.84980,107.47976,-82.65926,0.34459,-0.55962,0.41431,0.62963,59.85559,4.16040,-0.01402,
1671607503599836928,211.77936,106.83351,-82.65966,0.37256,-0.55299,0.42576,0.61166,58.59131,-12.92510,0.00551,
1671607503699922944,214.68970,106.10553,-82.65985,0.39415,-0.54180,0.43954,0.59825,58.20671,-14.55950,0.00634,
1671607503799881984,217.62913,105.50574,-82.65996,0.40009,-0.52912,0.45289,0.59569,58.78860,-11.99583,0.00833,
1671607503899956992,220.48744,104.59465,-82.65986,0.37532,-0.50204,0.49148,0.60460,57.16612,-18.22182,0.00053,
1671607504000037120,223.27268,103.48001,-82.65994,0.40999,-0.48934,0.49298,0.59112,55.70485,-22.29282,0.00592,
1671607504099897088,225.86369,101.96784,-82.65999,0.43393,-0.48158,0.49430,0.57918,51.82031,-30.24328,0.01130,
1671607504199991040,227.00984,101.62867,-82.66002,0.46157,-0.47114,0.49742,0.56351,22.92297,-6.78350,0.00765,
1671607504299856896,228.90247,100.61318,-82.65987,0.49583,-0.43188,0.52592,0.53948,37.85254,-20.30987,0.02288,
1671607504399939072,229.71860,99.48543,-82.66000,0.49442,-0.43622,0.51853,0.54442,16.32265,-22.55486,0.00899,
1671607504499898880,229.86461,98.46756,-82.65997,0.53466,-0.40985,0.54063,0.50387,2.92012,-20.35738,0.02038,
1671607504599885056,228.92167,98.65775,-82.65143,0.56533,-0.38489,0.58034,0.44211,-18.85867,3.80372,0.11878,
1671607504699981056,227.04109,100.51123,-82.66000,0.54833,-0.33718,0.64986,0.40413,-37.61168,37.06972,0.01438,
1671607504799833088,225.31140,102.96239,-82.66003,0.54798,-0.32536,0.66850,0.38336,-34.59377,49.02317,0.00814,
1671607504899920896,225.08003,105.07151,-82.66002,0.53324,-0.32617,0.66861,0.40278,-4.62754,42.18244,0.00696,
1671607505000002048,226.46538,105.96305,-82.66004,0.51005,-0.31934,0.67958,0.41958,27.70712,17.83066,0.00613,
1671607505099981056,228.96138,104.29873,-82.66005,0.52464,-0.27778,0.67946,0.43118,49.92006,-33.28644,0.00247,
1671607505199828992,231.13280,102.22872,-82.66004,0.57621,-0.23873,0.65653,0.42423,43.42838,-41.40019,0.00339,
1671607505299936000,233.00689,99.88611,-82.66004,0.59532,-0.21164,0.65681,0.41159,37.48178,-46.85207,0.00017,
1671607505399895040,234.73624,97.43471,-82.66004,0.61489,-0.19265,0.65570,0.39350,34.58687,-49.02804,-0.00098,
1671607505499965952,236.07091,94.74796,-82.66004,0.62692,-0.18147,0.65656,0.37811,26.69345,-53.73509,-0.00005,
1671607505599801088,237.11626,92.25745,-82.66004,0.64510,-0.16995,0.65868,0.34800,20.90694,-49.81019,0.00004,
1671607505699888128,238.03032,90.45124,-82.66004,0.67356,-0.16348,0.65887,0.29237,18.28132,-36.12418,0.00621,
1671607505799965952,238.66683,89.90911,-82.66003,0.67630,-0.08468,0.68689,0.25225,12.73012,-10.84261,0.00090,
1671607505899796992,239.47960,89.61330,-82.66004,0.66186,-0.00136,0.71969,0.20972,16.25539,-5.91617,-0.00534,
1671607506000013056,240.33843,89.64614,-82.66004,0.65801,0.00812,0.72709,0.19570,17.17675,0.65680,-0.00978,
1671607506099995904,241.61541,89.05311,-82.66004,0.64403,0.04278,0.74351,0.17491,25.53955,-11.86050,-0.01265,
1671607506199832064,241.96217,89.15220,-82.66005,0.61183,0.02735,0.76812,0.18686,6.93512,1.98175,-0.01758,
1671607506299932928,242.69753,87.67650,-82.66004,0.57981,0.07974,0.80196,0.11967,14.70729,-29.51412,-0.02164,
1671607506399890944,243.57339,86.67363,-82.66005,0.58365,0.08759,0.79974,0.11004,17.51714,-20.05737,-0.02127,
1671607506499990016,244.58256,85.87809,-82.66004,0.59409,0.09110,0.79181,0.10860,20.18351,-15.91077,-0.01823,
1671607506599830016,245.37242,85.78263,-82.66004,0.57323,0.09985,0.80831,0.08984,15.79705,-1.90920,-0.03654,
1671607506699922944,245.13593,84.65564,-82.66005,0.59629,0.13961,0.78290,0.10959,-4.72982,-22.53982,-0.02905,
1671607506799891968,244.61256,81.70164,-82.66004,0.62932,0.19568,0.74581,0.09717,-10.46734,-59.07990,-0.04766,
1671607506899972096,244.34471,78.71362,-82.66005,0.63755,0.19835,0.73914,0.08868,-5.35689,-59.76039,-0.01768,
1671607507000050944,243.84158,75.75612,-82.66005,0.61473,0.19523,0.76025,0.07760,-10.06276,-59.15016,-0.02670,
1671607507099898880,242.97963,74.60243,-82.66004,0.64192,0.20300,0.73693,0.06056,-17.23902,-23.07380,-0.01778,
1671607507199991040,242.23783,73.79761,-82.66005,0.64189,0.22326,0.73296,0.02994,-14.83599,-16.09626,-0.04747,
1671607507299836928,241.22073,74.34533,-82.66005,0.65804,0.22285,0.71908,0.01530,-20.34197,10.95437,-0.02961,
1671607507399933952,239.74061,74.15209,-82.66005,0.65318,0.24769,0.71538,-0.01517,-29.60231,-3.86481,-0.03728,
1671607507499889920,238.37050,74.30317,-82.66005,0.67920,0.25968,0.68631,-0.01533,-27.40233,3.02163,-0.03289,
1671607507599973888,236.51719,73.81220,-82.66005,0.66781,0.28868,0.68574,-0.02119,-37.06621,-9.81940,-0.04225,
1671607507699808000,234.93059,71.26609,-82.66005,0.68856,0.28949,0.66432,-0.02758,-31.73200,-50.92230,-0.03721,
1671607507799896064,233.44682,68.65870,-82.66005,0.66734,0.26644,0.69507,-0.02319,-29.67527,-52.14766,-0.02470,
1671607507899974912,232.23416,67.61673,-82.66005,0.65673,0.25202,0.70973,-0.03855,-24.25316,-20.83951,-0.01596,
1671607508000058112,232.02454,69.15190,-82.66005,0.65499,0.24890,0.71116,-0.05738,-4.19245,30.70351,-0.02611,
1671607508099907072,232.05007,71.32463,-82.66005,0.64892,0.24939,0.71503,-0.07374,0.51059,43.45461,-0.01620,
1671607508199879936,231.90749,72.66211,-82.66005,0.65710,0.24776,0.70747,-0.07955,-2.85157,26.74955,-0.01011,
1671607508299969024,231.32180,73.06581,-82.66005,0.66494,0.24183,0.70224,-0.07898,-11.71387,8.07399,-0.01821,
1671607508399820032,230.53201,73.53594,-82.66005,0.67754,0.23747,0.69136,-0.08107,-15.79579,9.40264,-0.01834,
1671607508499919872,229.57733,73.16890,-82.66004,0.68939,0.23720,0.67897,-0.08649,-19.09350,-7.34083,-0.01932,
1671607508599888896,228.77991,72.64380,-82.66005,0.68702,0.23422,0.68404,-0.07228,-15.94858,-10.50207,-0.02195,
1671607508699976960,228.27463,70.99004,-82.66004,0.67418,0.24323,0.69471,-0.06083,-10.10555,-33.07512,-0.02291,
1671607508799820032,227.93005,68.84548,-82.66005,0.66330,0.23638,0.70835,-0.04889,-6.89157,-42.89133,-0.01996,
1671607508899909120,227.56068,65.86830,-82.66005,0.66207,0.23456,0.71038,-0.04476,-7.38747,-59.54347,-0.01541,
1671607509000098048,227.36561,63.57411,-82.66005,0.66770,0.23316,0.70580,-0.04065,-3.90127,-45.88386,-0.01367,
1671607509099970048,226.31747,60.76317,-82.66006,0.67252,0.24323,0.69795,-0.03783,-20.96291,-56.21883,-0.01664,
1671607509199820032,225.86239,59.62858,-82.66080,0.68180,0.24448,0.68858,-0.03511,-9.10160,-22.69170,-0.01785,
1671607509299910912,225.44207,56.65817,-82.66197,0.67285,0.25509,0.69261,-0.04981,-8.40627,-59.40820,-0.04647,
1671607509399995904,225.39028,53.65862,-82.66465,0.66696,0.26045,0.69731,-0.03298,-1.03586,-59.99106,-0.05346,
1671607509499833088,225.50429,50.66079,-82.66888,0.65701,0.26853,0.70389,-0.02750,2.28020,-59.95666,-0.08274,
1671607509599913984,226.41533,47.80246,-82.67216,0.63887,0.26296,0.72216,-0.03438,18.22081,-57.16644,-0.09841,
1671607509699883008,228.22061,45.53907,-82.67573,0.64264,0.25655,0.72039,-0.04723,36.10567,-45.26786,-0.10558,
1671607509799974912,230.38474,45.98437,-82.67824,0.63116,0.24822,0.73145,-0.07069,43.28248,8.90594,-0.13195,
1671607509899810048,232.07559,48.46248,-82.68508,0.61093,0.22047,0.75115,-0.11806,33.81698,49.56220,-0.22578,
1671607510000005120,233.19848,51.24440,-82.68178,0.59919,0.23638,0.75644,-0.11355,22.45790,55.63850,-0.11011,
1671607510099994880,234.93925,53.68771,-82.68361,0.57192,0.23438,0.77633,-0.12366,34.81528,48.86611,-0.13809,
1671607510199842048,236.65185,54.92322,-82.68489,0.56717,0.25331,0.77406,-0.12242,34.25201,24.71022,-0.13542,
1671607510299931904,239.25274,55.32316,-82.68948,0.55553,0.26443,0.77968,-0.11649,52.01788,7.99885,-0.22863,
1671607510399885056,241.43412,54.26571,-82.68960,0.56066,0.28792,0.76767,-0.11594,43.62766,-21.14895,-0.16677,
1671607510499986944,242.47363,51.45156,-82.68726,0.55990,0.29143,0.76725,-0.11361,20.79002,-56.28299,-0.13257,
1671607510599812096,243.33540,48.57800,-82.69436,0.53126,0.29648,0.78819,-0.09281,17.23545,-57.47120,-0.34530,
1671607510699902976,243.80010,45.61421,-82.68973,0.53566,0.30713,0.77973,-0.10370,9.29399,-59.27581,-0.08008,
1671607510799877888,244.46399,42.68859,-82.68230,0.54396,0.31655,0.77102,-0.09713,13.27777,-58.51240,-0.14908,
1671607510899962880,245.17035,39.77294,-82.68370,0.50216,0.31730,0.79592,-0.11693,14.12732,-58.31311,-0.12777,
1671607511000037888,246.22556,37.59091,-82.69131,0.51925,0.33213,0.77914,-0.11404,21.10422,-43.64062,-0.17367,
1671607511099891968,247.18977,34.99114,-82.69052,0.51312,0.34972,0.77365,-0.12599,19.28422,-51.99539,-0.15749,
1671607511199997952,247.79114,34.48777,-82.68927,0.48334,0.34539,0.79094,-0.14662,12.02731,-10.06743,-0.14399,
1671607511299830016,248.37132,32.72480,-82.66006,0.47430,0.35811,0.79018,-0.14970,11.60351,-35.25939,-0.03187,
1671607511399907072,248.76060,30.98474,-82.66005,0.46454,0.37069,0.78901,-0.15572,7.78567,-34.80114,-0.03526,
1671607511499889920,249.03777,28.74634,-82.66005,0.45608,0.38556,0.78576,-0.16097,5.54345,-44.76791,-0.03711,
1671607511599977984,249.44572,26.95144,-82.66005,0.44660,0.39982,0.78313,-0.16554,8.15906,-35.89815,-0.03354,
1671607511699804928,249.28360,24.72385,-82.66005,0.43705,0.41626,0.77930,-0.16855,-3.24251,-44.55178,-0.04688,
1671607511799898112,249.26408,22.48810,-82.66005,0.42698,0.43178,0.77557,-0.17245,-0.39044,-44.71504,-0.03797,
1671607511899877888,248.89484,19.74156,-82.66005,0.41838,0.44811,0.77009,-0.17639,-7.38474,-54.93077,-0.03487,
1671607512000071936,248.69585,17.22126,-82.66005,0.41004,0.46032,0.76608,-0.18193,-3.97984,-50.40598,-0.02917,
1671607512099926016,247.92842,14.32108,-82.66005,0.40352,0.47203,0.76060,-0.18932,-15.34846,-58.00366,-0.03462,
1671607512199896064,247.67413,13.31836,-82.66005,0.39662,0.48122,0.75639,-0.19747,-5.08599,-20.05423,-0.03360,
1671607512299982080,246.82986,12.02758,-82.66005,0.38893,0.49513,0.75002,-0.20262,-16.88527,-25.81561,-0.05870,
1671607512399814912,246.22856,10.97689,-82.66005,0.37986,0.50889,0.74453,-0.20593,-12.02595,-21.01387,-0.06009,
1671607512499922944,245.34401,9.02183,-82.66005,0.36949,0.51767,0.74181,-0.21263,-17.69118,-39.10126,-0.06470,
1671607512599779072,244.78169,6.83694,-82.66005,0.35937,0.52383,0.74005,-0.22086,-11.24635,-43.69775,-0.05224,
1671607512699993088,244.85276,5.58874,-82.66005,0.35141,0.53687,0.73290,-0.22614,1.42149,-24.96400,-0.04677,
1671607512799827968,244.97285,4.86845,-82.66005,0.34370,0.54989,0.72525,-0.23129,2.40172,-14.40581,-0.06662,
1671607512899908096,243.79501,3.06916,-82.66005,0.33458,0.56728,0.71506,-0.23440,-23.55674,-35.98585,-0.07082,
1671607513000112896,242.33309,1.07587,-82.66005,0.32461,0.58155,0.70688,-0.23821,-29.23852,-39.86572,-0.05366,
1671607513099962112,240.52520,-1.31820,-82.66005,0.31534,0.59661,0.69741,-0.24133,-36.15770,-47.88132,-0.04791,
1671607513199801088,239.86169,-2.40244,-82.66005,0.30613,0.60786,0.68991,-0.24661,-13.27014,-21.68499,-0.03796,
1671607513299890944,238.00019,-4.55219,-82.66005,0.29706,0.61766,0.68299,-0.25253,-37.23009,-42.99492,-0.07442,
1671607513399982080,236.66794,-6.06523,-82.66005,0.28682,0.62425,0.67831,-0.26068,-26.64496,-30.26068,-0.04666,
1671607513499821056,235.54203,-7.14512,-82.66005,0.27645,0.63099,0.67300,-0.26926,-22.51834,-21.59790,-0.06272,
1671607513599891968,235.08242,-7.58238,-82.66005,0.26574,0.63759,0.66774,-0.27747,-9.19208,-8.74525,-0.08966,
1671607513699876096,234.54977,-8.06925,-82.66005,0.25571,0.64708,0.65974,-0.28399,-10.65294,-9.73733,-0.09030,
1671607513799960064,233.88930,-8.65618,-82.66005,0.24589,0.65657,0.65125,-0.29041,-13.20955,-11.73852,-0.08817,
1671607513899794944,232.52663,-9.61216,-82.66005,0.23540,0.66759,0.64150,-0.29562,-27.25330,-19.11964,-0.08506,
1671607514000005120,231.08884,-10.51752,-82.66005,0.22334,0.67645,0.63414,-0.30067,-28.75589,-18.10724,-0.08619,
1671607514099845120,229.68067,-11.68086,-82.66005,0.24227,0.70689,0.55750,-0.36166,-28.16342,-23.26686,-0.02945,
1671607514199924992,228.56555,-12.75325,-82.66023,0.28126,0.66502,0.54151,-0.43060,-22.30230,-21.44783,-0.00429,
1671607514299897088,226.86331,-13.75408,-82.66025,0.32088,0.72896,0.31321,-0.51726,-34.04490,-20.01652,-0.00066,
1671607514399972096,224.82122,-13.98087,-82.66024,0.33205,0.67859,0.45752,-0.46897,-40.84180,-4.53589,0.00003,
1671607514499810048,222.55734,-13.65725,-82.66032,0.28379,0.71594,0.14541,-0.62108,-45.27753,6.47245,-0.00106,
1671607514599891968,220.88418,-12.84187,-82.66029,0.41960,0.60875,0.39663,-0.54410,-33.46321,16.30759,0.00029,
1671607514699979008,219.01972,-11.17436,-82.66031,0.06267,0.71636,-0.02649,-0.69440,-37.28910,33.35023,-0.00029,
1671607514799828992,218.27609,-9.66642,-82.66029,0.06587,0.71073,0.02476,-0.69994,-14.87263,30.15872,-0.00165,
1671607514899920896,216.66764,-8.03749,-82.66007,0.05980,0.71697,0.01860,-0.69429,-32.16909,32.57873,-0.01102,
1671607514999887104,214.14891,-6.40776,-82.65902,-0.06189,-0.70249,-0.02752,0.70846,-50.37460,32.59447,0.01038,
1671607515099883008,211.43346,-5.13249,-82.65900,-0.06898,-0.68950,-0.02900,0.72041,-54.30901,25.50552,0.00005,
1671607515199975936,209.30116,-3.84166,-82.65955,-0.04112,-0.67506,-0.03887,0.73559,-42.64607,25.81650,-0.00888,
1671607515299817984,206.35152,-3.29427,-82.66003,-0.01592,-0.67762,-0.05766,0.73298,-58.99276,10.94780,-0.00968,
1671607515399905024,203.95755,-3.02964,-82.66021,0.00816,-0.68709,-0.06031,0.72401,-47.87944,5.29259,-0.01171,
1671607515499883008,203.21193,-2.81684,-82.66044,0.05734,-0.69635,-0.07351,0.71162,-14.91225,4.25600,-0.01328,
1671607515599979008,205.18085,-1.87111,-82.66135,-0.07117,0.70614,0.10086,-0.69723,39.37826,18.91463,-0.02397,
1671607515699821056,207.90893,-0.62309,-82.66320,-0.06455,0.70022,0.13502,-0.69806,54.56167,24.96046,-0.04064,
1671607515799910912,210.64924,0.59785,-82.66387,-0.05881,0.71723,0.15901,-0.67590,54.80621,24.41884,-0.03394,
1671607515899883008,213.41814,1.75249,-82.66633,-0.05510,0.72296,0.16663,-0.66823,55.37805,23.09267,-0.05295,
1671607516000078080,215.78792,3.15836,-82.66874,-0.04786,0.72653,0.16878,-0.66436,47.39564,28.11753,-0.06822,
1671607516099919104,216.29410,4.00682,-82.67159,-0.05107,0.73512,0.14079,-0.66119,10.12353,16.96921,-0.08054,
1671607516199895040,216.07372,4.07341,-82.67302,-0.04217,0.74043,0.12613,-0.65884,-4.40761,1.33182,-0.12980,
1671607516299994112,213.70393,3.81716,-82.67139,-0.03044,0.74430,0.11251,-0.65760,-47.39575,-5.12515,-0.10649,
1671607516399834880,210.85304,3.34998,-82.66998,-0.02494,0.74670,0.10283,-0.65670,-57.01782,-9.34348,-0.05940,
1671607516499929088,207.87258,3.00816,-82.66895,-0.02136,0.74963,0.09122,-0.65519,-59.60925,-6.83646,-0.03556,
1671607516599996928,205.55027,2.98668,-82.66735,-0.02161,0.75297,0.08607,-0.65204,-46.44625,-0.42951,-0.02886,
1671607516699826944,203.21009,2.65221,-82.66619,-0.02027,0.75071,0.08791,-0.65444,-46.80352,-6.68940,-0.03467,
1671607516799898880,202.16797,2.24818,-82.66545,-0.02049,0.75017,0.08802,-0.65504,-20.84240,-8.08066,-0.03211,
1671607516899981056,201.29395,2.96568,-82.66545,-0.01713,0.75146,0.08839,-0.65360,-17.48042,14.35003,-0.05757,
1671607516999824896,200.65140,3.45352,-82.66515,-0.01960,0.75515,0.08342,-0.64993,-12.85101,9.75667,-0.04152,
1671607517099941888,199.17457,3.44664,-82.66339,-0.01627,0.75731,0.08321,-0.64753,-29.53655,-0.13744,-0.02703,
1671607517199781888,198.81285,3.04447,-82.66120,-0.02045,0.76169,0.07769,-0.64294,-7.23450,-8.04345,-0.00175,
1671607517299993088,197.59412,2.45443,-82.65990,-0.01527,0.76190,0.07688,-0.64294,-24.37461,-11.80091,0.00260,
1671607517399834880,196.94452,1.65659,-82.66032,-0.01671,0.76413,0.07278,-0.64073,-12.99192,-15.95667,0.00463,
1671607517499923968,196.13984,1.44129,-82.66136,-0.01573,0.76310,0.07527,-0.64168,-16.09349,-4.30613,-0.02734,
1671607517599885056,195.32979,1.54577,-82.66337,-0.02278,0.76424,0.07262,-0.64043,-16.20111,2.08964,-0.04648,
1671607517699971072,194.47597,1.58895,-82.66605,-0.02355,0.76547,0.06743,-0.63949,-17.07647,0.86372,-0.07123,
1671607517799812096,194.28514,1.62613,-82.66758,-0.02078,0.76640,0.06101,-0.63912,-3.81659,0.74360,-0.08277,
1671607517899919872,193.02270,1.48242,-82.66753,-0.01259,0.76790,0.05781,-0.63783,-25.24883,-2.87424,-0.06755,
1671607518000113920,191.16599,1.33531,-82.66606,-0.01373,0.77074,0.04865,-0.63515,-37.13408,-2.94219,-0.05823,
1671607518099968000,188.45869,0.59468,-82.66646,-0.01791,0.77442,0.04020,-0.63113,-54.14603,-14.81259,-0.06864,
1671607518199798016,187.60226,0.22840,-82.66782,-0.02122,0.77425,0.03800,-0.63138,-17.12857,-7.32563,-0.05667,
1671607518299888896,186.46518,-0.74916,-82.67085,-0.01801,0.77115,0.04284,-0.63496,-22.74163,-19.55119,-0.12078,
1671607518399981056,185.99148,-0.53464,-82.67182,-0.01929,0.77018,0.04390,-0.63602,-9.47399,4.29029,-0.12795,
1671607518499811072,185.30722,0.30446,-82.67321,-0.01806,0.77043,0.04558,-0.63564,-13.68520,16.78210,-0.13921,
1671607518599906048,185.00591,0.74996,-82.67371,-0.02206,0.77278,0.04248,-0.63286,-6.02616,8.90996,-0.14314,
1671607518699990016,184.40477,0.77087,-82.67442,-0.01812,0.77488,0.04299,-0.63038,-12.02279,0.41818,-0.14819,
1671607518799836928,183.92761,0.32379,-82.67402,-0.02106,0.77704,0.04087,-0.62777,-9.54329,-8.94164,-0.14460,
1671607518899945984,182.78357,-0.24761,-82.67422,-0.02025,0.77867,0.04106,-0.62576,-22.88069,-11.42781,-0.14689,
1671607519000030976,182.29444,-0.69579,-82.67449,-0.02517,0.78009,0.03660,-0.62408,-9.78260,-8.96375,-0.15582,
1671607519099889920,181.26754,-1.24881,-82.67619,-0.01965,0.78025,0.03663,-0.62409,-20.53800,-11.06038,-0.16374,
1671607519199987968,181.17381,-1.35755,-82.67568,-0.02403,0.77992,0.03040,-0.62468,-1.87461,-2.17483,-0.16251,
1671607519299825920,179.72147,-1.48352,-82.67583,-0.01973,0.77918,0.03395,-0.62556,-29.04696,-2.51926,-0.16065,
1671607519399919104,178.90367,-1.32594,-82.67583,-0.02678,0.78049,0.02860,-0.62393,-16.35584,3.15163,-0.16681,
1671607519499884032,178.01422,-1.25454,-82.67794,-0.02295,0.78088,0.03316,-0.62338,-17.78904,1.42800,-0.19473,
1671607519599968000,177.74018,-1.46675,-82.67988,-0.02450,0.78084,0.03198,-0.62343,-5.48081,-4.24436,-0.21295,
1671607519699800064,177.07101,-1.56425,-82.67984,-0.02022,0.78102,0.03116,-0.62340,-13.38351,-1.95003,-0.20099,
1671607519799891968,176.36751,-1.24026,-82.68049,-0.02799,0.78431,0.02962,-0.61903,-14.06983,6.47999,-0.21898,
1671607519899985920,175.29776,-1.19118,-82.68104,-0.02644,0.78417,0.02285,-0.61956,-21.39510,0.98143,-0.22746,
1671607520000075008,174.84372,-1.55950,-82.68224,-0.03011,0.78737,0.01998,-0.61542,-9.08081,-7.36641,-0.23842,
1671607520099920896,173.56645,-2.52087,-82.68562,-0.02480,0.78165,0.01782,-0.62297,-25.54544,-19.22733,-0.26796,
1671607520199895040,173.14975,-2.63046,-82.68542,-0.02933,0.78755,0.01253,-0.61542,-8.33385,-2.19178,-0.24604,
1671607520299983872,171.82643,-2.46987,-82.68432,-0.01997,0.79151,0.01378,-0.61068,-26.46653,3.21172,-0.25903,
1671607520399832064,171.09793,-2.25602,-82.68830,-0.02066,0.78892,0.00150,-0.61415,-14.57004,4.27703,-0.30251,
1671607520499912960,170.22092,-2.37044,-82.68739,-0.02218,0.79884,0.00612,-0.60110,-17.54004,-2.28829,-0.28774,
1671607520599884032,169.56381,-2.42378,-82.68723,-0.01812,0.78695,0.00049,-0.61675,-13.14217,-1.06680,-0.28928,
1671607520699973120,168.55300,-2.43332,-82.69161,-0.02590,0.78340,0.00454,-0.62097,-20.21639,-0.19089,-0.33824,
1671607520799806976,167.90021,-2.42939,-82.69162,-0.02749,0.79817,0.00369,-0.60179,-13.05573,0.07867,-0.34318,
1671607520899909120,166.92450,-2.53407,-82.69453,-0.02448,0.79268,0.00215,-0.60915,-19.51408,-2.09363,-0.37199,
1671607521000123904,166.12370,-2.63277,-82.69309,-0.03360,0.79288,0.00274,-0.60845,-16.01618,-1.97407,-0.34529,
1671607521099969024,164.69766,-2.81008,-82.69680,-0.02602,0.78394,-0.00227,-0.62029,-28.52062,-3.54606,-0.39237,
1671607521199804928,164.38656,-2.83236,-82.69688,-0.02727,0.78124,-0.01044,-0.62355,-6.22214,-0.44574,-0.39535,
1671607521299895040,163.42761,-2.99371,-82.68875,-0.02212,0.78883,-0.00569,-0.61419,-19.17906,-3.22704,-0.29796,
1671607521399877888,162.77918,-3.25231,-82.69843,-0.02334,0.77667,-0.01269,-0.62935,-12.96846,-5.17184,-0.41232,
1671607521499953920,161.82334,-3.79660,-82.69759,-0.02089,0.79144,-0.01354,-0.61074,-19.11676,-10.88578,-0.38981,
1671607521599802112,161.12607,-4.10843,-82.69416,-0.02627,0.79150,-0.01470,-0.61043,-13.94549,-6.23667,-0.35764,
1671607521699890944,159.95280,-4.14404,-82.70348,-0.01877,0.79960,-0.01518,-0.60004,-23.46529,-0.71216,-0.46789,
1671607521799973888,159.14570,-4.31708,-82.69546,-0.02442,0.79178,-0.02147,-0.60994,-16.14205,-3.46096,-0.36539,
1671607521899817984,158.25143,-4.46537,-82.69342,-0.02918,0.79184,-0.01774,-0.60977,-17.88539,-2.96580,-0.35114,
1671607522000011008,157.82300,-4.52139,-82.69865,-0.02743,0.78823,-0.01909,-0.61447,-8.56863,-1.12032,-0.40579,
1671607522099988992,156.74392,-4.83204,-82.69875,-0.02209,0.80348,-0.01287,-0.59478,-21.58165,-6.21300,-0.40904,
1671607522199826944,156.62216,-4.98167,-82.70908,-0.03326,0.79190,-0.01395,-0.60959,-2.43525,-2.99253,-0.52087,
1671607522299899904,155.63822,-5.05557,-82.69012,-0.02147,0.79644,-0.01111,-0.60424,-19.67881,-1.47801,-0.30292,
1671607522399875072,155.00742,-4.96924,-82.69751,-0.02171,0.80271,-0.01543,-0.59578,-12.61582,1.72664,-0.39036,
1671607522499975936,154.28467,-4.91910,-82.68885,-0.02587,0.79887,-0.01134,-0.60084,-14.45499,1.00273,-0.28552,
1671607522599812096,153.78661,-4.94663,-82.69328,-0.03003,0.79915,-0.00169,-0.60038,-9.96126,-0.55071,-0.36036,
1671607522699898880,153.89562,-5.06739,-82.68328,-0.02379,0.81077,-0.00413,-0.58487,2.18008,-2.41522,-0.25225,
1671607522799994880,154.48093,-5.13077,-82.68208,-0.01767,0.81216,-0.00661,-0.58312,11.70636,-1.26745,-0.23453,
1671607522899837952,153.06039,-5.39987,-82.68064,-0.00906,0.78857,-0.02070,-0.61453,-28.41084,-5.38199,-0.21371,
1671607523000035072,151.13206,-5.86261,-82.71301,0.00132,0.79332,-0.03223,-0.60796,-38.56669,-9.25480,-0.56255,
1671607523099868928,148.20655,-6.52701,-82.69983,-0.00836,0.79701,-0.03127,-0.60310,-58.51008,-13.28800,-0.19796,
1671607523199959040,146.68447,-6.95060,-82.70722,-0.00565,0.80265,-0.03629,-0.59532,-30.44158,-8.47192,-0.28742,
1671607523299792896,145.74498,-7.08928,-82.69123,-0.01499,0.79843,-0.02257,-0.60148,-18.78985,-2.77349,-0.18050,
1671607523399890944,145.71774,-7.16700,-82.68263,-0.00892,0.78637,-0.01687,-0.61747,-0.54483,-1.55447,-0.23170,
1671607523499983104,145.56793,-7.12781,-82.69383,-0.00339,0.80804,-0.00788,-0.58907,-2.99618,0.78379,-0.34530,
1671607523599824896,145.47808,-7.04999,-82.68229,-0.00623,0.80879,-0.00625,-0.58803,-1.79701,1.55641,-0.24753,
1671607523699912960,144.97305,-7.27526,-82.70731,-0.00810,0.81601,-0.00467,-0.57796,-10.10058,-4.50547,-0.44229,
1671607523799875072,144.69863,-8.05778,-82.71640,0.00701,0.78612,-0.02473,-0.61753,-5.48849,-15.65031,-0.59580,
1671607523899973888,143.63438,-8.17770,-82.70459,0.00570,0.81096,-0.03632,-0.58394,-21.28493,-2.39837,-0.28646,
1671607523999815936,142.84356,-7.63963,-82.67033,0.00861,0.81071,-0.03788,-0.58416,-15.81640,10.76135,-0.02033,
1671607524099928064,141.07264,-6.71702,-82.66007,0.01115,0.81206,-0.04358,-0.58184,-35.41837,18.45216,-0.02523,
1671607524199781888,140.68688,-6.62178,-82.66007,0.01292,0.81466,-0.04831,-0.57778,-7.71527,1.90477,-0.01882,
1671607524299985920,139.39476,-6.95789,-82.66007,0.01520,0.81586,-0.05376,-0.57555,-25.84243,-6.72213,-0.02267,
1671607524399836928,138.40074,-7.58023,-82.66007,0.01520,0.81670,-0.05658,-0.57408,-19.88036,-12.44672,-0.02431,
1671607524499943936,137.20517,-7.83118,-82.66007,0.01620,0.81759,-0.06058,-0.57238,-23.91132,-5.01911,-0.02363,
1671607524599798016,136.52719,-7.78215,-82.66007,0.01552,0.81907,-0.06247,-0.57007,-13.55968,0.98055,-0.02555,
1671607524699895040,135.66527,-7.91744,-82.66007,0.01513,0.82024,-0.06503,-0.56811,-17.23843,-2.70565,-0.03082,
1671607524799995904,135.25683,-8.04593,-82.66007,0.01534,0.82217,-0.06616,-0.56517,-8.16867,-2.56994,-0.03848,
1671607524899840000,134.68476,-8.13275,-82.66007,0.01739,0.82448,-0.06860,-0.56145,-11.44144,-1.73627,-0.04107,
1671607525000048896,134.26110,-8.50000,-82.66007,0.01923,0.82599,-0.07054,-0.55892,-8.47329,-7.34496,-0.04034,
1671607525099905024,133.02399,-9.06928,-82.66007,0.02282,0.82613,-0.07410,-0.55812,-24.74216,-11.38568,-0.04005,
1671607525199993088,132.87968,-9.17793,-82.66007,0.02454,0.82582,-0.07699,-0.55811,-2.88623,-2.17306,-0.03366,
1671607525299821056,131.69405,-9.06582,-82.66007,0.02690,0.82592,-0.08123,-0.55726,-23.71265,2.24227,-0.03622,
1671607525399909888,130.90176,-8.71558,-82.66007,0.02659,0.82804,-0.08319,-0.55382,-15.84572,7.00485,-0.04584,
1671607525499996928,129.79339,-8.68220,-82.66007,0.02888,0.82982,-0.08720,-0.55041,-22.16741,0.66762,-0.04303,
1671607525599848960,129.34486,-9.00108,-82.66007,0.03042,0.83096,-0.09046,-0.54808,-8.97062,-6.37766,-0.04727,
1671607525699951104,128.33387,-9.49915,-82.66007,0.03302,0.83022,-0.09597,-0.54812,-20.21973,-9.96134,-0.04418,
1671607525799787008,127.48121,-9.61541,-82.66007,0.03395,0.83052,-0.09907,-0.54705,-17.05327,-2.32538,-0.04460,
1671607525899997952,126.16578,-9.35053,-82.66007,0.03478,0.83156,-0.10177,-0.54492,-26.30864,5.29761,-0.05107,
1671607526000073984,125.39664,-9.26612,-82.66007,0.03506,0.83191,-0.10349,-0.54404,-15.38268,1.68818,-0.05447,
1671607526099930880,124.39661,-9.43432,-82.66007,0.03675,0.83109,-0.10836,-0.54424,-20.00056,-3.36393,-0.04524,
1671607526199895040,124.19188,-9.23300,-82.66007,0.03861,0.83201,-0.11130,-0.54210,-4.09459,4.02634,-0.04866,
1671607526299973120,123.03587,-8.95752,-82.66007,0.04088,0.83356,-0.11639,-0.53848,-23.12034,5.50972,-0.04908,
1671607526399806976,122.22106,-9.16004,-82.66007,0.04138,0.83516,-0.11834,-0.53553,-16.29608,-4.05052,-0.05408,
1671607526499891968,121.15074,-9.58615,-82.66007,0.04294,0.83649,-0.12195,-0.53251,-21.40655,-8.52223,-0.05611,
1671607526599972096,120.57671,-9.85367,-82.66007,0.04389,0.83840,-0.12380,-0.52900,-11.48044,-5.35034,-0.06035,
1671607526699811072,119.68207,-10.13869,-82.66007,0.04652,0.83957,-0.12897,-0.52567,-17.89293,-5.70045,-0.05977,
1671607526799906048,119.10473,-10.58853,-82.66007,0.04737,0.84026,-0.13208,-0.52372,-11.54678,-8.99680,-0.06404,
1671607526899987968,117.88901,-10.90306,-82.66007,0.04904,0.83978,-0.13644,-0.52321,-24.31440,-6.29058,-0.06611,
1671607527000069888,117.11163,-10.98566,-82.66007,0.04889,0.84036,-0.13843,-0.52176,-15.54760,-1.65200,-0.06873,
1671607527099927040,115.63382,-10.81722,-82.66007,0.05032,0.84020,-0.14345,-0.52054,-29.55611,3.36898,-0.06651,
1671607527199880960,115.55502,-10.78514,-82.66007,0.05162,0.84082,-0.14727,-0.51833,-1.57610,0.64149,-0.06945,
1671607527299961088,114.42726,-10.77264,-82.66007,0.05254,0.84196,-0.15076,-0.51537,-22.55512,0.25003,-0.07492,
1671607527399809024,113.49515,-10.89736,-82.66007,0.05435,0.84255,-0.15505,-0.51295,-18.64215,-2.49443,-0.06310,
1671607527499885056,112.63535,-11.19662,-82.66007,0.05268,0.84397,-0.15388,-0.51113,-17.19598,-5.98511,-0.07155,
1671607527599971072,111.88608,-11.32914,-82.66007,0.05011,0.84589,-0.15101,-0.50907,-14.98550,-2.65045,-0.07293,
1671607527699802880,111.81830,-11.32395,-82.66007,0.05347,0.84549,-0.15646,-0.50776,-1.35567,0.10370,-0.07056,
1671607527799892992,112.11867,-11.33045,-82.66007,0.05903,0.84512,-0.16502,-0.50503,6.00756,-0.12994,-0.07772,
1671607527899990016,110.72121,-11.34583,-82.66007,0.06366,0.84547,-0.17311,-0.50115,-27.94934,-0.30758,-0.08537,
1671607528000067072,108.59434,-11.69694,-82.66007,0.06567,0.84610,-0.17756,-0.49827,-42.53724,-7.02224,-0.08827,
1671607528099921920,106.12137,-12.38984,-82.66007,0.06687,0.84660,-0.18196,-0.49567,-49.45949,-13.85794,-0.06434,
1671607528199881984,105.68869,-12.49006,-82.66007,0.06731,0.84697,-0.18419,-0.49414,-8.65355,-2.00435,-0.05783,
1671607528299975936,104.66701,-12.58839,-82.66007,0.06911,0.84704,-0.18770,-0.49247,-20.43367,-1.96658,-0.09631,
1671607528399823104,104.05929,-12.51890,-82.66007,0.06887,0.84814,-0.18727,-0.49077,-12.15446,1.38969,-0.09884,
1671607528499913984,103.19702,-12.58422,-82.66007,0.06893,0.84921,-0.18733,-0.48887,-17.24536,-1.30629,-0.10453,
1671607528599885056,103.08501,-12.57190,-82.66007,0.06890,0.85033,-0.18758,-0.48682,-2.24023,0.24627,-0.10667,
1671607528699962880,102.87159,-12.58710,-82.66007,0.07123,0.85086,-0.19110,-0.48419,-4.26831,-0.30404,-0.10243,
1671607528799802112,102.59394,-12.69277,-82.66007,0.07164,0.85182,-0.19336,-0.48154,-5.55312,-2.11327,-0.10410,
1671607528899889920,101.65778,-12.89171,-82.66007,0.07335,0.85239,-0.19745,-0.47860,-18.72308,-3.97880,-0.10537,
1671607529000101888,101.00637,-13.07345,-82.66007,0.07417,0.85305,-0.20003,-0.47623,-13.02831,-3.63474,-0.10891,
1671607529099959040,99.71621,-13.43057,-82.66007,0.07579,0.85316,-0.20462,-0.47382,-25.80310,-7.14245,-0.11325,
1671607529199785984,99.39691,-13.42276,-82.66007,0.07631,0.85294,-0.20725,-0.47299,-6.38605,0.15616,-0.10753,
1671607529299995904,98.37687,-13.56388,-82.66002,0.00929,0.82886,-0.19671,-0.52365,-20.40070,-2.82232,-0.11553,
1671607529399834880,97.67353,-13.31714,-82.66208,-0.05671,0.81196,-0.12047,-0.56832,-14.06690,4.93464,-0.06075,
1671607529499917056,96.87764,-13.24494,-82.66238,-0.07365,0.77661,-0.11058,-0.61581,-15.91771,1.44416,-0.04677,
1671607529599876096,96.39700,-13.37499,-82.66093,-0.11005,0.77322,-0.06530,-0.62109,-9.61293,-2.60117,-0.01969,
1671607529699958016,95.45880,-13.75628,-82.66215,-0.12553,0.75995,-0.08206,-0.63244,-18.76398,-7.62575,-0.03095,
1671607529799791104,94.56351,-14.14365,-82.66170,-0.13461,0.75987,-0.07118,-0.63199,-17.90569,-7.74729,-0.01238,
1671607529899891968,92.91305,-14.68136,-82.66072,-0.15125,0.76237,-0.05823,-0.62652,-33.00921,-10.75425,-0.00136,
1671607530000101888,92.04780,-14.76339,-82.66008,-0.15212,0.76687,-0.05911,-0.62071,-17.30507,-1.64053,0.00329,
1671607530099921920,91.25566,-14.64460,-82.66013,-0.15152,0.76074,-0.05969,-0.62829,-15.84280,2.37565,0.00138,
1671607530199997952,90.93460,-14.57180,-82.66056,-0.13417,0.75474,-0.06386,-0.63897,-6.42124,1.45606,-0.00634,
1671607530299846912,90.20176,-14.53351,-82.66072,-0.14325,0.74950,-0.06535,-0.64300,-14.65664,0.76574,-0.00256,
1671607530399942912,89.66954,-14.87209,-82.65980,-0.14803,0.75456,-0.06147,-0.63636,-10.64454,-6.77145,0.00066,
1671607530499774976,88.93935,-15.05699,-82.66106,-0.16303,0.75740,-0.06803,-0.62860,-14.60375,-3.69809,-0.02110,
1671607530599988992,88.80897,-15.14183,-82.66286,-0.15441,0.77068,-0.06822,-0.61446,-2.60762,-1.69677,-0.04226,
1671607530699820032,88.28097,-15.87631,-82.66473,-0.15299,0.77225,-0.07150,-0.61246,-10.55999,-14.68960,-0.05393,
1671607530799924992,87.53711,-16.69041,-82.66475,-0.15430,0.77367,-0.07578,-0.60983,-14.87714,-16.28198,-0.04964,
1671607530899881984,86.16361,-17.12961,-82.66510,-0.15271,0.77446,-0.08117,-0.60852,-27.47001,-8.78415,-0.04672,
1671607530999970048,85.03403,-17.47723,-82.66373,-0.15064,0.77424,-0.08286,-0.60909,-22.59162,-6.95225,-0.03846,
1671607531099955968,83.11449,-17.79174,-82.66389,-0.15080,0.76974,-0.08260,-0.61476,-38.39080,-6.29019,-0.04129,
1671607531199802880,82.98615,-17.78963,-82.66369,-0.15408,0.77082,-0.08105,-0.61281,-2.56676,0.04210,-0.03231,
1671607531299888896,82.26817,-17.58990,-82.66446,-0.15327,0.76934,-0.08185,-0.61476,-14.35974,3.99465,-0.05144,
1671607531399976960,81.90179,-17.30426,-82.66506,-0.15473,0.76900,-0.08526,-0.61435,-7.32756,5.71288,-0.05409,
1671607531499813888,80.96458,-17.02782,-82.66577,-0.15080,0.76920,-0.08509,-0.61510,-18.74423,5.52863,-0.06330,
1671607531599909888,80.11561,-16.93294,-82.66592,-0.15479,0.76999,-0.09067,-0.61232,-16.97932,1.89759,-0.06438,
1671607531699877120,78.96985,-17.19109,-82.66692,-0.15392,0.76910,-0.09522,-0.61297,-22.91530,-5.16286,-0.07215,
1671607531799968000,78.22443,-17.45801,-82.66657,-0.15853,0.76849,-0.10034,-0.61174,-14.90831,-5.33845,-0.06787,
1671607531899809024,76.96899,-17.48851,-82.66665,-0.15619,0.76908,-0.10080,-0.61152,-25.10884,-0.61005,-0.06871,
1671607532000018944,76.32850,-17.52078,-82.66687,-0.15851,0.77002,-0.10470,-0.60908,-12.80986,-0.64542,-0.07423,
1671607532099993088,75.00315,-17.88696,-82.66745,-0.15676,0.77006,-0.10411,-0.60958,-26.50695,-7.32360,-0.07688,
1671607532199833088,74.69437,-18.02546,-82.66728,-0.16274,0.76828,-0.10824,-0.60955,-6.17556,-2.76994,-0.07589,
1671607532299924992,73.80229,-18.10006,-82.66825,-0.15965,0.76825,-0.10731,-0.61057,-17.84160,-1.49204,-0.08861,
1671607532399894016,73.36110,-17.82108,-82.66866,-0.16259,0.76755,-0.11430,-0.60939,-8.82381,5.57972,-0.08270,
1671607532499985920,72.41441,-17.75842,-82.66881,-0.15954,0.76881,-0.10936,-0.60952,-18.93378,1.25313,-0.09654,
1671607532599825920,71.56942,-17.90897,-82.66974,-0.16603,0.76872,-0.11362,-0.60712,-16.89977,-3.01107,-0.11181,
1671607532699908096,71.03284,-17.96665,-82.67128,-0.16288,0.76818,-0.11932,-0.60756,-10.73163,-1.15344,-0.11936,
1671607532799992064,70.76156,-18.00308,-82.67153,-0.15632,0.76844,-0.12296,-0.60823,-5.42552,-0.72873,-0.11694,
1671607532899821056,69.11956,-18.12655,-82.67121,-0.15047,0.76828,-0.12724,-0.60902,-32.84005,-2.46926,-0.10797,
1671607533000025088,67.18426,-18.46375,-82.66998,-0.15335,0.76823,-0.13447,-0.60682,-38.70597,-6.74414,-0.09506,
1671607533099877120,64.65953,-18.92211,-82.66965,-0.15497,0.76685,-0.14206,-0.60642,-50.49474,-9.16716,-0.07149,
1671607533199964928,64.13062,-19.11277,-82.66921,-0.16078,0.76577,-0.14631,-0.60526,-10.57804,-3.81311,-0.05450,
1671607533299804928,62.82265,-19.16210,-82.66988,-0.15887,0.76531,-0.14231,-0.60730,-26.15955,-0.98675,-0.10294,
1671607533399897088,62.43869,-18.98030,-82.66996,-0.16519,0.76396,-0.14694,-0.60621,-7.67905,3.63604,-0.10095,
1671607533499981056,61.80278,-18.63688,-82.66991,-0.16049,0.76802,-0.14135,-0.60366,-12.71829,6.86842,-0.11092,
1671607533599825920,61.41541,-18.37405,-82.67155,-0.16270,0.76993,-0.14527,-0.59970,-7.74742,5.25666,-0.12319,
1671607533699921920,60.91362,-19.15891,-82.67319,-0.15972,0.77003,-0.14736,-0.59985,-10.03578,-15.69732,-0.13884,
1671607533799875072,60.32870,-19.74568,-82.67316,-0.16159,0.76905,-0.15166,-0.59954,-11.69838,-11.73532,-0.12952,
1671607533899973120,58.97795,-19.87145,-82.67282,-0.16192,0.76930,-0.15499,-0.59828,-27.01512,-2.51536,-0.12877,
1671607534000046080,58.04309,-19.91357,-82.67280,-0.16811,0.76940,-0.16049,-0.59498,-18.69711,-0.84253,-0.13728,
1671607534099898112,56.84447,-20.33211,-82.67463,-0.16413,0.76953,-0.15884,-0.59636,-23.97242,-8.37073,-0.15318,
1671607534199984128,56.82629,-20.47277,-82.67494,-0.16700,0.76741,-0.16460,-0.59674,-0.36366,-2.81315,-0.15109,
1671607534299817984,55.77077,-20.40086,-82.67474,-0.16121,0.76661,-0.16061,-0.60044,-21.11041,1.43818,-0.14957,
1671607534399897088,54.76282,-20.20798,-82.67448,-0.16747,0.76345,-0.16916,-0.60041,-20.15886,3.85764,-0.14993,
1671607534499971072,53.53619,-19.82553,-82.67452,-0.16708,0.76238,-0.17103,-0.60134,-24.53269,7.64893,-0.14677,
1671607534599802112,52.62849,-19.41565,-82.67483,-0.16871,0.76346,-0.17415,-0.59861,-18.15405,8.19754,-0.15677,
1671607534699889920,51.64478,-19.32068,-82.67615,-0.16558,0.76521,-0.17283,-0.59763,-19.67406,1.89947,-0.17235,
1671607534799976960,50.98287,-19.71124,-82.67739,-0.16702,0.76557,-0.17487,-0.59618,-13.23821,-7.81112,-0.18501,
1671607534899821056,50.09433,-20.08471,-82.67876,-0.16643,0.76504,-0.17666,-0.59649,-17.77082,-7.46945,-0.19970,
1671607535000036096,49.49618,-20.22803,-82.67977,-0.16950,0.76672,-0.17946,-0.59262,-11.96295,-2.86651,-0.20778,
1671607535099890944,48.03944,-20.24178,-82.67959,-0.16461,0.76401,-0.18145,-0.59688,-29.13496,-0.27493,-0.20487,
1671607535199982080,47.79917,-20.20663,-82.68025,-0.17208,0.76622,-0.18637,-0.59039,-4.80540,0.70299,-0.21569,
1671607535299819008,46.62466,-20.50166,-82.68214,-0.16645,0.76555,-0.18059,-0.59466,-23.49017,-5.90053,-0.23856,
1671607535399909120,45.92239,-20.92054,-82.68395,-0.16808,0.76931,-0.18956,-0.58650,-14.04526,-8.37756,-0.25385,
1671607535499878912,45.13294,-21.27538,-82.68727,-0.16222,0.77422,-0.19039,-0.58140,-15.78897,-7.09694,-0.29422,
1671607535599968000,44.28196,-21.30149,-82.68864,-0.16505,0.75872,-0.19425,-0.59947,-17.01973,-0.52211,-0.30351,
1671607535699788032,42.90997,-21.34956,-82.68929,-0.16666,0.75761,-0.19280,-0.60090,-27.43977,-0.96152,-0.31527,
1671607535799996928,41.96189,-21.43927,-82.68627,-0.17060,0.78474,-0.19563,-0.56286,-18.96158,-1.79409,-0.28430,
1671607535899828992,40.95796,-21.84874,-82.68544,-0.16296,0.77353,-0.20041,-0.57873,-20.07868,-8.18946,-0.27160,
1671607536000040960,40.21434,-22.13757,-82.69319,-0.17045,0.77829,-0.19366,-0.57246,-14.87234,-5.77651,-0.35634,
1671607536099879936,39.21550,-22.34736,-82.69543,-0.15830,0.77194,-0.20257,-0.58140,-19.97672,-4.19589,-0.38008,
1671607536199962112,38.45107,-22.50475,-82.69485,-0.16169,0.77292,-0.20478,-0.57838,-15.28860,-3.14780,-0.36758,
1671607536299791104,37.22953,-22.67162,-82.68157,-0.16176,0.77313,-0.20372,-0.57844,-24.43094,-3.33731,-0.21649,
1671607536399880960,36.66270,-22.74520,-82.68740,-0.16207,0.76394,-0.21259,-0.58731,-11.33650,-1.47168,-0.28736,
1671607536499979008,36.02344,-23.01135,-82.69268,-0.16002,0.77239,-0.20675,-0.57884,-12.78528,-5.32288,-0.34778,
1671607536599830016,35.74299,-23.17294,-82.68754,-0.16016,0.77002,-0.20888,-0.58119,-5.60893,-3.23184,-0.28726,
1671607536699919104,35.14223,-23.32619,-82.68955,-0.16236,0.77872,-0.20456,-0.57044,-12.01526,-3.06502,-0.30746,
1671607536799898112,34.50786,-23.30501,-82.69693,-0.14695,0.75882,-0.22597,-0.59291,-12.68741,0.42358,-0.39728,
1671607536899994112,33.35505,-23.64228,-82.69579,-0.16448,0.77326,-0.20833,-0.57585,-23.05626,-6.74549,-0.36950,
1671607536999836928,32.42075,-24.28326,-82.69087,-0.15925,0.76569,-0.21917,-0.58338,-18.68587,-12.81956,-0.32246,
1671607537099948032,31.05385,-24.55358,-82.69262,-0.16373,0.77720,-0.21768,-0.56724,-27.33807,-5.40645,-0.35128,
1671607537199788032,30.77040,-24.57822,-82.69077,-0.16310,0.76333,-0.23068,-0.58096,-5.66900,-0.49270,-0.31644,
1671607537299994112,29.80151,-24.77932,-82.69751,-0.15369,0.76526,-0.22543,-0.58305,-19.37781,-4.02197,-0.38928,
1671607537399835904,29.02026,-24.99655,-82.70532,-0.16883,0.79648,-0.21646,-0.53876,-15.62498,-4.34471,-0.48042,
1671607537499927040,27.83472,-25.16009,-82.70213,-0.16457,0.76804,-0.22026,-0.57837,-23.71073,-3.27074,-0.40103,
1671607537599776000,27.36824,-25.39127,-82.68288,-0.17364,0.78334,-0.21575,-0.55648,-9.32972,-4.62366,-0.23500,
1671607537699994112,27.07685,-25.48390,-82.68135,-0.16354,0.76399,-0.22296,-0.58298,-5.82779,-1.85247,-0.21529,
1671607537799831040,27.74902,-25.20254,-82.71130,-0.14625,0.75984,-0.23514,-0.58819,13.44350,5.62708,-0.55943,
1671607537899930112,26.41131,-25.02067,-82.68816,-0.14864,0.77562,-0.22011,-0.57261,-26.75430,3.63753,-0.27267,
1671607538000033024,24.41269,-25.25908,-82.70148,-0.14679,0.77243,-0.23123,-0.57301,-39.97223,-4.76832,-0.43674,
1671607538099877120,21.43587,-25.63127,-82.71192,-0.13780,0.76011,-0.24286,-0.58674,-59.53648,-7.44365,-0.44771,
1671607538199962880,20.98953,-25.63334,-82.69881,-0.15254,0.76218,-0.23622,-0.58311,-8.92687,-0.04150,-0.12265,
1671607538299794944,19.76391,-25.15909,-82.68250,-0.14873,0.76823,-0.22278,-0.58144,-24.51228,9.48498,-0.23284,
1671607538399995904,19.46811,-24.68418,-82.71434,-0.15071,0.76703,-0.23454,-0.57788,-5.91597,9.49832,-0.58992,
1671607538499831040,18.61448,-24.39803,-82.68921,-0.14697,0.76468,-0.23080,-0.58343,-17.07269,5.72297,-0.27361,
1671607538599917056,17.98679,-24.56205,-82.68287,-0.14739,0.76462,-0.23420,-0.58204,-12.55383,-3.28042,-0.22436,
1671607538699997952,17.15372,-24.90872,-82.68495,-0.15176,0.77477,-0.23636,-0.56642,-16.66142,-6.93334,-0.25122,
1671607538799837952,16.44270,-25.23837,-82.69490,-0.15871,0.76989,-0.23012,-0.57369,-14.22045,-6.59301,-0.36306,
1671607538899930880,15.30720,-25.62916,-82.70706,-0.14368,0.76551,-0.24411,-0.57772,-22.70996,-7.81588,-0.37562,
1671607539000015104,14.36156,-25.96309,-82.73652,-0.13972,0.79104,-0.24834,-0.54134,-18.91274,-6.67851,-0.81941,
1671607539099997952,12.47493,-26.25166,-82.71540,-0.15264,0.78495,-0.24672,-0.54743,-37.73256,-5.77140,-0.40763,
1671607539199838976,12.17652,-26.22217,-82.67188,-0.15257,0.78542,-0.24941,-0.54556,-5.96826,0.58978,-0.01539,
1671607539299932928,11.22711,-26.37159,-82.66007,-0.15165,0.78549,-0.25355,-0.54381,-18.98817,-2.98847,-0.01623,
1671607539399891968,10.60805,-26.37083,-82.66007,-0.15095,0.78502,-0.25664,-0.54323,-12.38120,0.01521,-0.02459,
1671607539499969024,9.75642,-26.49331,-82.66007,-0.14913,0.78392,-0.26122,-0.54313,-17.03268,-2.44959,-0.01614,
1671607539599809024,8.92639,-26.36433,-82.66007,-0.14875,0.78410,-0.26399,-0.54164,-16.60051,2.57952,-0.02213,
1671607539699898112,7.76710,-26.24218,-82.66007,-0.14836,0.78432,-0.26755,-0.53967,-23.18583,2.44315,-0.02688,
1671607539799991040,7.11718,-26.29157,-82.66007,-0.14918,0.78518,-0.26869,-0.53763,-12.99837,-0.98791,-0.02772,
1671607539899824896,6.38622,-26.34800,-82.66007,-0.14826,0.78477,-0.27291,-0.53635,-14.61929,-1.12850,-0.03268,
1671607540000033024,6.11595,-26.37437,-82.66007,-0.14833,0.78362,-0.27541,-0.53674,-5.40527,-0.52750,-0.03029,
1671607540099881984,4.70604,-26.33300,-82.66007,-0.14815,0.78258,-0.27856,-0.53668,-28.19832,0.82742,-0.02940,
1671607540199977984,4.42878,-25.98626,-82.66007,-0.15004,0.78379,-0.27878,-0.53426,-5.54522,6.93479,-0.03089,
1671607540299812096,3.65194,-25.67556,-82.66007,-0.14884,0.78404,-0.28223,-0.53242,-15.53667,6.21402,-0.02432,
1671607540399898880,3.63879,-25.70673,-82.66007,-0.14753,0.78538,-0.28444,-0.52963,-0.26302,-0.62339,-0.03142,
1671607540499985920,2.84944,-25.89850,-82.66007,-0.14434,0.78557,-0.28791,-0.52835,-15.78710,-3.83537,-0.03269,
1671607540599823872,2.31561,-26.22267,-82.66007,-0.14188,0.78508,-0.29126,-0.52790,-10.67656,-6.48351,-0.03277,
1671607540699920896,1.28954,-26.43314,-82.66007,-0.13867,0.78341,-0.29640,-0.52838,-20.52146,-4.20938,-0.03174,
1671607540799876096,0.32176,-26.31484,-82.66007,-0.13732,0.78262,-0.29857,-0.52868,-19.35551,2.36603,-0.03160,
1671607540899963904,-1.08303,-26.24290,-82.66007,-0.13503,0.78185,-0.30197,-0.52847,-28.09575,1.43887,-0.03094,
1671607541000052992,-1.74971,-25.92208,-82.66007,-0.13348,0.78239,-0.30480,-0.52644,-13.33366,6.41626,-0.03390,
1671607541099915008,-3.13142,-25.91123,-82.66007,-0.13156,0.78347,-0.30833,-0.52327,-27.63426,0.21710,-0.04032,
1671607541199886080,-3.43265,-26.05706,-82.66007,-0.13117,0.78533,-0.30987,-0.51965,-6.02453,-2.91656,-0.03956,
1671607541299984896,-4.20669,-26.54699,-82.66007,-0.12943,0.78587,-0.31399,-0.51679,-15.48090,-9.79858,-0.03519,
1671607541399835904,-4.51611,-26.88768,-82.66007,-0.12876,0.78611,-0.31623,-0.51522,-6.18832,-6.81390,-0.03934,
1671607541499915008,-5.43694,-27.30002,-82.66007,-0.12628,0.78658,-0.31967,-0.51299,-18.41652,-8.24682,-0.04275,
1671607541599877888,-6.01986,-27.29605,-82.66007,-0.12343,0.78782,-0.32311,-0.50961,-11.65848,0.07948,-0.04622,
1671607541699976960,-6.93891,-27.68327,-82.66007,-0.12001,0.78774,-0.32793,-0.50746,-18.38104,-7.74436,-0.05366,
1671607541799823872,-7.74814,-28.22349,-82.66007,-0.11895,0.78727,-0.33027,-0.50693,-16.18446,-10.80456,-0.05285,
1671607541899926016,-8.94866,-28.52568,-82.66007,-0.11675,0.78664,-0.33432,-0.50577,-24.01057,-6.04370,-0.05274,
1671607542000009984,-9.62097,-28.43040,-82.66007,-0.11562,0.78662,-0.33710,-0.50420,-13.44610,1.90553,-0.05714,
1671607542099969024,-11.12599,-28.54069,-82.66007,-0.11306,0.78569,-0.34151,-0.50327,-30.10034,-2.20570,-0.04901,
1671607542199813888,-11.37164,-28.58443,-82.66007,-0.11182,0.78575,-0.34399,-0.50176,-4.91316,-0.87477,-0.05271,
1671607542299907072,-12.45175,-28.56505,-82.66007,-0.10869,0.78583,-0.34862,-0.49913,-21.60206,0.38748,-0.05635,
1671607542399881984,-13.18279,-28.71444,-82.66007,-0.10589,0.78573,-0.35346,-0.49647,-14.62088,-2.98785,-0.05262,
1671607542499964928,-14.24036,-29.08285,-82.66007,-0.10748,0.78769,-0.35239,-0.49378,-21.15140,-7.36805,-0.05927,
1671607542599823104,-15.25587,-29.50627,-82.66007,-0.10987,0.78917,-0.35164,-0.49142,-20.31010,-8.46855,-0.06438,
1671607542699908096,-15.13589,-29.47231,-82.66007,-0.10628,0.78772,-0.35722,-0.49051,2.39956,0.67920,-0.05756,
1671607542799876096,-15.07901,-29.39663,-82.66007,-0.10225,0.78536,-0.36348,-0.49055,1.13747,1.51374,-0.06839,
1671607542899955968,-16.50165,-29.49143,-82.66007,-0.09613,0.78071,-0.37428,-0.49108,-28.45272,-1.89601,-0.06417,
1671607543000034048,-18.41147,-29.51694,-82.66007,-0.09219,0.77876,-0.38011,-0.49045,-38.19632,-0.51027,-0.06826,
1671607543099883008,-20.86978,-29.52137,-82.66007,-0.08984,0.77839,-0.38434,-0.48818,-49.16637,-0.08866,-0.05801,
1671607543199975936,-22.37280,-29.61422,-82.66007,-0.08950,0.77948,-0.38607,-0.48513,-30.06027,-1.85686,-0.04664,
1671607543299820032,-23.42682,-29.92037,-82.66007,-0.08874,0.78089,-0.38757,-0.48180,-21.08044,-6.12311,-0.08251,
1671607543399896064,-23.79150,-30.10470,-82.66006,-0.16688,0.79081,-0.33250,-0.48602,-7.29368,-3.68660,-0.08329,
1671607543499983872,-24.26190,-30.48951,-82.66249,-0.21420,0.75679,-0.31274,-0.53253,-9.40797,-7.69608,-0.06396,
1671607543599812096,-24.34947,-30.68444,-82.66235,-0.24542,0.74230,-0.29116,-0.55136,-1.75127,-3.89864,-0.04158,
1671607543699898112,-25.13726,-30.80308,-82.66276,-0.27456,0.72047,-0.31594,-0.55292,-15.75598,-2.37273,-0.04358,
1671607543799982080,-25.71015,-30.68848,-82.66212,-0.28797,0.72324,-0.28982,-0.55678,-11.45762,2.29197,-0.02677,
1671607543899804928,-26.49278,-30.69028,-82.66255,-0.27867,0.71622,-0.28507,-0.57281,-15.65273,-0.03600,-0.03346,
1671607543999887104,-27.00921,-30.69682,-82.66173,-0.29750,0.71813,-0.26716,-0.56957,-10.32847,-0.13089,-0.02333,
1671607544099994880,-28.09933,-30.91332,-82.66285,-0.29931,0.71190,-0.27284,-0.57374,-21.80246,-4.32990,-0.03883,
1671607544199834112,-28.20120,-31.08884,-82.66371,-0.30616,0.71523,-0.27250,-0.56609,-2.03749,-3.51056,-0.04712,
1671607544299926016,-29.08098,-31.54087,-82.66426,-0.30613,0.71437,-0.27744,-0.56479,-17.59551,-9.04046,-0.04486,
1671607544399891968,-30.03238,-31.56276,-82.66383,-0.30683,0.71744,-0.27660,-0.56091,-19.02798,-0.43781,-0.04130,
1671607544499986944,-31.21242,-31.56140,-82.66355,-0.29589,0.71970,-0.27580,-0.56429,-23.60079,0.02714,-0.03373,
1671607544599813120,-31.92077,-31.66931,-82.66256,-0.29838,0.72513,-0.27017,-0.55872,-14.16710,-2.15809,-0.02402,
1671607544699906048,-32.89139,-31.83834,-82.66246,-0.29989,0.72027,-0.27506,-0.56180,-19.41233,-3.38071,-0.02961,
1671607544799994880,-33.39777,-31.98289,-82.66279,-0.30523,0.72237,-0.27390,-0.55677,-10.12770,-2.89099,-0.03187,
1671607544899825920,-34.19530,-32.30510,-82.66366,-0.30096,0.71862,-0.27831,-0.56174,-15.95048,-6.44424,-0.03577,
1671607545000034048,-34.87160,-32.47749,-82.66357,-0.30522,0.71859,-0.27986,-0.55870,-13.52611,-3.44773,-0.03926,
1671607545099896064,-36.49994,-32.50720,-82.66413,-0.29790,0.71684,-0.28566,-0.56195,-32.56669,-0.59431,-0.04297,
1671607545199995904,-36.81090,-32.56655,-82.66378,-0.30007,0.71698,-0.28542,-0.56074,-6.21920,-1.18694,-0.03428,
1671607545299844096,-37.99956,-32.57175,-82.66338,-0.29787,0.71517,-0.28889,-0.56244,-23.77330,-0.10390,-0.03148,
1671607545399944960,-38.90553,-32.53628,-82.66266,-0.29869,0.71601,-0.29213,-0.55926,-18.11927,0.70929,-0.03108,
1671607545499898880,-40.29692,-32.58164,-82.66311,-0.29439,0.71411,-0.29564,-0.56212,-27.82788,-0.90717,-0.02964,
1671607545599998976,-41.24796,-32.88685,-82.66302,-0.29825,0.71551,-0.29930,-0.55634,-19.02079,-6.10427,-0.03168,
1671607545699844096,-42.43767,-33.27171,-82.66413,-0.29711,0.71512,-0.30304,-0.55543,-23.79421,-7.69721,-0.04710,
1671607545799920128,-43.34299,-33.74974,-82.66484,-0.30116,0.71529,-0.30484,-0.55203,-18.10632,-9.56045,-0.05358,
1671607545899885056,-44.38243,-34.16418,-82.66549,-0.30081,0.71327,-0.30648,-0.55391,-20.78896,-8.28886,-0.06089,
1671607546000092928,-44.97254,-34.23889,-82.66584,-0.30344,0.71249,-0.30777,-0.55277,-11.80220,-1.49426,-0.06355,
1671607546099934976,-46.29460,-34.09431,-82.66639,-0.30196,0.71109,-0.30797,-0.55527,-26.44105,2.89160,-0.06747,
1671607546199788032,-46.53035,-33.85899,-82.66754,-0.29911,0.70588,-0.31973,-0.55681,-4.71507,4.70645,-0.08487,
1671607546299880960,-47.57284,-33.74486,-82.66837,-0.28883,0.70262,-0.32833,-0.56134,-20.84982,2.28256,-0.09474,
1671607546399971072,-50.52980,-33.91909,-82.66918,-0.28404,0.69485,-0.34237,-0.56506,-59.13908,-3.48450,-0.09863,
1671607546499804928,-53.49618,-34.36690,-82.66923,-0.28293,0.68338,-0.34978,-0.57498,-59.32776,-8.95637,-0.04730,
1671607546599887104,-56.49500,-34.28274,-82.66843,-0.29023,0.67457,-0.34800,-0.58276,-59.97638,1.68334,-0.03535,
1671607546699970048,-59.23849,-33.06894,-82.66692,-0.30331,0.67305,-0.33283,-0.58672,-54.86969,24.27585,-0.02225,
1671607546799802112,-60.45652,-30.54920,-82.66552,-0.32188,0.67888,-0.30761,-0.58386,-24.36070,50.39497,-0.02252,
1671607546899886080,-58.93663,-27.96271,-82.66575,-0.33027,0.68541,-0.28262,-0.58418,30.39782,51.72981,-0.03627,
1671607547000090112,-56.41214,-26.34193,-82.66708,-0.33450,0.69034,-0.26568,-0.58391,50.48991,32.41556,-0.04748,
1671607547099936000,-53.93634,-24.64770,-82.66873,-0.32523,0.69205,-0.25304,-0.59267,49.51596,33.88465,-0.05527,
1671607547199777024,-52.79689,-23.56912,-82.66956,-0.31670,0.68747,-0.25423,-0.60204,22.78901,21.57142,-0.05259,
1671607547299981056,-53.40838,-22.01858,-82.66973,-0.30267,0.68037,-0.26330,-0.61333,-12.22988,31.01083,-0.08709,
1671607547399832064,-55.98215,-20.54067,-82.66715,-0.29214,0.67334,-0.27263,-0.62205,-51.47540,29.55832,-0.05179,
1671607547499912960,-58.92120,-19.93901,-82.66590,-0.28417,0.67027,-0.27593,-0.62758,-58.78097,12.03319,-0.02071,
1671607547599998976,-61.86613,-19.36686,-82.66453,-0.27773,0.67034,-0.27294,-0.63168,-58.89871,11.44300,-0.01204,
1671607547699840000,-64.72250,-18.79844,-82.66335,-0.26739,0.66965,-0.27141,-0.63751,-57.12732,11.36833,-0.00545,
1671607547799922944,-66.43174,-18.16574,-82.66198,-0.25396,0.66267,-0.27233,-0.64977,-34.18487,12.65408,-0.00095,
1671607547899884032,-69.14773,-17.78196,-82.66052,-0.23835,0.66143,-0.26854,-0.65848,-54.31980,7.67551,0.00215,
1671607548000079104,-71.27583,-17.59724,-82.66026,0.23223,-0.65898,0.27040,0.66234,-42.56190,3.69440,0.00059,
1671607548099937024,-74.04431,-17.56849,-82.66017,0.22617,-0.65899,0.26309,0.66735,-55.36968,0.57512,-0.00128,
1671607548199896064,-74.62789,-17.38497,-82.66012,0.22061,-0.65987,0.26420,0.66791,-11.67162,3.67040,-0.00125,
1671607548299982080,-76.38920,-17.33736,-82.66012,0.21096,-0.66482,0.25765,0.66867,-35.22621,0.95202,-0.01008,
1671607548399812096,-77.57663,-17.24527,-82.66011,0.20654,-0.66758,0.25603,0.66793,-23.74853,1.84187,-0.00317,
1671607548499899904,-78.71047,-17.43389,-82.66135,0.19473,-0.66719,0.25339,0.67285,-22.67673,-3.77232,-0.01497,
1671607548599981056,-81.63577,-18.09917,-82.66004,0.19410,-0.66884,0.24669,0.67388,-58.50605,-13.30571,-0.00239,
1671607548699819008,-83.30281,-18.53750,-82.66006,0.18553,-0.66803,0.25513,0.67396,-33.34077,-8.76650,-0.00048,
1671607548799912960,-85.19805,-18.88587,-82.66008,0.17512,-0.66928,0.25016,0.67736,-37.90485,-6.96751,-0.00048,
1671607548899875072,-86.61197,-19.09684,-82.66006,0.16990,-0.66961,0.24441,0.68046,-28.27838,-4.21937,-0.00135,
1671607549000088064,-88.02742,-19.58637,-82.66106,0.15726,-0.67165,0.24137,0.68257,-28.30900,-9.79046,-0.01899,
1671607549099943936,-88.61323,-19.83819,-82.66005,0.15575,-0.67460,0.23784,0.68124,-11.71620,-5.03652,-0.00421,
1671607549199779072,-89.24178,-20.09096,-82.66009,0.14524,-0.67737,0.23262,0.68261,-12.57096,-5.05530,-0.00700,
1671607549299997952,-90.84318,-20.73748,-82.66006,0.13753,-0.67898,0.22990,0.68353,-32.02803,-12.93056,-0.00287,
1671607549399834112,-92.15210,-20.92483,-82.66008,0.13084,-0.67928,0.23155,0.68399,-26.17849,-3.74700,-0.00941,
1671607549499919872,-93.75148,-21.16641,-82.66101,0.11736,-0.68221,0.23132,0.68360,-31.98752,-4.83158,-0.01543,
1671607549599884032,-95.47334,-21.49301,-82.66014,0.11382,-0.68254,0.22327,0.68653,-34.43727,-6.53202,-0.00607,
1671607549699980032,-97.10774,-22.26081,-82.66007,-0.10401,0.68697,-0.22128,-0.68431,-32.68792,-15.35593,-0.00379,
1671607549799821056,-98.38528,-22.89516,-82.66005,-0.09495,0.69205,-0.21824,-0.68149,-25.55075,-12.68707,-0.00598,
1671607549899915008,-99.55035,-24.03053,-82.66123,-0.08895,0.69145,-0.21339,-0.68444,-23.30141,-22.70735,-0.02325,
1671607550000005120,-100.33785,-24.91419,-82.66019,-0.08486,0.69735,-0.20755,-0.68075,-15.75011,-17.67327,-0.01091,
1671607550099840000,-101.45129,-25.71039,-82.66016,-0.08165,0.69838,-0.20042,-0.68223,-22.26884,-15.92392,-0.00968,
1671607550199937024,-102.40390,-26.04716,-82.66008,-0.08010,0.69942,-0.19252,-0.68361,-19.05208,-6.73530,-0.00890,
1671607550299894016,-103.89840,-26.55410,-82.66149,-0.07133,0.70037,-0.19099,-0.68404,-29.89005,-10.13887,-0.02511,
1671607550399979008,-105.14101,-26.73662,-82.66209,-0.06596,0.70053,-0.18551,-0.68592,-24.85218,-3.65042,-0.02671,
1671607550499826944,-106.59406,-27.27863,-82.66217,-0.06326,0.70585,-0.17725,-0.68290,-29.06094,-10.84021,-0.02563,
1671607550599915008,-107.78472,-27.77363,-82.66245,-0.05425,0.70675,-0.17169,-0.68416,-23.81320,-9.89995,-0.02501,
1671607550699881984,-109.35774,-28.71921,-82.66320,-0.04270,0.70726,-0.16695,-0.68563,-31.46037,-18.91167,-0.03512,
1671607550799954944,-110.75314,-29.53415,-82.66343,-0.03464,0.70715,-0.16198,-0.68739,-27.90817,-16.29876,-0.03187,
1671607550899785984,-112.28328,-30.72761,-82.66416,-0.02476,0.70704,-0.15786,-0.68888,-30.60277,-23.86915,-0.04282,
1671607550999994112,-113.66661,-31.45999,-82.66455,-0.01509,0.70710,-0.15099,-0.69064,-27.66660,-14.64764,-0.03912,
1671607551099983872,-115.76945,-32.95880,-82.66561,-0.00776,0.70720,-0.14864,-0.69117,-42.05667,-29.97631,-0.05785,
1671607551199810048,-116.49782,-33.15872,-82.66628,-0.00093,0.70762,-0.14505,-0.69154,-14.56750,-3.99830,-0.04494,
1671607551299896064,-117.67882,-34.24380,-82.66847,0.00748,0.70768,-0.14298,-0.69187,-23.62004,-21.70161,-0.09328,
1671607551399876096,-118.73946,-35.21377,-82.66963,0.01709,0.70913,-0.13672,-0.69149,-21.21278,-19.39945,-0.09630,
1671607551499976960,-119.88480,-36.55556,-82.67173,0.02705,0.70989,-0.13322,-0.69107,-22.90677,-26.83565,-0.12922,
1671607551599802880,-120.77914,-37.64492,-82.67317,0.03546,0.71179,-0.12511,-0.69025,-17.88682,-21.78728,-0.11605,
1671607551699887104,-121.78364,-39.08963,-82.67425,0.04615,0.71540,-0.12212,-0.68641,-20.08992,-28.89414,-0.15177,
1671607551799975936,-122.45850,-40.28731,-82.67511,0.05287,0.71863,-0.11288,-0.68413,-13.49729,-23.95361,-0.13037,
1671607551899809024,-122.94854,-41.86494,-82.68004,0.06611,0.71643,-0.11042,-0.68569,-9.80066,-31.55275,-0.21720,
1671607552000009984,-122.87753,-42.89421,-82.68233,0.07709,0.72671,-0.10463,-0.67454,1.42002,-20.58521,-0.18755,
1671607552099855104,-122.67754,-44.16232,-82.68235,0.07244,0.73255,-0.09202,-0.67056,3.99991,-25.36224,-0.24560,
1671607552199941120,-121.98930,-45.25148,-82.68094,0.09449,0.74581,-0.09632,-0.65235,13.76468,-21.78324,-0.21242,
1671607552299780096,-120.95922,-46.95350,-82.68639,0.10724,0.75620,-0.09932,-0.63781,20.60178,-34.04045,-0.29912,
1671607552399992064,-119.53628,-49.01228,-82.68885,0.12340,0.75918,-0.09797,-0.63153,28.45877,-41.17550,-0.21341,
1671607552499846912,-118.66726,-51.88365,-82.68987,0.13549,0.76166,-0.09900,-0.62587,17.38037,-57.42754,-0.19675,
1671607552599926016,-117.95038,-54.79674,-82.68935,0.13734,0.75588,-0.09361,-0.63326,14.33766,-58.26175,-0.15461,
1671607552699880960,-118.02441,-57.29233,-82.68558,0.13528,0.75379,-0.09137,-0.63652,-1.48074,-49.91183,-0.11903,
1671607552799962112,-118.07122,-57.76228,-82.68153,0.10645,0.78053,-0.07605,-0.61127,-0.93621,-9.39888,-0.14436,
1671607552899794944,-117.55679,-56.60443,-82.73346,0.08500,0.78446,-0.06681,-0.61068,10.28863,23.15694,-0.78028,
1671607552999887104,-116.33075,-53.86640,-82.72386,0.08005,0.74847,-0.08063,-0.65336,24.52093,54.76060,-0.32367,
1671607553099881984,-114.48507,-51.50134,-82.69181,0.07953,0.77937,-0.06139,-0.61845,36.91349,47.30110,-0.18453,
1671607553199976960,-113.65116,-50.78870,-82.68688,0.07706,0.78481,-0.05698,-0.61228,16.67824,14.25286,-0.09554,
1671607553299814912,-112.93161,-51.14836,-82.66007,0.08655,0.78321,-0.06808,-0.61192,14.39090,-7.19318,-0.02956,
1671607553399898880,-112.86435,-52.55600,-82.66007,0.09835,0.77857,-0.07713,-0.61498,1.34532,-28.15287,-0.02951,
1671607553499980032,-114.38621,-55.14133,-82.66007,0.10728,0.77168,-0.08697,-0.62084,-30.43731,-51.70658,-0.03115,
1671607553599817984,-116.51934,-57.25078,-82.66007,0.11119,0.76304,-0.09156,-0.63009,-42.66250,-42.18900,-0.02046,
1671607553699906048,-119.05124,-58.85996,-82.66007,0.11334,0.75466,-0.09343,-0.63947,-50.63808,-32.18362,-0.01784,
1671607553799994880,-122.03371,-59.18387,-82.66007,0.11456,0.74700,-0.09210,-0.64837,-59.64926,-6.47808,-0.01664,
1671607553899836928,-124.76381,-59.10031,-82.66007,0.11825,0.73830,-0.09159,-0.65768,-54.60213,1.67119,-0.01447,
1671607554000043008,-127.27086,-58.56056,-82.66007,0.12719,0.72800,-0.09416,-0.66706,-50.14087,10.79505,-0.01743,
1671607554099891968,-130.27078,-58.58187,-82.66007,0.14599,0.71741,-0.10464,-0.67310,-59.99849,-0.42624,-0.01847,
1671607554199981056,-132.36408,-59.72103,-82.66007,0.16769,0.70683,-0.11657,-0.67726,-41.86600,-22.78317,-0.02162,
1671607554299814912,-134.40379,-61.92093,-82.66007,0.19187,0.69626,-0.12984,-0.67937,-40.79429,-43.99802,-0.02873,
1671607554399916032,-136.11952,-64.38188,-82.66007,0.21532,0.68590,-0.13961,-0.68095,-34.31451,-49.21905,-0.02621,
1671607554499894016,-137.45277,-67.06934,-82.66007,-0.24103,-0.67593,0.14848,0.68043,-26.66511,-53.74916,-0.03161,
1671607554599986944,-138.72639,-69.78557,-82.66007,0.13332,-0.52702,0.43190,0.71968,-25.47234,-54.32458,-0.00030,
1671607554699815936,-139.68042,-72.62983,-82.65897,0.21078,-0.58028,0.29470,0.72938,-19.08059,-56.88524,0.01093,
1671607554799912960,-140.67045,-75.46176,-82.66009,0.29870,-0.52671,0.18864,0.77315,-19.80053,-56.63867,-0.01229,
1671607554899998976,-141.37698,-78.37738,-82.66133,0.29774,-0.54711,0.14992,0.76782,-14.13068,-58.31230,-0.01410,
1671607555000079872,-141.75844,-81.35303,-82.66088,0.28370,-0.57633,0.11184,0.75819,-7.62923,-59.51298,0.00246,
1671607555099924992,-141.76930,-83.95162,-82.66049,0.25201,-0.56376,0.12355,0.77679,-0.21707,-51.97183,0.00355,
1671607555199894016,-141.43949,-85.66508,-82.66021,0.13508,-0.54971,0.18742,0.80278,6.59610,-34.26926,0.00243,
1671607555299972096,-140.96817,-86.56988,-82.66002,0.03776,-0.58321,0.21733,0.78180,9.42640,-18.09595,-0.00413,
1671607555399824896,-141.10756,-86.71661,-82.66005,-0.02769,-0.62413,0.20877,0.75241,-2.78771,-2.93471,-0.00715,
1671607555499897088,-141.85852,-86.89893,-82.66002,-0.08860,-0.66614,0.17403,0.71981,-15.01918,-3.64632,-0.01264,
1671607555599876096,-142.96915,-87.04746,-82.65998,-0.14987,-0.66728,0.11359,0.72067,-22.21270,-2.97065,-0.01466,
1671607555699973120,-143.72875,-87.67736,-82.66002,0.21975,0.68940,-0.04992,-0.68843,-15.19190,-12.59793,-0.00874,
1671607555799821056,-144.32943,-88.66694,-82.66007,0.19550,0.71121,-0.05857,-0.67270,-12.01374,-19.79163,-0.00462,
1671607555899897088,-144.68785,-89.52955,-82.66007,0.18885,0.71095,-0.04217,-0.67610,-7.16837,-17.25213,-0.00125,
1671607555999983104,-146.07270,-88.16848,-82.66006,-0.15742,-0.66897,0.05655,0.72423,-27.69698,27.22140,0.00167,
1671607556099968000,-147.93524,-85.81668,-82.66007,-0.20630,-0.68412,0.00933,0.69953,-37.25073,47.03597,0.00287,
1671607556199806976,-149.15292,-84.41275,-82.66007,-0.23586,-0.68444,-0.01219,0.68976,-24.35363,28.07862,0.00060,
1671607556299909120,-150.31957,-84.12707,-82.66007,0.23642,0.71195,-0.00352,-0.66123,-23.33307,5.71360,-0.00630,
1671607556399997952,-150.59342,-85.20153,-82.66007,-0.29520,-0.66634,-0.00704,0.68469,-5.47691,-21.48916,-0.01499,
1671607556499848960,-149.02343,-87.75792,-82.66007,0.31025,0.69012,-0.00748,-0.65378,31.39979,-51.12781,-0.03197,
1671607556599938048,-147.05481,-90.02167,-82.66006,0.30820,0.71144,-0.01744,-0.63132,39.37226,-45.27500,-0.02195,
1671607556699895040,-144.78362,-91.98168,-82.66006,0.26807,0.69620,-0.07419,-0.66177,45.42393,-39.20034,-0.02488,
1671607556799983104,-142.40020,-93.80359,-82.66007,-0.23584,-0.65967,0.10200,0.70627,47.66831,-36.43805,-0.02482,
1671607556899822080,-140.30177,-95.27222,-82.66007,-0.22187,-0.64206,0.09479,0.72770,41.96857,-29.37259,-0.02149,
1671607557000014080,-139.45338,-95.37639,-82.66007,-0.25343,-0.66810,0.05389,0.69750,16.96786,-2.08359,-0.02610,
1671607557099991040,-138.86517,-94.53553,-82.66007,-0.26986,-0.68050,0.01686,0.68104,11.76419,16.81734,-0.04272,
1671607557199835904,-139.19996,-94.05856,-82.66007,-0.27074,-0.67173,-0.00341,0.68954,-6.69577,9.53929,-0.03817,
1671607557299932928,-140.04507,-93.52425,-82.66006,0.31925,0.68478,0.07748,-0.65050,-16.90217,10.68625,-0.03379,
1671607557399896064,-141.36822,-93.39126,-82.66007,0.34093,0.69553,0.12842,-0.61928,-26.46297,2.65981,-0.03021,
1671607557499986944,-142.39747,-93.66170,-82.66007,0.36507,0.71121,0.19616,-0.56782,-20.58504,-5.40877,-0.02935,
1671607557599813120,-142.37786,-94.20548,-82.66007,0.44422,0.67671,0.21476,-0.54645,0.39213,-10.87570,-0.03345,
1671607557699898112,-139.48795,-93.40024,-82.66007,0.46271,0.68836,0.20929,-0.51794,57.79823,16.10480,-0.04769,
1671607557799994112,-136.71792,-92.24831,-82.66007,0.44020,0.71323,0.22058,-0.49887,55.40051,23.03874,-0.02927,
1671607557899832064,-133.74002,-91.88486,-82.66007,0.44469,0.68839,0.19832,-0.53762,59.55805,7.26902,-0.03267,
1671607558000041984,-130.74709,-92.09064,-82.66007,0.48866,0.62955,0.25015,-0.54982,59.85868,-4.11570,-0.03171,
1671607558099897088,-133.72766,-92.43152,-82.66007,0.50988,0.58153,0.29875,-0.55910,-59.61141,-6.81764,-0.02118,
1671607558199979008,-136.44664,-91.63384,-82.66007,0.53025,0.57273,0.35000,-0.51799,-54.37955,15.95368,-0.02146,
1671607558299823104,-139.01103,-90.07696,-82.66007,0.52004,0.55147,0.34792,-0.55172,-51.28791,31.13760,-0.01151,
1671607558399917056,-139.20488,-88.05283,-82.66007,0.51519,0.53658,0.35384,-0.56697,-3.87694,40.48255,-0.00931,
1671607558499884032,-138.85060,-86.61002,-82.66006,0.50176,0.55509,0.33618,-0.57193,7.08564,28.85617,-0.01430,
1671607558599985920,-136.87667,-85.82368,-82.66007,0.48931,0.57978,0.32521,-0.56450,39.47850,15.72678,-0.03237,
1671607558699830016,-135.62477,-85.64056,-82.66007,0.47735,0.60012,0.32503,-0.55348,25.03795,3.66244,-0.02575,
1671607558799922944,-135.34888,-85.26036,-82.65936,0.47977,0.59994,0.35889,-0.53018,5.51784,7.60398,-0.03325,
1671607558899892992,-134.85339,-84.81086,-82.66007,0.47465,0.60316,0.38222,-0.51460,9.90995,8.99003,-0.03532,
1671607559000102912,-135.55916,-83.77622,-82.65826,0.46176,0.60598,0.39883,-0.51039,-14.11542,20.69284,-0.01370,
1671607559099930880,-135.48077,-81.97662,-82.66007,0.45913,0.60548,0.40708,-0.50683,1.56768,35.99204,-0.02980,
1671607559199897088,-135.77755,-80.32371,-82.66007,0.42090,0.61782,0.43240,-0.50415,-5.93563,33.05813,-0.02839,
1671607559299997952,-135.42678,-79.21642,-82.66008,0.41827,0.61799,0.42396,-0.51323,7.01537,22.14576,-0.02859,
1671607559399840000,-135.54939,-78.33803,-82.66004,0.44162,0.59809,0.42920,-0.51287,-2.45219,17.56793,-0.03004,
1671607559499924992,-135.01673,-77.27852,-82.66011,0.43316,0.59604,0.43181,-0.52024,10.65326,21.19018,-0.03042,
1671607559599884032,-134.45287,-76.31090,-82.66028,0.42248,0.58805,0.44335,-0.52835,11.27722,19.35227,-0.03047,
1671607559699970048,-134.03506,-75.79201,-82.66235,0.41650,0.57760,0.44522,-0.54285,8.35617,10.37791,-0.04162,
1671607559799817984,-134.18753,-75.41987,-82.66539,0.40881,0.57977,0.44107,-0.54973,-3.04932,7.44272,-0.07363,
1671607559899900928,-133.51288,-74.77805,-82.66880,0.40538,0.58289,0.43524,-0.55360,13.49288,12.83635,-0.10831,
1671607559999986944,-133.17613,-74.33116,-82.67178,0.40499,0.58249,0.43502,-0.55447,6.73508,8.93798,-0.13347,
1671607560099954944,-131.99999,-74.07230,-82.67448,0.40201,0.58692,0.42824,-0.55724,23.52271,5.17720,-0.15870,
1671607560199795968,-131.85035,-73.89052,-82.67648,0.40547,0.58414,0.43063,-0.55581,2.99293,3.63560,-0.17903,
1671607560299879936,-130.81153,-73.64966,-82.67787,0.40538,0.58606,0.42399,-0.55896,20.77631,4.81708,-0.18903,
1671607560399971072,-130.10710,-73.57229,-82.67995,0.39959,0.58918,0.42958,-0.55557,14.08860,1.54744,-0.21500,
1671607560499813888,-129.12688,-73.34726,-82.68042,0.39516,0.59092,0.42436,-0.56088,19.60446,4.50065,-0.22195,
1671607560599904000,-128.77433,-73.06645,-82.68472,0.40123,0.58652,0.41887,-0.56530,7.05103,5.61609,-0.26186,
1671607560699992064,-128.02038,-72.73705,-82.68571,0.40000,0.58770,0.42451,-0.56071,15.07904,6.58798,-0.27455,
1671607560799825920,-127.72160,-72.46003,-82.68906,0.40338,0.58805,0.42007,-0.56127,5.97553,5.54048,-0.31370,
1671607560899904000,-127.00961,-72.30730,-82.68969,0.39577,0.58918,0.42655,-0.56061,14.23988,3.05451,-0.31748,
1671607561000102912,-126.66455,-72.34759,-82.68554,0.39388,0.58927,0.42951,-0.55959,6.90111,-0.80566,-0.27827,
1671607561099956992,-125.24807,-72.40870,-82.69774,0.40403,0.58786,0.40471,-0.57219,28.32951,-1.22233,-0.39642,
1671607561199802880,-123.99800,-72.59346,-82.69867,0.38014,0.59557,0.42389,-0.56667,25.00156,-3.69516,-0.40781,
1671607561299888128,-123.29221,-72.62891,-82.69353,0.39458,0.59146,0.39634,-0.58086,14.11567,-0.70893,-0.35429,
1671607561399983104,-122.18295,-72.40856,-82.69371,0.38842,0.59624,0.41400,-0.56766,22.18530,4.40700,-0.35686,
1671607561499824128,-121.64806,-72.47820,-82.68731,0.39103,0.59408,0.41081,-0.57044,10.69772,-1.39277,-0.29257,
1671607561599906048,-120.77227,-72.47487,-82.68605,0.38588,0.59631,0.40013,-0.57914,17.51587,0.06652,-0.27650,
1671607561699876096,-120.24692,-72.51372,-82.68949,0.38614,0.59869,0.39920,-0.57715,10.50687,-0.77700,-0.31133,
1671607561799980032,-119.43227,-72.67741,-82.68855,0.38451,0.59211,0.39580,-0.58728,16.29311,-3.27374,-0.30494,
1671607561899820032,-118.93242,-72.82306,-82.68867,0.38836,0.59383,0.38932,-0.58734,9.99699,-2.91308,-0.30655,
1671607562000016896,-118.11280,-72.76689,-82.69456,0.38150,0.59529,0.39921,-0.58371,16.39235,1.12340,-0.36767,
1671607562099880960,-117.71543,-72.67606,-82.69027,0.38373,0.59987,0.39696,-0.57907,7.94738,1.81665,-0.32073,
1671607562199976960,-117.47349,-72.58631,-82.70148,-0.38870,-0.58368,-0.38603,0.59934,4.83885,1.79506,-0.42689,
1671607562299819008,-116.15408,-72.39759,-82.68602,-0.40409,-0.58679,-0.37623,0.59231,26.38822,3.77434,-0.27076,
1671607562399918080,-115.37942,-72.21824,-82.68137,0.37599,0.60387,0.39069,-0.58424,15.49325,3.58702,-0.21771,
1671607562499877888,-114.22706,-72.00659,-82.70123,0.39669,0.61664,0.36687,-0.57254,23.04719,4.23304,-0.43924,
1671607562599954944,-114.19251,-72.31617,-82.68629,0.38903,0.62266,0.37285,-0.56740,0.69099,-6.19170,-0.28370,
1671607562699802112,-111.19885,-72.12118,-82.68656,0.37461,0.63646,0.34817,-0.57739,59.87312,3.89991,-0.26479,
1671607562799895040,-108.21441,-71.81603,-82.68932,0.39078,0.62048,0.30850,-0.60590,59.68881,6.10291,-0.17005,
1671607562899973120,-106.92698,-71.75644,-82.68893,0.35016,0.62728,0.35112,-0.60052,25.74860,1.19185,-0.15936,
1671607563000052992,-107.70581,-71.74305,-82.68321,0.32531,0.62853,0.34382,-0.61718,-15.57662,0.26779,-0.25535,
1671607563099909888,-110.69524,-71.99469,-82.68998,0.31320,0.63277,0.34344,-0.61932,-59.78855,-5.03279,-0.32766,
1671607563199991040,-112.34443,-72.19359,-82.68323,0.30473,0.63775,0.30790,-0.63688,-32.98389,-3.97801,-0.08717,
1671607563299830016,-112.18513,-72.34874,-82.70150,0.29298,0.63860,0.31779,-0.63668,3.18615,-3.10311,-0.40166,
1671607563399908096,-110.85463,-72.38771,-82.72493,0.33214,0.64918,0.30449,-0.61281,26.60985,-0.77936,-0.67339,
1671607563499991040,-107.86707,-72.11487,-82.69141,0.32332,0.65107,0.31376,-0.61084,59.75134,5.45684,-0.32374,
1671607563599826944,-104.86785,-72.14086,-82.69208,0.33461,0.65451,0.30696,-0.60451,59.98442,-0.51986,-0.17329,
1671607563699922944,-102.27827,-72.45774,-82.68794,0.35381,0.63235,0.27984,-0.62979,51.79154,-6.33752,-0.12749,
1671607563799881984,-100.95263,-72.88210,-82.68388,0.34854,0.63412,0.27833,-0.63162,26.51279,-8.48725,-0.12608,
1671607563899971072,-99.95483,-73.27434,-82.68511,0.34943,0.63287,0.27771,-0.63265,19.95596,-7.84469,-0.27331,
1671607564000051968,-99.81976,-73.12051,-82.68755,0.32843,0.64186,0.31485,-0.61727,2.70133,3.07648,-0.29705,
1671607564099902976,-99.17824,-73.28550,-82.68123,0.33308,0.63964,0.31890,-0.61500,12.83054,-3.29982,-0.23413,
1671607564199883008,-99.30898,-73.66322,-82.68356,0.36689,0.62391,0.29497,-0.62379,-2.61493,-7.55434,-0.25119,
1671607564299982080,-98.17931,-73.78767,-82.70515,-0.37687,-0.62433,-0.27953,0.62453,22.59340,-2.48890,-0.48186,
1671607564399819008,-96.85463,-73.64671,-82.68131,0.32770,0.65112,0.29572,-0.61742,26.49359,2.81904,-0.23108,
1671607564499923968,-95.33530,-73.24227,-82.69761,0.32984,0.64313,0.29652,-0.62423,30.38670,8.08885,-0.37121,
1671607564599781120,-94.23315,-72.78426,-82.66161,0.33201,0.64579,0.29416,-0.62144,22.04305,9.16021,-0.01740,
1671607564699996928,-93.24109,-72.60764,-82.66007,0.33431,0.64791,0.29075,-0.61961,19.84110,3.53240,-0.02761,
1671607564799827968,-92.27285,-72.49795,-82.66007,0.33562,0.65039,0.28952,-0.61687,19.36492,2.19387,-0.02820,
1671607564899928064,-91.11397,-72.52748,-82.66007,0.33685,0.65165,0.28874,-0.61524,23.17744,-0.59071,-0.03919,
1671607565000006912,-90.43663,-72.24608,-82.66007,0.33779,0.65310,0.28805,-0.61350,13.54686,5.62799,-0.03737,
1671607565099986944,-89.47825,-72.23818,-82.66007,0.33871,0.65701,0.28529,-0.61010,19.16761,0.15803,-0.03423,
1671607565199830016,-89.12771,-72.18769,-82.66007,0.33884,0.66175,0.28398,-0.60550,7.01078,1.00990,-0.02027,
1671607565299907072,-88.07610,-71.73260,-82.66007,0.34143,0.66582,0.27899,-0.60190,21.03219,9.10169,-0.03407,
1671607565399998976,-87.19820,-70.95612,-82.66007,0.34167,0.66622,0.27655,-0.60243,17.55798,15.52962,-0.06008,
1671607565499831040,-85.72781,-70.71352,-82.66007,0.34003,0.66814,0.27488,-0.60200,29.40779,4.85209,-0.05983,
1671607565599927040,-85.13801,-71.15540,-82.66007,0.33963,0.67128,0.27339,-0.59941,11.79599,-8.83767,-0.05104,
1671607565699897088,-84.76908,-71.05493,-82.66007,0.34026,0.67415,0.27022,-0.59727,7.37864,2.00947,-0.04555,
1671607565799984896,-84.07521,-70.71982,-82.66007,0.33995,0.67650,0.26819,-0.59569,13.87741,6.70217,-0.03817,
1671607565899815936,-83.09023,-70.54767,-82.66007,0.34033,0.67885,0.26629,-0.59366,19.69963,3.44292,-0.03365,
1671607566000017920,-82.45506,-70.40605,-82.66007,0.33917,0.68092,0.26651,-0.59184,12.70338,2.83237,-0.03677,
1671607566099994112,-81.49065,-70.20713,-82.66007,0.34052,0.68343,0.26495,-0.58887,19.28817,3.97845,-0.03874,
1671607566199833088,-81.42829,-70.02477,-82.66007,0.34367,0.68539,0.26356,-0.58538,1.24728,3.64720,-0.02767,
1671607566299924992,-80.58080,-69.67566,-82.66007,0.34627,0.68787,0.26047,-0.58231,16.94979,6.98225,-0.03485,
1671607566399895040,-79.54572,-69.58209,-82.66007,0.34812,0.69134,0.25889,-0.57779,20.70153,1.87144,-0.02988,
1671607566499973888,-78.33799,-69.45358,-82.66007,0.35039,0.69421,0.25562,-0.57442,24.15460,2.57020,-0.04572,
1671607566599810048,-77.32907,-68.83485,-82.66007,0.34724,0.69638,0.25581,-0.57362,20.17839,12.37446,-0.05869,
1671607566699902976,-76.23855,-68.74224,-82.66006,0.33719,0.66274,0.23295,-0.62675,21.81052,1.85224,-0.07632,
1671607566799991040,-76.14645,-68.53060,-82.66223,-0.29346,-0.64469,-0.27946,0.64820,1.84189,4.23282,-0.06315,
1671607566899828992,-75.36331,-68.20652,-82.66286,-0.26791,-0.62495,-0.30270,0.66786,15.66281,6.48162,-0.05640,
1671607567000027904,-74.66149,-68.25588,-82.66340,-0.24227,-0.60305,-0.31869,0.68998,14.03635,-0.98718,-0.06170,
1671607567099889920,-73.63266,-68.71538,-82.66473,-0.25069,-0.59296,-0.33832,0.68636,20.57659,-9.19002,-0.05812,
1671607567199970048,-73.68530,-68.77994,-82.66373,-0.25437,-0.58240,-0.34484,0.69079,-1.05264,-1.29110,-0.04291,
1671607567299803904,-72.70166,-68.32180,-82.66415,-0.25932,-0.57717,-0.33425,0.69850,19.67279,9.16275,-0.05312,
1671607567399899904,-72.04381,-68.46531,-82.66491,-0.25805,-0.57328,-0.33231,0.70309,13.15692,-2.87021,-0.05494,
1671607567499982080,-70.78744,-68.78102,-82.66609,-0.26132,-0.57295,-0.33884,0.69902,25.12745,-6.31416,-0.07629,
1671607567599825920,-69.93304,-68.99964,-82.66638,-0.25728,-0.56897,-0.34220,0.70213,17.08802,-4.37250,-0.07820,
1671607567699909120,-69.69252,-68.79159,-82.66700,-0.26165,-0.57100,-0.33678,0.70148,4.81025,4.16097,-0.07913,
1671607567799881984,-69.63968,-68.81004,-82.66733,-0.26348,-0.57335,-0.33048,0.70188,1.05691,-0.36891,-0.08354,
1671607567899979008,-68.43117,-69.02687,-82.66756,-0.26824,-0.57588,-0.32535,0.70040,24.17025,-4.33654,-0.08074,
1671607568000059904,-66.74151,-69.22723,-82.66698,-0.26991,-0.57706,-0.32270,0.70001,33.79307,-4.00734,-0.07857,
1671607568099907072,-63.88590,-69.35027,-82.66671,-0.26994,-0.58014,-0.32001,0.69869,57.11221,-2.46076,-0.05907,
1671607568199992064,-63.15112,-69.35465,-82.66632,-0.26599,-0.58306,-0.32170,0.69699,14.69564,-0.08756,-0.03382,
1671607568299833088,-61.81787,-69.11401,-82.66625,-0.26373,-0.59046,-0.32192,0.69150,26.66505,4.81272,-0.06477,
1671607568399919104,-61.35879,-68.60423,-82.66469,-0.25867,-0.58922,-0.32478,0.69313,9.18148,10.19568,-0.03779,
1671607568499887104,-60.87772,-67.79009,-82.66331,-0.25582,-0.59167,-0.32204,0.69338,9.62149,16.28279,-0.02612,
1671607568599982080,-60.69193,-67.30434,-82.66183,-0.25672,-0.58774,-0.31768,0.69838,3.71573,9.71492,-0.01747,
1671607568699828992,-59.99891,-67.40432,-82.66229,-0.25178,-0.58907,-0.31986,0.69806,13.86035,-1.99948,-0.02256,
1671607568799909888,-59.81810,-67.92978,-82.66213,-0.25082,-0.58616,-0.32114,0.70027,3.61623,-10.50916,-0.02347,
1671607568899997952,-59.07674,-68.31508,-82.66274,-0.25137,-0.58856,-0.31719,0.69986,14.82729,-7.70604,-0.02861,
1671607569000067072,-58.63357,-68.58954,-82.66266,-0.25240,-0.58709,-0.31598,0.70127,8.86329,-5.48923,-0.02770,
1671607569099909120,-57.20315,-68.60122,-82.66344,-0.25874,-0.59332,-0.30905,0.69679,28.60845,-0.23358,-0.03446,
1671607569199994880,-56.82371,-68.56180,-82.66332,-0.25397,-0.59089,-0.31082,0.69981,7.58887,0.78838,-0.03892,
1671607569299845120,-55.63555,-68.58728,-82.66480,-0.25191,-0.59126,-0.30963,0.70077,23.76323,-0.50962,-0.05924,
1671607569399951872,-54.88586,-68.61619,-82.66620,-0.25109,-0.59110,-0.31078,0.70069,14.99383,-0.57819,-0.06747,
1671607569499784960,-54.06985,-68.56998,-82.66685,-0.25003,-0.59363,-0.30769,0.70030,16.32018,0.92409,-0.06622,
1671607569599878912,-53.48358,-68.42925,-82.66643,-0.24955,-0.59207,-0.30745,0.70189,11.72540,2.81477,-0.06872,
1671607569699940096,-52.50378,-68.26148,-82.66720,-0.25018,-0.59198,-0.30491,0.70285,19.59583,3.35524,-0.07810,
1671607569799777024,-51.96570,-68.54597,-82.66766,-0.25049,-0.59084,-0.30639,0.70306,10.76168,-5.68974,-0.08753,
1671607569899988992,-51.01178,-68.85469,-82.66869,-0.24723,-0.59396,-0.30176,0.70359,19.07838,-6.17442,-0.09108,
1671607570000072960,-50.48557,-68.93432,-82.66892,-0.24775,-0.59453,-0.30179,0.70290,10.52430,-1.59247,-0.09209,
1671607570099927040,-49.14516,-68.74375,-82.66880,-0.24990,-0.59504,-0.29884,0.70298,26.80804,3.81140,-0.08731,
1671607570199891968,-48.85646,-68.67956,-82.66855,-0.25249,-0.59363,-0.30004,0.70273,5.77404,1.28363,-0.08916,
1671607570299985920,-47.66773,-68.82181,-82.66953,-0.25253,-0.59584,-0.29526,0.70287,23.77461,-2.84483,-0.09744,
1671607570399824896,-46.90928,-68.97068,-82.66972,-0.25403,-0.59535,-0.29570,0.70256,15.16913,-2.97750,-0.10950,
1671607570499918080,-45.61954,-69.02654,-82.67192,-0.25369,-0.59660,-0.29334,0.70261,25.79471,-1.11729,-0.13046,
1671607570599898880,-44.79896,-69.12682,-82.67321,-0.25452,-0.59651,-0.29533,0.70155,16.41150,-2.00545,-0.15062,
1671607570699997952,-43.78846,-69.14752,-82.67571,-0.25288,-0.60085,-0.29238,0.69967,20.21020,-0.41414,-0.16560,
1671607570799840000,-43.17200,-69.01839,-82.67631,-0.25285,-0.60269,-0.29362,0.69758,12.32915,2.58279,-0.17014,
1671607570899923968,-42.11162,-68.44294,-82.67715,-0.25374,-0.60480,-0.29170,0.69623,21.20751,11.50882,-0.17899,
1671607571000011008,-41.40536,-68.01514,-82.67724,-0.25629,-0.60419,-0.29439,0.69469,14.12526,8.55601,-0.18301,
1671607571099997952,-39.82054,-67.74894,-82.67822,-0.25478,-0.60698,-0.29090,0.69429,31.69629,5.32407,-0.18676,
1671607571199832064,-39.62236,-67.64056,-82.67813,-0.25648,-0.60718,-0.29206,0.69301,3.96368,2.16757,-0.17269,
1671607571299908096,-38.55573,-67.47569,-82.67822,-0.25505,-0.60955,-0.28766,0.69328,21.33254,3.29753,-0.18585,
1671607571399891968,-37.72446,-67.34608,-82.67771,-0.25670,-0.60934,-0.28999,0.69189,16.62549,2.59205,-0.18391,
1671607571499983104,-36.53613,-67.29745,-82.67795,-0.25472,-0.61174,-0.28822,0.69124,23.76657,0.97263,-0.18501,
1671607571599836928,-35.86449,-67.13054,-82.67836,-0.25367,-0.61384,-0.28949,0.68924,13.43286,3.33826,-0.19302,
1671607571699924992,-35.05908,-66.83280,-82.67917,-0.25295,-0.61674,-0.28778,0.68762,16.10816,5.95467,-0.19566,
1671607571799879936,-34.47557,-66.30382,-82.67925,-0.25329,-0.61650,-0.28897,0.68722,11.67019,10.57976,-0.19668,
1671607571899982080,-33.52682,-65.84744,-82.67996,-0.25495,-0.61645,-0.28798,0.68706,18.97493,9.12749,-0.20249,
1671607572000069888,-32.92606,-65.75601,-82.68077,-0.25489,-0.61484,-0.28881,0.68818,12.01532,1.82869,-0.21621,
1671607572099920896,-31.53494,-65.87856,-82.68105,-0.25268,-0.61650,-0.28173,0.69044,27.82228,-2.45104,-0.22663,
1671607572199891968,-31.34231,-66.09001,-82.68269,-0.25341,-0.61733,-0.28344,0.68873,3.85274,-4.22893,-0.24098,
1671607572299977984,-30.27889,-66.26607,-82.68585,-0.24711,-0.62335,-0.28591,0.68457,21.26838,-3.52120,-0.27551,
1671607572399802880,-29.36604,-66.06150,-82.68659,-0.25699,-0.61657,-0.28305,0.68824,18.25693,4.09124,-0.26371,
1671607572499898880,-28.15943,-66.02298,-82.68392,-0.26086,-0.61725,-0.28351,0.68598,24.13231,0.77059,-0.24384,
1671607572599998976,-27.30567,-65.53845,-82.68656,-0.24955,-0.61754,-0.29247,0.68617,17.07514,9.69057,-0.28715,
1671607572699848960,-27.13877,-65.57856,-82.68913,-0.25488,-0.61578,-0.28870,0.68739,3.33800,-0.80218,-0.30392,
1671607572799923968,-28.19115,-65.70271,-82.68696,-0.25778,-0.62050,-0.27214,0.68882,-21.04759,-2.48315,-0.28347,
1671607572899896064,-27.01403,-65.63305,-82.69215,-0.25490,-0.62632,-0.27781,0.68233,23.54231,1.39328,-0.33560,
1671607573000082944,-25.24609,-65.31692,-82.69033,-0.26142,-0.62441,-0.27522,0.68267,35.35884,6.32252,-0.30877,
1671607573099951104,-23.02117,-64.90735,-82.68966,-0.27051,-0.62206,-0.26942,0.68358,44.49850,8.19154,-0.25521,
1671607573199790080,-21.01012,-64.69493,-82.69003,-0.26500,-0.62262,-0.27623,0.68251,40.22083,4.24828,-0.20673,
1671607573299994880,-19.47196,-64.49001,-82.69229,-0.26023,-0.63523,-0.27293,0.67399,30.76328,4.09841,-0.25272,
1671607573399847936,-18.99191,-64.35878,-82.69151,-0.25940,-0.63962,-0.26624,0.67285,9.60097,2.62460,-0.31835,
1671607573499928064,-18.38175,-64.14714,-82.69065,-0.25708,-0.63911,-0.25954,0.67682,12.20313,4.23290,-0.32271,
1671607573599881984,-18.23133,-64.06751,-82.69200,-0.25403,-0.62955,-0.25739,0.68767,3.00857,1.59258,-0.33714,
1671607573699975936,-17.67869,-64.05521,-82.69444,-0.25254,-0.63354,-0.25624,0.68498,11.05278,0.24594,-0.35913,
1671607573799815936,-17.35181,-64.31156,-82.68391,-0.24810,-0.63513,-0.26082,0.68339,6.53746,-5.12688,-0.24770,
1671607573899900928,-16.23621,-64.34219,-82.69403,-0.24856,-0.63676,-0.25171,0.68513,22.31216,-0.61268,-0.35213,
1671607574000113920,-15.35457,-64.35186,-82.68916,-0.24613,-0.64055,-0.25834,0.67998,17.63278,-0.19348,-0.30726,
1671607574099958016,-13.70198,-64.51942,-82.69505,-0.25051,-0.64159,-0.24933,0.68076,33.05177,-3.35106,-0.36889,
1671607574199794944,-13.49789,-64.74992,-82.68640,-0.24888,-0.63410,-0.25306,0.68698,4.08186,-4.61001,-0.24489,
1671607574299889920,-12.47114,-64.86772,-82.69255,-0.24951,-0.63265,-0.24206,0.69203,20.53494,-2.35615,-0.34235,
1671607574399983104,-11.91776,-64.78203,-82.69662,-0.24842,-0.64494,-0.24559,0.67972,11.06766,1.71381,-0.38719,
1671607574499827968,-10.91497,-64.75589,-82.68904,-0.24308,-0.63835,-0.24953,0.68641,20.05578,0.52288,-0.30447,
1671607574599899904,-10.08763,-64.75526,-82.68772,-0.25031,-0.63729,-0.24653,0.68587,16.54678,0.01270,-0.29013,
1671607574699995904,-8.97614,-64.70662,-82.68540,-0.25121,-0.63847,-0.24637,0.68451,22.22967,0.97280,-0.26694,
1671607574799834880,-8.17713,-64.73832,-82.68908,-0.24926,-0.63427,-0.24867,0.68828,15.98038,-0.63411,-0.30707,
1671607574899913984,-7.19040,-64.74750,-82.68942,-0.24906,-0.63851,-0.24142,0.68701,19.73451,-0.18363,-0.30062,
1671607575000005120,-6.78202,-64.76834,-82.68609,-0.24030,-0.65472,-0.25312,0.67047,8.16767,-0.41673,-0.27323,
1671607575099849984,-5.96834,-64.65403,-82.70848,-0.24026,-0.64536,-0.23896,0.68460,16.27363,2.28627,-0.49158,
1671607575199934976,-5.29137,-64.41822,-82.68635,-0.25056,-0.63431,-0.22944,0.69443,13.53930,4.71602,-0.27194,
1671607575299774976,-4.11834,-64.09453,-82.69286,-0.26127,-0.65424,-0.22316,0.67373,23.46067,6.47391,-0.35023,
1671607575399994112,-3.22604,-64.12822,-82.69141,-0.26255,-0.63344,-0.21529,0.69532,17.84595,-0.67378,-0.32720,
1671607575499837952,-1.90505,-64.27335,-82.68504,-0.26426,-0.64125,-0.20964,0.68921,26.41980,-2.90265,-0.26822,
1671607575599932928,-0.94567,-64.41726,-82.68679,-0.25459,-0.65306,-0.21352,0.68052,19.18750,-2.87816,-0.28912,
1671607575699782912,0.09360,-64.33086,-82.68805,-0.24278,-0.66281,-0.23091,0.66964,20.78557,1.72803,-0.30341,
1671607575799988992,0.75791,-64.18625,-82.69357,-0.21955,-0.65605,-0.24242,0.68017,13.28602,2.89221,-0.34563,
1671607575899833088,1.74180,-63.98584,-82.69377,-0.23553,-0.66600,-0.21430,0.67456,19.67796,4.00809,-0.35967,
1671607575999921920,2.38787,-63.87705,-82.73225,-0.23488,-0.64991,-0.21859,0.68896,12.92138,2.17583,-0.74285,
1671607576099900928,4.18976,-63.80710,-82.69129,0.22426,0.67049,0.22671,-0.66989,36.03768,1.39906,-0.32978,
1671607576199990016,4.70833,-63.74567,-82.69505,0.26877,0.67995,0.20210,-0.65160,10.37149,1.22857,-0.31842,
1671607576299824896,6.34755,-63.68623,-82.68966,-0.25692,-0.65364,-0.21623,0.67823,32.78441,1.18883,-0.31108,
1671607576399929088,7.45484,-63.55139,-82.69267,-0.24161,-0.64463,-0.24176,0.68383,22.14573,2.69669,-0.31241,
1671607576499888896,8.55102,-63.37060,-82.69204,0.27119,0.68328,0.20848,-0.64508,21.92374,3.61587,-0.34842,
1671607576599965952,8.93043,-63.12712,-82.71586,-0.24560,-0.66314,-0.23488,0.66691,7.58815,4.86963,-0.52789,
1671607576699801088,9.52274,-62.71465,-82.66007,0.24550,0.66625,0.23426,-0.66405,11.84614,8.24931,-0.02074,
1671607576799886080,9.73614,-62.36571,-82.66007,0.24438,0.66970,0.23447,-0.66092,4.26799,6.97881,-0.01605,
1671607576899962112,10.29891,-61.94347,-82.66007,0.24565,0.67280,0.23234,-0.65804,11.25539,8.44494,-0.01432,
1671607577000057088,10.65978,-61.37082,-82.66007,0.24595,0.67498,0.23072,-0.65626,7.21751,11.45288,-0.01677,
1671607577099890944,11.55519,-61.00690,-82.66007,0.24732,0.67749,0.22745,-0.65429,17.90805,7.27852,-0.02057,
1671607577199991040,12.28503,-60.82407,-82.66007,0.24817,0.67987,0.22499,-0.65236,14.59684,3.65660,-0.02052,
1671607577299837952,13.34507,-60.66782,-82.66007,0.25063,0.68279,0.22102,-0.64972,21.20075,3.12490,-0.02451,
1671607577399934976,14.18994,-60.49112,-82.66007,0.25338,0.68437,0.21749,-0.64818,16.89753,3.53392,-0.01938,
1671607577499785984,15.44182,-60.23679,-82.66007,0.25011,0.68473,0.22009,-0.64819,25.03757,5.08680,-0.02613,
1671607577599997952,16.42793,-60.30783,-82.66007,0.24613,0.68665,0.22335,-0.64657,19.72222,-1.42082,-0.02945,
1671607577699835904,15.97954,-60.29544,-82.66007,0.24928,0.68914,0.21933,-0.64408,-8.96775,0.24776,-0.02617,
1671607577799920128,15.62929,-59.91177,-82.66007,0.25336,0.69208,0.21311,-0.64142,-7.00508,7.67340,-0.02862,
1671607577899884032,17.03474,-59.77828,-82.66007,0.25994,0.69597,0.20391,-0.63755,28.10895,2.66981,-0.02453,
1671607577999962112,18.92335,-59.61493,-82.66007,0.26253,0.69895,0.19906,-0.63476,37.77227,3.26705,-0.02394,
1671607578099940096,21.89936,-59.23629,-82.66007,0.26241,0.70106,0.19616,-0.63338,59.52020,7.57274,-0.02824,
1671607578199783936,22.30088,-59.16993,-82.66007,0.26045,0.70246,0.19551,-0.63284,8.03037,1.32716,-0.01942,
1671607578299984896,23.10023,-59.11563,-82.66007,0.26024,0.70410,0.19378,-0.63164,15.98701,1.08601,-0.03787,
1671607578399810048,23.29139,-59.13038,-82.66007,0.25977,0.70531,0.19312,-0.63068,3.82310,-0.29504,-0.04052,
1671607578499899904,23.92093,-59.06946,-82.66007,0.26065,0.70718,0.19023,-0.62910,12.59089,1.21852,-0.03507,
1671607578599876096,24.37045,-59.05466,-82.66007,0.26091,0.70752,0.18898,-0.62898,8.99031,0.29588,-0.04123,
1671607578699953920,25.25705,-58.97115,-82.66007,0.26241,0.70864,0.18461,-0.62840,17.73207,1.67031,-0.04293,
1671607578799799040,25.80472,-59.23449,-82.66007,0.26199,0.70811,0.18379,-0.62941,10.95338,-5.26686,-0.04570,
1671607578899877120,27.01981,-59.41592,-82.66007,0.26217,0.70940,0.18117,-0.62865,24.30174,-3.62860,-0.04094,
1671607579000084992,27.34216,-59.87527,-82.66007,0.26224,0.71083,0.18083,-0.62710,6.44708,-9.18700,-0.04067,
1671607579099940096,28.42583,-59.82025,-82.66007,0.26395,0.71225,0.17747,-0.62572,21.67336,1.10038,-0.04392,
1671607579199780096,28.44929,-59.76334,-82.66007,0.26464,0.71381,0.17482,-0.62440,0.46922,1.13824,-0.04959,
1671607579299993088,29.47043,-59.83457,-82.66007,0.26598,0.71544,0.17200,-0.62275,20.42289,-1.42453,-0.05062,
1671607579399833088,30.31026,-59.81975,-82.66007,0.26675,0.71665,0.16990,-0.62160,16.79650,0.29638,-0.05770,
1671607579499937024,31.22867,-59.72817,-82.66007,0.26751,0.72025,0.16640,-0.61805,18.36826,1.83152,-0.05456,
1671607579599776000,31.97409,-59.76968,-82.66007,0.26709,0.72247,0.16636,-0.61566,14.90828,-0.83011,-0.05591,
1671607579699878912,33.03034,-59.25227,-82.66007,0.26996,0.72510,0.16270,-0.61227,21.12499,10.34818,-0.04952,
1671607579799964928,33.37884,-58.92240,-82.66007,0.27212,0.72661,0.16139,-0.60987,6.97002,6.59726,-0.04744,
1671607579899803904,34.64991,-58.66313,-82.66007,0.27483,0.72682,0.15690,-0.60957,25.42138,5.18550,-0.04739,
1671607580000003072,36.60833,-58.96583,-82.66007,0.27661,0.72658,0.15415,-0.60975,39.16850,-6.05402,-0.05499,
1671607580099971072,37.08100,-59.09430,-82.66007,0.27944,0.72781,0.14846,-0.60842,9.45337,-2.56934,-0.04022,
1671607580199813888,37.50051,-59.38476,-82.66007,0.28016,0.73037,0.14671,-0.60543,8.39013,-5.80925,-0.06194,
1671607580299919872,38.98547,-59.48724,-82.66007,0.28169,0.73411,0.14268,-0.60115,29.69935,-2.04969,-0.05555,
1671607580399998976,39.71354,-59.08082,-82.66007,0.28147,0.73822,0.14062,-0.59668,14.56140,8.12855,-0.06149,
1671607580499838976,40.90673,-58.51346,-82.66007,0.28157,0.74228,0.13821,-0.59214,23.86380,11.34712,-0.05793,
1671607580599918080,41.65357,-57.72629,-82.66007,0.28081,0.74306,0.13654,-0.59192,14.93686,15.74344,-0.06546,
1671607580699885056,42.48834,-57.03210,-82.66007,0.28073,0.74389,0.13276,-0.59177,16.69527,13.88378,-0.07264,
1671607580799974912,42.96980,-57.34329,-82.66007,0.28192,0.74450,0.12899,-0.59128,9.62922,-6.22380,-0.06832,
1671607580899820032,43.92961,-57.54565,-82.66007,0.28303,0.74505,0.12472,-0.59096,19.19629,-4.04723,-0.08039,
1671607581000022016,44.85519,-57.84496,-82.66007,0.28227,0.74662,0.12228,-0.58985,18.51156,-5.98625,-0.08571,
1671607581099998976,46.57272,-58.15453,-82.66007,0.28434,0.74818,0.11705,-0.58795,34.35060,-6.19131,-0.08314,
1671607581199848960,47.86595,-58.15930,-82.66007,0.28479,0.74911,0.11461,-0.58702,25.86446,-0.09549,-0.07690,
1671607581299941888,48.61960,-58.27702,-82.66007,0.28586,0.74959,0.11061,-0.58665,15.07309,-2.35428,-0.08152,
1671607581399776000,49.63019,-58.57853,-82.66007,0.28637,0.74930,0.10866,-0.58714,20.21177,-6.03016,-0.08925,
1671607581499973888,50.28745,-58.93536,-82.66007,0.28830,0.74968,0.10458,-0.58646,13.14520,-7.13674,-0.09375,
1671607581599811072,51.38739,-59.18037,-82.66007,0.28931,0.75031,0.10312,-0.58541,21.99888,-4.90014,-0.10426,
1671607581699896064,52.07995,-59.16505,-82.66007,0.29286,0.75355,0.09823,-0.58029,13.85123,0.30640,-0.09452,
1671607581799985920,53.69342,-58.57788,-82.66007,0.29603,0.75638,0.09501,-0.57552,32.26925,11.74337,-0.10072,
1671607581899842048,54.99702,-57.98258,-82.66007,0.30116,0.75967,0.08990,-0.56932,26.07218,11.90597,-0.08601,
1671607582000059904,56.80016,-57.29037,-82.66007,0.30307,0.76286,0.08747,-0.56440,36.06263,13.84432,-0.08482,
1671607582099922944,57.52423,-57.04750,-82.66007,0.30337,0.76575,0.08523,-0.56065,14.48143,4.85733,-0.07054,
1671607582199894016,57.83313,-56.64184,-82.66007,0.30011,0.76615,0.08730,-0.56154,6.17807,8.11320,-0.10131,
1671607582299969024,58.57293,-56.24717,-82.66007,0.29761,0.76895,0.08701,-0.55907,14.79601,7.89331,-0.09617,
1671607582399789056,58.18054,-56.43190,-82.66007,0.29702,0.77014,0.08600,-0.55791,-7.84787,-3.69457,-0.09434,
1671607582499889920,58.41524,-56.01055,-82.66007,0.29496,0.76820,0.08528,-0.56178,4.69406,8.42706,-0.10632,
1671607582599994112,58.76144,-56.12196,-82.66007,0.29320,0.76591,0.08449,-0.56593,6.92389,-2.22827,-0.11184,
1671607582699842048,58.96157,-57.17712,-82.66007,0.29664,0.76576,0.07770,-0.56532,4.00270,-21.10314,-0.10966,
1671607582799930880,59.20800,-58.12844,-82.66007,0.30071,0.76759,0.07181,-0.56145,4.92868,-19.02635,-0.10408,
1671607582899783936,60.77738,-58.50137,-82.66007,0.30404,0.77040,0.06589,-0.55651,31.38747,-7.45859,-0.09695,
1671607583000112896,62.61274,-58.20154,-82.66007,0.30544,0.77314,0.06287,-0.55227,36.70727,5.99650,-0.10119,
1671607583099972096,64.81169,-57.40936,-82.66007,0.30739,0.77394,0.05712,-0.55069,43.97896,15.84369,-0.10141,
1671607583199823104,65.13707,-57.21155,-82.66007,0.30508,0.77246,0.05603,-0.55416,6.50770,3.95616,-0.09107,
1671607583299926016,66.48083,-57.45357,-82.66005,0.25747,0.73031,0.12196,-0.62088,26.87520,-4.84042,-0.15702,
1671607583399785984,66.63147,-58.34574,-82.66413,-0.19348,-0.67053,-0.18665,0.69146,3.01276,-17.84342,-0.10372,
1671607583499997952,67.31618,-58.84295,-82.66460,-0.19934,-0.64098,-0.24508,0.69953,13.69408,-9.94415,-0.06930,
1671607583599841024,67.97656,-58.60487,-82.66305,-0.19486,-0.62179,-0.22340,0.72491,13.20772,4.76155,-0.04512,
1671607583699933952,69.11223,-58.03806,-82.66341,-0.17663,-0.61523,-0.22025,0.73606,22.71341,11.33631,-0.04914,
1671607583799779072,70.01134,-57.88456,-82.66422,-0.15738,-0.60638,-0.22659,0.74578,17.98216,3.06993,-0.05872,
1671607583899993088,71.07041,-58.20789,-82.66464,-0.16777,-0.60641,-0.24256,0.73843,21.18138,-6.46653,-0.05094,
1671607584000071936,71.43406,-58.31371,-82.66356,-0.17275,-0.60404,-0.25325,0.73563,7.27302,-2.11654,-0.03578,
1671607584099907072,72.23809,-58.45276,-82.66272,-0.17722,-0.60158,-0.24485,0.73942,16.08051,-2.78099,-0.03159,
1671607584199877888,73.06438,-58.53436,-82.66308,-0.17308,-0.59509,-0.24644,0.74510,16.52580,-1.63197,-0.04484,
1671607584299965952,74.21907,-59.07925,-82.66453,-0.17518,-0.59336,-0.24092,0.74779,23.09390,-10.89784,-0.04294,
1671607584399813120,74.69080,-59.13736,-82.66328,-0.17207,-0.60179,-0.24664,0.73987,9.43448,-1.16210,-0.03436,
1671607584499904000,75.86054,-58.85469,-82.66418,-0.17313,-0.60662,-0.23982,0.73792,23.39491,5.65334,-0.05381,
1671607584599986944,76.61751,-58.36727,-82.66566,-0.17341,-0.60503,-0.23702,0.74006,15.13932,9.74849,-0.07244,
1671607584699816960,77.86307,-57.92105,-82.66762,-0.16964,-0.60987,-0.23058,0.73900,24.91116,8.92436,-0.08521,
1671607584799906048,78.85434,-57.91743,-82.66797,-0.17171,-0.60755,-0.23183,0.74003,19.82552,0.07241,-0.09420,
1671607584899979008,80.19733,-57.61256,-82.66999,-0.17750,-0.60899,-0.23016,0.73801,26.85970,6.09726,-0.10032,
1671607584999834112,81.04217,-57.78452,-82.66787,-0.17703,-0.60980,-0.22859,0.73794,16.89684,-3.43917,-0.08072,
1671607585099954944,83.08172,-57.42668,-82.66792,-0.17782,-0.61172,-0.22822,0.73628,40.79101,7.15675,-0.08415,
1671607585199792896,83.42751,-57.39257,-82.66773,-0.17762,-0.61192,-0.22884,0.73596,6.91587,0.68234,-0.05975,
1671607585299885056,84.38019,-57.16691,-82.66842,-0.17807,-0.61409,-0.22647,0.73477,19.05362,4.51311,-0.09802,
1671607585399974912,84.99940,-57.01673,-82.67043,-0.17890,-0.61610,-0.22747,0.73258,12.38412,3.00357,-0.11835,
1671607585499811072,86.08224,-56.80079,-82.67208,-0.17859,-0.61917,-0.22313,0.73140,21.65677,4.31881,-0.13148,
1671607585599897088,86.87725,-56.25762,-82.67235,-0.18125,-0.62044,-0.22281,0.72976,15.90029,10.86344,-0.12946,
1671607585699998976,88.13699,-55.86890,-82.67281,-0.18225,-0.62182,-0.21838,0.72968,25.19469,7.77451,-0.13990,
1671607585799834880,89.21264,-55.54631,-82.67279,-0.18610,-0.62103,-0.21823,0.72943,21.51315,6.45175,-0.13278,
1671607585899929088,90.57902,-55.41289,-82.67362,-0.18733,-0.62150,-0.21517,0.72962,27.32749,2.66839,-0.15261,
1671607586000016896,91.70332,-55.56505,-82.67470,-0.18790,-0.62300,-0.21547,0.72811,22.48599,-3.04317,-0.15538,
1671607586099880960,93.44371,-55.48521,-82.67504,-0.18701,-0.62544,-0.21311,0.72693,34.80786,1.59683,-0.15423,
1671607586199960064,93.89985,-55.31663,-82.67438,-0.18797,-0.62824,-0.21586,0.72346,9.12285,3.37158,-0.12212,
1671607586299800064,94.96384,-54.99398,-82.67233,-0.18431,-0.63157,-0.21548,0.72161,21.27972,6.45294,-0.11815,
1671607586399885056,95.67804,-54.20535,-82.67027,-0.18265,-0.63229,-0.22134,0.71963,14.28392,15.77257,-0.09595,
1671607586499969024,96.25833,-53.53386,-82.66882,-0.18060,-0.63226,-0.22215,0.71992,11.60593,13.42984,-0.08513,
1671607586599816960,96.18423,-53.00034,-82.66776,-0.17548,-0.63222,-0.22172,0.72135,-1.48202,10.67041,-0.07382,
1671607586699890944,96.50967,-52.92878,-82.66692,-0.17203,-0.63252,-0.21643,0.72352,6.50868,1.43125,-0.06988,
1671607586799986944,96.67104,-52.90802,-82.66755,-0.17217,-0.63093,-0.21565,0.72511,3.22742,0.41509,-0.08062,
1671607586899824128,97.56989,-53.16232,-82.66689,-0.17642,-0.63477,-0.21041,0.72227,17.97703,-5.08600,-0.05177,
1671607587000023040,98.28460,-53.48195,-82.66409,-0.17957,-0.63755,-0.21068,0.71896,14.29424,-6.39254,-0.03518,
1671607587099994112,100.89010,-52.80750,-82.66405,-0.17853,-0.64416,-0.20827,0.71401,52.10998,13.48903,-0.04739,
1671607587199831040,101.41778,-52.36794,-82.66463,-0.17463,-0.64052,-0.21288,0.71688,10.55357,8.79114,-0.03513,
1671607587299909120,102.20708,-51.92874,-82.66719,-0.16727,-0.64227,-0.21175,0.71741,15.78609,8.78395,-0.08219,
1671607587399993088,101.99846,-51.72824,-82.66940,-0.16679,-0.64478,-0.21389,0.71463,-4.17239,4.01014,-0.10440,
1671607587499830016,101.90432,-51.47157,-82.67290,-0.15934,-0.64878,-0.21061,0.71368,-1.88295,5.13337,-0.15208,
1671607587599912960,102.09808,-50.79731,-82.67604,-0.15868,-0.64964,-0.21253,0.71248,3.87536,13.48513,-0.18139,
1671607587699997952,102.43579,-50.14229,-82.67878,-0.16600,-0.64971,-0.21269,0.71069,6.75410,13.10044,-0.20336,
1671607587799831040,102.76111,-49.80314,-82.68034,-0.17174,-0.65076,-0.20767,0.70985,6.50643,6.78307,-0.20998,
1671607587899927040,104.15526,-49.65290,-82.68019,-0.17691,-0.65493,-0.19716,0.70774,27.88300,3.00474,-0.19575,
1671607588000008960,106.17618,-49.57846,-82.67831,-0.18237,-0.65720,-0.19676,0.70435,40.41839,1.48879,-0.18133,
1671607588099994112,109.13033,-49.05599,-82.67762,-0.18498,-0.65861,-0.19880,0.70177,59.08307,10.44947,-0.13331,
1671607588199823104,109.88810,-48.63348,-82.67717,-0.19048,-0.65752,-0.20218,0.70037,15.15538,8.45004,-0.08200,
1671607588299905024,110.86099,-48.19427,-82.67637,-0.18757,-0.65920,-0.20059,0.70003,19.45785,8.78424,-0.17427,
1671607588399992064,111.77261,-48.24739,-82.67687,-0.18619,-0.66069,-0.20614,0.69738,18.23236,-1.06230,-0.17650,
1671607588499834880,112.49726,-47.90113,-82.67834,-0.18238,-0.66401,-0.20411,0.69582,14.49286,6.92507,-0.19395,
1671607588599916032,112.35678,-47.20495,-82.67940,-0.18326,-0.66427,-0.20835,0.69408,-2.80947,13.92363,-0.20342,
1671607588699878912,112.97347,-46.54524,-82.68096,-0.18222,-0.66537,-0.20828,0.69333,12.33384,13.19426,-0.22672,
1671607588799975936,113.28145,-46.15763,-82.68223,-0.18601,-0.66587,-0.21253,0.69055,6.15947,7.75215,-0.24140,
1671607588899822080,113.85877,-45.87713,-82.68332,-0.18239,-0.67020,-0.20921,0.68833,11.54645,5.61009,-0.24685,
1671607589000028928,114.44060,-45.43574,-82.68734,-0.18664,-0.66992,-0.20657,0.68826,11.63663,8.82784,-0.28997,
1671607589099877888,116.41742,-44.93147,-82.68924,-0.19003,-0.67047,-0.20351,0.68771,39.53631,10.08538,-0.30561,
1671607589199962880,116.91193,-44.80746,-82.68812,-0.19016,-0.66680,-0.21043,0.68916,9.89024,2.48021,-0.21209,
1671607589299801088,118.37260,-44.63769,-82.68788,-0.19377,-0.66996,-0.18895,0.69130,29.21345,3.39536,-0.28776,
1671607589399891968,119.29781,-44.40159,-82.69260,-0.18703,-0.67817,-0.19739,0.68275,18.50417,4.72194,-0.35236,
1671607589499976960,120.27647,-44.00282,-82.69221,0.18749,0.68736,0.19219,-0.67487,19.57318,7.97533,-0.34314,
1671607589599803904,120.96966,-43.15583,-82.68673,-0.19381,-0.67818,-0.18429,0.68451,13.86389,16.93997,-0.29745,
1671607589699906048,122.16236,-42.43441,-82.69839,0.20432,0.68124,0.17823,-0.68000,23.85394,14.42829,-0.39744,
1671607589799997952,124.52314,-42.80102,-82.70147,0.20703,0.69705,0.17506,-0.66379,47.21564,-7.33215,-0.43141,
1671607589899832064,126.97443,-42.26736,-82.69315,0.20283,0.68696,0.18285,-0.67343,49.02577,10.67308,-0.18596,
1671607590000043008,127.42306,-41.42090,-82.69707,0.20404,0.69111,0.18549,-0.66807,8.97268,16.92923,-0.24774,
1671607590099896064,129.08042,-41.27367,-82.70320,0.19426,0.68207,0.18847,-0.67936,33.14707,2.94470,-0.45140,
1671607590199970048,129.20007,-41.30624,-82.69386,-0.20857,-0.67769,-0.17757,0.68242,2.39309,-0.65143,-0.31543,
1671607590299808000,129.68961,-40.34969,-82.68803,0.19266,0.70662,0.19787,-0.65147,9.79070,19.13101,-0.29110,
1671607590399899904,130.05004,-39.30828,-82.68865,0.19760,0.69723,0.19495,-0.66092,7.20867,20.82822,-0.28043,
1671607590499990016,131.12360,-38.34834,-82.68856,0.19677,0.69287,0.19058,-0.66700,21.47109,19.19876,-0.29963,
1671607590599825920,131.32711,-38.51703,-82.69944,0.20166,0.69772,0.19034,-0.66052,4.07019,-3.37372,-0.41998,
1671607590699926016,132.00967,-39.23153,-82.68438,0.19451,0.69613,0.17916,-0.66744,13.65130,-14.29012,-0.23955,
1671607590799898880,132.34816,-39.19085,-82.68752,0.19047,0.69760,0.17744,-0.66752,6.76986,0.81364,-0.27770,
1671607590899973888,133.70116,-38.82320,-82.69805,0.19136,0.69975,0.17891,-0.66462,27.05999,7.35303,-0.39199,
1671607591000054016,134.94208,-38.79590,-82.69917,0.19303,0.70150,0.18492,-0.66064,24.81825,0.54602,-0.41463,
1671607591099891968,135.95669,-38.87777,-82.69915,0.19491,0.69705,0.17192,-0.66827,20.29236,-1.63735,-0.41710,
1671607591199972096,136.67268,-39.10820,-82.69500,0.19169,0.69612,0.16963,-0.67074,14.31964,-4.60861,-0.36223,
1671607591299805952,137.89173,-39.26368,-82.69371,0.18955,0.69638,0.16276,-0.67278,24.38102,-3.10961,-0.34947,
1671607591399897088,138.92640,-39.58943,-82.69024,0.18661,0.69613,0.16729,-0.67275,20.69345,-6.51510,-0.30551,
1671607591499985920,140.04362,-39.94442,-82.69272,0.17062,0.70737,0.17550,-0.66311,22.34452,-7.09983,-0.33005,
1671607591599828992,140.44687,-40.04304,-82.69078,0.18187,0.69398,0.15985,-0.67806,8.06500,-1.97241,-0.31871,
1671607591699922944,141.31896,-40.51120,-82.68844,0.19545,0.69732,0.14057,-0.67511,17.44176,-9.36315,-0.29801,
1671607591799880960,142.17322,-41.16434,-82.69670,-0.19118,-0.68691,-0.13880,0.68727,17.08515,-13.06285,-0.38319,
1671607591899977984,143.50574,-41.78196,-82.68328,0.17920,0.69112,0.14772,-0.68442,26.65040,-12.35241,-0.23979,
1671607591999806976,144.37279,-42.26589,-82.69764,0.19281,0.69499,0.13818,-0.67876,17.34098,-9.67853,-0.40053,
1671607592099912960,146.19877,-42.83916,-82.72655,0.18160,0.69935,0.15328,-0.67412,36.51957,-11.46547,-0.68236,
1671607592199876096,146.48721,-43.09007,-82.70023,0.19060,0.68873,0.15474,-0.68218,5.76881,-5.01820,-0.27156,
1671607592299972096,147.38031,-43.36824,-82.68923,0.19119,0.69096,0.15172,-0.68044,17.86214,-5.56340,-0.30197,
1671607592399808000,147.97673,-43.20451,-82.69093,0.19411,0.69048,0.15504,-0.67935,11.92839,3.27462,-0.32327,
1671607592499994112,149.62831,-42.80951,-82.68581,-0.20016,-0.68382,-0.14832,0.68580,33.03161,7.90016,-0.27545,
1671607592599824896,149.64333,-43.24235,-82.69091,-0.19656,-0.66774,-0.15059,0.70201,0.30036,-8.65696,-0.30225,
1671607592699924992,149.21181,-43.83272,-82.68542,-0.19286,-0.68153,-0.12409,0.69493,-8.63053,-11.80724,-0.27217,
1671607592799880960,150.32557,-44.16214,-82.69806,0.17468,0.69570,0.15373,-0.67960,22.27526,-6.58844,-0.38850,
1671607592899959040,151.95478,-44.00820,-82.68611,0.19946,0.69452,0.14179,-0.67658,32.58417,3.07868,-0.26230,
1671607593000041984,154.94435,-43.75828,-82.68473,-0.21110,-0.68268,-0.12938,0.68749,59.79144,4.99838,-0.23238,
1671607593099885056,155.94029,-43.73228,-82.68579,0.22027,0.68973,0.12510,-0.67831,19.91886,0.52008,-0.13513,
1671607593199975936,157.16020,-43.68295,-82.68364,0.20162,0.69800,0.14139,-0.67242,24.39807,0.98669,-0.23945,
1671607593299808000,158.77112,-43.03922,-82.66007,0.20370,0.70825,0.13895,-0.66150,32.21853,12.87452,-0.00248,
1671607593399895040,159.38340,-41.86011,-82.66007,0.20209,0.72057,0.14224,-0.64785,12.24549,23.58218,-0.00818,
1671607593499979008,160.61287,-39.40793,-82.66007,0.20175,0.73034,0.14506,-0.63629,24.58954,49.04368,-0.01496,
1671607593599816960,160.76846,-36.41196,-82.66007,0.20088,0.73782,0.14635,-0.62758,3.11179,59.91925,-0.01361,
1671607593699909120,161.18071,-34.03760,-82.66007,0.20024,0.74704,0.14582,-0.61690,8.24489,47.48730,-0.01589,
1671607593799996928,161.71221,-32.16607,-82.66007,0.20033,0.75845,0.14477,-0.60304,10.63006,37.43064,-0.02649,
1671607593899834880,162.50144,-29.90207,-82.66007,0.20269,0.77082,0.13880,-0.58779,15.78451,45.28004,-0.03473,
1671607594000044032,163.60817,-27.11367,-82.66007,0.20054,0.78502,0.13442,-0.57049,22.13469,55.76787,-0.02284,
1671607594099899904,165.31525,-24.64671,-82.66007,0.19504,0.80237,0.12755,-0.54945,34.14159,49.33915,-0.02011,
1671607594199992064,166.05735,-22.31983,-82.66007,0.18313,0.82054,0.12428,-0.52701,14.84192,46.53773,-0.01537,
1671607594299836928,167.29611,-19.58753,-82.66007,0.16960,0.83839,0.11923,-0.50411,24.77530,54.64599,-0.04023,
1671607594399930880,167.82696,-16.63487,-82.66007,0.16662,0.85419,0.09176,-0.48392,10.61699,59.05319,-0.03522,
1671607594499898880,168.82182,-13.80463,-82.66007,0.16592,0.86636,0.05735,-0.46755,19.89727,56.60476,-0.03590,
1671607594599988992,171.61806,-12.71785,-82.66007,0.15069,0.84549,0.03179,-0.51130,55.92465,21.73555,-0.04482,
1671607594699844096,174.59983,-12.38763,-82.66071,0.15095,0.80517,0.00048,-0.57352,59.63540,6.60445,-0.01845,
1671607594799927040,177.57926,-12.73831,-82.66049,0.15355,0.79220,-0.02012,-0.59028,59.58868,-7.01352,-0.00572,
1671607594899891968,180.44861,-13.61400,-82.65994,0.11283,0.81350,0.00615,-0.57048,57.38694,-17.51396,0.00333,
1671607595000100096,183.28265,-14.59797,-82.66005,0.09540,0.82735,0.01430,-0.55334,56.68090,-19.67931,0.00056,
1671607595099952128,186.22923,-15.16158,-82.66005,0.10226,0.83578,0.02444,-0.53891,58.93162,-11.27226,0.00365,
1671607595199790080,188.77430,-15.63116,-82.66005,0.06856,0.83319,-0.05830,-0.54561,50.90124,-9.39150,-0.00176,
1671607595299875072,191.57969,-16.69407,-82.66007,0.02182,0.83476,-0.08141,-0.54413,56.10784,-21.25818,0.00297,
1671607595399968000,192.39508,-18.17277,-82.66006,0.04428,0.82276,-0.06921,-0.56241,16.30783,-29.57412,0.00407,
1671607595499809024,191.77840,-19.08161,-82.66007,0.02542,0.82518,0.01038,-0.56421,-12.33368,-18.17665,-0.00199,
1671607595599888896,189.29211,-20.76040,-82.66008,-0.00044,0.82048,-0.02613,-0.57108,-49.72578,-33.57598,-0.00313,
1671607595699962880,187.14929,-22.86001,-82.66008,-0.03013,0.82130,0.03070,-0.56887,-42.85631,-41.99210,-0.01169,
1671607595799802112,185.52929,-23.23374,-82.66005,-0.04816,0.80406,0.10441,-0.58332,-32.40004,-7.47453,-0.00735,
1671607595899898112,185.78500,-22.53201,-82.66006,-0.12392,0.77419,0.11033,-0.61082,5.11425,14.03455,-0.01507,
1671607596000111104,187.43978,-21.16446,-82.66007,-0.08723,0.77227,0.14799,-0.61162,33.09554,27.35094,-0.03278,
1671607596099968000,186.95208,-19.97583,-82.66007,-0.06251,0.78134,0.11487,-0.61025,-9.75395,23.77256,0.01612,
1671607596199813888,185.73711,-19.76131,-82.66007,-0.06758,0.80083,0.03225,-0.59419,-24.29939,4.29044,0.02800,
1671607596299889920,186.56396,-22.64511,-82.66007,-0.08094,0.78616,0.04256,-0.61122,16.53704,-57.67605,0.03123,
1671607596399979008,187.72963,-25.40939,-82.65600,-0.03388,0.76015,0.10883,-0.63967,23.31341,-55.28548,0.05189,
1671607596499819008,188.78041,-28.21935,-82.65803,0.00271,0.75942,0.15596,-0.63162,21.01545,-56.19921,0.00520,
1671607596599922944,190.02223,-30.95026,-82.65905,-0.00013,0.76659,0.13647,-0.62747,24.83641,-54.61825,0.00597,
1671607596699875072,191.27562,-32.72931,-82.65956,0.00794,0.72233,0.15102,-0.67481,25.06786,-35.58106,-0.00005,
1671607596799952896,192.00626,-34.84824,-82.65991,-0.00007,0.71258,0.10796,-0.69324,14.61282,-42.37841,0.01034,
1671607596899791104,191.99196,-37.84820,-82.66002,-0.02998,0.74216,0.04316,-0.66816,-0.28607,-59.99932,0.01455,
1671607597000116992,192.56505,-40.79295,-82.66004,-0.05917,0.74721,0.02831,-0.66135,11.46186,-58.89504,0.00228,
1671607597099963904,193.96766,-43.07240,-82.66005,-0.02823,0.75873,0.07556,-0.64640,28.05211,-45.58897,0.00385,
1671607597199801088,194.20885,-41.84485,-82.66006,0.00141,0.79276,0.08400,-0.60372,4.82391,24.55109,-0.01317,
1671607597299895040,193.59493,-39.09060,-82.66004,-0.12260,0.77797,0.01491,-0.61604,-12.27848,55.08500,0.00103,
1671607597399984128,193.67711,-36.09172,-82.65594,-0.19409,0.75317,-0.02784,-0.62792,1.64368,59.97748,0.06354,
1671607597499821056,194.65142,-33.42446,-82.65801,-0.15666,0.78486,-0.00100,-0.59954,19.48619,53.34529,0.00256,
1671607597599926016,195.37946,-31.97840,-82.65910,-0.05976,0.79753,-0.00147,-0.60031,14.56075,28.92109,-0.00224,
1671607597699878912,194.31791,-31.94874,-82.65999,-0.05584,0.76888,0.01884,-0.63667,-21.23093,0.59332,0.01456,
1671607597799986944,193.28208,-34.76424,-82.66007,-0.06908,0.76503,0.00064,-0.64028,-20.71659,-56.31006,0.03017,
1671607597899836928,192.69835,-37.70690,-82.66007,-0.08801,0.73891,0.02890,-0.66741,-11.67460,-58.85324,0.00377,
1671607598000038912,193.54549,-40.41393,-82.66007,-0.08115,0.71425,0.06100,-0.69249,16.94273,-54.14046,-0.00018,
1671607598099884032,195.47266,-38.11479,-82.66007,0.04338,-0.67800,-0.08343,0.72903,38.54337,45.98270,0.00730,
1671607598199962112,195.64794,-37.63662,-82.66007,-0.01988,-0.67435,-0.15985,0.72063,3.50560,9.56345,0.00979,
1671607598299793920,194.33143,-37.76962,-82.66007,0.02332,-0.67604,-0.11174,0.72797,-26.33024,-2.66002,0.01288,
1671607598399879936,192.16249,-39.30853,-82.66007,0.07396,-0.67194,-0.04912,0.73526,-43.37870,-30.77814,-0.00590,
1671607598499968000,190.21422,-41.58981,-82.66007,0.10138,-0.67365,-0.01382,0.73194,-38.96538,-45.62564,0.00073,
1671607598599802880,189.00176,-43.48569,-82.66007,0.12050,-0.67939,0.00187,0.72381,-24.24914,-37.91761,-0.00206,
1671607598699898880,189.07591,-43.59563,-82.66007,0.07064,-0.67018,-0.02985,0.73823,1.48281,-2.19879,-0.00955,
1671607598799988992,189.82595,-43.85580,-82.66006,0.02966,-0.67190,-0.07320,0.73642,15.00098,-5.20339,-0.01007,
1671607598899825920,189.39939,-43.49905,-82.66007,-0.00046,-0.65869,-0.07967,0.74818,-8.53136,7.13495,-0.01962,
1671607599000034048,188.33838,-44.03585,-82.66007,0.00573,-0.64348,-0.03400,0.76469,-21.22004,-10.73598,-0.01471,
1671607599099889920,187.80191,-44.39011,-82.66007,0.05355,-0.64040,0.01674,0.76599,-10.72951,-7.08519,-0.00214,
1671607599199973120,186.76371,-44.78285,-82.66007,0.01427,-0.62838,0.02536,0.77736,-20.76406,-7.85479,-0.01151,
1671607599299794944,184.49161,-46.74182,-82.66007,0.01576,-0.62286,0.07658,0.77842,-45.44197,-39.17942,-0.02292,
1671607599399889920,183.31837,-47.84866,-82.66007,0.03739,-0.62365,0.14437,0.76735,-23.46483,-22.13684,-0.01856,
1671607599499985920,182.33184,-48.66380,-82.66007,0.01667,-0.63141,0.13749,0.76298,-19.73053,-16.30282,-0.03268,
1671607599599834880,181.44198,-48.60324,-82.66007,0.00519,-0.64019,0.13950,0.75543,-17.79714,1.21125,-0.03602,
1671607599699924992,180.17730,-49.57254,-82.66007,-0.02196,-0.66284,0.14216,0.73482,-25.29366,-19.38592,-0.03151,
1671607599799878912,179.30037,-50.29859,-82.66007,-0.00975,-0.67655,0.16611,0.71735,-17.53862,-14.52111,-0.03440,
1671607599899959040,179.69459,-52.43857,-82.66007,-0.00407,-0.67592,0.16625,0.71797,7.88453,-42.79950,-0.02776,
1671607600000059904,180.56911,-54.47660,-82.66007,0.03264,-0.67737,0.19905,0.70745,17.49027,-40.76069,-0.02345,
1671607600099887104,180.82071,-55.98192,-82.66007,0.04936,-0.66763,0.19267,0.71743,5.03202,-30.10646,-0.02122,
1671607600199976960,180.33548,-55.97505,-82.66007,0.04442,-0.66969,0.17799,0.71963,-9.70455,0.13756,-0.02040,
1671607600299819008,179.25923,-56.01602,-82.66007,0.03562,-0.67346,0.16732,0.71916,-21.52509,-0.81949,-0.03419,
1671607600399920128,176.98543,-55.40059,-82.65943,0.03568,-0.66723,0.15573,0.72752,-45.47598,12.30868,-0.01674,
1671607600499897088,174.51782,-55.89387,-82.65984,0.02385,-0.67232,0.15379,0.72372,-49.35210,-9.86560,-0.00912,
1671607600599985920,173.58553,-57.44737,-82.65998,0.02373,-0.67938,0.16583,0.71441,-18.64594,-31.07010,-0.02766,
1671607600699817984,173.86327,-60.06099,-82.66000,0.02632,-0.67884,0.19337,0.70787,5.55490,-52.27230,-0.01436,
1671607600799910912,173.72209,-63.05766,-82.65728,0.03770,-0.68851,0.20593,0.69435,-2.82363,-59.93352,0.03956,
1671607600899995904,173.41879,-66.04229,-82.65461,0.03817,-0.67278,0.20200,0.71070,-6.06607,-59.69257,0.04184,
1671607600999846912,172.69935,-68.95475,-82.65732,-0.04154,0.69839,-0.20215,-0.68532,-14.38873,-58.24916,-0.00969,
1671607601099972096,169.92310,-70.09161,-82.65876,-0.04844,0.69537,-0.20038,-0.68845,-55.52498,-22.73712,-0.01702,
1671607601199804928,169.91986,-69.47369,-82.66156,-0.07161,0.69374,-0.22006,-0.68203,-0.06490,12.35840,-0.03035,
1671607601299896064,171.51490,-70.58179,-82.66844,-0.04978,0.72196,-0.20112,-0.66019,31.90096,-22.16197,-0.11450,
1671607601399993088,174.26908,-71.77112,-82.67224,-0.05722,0.74229,-0.20811,-0.63437,55.08351,-23.78669,-0.12740,
1671607601499833088,177.18440,-72.47888,-82.67454,-0.05880,0.76263,-0.19575,-0.61370,58.30637,-14.15513,-0.09268,
1671607601599931904,180.14457,-72.96609,-82.67586,-0.06117,0.76995,-0.19473,-0.60458,59.20344,-9.74437,-0.08566,
1671607601699895040,183.12983,-73.26309,-82.67594,-0.08196,0.77884,-0.18511,-0.59365,59.70525,-5.94000,-0.08455,
1671607601799979008,185.74241,-72.19470,-82.67553,-0.09891,0.78269,-0.18520,-0.58592,52.25160,21.36794,-0.08098,
1671607601899814912,185.92890,-69.73752,-82.67618,-0.11257,0.77972,-0.21842,-0.57590,3.72979,49.14346,-0.09435,
1671607602000036096,185.99459,-69.56121,-82.67544,-0.13036,0.76120,-0.27354,-0.57338,1.31378,3.52620,-0.09591,
1671607602099890944,186.31407,-72.54416,-82.68164,-0.11595,0.75800,-0.29485,-0.57014,6.38952,-59.65881,-0.23009,
1671607602199972096,186.80573,-75.33067,-82.68233,-0.11658,0.75544,-0.31521,-0.56246,9.83318,-55.73033,-0.12225,
1671607602299830016,187.40043,-78.27114,-82.68308,-0.12406,0.76761,-0.32241,-0.53984,11.89414,-58.80926,-0.13955,
1671607602399922944,187.93135,-81.22378,-82.68151,-0.12526,0.76275,-0.33238,-0.54041,10.61840,-59.05294,-0.10701,
1671607602499776000,187.93733,-84.21446,-82.68233,-0.13018,0.74942,-0.34337,-0.55093,0.11958,-59.81364,-0.12442,
1671607602599994880,187.99865,-86.15036,-82.67924,-0.15044,0.75425,-0.35327,-0.53261,1.22629,-38.71799,-0.09083,
1671607602699822080,187.88876,-87.71551,-82.69048,-0.16341,0.75036,-0.36443,-0.52673,-2.19765,-31.30286,-0.27540,
1671607602799900928,188.03129,-88.61926,-82.68767,-0.16722,0.73597,-0.38572,-0.53067,2.85045,-18.07508,-0.28520,
1671607602899979008,188.11011,-90.27983,-82.68871,-0.18120,0.74623,-0.38753,-0.51002,1.57649,-33.21135,-0.31023,
1671607603000066048,187.67911,-91.67737,-82.68535,-0.18221,0.73907,-0.39737,-0.51251,-8.62001,-27.95080,-0.24264,
1671607603099921920,186.38475,-94.38377,-82.68067,-0.19443,0.72740,-0.41813,-0.50819,-25.88717,-54.12813,-0.22327,
1671607603199993088,185.18496,-96.77262,-82.67973,-0.18595,0.71889,-0.41990,-0.52182,-23.99587,-47.77694,-0.10043,
1671607603299838976,184.50193,-98.03182,-82.69836,-0.18014,0.71183,-0.43536,-0.52087,-13.66055,-25.18399,-0.31321,
1671607603399912960,183.71509,-99.52819,-82.67976,-0.19928,0.73298,-0.41571,-0.50021,-15.73680,-29.92731,-0.21617,
1671607603499985920,183.70277,-100.74192,-82.67875,-0.19808,0.71943,-0.42910,-0.50899,-0.24648,-24.27461,-0.18724,
1671607603599813888,184.09909,-101.70544,-82.68734,-0.20433,0.73207,-0.42578,-0.49094,7.92644,-19.27046,-0.30562,
1671607603699902976,184.10660,-103.14258,-82.67947,-0.21523,0.73217,-0.42989,-0.48250,0.15019,-28.74278,-0.20948,
1671607603799986944,182.77995,-105.14513,-82.68385,-0.21673,0.72226,-0.44019,-0.48745,-26.53303,-40.05093,-0.25592,
1671607603899824128,182.08385,-106.20512,-82.68252,-0.23592,0.73170,-0.44015,-0.46392,-13.92182,-21.19981,-0.15055,
1671607604000035072,180.81239,-107.23680,-82.68031,-0.22272,0.69744,-0.45981,-0.50255,-25.42932,-20.63363,-0.21980,
1671607604099892992,180.00538,-107.53135,-82.71990,-0.25789,0.70932,-0.45449,-0.47307,-16.14023,-5.89108,-0.59880,
1671607604199979008,179.04240,-107.39058,-82.69154,-0.27881,0.71459,-0.46298,-0.44415,-19.25950,2.81536,-0.17293,
1671607604299821056,176.85215,-107.88820,-82.67890,-0.26295,0.70997,-0.48840,-0.43389,-43.80513,-9.95225,-0.13920,
1671607604399895040,175.51218,-109.36686,-82.67079,-0.26637,0.68751,-0.47658,-0.47881,-26.79923,-29.57331,-0.05470,
1671607604499951104,174.48366,-110.11297,-82.67608,-0.32921,0.65986,-0.53196,-0.41621,-20.57045,-14.92222,-0.13600,
1671607604599784960,173.71887,-109.85290,-82.67665,-0.32597,0.66304,-0.53470,-0.41014,-15.29584,5.20139,-0.12872,
1671607604699887104,172.50441,-110.61351,-82.67249,-0.27383,0.66497,-0.50861,-0.47344,-24.28927,-15.21212,-0.12015,
1671607604799986944,171.48474,-112.36180,-82.67758,-0.28897,0.66380,-0.52331,-0.44947,-20.39327,-34.96593,-0.17841,
1671607604899810048,169.68644,-113.51772,-82.67447,-0.33266,0.64681,-0.56317,-0.39219,-35.96597,-23.11823,-0.06895,
1671607605000015104,168.28221,-114.96409,-82.67334,0.36621,-0.58345,0.62855,0.36112,-28.08475,-28.92755,-0.07745,
1671607605099995904,166.56311,-117.42269,-82.67559,-0.26805,0.66517,-0.52880,-0.45394,-34.38187,-49.17202,-0.12025,
1671607605199831040,165.84023,-117.97419,-82.67286,-0.33217,0.64545,-0.56341,-0.39450,-14.45773,-11.02992,-0.04638,
1671607605299902976,163.32916,-119.59896,-82.68253,-0.33041,0.63091,-0.57299,-0.40555,-50.22136,-32.49548,-0.24650,
1671607605399994880,162.06650,-119.96315,-82.67194,0.36975,-0.56588,0.58393,0.44955,-25.25326,-7.28370,0.05773,
1671607605499825920,160.99190,-119.60943,-82.68494,0.37906,-0.53971,0.63955,0.39498,-21.49182,7.07438,-0.26427,
1671607605599921920,159.17550,-119.27707,-82.67926,0.43759,-0.43161,0.72016,0.32185,-36.32806,6.64727,-0.19264,
1671607605699885056,157.56586,-119.83924,-82.68547,0.42352,-0.42241,0.72431,0.34288,-32.19286,-11.24350,-0.24737,
1671607605799962880,155.70359,-121.18992,-82.68676,0.41752,-0.43192,0.72160,0.34413,-37.24541,-27.01351,-0.25380,
1671607605899790080,153.86048,-122.04981,-82.69861,0.41020,-0.43818,0.71913,0.35014,-36.86218,-17.19784,-0.31173,
1671607606000122112,151.87658,-122.96198,-82.69641,0.45603,-0.39973,0.74108,0.28819,-39.67790,-18.24332,-0.26379,
1671607606099959040,149.93769,-123.06906,-82.68741,0.43076,-0.47201,0.69333,0.33307,-38.77784,-2.14166,-0.15926,
1671607606199808000,147.67956,-122.61114,-82.68864,-0.16104,0.79519,-0.26568,-0.52072,-45.16255,9.15831,-0.22701,
1671607606299907072,146.79453,-122.01579,-82.69425,-0.04015,0.81281,-0.17160,-0.55523,-17.70078,11.90705,-0.25795,
1671607606399878912,146.69296,-120.53104,-82.66694,-0.19607,0.76318,-0.27909,-0.54883,-2.03128,29.69504,-0.07431,
1671607606499971072,145.77641,-118.10811,-82.68956,-0.30259,0.70320,-0.41709,-0.48989,-18.33106,48.45850,-0.23513,
1671607606599802880,143.20923,-116.55582,-82.69147,-0.21969,0.71951,-0.36971,-0.54530,-51.34350,31.04586,-0.19356,
1671607606699888896,140.49950,-115.26844,-82.67474,-0.14884,0.72564,-0.28403,-0.60879,-54.19461,25.74770,-0.00015,
1671607606799969024,137.71456,-114.15305,-82.67860,0.03141,0.76805,-0.14871,-0.62209,-55.69891,22.30765,-0.11016,
1671607606899822080,134.72444,-113.90980,-82.69623,0.10357,0.79261,-0.10735,-0.59120,-59.80244,4.86500,-0.28033,
1671607606999930880,131.72851,-114.06610,-82.68756,-0.12210,0.69032,-0.35387,-0.61914,-59.91851,-3.12597,-0.08928,
1671607607099782912,130.73272,-112.57949,-82.68766,-0.17290,0.71298,-0.32853,-0.59483,-19.91578,29.73226,-0.13397,
1671607607199877888,133.34745,-111.10872,-82.67974,0.48870,-0.45539,0.62690,0.40098,52.29466,29.41545,-0.17202,
1671607607299965952,136.33935,-110.88829,-82.67900,0.58596,-0.26306,0.74088,0.19636,59.83783,4.40844,-0.09689,
1671607607399810048,139.16427,-111.89814,-82.67769,0.59839,0.26840,0.72800,-0.19975,56.49855,-20.19687,-0.08786,
1671607607499895040,141.28160,-113.69976,-82.67859,0.49081,0.43096,0.67751,-0.33817,42.34654,-36.03240,-0.09840,
1671607607599974912,143.16860,-114.63063,-82.68335,0.62013,-0.06333,0.77847,0.07354,37.73994,-18.61746,-0.15786,
1671607607699803904,144.56925,-114.66072,-82.67654,0.60850,-0.09996,0.78686,0.02423,28.01305,-0.60179,-0.09521,
1671607607799896064,141.57960,-114.41173,-82.67692,0.61965,-0.08496,0.77490,0.09137,-59.79298,4.97987,-0.15308,
1671607607899984896,138.59413,-114.11685,-82.67888,0.59852,-0.13087,0.78006,0.12710,-59.70945,5.89760,-0.11115,
1671607607999813888,135.70449,-113.31063,-82.67934,0.60885,-0.12819,0.77075,0.13713,-57.79278,16.12435,-0.09581,
1671607608099904000,132.76390,-112.71653,-82.67223,0.52202,-0.35981,0.68410,0.36061,-58.81172,11.88199,-0.02754,
1671607608199982080,131.14732,-113.03181,-82.68352,0.54714,-0.29598,0.73612,0.26676,-32.33159,-6.30551,-0.18107,
1671607608299825920,130.60251,-113.15568,-82.67858,0.48935,-0.42243,0.66116,0.38074,-10.89621,-2.47751,-0.17650,
1671607608399907072,128.93790,-113.02570,-82.68282,0.43061,-0.48654,0.59861,0.46853,-33.29233,2.59954,-0.24846,
1671607608499995904,127.83344,-112.68097,-82.68383,-0.15739,0.70271,-0.29762,-0.62678,-22.08910,6.89475,-0.22703,
1671607608599837952,126.40475,-112.33812,-82.67589,-0.34218,0.61222,-0.47998,-0.52699,-28.57385,6.85696,-0.16070,
1671607608699936000,125.63167,-112.14247,-82.70019,-0.17420,0.71414,-0.31394,-0.60091,-15.46148,3.91291,-0.41987,
1671607608799898880,124.95366,-112.16504,-82.68367,-0.07443,0.74183,-0.19435,-0.63748,-13.56020,-0.45125,-0.25054,
1671607608899994880,124.17621,-112.80680,-82.69727,-0.05370,0.76690,-0.16680,-0.61738,-15.54914,-12.83530,-0.39413,
1671607608999830016,122.74376,-114.01874,-82.68231,-0.10073,0.75233,-0.18710,-0.62357,-28.64888,-24.23880,-0.24331,
1671607609099941120,121.35759,-114.62781,-82.68597,-0.01115,0.76855,-0.09030,-0.63329,-27.72357,-12.18143,-0.23031,
1671607609199782912,119.69636,-114.93880,-82.69570,-0.27223,0.66206,-0.41366,-0.56255,-33.22459,-6.21976,-0.37395,
1671607609299995904,118.92348,-115.26528,-82.69286,-0.13237,0.75249,-0.22490,-0.60470,-15.45749,-6.52952,-0.30887,
1671607609399827968,118.46964,-115.69241,-82.69717,-0.21254,0.71165,-0.32324,-0.58643,-9.07680,-8.54260,-0.40613,
1671607609499920896,119.33494,-116.36498,-82.68574,-0.34325,0.62226,-0.45882,-0.53334,17.30605,-13.45140,-0.27578,
1671607609599879936,119.43995,-117.01981,-82.69126,-0.39484,0.57790,-0.52823,-0.48073,2.10008,-13.09664,-0.34308,
1671607609699949056,118.56153,-117.59798,-82.70225,-0.34369,0.61108,-0.48506,-0.52266,-17.56829,-11.56337,-0.43475,
1671607609799805952,117.35946,-117.51421,-82.70227,-0.31402,0.64738,-0.44792,-0.53071,-24.04144,1.67528,-0.45474,
1671607609899890944,115.89196,-117.54718,-82.69978,-0.25084,0.69427,-0.37210,-0.56268,-29.35005,-0.65939,-0.40043,
1671607609999984896,114.91416,-117.64229,-82.69808,-0.21566,0.71290,-0.33249,-0.57855,-19.55590,-1.90207,-0.39789,
1671607610099969024,114.60094,-117.70147,-82.69498,-0.31092,0.64504,-0.44481,-0.53796,-6.26440,-1.18371,-0.35958,
1671607610199808000,113.20136,-117.94443,-82.69212,-0.39115,0.57285,-0.53474,-0.48259,-27.99169,-4.85918,-0.34071,
1671607610299900928,113.13633,-118.06978,-82.70107,-0.33648,0.60816,-0.48892,-0.52713,-1.30058,-2.50698,-0.40389,
1671607610399988992,112.27116,-118.02291,-82.68804,-0.37348,0.57613,-0.52200,-0.50607,-17.30331,0.93737,-0.27972,
1671607610499826944,110.43170,-117.85529,-82.68484,-0.34001,0.61804,-0.48878,-0.51333,-36.78928,3.35249,-0.25115,
1671607610599922944,109.91571,-118.51880,-82.68101,-0.31271,0.65106,-0.44633,-0.52832,-10.31986,-13.27022,-0.17092,
1671607610699887104,109.62945,-119.91711,-82.68166,-0.36594,0.59847,-0.50810,-0.49975,-5.72519,-27.96626,-0.23592,
1671607610799971072,109.95924,-120.10203,-82.68121,0.41686,-0.55048,0.56573,0.45073,6.59580,-3.69845,-0.22215,
1671607610899806976,109.86274,-120.04650,-82.67264,-0.38449,0.59195,-0.51848,-0.48264,-1.92996,1.11077,-0.13490,
1671607611000016896,109.52679,-119.79680,-82.66811,-0.37209,0.60774,-0.50162,-0.49049,-6.71904,4.99386,-0.08927,
1671607611099880960,107.95645,-120.22791,-82.66530,-0.36014,0.62022,-0.48754,-0.49793,-31.40670,-8.62210,-0.05785,
1671607611199964928,107.60564,-120.52053,-82.66197,-0.34188,0.63940,-0.45879,-0.51360,-7.01630,-5.85255,-0.01436,
1671607611299815936,106.80093,-120.83003,-82.66064,-0.34873,0.63245,-0.46862,-0.50871,-16.09413,-6.18999,-0.01594,
1671607611399901952,106.51502,-120.60389,-82.65966,-0.33341,0.65083,-0.45368,-0.50934,-5.71830,4.52291,0.00056,
1671607611499983872,105.85557,-120.81878,-82.66034,-0.32698,0.65313,-0.45786,-0.50683,-13.18886,-4.29782,-0.00646,
1671607611599822080,104.90393,-121.41001,-82.66004,-0.32515,0.64098,-0.46003,-0.52135,-19.03279,-11.82455,-0.00633,
1671607611699926016,103.23703,-121.94343,-82.65977,-0.32578,0.65653,-0.45920,-0.50197,-33.33803,-10.66840,-0.00507,
1671607611799890944,102.68586,-122.01602,-82.66001,-0.29890,0.68212,-0.42232,-0.51673,-11.02346,-1.45179,-0.00060,
1671607611899973888,101.52368,-121.58599,-82.66006,-0.32062,0.66313,-0.45455,-0.50085,-23.24348,8.60053,-0.00866,
1671607612000048128,100.97764,-121.26058,-82.66008,-0.30473,0.68060,-0.43041,-0.50860,-10.92099,6.50817,-0.00638,
1671607612099889920,100.41319,-121.56616,-82.65161,-0.31758,0.65648,-0.44280,-0.52164,-11.28888,-6.11158,0.07317,
1671607612199969024,100.24465,-121.46577,-82.66006,-0.34905,0.62049,-0.48778,-0.50520,-3.37086,2.00773,-0.02068,
1671607612299809024,99.70797,-121.38665,-82.66008,-0.32301,0.64552,-0.45639,-0.52027,-10.73354,1.58245,-0.03053,
1671607612399896064,99.67484,-121.41126,-82.65988,-0.32230,0.66605,-0.45129,-0.49883,-0.66266,-0.49220,-0.02378,
1671607612499988992,98.62496,-121.61065,-82.66003,-0.32835,0.64100,-0.46907,-0.51116,-20.99750,-3.98784,-0.03144,
1671607612599828992,97.41977,-121.55720,-82.66010,-0.30819,0.65992,-0.44442,-0.52156,-24.10382,1.06902,-0.03472,
1671607612699923968,96.04130,-122.22192,-82.66040,-0.29844,0.67597,-0.42974,-0.51896,-27.56944,-13.29438,-0.03189,
1671607612799887104,95.10685,-122.66126,-82.66023,-0.32290,0.65137,-0.45706,-0.51239,-18.68892,-8.78683,-0.02738,
1671607612899974912,93.93798,-122.63916,-82.66354,-0.31837,0.64985,-0.45685,-0.51732,-23.37751,0.44217,-0.05236,
1671607612999820032,93.25352,-122.29791,-82.66026,-0.30902,0.66952,-0.43949,-0.51293,-13.68908,6.82488,-0.01692,
1671607613099920896,91.45598,-122.14801,-82.66040,-0.30486,0.66614,-0.43879,-0.52037,-35.95081,2.99806,-0.02072,
1671607613199878912,91.20720,-122.06540,-82.66008,-0.26966,0.68813,-0.39773,-0.54367,-4.97566,1.65221,-0.00497,
1671607613299971072,89.99302,-122.03947,-82.66007,-0.30290,0.65778,-0.44721,-0.52495,-24.28365,0.51852,-0.00520,
1671607613399813120,89.13389,-122.05503,-82.66006,-0.27628,0.67897,-0.41698,-0.53740,-17.18261,-0.31115,-0.01701,
1671607613499895040,88.23303,-122.58669,-82.66007,-0.30038,0.65927,-0.44877,-0.52320,-18.01718,-10.63320,-0.02808,
1671607613599991040,87.92780,-123.16718,-82.66003,-0.32600,0.63635,-0.48158,-0.50681,-6.10455,-11.60972,-0.02842,
1671607613699836928,87.14044,-123.37669,-82.66007,-0.35148,0.60631,-0.51797,-0.49047,-15.74727,-4.19036,-0.01816,
1671607613799920896,86.14948,-123.40993,-82.65997,-0.34482,0.63270,-0.50900,-0.47086,-19.81923,-0.66463,-0.02445,
1671607613899894016,84.57840,-123.39350,-82.66008,-0.32456,0.65316,-0.48171,-0.48580,-31.42145,0.32855,-0.03320,
1671607614000093952,83.70605,-123.25779,-82.66007,-0.28377,0.69196,-0.42288,-0.51170,-17.44700,2.71425,-0.02808,
1671607614099923968,82.53760,-123.03454,-82.66007,-0.28465,0.68918,-0.42504,-0.51317,-23.36903,4.46491,-0.02320,
1671607614199883008,81.70324,-122.61637,-82.66007,-0.28598,0.68745,-0.42638,-0.51364,-16.68732,8.36348,-0.02696,
1671607614299983104,80.43492,-122.17547,-82.66007,-0.28589,0.68589,-0.42850,-0.51402,-25.36633,8.81795,-0.02870,
1671607614399826944,79.49130,-121.85624,-82.66007,-0.28623,0.68556,-0.42970,-0.51326,-18.87238,6.38458,-0.02713,
1671607614499919872,78.34307,-121.75496,-82.66007,-0.28518,0.68470,-0.43275,-0.51243,-22.96465,2.02559,-0.02816,
1671607614599888896,77.50819,-121.77079,-82.66007,-0.28407,0.68439,-0.43545,-0.51118,-16.69767,-0.31667,-0.02054,
1671607614699986944,76.32938,-121.99324,-82.66007,-0.28220,0.68444,-0.43873,-0.50934,-23.57614,-4.44896,-0.02705,
1671607614799826944,75.33407,-122.25592,-82.66007,-0.28345,0.68372,-0.43871,-0.50963,-19.90625,-5.25358,-0.02637,
1671607614899898880,74.21246,-122.68629,-82.66007,-0.28161,0.68266,-0.44131,-0.50983,-22.43217,-8.60737,-0.01583,
1671607614999979008,73.47779,-122.28946,-82.66007,-0.28068,0.68597,-0.44182,-0.50542,-14.69343,7.93652,-0.02377,
1671607615099965952,71.96413,-122.84793,-82.66007,-0.27822,0.68805,-0.44375,-0.50227,-30.27322,-11.16939,-0.02511,
1671607615199813888,71.99814,-123.21733,-82.66007,-0.27680,0.68956,-0.44676,-0.49829,0.68033,-7.38801,-0.01102,
1671607615299910912,71.25031,-124.02934,-82.66007,-0.27330,0.69108,-0.45250,-0.49291,-14.95673,-16.24014,-0.01917,
1671607615399884032,70.51080,-124.79183,-82.66007,-0.27031,0.69251,-0.45677,-0.48860,-14.79021,-15.24989,-0.02107,
1671607615499972096,69.37967,-126.17422,-82.66007,-0.26774,0.69204,-0.46132,-0.48639,-22.62246,-27.64780,-0.02736,
1671607615599805952,68.40782,-127.13824,-82.66007,-0.26800,0.69264,-0.46266,-0.48412,-19.43711,-19.28030,-0.02672,
1671607615699905024,67.08648,-127.75606,-82.66007,-0.26832,0.69222,-0.46293,-0.48429,-26.42672,-12.35647,-0.02469,
1671607615799994880,66.46207,-127.91633,-82.66007,-0.26937,0.69347,-0.46080,-0.48394,-12.48831,-3.20534,-0.02123,
1671607615899847936,65.70048,-127.77326,-82.66007,-0.27143,0.69544,-0.45758,-0.48302,-15.23172,2.86135,-0.02165,
1671607616000054016,65.51704,-127.62787,-82.66007,-0.27090,0.69843,-0.45697,-0.47957,-3.66869,2.90786,-0.02523,
1671607616099909120,65.43626,-127.63405,-82.66007,-0.26626,0.70063,-0.46166,-0.47444,-1.61572,-0.12360,-0.03289,
1671607616199885056,65.32000,-128.08362,-82.66007,-0.26142,0.70100,-0.46693,-0.47141,-2.32521,-8.99143,-0.03342,
1671607616299975936,64.16766,-129.47898,-82.66007,-0.25642,0.69753,-0.47480,-0.47146,-23.04677,-27.90714,-0.02737,
1671607616399814912,62.69541,-130.46646,-82.66007,-0.25306,0.69445,-0.48119,-0.47133,-29.44502,-19.74971,-0.01846,
1671607616499902976,60.20739,-131.10869,-82.66007,-0.25224,0.69304,-0.48424,-0.47072,-49.76046,-12.84452,-0.03074,
1671607616599996928,58.33471,-131.49800,-82.66007,-0.25363,0.69327,-0.48558,-0.46825,-37.45358,-7.78628,-0.02580,
1671607616699832064,57.15518,-131.64221,-82.66007,-0.25209,0.69230,-0.48888,-0.46708,-23.59061,-2.88414,-0.03606,
1671607616799926016,56.56920,-131.70585,-82.66007,-0.25201,0.69205,-0.49128,-0.46497,-11.71952,-1.27280,-0.05060,
1671607616899898880,55.25407,-132.08830,-82.66007,-0.24980,0.69008,-0.49489,-0.46527,-26.30263,-7.64894,-0.04591,
1671607617000102912,54.30839,-132.32789,-82.66007,-0.24816,0.68918,-0.49811,-0.46404,-18.91349,-4.79185,-0.04070,
1671607617099973120,52.28738,-132.60139,-82.66007,-0.24511,0.68857,-0.50175,-0.46265,-40.42026,-5.47004,-0.05084,
1671607617199800064,51.60135,-132.82099,-82.66007,-0.24555,0.68768,-0.50267,-0.46274,-13.72052,-4.39208,-0.03094,
1671607617299906048,50.17796,-133.32237,-82.66007,-0.24327,0.68382,-0.50745,-0.46444,-28.46782,-10.02753,-0.02271,
1671607617399883008,49.27819,-133.13783,-82.66007,-0.24143,0.68421,-0.51052,-0.46144,-17.99546,3.69073,-0.03986,
1671607617499976960,47.37987,-133.14434,-82.66007,-0.24300,0.68771,-0.50905,-0.45702,-37.96635,-0.13005,-0.04770,
1671607617599824896,46.51443,-133.78090,-82.66007,-0.24586,0.69308,-0.50492,-0.45194,-17.30892,-12.73132,-0.04931,
1671607617699918080,46.74221,-134.10378,-82.66007,-0.24295,0.69208,-0.50846,-0.45107,4.55566,-6.45758,-0.04763,
1671607617799877120,47.34923,-134.39826,-82.66007,-0.24062,0.68981,-0.51300,-0.45066,12.14035,-5.88953,-0.03973,
1671607617899961088,45.93653,-134.67233,-82.66007,-0.23733,0.68582,-0.51852,-0.45218,-28.25403,-5.48146,-0.02299,
1671607618000050944,44.12922,-134.98270,-82.66007,-0.23378,0.68409,-0.52246,-0.45210,-36.14613,-6.20740,-0.03189,
1671607618099909120,41.16439,-135.44074,-82.66007,-0.23091,0.68274,-0.52600,-0.45153,-59.29654,-9.16078,-0.02592,
1671607618199875072,39.72188,-135.80749,-82.66007,-0.22917,0.68409,-0.52629,-0.45003,-28.85030,-7.33504,-0.01764,
1671607618299963904,39.06776,-136.17700,-82.66007,-0.22944,0.68056,-0.53051,-0.45027,-13.08236,-7.39025,-0.03385,
1671607618399802112,37.18263,-135.96558,-82.66007,-0.23120,0.67966,-0.53424,-0.44632,-37.70252,4.22852,-0.04589,
1671607618499898112,36.35608,-136.35569,-82.66007,-0.23384,0.68211,-0.53547,-0.43968,-16.53112,-7.80231,-0.04690,
1671607618599991040,36.60296,-136.92172,-82.66007,-0.23758,0.68678,-0.53320,-0.43312,4.93776,-11.32050,-0.06615,
1671607618699822080,37.42018,-137.23280,-82.66007,-0.24337,0.69157,-0.52804,-0.42858,16.34439,-6.22168,-0.07549,
1671607618799897088,38.44322,-136.98922,-82.66007,-0.24825,0.69471,-0.52382,-0.42586,20.46067,4.87167,-0.09060,
1671607618899983872,38.78375,-136.58590,-82.66007,-0.25006,0.69340,-0.52510,-0.42536,6.81068,8.06637,-0.06768,
1671607619000064000,37.93153,-136.34078,-82.66007,-0.25123,0.69128,-0.52642,-0.42649,-17.04453,4.90251,-0.06719,
1671607619099912960,37.32548,-136.22898,-82.66007,-0.25177,0.68743,-0.52894,-0.42928,-12.12098,2.23593,-0.06495,
1671607619199991040,36.84061,-135.92818,-82.66007,-0.25437,0.68395,-0.52973,-0.43232,-9.69728,6.01594,-0.06391,
1671607619299836928,35.33639,-135.31243,-82.66007,-0.25569,0.67912,-0.53259,-0.43562,-30.08452,12.31507,-0.05261,
1671607619399927040,34.06854,-134.42371,-82.66007,-0.25678,0.67658,-0.53472,-0.43634,-25.35688,17.77434,-0.04542,
1671607619499888128,32.44247,-133.64772,-82.66007,-0.25749,0.67376,-0.53766,-0.43666,-32.52144,15.51975,-0.04521,
1671607619599979008,31.17200,-133.39283,-82.66007,-0.25810,0.67287,-0.53946,-0.43545,-25.40942,5.09788,-0.03630,
1671607619699806976,29.85430,-133.17807,-82.66007,-0.25759,0.67059,-0.54362,-0.43409,-26.35405,4.29520,-0.04219,
1671607619799891968,28.86801,-133.14822,-82.66007,-0.25533,0.67145,-0.54718,-0.42961,-19.72570,0.59704,-0.05741,
1671607619899987968,27.50590,-133.45735,-82.66007,-0.25433,0.67306,-0.54949,-0.42469,-27.24234,-6.18259,-0.07481,
1671607620000075008,26.59741,-134.38195,-82.66007,-0.25608,0.67227,-0.54946,-0.42493,-18.16973,-18.49205,-0.05466,
1671607620099933952,25.21299,-134.53524,-82.66007,-0.25706,0.67162,-0.54940,-0.42545,-27.68833,-3.06582,-0.05712,
1671607620199777024,24.51397,-134.19195,-82.66007,-0.25810,0.67278,-0.54825,-0.42447,-13.98054,6.86583,-0.05383,
1671607620299983104,24.17427,-134.15970,-82.66007,-0.25667,0.67362,-0.54870,-0.42342,-6.79389,0.64495,-0.05202,
1671607620399816960,23.52669,-134.43759,-82.66007,-0.25451,0.67662,-0.54751,-0.42148,-12.95162,-5.55777,-0.05872,
1671607620499900928,23.18865,-134.95033,-82.66007,-0.25211,0.67775,-0.54826,-0.42013,-6.76081,-10.25475,-0.05702,
1671607620599987968,22.43530,-135.39792,-82.66007,-0.25028,0.67963,-0.54974,-0.41623,-15.06701,-8.95187,-0.06947,
1671607620699837952,21.80961,-136.07869,-82.66007,-0.24719,0.67753,-0.55538,-0.41402,-12.51385,-13.61531,-0.05919,
1671607620799923968,20.09594,-136.75399,-82.66007,-0.24592,0.67505,-0.55995,-0.41267,-34.27326,-13.50604,-0.06164,
1671607620899890944,18.63878,-137.06212,-82.66007,-0.24557,0.67245,-0.56358,-0.41216,-29.14336,-6.16253,-0.05164,
1671607621000091904,17.25896,-137.10660,-82.66006,-0.27783,0.69556,-0.52678,-0.40189,-27.59626,-0.88960,-0.09228,
1671607621099930880,16.68379,-137.08720,-82.66261,-0.33864,0.68600,-0.48057,-0.42868,-11.50339,0.38786,-0.07414,
1671607621199887872,16.26506,-136.93411,-82.66183,-0.39172,0.64129,-0.46371,-0.46934,-8.37476,3.06191,-0.02678,
1671607621299977984,14.98442,-137.09523,-82.66129,-0.39401,0.62174,-0.46222,-0.49451,-25.61278,-3.22246,-0.01303,
1671607621399821056,13.93646,-136.46953,-82.66029,-0.40343,0.61184,-0.45688,-0.50414,-20.95922,12.51397,-0.00579,
1671607621499923968,12.39084,-135.92809,-82.66166,-0.39360,0.63044,-0.44072,-0.50337,-30.91228,10.82883,-0.04196,
1671607621599776000,11.28941,-136.22874,-82.66171,-0.41221,0.63583,-0.42564,-0.49460,-22.02859,-6.01297,-0.02681,
1671607621699995904,10.11036,-137.16536,-82.66252,-0.42563,0.62810,-0.44301,-0.47757,-23.58113,-18.73245,-0.03230,
1671607621799843072,9.33357,-138.13973,-82.66176,-0.44261,0.62321,-0.44825,-0.46344,-15.53571,-19.48746,-0.02378,
1671607621899929088,8.45761,-138.85696,-82.66288,-0.45062,0.61654,-0.46295,-0.44999,-17.51910,-14.34455,-0.03021,
1671607622000124928,7.96396,-138.98112,-82.66229,-0.44726,0.63007,-0.44904,-0.44871,-9.87304,-2.48308,-0.02493,
1671607622099974912,6.63860,-138.79251,-82.66225,-0.45254,0.62568,-0.44481,-0.45373,-26.50731,3.77219,-0.03112,
1671607622199813120,6.33727,-138.26492,-82.66227,-0.46032,0.62491,-0.43575,-0.45577,-6.02655,10.55180,-0.02832,
1671607622299899904,5.20912,-137.43928,-82.66243,-0.46034,0.61789,-0.43564,-0.46532,-22.56292,16.51277,-0.01957,
1671607622399986944,4.05565,-136.88709,-82.66118,-0.46204,0.61740,-0.43718,-0.46282,-23.06940,11.04377,0.00536,
1671607622499824896,2.15950,-136.64646,-82.66074,-0.47449,0.60773,-0.43638,-0.46378,-37.92311,4.81269,-0.00546,
1671607622599916032,0.95260,-136.83070,-82.66116,-0.48177,0.60906,-0.43909,-0.45183,-24.13798,-3.68497,-0.01853,
1671607622699885056,0.51539,-136.98137,-82.66383,-0.47333,0.61114,-0.44436,-0.45278,-8.74423,-3.01326,-0.05099,
1671607622799982080,0.61629,-136.79598,-82.66590,-0.46845,0.61257,-0.44694,-0.45338,2.01795,3.70781,-0.07129,
1671607622899825920,-0.60139,-136.59254,-82.66716,-0.46457,0.61148,-0.45074,-0.45509,-24.35344,4.06866,-0.07782,
1671607623000022016,-2.28269,-136.73506,-82.66757,-0.46138,0.60771,-0.45658,-0.45755,-33.62606,-2.85024,-0.07739,
1671607623099866880,-4.07924,-136.99465,-82.66742,-0.45899,0.60351,-0.46488,-0.45716,-35.93095,-5.19183,-0.06983,
1671607623199958016,-6.39752,-137.19841,-82.66619,-0.46050,0.60042,-0.46874,-0.45576,-46.36563,-4.07528,-0.04151,
1671607623299783936,-8.64752,-137.90313,-82.66514,-0.46143,0.59805,-0.47138,-0.45522,-45.00007,-14.09434,-0.02841,
1671607623399877120,-10.06109,-138.09920,-82.66418,-0.46833,0.59173,-0.47404,-0.45367,-28.27137,-3.92136,-0.01579,
1671607623499955968,-11.45186,-138.12688,-82.66212,-0.47112,0.59343,-0.47095,-0.45177,-27.81532,-0.55374,-0.02577,
1671607623599777024,-12.25666,-137.64526,-82.66358,-0.47712,0.59948,-0.46356,-0.44506,-16.09606,9.63248,-0.05479,
1671607623699997952,-12.29485,-137.27924,-82.66748,-0.48264,0.59996,-0.45751,-0.44475,-0.76384,7.32029,-0.09354,
1671607623799849984,-11.39115,-136.84043,-82.66909,-0.48333,0.60270,-0.45001,-0.44792,18.07401,8.77621,-0.09411,
1671607623899933952,-11.54030,-136.41501,-82.66995,-0.47867,0.60555,-0.44901,-0.45008,-2.98302,8.50841,-0.10373,
1671607623999888896,-12.56718,-135.56390,-82.67036,-0.47474,0.60809,-0.45482,-0.44496,-20.53764,17.02234,-0.11115,
1671607624099992064,-13.45998,-136.78716,-82.67182,-0.46953,0.60743,-0.46316,-0.44278,-17.85589,-24.46530,-0.12296,
1671607624199838976,-15.24142,-138.01032,-82.67177,-0.46471,0.60799,-0.46801,-0.44199,-35.62884,-24.46322,-0.12112,
1671607624299934976,-16.83375,-138.98687,-82.67138,-0.45966,0.60827,-0.47411,-0.44039,-31.84659,-19.53104,-0.07465,
1671607624399787008,-18.46928,-140.18656,-82.67011,-0.45841,0.60856,-0.47841,-0.43661,-32.71062,-23.99373,-0.07777,
1671607624499878912,-19.48129,-141.13347,-82.66936,-0.45869,0.60686,-0.48146,-0.43533,-20.24028,-18.93817,-0.06669,
1671607624599962112,-20.69374,-141.58078,-82.66851,-0.46129,0.60547,-0.48258,-0.43328,-24.24886,-8.94611,-0.08694,
1671607624699801088,-21.48351,-141.54426,-82.66877,-0.46392,0.60248,-0.48351,-0.43360,-15.79542,0.73036,-0.08297,
1671607624799997952,-22.53307,-141.32143,-82.66741,-0.46711,0.60215,-0.48175,-0.43260,-20.99125,4.45654,-0.07491,
1671607624899830016,-22.99326,-141.00662,-82.66749,-0.46979,0.60086,-0.48171,-0.43153,-9.20375,6.29626,-0.08129,
1671607625000040960,-23.58501,-140.86904,-82.66784,-0.47031,0.60237,-0.48013,-0.43062,-11.83500,2.75160,-0.08313,
1671607625099901952,-23.91519,-140.85730,-82.66891,-0.46948,0.60096,-0.48129,-0.43220,-6.60363,0.23482,-0.09010,
1671607625199988992,-24.03494,-140.89188,-82.66824,-0.46917,0.60059,-0.48103,-0.43335,-2.39505,-0.69175,-0.07955,
1671607625299832064,-25.29591,-140.86363,-82.66719,-0.46826,0.60064,-0.48238,-0.43275,-25.21927,0.56514,-0.06646,
1671607625399928064,-26.28824,-140.81552,-82.66558,-0.46998,0.60104,-0.48417,-0.42831,-19.84665,0.96208,-0.04998,
1671607625499898880,-27.22992,-141.12487,-82.66538,-0.46957,0.60134,-0.48582,-0.42647,-18.83357,-6.18690,-0.05619,
1671607625599990016,-27.60704,-141.53906,-82.66567,-0.46951,0.60209,-0.48571,-0.42560,-7.54239,-8.28375,-0.06135,
1671607625699832064,-28.44083,-141.93602,-82.66568,-0.46805,0.60112,-0.48787,-0.42611,-16.67579,-7.93926,-0.05348,
1671607625799926016,-29.17429,-142.13477,-82.66541,-0.46789,0.59883,-0.49265,-0.42400,-14.66919,-3.97504,-0.05876,
1671607625899884032,-30.36849,-142.45749,-82.66683,-0.46595,0.59478,-0.49813,-0.42544,-23.88416,-6.45432,-0.06723,
1671607626000098048,-31.61671,-143.07246,-82.66599,-0.46614,0.59360,-0.50115,-0.42333,-24.96426,-12.29957,-0.06333,
1671607626099952128,-34.05738,-143.66413,-82.66686,-0.46651,0.59262,-0.50231,-0.42291,-48.81340,-11.83334,-0.07606,
1671607626199795968,-34.48110,-143.81256,-82.66744,-0.46923,0.59175,-0.50374,-0.41941,-8.47443,-2.96856,-0.05322,
1671607626299877888,-35.45778,-143.94845,-82.67047,-0.47044,0.58929,-0.50375,-0.42149,-19.53368,-2.71779,-0.11452,
1671607626399950080,-35.98817,-144.01791,-82.67099,-0.47325,0.58836,-0.50444,-0.41882,-10.60776,-1.38933,-0.11085,
1671607626499796992,-37.17211,-143.93044,-82.67178,-0.47397,0.58796,-0.50385,-0.41927,-23.67882,1.74955,-0.12330,
1671607626599884032,-37.71487,-143.65093,-82.67187,-0.47687,0.58721,-0.50469,-0.41601,-10.85515,5.59018,-0.12046,
1671607626699970048,-38.58122,-143.57443,-82.67207,-0.47723,0.58839,-0.50400,-0.41476,-17.32709,1.52992,-0.12791,
1671607626799814912,-38.95800,-143.52617,-82.67313,-0.47607,0.58961,-0.50603,-0.41187,-7.53562,0.96515,-0.14206,
1671607626899894016,-39.49967,-143.75378,-82.67448,-0.47257,0.58924,-0.50939,-0.41229,-10.83327,-4.55215,-0.15078,
1671607627000101120,-40.18942,-144.37778,-82.67520,-0.47061,0.58802,-0.51293,-0.41191,-13.79511,-12.47992,-0.15621,
1671607627099963904,-42.94276,-145.49398,-82.67565,-0.46979,0.58581,-0.51551,-0.41276,-55.06673,-22.32412,-0.16284,
1671607627199803904,-44.36027,-145.79786,-82.67551,-0.47440,0.58125,-0.51569,-0.41371,-28.35029,-6.07756,-0.07852,
1671607627299877888,-45.33870,-145.65534,-82.67515,-0.47214,0.58002,-0.51813,-0.41497,-19.56850,2.85044,-0.14653,
1671607627399943936,-46.74737,-145.38411,-82.67373,-0.47350,0.57831,-0.51962,-0.41395,-28.17350,5.42452,-0.12915,
1671607627499784960,-47.53747,-145.38215,-82.67288,-0.47717,0.57824,-0.52006,-0.40925,-15.80196,0.03925,-0.12547,
1671607627599995904,-47.61473,-145.40900,-82.67263,-0.48066,0.58271,-0.51500,-0.40521,-1.54512,-0.53700,-0.13704,
1671607627699845120,-47.22409,-145.34464,-82.67375,-0.47875,0.58226,-0.51619,-0.40659,7.81275,1.28727,-0.14259,
1671607627799941120,-48.48275,-145.56483,-82.67423,-0.47622,0.57933,-0.51994,-0.40896,-25.17326,-4.40377,-0.14051,
1671607627899783936,-50.30882,-145.83374,-82.67441,-0.47668,0.56818,-0.52763,-0.41419,-36.52127,-5.37825,-0.13400,
1671607628000090112,-53.30044,-146.05774,-82.67292,-0.47505,0.56553,-0.53298,-0.41283,-59.83251,-4.48007,-0.10254,
1671607628099942912,-54.67023,-145.98502,-82.67291,-0.47705,0.56202,-0.53668,-0.41052,-27.39574,1.45450,-0.06890,
1671607628199790080,-55.71162,-146.10273,-82.67363,-0.47720,0.56074,-0.53669,-0.41208,-20.82783,-2.35425,-0.13787,
1671607628299881984,-56.70428,-146.31003,-82.67341,-0.47546,0.56234,-0.53796,-0.41026,-19.85311,-4.14600,-0.13335,
1671607628399981056,-57.61888,-146.60823,-82.67321,-0.47676,0.56323,-0.53768,-0.40789,-18.29201,-5.96408,-0.13457,
1671607628499827968,-58.04493,-146.76268,-82.67426,-0.47822,0.56163,-0.53742,-0.40873,-8.52101,-3.08886,-0.15259,
1671607628599911936,-58.78824,-146.81975,-82.67490,-0.47538,0.56413,-0.53797,-0.40786,-14.86628,-1.14140,-0.15525,
1671607628699880960,-59.23835,-146.51603,-82.67467,-0.48295,0.56548,-0.53346,-0.40301,-9.00211,6.07437,-0.14627,
1671607628799974912,-60.44471,-146.13100,-82.67345,-0.48282,0.55789,-0.53755,-0.40826,-24.12722,7.70062,-0.12962,
1671607628899824128,-61.63098,-145.99300,-82.67378,-0.48293,0.55720,-0.54204,-0.40311,-23.72548,2.75991,-0.13466,
1671607629000027904,-62.64675,-146.62712,-82.67324,-0.48168,0.55700,-0.54329,-0.40320,-20.31546,-12.68236,-0.14152,
1671607629099878912,-62.95785,-146.91600,-82.67490,-0.47955,0.56428,-0.54206,-0.39722,-6.22181,-5.77762,-0.16044,
1671607629199968000,-62.96324,-147.31994,-82.67485,-0.48011,0.56397,-0.54301,-0.39570,-0.10790,-8.07876,-0.15856,
1671607629299792896,-63.44485,-147.94991,-82.67599,-0.47765,0.55962,-0.54583,-0.40094,-9.63211,-12.59949,-0.17113,
1671607629399998976,-63.84576,-148.21654,-82.68039,-0.48440,0.56058,-0.54284,-0.39550,-8.01831,-5.33250,-0.21526,
1671607629499830016,-64.90644,-148.04900,-82.68243,-0.48088,0.55770,-0.54940,-0.39482,-21.21352,3.35079,-0.23708,
1671607629599920128,-65.88441,-147.89321,-82.68001,-0.48342,0.55654,-0.55227,-0.38931,-19.55948,3.11578,-0.20005,
1671607629699891968,-67.04310,-148.26973,-82.67882,0.47380,-0.54750,0.56266,0.39897,-23.17386,-7.53046,-0.19069,
1671607629799970048,-68.01520,-148.51263,-82.68231,0.47475,-0.55387,0.56298,0.38844,-19.44193,-4.85796,-0.23134,
1671607629899803904,-69.07037,-148.87075,-82.68089,0.48018,-0.55268,0.56012,0.38760,-21.10345,-7.16244,-0.21354,
1671607630000012032,-69.41238,-149.01811,-82.68030,0.49593,-0.54856,0.54949,0.38885,-6.84014,-2.94711,-0.20929,
1671607630099980032,-70.65482,-149.05746,-82.67959,-0.49403,0.55269,-0.54925,-0.38574,-24.84885,-0.78697,-0.19965,
1671607630199804928,-70.98292,-149.03353,-82.68155,0.48106,-0.54744,0.56530,0.38643,-6.56184,0.47864,-0.22277,
1671607630299892992,-72.14770,-148.99912,-82.68280,0.49249,-0.54641,0.55721,0.38523,-23.29570,0.68816,-0.23185,
1671607630399975936,-72.86736,-148.92683,-82.68686,0.48607,-0.55096,0.56566,0.37445,-14.39325,1.44584,-0.27577,
1671607630499796992,-73.99460,-149.06519,-82.67778,0.48250,-0.53799,0.57276,0.38692,-22.54475,-2.76735,-0.18173,
1671607630599892992,-74.89820,-149.33387,-82.68152,0.48111,-0.54026,0.57618,0.38036,-18.07195,-5.37345,-0.22890,
1671607630699983104,-75.95207,-149.81051,-82.67762,0.48866,-0.53434,0.57218,0.38510,-21.07739,-9.53297,-0.18114,
1671607630799812096,-76.52276,-150.25099,-82.67838,0.47800,-0.54407,0.58035,0.37242,-11.41393,-8.80960,-0.19051,
1671607630899901952,-77.33730,-150.40592,-82.68204,0.48328,-0.54993,0.57731,0.36157,-16.29078,-3.09846,-0.22480,
1671607631000098048,-77.93840,-150.53142,-82.66007,0.48225,-0.55024,0.57869,0.36027,-12.02204,-2.51015,-0.00784,
1671607631099944960,-79.38614,-151.00285,-82.66007,0.48088,-0.54936,0.58064,0.36029,-28.95475,-9.42843,-0.01142,
1671607631199779072,-80.39942,-151.08038,-82.66007,0.48130,-0.54750,0.58174,0.36081,-20.26564,-1.55064,-0.00552,
1671607631299994880,-81.40626,-150.96094,-82.66007,0.48019,-0.54493,0.58503,0.36086,-20.13665,2.38880,-0.00321,
1671607631399831040,-82.60509,-151.16829,-82.66007,0.47910,-0.54460,0.58697,0.35963,-23.97657,-4.14711,-0.00618,
1671607631499921920,-83.41215,-151.47734,-82.66007,0.47747,-0.54394,0.58902,0.35946,-16.14121,-6.18092,-0.00019,
1671607631599887872,-84.26754,-151.68491,-82.66007,0.47671,-0.54540,0.58975,0.35703,-17.10780,-4.15142,-0.00981,
1671607631699984896,-84.70745,-152.04510,-82.66007,0.47561,-0.54483,0.59234,0.35508,-8.79831,-7.20374,-0.00775,
1671607631799835904,-85.49786,-152.39488,-82.66007,0.47496,-0.54306,0.59485,0.35447,-15.80821,-6.99568,-0.00932,
1671607631899932928,-86.58420,-152.58126,-82.66007,0.47397,-0.54155,0.59775,0.35323,-21.72684,-3.72748,-0.02071,
1671607632000015872,-87.51679,-152.88599,-82.66007,0.47341,-0.53999,0.59967,0.35311,-18.65180,-6.09471,-0.01322,
1671607632099985920,-88.50606,-152.93223,-82.66007,0.47210,-0.53877,0.60187,0.35299,-19.78534,-0.92484,-0.00711,
1671607632199823872,-89.44850,-153.14485,-82.66007,0.47260,-0.53809,0.60237,0.35250,-18.84874,-4.25234,-0.00846,
1671607632299917056,-90.12977,-152.94723,-82.66007,0.47304,-0.53477,0.60480,0.35280,-13.62549,3.95242,-0.00161,
1671607632399879936,-91.40271,-152.96708,-82.66007,0.47438,-0.53394,0.60590,0.35037,-25.45875,-0.39693,0.01231,
1671607632499961088,-91.57891,-152.82364,-82.66007,0.47864,-0.53670,0.60257,0.34608,-3.52396,2.86879,-0.00888,
1671607632599802112,-91.23792,-152.38969,-82.66007,0.48209,-0.53930,0.59962,0.34235,6.81979,8.67890,-0.01077,
1671607632699891968,-91.01711,-152.04389,-82.66007,0.48161,-0.53539,0.60229,0.34447,4.41609,6.91603,-0.00708,
1671607632799997952,-92.51948,-151.85843,-82.66007,0.48027,-0.52781,0.60748,0.34890,-30.04725,3.70918,0.00229,
1671607632899842048,-95.06341,-151.75596,-82.66007,0.47643,-0.52028,0.61500,0.35228,-50.87864,2.04935,-0.00611,
1671607633000047104,-97.69307,-152.20352,-82.66007,0.47338,-0.51666,0.62037,0.35229,-52.59318,-8.95106,-0.00715,
1671607633099901952,-98.59194,-152.44463,-82.66007,0.47182,-0.51366,0.62372,0.35288,-17.97747,-4.82230,-0.00749,
1671607633199984896,-99.32078,-152.74471,-82.66007,0.47187,-0.51164,0.62526,0.35301,-14.57684,-6.00164,-0.01479,
1671607633299830016,-100.77003,-152.91155,-82.66007,0.47315,-0.51065,0.62468,0.35374,-28.98502,-3.33664,-0.01573,
1671607633399922944,-101.61678,-152.75334,-82.66007,0.47388,-0.51187,0.62380,0.35256,-16.93492,3.16408,-0.01534,
1671607633499889920,-102.30651,-152.34111,-82.66007,0.47320,-0.51202,0.62494,0.35123,-13.79457,8.24462,-0.01302,
1671607633599962112,-102.47399,-152.23163,-82.66007,0.47054,-0.51444,0.62698,0.34760,-3.34972,2.18958,-0.02433,
1671607633699802880,-103.17320,-152.52417,-82.66007,0.46675,-0.51451,0.63066,0.34597,-13.98405,-5.85066,-0.01897,
1671607633799897088,-103.58920,-153.36895,-82.66007,0.46583,-0.51323,0.63289,0.34504,-8.32005,-16.89577,-0.01369,
1671607633899995904,-104.63315,-154.09691,-82.66007,0.46545,-0.50957,0.63604,0.34519,-20.87902,-14.55918,-0.00739,
1671607634000082944,-105.59843,-154.27491,-82.66007,0.46575,-0.50718,0.63854,0.34366,-19.30567,-3.55996,-0.00708,
1671607634099936000,-107.45991,-154.40287,-82.66007,0.46521,-0.50221,0.64229,0.34471,-37.22947,-2.55927,-0.00458,
1671607634199887872,-107.92534,-154.43675,-82.66007,0.46469,-0.49778,0.64576,0.34536,-9.30872,-0.67753,-0.00259,
1671607634299971072,-109.64072,-154.40567,-82.66007,0.46428,-0.49476,0.64808,0.34591,-34.30762,0.62155,-0.00644,
1671607634399820032,-111.21039,-154.49557,-82.66007,0.46652,-0.49308,0.64813,0.34519,-31.39332,-1.79790,-0.01642,
1671607634499913984,-112.41627,-154.36594,-82.66007,0.46664,-0.48934,0.65043,0.34602,-24.11766,2.59254,-0.01158,
1671607634599875072,-113.17551,-153.95088,-82.66007,0.47384,-0.53545,0.63258,0.29768,-15.18480,8.30122,-0.02751,
1671607634699964928,-114.49858,-153.72554,-82.66181,0.47297,-0.52694,0.63286,0.31325,-26.46125,4.50680,-0.04877,
1671607634799801088,-115.42151,-153.38371,-82.66085,0.51036,-0.50300,0.60374,0.34932,-18.45867,6.83664,-0.01833,
1671607634899892992,-116.28053,-152.89762,-82.66253,0.49943,-0.49684,0.60200,0.37593,-17.18035,9.72176,-0.04457,
1671607635000101120,-116.68933,-152.67480,-82.66291,0.50093,-0.51939,0.57713,0.38239,-8.17609,4.45644,-0.04711,
1671607635099962880,-117.85460,-152.47654,-82.66372,0.53044,-0.50427,0.56688,0.37815,-23.30542,3.96519,-0.05018,
1671607635199801088,-118.06848,-152.43069,-82.66389,0.54189,-0.50486,0.56011,0.37115,-4.27747,0.91700,-0.05053,
1671607635299886080,-119.40354,-152.32329,-82.66480,0.54399,-0.50560,0.56140,0.36507,-26.70122,2.14807,-0.05719,
1671607635399976960,-120.26796,-152.48357,-82.66475,0.54864,-0.50712,0.55844,0.36051,-17.28845,-3.20571,-0.05527,
1671607635499804928,-121.31050,-153.01059,-82.66602,0.55484,-0.49733,0.56304,0.35750,-20.85089,-10.54041,-0.07192,
1671607635599883008,-122.06381,-153.04685,-82.66534,0.56430,-0.48901,0.56255,0.35491,-15.06609,-0.72524,-0.05304,
1671607635699969024,-123.16049,-152.18765,-82.66537,0.55900,-0.49393,0.56229,0.35692,-21.93361,17.18406,-0.06329,
1671607635799804928,-123.85133,-151.30528,-82.66615,0.55939,-0.49868,0.56038,0.35267,-13.81686,17.64740,-0.08000,
1671607635899886080,-124.81605,-151.49696,-82.66763,0.55824,-0.50237,0.55464,0.35828,-19.29438,-3.83355,-0.08543,
1671607636000086016,-125.15053,-151.62217,-82.66759,0.55961,-0.50370,0.55686,0.35075,-6.68960,-2.50420,-0.08369,
1671607636099942912,-125.70743,-151.46810,-82.66868,0.55661,-0.50562,0.56029,0.34728,-11.13801,3.08138,-0.09683,
1671607636199791104,-126.47715,-152.08604,-82.66870,0.55219,-0.50708,0.56334,0.34728,-15.39439,-12.35889,-0.09371,
1671607636299877120,-127.56733,-152.73284,-82.66909,0.54924,-0.50301,0.56989,0.34720,-21.80358,-12.93585,-0.10554,
1671607636399979008,-129.38148,-153.50369,-82.66979,0.54024,-0.49573,0.57973,0.35540,-36.28304,-15.41709,-0.09339,
1671607636499815936,-132.27862,-154.28253,-82.66922,0.53172,-0.48579,0.58974,0.36536,-57.94276,-15.57680,-0.07619,
1671607636599911936,-135.22091,-154.86813,-82.66892,0.52454,-0.47789,0.59750,0.37346,-58.84582,-11.71195,-0.04685,
1671607636699993088,-138.16466,-155.44637,-82.66894,0.51627,-0.46881,0.60350,0.38661,-58.87489,-11.56493,-0.04695,
1671607636799824896,-141.16104,-155.59363,-82.66831,0.51506,-0.45623,0.60917,0.39432,-59.92768,-2.94503,-0.03504,
1671607636899909120,-144.15802,-155.45896,-82.66633,0.51112,-0.44923,0.61198,0.40303,-59.93952,2.69337,-0.01620,
1671607637000122112,-147.14834,-155.21825,-82.66414,0.50726,-0.44774,0.61438,0.40590,-59.80656,4.81405,-0.00563,
1671607637099944960,-148.38530,-155.22100,-82.66262,0.50602,-0.44922,0.61724,0.40145,-24.73919,-0.05500,0.00004,
1671607637199800064,-149.51074,-155.01720,-82.65908,0.49391,-0.43105,0.63254,0.41248,-22.50868,4.07611,0.03899,
1671607637299886080,-151.67306,-155.01511,-82.66002,0.47417,-0.43315,0.64906,0.40776,-43.24645,0.04169,0.00702,
1671607637399951872,-154.08146,-154.97274,-82.66006,0.47543,-0.42426,0.64341,0.42426,-48.16806,0.84755,-0.00840,
1671607637499794944,-156.23612,-154.69375,-82.66006,0.48615,-0.41781,0.62943,0.43921,-43.09311,5.57983,-0.01243,
1671607637599884032,-157.30538,-153.52256,-82.66010,0.48565,-0.43144,0.62560,0.43202,-21.38530,23.42379,-0.01681,
1671607637699984896,-158.21386,-152.01247,-82.66023,0.48318,-0.43042,0.62949,0.43013,-18.16949,30.20168,-0.00970,
1671607637799826944,-159.79212,-152.09810,-82.66014,0.48109,-0.43371,0.62800,0.43136,-31.56516,-1.71257,-0.00994,
1671607637899910912,-162.51006,-153.36805,-82.66009,0.50097,-0.43194,0.61403,0.43061,-54.35888,-25.39905,0.00875,
1671607638000122880,-164.85504,-152.22942,-82.66007,0.51422,-0.43840,0.59805,0.43095,-46.89966,22.77274,0.01109,
1671607638099981056,-164.77588,-149.23046,-82.66007,0.52037,-0.46102,0.58461,0.41823,1.58334,59.97911,-0.00304,
1671607638199823104,-162.90366,-146.88636,-82.66007,0.53142,-0.46416,0.57964,0.40763,37.44433,46.88200,-0.00605,
1671607638299936000,-160.02469,-146.04285,-82.66007,0.54997,-0.47140,0.56546,0.39442,57.57948,16.87018,-0.01314,
1671607638399777024,-157.04237,-146.36810,-82.66018,0.56591,-0.48869,0.54851,0.37425,59.64634,-6.50490,-0.01545,
1671607638499994112,-154.04995,-146.58125,-82.66279,0.57226,-0.50741,0.53406,0.36033,59.84836,-4.26309,-0.03443,
1671607638599834112,-151.19351,-147.49816,-82.66546,0.56824,-0.51627,0.53661,0.35016,57.12889,-18.33820,-0.05153,
1671607638699930112,-149.86043,-149.01576,-82.66866,0.55735,-0.52874,0.53780,0.34722,26.66159,-30.35197,-0.07560,
1671607638799884032,-148.14599,-150.71914,-82.67353,0.54698,-0.53166,0.55067,0.33900,34.28866,-34.06759,-0.11246,
1671607638899986944,-147.37036,-153.26493,-82.67488,0.54050,-0.53318,0.55902,0.33328,15.51274,-50.91579,-0.10797,
1671607639000066048,-147.48138,-156.26287,-82.67633,0.53274,-0.52649,0.57201,0.33436,-2.22041,-59.95890,-0.10461,
1671607639099916032,-149.10720,-158.78413,-82.67664,0.51719,-0.51339,0.59453,0.33981,-32.51637,-50.42505,-0.08403,
1671607639199891968,-151.60003,-160.45319,-82.67566,0.50146,-0.50573,0.61520,0.33810,-49.85666,-33.38133,-0.07500,
1671607639299993088,-153.72237,-162.57349,-82.67473,0.49093,-0.49507,0.63282,0.33678,-42.44691,-42.40590,-0.06948,
1671607639399823104,-156.01202,-164.51192,-82.67318,0.48461,-0.48474,0.64576,0.33642,-45.79301,-38.76855,-0.04837,
1671607639499912960,-158.63988,-165.95911,-82.67123,0.48157,-0.46904,0.66109,0.33325,-52.55715,-28.94385,-0.04430,
1671607639599991040,-161.38542,-167.16826,-82.66966,0.47219,-0.45172,0.68520,0.32168,-54.91069,-24.18296,-0.03971,
1671607639699831040,-163.80643,-168.93990,-82.66904,0.46745,-0.42777,0.70701,0.31407,-48.42020,-35.43281,-0.04461,
1671607639799915008,-166.72741,-169.62390,-82.66858,0.47236,-0.40125,0.72035,0.31141,-58.41964,-13.68010,-0.04051,
1671607639899884032,-169.60113,-168.76265,-82.66749,0.48453,-0.36707,0.73430,0.30216,-57.47434,17.22500,-0.02390,
1671607640000107008,-172.26108,-167.37534,-82.66606,0.49714,-0.33484,0.74733,0.28675,-53.19912,27.74624,-0.02165,
1671607640099971072,-173.60333,-166.59184,-82.66496,0.50955,-0.30410,0.75813,0.27041,-26.84505,15.67009,-0.01904,
1671607640199821056,-175.49912,-165.23970,-82.66355,0.51407,-0.28646,0.76691,0.25596,-37.91581,27.04272,-0.02635,
1671607640299922944,-177.74708,-163.25308,-82.66313,0.52027,-0.25831,0.78188,0.22640,-44.95920,39.73248,-0.01682,
1671607640399889920,-180.42288,-162.18397,-82.66279,0.52914,-0.23538,0.79184,0.19388,-53.51592,21.38203,-0.00807,
1671607640499988992,-182.81166,-162.33578,-82.66199,0.53979,-0.22490,0.79467,0.16291,-47.77567,-3.03621,-0.00437,
1671607640599833088,-183.78999,-162.80269,-82.66115,0.54887,-0.21894,0.79469,0.13881,-19.56651,-9.33803,-0.00038,
1671607640699923968,-183.13361,-163.63443,-82.66002,0.55341,-0.21460,0.79695,0.11204,13.12762,-16.63480,0.01472,
1671607640799887104,-181.64794,-163.87125,-82.66006,0.55458,-0.20949,0.80089,0.08441,29.71331,-4.73647,0.01824,
1671607640899982080,-180.28070,-164.79846,-82.66007,0.55354,-0.19800,0.80725,0.05232,27.34492,-18.54425,0.02475,
1671607641000046080,-178.73417,-166.17753,-82.65825,0.55698,-0.18959,0.80850,0.01262,30.93044,-27.58144,0.03166,
1671607641099897088,-178.32937,-167.61037,-82.65843,0.55656,-0.16817,0.81353,-0.01139,8.09603,-28.65680,0.01330,
1671607641199992064,-177.80244,-168.13469,-82.66007,0.55508,-0.14301,0.81900,-0.02574,10.53870,-10.48640,0.00507,
1671607641299856896,-177.23723,-169.08757,-82.66007,0.55721,-0.13470,0.81743,-0.05635,11.30408,-19.05750,0.00117,
1671607641399949056,-178.31143,-168.30683,-82.66007,0.55375,-0.09748,0.82383,-0.07189,-21.48383,15.61481,-0.00279,
1671607641499785984,-180.27891,-166.62085,-82.65748,0.54909,-0.06499,0.83201,-0.04511,-39.34960,33.71948,0.03464,
1671607641599987968,-182.13134,-164.26109,-82.65898,0.54170,-0.02077,0.83983,-0.02862,-37.04873,47.19525,0.00388,
1671607641699808000,-183.67993,-161.69168,-82.65953,0.53161,-0.00485,0.84550,-0.05001,-30.97171,51.38826,0.00209,
1671607641799892992,-185.05025,-159.02293,-82.65980,0.52611,0.01848,0.84700,-0.07380,-27.40638,53.37500,0.00946,
1671607641899974912,-186.28465,-156.28866,-82.65993,0.51854,0.04701,0.84815,-0.09772,-24.68813,54.68543,0.00360,
1671607642000065024,-187.15668,-153.41819,-82.66000,0.51240,0.07463,0.84649,-0.12385,-17.44064,57.40927,0.00288,
1671607642099922944,-188.07969,-150.56371,-82.66004,0.51472,0.09989,0.83850,-0.14834,-18.46010,57.08962,-0.00099,
1671607642199897088,-188.21221,-148.95673,-82.66005,0.51986,0.12594,0.82680,-0.17400,-2.65036,32.13975,0.00362,
1671607642299984896,-186.92606,-146.62875,-82.66007,0.51335,0.16928,0.81831,-0.19541,25.72287,46.55955,-0.01478,
1671607642399825920,-184.79760,-144.51661,-82.66007,0.51432,0.17132,0.80855,-0.22886,42.56931,42.24280,-0.01642,
1671607642499929088,-183.22403,-144.13248,-82.66007,0.50934,0.18373,0.80066,-0.25645,31.47142,7.68262,-0.02218,
1671607642599892992,-182.76441,-145.33921,-82.66007,0.51022,0.21198,0.77562,-0.30520,9.19244,-24.13461,-0.05935,
1671607642699975936,-182.89489,-147.02016,-82.66007,0.53860,0.24857,0.71972,-0.36072,-2.60976,-33.61897,0.01154,
1671607642799824896,-180.48030,-147.39976,-82.66007,0.55504,0.27372,0.68923,-0.37679,48.29189,-7.59208,-0.01045,
1671607642899898112,-177.96136,-145.77036,-82.66007,0.51611,0.32024,0.68554,-0.40140,50.37878,32.58802,-0.01486,
1671607643000119040,-175.57685,-143.94989,-82.66007,0.51824,0.32529,0.67147,-0.41803,47.69021,36.40939,0.01097,
1671607643099962880,-175.53561,-143.80362,-82.66007,0.52547,0.33072,0.65051,-0.43744,0.82472,2.92532,0.00908,
1671607643199810048,-176.14952,-143.23131,-82.66007,0.52866,0.33948,0.62563,-0.46244,-12.27814,11.44626,0.00472,
1671607643299898880,-175.63340,-143.29732,-82.66007,0.55915,0.34428,0.59709,-0.46076,10.32242,-1.32012,0.02345,
1671607643399988992,-174.78889,-144.78397,-82.66007,0.55636,0.36085,0.57085,-0.48413,16.89024,-29.73302,0.00510,
1671607643499827968,-172.56690,-145.28317,-82.66007,0.56177,0.36191,0.55693,-0.49322,44.43979,-9.98412,0.00982,
1671607643599904000,-170.44155,-146.66385,-82.66007,0.51021,0.37424,0.55923,-0.53561,42.50695,-27.61347,0.00389,
1671607643699985920,-168.19745,-147.94306,-82.66007,0.52145,0.38379,0.53335,-0.54436,44.88197,-25.58428,0.00074,
1671607643799813888,-166.63195,-149.31759,-82.66007,0.51408,0.38527,0.52878,-0.55469,31.31015,-27.49067,0.00321,
1671607643899910912,-165.60822,-149.87326,-82.66007,0.52084,0.37716,0.53046,-0.55235,20.47446,-11.11341,0.00001,
1671607644000001024,-163.23372,-151.23215,-82.66007,0.54417,0.37887,0.51251,-0.54558,47.49008,-27.17764,-0.00640,
1671607644099974912,-162.80069,-151.55675,-82.66007,0.54020,0.39400,0.49362,-0.55613,8.66066,-6.49207,-0.00426,
1671607644199822080,-162.39065,-152.21677,-82.66007,0.57759,0.40787,0.48807,-0.51169,8.20080,-13.20038,-0.01662,
1671607644299909888,-160.79794,-152.88957,-82.66007,0.58402,0.41135,0.48413,-0.50530,31.85408,-13.45603,-0.01479,
1671607644399991040,-159.33297,-153.99822,-82.66007,0.56284,0.45092,0.48087,-0.49865,29.29940,-22.17297,-0.01518,
1671607644499826944,-157.28078,-154.85734,-82.66007,0.56429,0.45193,0.47946,-0.49744,41.04375,-17.18241,-0.02145,
1671607644599904000,-155.78554,-155.50002,-82.66007,0.56806,0.46131,0.47829,-0.48552,29.90493,-12.85356,-0.02599,
1671607644699984896,-155.06843,-154.93638,-82.66007,0.57917,0.48501,0.47007,-0.45647,14.34215,11.27280,-0.00791,
1671607644799830016,-153.68932,-152.27216,-82.66007,0.59027,0.50333,0.45953,-0.43252,27.58216,53.28438,-0.01892,
1671607644899910912,-152.31848,-149.60368,-82.66007,0.59825,0.51328,0.44963,-0.42009,27.41684,53.36963,-0.01510,
1671607645000094976,-150.51661,-147.20508,-82.66007,0.60330,0.51171,0.44453,-0.42021,36.03734,47.97197,-0.01538,
1671607645099952128,-148.12627,-145.39227,-82.66007,0.60224,0.50124,0.44718,-0.43140,47.80684,36.25612,-0.02189,
1671607645199782912,-147.49434,-146.17767,-82.66007,0.59363,0.48594,0.45770,-0.44942,12.63869,-15.70789,-0.02117,
1671607645299992064,-148.03667,-148.87504,-82.66007,0.58577,0.47631,0.46583,-0.46152,-10.84670,-53.94754,-0.05168,
1671607645399816960,-149.61761,-151.42468,-82.66007,0.57824,0.47199,0.47344,-0.46767,-31.61880,-50.99266,-0.02445,
1671607645499909120,-151.43076,-153.75519,-82.66007,0.57199,0.47196,0.48005,-0.46866,-36.26290,-46.61021,-0.00790,
1671607645599997952,-152.95491,-154.67927,-82.66007,0.56633,0.46980,0.48702,-0.47051,-30.48305,-18.48162,-0.00495,
1671607645699836928,-154.09968,-154.58139,-82.66007,0.55979,0.46727,0.49316,-0.47442,-22.89538,1.95759,-0.01137,
1671607645799922944,-155.35803,-154.91132,-82.66007,0.55255,0.46375,0.49881,-0.48043,-25.16698,-6.59857,-0.01707,
1671607645899888896,-156.63080,-155.60518,-82.66007,0.54784,0.46065,0.50156,-0.48591,-25.45548,-13.87721,-0.01397,
1671607646000105984,-157.84836,-156.62920,-82.66007,0.54451,0.45715,0.50344,-0.49099,-24.35115,-20.48035,-0.00669,
1671607646099962112,-158.31385,-157.64648,-82.66007,0.54247,0.45638,0.50353,-0.49387,-9.30973,-20.34564,-0.00550,
1671607646199791104,-158.59560,-158.28388,-82.66007,0.53920,0.45477,0.50396,-0.49847,-5.63503,-12.74803,-0.00601,
1671607646299997952,-158.36649,-158.61246,-82.66007,0.53686,0.45228,0.50484,-0.50235,4.58209,-6.57162,-0.00545,
1671607646399835904,-158.36736,-159.21414,-82.66007,0.53344,0.45050,0.50759,-0.50482,-0.01741,-12.03351,-0.00872,
1671607646499920896,-158.39177,-159.84431,-82.66007,0.53447,0.45639,0.50507,-0.50096,-0.48823,-12.60337,-0.00383,
1671607646599891968,-158.70727,-160.02826,-82.66007,0.54221,0.46501,0.49663,-0.49309,-6.30998,-3.67904,-0.01024,
1671607646699963904,-157.62962,-158.63895,-82.66007,0.55218,0.47517,0.48584,-0.48298,21.55310,27.78614,-0.00125,
1671607646799801088,-155.31493,-156.73049,-82.66007,0.55798,0.48331,0.47857,-0.47544,46.29378,38.16917,-0.01103,
1671607646899997952,-152.99600,-154.82719,-82.66007,0.56123,0.48891,0.47363,-0.47081,46.37861,38.06606,-0.01196,
1671607647000082944,-150.97053,-153.02089,-82.66007,0.55952,0.49072,0.47379,-0.47080,40.50935,36.12590,-0.01214,
1671607647099937024,-149.18572,-151.38078,-82.66007,0.55805,0.49240,0.47323,-0.47137,35.69632,32.80219,-0.01011,
1671607647199889920,-149.22794,-151.25928,-82.66007,0.55503,0.49122,0.47495,-0.47441,-0.84450,2.43010,-0.01592,
1671607647299982080,-148.75375,-151.04570,-82.66007,0.55367,0.49165,0.47481,-0.47569,9.48376,4.27165,-0.04155,
1671607647399826944,-148.77071,-151.23230,-82.66007,0.55221,0.49346,0.47504,-0.47529,-0.33917,-3.73208,-0.03045,
1671607647499928064,-148.36284,-151.05589,-82.66007,0.55751,0.50284,0.46868,-0.46548,8.15748,3.52819,-0.03383,
1671607647599777024,-148.09676,-150.64792,-82.66007,0.56902,0.51431,0.45609,-0.45131,5.32163,8.15943,-0.03184,
1671607647699876096,-146.12102,-148.39039,-82.66007,0.57378,0.51729,0.45134,-0.44663,39.51479,45.15065,-0.01394,
1671607647799962112,-143.93549,-146.33528,-82.66007,0.57320,0.51321,0.45320,-0.45018,43.71052,41.10220,-0.02438,
1671607647899806976,-142.75681,-145.81466,-82.66007,0.56926,0.50686,0.45811,-0.45735,23.57364,10.41237,-0.03520,
1671607648000015872,-142.73315,-146.82126,-82.66007,0.56434,0.50257,0.46522,-0.46099,0.47324,-20.13212,-0.06443,
1671607648099983104,-143.37531,-147.99284,-82.66007,0.56084,0.50611,0.46852,-0.45804,-12.84327,-23.43153,-0.05888,
1671607648199822080,-144.36667,-148.52854,-82.66007,0.55790,0.51026,0.46914,-0.45639,-19.82710,-10.71394,-0.06386,
1671607648299933952,-144.61465,-147.51466,-82.66007,0.55901,0.51731,0.46487,-0.45142,-4.95978,20.27746,-0.03509,
1671607648399788032,-144.40359,-146.48328,-82.66007,0.55811,0.52061,0.46287,-0.45082,4.22128,20.62760,-0.06069,
1671607648499875072,-143.12707,-144.89869,-82.66007,0.55918,0.52235,0.45926,-0.45116,25.53035,31.69194,-0.07845,
1671607648599956992,-142.32206,-144.28374,-82.66007,0.55997,0.52427,0.45596,-0.45131,16.10029,12.29889,-0.05359,
1671607648699798016,-141.15366,-143.96588,-82.66007,0.55965,0.52652,0.45265,-0.45241,23.36803,6.35720,-0.06835,
1671607648799884032,-140.24351,-143.48843,-82.66007,0.55853,0.52491,0.45101,-0.45728,18.20295,9.54897,-0.04922,
1671607648899980032,-139.11281,-143.13998,-82.66007,0.55680,0.52445,0.45118,-0.45975,22.61397,6.96916,-0.06921,
1671607649000073984,-138.50617,-143.84770,-82.66007,0.55520,0.52209,0.45241,-0.46314,12.13278,-14.15440,-0.07441,
1671607649099929088,-138.12456,-144.04702,-82.66007,0.55510,0.52289,0.45083,-0.46390,7.63233,-3.98648,-0.06961,
1671607649199890944,-138.11328,-144.48314,-82.66007,0.55306,0.52403,0.45244,-0.46349,0.22541,-8.72238,-0.06451,
1671607649299982080,-137.29855,-144.21732,-82.66007,0.55003,0.52812,0.45377,-0.46114,16.29477,5.31635,-0.07258,
1671607649399820032,-137.19595,-143.66883,-82.66007,0.54652,0.53194,0.45648,-0.45825,2.05196,10.96989,-0.04735,
1671607649499922944,-137.24490,-142.65995,-82.66007,0.54475,0.53674,0.45863,-0.45256,-0.97898,20.17752,0.00972,
1671607649599777024,-137.43729,-141.62373,-82.66007,0.54589,0.52887,0.46046,-0.45855,-3.84788,20.72453,-0.05371,
1671607649699994112,-137.20177,-140.22624,-82.66007,0.54577,0.52513,0.46024,-0.46320,4.71034,27.94968,-0.02739,
1671607649799834880,-137.06434,-141.84423,-82.66007,0.54379,0.52341,0.46084,-0.46686,2.74867,-32.35975,-0.05820,
1671607649899917056,-136.69834,-142.90749,-82.66007,0.54380,0.52401,0.45941,-0.46759,7.32007,-21.26514,-0.08122,
1671607650000015104,-136.48181,-143.18531,-82.66007,0.53810,0.53061,0.46090,-0.46526,4.33062,-5.55655,-0.06520,
1671607650099974912,-135.66912,-142.57997,-82.66007,0.53610,0.53847,0.46024,-0.45916,16.25365,12.10692,-0.06954,
1671607650199803904,-136.19670,-141.63161,-82.66007,0.53542,0.54416,0.45855,-0.45492,-10.55148,18.96720,-0.07054,
1671607650299886080,-135.94414,-139.72925,-82.66007,0.53740,0.54871,0.45389,-0.45178,5.05121,38.04723,-0.06142,
1671607650399968000,-135.30746,-138.36030,-82.66007,0.53942,0.55013,0.45061,-0.45092,12.73365,27.37890,-0.05322,
1671607650499824896,-134.00758,-137.27281,-82.66007,0.54224,0.55258,0.44615,-0.44898,25.99744,21.74977,-0.06797,
1671607650599910912,-132.92894,-136.89899,-82.66007,0.54241,0.55297,0.44532,-0.44912,21.57288,7.47643,-0.06409,
1671607650699876096,-131.48304,-136.21964,-82.66007,0.54352,0.55550,0.44222,-0.44771,28.91803,13.58707,-0.08154,
1671607650799981056,-130.86392,-136.03690,-82.66007,0.54314,0.55710,0.44110,-0.44729,12.38234,3.65481,-0.07401,
1671607650899830016,-129.80554,-135.41593,-82.66007,0.54186,0.56104,0.43996,-0.44503,21.16758,12.41933,-0.07158,
1671607651000026880,-129.20416,-134.89589,-82.66007,0.54133,0.56381,0.43967,-0.44246,12.02770,10.40090,-0.06945,
1671607651099883008,-128.13507,-133.12525,-82.66007,0.54151,0.56778,0.43697,-0.43983,21.38181,35.41271,-0.06073,
1671607651199973120,-127.30358,-132.14769,-82.66007,0.54124,0.56971,0.43652,-0.43811,16.62974,19.55112,-0.05413,
1671607651299800064,-126.76288,-131.47377,-82.66007,0.54123,0.57261,0.43494,-0.43590,10.81394,13.47844,-0.07673,
1671607651399896064,-126.03346,-130.64606,-82.66007,0.54072,0.57407,0.43415,-0.43540,14.58847,16.55415,-0.08191,
1671607651499993088,-125.36574,-130.14213,-82.66007,0.54064,0.57602,0.43224,-0.43482,13.35446,10.07862,-0.08770,
1671607651599836928,-124.54909,-129.65212,-82.66007,0.53959,0.57805,0.43176,-0.43392,16.33292,9.80034,-0.07952,
1671607651699913984,-124.11794,-129.06339,-82.66007,0.54036,0.58069,0.42969,-0.43147,8.62291,11.77449,-0.08200,
1671607651799875072,-123.21885,-128.24802,-82.66007,0.53973,0.58299,0.42880,-0.43005,17.98183,16.30743,-0.08254,
1671607651899973888,-122.59786,-127.55122,-82.66007,0.54029,0.58528,0.42657,-0.42845,12.41981,13.93592,-0.08006,
1671607652000058112,-121.75145,-126.92160,-82.66007,0.53954,0.58612,0.42733,-0.42750,16.92816,12.59247,-0.08679,
1671607652099910912,-121.41959,-126.63902,-82.66007,0.53944,0.58859,0.42617,-0.42538,6.63739,5.65156,-0.09001,
1671607652199875072,-121.42892,-126.41914,-82.66007,0.53831,0.59072,0.42647,-0.42356,-0.18667,4.39768,-0.08606,
1671607652299955968,-120.75437,-125.59264,-82.66007,0.53813,0.59482,0.42473,-0.41977,13.49092,16.52997,-0.09312,
1671607652399803904,-120.36353,-124.86576,-82.66007,0.53759,0.59734,0.42400,-0.41762,7.81688,14.53758,-0.09639,
1671607652499888896,-119.58947,-123.82811,-82.66007,0.53505,0.59852,0.42575,-0.41741,15.48119,20.75302,-0.10268,
1671607652599982080,-119.17211,-123.10907,-82.66007,0.53180,0.59933,0.42866,-0.41742,8.34725,14.38083,-0.10305,
1671607652699823104,-119.07438,-122.67609,-82.66007,0.53213,0.60358,0.42595,-0.41364,1.95451,8.65957,-0.09677,
1671607652799919104,-119.09982,-122.16717,-82.66007,0.53340,0.60662,0.42297,-0.41060,-0.50881,10.17845,-0.09181,
1671607652899881984,-118.21033,-120.94586,-82.66007,0.53559,0.61120,0.41720,-0.40684,17.78984,24.42615,-0.09408,
1671607653000094976,-117.14113,-119.91095,-82.66007,0.53735,0.61297,0.41345,-0.40568,21.38390,20.69828,-0.10101,
1671607653099941888,-115.68856,-118.72439,-82.66007,0.54000,0.61516,0.40832,-0.40404,29.05158,23.73120,-0.10288,
1671607653199894016,-114.46422,-118.22555,-82.66007,0.53878,0.61598,0.40876,-0.40398,24.48672,9.97680,-0.08876,
1671607653299992064,-113.01516,-117.48463,-82.66007,0.53728,0.61732,0.40833,-0.40437,28.98125,14.81828,-0.11372,
1671607653399821056,-112.63681,-117.14922,-82.66007,0.53472,0.61838,0.40962,-0.40483,7.56703,6.70822,-0.10047,
1671607653499915008,-112.17938,-116.83056,-82.66007,0.53348,0.62084,0.40954,-0.40277,9.14842,6.37316,-0.10655,
1671607653599993088,-112.09715,-116.55058,-82.66007,0.53404,0.62136,0.40693,-0.40388,1.64466,5.59961,-0.10401,
1671607653699820032,-111.59614,-115.86763,-82.66007,0.53549,0.62314,0.40266,-0.40350,10.02016,13.65907,-0.10893,
1671607653799911936,-110.63853,-115.73969,-82.66007,0.53436,0.62516,0.40331,-0.40121,19.15227,2.55885,-0.10979,
1671607653899877888,-109.42871,-115.24342,-82.66007,0.53308,0.62895,0.40384,-0.39643,24.19638,9.92535,-0.09625,
1671607653999963904,-109.14809,-114.35907,-82.66007,0.53181,0.63227,0.40474,-0.39191,5.61239,17.68705,-0.10330,
1671607654099805952,-108.91374,-113.12697,-82.66007,0.53119,0.63611,0.40310,-0.38821,4.68709,24.64188,-0.10689,
1671607654199898112,-108.67403,-111.97242,-82.66007,0.53017,0.63861,0.40273,-0.38588,4.79411,23.09095,-0.11322,
1671607654299981056,-108.01556,-110.86269,-82.66007,0.53005,0.63978,0.40184,-0.38505,13.16943,22.19464,-0.12241,
1671607654399813888,-107.58567,-110.11831,-82.66007,0.52915,0.63939,0.40241,-0.38631,8.59772,14.88768,-0.12743,
1671607654499904000,-106.91556,-109.68213,-82.66007,0.52974,0.64224,0.39948,-0.38383,13.40237,8.72360,-0.12111,
1671607654599886080,-106.56310,-109.59427,-82.66007,0.52953,0.64431,0.39772,-0.38247,7.04915,1.75709,-0.12081,
1671607654699983104,-105.62974,-108.73118,-82.66007,0.52963,0.64723,0.39511,-0.38010,18.66715,17.26179,-0.11901,
1671607654799819008,-104.89197,-108.08636,-82.66007,0.52920,0.64940,0.39421,-0.37794,14.75546,12.89645,-0.11549,
1671607654899901952,-103.99570,-107.19501,-82.66007,0.52880,0.65188,0.39305,-0.37542,17.92539,17.82709,-0.12299,
1671607654999977984,-103.49252,-106.46520,-82.66007,0.52733,0.65319,0.39395,-0.37427,10.06353,14.59608,-0.12837,
1671607655099817984,-102.87991,-105.66730,-82.66007,0.52685,0.65628,0.39232,-0.37124,12.25226,15.95811,-0.12938,
1671607655199900928,-102.64199,-105.10635,-82.66007,0.52591,0.65770,0.39231,-0.37005,4.75831,11.21895,-0.13366,
1671607655299983872,-101.93358,-104.14709,-82.66007,0.52538,0.66066,0.39041,-0.36753,14.16823,19.18520,-0.13784,
1671607655399819008,-101.51105,-103.62796,-82.66007,0.52367,0.66190,0.39173,-0.36633,8.45072,10.38270,-0.13344,
1671607655499915008,-100.93497,-102.76158,-82.66007,0.52220,0.66419,0.39134,-0.36470,11.52150,17.32758,-0.13502,
1671607655599888896,-100.76478,-102.24190,-82.66007,0.52148,0.66494,0.39138,-0.36433,3.40375,10.39362,-0.12892,
1671607655699995904,-100.32432,-101.60638,-82.66007,0.52112,0.66690,0.39062,-0.36208,8.80928,12.71025,-0.12672,
1671607655799836928,-99.93939,-101.19217,-82.66007,0.52015,0.66692,0.39233,-0.36158,7.69849,8.28432,-0.13574,
1671607655899929088,-99.41829,-100.50090,-82.66007,0.52071,0.66833,0.39045,-0.36019,10.42216,13.82537,-0.14654,
1671607655999779072,-99.25329,-100.18591,-82.66007,0.52002,0.67082,0.38894,-0.35819,3.29999,6.29978,-0.14153,
1671607656099887104,-98.44975,-99.57753,-82.66007,0.51994,0.67368,0.38564,-0.35652,16.07082,12.16752,-0.14035,
1671607656199973120,-97.76366,-98.86667,-82.66007,0.51831,0.67463,0.38582,-0.35688,13.72177,14.21724,-0.14890,
1671607656299801088,-96.86589,-98.19775,-82.66007,0.51708,0.67680,0.38503,-0.35542,17.95529,13.37843,-0.14569,
1671607656399898880,-96.52802,-97.92516,-82.66007,0.51525,0.67837,0.38537,-0.35471,6.75746,5.45185,-0.14450,
1671607656499998976,-96.02731,-97.21319,-82.66007,0.51424,0.68081,0.38362,-0.35340,10.01419,14.23940,-0.14848,
1671607656599852032,-95.72577,-96.74308,-82.66007,0.51289,0.68218,0.38321,-0.35316,6.03078,9.40204,-0.14983,
1671607656699930112,-95.04847,-96.07209,-82.66007,0.51201,0.68438,0.38148,-0.35205,13.54613,13.41990,-0.15416,
1671607656799890944,-94.58912,-95.72921,-82.66007,0.51041,0.68479,0.38197,-0.35304,9.18691,6.85756,-0.15166,
1671607656899984896,-93.94452,-95.16255,-82.66007,0.51004,0.68642,0.37955,-0.35303,12.89209,11.33322,-0.15017,
1671607656999834112,-93.55242,-95.04723,-82.66007,0.50945,0.68763,0.37862,-0.35253,7.84200,2.30633,-0.15154,
1671607657099916032,-92.77482,-94.69301,-82.66007,0.50846,0.69098,0.37612,-0.35008,15.55194,7.08439,-0.14559,
1671607657199894016,-92.21308,-94.25305,-82.66007,0.50738,0.69212,0.37515,-0.35043,11.23473,8.79925,-0.14311,
1671607657299983872,-91.53516,-93.30992,-82.66007,0.50635,0.69334,0.37346,-0.35132,13.55852,18.86260,-0.14952,
1671607657399835904,-90.95616,-93.10126,-82.66007,0.50535,0.69349,0.37372,-0.35217,11.57989,4.17320,-0.15302,
1671607657499919872,-90.25939,-92.95036,-82.66007,0.50518,0.69478,0.37210,-0.35159,13.93552,3.01806,-0.15581,
1671607657599889920,-89.86686,-92.75387,-82.66007,0.50392,0.69662,0.37174,-0.35013,7.85051,3.92970,-0.15949,
1671607657699971072,-89.12369,-92.31251,-82.66007,0.50353,0.69926,0.36983,-0.34745,14.86343,8.82731,-0.16187,
1671607657799809024,-88.67271,-91.74267,-82.66007,0.50310,0.70110,0.36849,-0.34579,9.01958,11.39667,-0.16324,
1671607657899905024,-87.99062,-90.91449,-82.66007,0.50232,0.70350,0.36612,-0.34455,13.64176,16.56370,-0.16588,
1671607657999987968,-87.39299,-90.28517,-82.66007,0.50129,0.70562,0.36476,-0.34315,11.95259,12.58642,-0.16878,
1671607658099838976,-86.63999,-89.71556,-82.66010,0.46927,0.63489,0.41589,-0.45136,15.05995,11.39213,-0.16297,
1671607658199927040,-86.11191,-89.27748,-82.66334,0.42072,0.55836,0.46186,-0.54582,10.56165,8.76166,-0.09038,
1671607658299886080,-85.21924,-88.77442,-82.66358,-0.40060,-0.52276,-0.47632,0.58255,17.85347,10.06111,-0.06469,
1671607658399971072,-84.66043,-88.49548,-82.66315,-0.38693,-0.49869,-0.48833,0.60260,11.17612,5.57897,-0.04529,
1671607658499823104,-83.81829,-87.84708,-82.66341,-0.39432,-0.49096,-0.48898,0.60364,16.84291,12.96802,-0.04246,
1671607658599911936,-83.40042,-87.29392,-82.66252,-0.38760,-0.48150,-0.48404,0.61938,8.35726,11.06320,-0.02724,
1671607658699879936,-82.49659,-86.65719,-82.66268,-0.37427,-0.49514,-0.47857,0.62107,18.07667,12.73451,-0.02970,
1671607658799945984,-81.81450,-86.42626,-82.66193,-0.37282,-0.48490,-0.48470,0.62525,13.64177,4.61858,-0.01353,
1671607658899792896,-80.86615,-85.91705,-82.66129,-0.38319,-0.48746,-0.48989,0.61283,18.96707,10.18411,-0.00572,
1671607658999886080,-80.27932,-85.35708,-82.65994,-0.38153,-0.48484,-0.48517,0.61966,11.73661,11.19956,0.00938,
1671607659099982080,-79.65087,-84.80347,-82.66028,-0.37904,-0.50419,-0.47021,0.61728,12.56893,11.07216,-0.00278,
1671607659199833088,-79.31813,-84.31757,-82.65908,-0.37259,-0.49039,-0.47115,0.63144,6.65485,9.71805,0.01070,
1671607659299916032,-78.72636,-83.82457,-82.66063,-0.37154,-0.50374,-0.46980,0.62248,11.83529,9.85997,-0.01285,
1671607659399994112,-78.44022,-83.38455,-82.66015,-0.36710,-0.49432,-0.47745,0.62684,5.72287,8.80030,-0.00104,
1671607659499823104,-77.82943,-82.77108,-82.66128,-0.36652,-0.50225,-0.47062,0.62603,12.21573,12.26947,-0.01455,
1671607659599905024,-77.35169,-82.38105,-82.66115,-0.36003,-0.49470,-0.47345,0.63364,9.55482,7.80051,-0.01423,
1671607659699995904,-76.64711,-81.74969,-82.66251,-0.35875,-0.49417,-0.47707,0.63205,14.09174,12.62718,-0.03138,
1671607659799819008,-76.31455,-81.38023,-82.66328,-0.35880,-0.48788,-0.47372,0.63940,6.65117,7.38929,-0.03338,
1671607659899919104,-75.58065,-80.77052,-82.66355,-0.35786,-0.49091,-0.47140,0.63932,14.67795,12.19416,-0.04034,
1671607659999885056,-75.01419,-80.13734,-82.66367,-0.35846,-0.48807,-0.46963,0.64245,11.32916,12.66358,-0.03642,
1671607660099977984,-74.28938,-79.63788,-82.66444,-0.36051,-0.49264,-0.46545,0.64086,14.49624,9.98929,-0.05125,
1671607660199823104,-73.55109,-79.14746,-82.66479,-0.35605,-0.49016,-0.46988,0.64202,14.76585,9.80844,-0.05214,
1671607660299910912,-72.67443,-78.41980,-82.66583,-0.35614,-0.49239,-0.46791,0.64170,17.53324,14.55311,-0.06124,
1671607660399878912,-72.37096,-78.02312,-82.66580,-0.35626,-0.49318,-0.46691,0.64175,6.06928,7.93365,-0.05881,
1671607660499962112,-71.72499,-77.14615,-82.66669,-0.35530,-0.49556,-0.46431,0.64233,12.91938,17.53929,-0.07493,
1671607660599813120,-71.23543,-76.55405,-82.66742,-0.35527,-0.49518,-0.46454,0.64248,9.79127,11.84208,-0.07936,
1671607660699892992,-70.43338,-75.97510,-82.66807,-0.35397,-0.49658,-0.46243,0.64364,16.04103,11.57901,-0.08772,
1671607660799975936,-69.92368,-75.50078,-82.66906,-0.35361,-0.49652,-0.46219,0.64406,10.19393,9.48644,-0.09586,
1671607660899821056,-69.23536,-75.02653,-82.66953,-0.35433,-0.49875,-0.45891,0.64429,13.76648,9.48489,-0.09609,
1671607660999889920,-68.64546,-74.54582,-82.66961,-0.35330,-0.49920,-0.45785,0.64525,11.79794,9.61420,-0.10007,
1671607661099886080,-67.06548,-73.36853,-82.66941,-0.35467,-0.50127,-0.45494,0.64496,31.59965,23.54584,-0.08266,
1671607661199985920,-66.07233,-72.55871,-82.66737,-0.35412,-0.50033,-0.45556,0.64555,19.86304,16.19650,-0.04486,
1671607661299835904,-65.54605,-72.24882,-82.66669,-0.35196,-0.50171,-0.45446,0.64643,10.52550,6.19768,-0.07016,
1671607661399928064,-64.97381,-71.76663,-82.66696,-0.34730,-0.50402,-0.45518,0.64665,11.44478,9.64385,-0.07598,
1671607661499887104,-64.97601,-71.14484,-82.66794,-0.34741,-0.50635,-0.45506,0.64485,-0.04398,12.43576,-0.07832,
1671607661599977984,-64.40951,-70.20661,-82.66759,-0.34644,-0.50647,-0.45526,0.64513,11.33002,18.76464,-0.08192,
1671607661699809024,-63.90588,-69.78885,-82.66873,-0.34720,-0.50642,-0.45458,0.64526,10.07253,8.35524,-0.09549,
1671607661799909888,-63.19698,-69.21982,-82.66972,-0.34372,-0.50828,-0.45250,0.64711,14.17808,11.38065,-0.10309,
1671607661899889920,-62.72562,-68.83181,-82.67114,-0.34416,-0.50910,-0.45125,0.64710,9.42720,7.76018,-0.11782,
1671607662000102912,-61.99884,-68.23715,-82.67163,-0.34127,-0.51025,-0.45017,0.64847,14.53556,11.89309,-0.12395,
1671607662099936000,-61.60348,-67.84179,-82.67268,-0.34184,-0.51102,-0.44907,0.64834,7.90722,7.90716,-0.13259,
1671607662199783936,-60.89765,-67.21827,-82.67291,-0.33954,-0.51299,-0.44757,0.64902,14.11663,12.47043,-0.13290,
1671607662299991040,-60.38370,-66.65190,-82.67351,-0.33972,-0.51404,-0.44666,0.64872,10.27905,11.32754,-0.13983,
1671607662399827968,-59.77528,-66.00714,-82.67357,-0.33798,-0.51510,-0.44573,0.64943,12.16838,12.89510,-0.12721,
1671607662499905024,-59.41731,-65.61369,-82.67326,-0.33398,-0.51360,-0.44784,0.65124,7.15938,7.86896,-0.13153,
1671607662599980032,-59.47799,-65.66894,-82.67407,-0.32618,-0.51172,-0.45059,0.65476,-1.21372,-1.10489,-0.16097,
1671607662699815936,-59.89554,-66.01568,-82.67662,-0.32481,-0.51623,-0.44601,0.65504,-8.35083,-6.93491,-0.16876,
1671607662799901952,-59.07080,-65.05651,-82.67587,-0.32626,-0.51959,-0.44142,0.65478,16.49465,19.18350,-0.15924,
1671607662899981056,-57.88637,-64.09249,-82.67551,-0.33336,-0.52358,-0.43499,0.65232,23.68874,19.28033,-0.14397,
1671607662999821056,-55.94888,-62.55276,-82.67324,-0.33428,-0.52473,-0.43301,0.65224,38.74970,30.79457,-0.12984,
1671607663099910912,-54.99975,-61.87020,-82.67285,-0.33512,-0.52443,-0.43258,0.65233,18.98252,13.65128,-0.07393,
1671607663199988992,-54.33633,-61.42817,-82.67456,-0.33832,-0.53184,-0.42483,0.64977,13.26842,8.84060,-0.14798,
1671607663299825920,-52.49331,-59.42912,-82.67579,-0.34503,-0.53993,-0.41663,0.64486,36.86053,39.98101,-0.16664,
1671607663399912960,-50.49486,-57.19166,-82.67545,-0.35636,-0.54855,-0.40763,0.63713,39.96892,44.74914,-0.08028,
1671607663499892992,-48.50001,-54.95100,-82.67470,-0.37384,-0.55840,-0.39398,0.62707,39.89699,44.81328,-0.06596,
1671607663599984896,-46.39056,-52.81788,-82.67304,-0.38699,-0.56798,-0.38235,0.61761,42.18912,42.66238,-0.04985,
1671607663699824128,-44.38298,-50.58861,-82.67104,-0.39853,-0.57574,-0.37134,0.60975,40.15161,44.58529,-0.04421,
1671607663799902976,-42.31782,-48.41258,-82.66927,-0.40676,-0.58105,-0.36503,0.60306,41.30318,43.52065,-0.03593,
1671607663899992064,-40.35781,-46.14138,-82.66805,-0.41347,-0.58864,-0.35712,0.59583,39.20021,45.42404,-0.02850,
1671607663999823872,-38.53040,-43.76218,-82.66629,-0.41908,-0.59199,-0.35001,0.59280,36.54807,47.58402,-0.01961,
1671607664099933952,-37.39634,-42.71811,-82.66572,0.42365,0.59629,0.34280,-0.58945,22.68120,20.88129,-0.03087,
1671607664199898880,-36.06653,-41.65405,-82.66688,0.42170,0.60227,0.33333,-0.59020,26.59627,21.28131,-0.08591,
1671607664299986944,-33.95467,-39.52331,-82.66975,0.42368,0.60718,0.32938,-0.58594,42.23718,42.61480,-0.10311,
1671607664399825920,-32.18761,-37.64768,-82.67125,0.42728,0.61077,0.32822,-0.58022,35.34125,37.51257,-0.07091,
1671607664499910912,-30.72426,-35.48462,-82.67372,0.42772,0.61566,0.32323,-0.57753,29.26705,43.26129,-0.10142,
1671607664599879936,-29.46968,-33.35439,-82.67546,0.42979,0.61852,0.32414,-0.57241,25.09154,42.60448,-0.10346,
1671607664699965952,-28.12691,-31.38584,-82.67764,0.43328,0.61456,0.31938,-0.57669,26.85530,39.37097,-0.12209,
1671607664799813888,-27.11189,-29.74606,-82.67744,0.42769,0.62710,0.32204,-0.56578,20.30055,32.79562,-0.11922,
1671607664899917056,-26.00531,-28.08080,-82.68063,0.42537,0.63120,0.31578,-0.56650,22.13143,33.30521,-0.17444,
1671607665000122112,-25.25542,-26.39672,-82.67934,0.42999,0.63093,0.31020,-0.56640,14.99780,33.68172,-0.14932,
1671607665099987968,-24.00563,-24.27998,-82.68354,0.42923,0.63838,0.30662,-0.56055,24.99595,42.33480,-0.20636,
1671607665199828992,-23.66561,-23.64977,-82.68435,0.42687,0.64097,0.30867,-0.55827,6.80029,12.60417,-0.15599,
1671607665299913984,-22.94216,-22.37586,-82.67631,0.41306,0.64808,0.29939,-0.56545,14.46905,25.47804,-0.15977,
1671607665399883008,-22.55581,-21.38924,-82.68331,0.41757,0.64673,0.29685,-0.56503,7.72699,19.73251,-0.23569,
1671607665499972096,-22.07694,-20.14881,-82.68246,0.41151,0.65251,0.29267,-0.56501,9.57750,24.80851,-0.22616,
1671607665599821056,-21.25932,-19.43949,-82.68049,0.41642,0.64927,0.28770,-0.56769,16.35237,14.18653,-0.20159,
1671607665699910912,-20.66096,-18.54710,-82.67515,0.40199,0.65950,0.29617,-0.56192,11.96717,17.84774,-0.14789,
1671607665799884032,-20.38225,-17.74756,-82.67450,0.40990,0.65098,0.28470,-0.57198,5.57410,15.99074,-0.13722,
1671607665899986944,-20.31485,-17.02446,-82.67532,0.38884,0.65958,0.30210,-0.56788,1.34799,14.46199,-0.16074,
1671607666000066048,-20.70173,-17.18405,-82.67797,0.38643,0.65841,0.29585,-0.57414,-7.73751,-3.19173,-0.18550,
1671607666099916032,-21.33640,-18.25796,-82.67525,0.36771,0.66111,0.29143,-0.58549,-12.69338,-21.47822,-0.14982,
1671607666199879936,-21.43167,-18.35247,-82.67513,0.36278,0.66101,0.27224,-0.59778,-1.90547,-1.89008,-0.14438,
1671607666299959040,-21.55636,-18.50695,-82.67374,0.35881,0.65506,0.27723,-0.60440,-2.49380,-3.08975,-0.12401,
1671607666399897088,-22.05334,-19.56458,-82.67191,0.34172,0.64851,0.29199,-0.61433,-9.93959,-21.15251,-0.10701,
1671607666499968000,-23.11095,-21.93151,-82.66915,0.32020,0.64183,0.29276,-0.63232,-21.15210,-47.33869,-0.08008,
1671607666599810048,-24.43158,-24.62520,-82.66579,-0.25653,-0.62180,-0.33037,0.66213,-26.41260,-53.87369,0.01904,
1671607666699913984,-25.94805,-27.21370,-82.66290,-0.18968,-0.59151,-0.39043,0.67949,-30.32939,-51.76996,-0.00454,
1671607666799878912,-28.06903,-29.33535,-82.66221,-0.13212,-0.54604,-0.43305,0.70488,-42.41963,-42.43318,-0.06012,
1671607666899972096,-30.09177,-31.55087,-82.66853,-0.15073,-0.54996,-0.41194,0.71073,-40.45481,-44.31036,-0.08678,
1671607667000059904,-31.96444,-33.89461,-82.67150,-0.18212,-0.58393,-0.38271,0.69238,-37.45349,-46.87468,-0.07179,
1671607667099912960,-30.16895,-31.49123,-82.67404,-0.22914,-0.61072,-0.33384,0.68049,35.90983,48.06750,-0.07071,
1671607667199998976,-28.64004,-28.91007,-82.67300,-0.25378,-0.63100,-0.33155,0.65385,30.57833,51.62331,-0.03738,
1671607667299835904,-27.33174,-26.21037,-82.66973,-0.29490,-0.62249,-0.36354,0.62720,26.16594,53.99392,-0.02412,
1671607667399915008,-27.11380,-24.68397,-82.66684,-0.33511,-0.59779,-0.40642,0.60430,4.35883,30.52793,-0.01596,
1671607667499878912,-26.34643,-25.68278,-82.66242,-0.36010,-0.57197,-0.44119,0.59036,15.34739,-19.97606,-0.01662,
1671607667599962112,-24.56265,-27.96015,-82.66201,-0.39730,-0.53194,-0.49146,0.56361,35.67563,-45.54743,-0.02797,
1671607667699806976,-22.49829,-30.13695,-82.66317,0.43805,0.49158,0.54179,-0.52242,41.28705,-43.53596,-0.03028,
1671607667799898112,-21.58996,-31.16259,-82.66522,0.47433,0.45912,0.58144,-0.47554,18.16675,-20.51286,-0.04286,
1671607667899994880,-21.65390,-30.91744,-82.66865,0.51617,0.41937,0.61780,-0.41955,-1.27881,4.90298,-0.08553,
1671607668000069120,-21.88229,-29.96982,-82.66007,0.55006,0.38597,0.63953,-0.37344,-4.56790,18.95237,0.00483,
1671607668099923968,-21.68018,-29.30221,-82.66007,0.57758,0.35140,0.65800,-0.33159,4.04227,13.35233,0.00498,
1671607668199890944,-21.40713,-28.41252,-82.66007,0.59593,0.31868,0.67648,-0.29272,5.46097,17.79373,-0.00223,
1671607668299996928,-20.95999,-27.53844,-82.66007,0.60757,0.28852,0.69443,-0.25570,8.94288,17.48152,-0.00371,
1671607668399837952,-20.63524,-27.91484,-82.66007,0.61547,0.26166,0.71004,-0.22037,6.49491,-7.52795,-0.00955,
1671607668499933952,-20.63888,-29.12491,-82.66007,0.62308,0.23691,0.72122,-0.18837,-0.07286,-24.20132,-0.01002,
1671607668599887104,-20.80778,-30.39253,-82.66007,0.63070,0.21364,0.72865,-0.16012,-3.37799,-25.35241,-0.00857,
1671607668699974912,-20.91240,-31.07603,-82.66007,0.63795,0.19264,0.73341,-0.13427,-2.09226,-13.67006,-0.01011,
1671607668799822080,-20.79608,-31.20477,-82.66007,0.64415,0.17501,0.73635,-0.11060,2.32632,-2.57474,-0.00511,
1671607668899906048,-20.67599,-31.03009,-82.66007,0.64933,0.15877,0.73834,-0.08956,2.40185,3.49358,-0.00662,
1671607669000112128,-20.69032,-30.64981,-82.66007,0.65321,0.14521,0.73975,-0.07075,-0.28675,7.60561,-0.00726,
1671607669099960064,-20.68472,-30.10782,-82.66007,0.65583,0.13391,0.74095,-0.05435,0.11207,10.83979,-0.00889,
1671607669199794944,-20.85988,-29.87638,-82.66007,0.65636,0.12388,0.74313,-0.04001,-3.50312,4.62868,-0.00859,
1671607669299885056,-21.01019,-29.65482,-82.66007,0.65585,0.11604,0.74543,-0.02711,-3.00634,4.43128,-0.00793,
1671607669399976960,-21.01860,-29.89001,-82.66007,0.65528,0.10965,0.74723,-0.01556,-0.16818,-4.70381,-0.00753,
1671607669499812096,-21.25368,-30.16424,-82.66007,0.65516,0.10458,0.74819,-0.00563,-4.70157,-5.48454,-0.00241,
1671607669599905024,-21.59971,-30.37830,-82.66007,0.65513,0.10062,0.74878,0.00332,-6.92054,-4.28115,-0.00619,
1671607669699986944,-21.84628,-30.49134,-82.66007,0.65553,0.09699,0.74885,0.01004,-4.93143,-2.26085,-0.00667,
1671607669799817984,-22.10167,-30.39416,-82.66007,0.65550,0.09341,0.74924,0.01535,-5.10782,1.94357,-0.00647,
1671607669899905024,-22.20092,-30.28397,-82.66007,0.65522,0.08941,0.74987,0.01970,-1.98503,2.20379,-0.01117,
1671607670000104960,-21.99481,-30.23348,-82.66007,0.65539,0.08641,0.74997,0.02326,4.12233,1.00970,-0.01056,
1671607670099952128,-21.61680,-30.18713,-82.66007,0.65784,0.07324,0.74957,0.00531,7.56012,0.92700,0.01696,
1671607670199799040,-21.44086,-30.08405,-82.66007,0.68393,0.02466,0.72730,-0.05165,3.51881,2.06173,-0.01020,
1671607670299889920,-18.49829,-29.49986,-82.66007,0.68194,0.00063,0.72752,-0.07530,58.85142,11.68376,-0.01180,
1671607670399977984,-15.84489,-28.10005,-82.66007,0.66314,0.00897,0.74571,-0.06390,53.06800,27.99621,-0.00108,
1671607670499811072,-12.86318,-28.43080,-82.66007,0.64552,0.02494,0.76216,-0.04248,59.63422,-6.61510,0.00678,
1671607670599900928,-14.29400,-31.06761,-82.66007,0.63089,0.03994,0.77433,-0.02816,-28.61646,-52.73612,0.00926,
1671607670699996928,-16.46426,-33.13883,-82.66007,0.62548,0.04556,0.77859,-0.02198,-43.40528,-41.42440,0.00955,
1671607670799853056,-18.54212,-35.30275,-82.66007,0.62911,0.04409,0.77556,-0.02799,-41.55701,-43.27834,0.00680,
1671607670899941120,-19.61556,-36.09220,-82.66007,0.63631,0.03830,0.76959,-0.03724,-21.46882,-15.78902,0.00427,
1671607671000017920,-18.38513,-34.79406,-82.66007,0.64318,0.03267,0.76362,-0.04634,24.60856,25.96273,0.00253,
1671607671099883008,-16.27127,-32.66530,-82.66007,0.64821,0.04336,0.75918,-0.03998,42.27711,42.57518,-0.00243,
1671607671199974912,-15.17460,-31.59115,-82.66007,0.65141,0.06287,0.75574,-0.02400,21.93345,21.48299,-0.00038,
1671607671299800064,-17.55223,-30.32945,-82.66007,0.65149,0.08251,0.75411,-0.00862,-47.55252,25.23408,-0.00113,
1671607671399881984,-20.50411,-29.79431,-82.66007,0.64907,0.09588,0.75466,0.00070,-59.03768,10.70289,-0.00122,
1671607671499984896,-23.49948,-29.62776,-82.66007,0.64542,0.10164,0.75703,0.00317,-59.90747,3.33097,-0.00576,
1671607671599824896,-26.14857,-29.82824,-82.66007,0.64107,0.10267,0.76058,0.00191,-52.98170,-4.00967,-0.00565,
1671607671699915008,-26.92397,-30.48886,-82.66007,0.63733,0.10229,0.76377,-0.00024,-15.50798,-13.21237,-0.01050,
1671607671799994880,-26.71004,-31.23977,-82.66007,0.63535,0.10171,0.76549,-0.00232,4.27853,-15.01820,-0.00897,
1671607671899827968,-26.34765,-31.86220,-82.66007,0.63492,0.10215,0.76579,-0.00340,7.24790,-12.44856,-0.01310,
1671607672000026112,-25.91485,-32.00923,-82.66007,0.63383,0.10502,0.76630,-0.00232,8.65594,-2.94066,-0.01034,
1671607672099994112,-25.97089,-31.86488,-82.66007,0.63243,0.10899,0.76692,-0.00044,-1.12088,2.88693,-0.01021,
1671607672199814912,-26.25092,-31.88103,-82.66007,0.63050,0.11301,0.76792,0.00172,-5.60057,-0.32284,-0.01344,
1671607672299895040,-26.89707,-31.98251,-82.66007,0.62932,0.11717,0.76825,0.00373,-12.92287,-2.02967,-0.01457,
1671607672399994112,-27.66242,-32.12540,-82.66007,0.62969,0.12940,0.76587,0.01411,-15.30703,-2.85779,-0.01646,
1671607672499822080,-28.38340,-32.12764,-82.66007,0.62945,0.14722,0.76242,0.02880,-14.41971,-0.04489,-0.01509,
1671607672599910912,-31.34876,-31.67303,-82.66007,0.62851,0.16323,0.75935,0.04148,-59.30710,9.09217,-0.02095,
1671607672699881984,-34.33239,-31.36012,-82.66007,0.62808,0.17547,0.75646,0.04999,-59.67272,6.25832,-0.01158,
1671607672799959040,-37.31509,-31.03841,-82.66007,0.62698,0.17993,0.75624,0.05127,-59.65401,6.43425,-0.01130,
1671607672899804928,-39.72111,-30.62549,-82.66007,0.62486,0.18038,0.75806,0.04860,-48.12038,8.25839,-0.01493,
1671607673000014080,-40.23278,-30.49096,-82.66007,0.62229,0.17964,0.76057,0.04498,-10.23338,2.69047,-0.01727,
1671607673099992064,-39.55277,-30.88968,-82.66007,0.61952,0.17941,0.76298,0.04333,13.60016,-7.97432,-0.03165,
1671607673199831040,-39.08560,-31.10151,-82.66007,0.61700,0.17963,0.76500,0.04250,9.34341,-4.23672,-0.02864,
1671607673299909888,-38.70903,-31.52654,-82.66007,0.61503,0.18021,0.76650,0.04177,7.53140,-8.50058,-0.02991,
1671607673399884032,-38.50136,-31.83514,-82.66007,0.61431,0.18126,0.76682,0.04185,4.15346,-6.17201,-0.02832,
1671607673499966976,-38.36583,-32.00180,-82.66007,0.61482,0.18357,0.76584,0.04229,2.71051,-3.33322,-0.02482,
1671607673599825920,-38.34922,-31.89024,-82.66007,0.61471,0.18592,0.76538,0.04197,0.33221,2.23120,-0.02388,
1671607673699924992,-38.53506,-31.42646,-82.66007,0.61438,0.18842,0.76503,0.04203,-3.71663,9.27563,-0.02936,
1671607673799997952,-38.65556,-31.16829,-82.66007,0.61338,0.19007,0.76546,0.04134,-2.41003,5.16343,-0.03026,
1671607673899840000,-38.79560,-30.90355,-82.66007,0.61309,0.19115,0.76546,0.04068,-2.80091,5.29480,-0.02918,
1671607674000039936,-38.72359,-30.88986,-82.66007,0.61186,0.19127,0.76650,0.03882,1.44020,0.27376,-0.02423,
1671607674099880960,-38.56682,-30.71344,-82.66007,0.60948,0.19151,0.76840,0.03764,3.13547,3.52854,-0.02899,
1671607674199970048,-38.12120,-30.78169,-82.66007,0.60687,0.19170,0.77047,0.03659,8.91246,-1.36499,-0.02799,
1671607674299810048,-37.77917,-31.05072,-82.66007,0.60637,0.19273,0.77062,0.03633,6.84057,-5.38072,-0.02742,
1671607674399900928,-37.45482,-31.38476,-82.66007,0.60633,0.19445,0.77027,0.03528,6.48703,-6.68077,-0.02913,
1671607674499987968,-37.30681,-31.18395,-82.66007,0.60503,0.19519,0.77113,0.03453,2.96023,4.01624,-0.03082,
1671607674599831040,-37.19583,-30.87710,-82.66007,0.60335,0.19504,0.77251,0.03386,2.21960,6.13689,-0.02913,
1671607674699915008,-36.90451,-30.96287,-82.66007,0.60228,0.19576,0.77321,0.03295,5.82635,-1.71524,-0.02539,
1671607674799885056,-36.54267,-31.07375,-82.66007,0.60283,0.19696,0.77252,0.03188,7.23668,-2.21760,-0.02284,
1671607674899974912,-36.26084,-31.07886,-82.66007,0.61167,0.19647,0.76580,0.02852,5.63659,-0.10221,-0.02373,
1671607674999823872,-36.01984,-30.62758,-82.66007,0.61211,0.19583,0.76574,0.02468,4.82008,9.02550,-0.02590,
1671607675099930112,-35.13472,-28.19853,-82.66007,0.60755,0.19731,0.76899,0.02463,17.70234,48.58110,-0.02986,
1671607675199781888,-34.79897,-28.02175,-82.66007,0.60033,0.19928,0.77401,0.02825,6.71510,3.53546,-0.02080,
1671607675299877888,-34.61394,-28.88508,-82.66007,0.59188,0.19932,0.78016,0.03594,3.70063,-17.26648,-0.03809,
1671607675399960064,-34.89794,-30.44394,-82.66007,0.59044,0.19549,0.78147,0.04973,-5.68008,-31.17726,-0.03625,
1671607675499795968,-35.18710,-32.39130,-82.66007,0.59604,0.18519,0.77870,0.06376,-5.78314,-38.94717,-0.02713,
1671607675599877120,-35.71366,-33.01503,-82.66007,0.60404,0.16905,0.77444,0.08250,-10.53130,-12.47458,-0.02287,
1671607675699962112,-35.64153,-32.14696,-82.66007,0.61067,0.14627,0.77097,0.10624,1.44276,17.36148,-0.03098,
1671607675799802112,-35.40206,-31.05804,-82.66007,0.61568,0.11742,0.76740,0.13511,4.78921,21.77822,-0.02927,
1671607675899896064,-34.67964,-30.37353,-82.66007,0.62126,0.08494,0.76121,0.16547,14.44849,13.69032,-0.02214,
1671607676000102912,-33.65485,-29.95859,-82.66007,0.62710,0.05110,0.75196,0.19672,20.49579,8.29882,-0.02486,
1671607676099941888,-32.71323,-29.27959,-82.66007,0.63055,0.01790,0.74116,0.22970,18.83237,13.57986,-0.02036,
1671607676199777024,-32.11299,-28.34503,-82.66007,0.63160,-0.01352,0.72854,0.26483,12.00479,18.69123,-0.02304,
1671607676299980032,-31.57457,-27.38208,-82.66007,0.63008,-0.04227,0.71377,0.30290,10.76843,19.25906,-0.02533,
1671607676399803904,-31.39241,-27.05895,-82.66007,0.62599,-0.06879,0.69749,0.34194,3.64329,6.46270,-0.02887,
1671607676499897088,-31.83355,-27.30993,-82.66007,0.61964,-0.09315,0.67908,0.38239,-8.82289,-5.01959,-0.02884,
1671607676599981056,-32.48743,-28.00142,-82.66007,0.61283,-0.11955,0.65865,0.41991,-13.07753,-13.82991,-0.02757,
1671607676699834880,-33.48534,-29.04868,-82.66007,0.60508,-0.14737,0.63674,0.45466,-19.95830,-20.94521,-0.03516,
1671607676799926016,-34.16940,-29.55040,-82.66007,0.59465,-0.17604,0.61419,0.48804,-13.68114,-10.03437,-0.03904,
1671607676899892992,-34.44776,-29.79137,-82.66007,0.58333,-0.20542,0.58958,0.51954,-5.56723,-4.81948,-0.03782,
1671607676999990016,-34.38175,-30.06596,-82.66007,0.57048,-0.23652,0.56355,0.54865,1.32028,-5.49163,-0.04974,
1671607677099960064,-34.50132,-29.70212,-82.66007,0.55432,-0.26489,0.53835,0.57684,-2.39144,7.27664,-0.04913,
1671607677199795968,-34.32791,-29.60261,-82.66007,0.54153,-0.28679,0.51336,0.60080,3.46825,1.99032,-0.03395,
1671607677299883008,-33.93509,-29.73759,-82.66007,0.53147,-0.30519,0.49175,0.61853,7.85642,-2.69957,-0.04521,
1671607677399969024,-34.11536,-30.06396,-82.66007,0.52481,-0.32087,0.47645,0.62818,-3.60550,-6.52740,-0.03814,
1671607677499806976,-34.47048,-29.93012,-82.66007,0.52366,-0.32824,0.47175,0.62889,-7.10235,2.67667,-0.04356,
1671607677599907072,-34.54370,-29.25390,-82.66007,0.51997,-0.33272,0.47347,0.62830,-1.46437,13.52444,-0.04506,
1671607677699886080,-34.48696,-28.17745,-82.66007,0.51678,-0.33694,0.47932,0.62423,1.13471,21.52895,-0.03732,
1671607677799983104,-33.60372,-27.79920,-82.66007,0.51381,-0.33634,0.48470,0.62284,17.66481,7.56515,-0.04821,
1671607677899826944,-32.41391,-27.36622,-82.66007,0.51540,-0.33879,0.48698,0.61841,23.79631,8.65941,-0.05195,
1671607678000027904,-31.86221,-27.28963,-82.66007,0.52140,-0.34355,0.48694,0.61074,11.03385,1.53194,-0.05375,
1671607678099875072,-31.79591,-25.36745,-82.66007,0.52879,-0.34953,0.48485,0.60260,1.32603,38.44362,-0.06458,
1671607678199965952,-31.92180,-24.01728,-82.66007,0.53514,-0.35360,0.48225,0.59668,-2.51782,27.00329,-0.06626,
1671607678299813120,-32.37943,-21.44058,-82.66007,0.53326,-0.34959,0.48421,0.59913,-9.15259,51.53400,-0.08387,
1671607678399900928,-32.93530,-19.56137,-82.66007,0.52638,-0.34024,0.48967,0.60612,-11.11744,37.58429,-0.05225,
1671607678499995904,-33.20262,-20.51506,-82.66007,0.51620,-0.33094,0.49752,0.61359,-5.34639,-19.07394,-0.06286,
1671607678599827968,-33.13041,-23.05039,-82.66007,0.50666,-0.32254,0.50527,0.61965,1.44424,-50.70652,-0.08315,
1671607678699915008,-32.54641,-25.80347,-82.66007,0.50192,-0.31983,0.50937,0.62155,11.68001,-55.06162,-0.05020,
1671607678799883008,-31.97084,-28.17962,-82.66007,0.50184,-0.32142,0.51060,0.61979,11.51139,-47.52304,-0.04043,
1671607678899975936,-31.64081,-28.88239,-82.66007,0.50128,-0.32569,0.51329,0.61578,6.60070,-14.05541,-0.05112,
1671607679000059904,-31.60060,-28.31981,-82.66007,0.49808,-0.33225,0.51780,0.61107,0.80418,11.25172,-0.07320,
1671607679099921920,-30.52895,-26.93453,-82.66007,0.49707,-0.33667,0.52121,0.60656,21.43298,27.70553,-0.07040,
1671607679199892992,-29.63114,-26.29800,-82.66007,0.50004,-0.33669,0.52152,0.60383,17.95615,12.73060,-0.06374,
1671607679299977984,-28.98478,-25.33031,-82.66007,0.50780,-0.33168,0.51705,0.60398,12.92725,19.35389,-0.07070,
1671607679399809024,-29.53286,-24.61095,-82.66007,0.51961,-0.32828,0.51059,0.60128,-10.96155,14.38721,-0.08672,
1671607679499898112,-31.67209,-24.05997,-82.66007,0.52803,-0.32880,0.50597,0.59756,-42.78472,11.01951,-0.09450,
1671607679599988992,-33.97421,-22.54998,-82.66007,0.52659,-0.32831,0.50737,0.59790,-46.04231,30.19990,-0.06210,
1671607679699826944,-35.25814,-20.96476,-82.66007,0.51868,-0.32775,0.51386,0.59958,-25.67871,31.70425,-0.04721,
1671607679799901952,-35.11013,-21.14838,-82.66007,0.50931,-0.32790,0.52111,0.60127,2.96028,-3.67232,-0.06307,
1671607679899981056,-33.89697,-22.06022,-82.66007,0.49889,-0.33036,0.52976,0.60111,24.26317,-18.23676,-0.07692,
1671607680000045056,-32.32716,-23.00236,-82.66007,0.49016,-0.32958,0.53707,0.60223,31.39629,-18.84290,-0.07051,
1671607680099892992,-29.85043,-24.01034,-82.66007,0.48365,-0.33073,0.54283,0.60170,49.53447,-20.15956,-0.05482,
1671607680199969024,-29.14939,-24.58747,-82.66007,0.47655,-0.33062,0.54746,0.60322,14.02095,-11.54259,-0.03611,
1671607680299809024,-27.99136,-24.89257,-82.66007,0.47749,-0.32970,0.54605,0.60426,23.16059,-6.10203,-0.06809,
1671607680399910912,-27.07046,-25.52482,-82.66007,0.48373,-0.32683,0.54115,0.60526,18.41795,-12.64502,-0.07513,
1671607680499885056,-27.85646,-25.36877,-82.66007,0.48645,-0.32489,0.53988,0.60526,-15.72010,3.12104,-0.06879,
1671607680599979008,-29.64817,-24.89378,-82.66007,0.48455,-0.32079,0.54248,0.60665,-35.83405,9.49979,-0.07290,
1671607680699821056,-30.44422,-24.74007,-82.66007,0.48150,-0.31767,0.54628,0.60731,-15.92115,3.07421,-0.05941,
1671607680799911936,-30.62139,-25.35478,-82.66007,0.48059,-0.31890,0.54908,0.60485,-3.54335,-12.29410,-0.07027,
1671607680899878912,-30.44846,-25.86162,-82.66007,0.47908,-0.32852,0.55147,0.59869,3.45867,-10.13682,-0.05234,
1671607681000077056,-30.08996,-25.27793,-82.66007,0.47601,-0.33491,0.55352,0.59571,7.16995,11.67376,-0.03196,
1671607681099937024,-28.48534,-22.98399,-82.66007,0.47349,-0.33377,0.55533,0.59667,32.09241,45.87876,-0.03596,
1671607681199780096,-28.23978,-22.59071,-82.66007,0.47075,-0.33179,0.55646,0.59889,4.91122,7.86563,-0.02056,
1671607681299976960,-28.13752,-22.90207,-82.66007,0.47568,-0.32966,0.55401,0.59843,2.04514,-6.22719,-0.04472,
1671607681399792896,-28.23817,-23.29021,-82.66007,0.48324,-0.32833,0.55161,0.59532,-2.01298,-7.76275,-0.03018,
1671607681499888896,-29.59112,-22.55645,-82.66007,0.48710,-0.32685,0.55165,0.59294,-27.05901,14.67518,-0.03723,
1671607681599979008,-30.90676,-21.50395,-82.66007,0.48433,-0.32543,0.55488,0.59298,-26.31282,21.05003,-0.02649,
1671607681699814912,-31.52521,-20.84626,-82.66007,0.48246,-0.32199,0.55752,0.59391,-12.36895,13.15365,-0.02629,
1671607681799902976,-31.27175,-21.18997,-82.66007,0.48403,-0.32115,0.55788,0.59274,5.06909,-6.87407,-0.03273,
1671607681899975936,-31.46953,-21.63052,-82.66007,0.48203,-0.32247,0.56126,0.59046,-3.95550,-8.81109,-0.02952,
1671607682000052992,-31.86097,-21.08153,-82.66007,0.47943,-0.32152,0.56372,0.59075,-7.82878,10.97977,-0.03381,
1671607682099923968,-31.25572,-21.02213,-82.66007,0.47830,-0.32025,0.56562,0.59054,12.10501,1.18801,-0.03589,
1671607682199897088,-31.30070,-21.07117,-82.66007,0.48171,-0.31972,0.56549,0.58818,-0.89957,-0.98083,-0.04677,
1671607682299982080,-31.94794,-20.33062,-82.66007,0.48616,-0.31712,0.56473,0.58665,-12.94480,14.81113,-0.03499,
1671607682399832064,-33.05441,-19.82891,-82.66007,0.49035,-0.31144,0.56416,0.58675,-22.12952,10.03423,-0.03791,
1671607682499912960,-34.36051,-19.82875,-82.66007,0.49043,-0.30772,0.56580,0.58708,-26.12195,0.00303,-0.03277,
1671607682599877120,-34.74141,-19.99570,-82.66007,0.48761,-0.30541,0.56877,0.58776,-7.61798,-3.33888,-0.02662,
1671607682699972096,-34.52857,-20.54115,-82.66007,0.47741,-0.30324,0.57593,0.59028,4.25685,-10.90909,-0.02481,
1671607682799825920,-32.99979,-21.97109,-82.66007,0.46808,-0.30317,0.58213,0.59170,30.57544,-28.59868,-0.02907,
1671607682899911936,-31.68082,-22.63734,-82.66007,0.46288,-0.30209,0.58481,0.59370,26.37944,-13.32500,-0.02019,
1671607683000114944,-31.20597,-23.19372,-82.66007,0.46054,-0.30228,0.58589,0.59436,9.49711,-11.12759,-0.04128,
1671607683099973888,-31.07904,-23.27180,-82.66007,0.46083,-0.30413,0.58606,0.59302,2.53860,-1.56178,-0.04463,
1671607683199820032,-31.15968,-23.17439,-82.66007,0.46359,-0.30801,0.58527,0.58964,-1.61282,1.94823,-0.03943,
1671607683299911936,-31.35487,-22.42278,-82.66007,0.46550,-0.30775,0.58500,0.58854,-3.90391,15.03231,-0.04508,
1671607683399994880,-31.67446,-21.15940,-82.66007,0.46450,-0.30722,0.58769,0.58692,-6.39182,25.26754,-0.04213,
1671607683499834112,-32.20080,-20.76282,-82.66007,0.46336,-0.30597,0.59125,0.58490,-10.52668,7.93165,-0.05198,
1671607683599930112,-32.04320,-20.71389,-82.66007,0.46264,-0.30853,0.59380,0.58152,3.15201,0.97858,-0.03032,
1671607683699774976,-31.85554,-20.50668,-82.66007,0.45950,-0.30845,0.59703,0.58075,3.75308,4.14419,-0.03320,
1671607683799998976,-31.47086,-19.95984,-82.66007,0.45783,-0.30435,0.59875,0.58246,7.69359,10.93685,-0.03611,
1671607683899828992,-31.10681,-19.99869,-82.66007,0.45890,-0.29725,0.59877,0.58526,7.28110,-0.77697,-0.02929,
1671607684000049920,-31.44713,-20.68892,-82.66007,0.45850,-0.28962,0.59920,0.58895,-6.80635,-13.80464,-0.03270,
1671607684099891968,-32.85228,-22.14663,-82.66007,0.45641,-0.28606,0.60094,0.59053,-28.10309,-29.15430,-0.04262,
1671607684199984128,-33.34898,-22.68038,-82.66007,0.45163,-0.29101,0.60502,0.58762,-9.93391,-10.67486,-0.03377,
1671607684299831040,-33.36848,-23.06903,-82.66007,0.44656,-0.29542,0.60978,0.58437,-0.39017,-7.77309,-0.04082,
1671607684399912960,-32.18451,-22.32563,-82.66007,0.44399,-0.29634,0.61256,0.58295,23.67943,14.86811,-0.03816,
1671607684499890944,-31.00796,-21.82447,-82.66007,0.44684,-0.29708,0.61253,0.58042,23.53103,10.02303,-0.04848,
1671607684599981056,-30.71802,-21.63077,-82.66007,0.44570,-0.30057,0.61396,0.57799,5.79884,3.87410,-0.04780,
1671607684699806976,-31.16856,-20.79971,-82.66007,0.44150,-0.30372,0.61653,0.57682,-9.01077,16.62115,-0.03973,
1671607684799884032,-30.81188,-19.94214,-82.66007,0.43834,-0.29779,0.61861,0.58009,7.13363,17.15142,-0.05036,
1671607684899968000,-30.07551,-19.76758,-82.66007,0.43849,-0.29687,0.62029,0.57865,14.72730,3.49126,-0.04705,
1671607685000039936,-30.42507,-20.75243,-82.66007,0.44210,-0.29535,0.62013,0.57684,-6.99122,-19.69705,-0.04373,
1671607685099897088,-30.89574,-20.44454,-82.66007,0.44435,-0.29122,0.61946,0.57793,-9.41343,6.15785,-0.05221,
1671607685199991040,-31.40655,-19.94806,-82.66007,0.44691,-0.28679,0.61918,0.57847,-10.21615,9.92963,-0.04328,
1671607685299824128,-32.32440,-20.15423,-82.66007,0.44791,-0.28150,0.61923,0.58025,-18.35691,-4.12354,-0.04715,
1671607685399908096,-33.30081,-20.34074,-82.66007,0.44978,-0.28041,0.61973,0.57880,-19.52821,-3.73013,-0.04611,
1671607685499875072,-34.06298,-20.91309,-82.66007,0.45070,-0.27779,0.62132,0.57764,-15.24342,-11.44711,-0.05140,
1671607685599956992,-34.60878,-20.43568,-82.66007,0.44684,-0.27545,0.62466,0.57815,-10.91614,9.54822,-0.05142,
1671607685699804928,-34.94786,-20.39504,-82.66007,0.44210,-0.27313,0.62931,0.57785,-6.78160,0.81292,-0.04130,
1671607685799897088,-34.54601,-20.88621,-82.66007,0.43822,-0.26741,0.63336,0.57906,8.03718,-9.82352,-0.05039,
1671607685899984896,-34.09443,-21.56284,-82.66007,0.43615,-0.26456,0.63587,0.57918,9.03146,-13.53259,-0.04752,
1671607686000058112,-34.07854,-22.68075,-82.66007,0.43724,-0.26473,0.63650,0.57759,0.31777,-22.35807,-0.04951,
1671607686099900928,-34.10672,-22.79653,-82.66007,0.43736,-0.26592,0.63773,0.57559,-0.56358,-2.31571,-0.05582,
1671607686199995904,-34.37237,-22.46856,-82.66007,0.43558,-0.26844,0.63939,0.57392,-5.31295,6.55951,-0.05126,
1671607686299826944,-34.36236,-21.97454,-82.66007,0.43342,-0.26952,0.64090,0.57337,0.20016,9.88037,-0.05351,
1671607686399922944,-34.05129,-21.39657,-82.66007,0.43326,-0.26787,0.64121,0.57392,6.22147,11.55933,-0.04704,
1671607686499995904,-33.91002,-21.21982,-82.66007,0.43200,-0.26226,0.64241,0.57612,2.82543,3.53507,-0.05390,
1671607686599842048,-34.25519,-21.43241,-82.66007,0.42872,-0.25961,0.64496,0.57692,-6.90337,-4.25174,-0.06204,
1671607686699930880,-34.62986,-22.22431,-82.66007,0.42631,-0.26058,0.64758,0.57533,-7.49351,-15.83808,-0.05630,
1671607686799887104,-34.44621,-22.54157,-82.66007,0.42594,-0.26174,0.64829,0.57427,3.67312,-6.34512,-0.05877,
1671607686899968000,-34.12086,-22.27990,-82.66007,0.42695,-0.26232,0.64852,0.57299,6.50701,5.23326,-0.05685,
1671607687000050944,-34.24263,-21.89658,-82.66007,0.42907,-0.26304,0.64797,0.57170,-2.43546,7.66650,-0.06173,
1671607687099908096,-34.81926,-21.38092,-82.66007,0.42697,-0.26522,0.64866,0.57149,-11.53259,10.31306,-0.06507,
1671607687199878912,-35.08098,-20.88253,-82.66007,0.42264,-0.27246,0.65133,0.56825,-5.23452,9.96798,-0.06655,
1671607687299965952,-34.80082,-20.39526,-82.66007,0.42266,-0.27999,0.65156,0.56430,5.60332,9.74527,-0.05375,
1671607687399804928,-33.71962,-19.17995,-82.66007,0.41851,-0.27870,0.65314,0.56620,21.62388,24.30624,-0.05531,
1671607687499886080,-33.44652,-17.60623,-82.66007,0.41558,-0.26885,0.65541,0.57049,5.46213,31.47447,-0.05299,
1671607687599966976,-33.18334,-18.16128,-82.66007,0.42210,-0.25971,0.65493,0.57048,5.26346,-11.10109,-0.05793,
1671607687699804928,-33.78927,-20.02381,-82.66007,0.42860,-0.25118,0.65467,0.56976,-12.11849,-37.25048,-0.03962,
1671607687799901952,-35.91523,-20.19160,-82.66007,0.41768,-0.24713,0.66177,0.57143,-42.51921,-3.35584,-0.03940,
1671607687899985920,-37.51037,-20.65799,-82.66007,0.40167,-0.24509,0.67015,0.57401,-31.90282,-9.32792,-0.04981,
1671607688000066048,-35.84245,-22.16447,-82.66007,0.39537,-0.25129,0.67367,0.57158,33.35846,-30.12947,-0.06648,
1671607688099926016,-33.08402,-23.34390,-82.66007,0.39335,-0.26008,0.67492,0.56755,55.16863,-23.58862,-0.04846,
1671607688199887872,-32.29771,-22.53570,-82.66007,0.39375,-0.26541,0.67494,0.56478,15.72617,16.16396,-0.03062,
1671607688299973888,-31.62065,-20.84878,-82.66007,0.39466,-0.26450,0.67508,0.56439,13.54112,33.73835,-0.07327,
1671607688399819008,-31.61175,-19.64626,-82.66007,0.39622,-0.25770,0.67540,0.56607,0.17808,24.05036,-0.05223,
1671607688499906048,-32.03962,-19.49840,-82.66007,0.39724,-0.24973,0.67716,0.56683,-8.55745,2.95724,-0.07609,
1671607688599975936,-33.09151,-20.37369,-82.66007,0.39836,-0.25042,0.67853,0.56409,-21.03771,-17.50568,-0.08408,
1671607688699812096,-34.01432,-21.08847,-82.66007,0.39997,-0.25994,0.67919,0.55782,-18.45623,-14.29559,-0.07040,
1671607688799901952,-34.03236,-20.25670,-82.66007,0.39781,-0.26626,0.68125,0.55385,-0.36079,16.63532,-0.07967,
1671607688899969024,-33.61114,-18.02874,-82.66007,0.39580,-0.26981,0.68289,0.55154,8.42431,44.55921,-0.07471,
1671607689000046080,-32.95054,-16.79932,-82.66007,0.39360,-0.26901,0.68440,0.55164,13.21192,24.58846,-0.04934,
1671607689099886080,-32.66012,-16.27434,-82.66007,0.39233,-0.26967,0.68562,0.55070,5.80858,10.49957,-0.07473,
1671607689199979008,-32.60199,-16.28905,-82.66007,0.39189,-0.26533,0.68604,0.55260,1.16256,-0.29433,-0.07388,
1671607689299817984,-32.58129,-16.04103,-82.66007,0.39325,-0.26109,0.68622,0.55343,0.41396,4.96059,-0.07698,
1671607689399901952,-33.07582,-16.67393,-82.66007,0.39480,-0.25653,0.68601,0.55473,-9.89063,-12.65817,-0.07466,
1671607689499886080,-33.73576,-16.97645,-82.66007,0.39451,-0.25346,0.68820,0.55362,-13.19878,-6.05035,-0.07249,
1671607689599973120,-34.51771,-17.33017,-82.66007,0.39100,-0.25367,0.69102,0.55251,-15.63904,-7.07440,-0.07554,
1671607689699808000,-34.64556,-17.51052,-82.66007,0.38222,-0.25581,0.69589,0.55155,-2.55704,-3.60692,-0.07342,
1671607689799890944,-34.10412,-17.47766,-82.66007,0.37921,-0.25718,0.69822,0.55004,10.82881,0.65706,-0.06886,
1671607689899973120,-32.56286,-17.56396,-82.66007,0.38025,-0.25441,0.69891,0.54973,30.82519,-1.72588,-0.08622,
1671607690000043008,-32.23744,-17.33106,-82.66007,0.38443,-0.24994,0.69814,0.54985,6.50843,4.65792,-0.07176,
1671607690099908096,-33.21955,-17.07869,-82.66007,0.38467,-0.24487,0.69920,0.55063,-19.64213,5.04744,-0.07241,
1671607690199877120,-33.94761,-17.53351,-82.66007,0.38220,-0.24204,0.70084,0.55151,-14.56113,-9.09640,-0.08441,
1671607690299976960,-34.45718,-18.07961,-82.66007,0.37785,-0.24202,0.70404,0.55044,-10.19142,-10.92205,-0.08466,
1671607690399820032,-34.42683,-18.51392,-82.66007,0.37209,-0.24100,0.70804,0.54968,0.60690,-8.68624,-0.09000,
1671607690499892992,-33.79458,-18.63439,-82.66007,0.36998,-0.24204,0.71026,0.54778,12.64501,-2.40923,-0.09176,
1671607690599980032,-33.08620,-19.03148,-82.66007,0.36769,-0.24563,0.71286,0.54433,14.16768,-7.94190,-0.09022,
1671607690699811072,-32.78578,-18.70781,-82.66007,0.36180,-0.25148,0.71631,0.54107,6.00840,6.47339,-0.09061,
1671607690799920896,-32.07565,-17.89258,-82.66007,0.35669,-0.25109,0.71945,0.54048,14.20257,16.30462,-0.08633,
1671607690899892992,-30.79536,-17.21191,-82.66007,0.35661,-0.24351,0.72095,0.54200,25.60588,13.61331,-0.09149,
1671607691000090112,-30.33582,-17.55100,-82.66007,0.36522,-0.23128,0.71765,0.54599,9.19077,-6.78165,-0.09957,
1671607691099947008,-32.03943,-19.23339,-82.66009,0.43220,-0.26024,0.69051,0.51834,-34.07217,-33.64790,-0.11899,
1671607691199777024,-33.91124,-19.70490,-82.66209,0.50789,-0.31074,0.65306,0.46796,-37.43628,-9.43022,-0.05056,
1671607691299997952,-35.92124,-19.74259,-82.66239,0.51007,-0.36967,0.64580,0.43141,-40.19995,-0.75373,-0.03759,
1671607691399827968,-35.81630,-18.66589,-82.66301,0.49569,-0.40051,0.65050,0.41319,2.09880,21.53392,-0.04115,
1671607691499910912,-34.22060,-18.49109,-82.66411,0.49851,-0.40624,0.64755,0.40882,31.91400,3.49606,-0.06415,
1671607691599878912,-31.87769,-18.41942,-82.66403,0.52323,-0.39350,0.63021,0.41741,46.85814,1.43350,-0.04567,
1671607691699981056,-29.65749,-17.64070,-82.66330,0.53378,-0.39131,0.61919,0.42256,44.40393,15.57434,-0.01848,
1671607691799832064,-28.61425,-16.62960,-82.66286,0.56343,-0.39912,0.60493,0.39663,20.86480,20.22190,-0.01808,
1671607691899918080,-28.92954,-17.01220,-82.66218,0.58534,-0.37190,0.59256,0.40981,-6.30569,-7.65186,-0.02571,
1671607692000011008,-30.18163,-18.48111,-82.66303,0.58982,-0.36665,0.58729,0.41566,-25.04195,-29.37827,-0.04017,
1671607692099990016,-32.73109,-19.63092,-82.66323,0.59474,-0.36239,0.58291,0.41852,-50.98918,-22.99624,-0.02692,
1671607692199831040,-33.35923,-19.68628,-82.66227,0.58901,-0.36378,0.59383,0.41000,-12.56266,-1.10717,-0.00577,
1671607692299927040,-34.34035,-19.65664,-82.66074,0.57693,-0.35130,0.61049,0.41357,-19.62251,0.59277,-0.00318,
1671607692399892992,-36.03154,-20.85451,-82.66043,0.57587,-0.35909,0.61257,0.40519,-33.82374,-23.95744,0.00360,
1671607692499979008,-36.62179,-21.71756,-82.65927,0.56942,-0.35407,0.61966,0.40795,-11.80505,-17.26095,0.01521,
1671607692599811072,-36.01775,-21.84178,-82.65773,0.55418,-0.35673,0.63521,0.40267,12.08074,-2.48432,0.03778,
1671607692699901952,-34.69722,-21.49765,-82.65863,0.53410,-0.35515,0.65380,0.40143,26.41069,6.88261,0.01293,
1671607692799984128,-33.32665,-21.29321,-82.66020,0.53160,-0.35452,0.65679,0.40042,27.41145,4.08876,-0.01016,
1671607692899823104,-32.67479,-21.57833,-82.66021,0.54615,-0.34148,0.64650,0.40884,13.03713,-5.70244,-0.00403,
1671607693000029952,-33.29083,-21.39425,-82.65974,0.54582,-0.34623,0.65493,0.39150,-12.32075,3.68169,0.00757,
1671607693099895040,-33.02153,-19.90396,-82.65956,0.54090,-0.33278,0.65451,0.41025,5.38601,29.80565,0.01388,
1671607693199977984,-32.96616,-19.61202,-82.65978,0.52788,-0.34361,0.66115,0.40762,1.10740,5.83888,0.00325,
1671607693299806976,-33.65495,-20.85372,-82.65975,0.53389,-0.34206,0.67201,0.38256,-13.77578,-24.83411,0.01671,
1671607693399898112,-34.44403,-21.66974,-82.66005,0.53613,-0.34657,0.67526,0.36942,-15.78170,-16.32028,0.00418,
1671607693499993088,-35.08648,-22.10391,-82.66005,0.53479,-0.37771,0.66153,0.36566,-12.84897,-8.68336,0.00118,
1671607693599832064,-35.65150,-22.09305,-82.66009,0.53083,-0.37602,0.66755,0.36224,-11.30039,0.21707,0.00074,
1671607693699926016,-35.46067,-21.87876,-82.66008,0.52596,-0.38010,0.66992,0.36068,3.81665,4.28578,0.00589,
1671607693799876096,-35.07300,-21.73419,-82.66005,0.51713,-0.33599,0.69782,0.36433,7.75338,2.89146,0.01334,
1671607693899958016,-34.23792,-22.19618,-82.66007,0.51521,-0.29733,0.70769,0.38122,16.70152,-9.23985,0.00350,
1671607694000038912,-33.91658,-23.52278,-82.66006,0.53485,-0.24343,0.71129,0.38567,6.42680,-26.53182,0.00154,
1671607694099891968,-34.67521,-24.57613,-82.66005,0.54504,-0.24245,0.73257,0.32786,-15.17254,-21.06714,-0.00348,
1671607694199972096,-34.98259,-24.61432,-82.66007,0.53894,-0.24424,0.71629,0.36990,-6.14751,-0.76370,-0.00479,
1671607694299812096,-35.32343,-24.60599,-82.66007,0.52947,-0.29389,0.71037,0.35870,-6.81699,0.16660,-0.00076,
1671607694399897088,-35.89073,-24.00735,-82.66007,0.53696,-0.31233,0.70381,0.34465,-11.34590,11.97266,-0.00170,
1671607694499980032,-36.61675,-22.38526,-82.66007,0.54038,-0.35688,0.68066,0.34253,-14.52047,32.44183,-0.00588,
1671607694599823872,-38.02229,-21.21411,-82.66007,0.54430,-0.37670,0.66477,0.34628,-28.11075,23.42309,-0.00443,
1671607694699915008,-38.94489,-20.92667,-82.66007,0.50441,-0.37449,0.66907,0.39709,-18.45193,5.74883,-0.00501,
1671607694799877120,-39.17685,-21.46413,-82.66006,0.52933,-0.36191,0.68172,0.35226,-4.63916,-10.74917,-0.00324,
1671607694899973120,-38.55314,-22.24270,-82.66006,0.56934,-0.35202,0.67609,0.30796,12.47408,-15.57159,0.01023,
1671607695000039936,-37.19680,-23.02276,-82.66006,0.60221,-0.32885,0.67335,0.27531,27.12679,-15.60106,0.00594,
1671607695099894016,-36.57132,-23.04964,-82.66007,0.62311,-0.30132,0.67927,0.24398,12.50956,-0.53764,0.00435,
1671607695199973888,-36.73515,-22.72312,-82.66007,0.63109,-0.30977,0.66638,0.24840,-3.27656,6.53035,0.00977,
1671607695299806976,-37.25197,-22.19044,-82.66007,0.64217,-0.32094,0.64440,0.26339,-10.33644,10.65369,0.00744,
1671607695399890944,-37.79450,-21.79714,-82.66007,0.64741,-0.32065,0.63773,0.26708,-10.85053,7.86600,0.00112,
1671607695499984896,-38.10924,-21.76073,-82.66007,0.66063,-0.31107,0.62252,0.28157,-6.29471,0.72822,0.00440,
1671607695599825920,-37.90693,-21.65786,-82.66007,0.63377,-0.33699,0.63477,0.28609,4.04606,2.05734,0.00393,
1671607695699915008,-37.46561,-21.72287,-82.66007,0.66031,-0.30078,0.62868,0.27978,8.82651,-1.30030,0.00182,
1671607695799879936,-37.15666,-22.26011,-82.66007,0.64740,-0.31044,0.63794,0.27843,6.17903,-10.74472,0.00303,
1671607695899973120,-37.08590,-22.95386,-82.66007,0.64537,-0.32397,0.62077,0.30526,1.41503,-13.87503,0.00805,
1671607696000052992,-36.97578,-23.40401,-82.66007,0.65094,-0.31930,0.60748,0.32449,2.20246,-9.00289,0.00423,
1671607696099909888,-36.81424,-23.37205,-82.66007,0.64108,-0.32529,0.62661,0.30094,3.23084,0.63905,-0.00280,
1671607696199993088,-36.93963,-23.53595,-82.66007,0.62870,-0.31636,0.65481,0.27545,-2.50774,-3.27792,-0.00658,
1671607696299821056,-37.20218,-23.69577,-82.66007,0.63798,-0.31841,0.63573,0.29572,-5.25114,-3.19640,0.00170,
1671607696399915008,-36.88152,-23.80236,-82.66007,0.64033,-0.31636,0.63241,0.29992,6.41331,-2.13175,0.00941,
1671607696499998976,-36.19249,-23.78718,-82.66007,0.66299,-0.28351,0.62213,0.30498,13.78049,0.30354,0.00968,
1671607696599842048,-35.92474,-23.76865,-82.66007,0.67565,-0.25361,0.61611,0.31558,5.35500,0.37061,0.00631,
1671607696699928064,-36.29368,-23.69795,-82.66007,0.67933,-0.25696,0.61696,0.30304,-7.37874,1.41395,0.01314,
1671607696799778048,-36.86727,-23.40927,-82.66007,0.68389,-0.25759,0.61745,0.29101,-11.47187,5.77373,0.01065,
1671607696899994112,-37.29726,-22.73927,-82.66007,0.68385,-0.26169,0.62455,0.27166,-8.59982,13.40000,0.00797,
1671607697000088064,-37.92480,-22.23168,-82.66007,0.67458,-0.26575,0.64586,0.23914,-12.55075,10.15171,0.00552,
1671607697099949056,-37.93275,-21.83159,-82.66007,0.67617,-0.25843,0.63987,0.25801,-0.15892,8.00173,0.00544,
1671607697199785984,-37.39625,-21.77250,-82.66007,0.66980,-0.25240,0.64678,0.26331,10.72993,1.18194,0.01557,
1671607697299990016,-35.94904,-22.32680,-82.66007,0.64427,-0.28042,0.66270,0.25905,28.94413,-11.08616,0.01097,
1671607697399838976,-34.53883,-24.04583,-82.66007,0.64076,-0.29054,0.66256,0.25696,28.20423,-34.38043,0.00893,
1671607697499921920,-34.68516,-25.00325,-82.66007,0.60817,-0.32858,0.66867,0.27393,-2.92660,-19.14847,-0.00305,
1671607697599876096,-36.07601,-24.19313,-82.66007,0.61803,-0.33807,0.64828,0.28892,-27.81687,16.20236,-0.01282,
1671607697699958016,-36.85306,-23.12435,-82.66007,0.62037,-0.33129,0.64854,0.29117,-15.54104,21.37557,-0.00971,
1671607697799801088,-36.71375,-22.72791,-82.66007,0.62606,-0.29999,0.66196,0.28260,2.78612,7.92895,-0.00324,
1671607697899884032,-36.01294,-23.11329,-82.66007,0.61511,-0.29605,0.67060,0.29034,14.01635,-7.70766,0.01427,
1671607698000077056,-35.55011,-25.64062,-82.66007,0.59660,-0.30668,0.68092,0.29389,9.25657,-50.54661,0.00816,
1671607698099940096,-34.91546,-27.98000,-82.66007,0.56235,-0.32879,0.69309,0.30870,12.69294,-46.78771,0.00761,
1671607698199781888,-34.73800,-28.07251,-82.66007,0.55294,-0.32340,0.70587,0.30236,3.54914,-1.85020,-0.00143,
1671607698299883008,-34.30338,-27.76234,-82.66007,0.55741,-0.31929,0.70536,0.29969,8.69246,6.20343,-0.01033,
1671607698399976960,-34.60553,-26.62920,-82.66007,0.55457,-0.30900,0.71357,0.29627,-6.04304,22.66289,-0.00956,
1671607698499832064,-35.08968,-26.39100,-82.66007,0.56240,-0.32238,0.69980,0.30010,-9.68300,4.76398,-0.00614,
1671607698599929088,-35.62982,-25.68986,-82.66007,0.53995,-0.32714,0.70854,0.31528,-10.80268,14.02282,-0.01218,
1671607698699895040,-35.75833,-25.78141,-82.66007,0.54161,-0.32861,0.70794,0.31224,-2.57025,-1.83098,-0.00993,
1671607698799980032,-35.08669,-25.50729,-82.66007,0.56713,-0.32188,0.69660,0.29917,13.43280,5.48231,-0.00628,
1671607698899815936,-34.58703,-25.53181,-82.66007,0.55827,-0.29282,0.71960,0.29116,9.99310,-0.49033,0.00378,
1671607699000019968,-34.71220,-26.37221,-82.66007,0.56043,-0.30021,0.71510,0.29057,-2.50334,-16.80810,0.00569,
1671607699099996928,-34.92833,-26.69008,-82.66007,0.53100,-0.30378,0.72419,0.31828,-4.32257,-6.35724,-0.00735,
1671607699199844096,-34.88146,-26.37559,-82.66007,0.53699,-0.30918,0.71888,0.31507,0.93748,6.28972,-0.01833,
1671607699299927040,-34.76563,-26.46983,-82.66007,0.53591,-0.30131,0.72331,0.31438,2.31659,-1.88477,-0.01385,
1671607699399876096,-34.65433,-26.96702,-82.66007,0.54350,-0.30291,0.71966,0.30814,2.22585,-9.94391,-0.00769,
1671607699499962112,-34.11191,-27.27100,-82.66007,0.55240,-0.30377,0.71262,0.30781,10.84837,-6.07963,-0.01573,
1671607699599799040,-33.70553,-27.53479,-82.66007,0.54185,-0.28464,0.72673,0.31185,8.12776,-5.27576,-0.00928,
1671607699699888896,-33.97655,-28.11755,-82.66007,0.54836,-0.29230,0.72083,0.30703,-5.42038,-11.65510,-0.00207,
1671607699799988992,-33.74562,-28.39785,-82.66007,0.53770,-0.30488,0.71997,0.31554,4.61846,-5.60604,0.00095,
1671607699899819008,-33.53408,-28.05775,-82.66007,0.53636,-0.29242,0.72792,0.31135,4.23095,6.80192,0.00274,
1671607700000016896,-33.62012,-26.91261,-82.66007,0.54364,-0.29943,0.72330,0.30273,-1.72099,22.90295,0.00234,
1671607700099994880,-34.49877,-25.38985,-82.66007,0.54936,-0.30474,0.71792,0.29989,-17.57287,30.45509,-0.00178,
1671607700199821056,-34.51240,-24.88873,-82.66007,0.55699,-0.31646,0.70572,0.30261,-0.27265,10.02249,-0.00410,
1671607700299910912,-34.33347,-25.65317,-82.66007,0.57053,-0.31016,0.70034,0.29635,3.57864,-15.28892,0.00026,
1671607700399880960,-33.85735,-26.28538,-82.66007,0.55607,-0.31970,0.70412,0.30463,9.52235,-12.64406,-0.00125,
1671607700499973120,-33.60186,-26.53922,-82.66007,0.53985,-0.31490,0.71932,0.30328,5.10993,-5.07697,0.00422,
1671607700599814912,-33.54455,-26.12585,-82.66007,0.54357,-0.32410,0.71493,0.29727,1.14617,8.26742,0.00164,
1671607700699919104,-32.95751,-24.91827,-82.66007,0.54603,-0.32304,0.71447,0.29501,11.74075,24.15174,-0.00686,
1671607700799889920,-32.40610,-24.18762,-82.66007,0.53755,-0.29910,0.73128,0.29462,11.02823,14.61300,-0.01351,
1671607700899994880,-32.03788,-24.52645,-82.66007,0.54512,-0.29617,0.72679,0.29480,7.36439,-6.77661,-0.01033,
1671607701000087040,-32.03632,-25.79206,-82.66007,0.54740,-0.29241,0.72631,0.29549,0.03125,-25.31224,-0.00942,
1671607701099949056,-32.63023,-26.77361,-82.66007,0.54979,-0.28964,0.72556,0.29563,-11.87838,-19.63106,-0.00886,
1671607701199790080,-33.08585,-27.01151,-82.66007,0.55041,-0.28841,0.72568,0.29540,-9.11239,-4.75803,-0.00972,
1671607701299879936,-33.75395,-27.09041,-82.66007,0.54971,-0.28904,0.72716,0.29242,-13.36197,-1.57799,-0.00606,
1671607701399966976,-34.00365,-27.05113,-82.66007,0.54757,-0.28976,0.72978,0.28919,-4.99401,0.78572,-0.00597,
1671607701499798016,-33.82079,-26.58224,-82.66007,0.54756,-0.28656,0.73094,0.28947,3.65719,9.37770,-0.01087,
1671607701599888896,-33.38717,-26.15115,-82.66007,0.54624,-0.28119,0.73325,0.29137,8.67248,8.62180,-0.01233,
1671607701699964928,-33.56458,-26.59829,-82.66007,0.54471,-0.27239,0.73683,0.29356,-3.54831,-8.94275,-0.01627,
1671607701799803904,-33.52269,-27.54865,-82.66007,0.54709,-0.26889,0.73601,0.29441,0.83796,-19.00721,-0.00523,
1671607701899894016,-33.63286,-29.15021,-82.66007,0.54566,-0.27084,0.73573,0.29600,-2.20356,-32.03129,-0.01278,
1671607702000113920,-34.21814,-29.37661,-82.66007,0.54140,-0.27595,0.73719,0.29546,-11.70548,-4.52783,-0.00128,
1671607702099962112,-34.32632,-28.63714,-82.66007,0.53729,-0.27912,0.73948,0.29424,-2.16370,14.78933,0.00033,
1671607702199804928,-34.16967,-28.15642,-82.66007,0.53715,-0.27409,0.74084,0.29579,3.13314,9.61447,-0.01970,
1671607702299896064,-33.65684,-27.60017,-82.66007,0.53747,-0.26707,0.74269,0.29700,10.25651,11.12494,-0.01695,
1671607702399983104,-33.91200,-28.47354,-82.66007,0.53738,-0.26266,0.74525,0.29467,-5.10319,-17.46734,-0.00591,
1671607702499825920,-34.21761,-29.44430,-82.66007,0.53740,-0.26308,0.74705,0.28965,-6.11227,-19.41524,-0.01297,
1671607702599929088,-34.00925,-29.57847,-82.66007,0.53550,-0.26321,0.74906,0.28786,4.16730,-2.68337,-0.02114,
1671607702699892992,-33.83293,-28.81216,-82.66007,0.53175,-0.26190,0.75187,0.28870,3.52648,15.32613,-0.01294,
1671607702799993088,-33.52354,-28.60937,-82.66007,0.52901,-0.26011,0.75401,0.28976,6.18768,4.05583,-0.01263,
1671607702899836928,-32.98527,-28.88473,-82.66007,0.52808,-0.25656,0.75529,0.29129,10.76536,-5.50725,-0.01827,
1671607703000038912,-32.71288,-29.22442,-82.66007,0.52735,-0.25518,0.75624,0.29135,5.44793,-6.79373,-0.01397,
1671607703099898112,-32.73732,-29.93375,-82.66007,0.52620,-0.25811,0.75685,0.28926,-0.48882,-14.18661,-0.00977,
1671607703199986944,-32.81806,-29.86766,-82.66007,0.52199,-0.25886,0.76000,0.28795,-1.61481,1.32166,-0.02590,
1671607703299834112,-32.84348,-29.08593,-82.66007,0.51973,-0.25643,0.76192,0.28915,-0.50847,15.63463,-0.01395,
1671607703399910912,-32.14094,-28.88968,-82.66007,0.51967,-0.25716,0.76138,0.29001,14.05086,3.92496,-0.01043,
1671607703499987968,-31.92641,-29.32540,-82.66007,0.51557,-0.25878,0.76435,0.28808,4.29053,-8.71428,-0.02072,
1671607703599824896,-32.31725,-29.08677,-82.66007,0.51133,-0.25701,0.76850,0.28617,-7.81674,4.77251,-0.02126,
1671607703699913984,-31.62116,-28.68634,-82.66007,0.50656,-0.25502,0.77272,0.28506,13.92184,8.00871,-0.01949,
1671607703799880960,-30.79438,-28.80370,-82.66007,0.50243,-0.25018,0.77672,0.28581,16.53547,-2.34729,-0.03229,
1671607703899964928,-30.01599,-29.12205,-82.66007,0.50005,-0.24417,0.77995,0.28636,15.56794,-6.36693,-0.03534,
1671607704000046080,-29.39244,-30.05084,-82.66007,0.50196,-0.23607,0.78107,0.28676,12.47082,-18.57584,-0.04319,
1671607704099894016,-29.33651,-31.61497,-82.66007,0.50653,-0.23299,0.77935,0.28594,1.11870,-31.28250,-0.02582,
1671607704199988992,-29.73002,-31.87824,-82.66007,0.50591,-0.23522,0.77990,0.28369,-7.87026,-5.26542,-0.02191,
1671607704299834112,-30.80845,-31.80469,-82.66007,0.50215,-0.24153,0.78224,0.27860,-21.56857,1.47103,-0.02341,
1671607704399919104,-30.78277,-30.99793,-82.66007,0.50180,-0.24393,0.78273,0.27574,0.51364,16.13513,-0.02784,
1671607704499888896,-30.19012,-29.38892,-82.66007,0.50729,-0.24066,0.78053,0.27480,11.85295,32.18025,-0.02559,
1671607704599982080,-30.39488,-28.70887,-82.66007,0.51304,-0.23684,0.77773,0.27537,-4.09516,13.60089,-0.01378,
1671607704699822080,-31.78764,-28.80056,-82.66007,0.51154,-0.23348,0.77958,0.27581,-27.85522,-1.83376,-0.02335,
1671607704799908096,-33.01427,-28.91268,-82.66007,0.50639,-0.23003,0.78388,0.27602,-24.53266,-2.24247,-0.02919,
1671607704899996928,-32.80944,-29.47661,-82.66007,0.49824,-0.23090,0.78955,0.27396,4.09668,-11.27854,-0.02230,
1671607705000081920,-31.84192,-30.06336,-82.66007,0.49505,-0.23218,0.79209,0.27134,19.35044,-11.73508,-0.02084,
1671607705099941120,-30.08847,-29.52000,-82.66007,0.49999,-0.23414,0.78946,0.26825,35.06899,10.86736,-0.02060,
1671607705199783936,-30.09603,-29.11240,-82.66007,0.50750,-0.23512,0.78455,0.26768,-0.15113,8.15203,-0.02236,
1671607705299876096,-31.38149,-28.18594,-82.66007,0.51085,-0.23407,0.78231,0.26877,-25.70923,18.52916,-0.02690,
1671607705399960064,-33.25798,-27.61636,-82.66007,0.50620,-0.23187,0.78518,0.27110,-37.52980,11.39160,-0.03040,
1671607705499792896,-34.13764,-27.82710,-82.66007,0.49473,-0.22565,0.79253,0.27607,-17.59327,-4.21480,-0.03613,
1671607705599997952,-33.46777,-28.44387,-82.66007,0.48546,-0.21968,0.79904,0.27859,13.39738,-12.33544,-0.03413,
1671607705699852032,-31.49225,-30.07364,-82.66007,0.48509,-0.21737,0.80007,0.27807,39.51040,-32.59545,-0.02545,
1671607705799944960,-30.05441,-31.42146,-82.66007,0.48579,-0.22142,0.80012,0.27348,28.75685,-26.95641,-0.01855,
1671607705899781120,-30.15312,-31.44808,-82.66007,0.48892,-0.22276,0.79934,0.26905,-1.97431,-0.53227,-0.03003,
1671607706000114944,-30.37678,-30.22449,-82.66007,0.48870,-0.21766,0.80074,0.26947,-4.47320,24.47180,-0.04406,
1671607706099951104,-30.99027,-29.61088,-82.66007,0.48551,-0.20868,0.80410,0.27232,-12.26975,12.27210,-0.04513,
1671607706199792896,-31.00322,-30.23679,-82.66007,0.48308,-0.20060,0.80698,0.27419,-0.25894,-12.51820,-0.03693,
1671607706299877888,-30.64111,-32.07619,-82.66007,0.48222,-0.19602,0.80846,0.27465,7.24213,-36.78807,-0.04165,
1671607706399988992,-30.34616,-33.48827,-82.66007,0.48095,-0.19137,0.81009,0.27536,5.89902,-28.24161,-0.04218,
1671607706499831040,-30.39366,-34.23327,-82.66007,0.47877,-0.19069,0.81191,0.27425,-0.95006,-14.89988,-0.04179,
1671607706599918080,-30.31958,-34.99079,-82.66007,0.48162,-0.19027,0.81138,0.27110,1.48174,-15.15052,-0.04268,
1671607706699898112,-30.17474,-34.93314,-82.66007,0.48675,-0.19000,0.80971,0.26710,2.89680,1.15309,-0.04502,
1671607706799990016,-30.84451,-34.38651,-82.66007,0.48974,-0.19056,0.80897,0.26346,-13.39555,10.93269,-0.03910,
1671607706899828992,-31.87401,-33.61246,-82.66007,0.49087,-0.19058,0.80895,0.26138,-20.58997,15.48097,-0.04594,
1671607707000027904,-32.50917,-32.87585,-82.66007,0.49071,-0.18821,0.80988,0.26054,-12.70315,14.73219,-0.04704,
1671607707099990016,-32.84859,-32.57678,-82.66007,0.49046,-0.18531,0.81065,0.26067,-6.78830,5.98134,-0.04475,
1671607707199845120,-32.93455,-32.79686,-82.66007,0.48848,-0.18332,0.81232,0.26062,-1.71927,-4.40161,-0.04892,
1671607707299940096,-33.05699,-33.18521,-82.66007,0.48508,-0.18019,0.81502,0.26071,-2.44891,-7.76689,-0.04937,
1671607707399891968,-32.84787,-33.46942,-82.66007,0.48197,-0.17672,0.81747,0.26119,4.18241,-5.68431,-0.05541,
1671607707499977984,-32.43785,-34.01528,-82.66007,0.48008,-0.17491,0.81891,0.26140,8.20039,-10.91721,-0.05056,
1671607707599814912,-32.00556,-34.61460,-82.66007,0.48310,-0.17554,0.81744,0.25999,8.64591,-11.98640,-0.04943,
1671607707699907072,-32.04074,-34.83911,-82.66007,0.48737,-0.17792,0.81483,0.25859,-0.70373,-4.49015,-0.04517,
1671607707799984128,-32.99721,-34.33053,-82.66007,0.48929,-0.17943,0.81398,0.25658,-19.12923,10.17149,-0.03851,
1671607707899823104,-34.16240,-33.54710,-82.66007,0.48888,-0.17995,0.81475,0.25454,-23.30397,15.66861,-0.04435,
1671607708000013056,-34.77248,-33.01680,-82.66007,0.48682,-0.17858,0.81679,0.25292,-12.20155,10.60599,-0.04604,
1671607708099987968,-34.70528,-32.65195,-82.66007,0.48432,-0.17750,0.81901,0.25128,1.34402,7.29699,-0.04913,
1671607708199835904,-34.53757,-32.67176,-82.66007,0.48163,-0.17707,0.82107,0.25005,3.35415,-0.39612,-0.04021,
1671607708299921920,-34.13451,-32.66058,-82.66007,0.48080,-0.17985,0.82182,0.24718,8.06133,0.22363,-0.03230,
1671607708399891968,-33.83092,-32.49943,-82.66007,0.48088,-0.18124,0.82187,0.24585,6.07173,3.22289,-0.03906,
1671607708499983872,-33.93582,-31.61376,-82.66007,0.47963,-0.17578,0.82317,0.24787,-2.09804,17.71354,-0.05432,
1671607708599824896,-34.17053,-31.29665,-82.66007,0.47307,-0.16601,0.82813,0.25069,-4.69423,6.34222,-0.06280,
1671607708699918080,-34.06789,-32.46588,-82.66007,0.46810,-0.15578,0.83189,0.25412,2.05287,-23.38463,-0.05761,
1671607708799889920,-33.01925,-34.44815,-82.66007,0.46649,-0.14856,0.83300,0.25774,20.97275,-39.64540,-0.05671,
1671607708899986944,-32.30262,-36.44272,-82.66007,0.46845,-0.14702,0.83253,0.25660,14.33270,-39.89151,-0.03841,
1671607709000083968,-32.29965,-37.75387,-82.66007,0.46868,-0.14670,0.83340,0.25350,0.05927,-26.22298,-0.04129,
1671607709099924992,-32.77531,-37.73456,-82.66007,0.46834,-0.15167,0.83413,0.24876,-9.51308,0.38626,-0.05607,
1671607709199887872,-32.80179,-37.20639,-82.66007,0.46376,-0.15664,0.83649,0.24633,-0.52960,10.56340,-0.06535,
1671607709299968000,-32.82655,-35.73913,-82.66007,0.45973,-0.15769,0.83832,0.24698,-0.49531,29.34513,-0.07281,
1671607709399808000,-32.16894,-34.65916,-82.66007,0.45774,-0.15294,0.83912,0.25092,13.15229,21.59940,-0.07071,
1671607709499883008,-31.83382,-34.59629,-82.66007,0.45949,-0.14827,0.83849,0.25262,6.70242,1.25754,-0.06087,
1671607709599960064,-31.77466,-35.67124,-82.66007,0.46072,-0.14829,0.83828,0.25107,1.18319,-21.49912,-0.05924,
1671607709699802112,-32.31546,-36.39927,-82.66007,0.45861,-0.14951,0.83989,0.24882,-10.81604,-14.56059,-0.05194,
1671607709799895040,-32.57710,-35.99510,-82.66007,0.45763,-0.15567,0.84032,0.24535,-5.23285,8.08338,-0.05254,
1671607709899988992,-32.30026,-35.46469,-82.66007,0.45211,-0.16010,0.84310,0.24321,5.53695,10.60824,-0.06761,
1671607709999822080,-32.31547,-33.78938,-82.66007,0.44804,-0.16110,0.84525,0.24261,-0.30434,33.50612,-0.06007,
1671607710099919104,-31.28398,-32.92894,-82.66007,0.44658,-0.16441,0.84602,0.24038,20.62982,17.20882,-0.03901,
1671607710199880960,-31.00890,-32.51952,-82.66007,0.45090,-0.16542,0.84455,0.23678,5.50171,8.18851,-0.05452,
1671607710299971072,-31.09344,-31.77529,-82.66007,0.45917,-0.16698,0.84142,0.23086,-1.69084,14.88461,-0.06157,
1671607710399812096,-32.04706,-30.93441,-82.66007,0.45877,-0.16973,0.84309,0.22343,-19.07241,16.81761,-0.07545,
1671607710499885056,-33.51044,-29.50122,-82.66007,0.45208,-0.16322,0.84857,0.22116,-29.26768,28.66375,-0.08295,
1671607710599971072,-32.94102,-28.34223,-82.66007,0.44546,-0.14628,0.85359,0.22705,11.38849,23.17985,-0.05791,
1671607710699834112,-31.52719,-29.69519,-82.66007,0.44247,-0.12195,0.85569,0.23904,28.27653,-27.05926,-0.07856,
1671607710799920896,-30.66294,-32.56801,-82.66007,0.43801,-0.10261,0.85763,0.24917,17.28498,-57.45633,-0.06418,
1671607710899884032,-30.51032,-35.56412,-82.66007,0.43273,-0.09474,0.85996,0.25346,3.05247,-59.92230,-0.04520,
1671607711000105984,-30.03005,-38.52543,-82.66007,0.43130,-0.09803,0.86076,0.25192,9.60537,-59.22615,-0.04283,
1671607711099964928,-29.19719,-39.79210,-82.66007,0.43532,-0.10980,0.85914,0.24559,16.65729,-25.33345,-0.04179,
1671607711199809024,-29.40438,-38.89284,-82.66007,0.44034,-0.12216,0.85687,0.23862,-4.14388,17.98527,-0.07464,
1671607711299905024,-30.46225,-36.08554,-82.66007,0.44296,-0.13113,0.85587,0.23255,-21.15739,56.14592,-0.07798,
1671607711399987968,-31.55402,-33.29126,-82.66007,0.44381,-0.13163,0.85604,0.23000,-21.83549,55.88570,-0.03847,
1671607711499833088,-32.22932,-31.14933,-82.66007,0.44229,-0.12950,0.85736,0.22924,-13.50593,42.83857,-0.03680,
1671607711599937024,-32.43791,-30.80851,-82.66007,0.43838,-0.12574,0.85969,0.23008,-4.17187,6.81637,-0.04995,
1671607711699776000,-32.25675,-31.06397,-82.66007,0.43497,-0.12418,0.86183,0.22941,3.62328,-5.10929,-0.08135,
1671607711799986944,-31.64973,-31.69462,-82.66007,0.43146,-0.12118,0.86403,0.22938,12.14040,-12.61288,-0.08652,
1671607711899828992,-31.19220,-31.96544,-82.66007,0.42983,-0.12004,0.86528,0.22832,9.15057,-5.41654,-0.08174,
1671607712000035072,-30.63931,-32.43337,-82.66007,0.43301,-0.11762,0.86424,0.22751,11.05780,-9.35858,-0.08695,
1671607712099883008,-30.86308,-32.51836,-82.66007,0.43532,-0.11573,0.86364,0.22633,-4.47545,-1.69965,-0.08574,
1671607712199974912,-31.37096,-32.71727,-82.66007,0.43457,-0.11311,0.86461,0.22541,-10.15744,-3.97824,-0.08554,
1671607712299817984,-31.87058,-32.76495,-82.66007,0.43178,-0.11096,0.86664,0.22402,-9.99243,-0.95366,-0.09597,
1671607712399917056,-31.78389,-33.10591,-82.66007,0.42984,-0.10757,0.86794,0.22440,1.73375,-6.81925,-0.09782,
1671607712499878912,-31.31363,-33.40254,-82.66007,0.43091,-0.10678,0.86773,0.22353,9.40520,-5.93262,-0.09330,
1671607712599976960,-31.23128,-33.98021,-82.66007,0.43104,-0.10698,0.86787,0.22260,1.64700,-11.55330,-0.08732,
1671607712699808000,-31.62077,-33.98000,-82.66007,0.42963,-0.10869,0.86869,0.22132,-7.78976,0.00423,-0.08197,
1671607712799898112,-31.77138,-33.84093,-82.66007,0.42801,-0.10871,0.86985,0.21989,-3.01231,2.78139,-0.08975,
1671607712899981056,-31.77923,-33.46199,-82.66007,0.42518,-0.10698,0.87172,0.21882,-0.15695,7.57882,-0.08674,
1671607713000064000,-31.65574,-33.38286,-82.66007,0.42240,-0.10449,0.87343,0.21857,2.46986,1.58259,-0.08560,
1671607713099924992,-31.02512,-33.86153,-82.66007,0.41966,-0.10220,0.87515,0.21806,12.61237,-9.57336,-0.09230,
1671607713199887872,-30.80457,-34.05580,-82.66007,0.41713,-0.09843,0.87676,0.21821,4.41106,-3.88540,-0.10692,
1671607713299983104,-30.40069,-34.44700,-82.66007,0.41962,-0.09276,0.87616,0.21828,8.07761,-7.82408,-0.10482,
1671607713399830016,-30.04850,-35.19778,-82.66007,0.42022,-0.08972,0.87615,0.21847,7.04366,-15.01560,-0.10349,
1671607713499920896,-30.67046,-36.08645,-82.66007,0.41549,-0.09570,0.87863,0.21499,-12.43912,-17.77333,-0.08462,
1671607713599886080,-30.90146,-36.57289,-82.66007,0.41237,-0.10265,0.88076,0.20898,-4.62001,-9.72890,-0.09377,
1671607713699993088,-30.16284,-35.05976,-82.66007,0.41893,-0.10725,0.87846,0.20324,14.77244,30.26260,-0.09923,
1671607713799828992,-29.76112,-33.26865,-82.66007,0.42798,-0.10624,0.87475,0.20092,8.03445,35.82220,-0.08545,
1671607713899932928,-31.22959,-31.96744,-82.66007,0.42992,-0.10105,0.87395,0.20292,-29.36949,26.02426,-0.08045,
1671607714000006912,-32.92482,-31.85251,-82.66007,0.42265,-0.09669,0.87739,0.20546,-33.90462,2.29869,-0.07641,
1671607714099875072,-32.95387,-33.36876,-82.66007,0.40839,-0.09338,0.88352,0.20949,-0.58105,-30.32508,-0.09750,
1671607714199963904,-31.79357,-34.08379,-82.66007,0.39619,-0.08655,0.88840,0.21512,23.20609,-14.30071,-0.11640,
1671607714299805952,-29.27234,-35.04975,-82.66007,0.39111,-0.08043,0.89055,0.21790,50.42449,-19.31904,-0.12011,
1671607714399889920,-27.31289,-36.71268,-82.66007,0.39494,-0.08106,0.88905,0.21688,39.18912,-33.25858,-0.06362,
1671607714499980032,-26.56873,-38.02431,-82.66007,0.40146,-0.08356,0.88654,0.21422,14.88317,-26.23278,-0.06326,
1671607714599805952,-27.62871,-37.71978,-82.66007,0.40349,-0.08588,0.88609,0.21135,-21.19956,6.09059,-0.10759,
1671607714699894016,-28.88968,-36.96007,-82.66007,0.40180,-0.08480,0.88747,0.20919,-25.21937,15.19432,-0.11419,
1671607714799982080,-29.30750,-36.42703,-82.66007,0.40000,-0.08389,0.88874,0.20761,-8.35655,10.66073,-0.11175,
1671607714899824128,-28.96563,-36.50375,-82.66007,0.39935,-0.08316,0.88929,0.20678,6.83747,-1.53445,-0.10997,
1671607715000032000,-28.71492,-36.66249,-82.66007,0.40078,-0.08572,0.88879,0.20514,5.01420,-3.17465,-0.10123,
1671607715099881984,-28.83109,-36.55591,-82.66007,0.39687,-0.08699,0.89051,0.20475,-2.32336,2.13157,-0.11017,
1671607715199973888,-29.06166,-36.31204,-82.66007,0.38933,-0.08528,0.89402,0.20462,-4.61142,4.87733,-0.11915,
1671607715299803904,-28.48825,-36.13667,-82.66007,0.38591,-0.08340,0.89588,0.20375,11.46817,3.50749,-0.11790,
1671607715399897088,-27.26317,-36.57037,-82.66007,0.38412,-0.08018,0.89703,0.20337,24.50152,-8.67401,-0.11843,
1671607715499984896,-26.73665,-36.93505,-82.66007,0.38446,-0.08042,0.89754,0.20035,10.53045,-7.29368,-0.11704,
1671607715599821056,-26.43208,-37.57948,-82.66007,0.38607,-0.08388,0.89747,0.19613,6.09138,-12.88851,-0.11962,
1671607715699896064,-26.59231,-37.32428,-82.66007,0.38228,-0.08653,0.89939,0.19359,-3.20456,5.10389,-0.12059,
1671607715799994880,-26.85982,-36.45766,-82.66007,0.36915,-0.08877,0.90481,0.19277,-5.35023,17.33248,-0.13568,
1671607715899833088,-26.06045,-35.92653,-82.66007,0.35597,-0.09193,0.90960,0.19356,15.98748,10.62259,-0.16066,
1671607716000032000,-23.64292,-35.26494,-82.66007,0.36351,-0.08897,0.90662,0.19490,48.35055,13.23183,-0.16019,
1671607716099895040,-22.49008,-35.21623,-82.66007,0.38204,-0.07872,0.89898,0.19920,23.05676,0.97418,-0.07480,
1671607716199983104,-23.99500,-35.99610,-82.66007,0.39278,-0.05965,0.89399,0.20724,-30.09843,-15.59745,-0.10450,
1671607716299827968,-26.46495,-37.69885,-82.66007,0.38980,-0.04401,0.89492,0.21269,-49.39898,-34.05497,-0.10241,
1671607716399897088,-27.69113,-40.43682,-82.66007,0.37867,-0.03897,0.90009,0.21197,-24.52347,-54.75947,-0.06247,
1671607716499983104,-27.06120,-43.36994,-82.66007,0.36015,-0.04556,0.90855,0.20678,12.59852,-58.66240,-0.07144,
1671607716599814912,-24.96689,-43.89305,-82.66007,0.35189,-0.05964,0.91294,0.19788,41.88627,-10.46211,-0.07811,
1671607716699908096,-22.37329,-42.38533,-82.66005,0.46921,-0.12102,0.85404,0.18924,51.87203,30.15448,-0.10065,
1671607716799880960,-21.35235,-39.56439,-82.66153,0.56896,-0.16197,0.78525,0.18287,20.41882,56.41872,-0.04086,
1671607716899962880,-23.03283,-37.07924,-82.66222,0.60621,-0.19588,0.74778,0.18697,-33.60966,49.70302,-0.03079,
1671607717000044032,-25.94747,-36.36868,-82.66219,0.64557,-0.20468,0.71153,0.18727,-58.29274,14.21116,-0.02181,
1671607717099899904,-28.64796,-36.81066,-82.66211,0.65891,-0.18782,0.69935,0.20367,-54.00999,-8.83958,-0.01539,
1671607717199993088,-29.05721,-36.82597,-82.66273,0.66257,-0.14992,0.70601,0.20020,-8.18486,-0.30627,-0.02198,
1671607717299832064,-27.68741,-37.01336,-82.66390,0.65827,-0.15552,0.70924,0.19870,27.39593,-3.74769,-0.05335,
1671607717399920896,-26.10680,-37.14936,-82.66474,0.66083,-0.15376,0.70680,0.20024,31.61223,-2.72010,-0.06999,
1671607717499896064,-26.64536,-38.32856,-82.66587,0.65941,-0.15513,0.70837,0.19830,-10.77112,-23.58386,-0.06130,
1671607717599984128,-26.84906,-39.71948,-82.66430,0.65606,-0.16227,0.70913,0.20095,-4.07404,-27.81844,-0.03328,
1671607717699825920,-25.12617,-41.04426,-82.66176,0.64466,-0.15444,0.72195,0.19838,34.45771,-26.49568,-0.00913,
1671607717799927040,-22.60251,-41.55208,-82.66115,0.63235,-0.15896,0.73346,0.19210,50.47328,-10.15626,-0.00007,
1671607717899889920,-21.63945,-41.00257,-82.66053,0.64466,-0.18421,0.72485,0.15831,19.26113,10.99018,-0.00585,
1671607718000093952,-22.46709,-39.77731,-82.66319,0.67827,-0.20058,0.69020,0.15279,-16.55286,24.50514,-0.05593,
1671607718099945984,-24.73444,-37.81284,-82.66477,0.67322,-0.18571,0.69128,0.18550,-45.34691,39.28941,-0.06389,
1671607718199805952,-25.01877,-38.03617,-82.66565,0.65999,-0.17321,0.70354,0.19858,-5.68669,-4.46664,-0.04133,
1671607718299901952,-24.10960,-39.45410,-82.66819,0.65680,-0.16243,0.70731,0.20479,18.18356,-28.35859,-0.09537,
1671607718399983104,-22.47395,-40.79672,-82.66900,0.66281,-0.15846,0.70245,0.20526,32.71304,-26.85239,-0.08448,
1671607718499828992,-21.90138,-42.65624,-82.66852,0.67272,-0.15219,0.69553,0.20132,11.45123,-37.19046,-0.06242,
1671607718599904000,-22.96470,-43.63132,-82.66853,0.67792,-0.15420,0.68859,0.20614,-21.26636,-19.50153,-0.07281,
1671607718699996928,-24.90090,-44.23686,-82.66904,0.67929,-0.15075,0.68754,0.20770,-38.72390,-12.11078,-0.09800,
1671607718799844096,-26.38561,-44.96271,-82.66833,0.67558,-0.15463,0.69112,0.20502,-29.69420,-14.51700,-0.05706,
1671607718899927040,-26.98779,-45.80021,-82.66631,0.67221,-0.15506,0.69655,0.19725,-12.04371,-16.74998,-0.05145,
1671607719000011008,-26.43839,-45.49458,-82.66502,0.67068,-0.15274,0.69951,0.19379,10.98797,6.11258,-0.05317,
1671607719099993088,-25.57972,-44.78063,-82.66521,0.66984,-0.14765,0.70105,0.19506,17.17346,14.27887,-0.05571,
1671607719199836928,-25.23925,-45.19136,-82.66538,0.67120,-0.14252,0.70092,0.19469,6.80933,-8.21454,-0.05511,
1671607719299930880,-24.96611,-46.14160,-82.66457,0.67186,-0.14373,0.69984,0.19535,5.46285,-19.00468,-0.04158,
1671607719399885056,-25.09682,-47.02186,-82.66378,0.67038,-0.14558,0.70085,0.19547,-2.61416,-17.60522,-0.03784,
1671607719499983872,-25.19326,-47.19948,-82.66382,0.67238,-0.14655,0.69858,0.19599,-1.92884,-3.55247,-0.04014,
1671607719599834880,-24.99119,-47.28072,-82.66335,0.67546,-0.14288,0.69682,0.19438,4.04144,-1.62477,-0.03183,
1671607719699926016,-25.59676,-47.73120,-82.66318,0.67489,-0.14158,0.69835,0.19180,-12.11147,-9.00967,-0.03675,
1671607719799896064,-26.22033,-48.18259,-82.66419,0.67432,-0.14694,0.69845,0.18940,-12.47140,-9.02774,-0.05072,
1671607719899983872,-26.22801,-48.06084,-82.66549,0.67197,-0.14949,0.70136,0.18494,-0.15354,2.43502,-0.06221,
1671607720000051968,-25.89817,-47.36145,-82.66667,0.67160,-0.14713,0.70368,0.17930,6.59690,13.98784,-0.06872,
1671607720099899904,-25.14025,-46.65459,-82.66683,0.67245,-0.14443,0.70467,0.17432,15.15841,14.13711,-0.07360,
1671607720199987968,-24.89651,-46.54758,-82.66707,0.67424,-0.14218,0.70388,0.17244,4.87478,2.14013,-0.07411,
1671607720299830016,-24.72939,-46.42093,-82.66705,0.67467,-0.14242,0.70268,0.17544,3.34242,2.53304,-0.07640,
1671607720399928064,-24.83590,-46.60886,-82.66733,0.67271,-0.14214,0.70452,0.17579,-2.13021,-3.75863,-0.07400,
1671607720499780096,-24.79379,-47.08348,-82.66697,0.66856,-0.14367,0.70753,0.17830,0.84222,-9.49235,-0.07124,
1671607720599880960,-24.15344,-47.24273,-82.66693,0.66556,-0.14561,0.71022,0.17723,12.80697,-3.18496,-0.07140,
1671607720699973888,-23.13701,-47.38093,-82.66720,0.66775,-0.14661,0.70985,0.16949,20.32855,-2.76412,-0.07832,
1671607720799805952,-22.35091,-47.00383,-82.66856,0.67032,-0.14637,0.70849,0.16519,15.72205,7.54200,-0.09724,
1671607720899879936,-22.43171,-45.97194,-82.67014,0.66928,-0.14117,0.71075,0.16421,-1.61614,20.63793,-0.10937,
1671607721000086016,-22.50893,-45.51005,-82.67091,0.66477,-0.13537,0.71551,0.16677,-1.54433,9.23773,-0.11850,
1671607721099930880,-21.53816,-46.20742,-82.67157,0.66133,-0.13430,0.71829,0.16929,19.41548,-13.94745,-0.11940,
1671607721199891968,-20.64411,-46.79243,-82.67170,0.65951,-0.13474,0.71997,0.16892,17.88092,-11.70020,-0.12204,
1671607721299971072,-19.60737,-47.00673,-82.67216,0.66146,-0.13381,0.71882,0.16692,20.73478,-4.28585,-0.12812,
1671607721399816960,-18.85528,-46.74435,-82.67249,0.66356,-0.13051,0.71796,0.16489,15.04178,5.24755,-0.12677,
1671607721499909888,-18.95041,-46.53061,-82.67274,0.66250,-0.12834,0.71955,0.16389,-1.90247,4.27483,-0.13105,
1671607721599875072,-18.90877,-46.41294,-82.67284,0.66210,-0.12871,0.71928,0.16641,0.83273,2.35339,-0.13282,
1671607721699980032,-18.43739,-46.26640,-82.67318,0.66378,-0.12595,0.71793,0.16766,9.42754,2.93078,-0.13621,
1671607721799805952,-18.26783,-46.47190,-82.67292,0.66526,-0.12147,0.71760,0.16648,3.39116,-4.10997,-0.13209,
1671607721899887104,-18.58121,-46.89008,-82.67193,0.66444,-0.12160,0.71812,0.16744,-6.26758,-8.36367,-0.11100,
1671607722000089088,-18.89440,-47.10787,-82.66919,0.66307,-0.12206,0.71924,0.16771,-6.26375,-4.35580,-0.07815,
1671607722099947008,-19.28534,-46.50054,-82.66629,0.66384,-0.11930,0.71948,0.16563,-7.81873,12.14664,-0.04762,
1671607722199791104,-19.12520,-46.42366,-82.66296,0.66659,-0.11515,0.71855,0.16152,3.20284,1.53752,-0.01230,
1671607722299886080,-19.42481,-46.16228,-82.65969,0.66444,-0.11288,0.72061,0.16279,-5.99238,5.22763,0.02501,
1671607722399988992,-19.37077,-45.99367,-82.65531,0.66468,-0.11101,0.72064,0.16297,1.08087,3.37228,0.07297,
1671607722499823104,-19.17920,-45.50841,-82.66005,0.64164,-0.09896,0.74065,0.17306,3.83136,9.70518,0.01435,
1671607722599918080,-18.53078,-44.86119,-82.66007,0.62927,-0.11358,0.75120,0.16377,12.96842,12.94432,0.01122,
1671607722699877120,-17.42806,-43.28309,-82.66007,0.62327,-0.12309,0.75633,0.15604,22.05453,31.56207,0.01678,
1671607722799962880,-16.44018,-41.50398,-82.65966,0.61908,-0.14753,0.75748,0.14559,19.75757,35.58223,0.01185,
1671607722899803904,-15.94477,-40.13353,-82.65951,0.62732,-0.16392,0.74978,0.13198,9.90818,27.40894,0.01614,
1671607723000008960,-16.59671,-39.24535,-82.66013,0.64408,-0.17778,0.73468,0.11749,-13.03877,17.76363,0.04290,
1671607723099988992,-16.13278,-38.76671,-82.65749,0.68800,-0.17612,0.69242,0.12724,9.27850,9.57278,0.07592,
1671607723199831040,-15.10051,-38.58625,-82.65476,0.68557,-0.17317,0.69653,0.12188,20.64540,3.60922,0.09453,
1671607723299916032,-13.11032,-36.85030,-82.65390,0.68194,-0.17097,0.70136,0.11756,39.80378,34.71898,0.09875,
1671607723399878912,-11.42462,-34.36868,-82.65480,0.62006,-0.17345,0.75394,0.13042,33.71396,49.63234,0.03641,
1671607723499953920,-8.75117,-33.00757,-82.65519,0.61301,-0.18235,0.75530,0.14315,53.46908,27.22237,0.02532,
1671607723599804928,-6.10750,-31.58946,-82.65715,0.60206,-0.10785,0.77755,0.14598,52.87334,28.36212,0.00433,
1671607723699892992,-3.24350,-30.69645,-82.65842,0.60531,-0.11346,0.77578,0.13746,57.28013,17.86021,-0.00016,
1671607723799988992,-6.07129,-29.69467,-82.65984,0.60434,-0.11004,0.77581,0.14416,-56.55593,20.03564,0.03317,
1671607723899806976,-6.17620,-26.76023,-82.64386,0.60541,-0.09873,0.76990,0.17601,-2.09822,58.68879,0.18795,
1671607724000019968,-4.41713,-24.33007,-82.81671,0.49180,0.18008,0.82639,0.20683,35.18153,48.60308,-1.16755,
1671607724099985920,-3.46758,-21.48431,-82.80985,0.46232,0.03674,0.87308,0.15047,18.99090,56.91525,-0.00137,
1671607724199831040,-2.83854,-23.34948,-82.80788,0.44752,0.12806,0.79880,0.38111,12.58087,-37.30335,0.03100,
1671607724299919872,-3.04869,-20.35685,-82.80990,0.42120,0.40212,0.78798,-0.19994,-4.20301,59.85261,-0.03009,
1671607724399891968,-3.89767,-21.27874,-82.81610,0.41904,0.40297,0.78873,-0.19981,-16.97964,-18.43781,-0.10622,
1671607724499966976,-3.83191,-22.07485,-82.81630,0.70199,-0.20143,0.52130,0.44145,1.31534,-15.92225,0.00141,
1671607724599805952,-3.51422,-22.42173,-82.82057,0.70256,-0.20087,0.52273,0.43911,6.35379,-6.93752,-0.09081,
1671607724699892992,-3.18367,-22.48193,-82.81561,0.65106,-0.36783,0.65479,-0.10987,6.61083,-1.20407,0.13302,
1671607724799976960,-3.46201,-21.24046,-82.81112,0.63349,-0.37435,0.66421,-0.13180,-5.56680,24.82931,-0.01455,
1671607724899804928,-3.47101,-21.17865,-82.81241,0.74530,0.18898,-0.40281,0.49655,-0.17995,1.23639,0.57667,
1671607725000014080,-3.72245,-21.57287,-82.82815,0.78363,0.20615,-0.38371,0.44294,-5.02872,-7.88442,-0.53997,
1671607725099983104,-3.43782,-21.70765,-82.82934,0.62577,0.06756,-0.72347,0.28361,5.69254,-2.69562,0.28925,
1671607725199832064,-3.31608,-21.34670,-82.82921,0.67844,-0.04219,0.73162,-0.05164,2.43488,7.21888,-0.00197,
1671607725299928064,-3.30099,-21.07897,-82.82722,0.89410,-0.11809,-0.32925,0.27970,0.30179,5.35465,-0.00876,
1671607725399779072,-3.54312,-21.06951,-82.83176,0.55575,-0.44882,0.66093,-0.22997,-4.84264,0.18914,0.15974,
1671607725499875072,-3.45067,-21.88848,-82.83230,0.20578,0.82215,-0.51746,0.11813,1.84908,-16.37927,0.39168,
1671607725599963904,-3.32609,-22.43818,-82.83440,-0.16679,0.69108,-0.13100,-0.69096,2.49146,-10.99405,-0.96296,
1671607725699802112,-3.24076,-21.42397,-82.83914,-0.30029,0.84247,0.32288,-0.30955,1.70657,20.28425,-0.00556,
1671607725799897088,-3.49641,-20.21708,-82.83706,0.75803,0.36405,-0.39595,0.36888,-5.11292,24.13782,0.15938,
1671607725899972096,-3.51509,-21.53390,-82.83756,0.60121,-0.77017,0.20972,-0.03752,-0.37359,-26.33644,-0.00333,
1671607726000048128,-3.55225,-22.47096,-82.83551,0.27866,0.64143,0.70939,-0.08762,-0.74318,-18.74128,0.58318,
1671607726099891968,-3.64141,-22.13355,-82.83550,-0.06088,0.01962,0.88913,-0.45316,-1.78329,6.74821,-0.00100,
1671607726199992064,-3.47271,-20.84223,-82.83294,0.26144,-0.51441,-0.38375,0.72094,3.37408,25.82654,-0.00618,
1671607726299837952,-3.47846,-21.16150,-82.83146,0.57182,-0.55653,-0.14448,0.58516,-0.11497,-6.38559,0.00652,
1671607726399928064,-3.50637,-21.93982,-82.83136,0.46669,0.32357,0.66297,-0.48782,-0.55826,-15.56640,0.00003,
1671607726499774976,-3.49865,-22.17419,-82.83195,0.38976,0.51826,0.64877,-0.39824,0.15436,-4.68729,-0.00350,
1671607726599990016,-3.49741,-21.56972,-82.83160,0.59871,0.35143,0.53885,-0.47716,0.02493,12.08941,0.00099,
1671607726699832064,-3.41044,-21.15166,-82.83164,0.62123,-0.31855,0.62650,0.34655,1.73938,8.36109,-0.00076,
1671607726799921920,-3.44875,-21.40628,-82.83150,0.51711,0.17782,0.77048,-0.32761,-0.76633,-5.09238,-0.03633,
1671607726899885056,-3.51895,-21.82721,-82.83137,0.50371,-0.11941,0.76331,0.38648,-1.40387,-8.41856,0.00675,
1671607727000087040,-3.53150,-21.79533,-82.83115,0.48821,-0.25334,0.83448,0.03342,-0.25110,0.63758,-0.04549,
1671607727099926016,-3.48926,-21.70220,-82.82998,0.55903,-0.05332,0.81892,-0.11838,0.84485,1.86255,-0.00193,
1671607727199778048,-3.45172,-21.46423,-82.82828,0.58443,-0.32283,0.71995,-0.18948,0.75087,4.75953,-0.02806,
1671607727299877888,-3.48079,-21.55785,-82.82850,0.62415,-0.15349,0.76101,-0.08801,-0.58154,-1.87251,-0.00336,
1671607727399983104,-3.50809,-21.67970,-82.82801,0.55714,-0.12576,0.79287,-0.21245,-0.54595,-2.43692,-0.00068,
1671607727499835904,-3.52605,-21.72532,-82.82776,0.65328,-0.17710,0.73611,0.00115,-0.35920,-0.91246,0.00028,
1671607727599929088,-3.43643,-21.68857,-82.82747,0.66633,-0.32895,0.66040,0.10808,1.79231,0.73510,-0.00004,
1671607727699885056,-3.40711,-21.62309,-82.82357,0.69376,-0.39226,0.56528,0.21279,0.58658,1.30954,-0.00198,
1671607727799974912,-3.46363,-21.75041,-82.82353,0.69062,-0.04319,0.71897,-0.06525,-1.13051,-2.54631,0.00005,
