# time_s	timestamp_ns	latitude	longitude	altitude	vx	vy	vz
0.114784	1787824723302108160	47.64147439366312	-122.14018882755379	115.74641105952956	0.045509994676480724	0.1166492482101061	-0.05843835260288384
0.219656	1787824723407108352	47.641484765912004	-122.14017940981597	118.42258106114892	0.0062504366267231645	-0.03398101374564146	0.00830850822880397
0.305895	1787824723494108160	47.64146519076252	-122.14017606542286	120.19339616055831	0.047344153618742016	0.06652089479009636	0.0214998670120655
0.409143	1787824723596108288	47.64147018034366	-122.14015380354185	116.06389541484586	-0.03412521456294083	0.034756327225713035	-0.037536568719891465
0.506844	1787824723695108096	47.64147012347778	-122.14015793341257	117.8127561785378	0.017688263583167864	-0.007299540838204759	0.04676945769408118
0.597395	1787824723785107968	47.64146499804853	-122.14017304313326	115.64528339268159	-0.010601262145544618	0.01570112318247025	0.07247721993222993
0.700258	1787824723887108096	47.64147421781617	-122.14017218614676	115.23154103994077	0.08270710424025009	0.07335273324604168	0.0885844342464951
0.818558	1787824724007108096	47.641471810851726	-122.14013967574849	112.0848600223946	-0.03277705620011411	-0.025530265843209766	0.028307734998166603
0.902810	1787824724091108352	47.64149168913576	-122.14014233430557	116.9853047407311	0.07530671563922546	-0.06719054200690759	-0.0698035023503283
0.998262	1787824724187108352	47.641466582687116	-122.14018486388156	116.20851687338508	-0.039295790927897756	-0.039779162470709756	0.016683505768639775
1.099970	1787824724289108224	47.64147029804657	-122.14012398900785	114.55439870530533	0.09329287073006987	-0.012559801576238816	-0.008216339176860018
1.199224	1787824724388108288	47.64148247275034	-122.14016349459538	117.05589638276055	0.045445213100148846	0.012552017714062808	0.017735545766920352
1.297279	1787824724484108288	47.64144575910292	-122.14017043854287	118.28528038046527	-0.027673627174993883	0.032682661431589446	-0.06526401680994869
1.406681	1787824724595108352	47.64145990988207	-122.14015887260423	117.24344810340939	0.032557423363178684	0.09064338730226171	0.04072831243887444
1.491907	1787824724679108096	47.64146779793122	-122.1401564179995	112.92628269268285	0.011413370739996603	0.02476147184141608	-0.0055178383460594
1.605052	1787824724793108224	47.64148294628463	-122.14014954614858	119.92798743574919	-0.06611858171319461	0.0390698765021389	0.0053011204961042075
1.702343	1787824724889108224	47.64142961323744	-122.1401357712965	118.98161614184711	0.07771900067384456	0.05424922391516094	-0.020763036464947624
1.804139	1787824724991108096	47.64144273604816	-122.14017759289574	123.12462167336261	-0.019492894795142084	-0.021608850355364265	-0.0017213158878362997
1.899351	1787824725087108096	47.641469186159235	-122.14018642246702	117.0934413352756	-0.10301075838105622	-0.03763591436625231	0.01383585673307261
2.000080	1787824725189108224	47.64146870016346	-122.1401516094574	118.41934992562878	0.00964646165472793	0.00663287723011856	0.08850795096746987
2.097438	1787824725285107968	47.64144585523276	-122.14018592740558	119.41415664671712	-0.004894562517173573	0.028944366319064947	-0.08817283179867547
2.200450	1787824725387108096	47.641471782419174	-122.14013791518023	116.03845256222596	-0.02281954729033388	-0.045922809605710116	-0.014479825667259652
2.303063	1787824725492108032	47.64143774255973	-122.14015655002356	116.51654489268127	0.01593977728952668	0.036933336181041436	-0.12581503176608
2.409737	1787824725597108224	47.64145230495052	-122.14013221688782	115.87680444043431	-0.05349392181822036	0.03216972648895014	0.04192063128590265
2.504370	1787824725693108224	47.64145785900902	-122.1401624101311	114.65114381030509	0.034416654649770485	0.10270914401084252	-0.0213551747991567
2.595834	1787824725783108352	47.64147248547012	-122.14019434970513	114.82552227572303	0.01692159699370373	-0.09320940952817168	0.10879863464660229
2.689665	1787824725879108096	47.641459915687676	-122.1401654924476	122.22568503366564	0.03928371468855185	0.05542373657079219	-0.004624233029178536
2.796863	1787824725984108288	47.641466645490176	-122.14014739640525	119.50319743107818	0.013455313960454724	-0.057087901073864605	0.025894010865416824
2.909728	1787824726098108416	47.64145359354111	-122.14017699492116	117.99406188975415	0.15912447074228167	0.019649771130299764	0.018817252715168778
2.994814	1787824726182108160	47.641463411638334	-122.14017334053935	114.9701517556417	-0.04868107706198119	0.032041031217470345	0.09327254927796341
3.092744	1787824726281108224	47.641472288319186	-122.14013915784703	120.01734436348421	0.044961752554228275	0.016324896856024392	0.02096212653411238
3.204982	1787824726392108288	47.64147081168263	-122.14015725296926	115.12396255590477	0.06612245873591503	-0.10331400262118824	-0.08565726062588219
3.303135	1787824726491108096	47.641454807530835	-122.14017906661435	115.98248638415922	-0.06844050563257074	-0.04470251776508236	0.04289877254246898
3.398822	1787824726587108096	47.641483881456516	-122.14019271270264	115.32242099133965	-0.1105293784428997	-0.04288670386167279	0.04018510973954968
3.496286	1787824726683108096	47.6414994609005	-122.14018618246172	118.77782688656146	0.03992459036940702	-0.017569715085395444	0.013327773386514903
3.585910	1787824726773108224	47.64148710888678	-122.14017027024855	120.34564266313014	0.00815423186544352	0.0540696888703141	0.11038446936715743
3.707007	1787824726896108032	47.64145230470319	-122.14016546214833	114.69557244624997	0.026746617923717683	0.05039630639635359	-0.005108188457348797
3.800643	1787824726989108224	47.64145171136442	-122.14019040158857	115.36454049214257	0.06751786562970079	0.001349948119120624	0.09610270287871846
3.908747	1787824727097108224	47.64148730165044	-122.14016058280558	116.80700879150959	-0.04555322405868101	-0.0005321637717668135	0.010008421521325661
3.994864	1787824727184108288	47.64145963096712	-122.14017011646575	116.4489262879985	0.050252943486888135	-0.08364646683882399	0.005321457768030981
4.107476	1787824727295108352	47.64148112785111	-122.14012489737385	114.40178013068677	0.07636355916751694	-0.00393691531979652	-0.04447333885254663
4.215419	1787824727403108096	47.641432871010245	-122.14016008859564	117.93683306956105	0.08617456448307448	-0.06275810478414034	0.04520096179728542
4.306274	1787824727493108224	47.641452694882105	-122.14014192438314	118.21649696856574	-0.13727153117872468	-0.02579246766878462	0.010809553367873155
4.400316	1787824727589108224	47.64148166996592	-122.14018120852323	113.53400257935375	0.04569115226237022	0.0035666219061975357	0.08817865695175953
4.498711	1787824727688108288	47.641463998813215	-122.14019308972316	116.1924566456909	-0.017109198129274226	-0.06004360354308496	0.043222008356123415
4.589211	1787824727778108160	47.641474543586945	-122.14012982292675	114.67087871503539	-0.018529162792072947	0.020362753537349357	-0.0948000615801218
4.703492	1787824727892108288	47.64146650235115	-122.14016866195868	117.97944127193023	-0.0339953497291138	-0.010638817402275926	-0.0035021976793637114
4.804372	1787824727991108096	47.641483393059765	-122.14016024353269	118.2513343035697	-0.006832723576693895	-0.05426023160958149	0.06894457852110478
4.894550	1787824728084108032	47.641441732072714	-122.14017753969834	116.77426108507638	0.04312461131919786	0.10227480896611336	0.0007917146229496747
5.010933	1787824728198108160	47.64145188801791	-122.14013618489965	112.71344392977291	0.029666127147809	-0.08006473334258296	-0.05579688511037889
5.103208	1787824728291108096	47.64146659891881	-122.14018903254778	117.4649680590469	0.029677211480086358	0.055900365955343194	0.0414733016322858
5.188268	1787824728375108352	47.64145405658448	-122.14013577711455	117.61487420183526	-0.05460247839123655	0.010898831201463142	0.09102132319498973
5.299108	1787824728486108416	47.64148253978075	-122.14016410369939	118.38374192476482	0.0888233298770378	-0.02529884045015912	0.003725909065343499
5.394501	1787824728582108160	47.6414619332422	-122.14016255966752	119.06956912287843	-0.03558349455916517	0.05427426853414799	-0.03284021626560143
5.497297	1787824728684108288	47.64145810074558	-122.1401550444572	115.39990104581751	-0.05492310387847027	-0.06371441205535698	-0.058623831147629105
5.609600	1787824728798108160	47.64148422848189	-122.14015848259248	113.84260955226468	-0.04695818771225511	-0.07944586562957119	-0.019522517506509882
5.697439	1787824728885108224	47.64144791562261	-122.14016898595462	119.74268086891578	-0.04732801318286303	-0.0506785971743139	-0.04533895433501104
5.812221	1787824728999108352	47.64146590814845	-122.14019933577491	118.48803728837184	0.15218393986137163	-0.014651161198236546	0.007108131181533863
5.897112	1787824729086108160	47.641460076935374	-122.14016479412288	118.22675939016274	0.025931731138222676	-0.03674770608636795	-0.02038007029923053
6.007669	1787824729197108224	47.641456047150946	-122.14017994783902	116.46850660086338	0.07678044396865868	-0.017842795846470163	0.026576485429055316
6.093710	1787824729281108224	47.64147114194679	-122.14016952250759	119.9741269962431	0.04326179341928979	-0.042344961127716955	0.030841126515510537
6.201711	1787824729389108224	47.64146671305023	-122.14015271554287	118.16284362254925	0.028705510894060027	-0.08504476413296182	0.025351434273480328
6.293201	1787824729482108160	47.64147150552412	-122.1401980288488	114.74951088637725	0.12049555858661576	-0.004485525866150588	-0.07475254634203522
6.405486	1787824729593108224	47.6414705810368	-122.14017725720792	119.1142084733471	-0.05595200935229007	0.06494189588517849	-0.057805823564617456
6.496205	1787824729683108096	47.64145075854656	-122.14013638121743	116.66397553109007	0.004018737894362435	0.007082510439157994	-0.062026595524622856
6.597868	1787824729785107968	47.64146708981176	-122.14015991702928	117.18194381889384	0.014123027821302868	-0.05066170560115261	0.08324690240073064
6.710488	1787824729899108096	47.641470284707125	-122.14015778881756	115.62518085542429	0.0005303356276399513	0.024069259185495795	-0.053668801559807994
6.803461	1787824729992108032	47.6414625157745	-122.14019427021437	114.26153996522984	0.013943140720522188	0.0514001818692867	-0.04134860516230025
6.908339	1787824730097108224	47.641461272429666	-122.14017764970012	120.19446314099534	0.01962305504530741	0.03340842709038267	0.0027624432614562974
6.994943	1787824730184108288	47.64145307291442	-122.14015788223857	119.44641236032311	-0.01085321120275509	-0.047340764981019856	-0.011925048031842347
7.093363	1787824730280108288	47.641446866457756	-122.14016758856764	113.68296939048984	0.03600651584564516	-0.04770627566830377	0.01986218903361001
7.204937	1787824730394108416	47.64143583322943	-122.14017072306315	118.25940784451625	0.02162113965532823	0.035602485810066524	0.044799836044593366
7.300960	1787824730490108160	47.64147884881692	-122.14018835103629	115.52760779461286	0.03727666535917754	0.031987165207478865	-0.09578719179593116
7.408332	1787824730595108352	47.64149293087312	-122.14015876257537	120.04896566907249	-0.02149054870895805	-0.03274171769892333	0.04228936028028021
7.501810	1787824730691108352	47.64145169978994	-122.1402030181683	120.95604965752521	-0.03016225314361385	0.024032677321573777	-0.02890653954916214
7.596944	1787824730784108288	47.64147995598886	-122.14014539863761	117.95701876212865	-0.06995585269239023	0.04189866942578819	0.02145981657154242
7.695639	1787824730883108096	47.64144858784006	-122.14013620789906	113.42070682785977	-0.028145903571860587	0.030113611600759333	-0.04393219079087773
7.789762	1787824730979108096	47.64147408003788	-122.140173961155	116.34145015966034	-0.00858678000966926	-0.1198795001465443	0.023730027559698243
7.909213	1787824731096108288	47.64147034447907	-122.14016795444269	117.57547941127609	0.010721489490457925	-0.0540924228739362	-0.03107065271820993
7.996101	1787824731183108096	47.64148067013607	-122.14014023477746	122.5843076683897	0.01871574209879287	0.023590926075935974	0.033700091792251835
8.104475	1787824731291108096	47.64147421771021	-122.14016185667458	118.24055721066638	-0.01535935078657563	0.1030097254924991	-0.014815090549138148
8.196084	1787824731384108288	47.641468955585026	-122.14016228037644	118.21064746229398	0.010728086341620022	0.022454221962550876	0.006338084181709933
8.297449	1787824731486108416	47.64145529308597	-122.1401695863754	112.7960646383142	0.05847745475751101	-0.049211954285197104	-0.036661166416866224
8.405292	1787824731594108160	47.641458313409224	-122.14017054914083	115.82215451423826	-0.06533145488045591	-0.016548090747105063	-0.02549299592269132
8.501753	1787824731690108416	47.64146456714154	-122.14014649699193	112.83654192959176	-0.014903092547129028	-0.04957177027106302	0.02800060305745848
8.601330	1787824731789108224	47.64146229634894	-122.14013785440031	113.60847630598228	-0.08404041921428404	-0.04222245257843165	-0.032926689850915625
8.695782	1787824731885108224	47.641455770231445	-122.14014596654215	115.88655631508321	-0.03408129110137712	-0.004887666451931313	-0.11615542510769153
8.810178	1787824731999108352	47.64147088103055	-122.14017170612637	112.8434395206301	-0.0014748309640105213	-0.038005767028136614	0.04029901140085401
8.911523	1787824732101108224	47.64145171260982	-122.14017514058779	114.65453313847323	0.05106363624087993	0.03976931252936086	0.016020397553637964
9.000055	1787824732188108288	47.64147585918979	-122.14016881243386	114.71065227928406	0.07219069644695089	-0.09063300198790337	0.032853614128362414
9.091031	1787824732278108160	47.641481317184684	-122.14020662446676	118.77782615795903	-0.04521098082538531	-0.13117319388767232	0.06372338225305522
9.199958	1787824732389108224	47.64147347511203	-122.14016338914912	117.84783407408584	0.018776053328596946	-0.04921424256527455	0.008992069483854104
9.292413	1787824732479108096	47.64147801105483	-122.1401512874827	117.4084483810678	0.023827036554068915	0.07721190931957944	0.0001687614608489903
9.394325	1787824732581107968	47.64148292150121	-122.14012883659342	114.80769094814464	-0.041204633193739904	0.036581290378148994	0.04483150510018927
9.496467	1787824732683108096	47.6414589889443	-122.14011805183195	119.53229292862963	0.004969598455804851	0.009061297263399238	0.016470814348595642
9.603504	1787824732791108096	47.64148188141074	-122.14017303498011	116.70982955556578	-0.046700694868846745	-0.075043890358297	-0.005101422595077595
9.701384	1787824732890108160	47.641471891687964	-122.1401378729077	118.34107703233153	0.03477782098848805	-0.03964834435566106	0.007612652154447665
9.796552	1787824732986108416	47.64146237960321	-122.14017646192296	112.52994491949795	-0.008433025271278358	0.04466638163227595	0.027303120338856474
9.902826	1787824733091108352	47.64148089359632	-122.14017611380422	113.73315011009291	-0.05415144052442194	0.03741748929282166	0.018139250693442268
10.002392	1787824733190108416	47.641464474263415	-122.14016895839997	117.22791373397281	-0.025948164233797755	-0.006746190739595766	0.04630467482241568
10.106912	1787824733295108352	47.64149939161162	-122.14018554416108	116.3465213245292	0.0267949067291237	0.04860855480044904	0.02688711967970657
10.198964	1787824733388108288	47.64147183552721	-122.14016518330138	112.81654822339657	-0.1294443203017857	-0.026028023182458455	0.03350008574612831
10.299482	1787824733487108352	47.64147530596072	-122.14015645747237	119.45058647531654	0.003308472504082269	0.018686334098390527	0.03613501642050722
10.399057	1787824733586108160	47.64148355006148	-122.14015872512876	117.36757569036014	-0.050061299302447994	-0.007544589564871456	-0.03336849844043094
10.498144	1787824733685108224	47.64147470538467	-122.14016409309066	115.25842419032784	-0.007899198966686635	-0.049264228889906336	0.0007314107928567214
10.594717	1787824733784108288	47.641477025697505	-122.14016029211093	119.040778509872	0.008312121463066124	-0.16283874872825174	-0.07077084033207537
10.703256	1787824733892108288	47.64144110392656	-122.14014180043586	111.90861640300102	-0.01510102252294627	-0.0502119739845848	-0.12678962916850958
10.805436	1787824733994108160	47.641474770600674	-122.14016584389434	117.91208723367521	-0.014000119853723092	0.014199568679674854	-0.10414086949931392
10.896203	1787824734084108032	47.641464379542256	-122.14014591482928	114.1803455172963	-0.013581800668008749	0.03667019595941941	-0.01873657735974286
10.994951	1787824734183108096	47.64147339543215	-122.14019247615241	118.78799439223219	-0.08810308531071849	-0.030699383767874205	0.043389078051790486
11.103864	1787824734291108096	47.64147411235433	-122.14015871558055	115.12215390443708	0.06836981254153845	-0.042475037199326306	-0.05754125295645627
11.211962	1787824734399108096	47.64146081492861	-122.14017109332495	118.83837676449214	0.05314837240870429	-0.011777239778415015	-0.06693997807508201
11.297177	1787824734486108416	47.64147047924792	-122.14016676414369	121.07316345257388	0.014752919418033465	-0.08911243349328621	0.018119783686240894
11.397402	1787824734585108224	47.64148018414002	-122.14014084381022	114.89881655434341	0.12532907592056877	0.044432335586000654	-0.06248035612281299
11.486697	1787824734675108096	47.64146232722249	-122.14015115137944	117.49361042122273	-0.007982127599735737	0.0578916913705331	0.05680100661773864
11.596735	1787824734786108160	47.64147973358075	-122.1401279979289	119.44565951592216	-0.021911866476881564	0.006068832027226229	-0.014721853247764885
11.715690	1787824734903108096	47.641464315989545	-122.14014868638982	117.72816706597789	-0.04847107025160485	0.02658824241982303	-0.005479750983163331
11.793624	1787824734981108224	47.641470403849155	-122.14015541113943	116.94255167332939	0.011743746375481342	0.06177054269960554	0.08323821150889961
11.898857	1787824735086108160	47.64148217694104	-122.14016610677204	116.60460668499287	-0.1035963875206609	0.06380779911130746	-0.007513053659741429
11.996379	1787824735185108224	47.64148727938429	-122.14020280307375	113.64753801203805	-0.05785804147727706	-0.0957097092726899	0.017439622975990964
12.099298	1787824735287108096	47.64148397282388	-122.14017543057244	119.11573146090434	-0.004778271871953671	-0.09000400522805968	0.01863498519066294
12.196016	1787824735383108096	47.64145466213158	-122.14015706990973	118.30919571227899	-0.014427997025323477	-0.005556172870607219	0.028389516134141497
12.301954	1787824735491108096	47.641510027009595	-122.14014480148873	121.6737649765777	-0.020560193056228422	0.07281532910810444	-0.034036918289237626
12.390050	1787824735578108416	47.64146348924644	-122.14016905782354	111.64212632613572	-0.025517971174762732	0.08710813974903206	0.0341949579246959
12.498585	1787824735686108160	47.6414639802577	-122.14015958025867	116.54562666927809	-0.04346236975569567	0.01953577906766489	0.059332765783848385
12.597350	1787824735785107968	47.641481326132606	-122.14013816874659	114.89838825638576	-0.038365488169065994	0.11898972138315443	-0.05373970451573216
12.699308	1787824735887108096	47.64144516757685	-122.14019563287218	111.21938670382818	0.01394481066276617	-0.030558133884641542	0.0880252914595095
12.801802	1787824735989108224	47.64145407377347	-122.14014771157721	115.14047302175904	0.043400271726480394	0.017315208903811403	0.05071091642525219
12.902234	1787824736091108352	47.64146107146861	-122.14017314221022	116.72042691473196	-0.03765728229451043	0.033364900223082215	-0.008148233252118891
13.004478	1787824736193108224	47.64148132023816	-122.14014450962404	116.770242845672	-0.005408614422373331	-0.08086700442205802	-0.014604061982381495
13.099974	1787824736289108224	47.64144650573985	-122.14014066085721	118.23011120105384	-0.011605177951808394	0.04254899973798555	-0.003624051784974211
13.214048	1787824736403108096	47.64147094535655	-122.14015333716793	118.380703561595	0.02351887246598117	-0.06599648893265563	0.04913895916699389
13.309135	1787824736496108288	47.6414600904447	-122.14015488299583	114.65755141760897	-0.04566606037247361	0.047182154403160204	0.05094597025729073
13.403505	1787824736592108288	47.64148920911492	-122.14015286032686	117.98127692053643	-0.007554519378401609	0.052504936569620346	0.014440345720692234
13.511774	1787824736700108288	47.641454019222245	-122.14019466259215	116.60280322158634	0.09472180792314852	0.03676773004578473	0.027961447511250365
13.591729	1787824736781108224	47.6414891825045	-122.14021028473837	119.7002068356217	0.07087393716534689	-0.037216356444234204	-0.04597886609561516
13.693326	1787824736880108032	47.641485532467	-122.1401837543161	119.38564032614138	-0.0033099336613139282	-0.12040302421130228	0.04721031324182113
13.805271	1787824736994108160	47.64147442302819	-122.14014838867563	118.36439548527547	0.08135337280110345	0.005535994280854978	-0.04576737161212892
13.895026	1787824737084108032	47.64145593056472	-122.14019960376238	117.030881953655	0.05970070799245948	-0.04805962997921286	0.056514080375984925
13.997845	1787824737186108160	47.6414859574264	-122.14018211302324	120.62401500826077	-0.08947458797020036	0.012156452924318719	0.07111744150038185
14.106141	1787824737294108160	47.641484377438694	-122.14016854795379	115.29680573579499	-0.10806395272760064	-0.05979436487969363	0.12048851458779992
14.202052	1787824737390108160	47.64147469188021	-122.14013372487737	117.73835850474529	0.023427148820252156	0.019518831052044255	-0.02686773695702754
14.310167	1787824737498108160	47.6414536362467	-122.14015760027699	117.80717434671334	0.05792316987826264	-0.00495762141598549	-0.01563264327061374
14.399164	1787824737588108288	47.64148327725013	-122.14020460313795	112.83325000446698	0.04671953954901107	0.11033233394115283	-0.06828161043245967
14.505626	1787824737693108224	47.641468810433324	-122.14014749954192	118.0632300660296	-0.01120007377754337	0.10634192201180788	0.05800638327786174
14.597364	1787824737786108160	47.64148465027085	-122.14017251586961	112.66708135548558	0.05121746467933361	-0.0007885207391188664	-0.01245408903720071
14.702332	1787824737891108352	47.641448039063135	-122.14012679647297	116.3540563365598	-0.028694562937148917	-0.04207012026543291	-0.031523421280628953
14.808352	1787824737996108288	47.6414629104758	-122.14013442910465	118.44635028803411	0.03683582561138129	0.08135876428937605	-0.018128592849248153
14.893039	1787824738080108288	47.64147646537034	-122.1401445827125	118.76423343975448	0.04647883839455064	-0.01898904948172968	-0.05939401546622556
14.993377	1787824738182108160	47.64147980171823	-122.14014066860723	115.82685464449435	-0.07884754967507501	-0.10152345164289432	0.04338605966163439
15.089197	1787824738278108160	47.6414603017659	-122.14018029738925	118.57715836994296	-0.014261911252637172	0.007849051834275648	-0.06773061179290124
15.200147	1787824738389108224	47.641445588988255	-122.14016644313782	118.16892755062605	-0.09721745826389187	-0.01986122929829172	0.07489328375697699
15.296812	1787824738485108224	47.64145467750303	-122.14018261699086	118.05156253046273	-0.007452067902324163	0.04505429123763251	0.07874328230729254
15.391353	1787824738578108416	47.64146821372174	-122.14014843154723	117.22983430062712	-0.032883271139452885	0.06541686422529323	0.08863732102627692
15.505234	1787824738692108032	47.64146367306895	-122.1401647020404	117.48794529091884	-0.058596948691299916	-0.07679655324873275	0.005809906411251779
15.596272	1787824738785107968	47.64146405635744	-122.14015702498524	122.27050565864128	0.03457375577928157	0.045712449163963026	-0.002574149263621576
15.710982	1787824738899108096	47.64146429719786	-122.1401701110213	116.32601857758337	0.10436869506019138	-0.060119220372073706	0.04025068471497106
15.797892	1787824738986108416	47.64146408934867	-122.14019607506987	112.52717166788223	0.021269926750105247	0.019190459303129834	0.018230817026495143
15.913285	1787824739100108032	47.64145567044201	-122.14017625760088	116.49014886643455	0.03462461685860665	-0.1096485019158884	-0.04891710898760018
15.988752	1787824739178108160	47.64146645414156	-122.14018238958795	121.02655571866542	-0.008094900080349906	-0.07723010549984505	0.005259981177081662
16.093671	1787824739283108352	47.641441109066285	-122.14014465356001	120.8750646159541	-0.0017987274235415956	-0.09926833222416849	0.07968889781140524
16.193221	1787824739382108160	47.64146060572495	-122.1401785846128	117.14556440402885	0.07690493615568397	0.04157583378353335	-0.009892479559742347
16.292387	1787824739481108224	47.641480118744454	-122.14016293873625	121.28618156317492	0.03376587298408744	-0.06357454265341782	-0.00869341614016281
16.406877	1787824739595108352	47.641483109125254	-122.14017138641378	117.59486976098282	-0.019785330610360377	0.012469289847446285	-0.06143489457798904
16.493879	1787824739682108160	47.64146558117418	-122.14015054393344	116.24867722281887	-0.08378653926856039	0.06864252064714255	0.08830541812159119
16.601931	1787824739790108160	47.64149426466241	-122.14018677422803	120.2886737305134	0.0436753734003415	-0.09231345340059009	0.06801579607362344
16.702762	1787824739892108288	47.641473061844195	-122.140152905533	115.71322312657185	0.019169953722487126	-0.04618431020261665	0.00040776160793052794
16.802947	1787824739991108096	47.64147932100266	-122.14014494352507	119.46286650200852	0.03615704593990478	0.03233694973142565	0.006222949975624236
16.902665	1787824740090108160	47.64145488369472	-122.1401255500668	117.5570119789624	-0.007681824524379405	-0.03233106098128693	-0.04540695499491641
17.002961	1787824740192108032	47.64147500080416	-122.14014677763822	118.15160388188568	0.04805529721390611	0.055849164665566046	-0.004941124864562352
17.092398	1787824740279108352	47.6414580299072	-122.1401878526229	117.81180283365853	-0.04933689268575797	0.03904643407457899	-0.028401415512174528
17.202382	1787824740390108160	47.64144999360986	-122.14016788737136	118.13731859644273	0.08519731885877728	0.011027900500168348	-0.0010002774020572392
17.303978	1787824740492108032	47.64145105576882	-122.14016616969481	120.14862805836093	0.07565718404939331	0.024177800395294196	0.01163194024243843
17.410730	1787824740600108032	47.64146549735451	-122.14018399347785	115.79082659611632	0.004115000257497923	0.08241348601781708	0.021617615482180358
17.499559	1787824740687108352	47.64147341466326	-122.14016499818604	115.46530778482803	-0.013653295782452116	0.024215406833271502	0.021676993260777155
17.593626	1787824740783108352	47.641453826976544	-122.14018696121231	117.89374342897668	-0.05450004066674594	0.018756326592382876	0.007602454357516585
17.710117	1787824740897108224	47.641472045300766	-122.14018982977791	115.93233872140316	-0.11517588104041197	-0.04687184211045065	0.012135537033862148
17.805769	1787824740993108224	47.64149495587317	-122.14015765697577	117.22274634299205	0.02522788539522583	0.11702236297047793	-0.07221725455411813
17.891557	1787824741080108288	47.64148306322359	-122.14014460954577	115.91391673059674	-0.02163055635831138	-0.0006481243518348917	-0.008659652245555238
17.986970	1787824741176108032	47.64147422854089	-122.14016621813087	114.14072232178822	-0.04605190902222066	0.060391996807043824	0.14270264391038126
18.096592	1787824741284108288	47.6414808509887	-122.14013894228762	112.45049179782578	0.08544630445226342	-0.021428825896546835	0.0076600498422665295
18.200070	1787824741389108224	47.64144197235731	-122.14017698459988	122.89753574379839	0.008515605604589676	-0.00877327875627862	-0.03316412187454755
18.299252	1787824741488108032	47.64146099623998	-122.14018308913722	115.79597689320872	0.016423614858025005	0.023174952968437995	-0.014976382038865614
18.392028	1787824741581107968	47.64146562691688	-122.1401374076254	118.9509907785304	-0.005992322340250664	0.019372540215553416	0.021308755301084642
18.506749	1787824741695108096	47.64146614317658	-122.14016405864871	118.95934920470735	0.02476990538919283	0.024693673288464862	0.03987297681812291
18.592545	1787824741782108416	47.641471011630614	-122.14015436344665	116.76646171085494	-0.04173313258616668	-0.07690489516195669	0.05325951582721741
18.708146	1787824741896108032	47.641461568956345	-122.140163481638	116.04201157257403	-0.01604546867156986	0.02750214280131934	0.09615817954574173
18.792179	1787824741980108288	47.64149492006625	-122.14013959002803	110.68216741516011	0.015865648864572198	-0.025236154655853382	0.02933838334986203
18.902070	1787824742091108352	47.641435832981124	-122.14015589797874	112.9089837988056	-0.022306489040695675	0.008014516146485745	-0.009280129355553836
18.998340	1787824742187108352	47.64147925993768	-122.14016865033246	120.2141631110234	-0.04138192621601641	-0.014313111375550611	-0.0901823409700343
19.108137	1787824742295108352	47.64147125256932	-122.14015341468767	119.8006119557015	0.0033708134903980337	0.049260732066772235	0.029174435208998546
19.192500	1787824742379108096	47.64146197188339	-122.14017822057498	115.81731326172314	-0.04855745932577645	0.020940099666509206	-0.004968711985990778
19.299955	1787824742487108352	47.64145059576747	-122.14011637705956	116.73444115161506	-0.010691753055226433	-0.041212866801504745	0.0007130679025201488
19.398683	1787824742586108160	47.64144032333834	-122.14015862877523	118.27776912786263	0.028836000028332993	-0.004459207056272947	-0.01883163458957174
19.494049	1787824742682108160	47.641484956095894	-122.14017691257685	116.26517658150567	0.028817777742244883	0.08137123208711332	-0.0021970954250117437
19.587821	1787824742775108096	47.6414802753859	-122.14016894958482	117.37625290577122	0.07027019289561291	0.0591568234765521	-0.030315033060768316
19.703250	1787824742892108288	47.64148395643655	-122.14018274193343	118.09321059098967	-0.03183425131907083	0.018089537304316144	0.057562565608006225
19.803335	1787824742991108096	47.64146930006847	-122.14018350077991	118.30268749410594	0.06460217607697684	0.03352618081084347	-0.07149837344643728
19.905645	1787824743093108224	47.64148626938903	-122.14015368118348	119.20534741345564	-0.04186279589770975	-0.04803058672329343	-0.08996667799336563
20.002615	1787824743192108032	47.64144201925576	-122.14015833572478	115.47485340612154	-0.002286713135486819	0.03659595862525649	-0.1333993753500558
20.097161	1787824743285107968	47.64146999992999	-122.140187621166	121.90825916685588	-0.03757327338740741	0.027106763372954052	0.03423182716906092
20.195541	1787824743384108288	47.64148055551698	-122.14015486880746	117.79989191729108	-0.0480167085363489	-0.02339376493323765	0.015404689833951586
20.302914	1787824743492108032	47.64148701952711	-122.14018139186022	112.59661956175161	-0.048181330310253366	0.00907301148456975	0.036651714657591324
20.386730	1787824743576108288	47.64145877728675	-122.14018101992764	118.78955143642534	0.03849657069952506	0.10571689986448962	-0.02652955618821621
20.499098	1787824743687108352	47.641460950097226	-122.14018135975311	116.96956820071905	0.04339653099812478	-7.454850263495874e-05	-0.02223071304917973
20.591108	1787824743780108288	47.641479489531555	-122.14016563370043	113.09429578503355	0.01811162664346555	-0.03721665156450173	0.06643920693332928
20.694830	1787824743882108160	47.641476033436234	-122.14014068720208	114.9080074513659	0.0023111560742891998	-0.026972343010849262	-0.06405005576595052
20.805447	1787824743993108224	47.64149357484682	-122.14019808581605	116.35546306044817	-0.07157980332021138	0.011990258604489249	0.016492477614011805
20.891528	1787824744080108288	47.641465074846195	-122.14017648304137	121.3892485738146	-0.08688848470502146	-0.048903335772308466	-0.002262963334511713
20.994970	1787824744182108160	47.64145342077754	-122.14015777449748	118.35718357665529	-0.031899504692470854	-0.011267905670125367	0.014198328113639875
21.098790	1787824744287108096	47.64146770777299	-122.14014779744514	114.49978086416618	0.025061592888094134	-0.025121497434218366	-0.003054775913534398
21.193174	1787824744380108032	47.64146046321606	-122.14016266816593	116.53951805651299	0.04743588137368045	0.043636332895477026	-0.039887853860370255
21.290550	1787824744479108096	47.64146963112947	-122.14017630720942	115.33746035499004	0.010546187228668591	-0.04691711170805152	0.010535334136339764
21.398648	1787824744587108096	47.64146990073902	-122.140158521196	116.21751370152842	-0.0611869959057086	-0.025226144309356893	0.019604304820907737
21.498707	1787824744686108160	47.64146365145344	-122.14017805562123	118.84661287036322	-0.018977686029443587	0.15787883308712236	-0.063857725633428
21.596975	1787824744785107968	47.64149700901014	-122.14016499893975	116.094478023498	-0.0016282344640452789	0.011534862552137867	-0.04958599145235005
21.704989	1787824744893108224	47.64147102719027	-122.14017614841067	116.73959173933737	0.036942959669313456	-0.026202419186229786	0.017256726124337082
21.796159	1787824744983108352	47.64147468069147	-122.14018801924283	117.0368931936491	-0.0709132423503152	0.035372836860617665	-0.02825155636629317
21.902631	1787824745091108352	47.64148880437385	-122.14016699181225	120.49845526880955	-0.028289547583569975	0.01944709706761251	0.03814841444918854
22.000789	1787824745190108416	47.64146910811567	-122.14016935315594	116.75210729245273	0.04320532615997505	0.009462983680755212	0.00439010883714001
22.100101	1787824745289108224	47.641476953108956	-122.14014274395736	120.55827584118619	0.0022126509567982895	0.02176981635686717	-0.020728737306650733
22.203153	1787824745391108352	47.64146167659177	-122.14014108899615	118.45546184030617	-0.006925076603157865	-0.02987480967574957	0.05446644984749447
22.299073	1787824745487108352	47.64148503105479	-122.14016285988282	117.78393425059964	-0.02012774616260884	-0.0328095871556728	0.029310773771816335
22.401724	1787824745589108224	47.6414529227048	-122.14013271083493	118.88748476583335	0.031027384525805914	0.03076377924452023	0.09058049290186963
22.501565	1787824745691108352	47.64144330292448	-122.14016881264904	118.51341261275603	-0.06429305561345755	-0.01199972609858291	-0.044526909844076056
22.605229	1787824745793108224	47.64145728663351	-122.14016229368856	117.17681612192848	0.0548432860723485	0.05471757819059241	-0.032563457282014284
22.691357	1787824745880108032	47.64148289614926	-122.140159779594	115.78709586513577	-0.07224819637750886	-0.04155480781954581	0.048799175744353274
22.806029	1787824745994108160	47.64145934250569	-122.14018319110706	121.76601839589945	-0.05525576393636464	0.10153791888324902	-0.01108459203966914
22.904785	1787824746093108224	47.641480906579126	-122.14017731665152	120.95809334515134	-0.013222361653675463	0.03489236416384549	0.045396619849751595
22.999119	1787824746186108160	47.64146712657594	-122.14018499863104	115.14971307329171	0.05052632844818936	-0.09524309332249513	-0.0004954280209290417
23.089237	1787824746276108288	47.64146628312113	-122.1401665372549	119.51683972903523	0.012868316295067714	-0.05728946910544144	0.07325907649889783
23.195662	1787824746384108288	47.64146561049392	-122.14015041395209	119.417834696084	0.04565831837712925	-0.024103912445149756	0.02086838827236082
23.293822	1787824746483108352	47.641467491339455	-122.14016751846029	119.70224136819549	-0.09696490147198106	-0.014998266392391841	0.0058111717246511615
23.401958	1787824746591108352	47.64148164665266	-122.14017209055265	117.86782870143415	0.021442446915116948	0.003579363512603672	0.08730707023580397
23.502592	1787824746690108416	47.64146106800955	-122.1401886136846	119.53859761685344	-0.020440744001942665	0.015720272824307335	-0.06807154451323527
23.602601	1787824746792108288	47.641489227816606	-122.14016830275442	116.99440368851448	-0.030596864439398755	-0.06399709086824676	0.02844116147556909
23.703809	1787824746891108352	47.64147235350583	-122.14018073780262	117.89697662575693	0.0021090416343710603	-0.025347402667972325	-0.05667722452979277
23.805482	1787824746993108224	47.641461550219994	-122.1401749818736	115.22781883517345	0.0758860230625961	-0.003295374057242545	-0.10577835624665598
23.902956	1787824747092108288	47.64145448179772	-122.14011667116033	117.455334492647	0.06403972808518517	0.08883185480489923	0.002462094111869601
24.003378	1787824747191108352	47.64145439307202	-122.14017254007435	118.00744248191252	0.04054150377691312	-0.0938930078891958	-0.018124219964409737
24.095321	1787824747284108288	47.641474145925315	-122.14013595124239	121.52663922954206	-0.03960444358645187	0.007288292099371593	-0.11060106101757046
24.200160	1787824747389108224	47.64146846141029	-122.14017309221595	121.36926311264577	-0.000665079764889595	0.023396812234448356	-0.04249325793633785
24.305036	1787824747494108160	47.641457141922956	-122.14018278598819	118.74555061360164	-0.0249861220485551	-0.07959167322332297	-0.07826522359483595
24.404152	1787824747593108224	47.641442899938134	-122.14016098183802	119.49215351268157	0.019380524499425233	0.07326837326665653	-0.009012879800290469
24.498668	1787824747686108160	47.64146805542943	-122.1401696608717	120.83424424620198	0.08792054851849225	-0.08727494021698948	-0.009358637196004988
24.592284	1787824747779108352	47.64146795134867	-122.14015666622308	115.56784103959153	-0.0029381905357967622	-0.04837288028939191	0.005492519056036558
24.696348	1787824747884108288	47.641480036515546	-122.14015142241138	115.8183522104107	-0.03713959799369305	0.05143498166234667	-0.012094450391844785
24.799388	1787824747986108416	47.64148734383581	-122.14021017073169	117.53033474462393	-0.03798006122012332	0.051269646576895145	-0.07651983531392006
24.907802	1787824748097108224	47.64145097780545	-122.14015973599354	117.05582115459714	-0.06086124241934976	-0.0698492452985525	-0.003478874118475975
24.992558	1787824748181108224	47.64150457426246	-122.14016679629675	114.21522047918461	-0.038865112197135815	0.0035341786900067703	0.10021001889093194
25.108186	1787824748295108352	47.64147255411814	-122.1401400560781	118.83923802139553	-0.03728476142647224	0.025493125127216965	-0.009537843156718313
25.204524	1787824748394108416	47.64148176214522	-122.14016318590139	117.82887596467137	0.052950715722755275	-0.06137508128739767	0.1342996962232776
25.304549	1787824748493108224	47.64145950037207	-122.1402068172471	115.25464920859837	-0.04365962127584502	-0.0630114258461913	-0.031544931355849556
25.397934	1787824748586108160	47.64146408793152	-122.1401674447002	115.47993270619993	0.001031357256439773	-0.026665851845266528	-0.06089083065606449
25.497018	1787824748685108224	47.641480018032276	-122.14016658730843	114.55947651223178	0.02845227747279368	-0.0017294682111733658	-0.03732728842998353
25.602078	1787824748790108160	47.64147147800402	-122.14016297071625	117.84680529429463	0.003950472515500756	0.06818321175561597	-0.06819630460784966
25.719263	1787824748907108352	47.64147240144377	-122.14017291581541	117.32719630248542	-0.0005940003596853892	-0.011844362740544227	-0.02364579073584188
25.808670	1787824748997108224	47.641464614127734	-122.14015402448553	113.97540394297545	0.05333923341445088	-0.06095473133304472	0.0313756031502203
25.899096	1787824749087108096	47.64147023050418	-122.14017194629545	116.18160144246342	-0.01782776885257679	-0.03858025828604722	0.006805466662549742
25.995255	1787824749183108096	47.64146044346561	-122.14017211645833	114.86455969407704	-0.06228913044351275	-0.01329698055968033	-0.09201019322524809
26.089360	1787824749276108288	47.64146660852782	-122.14019666323728	113.50157877729582	-0.012183211197911038	-0.05830761846124513	0.026000413057249344
26.197309	1787824749384108288	47.64148683156847	-122.14014334803691	113.20491692506833	-0.0375144177287711	-0.01753177120569201	0.0381829543578658
26.301196	1787824749489108224	47.641481402483244	-122.14013599862393	119.28515933309002	-0.10499213285647134	0.056843945690511544	0.03357752705505986
26.399191	1787824749588108288	47.64148072627307	-122.14013701375013	111.48994353890524	0.0019948504930756383	0.03878136644718699	-0.07168323581839228
26.500750	1787824749690108416	47.64146802303266	-122.1401546999746	113.69596638195448	-0.07447549036037876	-0.003398399499116845	-0.00453217929037925
26.593887	1787824749783108352	47.641456417776084	-122.14018942817479	114.29771111160862	-0.002733539621038708	0.062436422087713064	0.0016668214613785469
26.685768	1787824749873108224	47.64145840866901	-122.14015956684744	116.17306902425462	-0.007507559763966414	0.012673247801028482	-0.05573317236398411
26.795202	1787824749984108288	47.641461774592145	-122.14021501889796	117.85308269864287	0.01554444985715729	-0.019798177341080532	0.013175401582776976
26.906797	1787824750095108352	47.64146512892705	-122.14014667603611	113.15252013910069	-0.013467040480994896	0.024319619386977923	0.037314351881009594
27.005664	1787824750194108160	47.64147850418453	-122.14015694819756	110.29282917316128	0.009534026623495059	7.116778123591971e-05	-0.025649724839061562
27.102204	1787824750290108160	47.641480774316335	-122.14016554184721	115.24395270075684	-0.06544882005789873	0.009322810721384757	-0.00019716587143536282
27.195449	1787824750383108096	47.64145803931592	-122.14017595068172	116.89853395918537	-0.018211356727049113	0.02354391196559746	-0.003206557752969453
27.302961	1787824750491108096	47.64147553471022	-122.14018478351771	119.55967955526826	-0.051812044250977546	0.01002442968431859	0.0008065840515251411
27.393836	1787824750581107968	47.64145965721032	-122.14021757005948	116.51475511635259	0.0024886140311267822	0.06225484074990598	0.017947460106389965
27.491479	1787824750680108288	47.641456960658424	-122.14015797033623	118.0092438190252	0.0412424321476766	0.05732263410638493	0.04085117930762902
27.606366	1787824750794108160	47.64146490843357	-122.14018668859518	119.37138652919096	-0.03201697465558836	0.037480204941447666	0.06631428425717349
27.701481	1787824750890108160	47.641439234692854	-122.14019505273957	120.55609840911056	-0.07662470942081338	0.026861480090413573	-0.001870914264313987
27.790434	1787824750977108224	47.641468778589875	-122.14017339572703	117.11937868567072	-0.05495333575904452	0.03265148134442691	0.0403172911423193
27.906352	1787824751094108160	47.64147301452782	-122.14015584433355	114.09730100141809	0.060673919594750075	0.02490241857459598	0.0040775739256044335
28.006188	1787824751193108224	47.64147921006014	-122.1401585290526	116.93756652471895	-0.014864250746344787	0.03439535320718622	0.04160133674720615
28.093722	1787824751283108352	47.641468719447545	-122.1402244620644	119.2222597461653	-0.0023331345341688265	-0.0021359476291612253	-0.06850868519818537
28.199715	1787824751388108288	47.641497462101576	-122.14014569320952	116.91921504907879	0.001229326034911956	-0.042059952333490296	0.11997369499853888
28.301750	1787824751490108160	47.641475932472055	-122.14020808978795	118.68253764962549	0.07488539086959294	0.01324938207832504	-0.04561822688575966
28.392093	1787824751580108288	47.641469733419235	-122.14016301128676	123.96090066615444	-0.022038578748678178	0.00837734021155225	0.07617491728325207
28.493306	1787824751682108160	47.641464219024954	-122.14014436958581	118.7721601517224	0.041450812643728234	-0.030723646306511223	-0.029494929797898552
28.606179	1787824751793108224	47.641461384896964	-122.14015324565348	110.92519758667838	0.023701439524694445	0.0025046579191691175	0.053970988114667995
28.695834	1787824751883108096	47.64148628780526	-122.14017198007325	118.95810886564477	0.025374620911966905	0.02295523620249684	-0.056289203251873116
28.805162	1787824751994108160	47.641460100268546	-122.14012820425714	109.99621451196691	-0.0009445743940587547	0.1284785113715904	0.051575587284324535
28.890553	1787824752078108416	47.6414650312927	-122.14017807605134	113.43063322681661	-0.049150596432816517	0.01212741019060614	0.001661750460368417
28.993894	1787824752183108096	47.64147229578884	-122.14016819295271	117.7302050546121	0.07947092805009019	-0.009859061501556432	0.010232284071585641
29.107379	1787824752294108160	47.64147175665665	-122.14018823071224	115.6762741363109	0.053517939276972216	0.03510254414363705	-0.1023869117891485
29.200918	1787824752390108160	47.64145946184028	-122.14015405864167	115.60604655712915	0.030709370809257938	0.0033761890828641833	-0.02700458631766532
29.300075	1787824752489108224	47.641466597951755	-122.14017358010726	119.18956847447353	-0.09023083107600376	0.04213141074222232	-0.013131807436413696
29.387257	1787824752576108288	47.64147696123357	-122.14014830579917	114.55661852334158	0.007293457515430331	0.02469354781903746	-0.05078408597299519
29.497747	1787824752687108352	47.64147969525692	-122.14019131746524	120.57732714789498	-0.004201635999168293	-0.02529921319648882	0.0011434462684306592
29.603320	1787824752792108288	47.64146271231417	-122.1401804248235	122.90937010504634	0.060074845941025135	-0.021437642916484506	0.005424649767514434
29.707692	1787824752897108224	47.64148755910152	-122.14016489851387	117.45943043058797	-0.06115343875805767	-0.07840578902876566	-0.025303616570732636
29.801821	1787824752990108160	47.64146463691145	-122.14018379760016	116.54586688740794	0.009146003456186453	-0.015320366086631504	-0.03739519399254445
29.896096	1787824753083108096	47.641464681019535	-122.14013342922372	117.06966668983297	0.01782983693926257	-0.0035343867174756505	0.04602049769482746
29.999815	1787824753188108288	47.64146663740386	-122.14015143278769	118.84908027198121	0.033763028963022315	0.0010970119994496844	0.028532662692830443
30.102503	1787824753290108160	47.64147625659549	-122.14016803736862	113.95086134457713	-0.036588920928841674	0.11482149669707874	0.042629522798527386
30.198204	1787824753386108160	47.64146125041874	-122.14016964615935	113.49498862773055	-0.052503342613046323	-0.00485800650277515	0.012769309195036944
30.304118	1787824753491108096	47.64147378917709	-122.14018956790866	116.67188201585522	0.0832569610199018	-0.018991501156604643	-0.06227152865254575
30.398751	1787824753587108096	47.641471915097284	-122.140168037697	118.63487359856603	0.019952853377596242	0.03775483620308581	0.043886545748740215
30.494835	1787824753683108096	47.64147227326169	-122.14015563871946	117.49286481963448	0.03007313335205716	0.04197705198561841	-0.0310266089189499
30.606351	1787824753794108160	47.641469772002985	-122.14016433445835	114.76282831447115	-0.0620576281393243	0.04456807014386326	0.006516544188238091
30.692016	1787824753881108224	47.64144771730589	-122.14016482149633	119.72053347484554	-0.05877702167831748	0.022253504203833374	0.05431463802758936
30.800441	1787824753989108224	47.64146563406083	-122.14015274034604	117.77243720018015	-0.022081089155747254	-0.05418922342372073	-0.07944533355085487
30.903211	1787824754091108352	47.64148087663807	-122.14017840930345	117.443391754163	-0.07360263061773947	-0.026247861910933173	0.07142666746518625
31.006539	1787824754196108032	47.64147397638572	-122.14016249269096	120.79522715765536	-0.04015506548870648	0.02607983835292961	0.006063753549648648
31.108319	1787824754295108352	47.6414616881347	-122.14016428510723	120.54651541882441	0.026569705550157807	-0.009539566683618453	0.01297193675606444
31.194930	1787824754382108160	47.641449207461335	-122.14017123680972	118.47034395532611	0.05114289633995354	-0.007615590911772577	0.013494762918006801
31.298910	1787824754487108352	47.64145962587066	-122.14018110665546	119.54241212287317	0.029167621894084714	6.309437997830322e-05	0.015246929030684043
31.393373	1787824754580108288	47.641475885553554	-122.14015048724387	115.78670381379834	0.02667130109386999	0.007651508042655685	0.029680951699590976
31.492417	1787824754679108096	47.64145653648816	-122.1401667678288	121.74570033896164	-0.025930304937576434	-0.01612730811679334	-0.06450862465399719
31.607388	1787824754796108288	47.64146054128691	-122.1402130481802	115.7339686599808	0.032922025934127616	0.06543683839100421	0.027141798966600024
31.693056	1787824754880108032	47.641458418584875	-122.14019512684095	112.42819242794815	-0.0470266017751213	0.058798872298098104	-0.04884341612470971
31.800347	1787824754988108032	47.64145248646576	-122.1401512996126	120.98390873862112	-0.0027540002738576934	0.04943260048488105	-0.1039226484569507
31.909930	1787824755099108096	47.641474279819526	-122.14016891571018	113.30060290249313	-0.0068535816682568475	0.07603183867227437	-0.017376756425182025
32.007651	1787824755195108096	47.64147258302531	-122.14018511172114	118.57579098910014	-0.047308847925501774	-0.0582703435575073	0.02297802435928832
32.109237	1787824755297108224	47.641476467771675	-122.14019780370161	114.43651268181947	0.025917831527979537	-0.12958308333103594	-0.02198744350353945
32.193490	1787824755381108224	47.641472431065175	-122.14019933646628	121.48926448903424	-0.017034515956924488	-0.05998272316498761	0.09589863548032468
32.300983	1787824755489108224	47.64147715762636	-122.14018034388985	115.93987252027985	-0.028080188690759175	-0.033887001513953935	0.030402762309967503
32.409425	1787824755597108224	47.641451309577555	-122.14015503780968	111.2658148167095	-0.03029521273623036	-0.0016528098282260829	-0.07062745609596531
32.500636	1787824755690108416	47.64146647244708	-122.14019403529659	117.07264900278653	0.01493582703613916	-0.0008045873252171074	-0.032425812475666844
32.613421	1787824755801108224	47.641461073439174	-122.1401624393044	122.2211199723395	-0.07422349362059256	0.006632706508325827	-0.030488400905511595
32.694825	1787824755882108160	47.6414926505764	-122.14016549145153	114.52593881810988	0.10810778060141923	0.12335223885695068	-0.05790811687850096
32.788957	1787824755978108160	47.641475002088434	-122.14018369261755	117.91021386693735	0.027568307822749563	0.09358452496384595	-0.04881272244289356
32.895557	1787824756083108096	47.64146595623757	-122.14016257261201	113.51131041558311	-0.056106427722654485	0.0636001229717943	-0.022286675608921783
33.005574	1787824756194108160	47.64146537142222	-122.14019072493815	122.59370385502717	0.03703606534258388	0.039900860924747567	-0.10211881662274142
33.102729	1787824756290108160	47.64145943144714	-122.14013797142749	117.18345293246553	0.009901567934931481	0.05736934220535046	0.06548841687532787
33.200563	1787824756389108224	47.641458449317625	-122.14018969674777	112.8187966935113	0.02435551079718383	-0.01695095533604347	0.028499928105958194
33.299761	1787824756488108032	47.64146860370868	-122.1401987917337	116.6078558096808	-0.004010165406408038	0.0950982527045095	-0.05726332002839149
33.398700	1787824756587108096	47.64149028643739	-122.14016411237549	116.18260016193773	0.05887214004573976	0.0006411144148716919	0.04453479718745066
33.496057	1787824756683108096	47.64147518495857	-122.14015561012785	117.89712645487127	0.029189264877897605	-0.027168197210828915	0.08381202497079414
33.616706	1787824756806108160	47.641481566341085	-122.14019380580682	118.45683682221704	0.011919302056367924	-0.009173089781459197	-0.05894051624362454
33.699883	1787824756887108096	47.64147616693203	-122.14021081230018	115.62067318976698	-0.014028617707376099	-0.015877031925298227	-0.046354196345631184
33.803043	1787824756992108032	47.641472174904095	-122.14017747009301	118.76668376463442	-0.0949145916292135	-0.024144308076824064	-0.019933408369367966
33.897896	1787824757085108224	47.64145862947762	-122.14016770323511	119.84613107550703	0.004224718932039625	-0.08985907909569235	0.045238120160517786
34.001844	1787824757190108416	47.64146828910149	-122.14012949871432	118.96497508756376	-0.03764443257218121	0.03167405328896209	-0.0031603299069946564
34.097190	1787824757286108160	47.641449597639344	-122.14021478570453	116.40587097497283	-0.014002511152806521	-0.029576444461240664	0.009693505954087245
34.201571	1787824757391108352	47.64146453591851	-122.14014093742358	122.70972581579376	-0.008046812451207449	0.06376414684941499	0.011142213076591918
34.307097	1787824757496108288	47.641476337644896	-122.14016456757568	118.35837411574772	-0.01619009399842572	0.08510433176893162	-0.09960317319669636
34.397985	1787824757586108160	47.64147355949568	-122.14015570539645	117.74849222590106	-0.08471592703889637	0.03090440781701593	-0.08996881010748202
34.505500	1787824757694108160	47.641435232538996	-122.14017836070475	120.65760087896271	-0.02045099011479463	0.0662361807154388	0.08570079442902381
34.594042	1787824757781108224	47.641472838745294	-122.14016508873104	121.16875663660502	-0.1005107446026483	0.012781846156342529	-0.005048744791896367
34.697892	1787824757886108160	47.641466931665065	-122.14016749240743	113.3908912867855	-0.024611729620849856	-0.020559811514335447	0.03851802385927703
34.812133	1787824758000108288	47.6414279338603	-122.14019565716343	117.34814621666885	0.09873361523615642	-0.07805175630207095	-0.027261656351040317
34.910690	1787824758099108096	47.641481527471555	-122.14018795307518	120.6872468509702	-0.04335670191401627	0.00996029630031854	-0.012338869432378155
35.000525	1787824758189108224	47.64148622496169	-122.14018540397899	115.4275678765293	-0.05365534158880872	0.032989899955232896	0.012608136000195802
35.097214	1787824758285107968	47.641467590042694	-122.14013612928537	114.02889086240772	-0.05204150235165287	-0.06176625138547596	0.034800641283197035
35.197093	1787824758384108288	47.64148308738891	-122.1401703169728	115.29456040605875	0.010574748638065064	-0.0668010965795134	0.06513255541071084
35.299142	1787824758486108416	47.641468243793945	-122.14014573883068	117.35102244695506	-0.028073043274540917	0.023864589044721787	0.007074705472329686
35.397531	1787824758585108224	47.641462894803354	-122.14017372011787	118.32089356327221	-0.015569807154612656	0.028431405175800124	-0.06677039243387092
35.491977	1787824758681108224	47.641462723039325	-122.14017541081058	114.47584564041541	0.015039537446517532	0.019685398418968183	0.04963000360186161
35.598560	1787824758786108160	47.64147012762308	-122.1401797740844	116.11780537765141	-0.002860591625457715	-0.05408796765962263	-0.01565203874203265
35.697567	1787824758885108224	47.6414500358138	-122.14020447607385	119.64495519849407	0.027592782356877562	0.05206424446015311	-0.00330776662717703
35.797784	1787824758987108352	47.64143051631513	-122.1401515822062	119.68941207551563	0.09520334396275343	-0.009737998183430975	0.013481915637360887
35.888776	1787824759077108224	47.641488996260435	-122.14018199158068	116.46501306523261	0.01655887124468444	-0.035829605213137786	-0.003703823106080219
35.992659	1787824759182108160	47.641490035847	-122.14018352992346	118.54358262753087	-0.11509412312666761	-0.025056172086980185	-0.04140996776018089
36.098528	1787824759287108096	47.64144727390213	-122.14017425579263	113.79604987388088	0.05750680516853429	-0.07441401192118538	-0.0011917065342497125
36.195324	1787824759383108096	47.64149311936813	-122.14013837271628	116.37594254007867	0.06149560155050487	0.04535516515574556	0.02800235428404643
36.305561	1787824759494108160	47.64148159496178	-122.14015720491344	119.09789741631413	-0.08685665866265121	-0.013122533359442549	0.030982108906413893
36.397794	1787824759587108096	47.64145992527639	-122.14015546952729	120.32583128307162	0.024425713447619332	0.0800908120480394	-0.053347795440400164
36.497090	1787824759686108160	47.64146034792637	-122.14016032498891	115.53554101036411	-0.017672240728419355	0.06003875842762475	0.047838617745254185
36.588294	1787824759776108288	47.64144283018199	-122.14017753501975	117.72581164859903	-0.0023151556543860394	0.032987846523968994	0.016753574769006917
36.703246	1787824759890108160	47.641470884680324	-122.14016170413164	117.27976597778614	0.02615524733165607	0.04666666633592093	0.036440691873930085
36.801702	1787824759989108224	47.64145410794545	-122.14017708143507	117.55837497726831	0.02913742350091175	0.09629843021627253	0.029597091765265746
36.892061	1787824760079108352	47.641478446013764	-122.14017664566806	117.05868171851336	0.04200622252519173	0.03739514120501182	-0.04917662863872527
36.994942	1787824760184108288	47.64145874180885	-122.14016944936502	114.25828939337123	-0.02600839401449469	0.045946377453761705	0.12893402779796653
37.105755	1787824760295108352	47.64148001783717	-122.14017327873249	116.23447140547493	0.047923728424211845	-0.03640752461779651	0.08831778192162355
37.209112	1787824760397108224	47.64143059235939	-122.14014741322242	117.17847016579451	0.07201399105276693	-0.03608043941172636	-0.05737333450097187
37.288962	1787824760478108160	47.64146893501615	-122.14013677501066	115.7914741517617	0.07371541928670595	-0.050147395151099644	0.02330307618992541
37.396136	1787824760583108096	47.64146060139149	-122.14013352314049	120.10205820472135	0.01049765411389785	-0.029366440636857047	0.02730853729297418
37.497851	1787824760685108224	47.641451128324334	-122.14018198067645	119.96900838401916	0.03710780947743922	-0.05551074023369419	-0.019892564643917476
37.603215	1787824760790108160	47.641483313323334	-122.14016611292173	117.71383885764357	-0.017686720534310887	0.11194781604804172	0.055697148263769564
37.687233	1787824760874108416	47.64144823115735	-122.14014430404339	119.29193815420417	-0.010434198766451786	0.07792987898571149	-0.010513792369731765
37.800519	1787824760988108032	47.64147389569124	-122.14016548087929	119.25969460089472	-0.02843075490381566	-0.03132623351923216	0.05604722284636691
37.897539	1787824761087108096	47.6414735813574	-122.14020303670709	114.83561878254126	0.10360919055148975	0.03783178636223577	0.06285875385486643
38.004263	1787824761192108032	47.64146965815923	-122.14015476988115	117.2377185004611	0.037526392887484245	-0.0014676366145748377	0.08625265248655462
38.103048	1787824761291108096	47.64144617403055	-122.14020442367897	114.42810638149517	-0.01612524469965169	0.021183438281336932	-0.05447415736207213
38.205455	1787824761393108224	47.64145254879922	-122.14018700242642	114.65098763875591	-0.004687450697985823	0.017701599386158253	0.023125532431907136
38.305415	1787824761492108032	47.64148170765324	-122.14015225567388	114.9754075233422	-0.09471001613236911	-0.03637036310026348	-0.012804929596423606
38.407846	1787824761597108224	47.64147714523367	-122.1401258268043	119.26457743118465	0.034874955668715645	0.04220114952063869	0.08021971104235057
38.504183	1787824761693108224	47.64144215721964	-122.14015980269485	116.28349133268652	0.026978890620308605	0.13731873646512435	0.14466635149168497
38.596092	1787824761783108352	47.64147820474391	-122.14015054713512	116.83213341850443	0.006478636393321364	0.08549282361020184	-0.047074025573980945
38.694131	1787824761882108160	47.64147299171587	-122.14015184641359	117.04186803984743	0.018395826363224364	0.09059460500804956	0.02151749622764921
38.805653	1787824761993108224	47.64145690805095	-122.14019850276321	117.40374689238473	0.005624436438801967	-0.06598721662768954	-0.0027194896576011995
38.906756	1787824762095108352	47.641466811774116	-122.14018338045624	113.74138375291231	0.07193197780371856	-0.04555877832558705	0.04695822009432108
39.002320	1787824762191108352	47.6414630836714	-122.14021585322142	114.95879220446469	0.0021101745329793475	-0.021335473126615545	-0.02114186826180801
39.092723	1787824762281108224	47.6414727687287	-122.14014809360137	118.01549843471022	0.08645359015123952	0.036071442147682334	0.06781809724808745
39.204504	1787824762392108288	47.64144961653112	-122.1401523670267	117.14618216507023	-0.030849453843807547	-0.02037595653603387	0.057751218664970516
39.300463	1787824762488108032	47.64146743133643	-122.14015600575576	116.62079265298723	-0.0489590266586421	0.017304898793774982	-0.006830869875240345
39.397209	1787824762584108032	47.641451315708636	-122.14016212726436	116.68195372330345	0.00018250183997816326	0.0024130383570431313	-0.004509014160433133
39.497509	1787824762686108160	47.64147693425864	-122.14018461209895	115.06394624095729	0.004083273086714844	0.049268794967983136	-0.06388370446994213
39.603271	1787824762791108096	47.64146343038438	-122.14015514297371	115.65952937962899	-0.04983318390619604	-0.08989182591367018	-0.01112278806061161
39.698445	1787824762887108096	47.641468019176564	-122.14018481475735	116.91722160073148	0.01631689547349072	-0.11566116044578618	0.056275901557203
39.798859	1787824762986108416	47.641466585106876	-122.14017845287326	114.69715097482012	-0.009048041990038336	-0.005031183894207862	0.001062321154193169
39.905557	1787824763094108160	47.64147540229571	-122.14016451946061	116.2465279588886	0.05245620750060939	-0.052186063669979355	-0.021345062027860073
39.994656	1787824763184108288	47.6414641663534	-122.14012890876766	124.5821214933296	-0.00786560248937088	-0.035313316144657235	-0.012509526305052558
40.106910	1787824763295108352	47.64146470249003	-122.14015549169392	118.3153316540037	-0.02056048308519949	0.03976969706022894	-0.05686259993674583
40.196797	1787824763385108224	47.64146158830873	-122.14015246491626	118.4461384091868	-0.01786632337719273	-0.0491132711127324	-0.07002352342309734
40.290476	1787824763478108160	47.64143570382081	-122.14020144180061	118.05241088314028	0.08679091455437746	-0.02565353878370355	0.02055095712426816
40.393124	1787824763580108288	47.641455464144386	-122.14018269985235	114.80768279964	-0.041994449780958336	0.029419132176006585	0.029833083233111363
40.499243	1787824763688108288	47.641456039128336	-122.14019636804888	117.56664716392198	0.014877244953813082	0.06933279031849922	-0.0022834922228055603
40.594321	1787824763781108224	47.641474528708706	-122.14016777973335	118.1097023509385	0.02381841244569992	-0.07546127530392427	-0.025418861746814084
40.695211	1787824763883108096	47.641470003841725	-122.14018195884468	119.00977075592874	0.012283705245512026	-0.04250757813968435	0.017469100273851276
40.801054	1787824763988108032	47.641451896636866	-122.14017501596983	116.39690971997733	0.01743804257283854	0.042979854691156866	-0.0589777453561414
40.899098	1787824764087108096	47.64145742489075	-122.14018970912919	116.06393991938246	-0.0636800028964072	-0.05977065350096398	0.05312582729416681
41.001933	1787824764189108224	47.641448211153765	-122.1401557852449	116.11797574900842	0.046830254253434574	0.07860629195860647	0.036718744640461494
41.094326	1787824764282108416	47.641487009971364	-122.14015335208532	121.15373675933634	-0.003994863616238378	0.061504333172224104	0.0032657605985488727
41.205793	1787824764393108224	47.64146780410059	-122.14018927657297	116.69375202592329	0.07112682074206857	0.03859525655659096	-0.0027587067617241014
41.304064	1787824764492108032	47.64147870246249	-122.14015563174196	118.8446989931167	0.012682062243077052	-0.0443792109589685	-0.08076641374836525
41.404436	1787824764591108352	47.64144833352577	-122.1401727418793	116.72517212620373	-0.016228138599820603	-0.007109811174394519	-0.010154223247313689
41.509388	1787824764696108032	47.64145441633617	-122.14015820283603	119.12141190456775	0.0620629116422083	-0.024795053553872373	0.02547876627385718
41.599353	1787824764786108160	47.64149923082266	-122.14018924090558	119.64400744127583	-0.01015626274041966	0.019643745162028225	-0.11586026914205685
41.700547	1787824764888108288	47.6414867178176	-122.1401976286033	115.08417726478928	-0.05121862248893423	0.0402167834576712	0.002070203643562208
41.795934	1787824764984108288	47.641479873010255	-122.14017569897526	115.60887205849733	-0.019980027045189072	0.014668019841453415	0.008628598401418006
41.910467	1787824765098108416	47.641465571348746	-122.14017853720505	114.39138325763211	-0.021025366791603384	0.03917250501460361	0.004014126082173904
42.008630	1787824765197108224	47.64145416243055	-122.14018515057818	115.16281767982825	0.037367429408003465	-0.011216949084523175	-0.07225575135716364
42.098358	1787824765287108096	47.64146356142683	-122.14018915731114	117.82898386132324	0.03659849607323192	0.04663945586189369	0.03866346345548117
42.199376	1787824765386108160	47.64147861348544	-122.1401725131753	119.78541124800462	0.012240665752444844	-0.021952536121019973	0.032049576797179055
42.297743	1787824765485108224	47.64147695880793	-122.140176074265	114.00932410311664	0.016827995538700204	0.040360058949133165	0.05085139511671666
42.404692	1787824765593108224	47.64149250588514	-122.1401754478028	120.77339165765089	-0.022901039982529146	-0.0046259439321835105	-0.0038512216224365634
42.498966	1787824765686108160	47.64147263658073	-122.14014130580307	121.18624358850587	-0.00989787836579475	0.04550942954475258	-0.015193539191398231
42.594496	1787824765782108416	47.64147069416388	-122.14017188143089	114.47465225380533	0.0022867207831423707	-0.030888755342372527	-0.04138905159403517
42.695695	1787824765884108288	47.64146521550151	-122.14017955206873	117.90141591040017	0.029555259093791482	-0.04834175900628994	-0.0640927267944614
42.797233	1787824765986108416	47.641469689918786	-122.14015040127806	119.18683285379728	-0.04252877999160751	0.04639461757968889	0.025023697073919673
42.892944	1787824766082108160	47.641477411676064	-122.14016175758317	118.7545914537287	-0.044546298390445174	0.033355364764036596	-0.013170213583131841
42.995961	1787824766184108288	47.64147173664268	-122.1401650413806	119.02069401589704	-0.027140269744707037	-0.05282196189651786	-0.016178185866102947
43.104850	1787824766292108288	47.641487063511796	-122.14017777828073	118.58049154148428	0.04145090216781952	-0.07033111125504898	0.036035253341141556
43.179351	1787824766367108096	47.64145155830382	-122.14016509241466	113.56142685104292	-0.034545090525642023	-0.0666101171795186	-0.12334727274808402
43.299712	1787824766487108352	47.64147725393888	-122.14015364140555	115.91068038076911	-0.0857361343888907	0.03161776460107404	-0.04621937065107682
43.397274	1787824766586108160	47.641482441330325	-122.14013126662758	115.67112599498373	-0.06939390203908025	-0.01596694297644703	-0.10091776962442377
43.504126	1787824766691108352	47.6414843643977	-122.1401381799699	115.66681460274265	-0.016705293331339837	-0.0076167943328785005	-0.08246463258742401
43.604555	1787824766793108224	47.64146611648928	-122.14013554956887	117.69933551910617	0.00612579526202343	0.0033555002900675806	-0.04501990569273389
43.706330	1787824766895108096	47.64150031792204	-122.1401723704615	111.91205867313353	-0.04052507844309237	0.03954642032124446	-0.001209571968730127
43.804786	1787824766994108160	47.64145625631951	-122.14017184850547	115.87138424699322	0.07606619622640877	-0.013434638285524015	-0.06917106669646172
43.903312	1787824767090108160	47.64144427167433	-122.14016276993085	119.00779252844275	-0.07202573368163091	-0.09173253315331924	-0.041226791678132785
44.000994	1787824767189108224	47.6414571626616	-122.14014638367283	119.75882410671147	0.03636333628528422	0.02237414914759497	0.06359978636614799
44.094409	1787824767282108416	47.641461875616315	-122.14016131249343	120.77918153839394	0.0482225062480551	-0.13949102717800274	-0.007138839835519497
44.203092	1787824767390108160	47.64143879317506	-122.14018399478293	117.17155366396487	-0.06819516617222254	0.026780136952749212	0.025945707863158425
44.303999	1787824767492108032	47.6414611016384	-122.14017937030303	118.76909763671877	-0.0018039080435298055	0.00483455359641408	0.01163427803428286
44.399038	1787824767588108288	47.64144772739746	-122.14016721626827	118.98013490007641	0.033850661359181175	0.010435178736817853	0.012252321519390045
44.494842	1787824767684108288	47.64144018240258	-122.14012263044259	116.6270373234728	-0.021241075327891337	-0.03405551381102028	0.019511286905874663
44.601874	1787824767789108224	47.64146872087809	-122.14016034242853	114.59367101149688	0.0482362313833419	0.05465379261392089	0.12810196042365551
44.694409	1787824767882108160	47.641486916127015	-122.14016055732517	115.88200897566522	0.0021446217316401614	0.03679178740530508	-0.006124929029113482
44.795209	1787824767984108288	47.641461821182496	-122.14019025329365	119.03432610175587	-0.00978952020569842	0.05341067336132981	0.0009478141041980077
44.900147	1787824768089108224	47.641469786216774	-122.1401556676294	120.06325809176784	0.05506881137000669	-0.03168410241425368	0.07960462991540518
44.995662	1787824768185108224	47.64149217117885	-122.14014334768812	116.14994719435448	0.016905174997771326	0.03500135595790377	-0.017602869030462886
45.101036	1787824768290108160	47.64146568651868	-122.14016646214593	115.93519947549866	-0.05113757293703537	0.05570068988787905	0.04704632286085625
45.198736	1787824768386108160	47.641477818433465	-122.14011543991967	113.26877692132324	0.027687016890334967	0.015633725663486066	0.0264008649886636
45.299133	1787824768488108032	47.641455831508786	-122.14019029692528	118.79110019441549	0.027862291615576434	0.0032165623337382663	-0.015407594201172
45.400165	1787824768587108096	47.64147344683617	-122.14014356930554	117.37449627591512	0.07381975599979786	-0.023501786690943206	0.02006979113630161
45.500080	1787824768689108224	47.641446765219555	-122.14019139520468	117.69496787251435	0.03860137315031168	0.02776772768011307	0.0745033190370903
45.610307	1787824768797108224	47.64146349571675	-122.1401737445343	119.34513791625365	-0.018294328053532975	0.0985151165608944	0.01607171032840194
45.694867	1787824768884108288	47.64148349080675	-122.1401907585469	116.57796533164296	-0.06107805309032795	-0.03388160559409095	0.011611600649916842
45.798969	1787824768986108416	47.641471001933255	-122.14018231031272	114.0374121814408	0.019676394608642265	-0.06738490675670349	0.030475821524415754
45.892890	1787824769082108160	47.64148174322722	-122.14018690328729	115.54486125645336	-0.009964590628540833	-0.08337583450905588	0.009695536043031213
46.000384	1787824769187108352	47.641505191675236	-122.14020859692006	115.51522518808905	0.11174108116782673	-0.019167968590000358	-0.021835641398648988
46.103184	1787824769292108288	47.64147191498939	-122.14018694825877	118.60965243432382	0.0013872787214094754	0.01579968242544874	0.09117492406016997
46.205625	1787824769394108416	47.64145123389586	-122.1401629597274	115.8716977096358	-0.051269082352414765	0.02037916911505461	-0.05564483517829634
46.296564	1787824769484108288	47.64146586925865	-122.14018389091507	114.67934660234937	-0.07172692001094537	0.04277668936928065	0.02313371157295624
46.392478	1787824769580108288	47.641470099181	-122.14016655887448	119.40749642362968	0.03727818848578496	0.07036992367659249	0.08481255475408223
46.503219	1787824769691108352	47.6414542011109	-122.14015841790041	111.39700285365437	-0.004605093586715995	0.0015347743641679675	0.026978513685961426
46.605496	1787824769793108224	47.64146598750257	-122.14015163375102	114.44297854638813	-0.020113884449161068	0.09817576052539922	-0.08086591957651129
46.696292	1787824769883108096	47.64145355399524	-122.14018258692731	115.55861925967227	0.0433744697778698	0.000389294596171454	0.023565647530925136
46.806355	1787824769994108160	47.64145081092847	-122.14016224155527	116.92636627436099	-0.03584915912902857	-0.0012868055417543328	0.016993770906550545
46.889803	1787824770078108416	47.64146882836322	-122.14014361448702	117.50839178747853	-0.009602328993634373	0.033536522130301824	0.11711765712868183
46.989344	1787824770177108224	47.64148411268082	-122.14016390500191	115.87636288114524	-0.013033264361920156	-0.06632183152660086	-0.00321777157531539
47.094658	1787824770282108416	47.64147703234317	-122.1401620837631	114.70243592625437	-0.07496001553854928	-0.00028849833914169784	-0.001489221109018942
47.200822	1787824770390108160	47.641479076591935	-122.14018193885119	118.81608422092135	-0.04138420443629645	-0.025977060946107786	-0.058997469749470566
47.294260	1787824770483108352	47.64147498795202	-122.14016361759275	121.97199479349418	0.05428069961857838	0.028341323869222668	0.018057738771291867
47.394895	1787824770582108160	47.64145377859611	-122.14018991669585	111.98952978853768	-0.021726616711692487	-0.02654910381030543	-0.006698446173133617
47.493632	1787824770681108224	47.64144708528154	-122.14016090105659	117.76059776925773	0.05576295651085283	-0.044483881448763966	0.09635937096062161
47.600477	1787824770789108224	47.641450704377064	-122.14016879941401	112.56100654890342	-0.01950011895938049	0.0377672541299653	0.003427349551752901
47.693518	1787824770882108160	47.64147167204594	-122.14013184234656	115.56159678624722	-0.030222088914365147	0.0003867665778855167	0.04088102060283986
47.803546	1787824770993108224	47.64147129571353	-122.14017152738872	116.99279119433395	0.005240317353891135	-0.03445427549430114	0.019944324880951797
47.888820	1787824771077108224	47.641476798401456	-122.14011499951259	120.81703534571488	-0.08938339113851851	-0.0757413586436068	0.03144137751127797
48.005748	1787824771194108160	47.6414859432684	-122.1401434231388	122.9345440396249	-0.059105065273800064	0.022593698914219116	0.013934028878751229
48.097679	1787824771287108096	47.6414716361017	-122.1402110025316	119.6997388405266	-0.01941171492239761	-0.013518656633835223	-0.02345047306001182
48.201203	1787824771389108224	47.64147427465571	-122.14016562612504	119.55875278036689	-0.003826940968348378	-0.012156176956747488	-0.046421380407718114
48.293462	1787824771482108160	47.641478146973064	-122.14019748207973	119.34671604814432	-0.06097943828776148	0.003938656375081716	-0.02313823267161502
48.409187	1787824771596108288	47.641449578320966	-122.14016904679112	118.68875747950129	0.03030123370651317	-0.05989057173976271	0.042135336586135615
48.501422	1787824771689108224	47.64144765268202	-122.14016681147577	118.86852473310663	0.026502092623901543	0.00843935213982006	-0.05658644973982122
48.602086	1787824771791108096	47.64147653018457	-122.14016266080002	116.1801717136263	0.010352476654335037	0.04445008157739261	-0.09274462157577207
48.702488	1787824771890108160	47.64146619669591	-122.14023418620584	116.15102885244725	-0.033983517450969836	0.09324728081761281	0.009587553212188132
48.795902	1787824771983108352	47.641461523016275	-122.14016891840615	116.48463053297925	-0.0022284785485908697	-0.02045829209124515	0.009020753413219123
48.897986	1787824772085108224	47.64144200462489	-122.14016965960393	113.47794147524881	0.006028859273899462	-0.06016527388629507	-0.050554451171890294
48.985867	1787824772175108096	47.641488747578116	-122.14019832775499	114.99880640992032	-0.018202358432459233	0.05393227823473573	0.01338839098955228
49.100189	1787824772289108224	47.64144187317173	-122.14013977356008	117.96864234979257	0.0878168573378351	0.029279449283475478	0.016893731993055838
49.200763	1787824772388108288	47.64146490356084	-122.14017763012727	114.79888808768631	-0.018456199440387806	0.0838635234845932	0.012691224400097366
49.298001	1787824772487108352	47.641484705415955	-122.14016068374902	117.26912065315848	-0.004350517095568297	0.025275064672865267	-0.015351623368266565
49.406539	1787824772595108352	47.64147167142009	-122.14016042464927	118.82704761745134	-0.009091249574759883	-0.03360857822087063	-0.12675166795191073
49.490482	1787824772679108096	47.64144668906415	-122.1401640393197	115.0853055414677	-0.015068055996970642	-0.06712557124192334	0.05138440230182223
49.598167	1787824772787108096	47.64145387225647	-122.14015098520696	113.34300520854627	0.029418000936492023	-0.06316851469121708	0.0008948106531099572
49.701174	1787824772889108224	47.64147861185268	-122.14016243858988	119.90070544966683	0.023529167193121217	-0.09047503896005846	0.04196238252155492
49.808595	1787824772997108224	47.64147126078908	-122.14014451825568	121.37677228828785	0.012915216054313033	-0.013824492457445532	-0.02895519909086742
49.908276	1787824773096108288	47.641459572385976	-122.14017381145446	114.65042880026736	0.06776374500074778	-0.07476076566368683	-0.13374299110380491
49.989379	1787824773177108224	47.64145484007954	-122.14015522811204	111.06085432922771	-0.1268876139195957	-0.013391569321764593	0.07140714650383037
50.102784	1787824773291108096	47.64146776041757	-122.1401204025667	121.20423564951331	-0.049600856227343476	-0.035287726699662375	0.007197927740059089
50.201392	1787824773390108160	47.641475103310604	-122.14017266441095	117.9109854294755	-0.008494513940810777	0.07189543833022709	0.025464664541360118
50.293335	1787824773480108288	47.64146044411378	-122.14017042031213	117.88083354365716	-0.07228003914618215	0.037897651768059565	0.027799492357311252
50.401756	1787824773591108352	47.64146750400709	-122.14018150714246	116.4591190328185	0.021019124210955132	-0.02041318012727433	0.07833424777643253
50.498306	1787824773687108352	47.64147871953488	-122.14012950688038	119.67993859021699	-0.0727188094873312	0.12564846352083361	0.012630321628147902
50.602813	1787824773792108288	47.64145598083427	-122.140171376382	112.93004021443386	0.05173368499029063	-0.04706641880956916	-0.10949740480409942
50.690436	1787824773879108096	47.64146692934465	-122.14017282506428	117.71409362411468	0.005272209173654184	0.014857904661915881	-0.017898807178009745
50.804435	1787824773993108224	47.641463998591796	-122.14015077985727	116.0822357694801	0.052557435788420086	0.0007239209227703756	0.02611721061786575
50.905102	1787824774092108288	47.641472865736816	-122.14019144694038	119.23118215028096	0.09926121034997192	0.04918656514775896	-0.020047991353494755
51.002490	1787824774191108352	47.64146478098349	-122.14015184005729	118.31077101743837	0.005036303834573281	0.028801453351257514	0.05299507006787835
51.094848	1787824774284108288	47.64149220967817	-122.14017657978026	118.54413286049326	0.03624340627542466	-0.07369244388649052	0.023815873725933783
51.196775	1787824774386108160	47.64146824521112	-122.14013482829772	116.45215738960502	0.07904220684709558	0.008493175071709227	-0.02947110446559505
51.297504	1787824774485108224	47.64144914181894	-122.14019118033646	114.51137848663777	0.0031112182854655312	-0.02174382047677773	-0.1433831637669599
51.409112	1787824774596108288	47.64148076532182	-122.14017528513334	118.9596507623781	0.09881939605793316	0.04515102241058777	-0.009546299330263068
51.500027	1787824774689108224	47.64148588519883	-122.14015464376035	118.02951101506733	0.03665989998749603	0.059751875954885805	0.02034655652269224
51.590023	1787824774779108352	47.641485884717106	-122.14016003369737	119.75363306926914	-0.025357357959241395	-8.433277605411266e-05	-0.07631998555748866
51.692964	1787824774881108224	47.64146976484472	-122.1401805815869	113.72284930850063	-0.02285953754317268	0.015609148985363442	-0.07479931463754651
51.797208	1787824774986108416	47.64149564551653	-122.14019104561898	118.88564460614013	-0.03767368569455316	-0.004043049859100891	-0.01894545061055088
51.899530	1787824775088108288	47.64146932703927	-122.14012968620965	117.96972152700631	-0.040055939917323265	0.03804184972222005	-0.0876134434019521
52.002178	1787824775190108416	47.64146812516879	-122.14017109919882	116.76495896351453	0.021871578810344364	0.01995611552092494	0.029076827689007108
52.106891	1787824775295108352	47.641475052094954	-122.14015951118857	116.76840117481294	0.011792922764021193	0.015123051078346349	0.021680991648368866
52.205337	1787824775394108416	47.64146225674478	-122.14018663239251	120.26918282422025	-0.059839851432362146	0.055206291375617694	-0.07633606203491683
52.301733	1787824775490108160	47.64145900512943	-122.14017150082073	118.90299176985023	0.012443344547130149	-0.014933726189532072	-0.012483065590280756
52.411451	1787824775598108416	47.64146193809134	-122.14017571597677	118.47103170170328	0.06243635020138255	0.022039586675029345	0.016888212589039393
52.479681	1787824775667108352	47.64144504114384	-122.14017795294629	117.71964340988849	-0.03850269616268459	0.0034107109951447925	0.01682256934839021
52.601766	1787824775790108160	47.6414750115195	-122.14018895896469	115.11589005686807	-0.0141226255741041	-0.02736728541903391	-0.03652080968445752
52.710453	1787824775898108160	47.64146367167157	-122.14014657340726	113.86436583806211	-0.01053671429940133	0.020440075236700994	-0.0213816678226988
52.802965	1787824775991108096	47.64149588119696	-122.140183705846	113.45587892237896	-0.05593074036412441	0.02278113547933725	-0.03380886352970823
52.901443	1787824776090108160	47.64147442428388	-122.14014838108275	114.22858455221527	-0.06590523574903416	-0.011245785821037873	0.03441529691399705
53.004485	1787824776192108032	47.64144597273821	-122.14016929045364	119.01644912938681	0.053058921507251826	-0.04812576079111624	0.03353886058628224
53.107281	1787824776294108160	47.64144053721761	-122.14014633536428	114.68872989057017	0.007938204138862757	-0.06360212646501705	-0.019508384675163776
53.206649	1787824776396108032	47.64146684550116	-122.14016568787567	117.31486470167191	0.0659000627464176	-0.009944937172081874	0.056382259060235335
53.298351	1787824776486108416	47.64145091719018	-122.14015231164592	116.53661343028614	-0.11218894162585019	0.07786484968190911	-0.11143906808308068
53.407286	1787824776594108160	47.64146996283997	-122.14011709032158	112.63282629025322	0.012335773214027046	0.07401133448941576	0.009647389350115672
53.490662	1787824776678108160	47.64146916230019	-122.14015151197025	121.11659770108007	-0.002791475210995847	0.008859999423326914	-0.01578950798092973
53.597961	1787824776786108160	47.64146376408934	-122.14015905212581	116.11423306077472	0.057731601749377054	0.1130472643635586	-0.0028061165951433755
53.701638	1787824776891108352	47.64147919538798	-122.14017156981937	119.17006078540548	-0.050195542371472814	-0.13736573428606474	0.08476735227709137
53.799524	1787824776987108352	47.64147125677428	-122.14017179172662	117.12765118274764	-0.042484781117870324	0.05324205734809471	-0.02821271861485915
53.897292	1787824777086108160	47.641463915053905	-122.14016652967989	114.35815987456031	-0.022007387406948763	-0.10464057925044506	0.025345871069686166
53.992586	1787824777182108160	47.64146169005376	-122.14015819264343	117.83635903884083	-0.09112521097678657	-0.030278256807002524	0.02312894800099575
54.099354	1787824777287108096	47.64149075810485	-122.14017054120755	113.3232825564754	0.007690879708851902	-0.04093157693349403	0.00883284100213054
54.194513	1787824777383108096	47.64146371770716	-122.14016253794952	117.78952868850324	0.09233604716090386	-0.02523096663086499	0.03067128921629496
54.293938	1787824777482108160	47.641449565778196	-122.14017421094361	115.76944585601885	-0.005056251140738791	0.002217620432136295	0.05584814658437901
54.398585	1787824777587108096	47.64148417812214	-122.14018156263376	117.9767010285147	-0.039089708013896114	-0.04468100257857448	-0.010576569543773985
54.497288	1787824777686108160	47.64147522249272	-122.14016490835178	117.11765645130339	0.037541445657541014	0.0031067508191400996	-0.01753009925869869
54.607213	1787824777794108160	47.64146823155776	-122.14014114269516	117.66487541373378	0.02003505136499743	-0.011395840911045632	0.08432184105660279
54.696416	1787824777884108288	47.641462938917996	-122.14019200965915	115.92714363601472	0.004946765044219589	-0.04665058318036503	-0.04952763032529776
54.808293	1787824777995108096	47.64147143139654	-122.14013708874961	117.28431146992682	-0.02231447750955543	-0.009421878173807859	-0.0038080160245996517
54.903758	1787824778091108352	47.64146149943911	-122.1401371752585	117.26921583086147	0.049653550182812325	0.08896660242375078	0.0374282363080146
54.999520	1787824778187108352	47.641487454757275	-122.14018132374967	116.3799070557743	-0.05492811572111951	-0.02326924957005764	0.09188949020290266
55.097420	1787824778286108160	47.64146112440518	-122.14018544191048	116.7304808012004	0.005602124434243242	-0.05168058572601797	0.027843231933056795
55.209424	1787824778397108224	47.64148492187874	-122.14019461562556	118.66594687278351	0.03973556255729997	-0.04391410145921666	0.04004189602557495
55.307610	1787824778496108288	47.641480380220585	-122.14017278586891	115.87469893456974	-0.06318313437682616	0.04441993336605024	0.049946477247003816
55.392025	1787824778580108288	47.64148600830519	-122.14017267801101	117.43413569243666	-0.06379763281033544	-0.06328430924510114	-0.021533239833241593
55.486956	1787824778676108032	47.64146750151529	-122.14014235946918	118.27704057868088	0.06052812296974167	-0.003982013813632632	-0.08529933248931418
55.597908	1787824778787108096	47.64145129999429	-122.1401228615747	119.3908537135204	0.009463135677991093	-0.021268321511279473	-0.029782387560619874
55.703873	1787824778892108288	47.641460183038056	-122.14017873685916	116.43300871676865	0.05518573614604586	-0.039915772460997534	-0.009485498845181545
55.786147	1787824778973108224	47.641478663088705	-122.14013584188349	116.22425963674266	-0.0679521042370697	-0.04247401765222631	0.019180283746313656
55.887513	1787824779075108352	47.64147419615622	-122.1401627894101	117.67856776979528	-0.07444711988822747	-0.032648361635202613	0.017663907423749348
56.001149	1787824779189108224	47.64147568837858	-122.14020937102732	114.34989842185773	-0.11015764884448338	0.00629568059131462	0.03460692684006519
56.097663	1787824779285107968	47.64145402818744	-122.14017744964488	117.57536484766423	0.01650753875461627	-0.03191104457364209	0.050868425197427125
56.197633	1787824779387108096	47.64144831035492	-122.14019665970679	117.19263382592086	-0.027971163935287358	-0.006623814143954413	0.04272332341256607
56.309902	1787824779498108160	47.64147929842091	-122.14013561573097	117.26777918090671	0.02924913195983557	-0.02989923634525818	0.06285617622902362
56.402030	1787824779591108352	47.641472221657224	-122.14012590393811	118.91168408258837	-0.05487505437032053	0.033072544833557926	-0.0015288698194988418
56.500522	1787824779690108416	47.641456682000324	-122.14017451932686	117.01423183684877	-0.016625008937081607	-0.006555284452974751	0.08397822497410456
56.590125	1787824779777108224	47.641464271002945	-122.14016435430347	116.53859017999837	-0.08022929653066942	-0.046723105492184946	0.03341746229363701
56.718860	1787824779906108160	47.6414904322639	-122.14017735569654	111.941061882438	-0.04920579912268689	0.08085082620840223	-0.030830157977418567
56.807726	1787824779996108288	47.6414613477157	-122.14019974284685	113.67813309987753	0.001910021807941248	0.004225383959439232	-0.05374731651603248
56.897041	1787824780086108160	47.641443602778054	-122.14017556715355	118.21238593142763	0.04438732514308113	-0.03934356479757305	-0.09881630948773781
57.001409	1787824780188108288	47.641489790506576	-122.14019775961508	120.49142108128794	-0.057276443559837756	0.0038621960151785126	-0.04185233278933739
57.097328	1787824780284108288	47.64145271817464	-122.14017235070493	118.21180937752527	0.034260355047521875	-0.05036373004105189	0.05692304457354598
57.197707	1787824780386108160	47.64148565298223	-122.1401755183055	114.36410242581972	-0.006797719311646678	-0.09018997151831304	0.02455872114599452
57.308352	1787824780497108224	47.641453011579586	-122.14015594554037	113.97607709559253	-0.011213391234662555	-0.0077819951868344055	-0.00870163434601018
57.395397	1787824780584108032	47.641468715465024	-122.14015368884318	117.28406636549758	0.048974647027105536	0.11509796929143244	-0.030028106318238226
57.496549	1787824780686108160	47.641482951926044	-122.14017983393694	118.54761332068445	-0.01551498720910758	0.018032881777698507	0.054051311189840905
57.603116	1787824780791108096	47.64146019962261	-122.14020697642903	121.57712034151547	-0.01634500168449274	0.01331371325882596	0.031542464250021336
57.707399	1787824780896108032	47.64149288042638	-122.14016420126175	118.35790751725715	-0.033327988453897374	-0.038754922974487654	-0.05243858973416135
57.803196	1787824780992108032	47.641479238139134	-122.14015323839733	115.99126827527373	0.03216288154531226	0.07503762492914894	-0.006191030363819069
57.897725	1787824781085108224	47.641458558338755	-122.14015166509327	118.27292192318727	0.0035203090192715615	-0.0411825582769047	0.0016357423485024254
58.004223	1787824781193108224	47.641487773897445	-122.14019303090691	113.45478105778993	-0.007595106423269245	0.026579252353200973	0.09348064133708547
58.103235	1787824781292108288	47.641473680634185	-122.14018239584415	115.44899239956034	0.013523473297031739	0.05986163038652934	0.04247500620686514
58.200482	1787824781388108288	47.641473934639556	-122.14014701590723	114.23968429031028	0.013943041896344134	0.07026771842720327	0.007829266666158947
58.294130	1787824781481108224	47.641470780883594	-122.14013496608304	115.30087430442856	0.00795486719300928	0.006756557743330414	-0.002075365131370264
58.406801	1787824781595108352	47.64147873618766	-122.14016840077085	115.72273369964518	-0.05140635613457448	-0.006785185980242369	0.11623542401952305
58.494189	1787824781682108160	47.64148418262475	-122.14018344429843	115.21892628946073	-0.0100842136972585	-0.07604442478281702	0.09734085727022249
58.588637	1787824781778108160	47.6414748898003	-122.14014342555058	117.24982279502356	-0.06138370702985586	-0.017811905239365617	0.06418868800452898
58.704023	1787824781892108288	47.641488106010016	-122.1401576796287	111.02292279427579	0.0015707051869865438	0.015968972260862208	0.06433053749941807
58.797910	1787824781985108224	47.64144760803661	-122.14015706353888	119.51876825039135	0.001157860333758879	0.10576547858276948	0.10018489095931365
58.907328	1787824782096108288	47.64148652472098	-122.14021681653449	114.9013213649688	-0.06122097652304653	0.06426776670189485	0.006505897123550298
59.001727	1787824782189108224	47.64147873820959	-122.14014936853343	116.90909397345284	0.08534720298086423	0.113621606954518	-0.07335176088490353
59.109175	1787824782297108224	47.64145817685568	-122.14016547557914	119.26305271553075	-0.0335104868824671	0.04243386742523262	0.01104702907626738
59.196507	1787824782384108288	47.64148778582764	-122.14017558301695	120.8830007885013	-0.05957343504101026	-0.03719435582350968	0.02917306198359934
59.301612	1787824782489108224	47.64145839032319	-122.14016711077645	118.13452082843088	-0.08910260235895517	-0.05246714952639259	-0.08671491825348199
59.408833	1787824782597108224	47.64144060275639	-122.14016201497076	116.13196272316821	-0.06814609907811393	-0.06571345908524312	-0.01925960323289319
59.503095	1787824782690108416	47.641453724087896	-122.14016837124211	116.85294009862582	-0.004793327078209633	0.0024197488978332333	0.028739503974318487
59.604708	1787824782792108288	47.64145568077342	-122.14019040503666	118.17488429586365	0.06857233289893998	0.024093396472672304	0.1141413422054498
59.686482	1787824782873108224	47.64148553698071	-122.14014917490012	116.94293968754545	0.03768732875276423	-0.0118674605241685	-0.0464618143386908
59.798955	1787824782987108352	47.64147322695401	-122.14021120271302	117.46076747413551	0.029357641462118646	0.0703328171361714	0.13382969572644762
59.898791	1787824783086108160	47.641456437944264	-122.14017210903674	117.25232298352955	-0.06295723231122242	-0.034994738517485045	-0.017276831685173046
60.001641	1787824783191108352	47.64145633885504	-122.14018376106716	117.73543721769676	0.004377149091208516	0.07058268916625914	-0.04471168931476221
60.097240	1787824783284108288	47.641475309998974	-122.14014908172706	114.0730318118825	0.020728240630566663	0.04281812907989009	0.08877607665590213
60.210415	1787824783398108160	47.641457880883365	-122.14018307437581	117.3224061012577	0.02310674520991622	-0.03912659464307813	0.00409600072728188
60.302451	1787824783491108096	47.64149532581387	-122.14018151570835	115.69062075100034	-0.021559890606161383	-0.05724741399170716	0.019280252438518358
60.390821	1787824783578108416	47.6414502856232	-122.14016238942476	119.91159151823634	-0.025214686526618724	-0.03157082741249776	-0.03118176474830175
60.498502	1787824783686108160	47.641484126774515	-122.1401887886675	115.30878645661534	-0.03705013724938793	0.003306964553485456	0.06248649388480726
60.601747	1787824783791108096	47.64145132141232	-122.14012853391377	115.53219750471861	-0.053978537903338134	-0.046428741834292964	0.04466955660826346
60.698758	1787824783887108096	47.64146053290934	-122.14014505045665	117.55021438333821	-0.029976106935888976	0.032830425339917084	-0.001979829598076884
60.800015	1787824783989108224	47.64148034368612	-122.1401763169101	120.27391933063649	0.0010760223048446353	0.05111798592114869	-0.03168914434869363
60.895632	1787824784085108224	47.641480741141194	-122.14016110898393	116.09155507623358	-0.10789338874647272	-0.09827706117759953	0.013551987408461506
60.984186	1787824784172108288	47.64147576884992	-122.14020015491224	115.61301593942203	-0.005663854362760397	0.005516624495984977	-0.006311856622567691
61.097574	1787824784286108160	47.64148134668454	-122.14018929074875	115.65115695756235	-0.038400653616276766	0.02405715094435378	0.045298223529969164
61.209737	1787824784397108224	47.64146448242756	-122.14014755228455	117.13717803520683	-0.10648014686283172	0.024843054444920225	0.036614026424138156
61.297948	1787824784487108352	47.64146632689495	-122.14016825316305	120.20841550028642	-0.04754965021750532	0.005897825855506041	0.0864466063747791
61.397184	1787824784586108160	47.64147139081544	-122.14017696469043	117.51796851175382	0.08416009909744877	-0.03971734878061048	0.06973868578457812
61.502163	1787824784691108352	47.64146311308039	-122.14017870361091	117.26288329606652	-0.010538261665657106	-0.045109020416627725	-0.07902491044188581
61.594767	1787824784784108288	47.64148491519215	-122.14017226701291	115.79370691719048	0.1031425619996	-0.011858349167947022	-0.08827696487355358
61.690768	1787824784880108032	47.641473069616204	-122.14012237277643	118.40450729506246	-0.00930601881783093	0.07554743634968933	0.023497904382905704
61.809244	1787824784997108224	47.64145258114296	-122.14017650550362	118.62860298997138	-0.06231570873666277	-0.009995721721800603	0.08556389669206185
61.888056	1787824785075108352	47.6414479034516	-122.14014585735292	116.93598260183336	-0.04674645186333358	-0.05133439200405169	0.06152572055962009
61.994204	1787824785183108096	47.64147086789454	-122.14015272727693	116.19678074223768	0.09517973886729597	0.027306609021595554	0.03344021056987824
62.100287	1787824785288108032	47.64145157079543	-122.14018193234713	121.46814716705676	0.1250125891581051	0.013182245495036764	-0.05113254487288543
62.186702	1787824785375108352	47.6414831097107	-122.14019674205598	118.05523814192964	0.002357382163250513	0.015775301987860823	0.03303205196329592
62.294101	1787824785483108352	47.64147050601564	-122.1401437592049	116.36687934490097	0.005572659196184772	0.07129543068884026	-0.008893854052851365
62.407248	1787824785594108160	47.6414580282789	-122.14016093423159	117.91240245387222	0.02596927576504824	0.008813128080561037	-0.07309941842171333
62.499517	1787824785687108352	47.641474806279966	-122.14015172830167	116.47136656858365	0.050787928964863255	-0.009984858082034155	0.05003119327707237
62.600727	1787824785789108224	47.64145678129122	-122.14016955665213	117.47566122234785	-0.0309010064149402	-0.05738379829203061	-0.025269099786796104
62.705531	1787824785894108416	47.641488498836424	-122.1401724035067	115.60974506812939	-0.028573196180326152	0.09440080110498489	0.02258846439927598
62.811880	1787824785999108352	47.64145132978767	-122.14017341955459	116.36436574532422	-0.07727797452879581	-0.03940473664830961	0.12764573320048664
62.895997	1787824786083108096	47.64145880757636	-122.14018387003007	115.45632074179879	0.010298480169377275	0.052810958386068085	0.05433839412134204
63.005009	1787824786194108160	47.64146561654905	-122.14016385391305	115.30683358794Õ2	-0.033ø6Ω¨63Tﬁ27.πàΩ3∫8âª‹øú∏8Ø4	√ﬁ©1íS9ºÿ2
ú2!36πR
63ï©°8¯›ì£π78ø2≠7°P25œí¸ì6:≠7∑æºﬂ%úéªõS◊∞O6Ø≈áäâò‚˝ºõ±3ûÓíﬂ˛û£1∫Ì¶Q∫ä≠72˛π‰∏íø%†ÅV?öVﬁèã^˚Ø41≠æ"ûÅ•0.0$0«PèaUt7õ÷ô©ò≤ïtuπº8B(!É`v"æAâ(côïvG^°ùM ù÷˛%øOú›ı÷ ©^πA£%7HrºπpØ˛‹^ú$)±9V	•2jWºV1˘Ãﬂ∞øÌ8˛3£ä®4‚P÷Íπ‰©òTúâG2≈0Ñã˝!ŸÙs3Ç}5øpíCMVYüöV◊0 ˚∫±˙B≈0—öª±6SÙ)2™‰í@#0é(6{ªö32uô	äŸ«s÷˛%&íÿ⁄◊1õ∏m±ç+RøYæûu'lˇbπöq⁄Å-1Eò¶%¸Œør˚€èàEØªoŒuÛé|øøÙ ¯æ)AÁö‚»ºıcﬁı˝õ≠ú‹ˇÍM©Ñﬁ›®c∏ÆS©}±"0s)òÆÅ√G?eç‹Â™Æø¸2õcUŒ9
…3.408626Å7ø°24Q÷96 8∞ÉÅ4ø6èπ⁄ªû∫5≠01€ﬂ+¥1òT.π⁄0ú0!27±S74	ä®¨.ÙŸíô∏75π9†3≠Q	0Œö¯ö4Æ8´∫πŸ!õè∫£V¿∏F5†Ùüäâú˛˚æô∞0üË£√¸öû4∏‰±Tºè°67˛∏ÌºíÇ'™¶S!ö^÷+äå^˚°24Ææ'íπ∏822%	ÀQïaWs4ôŸõ°ôãçpM•π2E? äbs'ªFéaì≤uFT∑ûu'ûﬂ˚ ΩGò‹≈ﬁ?©SºCí$1V}∫∏w¨ˇ€Wü!¶0R6Ω8vW∞W1ı ◊πÅÌ.¸8ùà¨2˙RŸÍ∏‰ØöWô±A3‚6öÉ¯#Á˝|8âs8æsì@uVOòû+RŸ.À˘æ∞˘@¸5∆ü:•π2H˝%0®ÂôE%5é3+dπü.5vô5ä‹Œv€Ù%)õﬂÁ√0Ñ∏gªÉQ∏C∞òw "e˛lÅöjŸº23Gú∞)˛Œπr≈√ãïG®∏QÃv
Ïç}øπ˛«ˇ
Ç'D¿ö˛Ãæ≈dŸÙ˚í´ûŸ˙Â}©õﬁ÷®eÅ≠Q∑rº 4q(õ¨πﬁA(m≤√Ô´∑π¯0õ`SÃ25À661	110.±2ø¨06R›3	!0πè∏8∞0Ç∫ﬁ±òø7´	0¿ﬁ°3öR0ªÿ8ú0%70Ωo0.0è¨≠7˙ÿôöª95±4°8ìP38 ô˙ù	Æ8Æ∞∫⁄&íç±ìTﬂ∏O0™˛£èåÑ˙¯πùπ3ô‰û€¸:áõ2∫ÛπR∏ä≠48˝ºÎΩöº®πS?ùTﬁèãW˛©61≠:•!Ñº∞422$6«PåmV}3ûÁö∑öèât}∏π0C !
àfp∏Yãeíå}GP°ò|#õ
÷∆'ªYìﬂ¸÷$†oπ@ù)2Rs∞øu©¸ﬂVí!"∫	R.æ4}^ºW5˙∆÷∫±‘-˝2òï®4¸WÿÎπÂ´ìSòÇ~1˝7Ñà¯ Ÿ˙|8ér2ÅiöYtVCùùP⁄0Ãıπ±ˇ+Z¸.œì±º0R˙!7©ÂõF-ã0d∞ö93|ö5å‹Õwÿ˛$%†ÿ›¿9ìπc Ω≤Q∞@∞òp)b˝mπõt‹º	4@Ñæ ¯ Ωp˘⁄èåDÆΩo“uÔïp∏πıÕıª"N›í≈Œø‚d‹ˇ¯ú´úÿˇÈ}™üÁﬁ∑cΩ©S¨uΩ$7q ù°∏⁄N{äﬂ
ÔØ†º˛5ùmS…01 	0.02866π5æ≠83^ÿ
6%1ªçΩ7Å7Éø÷∫ûø7´92ﬂﬁ´8ío4ø¿6õ4)79øR714çê¥1˛‹Ñõº01Ω0≠9°S47+Œõ˘Ñ1†0©Ω∫‹#üåøôUÁ•G.©ˇíéçõıˇøìπ6õÎúÁ·öû5∏ËΩT±å®27ıæÌæíÅ<©¶V%íS◊ÉèSˇØ19©±%†º¶194"5∆oämQv4ù÷ù™íâã|uæ∏	C&?äaq#∏NäcüçMZW´òu%ö⁄ı%øOö€¸€®W∞Yû$1_s∫ºt™¸›Vú!¶0W2ø8qSæS2˙∆€ºø:Ì.¸0öÇØ9˚T÷‰øÓ™ô_íéF	·0Ñã¸ ›˚s6év4∞süANPCôöWﬁ4+Œ˚∞∫¯O˚4∆ô∏∞2R≈%7∑ÎõC#3É2m±ô	-uò2ïﬂÀtﬂÙ"#öﬂ÷ﬁ2ôø\πÉTº@øù|"c¯bøòr+√¶01Díº"˚∆æu˘◊äçG†+∏Hœs
ÍÉq±∫ˇÀı
∞&Fﬂ+á¸œº˚`ÿ¯ˇì´úÿ¯Ïq°í‰ÿ≠a∏°T≠rÅ 7|&í´ºŸO&läﬁÓ¨´Å¯7ÑcWÀ85Õ6337023	•2¶®40W€69(6Ω≤π1ø9Ç±‹øö∞0®19ﬂ‹+©.öU1Ωﬂ0û2"92ΩS255≤©∑0˝‹ûôπ33∫8¨3©Q78+“ö‚ö0°8©Ωπﬂ"ôÉπûT‹∞}6≠‚üäãí¯˘Åù∞7íÔûŸÙöö1∏Â∫^∞≤≠7.˙ºÏºò±#©æP!ö_›+äâT‚®40®º öøª3111ŒPïe^}0û›ú®úÇçMt¶∏4C"$å`|%∫Nçl£ãjGW™òw#úÿ˚&±@û€˛Á!∑V∏Où&0^}æπv©¯◊Vû'æ4H0∞4MWø^7ÙÕ⁄ø∞Í9˙1öÉ´8Ùo⁄ÛæÈ®û^õÇF9˘6üå˘+<ﬂ˛j4ã}3π|íEsQ~õùUŸ4…ı∏æ˝G¯	“ö∏π3VÙ(8†‰öD%3É	{∏ì41|í9è÷Ã}ﬂı%"í€Áﬁ.ö∏aπÇP±A±úp #e˚`ÇúpŸ±65F£π)˚«∫p˚÷åÉN°∏^Œr‘èjæº˝À˛ª"A›û˙:“π˛g¿˝¯ö®ü‹˙Íq°üﬂ⁄êdΩ∑^≠r∞&9})ì™æŸG)+eãﬂÈ´™ø¸9ìgWÀ41…	0.01515æ5±©46^ÿ8	!1πä∏5∏5èΩﬁ∏õ∏9ì64¿Ÿ™1ìU	πŸ8í2%87±^210É®Ø0≈⁄ùÑæ41º4®7°P86ˆá˝ò2®4©πø÷$õè±íW◊∞~1®˘ÑéÇü˝ıπõ∞1íÍü⁄≈öô9ªÏ∞_±é™27˙øÌæúº¥∏H!úS◊éâRı≠26Øæ"£∏¶005'4 _è`^p4üﬂûØ†çï}tπø4F åmv%∞Oãeõã|FP©£s?ú⁄˚%∏Nò‹¯ﬁ'†o•Fò?1Rtπæ}®˘ÿWí 'ø	W7¶5pW∞S0˚œ⁄∫ø‘-¸.öà®0˘Q‹Ì∫ÍØíSöÉF	·0Ñãˇ"⁄ˇ}4ép5ΩtûCMKGõöT◊3  ¯∫ª˝DÙ
…ü∏∏0P¯1ÆÂíE&8É9d∏í03v£4å¿…pﬂ¯)"ö€›Ÿ6û∫eÅñT∫Yπût)d˚eºütÿ:π21Yúª(˘ æ|˛ÿéåFÆ+∏HœvÈèvæ∫ÙÃ˝π Nÿ£·—∏¸`›˘˛ü™ùŸ
¸ÔrÆõÿ◊êe¶©TØpæ%4} ö≠ª◊D"b9ç€Ï©°Ω˝1£d^»82À78829710∞2Å≠7.P⁄52!5æé∏2Å1â∫¿πû∏6®58ÿﬁ™0úo1πŸ.
ò8%43∏Q776â°ê0‚ﬁöúπ32±4´0ÆP04∆£·ö.©4ÆπΩ€"ûäΩüWÿΩG5Æ≈öïãõ¯ˇ∞öΩ9ò‰úÿıöí
æË¶W±É©32≈πÍ∞ù∞#≠ø^)ô^ŸÉã_˙ê47∑º û±±972$7∆S≤dTj1ûﬁõÆõéäsrªº6~  égv!ªDÉcíå|Eo¥öu!õﬂ˚%±Aú÷Ùﬁ'Æ^ÅGö!5^r±ºr©¯⁄Tô)%π6Q	•0wU±V8˛Œ›ºπ È2˝3ò±Ø5‚T◊ÏæÌêõQíåO2¯7íÉ¯'ﬂ¸p6≤s.æpõCsVGüò_◊	Œ‚πº¸BÙ8 üæΩ4o˝ 7∑ÌòB$6â0aæú	-tÑ0è‹œ}◊Ù$$ö◊€€9üølÅãVøGΩûr)lÙfªúr› Å0.Gò∏(˚ ±s˚ÿåÇF¨∏QırÛèt±∏¯ˆ˝∞&O‹ùÙ ∞ÙdﬁÙ˛í°£⁄‚Îp®û÷‹¨m±¨T©uÅ<1v#Ñ®ºﬁF&d
é›Ó†¨Å˝1ù{_…84«57401892Å.∏Æ77U◊49 1∏åª	∏1ç∏€∏õΩ9Ø35ﬁÿØ2£V.∏⁄4ù2!91æP623è™ì6˘¿ûìº22º+1Æ8Æ^27«úÙõ1°2´ºÅ⁄&ÑçºõRÿ∏B9¨˘õÇÉû≈·πò¶1ûÌòﬁ˘ìû9∫ÍΩoπä´.8¸∞Ó∞üª#™Ω^&õUÁãã^˚´98¨∏&õº∏884-œHãcUw6ô‹ù≠üâérvºÅ0Y!(Çft'øOègôâv}P¨Ñ} û
Á˝&∞@í‹¯Ÿ)°Q∞Gö)2^|Åºs∑˙⁄Wû&&º2S8∏4MKπT2‚Œ⁄∏πÍ2˙6ôâ°9˝oﬂ‰¶Ë≠ôVìåA5¸6õã˛ﬁ‚u5à|6∞sûAu^Aí£Hﬁ5 ˇ∞ºˇG˙3«úÅ•.V˘ 1®ËôG"4à0dÇú5.rì5çŸÀMﬂ˚)&í‹⁄Ÿ8í∞mπãT∫CÅûs'a˝aæír⁄º14B£•#˛—πp¸ﬂéåF†±UÀw‘äs¶±¸Õ˘
∏%Oÿöˇ Å¸{ﬁÙ˚ô™ò◊ ˝‰q©ì⁄€Æ\∏∑VÆwª%1t!ì´øﬂB%f ≤√Û©¨∏Ù8íbV 02∆4335
65.ø8∫´	1Q÷24&8∞åπ0∞5âÅ⁄øÑæ1≠81ÿ◊Ø6üW5æÁ-ò2?40πU113Ç®™4˝Áõõº.0∫3°0ÆT49À£¸Ñ0©2°∫º€%öé∞íV◊±N8´ˇ£ñãÑ¸¸æúæ7õËò◊¸úú3ø‘∏H∏è©20¯πÓΩüπ)´±^)òlÿÉÇ^¸©9	®∞&íºø890)6ŒVÉcV+p7Ñÿû®ûÉàs|∫ø9B âgj ∏FÉfûç|BV†ù:u ûﬂˇ&øFú◊˝⁄#®Vπ~ö?0Ttπ∞qØ˝ÿSô&'∫4T8Å0t^æT5˙Ã›πæÏ3ı6ìàê0‚V⁄Î∫ÔÆúWúèE9Ù0öâ∆'¿¸|5Ç+u7∞síEpQO
õìWﬁ8Õ:¯ø¶˙F¯7Œú º∞
8W˘-®ÔÑF!1É9gøí23|£1äÿ—q⁄¸ 'ì⁄ﬁ‹0ô∫`ÅñH∏Eøõs!m˙g∫öv€∫	0Yõπ
#ÙÕπpı⁄éèCÆ±UˆiÛãt∫±Ù…˘ø&Cÿô¸…Ç˙c¿˝¸öØõ€:˝Í|Æí‹⁄Æl∫†V®t∞ 6tûÆ¶ÿC bè€ÓÆÆπ˘	ádT—14œ13676446∞8+π®2.Uﬁ26!6ºè∏2Å.ãª◊ªì∏2Æ42ﬂ‹Æ8ôP	∏¿0 ô9'66∫W822Ç°Æ6≈√öÑ∏10∏4≠0Ø_13…õ˛ò
Ø.®±∞ﬁ!ú≤πù^Ÿ∞E4ÆÙìàÉú˝¸∞ú∏	ûÍÑÿ¯ùû3∏‰ºRºäê-1˛∫Ûπû∏ ØπT!üUﬁè≤W˝≠.3´∫%ô±º982 6ˆKãeWp8òﬁú®üçÇprªΩ	Z!?ålu"ºNéeìà|C_†£t?ö◊˛#ºDù›˚÷!ÆP∫A†'6Hv±ºq®˛ÁWù)&∞2R8±2uV∞W6¸ˆ⁄ø¶È1¯7òÉ®1¯Q⁄ËÅ®òTÑäC0˝6òà˝$÷¸q+1âj9ªvòGvQGùôS‹	œˇæπ˚O˘8∆í∫Ω9Q≈<0∑Ìö@'8å4aªù01|ô	ã¿œ}ŸÙ)"ì÷◊ﬁ7ì±`ªè(PæYºör&d≈døís‹ø89Bìæ!ÙÕ∞|≈⁄åïA≠ºP q Èãq∫ø≈“˝∫?F⁄õ˘
œ∏Ùaﬁ˚˙íêõﬂ
‚Í}¨ü⁄€™fø≠U°sÅ!.t"í©∞◊F#e âŸÌ©®Å¸.ögRœ63∆11817935Ω	¶©52Qÿ91)5øè∞1Ω(6ç¶€∏òΩ9ê17÷Ÿ´4ù^9æ◊2ö8!2	ºQ.64ä≠¨8˝Ÿüìæ21æ+-®2´H10Àöıí1
†5®øÅﬂ íïºüVﬁº@7≠˝ôâàôı≈•Ñπ3õÌìÿ˚ûû8∫Ô∏Uº≤¥0.¸ΩÔπìæ'®æV&úV÷Éèo¸∑03´∫"úæª360&8 S±cHt2ò◊úêõåå|vºø8N&(ãmt(ÅCåcûäp@V¨úu%ùÁ· ∫EÑﬂ¯ﬁ ¨QπDô#2SwÅπu°‚ﬂWü&!∏2Q8∞1MK∏H0¯«⁄º±È3¯8üé´3˛TÁÌ¶Ì©ûUìäD4ı1ûéı!ÿ˚M0ïv4∏sûDq^Cùì^€2(…˙±ª˙E≈1»í∞∫7^ı)8®ÏíE%	è.aπû56tí1ç‹À}◊˘<õ‹‹¿1û∏d±Ç^∏F∞ù}: g¸{ºò}÷º19Dô∏
"≈“∏j¸‹ààO≠±Sœv ÍÉ qª∫≈œ‚Ω&E◊ò˘ æ˛`ﬂ˙˙õêö¿˛Â|™ù◊›≠bæ®P°w±#
r'Ñ°∏÷F#\å÷Â´≠øÙ9ìlWœ80∆6	47.641º6æØ52S÷	- 2πè∏1∞6ã∫ﬂªúæ	®15¿Ÿ¨0ûV6πﬂ1
õ6'+0.∏R255à≠´4˛›íõ∏66Å0∑0©Q06 íÙì5†2©Ω∫Á!ÑãΩúWﬂ∞F9´ıùÉàò¯˚π(úæ.í‰í€Ù:õù8øÂ∫RøÇ©08ÙπÌ∞ò∞)êºQ?úRﬂãéQ˙Æ87®:• ò¶π401$0»^èc_M1õŸÑ°üçãt|æº5G(":ã{t ΩCégöåsDP≠úuö‹¸"∞Oü€¸‹&†QøEõ&	Vj∏πr©˙ﬂWü%$ª3Q8∞
rP¶_9˚…◊πÅÍ8˚8òèÆ9¸W÷Ï∏Â™üT£è@.˙4õè˘%◊¯w8ä+i1∫vÑFpVFöùV‹5« :˝πΩ‚G˘5 í
ªø5Qˇ)	©ÛöB)7ä9bøú19|í	ñﬁ—tﬁ˘( õﬂ◊›1í±m∞ä^ÅG¶õt!a˝cøùpﬂ ∞36@†æ?¸∆ºpÙﬁ≤ä@°∞TÀs
Ìâwπ∏ÙÃ˘Å%@¿û˝»ø˝mﬂ˛ıú©ûÁ˝Ôv∑õ⁄ﬁ®`∏™U™uª#	u#ö∑æ◊B%gÉ◊Î¨¨∫≈0ÑeVÃ81∆03757891∞	∏∑05Q◊92$6øàΩ0ø+-ã¶ﬁ∞ûπ4´22ÿﬂØ8õT4Çÿ7õ9 07ÅW787É´≠7ıﬁôù±10∞9Ø	≠Q.4ÀùÙì7≠5°æÅ√ òâ¶õRﬁπB3ØˇúâÉíÙ¯Åõº.ü‰ü‹˛öò8∞Î∫SÅã∑01˘∫Èπöπ#Øø_!òQ‹≤ñV‚©06Ø∫!ûæ∞793"2∆R≤eHt1üﬂù®üàätsøæ3C"&(å{w!ª@â+dùÉsOT≠ù
t%ì ﬁÙ#∫C£⁄˚¿'≠WºAö!4Vqº∫M¥˝‹TÑ %∏1_1ª 2pPªo1˝À¿Ω∏‰0˝3ôè≠5˙W÷+Ì¶Ì´öWüè@5˛4òä¯"◊ı:t0äs7øqòCwWOûíS›	—˙æ±˛A˛1œòøπ5l˙&.≠Ïõ@1å7gºù90qì8äﬁ«pﬂ˙%ù¿ÿ⁄1ûøe
æâR∏G∫£i#g‚dºöu€±62Côæ˝Œ∞j¯ﬁâçGØº^ÃtËÇ:t¶∏¸Õ¸Ω'F⁄û˝∆ª˚m€≈·ö∑ö€¯Îu¨û›÷©`∏ÆR≠M∏?0t%ú®æ◊D#`â›‰¨ÆÇ˙7Ñ`Tœ89ˆ17878247±6π®08U€+47?4ºé∞9∫2ç∞ﬁæ£•2´.1⁄ﬁ©4ô^9±›1
õ	 4.∏T159Ç≠≠9¸⁄ûôÅ-0¶5™1™W51…ô¯õ9≠4ê•∏¿!õã∫ö_÷ª@5´ıüçãôˇ≈•Ñ∏1öÂù€˛öò2æÌªQ∞âì67‚æÏøò∏!êπQ)ù^‹Çã^¸¨10°∫%£ø¶641%4∆VåeUw	áﬂò´Ñäãu|ππ7D%'≤du)æFÇmöé}NS´òráﬁ¯ ∏Fô€¯€(¨RøCù"6oi∏¶t¨˚›Wô##º5P5∫6MV¶V0ıÕÿøπÂ2˘4ìè´4ÙlÿÛæÂ°ôUü≤F7Ù7íâ¯(ﬁÙs0Év4ÅpùYrRFûö_›3«¯Å•˝E‚1Àöøø3SÙ&8ØÓ+õF?5à3fæü98|ü7äÁ“t¿¸#%ö◊Ÿ‹1ô±g æÇVº~∏Ñt dÙbΩû|Ÿ
π38BíΩ:!‚œπ|ı◊éÉF©±TÃr Ïâ9rø¶˚∆˛Ω"~ﬂí˚Õº˚lﬁıÙò®ö÷˙ÌM≠ù¿ÿ≠aæØS†rª(1s)£¥π‹E?aä◊Í©™π˘1ú\W».3 20794817∏4Å¥0.V›80%1πÇΩ1±9çÅ√∏Ñ∏5°71›ﬂ¨2úU4∞⁄9:á0?23ªS475à°Ø4˝ﬂìöπ5
æ.†0≠T5	»í˚í2Æ9®∏±› öÉ∫òRÁº@.Ø¯õèÇú˘ıΩú∞9ô‘áﬂ˛õû0πÍπVøà¨98˙ÅÏπú¶#´ΩU#öSŸèçP˝ê-0∑∏!ôπ±182 5ŒQçdoj0í›ü°ûèãqv∫±5@$"+ïer ∏FÇcíçtCT™ô9r)Ñ‹ˇ"æ~õŸÙŸ)´RøNõ)9Wt∞∫v≠≈⁄QÑ'%π4S4π7|UøS	·Œ‹∫¶È0˝8òâ¨8¯W›ÎÅÏ®ùHìéC7¯5úåı(⁄˙M.ãw0ªuõ@vRNöüWﬂ	œ˛ªº˛F˘0Õûπº8V˙0∑ÌõC#8à7bªû64Nú8ïﬂœw÷˚(õŸ÷Ÿ8òºb
πâWπG∞ö}a˚{æûuŸ∞33Bö∫)≈“πv˛¿äèG®ΩR∆u
ÌåuÅπ˝…‚ø!Oﬁõ˘Ãæıg◊≈¸Ñ©õ⁄ÙÎp†úŸ◊®bª≠Q™M•!.t"ô™∏ŸN%eè›Î™®Å·0ÑeTÃ91∆01853323±7ÇØ8.Tﬁ447øÉ∫4ø1à±ﬁπö∞6©	4Ÿ¿≠1û^0∏ﬂ1û1#	-πT2.1è©®6ı÷õìæ48±	®1™H79 ü˚í7
°4°πÅ√!ÑãªôR◊∏A1®˘ìââù˘˝±+ö¶0ûËô‹˚úí6ΩÍ∫Q∞â≠	0‚∏Èæìª&Ø∏S úP◊èâl˙°.2†π$ì+πø878#4»_ämUt8ô€òêûåçpuºæ4O!#âfrπEâdûãuBV°ì}%ìÁ˝ ªYìŸ˛‹'™QøEö(7oi∏¶t®˘÷Uì "∫3R4∫8MK∏H0˛Ã›π∫Ó6˛5ûà†6˚UÁÛ∏Ì†õSûâN1˚8ûÇ˚)÷¯9r.èq7ær£Fs^@òû_ﬂ6ÃÙ∏±˙+C˚.…ûºæ9W˘&1©Ë£Z#2ï4g∏ö17pò5å‹…Mﬂ˝$?ôﬂ€‹5òΩbπäRΩ~•öj"b˙f∞íw◊ª41Gö±:!‚œºv¯ﬁâäN´æUÀs
Ïâ:i∏¶¸œ˙ª Cﬁü˛ŒΩ˘g÷˚¯†Øí¿ıÎs°ûÁﬂÆb∞´RÆ}π'8p ö°∫÷Obç⁄È¨†ø˘8ôc_«	-Œ22.14018±9æ´07oﬂ.8"9∞É∞4Ω7ÇÅﬁ¶ö∏2®66›÷¨7ìV4±›2:ö.!71øW295ã≠≠0¸ÿû£•0.∏1≠7ÆV73Œõ˝ò4ì6°¶Ω◊&ûãæ£WŸ∞@8´¯ùÇäùÙ˙πíπ6ö‘ûŸ‚õû6ªË∫V∏à≠83≈•Ï∫ò¶ ≠∏W(ôP›ÉçP¯ê11Øπ&òæ±167'2ŒTÇ+eHu8ô◊ù†ûèäur±±8@)ïeu(∞GämíçqAS¨ôráﬁ¯!±Nùﬁ˙÷%°Q∞@ù&
P|¶æ}¨˝Ÿ^£ &∞7^4ø
8|TπV8˝…ﬁÅºÛ6¯1ûç®7¯WÿÔπÏêáWòâY1¯0õç˛$ﬂ˚u4≤u9¶tôEuVGùôP◊8ˆ‚∏∏ˇB˚7∆ùΩ∏1U¸&5™‘ÑG'5ç0`Ωú70sú4≤√œjﬁˇ 'ô◊÷ﬁ1üπdπâRÇA∞Ñ|!`¯eÅõsŸ∫47Nõ±
(˝œ∞w˘‹≤è@∑ºWÀ|Ëàw∞∫ˇˆ·∫#Yﬂö˝»ø˘`◊ˇˇö™£ﬂ¸Û}°õﬁ€®l∫™T≠wº0j!ò®∞ﬂC&gä÷ÍØ´∞≈0ÑeV…18Œ61345143æ5+∏∑01Q◊54 7πãπ0π(6É¶◊∏í∏8ê17÷Ÿ´4ù_2∏◊5ö8"2	ºQ.64ä≠Ø5Ùﬂúìª91∫+-®2´H10Õõ¯õ8≠0°øÅﬂ úïæìU€º@2Ø˙òçÉì˙≈•Ñ∏1üÈí÷Ùíõ8πË∏W∏äê0.¸ºÎ∫ìª%©π_ òT÷à≤K¸∑08®∞&ûæπ690&8ÕR±lHu0õ◊íêõåå|vºø9E (ãmv#ÅCåcûäpAUÆöt&íÁ· ∫EÑﬂ¯ﬁ ÆW∏Dì)5PuÅπu°‚÷Rù! ∞6_4±7MK∏H0˝Õﬁ∫∞‰2ˇ5íà°7¯_ÿ+Ì¶Ì©üWöåC8˚9ìã˚)÷ÙM.ãs0ºpíF}^NôíW⁄
∆¸πº˚~˝7«ù∫º9T˛(0®ÌõA4å6dºù14tû4à⁄…|Á· #ò¿ﬂ⁄0õºeøÉSæOπ£u${Ùe∫ìwﬁø61Böæ:<¸—∏r˘◊äéN°∏RœsËé:i∏¶˝ŒÙ
∫)F⁄ú˚
Ãπ˙\ﬁ‚¸ú©ù⁄˘‰v™õ◊€©e∞ìP†j∫!4v$úêπŸO&gå◊Ó†´π¸8òmoÀ7.…41457958æ1ªê-1T‹40 8Ωä∫9∫	äπ›¶ì∫1Ø36ﬁ⁄´9ôo-∏¿0ò2)45ªP246ÇØ°	¸¿öõª73Ω2¨0™V84œò≈á0©2Øøπÿ&õåªìV›∫D7Ø∆úÇïòı¸±íÅ1ùÂù÷˛ìò4ø‰πV∞ã†6	¯øÛæûπ%Ø±R&úVﬁâ≤K˝´2.®∏ ú±∏400)2ÕoäaH}6ü◊ö†üäâv|∫Å-G? ècs'πEçeìÇpEo©Ñu ù⁄ı(∏Nù÷¯ÿ"°o∏Yü%2P}∞Ωq©˘€^û(æ9H9º9MWø^7ÙÕ⁄ø±Ë8˝1öå†6Ùo⁄ÛæÈ®ûSìå@8˘0ôà˚+<ﬂ˛j4ã|2ºwìEqQN:õõH‹5À¸ªπıD˚	“ö∏∫2RÙ(9°ÍíB'2å+0eΩö66uô5âÿ pﬁ˘%(üÁﬁ¿0üædæèW±N∞ùs&f∆c±Ñp‹±8	Fù∞)˛Àø}˛ÿÉãF©∫^«MÍïpπº˙ŒÙ±%E◊ú≈Œ∫˛{ﬂ¯¸õ¨í÷ÙÈs™ûÿÁ®b¶´S©|æ 2v"û°º⁄AeãÿÂ°™ªˇ5üg_ 74«	0.01063∞8π≠44RŸ+0.!8πéπ8±5ãª‹∞íπ(6†.6ﬁÿ®2£W7∞Ÿ8û7(79ºW081ç©ê4˚¿úûπ44ø3©7°P8	Œò˛Ñ1©1†Ω±ﬁ&üèøûRÁπF4∑ˇúâåû˛¯∞ôø6úÈ£ﬁ‚üì5∫Ô∞^ªà´11˛∏ÔÅö¶!´πS(ìVﬂâÇP˝Æ85Ø:∏?öπº404&1 PÉ`Rv
ú◊ÑÆöäâ}Mπø8@)#Çg|(πGÉcö≤p@HØûp$û÷¸)ºNûÁ·ﬂ#´HπCõ&2Us±∞uÆˇ‹oõ $¶9T7π2|^∫S9¯ˆ√∏¶Ô4ı1òÇ´5˛P›‰ªÏ´£VÑãE5Ù3öçÙ&◊Ùr4åM-∏jöOt_@ìõP÷6ÀıÇæıO¸0ÃòÅπ8QÙ#4Æ‰ìO 0É2\ºù.6põ4ç◊Õr€˙&'ûŸÁ√1ò∫{ºã^πFªú|(eÙ\πòv€Ω21Dòº#ı»æ}≈√ãïF©øUÕ}ÔÇrøø˚À˘:•!Yﬁü˘Œº˘m⁄˛˘ö©ôÿ˝‘t∑öﬁ÷°d∫®S©uπ"5r ôÆÇÿN?e
è‹
‘®Æ∞˚8òa_Ã09»108224	4ø6π≠55_÷70&	πâ∫.π0äº◊Ωû∫4Æ03Áﬂ¨.û_2ºﬁ0í9#19øo-0.ã´¨4˝ﬁúû∏09∏2†5®U	0œõ˛ö5†8ÆΩπ‹$ûèæòTÁ•G.©˘öèäö˚ˇΩö±1õÔüÿ∆Ñö1∫ÈΩRÅäÆ87Ù∫Èøìª †±W!íV◊+èåH˙≠14¨
∫'û±π656-ŒTâdRu6ù◊ú†ìãç|Mππ7Y(#
àfv'∫Oãl£ñtYVØír!õ⁄˙&∏Eú€˛Á<©H∏Aö'3Sq∫Ω|®ıÿUõ%•0H1º3tUªT9˝»ﬁ∏±Ô
˚0Ñä©4˙T⁄+ÏøÂÆíTûåN3˛9òä¸#÷Ù:p.çu4±}íCuTG ûú+Kﬂ2—¸πæ˙O˘5 ù∫Å2T‚%3†ÓúF&9à3\•ö.0vô4Ç›Õ|›¯ %ûﬂ◊÷1íÅeπãR∞NΩír
 m¯lºìw+√¶03@öº#˚œæt˛‹àèA≠(øV—u
ÏÇqÅπ˚«˚∫%@◊ô˚
Œ∏Ùe◊˙≈ûÆÑÿ˝Ès®úÿ€°a∫™Pêiπ#2j û©π€B$bãﬂ‘®®∞‚6údV 43…81725	0.∏9º¨23^⁄76#4+∏ï∏3∏1åπ÷æò±3´94÷Á∑0õR8∞÷0õ0)98∏^42
å©∑3¸›ôô∫	1ø7°2≠Q94œõ¸í1©	≠ø¶ÿ%õèºü_ﬁ∞B4Ø˝ò≤ñõ˛˛¶û∏1íÏú⁄Ùòí8ÅÏπU¶é™58˚ΩÎ∞ù∏%¨º_öHﬁãç^Ù®45™∫$íΩº	0.!1…UçmTs0ö›ö´üè≤it¶∏0E!!â`t$±AÉcíéN@V∑ô
}&í+ﬂ˚)øOò⁄˚◊"¨^±Fí#2RMºøjØ¯ﬂRù'&∫4P9ø	iW∫T.˝ÀﬁπºÍ0¸9úè¨2≈WﬂÛπÌÆìVöãG1¯7öâÙ+<ﬁ‚t1ã}1øpì@tPN üûo√0Œ˝∞ºˇF˚2ŒòπΩ	V‚!0´ÔöO)9à1aΩô56Nù0ï⁄∆w⁄˝"õŸ÷Ÿ8òºb
ªçTπG∞õra˚{æûu÷π06Aö∫'≈“πv˛¿äèG®ø_ŒuÏé:uπø‚ ¸π$O›õ˙À∫˝\√¸‚ö†í◊˛ÍrÆô÷ﬁ™aæØo¥t¶!3r$û¨Ω◊B d ãÿÌØê∏‚0õdTÀ71 46954100º(7¶¨96W÷+17)8ºå±3ø4ä∏÷∫í∞+4Æ.6⁄ﬂ¨8ö^8∫ﬁ8
õ412∫H140ä™†0Ùﬁúü∞61Å1Æ.®W99Õû˛ù9Ø3ê∏¶ﬁ"úÉ∞úRÿæD7©˙ôéãü≈¸¶õΩ9ûÌõﬂ˘
öõ7πÂªUÅñ©.0˘ºËºò∏#™∫S"ü^÷±åV‚Æ01®∏õ∞ø824&9Ã^ÉdVv2ûÁûÆÑçäprΩ∏8D  ãcM<∫Eïaöä}BV®ít&ö
+ﬂ˝(¶Cí›˘ﬂ"©QπGò 6oi∏¶t´˝ﬂPú& ∞5Q9∞
6qo∏H0¸ ﬂπªÎ7ı3öèØ0ˇUŸ+Ì¶Ì®íWöÇO6˚8öà˚)÷ÙN0ït5æ}ô~uQOíòQ◊3∆¸∞π˙~¯7—úπº2R˛"4≠Óò~ 2â1eπù71}û5à›…}Á˝ 'Ñ›÷Ÿ8õ∞b∞èP∞DÅöj%mˇm∫úwﬂ
æ54Fõæ:<¸—∏v¯ﬁãçB®øT«uÍÇ
wÅ∏‚œ¸π!Bÿõ˝…±ıcﬁ˛ı†Æö¿ıËt´ìÁﬂÆb∞´RÆ}º!8p ö°∏›Ebç⁄ÈÆØ∏˝6ôc_»4	“122.1401Ω0±®25UÁ4.&3∞ä∫8Ω2ãπÁ∏Ñ∏6¨38÷◊†9í_5æ‹	Ñ0#78∏Q991Ç´´5ı›í£∏.0º0Ø0®V57…ùÙò89Æ0∑±±ﬂ#ûäÅõQ÷øO2≠˚ìèäí¸˝∏ò∞8£Èù¿˙ûü9∞Ô∞_±ä†84≈•Ï∫ò¶ ≠∏W#üQÿäèQ≈®15∑∏(ô∏∞412"1ŒQ≤{Vp4õﬁôØìàèwsøª8@$ãfw!∫Aè`òâqOQ≠ù:i!Ñﬁ˘'ΩEûﬂˇÿ"†RæOù'
Qu¶∏}ØÙŸ^£ &∞7^4ø
2|SπV7ı…÷ÅºÛ6¯1ûé†4¸TﬂÍæËêáWòâY1¯0õéÙ$÷˙s	är.øsüN|TGìíPÿ6+œ˘æ±˝D˚3«ì∏∞
8U˘0∑ÌõB$4É0aπò54|£-ã¿œ}€ˇ&$ô⁄⁄€5õøb
∞Ç(QπYπì| a≈døís‹ø94Díø!Ùœ±r≈⁄åïA≠ºP…q‰àw∏±˙ˆ·∫#Yﬂö˝Ã±˚b‹¸¸üêõﬂ‚Îv™ü⁄ﬂ≠aø†U®}Å!.t%ú™±ŸE"bäÿÌ®≠º≈0ÑeW»11Œ86920734∞4+•©.0^€15%2æàπ6π
åπ¿ªöπ8´	1Ÿ÷°2ûQ9º⁄8
õ0)24ÅR7.6è®≠5˛‹ìúº23ª6ê-®T21œò¸ô0®7™∞∫ÿõäøÑP›øO0°˙ìàäö˘Ùø+ö¶0ûÌû›˝ûì3πÓøTº≤©.0ˇªÔΩöø"™∏_%ò_⁄≤ãH¸®83†π$úΩ∏952)2Àlå{Rp7íŸ£®ùÉÉvpø±4B(%Édr!+º@ïaõè}FS≠ì t!ôÁ· ∫EÑﬂ¯ﬁ °_∞Bú'3WwÅπuÆ‚ŸVô#%º4Q4±	iV¶V6˝Œ÷±∞ Ï8ı1õé™5¸SÁÌ¶Ì©òUûàE7˛8íã˚%ÿ˘
q+0ïs1ΩwúCwWNùìU€2(»˘∏∫˘B≈1»í∞∫7_¯'9©ÏíC'	è.aπû70uü5ä›Àtﬂ˙<õ‹‹¿1û∏dªãVΩGªòq: d¯{∞ô|›∞24Oú±¸—∏r˛◊äçE°øQÕr Ôâ:i∏¶¸Œ˘± NﬁüıŒæ¸f‹Ù≈ö∑ö⁄˚Ïp´òﬁ⁄´`±©V´Nø .r!ô†æ‹~ mÉ‹Í†≠øı2õeT«8	À7.641473π4ºØ90SÁ22?4πçº2ª1ç∞Ÿª£π7∑39›⁄¨0ùW8ºÿ8£-!04ªQ470ç°†7˙ÿùöΩ6	∏0´7´^18Õô˘ò2Æ9¨Å•ﬁ?öãªü^ﬂ∞O4≠ˇöèãü˝ˇ∫(ùπ.ùÌúŸ˚:õù8øÂ∫RøÇ≠89¯πÌ∞ûπ'êºQ?úRﬂéàQÙ†19≠Å<õ∫¶140 6«PéfTw1£ﬂõ¨ÑÇÇtqππ6E%(â\t?∏CåeùèsEVØö v"ü+√¸?∏Dò⁄¯€(†T∫Oô(7_pÅ•t∑¸ﬁTû )π6T9±3|Pøl7˝—÷∏ΩÎ0≈1ùÉÆ8˛RŸÈ±‰™õVíâE4≈4ùï˙ ⁄˚u3Çp7ΩMáFvTYûöS›3…˛±Ω≈F¯.…úπª3W¸(9°Í£G!1ã9b∏ú51uõ0Ç›«pÁ¸?!ö◊Ÿ‹6ìøb∏ÇW∞BøûM?e˛f∏ít€∏94Níª'∆»πjÙ◊ççN°+πQ«sÔè}Ω∏Ù…˝∞ Aﬁ+û˚…º˝aÿ˘˝öÆúÿ˝Îrêáﬂ‹´dº©W¨r∏#0v!û´ºÁF {é÷Ï†°±˛0öl_ˆ0.œ17642902Ω2º°09QÁ.1 0æâª0∞1âøﬁøòÅ.©24ÿ÷Æ5ùU3ªÿ4ô21.±_880âê®7ÙŸíòº79Ω8°1©^28+Àù‚ú4≠5©Ωπﬂ%üäøío√πE2∑˝ûãäü˘¸Ωúø9òÎ£ﬂ˛ûô2æ‰πPºÇ°71¸æ‘∏Ñ∏#°ªS!ûWﬁâãW¯´83ê∏?ö∏∏580 3ÕQàmPp	áﬁÑ©úâçpuª±5C##èbN&¶FãcíçMFQ°ùv%ù
‹ı(πGí›˘‹≠Q¶Aõ%7Ssªºs†˛⁄W£< ∫2H4∏6tR∏_0˙ÃÿÅπÍ.¸5úç™4˘U÷‰∫Ô™£KöïG0¸6üãÙ'ﬂˇ|0èq6ÅtÑGpPNûõU›2«
ÙΩÅ·Y¸1œõæπ9Vı'8™‰üO(&2ï0aπõ	1sí7É‹Às◊˘")ìﬂﬁ÷2òº\øïRπCΩôt"e˛dΩüMﬂ∫.1Cöπ'˘Œ±}˚⁄àå~®ΩHÃrÎäqææ˝Œ˚ªZﬁö¸ÀΩÙfŸ˛¸í®üﬁıÔs¨£ﬁ¿©gæ≠^Æ|∫#4q)ô®ºÁZ!eä›
Ì≠™∞˙5ôfR…09ı72.30587∫+1∞Æ82RŸ49%0πç∏	º.çºﬂºùª6©37ﬁŸê-õT2¶ﬂ4õ7!97ªS574≤®®3‚÷òòæ85∫9†4¨P4+0œü˝í4™3¨Ω∏›)òèπõRÁ•G.©˝íéâúı¸∫í∏9íÍò◊≈öö0∞ÏøPπã†48¯∫ÎΩì∫)ìøT?ûVﬁã≤W˚°78´ø(ü∞ø108!9…oè{Pu4û⁄ú®öàèswÅ•1E#?ãdr"ªDãeûàMFW¨Ñ |(öŸ˙(Ω@ì÷˛Á!∑W∏Cô(6Rt∫∏u†¯‹_û!¶0Q7∫2tU∫Q7˚…ﬁªÅÌ.¸4öåØ0¯U÷Ó±È†ûWû±@2‚5öà¯(Á˝|8âs9ΩrìEuVOôò+RŸ.Àˇøπ¸C˙3Œí:•π2H˝%0®ÈúB"3ã4+dπô.6uì0ç◊œ|⁄ı(&í€Á√0Ñ∏fΩàWπA±ìr&d˛bÅöj€±06Fú±$˙ŒªpıÁñãY©æU∆rÔÇuæΩ˘…ˇø@‹üı
Œ∞¯\ﬂ˚Ùù°ò⁄ıËs°íﬂﬁ°f∫êRÆjæ%1q!û≠±€G m≤√Ô´∑π¯0õ`RÕ39Ã017	114.æ6º™33R◊940∏âΩ8ª6åæÿªòΩ4≠04Áﬁ©3õT9∞◊0í4%46±U	0.ã™´4¯›ööΩ87º3Ø6´l7.∆ìÙû1:®7°ø∞‹%ùÇΩí^ŸπG8©ıú≤èù‚˙ºûæ2ùÌõ◊ˇú£-πÔ∫Hπè©13ı∞Ëºü∫"Æ∞o õP¿äÉV˙¨02†±"í+∏¶004'7∆^âaTw7í÷ì®£ããupºª0N&)ãb|!πA≤eÑãpET≠í
v&ù⁄˘!ºD†Ÿ˛¿)©SæC£ 7^s∞∫pÆı€_ì$ ∏8V6Å.rRπR9¯»‹ºøÏ8˘	áä´2‚W⁄ÔπÂ™ûTòäB2Ù	õä˘"‹Ùs3ät1∞w£ZtHGíõV◊9…˝±∏¯A≈0—ö æΩ0V˛#1™Íò@$	ñ.eπì86wô4É⁄Ãq⁄˘)(ô€‰Ÿ2Ñ±e±ãoπ@∞ù|%bıc∏ìpﬁπ60~ûø'¯ŒºrıﬁçèE¨ºT MÏâjπº¸Œ¯∫"B›íı ˆπ˝`¿˙¯úÆúÿ¸Ï|ØõﬂŸê{∏≠S¨}π'1u$ô´ø€@"\ã¿Ë´≠π˚5õdWœ86∆49	-0.04ø8ºÆ14Vÿ79%(7¶Ç±5ø6≤πŸ∞ù∞4Æ96ﬂ÷®0íT8∞Á4Ñ6%46ΩR878â©≠9≈√õò∫.1º1¨9ØT64œì≈õ1∑6¨±Ω›#öàΩõS÷ΩE	¥¸Ñãâì˛˘±úº0íÏò‹ˇü£0¶Ì∫QªäÆ35ıªÍ±ö∫$ÆæSáV¿çéS¸Ø87® æ ì∞ø5
7".œ_ÇaW+u7íŸí´ûåçv|æπ0O ':èbj'πCåfìÉ|DU¨üM<õ¿˝%∏FüﬂÙ⁄)≠SπB£ 1Pj∏ªv™˛⁄Rù((±7Q	•0vW∫P5˛Õ€±∞ Î6˛6ùÉê-¸Hﬁ‰∏ÂÆûUõéE2Ù5íÉ˝+!¿¸}1äu5æpìEs_O†ùHﬂ9 ≈πøÙO˛4»ìª∞1VÙ#8°‘ùY%1è3bøò99|ò	ñﬂÕv¿˝%!õ÷››8úªfæâ+WπA¶û} gˇeªût⁄º	-GÑπ Ù…øu˘ﬁãçN™æP MÌïpæø˛«˝±#O€ö˝ÕÅ·e¿¸ˇú°úﬁ
ÙÏt™öÿ◊°mΩìQ™jª!7r(ûêπŸO&gå◊È†Øπ¸8òmoÀ7.…41471676±6øØ	-W‹14!7±å±7π1èÅﬂπí¶3¨11ÿ⁄Ø5íV4ºÁ0ö9"53∏U795É°®1˛⁄£á∏.0ª6Ø4¨_30Õíıú3:©.©ºªŸ%õéºûRﬂ∫A9Ø˚ù±åô‚ˇ±ì∞2£Ïù÷˚ûù9æË∞Pπã°16¸ÅÈøÑæ%®ºP(õ_ŸàäR˙ê-1´¶ ûπª645"4 Râ\Ws.ùŸôÆòèãrtºΩ5D!åeu'∞GâcüçsOo©Ñw&ú÷¸&∞NôﬂÙ€'†o•Gö#2_p∫ªtØı◊Sü&(±
Q.º6w_ÅW7Ù»÷∫º‰6˙7úä©8¸U‹+ÈøÛØûWûçE6ı6öé˝#ÿ≈u2ïp0πuûFtWA
ûõoﬂ1—
¯ª∞ÙAı9œõæÅ.Vˇ%4®ÓíA!3å8aΩ£0.tü4à‹∆w€˚"&ù€÷⁄2ìÅx¶ãTæOΩü}%m˘læôt‰ª.5Nüº$≈Œø|˚÷âè@†ø^ÀuÂâ|Åº˚—˙π%Oﬂü˚ÕΩ˛bÁ·˝ò´Ñﬂ¸Ïs©û›◊†a±≠o®uæ?1t!õ†∞⁄F)aâ‹:©∑∏Ù0òeTÕ91Ã288447	-∏0π´48W◊91 1ªÇÅ-∏0çΩ›πòº2≠96ÿ‹≠9†Q3¶ÿ9ì1&+17∞Q824å†Ø8Ùÿõö∞16∏+4Æ.ØR17ŒùÙú0≠6ê•π‹#ÑäºöW€±B5¨˝íèà£˝˝æüª1õËì›˙ öõ5π‘∏H∏â©25¯ªË±ü∞#´ΩW$úTÁãèQ˚†90Æ±"ò∏Ω72	!.œTé`Us9ì÷û†íéà|Nøª.O!!
â\u&øOâbìç}O^®öt"ò:Ÿ‚'ºFûŸ˚ﬁ$¨^ªO£<1Tv¶πp©˝€Rò)$ª2Q	π.u^∏Q7ı«›øº
Ë6˛	öï©0˝U€ÂπÏÆôTùéA1Ù6£ñ¸!›˘t7äv0∞tùFvU~ÑöR‹8…Ù∫ø˘G˝7 †ª¶9Qˇ 7êÏí@#4å7mºõ08tô2≤⁄»jÿ¯ %ü⁄÷Ÿ3ùæf∫≤W∫E¶õp `˝c∫ù|›æ	1Fì¶"˝∆øt˘›ÉèO†æo“tÌè s∏Ω˛œ˝º @÷ù˘:œ¶¸d÷˘˝ú¨öﬁ˘Ív©öŸ‹≠+x∏∑W®t∫%4p'ò™ªÿB"b ±Ÿ Û††∏˛9ò\Q«78Õ47971771∏2ºê47Hÿ47)1∏åª9ª+-ä∫‹¶õº1†81Ÿÿ°8ò^	πﬂ7í0!28∞W943äÆê0‚ﬁôòª11∫2™2ØR73ˆá¸Ñ0¨8†∞π÷'ìç±ûT€ªE5ê·öïãû¯¸ªõº7üÈü⁄˛öû
øÈ¶W∏å´23≈πÍ∞ù∞#≠ø_&ò_⁄ÉäP¸ê47∑º ûπæ564 7«P≤dTj1ûﬁõÆíéÇruø±7~  Çgw(ºNÇmûàrNo¥öt%ùÿÙ&ªOò◊Ùﬂ'´SÅGö 6Utπ∫q°ˇ›_ö(!ª8o0¶1qQΩW2¯…⁄ºΩÍ9˝2†å≠.˛VÿÍ∞‘®ù^ùÉE4˚9ùàı ﬁÙw	èj6ºuûB|_@ööW⁄	Œ‚πº¸D˙8Ãöæπ6o˝ 4∑ÂìB 9ã4mΩú	0jö2äﬁœs⁄˘%'í÷‹÷3õøg:•ãVπEºöp
 aÙa∞ûq÷ ø	-GÑ∏"ˇ∆πuı◊ãÇF´∏T»v9Íèv±πˇŒ¸:π&OŸò¯∆ø¯mﬁ˝¸í´í÷:¯ÍjØûﬂ⁄¨aª≠VÆwø'	i ò´¶ﬂC!a
å◊‰¨´º˚	õdHÃ59Œ82419711±	∏∑04P⁄75!9∏àª5∫+0ï∏ﬂ±ü∏5¨00‹ﬁ™0ò^	∏¿0
ù4(37∞P508Ç´°4∆ŸûÑº00Ω7ê1Æ^72»ì˚ü8®0°∫∞÷ûå¶úRﬂºA1†ıìâãú˘ıÅõ∫2ÑÏûﬁ˝ìõ7∞ÍæQÅä®5.˚∏Â±ù∞)≠øW$ôU÷+ïãV˛Æ60©∏&õΩ∫931-œHãl^}8ùﬁù©üàÇsvÅ•0Y!%çmp$∫Oèaíç|ClÆûq!ü›≈ øOù÷˛⁄&†QæNõ!8TvºÅpÆ‚ÿRõ%&∏3S0± 9MKπT2‚Œ⁄∏π ‰5˘6úç°	˝W÷Ìª‰´òRùÉC5˝9íà≈!¿¸ t4év6∞qúNsUE
í£V¿0∆  ¸±∫˚N˘7ÃùªÅ0H¸#4™ËòN'3é8d∞†74jü9Ç◊Œ|Á˝&)ù÷‹⁄7ìøb±ä^∫Eº£p?c¯dºúrﬁ π37DôÅ ˛Õ¶u¯ﬁäåD¨ª^»}‘äu¶∞ı»¯º'N⁄ù˘ˆ•¸{ﬁ¯˚ú™ôÿ¸ËtØö◊‹Æ\∏∑V≠tπ$8q!õ°ø‹G(m:ã¿Ô´´Ω˚8õmS…39Ã827
74.7∏8æê17^Ÿ47(8øä∏8∫4≤ºŸ¶úº4Ø46‹Ÿ®4ùo-π‹2õ4!77±S057ç¨Æ	˝ﬂùÑπ04∞3Ø2™Q52ˆá¸Ñ0™3™π∫÷ ìàøô_Ÿ∫C7ê¸Ñãéí˛˙øò∫7ûÓù›Ù
£ö.∏ÏπPπÉØ86˘ªÏ∫ú±(°æl&ûHŸÇåP≈®78Æ∫%ùø±751!8œ_ç+aQr4õ⁄ù°ôäè|u∞Å-F##èeu&∞FÇcüäv~W®íu%û€˛&øGö◊ˇ€¥V¶Gù&1Vw±∫p†˝›Uú%"Ω	K.∏ 3pP∏^2˙«›±∫
Â3≈0Ñã®9˝SﬁËπÎ©íWôâB5∆7ûïı)ﬁ˙ M7É|2ºsìOt_BöíS‹	»¯πº˚F˚9»ü
ºπ:-W˛#.®ÈòG 9ã6fÅõ14jõ4äﬁÀ|ÿ¸%)í⁄÷›	á∏{∞ÇP∞Bπüs
(m¯e∏íMﬁ∏93Búæ!˚«ªt¯€äÇFê∏HŒw‰àp∫Ω˘Œ˙
∫&C⁄(ù¯∆±˘fÿı≈õÆíŸ˛Ès†íﬂ÷´e∞®P©Mº&.r%õ≠ΩŸD lÇ›‘¥®∫˛.õaWÃ47 524645	1π.∞°06Vﬂ51(	∏ï∏3º3àæ÷πíΩ2™59÷Á©.ö^6∫ﬁ8ü8%07øU9	-ã∑©6˙ÿíôπ59ª9®9™^3(7—õ˝ö9 ≠	®ø∞Ÿ)òèøì^‹±N1©Ùôéâ£¯˚¶ûπ4úÈò‹¯ôò	•Ï∫T¶ä≠01ˇæÔæöΩ"°ΩRõW€äÉQ˛Ø73´π õÅ•0.0%2ÃVâbQ}0ôﬂö°£ñïtuªø3O#&éb|)øF≤{öârER°ùw&ò◊˘&ºA†Ÿ˘¿#®W∫B£ 7^s∞∫pÆı÷Uì) ∏8W0Å.rRπR5˘ŒﬂΩ∫
Ô8≈-õâ´.˝RﬁÂ±Ì¨õWõèF3≈1òâ‚%÷˘p6âr0ª}£GjVDüì^⁄6… ¸∞∏Ù+Z¸.œò∫ª5W¯"8°ËõB'	ã0bπù56sû1å‹ s€˘$$†Ÿ€¿2ìøm±≤Q∞@∞òp(m¯mΩõt‹º	4@Ñæ ¯»æp˘ﬂäåE®ÅKŒvÛätπºˇ…¯∞'FŸ+õ˝ —∞˚`◊¯¯û†öÿ˝Èqêáﬁ¿©eºÆV°wΩ&2t&ö¨πÿ~!eä◊ÂØ©æ¯0üdT∆7	œ.0358683∫5∏≠78S⁄(5."5±ÇÅ1ø7É∫⁄øì∞8≠10÷ﬁ´	ûQ.æ⁄1ü8%24∞V36	ñ®´2‚ﬂûöπ86∞1†7°V4+1ÃÑˇô2°6®øæ€'òéª£V¿∏@6™Ùôääö˘¸∏öπ7£ÌÑﬁÙìü5∞Óæ_πé≠09ÙÅ∏Ñ∏'´ø_ íR‹çÉWˇÆ1
Æ¶%ìæ∫2	1&8»^âb_r8öﬂö°òÉ≤ps¶æ4F%(çfw æF≤dòâjFR©õq&úﬂÙ#π~õﬂ¯¿#©_æGû$9^pº∏uê·ﬁHö#"ª7R3±9}Q∏V8¯ˆ√∏¶Ì4Ù2ûäÆ3˛^ﬁÏ∫Ô†ûoáãY0¯6ûâ¸'ﬂ¸q9àN7ΩjüNr_A£õ^Ÿ8À
Ùø∞˘G˚9…í:ºø6R˝%6¨ÍüD(8à	d∫ò.1pö1å◊Àw€ˇ%"ì€Áﬂ1ù¶dºà^æBªùu $c≈x∏Ñt◊º27Bô∫"˚œøwÙÁãïG≠æQ…t Íãwæº¸»˚Å!Yﬁö˙ ∆±˘fŸˇ˙ü°õŸ∆Íq∑ú◊÷©lÅ®Q°s∞#4s(í°∞ŸF!e
çÁÍ∑Øº˝4íaV«93 82	-122.π0Ω®52V›381¶é∏2º2å±ﬁΩõº2ê-0¿ﬁ©7ù^5∏ﬂ3ô5 39ÅK0.0â®≠7¯›ûûΩ89ø9¨4êV.3∆ú˚ò7Ø5¨ø∫›$û±øüHŸ±A9¨Ù£äåí˚Ù∫ù±8ìÂúﬂ¸õú	ºÍ¶Pºä≠79˝πÎπùª)ê•W#òHﬂäâU˚†60Æ±$£πΩ.08'2 Qäb_q7üÁá©ÑãÇr}±º3C&#
åb}#ÅZãeúâvC_Æü u$õﬁı"æ~áﬁ‚ﬁ!ÆSΩBù!6^r∫∫}°˙ÿlù$?±0V1ø:7|Q∞T4˚∆◊∏∞Ï0Ù2íÉê4˚HÿÏºË°ô^öäN3¯0ú≤·#‹‚p1èq0ºvôFsQ~õûQ⁄5»
 Ù∏º˛D˛	“ö∏π
3R¯)8ÆËòC'4è+-{∏ò72}ù6Ç€œr›¸"!ù›Á√0Ñ∏d±åR∞D∏öq%cılÇùrﬁ±03C£π)˚«∫p˚◊ÇäNØ∏^œw‘èjæº˝À˙ª&C€õ¸ Å·d‹˛‚õ≠öﬂ˝Ë|≠õ◊›†\π®R∑q∞(4s&ô´∏ŸA%b:ñﬁÌ´¨±ı3ìdV∆49»306	0.02∏4∞†84Q€62"	¶ãª0æ8à∞€æüº6¨68‰Ÿ∑1öR4∫‹	ù8&24ø_929â®©8˛÷í£º7.æ1≠5®P19∆í˚£-´2∑πºﬁ ùçºôU÷±E9¨≈õäéÑˇ˘ΩìΩ0úÏü⁄ˇ£ö.∏ËπQæé°53¯ªÌ∫üΩ%®ÅK!ÑVﬂçè^¯≠93†
æ%ûÅ∏.01"0ÃWãeUq0ü◊í°í±çju±ª1G Éb|#øNÇmòätOWØö:p&Ñﬂ¯'∏Oì÷˝ﬁ#†SÅZò#.Wp∏πq°˛ﬁSü!"π1o1∞4qT∞^0˚∆›±ΩË	·0ÑãØ3¸V€ÎπÎ†òSíâO6≈0Ñã˙%ﬁ˝s3à|3ºrí~iVYöùSÿ5À˝∫∫˝D¯
»ú∫∞6_ˇ1ÆÂíE&9Ç7d∏í03v£4å¿…pﬂ¯( ö⁄÷€9íªb:•äT¶Fºöu '`˙g±ùp◊:π15Yù±"ı πr˝ﬁéçAØ+•V—tÍÉp∫ΩÙ ˛
π(N›+á¸œΩˇmÿ¯˛ú™í◊˚Ìt≠úÁ√©e∏Æ^†}∏"0u)üÆ∏ŸN#_ç¿Ì©®∏˙	õbQ«24»99589108∫4+ºÆ.6Rﬂ64#5πéπ6Å1â∫¿πû∏5¨60÷⁄°7úo1π◊.
ö1&47∞R612é≠ê0‚ﬁôòº73∫3°2´Q63ˆö‚ö4†7≠øΩŸ!ùèΩûQ€ø~0∑¸ôàéö˙˘∫íΩ9òÏòÿ˝9ùú.ΩÌ∞P∫åê17ÙøÂ∫ûø(†æ_&õV÷è≤R˚∑64®æ)ú∏∞146&	“Wâ{Wt1ùÿìØôÇâpMππ5Y$&ég|%π@Çb£ãjGT´ûr%û €˝ ±@üŸ≈ﬁ?©VπOü!9Upºøv¨˝›_í<∏.V0æ3pR∫P4˝«›Ωø9Í6‚5ìå≠4ˇoﬂÂøÂ´ûQìÇ@8¯1öÉ˛)Á¯j4är3ø|õB|TOü£W‹2Œ˝Ωæ˛Dˇ9∆ìÅπ6H˙$5°ÌöA#4ä8+x∏Ñ00tõ4è⁄Ãtÿ¯ #ö◊››0íÅe∏âQºA±ìr&l˝`∞õr+√¶03Cûø%˛Ãº}˘‹éåFÆ(øP—r
ÔÇwÅπ˚«˚∫%@◊íÙŒ∏Ùe›˛≈ûÆÑÿ˝È|™ú÷Ÿ¨dΩÆRêiπ#2j û©πŸ@)`ä⁄‘®®Ω‚9úcQ∆42Ã13036	-0¶2∞≠94V÷36!9∞≤∏.∏0é∏÷∫õ∏0Æ41Ÿ›Ø	áV.∏€1ô2"26±T941à™ì7˙¿ùì±44∫+1Æ8Æ^27∆ìÙí1°0™∫Å⁄&ÑçºõRÿ∞N5´Ùûåèú≈·πò¶1ûÌõ›ıõö0ΩÎøoπâ©.2˚∞Ë∏í∞&Ø∫V#ôSÁïãW˙®24Æ
∞'ü∞ø368"	œHã`Wr6ûŸú†öÇâws∞Å-G?!àbq#∫BäcíÉ}AR¨ú9s'Ñ
€˝)æ~õŸÙŸ)´R∞Gö(3Wt∞∫v≠≈⁄QÑ'%π4Q9∏3}_æo-˝Õ‹¶πÌ1˘0ìã´2ı^ÿ‘πÏØÑWõãD3˘1öÇ¸ ÷ı:i.ãw1∏vòOqVFôò_÷	—Ùπæ˚E¸7Ãùºπ 9T≈<0∑ÌíE&5å3e∞ú76}ù
åŸ—tﬂ˛"#üÁﬂŸ8ù∞g∞ãT∏Fπö|#a≈aøÑrﬂø96Où∞ &˙ŒÅi˝‹âïF≠πQœ|‰ät∏±≈Œ˝
¶#Eﬁöˇ…∏˚e◊˙≈á©Ñﬁ˛Ì}¨ùŸﬂ®gºØS¨r∫0j!í°º⁄D&aéﬂÂ¨™π≈0Ñe_…15»43180632±
ø∑11V⁄	1&7∫è∞0∏9åπﬁ∞ò∫	≠7.ÿ⁄≠3ô_1∏ﬂ3ú212∫H140äÆ¨8˝ﬁöíø41Å1†.®Q98«ôıí6¨4ê∏¶ﬁ$òåøí^⁄∏@3°¯ùéà£·¸¶öπ8íËöﬂÙìì8∞Î±UÅã∑02¯øË∞ù±%ØπR"üS‹(ååH˛©94ÆÅ ùø∞248!0Ã_çe^w2£⁄ù∑úèèsqæΩ6B(#è\i ∫YäeõèvDV†ôr&ù:ﬂ˘?æNõŸˇÿ'ÆQæFü 	Vj∏π|Æ¯ﬁVô#$æ5_9æ	tHπP8˘Œÿ∞∞È7ˇ4ôç®8≈KﬁÌºÍÆü_õèD8ˇ2üéÙ%‰˚j9Ç}4ÅuùOs^EíöR÷6œ˝æÅ¯Y˙4Œûº±0WÙ#2ÆÈ+áF#.ä0bºú24rì7âﬂˆuﬂ˙?$û⁄÷‹2ò∫m
±éPÅZ∏Ñt"l˘m±òp‹∞61GõÅ!‚œ±r˘ÿàèOÆ∫V»tÌè:t¶∏ˇÃ¸∫%NŸì¸ œ∫ˇl‰˚˚Ñ™í€¸ÏM®ù÷Ÿ°a∞©V¨sª 0|#ò≠Å⁄@?aè›Â®°ª¸8ògo“12Õ.1401520∞5±™4	Wﬂ71&7∏çπ0∞4äÅﬁ¶öπ3©40÷ﬁ¨5íP2ª÷2:á0?69øQ636ç®´6˝÷ùöº	-∏0´3©W43œúÙí2Æ5™ÇøŸ?üäΩöUﬂÅF7°˚íâèí¸¸øòπ0íÏúﬁ≈Ñú4πÈΩ_πä≠32ˇæÈÅáπ#´¶W%öW÷ããV¯†26ê∫#Ñªπ150#2ÃSç`R+i0ÑﬁüÆùççvwøæ2B$" è\t?ΩBäcíåvDS¨ìt&ò:¿¸'∞Bò◊¸‹&≠^æOô&4lsø¶q†ı‹^ù ø8Q2º0s^æW0ÙŒÿ∏ÅÍ.˙4õè†6¯^€Íæ‰°£KõâE.˝4öäÙ#›ıq	är.æqúFr^GôìPﬁ5+“¸Ω∞˚OÙ1Àüæπ
0U¯-©ÛúF"5à8e±í96sù6≤ﬁ—tﬂ˙)%öŸŸÿ0üæl∞ÇRÇ@øÑr
$c˛eÅõsŸ∫48Gö∞$˝œ∞v˛⁄≤è@∑ºWÀsÔãuºª˚∆≈π#E¿û¸…ø˛`€˛ıüÆüÁ˛Ìj†ù››°c±≠W™rø"	t?ö¨∞⁄A#`à⁄Ì≠´ªˇ	áeVÕ84»99281288º4Å©.0TŸ00"1ªÉπ9∞
åø¿∞öΩ4†	1Ÿ÷°2û^0∏◊9 õ0)24ÅR7.6è®≠6˚›òûæ51∏	¥1´T.4Œû¸ì4 ©4©ªΩÁ õè¶öU⁄∏F2≠¯ìãçòıˇÅÑ∏7ìÈù⁄Ù
úô8øÍº^Åã∑02¸πÌ∞ü∫(Øª^'òV‹+ñãH¸´49´∏"üº∞038!7Ãlå{_t1ú◊£®ùÉÉvp∞∏1G()Éau'+º@ïaõèqCW©öp(ô
Á· ∫EÑﬂ¯ﬁ ≠_ªAö(1QwÅπu¨‚ﬁ_ö!&±6P9∞8MV¶V6˛…ÿ±∏‰7˛2íå°7Ùo√Û∏Ë®úWùäO9¯9íâ˙"€≈t0às8Ω|ìOsVNùöQ‰7—

˚º∫Ù+F˚8»íº∞1WÙ$1©ÂòC+%7ï4aΩõ90tû1É⁄ÀrÁ· #ò¿ﬂ⁄0õ∫l
Ωé_∞CΩ£u&{˝cøõ}◊æ92@ùª:!‚œπt˛ŸâãA≠∞U»s‰åM∏¶¸Œı∫#F◊í˝…∏ˇeﬂ≈·ö∑ö⁄˛Âv¨ú÷‹≠b∫®Q©qÇ&8j ö®ªﬂGbå÷È°©π˛9öd^Œ60ˆ47.64147º1±Ø08S⁄+12#1∏â∏3æ0èø◊πûÅ1Ø.5‹ﬂ°6íR6∫◊7í	<.0ºR136à°≠1˙Ÿúõπ19Å.©5ØU31ÀöÙõ3°7†Å•ﬁ?öèΩôV€∏D1ÆÙûåéò˚˝Çí¶1ìÔôﬂ˙+ùí7∞Ôº^∏ä™80˝∏Â∏ô∫≠øH'ûW⁄éâ^ÙÆ70´Å<õ∫¶140 7ÃPéd_w8£ﬂõ¨Ñåâusπº0D$%≤xt?πDàaôçsG^Øí w"ù+ﬁ‚!ºDúﬁ˛›%´SΩEû$0TrÅ∏j®˝◊Qô%)∏9T9Ω3rlø^.ˇœ◊Ωπ‘1˚8ùÉ´4ÙVﬂ‰øÏ©íTòè~4˚.úè˝)ﬁ˝u0Çp6ÅiõEvHFöõT÷4 ˇºÅ˝E‚1«ü∞∏0^ˇ%9´Ó+áG!0é2løô91rü1ãÿ«uÁ·!?ö÷›ﬁ6ô∫a∫ÉQªNªíM!{¸g∞ír€Ω82Bõ∞ ∆»∞j¯ﬁãàDÆ+πQ«sÔètπΩÙ»˝∞!Nÿ+û˚…º˝a€¸¯ì™ô›˘ËM¥õ‹‹∑a∏®S©uª&4u#ò°ÅﬂF'aâ◊‰≠≠º˙4òloœ.1Õ91085493º9π†3	V¿85"8ºâ±2∫4è∫›Åá∏0©92ﬁﬁ°7ùV3ª‹2õ48.º_912àê®7ÙŸíòº80π8Ø1©^10+Àù‚ú4≠6®∏∏›#õç∏ìRÁ•F2´‚õèãõ¯ˇ∞ö∏3ü‘õﬂ˘ôû0ºÈøT∞å™88˚ÅÌ¶öª#ØªU õT◊çèW¯≠6	¥¶!ôπ±676!6ÃQàdQr	ö¿ö´ûÉårpª±4@$'çmN&¶BÇaíàMFQ°ùv%íŸ˚(πGí›˘‹≠Q¶Aõ%7^|±ªtØ˙◊U£< ∫2H4∏6qRæ_8˛ €ÅπË.˛3ôÇ†3˚Q›ÂπÏ¨£KöïG8˙2ôâ˘#Ÿ˘r3çM0¶tûEtQFõíV›8Ã≈∏¶¸Bı9Àúπæ2RÙ&6´◊íY!0Ç8+døí78vû8ãﬂ«}ﬁ˝!)õÿﬁÁ4ù¶cπè^ªDºí}$c˘\•õv¿º01Oíæ'˝œ∫vıÁääN∑ºUÃvÂäw∫±˝ˆ¸∏$Dÿûˇ ∏˘gÿÙÙú≠£ﬁ¸Óu≠ò⁄ÿ≠fΩ≠_°|∞ 	t?ö®∏ﬁF$e
Ç◊Ì™†∫˛9†bH»99œ26	17878∫8π†86Wﬁ167æèπ4æ3èΩ€πö∏	¥12‹¿≠0õS8∞›7õ3"	1πP.78åØÆ3ˇ÷ìúπ48∞+0∑0≠^27ÃûÙû8¨2°Å•ﬁ?öà∏ô^Ÿ±G8´˚òÇàö˙Ùª+ö¶1õÏô€˛ìù8∞ÓºWøâì78‚±ÌπìΩ&êπQ)ù^‹ãâVı®10° Ω#£ø¶641%8 RàlQu5£√õ´òïètuº∏8A#(çaM øYãgüävAU©ú p$õ:ﬁ‚!∏OòŸ˙Ÿ#†_∏@ü!2SwÅ•t∑¸€^ì)%æ3Q1π6pUÅK0‚œ⁄ºªÍ2¸8úè©6ÙR€ËÇÍ°Ñ_íâB2¸	õåÙ)‹¯t1åu0∞víOMR@úûR⁄1À˝∫±¯~·1Õòπº1Pı'2¨‰ùC1ä.lπì82|ü3è÷œw‹≈!?öﬁ››1ûæfΩäV±Eºúw x¸{∏úuÿ∏26Dô±$ıœπM¸¿ãä@®π^»} Ìà
w±∏˝Ã∆±?Fﬁõ˘ˆπ˚mŸÙ˛û°ö‹ıËu©í›€´+aø∑P≠uº$7s%í°ªﬂG(\ä‹Û®≠∏˝4öb_Õ51«9	115.16æ5æ™54Pÿ	-!0ªèø9æ2é∏◊Ωû∞4ê0.ﬁÿ†3öW0ºÿ4 ú6%8	∏H002å¨´6¸€öü±73∏1Æ
Æ_.9»ùÙ£1°7°∫º÷!òà∞üWﬁ∞E2≠≈ûåïú¯˝ºü±1ôÌí÷¯:áõ2∫ÛπR∏ä¨67¸πÔΩü±(êπW'ÑR÷ÉçV˝≠18≠Ωá¶∏759'9œSàl^|7õÁö∑öàèw}π∫5B")ãms∏Yã`ìãuAW°õ
r)ú‹˚øNÑ›¸›(ÆPÅFí&8Tp∞∏v≠ı›Wö)#∫4o7¶1pS∞V7˛»ﬂæπ‘-˝2òï®4¸W÷Èø‰°úSùå~1˝8Ñà˙#Ÿ˙w8É}3ÅiöYtVFõô_ÿ8À˚æøı~¸.œò
Ωæ 1Pı!1´ÎòC+<0ï6gΩô84uú8àŸœ}‹¯'ù◊¿›9ü∏cÅä^øO∫û|#`Ùfπö|◊Å47Yúº%¯Õ∞t¯›ãéG†+•WÕvÏèu∫∞˝ ˛∏)E‹+õ˝—±˝eﬁÙˇí≠õ⁄¸Ësêáﬁ¿©g∏©Q´t∞ 1|"ôØ∞◊Aeãﬂ ÈÆ´π¸6úaUÕ63Œ5	0.0226ª1æÆ34W⁄2
&.∏ã∏0º+1å∞Ÿ∞òº0´68÷ﬂ°2í^	ºŸ.û1%32∫P928ä™ê-˝‹òÑπ40π6°2Ø_85+Œõ˚Ñ0
Ø7Øªºﬁ#ôà∞ío√∏Y0≠˙üÇéì˚˘ºõø5ì‰ì⁄≈öú2∞ËπQ∞É©86˙∏Î±üÅ<©¶V'ùSÿÇàR˛©53®Ωù¶æ098"1ˆWåb^p8ö‹ù†ìäÉwq∫Å4@?'èbw$ΩOäeô≤iFT´Ñp!õŸı$ºDöﬁ˙Á ®^¶Gú(7Rvæºu™Ù÷^£<!¶0W2∞ 8pV∫Q1ˇ∆ŸøÅÌ.¸3ùÇ©5¯PŸÌ∏Â≠ùUôç~0‚0ìà˛(›˘ }7ét4ºNùNjPNúüoﬂ7»¯∞∏˛O˙1œíæ∏:4Q‚'4®ÈûD!2ç0aÅá12vÑ1èﬁÕtﬁı"$ì‹⁄◊2£πd¶ÇWºGªür$m˝eæ£tﬁø91Aì±$¯«ºs˙‹ç≤G∑æ_œuÂã
tæ∞¸∆¯∫G¿ü¸œø˛d›˛˚ú≠öÿ˚◊s†Ñ÷ﬂ´c∏êWÆ|ø)2p)ö™∏ﬁG mÉ÷:ÈÆ∑æ¯1ûcQ 42À7754	-12∫1∏®69_‹32'	πç¶3π4âæŸ±ô±4™9	√ﬁ©0ú^7±÷2
ù4%97∏T7	-ã∑©4Ù⁄üì∏59∏9°4†S3	—ö¯ú2™4¨±∫◊!üé∞ôQ‰øN.°ıíççõ≈˝øù∞2ûÂö›¸õö8∏‰æoºå∑64˝ºÎ∞üπ!ØøP!úo√âïW¯©16≠æ(õ∫æ8	1 5—WÇaQv6ü⁄ú≠öâ+ñtj∏æ4E"$é`s(øDè+eÑã|@Q†ùv!û÷˛%ºB£ﬁ‚ﬁ&°_ºCù#7Puª±q®ˇ‰Qì?(±5W1Å8s^∫R8¸Ãﬂ∞ªÌ8¸9ú≤≠7‚P⁄È∞Ì†í_úèE2≈-õâ˛ ⁄¸q4ãs2øvõ~uWBôò^‹3Õ˘∞∫˙+G‚0Õì
π∞ 2S˘&7ØÏûD+!.ä0mæü95vô0ãÿœt‹≈<!Ñﬁÿﬁ6ôπf πäUæBºùN!{¸l∏ôsÁø87Oòº!ˇÕø}˝ﬁÉàB´+ºQ—rÏè}øø˝œ˛º'BÁõ˛—π¯e‹¸˘ü™òﬁ
˛Îpêõﬂÿ∑cπ¨V™|Ω#5r&ô¨Å√G?aàﬂÎ°¨ºˇ0öePÃ	-œ.0009779∏9∞™05S◊	0?0æà∫6ø8âπ›ºúΩ7ì80¿ﬂ≠7íR	πŸ8í2%03ª^410É´°8≈⁄ùÑæ41º3Æ0°Q83ˆá˝ò2®4©πº€ üã∏öR⁄ÅF1≠‚üÉçô¸¯æôΩ5íÔ£√¸õü5∫ÔπSπç¨00˛±ÈøúÅ<©¶V"ùV€äèT¸°64´º%£¶∏709(0ÕWãaSq5ù‰í©ÑààprºÅ1@)&èmt"±Eämöàv~RÆÑp û ‹Ù%±Gí€ıÁ<®T∫Yû!1Qp∫ºs™¸ﬂQ£  º.R5∞7s_∫P9˚«Á∏¶Ó3˛2õèÆ5˙VÿÂ∞Ô≠üoáãY1ˇ8ìç˝)⁄Ùv0åv	∏jöEuSBúìR÷3…ÙÇ∞¸C¸2 ù Åπ8QÙ#4°ÌüN 0É5\ºù.6põ4É›Õ|ÿˇ#%úﬂ€Á-õ∫gπèW±@∞ùq
&g¯`Åõu¿∞44Cûª)¸œæM·ﬁïãF™ºR∆r Ëçtæª˘À˘:•!Yﬁù˚Õæ¯a›ˇ¸ù†í€≈Ìj©ûŸ◊ØlΩ™WØ}±)1p$üì∞ﬁY$féŸ:ÏÆ°øÙ2ûmU…90Œ08416	47¶4º°20_÷93 +-∫â¶1º1ç∫ÿ∏ìø4°1	ﬂﬂ∑9íR0æÿ1ô2)04ÅK0.0é´®0ıﬂùõ∞19æ1°2¨o-.ŒûÙì4≠9¨±Ωﬂ(öÉ∏úoﬁ¶G7´¯ìÉâò˙˘æù±1öÔ†÷¸öõ3πÓÅWøÉÆ82¯∞Ìªù∞(®∏^#òRÁïçR˝≠48Øª#òª±4	- 2ÕHäeWu2ô⁄ò™üé≤uu±¶6G('äbq%ºFä+eÑãpGV™ò}#ù
÷¸ πO£√¸¿!ÆWæDì'5_pπ∫v°˝◊oö?!∫2T4±8}S∏U2ıœ⁄Ç∞Û6ı0õâ†	˝Q÷Â∫È°öUíåN1¸8öÇ˙+%Ÿ‚p4çs8πvüOt^~õòHﬂ4Œ
ÙΩ∞˘B¯6ˆõπ¶6S¸#8¨ÍöC(6≤.`∏õ05uô0ä◊Õ|ÿ˚)"£√ﬁ¿0öªc ±ãSøBæõw
%g¯\•öj‹æ33Bòª%ˇ…π|ıﬂè±O©∞VœwÍ≤s∞øÙÕ¯∏"N÷õ¸ÃΩ˛\⁄˚‚ú≠õ⁄¸Ós©öﬂ›†cÅ¥W´v¶ 4t ú¨∞€E!aäÁÏØ∑∫ı5ûlS»60«659	-0.0∫0∫≠93V⁄30 7+•ã¶1π9âøﬁ±ùº1®89ﬂ‹+¥0ÑV1ºﬁ1ö3(42ΩP474èì°0‚◊õûø38Å7°7°T40Œö¯õ0©3´ÅºŸ?úèπûQ‹∫F6†ˇôç≤á˝˛∫õº0õÎõ⁄˝íí1ø‘πWæï®50¸ªÂΩò±!°∞TáV¿ÇåQˇ´81†π#üº∞6	0?0ÀTÉa_t4õ›úØòçèMi∏¶0D!$
àeu(ºNèdüéNOW∑öv ù+ﬂ˚)øOò⁄Ùﬁ%®_πFí"5TMºøjØ¯ﬂRü$(ª0U7æ+-uT∫H1¯œﬂª∞Í4Ù2ûÇ¨	˝W‹‰∞‰ÆòUìÉF0ˇ3íç≈!¿¸}7ât1Ωrì@uVE£öWﬂ6Œ ˝ªø˚D˙4»ù:∏¶1TÙ"7™ÎòF 2ã5_∞õ.0}ù4Ç÷ˆuŸÙ&)ò⁄÷ﬁ4ò∞a∏É^∞~ºùj%d¯m∫ù}ﬁΩ4	Zõ∫?˝À∏uÙ÷èèD≠πVŒMÏèrΩ±¸Œ˝
∫)BŸõ˙:“∏‚eﬂ˙¸û¨ù›˛Èv†ù‹Ÿ°\∏∑V≠wΩ!0r'ò®∞⁄G'lèÁÌ∑©∫˙1í`U∆65∆31201
81¶0øØ3	WŸ82%0ªÉ±1∏2âºÁºù¶4®48‹⁄†0ûP2æ⁄	õ2#14∏T005ÉØ°6¸Ÿù£π16¶8´5¨W87«ô˝í	©.©ªª÷#ûà∫ô_◊ΩC3´ˇûè≤ö‚¸∫íπ9ò‰ô€˛üô6±ËÅK∏ï©46¸ø‰ªì∏#®∫P$úVŸ(äïTı™10≠:π&í∞∫480%4«TämWt	ûŸÑØûäårr∫∞1O)%:ñdv#πCãfíérAS°ôM õ
◊¯#±Dù÷˘‹#¨V±E+á!.Vtæªs®˙⁄^ú%%º7Q7Å0qSæ^9˘»‹±ΩË2¯4õ≤¥0‚VﬂÍºÍ®öRùçC7¯6ùã˘()ﬂ‚u5èM1ø|ùOvROûü_ﬂ0œ
≈ºø‚C˝4«ûΩø3Q˚'	¥ÏòY%0ä3b∏ô34rü	äﬂ…j÷ˇ&"ü‹€◊3ùæd∞≤H∏E∫òs%`¯l∞ùuŸ
ø	-GÑ∏#Ù«∏v¯›âÉO™πSŒMÛãq∫æ˘»ˇΩ%Oﬂü¯ÃÇÙd¿¯ıû¨ö◊:˝Í|Æí‹⁄°aæ°U®t∞!9rûÆ¶ÿC bå›Ì≠´Ω˝4£xTÕ.1À01816590æ0Å®16H€84%5πÉº8ª+0ï∏‹∏ûΩ5¨06÷÷°3ô^	∏¿0ò8$18øW847è¨™1¯ÁöÑ∏60º6´7®S43Œü¯û
®.Ø∏π÷#û≤πù^Ÿ∞E4°¸ûåÇõ˝¸∞ìæ	ûÍÑÿ¯üü3øÓªU∞Ç´	-˝∫Ô¶õº!®øT"íR⁄âÇo˝®7.Ø∞"õæ∏324$9∆oãePu4õﬁû≠úãép}πª	Z!?èfq!±EÉdòè|BS´£j!ôﬂ¯!ΩDú◊˝ﬂ$≠VªA(í .P}ææw¨≈ﬂQí&)∫4^4∞1t^∫^8≈ÀŸ¶æÏ4¯9òÇØ4¯U◊+πÔ´ÑWûãF4˚4ûÇˇ#÷≈u.äp7πtòNqTAôü+Kﬁ.Œ ˘æ∫˘A¸5ÃöΩº	K¸?0´ÌôD%5å1`∫í83Mö.ã›œ}ÿı )ô€ﬁ›5òºl
ø±W¶@∞ùt '\˝b∞ù|⁄∏49@ûπ)˝…∏M¯ŸïçC®øUÃwÌäqΩÅ·Œ˛¶ Cﬁí¸…Ωˇmﬂ˛˘£®õ€ıÈw¨ù‹€†e∫ÆR¨M∏?0p"ì°∫€N!`ãŸÍ†¨Å¸.öeWŒ47 91430275±	¶©57V›34)6ºâ∫4Ç1ï∞◊∞ôΩ	®78Ÿ÷≠8öS0∞€1í2#	4øH641è†®4˘‹öõæ77Å1´2∑W41Õú˝ù5
¨5´Åπﬂ#Ñâ±íVﬁøB8¨¸ûå≤á¸‚∏íª2ùÏô÷Ùùû9∫ÔÅV¶ã©98¸æÓ∞íπ)©ªV"ôVÿ+ïãU˘©07°ª ì±Ω7888ÕHãbRs	õŸíÆíâÉtqπ±6F!) â\p&æCäcöåuBV´ûqá‹‚ ºGõ◊¸◊$ØS∞G£ 1Qjπ±tÆ¯›Qú' æ7S	•0tTøT8˙ÕﬁªøÎ4¸6òâ¨	·V¿Ô∞Â¨ü_öäA6¸0íâ˙ﬁ‚s5Çq2∞sìO}P@ú†T¿0∆
ıÅπ˚@Ù2ÀíΩ∫9W¸)2´È+û@'4ä7l∫ú61pí2èÁ“u‹˛? ûﬁﬂÿ1ôºb∫çWÅFπôj)dÙlæû}›æ65~á∏!˙œ∫wÙŸãÉF≠±QÀw‘ñj∏ª¸Õ¯∫(B⁄öı∆∞≈xﬁ‚˝ö™ö‹ˇ‰r´òÿÿ©cΩì^´j∫!6q(úêπŸO&gÉﬁÓ†≠π¸8ûdoÀ7.64145198573289	-122.14016362675682	120.40488234739013	0.030073044274898948	0.03440575559314529	-0.10188664392376545
82.305513	1787824805493108224	47.64147718659859	-122.14015827788941	119.47180425245188	0.026734882092662338	-0.02897327511789451	-0.04797225281492985
82.400874	1787824805589108224	47.641471140387445	-122.14018159390254	115.31988330974238	-0.0518950900207451	0.03130762866817873	-0.03313741971217032
82.500512	1787824805688108288	47.64148328979514	-122.14013809307298	119.07250487236001	-0.003938639226551931	-0.012525265871474898	0.0025645341662432295
82.602772	1787824805790108160	47.64145739898197	-122.14017457289653	117.72322549417763	-0.0772124607171533	0.09006825313550673	-0.03785214252635396
82.695139	1787824805883108096	47.64145451811344	-122.14016247478452	116.17950266017553	-0.057817499063494274	0.0312999552978083	-0.022379405351374396
82.799342	1787824805988108032	47.64146233676694	-122.14013319728734	118.61221605424643	-0.07476029920585611	0.000701580681112592	0.025435964124535818
82.896554	1787824806084108032	47.641450520860865	-122.14016220363365	116.29277295855469	-0.00821420999945631	-0.06767894677511271	-0.0646281073228033
82.992270	1787824806180108288	47.64149723173124	-122.14015295782717	121.8027138216578	0.0606815229573512	0.06340421182130128	-0.06520258140880573
83.094103	1787824806282108416	47.64147511401307	-122.14013651997509	120.46443160373774	-0.04762319915651598	0.02772379163722129	0.009240417431727897
83.206433	1787824806393108224	47.641464149377775	-122.14015066525744	117.99698144185744	-0.0384614030055441	0.010212020384121084	0.054241332879832155
83.308732	1787824806498108160	47.64148100588125	-122.1401857510198	116.76074132578258	0.009830789761604775	0.08866511480709743	-0.11649021940670781
83.405329	1787824806594108160	47.64145625815617	-122.14016274568236	121.1252672580795	0.024194781947507016	-0.016961360001148118	0.034272891123409976
83.497397	1787824806684108288	47.64146978737632	-122.14016264226616	123.01839018857683	-0.019092434477142192	0.13719545698167498	-0.02078629270261452
83.612436	1787824806801108224	47.64152477178934	-122.14016000605893	118.30057437951366	-0.033047217529340714	0.026047976318775146	-0.05188834613713897
83.703866	1787824806891108352	47.641482933537105	-122.14013913358475	116.3379036298843	0.024882272330972555	-0.008082561220867698	-0.06355611598996608
83.803698	1787824806993108224	47.641446179502914	-122.14019235198666	117.29438592672628	0.1266077520292831	-0.07037846555058468	-0.010434540385528004
83.899495	1787824807086108160	47.64144775187108	-122.14015466675302	118.86624192143391	0.022232784349483243	0.08476597551084553	0.0249346820621129
84.003571	1787824807191108352	47.6414768632556	-122.14015189548792	116.03530619713528	0.03973092812714397	-0.051495424921416316	0.0625718117628437
84.092941	1787824807281108224	47.64146943758125	-122.14012731347891	113.99199529064921	0.011993961278351109	-0.044664473500857234	0.006885351209797647
84.201296	1787824807389108224	47.64145248222983	-122.14017169802221	119.58053885963476	-0.03210588250223442	-0.053668712131637125	0.0013271960034081382
84.300469	1787824807488108032	47.641476082287426	-122.14013838684379	115.85463263532813	0.047231892170240417	-0.03762704001327931	-0.08267016824845508
84.404356	1787824807593108224	47.641490305626	-122.14016122378099	118.93245643330907	0.013004272210358762	0.00853816420076853	0.00197204287550359
84.504084	1787824807692108032	47.641472955144664	-122.14020564405958	119.60919065920318	0.014230671719504252	-0.026676239216974592	-0.037781007533219106
84.602377	1787824807791108096	47.64149199882816	-122.14015707610909	115.10122572593619	-0.12684251328668592	0.045479437271504	-0.031661208074730766
84.705098	1787824807893108224	47.64145308463662	-122.14017183096337	117.24416648736135	0.0060146271807526375	0.012233761610816489	0.025866507265498495
84.790271	1787824807977108224	47.64145301735845	-122.14019458573799	117.01609142566156	0.04501573582122651	-0.09506216279428997	-0.04186819752222476
84.902466	1787824808091108352	47.64147546410385	-122.14017518485981	118.29038977029103	-0.051573696193983234	0.06917254457022617	-0.03034911137456007
85.006017	1787824808193108224	47.641448005187286	-122.14015141767656	117.42374650730109	-0.03553475412189217	0.010407340369999614	-0.03506508887585481
85.104291	1787824808292108288	47.64146616905737	-122.14016565430272	117.22045481323407	-0.13373282440870735	0.07047494338151644	0.017867355524465584
85.208379	1787824808397108224	47.64146042818252	-122.14018506968512	120.22539019983671	0.08133949772634048	-0.021973939647008667	0.06915548015001265
85.305487	1787824808493108224	47.64146071317802	-122.1401569564926	116.95648121819801	0.03421006070422255	0.04357361029753015	-0.010838534077880874
85.400607	1787824808589108224	47.64145226669764	-122.14015823313662	119.54349696498899	-0.0140834884573557	0.04368352318723584	0.04537164519749444
85.517379	1787824808706108160	47.64147357662188	-122.14016671792508	114.237479721535	0.0543385039962909	0.05812612859202859	-0.06865810593322651
85.600084	1787824808787108096	47.64145906707218	-122.14016666180318	114.62552416444323	-0.05153458459618018	-0.05586171530224809	0.06364134358545444
85.692369	1787824808880108032	47.641453803455406	-122.14017369818858	120.15035932268573	0.03473327515141835	-0.03528983778283975	-0.033931427668000905
85.790931	1787824808979108096	47.64147087480674	-122.14015626583925	116.05070362374279	0.02432467495326428	0.08417749343589769	0.08656370005250102
85.906713	1787824809096108288	47.64146868110785	-122.14019859600181	118.20576695617741	-0.11549769693466416	0.008140581666135157	0.037675158566632186
85.997832	1787824809186108160	47.64145476255653	-122.1401765445402	117.72436377106354	0.022117723324047996	-0.031751578523360906	0.01038861453370591
86.108239	1787824809297108224	47.64145037736789	-122.14013499469444	116.58289992434528	0.02248507968482493	-0.04320366101046636	0.030933384638984457
86.195022	1787824809384108288	47.641471903367744	-122.14015868192642	114.31976844462217	0.04972636163067151	-0.07940236023016685	0.06131296471238488
86.305998	1787824809495108096	47.64146804610439	-122.14016316557763	118.84745815206571	-0.1200316841792863	-0.010180053368597074	0.034639590129612735
86.405781	1787824809594108160	47.64149696938198	-122.14017760107033	120.96419471638518	0.05905728224118101	0.011259016209271106	-0.007559078822127348
86.502301	1787824809690108416	47.641456752603915	-122.14020288623621	119.21077096540745	-0.042498193245145435	-0.008282846968761165	0.041778987449133914
86.593510	1787824809783108352	47.64146961438569	-122.14015175126411	118.8465606927874	0.04183223351067174	0.045219954063491705	-0.02793313543358607
86.697623	1787824809885108224	47.64146148332209	-122.14015421954423	115.24148535444576	-0.02109735562294869	-0.04790850453485329	0.07857136989109528
86.809512	1787824809999108352	47.64146472730653	-122.14017075018639	116.58447702598963	-0.1441530139176798	-0.007123699415295669	-0.03370101334048603
86.899169	1787824810086108160	47.641478086157626	-122.14017091929385	114.24262657344943	-0.0025515704776924494	0.08292043505379419	0.03091197213547769
87.005302	1787824810194108160	47.6414531433845	-122.1402091190965	114.29843722421248	0.12092682421625178	-0.0030523079716418973	-0.06616951496999775
87.089543	1787824810278108160	47.641474399920824	-122.14018606907749	117.50739545883857	-0.01961416854584361	0.03263194838870297	-0.0018846722950314058
87.198916	1787824810386108160	47.64148277715683	-122.1401487284781	118.45062791288282	0.023830297994940193	-0.0962276903060548	-0.03710061324601662
87.296042	1787824810485108224	47.641477887892734	-122.14013085289041	122.26748479447119	-0.05583680363414065	0.040637304261588306	-0.03897557323381309
87.404258	1787824810593108224	47.64145450305022	-122.14017836195038	114.74801286596472	0.04893575959980394	0.060378814335100096	0.02310206363984374
87.524003	1787824810713108224	47.64145983884359	-122.14015825216659	121.41408091374689	-0.052936180461903196	-0.003953991532999723	0.014343739690149796
87.607725	1787824810797108224	47.64146319740725	-122.14018298961096	119.11425552726365	0.03736696533714893	0.014886253038635586	-0.014792183700063414
87.690110	1787824810878108160	47.64146827686433	-122.14014669202005	121.27994338935945	0.006748484033827464	0.028547119761028653	-0.07408894487029681
87.806737	1787824810995108096	47.64148705244028	-122.14015097263446	117.35428030575936	-0.017736312848770915	0.02669505675671557	-0.051698542214967225
87.892819	1787824811082108160	47.64146499708237	-122.14017192829026	121.38777566712588	0.0012550356641465663	0.024616460141745105	-0.06599928110914297
87.997749	1787824811187108352	47.641461071232584	-122.140151652287	117.529306927953	-0.02238755018616977	0.03552379578018643	0.08469862780414968
88.101527	1787824811289108224	47.64145430360942	-122.1401773043269	116.59155289409821	-0.023582839326734138	-0.019675793746976783	-0.0730307779250026
88.198694	1787824811388108288	47.64146446554501	-122.140148484834	115.91547803424596	0.01035758485516931	0.002607384599443198	-0.018817253944324805
88.294045	1787824811481108224	47.64144604812736	-122.14017216114011	119.33500858392384	0.0002621701803149806	-0.012063561436887976	-0.04177917142770797
88.399067	1787824811586108160	47.64147381916734	-122.14018244646769	114.18543876613519	0.01867919038133791	0.05337194490464772	0.057204126284018664
88.498861	1787824811688108288	47.6414825079162	-122.14016164550506	120.02590722791955	0.034479455482728044	0.05273007505897988	0.0409834196746332
88.593931	1787824811781108224	47.64144527130252	-122.14015825742135	115.86814538813664	0.036301935099960075	0.07056183720191558	-0.025337481504908027
88.706163	1787824811895108096	47.64147382552628	-122.14015912354542	116.55306738195709	-0.05372726278711176	-0.0627298007302659	0.014866716790557047
88.805640	1787824811994108160	47.64148574762172	-122.14018263101019	113.0812205821844	-0.06670802398632904	0.003916162128888743	-0.09047910790096748
88.892962	1787824812081107968	47.64146457996304	-122.1401698275907	120.75119913197986	0.05336094350520676	-0.014842624055209919	0.02029563237706279
89.002388	1787824812189108224	47.64145342814345	-122.14014050812631	115.43758806153495	-0.010104019853365226	0.013569363679510997	-0.01820596365979109
89.103370	1787824812291108096	47.64148188111397	-122.14017223986265	120.53437683859315	-0.03908729108952147	0.0006868238691411692	0.001362971930200867
89.192352	1787824812381108224	47.64146207463747	-122.14019682541884	122.89491039451082	0.07945613370187138	-0.08451256067375479	0.02346108638311048
89.295737	1787824812483108352	47.64148884714525	-122.14018872412558	115.68646200683207	-0.10557669890862738	-0.009941753704407998	0.10057479068303894
89.397729	1787824812585108224	47.64146096031014	-122.14015376170477	118.13832507299382	-0.06391629048553786	0.011441194403670911	-0.030073061874647436
89.489811	1787824812678108160	47.641456006100505	-122.14021027433913	122.39581408823639	-0.06139251344074157	-0.041168444054435614	0.037141538201716506
89.599455	1787824812786108160	47.64148074537974	-122.14021750292544	118.43254299459295	-0.0957348686198081	0.016549751619360325	0.005914879588039754
89.701908	1787824812891108352	47.64147166350498	-122.1401887843907	117.99034373632965	0.026284863531287863	-0.028749346454099635	-0.10697844049017509
89.798712	1787824812987108352	47.64147528319631	-122.14018821192646	114.51349742160802	-0.025588832982547632	-0.0762339542954306	0.042613342569294235
89.892601	1787824813080108288	47.64148528626	-122.14017864644104	116.76883305376506	-0.028930677887575036	-0.08549991018897377	0.0066334327702610475
89.999697	1787824813188108288	47.64144812405954	-122.14013101496995	119.38807930765309	-0.014413274290002255	-0.0062795879370592285	-0.011672163856314673
90.101654	1787824813290108160	47.64145936317585	-122.14018681233556	122.4022113617248	-0.08374595564713105	-0.051151862407093546	-0.0836216708577493
90.205374	1787824813392108288	47.64146624708133	-122.14015476999515	113.79416567822587	-0.04672915427571401	-0.011421314961934716	0.023190718148161253
90.295547	1787824813485108224	47.64145078240643	-122.14016630961187	117.17401477118065	0.029913469608568596	-0.005807543204874199	-0.05532550717133638
90.398625	1787824813587108096	47.64148644607114	-122.14012344665561	113.53799134489479	-0.024814995372551527	0.005785671122022678	-0.03386199952901816
90.496499	1787824813683108096	47.64148000508785	-122.1401792465153	120.43380635097962	0.04728342028227045	-0.0009811218559261264	0.11695282364036025
90.591352	1787824813779108352	47.6414488997783	-122.14016345777405	116.05179069152628	-0.015340165084403421	0.05107969198612346	0.0037887930873370824
90.698459	1787824813887108096	47.6414651557669	-122.14015209694911	119.05002744656879	0.014847544831294615	-0.016873601516987535	0.03744044542243684
90.795808	1787824813983108352	47.64143891594503	-122.14019975808402	112.62332206133544	0.003451299459771421	0.07735368183817254	-0.09453020956375496
90.912892	1787824814100108032	47.64144887686573	-122.14015729594068	117.68032925807142	0.03904219791839751	0.042931187443310564	-0.004479503018978581
90.994641	1787824814184108288	47.641475958840985	-122.14017828445827	115.16797553244294	0.012527242470236963	0.055717923184638675	0.008273503713042194
91.101495	1787824814289108224	47.641448568999756	-122.14016704057424	118.99248960221493	-0.015036358029087454	0.02963260602348676	-0.00334634273490353
91.200112	1787824814388108288	47.64148408649114	-122.14019840143821	118.47172961652277	-0.010454759238429786	0.008506286959394349	0.0065326505216134634
91.295768	1787824814484108288	47.64146079138611	-122.14018063655085	114.03672561981939	-0.0707690789107882	-0.029438548845131158	0.020256996882758574
91.383473	1787824814571108096	47.64144140119058	-122.14010795716452	117.45200029156483	0.009498059335399243	-0.0042905533176995515	0.015545896639825765
91.500962	1787824814688108288	47.64145944978791	-122.14015247311835	119.33555993572637	-0.015181871553401647	-0.005129934669070748	0.04025314308704262
91.605186	1787824814793108224	47.64145654685452	-122.14015161292429	122.00797852168586	0.10461596064600408	0.013393395929024561	0.08446635114272846
91.708185	1787824814895108096	47.641468537587215	-122.14016874503403	113.4503616762335	0.05784323305750875	-0.017950212816716545	-0.04907037296415259
91.804781	1787824814994108160	47.641478065603316	-122.14017525659351	113.77897108464762	0.07588855251756269	0.0010268695049594218	0.06360259911594034
91.900656	1787824815090108160	47.641468099419185	-122.14013909249651	113.48917873686354	0.025999559177058082	-0.009242922887791575	-0.0002461763671826614
91.997198	1787824815186108160	47.64147307682831	-122.14018134950412	114.96951748173285	-0.08661773813289647	-0.030905033342029153	-0.03874500377602451
92.105387	1787824815294108160	47.64146880610444	-122.1401902913854	116.11235189644532	-0.0414450891096233	0.10333030530124832	-0.022835440918431548
92.195713	1787824815384108288	47.64146516454411	-122.14020983455492	114.48418353136519	0.06227717303625412	0.004225552543463967	-0.0595673627771221
92.291980	1787824815480108288	47.64146114791438	-122.1401564537399	118.19787963626905	0.05116828728851558	-0.032384508204316695	0.06223642588030657
92.402666	1787824815591108352	47.64146422254404	-122.14012629970301	119.14952146960809	0.03900710291557989	-0.06700787449818191	-0.041728948576832854
92.499550	1787824815687108352	47.64147676207649	-122.14016325341674	118.0189106979284	0.07783298294544407	-0.04700072043522366	0.003420018299425993
92.594559	1787824815783108352	47.641477110531994	-122.14020333121914	115.24813365362999	-0.043813943276749964	0.08117228902425605	0.054346409493653686
92.695030	1787824815882108160	47.6414838079595	-122.14017748094605	116.26504721731827	-0.05330295419048732	0.054833978535668175	0.009030461781654424
92.812549	1787824816002108160	47.64147227525865	-122.1402269979842	117.19493909232149	-0.050756129576013845	0.006999153016055558	0.06473100707222264
92.900352	1787824816089108224	47.641453104818794	-122.14017389922128	115.62709690002156	0.010515765713601301	0.006634754475156529	0.008282334843616177
93.006483	1787824816194108160	47.641464954779984	-122.140130905896	112.47388159392327	-0.13095152710326016	0.04722304942352781	0.028613645877579648
93.100983	1787824816290108160	47.641465344816815	-122.14016926828212	115.27787407386101	-0.08988776032894195	0.0721542618888422	-0.007236438571438879
93.197084	1787824816386108160	47.641454627304974	-122.14016428311518	114.79157906454255	0.08140235754121578	-0.012684461816157356	0.047901907570698815
93.303937	1787824816491108096	47.64148380948311	-122.14016787720043	117.42674041233575	-0.06305181660934227	-0.06182121929797471	0.030569886744876724
93.398215	1787824816587108096	47.641463783524195	-122.14020644308023	115.08010103887774	0.01678406859233013	0.04913260763430929	-0.01754486630538211
93.498964	1787824816686108160	47.64145249072253	-122.14018351069248	117.81819888795414	0.03849848544908354	-0.06416517095091341	0.008179077055386437
93.605722	1787824816794108160	47.641464645689226	-122.14018138087762	118.2432961792287	0.031031336366780838	-0.03852721230289511	-0.019946764820793002
93.693447	1787824816881108224	47.64145569258972	-122.14015603073508	119.54022248659712	0.06670433645367188	0.008193100412252475	-0.04166734538949246
93.799279	1787824816986108416	47.641476975530814	-122.1401483967995	118.81147971384462	-0.01541249288120662	-0.00892679232578321	0.058634522202004574
93.898759	1787824817088108288	47.64145456007036	-122.14017901405485	118.98433871592401	0.014315215606646774	0.06767179243044348	0.04119360737982061
94.012745	1787824817202108160	47.64148430478157	-122.140157737535	122.3006206459205	-0.06818097431775175	0.0685122787787457	-0.0016484638435320322
94.105631	1787824817295108352	47.64148699811695	-122.14017196061693	115.78863938403691	-0.006399585290099483	0.058201562667048956	0.021415153152739327
94.196916	1787824817385108224	47.64145384258878	-122.14015151577826	115.4468562036174	0.009736203162039837	0.01635398969924381	0.0453208498040947
94.300172	1787824817487108352	47.64147173199199	-122.14014562195905	119.96294269262891	0.005718521025090956	-0.024866452770626424	-0.037221910235781475
94.401809	1787824817589108224	47.64147613720308	-122.14015163300265	121.53804966257866	0.026407536354306583	0.0007872861247655232	0.12177341023220828
94.503250	1787824817691108352	47.64146192509998	-122.14018123368282	109.87187807382377	0.014032563606601031	0.014237775496924869	-0.04334597362674111
94.591887	1787824817781108224	47.64148006784396	-122.14010419445432	115.42889782671348	0.0645870997887099	-0.000997856988208889	-0.06835720242164302
94.704557	1787824817892108288	47.64145477264581	-122.14019351368341	119.21646862690268	0.04062356509028425	-0.0052480436906765186	0.05025049246219945
94.791073	1787824817979108096	47.64146060830944	-122.1401731469954	116.55233743035237	-0.03707187730139035	-0.026001666821756225	-0.049015832148614234
94.900546	1787824818090108160	47.6414596660483	-122.14016466458514	112.2326429265401	0.10785640333968637	0.012701802102587223	0.08209462229295131
95.006645	1787824818195108096	47.64144991671439	-122.14013163161862	114.90126278840835	-0.03733425520708846	-0.019827445317654024	0.10610251696678315
95.107186	1787824818294108160	47.64147312981008	-122.14016156290037	117.35874162935806	-0.06619876749286595	0.01095886911706168	-0.04726173408831377
95.197688	1787824818387108096	47.64144170861594	-122.14014897743726	113.74090453700695	0.03594379553311165	0.027424003108734187	0.06409206236804536
95.309824	1787824818498108160	47.6414527878037	-122.1401643108178	120.29989012818373	-0.008655398309389169	0.038435924592893495	0.05685518006702305
95.387592	1787824818576108288	47.64147429693966	-122.14021025460968	119.94107277983076	0.06489207593343709	-0.07315310899547875	0.051401207996466296
95.493315	1787824818681108224	47.64144562793229	-122.14015590571972	115.6713700252439	0.039296059048144705	-0.03119624830795997	0.03885635709236765
95.599908	1787824818789108224	47.641469097219804	-122.14017138353314	114.68146475623266	0.07912914311531799	0.02877797767802531	-0.012759615512404482
95.697668	1787824818885108224	47.641476799872294	-122.14018504995384	115.44264341903249	0.0024589553703660643	-0.011402431413967285	0.051904205367272055
95.791773	1787824818981108224	47.64147484578784	-122.14015113561271	116.36552365002694	0.1062494882888499	0.0222827264938545	-0.12044058472129265
95.904878	1787824819092108288	47.64146237940999	-122.14016794455735	115.37526043371838	0.030730074884742106	-0.052488730854938305	0.01681522218037472
96.010596	1787824819200108288	47.641479232725835	-122.14017439425358	118.77732895905244	0.022637533158319064	-0.01256413259497522	-0.09167905760045052
96.096557	1787824819284108288	47.641479986265736	-122.14011945132157	114.93895707997504	-0.06900001429176114	0.10052685104498556	-0.031132256383935904
96.197234	1787824819386108160	47.64147949926155	-122.14016634291023	120.14839587745452	0.008431367206091852	-0.056288607257538016	-0.03870597517267956
96.294018	1787824819482108160	47.64148582800636	-122.14015083299549	117.07670964467219	0.0108640591080163	0.0043283780321992545	0.03134501264976871
96.398684	1787824819587108096	47.641457985102655	-122.1401462373174	117.80800968292571	0.03531311049431514	-0.048116765288574115	0.050855065030580765
96.500363	1787824819689108224	47.64146151671161	-122.14020334405767	116.93907093773386	0.02965108989906842	0.029492195525141193	0.038847699459116786
96.603687	1787824819791108096	47.64146989141457	-122.14017802127916	117.74553089348873	0.12538542981733888	0.0401921811769463	0.0034173898920945092
96.707498	1787824819896108032	47.64145594359438	-122.14016668681359	115.42563647003067	-0.0019108258811711247	-0.030208221027092128	0.0628028428647083
96.795557	1787824819983108352	47.64146041664567	-122.14016444863437	113.30723467415642	0.016466580049942888	0.02594532016758357	0.041861177250975296
96.897211	1787824820085108224	47.641482890707884	-122.14017187185502	111.79988835200675	0.049606357958639664	0.021468095683673416	0.08658231458046167
97.003740	1787824820193108224	47.6415019437586	-122.14013742765376	115.69163529677364	-0.01884739763544606	-0.02817337037845255	-0.0019157696927411029
97.109050	1787824820298108160	47.64147916424136	-122.1401683092044	114.2584928453774	-0.017988747662120764	-0.011423218862323175	-0.0721565109944832
97.199703	1787824820388108288	47.64148034164792	-122.14017288708146	112.53026163928101	0.021799983824862153	0.006348124764151055	-0.14189557880952883
97.299011	1787824820487108352	47.64146546828392	-122.14016368033822	114.57287840195475	0.049453342488132095	0.03816592422707077	-0.0859685965414414
97.396632	1787824820586108160	47.64148383830279	-122.14014317225842	113.19925100448931	-0.029334801828192182	0.0446627556634934	-0.020363838681242304
97.498745	1787824820688108288	47.64146084900845	-122.14016677886268	115.7429573659445	-0.028744997523751432	-0.011057666760515549	-0.010852078722177347
97.592919	1787824820781108224	47.64145347441104	-122.14017083412489	113.3376382094151	-0.031361855839420846	0.013359807513843691	-0.04361465337376214
97.698400	1787824820886108160	47.6414583520172	-122.14015695619187	115.62806570228918	0.00022672317277128712	-0.01072259644624779	-0.02909870698778005
97.793804	1787824820982108160	47.64148827240207	-122.14017217104329	118.90025627391016	0.034884989855118224	0.03819206985673165	0.014089504265269085
97.907644	1787824821096108288	47.641445003613796	-122.14018739373546	118.93442469150258	0.01654372080186476	-0.025952082535764684	0.06920192163846414
98.000917	1787824821189108224	47.641455429180134	-122.14018716350685	114.50201549542265	-0.005476680094355384	0.05786323296739995	-0.05170138807555912
98.102739	1787824821291108096	47.641439995537915	-122.14019291353333	116.17407974134653	-0.021258031669376336	0.09686617927362719	-0.02910651444917653
98.201413	1787824821390108160	47.64144357502541	-122.14018570913228	118.4577664340352	0.016093394905637645	0.03319508811582937	-0.019985621551524335
98.291551	1787824821480108288	47.641478045899795	-122.14017780844158	118.60459757658795	0.028134376085688563	0.041145971691855555	0.034426088209483216
98.401077	1787824821588108288	47.6414781240591	-122.14018984688774	115.78693964118517	0.017526310110884027	-0.015199835133486946	-0.05206209043924781
98.496178	1787824821684108288	47.641459964130206	-122.14014141738159	112.24286127087694	-0.013158577657774811	0.011648427240188337	-0.050744134109970744
98.597923	1787824821786108160	47.64147042362317	-122.14015396383931	117.52701159618782	-0.038143504900572126	-0.08548269564015747	-0.03723679388694304
98.694294	1787824821882108160	47.64147284035192	-122.14017248282109	119.55453162963246	-0.02597037508855294	-0.0038210787488879502	0.09496079930537188
98.791886	1787824821981108224	47.64144252957973	-122.14014144786823	113.57663014896356	0.02601477613223785	-0.058194792440431846	-0.020943515933741667
98.902244	1787824822089108224	47.641463598929406	-122.14018104270609	122.57469142452547	0.001980484815381079	-0.0060550257327589285	-0.11251553327689728
98.989304	1787824822176108032	47.641484233256946	-122.14015724035701	120.15955113470118	-0.019454389772237863	-0.006390031108809187	-0.06872346274222722
99.104994	1787824822293108224	47.641480551310266	-122.14019140271057	117.16731185387206	-0.05347086310786921	0.01125564587449713	-0.031581673709769935
99.211915	1787824822401108224	47.641460262512474	-122.14017400676879	115.71067025504883	0.12642472105726574	0.008323840259205397	-0.06689236071398473
99.300706	1787824822488108032	47.6414967468133	-122.14012565714081	118.1405728274919	0.027009240781037572	-0.012251797987185736	-0.022814913667904668
99.405369	1787824822593108224	47.641479902703054	-122.14015919319165	115.95297989743536	0.02116864916056889	0.07123951826335151	-0.059298898819690304
99.502458	1787824822689108224	47.64144841651841	-122.14018028602658	116.28140573784138	0.0007458158728728102	-0.0414642716613533	-0.036179573156007484
99.596515	1787824822785107968	47.64146137136066	-122.1401720671292	115.65606594892724	-0.08959430996129847	-0.0035378847309714247	0.02026036665364708
99.706331	1787824822893108224	47.64145044462919	-122.14015408626777	117.564639555371	-0.08982436234614483	0.0233504856802339	-0.011484208202586957
99.790191	1787824822977108224	47.64145933677265	-122.14015891370516	112.5565492984741	0.0036203294365243946	0.0071008749985591885	0.03360880687856264
99.897778	1787824823085108224	47.641475187487984	-122.14015812060534	114.67603399990489	0.00522785528954486	0.008883901989652984	-0.03838940390448477
100.002050	1787824823190108416	47.64148985875332	-122.14015904538878	122.2625892270781	0.0026556685925868363	-0.04448844285626342	0.04534790866711155
100.094457	1787824823283108352	47.64145661877999	-122.14015234362338	115.8200437350896	0.02120008708109604	-0.030492649477633374	-0.044648446405082164
100.200747	1787824823388108288	47.64147832223754	-122.14016678974804	110.64210737276747	0.0741488233234235	0.07801841743778132	-0.033281651562657825
100.298299	1787824823487108352	47.64147191444661	-122.14017738393264	117.37147029415432	0.008809971053410982	0.05368582730271905	-0.04182627631498195
100.401794	1787824823589108224	47.641450556391355	-122.14019882798675	117.3172397769318	-0.005304637306039361	-0.006793138129652682	-0.0349376520011468
100.497708	1787824823685108224	47.64147275748209	-122.1401702330025	118.73658290985671	-0.0003591636963202607	-0.10414483596163478	0.026991569207051442
100.596353	1787824823784108288	47.641487760836654	-122.14018775768727	116.76821872718031	-0.03648975344095982	0.06932657547855432	0.08812507908015998
100.707511	1787824823895108096	47.64146575146737	-122.14016513758502	116.80026918294892	-0.019072997699698113	0.08399332659086442	-0.012626842229060407
100.797253	1787824823985108224	47.64145452829065	-122.14016216849535	118.43395780378148	-0.007033923117714754	0.03683453236260687	0.0011487039658251098
100.904444	1787824824093108224	47.64148960383169	-122.14018216341172	114.6511942828402	-0.013047875104865915	0.04141012532042776	-0.010576205206810851
100.998104	1787824824186108160	47.64148005222044	-122.1401612570301	114.77577398162583	-0.011223453711225191	0.03510785622568491	-0.06632165417160338
101.105281	1787824824294108160	47.641451485083685	-122.1401553103878	119.38060730744428	-0.012918347731494749	0.029680032752284966	0.17195753692033863
101.193539	1787824824381108224	47.641474328040836	-122.14019404387228	117.8860679026586	0.011572972759415314	-0.01920459890904816	-0.031230855553298048
101.302964	1787824824492108032	47.64146002257347	-122.14017190352887	115.01227595132886	0.0056604990679887624	-0.022846693633841616	0.005862542299706921
101.403981	1787824824591108352	47.641444603635975	-122.14019870773252	120.0987507797965	0.05419494694325858	0.03449169370576681	0.058909002969431246
101.501219	1787824824690108416	47.64146690321118	-122.1401525511902	116.141935754646	0.08397044697571526	0.042929039247608027	0.015648184765810282
101.596411	1787824824783108352	47.641478809408305	-122.1401518198718	116.42079734868315	-0.035831694194340465	0.025389924463664323	-0.027167081168542318
101.702458	1787824824891108352	47.64145621880451	-122.14020960691161	116.55184560907449	-0.062132288086438975	-0.05935915112482568	-0.04649677944102801
101.804667	1787824824993108224	47.64147513035322	-122.14017070902952	113.49835793196019	0.041537382504795224	0.0010324604837515026	0.03900070145866284
101.902325	1787824825089108224	47.64146088116259	-122.1401548170333	117.46457562628407	-0.05400543607380296	-0.0636123438286878	0.031687381076805535
101.993500	1787824825182108160	47.64145998528261	-122.140142048148	116.30891514203881	0.059874760257535936	0.006056894008955807	0.014203358658218479
102.097643	1787824825287108096	47.641446032634434	-122.1401858888425	116.0606723666204	0.06597226495498998	0.014856074136074503	-0.018297523218672354
102.196748	1787824825386108160	47.64147526213604	-122.14016129186129	118.55970697087089	0.03746710978531561	0.10792685991777357	-0.03066096793915678
102.298124	1787824825485108224	47.64147380380545	-122.14017470081504	118.88312406918062	-0.01567249975990306	-0.041422087198284246	0.08107271027612506
102.404053	1787824825593108224	47.64146889726531	-122.1401740976468	111.31266360822055	-0.021677165445967414	-0.07066469140283657	-0.033396290695978485
102.495836	1787824825683108096	47.64146583396817	-122.14012262302876	116.73924950489214	0.036477631820962246	0.019525125927944323	-0.08136966015556613
102.601786	1787824825791108096	47.64146684614316	-122.14014175529205	115.42921907266106	-0.003953015581811137	0.01673868722471297	0.11315000548902919
102.702673	1787824825890108160	47.641482499559785	-122.14019999924957	115.53292062157574	-0.055934373378055374	0.07918245455293538	-0.008854222785858543
102.809055	1787824825998108160	47.64145809312359	-122.14018086764224	115.67014880197539	-0.05798370651233681	0.126692844652401	0.02676127630355197
102.897494	1787824826085108224	47.64143669468016	-122.14013575115695	115.52469878523657	0.021880340195083114	0.10716547553356584	0.008390560083512097
102.997183	1787824826184108288	47.641476846598195	-122.14013812077225	119.94991575156625	-0.088908268587431	0.057447404264859496	-0.013214827681625236
103.096103	1787824826283108352	47.64149220046757	-122.1401437162574	119.28719782440201	0.021018156896297033	0.06846037218435681	-0.006709599861955476
103.208845	1787824826397108224	47.64146386880719	-122.14015625344234	112.7059892415124	-0.006555757080415545	-0.052687378214826386	-0.059156720685021015
103.297294	1787824826484108288	47.64146772641821	-122.14015703311705	116.67273927337196	-0.013923006698561974	-0.009237848447965376	0.057211508101581335
103.406278	1787824826595108352	47.64146536783962	-122.14019410442177	122.0829556533134	0.05539710183518984	-0.009607421352225002	0.01607150449953518
103.500011	1787824826688108288	47.64146197927244	-122.1401386731648	117.94505459447286	-0.049260037872777024	-0.05659690690019653	0.01279658688888767
103.600052	1787824826787108096	47.641465807252125	-122.14016367677951	117.60334240951337	0.031264568598202064	0.004181144434717864	-0.030068898150092727
103.699551	1787824826889108224	47.6414723395	-122.14019775500593	119.09721205553181	-0.00063201336280253	-0.01438507636552152	0.01959353431713466
103.801287	1787824826988108032	47.6414474569392	-122.14012031584565	112.10461151395344	0.02192751780212785	-0.03018752354892242	0.06631081982820054
103.902283	1787824827090108160	47.64147324627938	-122.14018092999922	113.35939841292095	0.05050690648565927	0.08684595849449439	-0.0921935576155342
104.002225	1787824827189108224	47.64147661875823	-122.14017131723377	114.26377386673403	-0.04431052762714245	0.004143192714723675	-0.07718857650390307
104.086300	1787824827273108224	47.641455303650915	-122.14014609384458	115.08240342263962	-0.06692437444291097	-0.0166529236023476	0.0445511706279818
104.204099	1787824827393108224	47.64147259682715	-122.14011818870694	110.02446978575419	0.011996715352631807	-0.015121530416654753	-0.069128422591586
104.304625	1787824827492108032	47.64143712365083	-122.14018551912255	116.89284133513162	-0.013809835448424589	-0.04117278442342892	0.02874148616389093
104.401819	1787824827591108352	47.64144633261898	-122.14013575053822	112.48074728768943	0.040277759271633636	-0.010625268662136386	-0.004899911498328561
104.495839	1787824827684108288	47.6414854202161	-122.14016750113187	117.97296479730451	-0.015462949310369395	0.052226134350292254	0.0265375166796296
104.594810	1787824827783108352	47.641479512482626	-122.14015212341766	114.75733745840718	0.004467524773655169	0.04327425122848091	0.06995875576978544
104.715422	1787824827903108096	47.641483630206004	-122.14017164143084	117.96871708634771	0.085075316345817	-0.008212620656719951	-0.0715101030861556
104.803754	1787824827993108224	47.64147602378199	-122.14014924204096	118.99886085385751	0.03329596134247061	0.01030084614363585	-0.05198378947201317
104.909140	1787824828098108416	47.641462525004215	-122.1401986859131	123.12281433915769	0.09122311319783029	0.002761961264759463	0.001367037803521888
104.993124	1787824828182108160	47.64148278421737	-122.14016934270649	116.54226198119773	0.04527320279616582	0.015454335380536637	0.08297496223857587
105.100250	1787824828287108096	47.6414705020358	-122.14015882012224	120.18816944658903	-0.061191211768953424	0.06815356029418056	0.0905927382631342
105.203150	1787824828392108288	47.64145379903785	-122.14018031149006	119.07176378403717	0.017864541039579265	0.015037368939758072	0.040709040478674005
105.302628	1787824828491108096	47.64147076285637	-122.14018310130685	117.11886562619082	0.09712144841267967	-0.0322809806371036	-0.02507161383232805
105.403479	1787824828590108160	47.64146252015895	-122.1401356705929	120.78386047356021	0.02306689898832893	0.08266875595519366	0.09805029816651462
105.495041	1787824828683108096	47.6414386603472	-122.14019536401788	116.02367849894445	0.01605129536311959	-0.08153543964849069	0.00888527849378652
105.601425	1787824828788108032	47.64146388617116	-122.14015932289755	112.56889710287653	-0.04186966089991867	0.04253453420998199	0.030373401555954617
105.703739	1787824828893108224	47.64146675809573	-122.14017465908857	119.25409712311809	0.03992012005260882	-0.05789598780738702	0.046490366529266317
105.795395	1787824828983108352	47.64150320038218	-122.14015586594546	113.69791329988838	-0.0105978746712172	-0.059568365482424473	0.024275370292537814
105.895208	1787824829082108160	47.64145710135716	-122.14014529650515	117.65989342937736	-0.010734846602988216	-0.0022687343234146554	-0.0363052897281946
106.006158	1787824829193108224	47.641462651058724	-122.14019946061005	114.98428077700352	-0.05507866173565417	-0.07849131356898646	-0.01127870202322967
106.105894	1787824829295108352	47.64147123413697	-122.14015618250785	117.03194585033812	0.042532719935305496	-0.01978127782010536	0.06720405354778136
106.202745	1787824829391108352	47.641472282285555	-122.14016821521234	122.09773005809905	-0.03918369430980506	-0.010755234236856731	0.0002569393438025827
106.297002	1787824829484108288	47.64146109886795	-122.14021280595902	118.92280893642571	0.1108059126715395	0.06382319300321403	-0.016020683133096656
106.394461	1787824829583108096	47.64144289377534	-122.14015191039235	121.17916956333401	0.03700001741206049	-0.0036603998017946575	-0.009223535959727238
106.499410	1787824829688108288	47.64147918047035	-122.14016840076589	118.19155462663545	0.05934460494860358	-0.03171690506542986	0.04489287529640635
106.591022	1787824829778108160	47.64146629608947	-122.14016445808402	118.5780711038239	0.028999859260285518	-0.0016520458511464786	-0.07572502327399067
106.688594	1787824829877108224	47.64145491279825	-122.14017616434793	120.79093611790883	-0.011210228570153666	0.044443515613606877	0.03423701581502275
106.793924	1787824829982108160	47.64147272094634	-122.14013653566039	115.06732604862833	-0.004843360700261237	0.014922118358639248	0.06421685928113287
106.897429	1787824830084108032	47.64147068348223	-122.14016002832312	118.41142588016527	-0.04466474914763133	-0.025724965090227134	0.06870783202054825
106.988860	1787824830177108224	47.64149995827234	-122.14015375079559	115.95632422671765	-0.036310411561633234	-0.08113263951533674	0.09189171204456305
107.105934	1787824830294108160	47.641484581122945	-122.14013844472751	115.57475292760871	-0.0634688284464349	0.08630373080202669	0.012085502298809392
107.198940	1787824830387108096	47.64147589985437	-122.14013213345638	119.52066717124774	-0.0882016550784012	0.05649422527908341	0.12943717240232158
107.302212	1787824830489108224	47.64146617354203	-122.14015434953328	113.66754580956899	-0.005884490042103094	0.029796377305837524	0.03005715823015368
107.406975	1787824830594108160	47.64146742753234	-122.14015543400004	115.72374532571521	0.09462891220779142	-0.020721275554584955	-0.02093371109727695
107.491789	1787824830681108224	47.641453966373916	-122.14017130938034	113.49151632182037	-0.1060181908473966	0.023418647438548018	0.07568907510367696
107.589639	1787824830777108224	47.641462511828855	-122.14015513629164	117.35808903002408	0.033879032508346715	0.039661527232345846	-0.05710040032441419
107.691912	1787824830879108096	47.64147223959168	-122.14015393142824	121.3652990468101	0.03715150024303254	-0.0004360101344235288	-0.06476379213902166
107.800963	1787824830990108160	47.641471363894404	-122.14016878397521	115.38855076696359	-0.0016402063646683554	0.009828514879113952	-0.03589313778751105
107.891485	1787824831080108288	47.641450919179995	-122.14015966656778	117.69920871653882	-0.09225413799580291	-0.04988194562588182	0.07639259764069568
107.997828	1787824831185108224	47.64144815314868	-122.1401644086754	119.17733251949024	0.05268113606324198	0.04018571761061491	0.00023597552770450808
108.111119	1787824831299108352	47.641445660680326	-122.14018323733615	117.50319532250764	0.0781014377347564	0.025724099250758244	-0.03233770014108493
108.197442	1787824831386108160	47.64146397820063	-122.14015972148204	118.41719353675848	0.0023505677045373603	0.0429139064231976	0.015633867806204838
108.303467	1787824831491108096	47.6414805196613	-122.14018256589138	112.75326932199178	0.05911382401512405	0.05521953843447779	0.06737316216506349
108.399799	1787824831587108096	47.64146622033047	-122.14016873540342	118.88462328290565	0.03695326203978661	-0.004445969390821435	-0.016005585407362657
108.491168	1787824831680108288	47.641452581221955	-122.14016768222034	115.47026411941735	0.09935297514897201	0.05477679880568651	0.02223682988266147
108.613119	1787824831800108288	47.641483773334336	-122.14018538863216	114.5444864209405	-0.005227022773925332	0.04344486944248819	0.05130726943996127
108.700814	1787824831890108160	47.641479213917314	-122.14015456579575	118.16920512544952	-0.012008244142413214	-0.02129688720427569	-0.03307350236440117
108.811369	1787824831998108160	47.641482732300425	-122.14015623977231	115.7136960394929	-0.07250262839542364	-0.00800516802893183	-0.04980755596869054
108.899590	1787824832088108288	47.641474861576434	-122.1401630383686	118.92415560321237	-0.08087061479570973	-0.0745434042014626	-0.0319584179058223
109.004911	1787824832193108224	47.641473280722536	-122.14012946667972	120.50220858586671	-0.015810083028962946	-0.05824343083146656	0.05422999032000824
109.101815	1787824832289108224	47.64147714425956	-122.1401697229233	116.08084088598247	0.02063068460112546	0.0144048927299515	-0.05360043433867093
109.195070	1787824832382108160	47.64146799049197	-122.14015345372208	120.80093482645508	0.03902222109902105	-0.07530443191089847	0.013063013300202507
109.300958	1787824832490108160	47.641465730578325	-122.14015272179165	116.55404763071637	-0.07656462991023516	-0.009360598327364321	-0.00533711346412729
109.396751	1787824832586108160	47.641480124388195	-122.14018129775161	120.89788450278415	-0.0402441273546385	-0.0004978067135784379	-0.009123624547991276
109.499882	1787824832688108288	47.641473760260844	-122.14017825470297	116.19125795871932	0.0380272054863292	0.004163287736380779	-0.05410342189868115
109.607850	1787824832796108288	47.64148003379094	-122.14016899956624	115.26476931364897	0.05282221182916424	-0.02051203743483735	-0.08618739088054184
109.698820	1787824832886108160	47.641458254392134	-122.14016271235289	112.95842638290577	0.031245992568041826	0.007946206759016609	0.01181866970122633
109.809095	1787824832997108224	47.64146686794124	-122.1401705328374	117.64545331975327	-0.09110679723464893	-0.0999036790585823	0.014460116179930588
109.903081	1787824833090108160	47.64146097043551	-122.14015675413553	113.92558141252339	-0.01031780824156673	-0.009687288960350655	-0.0060531133008983416
110.011093	1787824833198108160	47.64148011454176	-122.14017129149143	120.54911715127912	-0.023196797891716293	0.01393693359892975	0.11064460250470587
110.104014	1787824833291108096	47.641459221255644	-122.14014020740079	115.60926515479964	-0.05922386570880611	-0.022078030257089556	0.05848581455152271
110.197552	1787824833387108096	47.64147393670368	-122.14019376734134	117.22448102656826	-0.0007590483638489487	0.006662969632492237	0.0011023399503262592
110.296728	1787824833486108416	47.64147795908935	-122.14019540053086	118.66826353975279	-0.0778754876837303	-0.05933380080901618	0.03522051798189934
110.396257	1787824833585108224	47.64148106244621	-122.14019811919735	119.80878461827149	-0.032525206519129005	-0.008252428039797775	-0.009935514269485846
110.493338	1787824833681108224	47.641473575676294	-122.14018652235409	120.58432540800939	-0.048733176821409444	0.04713130262579372	0.05436654977316577
110.597441	1787824833786108160	47.64147628523525	-122.14015209436958	117.47958061816705	-0.065456474312089	0.01691169425281112	-0.043174740339584475
110.699044	1787824833888108288	47.641464021889746	-122.14016866960576	117.91437983178952	-0.011292379097403294	0.030318122383756668	-0.006226770747052928
110.804434	1787824833993108224	47.641462982116224	-122.14015558330051	112.9718192034652	-0.036914774040750296	-0.0036378776063826115	0.04365471082923209
110.910164	1787824834098108416	47.64146050666973	-122.14018276254485	116.3572741159875	0.01540864450788934	-0.002543864190571514	-0.02156214229135729
111.004673	1787824834194108160	47.64143193500056	-122.14015199572457	118.61168746454672	-0.04517282457518387	0.026613119071105876	0.03186384384707706
111.104214	1787824834293108224	47.641461642305366	-122.14015819461122	110.91212443560079	-0.037055784194201837	-0.08480202739557996	0.017941078972125053
111.191260	1787824834380108032	47.64149899383539	-122.14016272529912	120.05909792930133	0.04827756387965131	-0.08751297071218771	0.051734182664082695
111.298728	1787824834488108032	47.64147119361424	-122.14013231036284	115.82330824717263	-0.03009093573591918	-0.022793460154204477	-0.004577532530030635
111.404553	1787824834593108224	47.64144735667071	-122.1401791534968	111.42746380031409	-0.07696202585471251	-0.013910010229971785	-0.06486590373719041
111.506885	1787824834695108096	47.641467921722835	-122.14015760818678	115.41846291741774	-0.0662911417020455	-0.07745484336262407	-0.07191642363678014
111.596931	1787824834785107968	47.641474201777754	-122.14017588905877	119.41506107456486	0.06707767580440505	-0.009126544956406737	-0.013578386901846385
111.696101	1787824834884108288	47.64146934892414	-122.14014355674863	110.40022200600215	0.06531886440099709	0.08909728667502509	0.04179200929538304
111.805543	1787824834995108096	47.641465913302326	-122.14015822835705	114.17969272472247	0.012675266232368133	0.04543365588951093	0.03133177395389124
111.901281	1787824835088108288	47.64144151688433	-122.14015704208602	109.97802740857354	-0.0278448600063912	0.0032092333677428628	0.031886301190841765
111.995825	1787824835184108288	47.64148774002641	-122.14015395344285	117.3088849066624	0.002273101679238428	0.027116959203953118	0.027528129653559993
112.096380	1787824835283108352	47.641457683425216	-122.14016161586417	119.58911825146089	0.02499128351726872	-0.0033739499316224175	0.12368658243320761
112.205510	1787824835394108416	47.6414336574765	-122.14017369883067	116.94365419399197	0.025830847754266292	0.02868090340829814	0.05644091298695956
112.299616	1787824835487108352	47.64145611284639	-122.14017888649224	118.0388309924438	0.007819661049101673	0.03620174835606838	0.12113937154155385
112.399914	1787824835589108224	47.64146979552	-122.14016497769367	117.80906761438095	-0.04286275810440126	0.10482159946842802	0.039683415692962964
112.502119	1787824835691108352	47.641470171014625	-122.14017362349847	114.74937826056001	-0.0804200875397418	0.010589071645561034	0.03738355044844884
112.600889	1787824835790108160	47.64148272651566	-122.14014899354764	116.50958459909633	-0.054602864222206005	-0.015272951433860078	-0.023915403738944557
112.711605	1787824835901108224	47.6414541190339	-122.14012765376594	113.3109016128045	0.01512310850380713	0.00730690594105741	-0.012264338426997295
112.792503	1787824835982108160	47.64146983329021	-122.14013580073238	120.01530172584467	-0.0052985074222790095	0.05364110106434403	-0.09386729014385424
112.900613	1787824836090108160	47.641463721854436	-122.1401884244294	117.58334821288298	-0.04519344903467888	-0.019055354533534817	-0.007089629465022539
113.007480	1787824836195108096	47.64145534190797	-122.14018835093214	116.19874654297683	-0.013204249050485612	0.07077942732709334	-0.13653266373956424
113.111037	1787824836300108288	47.64147869643625	-122.14014790356215	120.43342725361347	-0.010197751043955837	-0.03017453359463499	0.01770443195994558
113.206963	1787824836396108032	47.641474703472916	-122.14014100656635	116.05833457164475	-0.06398096859258877	-0.058137503572967965	0.05139632863819602
113.303835	1787824836492108032	47.641460510741474	-122.14016666536484	117.8201998392579	-0.02415530728614933	-0.015393254551750883	0.021808174719657167
113.397362	1787824836585108224	47.64146726957987	-122.14011864128274	120.12773400585739	-0.050698134210572676	-0.011114961366142349	0.022387449085308323
113.493970	1787824836681108224	47.64148460335712	-122.14016907042628	117.67550541793867	0.10444030078439957	-0.08075016877415529	0.007847790798176671
113.599115	1787824836786108160	47.64147470735964	-122.14015981557802	118.10996228830989	0.03125301049815205	0.07949170459166274	-0.01708146316251231
113.704944	1787824836894108416	47.64144781378141	-122.14016227716311	114.60225343936666	0.08521889975498101	0.035100301241037676	0.0864405763258086
113.800782	1787824836990108160	47.6414939135863	-122.14018233405515	121.64749328529938	0.033652553935394076	-0.06833185584660427	-0.00827872039832348
113.893015	1787824837080108288	47.641435597225176	-122.14017143541312	115.30695991423855	0.025415864957485858	0.0291061600507017	0.01265769743569483
114.000263	1787824837188108288	47.641481036487036	-122.14017098446175	116.64177362737955	0.01433734218156155	0.055346936185355966	0.050662528562973055
114.094156	1787824837281108224	47.64150303082458	-122.14017372457107	118.90616098547135	-0.021102063134866858	-0.04478112907215648	0.045983689436629394
114.195162	1787824837383108096	47.641489809532224	-122.14016397273897	111.42956777155585	-0.052583673802758135	0.03920607187639871	0.03331522997041664
114.299032	1787824837488108032	47.641463595844606	-122.140171753966	119.81055943031609	0.017437949944246453	-0.026347016283785264	0.027068740092374116
114.392240	1787824837581107968	47.641446036840584	-122.14018236669307	118.89717832726761	0.05329159495902896	-0.09062599645102495	-0.048779113652320724
114.496021	1787824837683108096	47.64145236596594	-122.14017163485093	115.36880397562761	0.014272391295712943	-0.016169203049663013	-0.07629318672887132
114.596088	1787824837785107968	47.64147850004649	-122.14016719952384	118.82187522025251	-0.09890657061448671	-0.08654265161087682	-0.015038581752315126
114.697496	1787824837884108288	47.64146342039419	-122.14015378314392	114.73417429987029	0.0835332381700796	-0.00886900773464559	-0.0702641055940798
114.794929	1787824837983108352	47.64148641773396	-122.14016313176337	119.89307364017863	-0.0023275861097905976	0.008949583233120152	0.02312637062316594
114.897455	1787824838085108224	47.64145837965757	-122.1401854048842	113.17524425534998	-0.07479655744387413	0.0022036094195578234	0.007772457781927623
115.002184	1787824838190108416	47.64147900534739	-122.1401746856197	118.33807766422774	0.013498040657304745	-0.029593861130745365	-0.047104496886905954
115.102201	1787824838289108224	47.64149748573782	-122.14017025425942	115.60148996011	0.08211153312199926	-0.015259853989914056	-0.04098199852504222
115.201854	1787824838391108352	47.64146990450954	-122.14017066752899	119.34150468269547	-0.032299799436655716	-0.01730094094533098	-0.07864284403422583
115.303290	1787824838490108160	47.64148420323791	-122.1401793735699	120.13341523647055	-0.022281438785523213	0.030234002324480615	0.03193592229793328
115.400094	1787824838589108224	47.64146596335335	-122.14019751672329	117.12949171996506	-0.039505892813420596	-0.0322055502434461	-0.040013231927432565
115.508099	1787824838697108224	47.641441499613904	-122.14017725881797	118.14690544042521	-0.07572759069195469	0.0026729615001798612	0.09973651168001889
115.602771	1787824838790108160	47.64147441664062	-122.14016681693084	115.92814252746736	-0.06979732060494355	0.01888888455669233	-0.017399283931404105
115.696644	1787824838886108160	47.64146886123273	-122.14019072693777	118.16477452487229	-0.019953170453436316	0.0685100412244229	0.02366409253663233
115.795733	1787824838985108224	47.64147915689496	-122.14018645464874	107.72828798635824	-0.06375056626556327	-0.004435214375146808	0.05994670510079825
115.897572	1787824839087108096	47.64145861465117	-122.14015170252483	116.24328642433987	0.01720062246036487	0.07134324505089161	0.0663776368779783
115.994703	1787824839183108096	47.64145800205089	-122.14020953558823	116.69757067919765	0.036467040464555116	-0.10085116787182571	0.0116003319081577
116.106905	1787824839294108160	47.64148661081061	-122.14016513440487	112.46162600953294	-0.016390202908691722	-0.028382622235107	0.07679561985522727
116.200755	1787824839390108160	47.641478374278435	-122.14015451946098	116.00177583803972	0.009136040857919437	0.0010790680822310038	-0.0069164135160913985
116.294792	1787824839483108352	47.64146404494513	-122.14019512989718	117.09515661952342	-0.009240038572976662	-0.0003058623496969053	0.07624889020988194
116.397097	1787824839585108224	47.641453757311005	-122.14016642761126	115.81722355313502	-0.010709085526574458	0.016150348271774206	0.01764179116318396
116.498322	1787824839687108352	47.64148663175784	-122.14016794078964	114.04541689475936	-0.026030285973829094	-0.002534547622466413	0.013170038685946003
116.606317	1787824839795108352	47.64145495224535	-122.14017884387879	118.39705267081584	-0.006358070308884187	-0.05855662755324076	-0.04275403690667378
116.699983	1787824839888108288	47.64147331888186	-122.14016751613332	111.96380686291991	-0.02884788054456668	0.060156188849229436	0.053554154508268115
116.798442	1787824839987108352	47.6414728725337	-122.14015756120737	114.15267868968168	-0.09604388241505947	0.04859948181349841	-0.0027032548174466316
116.906671	1787824840095108352	47.64147234981246	-122.14018950193794	114.50239787927906	0.08073373360381203	0.008309073014999046	0.02868295162721371
117.002820	1787824840191108352	47.6414773562196	-122.14014158319367	117.73813573171456	0.008942670745279683	0.052295501097533496	0.04020883487392763
117.100399	1787824840287108096	47.641451626812085	-122.14018321708313	115.45333754495452	-0.0376862654140353	0.02540468663679984	0.017800701858361155
117.204649	1787824840392108288	47.64145597592318	-122.14016504247853	114.97018748551059	0.09424734757114656	0.021208538358517395	0.02527912595576789
117.307775	1787824840497108224	47.641463789107384	-122.14016962150114	116.98524650254724	-0.01330670799174627	-0.027538457621685993	0.11539485651815738
117.401758	1787824840590108160	47.641478331997966	-122.14016162106213	120.67504987529699	-0.0524498115644674	0.029930894958046506	-0.022319062447183666
117.496779	1787824840686108160	47.64146922509222	-122.14015778103247	116.87150593500499	0.0835399829239854	0.03420460301368159	-0.06644618947719147
117.610306	1787824840797108224	47.641468953469804	-122.14016485749036	116.12130313396223	0.035276127372899084	-0.009476602806589726	-0.036612333879810735
117.703571	1787824840893108224	47.64146460475809	-122.14015019626927	113.78124648372074	0.07930639157543096	-0.018960024073849724	-0.060098654936283635
117.812478	1787824841001108224	47.64144943852833	-122.14020653710418	119.69430107200317	-0.022435404194691526	-0.05470457842539609	0.07852708127800256
117.895442	1787824841082108160	47.641460612810896	-122.14016236428623	116.78937519858208	0.012560441532225523	-0.012412562777673313	0.06784297549162563
118.003475	1787824841190108416	47.64145615577833	-122.14017115805494	117.3093537404202	-0.047434032364740183	0.05888654068256776	-0.007153747561762501
118.103263	1787824841292108288	47.64146481316915	-122.14017607531468	119.09355769517205	-0.015973947037547634	-0.05944586456233236	0.04728371343766111
118.193450	1787824841382108160	47.64148282257934	-122.14016952375036	118.83662551245345	0.08275577187425835	0.07617625654471173	-0.04288996101896815
118.300663	1787824841490108160	47.641484047749096	-122.1401774147629	118.61980755293624	0.01381520817657715	-0.047015900436378155	-0.050442130735539485
118.411022	1787824841598108416	47.641475749737054	-122.14015425485691	117.70113718769466	0.0016510545721870975	-0.031073301912616858	-0.044371228678787386
118.504218	1787824841691108352	47.64146462277568	-122.14015991736197	116.20005917158437	-0.04851179648320303	-0.043824405876878705	-0.019839234620397703
118.601988	1787824841790108160	47.641469046558996	-122.14017974398142	113.44034617658312	-0.05587986481254064	0.006270404762255349	0.0831099992616562
118.702860	1787824841892108288	47.64147463985899	-122.140133738758	116.28502684745493	0.054971936203639854	0.034812834588520726	0.04288265394410986
118.794571	1787824841982108160	47.64147014100459	-122.14012832923841	123.37175834131044	0.05820040011960557	-0.006565972069466866	0.039842924586583256
118.906092	1787824842093108224	47.6414398156743	-122.14018849718015	115.98463485989726	-0.05838445624922735	-0.045800887538787215	-0.018513777692153677
119.006090	1787824842195108096	47.64145965979688	-122.14019303565019	115.84517284825657	0.014388485568894396	0.052323189242294704	-0.023704643737197405
119.099592	1787824842288108032	47.641454702955656	-122.14014455865664	117.41921616900983	-0.007301155760771397	0.09413334368877058	-0.017802196973644317
119.199104	1787824842387108096	47.64146224133023	-122.14016005129957	124.71238766155963	-0.011542419084651546	0.03209973877330092	0.0201865231890388
119.300797	1787824842489108224	47.64148280747812	-122.14017396042668	121.77081857306894	-0.08404048513515602	-0.07794754202907918	0.01600107177474927
119.395526	1787824842585108224	47.64145641275152	-122.14016741492115	117.12668436546828	0.026408102125899353	-0.0022693423634825003	0.01868412862867272
119.497470	1787824842684108288	47.64148451080987	-122.1401590326413	116.96125997940726	-0.029856156535090446	-0.05367254636912649	0.04261760490082112
119.594912	1787824842783108352	47.64149631302107	-122.14016729013733	112.63132996956989	-0.10554533399589124	-0.030457069982822684	0.03838492552798633
119.707344	1787824842894108416	47.6414474034242	-122.14022547309169	114.73922208276757	-0.027677519605683838	0.0713533739200541	0.008750427480505963
119.800248	1787824842987108352	47.64145622999527	-122.14009216823091	120.04255189881569	0.06607179570627762	-0.017949920157131004	0.05409419316846851
119.893835	1787824843083108096	47.6414739396159	-122.14014867749053	113.76464260149146	0.021078306210163336	0.1428277722324382	-0.07367803110952141
119.996714	1787824843185108224	47.641466279580584	-122.14019151894149	120.62725701815711	-0.000806854373533329	0.07202228156815473	0.005756136647689425
120.104376	1787824843293108224	47.64148263986817	-122.14015813682222	112.33696071819953	-0.05754513891828324	0.06800108285023995	0.04429260122630813
120.201203	1787824843389108224	47.64148009032322	-122.14021222619327	116.14802686482741	0.027505443130017317	0.021245233235097038	-0.06609230213979427
120.295687	1787824843485108224	47.641473600533885	-122.14016738641354	117.31362834593708	-0.010664233227887109	-0.03802508363631016	0.057342265750225045
120.411533	1787824843599108096	47.641455136314725	-122.14015438286783	113.41642735674918	-0.019417917801601535	0.04297477004824334	-0.04880112388263969
120.500098	1787824843689108224	47.64145965611238	-122.14017354270787	115.33255214822977	-0.0665929325713604	0.021981080937754582	-0.03177069747449484
120.596459	1787824843785107968	47.64145815520584	-122.14015902779808	122.63705916006582	-0.00664933789838398	-0.020247993825243588	-0.03741480591687784
120.693867	1787824843881108224	47.641476946680626	-122.14019547242765	117.3470403471631	0.0028477858473532156	-0.029219510892691144	0.028503895449181985
120.803928	1787824843992108032	47.64147203346476	-122.140156772593	112.47061982640729	0.029262150752225238	0.010913540021232978	0.008715896460498824
120.900017	1787824844088108288	47.64145661206913	-122.1401924457593	118.72575303664954	0.040574781537737636	-0.03362551720950388	0.01916565581990254
120.997730	1787824844187108352	47.64145749181357	-122.14016658397361	118.02339952264207	0.009908058033005027	-0.11385984851376243	0.04405388174920985
121.096479	1787824844283108352	47.641501586858915	-122.14014417403071	120.26782365697797	0.0643416139932827	0.03743496863213798	0.03760293669102842
121.197860	1787824844385108224	47.641474033191905	-122.14013991071612	119.72422713497265	-0.08317300187554987	-0.04116880767666751	-0.04017667213549178
121.305946	1787824844493108224	47.64148798315537	-122.14017397736905	119.56598002608654	0.031310456877972646	0.10779967539027616	-0.006351362867018116
121.388528	1787824844577108224	47.641468600277854	-122.14017155408028	121.05529297174157	-0.11897251074052331	0.005443730430997499	-0.03099796057846234
121.493164	1787824844682108160	47.64148327769648	-122.14017807853647	113.44325061826378	0.025819632215409567	0.009971617081116525	-0.022968811062664563
121.599476	1787824844787108096	47.64145409618814	-122.1401678052165	112.44384957842077	0.011266453704835177	-0.0060868869674181566	0.0016363450660148147
121.683672	1787824844871108352	47.64146726415072	-122.14014334241465	121.41193591487209	-0.03226475151160935	0.02900613988832845	-0.009788583630463057
121.802077	1787824844991108096	47.64144789717695	-122.14014023039117	116.28427378080595	-0.03383047950410661	-0.07302636843525001	-0.06555919772692893
121.914665	1787824845102108160	47.6414499826797	-122.14013753803168	116.2895394112509	-0.01622710147391262	-0.010644311188505904	0.0816025828971435
122.010942	1787824845198108160	47.641457157778994	-122.14018809730472	119.26360862271146	-0.011851793578233398	-0.05309259123994264	-0.003768765702934679
122.111198	1787824845300108288	47.64146046897698	-122.14016670078597	113.39542235699977	-0.03363741667450973	0.04297878895390604	0.004811711562685989
122.191131	1787824845378108160	47.6414586135779	-122.14018122711258	115.68909249708084	0.05240529585703995	-0.10044320382619135	0.035261704848259405
122.303537	1787824845492108032	47.641457961865946	-122.14016265593945	119.88346811261722	-0.04532032217666428	0.020729382417311502	-0.07937387209464519
122.394164	1787824845582108160	47.64146162755554	-122.14017617201941	117.05092282134622	0.0656332217399397	-0.001875463404634901	-0.062441723029987274
122.499844	1787824845687108352	47.641474971746646	-122.1401686519595	119.1965013900931	-0.030105481845517052	-0.039030542599374246	-0.04573627490376127
122.602811	1787824845792108288	47.64145665766981	-122.140158986563	117.35455476617989	0.028268260068095137	-0.0028354290455761275	0.05921835712033771
122.702880	1787824845891108352	47.64147335783834	-122.1401509302454	120.28037755292992	-0.007119553504929966	-0.015361383923664183	0.025925049980332068
122.792304	1787824845981108224	47.64143994846776	-122.14015885303496	114.26766811340799	-0.04026548751860976	0.04212686104879804	-0.0241201446950167
122.911141	1787824846098108416	47.64147619564996	-122.14017213160471	117.84297276245677	0.00991352737079239	0.0030179395808202264	-0.10904578316587513
122.989134	1787824846176108032	47.641459145676116	-122.14016112113403	120.27481044746679	-0.008786137171100722	-0.025477891628327417	0.06777346125670945
123.106397	1787824846293108224	47.641490707978654	-122.14013764977246	114.78722512763176	-0.08364709630355277	-0.07064349481226456	0.04287533708481013
123.196389	1787824846383108096	47.641461423175635	-122.14014491437025	112.50899750388047	0.003534712388255306	0.04381772958806632	0.059364168366566966
123.314898	1787824846503108352	47.64146588199487	-122.14013301595799	121.21716579375897	-0.013915442157719156	0.09194200005455183	0.10360777683970437
123.404906	1787824846593108224	47.641467489709555	-122.14015616737498	119.7556371519421	0.0314427938210979	-0.02909751283506616	0.028156524271647873
123.500278	1787824846689108224	47.64144839179662	-122.14015193316298	117.51813487897536	0.03997264804361722	-0.08415431138265624	-0.016151861306147704
123.599012	1787824846788108032	47.64146510455969	-122.14014596637291	116.28583380009012	0.057132049521695906	-0.05088488604075125	0.10285872431270048
123.703970	1787824846893108224	47.641461779557666	-122.14019993115467	120.23695468162573	-0.02041464482742089	0.012946253373909625	0.017347411562652255
123.798482	1787824846986108416	47.64147266236147	-122.14013851031476	116.5634007157698	-2.664368551468778e-05	0.027980054542011475	-0.0720173631818181
123.890411	1787824847079108352	47.641474777010366	-122.1401603592393	113.36376947048245	0.04337243153880472	-0.060764539527186	-0.04649065888446677
124.003543	1787824847193108224	47.64145775275689	-122.14015896302908	118.60054654267907	0.0006881498996706407	0.09627635122188136	-0.0612721418415269
124.104892	1787824847292108288	47.64149526462902	-122.14010768693707	113.43668859909288	-0.007585749408064293	0.054035975249179295	-0.0024243334488778627
124.203813	1787824847391108352	47.64149310270979	-122.14020548041569	118.33177671650135	0.017770590439003666	0.01342800106818056	-0.013195160456987721
124.302920	1787824847490108160	47.641457109411064	-122.14011666207148	120.42990671638026	0.042859661735860755	0.06615657949368141	-0.06294382105891724
124.393227	1787824847580108288	47.64147540265699	-122.14016343590546	117.90748624357708	0.02166594372115757	-0.004042006447086055	-0.07334936012667559
124.506324	1787824847694108160	47.64148489360636	-122.1401477061195	118.96765615044046	-0.01173517947197305	0.08655439100977753	0.019770602270146945
124.603472	1787824847790108160	47.64145054863051	-122.1401866259165	119.16493847632631	0.02209906705266019	0.07211010234339803	-0.008773558547289267
124.704732	1787824847892108288	47.6414609081114	-122.14017456167895	115.66073047291137	0.019724400433423855	-0.06012817004451509	-0.016644670185927954
124.794242	1787824847982108160	47.64144915404967	-122.14016297631801	117.30746591867404	0.07704200866222799	0.028649469970458863	-7.002897777743403e-05
124.905268	1787824848093108224	47.64147225937453	-122.14017213706249	118.19247467666271	0.02856415860461588	-0.04770631947197759	-0.004046690254197416
124.997923	1787824848186108160	47.64148995957195	-122.14013656646001	112.97639423246193	0.0033588466911412306	-0.01784661540996603	-0.07030421871405226
125.098195	1787824848285107968	47.64149125505955	-122.14017705995195	114.29844135301495	-0.09794348989252938	0.04010323649206454	0.0023198744676232105
125.198641	1787824848387108096	47.6414828236977	-122.14016446349386	116.55070366888637	-0.011017151306915381	-0.03167715358297709	-0.0065407830922391
125.297710	1787824848486108416	47.64148894172853	-122.14014695942275	114.93372494029148	0.00028053355459607015	0.03189749578379405	-0.004726564006804281
125.404981	1787824848594108160	47.64147031537066	-122.14015093967589	118.38128094469761	-0.11496944260972211	0.02215588870750117	0.018566467261681225
125.499064	1787824848687108352	47.64148801733965	-122.14014722370231	116.36126161575969	-0.07483332404098601	0.013310596495012789	0.13601194384470638
125.603373	1787824848792108288	47.64146113747698	-122.14018304238921	114.97491929566586	-0.032552964428910765	-0.041715905798264404	0.00785904011389135
125.704284	1787824848891108352	47.641468192863286	-122.14012759385557	116.65912515959623	-0.02771724128972382	0.11972307207256666	-0.03286427191530708
125.800234	1787824848987108352	47.64147651096341	-122.14018673636997	118.58939215591543	0.0050738005558934	-0.0738854562347833	-0.02569005071856327
125.899536	1787824849089108224	47.641444194073856	-122.14021289970634	115.92925074669868	-0.020285986251533397	0.06776237576653775	-0.08792478299361356
126.005661	1787824849194108160	47.641473290136254	-122.14013788498032	114.46947111621974	-0.031952171382751714	-0.015999006413601476	-0.060355647658005745
126.101245	1787824849290108160	47.641490011172536	-122.14018204555074	118.48786366374985	-0.0021941814267069483	0.031095902313459812	-0.02605014987082735
126.192620	1787824849380108032	47.64146296035766	-122.1401586387422	115.32241621092878	0.01220220874747798	0.01315401535406658	0.0539452691522313
126.301118	1787824849488108032	47.641482964818366	-122.1401408130353	111.67129186190347	0.012274398600537391	-0.06595076429533475	0.004082012495688819
126.395830	1787824849584108032	47.641477075705644	-122.14015603698246	121.82686454366568	0.02938806281968446	-0.08685629721972786	-0.052164538424735396
126.488657	1787824849677108224	47.64146330222711	-122.14015175257443	120.01928279114192	0.03019314220860272	-0.04949607212142332	0.04504023188406131
126.599626	1787824849788108032	47.641471611564064	-122.14015653728951	117.79556780297509	-0.053414442771770355	0.10005309037963434	0.13457204326044436
126.704450	1787824849893108224	47.64147968252847	-122.14013773940387	116.76895185271091	-0.017651495689413217	0.010274101004280903	-0.0577621552155268
126.799039	1787824849986108416	47.64146095980674	-122.14014641771334	115.87089810309948	0.004731138133326232	0.031205255103758253	-0.0067963730437648005
126.907858	1787824850097108224	47.641452573502164	-122.14015376604804	120.55950828182642	-0.10403305962346242	0.03424739239867787	0.024665708557905494
127.004260	1787824850193108224	47.641426803824594	-122.14014720017462	116.91174024635141	-0.011152397904217903	0.06892544892902991	0.07510741970237622
127.111800	1787824850301108224	47.64146703316374	-122.14014133561614	116.44576185061692	0.1165842502529637	-0.03887737292000994	0.0046406674580820855
127.206613	1787824850394108416	47.641461718130365	-122.14015358891899	116.51901176134707	-0.05357602566830841	0.0619444096923906	-0.07011167502462122
127.298358	1787824850487108352	47.64148069673886	-122.14015704518609	116.75666768140515	-0.00893374908174443	-0.08961166545060822	-0.06612329012694121
127.395419	1787824850583108096	47.64146929337385	-122.140160375568	113.87155513203813	0.0721065097586733	-0.10144837801534311	0.01696749242660436
127.498493	1787824850685108224	47.641470232114024	-122.14016445917385	114.61236375980153	0.006465209638267088	-0.08841989013096058	0.020157713975192802
127.592938	1787824850781108224	47.64146988008406	-122.14017829523566	122.39818458501809	-0.11339294502751268	0.03915212309649531	0.027760566032083184
127.703595	1787824850892108288	47.64145934479887	-122.14021432727662	119.77954291284503	-0.023580059833531217	0.008502002940864966	-0.06077214472192181
127.801587	1787824850991108096	47.64144575786146	-122.1401750436655	118.07952512744625	-0.00967048189929849	0.13235190420083082	-0.025007701311683214
127.907272	1787824851096108288	47.64147609534997	-122.14017181628668	122.201431164802	0.027740640860613692	0.04878619161787672	-0.020840541195986134
127.998135	1787824851186108160	47.641473746261205	-122.14015661873948	120.80957846941197	0.015788596731203648	0.027643132548679866	-0.0478282089412888
128.096430	1787824851285107968	47.641475783415835	-122.14018435235872	120.31444464133598	-0.007603515052046345	-0.09221152074989448	-0.05452059409387901
128.202352	1787824851390108160	47.64143807348711	-122.14015603371726	118.00371671890981	-0.014078278370493622	-0.06555377909595829	-0.016651378956454698
128.296741	1787824851486108416	47.64147481223229	-122.14019543125954	117.5909550232179	0.005244292381672306	0.08030882356906256	-0.05202723579204247
128.388036	1787824851576108288	47.641475387320675	-122.14016386913295	113.57871773936665	0.0718509946644678	0.005799281674385213	0.011310022488280155
128.505498	1787824851693108224	47.641453244596676	-122.14016351351991	120.30096903411209	-0.04039656924731008	-0.05146528634734254	0.004903850680834939
128.600604	1787824851789108224	47.64149392525248	-122.1401792581851	115.63333110045089	0.003127585548251115	-0.030318532135230704	-0.05824879352646787
128.704046	1787824851891108352	47.64143569197682	-122.14018849950455	119.03597188018043	0.0035456932503058047	0.012000867473160733	-0.02963880168525509
128.805460	1787824851993108224	47.64147861343792	-122.14013247329248	118.65988613258497	0.013889216957242234	0.04560188396199099	0.0073788899805286
128.897488	1787824852086108160	47.64146985036579	-122.1401626232566	115.7503528706991	-0.011621923351929395	0.061354055332468516	0.0751574402764624
129.010448	1787824852197108224	47.641462304940326	-122.14013122124484	112.22156934294512	0.018671346983550077	0.022857537445378714	0.005896234054042156
129.097325	1787824852284108288	47.641473838626425	-122.14016790569974	114.60033943772669	0.05396267272036118	0.011523828062352384	-0.005808524545514943
129.201544	1787824852389108224	47.64145148899204	-122.14014932715345	117.55548171561858	-0.017940318048025157	-0.009029396275512388	0.018629967373295152
129.284441	1787824852473108224	47.64147229767594	-122.14017173386787	115.14203772476175	-0.016122626147225098	-0.0454794753457813	-0.04481481576115304
129.409472	1787824852596108288	47.64146114072429	-122.14020271813504	116.33178492042622	0.013654787729683022	0.03556536157542267	-0.003909198069297055
129.498209	1787824852686108160	47.64147081257316	-122.14019440867587	116.60857240641698	0.015894137572348182	-0.01922523568986855	-0.015477111679865888
129.604134	1787824852791108096	47.641480368212775	-122.14015639226368	117.36988182434305	-0.000877261680468623	0.07159483077192015	-0.0200317591257803
129.700923	1787824852890108160	47.64144903919328	-122.14022073986118	114.08844843656401	0.05001388656793392	0.07733981285466802	0.015336200752578535
129.799781	1787824852989108224	47.64147865507968	-122.140154009203	111.54243187621192	0.0005163123043300561	-0.006823879279661351	0.01323352954374414
129.892478	1787824853079108352	47.64146048640055	-122.14016989006791	119.10635852375276	0.009239751533931523	-0.03692365123156816	0.01919875759824331
129.995764	1787824853184108288	47.64144317832601	-122.14021020323108	118.94416611579683	0.08380711560265007	0.0008357371722856321	-0.04467372791144557
130.105148	1787824853292108288	47.64148608920824	-122.14018807734807	120.21675570569653	-0.05488735552643612	-0.07136154503004301	-0.07796340362882383
130.201240	1787824853388108288	47.64148276323001	-122.14015776066165	118.37840089910506	0.0066651798729218635	-0.058649066085353675	0.01870222161241315
130.302560	1787824853490108160	47.641457361552455	-122.14015837214345	117.86753973098342	0.01717165015973837	-0.09547133987329019	0.01700796231026727
130.398520	1787824853586108160	47.641473873858395	-122.14014876528398	115.62873110965221	0.0397031393735403	-0.043690665346419695	0.017542341524375536
130.504262	1787824853691108352	47.64147512301389	-122.14017322433601	112.06186917046219	0.05888466110598705	-0.06370140662014272	-0.0010040430073566644
130.605624	1787824853793108224	47.6414716653325	-122.14014469139414	113.21650709923327	0.012956272025930325	0.07058234417392688	0.01386986706761331
130.702228	1787824853889108224	47.641479928622374	-122.14015250557327	117.31174235610752	-0.002901435037448938	0.035265567216415154	-0.019439320828477546
130.802332	1787824853991108096	47.641484571108855	-122.14014458318138	119.88166340037631	0.15117335995574574	-0.050170105682293256	-0.04954875903930589
130.903360	1787824854090108160	47.64147949356746	-122.14017885555707	115.93433737229081	0.031047719890866427	0.027446812712328735	-0.02731149802681639
131.013762	1787824854201108224	47.64147141410264	-122.14017017585188	119.05520811630721	-0.002687512575950927	0.040408689945101176	-0.06150081770013628
131.099620	1787824854288108032	47.64147477038937	-122.14016068660983	116.90863683125939	0.0468770237509763	-0.04450764125685955	0.03806352414911902
131.202623	1787824854390108160	47.641460486885514	-122.14018062889434	118.60995166691784	-0.07398155646325828	-0.01672132092888239	0.03150378593211276
131.299202	1787824854486108416	47.6414519641777	-122.14015806149473	118.82647866142288	-0.06148865476581449	0.014596339839190568	-0.061794480568054394
131.401100	1787824854588108288	47.641471367946686	-122.14017221908615	116.442317035047	0.05969955074756968	-0.10435989519257423	0.07470718039431008
131.495637	1787824854684108288	47.64146783564913	-122.14018754464875	113.02348223456627	-0.018649625780211076	-0.026066625802349905	-0.007355954177644841
131.598530	1787824854786108160	47.64145663507238	-122.1401571269611	120.11868650236386	-0.011977614954756386	0.019828062964470636	0.01938554792029719
131.704009	1787824854891108352	47.64147565644845	-122.14015153674636	117.80289015390251	-0.0051535676772851285	-0.05899001889882849	0.021185347038481215
131.805064	1787824854993108224	47.64147442196715	-122.14018204266112	114.53092941436998	0.0070620561655169	0.05826351197976894	0.08180118484851555
131.895790	1787824855083108096	47.64147911542825	-122.14010057088154	119.37457125234386	-0.03739778360314063	0.019945922815881402	0.08985296758871625
132.002283	1787824855191108352	47.641472799249634	-122.14019205399063	116.46639145828014	0.02382013884661782	-0.02542721399064792	-0.02612681604283792
132.096464	1787824855284108288	47.641469476396466	-122.14017349856366	121.45741321255277	-0.06623045547205522	-0.012429482124756365	0.024461751411271663
132.199079	1787824855386108160	47.641467504090116	-122.14015711541751	116.59434510148051	0.0205242859743038	0.024947193896446413	0.009225856337152507
132.300932	1787824855488108032	47.64146794589553	-122.14014934399795	115.92717769012594	0.0061888830776339315	0.0023451880198938958	0.000416056779773664
132.412029	1787824855599108096	47.64146442486906	-122.1401702430561	115.58834654436203	-0.019643001426401987	0.004602140965183588	0.03758402708277173
132.500458	1787824855689108224	47.64145624437188	-122.14016421728333	118.4129205728251	-0.009515632433800224	-0.0190952362208279	-0.010760605667093269
132.592456	1787824855779108352	47.64145260232687	-122.14016229587119	121.12555821649686	0.0022803570960285876	-0.07297956488592762	0.05584507108994711
132.694083	1787824855881108224	47.64146131091901	-122.14014539405851	118.8042976017605	0.04936839685464744	-0.07357748163579829	-0.0036355386754398688
132.791658	1787824855980108288	47.641454071235295	-122.1401572692844	120.68603437030642	0.08463061098642238	-0.01881567055004614	-0.08164259343091435
132.911886	1787824856100108032	47.64147195486396	-122.14015928615751	117.55278288939706	0.059377838425577346	-0.04541058422709071	-0.12939084432004078
133.006945	1787824856196108032	47.641468204146456	-122.14013744431522	116.75974729762146	0.07672391297381945	-0.035752577256655364	-0.005889685550090997
133.083739	1787824856271108096	47.64146428130334	-122.14016442791035	115.17130122580699	-0.06122266143913485	-0.0008750590570900382	0.007302323435399549
133.207319	1787824856394108416	47.641469264399724	-122.14017170567534	118.36327061161266	0.1111665654036705	-0.057894625447981476	0.020752316700494544
133.297289	1787824856484108288	47.64145957921269	-122.14017621813656	113.95948578723366	-0.02530476494640462	0.036654801490982686	0.010633296001347213
133.398162	1787824856586108160	47.64146263158461	-122.1401697294769	114.37085150741964	-0.05595029074056397	0.027970825782031673	-0.0031607735159914527
133.510961	1787824856700108288	47.641445512484104	-122.14016768710124	118.31410348276407	-0.012309284869126297	-0.060755528459337155	0.024767078104144715
133.596357	1787824856784108288	47.641457411813356	-122.14015312248507	117.63438051306264	-0.08550647514469231	0.002000871635653751	0.010413323094500358
133.696798	1787824856886108160	47.64147348599681	-122.14017738855205	116.91567173476903	0.0342595456718587	0.0009705251198694463	-0.05456510736736847
133.792820	1787824856982108160	47.64146718950813	-122.14018118286766	120.52288050635723	0.00010043871471000944	-0.03287945740106032	-0.0027334747136238385
133.907559	1787824857096108288	47.64144369777229	-122.14015181410225	113.33639076898989	-0.043360293813642654	-0.023029623319292404	0.02180955974995817
134.008421	1787824857195108096	47.641440464934526	-122.1401665557572	116.14873129397488	-0.0891113565024501	-0.02578911816136257	-0.08795771771922338
134.102862	1787824857291108096	47.641487753835264	-122.14014933391073	117.47272327347798	-0.06234540932716011	0.01164146268261117	0.08332051282533666
134.200845	1787824857390108160	47.64146715295848	-122.14014457409505	116.59070669823934	0.05207179004635997	-0.00862076944501994	-0.002067156614631769
134.299988	1787824857489108224	47.64145700815999	-122.14016391057646	116.11548273447934	0.0060249548040831975	0.0018981596594976264	-0.011208424991925873
134.402366	1787824857591108352	47.64146524990812	-122.1401361160571	113.4941386854584	-0.06232876382019684	0.02911655637051144	-0.03348218200727697
134.494816	1787824857684108288	47.641475392553424	-122.14017938737655	121.78922707326822	-0.05905773936450742	-0.10135935321653898	0.013314600746649953
134.597956	1787824857786108160	47.641458361693225	-122.14015753843378	114.44161831338963	-0.006590904035889614	-0.014450336277471686	-0.02176914839498922
134.708683	1787824857897108224	47.64146115432737	-122.14014783555818	116.91428106273807	-0.053442731970322954	0.013678054530940188	-0.03287300053961378
134.804742	1787824857993108224	47.64147598648731	-122.14017737814531	118.13492042071131	-0.021269009993111123	-0.009347802102177475	0.08690404018079834
134.908618	1787824858098108416	47.64146622571424	-122.14015982920438	122.16112811068224	0.013577120118278064	0.11899595325611523	0.026599968809207147
134.999825	1787824858188108288	47.64146300435281	-122.14017429352414	117.0654200590144	0.015575098958394158	-0.045526867478990034	0.020238810720601692
135.083819	1787824858272108288	47.641445913042865	-122.14013205361206	116.0756980877603	0.02159679175149186	-0.043790944528148086	-0.04292221639952384
135.198392	1787824858386108160	47.64147506258007	-122.14021926652497	116.77147626157776	-0.0240103355409918	0.014810534185829767	-0.019968867571757393
135.302681	1787824858491108096	47.6414665575283	-122.14015825518084	114.53753812505362	0.044628796706716635	0.01815864123539051	0.011199247649078757
135.398893	1787824858587108096	47.64148808520972	-122.1401560235037	114.36434132104411	0.10825984901325779	0.011187095251536737	-0.06756076567972687
135.504619	1787824858692108032	47.64145851796016	-122.14015296589938	118.22543063350955	-0.06172474729108354	0.020693175522712475	0.030185396168573544
135.590303	1787824858779108352	47.641460952065216	-122.14017046595988	118.67847758007485	-0.009251226935281756	0.10019514316893417	0.0308603969473379
135.704618	1787824858893108224	47.64146612342383	-122.14014787450543	118.86381809866576	-0.051684452331338615	-0.059567024110068714	-0.06614254407470632
135.800655	1787824858989108224	47.64146165773176	-122.14017640800432	113.96662550271776	0.06037313503210593	0.04414805330565076	-0.04706090385332295
135.910307	1787824859097108224	47.64147014681168	-122.14014570622939	116.39030953389388	-0.048694325480298506	0.02658105821673168	0.010376432627539288
136.002606	1787824859190108416	47.64145692972954	-122.14013693859513	122.59510501109231	-0.03385114968308506	0.037778104917748925	0.0011816752764326054
136.101191	1787824859289108224	47.641473395031824	-122.14016859367858	117.3350491476764	0.02162651650111823	0.018560392977491402	0.09338480557390988
136.198722	1787824859388108288	47.64147397683323	-122.14013693753112	116.09301932114816	0.04019520935058576	-0.028705049491508164	-0.025291471894342013
136.299658	1787824859487108352	47.64147718167591	-122.14017042157829	117.77738545154489	0.03163628860717076	0.020412877850036162	0.08173006092091369
136.406129	1787824859595108352	47.64146370834062	-122.14017216751213	118.11930872042052	-0.014969391667023439	-0.040469622905879556	0.018485241499578867
136.492110	1787824859679108096	47.641452970691546	-122.14015648027924	118.23410610643971	-0.09817036591257916	-0.05282671087548588	-0.05817221403790201
136.599803	1787824859787108096	47.64146444702037	-122.140153064068	115.77531556716646	-0.012902886560082536	0.035149896949405394	0.07732685765709862
136.695950	1787824859883108096	47.64144618853114	-122.14017198149706	115.6733378539253	-0.0840675411345398	-0.09328230120475595	-0.010578805338633755
136.790379	1787824859979108096	47.641474390055734	-122.14016633341723	116.11054136661188	0.012821540422532203	0.0415546316135833	0.016856868282218433
136.908228	1787824860096108288	47.641463079450524	-122.14018792887663	112.78422710027186	0.05771361920805396	-0.1069885669939515	0.019682311561704535
137.000651	1787824860189108224	47.64145263845745	-122.14016855139847	117.73566144005349	-0.06226827974510323	-0.01320242179039153	0.019285588687315926
137.099285	1787824860288108032	47.64146869460402	-122.1401592024304	116.32367664188199	-0.026013974017574028	0.002290533292593443	-0.05326518978741534
137.195247	1787824860384108288	47.64146883461521	-122.14015471701876	119.30016751984957	0.13166248946153844	0.024303536873488556	0.06018880925122891
137.291839	1787824860480108288	47.641442520533055	-122.1401902502167	119.28912430575386	-0.029814764812717442	-0.012991188396052455	-0.05564684143355522
137.400867	1787824860588108288	47.6414782396593	-122.14014929178784	119.70387511254839	-0.011218829330066855	-0.04172193510749317	-0.09516680700615768
137.493418	1787824860681108224	47.64147410867245	-122.14015631497465	117.45107477842637	-0.05452776652099564	0.08862525438925524	0.0449673258127441
137.601654	1787824860789108224	47.64148107760754	-122.14017658606396	116.79685746043425	0.010806063799811581	0.005005706743953162	0.01914995271726234
137.692078	1787824860879108096	47.64146745657912	-122.14016979423363	121.87651496454374	-0.008177904902227568	-0.013110360543162803	-0.03528043364384297
137.802641	1787824860990108160	47.641444461330316	-122.14018588951416	114.82696655407089	0.030420137016007126	0.004540161783619554	0.05729904268946191
137.899103	1787824861086108160	47.641462343325415	-122.14016246806828	115.27566787736232	-0.099411342792942	0.010045647914735336	-0.03855651864492562
138.005632	1787824861194108160	47.6414611627847	-122.14015516510665	116.10094815126881	0.010728788917854191	-0.09132993913891678	-0.020336079503640178
138.102489	1787824861290108160	47.64144762825008	-122.14018016027028	117.32686665659129	0.02753779160763108	-0.1031235516742572	0.01465928614997171
138.198151	1787824861386108160	47.64146882044121	-122.14016326510263	114.999501835896	0.031464504222371334	0.014291552589877382	0.02312080310943372
138.300467	1787824861488108032	47.64145637158463	-122.14018064223565	115.54304492242818	-0.026240481737707568	-0.07266630942353478	-0.012475557736942111
138.406281	1787824861593108224	47.641480106308684	-122.14018631898921	120.61729435360863	-0.03403663308434464	-0.06454911583811855	-0.0033034588880627835
138.504446	1787824861692108032	47.641474713636036	-122.1401470997264	119.0939754998151	-0.0006752895747867953	0.002048389382624348	-0.02491995928907023
138.601147	1787824861788108032	47.641451943812356	-122.14016468181873	118.60727976347957	-0.05388433996436819	-0.009084826479740637	-0.022128138099792295
138.700976	1787824861890108160	47.64147662407514	-122.14015041652478	115.45232716194204	-0.05177065244296519	0.07967647509871911	-0.11859701769689737
138.799871	1787824861989108224	47.64144794762354	-122.14015182821916	115.71233782346638	-0.027443291805921134	0.06697343264016266	0.07040673807486582
138.906921	1787824862094108160	47.641444930384274	-122.14017537337114	117.68079508841738	-0.021189892018709036	-0.08101478591422633	0.0906627031428858
138.996558	1787824862184108288	47.64146066389783	-122.14016100926968	122.32533436078616	-0.08543228956979369	-0.02267716982459682	0.018659433065301524
139.096111	1787824862283108352	47.641459048721565	-122.14014461221555	113.1384733535584	-0.02732689429653522	-0.08678369691537619	-0.03348609965912902
139.204568	1787824862394108416	47.6414915731976	-122.14017294333344	112.91322575629732	-0.06357143244524825	0.027274676621632965	-0.06878908938442015
139.303062	1787824862490108160	47.64146250969808	-122.14015298246638	117.66101213043906	0.04258668559510327	-0.06318677505549897	-0.04761739842260747
139.391263	1787824862580108288	47.641455234556354	-122.14018797570075	115.43119950979249	0.007620994579890528	0.044894162639654976	0.022382837406209465
139.502305	1787824862691108352	47.641465954078654	-122.14017659099913	115.85934769740946	0.043006720768377	-0.010430966519712707	-0.04626780718464071
139.608302	1787824862796108288	47.64146600321852	-122.14012661079242	118.63413085178757	0.01337828924652254	0.0562400747629451	-0.013169065975581394
139.697321	1787824862886108160	47.6414500300935	-122.14016192290897	120.11641180006161	0.08960488742987173	0.06631768355417623	-0.013212049028948111
139.798894	1787824862988108032	47.641484524915725	-122.14014169801204	117.78977023981369	0.005871400380886748	0.02594224102420849	-0.025470197403536638
139.888792	1787824863078108416	47.6414681033528	-122.14014517104445	116.99356113421435	-0.030771889249705888	-0.02465168490570011	0.10652999011885063
140.002412	1787824863189108224	47.64145732957906	-122.14019981187947	119.4368347059338	0.03977515426115033	-0.0006111134334532394	-0.03776094300570936
140.099295	1787824863288108032	47.641460060983746	-122.14014967112946	118.41389764595297	-0.008573746996002548	-0.012842394322625515	0.003678284599383553
140.198903	1787824863387108096	47.64148495058111	-122.1401296862812	117.21639539733226	0.034572720429526436	0.022772589621727443	0.016180172545140186
140.302333	1787824863489108224	47.641469386790064	-122.14015244074226	112.5282716123819	0.005702175794128642	0.03546557915079164	-0.011579825208712738
140.399299	1787824863588108288	47.64148530631966	-122.14016170377509	118.18787302284922	0.10954681912091145	-0.03625911974832969	-0.01147992740787808
140.496023	1787824863684108288	47.64146399671656	-122.14015416330837	112.50922582021252	0.016935905807207018	-0.036133921284485775	-0.11092529813650259
140.595935	1787824863783108352	47.64145643490461	-122.14014234617999	119.08603045396487	-0.02561894645102963	0.09301409995070674	0.06702019342738198
140.697221	1787824863885108224	47.64147297803783	-122.14015954940564	116.59917369268717	-0.0462678730125348	0.0006945798590578377	0.050291233036301675
140.794741	1787824863984108288	47.64146428988872	-122.14015588743085	116.36687841275176	0.04161727833778495	0.04036084175795704	0.05967282316676791
140.906281	1787824864095108352	47.641480094038336	-122.14014104155444	113.55526022749035	0.0026151652471978456	-0.025089869769025743	-0.010898362633086725
140.997844	1787824864185108224	47.641482174257916	-122.14018420574573	117.28509450198581	-0.014772323920079926	0.0072243268579522835	-0.007145946583134758
141.102549	1787824864290108160	47.64146106755507	-122.1401293211469	115.40564874392854	0.030309761792163704	0.017069059917318254	-0.04451206908261518
141.200436	1787824864389108224	47.641468779719716	-122.14020028918176	115.01952918031425	0.04723044276782234	0.06338734366027028	-0.06255099252952254
141.303504	1787824864491108096	47.64149791202361	-122.14017335541618	118.2702263987194	0.055317722327197	0.05616082973192467	0.04724025719251205
141.400216	1787824864587108096	47.64147845093468	-122.14018790303841	120.58032867396396	-0.05164487135765633	0.10074294630777417	-0.03364974712144108
141.500110	1787824864689108224	47.64147639313554	-122.14016063674664	117.29945186528111	-0.003644963463851224	-0.0049272771771990825	0.048346363678678644
141.596404	1787824864785107968	47.641463152012285	-122.14017556865947	117.79519696076817	-0.006258607095425832	0.08224807405421286	0.016115450699442594
141.690158	1787824864878108160	47.64145051041351	-122.14021073911954	115.37557149209901	0.012775949769854923	0.029681653390707538	-0.03156705934256042
141.802609	1787824864992108032	47.641463987942096	-122.14015910930539	116.20041977144028	0.054896162395938225	-0.03010358474864242	-0.008276493170656981
141.907098	1787824865094108160	47.64144557258517	-122.14018252413761	122.49005249750502	0.002825871086027675	-0.03845238400031657	0.002686426127886589
141.999060	1787824865187108352	47.64147302501597	-122.14018990005142	117.44303931709491	0.029346430670463632	-0.023597282692513613	-0.038595614015792964
142.103668	1787824865292108288	47.64148147841877	-122.14016520155704	113.82792049421131	-0.011365227275040118	-0.03213671447224074	0.023185634058286643
142.193173	1787824865382108160	47.641475375721406	-122.14016676852226	117.53437475228188	-0.001294871034819257	0.054407780594247925	-0.0947766749256857
142.297512	1787824865487108352	47.641484241632845	-122.14016053728596	115.46578594843504	0.016086460637831836	-0.05152433976942814	0.027224671437654446
142.400020	1787824865589108224	47.641454604760085	-122.14017924958974	114.79921302368585	-0.0033790908634060667	0.039345323061912456	-0.025444709173149827
142.494762	1787824865682108160	47.641465307610176	-122.14015913334387	117.80026452482818	0.006702387745529465	-0.008006741058770956	-0.03127879326659141
142.597616	1787824865787108096	47.641461004301085	-122.14016098329292	118.58595522945748	-0.025004374834264445	-0.026557454759032168	0.016490746401637495
142.705981	1787824865895108096	47.641474569322945	-122.14015857598443	114.7705752373293	0.00482470241426514	-0.015488629337779756	0.07273383661971002
142.801437	1787824865988108032	47.641478992320685	-122.14017675100025	116.22845774593166	-0.06630327829881931	0.0007180035741663798	0.04412340916855301
142.895323	1787824866084108032	47.64144644061203	-122.14018667338368	116.95908346651558	-0.0399027273987983	0.06597570128272119	0.08405370497829864
142.991357	1787824866180108288	47.641499499878556	-122.14015644045924	117.7980226863085	-0.01213233059136621	0.06396339173910652	-0.027230151538152093
143.098934	1787824866288108032	47.641478877197905	-122.14017844779724	119.5712378562149	-0.014784701315689095	0.032706311004608295	-0.008561969864668955
143.213123	1787824866402108160	47.64145761252504	-122.14015578390531	119.5632292883904	-0.01900860184054568	-0.02736614280361617	-0.07795427757596365
143.307563	1787824866495108096	47.641481325961394	-122.14013961749129	118.51341689774173	0.11079593164729162	-0.06705266267126243	0.07445968462825803
143.390588	1787824866579108352	47.6414585305373	-122.14015897491988	114.87166758564236	0.08838138326365119	0.014434050943686862	-0.03612376769201394
143.501684	1787824866690108416	47.64147222034364	-122.14017222014031	116.37532492493935	0.07527848128023612	-0.03345198112562782	0.043325987532604644
143.597127	1787824866786108160	47.64147379759223	-122.14014455081265	117.15543701845516	0.01020821978930063	-0.08213634581403545	-0.05454893728899826
143.696839	1787824866885108224	47.64145452688067	-122.14018462468661	113.22075741375116	0.03094960222548986	0.0019651768595257304	0.009048141629983074
143.789328	1787824866978108160	47.641473566571314	-122.14017486294004	121.61651770141889	0.09926401514890859	0.060050870879524425	-0.04852777707033702
143.908333	1787824867095108352	47.641496758112574	-122.14017827628983	116.3471915345456	0.04213980536609233	0.058098416910671996	0.01937098572039125
143.999614	1787824867188108288	47.64149272117893	-122.14016588198056	117.61854349471997	0.00387529543867603	-0.037480123460791534	-0.045337225676284953
144.097527	1787824867287108096	47.64145664851091	-122.14014899328303	118.3501464763223	-0.02704911377581003	-0.01218425149417384	-0.011529721221095595
144.205513	1787824867395108096	47.6414570358994	-122.14014762654973	119.79636724857696	-0.00237641502249827	-0.0025244058924449096	0.03200440931323222
144.298169	1787824867485108224	47.64145671738908	-122.14011749055274	117.62739656974313	0.05157392341132109	0.001097284002898672	-0.08550300108141687
144.406054	1787824867593108224	47.6414837351728	-122.14012738510696	119.55679535084465	-0.021929116809513843	-0.02141666756652715	0.017518039244893455
144.492757	1787824867680108288	47.64147061343712	-122.14019670458342	118.70270785714047	0.030795310349775687	0.04050654027700271	0.05944359772557961
144.595646	1787824867785107968	47.64147229262067	-122.14015133460448	116.46319088646368	-0.011728350080312559	-0.05036481291710182	0.004003992230759502
144.693972	1787824867881108224	47.6414789335796	-122.14017897920152	114.6609546083425	0.0857373764232788	0.0434237938642599	0.012935062986745486
144.807659	1787824867995108096	47.641485454685565	-122.1401770558932	112.85893074783861	0.05244444817047725	-0.03602953586661433	-0.053850865303200206
144.894741	1787824868082108160	47.64146206177642	-122.14016761846288	111.864778013	-0.06568839937405012	-0.022300963246996805	-0.0153568466229014
145.001529	1787824868190108416	47.64148698957081	-122.14016415685684	119.73726899785247	0.027619507614752563	-0.018437901024545133	-0.03900095428810277
145.099912	1787824868289108224	47.641441808684995	-122.14017351735247	114.72776605783986	0.009009384490161303	0.04204762476777404	-0.009606619159747299
145.194212	1787824868382108160	47.64147545612604	-122.14016710477509	118.30603517295988	0.03378861870838925	-0.07497478490545356	0.015356024643583509
145.307341	1787824868496108288	47.64145314262173	-122.14017396688016	115.96898963584118	0.08214372655749244	-0.05732638846466975	0.02330690619316143
145.408330	1787824868595108352	47.64147729861782	-122.14015822444735	118.6307800118639	0.0648065057304744	0.013841628881384793	0.03930645340983398
145.492831	1787824868682108160	47.64145252420083	-122.14015953693982	116.73137321000672	0.21261334191238673	-0.05228220229208408	0.007597826142332513
145.602659	1787824868790108160	47.641459412885645	-122.14015023874605	117.3248032015226	0.0602276685986023	0.013871033950429483	0.019844413949502232
145.693228	1787824868880108032	47.64149968679984	-122.14020913276508	120.43735928338118	0.20249077987693728	-0.00436938731139326	-0.022282398151306518
145.795393	1787824868982108160	47.64146628913154	-122.1401812409524	115.96353079700526	0.0642281835858862	-0.01351670083381605	0.01565896115336993
145.887275	1787824869075108352	47.64146149169219	-122.14019714581266	116.99868595341344	0.2290478843817829	0.04047014915852847	-0.0553959956419557
146.003331	1787824869192108032	47.641487299760406	-122.1401806008708	117.98939830596012	0.2118434318174319	0.016665064108112315	-0.07997767473579838
146.087641	1787824869276108288	47.64145877805458	-122.14018181902564	118.04126509777018	0.26240648525594257	-0.08646041627665237	-0.0727360106553574
146.202340	1787824869390108160	47.641473750059774	-122.14019921866903	121.38428344634724	0.22876957502469072	0.012615793118497576	-0.08791469371066707
146.306246	1787824869495108096	47.6414730427935	-122.1401677360192	113.52958332510859	0.26716508152475116	0.0033771137736264794	-0.020645007933265472
146.396895	1787824869585108224	47.64146103201305	-122.1401691862535	119.92381684432705	0.25549870567999755	-0.1360413739032492	-0.020113456160822375
146.507586	1787824869696108032	47.64147912947698	-122.14015748440562	117.36763388020671	0.3300996542639979	0.09150277396680952	0.030676886085805252
146.600253	1787824869789108224	47.64149171667009	-122.14017202837842	117.9679710982475	0.36621862605968014	-0.01694507043515914	-0.009591831500095356
146.685205	1787824869873108224	47.641475046054445	-122.14017363254052	117.18079158599379	0.3623112966084693	-0.015359379011098434	-0.16376982897129552
146.799513	1787824869987108352	47.641493914057016	-122.14019541150773	120.9501251633647	0.521623037483598	0.031728848810511905	-0.06057218915062423
146.899478	1787824870086108160	47.64147726027906	-122.1401869276586	116.31343558405017	0.6324313639468435	-0.046900046609864875	-0.011123812589909866
147.002708	1787824870191108352	47.641459998192836	-122.1401936420203	117.28832668014694	0.6616792451299409	0.016313482199533432	0.035753012564342546
147.099088	1787824870287108096	47.641472408829465	-122.14016203532252	117.3182321067685	0.6104838630533045	-0.0349192982628705	-0.02799992585760975
147.195176	1787824870383108096	47.641473865194634	-122.14017750869544	116.13693157474617	0.7729266280880838	-0.08376743053834049	-0.004324173410939223
147.298277	1787824870485108224	47.64147946746526	-122.14015043337217	119.91944905998933	0.8062483402141016	0.019767584189033016	0.016244163032047912
147.406763	1787824870596108288	47.6414675412181	-122.14017135569118	117.81482525066265	0.9009337778254928	-0.05482314334301204	0.006138763628576114
147.495352	1787824870683108096	47.64149284250322	-122.14015610305114	115.49543477983511	1.0125035806236455	-0.018400497283205496	-0.030460624965624458
147.601252	1787824870788108032	47.641475702399774	-122.140136403174	118.93476033499105	1.0887008703979857	-0.020066203013740735	-0.03770765780235216
147.707208	1787824870896108032	47.64149619812802	-122.14016041233546	119.67057934394252	1.1899586145448457	0.017000131737175624	-0.02736682745062924
147.789658	1787824870977108224	47.64148659699851	-122.14016197302254	116.6730728443757	1.1572448579035128	0.03883470435554933	-0.015257821025399496
147.893709	1787824871082108160	47.64150570531856	-122.14015466026298	114.73578981769548	1.3964521817481248	0.023313399574760044	-0.0793900668037599
148.007197	1787824871196108032	47.64147123717885	-122.14015391766779	111.89909907662752	1.3905750684407066	-0.03163638853846233	-0.005556447755895368
148.115413	1787824871304108032	47.64146506776678	-122.14016256576741	117.99121709485621	1.5975293099038996	0.03937588078964478	-0.042232297155872414
148.198056	1787824871385108224	47.64148413205054	-122.14012917580172	114.39835720420871	1.6995333820998577	0.023194925257124643	0.04424323508852465
148.300665	1787824871490108160	47.64145693412879	-122.14018246100778	113.23667962862987	1.818328744334481	0.013603927733412166	-0.1038420061706163
148.398203	1787824871586108160	47.64150200860758	-122.14014515319388	118.93599278017138	1.860313954990085	0.039952581761161385	-0.01096859697681956
148.501447	1787824871688108288	47.64148314322871	-122.14015437181176	119.5812110867031	1.9498334224303049	-0.01759639558364736	0.03493697672333009
148.598724	1787824871787108096	47.64147484055837	-122.14018802056673	120.5361138610677	2.090071948890592	0.10865539221801529	-0.025666340756403984
148.708858	1787824871898108160	47.64149019143664	-122.14019239274884	114.92110527827502	2.2286491137283684	-0.06151768356504567	0.036806782885545675
148.796677	1787824871985108224	47.641482574007334	-122.14018694937909	113.57454539466211	2.2886980857289525	-0.058596400438035795	0.01861917613781224
148.893838	1787824872081107968	47.641476884484504	-122.14016570680421	118.66703982764093	2.3039354520855895	-0.0015237540676320263	-0.0871253290443428
149.006773	1787824872195108096	47.64150165845118	-122.14013721372606	120.00990268355909	2.663747386810741	0.03960652629422798	0.06458271958034104
149.101057	1787824872288108032	47.64150231907334	-122.14017765627837	114.89048848167708	2.67190963637752	-0.0019026422252143124	-0.027274619994301637
149.192050	1787824872381108224	47.64150600985742	-122.14019317036337	116.28180896511525	2.758569504293328	0.11430984645783351	-0.005288072344076591
149.284992	1787824872474108160	47.64150800515141	-122.14013562160716	115.83855338380651	3.080085670503215	0.02392855121851578	0.01300193893506589
149.402996	1787824872591108352	47.64150832864731	-122.14014325128045	117.6586965599442	3.1455693677920977	0.00025286831412546897	-0.012514423889289026
149.482786	1787824872672108288	47.64153185299995	-122.14017508428759	115.5560210940105	3.193884099079	0.05435173981527278	0.040493444234049554
149.605312	1787824872792108288	47.641533503338785	-122.14015020269875	117.08901734669067	3.498138655739112	0.007095402112621801	-0.03263877323642039
149.706927	1787824872894108416	47.64150868892698	-122.14015637728075	118.41336193388426	3.572117503742431	0.0229522021689343	-0.02079130345104839
149.799377	1787824872987108352	47.64150641537614	-122.14017846001596	120.73057628483629	3.7320102606871224	-0.07645193482395653	0.005167548300434692
149.897913	1787824873086108160	47.64151595508865	-122.14017503539377	116.74065398045141	3.8953653541780406	-0.004718860365923198	-0.07901596585754608
149.994332	1787824873182108160	47.6415264780149	-122.14015706847901	123.65181855224202	3.94263123982075	0.08930143636794484	0.023402231500074727
150.107723	1787824873296108288	47.64155082320636	-122.14017733812115	120.50481978837645	4.172178524505636	0.017467397896419223	0.043596027234049484
150.201942	1787824873389108224	47.64153336041645	-122.14018903724927	113.52047185650251	4.2995493064329295	-0.03662716821210914	-0.11007868167076114
150.304145	1787824873491108096	47.64154611649228	-122.14018813675354	115.28732265082076	4.387140018455706	-0.016251453177984647	-0.020848690079196
150.402609	1787824873590108160	47.64154792624124	-122.14013690480634	116.55634592001898	4.5585931929338255	-0.0332665899542876	-0.04412635657415405
150.497796	1787824873686108160	47.64157148877147	-122.1401457290999	116.81883637314274	4.7722542787713	0.05020823328752993	-0.02308805949087834
150.601935	1787824873791108096	47.64154744653419	-122.14021110472287	112.36338175846458	4.998475144236358	0.04586518879669484	0.07809249138292984
150.699552	1787824873887108096	47.64154216546094	-122.14015791807968	118.37487746104141	5.027004017925909	-0.05605438551859696	-0.0634781501710797
150.796689	1787824873986108416	47.6415808280016	-122.14019025951588	112.78432515804255	5.202899458972948	0.0009552605372489562	0.018913301164782993
150.897845	1787824874085108224	47.64157272879129	-122.14018129336226	116.34745925022521	5.328803339918707	-0.013205171400248544	0.026479079502122013
151.004091	1787824874193108224	47.64157062078216	-122.14014915328397	114.05696685255879	5.369646517489481	-0.07293876235292152	0.04592144495507344
151.098004	1787824874286108160	47.641599822676184	-122.1401539216555	113.67803892289422	5.5281629115342685	0.058637770696794704	0.05679550273910618
151.195805	1787824874385108224	47.64158047462824	-122.1401697718211	114.57879600825004	5.628550021206023	-0.07225161886147412	-0.025065252459102835
151.306295	1787824874493108224	47.64156957336545	-122.140200986741	118.49646080709236	5.788324039528174	0.04862472809073111	0.027037611104825728
151.394195	1787824874583108096	47.64158459148562	-122.14017574315537	119.57527595613261	5.948534948513432	0.020844864212008107	-0.022288499924541297
151.499930	1787824874688108288	47.641603906264706	-122.14019163592735	118.691321620776	6.14979154987986	0.11422613773425366	0.03533344401266038
151.592850	1787824874781108224	47.641604448365605	-122.14016524054006	117.62407479197066	6.0613588430493754	-0.050718458873590826	0.06926115089803019
151.696447	1787824874883108096	47.64160761051297	-122.14015763370055	110.92434292334913	6.322155868327633	-0.014040730666217095	-0.05558660608224734
151.804785	1787824874994108160	47.641629361498794	-122.14016275923905	118.84819598052646	6.406809960275911	0.05600201862472212	0.04032815878607874
151.905377	1787824875093108224	47.64162949978631	-122.14014670055796	120.89913151825763	6.524454554801676	0.007164861977762144	-0.05323466486773903
152.008919	1787824875198108160	47.64164825859566	-122.14018231521574	117.05824627108754	6.583217921806182	-0.04682604770741027	-0.002949140275337851
152.100072	1787824875288108032	47.641636580102826	-122.14011968177057	118.0015710692433	6.645634122299568	-0.04626564699223035	-0.0373263843868605
152.195366	1787824875384108288	47.64162411865979	-122.1401806626396	112.82574590438594	6.738994850059709	0.00027331962697266357	0.01450189372745709
152.296963	1787824875486108416	47.64165321542981	-122.14017027012262	114.41239603770356	6.787086511796698	0.029116412574021207	-0.1074603951490864
152.395097	1787824875582108160	47.64163460572654	-122.1401612406815	121.31378358637737	6.901546608414463	-0.07918200722243231	-0.0037680389682628393
152.494774	1787824875684108288	47.6416619921917	-122.14017019991793	117.84830528374222	6.990760664931193	0.031024605579940828	0.0375784224428802
152.594268	1787824875783108352	47.64165747130556	-122.1401773359682	116.67428555050083	7.09517492386374	0.004536574611528259	0.07810242776014394
152.700288	1787824875888108288	47.64167198959789	-122.14017620025125	115.93855831443167	7.168401125364624	-0.027828255147915083	-0.12523451688796672
152.802044	1787824875990108160	47.64168466652564	-122.1402022012759	114.32570770032837	7.257811047413168	0.06634912917687748	-0.03854659902826349
152.909013	1787824876098108416	47.64166168578029	-122.14018006633826	118.22644762584555	7.3591902749552105	-0.04636338143525073	-0.0012464265389269763
152.989150	1787824876176108032	47.641668199205604	-122.1401796822391	118.36414563769856	7.33008832276694	0.014492943998421505	0.009834288125296888
153.097117	1787824876284108288	47.641690518837	-122.14017625563288	115.99846059922601	7.308299999824247	-0.010029658423498088	-0.007261612719223734
153.196086	1787824876383108096	47.641714172126385	-122.14017243303876	118.16050770686199	7.499731985038195	-0.014023491967986202	0.020601020998427613
153.301879	1787824876491108096	47.641715954836855	-122.14019473734699	118.8568979577497	7.584628110915625	-0.05371939033104735	-0.039415724872130076
153.404452	1787824876593108224	47.64173173549895	-122.14017423322106	118.07522071828791	7.634346502029712	0.018523209510937676	-0.03072136514528282
153.496928	1787824876686108160	47.64173756491807	-122.14017704485663	116.01009010664363	7.734721982616681	0.03033780057501015	0.04562515233112357
153.607025	1787824876794108160	47.64172284647385	-122.14014768135718	117.66925412605737	7.629485544035717	-0.05814178667044332	-0.0872373265770685
153.698985	1787824876887108096	47.641745238250586	-122.14013697931334	118.34187049950813	7.792679945534186	0.010994815801704439	0.006779255037012622
153.790653	1787824876980108288	47.64171293723535	-122.14016179814718	121.6657755237437	7.794932307886467	-0.0685297027161652	0.048684463642327015
153.896853	1787824877085108224	47.64172905842808	-122.14013277717835	117.45398315307064	7.869674620217675	-0.014062154868348565	-0.05914169099987454
153.996846	1787824877184108288	47.64175755048105	-122.14015337145905	115.2198809987422	7.873585715354607	0.020184511742788763	0.07455213552066725
154.096647	1787824877286108160	47.64176918217099	-122.14016672805946	116.89534445765571	7.818715424066027	-0.028889641925431322	-0.006473378781456697
154.200062	1787824877388108288	47.64177409342778	-122.14020263556161	117.18825179574323	7.961631546370825	-0.11245283125497554	0.05130333804004146
154.293073	1787824877481108224	47.64177410223929	-122.14013222822892	116.73000111609458	7.895152345446794	0.07491749513977551	-0.03300211575883658
154.400922	1787824877589108224	47.641780867506306	-122.14016746001661	110.59242946456224	7.910583575070305	-0.10156551657211373	0.02679561573248473
154.508943	1787824877697108224	47.64180962351472	-122.14017883938597	117.23777859960285	8.016569954406975	0.03200842025908879	0.008497376258925902
154.606373	1787824877793108224	47.641786509029835	-122.14014381456317	120.89443015356953	8.129379772059309	-0.019915239734569965	0.008267992197423447
154.700961	1787824877889108224	47.64182112487569	-122.14014823338431	112.32868253917192	7.982469046018611	0.01371133260297931	-0.029891261323541998
154.802545	1787824877991108096	47.64181216476345	-122.14016971099338	118.30793194184416	8.004835323893378	0.037858557261416834	-0.010746457464824154
154.902932	1787824878090108160	47.641812920426396	-122.14015989417167	114.00114972238995	8.016033087651437	-0.03145784224543909	0.00017400966304589638
155.004365	1787824878192108032	47.64182779974425	-122.14016940870157	112.43960885841322	7.960598867250538	-0.020732975769388602	0.031019880289550612
155.103033	1787824878291108096	47.641844204198314	-122.140159066757	118.96263186581719	8.110052676107879	0.018197042314242608	0.01579352285407235
155.202071	1787824878390108160	47.64185489045362	-122.14016654996004	118.50549130176054	7.945045923770964	0.01680307564464597	0.020674592390389032
155.300935	1787824878489108224	47.64187108272321	-122.14018196437335	114.68073809520368	8.045113966079022	-0.01254198651934636	-0.05940935960147477
155.400328	1787824878588108288	47.64187451279473	-122.14017215425348	117.59199248300986	7.9412740155811194	-0.0015844877633320509	0.026118152636207804
155.496697	1787824878684108288	47.64184010358921	-122.14013408918996	116.7790638218667	7.90038531751503	-0.01909495865026222	-0.0701471865069178
155.590775	1787824878780108288	47.641902550512604	-122.14019730265858	119.52437331091289	7.962206699289902	-0.062080942571479995	0.04108228014109988
155.715698	1787824878903108096	47.64188625995713	-122.14012151889101	119.4722572901012	8.000023847624188	-0.004603495892167629	-0.04438821006950705
155.800662	1787824878990108160	47.64189007857958	-122.14014661001627	115.87424614559266	8.03039313782122	-0.05114657266849552	-0.021032672722007376
155.901769	1787824879089108224	47.6419045006733	-122.14014817248973	117.18116626510749	7.998856978457499	-0.025544812676442694	-0.0743779073419443
155.997161	1787824879185108224	47.64188040825836	-122.14014171124684	117.04899725718964	8.008534638703756	-0.026023920834842253	0.06503219864300483
156.090617	1787824879278108160	47.641895833323886	-122.14017577836599	113.90139964479725	8.08049114790677	-0.017082579920249252	0.022277664604716828
156.196978	1787824879386108160	47.64192098876419	-122.14018815563453	115.51557050107814	7.926524750541749	0.03230484043014144	0.015890821471137368
156.297650	1787824879485108224	47.641920312096154	-122.14015085810733	115.79331843239225	7.997109099312105	0.06499350077383163	0.05452724608370899
156.405295	1787824879593108224	47.641959105837714	-122.14014404850256	115.8368339213443	7.9288987110378795	0.06262754119957925	-0.04078179587492327
156.491459	1787824879680108288	47.64193184103717	-122.14015998485408	117.7196113009145	8.08930149969538	-0.006722028229744055	0.06013751582220263
156.603609	1787824879791108096	47.641963890637214	-122.14016261245256	115.65456139501312	7.986510133493403	0.007668022866078573	-0.04488808611280096
156.697166	1787824879884108288	47.64196117722902	-122.14016791325024	117.93986531497274	7.993319091245016	-0.02084808772988705	0.07679895503436793
156.795049	1787824879983108352	47.64196674189671	-122.14016244134847	117.97787312952671	8.044876262416096	0.0609683644408274	-0.015368844661659074
156.897757	1787824880085108224	47.64194572135413	-122.14015867752369	118.07689579409545	7.99920407884055	-0.0635611055077772	0.057334896033947515
156.989824	1787824880178108160	47.64197798719235	-122.14017432257705	120.23134070187044	7.994617426144874	0.05528094479085183	0.0372698773042704
157.098671	1787824880286108160	47.641990479880086	-122.14016138758795	115.96784227620502	7.881269138563477	0.028938438233118893	0.027554977818042448
157.202986	1787824880391108352	47.6419703675463	-122.14019731747378	120.35941704759217	7.950552266128115	-0.021270885960955888	-0.012670415015466742
157.295266	1787824880484108288	47.64198656353976	-122.14016593070419	120.0135305338061	7.859627568864305	-0.005313577653561444	0.11382519687152642
157.394141	1787824880583108096	47.642025160706446	-122.14015339114772	116.08087475187878	7.91782576590304	-0.0788535944278773	-0.019303417715924705
157.498329	1787824880685108224	47.64201756901549	-122.14018265969047	120.47107351452173	8.01742600343244	0.03187407178389806	-0.04972380078573713
157.604663	1787824880793108224	47.64201519907559	-122.14014901062792	113.50767989534069	7.972364528029964	0.023253393485743474	0.05708874870340345
157.692512	1787824880880108032	47.642033559307016	-122.1401476684522	116.55978675765094	7.936498651898329	0.04696106429035521	-0.06405655372274582
157.798588	1787824880988108032	47.64202194724878	-122.14019000179526	116.37698369935579	8.00340109856802	-0.05996788094054624	-0.037254246983216215
157.910449	1787824881099108096	47.6420315965704	-122.14016896295401	112.18109814471423	7.990412683266131	-0.0755169119014163	-0.038695778730963803
157.997786	1787824881186108160	47.64207070674969	-122.1401509161646	115.31756621294068	7.988575992188696	0.02353494091831735	-0.044032334829073434
158.100642	1787824881288108032	47.642043949001526	-122.14016169428166	118.05458376642808	8.055851604098304	0.012836442655051017	0.06695232703805058
158.196590	1787824881384108288	47.64203350453177	-122.14017336648095	114.9309563127604	7.977855812362527	-0.06768000825487958	0.015492129278574712
158.306365	1787824881495108096	47.642037023191385	-122.14017679856127	119.40447513458217	8.048346322857347	-0.021581014821561554	0.03417081758265359
158.398718	1787824881588108288	47.642071029781285	-122.14012063015475	116.64160528050374	8.081283708489918	0.003029431990749419	-0.0006574954363163676
158.504757	1787824881693108224	47.64210096536101	-122.14017815132787	116.52990800574914	7.9453249379291755	0.03660635874596192	-0.03517159741719669
158.596331	1787824881783108352	47.64207629353254	-122.14019560151418	112.45787471396613	8.011248614124757	-0.15299741744432105	0.04420400783716962
158.698357	1787824881885108224	47.64208310241665	-122.14014218578056	117.02498775687124	8.024853070066293	-0.009645341495922364	0.021266589942126678
158.796706	1787824881984108288	47.64209243691005	-122.14015479096258	115.49695781564607	7.887046724616519	-0.049612715869028476	-0.0637454857669561
158.896521	1787824882086108160	47.64211076963506	-122.14016332584397	114.98065577649234	8.017674080968547	-0.022192721013971996	-0.10212424868546865
159.001746	1787824882191108352	47.64211951754405	-122.14018496680394	112.60370204321357	8.043648420940325	-0.05229310395925853	-0.02770647577939285
159.093691	1787824882281108224	47.64213946120909	-122.14015355462497	115.97657606253023	8.039823037570299	0.004143400388245371	-0.038980678976019506
159.196904	1787824882386108160	47.64212607280712	-122.140147611561	116.18041036831889	8.03501848216916	-0.010664215195309856	0.012922081919476788
159.304078	1787824882491108096	47.64213582647556	-122.14018746289128	119.74406604823781	8.076289056343018	-0.0804589910422437	0.03965873417931661
159.407056	1787824882596108288	47.64213762783438	-122.14015888475296	114.66021096411414	8.049379940271182	-0.015713959343383047	0.06188060031795735
159.497309	1787824882686108160	47.642126386985574	-122.14017945650487	115.02839993895311	7.970438964134606	0.01948125138247338	0.010650193779123815
159.604344	1787824882791108096	47.64214450670821	-122.140134378947	116.2037120848912	8.042200388532166	0.07387341407774284	0.0569552181338167
159.694406	1787824882881108224	47.64217630719434	-122.14018346134472	113.63544251286072	7.9546516551009825	-0.09896846801802532	0.021775453015015125
159.790705	1787824882980108288	47.64217080245459	-122.1401937601751	114.17970919477128	8.02067583073868	0.04626969312048359	-0.09618662364801454
159.907246	1787824883094108160	47.642179413777455	-122.14016954235107	115.16037338838306	7.962442496070275	-0.0834017160553548	0.05348617173649367
160.008402	1787824883196108032	47.64218781935554	-122.14017718951536	118.69273076753507	7.996226940960167	0.0617601992485336	-0.01918466288527864
160.102470	1787824883289108224	47.64218790004467	-122.14017374941095	115.54053357046038	8.021656625800556	-0.00014228786807341236	-0.040304913939745605
160.185014	1787824883373108224	47.642202475474086	-122.14016868848522	120.64931245234898	8.065111808647394	-0.033389552675733035	-0.009221521733632103
160.297398	1787824883484108288	47.6421870449243	-122.14020192502379	111.46212749720667	8.001508716139552	0.0815729475340809	0.026686555175107162
160.390354	1787824883577108224	47.6422311274369	-122.1401585069085	114.06325520877722	8.027580576270894	0.025478924683666273	-0.005999886675576337
160.504564	1787824883694108160	47.64220580637655	-122.14018042479438	119.5557716328526	8.028013576570084	0.013912223530769909	-0.053694159436464314
160.601667	1787824883790108160	47.6422262698303	-122.14014353068418	120.14849578916812	8.031764169049769	-0.08544223310318827	-0.057865019801642
160.701728	1787824883889108224	47.642226463203805	-122.14018554073908	116.20286503947736	8.037042216392717	0.008349901695796184	-0.08684944325682553
160.809931	1787824883997108224	47.642226747629145	-122.14018143724684	121.22771361256953	7.909867188154173	-0.060376428414336075	-0.02017505653914834
160.898096	1787824884087108096	47.642263953274686	-122.14017014808499	119.82415025068843	7.995941457394872	0.026716996294160456	0.06571561077170432
160.998836	1787824884186108160	47.642246040409766	-122.14016013408026	114.51733173083832	7.949475806430352	-0.07079377892211929	0.08583271932705898
161.098521	1787824884288108032	47.642241374303154	-122.14017685695372	111.49241303109908	8.000998223541483	0.044962439256757546	-0.048476159019407855
161.206622	1787824884396108032	47.64226609401525	-122.140165072908	117.69687305184614	8.111240393046305	-0.07940643445759088	0.02367316294063418
161.290363	1787824884477108224	47.64227003462572	-122.14021087051242	119.28613170284247	8.039268235085872	-0.014963527776189195	0.009820451212185385
161.402575	1787824884591108352	47.64229687081737	-122.14015643714436	116.17277101485963	7.992618196384993	0.0032627887123089965	-0.07530128373468267
161.495831	1787824884684108288	47.642278619770586	-122.14017428274867	116.98787086466008	8.041670746177681	0.06273740042830071	0.07456916249979237
161.607762	1787824884795108352	47.642317592362076	-122.14017384000964	121.84681170250023	7.9812433737714645	-0.022085762629951836	0.00031644249324591645
161.707146	1787824884894108416	47.642317052554766	-122.14017580858236	114.80967948098834	8.07885473430812	0.02100732571691442	0.05903067522954946
161.793937	1787824884981108224	47.642312595238344	-122.14017761603718	121.21775695530104	8.007706776243795	-0.01553249305068914	0.10267320044917805
161.902979	1787824885092108288	47.6422962003203	-122.14016880362364	115.12364708424323	8.076339585769402	0.12453281180359371	0.0073180451035222485
162.003036	1787824885191108352	47.6423338186323	-122.14016393457861	115.91751697574264	7.970278829098989	0.01571365233504035	0.06449939689022573
162.096996	1787824885284108288	47.64235590011785	-122.14018063593022	114.377428603512	8.052436205252217	0.06509732686604006	0.08585353801760495
162.188952	1787824885377108224	47.642329966374454	-122.14014935622095	119.70802203222368	8.012405566414435	0.05160338183121084	0.09569783883098956
162.292286	1787824885479108096	47.64235304122329	-122.14016439507168	121.16273576845276	8.020297351375676	0.019805165573581873	-0.02822913770459505
162.403605	1787824885593108224	47.64234997264196	-122.14015325156765	118.29235457130434	7.983196166461205	-0.12006386030042025	0.060060875747123474
162.490496	1787824885677108224	47.642369978031695	-122.14016257831403	119.00410685432813	7.994608549950703	0.038680629423320664	0.10085717908751161
162.593980	1787824885782108416	47.64235276206441	-122.14016461470557	116.8212939738249	7.942404685669121	-0.02917522729910298	0.10467270563739685
162.701157	1787824885890108160	47.64237093645009	-122.14015815103164	116.30603998176146	8.05041238770143	0.021875287832919227	0.1858050432639151
162.802511	1787824885992108032	47.64240347633975	-122.14015502149725	115.76766733019143	8.065587667511346	-0.04203511358581166	0.26246516872924114
162.904317	1787824886091108352	47.64238495248895	-122.14018798158611	114.13564454481659	8.023902830158018	0.036561281551419376	0.2275802436460952
162.999453	1787824886187108352	47.642388345813345	-122.14014065919834	115.69282568087502	7.975098150385266	0.017874746250828678	0.23510697935099278
163.106136	1787824886295108352	47.642411886292585	-122.14014393705045	118.16112593449785	7.972575431423772	-0.06479753932003617	0.23692577685041638
163.190921	1787824886379108096	47.6424157306728	-122.14013823482442	115.48186523646632	8.017716085238167	0.05116605807886169	0.2860534534890151
163.287912	1787824886475108096	47.64243613853424	-122.1401468560706	116.64550380136703	8.07647878980023	-0.05458380334367696	0.2859058580048203
163.400876	1787824886589108224	47.642463403794146	-122.14017952014581	116.8972940440835	8.02044669450034	0.024061183309583956	0.2995821840665902
163.497682	1787824886685108224	47.642435916003386	-122.14019777574642	118.8894965557533	7.940412615820761	0.07340845804683303	0.3595010575259264
163.604961	1787824886793108224	47.64241997030941	-122.14014946544265	116.50276369052776	8.036338907398772	0.023803520044019408	0.4494981308750549
163.705288	1787824886892108288	47.64247331054498	-122.14017574606433	116.23073706598379	8.035989759210953	-0.012001462413581045	0.3600410816342563
163.795339	1787824886982108160	47.642459637465265	-122.14017040202498	117.25425378232542	8.016802478121887	0.07557157862756346	0.40438693929695774
163.896613	1787824887084108032	47.642477141126875	-122.14016003051354	119.22990788066846	7.994920253213297	-0.03069616135999802	0.39984752687846936
163.993991	1787824887183108096	47.6424723185046	-122.14016518679016	118.47740146850056	7.970934782544021	-0.0021087344250525462	0.5756024588291336
164.091527	1787824887279108352	47.64248740188839	-122.14017116109792	120.75605456232097	7.882034165495061	0.018542325649185232	0.584063133604963
164.203180	1787824887390108160	47.64248609332109	-122.14016423199836	119.39492430049548	8.056372792976054	0.01898997816307754	0.5752181863529278
164.299509	1787824887489108224	47.64247465312769	-122.14016871756442	117.42148597869645	7.914824477216451	-0.05283748859083907	0.6591935837726295
164.384946	1787824887573108224	47.64246616498223	-122.14016788714676	119.08860848831516	8.017138653903345	0.04133103205595535	0.7212729107827471
164.501315	1787824887690108416	47.642523438655736	-122.14016784377912	121.68086105746477	8.037353967651141	0.05342778828752848	0.6947165647823811
164.596324	1787824887783108352	47.642516240581	-122.14017811056554	120.71031535018294	7.9809223367854205	-0.04269793833840423	0.7632700613183805
164.704267	1787824887891108352	47.642535404607116	-122.14016424467289	120.03427834008032	7.931408223202456	-0.0023134568339655925	0.9091703063135244
164.803109	1787824887990108160	47.6425064067982	-122.14016106383355	114.37951300494873	7.8890395881579805	-0.07580471590733306	0.9499926196716194
164.899802	1787824888089108224	47.64251382391119	-122.14016769166173	119.0658746996984	7.931787260740815	-0.06113822785965221	0.9224660409887431
165.002864	1787824888191108352	47.642556937992886	-122.14013459349097	116.4806450701414	7.889211757460912	0.084589194233817	0.9702044185429807
165.104477	1787824888293108224	47.642556645280045	-122.14014287387084	118.08288446610855	7.96785911255127	0.031066000146531898	1.0904453074975813
165.204742	1787824888392108288	47.642577784843084	-122.14015247000026	115.96424628067969	7.849889989406024	0.051211153353604266	1.150398231024932
165.300807	1787824888488108032	47.64257805414605	-122.14015834485146	120.26197918916567	7.959824870197645	-0.013295939933297968	1.2413011387611725
165.398965	1787824888587108096	47.64258810465251	-122.1401419395156	116.58946876552861	7.962896466146261	0.0528031031699491	1.3231581511337949
165.506728	1787824888695108096	47.64257727171728	-122.14012675434819	114.80013000937349	7.852243357127729	0.005919280260465196	1.4937345824960966
165.593689	1787824888782108416	47.642583686741496	-122.14013491033162	113.68359479771284	7.952256564151319	0.06431457846178418	1.4698513193404656
165.699489	1787824888887108096	47.642592011396204	-122.1401301952762	112.5904245104958	7.846670036188001	-0.0010364078931229207	1.616732490871971
165.793359	1787824888980108288	47.642612568351616	-122.1401082766232	113.73243681619348	7.913458491074721	0.012568633410734047	1.69125509396198
165.902755	1787824889091108352	47.642601267029825	-122.14013291943807	112.67438951132479	7.812927626452798	0.03920085091927805	1.6750313884795163
166.002376	1787824889190108416	47.642622325256724	-122.14011269876325	118.41946299869761	7.8925086725233164	0.12517825715696362	1.8389763559247956
166.106588	1787824889295108352	47.64261891001457	-122.14011193910993	119.13042113492904	7.78447815498439	0.030866758741536465	1.8976533846638264
166.198594	1787824889388108288	47.64261751555543	-122.14012796042408	115.30999978038405	7.7301985981874415	-0.004285498496009179	1.9906612613159043
166.308011	1787824889496108288	47.642655059126454	-122.14008963703519	116.39805565983619	7.720258735707246	0.036615882744419743	1.9464287821837039
166.409737	1787824889598108416	47.64261150753576	-122.14010704891591	117.66283265702306	7.672271570114168	0.1230881305460158	2.060531025964765
166.505668	1787824889694108160	47.64266361937308	-122.14010753403659	117.62671662272557	7.689967940008339	-0.10822498821834857	2.294966958592071
166.600906	1787824889790108160	47.64265888873641	-122.14011027991755	117.07173677916796	7.6984121407294275	0.006882322094858267	2.3324093996493707
166.706704	1787824889895108096	47.642669196205	-122.1401246484097	114.06637868061641	7.613077032622138	-0.06134249549812755	2.413253658343534
166.798516	1787824889988108032	47.642671383524444	-122.14010197263312	117.75561706042208	7.704187908809948	-0.09228554519596698	2.46860575981506
166.887655	1787824890075108352	47.64268535055637	-122.14010098070622	116.87096232773493	7.548359364091529	-0.01102180070653404	2.564839441250057
166.990192	1787824890177108224	47.642682509542205	-122.1401259201485	117.1254243749056	7.543809083445485	0.022907334750280957	2.706388752397477
167.097244	1787824890285107968	47.642696681821626	-122.14010025062275	118.20474659947378	7.559265665183062	-0.06487044946727157	2.764808067083314
167.207002	1787824890396108032	47.642688780877094	-122.1401036057596	115.41562135920651	7.420903220639653	-0.04007294718470003	2.8713086929072675
167.303218	1787824890492108032	47.642687402343505	-122.14006512611277	114.19183367005188	7.467921246572505	0.012257625816238972	2.9060366135368514
167.403740	1787824890591108352	47.64271473498863	-122.14007027906592	118.56443149799948	7.400415848107282	0.06221558366076423	3.1198760910928147
167.504258	1787824890693108224	47.64271003502224	-122.14007008694709	113.65044599578371	7.355128707777784	-0.04882051951406816	3.2131458754525557
167.596081	1787824890783108352	47.6427294158802	-122.14008577921616	113.95749792113784	7.311351337408693	0.06709567564340023	3.332672260589778
167.699373	1787824890888108288	47.6427228052522	-122.14005556440536	115.47609363004354	7.341161058553855	-0.07661519255975703	3.464931159164394
167.799175	1787824890987108352	47.64274595881508	-122.14007739921074	117.29590976293572	7.197764843127947	-0.05407998999329077	3.4632474532618107
167.901022	1787824891089108224	47.642739440097955	-122.14003212191182	116.93631604061235	7.208980894632382	0.09839204695362824	3.539879145085959
167.997569	1787824891185108224	47.64276220702823	-122.14002691610416	119.05176537277968	7.139148264013052	0.010411943239845164	3.764214772637825
168.097733	1787824891287108096	47.64274800173696	-122.14004634459039	112.43131292038467	7.083647887248518	0.022969079682754107	3.756374885432112
168.194237	1787824891383108096	47.64277043003531	-122.14008164825414	116.19006605184391	6.964105195956361	0.06344074630246115	3.928990132725843
168.299178	1787824891488108032	47.64278417316595	-122.1400291488554	115.0504747936517	7.041535726111314	-0.024027240927877787	4.101292816289066
168.403954	1787824891593108224	47.64275292949884	-122.14005076042709	111.4069781732853	6.938452402371659	-0.039220606526491335	4.069449909254461
168.499828	1787824891689108224	47.64280737037143	-122.14002952070656	118.7667523923134	6.728514896782933	0.007935696175079185	4.258702018729499
168.602127	1787824891791108096	47.64280802040421	-122.14001634837737	120.01016198433341	6.754600091770352	0.01953160899750575	4.365555966492273
168.700043	1787824891887108096	47.64280401239004	-122.14003844274788	119.89850982219507	6.709486213577659	-0.0392588874671555	4.432177713640873
168.797644	1787824891986108416	47.64282783625432	-122.14004269541974	116.71807236840256	6.631230544946217	0.00942162622924607	4.521940082297749
168.897471	1787824892085108224	47.64281686577361	-122.13999720910513	117.60412671864351	6.568127957578564	0.027669003454615537	4.638862083921445
169.002523	1787824892190108416	47.64281664948978	-122.1400234798229	119.84586586232031	6.43973508774332	-0.01604503036928309	4.827888898030012
169.097375	1787824892286108160	47.64281640046575	-122.14000554728948	119.825046645838	6.4244846945144785	0.044514374804365264	4.779893488412703
169.206623	1787824892394108416	47.642806561522164	-122.1399723931918	115.71335604685203	6.229135421103723	-0.12932018421908403	4.8872585390681165
169.304867	1787824892493108224	47.64282897592001	-122.13997834278014	115.34287545570729	6.20732499445877	0.029472738440174503	5.009050347931024
169.403578	1787824892592108288	47.64283337260535	-122.13997539141012	117.5743889225405	6.129596435525695	0.05282857703438031	5.09517899340051
169.503064	1787824892691108352	47.64283645371661	-122.13997460212568	120.00684609060781	6.101090540967717	0.03723686485479736	5.131500029998724
169.605351	1787824892793108224	47.642842038543655	-122.13995845164227	117.9730432684472	5.985856108915112	-0.06273397234957945	5.30743992808586
169.699879	1787824892889108224	47.64283198457229	-122.13993783237385	123.22968334097101	5.8649142697650545	-0.03045230638068146	5.323390010843443
169.802639	1787824892991108096	47.64286850599033	-122.13995324673265	117.0603604807623	5.873963917269607	0.08313072677536053	5.534737179883732
169.897679	1787824893087108096	47.64285770973192	-122.13991995042431	117.09110213277377	5.677813960807179	0.01991608334927048	5.534832031911772
170.006114	1787824893195108096	47.642874199033855	-122.13990685394941	119.7376125181208	5.6257048330205714	-0.0007395309395517309	5.629620969587741
170.086999	1787824893276108288	47.64289137899501	-122.13991787038005	113.80812323274338	5.550745043346775	0.002335140486968251	5.697226041118888
170.205054	1787824893393108224	47.6428897906326	-122.13990982966588	114.64740803308305	5.490945153037557	0.05844352936612399	5.9145296490506105
170.301173	1787824893489108224	47.64287388740318	-122.13989821475636	122.96322968479393	5.414692471342413	0.024843808813404922	5.897949316066279
170.400862	1787824893588108288	47.64287064877074	-122.13990828350659	112.24024606120214	5.305550587662402	-0.008669855904658496	5.989646494779086
170.504836	1787824893693108224	47.642888474559946	-122.13988470082636	121.1497045606678	5.143902411449911	0.013265670380557787	6.000210234400961
170.593860	1787824893783108352	47.64289904807531	-122.13987536855223	116.06752745892874	5.190282218930331	0.09135923212305924	6.143793076037454
170.693176	1787824893882108160	47.642908763935154	-122.13985977779942	114.96630927470217	5.037870763965876	-0.1412929547829521	6.222189337898405
170.793820	1787824893981108224	47.6428886428002	-122.13985363517544	119.3455741641211	4.963285879269201	0.10712655143312311	6.3532119085786825
170.899227	1787824894086108160	47.64290715883031	-122.13983724727825	118.65702185314215	4.713128824486723	0.14353819326516615	6.456562611031585
170.997337	1787824894185108224	47.64292055807662	-122.13986493766674	116.3594848387903	4.721849618528236	-0.11736727603133033	6.460928587979759
171.109375	1787824894296108288	47.642926449778244	-122.13984774573971	114.3354600344825	4.5997584764471755	0.07480860943614974	6.52916876836359
171.202185	1787824894389108224	47.642917694349805	-122.13986155639415	117.51986125952817	4.479231873723836	-0.03775865675196441	6.576937651588919
171.298875	1787824894488108032	47.642930196748004	-122.1398305651179	117.16692775209847	4.410804844445202	0.0272937215536523	6.774290287856206
171.405963	1787824894593108224	47.64294139228419	-122.13981663975102	112.9327877947478	4.265768833374552	0.13027301606807914	6.768429035545231
171.498654	1787824894686108160	47.64293063368323	-122.13980233143648	114.83041352416875	4.1528508518600304	-0.022806089794000485	6.876356785158717
171.592917	1787824894782108416	47.642924793810785	-122.13977674564984	119.19736666747643	4.095619528611451	-0.029598663346727977	6.899393433519849
171.705258	1787824894893108224	47.64293541532036	-122.13974275843147	116.31753599367238	4.023762170260009	-0.10914355245920465	6.9598661024612944
171.793082	1787824894980108288	47.64295887102695	-122.13978495513652	116.54788450637437	3.8329490037163723	-0.0934354298389787	7.014549571597374
171.906036	1787824895094108160	47.64295102225815	-122.13975524713618	114.38518453723253	3.7437804816035674	0.04356268282610967	7.113507636083556
172.002139	1787824895190108416	47.64292912167007	-122.13979257655306	111.51239670159454	3.6054414242076738	-0.0003224256832383332	7.2139034004734865
172.101968	1787824895289108224	47.64293846565745	-122.13974350076491	115.97906049813037	3.542267938622019	0.011502723093946138	7.18702396655984
172.198750	1787824895388108288	47.64294791702058	-122.13972703533697	118.27418295266406	3.3528093206348024	-0.039226302014639176	7.310403973647438
172.304834	1787824895493108224	47.64296247387665	-122.13975474817369	119.0257333482137	3.2601275980557167	0.004066105025142276	7.272916855671648
172.398013	1787824895586108160	47.64296190421993	-122.13971303240423	115.754487944263	3.195488312515299	2.4942642804552052e-05	7.375183617761612
172.505439	1787824895694108160	47.642959377510934	-122.13969086583015	117.18888167658281	3.1509828935387323	-0.06366570156153892	7.3352028722678195
172.594960	1787824895784108288	47.642991144394166	-122.13969908997727	120.2393198423435	2.9600120470490037	0.04407261670268522	7.415599917873444
172.699277	1787824895886108160	47.64299356665385	-122.13968522359649	115.58261639431305	2.8495959455648845	-0.0013516323361775604	7.44226398220037
172.788839	1787824895976108288	47.64295898967489	-122.13972268317272	117.61086062137372	2.6923280530573943	0.06691773930336585	7.544360895774136
172.901019	1787824896090108160	47.64300161652016	-122.1396684586914	114.86307851148858	2.5685290464918458	0.08981569407929038	7.535224198572355
173.002620	1787824896192108032	47.64298302598383	-122.13963614603611	115.00664723746505	2.597445851257963	-0.09966617653705623	7.61851890120056
173.101971	1787824896291108096	47.64298457537697	-122.13966222241672	114.60929093255768	2.3342022977719212	0.05432440570381358	7.688770230061731
173.195644	1787824896384108288	47.64297118452822	-122.13962310906307	114.77426812496763	2.2605634825582834	0.005835772780083279	7.785360700325775
173.292371	1787824896480108288	47.64299305524512	-122.13968541886688	112.5509645363354	2.1396013134461906	0.03638812895518625	7.762441418474516
173.406494	1787824896594108160	47.64298763248787	-122.13962119526856	116.41967308540653	1.9923053469500103	-0.11163178663760437	7.737513392398766
173.494229	1787824896681108224	47.642975331092345	-122.1396100304109	117.50497367424819	1.9275985413857684	-0.015247444797090915	7.792674271604027
173.603545	1787824896792108288	47.642998623977	-122.1396044420612	115.83834895016638	1.6808196398659927	-0.07041012307182506	7.895296967624536
173.698970	1787824896888108288	47.64299076854233	-122.13958187841898	116.28786235351146	1.5934398351347951	-0.013271068339688394	7.881538908343403
173.810381	1787824896999108352	47.64301956728416	-122.13962362031054	118.02427686624341	1.5556503004665374	-0.005444690610271795	7.916895156151197
173.905686	1787824897095108352	47.64300772663308	-122.13956872572307	113.22838049065395	1.3858512163345156	-0.035259715890378	7.948365031096335
174.001778	1787824897191108352	47.64301136160675	-122.1395474973216	116.01360503350239	1.205003898971206	0.007683801721713681	7.909411091918131
174.101492	1787824897290108160	47.64302166313885	-122.13953335636296	118.0768302825029	1.1606371287761168	-0.08799316450453681	7.907681050515413
174.215861	1787824897404108288	47.64298513081786	-122.13950998544638	118.02789301753462	0.9171897038283184	0.04048437690888515	7.932040948896927
174.288387	1787824897476108288	47.64299985410234	-122.13949876263051	116.12683756776553	0.8633678696760906	-0.046867521754161735	7.979613574685351
174.395873	1787824897584108032	47.64298494160182	-122.13953148563628	119.74941226952063	0.772091098891593	-0.047862684580797454	7.914786963153864
174.507518	1787824897695108096	47.64300100492471	-122.139489964473	117.5289536013617	0.5643969543107477	0.07507031673518735	7.93558892861917
174.596818	1787824897785107968	47.64301058071025	-122.13947311846506	119.71307884498431	0.578547295611969	0.13064841976295885	7.9762552337202255
174.695794	1787824897884108288	47.64298380798332	-122.13949073181472	115.04237135092333	0.30038876431010675	-0.0058886730930178335	8.073077195882163
174.801565	1787824897989108224	47.64296969473301	-122.13945619902623	119.82160755541292	0.2259038659550725	0.010348601966608471	8.018032275111741
174.896201	1787824898085108224	47.64299812034061	-122.1394932998504	112.63453814295765	0.09524099868291239	-0.020137661882783858	8.017859080102852
174.990799	1787824898178108160	47.643007166537835	-122.13945132833747	118.91125214831774	-0.014763828635937209	-0.04376849790381405	7.982310263305335
175.102501	1787824898292108288	47.64301483151252	-122.1394405252443	116.4942494536431	-0.19285951901044035	-0.0005718048519734699	8.056563551308717
175.189482	1787824898376108288	47.64299884210126	-122.13940876742829	117.86768959519127	-0.24331414630470105	-0.05348534244023265	7.939321481857452
175.290015	1787824898478108160	47.64301352840482	-122.1394030639758	116.68854286748584	-0.38648087246955154	-0.012858973157355605	8.040114700599677
175.396602	1787824898586108160	47.64302297640897	-122.13937805472261	119.17547498665333	-0.5305733550510985	-0.060626498364885255	7.997598031578629
175.502380	1787824898691108352	47.642984198578425	-122.13937781665165	113.10006071766753	-0.604879061500927	0.04306874307683453	8.079710290567267
175.604769	1787824898793108224	47.642985335924514	-122.13938571565683	117.8770021555064	-0.8614138230155417	0.04811557866938959	7.930651561341284
175.695393	1787824898883108096	47.643001846633396	-122.13939822626982	121.61939848709123	-0.8072507887276638	0.020919967121037115	7.934781359479933
175.803365	1787824898991108096	47.64300359447388	-122.13937180352876	117.35879436480975	-0.9694485131647601	-0.09557162018102748	7.9574715021529006
175.905113	1787824899093108224	47.643013652832515	-122.13933967190763	121.68780387334529	-1.191077797801505	-0.10818160739320198	8.00813159232813
176.001009	1787824899189108224	47.64300392013929	-122.13930807993253	118.15195590781208	-1.268196685993398	-0.04088808112990034	7.903827064356317
176.101259	1787824899288108032	47.64300320380339	-122.13930229054665	114.55630218276494	-1.361005773442026	0.07555432826375982	7.926755069550778
176.205309	1787824899393108224	47.64297722596275	-122.1393320797622	115.25394750903175	-1.4709364150061752	0.029243187541938248	7.843300215505333
176.295596	1787824899483108352	47.64299889737599	-122.13933215791197	111.85756574879868	-1.6704861782849172	0.07868830677086178	7.76583390597654
176.392742	1787824899582108160	47.64299132239596	-122.13933724447246	118.22299748254251	-1.79547217080575	0.0013690784220069402	7.857147078815788
176.496619	1787824899684108288	47.64299090567017	-122.13929108355778	118.58715763383177	-1.8870313889349761	-0.025716651178884126	7.743031261452154
176.598838	1787824899786108160	47.64296327273198	-122.13927785389487	114.74757207911016	-2.01127589039082	-0.06305933857019347	7.767026653844586
176.700185	1787824899888108288	47.6429747087341	-122.13925215627884	118.52281493178674	-2.123890347036769	-0.04091671180523379	7.7485202418416
176.799712	1787824899987108352	47.64297582995331	-122.13925063831763	115.66493960315252	-2.264509266259346	-0.02861441887427273	7.671308419024874
176.899523	1787824900089108224	47.64297983059855	-122.13926419466303	115.27226004428469	-2.2972549054758753	-0.0045351309733250664	7.614341550797778
176.991413	1787824900179108096	47.6429812243147	-122.13924597955803	121.8977694236147	-2.3971027245773997	0.02052084023950312	7.559321612461012
177.091674	1787824900281108224	47.642970399424996	-122.1392670531091	115.62901225369134	-2.555111707499224	0.03216513821314673	7.48980442588215
177.201830	1787824900389108224	47.64299078395869	-122.13922326993296	114.70781556654224	-2.702741726019151	-0.07073017134549886	7.51277050217145
177.292543	1787824900482108160	47.64297613041851	-122.13921538621211	112.51330399516216	-2.76927320953195	0.11518821185093814	7.483906005172712
177.392578	1787824900581107968	47.642984521368085	-122.139198555801	117.82347299332491	-2.957700364785449	0.027007803750128463	7.365800575131656
177.503134	1787824900692108032	47.64297946385044	-122.13919837684524	118.46043527954888	-3.064122372783622	0.013669702417875261	7.369780799969378
177.600400	1787824900788108032	47.642970005234275	-122.13919094203015	116.402401074865	-3.1671479121757766	-0.042795395775260515	7.375726649844372
177.705648	1787824900893108224	47.64295935672052	-122.13916125553142	119.55829387877849	-3.3171382015716726	0.03868208569573292	7.197903636153218
177.799539	1787824900989108224	47.64293844281989	-122.13913725878928	117.63619244672017	-3.418801858510798	0.020645909421675573	7.211355997246577
177.899411	1787824901088108288	47.642964957093945	-122.13916921414378	117.27157500636682	-3.5644153383509254	-0.015160089884608707	7.1269869065252225
178.007406	1787824901196108032	47.64295318360656	-122.13912234487263	119.49260698579427	-3.6491362530340212	0.086885230138296	7.144943027975333
178.104317	1787824901292108288	47.642963747900374	-122.13911965532074	114.49005821695913	-3.7423675385928163	-0.0592206476646625	7.021740211516441
178.196651	1787824901385108224	47.642953973429556	-122.13910457945722	116.08754064644046	-3.956071531677968	0.03183687983948139	7.006412677267417
178.302735	1787824901490108160	47.642934893285805	-122.13909802345538	117.68752594202508	-3.940494099708417	-0.04607524474280734	6.9330984016362125
178.407819	1787824901595108352	47.64292587415726	-122.1391227113779	113.17427309120231	-4.118156566654475	-0.053955016645280844	6.81031917940556
178.497926	1787824901685108224	47.64295167278692	-122.13911112022393	117.62390523927321	-4.175259762100764	0.1711094669193729	6.836363554986771
178.607239	1787824901796108288	47.642938146637	-122.13909593911853	115.13776658587886	-4.276046773387857	-0.03957107112854243	6.703764639247089
178.697033	1787824901886108160	47.64292335842396	-122.13907289386138	115.75229371160115	-4.4435043066643125	0.08147787758423841	6.632621483594002
178.788262	1787824901976108288	47.64292108446516	-122.13905540467354	117.28476554818502	-4.525350905074725	0.08612307675837123	6.585717602764397
178.905622	1787824902093108224	47.64292201679253	-122.13906996402596	115.4727960181231	-4.52554813842311	0.066670564268492	6.55044962366896
179.002422	1787824902189108224	47.64290987447978	-122.13903999511363	120.52135897870771	-4.671706710017736	-0.04380882700629721	6.503637841825256
179.100998	1787824902288108032	47.642922769395355	-122.13906392382742	114.93290806041574	-4.7577889840029846	-0.027583421538183873	6.369021922554408
179.212795	1787824902402108160	47.64291190807492	-122.13902742297259	114.3255508018781	-4.924759176334928	0.007565167066264936	6.3803213356218995
179.295623	1787824902483108352	47.642902672893825	-122.13900829981314	116.04189704608649	-5.004829996688729	-0.018571477935230046	6.250392699155431
179.406773	1787824902594108160	47.642883402385046	-122.13902302555577	115.99365631251291	-5.117241778752754	0.03799798236438588	6.158049324022511
179.492656	1787824902681108224	47.642855349868256	-122.1389727029367	123.54642016428697	-5.184285284174464	0.018507804265627245	6.033494956163097
179.593903	1787824902783108352	47.642889010026636	-122.13901661169149	118.35843206541682	-5.327852597628611	-0.046301592704015127	5.964874831965647
179.696225	1787824902885108224	47.642862401099535	-122.13899197940094	116.86649873761858	-5.478155366736866	-0.03236957288503988	5.895319153099321
179.797336	1787824902984108288	47.64287058443533	-122.13897351090563	117.44039700486795	-5.531884655632593	-0.06576960285301223	5.737597556405128
179.897418	1787824903086108160	47.64287819154972	-122.13897873044348	114.62311013083604	-5.5144694532890615	-0.04424875193792978	5.678753650744746
180.003887	1787824903191108352	47.64284855995686	-122.13900464355216	116.76603929748455	-5.63848549909723	0.017608747579239817	5.748967509727259
180.105530	1787824903293108224	47.64286948206037	-122.13895755621421	116.8966475285323	-5.741745263948511	0.0415139964651699	5.648089207673618
180.212708	1787824903401108224	47.64286072790023	-122.1389263963044	121.31483034831979	-5.6968947357635455	-0.08494871390860849	5.422741187117196
180.300620	1787824903488108032	47.6428561943746	-122.13893345913438	114.2426572313999	-5.854546589293446	0.061412115136066585	5.369720572217532
180.402127	1787824903590108160	47.64282552137319	-122.13896832687298	115.07297323107058	-6.048166569481922	-0.03964399403019293	5.318353719958002
180.509899	1787824903698108160	47.64284254063406	-122.1389343167025	116.6549447223909	-6.172692832834411	-0.08104008252088973	5.200331612898807
180.597144	1787824903785107968	47.642844426977994	-122.1389106724763	115.29685035723485	-6.103119717125232	0.007075343141351788	5.082427244852364
180.700212	1787824903887108096	47.64282057519008	-122.13897549953978	114.4472262246434	-6.2391204182490725	0.0037573324935786835	5.106961856120245
180.802594	1787824903992108032	47.64282089255504	-122.13890373940326	116.19891221009799	-6.286985261691953	0.0837590828685013	4.937584958622252
180.903467	1787824904091108352	47.64282287397818	-122.13889000231048	116.4693926920482	-6.474806810112596	-0.03316722025525418	4.817715061086817
181.007080	1787824904196108032	47.64281346047223	-122.13893021778082	115.78012496723912	-6.432695609149851	0.051569579043488724	4.73974435116026
181.093510	1787824904283108352	47.64281965462226	-122.13891873646864	116.89853694085485	-6.550831916844147	0.024550743063864223	4.666417607672797
181.196523	1787824904385108224	47.64280893894189	-122.13889671477658	118.33877797649481	-6.572782287781441	-0.0010888256728435418	4.487910685348713
181.300215	1787824904487108352	47.64280169119976	-122.13893596216838	119.33168328746027	-6.663597583570931	-0.08315659319203518	4.4268390951152705
181.401953	1787824904589108224	47.64278747640682	-122.13887568519912	114.92419176649452	-6.762691821491948	-0.0014237940798669255	4.342270667956785
181.501635	1787824904691108352	47.642790269983394	-122.13885752473905	119.56327736660066	-6.750700792103585	-0.030335421003386598	4.222164145959513
181.590529	1787824904778108160	47.64277696779792	-122.1388612825571	118.52365105277914	-6.948592625413585	0.03154707696213484	3.998314876394844
181.709324	1787824904898108160	47.64275277079998	-122.13883844573833	117.621994448206	-6.864798172751546	-0.1009989504666568	3.900323439670549
181.792774	1787824904982108160	47.64275419278086	-122.13885176386783	118.49986955285841	-7.054030962595265	0.025544071036077816	3.884808851508125
181.891752	1787824905081107968	47.64276827678844	-122.13886163880953	116.3067664212852	-7.0617160484227846	0.08160602654106	3.729013081622879
181.989408	1787824905177108224	47.64274492405722	-122.13883453122922	112.10519735770706	-7.119117687125817	0.01742452854377054	3.646095233906128
182.100087	1787824905288108032	47.64277357277267	-122.13885327852375	119.60271830976909	-7.2376471963915465	-0.06492201131269364	3.4762598517360654
182.196496	1787824905384108288	47.6427616646284	-122.13882442893848	114.17188758181561	-7.226608705807083	0.009603418126206964	3.4008457237771585
182.306431	1787824905495108096	47.64273695812766	-122.1387850966518	118.79276019206364	-7.3229001722888585	-0.03450165253257763	3.271966977589756
182.385904	1787824905573108224	47.64273818350549	-122.13882651892821	118.26929004484653	-7.3602691697204055	-0.0011382486148251712	3.2899488423892698
182.501686	1787824905690108416	47.64271018161831	-122.13884093180434	123.1589897416326	-7.440678372905059	-0.032466832288168095	3.0181497359106144
182.603255	1787824905792108288	47.64271830769505	-122.13881462851101	112.42122052318797	-7.382661083855281	0.01244876702190686	2.8976906945384435
182.704206	1787824905891108352	47.6427149568029	-122.13883581192542	119.15268571403031	-7.5715124652446395	0.0003913238817864543	2.8395867849949448
182.790813	1787824905978108160	47.64270539965002	-122.13882160970068	113.8091261097667	-7.469700584740895	0.027766680997765077	2.706188619756052
182.904401	1787824906092108288	47.64268969205523	-122.13883147759503	118.76730571308214	-7.654568753740841	-0.122140863588931	2.5870949277483
183.004773	1787824906194108160	47.642671922189685	-122.13881486201618	116.27521641452087	-7.608764017799485	0.04858048229695619	2.4218850911314
183.096855	1787824906284108288	47.642683746218864	-122.1387919983531	118.07178320851554	-7.582589066842438	-0.01176380681594206	2.449071785298396
183.204034	1787824906392108288	47.64268722065672	-122.13878816017284	116.423338026678	-7.768232150565387	-0.015998338292507786	2.299326340127494
183.317958	1787824906506108160	47.64265867771087	-122.13884146222918	115.51373132305987	-7.842242072285821	0.06160339296423557	2.099929371747089
183.403700	1787824906593108224	47.64264199339247	-122.13877867880208	114.88052690895742	-7.743855799437134	0.021461540359898074	2.0899047971704423
183.503831	1787824906692108032	47.64266343735709	-122.13875775688831	115.78102205980971	-7.825637122505228	-0.11607413533215771	1.9097998797985436
183.598551	1787824906788108032	47.64265417300695	-122.13878073606394	114.12030640070584	-7.7693271269183874	-0.014643943382987804	1.7389948951608665
183.703315	1787824906890108160	47.64263448793664	-122.13875772195938	116.39680703272323	-7.802013668953046	-0.09493513980601133	1.6175316745251587
183.793328	1787824906980108288	47.64260589752925	-122.1387630478626	113.20779088474522	-7.8040005531114165	-0.010756260296959004	1.471017076233249
183.902875	1787824907091108352	47.642634725725344	-122.13879481426152	115.2199936782304	-7.835941132463651	-0.03507997802019513	1.4434093587180241
183.991370	1787824907178108160	47.64263423001231	-122.13877692516547	119.00224853671882	-7.860799160171675	0.11098114886793653	1.3538297518691973
184.110818	1787824907298108160	47.64261881917916	-122.13875342073992	119.35966093322136	-7.864606458894457	-0.026057064723080267	1.174538442363502
184.193302	1787824907382108160	47.64261040868658	-122.13881688053401	116.86123259746738	-8.042310463574916	0.051537400853950005	0.9944124338748388
184.294942	1787824907484108288	47.64259404039777	-122.13876517056278	115.64273489834038	-7.998567525932776	0.06317181702947765	0.8937761963365128
184.402594	1787824907592108288	47.64256620759375	-122.13875355658607	114.09372653707128	-7.922448692354183	0.05538505907025775	0.7850664647943016
184.506190	1787824907694108160	47.642592167122324	-122.1387614126875	114.33498438390805	-8.039588733663878	0.05282214228357919	0.550113538449276
184.594716	1787824907784108288	47.64255820691206	-122.13875582233882	113.29358902276111	-7.896011043971271	-0.011385206010439089	0.5119787174528695
184.699699	1787824907889108224	47.64257248820387	-122.13877438845954	119.70204161590759	-7.981111497835743	-0.008809874932822825	0.39609085137473493
184.804966	1787824907994108160	47.64258721631756	-122.13876843286059	116.09743429165937	-7.954670106079259	0.01918946028514369	0.23367284135703395
184.895506	1787824908084108032	47.64255649426623	-122.13873982967542	118.36785970743769	-7.9930632480986015	-0.02120875791462185	0.04603137735455548
184.990511	1787824908180108288	47.642545884423185	-122.13877205034984	113.94856376860257	-8.02882215101915	-0.06400173589950446	-0.013252806273605833
185.090181	1787824908279108352	47.64256529692371	-122.13876391167926	119.39280054095065	-7.975782952144179	0.07272969990693347	-0.11973916855041812
185.208212	1787824908396108032	47.64252615798294	-122.13880110489215	120.16159201947566	-8.046771313267012	0.0390751043355823	-0.2952616639167651
185.305704	1787824908495108096	47.6425296087114	-122.13873022169487	118.41131910228091	-7.8251877362428	-0.07502938021905681	-0.4280692845369908
185.399942	1787824908588108288	47.642515792152054	-122.1387703662338	119.82836411151905	-7.991793146758412	-0.02932178910218913	-0.49529647826049134
185.502550	1787824908690108416	47.64252931244111	-122.1387757568886	116.98483579053202	-7.99289273894026	0.09956459411605248	-0.6052378965285791
185.599004	1787824908786108160	47.64248571377312	-122.13878007364657	116.70988928256685	-7.948094393805021	0.026243360900093122	-0.7790954840068816
185.698463	1787824908885108224	47.64250456199524	-122.13878555276533	114.53218012428457	-8.028048573075491	0.048984869138230774	-0.811956542372386
185.798057	1787824908987108352	47.64248962917609	-122.13881942561902	120.13319604273195	-7.849711886004143	0.03103437857860737	-1.0078785613418084
185.897587	1787824909086108160	47.64247770005092	-122.13875733302983	116.40438525581237	-7.967319782666658	0.020276633580387712	-1.1396492541626284
186.000812	1787824909188108288	47.64248854372865	-122.1387607243795	115.85920556331396	-7.885037949843176	0.0766565046194473	-1.1503792285134622
186.094101	1787824909281108224	47.64247873772386	-122.13880551788208	119.58665700515054	-7.797703366969048	-0.08101665603683016	-1.3535710261026572
186.208965	1787824909398108160	47.64247608754387	-122.13879151512921	113.06714274441929	-7.899262265776794	-0.05725140465008856	-1.4902470648588018
186.300118	1787824909488108032	47.64247541586965	-122.13878500376478	119.74409358998453	-7.82005867067677	-0.059053951111904195	-1.5998875690816372
186.400220	1787824909587108096	47.642469540387005	-122.138759859342	117.41239289050736	-7.871351471173384	0.0798694685085268	-1.7021204683365665
186.495236	1787824909683108096	47.642437589905285	-122.13878140302083	114.73690196735693	-7.706074545693427	0.02765741736026922	-1.8878328665849418
186.601449	1787824909788108032	47.64244737338097	-122.13881110147483	119.64648439178858	-7.731174308217562	0.022062045579581593	-2.047476514045458
186.697872	1787824909887108096	47.642420903577076	-122.13879524631743	119.49855026077722	-7.733008058422146	0.05014156667296698	-2.140104441745165
186.794078	1787824909983108352	47.64240190618622	-122.1388040159402	115.95661240472279	-7.639708934887506	0.01936384008022349	-2.2193657972082037
186.894188	1787824910082108160	47.64243335982055	-122.13878744198814	113.68160752633831	-7.668809610967454	-0.0477625716547867	-2.3218804403854927
187.001137	1787824910190108416	47.642402938702105	-122.13881144235619	113.93254077525305	-7.720115877808851	-0.04635304670234834	-2.4953690435797937
187.097140	1787824910286108160	47.642409663306125	-122.13879657071504	118.05430310029823	-7.619426030126576	0.013361652145331322	-2.646237827015735
187.195423	1787824910382108160	47.64237705109285	-122.13884018483454	121.60643527514031	-7.5370367948861645	0.052375484465707084	-2.7116123726795975
187.310290	1787824910499108352	47.642400641299794	-122.13882106047993	120.97203449658647	-7.481775602408133	-0.12414575958703858	-2.8383524285771013
187.391843	1787824910580108288	47.64238566428431	-122.13884537624992	116.45940091798299	-7.395277926009743	-0.014734524052149698	-2.8327032241705505
187.505307	1787824910694108160	47.642347914525146	-122.138816952265	117.83078797158458	-7.347551255711786	-0.047264187629839624	-3.0583732499383722
187.608541	1787824910796108288	47.642345421104615	-122.13886042401603	122.14982922570952	-7.375051232674065	0.1232898350296372	-3.143423340375463
187.697378	1787824910886108160	47.642361561163	-122.13883414663067	119.2839926766554	-7.23382039713427	0.030120371698836492	-3.3085432365124285
187.797880	1787824910985108224	47.64235149319708	-122.13880820199515	121.57271695085554	-7.298322204358205	-0.16621400882476095	-3.3887443376232236
187.905498	1787824911093108224	47.64233855501909	-122.13886399934844	114.5041763339167	-7.151476557843955	0.08638109809528893	-3.496999866764562
188.002945	1787824911192108032	47.64233831019099	-122.13887816006739	116.47061575919581	-7.0607139167907444	0.0657856136667846	-3.6489842811874715
188.097680	1787824911285107968	47.64233268300029	-122.13882091594586	114.4955413639562	-6.982288134966822	-0.001700961925185415	-3.7393202839323414
188.209252	1787824911396108032	47.64233482801118	-122.13888554122654	118.06914507967264	-7.04498230417247	-0.13604821723831106	-3.860095151682722
188.306513	1787824911495108096	47.64229841339273	-122.13885996554214	114.38018511457493	-6.970977329786484	0.014105740962998806	-4.029731356894202
188.385864	1787824911573108224	47.642305182702074	-122.13888390360769	117.11841148144443	-6.9605379368647435	0.012390337785061743	-4.129930779458855
188.501858	1787824911690108416	47.642324877323226	-122.1388799937866	116.07455323904284	-6.738390876389703	-0.04688194804474827	-4.124704170647286
188.600461	1787824911789108224	47.64229346266473	-122.13883746652488	118.40276306292556	-6.8504613225924915	0.06236023186327096	-4.2724432981028455
188.695456	1787824911882108160	47.64228959625193	-122.13892171810053	114.3691042573534	-6.662839672090613	0.03855062596543703	-4.4192739088342075
188.788952	1787824911978108160	47.64227434838338	-122.13888883227578	120.17340417291902	-6.633281790484469	0.030545179928464002	-4.479551480485233
188.890441	1787824912077108224	47.64226806352379	-122.13886636396647	119.83433683583759	-6.472299223977232	0.027078670969878788	-4.488995880080184
189.003075	1787824912191108352	47.64227619734042	-122.13890939785016	117.31428681315818	-6.500583731978122	0.00953514864481478	-4.703299317487063
189.102472	1787824912290108160	47.642286460617875	-122.13888380490015	118.19906197775026	-6.362584918458624	0.01957524447499301	-4.842624948108241
189.187353	1787824912374108416	47.64228881660102	-122.1389069440998	116.29556068593917	-6.31739742083089	-0.13019155885283923	-4.8872195351721315
189.293663	1787824912482108160	47.64227090946965	-122.13893404393804	118.3143389915432	-6.1871181644185285	-0.04290649483911493	-5.070648880959931
189.398287	1787824912587108096	47.64224605635501	-122.13893893054873	117.13612330543037	-6.1517826440023535	0.04800600108261715	-5.0683614665615995
189.501681	1787824912689108224	47.64224034720371	-122.13893941339248	117.45363596361244	-6.099675502832597	0.06780115197631795	-5.2562022817168295
189.598471	1787824912785107968	47.642256460679334	-122.13893596399248	115.92168670113536	-6.031352894735402	0.03730312766082281	-5.3523076383737616
189.697875	1787824912887108096	47.6422446080754	-122.13895666754182	117.74959549560488	-5.876686470746914	0.05278059794388573	-5.373507170303294
189.806117	1787824912995108096	47.64223187500094	-122.13896507382107	120.59243262036824	-5.869205532694118	0.01264553186525727	-5.472168723990773
189.891008	1787824913079108352	47.642218854159005	-122.13898228892864	120.01376841235219	-5.701335616008277	-0.041946039218154735	-5.519629028538141
189.993487	1787824913181108224	47.6422026835789	-122.13896758566416	119.68647091392818	-5.6599074692966065	-0.008631738502805436	-5.623721882129904
190.103082	1787824913292108288	47.64222039717825	-122.138954770329	119.58415638423672	-5.647600694292911	-0.012830748609701055	-5.706106112223065
190.200987	1787824913388108288	47.642202795482	-122.1389768849146	114.55230415399984	-5.574781492935109	-0.010679126171031466	-5.912374097244102
190.292921	1787824913481108224	47.64222173668533	-122.13902452988503	116.55697860147119	-5.373687236090078	-0.012707700833607064	-5.856775402366431
190.395328	1787824913583108096	47.642196668775775	-122.1390281515556	118.18612066228347	-5.251705912470048	0.0982325818200337	-5.945735072139016
190.491133	1787824913679108096	47.6421966773568	-122.1390428631952	115.22633003510998	-5.205142775759851	0.008847940224527898	-6.099651866588024
190.604905	1787824913793108224	47.64221735806226	-122.13906537147597	116.62058053674892	-5.12284016605393	0.07795164974356296	-6.152874329451911
190.699367	1787824913886108160	47.642215616648336	-122.13902149289721	118.68013936587984	-4.995686963557617	0.09151686225891138	-6.242465415597776
190.800972	1787824913988108032	47.64215975613773	-122.13905826305917	117.70614418212084	-4.857989335879657	-0.030322538505481524	-6.292200559599327
190.908509	1787824914096108288	47.64216268192833	-122.13904646941837	117.06095286375016	-4.845209286132057	-0.03281208314623064	-6.333516100141054
190.999895	1787824914189108224	47.64215383503915	-122.13905122662062	119.65860084051019	-4.744314241755588	0.038754373754615205	-6.452936188453769
191.108649	1787824914297108224	47.642153854697106	-122.13905436815023	114.6347064673057	-4.477712307878514	0.06449044780687034	-6.562303941235849
191.204755	1787824914393108224	47.642170118304016	-122.13904658407694	119.78768487887216	-4.452419698513305	0.05379848945732946	-6.621844483931931
191.295703	1787824914483108352	47.64217313280457	-122.13909872660071	115.55953636829075	-4.360352455903871	0.026601006746457625	-6.759632344011601
191.397592	1787824914585108224	47.64215536402845	-122.13908481255073	113.00265331160013	-4.2867102391932255	0.01655966366376531	-6.782710113516234
191.500501	1787824914690108416	47.64215833494992	-122.13908862730379	114.57835078316411	-4.171554187991402	-0.006597864866322737	-6.805116118994287
191.609438	1787824914798108160	47.64216272227923	-122.13911822372488	116.2202531446092	-4.0491910686060715	-0.029064294396988346	-6.909800439619286
191.701531	1787824914891108352	47.642132945224596	-122.13914237799963	118.64730978793037	-3.9449917118887585	-0.023632821161254657	-6.96362595527407
191.799430	1787824914987108352	47.642151274282845	-122.13912917091709	118.84690878354269	-3.816280528497115	0.03452251042193657	-6.970770218921772
191.898392	1787824915086108160	47.642152693372054	-122.13915360850716	112.98696909244501	-3.8355044820325817	-0.01997923293696721	-7.073937097654219
192.008030	1787824915197108224	47.6421170142908	-122.13912603861027	122.60966428654528	-3.6632995169614335	0.0329986245551879	-7.156544823566852
192.106950	1787824915296108288	47.64212918182591	-122.13914646015297	115.74579766379796	-3.488863344032375	0.022667004579842973	-7.133227154622149
192.200967	1787824915389108224	47.642111806638404	-122.13914102943559	114.19892645164069	-3.391654383579833	-0.0638129818062993	-7.247091621156951
192.293044	1787824915482108160	47.642113856764894	-122.13915511253798	111.57677366423509	-3.254588839974612	0.00355797649185737	-7.318221882740542
192.400798	1787824915590108160	47.642126500486036	-122.13919831050247	115.77491137113114	-3.215426228311256	-0.042891602452959254	-7.369289862910008
192.501737	1787824915689108224	47.642107941245186	-122.13918810172824	118.98395272917325	-3.019184060071106	-0.007369582704887022	-7.370062738252063
192.602700	1787824915791108096	47.64211340665785	-122.13920195449998	116.05115703080612	-2.929769152519734	-0.015185070685987293	-7.507031859970501
192.706306	1787824915893108224	47.64208201155322	-122.1392112291522	118.56841573728991	-2.752928835570329	0.017901868551533234	-7.430349895714156
192.805304	1787824915992108032	47.64210984867827	-122.13923907348845	116.24577088473765	-2.7044940316910897	-0.01763979833515257	-7.468178520835216
192.906278	1787824916094108160	47.642126021340275	-122.1392352953192	113.94381057017684	-2.5468952618689356	-0.07071200613987108	-7.622528618901378
192.997266	1787824916184108288	47.64211351061487	-122.13921912906838	116.58051787814048	-2.485532195355683	-0.034549459409518264	-7.6162798529259845
193.102272	1787824916289108224	47.64209119938373	-122.13923095528737	117.16058003527269	-2.322030836484832	0.0039934887254435255	-7.606979530418815
193.205518	1787824916394108416	47.642103203490585	-122.13930372467682	117.77778377530932	-2.190177964864798	0.005354023475526171	-7.670452234691253
193.317130	1787824916505108224	47.642093949123456	-122.13930330361832	113.8778298049151	-2.1234498597261506	-0.04957072395925745	-7.830101709728952
193.408009	1787824916595108352	47.64211849741078	-122.13929368674864	117.88314305805565	-1.9607198651476607	0.0431513828113513	-7.731041617701069
193.500223	1787824916688108288	47.642106334884225	-122.13932285461196	119.913064060321	-1.8210133215312003	-0.03980530194844992	-7.723937950161982
193.598310	1787824916787108096	47.64211842822498	-122.1393227104778	115.01489400964063	-1.6876332535790226	0.009179841846600189	-7.783401857799417
193.692225	1787824916880108032	47.6420818107208	-122.13929822614203	118.3815834892001	-1.6818092661114203	0.004983230875650672	-7.909427496793076
193.802493	1787824916991108096	47.64210098601738	-122.13930038120611	114.75193233947769	-1.4608523295688254	-0.058205343361778995	-7.845085895639268
193.894044	1787824917081107968	47.64208752625952	-122.13930187274453	112.02209200239203	-1.2894775472619218	0.037981602519571195	-7.855113281070995
193.989341	1787824917177108224	47.64209081309356	-122.13934120978753	118.4558646317117	-1.356969015549739	0.0374936989526458	-7.87966012067977
194.085238	1787824917273108224	47.64210652995535	-122.1393437518361	115.67787287961143	-1.2437012600756014	-0.006925522577557199	-7.917339975184518
194.203891	1787824917393108224	47.64208005272529	-122.13933895020675	114.7182636962658	-0.9183588275230835	-0.02124525202680017	-7.983320535793637
194.298096	1787824917486108416	47.642097636236166	-122.13937625499358	115.10201469290189	-0.8565682669741674	-0.04796114915961164	-7.902115580211613
194.401409	1787824917588108288	47.64206078763189	-122.13941742262544	119.77481466715197	-0.7376643575812318	-0.06407129230309742	-8.021564486957962
194.515006	1787824917702108160	47.64208347043044	-122.13940533304873	113.96456904685739	-0.6062752270467869	0.02510225223349127	-7.928030457853402
194.609373	1787824917798108160	47.64207320008533	-122.13940058456848	117.96858896495412	-0.5440836486274016	0.07806329393882028	-8.06179774883374
194.709771	1787824917897108224	47.642094990824	-122.13943605136326	117.36681889219578	-0.43878913275856574	0.08136772212259513	-7.962888949215674
194.811525	1787824917999108352	47.64208656564947	-122.13944932705272	116.62606543657049	-0.15802008139304688	-0.0122082628211709	-7.977296462050132
194.885554	1787824918074108160	47.64208069727488	-122.1394246349698	118.22352060539096	-0.16828372726231686	-0.03978286493985026	-8.024482639443903
195.001870	1787824918191108352	47.64208706036476	-122.13942462195368	116.7163724509047	-0.022375453816178316	-0.003513359356816084	-8.047011432718222
195.098536	1787824918287108096	47.642109719523724	-122.13946988856169	113.37546098261048	0.13054346591623736	0.09915407402190472	-8.025702728660875
195.204563	1787824918392108288	47.64207841041995	-122.13949851013177	120.39782334861147	0.2751188759887912	0.06905546054366925	-7.935455467689444
195.306678	1787824918494108160	47.64210132546135	-122.13950386098911	114.64614882852764	0.3888784129505076	-0.013639209843280944	-8.039871579414129
195.406836	1787824918596108288	47.642084895241396	-122.1394858548315	112.73546325510097	0.5625177306719992	-0.031320290795809815	-7.951517289556603
195.503272	1787824918692108032	47.642073210036244	-122.13947870559853	118.33643611002351	0.61922012087942	-0.044400809995299245	-7.978754008178094
195.598105	1787824918785107968	47.642074595021676	-122.13949829554491	110.1997956648634	0.7334804990078256	-0.05157678210871794	-7.989552506724607
195.691735	1787824918881108224	47.64208729427931	-122.13954102259703	115.43625641882305	0.8309693408397654	-0.012490789477714422	-7.896118271634902
195.794129	1787824918983108352	47.642082681658216	-122.13949290575248	115.31148756192863	1.0669565130033445	0.006862110475541406	-7.9622011661836805
195.909336	1787824919097108224	47.64210554486273	-122.13952177798507	115.06196540666826	1.1234308099612205	0.07337538787898755	-7.923178859328887
196.001806	1787824919190108416	47.64209570832749	-122.13954795002415	122.11980561517169	1.2346719363878467	0.03869021160492704	-7.922002165574373
196.098212	1787824919286108160	47.64209684153458	-122.1395608967024	117.32935166554066	1.3335784766262704	-0.0022602927081044675	-7.934616187569419
196.202376	1787824919391108352	47.642124736562074	-122.13957068048032	119.3098017694667	1.4753619811926726	-0.05819911216595758	-7.894336097748686
196.299341	1787824919487108352	47.64209853978585	-122.13961407262543	115.57913465230222	1.6933914888907	0.027649822126515552	-7.881661094622607
196.400500	1787824919589108224	47.642105433105044	-122.13960342988491	120.54831256040565	1.7730624410260523	0.017818557290222522	-7.770788758014286
196.494720	1787824919682108160	47.642100696965834	-122.13957767536274	117.0771863813606	1.8468547490019303	0.007004719321210872	-7.808940717792276
196.597790	1787824919787108096	47.642104950417824	-122.13958118737467	119.65377473460639	2.0796981716804703	0.010922466606581515	-7.643573983780688
196.710535	1787824919898108160	47.64210667445627	-122.1396369886968	117.1611859119819	2.109722852169413	0.05919459496558636	-7.689154531511519
196.807444	1787824919994108160	47.64210103253005	-122.13964798080181	119.4381539737219	2.136215921741854	-0.028431596368642644	-7.624165815762049
196.900795	1787824920090108160	47.64209450206108	-122.13967952547803	114.74389443294189	2.3092299798275593	0.011509655539117744	-7.542810039631973
197.002986	1787824920192108032	47.642112658071625	-122.13963527344795	117.6270406421647	2.5002297184947024	-0.03987354690016656	-7.643389733078836
197.092026	1787824920279108352	47.64211914167119	-122.13966303801901	120.51817041016575	2.5675833671797905	0.008261664468024899	-7.574354111187278
197.191961	1787824920381108224	47.64214311318439	-122.13968472761029	115.23463130205684	2.630059467947095	-0.007029570914337329	-7.55193606149779
197.301378	1787824920489108224	47.64212922063824	-122.13971237982919	118.40918072207576	2.9259841589814886	0.04357197811424465	-7.4409854582712285
197.397874	1787824920585108224	47.642109978075766	-122.13969769825982	113.79186493403273	3.00065168967022	-0.020399422505749568	-7.376001177464386
197.501494	1787824920690108416	47.64210202598593	-122.13971325728619	114.94034085204206	3.096365879499576	-0.006445118594090218	-7.4016928006439695
197.601175	1787824920789108224	47.64212762768976	-122.13974362262978	120.99465936172722	3.1907332805337996	0.0025689476941439093	-7.357956140720571
197.692922	1787824920882108160	47.64212269475209	-122.13976788161645	116.80608588160828	3.293267445186541	-0.10757325419247904	-7.226659994507611
197.811163	1787824920999108352	47.642130627440984	-122.13976343712062	115.19902451017778	3.439263355572694	-0.03575928904396674	-7.2628157603209935
197.900749	1787824921089108224	47.64212854569224	-122.1397446583356	115.1709260149212	3.4844319485239286	-0.010241409273308381	-7.216105478078766
197.999894	1787824921188108288	47.642142626660345	-122.13975889182888	114.12178755791778	3.634815637376331	0.02643105798681818	-7.137800429331459
198.096397	1787824921284108288	47.64214754966663	-122.1397406876963	114.48468685889848	3.698335705052264	-0.0053578566077934495	-7.048683124526653
198.193434	1787824921380108032	47.642140862408226	-122.13976822477957	114.98128692909219	3.873379146700912	-0.032791054842056654	-7.040569434539758
198.302882	1787824921491108096	47.64214972537859	-122.13978533307873	112.15225361735172	3.932252827561929	0.10533916936311614	-6.9782973425541135
198.397616	1787824921587108096	47.64214070658483	-122.13980784640621	117.3572634870362	4.063320895502405	-0.006839668707216167	-6.915965230628599
198.492968	1787824921680108288	47.64216451879363	-122.13981026374299	117.77534239429228	4.071402523472331	0.038467808935239635	-6.83256383291881
198.604841	1787824921794108160	47.64215080234282	-122.13982681494967	121.0773494737187	4.30283389264746	-0.07871933507947569	-6.698472627490222
198.700149	1787824921887108096	47.64216800109253	-122.13980496587894	117.4995370767535	4.478198392044764	-0.06233693456326209	-6.688369076503163
198.792921	1787824921980108288	47.64217975934735	-122.1398520304612	119.47320919368703	4.5256886851928515	-0.0243102571625008	-6.603602869687879
198.910252	1787824922097108224	47.642187751636406	-122.13983241272196	112.49497631105112	4.566418421805215	-0.0272879043788056	-6.495161030053101
198.998292	1787824922187108352	47.64219143695783	-122.13985705458356	118.35972151718737	4.724929644980605	-0.013759715704395251	-6.43740167628522
199.101678	1787824922289108224	47.64217147874327	-122.1398624248991	118.65103090207806	4.739290412500354	-0.1306644704083135	-6.42253736491234
199.202129	1787824922391108352	47.642182644778444	-122.13986915459435	118.79054810359682	4.9128828995985945	-0.06548801521395552	-6.203636278964105
199.301040	1787824922490108160	47.6421924482872	-122.13990186357393	118.59234069838372	5.01177101470948	0.004872003809242195	-6.20722494604456
199.398505	1787824922586108160	47.6421772113575	-122.13990499598152	117.49113336954824	5.0492663548460355	0.03432288157327045	-6.082582479352792
199.494983	1787824922682108160	47.642198764837794	-122.13989965376133	116.90679027483469	5.181959421226106	0.06799049413222856	-6.1038932689123095
199.598686	1787824922787108096	47.642195812523646	-122.13990394924026	118.38121443441487	5.289855562055241	0.05216029966106942	-6.01459354088258
199.697127	1787824922886108160	47.64220797956774	-122.13989785448219	118.11238394950391	5.302519816149526	0.07821908928572263	-6.0349000875083645
199.805641	1787824922994108160	47.642192349783784	-122.1399194095325	118.0318258966064	5.492586963743628	-0.016469267438494837	-5.806655204796824
199.893521	1787824923081107968	47.64220634688728	-122.13992958443541	115.27127780755703	5.55284992350953	0.017215139901757822	-5.7902097875681084
200.000208	1787824923189108224	47.64223379103056	-122.13993090756972	119.06161573763666	5.784230453163069	0.048510423435772526	-5.576188658281041
200.100841	1787824923288108032	47.6422039839409	-122.13992331528988	112.78971153205903	5.766724937366155	0.05397178268622306	-5.608873379517696
200.204510	1787824923393108224	47.64221629291083	-122.13994264331953	117.70613029138993	5.8650699826493	-0.013274705409491779	-5.517563793129825
200.292363	1787824923480108288	47.64221909876348	-122.13999894713542	118.85366696505918	5.9283350625977524	-0.04211246429664648	-5.497611660672209
200.398793	1787824923588108288	47.64224197558851	-122.13997653655814	114.82995399154898	6.043387207800151	-0.016445235512483423	-5.432216120458793
200.501424	1787824923690108416	47.64224063469701	-122.14001689828876	116.81073784746911	6.0606083265417965	0.03320776641678585	-5.197802755586238
200.594240	1787824923783108352	47.64225056301376	-122.14001307495045	118.69772563022278	6.163748724124627	-0.01288773314327705	-5.215262655268426
200.705243	1787824923894108416	47.6422473424332	-122.13996163547831	113.02502547625997	6.325460832218585	-0.0349399852108165	-5.053060518175307
200.804761	1787824923993108224	47.64226944086681	-122.1399999099351	114.10087692657021	6.395127082214344	-0.011267879675209001	-4.8670368507472705
200.888399	1787824924077108224	47.64229259282873	-122.14001700123981	117.25279043310115	6.483565087987167	0.05020256480754559	-4.831809982308221
200.997257	1787824924185108224	47.64225792509439	-122.14000253726219	116.44707081039118	6.464702051429791	0.0007507839272279902	-4.720552307137354
201.103315	1787824924290108160	47.64228028930764	-122.14000379516742	116.43810505595931	6.533486480887599	-0.10168876575121436	-4.642800482990864
201.188704	1787824924377108224	47.64227067253839	-122.14001410354952	114.58294484097227	6.6057317805932625	-0.06163618292731779	-4.485886010065242
201.292137	1787824924479108096	47.64229894009338	-122.1400189709648	118.56770630342598	6.700898430098272	-0.07233349698868646	-4.422132512515356
201.403559	1787824924593108224	47.64228751613159	-122.14006590726211	114.00114323030786	6.730571054856311	-0.033615296341897465	-4.3331351695832705
201.501590	1787824924689108224	47.64231308763921	-122.14004681701884	116.65297254019806	6.803380863800213	-0.03941450715095478	-4.284087191773472
201.608708	1787824924797108224	47.64231861815718	-122.14001680672064	113.53891050969307	6.880384656262597	-0.02253254379716968	-4.173003899735102
201.701749	1787824924890108160	47.642302388062134	-122.14004776689778	117.59628169457204	6.94607519744905	-0.010647476610230973	-4.030334027210873
201.798217	1787824924986108416	47.642335080944	-122.14006237542361	113.826897571334	6.929379129182532	0.01717342119395559	-3.9619862503510888
201.899239	1787824925088108288	47.642338983332834	-122.14010261102047	117.53221699693525	7.005141969672776	-0.028217379813756917	-3.732308093171953
201.997259	1787824925184108288	47.64232336112272	-122.14007024101234	122.47853890295129	7.07459384179665	-0.024464503223460415	-3.5801314317297246
202.096938	1787824925286108160	47.64235424759018	-122.1400733449056	119.90346061002083	7.061894253905714	0.06846290415528075	-3.6610585317558755
202.195981	1787824925385108224	47.64234607729643	-122.14011377541145	117.39560758764755	7.095851367363565	0.02858738384384135	-3.5883558718183965
202.294874	1787824925484108288	47.64231266165916	-122.14007072250702	114.10276507074117	7.29181086126637	-0.09705625521840268	-3.3951337092034106
202.394299	1787824925583108096	47.64236123506756	-122.14014061582935	115.17837072929944	7.288496493798853	-0.042472532108384795	-3.4058471020301937
202.507849	1787824925697108224	47.642375318064055	-122.14007594227246	117.32686931926102	7.30129433540308	-0.125383056900065	-3.3081776720642395
202.604054	1787824925793108224	47.64238292739662	-122.14006083122393	116.60152158285543	7.365470970302327	-0.0762042610680157	-3.1765228582447596
202.711594	1787824925901108224	47.642399771586426	-122.14009221059882	116.34691911214885	7.345029080735366	-0.056872729283965466	-3.176096109803232
202.805735	1787824925994108160	47.64237629593656	-122.14011312577834	116.69365864165957	7.3662737736287935	-0.07704290779369904	-2.949660198826242
202.900882	1787824926090108160	47.642394268494016	-122.14008304741131	115.63199603716713	7.431478814721484	0.05067877801461989	-2.9696047917757276
203.000043	1787824926189108224	47.6423688892301	-122.14012202607294	112.47126832860245	7.4021150260847515	-0.06991517194581898	-2.8616318437654162
203.104857	1787824926294108160	47.64242024920237	-122.14007954546209	117.65261442137353	7.504637246012586	0.021194459774037566	-2.806817289465422
203.196285	1787824926384108288	47.642418495320015	-122.14009235799654	118.28227957477215	7.457657472927416	0.0026431214409624836	-2.73259252773092
203.298658	1787824926486108416	47.64242593717476	-122.14013440133155	116.6358404470742	7.541457413014175	-0.0385652358594551	-2.585678719710186
203.398643	1787824926588108288	47.64239692680969	-122.14012505177887	122.79059986055087	7.610901709093305	-0.0042261988342283795	-2.6634842393275298
203.511984	1787824926699108096	47.64244089064816	-122.14013130767147	111.90778403186071	7.564707600438502	0.005675991527604694	-2.5432411381762248
203.602441	1787824926789108224	47.64245136086953	-122.14012716451388	117.56106345927756	7.658597769676996	0.08856378565639543	-2.5761177024561466
203.699692	1787824926888108288	47.64246253660409	-122.14009134320607	116.2945430235267	7.568837966357086	0.03407353485884517	-2.485623227099453
203.803640	1787824926993108224	47.642437024293905	-122.1401077390856	122.2108783628463	7.685083454231837	0.021939621111894743	-2.3674131802560496
203.902306	1787824927089108224	47.64247034950861	-122.14007553046088	113.59176556769174	7.7399464852690025	0.022200026412102905	-2.2889410998052866
203.994227	1787824927182108160	47.642452603697535	-122.14014571174117	114.48188455510456	7.7793692655435045	-0.0669083483520044	-2.3227607020000764
204.108416	1787824927296108288	47.64248244931097	-122.14014863760805	118.92478573992827	7.74875222876328	-0.006674379778863872	-2.273751569683626
204.197139	1787824927386108160	47.64245947872048	-122.14016899141033	116.36699826504024	7.712215476720135	-0.0022305987055654328	-2.173171373818924
204.299176	1787824927488108032	47.64248743109583	-122.14016973061584	116.02235336881736	7.663846459424198	0.06718613644608927	-2.2043101919432715
204.407456	1787824927596108288	47.64247916242563	-122.14015546884448	117.50954827582213	7.807257017065814	0.046608748994182214	-2.190937932353848
204.500591	1787824927689108224	47.642482392447036	-122.14013543101288	114.41147233505261	7.676483654337842	0.02225597177765147	-2.1090609549766346
204.609954	1787824927797108224	47.64251817042916	-122.140125104835	115.86897018904472	7.793009819555917	-0.0021340760666615777	-2.148698986377447
204.703639	1787824927893108224	47.642513792365506	-122.14015240215264	115.01084584845295	7.822036855159095	-0.029177411901312053	-2.089348260760841
204.806975	1787824927995108096	47.64252123266014	-122.1401680312086	118.44829218235978	7.733028803316879	0.05322352620498493	-2.132554161189851
204.897908	1787824928085108224	47.64253026596991	-122.14016022823274	117.70853360240106	7.772811945165096	-0.03856596002468579	-2.0686505902675063
205.010693	1787824928199108096	47.64255900497296	-122.14016854182532	118.46892628461922	7.730042668580593	0.144893174647304	-2.0136499512735706
205.093564	1787824928283108352	47.64256440992017	-122.14015292155923	121.30233213993249	7.772164567418683	-0.021846666677446745	-2.055071253791899
205.201158	1787824928388108288	47.64255136822864	-122.14014954068134	116.31189838547076	7.747228852928716	-0.027236322088888106	-2.1334207826608753
205.310753	1787824928499108352	47.6425601615674	-122.14017088325787	114.44146517365851	7.67348682850773	0.0671119098413306	-2.093276078481258
205.401695	1787824928589108224	47.642567020537776	-122.14017773691144	122.80987501526074	7.694087907641653	-0.04766208076037994	-2.0935693053331312
205.501966	1787824928691108352	47.64255623197616	-122.14016777211994	117.60103572703126	7.773387942454732	0.015789608467514312	-2.1472989320006914
205.604678	1787824928793108224	47.64257315472776	-122.14017354912102	116.54747681171435	7.660249124801369	-0.022293457835371976	-2.224137234401884
205.707319	1787824928895108096	47.64260714380132	-122.14020482425077	115.69460319737684	7.743439037380134	0.15422423662026433	-2.191935720842254
205.802353	1787824928991108096	47.64259013985806	-122.1401852293238	118.43579955556186	7.7495578525248625	-0.054559378664452984	-2.193502436953312
205.898265	1787824929087108096	47.64259163067836	-122.14017945118579	118.45780732200467	7.702373704010584	0.0801747049593391	-2.1814581048496704
205.999994	1787824929189108224	47.64261206067006	-122.14020979250834	115.84718017335875	7.647424333465281	-0.004108997516781141	-2.3136763858600995
206.103479	1787824929291108096	47.64260941117485	-122.14021166962127	123.57884602331181	7.5887158593490005	0.01082944765057801	-2.3050735623606253
206.204039	1787824929393108224	47.642625624678686	-122.1402035724954	116.32779799700575	7.636262820009715	-0.024376783637576217	-2.4792728859929754
206.303906	1787824929492108032	47.64265125723702	-122.14019803685039	117.87845175013646	7.665306831675432	-0.05177198818070425	-2.4238160958616777
206.401772	1787824929591108352	47.64261402708242	-122.14023436755161	117.83327852293172	7.617634004499142	-0.006926835792076257	-2.530244086652714
206.494504	1787824929684108288	47.64264286285729	-122.14019423559154	118.50654289833288	7.53782019539644	-0.06288620076798092	-2.5142993129215823
206.598912	1787824929786108160	47.64264797734815	-122.14021049548457	110.7599563643645	7.5285607901551925	-0.010023083019125741	-2.6200451128613516
206.696676	1787824929885108224	47.64267002216873	-122.14022681059056	119.77758903374392	7.53631147879031	-0.03609308579862381	-2.733542071855746
206.790919	1787824929978108160	47.64265867255599	-122.14021317416493	118.26551728997416	7.570317167126089	-0.05620904120304704	-2.6911130195418154
206.900678	1787824930089108224	47.642654282627056	-122.14023868178806	121.19549532581202	7.517071124093997	-0.01916777573306886	-2.7031149352472146
207.009833	1787824930197108224	47.64268334244825	-122.14020662852323	116.79219043578186	7.48316914003905	0.027341117531436004	-2.8597377671674935
207.094823	1787824930284108288	47.64268749591284	-122.14021016100197	114.40095702146887	7.442972141986856	0.01445742141134819	-3.0535728058525486
207.195003	1787824930383108096	47.64269827790813	-122.14021842466039	115.3761885376683	7.356718910931729	-0.021800817443607526	-3.075476884486232
207.294149	1787824930482108160	47.64268159529479	-122.14022961760021	113.95830658326179	7.349237092096213	0.03053016002043873	-3.0739378801652193
207.401463	1787824930590108160	47.64270138165646	-122.1402333357453	115.70494645562655	7.29932466415917	-0.034434624265606124	-3.2104268046216173
207.500967	1787824930689108224	47.642691542908	-122.14025836191517	120.18587863822714	7.283471449875239	0.13725201428485764	-3.318793370802474
207.602073	1787824930791108096	47.642743522967606	-122.14024874550762	116.3082467688888	7.135800543316519	-0.029970912965202257	-3.4096425581521954
207.701567	1787824930890108160	47.642710061948556	-122.14025680390695	114.13255712027808	7.190334581456703	0.0050823238659337185	-3.495967268950633
207.792837	1787824930980108288	47.64273099237835	-122.14024325443819	119.8752400210081	7.007504090359763	-0.0023812731932113963	-3.577091182209861
207.899818	1787824931088108288	47.64271744960493	-122.14026520046676	111.37063988403199	7.08102630637248	-0.045951395003119934	-3.630792858340603
207.993087	1787824931181108224	47.642762398747166	-122.14028179661116	116.55659668775544	7.080767845906837	-0.010724186433382797	-3.755449764033767
208.099383	1787824931286108160	47.64276263223964	-122.14026274624652	111.19305991950642	7.033279239300951	0.0005415020984544052	-3.910327169506213
208.199066	1787824931388108288	47.642741359674	-122.14028013979751	117.49317340871225	6.948978110392348	0.029320153595610222	-3.9596323797440527
208.310107	1787824931499108352	47.64275560358581	-122.14030184178742	118.53261755067288	6.915005031892962	-0.0034483975193367305	-4.095750681419661
208.409224	1787824931598108416	47.64277923224174	-122.14023892677342	117.27628752676003	6.840891470740345	0.034191670511183055	-4.079091572878302
208.500921	1787824931688108288	47.64279164378898	-122.14027613324029	116.45731837544209	6.819897050024155	0.04578540809962407	-4.210548993498726
208.592852	1787824931781108224	47.642779250170115	-122.14028591311109	117.75985179039306	6.757558433143173	0.0809042764360045	-4.402272633441836
208.697838	1787824931886108160	47.64277358621182	-122.1403492565849	116.84269460493888	6.618453685457025	-0.014142267890999633	-4.452423730047258
208.797874	1787824931985108224	47.64277360195213	-122.14032372037654	113.60700306797584	6.553403895564836	0.0026978970274009286	-4.510928426091823
208.894679	1787824932084108032	47.642791146607536	-122.14034696881998	114.05726207257078	6.497482816270543	0.03167117572736923	-4.58220503717432
208.998452	1787824932186108160	47.64281251519634	-122.14031553288808	118.50588145783335	6.489147046642977	-0.05026020734309877	-4.661189607251654
209.104216	1787824932291108096	47.64279398297435	-122.14033073250505	115.85165497111247	6.418136282432921	-0.01686107369290912	-4.867286243676944
209.198608	1787824932387108096	47.642815994525535	-122.14031128991996	118.59728973105639	6.333209649493354	0.048596884932145645	-4.950867574197035
209.300321	1787824932489108224	47.642812475036536	-122.14035458499511	116.17007065040521	6.248783216137088	-0.05490521398737063	-4.9475326257440315
209.405118	1787824932594108160	47.642821114347434	-122.1403804038227	116.01159820929594	6.063891116074127	0.07573231364894556	-5.124717289912314
209.496108	1787824932684108288	47.64281884112165	-122.14040095606771	117.03951376603709	6.131108674232947	-0.03496174922178717	-5.179201064916768
209.602344	1787824932789108224	47.642833283480826	-122.14038301649528	112.65389542990373	5.982700913977673	0.10277250742196789	-5.264401968187404
209.695663	1787824932885108224	47.64283095185446	-122.14031744396723	116.67290518680096	5.887852615374539	-0.03774060148566335	-5.413622731204956
209.796509	1787824932984108288	47.642856850433695	-122.14035758140939	116.04532274863001	5.887583453287295	0.07575381963760747	-5.470773916077696
209.904496	1787824933092108288	47.64287348295092	-122.14038043919614	117.11472497148145	5.782614343935301	0.03420297953575758	-5.57347869720117
210.013451	1787824933200108288	47.64284835942084	-122.14040792599869	119.41401826862563	5.569152249757031	-0.06692185617565045	-5.684328567499102
210.101770	1787824933290108160	47.64286861865659	-122.14042171252818	116.96976913599536	5.602074440232907	-0.06059235577799582	-5.727084994668019
210.197945	1787824933386108160	47.64288500827739	-122.14042250938456	117.81407447574006	5.338769522070811	-0.014449511635426097	-5.778854839589086
210.295002	1787824933482108160	47.64287767295925	-122.14045241054252	121.61001734532492	5.4348313375362025	-0.034496330742573626	-5.911038899228474
210.396045	1787824933584108032	47.64287683958358	-122.14049093041663	116.26660556288338	5.238823038192497	0.039928628244927024	-5.9439035745242474
210.503610	1787824933692108032	47.64288315484058	-122.14040353685758	118.80512028955415	5.206669590970061	-0.05546939445514315	-6.134273690328774
210.611222	1787824933800108288	47.64289580696612	-122.14046307395712	118.9398638708143	5.1826406017067965	-0.009828056668501922	-6.2133601786832795
210.698692	1787824933887108096	47.64287707279497	-122.14045192481188	114.64624434335133	5.016659895870805	0.053399698794074836	-6.196299134012955
210.801154	1787824933989108224	47.64291244215169	-122.14042927426577	118.92537260839326	4.898074388514933	-0.053186275474505176	-6.383585621334207
210.899334	1787824934088108288	47.642897874156354	-122.14046723460449	116.73796450413911	4.7307913843149505	0.007078485351335317	-6.3792666359030115
210.995973	1787824934184108288	47.642904475786686	-122.14050542675703	116.54971424440595	4.689715409095917	0.12135524800536897	-6.43643336808686
211.094486	1787824934283108352	47.64292512487003	-122.14051850888661	115.45411548235143	4.603621108056378	0.01624785452033555	-6.648307456514223
211.190459	1787824934379108096	47.64289814684792	-122.14046986604615	115.88146210496957	4.6253279649653845	0.017135478128535345	-6.6182571277560065
211.308424	1787824934496108288	47.64290977030251	-122.14052194175349	119.33188071450407	4.399084942485585	0.025973834909643934	-6.665694663460595
211.399304	1787824934586108160	47.64292530156747	-122.14050733833291	116.33183325418528	4.279808302789357	0.010932827037629114	-6.770686215036127
211.501872	1787824934691108352	47.64294032438106	-122.14053127541263	116.61188771302659	4.205754383879013	0.02946426110025493	-6.86877958843172
211.610539	1787824934799108352	47.64292485913024	-122.14051739844967	114.81423608752316	3.995812473620521	-0.041152708506085614	-6.864528851292824
211.701255	1787824934889108224	47.642920857544794	-122.14059311442838	119.1758750502934	3.889027675738587	-0.09447841920305144	-6.9968331216101465
211.798896	1787824934988108032	47.642940308652676	-122.14057122130623	113.3935271007243	3.927092495324831	0.05781136616165564	-7.0526611805062895
211.903946	1787824935093108224	47.642925972264315	-122.14058248742707	120.17082934981545	3.849679602614861	0.04111377933088024	-7.0787037931200825
212.000223	1787824935189108224	47.64294025982493	-122.14058327977152	116.1451577089988	3.5607149172138985	0.009781329782114895	-7.0938094593314505
212.098472	1787824935285107968	47.64293754741173	-122.14057837342862	113.32232188824678	3.5171368399743805	-0.037521515961100003	-7.208437751628912
212.199992	1787824935387108096	47.642936583978184	-122.1405970373963	116.13024550878345	3.3942799495638694	0.0204843015902098	-7.269176549039547
212.303535	1787824935492108032	47.64294749175124	-122.14058848395737	114.36216673315884	3.3132798920525106	0.0688388393394904	-7.37540000866123
212.405536	1787824935594108160	47.64296056381463	-122.14060018545757	120.78377589984315	3.15808804723966	-0.005139403572409162	-7.312386482983386
212.503216	1787824935690108416	47.64295992811412	-122.14060213745108	117.81184995146927	3.0710422389369953	-0.08291819863287007	-7.3682178416787645
212.609674	1787824935798108160	47.64295124766752	-122.1406023281512	117.41305385662065	2.952832058158878	0.014957395390114217	-7.408319434783845
212.690159	1787824935879108096	47.64295352674297	-122.14066190471544	117.213469525411	2.8543337012908507	0.00737338600941941	-7.491803084242835
212.800576	1787824935990108160	47.642968509402486	-122.14065484784426	116.57326462614337	2.6837964316600984	-0.023450723558732924	-7.536441070259266
212.902090	1787824936089108224	47.642957213629806	-122.14066411168479	112.98271250975071	2.6027129686349966	-0.037376854921427664	-7.606099037640906
213.004701	1787824936194108160	47.642944746464735	-122.14071086287369	116.04433642983392	2.4149100874071543	0.021346508416705268	-7.594684323733774
213.099997	1787824936287108096	47.64296876081506	-122.14069091811147	119.43333553907485	2.4108659899266955	-0.008150935478425013	-7.743841342817895
213.194595	1787824936383108096	47.64295491024282	-122.14066748902286	115.84838286772593	2.239165127318635	-3.5128541339039428e-06	-7.614021080021974
213.290426	1787824936479108096	47.64298316302492	-122.14070987277282	114.22793139718216	2.166082372262723	0.04101488630103457	-7.686664232136142
213.396556	1787824936584108032	47.642982497031056	-122.14068453735656	115.43200690559581	1.9962992043083203	0.018377489349834252	-7.792846479155384
213.500663	1787824936689108224	47.64296928451973	-122.14070292588215	117.80785844337575	1.8334753347428763	0.05111956607474486	-7.868050949221892
213.603753	1787824936791108096	47.64297189275623	-122.1407390889674	115.59474968444245	1.7090377582942948	0.015593727720901788	-7.873739308633113
213.692519	1787824936881108224	47.642977454742535	-122.1407209732818	113.70101417855425	1.6297413336752247	0.010386301147605602	-7.8187810037831875
213.804935	1787824936992108032	47.64299242025806	-122.14076635672346	119.66102285670344	1.502582393401341	-0.08804220788175274	-7.837708991262782
213.893338	1787824937082108160	47.64299420604613	-122.14074729274839	117.57852031128152	1.4599020088730836	0.02811336714626736	-7.86593826931052
214.009243	1787824937196108032	47.64297033246169	-122.14076766396218	117.3662184756769	1.235690119734593	0.005434567193468734	-7.857979195276125
214.088357	1787824937277108224	47.64296841874101	-122.14072768329068	115.17619485719416	1.105587955656774	0.0014783605337423183	-7.936839344820214
214.202919	1787824937391108352	47.6429905912637	-122.14080085244974	113.57227384648708	0.9783827719803941	-9.108867479980046e-05	-7.946511533393957
214.290689	1787824937478108160	47.6429774407919	-122.14077657910153	119.06819905908218	0.872463338930631	-0.038112256508646816	-8.010943825858865
214.398711	1787824937586108160	47.64301064522532	-122.14080559567411	116.30642563509912	0.8125329404345621	-0.025328371981665335	-7.900144131997374
214.506662	1787824937694108160	47.642989418323694	-122.14082342212212	114.94400031405209	0.6181575466547767	0.01906294087713699	-7.928354323602022
214.598346	1787824937787108096	47.6430190652713	-122.14084481614151	118.7527927988819	0.5147843605998135	0.13619965400188944	-7.987976534067361
214.706222	1787824937895108096	47.64301623190305	-122.14084119220412	116.03231863759812	0.22294712836313785	0.02810018381182603	-8.010129656538503
214.796969	1787824937985108224	47.64299563603008	-122.14084673446476	115.65971634175006	0.21192731934308257	0.01846277016593793	-7.960787495233049
214.898500	1787824938087108096	47.642971288056536	-122.14086536375899	118.69429129526318	0.09511059689241344	-0.04515916438942139	-8.058271290157965
214.995004	1787824938183108096	47.64299380583805	-122.14083584587634	118.53083486863287	-0.05217932708075525	0.01350157177248395	-8.022477923975185
215.101857	1787824938291108096	47.64299628198856	-122.1408937573661	116.4135558839372	-0.17369965610840304	-0.06555018734546351	-8.020628571260085
215.202348	1787824938390108160	47.642986169475144	-122.14090257291771	117.66464585380658	-0.2251540062450888	0.04457027789579312	-7.964666775892842
215.301618	1787824938489108224	47.64298840522032	-122.14090349410843	116.78169085586192	-0.31878837005391514	-0.05263952554184408	-7.949915589507214
215.409747	1787824938597108224	47.642975082804256	-122.14092378496814	116.32486916488044	-0.4933288019931075	-0.03507824129774188	-7.944692849694018
215.493218	1787824938681108224	47.64299441159449	-122.1409139266845	122.72147608738732	-0.5620992447901897	0.04398860570061659	-7.8648661868599055
215.603145	1787824938792108288	47.64301386269528	-122.14094064493628	122.42697394317682	-0.7743677341418712	0.08107687977071219	-7.953946219262263
215.702615	1787824938891108352	47.6429887205078	-122.14094396661912	113.22323677702153	-0.9137747303367159	0.059998822599787144	-7.931465323505236
215.805211	1787824938993108224	47.64302884009786	-122.14094837600692	120.57761665835427	-1.0296671345940542	0.007648708622038972	-7.96458130622214
215.903984	1787824939092108288	47.643018076204406	-122.14094049173745	118.98769555158835	-1.252249992857035	-0.04857105840166306	-7.95280759752068
216.004223	1787824939191108352	47.643002473332416	-122.14098888973524	116.0553507109401	-1.2793517421020286	0.04135307880458583	-7.931050709904152
216.091816	1787824939281108224	47.642997622227576	-122.14100101467577	116.27704432306209	-1.316444068219159	-0.014092366639028048	-7.925460551156991
216.194119	1787824939383108096	47.64299976405653	-122.14101912935065	122.82273002091041	-1.4810734948613347	-0.03185430756749021	-7.903311285831919
216.298558	1787824939488108032	47.642956643842695	-122.14100871786462	120.11795326851667	-1.5650716196621859	-0.03861435007314021	-7.856059642357313
216.405300	1787824939593108224	47.64298154108593	-122.14099748703603	115.0475230988515	-1.7803194187739952	-0.05078533750585186	-7.713738045002345
216.490532	1787824939680108288	47.64296302075094	-122.14103218622365	118.12021923366491	-1.8701766669275497	0.02767483049790836	-7.715494561370168
216.593226	1787824939782108416	47.64297520386754	-122.1410265184727	115.12529680254892	-2.0266705437956123	0.09193512433233868	-7.80542851480617
216.683904	1787824939872108288	47.6429579845864	-122.141077521046	117.8832184300655	-2.1029133602566477	0.022295602504805622	-7.809966740437902
216.812431	1787824940001108224	47.64294844917878	-122.14104455300057	116.7289888999218	-2.2069395202551916	0.032456289060641255	-7.64799628026724
216.895905	1787824940085108224	47.64299715388878	-122.1410566116735	114.407922930711	-2.378202672238366	-0.0733826583412444	-7.659588373240031
216.993246	1787824940181108224	47.6429618801609	-122.14107938186727	111.86937671533552	-2.457859481156123	0.046599854976758774	-7.6332515534449135
217.102348	1787824940289108224	47.642967964999634	-122.14107681711306	116.49695446547494	-2.5940318738105193	0.02829050468004148	-7.549093738362978
217.195087	1787824940382108160	47.64295798447647	-122.14109975785865	114.41806960456101	-2.7198403895867393	0.042468269030077756	-7.409231575545759
217.297696	1787824940487108352	47.64295002975653	-122.14110197866069	116.37830386130392	-2.798874912060624	-0.03665160147526639	-7.464067071782489
217.409614	1787824940598108416	47.6429196390264	-122.14113383809352	115.69217421416089	-3.0171983668070737	-0.07487511625456071	-7.485155642783422
217.504125	1787824940691108352	47.64295901287672	-122.14111871431487	118.79100661117684	-3.086385577361971	0.013416471381453158	-7.3999814382249705
217.605114	1787824940793108224	47.642950582810904	-122.14114619799392	120.99698948935415	-3.2310381333403932	0.0014821529863484277	-7.319480424576921
217.703060	1787824940892108288	47.64295644832706	-122.14116661048018	114.67043417631014	-3.4077877430242207	-0.09566291792069809	-7.288791338514578
217.796874	1787824940985108224	47.64297138840374	-122.14119365936547	118.70798327439356	-3.3976934819936297	-0.0553376199226607	-7.226152053035564
217.910433	1787824941099108096	47.64294411445638	-122.14116887919437	114.60401810611762	-3.541446756782992	-0.07683883252803231	-7.161361829526861
217.991220	1787824941180108288	47.64293751875975	-122.14118999559273	116.84541585698929	-3.577711532585437	0.08286117823333436	-7.136542494649486
218.090463	1787824941279108352	47.64292934321259	-122.1411956807859	117.57986727382165	-3.787837717832438	0.06028895327234346	-7.156302948756576
218.191685	1787824941381108224	47.64295031646608	-122.14123730596012	109.23914899414066	-3.9495397016494316	0.03258572791314009	-7.042197683068815
218.298855	1787824941486108416	47.64291107586855	-122.14120535182713	114.23405195481413	-3.91882608078687	-0.05668103331485196	-6.86257793364122
218.390424	1787824941579108352	47.642946866219525	-122.14123008786541	112.68285857995099	-4.003188744346954	0.03815661026211231	-6.83469061690791
218.492348	1787824941681108224	47.64293998009495	-122.14123715702524	117.73532108944053	-4.04287295862977	-0.02129419475168551	-6.880489372080612
218.602655	1787824941792108288	47.64294149700052	-122.1412340381403	117.80301627655622	-4.27235303832149	0.10314479517576516	-6.745603394398073
218.702929	1787824941891108352	47.642896895906354	-122.14124771238764	116.81348946920353	-4.37685692330131	0.011338654751665187	-6.71171437082856
218.807581	1787824941996108288	47.64290168044582	-122.141262212559	114.24927970782552	-4.43781690913037	-0.10998218094902248	-6.659858253398908
218.893814	1787824942083108096	47.64292047344788	-122.14127293171194	120.26761357501786	-4.587276027476864	0.007012027983414547	-6.563062398754536
219.003205	1787824942191108352	47.64287805518069	-122.14130570916177	115.4653444997329	-4.617522221223898	-0.06608524086634605	-6.497431487543893
219.097655	1787824942287108096	47.642887449460815	-122.14126911015757	111.60455399124993	-4.853124784794662	-0.11126820921388743	-6.394156821181455
219.199000	1787824942386108160	47.6428830567569	-122.14134478145834	113.71368544384701	-4.898173126301884	-0.012148629651708567	-6.409405650256605
219.305295	1787824942494108160	47.642874284188224	-122.14130825921072	113.01136147186307	-4.931281091154731	-0.09175887949768192	-6.331169054789776
219.406460	1787824942593108224	47.64289339109248	-122.14126648676823	118.59090636364668	-5.1714364514392255	-0.04272565519359003	-6.12599593804271
219.507128	1787824942695108096	47.64289633128196	-122.14134236361103	120.52946947662679	-5.196881813845297	-0.10662064960115121	-6.068168380964418
219.612115	1787824942800108288	47.64287863553607	-122.14131801538056	115.20204121719748	-5.38644425886951	0.0269540427844705	-5.909661972413463
219.710491	1787824942899108096	47.64287406679388	-122.14131775616045	113.39422846879168	-5.373415717175334	-0.056430529666009394	-5.950220733286758
219.804919	1787824942992108032	47.642860811574444	-122.14134654141795	116.68652130407338	-5.488913354946133	-0.02415377730475754	-5.85706288835931
219.893388	1787824943082108160	47.6428703442854	-122.14137172146997	117.79189653835033	-5.52769726921751	-0.004390961105321364	-5.789950506921959
220.000585	1787824943190108416	47.64283835257269	-122.14135689735089	117.6485372454107	-5.653708475775845	-0.007766594142926109	-5.62858913517679
220.094116	1787824943283108352	47.64284983997836	-122.14135488150255	117.83396978286264	-5.797085975040486	-0.0016450157281194143	-5.652320635737047
220.199116	1787824943388108288	47.642834487242965	-122.14138584100532	119.43017149966533	-5.805683964967415	0.0658401107629038	-5.39346354668094
220.298094	1787824943487108352	47.64285082388321	-122.14134317335088	117.19970082367651	-5.864956055322804	-0.033534615662990985	-5.389540763910299
220.408204	1787824943595108352	47.642860528723176	-122.14135668615152	118.85686569612326	-5.993803319723	0.04613640584494485	-5.2684309257948145
220.496016	1787824943685108224	47.642828479079576	-122.14138567504241	114.36392503231514	-6.1418364857148795	0.08589071967197306	-5.193577181599692
220.595815	1787824943784108288	47.64281752043806	-122.14141764958647	110.75907597632457	-6.221785763872311	0.019975276831801832	-5.030655138097731
220.694943	1787824943883108096	47.64282865406713	-122.14140777791131	119.7068031851784	-6.2755651731657105	0.0027827592194063326	-5.04205025335108
220.795212	1787824943982108160	47.64282166361144	-122.14140662533318	122.4732865487332	-6.3684756959739515	-0.04780247416047487	-5.016715627734419
220.892947	1787824944081107968	47.64282295745254	-122.14143891816641	122.63071055360282	-6.465936380292097	-0.0742004921932945	-4.777549784586065
220.997046	1787824944186108160	47.64281816869672	-122.14142493087672	114.8205159234516	-6.47587938983042	0.0010927421052274293	-4.659606398382334
221.086389	1787824944273108224	47.642808699568675	-122.1414291424485	122.58485931419884	-6.543614639290412	-0.0040842836070443846	-4.711532823922354
221.199465	1787824944387108096	47.64279375507512	-122.14145434283492	119.47247704967273	-6.723651306244615	-0.06664247402287572	-4.4994167860751695
221.312835	1787824944501108224	47.64280902695122	-122.14148333137273	114.82984799020294	-6.680166478049662	0.0010602073818987046	-4.430299754694778
221.404357	1787824944591108352	47.64275990346816	-122.14145011119554	123.00468090179973	-6.807140618729034	-0.06290356248749046	-4.258637863254494
221.493599	1787824944681108224	47.64280444867883	-122.14143635375284	120.64133983472311	-6.807067130758849	-0.047745902500525364	-4.162715122875024
221.604096	1787824944792108288	47.64276502670074	-122.14142053086572	118.6628697591298	-6.986378223747236	-0.03160549708643218	-4.0333838486396845
221.688806	1787824944876108288	47.642783718104596	-122.14148458033134	110.98018306060071	-6.9628458204078925	-0.035788406052175294	-4.050321364949328
221.807246	1787824944996108288	47.64276828769832	-122.14147410098059	114.66839475185245	-7.091892051320823	-0.05938704566638628	-3.812242278376451
221.896272	1787824945083108096	47.64275845060943	-122.14149236104161	119.38763646050634	-7.070915181201407	0.08192742506520229	-3.714721341101613
221.992328	1787824945179108096	47.64275887544253	-122.1414927755516	118.42877255713381	-7.079942361441668	-0.019107992087352966	-3.7518357692176156
222.105370	1787824945293108224	47.64273281019777	-122.14152270450312	117.9089997936501	-7.2436015959966085	0.039554594152584555	-3.514440359238871
222.202739	1787824945392108288	47.6427393506755	-122.14152352746581	112.28016202942396	-7.144203143886088	0.025753854668208294	-3.368799811970664
222.297501	1787824945485108224	47.64270951718954	-122.14149206410299	121.93894302369758	-7.258299506303313	0.0604091616780436	-3.179898429716945
222.400236	1787824945587108096	47.64269668085603	-122.14147781665709	117.28033492481343	-7.295005355433049	-0.007008908893099172	-3.238764689447145
222.503723	1787824945692108032	47.64268472594894	-122.14150196603582	116.77751206848976	-7.413277311578311	-0.05165164425242558	-3.064578210036908
222.601666	1787824945791108096	47.64268939614854	-122.14150254491872	114.24249707022811	-7.461649672312765	-0.029991075513243384	-2.9771388868656947
222.706704	1787824945896108032	47.64264469350305	-122.1414734973367	118.70578199527553	-7.475774786900518	0.03803239165104211	-2.795483642142803
222.807037	1787824945995108096	47.642685443987226	-122.14154819747341	115.87478182646754	-7.54596253289315	0.009549392953603228	-2.7273514112422155
222.917342	1787824946106108160	47.64268503111211	-122.14150703460786	119.29616746770749	-7.438970098642961	0.020527072438152077	-2.6232535988211945
223.003340	1787824946190108416	47.64266182577908	-122.14151131573266	117.25176632916316	-7.627428375004255	0.047481981511269165	-2.4883989484576006
223.088286	1787824946277108224	47.64264795197858	-122.1415168177559	118.71856890124566	-7.595275718284079	0.027787642487796332	-2.3723770810877247
223.201099	1787824946388108288	47.642655491937695	-122.14154645271226	119.12815646051428	-7.774895411996354	-0.015454817616159336	-2.12127878885652
223.294380	1787824946481108224	47.642676148361254	-122.14147538963975	115.13091388832214	-7.655089572794783	-0.08241938133816083	-2.0551002131831164
223.406568	1787824946595108352	47.64265002939302	-122.1415209847165	113.52339599741575	-7.710557109967684	0.05504208559312566	-1.996052050532469
223.492517	1787824946682108160	47.642651076966196	-122.14157241345083	111.31951753161576	-7.868776754183458	0.06909142531437683	-1.8769253495528782
223.603655	1787824946793108224	47.642617677779604	-122.14153973878877	114.03588630332393	-7.863770037683032	-0.04169416985231137	-1.678241613321886
223.707436	1787824946895108096	47.64263444590381	-122.14155553410068	119.15923784619729	-7.881529148493995	-0.005051590209948498	-1.6557050855539805
223.809966	1787824946997108224	47.64262110594893	-122.14155638881437	115.32716790585926	-7.819052845296743	0.006445713137621133	-1.3886681777333822
223.900189	1787824947087108096	47.6426224606613	-122.14155805293872	115.56354946945844	-7.923092504906915	0.07434199953991026	-1.4312301768242364
224.002732	1787824947192108032	47.64260378051934	-122.14156694836392	122.42390911732264	-7.942441168158803	-0.0412449048377298	-1.2106250070307647
224.093053	1787824947282108416	47.64259276472808	-122.14155850342091	117.61929202817291	-7.921894397978417	0.03118325501992493	-1.1046763352821782
224.187352	1787824947375108352	47.64261067140339	-122.14158731595556	116.75457648720504	-7.816891390641235	-0.010747959016434248	-0.9907554729725501
224.305475	1787824947492108032	47.64259882829097	-122.14155586083672	115.03239144131622	-8.073550043706092	0.0147140610437736	-0.8950194269154119
224.403696	1787824947591108352	47.64259531425235	-122.14154087024674	114.94261476346045	-7.966714971642948	0.03172222971585989	-0.7583003377297286
224.500948	1787824947690108416	47.64258263268628	-122.1415688479723	116.69643752175747	-8.032269322621076	0.003105881419613145	-0.5589257886984321
224.597977	1787824947786108160	47.64257009448677	-122.1415670455851	116.97886218988124	-8.010220013773765	0.00374028164373212	-0.5664308339823492
224.693742	1787824947882108160	47.64256676311607	-122.14158002018263	113.6581160576423	-7.941156076819806	-0.016015326050996617	-0.3939097040754663
224.801618	1787824947990108160	47.64254306863616	-122.14158269495788	110.91532366443835	-8.034778768124117	-0.04269092329202644	-0.308260736792332
224.894259	1787824948083108096	47.64252187522192	-122.14156466745509	115.59929130108578	-8.08892453247411	0.11108192236459587	-0.09653079901783584
225.008303	1787824948197108224	47.642524819522656	-122.1415498734471	115.8555740092808	-7.957798977280801	-0.012439587511409694	-0.028127643252615627
225.116487	1787824948305108224	47.64250856784225	-122.14153044096196	118.66632953163229	-7.98440428790152	-0.031978549427037616	0.11609940859927606
225.192300	1787824948380108032	47.64252093983295	-122.14155122086905	116.89464420572685	-8.00784698438113	-0.05427379129708209	0.39731526470017364
225.297477	1787824948485108224	47.642506721789694	-122.14156356433875	116.91838109423922	-8.04001349458582	0.03355078513347042	0.4064591263791206
225.398454	1787824948587108096	47.64249070144449	-122.14156972006217	116.56836319459896	-7.996775881305181	-0.002908252242100445	0.5094811664134044
225.497234	1787824948686108160	47.642481671368785	-122.14155955482931	115.34543790541682	-7.943177347441469	-0.006831822349978094	0.6548601855592812
225.597437	1787824948785107968	47.6424828023183	-122.14155820586876	111.31101310944074	-8.02044633242488	-0.09503350093112332	0.6865982169835353
225.697557	1787824948887108096	47.64245374940221	-122.14156693411114	116.62086608664659	-7.8600105290247395	0.006324599849205564	0.9048089607990324
225.796682	1787824948986108416	47.642455293938866	-122.14157639716807	113.3325154805581	-7.97472594187667	-0.0411375955771989	0.926998876618705
225.896424	1787824949085108224	47.64248560385684	-122.14155346973051	116.92145615775797	-7.901050331698942	-0.05325641557760089	1.1041666008083173
225.988099	1787824949175108096	47.642448977974354	-122.14155045008162	120.21572082183415	-7.868258901541403	0.06809739491994997	1.2838900914613198
226.100738	1787824949289108224	47.642464163405315	-122.14154364292273	115.88526980696422	-7.762732464453631	-0.08038059158457056	1.3300080283618996
226.191818	1787824949379108096	47.64243629686383	-122.1415384251257	119.50825083395362	-7.8073576443490245	0.06466397523297555	1.3464913057840888
226.303681	1787824949493108224	47.64243552974319	-122.14152382089259	114.97367872125575	-7.835350364211426	-0.01196169085729996	1.5673473228623753
226.410258	1787824949598108416	47.642422587884546	-122.14153216537012	113.84262371467018	-7.777003233954992	0.042285557211544124	1.692108024765067
226.495964	1787824949685108224	47.6424456232498	-122.14151443961619	114.21072248521291	-7.761944679128627	-0.14923220718626293	1.786220070533583
226.592367	1787824949781108224	47.642424864402045	-122.14154061262695	114.85599087111395	-7.740954137541099	0.017151163656591747	1.9358779280079996
226.706611	1787824949895108096	47.642419995627186	-122.14155405449944	110.58477143181511	-7.692084323896871	0.04474194889141889	2.1625995200054793
226.800815	1787824949988108032	47.64240888803497	-122.1415552319647	117.58956101668271	-7.5747758303086625	-0.05864003899589735	2.2209265373847904
226.909537	1787824950099108096	47.64240451509729	-122.14153277753694	116.09288710822986	-7.6786530558054045	0.03586196958036037	2.3442120259326615
226.995856	1787824950183108096	47.64237069789104	-122.1415927681625	120.02615470750177	-7.615647682890679	0.006889207653145166	2.406626807697893
227.104083	1787824950291108096	47.64236646230212	-122.14151341828018	111.1493452094417	-7.451439342245078	0.018220350786873465	2.5646772056982674
227.197784	1787824950387108096	47.6423848106373	-122.1415366054465	120.09875647293245	-7.517726948761168	0.04924413209969137	2.7632481018234087
227.298565	1787824950486108416	47.642373948067984	-122.14152214176109	116.38763904342682	-7.484887424210552	0.0044203067766904565	2.7990729313665494
227.390433	1787824950579108352	47.64236892046972	-122.14151947742369	117.67811471981157	-7.367564646171162	-0.00779345002589847	2.8811616718883286
227.501005	1787824950690108416	47.64234226752956	-122.14149835197553	120.30539625618466	-7.34647301419426	0.07428737107353832	3.102924496222321
227.596907	1787824950786108160	47.64237544484367	-122.14153853650649	121.6648961777564	-7.322254011799773	-0.05505667755918018	3.2067044742172026
227.701334	1787824950888108288	47.64233568876694	-122.14152363335002	115.03194358663585	-7.2403896076529435	0.007131907044805793	3.2726341931938956
227.791160	1787824950978108160	47.64234776364267	-122.14148746219377	117.04961196887939	-7.109170047454459	0.006802625749869989	3.377653477707317
227.895651	1787824951083108096	47.64233129245882	-122.14148707966903	113.03625235816925	-7.228718152942738	0.027746314383202277	3.4056453418780888
227.999548	1787824951188108288	47.64232790178789	-122.141438029818	116.01556388589539	-7.057886950278802	-0.01861510638249486	3.609195586310198
228.095760	1787824951284108288	47.64231284086083	-122.14146331655884	115.60796983689495	-7.060676931365842	0.011862273345561631	3.8048887653811314
228.200358	1787824951389108224	47.64231077651515	-122.14148638624799	116.0388310666236	-7.026127867726545	-0.05785141184748498	3.882953546142614
228.294205	1787824951482108160	47.642293835912376	-122.14148394288159	115.95859420574735	-6.945489144816605	0.0578514477456779	3.94080554700579
228.390954	1787824951578108416	47.64228427029641	-122.14144990463656	123.38806930210279	-6.863141301242726	0.04538062058272028	4.021470553629421
228.499504	1787824951689108224	47.64228874869992	-122.14142583491324	114.14421628496486	-6.815869566070323	0.05103852625802886	4.170548790958686
228.608986	1787824951797108224	47.642302747350605	-122.14145271957119	114.5803017170539	-6.759725159892593	0.061692601216760116	4.277634382449494
228.704352	1787824951893108224	47.64228680434617	-122.14145714105204	116.72357652104239	-6.726613417071852	-0.03236141607910247	4.350281271640795
228.809777	1787824951998108160	47.64227837022762	-122.14143795990046	122.16445333568457	-6.675187082897717	-0.07360342342641714	4.525208007811149
228.892736	1787824952082108160	47.64226812503614	-122.14146347802105	112.61995827010134	-6.587073879264191	-0.011426741638340496	4.602635532261539
229.004201	1787824952193108224	47.64228370363875	-122.14143121216513	116.61220911545612	-6.490722664316068	0.06726494652615879	4.7767630187780865
229.098972	1787824952286108160	47.642267432710455	-122.14144073105322	114.98245663951906	-6.304980511794485	0.02918429976874304	4.808698808587088
229.195617	1787824952385108224	47.64223903286632	-122.14140674185845	118.71742541685234	-6.280211984590611	0.062310492325763606	4.904568628359956
229.302980	1787824952490108160	47.64224357954537	-122.14139678165992	114.06978476422304	-6.223774990421577	-0.10054440718903078	5.002347368671713
229.399269	1787824952586108160	47.64222258312899	-122.14138274390363	118.80106820843957	-6.22882786480553	-0.03281828018191846	5.154520491732985
229.491598	1787824952679108096	47.64225092084854	-122.14137386334667	119.79527420925449	-6.090855423097448	0.059754995267552305	5.186579024255525
229.597887	1787824952787108096	47.64222446409357	-122.1413697861346	116.03534843791398	-6.021285347425416	-0.10601871384479829	5.267320727505578
229.712049	1787824952901108224	47.64222476810781	-122.14138283340901	116.37786021056658	-5.904988342502137	-0.011177021625856213	5.328860844104008
229.795415	1787824952982108160	47.64222000858318	-122.14134706043855	119.18489367483045	-5.792802846540441	0.04229784548473621	5.4814399431033785
229.895059	1787824953084108032	47.642223921154326	-122.14135219527986	118.64522055792929	-5.784798077706788	-0.002851523125294202	5.642908720747156
230.000052	1787824953189108224	47.6422169569554	-122.14133850403752	123.43943203301303	-5.766572964849922	0.04300845943282053	5.644531670313292
230.102993	1787824953291108096	47.642217370400274	-122.1413264254974	111.92777267073657	-5.49859110896512	0.10441131021564194	5.769424305844146
230.202918	1787824953390108160	47.64221770132387	-122.14132953557693	116.57993782805113	-5.5147430064016865	0.04958201943648907	5.8277029188327
230.296477	1787824953483108352	47.64216839979247	-122.14131501082444	116.78232271188732	-5.35125382848653	0.007524253853741435	5.888500818075524
230.404289	1787824953591108352	47.64220852111596	-122.14136260444894	116.6090377643264	-5.365784452849989	-0.03401766514996111	6.017708286109354
230.505826	1787824953693108224	47.642174883303284	-122.1413512207875	122.40745788409032	-5.164124582330404	0.0056353713147433825	6.152909340692119
230.600534	1787824953789108224	47.642176762333314	-122.14129394403037	117.58429549590906	-5.1722884209313005	-0.02652680394909834	6.154913440041588
230.694754	1787824953882108160	47.64218286129139	-122.1412900793517	113.49086637028235	-5.0496953887327285	-0.08609045065906389	6.204475029798739
230.797202	1787824953984108288	47.64218185117639	-122.14130242428575	116.73389762152026	-4.912582931618864	-0.06956865583654863	6.30554473223609
230.901423	1787824954089108224	47.64216504572277	-122.14125922349537	116.25844005753679	-4.787051799034366	-0.007316347776339861	6.369847159343273
231.012373	1787824954200108288	47.642137886046754	-122.14129611079802	114.22842018713033	-4.707318237767573	0.009089304786474208	6.4949680282521856
231.097989	1787824954287108096	47.64218008477183	-122.14127837104003	115.38081087908994	-4.648235965274421	0.04021338437520771	6.455137956316176
231.201832	1787824954389108224	47.64216276318983	-122.1412498190188	115.00477835310843	-4.522120058357689	-0.0739087075134982	6.518424573634336
231.306165	1787824954494108160	47.642150684096784	-122.14123526158009	118.04056249908763	-4.402038143912881	-0.0489510899378377	6.700694187242633
231.404750	1787824954593108224	47.64217083015823	-122.14121494369607	114.2116232687491	-4.3230538609520615	0.013520033481340713	6.721086917061449
231.497994	1787824954686108160	47.64212118274533	-122.14124526989968	117.08135483786626	-4.307219626721546	-0.0376125953803598	6.886913222019675
231.600384	1787824954788108032	47.6421352064983	-122.14122763377331	119.50697102573362	-4.108273278913361	-0.024449465422752892	6.87221496340718
231.694841	1787824954884108288	47.64214676496453	-122.14122226253151	116.49077056003391	-3.9377790060021773	-0.0675410148441491	6.946851614573684
231.802562	1787824954992108032	47.64212759677885	-122.14121156007569	114.59306628936577	-3.7899687373154105	0.07562025744475698	6.995896313521939
231.904370	1787824955091108352	47.642122547591356	-122.14119486902433	116.94661573906649	-3.677588410849003	-0.06825247899700419	7.072492007465569
231.996657	1787824955184108288	47.64213347831228	-122.14122051816317	116.75871834262716	-3.5981352315208475	0.07645307899000713	7.129589872258637
232.100485	1787824955289108224	47.64212631438243	-122.14119503396911	119.04324210200154	-3.4558730166794147	0.029419910689838624	7.24140478068035
232.200749	1787824955388108288	47.642123072052954	-122.14122001142613	119.24894655612418	-3.392556968992679	-0.024761730106992244	7.229320288027377
232.302313	1787824955490108160	47.64210367848195	-122.14115875338156	118.51583739665227	-3.341039081794501	-0.06161382562280082	7.255015925412168
232.384785	1787824955574108160	47.64210585144358	-122.14114271633073	116.74642223606112	-3.1895016574746897	0.01976865641930342	7.366625660994266
232.495099	1787824955682108160	47.64209617639011	-122.14111813041967	117.86418039354122	-3.0289402566695554	0.05213599428020785	7.345762637899817
232.593712	1787824955781108224	47.64208416060145	-122.14114587503727	114.51209537777099	-3.0228657538424746	-0.05574733832612316	7.381016220147981
232.707659	1787824955895108096	47.6420976612566	-122.14109549241029	119.84884455762037	-2.7677293699146226	0.026923616739578788	7.528225746927669
232.806782	1787824955994108160	47.64210270416848	-122.14110462449293	114.97881707673902	-2.63072584397665	-0.07504265684554645	7.499587347712431
232.896234	1787824956084108032	47.64211186315335	-122.14112728040772	119.35824017799662	-2.461735983301528	0.00039283896441774175	7.5409505183175485
233.010550	1787824956198108160	47.64208825403068	-122.1411019233214	119.51358412343288	-2.4821806632826102	-0.016120500256608227	7.5779381424609085
233.099268	1787824956288108032	47.64207796467684	-122.14106907627333	117.47899730825746	-2.3967997538579104	0.08244815459203683	7.626261254754377
233.205007	1787824956393108224	47.64209957212773	-122.14106522912721	118.51363755657087	-2.2347568928383486	0.060128018839264545	7.668468390129234
233.302326	1787824956489108224	47.642099533092384	-122.14102386105537	116.54623116888726	-2.1872893471986257	0.024560636823859776	7.642003996961938
233.393159	1787824956582108160	47.642090709445114	-122.14104367481362	116.39312967677472	-1.9276779559450379	-0.021180706852807388	7.764009786598603
233.510981	1787824956699108096	47.64208951815177	-122.14102338773958	117.96000027674641	-2.0151185577374893	-0.053418295317321896	7.702618371275464
233.599366	1787824956786108160	47.642071285982325	-122.14104566702905	115.78932178341293	-1.7349372241417476	-0.08452656466776294	7.76694344265576
233.689287	1787824956876108288	47.6421029800005	-122.14099720645656	118.07715242504959	-1.6747879740984362	0.027456388479672036	7.861892830529824
233.805012	1787824956993108224	47.642080391256094	-122.14100567382769	116.33656085370133	-1.5035794740580524	-0.018648016406643247	7.862664386169414
233.889509	1787824957077108224	47.64207805066952	-122.14100637810655	118.41316858249286	-1.3447214281755586	-0.03720825238124389	7.838857489919671
233.992643	1787824957182108160	47.64209296899917	-122.14101911132775	115.24013133911116	-1.1362947733308673	-0.0023927692575177024	7.836564267750979
234.090472	1787824957278108160	47.6421060223895	-122.1409902275435	116.2958952055799	-1.1117431492384033	0.06625391780400866	7.9348902443606075
234.196132	1787824957383108096	47.64209485271327	-122.14096915817906	115.8854270900998	-1.0102668926947689	0.08168835556299578	7.977433556532699
234.302172	1787824957491108096	47.64208110135859	-122.14096167867963	114.4389665095201	-0.8654927498697331	0.0678109749287357	7.94975591951535
234.409522	1787824957599108096	47.642071834754205	-122.14096873470497	115.39076962090006	-0.8026427291129645	0.02352175329103057	7.951947663365195
234.501136	1787824957689108224	47.64206857186519	-122.14093394448032	117.02361794324102	-0.6489024151451627	-0.003514865403658634	8.031967296630633
234.589850	1787824957779108352	47.64207552041741	-122.14091643718275	114.84465801069712	-0.43649996804109986	-0.01780202929706391	8.014576235166468
234.695169	1787824957884108288	47.642107300679655	-122.14089684076573	116.19912157639823	-0.38433250894708587	-0.05242175178676224	7.983611867608806
234.787421	1787824957974108160	47.6420677977236	-122.14088093224274	116.59883972774979	-0.2577632662777492	0.05144374332794874	8.042734047415555
234.910170	1787824958097108224	47.64209494926767	-122.14088890911984	114.06535533968712	-0.0928624970049106	0.027578058490820446	7.957070544477233
235.005263	1787824958193108224	47.64210349486735	-122.1408692868593	113.7600890127903	0.044783618196847993	0.005417632680688879	7.995518311153643
235.103773	1787824958292108288	47.64206660282393	-122.14087496097054	117.0059298666055	0.050359424281572515	0.015435964423510487	8.023322799709726
235.195706	1787824958385108224	47.6420665940111	-122.1408577698503	118.59952902583537	0.2514175560461238	-0.054010930531664926	7.9442746085633
235.298721	1787824958487108352	47.64209809081085	-122.14084545724205	116.5676456431683	0.4867565919046003	0.12019556401480042	7.965360892353
235.402960	1787824958592108288	47.64209964347422	-122.14082606249436	119.27530537408961	0.5141148930444359	-0.032206041025518065	8.010253784282066
235.493296	1787824958682108160	47.64208148166007	-122.140855353909	117.77443519649532	0.6341146150095812	-0.027641754864879988	8.035230523811832
235.611975	1787824958799108352	47.64208118142414	-122.14081989715454	117.74354554378353	0.6823749714276316	0.0021738767413844945	7.977428451934619
235.699210	1787824958886108160	47.642070257182354	-122.14079807350011	118.16450157014386	0.8762471322763338	-0.08668920644405623	7.989634762223621
235.797157	1787824958985108224	47.64207918263192	-122.14081690245573	115.63901315388877	1.0451916032043522	-0.035305398302595596	7.965114072875437
235.902251	1787824959090108160	47.642079430044596	-122.14079727793873	113.02349261403802	1.174645606489348	0.06377497985300877	7.971701718829981
236.001754	1787824959189108224	47.64209050279397	-122.14080632888441	115.14360131986284	1.2098100597973684	-0.010385901168855651	7.924309119497924
236.111210	1787824959300108288	47.642064610072566	-122.14077582044135	115.89020455647339	1.376904001485125	0.05890337538684908	7.851500489312332
236.206606	1787824959396108032	47.64209723564895	-122.14077453152984	118.82515573068517	1.479968377985653	0.039215054794739815	7.8391259210918856
236.311092	1787824959498108160	47.64208508519896	-122.14072469531864	115.16435747493848	1.5634328000585185	0.06802756079052623	7.764107907351133
236.394063	1787824959582108160	47.642092937190505	-122.140740102579	117.1577177697275	1.793710021010751	0.05854991685329694	7.828307265641777
236.492152	1787824959681108224	47.64208812048213	-122.14075180996413	114.4125638332454	1.8136532340200886	-0.06456337267188908	7.763743104597547
236.595268	1787824959783108352	47.64208901598668	-122.14072153151558	117.34302962832595	1.9436571629511439	0.010264223387353603	7.719842233639423
236.699368	1787824959888108288	47.642087124131706	-122.14069600676766	112.86966322286693	2.155278713552802	-0.0041921728432844675	7.729082347385845
236.793273	1787824959981108224	47.64210908496533	-122.14066068163818	118.99494179839327	2.248329565303949	0.04913835587549089	7.661020452018124
236.901539	1787824960089108224	47.642100058692975	-122.14073888873128	118.20019242520019	2.305723109006692	0.0026585469787073204	7.6921305588850455
237.000798	1787824960188108288	47.64210919302239	-122.14069853639118	113.61680334642091	2.566958923288901	-0.05481741220316644	7.683655846793894
237.093962	1787824960281108224	47.64210317880072	-122.1406398861783	113.23564986223562	2.5768858313797414	-0.05934086777845347	7.588266428324222
237.197995	1787824960386108160	47.64211048415631	-122.14063823779965	123.95773709970449	2.679480056978257	-0.032529299522118846	7.4523227758650155
237.306593	1787824960494108160	47.642087735467406	-122.14060926809735	117.2007517585777	2.829141042131246	-0.05806821330313725	7.488036055184433
237.397039	1787824960584108032	47.642102811833794	-122.14059870490134	113.229520126019	2.877793182795732	-0.026000735090130095	7.462349777871682
237.490259	1787824960677108224	47.64210545140833	-122.14060783526311	117.19323553417979	3.0774187369480623	0.05885851757651043	7.452764590873064
237.597329	1787824960785107968	47.64208658973688	-122.14065266784446	117.46359507072361	3.141862582074517	0.0627005939658059	7.404931620201831
237.692520	1787824960881108224	47.64210806956412	-122.14058635536324	116.54749183124967	3.225219208586541	-0.018017741068871003	7.300392015376918
237.790904	1787824960980108288	47.64210575535273	-122.14056493274407	118.48116987446022	3.3209963398911984	-0.013456834451654838	7.217840359962137
237.913565	1787824961103108096	47.6421109699354	-122.1405619816533	119.43124960040134	3.61476255853665	0.03859862851946496	7.216247229858488
238.003977	1787824961193108224	47.64212991253434	-122.14059406619677	117.24152369587624	3.627533931841062	0.07477957462505433	7.144296811839679
238.088042	1787824961277108224	47.642111121236745	-122.14058070867867	114.7190503053387	3.814487280307327	-0.027323672511177573	7.114777358561373
238.202062	1787824961391108352	47.64215010565797	-122.14054210112555	120.76335938590258	3.7717119157307524	0.00206352255123123	6.9615657133430515
238.295910	1787824961484108288	47.64216030801585	-122.14053559613039	117.99876215783065	4.017541423486432	-0.024302390910249088	6.993515850777944
238.414787	1787824961604108032	47.642141004432396	-122.14050356200323	118.74221016066129	4.051393215469902	0.03616909706789483	6.92114678023864
238.505722	1787824961694108160	47.64215366746939	-122.14050377325435	118.32841599750626	4.192317969968239	-0.02137593392638558	6.872373451459158
238.596310	1787824961784108288	47.642133710647826	-122.14048983504928	117.21953344619419	4.177983480895861	0.024711340847761415	6.719926242507195
238.704479	1787824961892108288	47.64215073717541	-122.14048931727645	120.00119117479746	4.396641499239348	0.12212819729348755	6.687545756016484
238.794651	1787824961982108160	47.642130392684145	-122.14047787781045	116.18815805253281	4.506336376194727	-0.0018643042388952497	6.596427929026792
238.899768	1787824962087108096	47.64216105181605	-122.1404957280766	118.91589762250595	4.699823489053386	0.020834383446306518	6.520976284430439
239.003450	1787824962192108032	47.64214022038914	-122.14048617528135	117.79502274665829	4.732377143578188	0.07740808436646911	6.455102644098071
239.090025	1787824962279108352	47.64217323428585	-122.14049754802875	118.47398369821822	4.855407888266956	-0.04837715626859115	6.4207129949332264
239.193075	1787824962381108224	47.64217419886422	-122.14046711893967	118.9410460805583	4.941916286887702	0.005379963877552942	6.245509635624792
239.307091	1787824962495108096	47.64218604874719	-122.14047447920703	116.89757809183702	5.019655577071222	0.029722342462554126	6.263429859282745
239.399539	1787824962588108288	47.642159924289864	-122.1404227518275	116.31075235738598	5.185715284940389	0.0703161297483001	6.172775006095543
239.505004	1787824962693108224	47.64219592460043	-122.14044364503067	116.7431845411436	5.247997096343988	-0.06081284116831179	6.05475071580015
239.596099	1787824962783108352	47.6421815442529	-122.14045112836173	122.42470502681962	5.304874224368793	0.01434172185205801	5.897137767488999
239.702535	1787824962891108352	47.642205736615495	-122.1404235563539	117.10546435422572	5.42421624107128	0.11524800946946828	5.954513627753226
239.793909	1787824962981108224	47.642217771314755	-122.14037088530355	116.50635755904936	5.514142930004494	0.06855514386418696	5.837271065443757
239.901152	1787824963089108224	47.64221783790967	-122.14040759709275	115.16350220995905	5.553379455999794	-0.003147186294071504	5.805775512789482
240.004188	1787824963191108352	47.6421935902865	-122.14041067305443	121.06859213420618	5.634703596914076	0.017978578347494355	5.657863775847479
240.098365	1787824963287108096	47.64219979341644	-122.1403974593883	118.28005882016033	5.680829938512729	-0.05523408585665247	5.548232358583778
240.206343	1787824963395108096	47.64221583953893	-122.14038745083586	117.09204757159148	5.883327568075523	0.03422175263377585	5.4062387701495895
240.297403	1787824963485108224	47.64222074186236	-122.1403652582217	110.27300492039815	5.939522276285257	0.009728067038225159	5.421606810055096
240.399465	1787824963587108096	47.64223005106389	-122.14036895578631	116.10723861220617	5.978885870200279	0.0652937126963291	5.238322351611788
240.498048	1787824963686108160	47.64225767309902	-122.14037613812134	119.78574640253464	6.069208150440953	-0.020482588234404644	5.144683239621289
240.598089	1787824963785107968	47.642238416861815	-122.14035428832095	121.92928940958156	6.1915951298521055	-0.03458774077924814	5.158963143014398
240.702238	1787824963890108160	47.64225055579611	-122.14033673835846	117.23152490266182	6.102855356355148	0.0013765792733770104	5.017721816018748
240.809126	1787824963998108160	47.64225026873471	-122.14035381090852	115.9818987122377	6.265192244725023	-0.03996536178711799	4.891791142977908
240.904957	1787824964094108160	47.642262464313546	-122.14036617253203	117.68117570592312	6.497535805929154	-0.016749504272454342	4.756584853375085
241.009405	1787824964196108032	47.64227221167163	-122.14028161346289	122.3424496915719	6.429194610372265	-0.04873447255428639	4.723341960444301
241.105594	1787824964295108352	47.64226624437769	-122.14028438546586	118.17931260817049	6.515520198358681	0.0674704092875592	4.580736390357696
241.198722	1787824964388108288	47.6422827809045	-122.1403115168617	116.0167856628026	6.577330682739781	0.07908493129613968	4.553181904266894
241.293730	1787824964481108224	47.642282737424836	-122.14029473372875	117.52260377754808	6.654022808982648	-0.0009580547158333429	4.455540041140904
241.396115	1787824964583108096	47.64230152848675	-122.14029829554451	117.14064957862567	6.7322696013541385	-0.014583288720971763	4.316594608968468
241.496218	1787824964685108224	47.64229427380811	-122.14029657399134	117.50710340088017	6.853152527435199	0.04156201248156528	4.325149960604881
241.598900	1787824964787108096	47.64230428525736	-122.14030162169827	115.1626562644712	6.824549989276818	-0.07532803395314448	4.123067798301857
241.703448	1787824964892108288	47.64231511217051	-122.14027826275984	119.12633679937042	6.973986094762814	-0.021556260907378406	4.006225566937073
241.798438	1787824964985108224	47.64232387424642	-122.14026282988904	118.21994466336143	7.009266357911798	-0.06460030642503378	3.9668045076770553
241.911121	1787824965099108096	47.642318655183985	-122.14028495654505	116.37960220237949	6.933026420637368	-0.03014257689128265	3.813922235269956
241.995840	1787824965183108096	47.64232185664577	-122.1402774400309	117.77631971466785	7.043108634244423	0.07681953540835428	3.689185670640306
242.093464	1787824965282108416	47.64229468711794	-122.14023888520502	117.8041807645722	7.157292704399655	-0.08972369399158565	3.7131615245988665
242.191451	1787824965378108160	47.64233972915255	-122.14023990822312	117.99150535681717	7.116598519339845	0.13286466609168066	3.5096940951936153
242.313663	1787824965501108224	47.64234502090006	-122.14026799522841	122.38796537132448	7.159564628261972	-0.024461312180807864	3.4300934798894707
242.398151	1787824965585108224	47.64232504070969	-122.14024517492963	116.10395357756592	7.269291049500662	-0.013504511761441546	3.4075288026721635
242.505693	1787824965693108224	47.642377280275625	-122.14023156396571	117.99353736132664	7.256997589689767	-0.08300772723707504	3.3490817511162967
242.605818	1787824965795108352	47.64235440992708	-122.14026196535774	115.18896809096867	7.341536303058196	-0.07085093934496185	3.211893687309501
242.692389	1787824965879108096	47.64235017464294	-122.14023441670771	114.42766392090576	7.4173184984270275	-0.015245592744932169	3.193666559051622
242.803862	1787824965993108224	47.64239898119185	-122.1402637432977	113.16286751171545	7.407095335847334	-0.034508556767900815	2.9431015177452275
242.907459	1787824966095108352	47.642374594015486	-122.14022426700065	116.73509630168928	7.293980508068389	-0.0503679438251961	3.0179977543658194
243.000882	1787824966188108288	47.64240147838884	-122.1402221784683	119.95019123749849	7.377295487961316	0.01580120342906034	2.908822256527788
243.099379	1787824966287108096	47.64239566826437	-122.1402251142056	119.00824190428752	7.487762348650454	-0.05174393420590098	2.839470677295209
243.191347	1787824966380108032	47.64242072146392	-122.14023256957651	114.87708700880728	7.440571384256859	0.06779924421083615	2.755407226951975
243.294243	1787824966482108160	47.64242384268275	-122.14019844942034	119.58647451153219	7.6228250004270155	0.013588139783611406	2.6946758741841568
243.394392	1787824966581107968	47.642412456797246	-122.1401897304027	117.01547648179438	7.571938741461884	0.008205019471715267	2.575146100436998
243.494587	1787824966683108096	47.64241167278914	-122.14023518353721	115.9420644708381	7.558447464802399	-0.013833943019095072	2.5286518055110827
243.591418	1787824966779108352	47.642425914917055	-122.1401961178496	122.06359180571913	7.614092217798873	-0.04466643619629804	2.46062287491111
243.696017	1787824966884108288	47.642468173212755	-122.14019707777433	120.48968177240819	7.595100026760861	0.05921104782788701	2.427572124335831
243.807332	1787824966995108096	47.64244211835326	-122.14021456594064	113.53636142153749	7.702897359515458	-0.011759492561318577	2.3549788543005454
243.897915	1787824967085108224	47.64246081786803	-122.1402153962569	116.851171455309	7.718681320187463	0.03534045675442842	2.3860172344944894
244.004018	1787824967193108224	47.642439596463745	-122.1402438075389	117.8410279666231	7.682154735774349	0.02217561863604701	2.1953424661076477
244.096508	1787824967286108160	47.642477640413226	-122.14014892449889	115.61685250263866	7.629616036680143	-0.04967816847287684	2.3001028044966683
244.193043	1787824967382108160	47.64246807529364	-122.14019636559821	121.46123126581821	7.765760781271178	0.047961819461070386	2.1731886479315428
244.310708	1787824967499108352	47.642456530046935	-122.1401965581031	114.59216023103228	7.650050392283696	0.021548921107264175	2.1126405520316323
244.396819	1787824967586108160	47.64249337331676	-122.14017634364714	110.78443854892473	7.719034527998339	0.04368199943026987	2.1857782402472026
244.491125	1787824967679108096	47.64250649832901	-122.14016188574706	117.7612981554196	7.6642147804715846	-0.0601883473718037	2.0416654854752188
244.589724	1787824967778108160	47.64248482547029	-122.14015869206801	116.497873086712	7.655379613843264	0.07969344003921124	2.1409598083215338
244.694133	1787824967883108096	47.64249503620195	-122.14019415786272	113.12190975652736	7.790224424642554	0.010724996752603896	2.0267548498685573
244.814742	1787824968003108352	47.6425118931309	-122.14018794665293	115.19035535527078	7.848865442432705	-0.004377584352164927	2.028559066131674
244.902453	1787824968090108160	47.64252403895522	-122.14020720272931	113.89561752525489	7.707745584403588	0.08465512614522706	2.038984133075592
244.998773	1787824968186108160	47.64251301264721	-122.14016615118484	117.10991643551674	7.7436011398637925	-0.009929727505977962	2.098253511532538
245.092784	1787824968282108416	47.642539531043774	-122.14013641048021	120.94859016733061	7.559608086405852	0.008178741271787592	2.0441212590788806
245.197261	1787824968384108288	47.64255552812406	-122.14015125111395	117.36106414730239	7.7738470757210205	0.039912564756238576	2.0937074883574773
245.306400	1787824968495108096	47.64257398521858	-122.14013263564556	114.88699367822223	7.77393524837239	-0.03349377257169384	2.0339546793271315
245.403582	1787824968591108352	47.642533606982234	-122.14015380865891	113.98551303173983	7.732808477228915	-0.027693354763814328	2.0751196304818467
245.501875	1787824968690108416	47.64255411403572	-122.14014761348814	115.70391615538381	7.691757469112496	0.013990768677185843	2.1162100843908456
245.597240	1787824968786108160	47.64259618149328	-122.14013065928012	123.99538959437481	7.741751164154084	0.007029768787190136	2.127688760718143
245.701793	1787824968891108352	47.642564982444355	-122.14013701969861	118.18383736849006	7.630613476010673	-0.05710089688115821	2.207424302448395
245.802636	1787824968990108160	47.6425976490281	-122.14014196777438	120.97946618160289	7.692924936725368	0.004925622010602741	2.1538806626080893
245.901135	1787824969089108224	47.64258085688728	-122.14015115756106	117.9849364090038	7.720215063995833	0.06299284936644578	2.234176767309526
246.001115	1787824969188108288	47.642602679430034	-122.14012376260537	117.23181479174539	7.637416611994616	-0.051530026335664086	2.360606647604275
246.103991	1787824969293108224	47.64260175799054	-122.14012603662208	116.71803232432039	7.6479598837661795	0.03511391545243428	2.3888240944990544
246.202335	1787824969389108224	47.642607346223244	-122.14011441963567	113.98065610493171	7.570956546262051	-0.07566878902603164	2.341284032213556
246.303092	1787824969491108096	47.64262366665275	-122.14011163589386	115.1814841476602	7.621223419442636	0.045516303820844074	2.355068328181585
246.400268	1787824969587108096	47.642632209081775	-122.14013824378463	114.31264086855666	7.517395425445701	-0.05614579377553008	2.5312748642028406
246.495336	1787824969683108096	47.642635285812936	-122.14012553553124	113.68596335060798	7.606554911193315	-0.03219604459779557	2.5487333021451533
246.599436	1787824969788108032	47.642641082441905	-122.1401044539614	118.79608775142445	7.669986207690782	0.04277569757021915	2.642758347202328
246.703288	1787824969890108160	47.64265195668006	-122.14004906399373	121.73124097309638	7.517197524817424	0.05721367579639924	2.634679475702114
246.795588	1787824969983108352	47.64265559804977	-122.14014175845851	114.98986043919705	7.433626899887933	-0.12026587396750339	2.765841509186409
246.904962	1787824970094108160	47.64268388216539	-122.14010635350003	113.95428694008405	7.501465154904945	-0.005119407825597455	2.801725234204643
246.994644	1787824970184108288	47.64265492211642	-122.14010592063333	116.21317211050788	7.554596596932754	-0.06101239368910571	2.906504045268683
247.100048	1787824970289108224	47.64267803524553	-122.14008779422517	119.23152745669859	7.423762753408784	-0.0672418440507309	2.8834922160848704
247.199542	1787824970388108288	47.64270992737253	-122.14007921146695	115.5713049291834	7.482134982324337	-0.06160939351386277	3.1083235961610076
247.314078	1787824970502108160	47.64269162335412	-122.14013389597595	114.29623956410984	7.368975727316668	-0.019869079858048824	3.2687037619474344
247.401231	1787824970589108224	47.64269675138407	-122.14009105356354	117.34556450044525	7.258824208695515	-0.031854592657180165	3.2337674903699827
247.492710	1787824970682108160	47.64270736657619	-122.14005772695744	116.20361084070024	7.370665170659612	0.033608989978952966	3.274562350909782
247.604921	1787824970793108224	47.64271657272451	-122.14010985371571	119.14997341742695	7.258518988062854	0.05923274285465546	3.3248102953100402
247.685549	1787824970874108416	47.64271411689361	-122.14008267371321	119.90795730820126	7.1133874877732115	-0.10551475226160206	3.4629358869939417
247.812268	1787824971000108288	47.6427372753333	-122.14007184751335	119.79108590858034	7.087619298964714	0.11158186941945425	3.545897693955999
247.895102	1787824971084108032	47.642730018771566	-122.14006338683201	114.60542162153595	7.03166574604106	0.003650947845760218	3.5711805276409088
248.004048	1787824971192108032	47.64273274184411	-122.14008628093615	112.09800614920123	7.039784189728564	0.0074901643154450265	3.670664342051527
248.107128	1787824971294108160	47.64273728958005	-122.14004095054533	115.36163953883127	7.000674272635245	0.014906465041520645	3.8844400211163386
248.197539	1787824971387108096	47.64271580442018	-122.14004626188358	118.0758293563199	6.893668358674823	0.060052245122177474	4.078455061693768
248.291851	1787824971480108288	47.64276867458865	-122.14004649813396	117.3904852370346	6.891281823185206	0.09136363252223687	4.002947228839277
248.396328	1787824971585108224	47.642747955511005	-122.1400036677956	119.20508038264374	6.8798398761629596	-0.01366386347476356	4.080348202936474
248.496194	1787824971684108288	47.64278648338262	-122.140032645357	123.61588608157055	6.769628760004857	-0.06824900932637569	4.307263549318616
248.605719	1787824971795108352	47.642788471632784	-122.13998732634413	118.8797268690171	6.733876386709711	0.029278812111172905	4.321620745917547
248.695267	1787824971882108160	47.642760286930574	-122.14003917926004	115.42458353418056	6.727971958202236	0.01769633466286957	4.389177152287457
248.800621	1787824971990108160	47.64276165407171	-122.14001023709432	115.6281578983969	6.507385816283616	-0.04646199202840396	4.440011439311818
248.899426	1787824972086108160	47.6428038790414	-122.14002227513956	119.34098495941926	6.5145233600986305	-0.04247495731264065	4.660700931372416
249.004101	1787824972191108352	47.642776955597306	-122.14000379234552	111.72483110124173	6.5389309169958745	-0.026098916980600646	4.671490653780363
249.098151	1787824972287108096	47.64283254903303	-122.14001508358879	117.10956128298398	6.447729535604024	-0.034533909211810716	4.833819372641138
249.203924	1787824972392108288	47.64282379111291	-122.14001465422767	115.0478028821093	6.278896582708722	-0.03396625031975122	4.933702096947079
249.301077	1787824972488108032	47.64281717399463	-122.1399976219189	114.97591149230212	6.19341008705417	0.06359585292484186	4.9513322696527124
249.399555	1787824972587108096	47.64283526416019	-122.13999013059676	113.98891192886497	6.16999192555575	0.026081020819255882	5.088892001498115
249.502565	1787824972692108032	47.64283097126625	-122.13998867160169	117.08201244781162	6.103279082849107	-0.010202515108163612	5.203493165873432
249.587690	1787824972776108288	47.64283465593496	-122.13997863553884	116.70415550912415	5.9056671122691915	0.0013936501181503868	5.271111953460199
249.704192	1787824972893108224	47.642802439974496	-122.13995609717566	114.1646722529232	5.87669884316119	-0.01278603892056936	5.407968679641126
249.798804	1787824972986108416	47.64283008415047	-122.13995128234791	115.06857925532486	5.91526015915038	-0.10091016747843369	5.515422499611752
249.887246	1787824973076108288	47.64282810008479	-122.13995270893258	116.54220465679072	5.787443198843211	0.016588487302641456	5.547249715078008
250.006573	1787824973196108032	47.642844311373935	-122.13993507450262	120.55764016675181	5.612771692993171	0.01447140064012768	5.639173845820976
250.090322	1787824973277108224	47.64284882271078	-122.1399227597659	117.04779650037361	5.501277619368891	0.0037056269926651225	5.7962480900726305
250.193443	1787824973382108160	47.64284297760289	-122.13992420000973	113.57079313155266	5.491674222178081	0.010399543770221247	5.8053382758508
250.301112	1787824973490108160	47.64288853498817	-122.1399256360975	115.96711295329663	5.291245779311179	0.019796304343517618	5.886143966240402
250.413825	1787824973601108224	47.64286377232793	-122.1399066218909	117.29606236387244	5.249791215673658	0.06323452513725145	6.009095826454473
250.501121	1787824973688108288	47.6428774108102	-122.13989959425271	112.88077969405401	5.182972957035722	-0.04654309598327881	6.071943552848458
250.597965	1787824973787108096	47.64287774383206	-122.13987869742405	118.8672347790781	5.041451262528993	0.07468591855205466	6.0700428645175535
250.695135	1787824973883108096	47.642889205014825	-122.1398701353578	114.62236901592537	4.989811646281106	-0.009265020134115017	6.233385939010719
250.801895	1787824973991108096	47.64289057557383	-122.13985432515331	117.11198675052394	4.946575132383785	-0.03300326655811427	6.2018826597343715
250.899178	1787824974087108096	47.64286121500732	-122.13984660185464	118.2858100830801	4.736385937517234	-0.008404005180105898	6.3304587361022495
250.988723	1787824974177108224	47.64289611563742	-122.13987537393183	115.36119950632924	4.714350738853133	-0.009204651303873882	6.397340780150093
251.104900	1787824974294108160	47.64289193102152	-122.13982935065977	113.14787697158796	4.640533521944532	-0.0028886931938025134	6.522526896511801
251.196783	1787824974384108288	47.64289831493011	-122.13984654563099	113.47659586615805	4.528918914706479	0.054921152943971756	6.662255982942085
251.311531	1787824974501108224	47.64290329441435	-122.1398139342134	117.49746367575476	4.314952474680224	0.03581693196599167	6.731259010066899
251.386988	1787824974576108288	47.64291525473429	-122.13982295568006	119.9486367010917	4.226278358711706	0.022721957884330266	6.807534375112682
251.495594	1787824974684108288	47.642904725952675	-122.13983000265243	120.59304101868926	4.130565710654313	-0.02577123241698734	6.743384039256183
251.612065	1787824974801108224	47.64289401192159	-122.13978807743736	115.63519380975049	4.033265674524619	-0.03701626489404749	6.828392221214277
251.690937	1787824974879108096	47.64292319636534	-122.13981068588227	119.60980969310353	3.8568077385165793	0.08186919869410486	6.988436132050373
251.803249	1787824974990108160	47.64289974826634	-122.1397848441873	114.60861426384955	3.9201592169673436	0.0015603301940962946	7.053394925020223
251.900321	1787824975089108224	47.64294469127771	-122.13978666157627	118.5559938993956	3.7339537623944756	-0.07201390195001227	7.161417576049341
251.990907	1787824975179108096	47.642947309736584	-122.13978540365086	114.6538773630665	3.6528230532757657	-0.053345392738887325	7.175831685375938
252.090105	1787824975278108160	47.64295539698547	-122.13971676718992	117.37663245663818	3.587443186918924	-0.0317068821944082	7.1812221188735625
252.200518	1787824975389108224	47.64292983441709	-122.13975000244179	112.45971804470042	3.368906068494797	-0.010201655648236935	7.247771546953695
252.295706	1787824975485108224	47.64294017979001	-122.13972202815442	120.29456895668712	3.375784444365988	0.03340012745877486	7.224357080273553
252.395557	1787824975584108032	47.64293475357072	-122.13970994688543	113.42288007803594	3.25138557113307	-0.030089471280021388	7.406562015505788
252.490551	1787824975680108288	47.642938675375106	-122.13971975875607	117.84526282958822	3.179406772354182	0.04994885331476668	7.361091644014084
252.594464	1787824975782108416	47.642951548101806	-122.13971669317536	118.47148333110178	2.966045968873551	0.015413085104878127	7.421069114482198
252.700742	1787824975890108160	47.64293823079446	-122.1397269834316	117.11228183723685	2.8495976577575597	0.05592746358971781	7.441348084764285
252.805575	1787824975995108096	47.642963997933414	-122.13968626883953	119.46023695542432	2.6645993705811013	-0.03602197468313325	7.527702035640398
252.901139	1787824976088108288	47.642961368034115	-122.1396603227003	117.68515881209942	2.604955585693715	-0.004184134006737608	7.587372180374338
253.003637	1787824976193108224	47.6429630094313	-122.13966244893527	117.53630998663202	2.4481948956775517	-0.0783880574987984	7.631952634308373
253.105400	1787824976292108288	47.64296975688618	-122.13966734743437	118.95821204746251	2.270880023820155	0.05847829484880888	7.668492195190893
253.196692	1787824976385108224	47.642966064964405	-122.13961135668984	116.04836545598005	2.1705339228622593	0.07174643008660307	7.6963567518641165
253.304713	1787824976493108224	47.64296149596574	-122.13959591708911	118.65780846571418	2.149783378609805	0.03127635926244323	7.748279511001774
253.397922	1787824976586108160	47.642965419413414	-122.13963129738654	115.90680557149062	1.955169925454795	-0.003478978470111422	7.678926252899199
253.506668	1787824976694108160	47.64294703603243	-122.13961967208269	118.06507054469888	1.9268297393204692	0.055722708204879345	7.744337096067403
253.596463	1787824976784108288	47.64297899755696	-122.13957895902898	115.71237065588515	1.7241755563016599	-0.08997311908808558	7.79148553206143
253.701528	1787824976889108224	47.642966026125634	-122.13961816745697	117.32228393062358	1.5615936947385716	-0.03626124957421112	7.828467074799441
253.799987	1787824976988108032	47.64296738965885	-122.13956766015113	115.66874160507756	1.6040791311967937	-0.044374751208525444	7.907545418768611
253.904451	1787824977093108224	47.642962747398805	-122.13955875437499	122.52597403306495	1.3001255536872234	0.02796487356284119	7.876840587881229
254.009280	1787824977198108160	47.64297204427481	-122.13955929826776	121.28332126529402	1.1852924684216593	0.044756905621587934	7.849470600717694
254.098442	1787824977285107968	47.642986116848654	-122.13954263894286	116.40640540073191	1.2122147043667277	-0.03083057687603082	7.882738996480333
254.202155	1787824977390108160	47.64296394284024	-122.13949691479623	114.56589496925996	0.9643940394803958	-0.06312831618950937	8.048327773938295
254.309043	1787824977498108160	47.642977898026395	-122.13951694365798	115.12370483573763	0.8985307861011025	0.06312082673725143	7.954450572733914
254.403186	1787824977591108352	47.64298822766487	-122.13955177912047	117.96366744681717	0.7717356551566928	0.02960072921207881	7.904188406880188
254.499850	1787824977687108352	47.64301934622515	-122.13949433427462	116.08946904576027	0.6477439253931292	-0.09403378625338053	7.938496742016067
254.609017	1787824977798108160	47.64295900510008	-122.13949126304934	115.9195976014348	0.5533278563888774	0.07510061290568991	8.07109394554706
254.703559	1787824977891108352	47.64298652915414	-122.13943983689649	120.93155948789136	0.38809667019656074	0.0058168954752285985	7.949098227609347
254.799918	1787824977987108352	47.64297790832989	-122.139455536823	118.56026318284157	0.3435990438312858	-0.08861020796115082	7.965581331887564
254.899141	1787824978086108160	47.642977095563324	-122.13944730627361	112.6776186258326	0.09381109754090705	0.049653614153235055	8.035541546356715
255.003959	1787824978191108352	47.6429695616282	-122.13945467086047	114.6491330944464	0.06510991528174367	-0.0029398959293953056	7.974070717188757
255.105265	1787824978293108224	47.64299775635393	-122.13945073472082	118.69238784101572	-0.15229657309317418	-0.09565676278693101	8.006282085940155
255.203488	1787824978392108288	47.6429767242097	-122.13940798807795	116.12528585257004	-0.25037832196104504	0.0711181412275532	7.968103408359988
255.288243	1787824978476108288	47.64300141544945	-122.13941154766434	116.11160934497147	-0.36548047152299173	-0.0004515617383410492	8.011262996864394
255.401933	1787824978590108160	47.64297221936671	-122.13939049560028	117.90341194178984	-0.5221743930243437	-0.0847919560380892	7.989244727560444
255.497592	1787824978686108160	47.64298771030708	-122.13941132091664	118.22546954439503	-0.5823346236367779	-0.03255319309077081	8.0420494768527
255.596757	1787824978785107968	47.64297642597532	-122.13939711709878	119.20075622800613	-0.7986504674303223	0.011903929576870073	8.021781804489352
255.704708	1787824978893108224	47.64296463651252	-122.13940361350863	118.86720530527252	-0.9000434412816853	-0.0320703014993092	7.983115310008392
255.808542	1787824978998108160	47.64299570777747	-122.13935860120093	116.31454332229407	-1.0362788340759712	-0.014251728585807286	7.89455954446211
255.901514	1787824979091108352	47.64299194318625	-122.13935695543657	114.91775649370209	-1.1392580556371157	-0.002898304882095412	7.915717259347604
255.991634	1787824979181108224	47.64297965259059	-122.13936191136501	117.81719273771668	-1.26654839495991	0.053674306322071645	7.82298845353026
256.099492	1787824979286108160	47.64294272652736	-122.13932287971458	117.70573225189406	-1.2796107554551803	-0.0009054888385122796	7.973797559601018
256.214810	1787824979403108096	47.64297943300013	-122.13934787524462	116.17651613345801	-1.4656962919031784	0.10798290350135663	7.810552143356455
256.301382	1787824979490108160	47.64296880063096	-122.13931522342806	115.88537808490543	-1.5906943956505	0.04283444734469899	7.7697120004155975
256.404183	1787824979592108288	47.64295830677024	-122.1393110327741	117.22030380563032	-1.7722096373950433	0.03218798979202738	7.804553056477548
256.501168	1787824979688108288	47.64296649098165	-122.13927861414733	119.53882943500416	-1.9352334126364144	-0.055934788805979296	7.745514382959869
256.604893	1787824979793108224	47.6429509445694	-122.1392707671719	117.56268151115296	-2.0017152429646807	0.018277572505949215	7.723256198227128
256.700689	1787824979889108224	47.64296196703713	-122.13927122105375	117.16662071856459	-2.1497075251480604	0.008620010550623374	7.708665633176635
256.803445	1787824979991108096	47.642969959118695	-122.13926495367667	119.83346453808872	-2.1935011026428457	0.06361267191548138	7.661520858565744
256.906680	1787824980096108288	47.64296312271231	-122.13923991085218	118.02543472859932	-2.3636067748761653	-0.0016243308020667297	7.631367817794405
257.003176	1787824980192108032	47.64294532910663	-122.13922594944232	116.52844409158125	-2.4659682401322107	0.03962990180161255	7.558034512960394
257.101590	1787824980291108096	47.64296078133575	-122.13922869041551	116.31564305290898	-2.6178673437164375	0.005648212711369966	7.577176105425937
257.207686	1787824980396108032	47.64295092867708	-122.13923885039596	116.85846036642675	-2.7694050458309345	0.0008379014079548281	7.566023366562006
257.306082	1787824980495108096	47.64296005702564	-122.139198620687	119.84941321243964	-2.8053497221429025	-0.06780073869889484	7.550863505799456
257.403607	1787824980591108352	47.64294894747119	-122.13919729926118	115.00840916252947	-2.9103753853468164	0.002955365182294744	7.440051808068222
257.503145	1787824980690108416	47.642960380367064	-122.13919252380084	120.6400931620419	-3.074572376471543	0.04425818237888508	7.386204095962438
257.604302	1787824980792108288	47.64293493013565	-122.13917204163951	120.90223407412907	-3.2107725927934685	0.004033505213063386	7.289145740798292
257.692491	1787824980879108096	47.64293923398254	-122.1391939648907	115.06781584685234	-3.29913015013858	-0.02688106039722024	7.294409098244601
257.797212	1787824980984108288	47.64293635700104	-122.13914417451456	114.37830584014378	-3.464152332725824	0.04929813029724817	7.202185843904434
257.904392	1787824981092108288	47.64294573692881	-122.1391149958162	115.09137775020031	-3.556288804562619	0.09634528432913114	7.144396384336624
258.002165	1787824981191108352	47.64293183817018	-122.13916533350515	115.47861825488089	-3.6894234513156143	0.051532465718838655	7.131507368343641
258.095136	1787824981284108288	47.642929448653575	-122.13913365854233	115.20056868052086	-3.7907688829226283	-0.01713396254012233	7.180726220545994
258.207827	1787824981395108096	47.642910395317884	-122.13913805978052	113.34610422681223	-3.9537968966059474	0.02055923232841031	6.9685642957025955
258.300351	1787824981488108032	47.642926355921055	-122.13912326836879	116.31839514239188	-3.8686963024257577	-0.04527692110389264	6.941486399615231
258.412664	1787824981602108160	47.64289742753573	-122.13912756652579	120.75967265185007	-4.119392812838458	-0.004202153432979341	6.887616795998914
258.494384	1787824981683108096	47.64293127245282	-122.13908364455045	120.81265046240749	-4.163733410800761	0.10848022989710274	6.847379615677341
258.604147	1787824981791108096	47.642929193453135	-122.13907219346717	112.60630630955995	-4.392798351187426	0.08360474319621153	6.722405258986062
258.698532	1787824981887108096	47.642902812350634	-122.13907231748888	113.86506394653594	-4.3480002933253665	0.04357853958824731	6.725737731936058
258.797698	1787824981986108416	47.64286272988165	-122.13907745580893	116.40256870563854	-4.52906196233242	0.008223425204869201	6.671576381208326
258.891455	1787824982079108352	47.642888157837945	-122.13908225664058	117.9158320799493	-4.590195293223583	-0.036100727251868525	6.517332334730778
258.996339	1787824982184108288	47.64290335597176	-122.13902073221305	121.1608634261948	-4.701687490072907	0.007215663182934999	6.4849968971477026
259.105692	1787824982295108352	47.64288115567122	-122.13903343960179	118.55779484502463	-4.874043168850249	-0.0074966859455063975	6.388012856928031
259.205944	1787824982394108416	47.642893787927676	-122.13901026270034	118.31211938725053	-4.970879484544295	0.024915692372607542	6.354681761375087
259.290040	1787824982478108160	47.64289318523067	-122.13902448142015	115.65129179985553	-5.046744685142478	-0.03458110152680742	6.226256838286706
259.396237	1787824982583108096	47.642871444136176	-122.13900850210308	115.67416678155186	-5.118803814927328	0.046476691335731686	6.146060130127748
259.499273	1787824982688108288	47.642872229545326	-122.13903359867693	119.1928796402202	-5.180757380042086	0.004474608406457507	6.021259813541993
259.585208	1787824982772108288	47.64284825577883	-122.13902257775283	117.22489488884217	-5.29745309736376	-0.06755154148885213	5.991010589246827
259.700819	1787824982889108224	47.642851943473275	-122.13895084158078	116.82703697059239	-5.323615690518364	0.0838453131130356	5.941305876750314
259.794383	1787824982982108160	47.642850918598235	-122.13900313251767	118.19552503719581	-5.605459807167988	0.07369090248727032	5.780037098570739
259.908508	1787824983096108288	47.64284490411382	-122.13899404682522	115.4392817307697	-5.635767241997234	-0.020553142878742443	5.695047041696904
259.996376	1787824983183108096	47.64284463248514	-122.13897701000522	117.61469561205617	-5.7329754852832355	0.05793860170583033	5.704936598246642
260.102073	1787824983291108096	47.6428556240958	-122.13899374059464	116.66186923439332	-5.717570374941486	-0.0972561591199454	5.591266476690596
260.197641	1787824983387108096	47.642840522237215	-122.13897332601904	115.99179441430573	-5.8205345463251605	0.014115070497516159	5.491373319536146
260.304234	1787824983492108032	47.64284019295356	-122.13892411446344	118.52772009119244	-5.922750755715027	0.09184055759280288	5.35436185121548
260.399835	1787824983588108288	47.64281324633769	-122.1389411376216	116.56590431871946	-6.002032716969321	-0.13968263968636208	5.281158251768282
260.497507	1787824983687108352	47.642833632003345	-122.1389201192192	115.76063435153202	-6.100257382243399	0.03589796641652323	5.211326933462648
260.609970	1787824983798108160	47.64283978862871	-122.1389041343924	114.33367900546713	-6.1602978534462824	-0.04029478984893069	5.041002417006435
260.689910	1787824983879108096	47.64282019560598	-122.13890919310447	117.99741646728565	-6.249118008706194	-0.04313759142396622	5.011519926930307
260.799197	1787824983987108352	47.64280867191008	-122.13891953116796	117.37800457394518	-6.254460763606932	0.024679015721665858	4.908218634145669
260.896839	1787824984086108160	47.64279690549483	-122.13891757784387	117.05088943903111	-6.400715139873558	0.05767853608160352	4.826557833592836
261.003170	1787824984191108352	47.642762623616086	-122.13889096069786	122.56780604972275	-6.461633021644687	-0.04553763328831071	4.683885253540419
261.086975	1787824984275108096	47.64276406842721	-122.13887745539147	118.4704303084125	-6.468431069101934	0.056546676971664	4.619921942337946
261.205744	1787824984395108096	47.64279777983925	-122.13890895131456	117.86273192794656	-6.616857194636766	-0.08721510433330887	4.455297521886453
261.296800	1787824984485108224	47.642778864209866	-122.13890321531788	119.49493399762935	-6.692242260989582	0.031646555666191324	4.399881002292548
261.401453	1787824984590108160	47.6427687876022	-122.13888158000154	116.26422981735935	-6.80690736224283	-0.04473245742016292	4.309032523035271
261.489155	1787824984677108224	47.642774862477594	-122.13884688708833	118.96475749927191	-6.845961401327607	-0.06144168720178439	4.077833761502243
261.593102	1787824984782108416	47.642753671010155	-122.13886933935831	118.46418401795512	-6.915309234700175	-0.05933440816910462	4.06725539955333
261.700599	1787824984890108160	47.64275099013612	-122.13888609502416	116.58598111054599	-6.930295668429528	-0.06851898022722855	3.9833567525441285
261.796845	1787824984986108416	47.64273736186226	-122.13888141479447	118.60429543502	-7.094988654374996	0.02834890243623603	3.8694638799730705
261.891576	1787824985079108352	47.642758010149656	-122.1388407484103	115.19388588865864	-7.01944759810685	-0.03560501585597573	3.7598563171285417
262.005996	1787824985193108224	47.642753269047375	-122.13882311421744	117.17761178869668	-7.179748620137033	0.08541893691602401	3.591951497022274
262.107712	1787824985295108352	47.64274204423931	-122.13882430976355	114.39714597575495	-7.255288444197412	0.08038059097101413	3.47207415055791
262.202555	1787824985391108352	47.64273337217966	-122.13887664045913	115.69891327886504	-7.2088817537462315	0.1054385231030378	3.37221530688313
262.301461	1787824985490108160	47.64272712474914	-122.13884627489237	118.24324239609687	-7.35298209593371	0.033973675868511403	3.2374621344445433
262.390966	1787824985580108288	47.6427138063005	-122.13879779866963	117.18049771459897	-7.387276658862751	0.025082004609694387	3.2579613716043974
262.496267	1787824985685108224	47.642691368972905	-122.13885301398544	115.81736702047623	-7.317253960214917	0.005954286195215777	3.047247477136638
262.595923	1787824985784108288	47.642692647085134	-122.13884725958401	118.14037197388264	-7.431312398513625	-0.054722631054370724	2.9303847915699106
262.702320	1787824985889108224	47.64268360671754	-122.13881403270699	117.41377230385622	-7.553561249257737	-0.05570724669673782	2.8251896745741343
262.794114	1787824985982108160	47.64269016033082	-122.13885364258948	113.8854785599292	-7.574459046973915	-0.14589783369527573	2.6642205651107376
262.896772	1787824986084108032	47.642662990513756	-122.13878789659408	116.92377127491893	-7.585021411975908	0.05151405789314674	2.61147457509937
262.992609	1787824986180108288	47.64265191203393	-122.13880318525818	118.51899816962832	-7.588014476952582	0.07363968007144124	2.4837348926890055
263.084064	1787824986273108224	47.64266167474743	-122.1388251090043	116.67497612002242	-7.687259103687333	-0.06647193072269837	2.269456167638708
263.195633	1787824986384108288	47.642675837861624	-122.13881748772083	117.59165624506693	-7.638658259416973	-0.02855254703120555	2.2641194930536175
263.296165	1787824986483108352	47.64262861309655	-122.13877467568688	114.7565594265304	-7.666517899868305	0.02815067732463146	2.0739798049206577
263.398122	1787824986585108224	47.64262717687768	-122.13876549530525	119.25156795087197	-7.893664788650037	-0.036566104972600134	2.0556829735927633
263.502905	1787824986690108416	47.64262969977704	-122.138761181145	115.48205499056327	-7.763453223261307	0.04784328245676267	1.9115274870722467
263.610784	1787824986798108160	47.64263170770338	-122.13880415662656	116.816123862387	-7.760525590317497	-0.01038934894673905	1.777963530058743
263.701790	1787824986891108352	47.64259991460399	-122.13879739327794	115.95107349082933	-7.906273310131912	0.06728339075658661	1.6896745027130706
263.800563	1787824986990108160	47.6425966209132	-122.1387977647531	113.03514655174598	-7.730224777584355	0.02945468700727264	1.4447574720069174
263.892460	1787824987080108288	47.64262435706161	-122.13879072881348	117.16683017492944	-7.856817438899137	-0.03979048955676248	1.4559286720840585
263.998548	1787824987188108288	47.64257554803057	-122.13881271413095	119.81765527185493	-7.968745944313306	0.04638321297074646	1.1448644528069447
264.098495	1787824987287108096	47.6425686086469	-122.13878872110931	116.66689014999785	-7.863903392757396	0.023450919911095776	1.211898957016553
264.194863	1787824987383108096	47.64257821575933	-122.13879262998444	115.50099618345592	-7.924020298798683	-0.09888414914664231	1.1046642354062006
264.307026	1787824987494108160	47.64259392332251	-122.13876270000307	118.45668350338946	-7.799474839823456	-0.07739110397460863	0.9797209841797367
264.394074	1787824987581107968	47.642564259665235	-122.13873662891989	114.82152269668792	-7.964846702444757	0.09614573182778421	0.7939249646324793
264.500532	1787824987689108224	47.642556879512014	-122.13878670202935	117.92143120120315	-8.000649080881018	0.0247535928180034	0.5942720313943302
264.598681	1787824987788108032	47.64254779231415	-122.13875475478322	119.40693115977652	-7.963063410950653	0.05528143422443741	0.5273436514028177
264.714739	1787824987902108160	47.642526613479475	-122.13877004808333	116.87724581563795	-8.027255727589896	-0.011077685747740238	0.34448103116549494
264.810579	1787824987998108160	47.64252972816175	-122.13878288581904	112.86623766769125	-8.056336300011159	-0.025916494987496482	0.29824203574127567
264.917806	1787824988106108160	47.64251601901316	-122.13879292401104	120.63426393843312	-8.035977651046	-0.01648913662784384	0.05410458948414966
265.008283	1787824988196108032	47.64253101346096	-122.13873404364061	112.76123715988403	-7.943178030618929	0.08484837572924812	0.05510691344108638
265.097340	1787824988286108160	47.64249794696802	-122.13878376790491	115.58636414867533	-7.929030022774487	0.056827450577839736	-0.19443236162162714
265.199824	1787824988388108288	47.64250383953433	-122.13877080192512	117.7998855812138	-8.037243689195488	-0.026823862291755363	-0.45173729024917875
265.300226	1787824988487108352	47.642503291019956	-122.13877732517425	120.55704762458282	-8.042378313899208	-0.030036058480890134	-0.3562959867527798
265.395434	1787824988583108096	47.64248153344848	-122.13878890065436	117.04439750194106	-7.99507545751076	0.06284745904385831	-0.5389849947229401
265.512824	1787824988700108288	47.6424930492344	-122.1388190955507	118.9253098511634	-8.054118780399106	0.008819871210176937	-0.6679769504278978
265.616097	1787824988805108224	47.64247832749246	-122.13878104158113	115.8971017214482	-8.015333723983185	0.0234731652336137	-0.8158570497071785
265.711750	1787824988901108224	47.642492728552746	-122.13879837979557	119.38712255708427	-7.855374689469776	0.05448992261321142	-0.9773116362691816
265.804824	1787824988994108160	47.64247102309618	-122.13877208049288	119.12013159644587	-7.936647909415249	-0.11196665376411051	-1.0499548197808817
265.906605	1787824989096108288	47.64244327560342	-122.13877837422062	114.64683662137024	-7.810315237917981	0.020311581336363682	-1.1009840245188964
266.004653	1787824989192108032	47.64246393680664	-122.13875468163617	114.80336991337373	-7.934797959401965	-0.08590758619344746	-1.2278820111694608
266.103162	1787824989291108096	47.642460918019005	-122.13879001811604	114.66477552820422	-7.845397650547213	0.029403693861056047	-1.3144979169311137
266.201536	1787824989390108160	47.64244776621688	-122.1387779478246	116.17305359563844	-7.855594864525451	0.06043102526987929	-1.4746714204134024
266.299324	1787824989486108416	47.64241724586619	-122.13876176353381	119.38187596599428	-7.8346842955552685	-0.03379844025495767	-1.6106052376894326
266.393628	1787824989582108160	47.64242379494072	-122.13879167017384	114.11775795678288	-7.773979861480549	-0.04175403220489104	-1.7891742148458643
266.497964	1787824989687108352	47.64243066298527	-122.1387644857502	120.68790253351186	-7.714211755058874	-0.044239012459698156	-1.8743522240559316
266.601937	1787824989789108224	47.64240737775507	-122.1387427970847	117.60731377370116	-7.668519059279144	-0.04238676263734379	-1.9641204422039351
266.696437	1787824989885108224	47.64240484173476	-122.1388173346636	115.56639833838041	-7.717545090055627	-0.048398730569062194	-1.9828774270595657
266.813649	1787824990002108160	47.642394831708714	-122.13877551188519	122.76925289014993	-7.606347110718779	-0.06556702454406017	-2.2134590256103985
266.898340	1787824990086108160	47.642380590479156	-122.13877054180229	113.1490763166082	-7.587693561031173	0.002533620859268575	-2.382650193745341
267.000276	1787824990188108288	47.6423903940985	-122.13880087041741	113.1061854117757	-7.539256063926591	-0.013168880909394151	-2.465723617406668
267.095475	1787824990284108288	47.64237450747871	-122.13883780291499	119.05489562343286	-7.593275412076583	0.07746772320620382	-2.5258194176934463
267.200140	1787824990389108224	47.642370661257424	-122.13879223973117	117.72831631226381	-7.566742327410976	0.009172497777288418	-2.6214447844160564
267.290500	1787824990479108096	47.64236924528252	-122.13881361438223	118.81956305682937	-7.481424490205349	0.007282148997486662	-2.813439522936901
267.387250	1787824990575108352	47.642349584167064	-122.138825002965	117.76979118545148	-7.513946009704526	0.023493265166509347	-2.9134286167591124
267.505417	1787824990692108032	47.64234865307055	-122.13881921756281	117.68895596393128	-7.3033142440020615	-0.04073289404298644	-3.0733986721458377
267.597066	1787824990785107968	47.64235997403691	-122.13883493362091	111.38497339238538	-7.330720930711945	-0.020353084750102786	-3.148151313840845
267.695753	1787824990884108288	47.64233873694199	-122.1388453132686	119.50563655972901	-7.32050375070446	0.015476595871566632	-3.1568911806055926
267.808212	1787824990995108096	47.6423381479672	-122.13882423997669	118.62563452378507	-7.240627459048622	-0.051123608079505334	-3.346382291578127
267.902863	1787824991091108352	47.642343424555044	-122.13884305836338	119.36634558244619	-7.244540854620853	-0.033919572561065765	-3.5712975143131307
268.005028	1787824991193108224	47.64231323265054	-122.13885711239864	119.37099723848621	-7.158937143814487	0.052036175049700976	-3.5281033077015858
268.100692	1787824991289108224	47.642301086907835	-122.13884797809317	113.33185704051293	-7.097398761323563	-0.010318604720931709	-3.7716322601252728
268.197416	1787824991385108224	47.642316285902766	-122.13885297180266	121.52245342684317	-6.997724821880292	-0.08677592767895197	-3.9018308653990603
268.305082	1787824991493108224	47.642287328682706	-122.13885522061082	118.53499187784695	-7.008512380535724	0.06380201854791358	-3.9283595796385673
268.412041	1787824991601108224	47.64228844336291	-122.13886968915286	115.36878409444564	-6.848270277734468	0.04584726821421525	-4.096751014087293
268.498140	1787824991685108224	47.642274332487766	-122.13886650360115	116.05557592760965	-6.77955070961931	0.01443652285601623	-4.158400728022256
268.597805	1787824991787108096	47.64226876864819	-122.13888199949803	118.81372496046522	-6.7738667824000585	0.05304906121114314	-4.250584923835831
268.692299	1787824991880108032	47.64227659337137	-122.13890878059094	119.75489223975677	-6.700131574211656	0.023147436007989883	-4.419417596876329
268.800871	1787824991988108032	47.64228133860541	-122.13888909280988	115.97097618063951	-6.57016032338812	0.0447012391027546	-4.464769326529801
268.903293	1787824992090108160	47.64224439368141	-122.13884016947311	116.04102925560844	-6.579818094335505	0.035660980544747235	-4.597290448060931
268.987659	1787824992177108224	47.64225709167233	-122.13893275379996	114.87208781281657	-6.469235960650542	-0.07504096142078776	-4.634451557510874
269.093336	1787824992282108416	47.64225759100241	-122.13892396946702	111.13154894982853	-6.42209880190988	-0.048591793195443225	-4.730606656059928
269.201887	1787824992390108160	47.64223875016155	-122.13889989991404	112.43394287878905	-6.385088104126539	-0.020216833133810046	-5.06397599935399
269.295080	1787824992483108352	47.642246467863906	-122.13895116372069	118.72424312368203	-6.269197069410636	-0.06174335597194173	-5.102956125191154
269.398804	1787824992588108288	47.642235592995476	-122.13894416040272	119.68602152507333	-6.130972947419732	0.04140905936834702	-5.136285096272418
269.503081	1787824992690108416	47.642215241693606	-122.13894501251079	115.79746176565257	-6.057402661845886	-0.16720213784203736	-5.281333875137797
269.596021	1787824992783108352	47.64221900946049	-122.13893777471326	110.46347203334597	-6.001455817385903	0.051489481896137536	-5.333402782171701
269.701777	1787824992891108352	47.64220210016761	-122.13894277394719	111.85866499332437	-5.960522690861307	0.03661452811578943	-5.440433536738373
269.805651	1787824992993108224	47.64220822339708	-122.13892605935781	117.10695980201902	-5.837056964068993	0.0450954902564903	-5.561142478879012
269.888715	1787824993077108224	47.64221386638502	-122.13896890995733	115.16140030773636	-5.730662818552789	-0.049124251009626065	-5.5753576666116516
269.998602	1787824993188108288	47.64219361485553	-122.13897246493454	114.98022081014058	-5.686454472479562	0.018215560252662036	-5.665139999646942
270.108964	1787824993296108288	47.6422021294025	-122.13896642748604	117.67082626555292	-5.569491412161659	-0.03495792523738443	-5.7533825085596035
270.191024	1787824993380108032	47.6422101142918	-122.13900353183605	118.18933100567195	-5.386112816692339	0.08176712892111233	-5.817628435430772
270.302029	1787824993491108096	47.642166430815585	-122.1390236262239	118.23090144017286	-5.4096600715504755	0.08822888157720231	-5.900840448832083
270.400336	1787824993587108096	47.64215596364825	-122.13899026468111	113.33305714302224	-5.245574556438926	0.017885047733570098	-5.97383750721186
270.499826	1787824993689108224	47.642170233196765	-122.1390173823593	113.50546089930766	-5.119659807970512	-0.03643872469311747	-6.064747058049632
270.597365	1787824993785107968	47.64218632949145	-122.13901450674518	115.7113762968136	-5.029132421132353	0.05850541047548294	-6.219214028330165
270.695315	1787824993884108288	47.64218127850075	-122.13902031673231	120.77372188785127	-4.983666524243731	-0.01116114373508636	-6.237880103502
270.807327	1787824993995108096	47.64216563345807	-122.13906569082297	120.28109141068228	-4.913310186548861	0.005032323818079183	-6.299054314377088
270.906370	1787824994094108160	47.64217872231712	-122.13902784578863	114.96588690316909	-4.830645199105487	0.025863256020592487	-6.434902502680003
271.014534	1787824994202108160	47.64215542554731	-122.13905490120975	121.29575530394418	-4.614132226101763	0.020220257870748326	-6.471022344109921
271.101307	1787824994289108224	47.642133752680316	-122.13905706146267	119.32631235019329	-4.530835733152476	-0.011542836864961142	-6.437030874743845
271.193687	1787824994382108160	47.642138502838854	-122.13905815070336	118.89518989961547	-4.512451309707379	-0.11012920314687935	-6.589917165251055
271.298979	1787824994487108352	47.64213945349021	-122.13905326690455	117.28355328999417	-4.354245259780662	-0.08849021843306798	-6.663100471644553
271.403933	1787824994592108288	47.64214864470374	-122.13910529045195	123.2202270235709	-4.281376150321668	0.0009877467075142105	-6.71816076346891
271.504269	1787824994691108352	47.64213072883877	-122.13903399177912	111.301784534906	-4.209776172344854	-0.02728594660490101	-6.7546281724580695
271.587818	1787824994775108096	47.64212484307528	-122.13911595297972	118.74713277501074	-4.095316896291914	0.07407907166121745	-6.90324089163671
271.706657	1787824994895108096	47.642125616499584	-122.13911564318154	121.2817253525988	-3.898684735817145	0.015250553809514372	-7.009030196164295
271.808536	1787824994997108224	47.6421034586888	-122.13909561786818	114.00014548268719	-3.8181224273371517	0.0035589100831056133	-7.034785115011973
271.902157	1787824995090108160	47.642116480406784	-122.13913336753517	112.8751113297364	-3.87368054042506	-0.07696238725344942	-7.087464572759186
272.003553	1787824995192108032	47.64213215372576	-122.13913819459914	115.36557276531661	-3.624122982753451	-0.027711600974661545	-7.1966369692860335
272.097693	1787824995285107968	47.642098728799255	-122.13913345753464	118.70707813235227	-3.5656191882937764	-0.03896214658652013	-7.214186927956073
272.199843	1787824995387108096	47.642101091725145	-122.13918503450881	117.26588887233494	-3.3494320022525614	0.012930074957771695	-7.22891057383395
272.309841	1787824995498108160	47.642105120000544	-122.13916972045834	112.94247157978211	-3.24769464329258	-0.04142996189602453	-7.320600300709968
272.396539	1787824995585108224	47.642097396680015	-122.13920876073723	117.79854825640817	-3.128762775397065	0.081002166783903	-7.292171272971898
272.510137	1787824995699108096	47.642106124730944	-122.13918729472707	117.81030118399342	-3.0599948226701876	0.013781341066134767	-7.364257326688696
272.598788	1787824995786108160	47.64208359538959	-122.13920400738454	114.95409988470989	-2.9668374829911186	0.019828040617064342	-7.448145431221749
272.693544	1787824995882108160	47.64209600303017	-122.13918652737794	115.87455455470102	-2.785277764264046	-0.01651784233737856	-7.5953483043886365
272.800923	1787824995990108160	47.6421175189323	-122.13921771256638	115.33642058069039	-2.6216509181919485	0.04259446929233205	-7.5112838358179825
272.899256	1787824996086108160	47.64210326525629	-122.13922508905235	115.02883198008415	-2.614831556008951	0.018257593614106806	-7.546729103222642
272.991208	1787824996179108096	47.64208869306095	-122.13921731666419	116.30689475409802	-2.5168537918007763	0.029848152248889055	-7.668326386057945
273.100854	1787824996290108160	47.64210601870604	-122.13925255323255	115.2071282051398	-2.3224114583527418	-0.06453641189545764	-7.694064576586822
273.202717	1787824996392108288	47.64207813947387	-122.13924921484336	121.61380955609043	-2.2612761035287625	-0.011075355992213931	-7.550115561191712
273.299211	1787824996488108032	47.64208678465552	-122.1392520549976	114.11962420464548	-2.164489530447537	-0.019525357181926654	-7.684191497387652
273.396919	1787824996584108032	47.64209265059094	-122.1392818143641	118.62433277498458	-1.9894265938855136	0.0415064630803035	-7.734986166701062
273.498938	1787824996686108160	47.64206004857706	-122.13927989358812	117.02371745464684	-1.9394143862936357	0.00022867674938870176	-7.72803264180303
273.613247	1787824996800108288	47.64208217474563	-122.1393174111396	114.62750539488984	-1.7155840654386632	-0.062632328753415	-7.862899069367415
273.692012	1787824996881108224	47.64206934318282	-122.13932303350641	115.92295369466696	-1.548947376797848	-0.05813489132750456	-7.807998691568773
273.802215	1787824996989108224	47.64208619614732	-122.13928512870235	118.84052894035524	-1.371700418317983	0.029727874812547846	-7.910264104068255
273.901162	1787824997088108288	47.642058965827665	-122.13934719471129	113.64858459195324	-1.337702407335559	0.051833559351307325	-7.884151276649036
274.003316	1787824997190108416	47.642061296888535	-122.1393031945858	118.96314270068989	-1.1693965474476085	-0.012276683569990055	-7.927545653667714
274.100543	1787824997289108224	47.642062273817565	-122.13936946855281	116.85627431847635	-1.1438020839977117	0.028823344226100802	-7.905369478392486
274.203023	1787824997391108352	47.64207257762642	-122.13939159149184	114.18538512858878	-1.0134817518125319	0.06946931817092454	-7.979508187836029
274.305750	1787824997493108224	47.64207864757278	-122.13935494474222	116.53300365007088	-0.8285902375714399	-0.04966156609683342	-7.94028716386837
274.401434	1787824997589108224	47.64206054051071	-122.13939611071774	115.36998587955546	-0.7651852486571723	-0.0020692863351631043	-8.061134778131574
274.490450	1787824997679108096	47.64207493362629	-122.13939164706738	118.44434733713774	-0.6296157068836646	-0.05829196493389215	-7.947825439882711
274.597889	1787824997787108096	47.64207770505477	-122.1394226043357	118.66608843181533	-0.5135809987267633	-0.0728995470506742	-8.074454635766633
274.699794	1787824997889108224	47.64208592603293	-122.13942564384897	116.48605318846789	-0.410535880760202	0.005348677516909245	-8.049100013253423
274.794471	1787824997982108160	47.642033555718875	-122.13941157273777	120.37531092316061	-0.2613981605084986	-0.02139034811171936	-8.096053095503676
274.903202	1787824998090108160	47.6420796797945	-122.13946015453067	117.12836187040556	-0.1764977297113889	2.9730826784282803e-05	-7.96347630869294
275.002471	1787824998189108224	47.642052804294046	-122.13942939140313	115.88407046697743	0.038813986017222704	-0.18316245525915945	-7.961083139775541
275.099862	1787824998288108032	47.64209105430902	-122.13946783631545	116.71256567439076	0.10994864240352996	0.03366217607933493	-8.04852797700478
275.199761	1787824998387108096	47.642067783936916	-122.13948671180653	119.00161938721807	0.28483176335221344	-0.00500010239326705	-7.986201045442575
275.294920	1787824998483108352	47.64204951116522	-122.13947162998168	119.89624745791392	0.3502449090067844	-0.03689039703367305	-7.975684610055185
275.400126	1787824998588108288	47.64205428837664	-122.13952179018015	111.93766459157634	0.41591184478924703	-0.014400721363319583	-7.9257889633181
275.499369	1787824998687108352	47.642060418205844	-122.13951813389131	117.33431929239256	0.6629805233430908	-0.018810729915789373	-8.026090991841079
275.599584	1787824998789108224	47.642079811240244	-122.13951318991471	117.94186954506021	0.761061913307877	0.03764644530365276	-7.964312227506286
275.693932	1787824998882108160	47.64206017526658	-122.139527419001	117.06008020767521	0.8386610404008847	0.061411567104931376	-8.011907325502179
275.788457	1787824998975108096	47.64203542816417	-122.1395474192398	116.96909644725993	0.9716499696245817	-0.026537144669609204	-7.930349890431887
275.894403	1787824999083108096	47.64205350312869	-122.1395213157774	120.87475613919688	1.1210462387025901	-0.022068339009541568	-7.961129269855071
276.009673	1787824999197108224	47.64206968430893	-122.13957840456678	121.12332354844591	1.282260921656523	-0.040966023398589034	-7.8296905202273335
276.103231	1787824999290108160	47.642087250962526	-122.13958315915377	115.61334201268998	1.4427845120370606	0.009217650255232033	-7.890467347574385
276.199418	1787824999386108160	47.64206029447406	-122.13960295317203	114.53099988176243	1.4816822692799543	0.0327309508910114	-7.862653101206263
276.308094	1787824999497108224	47.64208885494447	-122.13957607956614	120.34433644642286	1.5342342116859773	-0.07941446368761593	-7.9102174942983865
276.403535	1787824999593108224	47.642074524131935	-122.13959461838716	119.7861869877592	1.6964064254505924	0.003699452095963059	-7.835583554841163
276.506060	1787824999695108096	47.64210227584819	-122.13962096165176	120.66690372049949	1.8110573722772059	-0.03858604278087452	-7.771621816991996
276.595775	1787824999785107968	47.64209519187308	-122.13961546800225	115.99026954624942	2.0689153957219397	-0.08280554016827525	-7.8011427749436395
276.693024	1787824999881108224	47.64208474083243	-122.13962821148279	111.61612920110213	2.107398780348645	0.10382163298386778	-7.723453351442831
276.791997	1787824999980108288	47.64208686219795	-122.13964682047147	118.24278362871917	2.2264208210274674	-0.029075553562344023	-7.724113208621882
276.902017	1787825000091108352	47.64209552096881	-122.13960848390074	114.48995248866227	2.32919130158159	0.0755090276221068	-7.663215463050473
276.995387	1787825000184108288	47.642121666580245	-122.13968921871133	115.92613161306582	2.4504444933787326	0.023864959792003274	-7.631561775488214
277.107392	1787825000295108352	47.642100794846115	-122.1396569582948	117.63091587426808	2.5885402256186802	-0.05626635644328257	-7.493898224057935
277.197550	1787825000385108224	47.642097789226824	-122.13965338962144	115.54941663820667	2.7634737371637113	0.017108484505015124	-7.531492803240468
277.314259	1787825000502108160	47.642103518359015	-122.13972464511103	116.50328551272624	2.8191734706409264	0.0050688478612485365	-7.464988791886492
277.399929	1787825000589108224	47.642096221817894	-122.13971230193854	118.47280085624857	2.840585436534346	-0.06166924423215562	-7.323121310336786
277.504970	1787825000694108160	47.642099400689446	-122.13969292667673	126.65218113102105	3.043694174580995	-0.024687744208723526	-7.4119025985889575
277.591147	1787825000778108160	47.64208933639204	-122.13973397873484	115.16805952443879	3.223188643189397	0.03388441287560392	-7.387657884901228
277.701161	1787825000889108224	47.642104925747155	-122.13973571187404	116.64767265232524	3.2200192293825034	0.022845525883368863	-7.250464889165083
277.803140	1787825000991108096	47.64212047212972	-122.1397408152027	112.78023098592239	3.359107391828705	0.15474583463842437	-7.215582913267313
277.901811	1787825001090108160	47.64211310690706	-122.13974133338137	115.73492010116588	3.5282607037671756	-0.0010262744131346202	-7.23825633766551
277.998208	1787825001186108160	47.642114897322486	-122.13971399161397	115.94275040615342	3.5888760118330914	-0.03334689263649564	-7.1830928309519795
278.099121	1787825001288108032	47.642121092522686	-122.13975799654597	121.23501658532193	3.7133218488336777	-0.02466391399419083	-6.981321042899309
278.206199	1787825001393108224	47.64213039417295	-122.13978247703648	116.83339443902791	3.9181630731037043	-0.010143458370277133	-7.143781625129391
278.306357	1787825001495108096	47.64212239452489	-122.13978269896589	117.81450466561387	4.014389608638677	-0.06120480586527619	-6.886376495598104
278.402989	1787825001591108352	47.64210856091985	-122.13977928522739	119.95149275939629	4.101180993775958	-0.03242156102686258	-6.911024347375907
278.502339	1787825001690108416	47.64212178286455	-122.13980722077277	117.37868526552181	4.120439000286356	0.015849149242158907	-6.821454022205464
278.601057	1787825001789108224	47.642150266846166	-122.13982540308103	119.29137448038504	4.357255282561402	-0.08547469665854769	-6.7044374366724435
278.707301	1787825001894108416	47.64215588028566	-122.13980967557299	115.04642479161645	4.400704660027642	0.0182413598304318	-6.6715606085331265
278.799373	1787825001987108352	47.64214519324875	-122.1398469979967	117.10640999773321	4.478536876926832	-0.010562681133804434	-6.55298327985968
278.888757	1787825002077108224	47.64215915564091	-122.13981010744399	115.50660797791986	4.472935747454836	-0.03897535826527149	-6.626113358264172
279.007095	1787825002194108160	47.642134056278834	-122.13981361185486	119.80416552807672	4.756298045478752	-0.07408529113088673	-6.51950743171097
279.085879	1787825002275108096	47.64217806783793	-122.13987383337506	117.35030952199017	4.775039101996973	0.08099290822070948	-6.39474335678722
279.198834	1787825002386108160	47.64217045099745	-122.13988983016819	117.88189804985302	4.866019757066887	0.05936748252495641	-6.394959896355155
279.293880	1787825002482108160	47.64217811575533	-122.13989467970319	116.15285047923581	4.966075418344173	-0.02426154127286058	-6.266151896133276
279.408984	1787825002596108288	47.642163174256424	-122.13994082623923	118.33354300186988	5.132925810797954	0.013231637994012472	-6.156821057046496
279.499352	1787825002686108160	47.64218185038721	-122.13990157450885	118.57983519989652	5.243840036562722	-0.05824689909938701	-6.099155896700394
279.606175	1787825002794108160	47.642168582410456	-122.13990518777887	119.76539975881629	5.278611529232824	0.03821891319341113	-6.046942482027843
279.693596	1787825002881108224	47.642174941070756	-122.13986804355822	119.07037970994074	5.401242298880534	0.009269349301923578	-5.934253398414381
279.795274	1787825002983108352	47.64218155924793	-122.1399337075966	117.81059056757361	5.2908754349059315	0.10705077332506673	-5.975542168398191
279.902403	1787825003091108352	47.6421895227204	-122.13991974309621	118.44992357080078	5.605123124369341	-0.005006866192488109	-5.784609328841526
280.007079	1787825003196108032	47.642201658653484	-122.13997257177745	112.79442800383363	5.708044735945666	-0.05726185494141605	-5.738742012699843
280.097762	1787825003286108160	47.64219901164727	-122.13993444389051	114.14803671874627	5.757583901437802	-0.019801557952247764	-5.504263196894541
280.204551	1787825003394108416	47.642222215071314	-122.1399399721006	120.07759971349475	5.8169231752910555	0.01166370765216586	-5.484492517808376
280.303176	1787825003490108160	47.64221130638974	-122.13991374112852	117.07902639624535	5.847766693606752	0.018675556628339942	-5.502493965907257
280.405666	1787825003595108352	47.64221847007401	-122.13992257527057	119.18431594538467	6.007594614227094	-0.0712808860758518	-5.2428505464370065
280.492837	1787825003682108160	47.642252561914546	-122.1399303554118	115.44736973060091	5.979944506616171	0.09311725085591976	-5.181270106339888
280.601066	1787825003790108160	47.64223418099444	-122.13999885483987	117.69629320829813	6.143624633738539	0.0053288589235600745	-5.13786152418557
280.697554	1787825003886108160	47.64224274514448	-122.13996232104154	119.17885310914994	6.238556435138712	-0.009618123033996197	-5.080964295283245
280.807575	1787825003997108224	47.64223773983111	-122.13998801298683	120.79315317996839	6.32207621351991	-0.015948801515213412	-4.814065466793221
280.898051	1787825004087108096	47.64226315807175	-122.14002849544782	116.02251412531024	6.378151136130458	0.08486267149818594	-4.835708601754355
280.999385	1787825004186108160	47.64224559314515	-122.13998390312756	113.78943071261094	6.393603701099515	0.0014544805997803644	-4.734926263837294
281.106329	1787825004294108160	47.642249245201995	-122.13999052808975	119.09813188918264	6.475286954841339	0.07766715972376675	-4.660778954440743
281.192307	1787825004381108224	47.64226714177449	-122.13999148285346	125.17167404072045	6.586923997257	0.003419279926590902	-4.519724140042905
281.286248	1787825004474108160	47.64227083530943	-122.13998790718313	109.95118185222181	6.738022732163828	0.019145174093629994	-4.422131837993266
281.396104	1787825004585108224	47.64227541125909	-122.14004141493331	121.08206275069354	6.7098369182815585	-0.01943937033405716	-4.2772702465242
281.505707	1787825004693108224	47.64229339349907	-122.14003086293238	115.54702621648643	6.796519622934493	-0.007341664522829025	-4.32866057977839
281.583748	1787825004771108096	47.6422815818843	-122.14001245092747	116.9733715472847	6.783133426827499	0.014310774023215279	-4.189920836254649
281.699690	1787825004888108288	47.64230559612428	-122.1400331850083	114.67892191745545	6.883992355149431	0.00457490817425005	-4.0687989302983185
281.812344	1787825004999108352	47.64230812133856	-122.14001918867568	116.02182284171644	6.995886649193131	0.05759585038746572	-3.887347277956356
281.908251	1787825005095108352	47.642321739155676	-122.1400823785428	117.15278617003918	7.005559111557013	0.030765015448815464	-3.795916839401221
281.999367	1787825005188108288	47.64231626512725	-122.14008311660736	117.61874174051881	7.066759023363671	-0.047840515088925596	-3.7095835058810995
282.094684	1787825005284108288	47.642297429819024	-122.14006886288688	119.53257192940791	7.106079794341714	-0.00837828719487832	-3.6619299247930317
282.191832	1787825005380108032	47.642308991906035	-122.1400791325005	116.05739449782808	7.20699321596079	0.03722289367077167	-3.580375497427068
282.305899	1787825005494108160	47.64235188055994	-122.1400798676222	118.4113381701871	7.162822586870897	-0.034544033887263924	-3.4198201199154896
282.396915	1787825005584108032	47.64233460933999	-122.14007477081549	116.85725220449987	7.2610639126395915	0.01465403156054243	-3.4196392583198425
282.495091	1787825005683108096	47.64233907983244	-122.1400792541301	116.69550752056315	7.290124301744343	0.00911173892591599	-3.298258325992623
282.595208	1787825005782108416	47.64233493270376	-122.14007570038675	118.53684333958415	7.401247418611134	0.00336252669754116	-3.1626720809777593
282.704090	1787825005893108224	47.64233901387562	-122.14009219442211	116.02272127351533	7.3181350777623395	0.08619154480895641	-3.125988158764767
282.797665	1787825005986108416	47.64235225637974	-122.14008817513529	114.2787517614112	7.431414313166642	0.06584976629707551	-3.0331928754278397
282.896610	1787825006085108224	47.64237930473621	-122.14012100069255	115.26784269690931	7.457746294912304	0.02827997046236081	-3.0489380409187095
282.996539	1787825006184108288	47.642370432291116	-122.14010862000227	118.08769653475973	7.441741308329735	-0.05233797676951664	-2.9418215421394813
283.102838	1787825006292108288	47.64236617596745	-122.1400833549724	115.7902075880169	7.507025009586523	0.037366478748655	-2.7921052437370104
283.199951	1787825006388108288	47.642394943086295	-122.14011159598112	117.45720642617383	7.481983947941173	0.03633467303207451	-2.6920212023978682
283.302600	1787825006490108160	47.64241245986778	-122.14007923938851	116.335779086815	7.48557307150362	-0.02845650359617809	-2.7277486590829745
283.398984	1787825006586108160	47.642413269329516	-122.14012471198077	112.7117038564447	7.589303215908159	-0.04098909878010862	-2.5699706780542875
283.510179	1787825006697108224	47.642433706761295	-122.14011703856717	116.17046881784333	7.540443753952937	-0.06782910489082962	-2.5115643088164137
283.592490	1787825006781108224	47.64243086004528	-122.14009923992424	114.62151280429512	7.557442162274061	0.0400814401945457	-2.4125235961600553
283.707967	1787825006895108096	47.64245920551752	-122.14013972403467	121.29425039732429	7.639326735371199	0.06283038066112734	-2.4620289497334547
283.801331	1787825006988108032	47.642429296047624	-122.14012051780315	116.30454465417417	7.64284558495923	0.037294457567582616	-2.453755274343802
283.898979	1787825007087108096	47.6424318897262	-122.14014706189734	119.79304356564155	7.573673378062151	0.09750384462766885	-2.3344475564779645
283.999401	1787825007186108160	47.64247397869909	-122.14017923368073	120.07612558874426	7.614382662666041	-0.04582539329572158	-2.356767499115722
284.094490	1787825007282108416	47.642454654623336	-122.1401253165135	113.83557741179325	7.667064383888115	0.012252166977429377	-2.2083315127557444
284.206377	1787825007393108224	47.642446956247824	-122.14012684162013	117.02048556575839	7.679413295713913	0.0028300918924947854	-2.2158260110082257
284.295752	1787825007483108352	47.642475919708325	-122.14012211385354	115.72138812912426	7.761203558724645	0.07166820269503416	-2.173019317372612
284.388319	1787825007576108288	47.64247919987977	-122.14014975820196	116.70558049326604	7.705311930467888	-0.02844247005176466	-2.2246767536705274
284.502493	1787825007690108416	47.64249404975546	-122.14016534186129	117.31357031322506	7.661738690895001	0.019302138963616922	-2.1829447787873657
284.607532	1787825007795108352	47.642496458022386	-122.14017576457343	118.15863527162662	7.793681253898805	-0.014516406548326657	-2.171237047034034
284.700931	1787825007888108288	47.642491510771215	-122.14018985093918	115.53610858263929	7.655285964036905	0.030952734829057638	-2.0758002465187766
284.788387	1787825007975108096	47.64252160499958	-122.14014179785705	115.80539120024942	7.778272903811228	-0.11356517433226605	-2.037488836254726
284.902453	1787825008089108224	47.64251836648791	-122.14016808646355	116.85956392371064	7.706611572336924	0.0025249277751129306	-2.113140605414923
284.990522	1787825008179108096	47.64251993389555	-122.14016344702878	116.57702260913128	7.6619718163342085	0.0312561615552419	-2.0196363573369447
285.105486	1787825008293108224	47.64252044164125	-122.14017436618117	114.65698297350409	7.697607374131434	-0.00636358465719203	-2.082857424754638
285.205752	1787825008395108096	47.64251286747118	-122.14019249792905	118.6857763518876	7.715744102414091	-0.04755278141159128	-1.9839642405886793
285.307346	1787825008494108160	47.64252740681124	-122.1401743335206	118.17600726388075	7.641543286283899	0.005326601320550721	-2.075720941401548
285.401447	1787825008590108160	47.64255707094238	-122.1401723764717	118.43764559436923	7.683576791054195	0.054098255633973275	-2.136507058793479
285.509388	1787825008698108160	47.64257708946975	-122.14015512498001	119.59237258194538	7.709719539153226	-0.020627392727591502	-2.167680848389269
285.600941	1787825008788108032	47.64255330181554	-122.14017753633881	109.50719997889172	7.774118347817961	-0.08160868259625706	-2.143357966718987
285.711554	1787825008899108096	47.64256993728931	-122.14017797161017	114.73224279401451	7.58604676771851	-0.08141358607474691	-2.213908721068849
285.792679	1787825008980108288	47.64257371252982	-122.14016877433862	114.36038717161513	7.591668494938829	-0.03684692567784615	-2.141531192411426
285.897102	1787825009085108224	47.64257871086728	-122.14017456017716	121.92479685968756	7.717010836755264	0.023373775606103625	-2.2643604585214288
286.001790	1787825009190108416	47.642565999079494	-122.14019824397288	116.55019895172028	7.653254198544256	-0.04063224828464789	-2.3298604343089067
286.109006	1787825009298108160	47.642584343033555	-122.14019460533726	122.00308203489925	7.65021673294613	-0.03706278669876211	-2.398617882526193
286.186283	1787825009373108224	47.642616718500804	-122.14018023064999	119.13617153039391	7.622616296564626	-0.001448350914435446	-2.3488131235081755
286.299982	1787825009487108352	47.642597070817146	-122.14021507151189	118.62787392377346	7.638119370121889	0.03221762771436378	-2.5598295527624964
286.396878	1787825009586108160	47.64262240684554	-122.1402155010387	119.2840697835087	7.5558472958439316	0.07929114113588584	-2.5721153143359206
286.502072	1787825009691108352	47.64260636171955	-122.14020349601773	118.91493992809602	7.599415566767824	0.1282844892849735	-2.5758203995792788
286.599541	1787825009787108096	47.64262309464731	-122.14020744493122	118.41793429646825	7.6026111654422275	-0.05059629531976853	-2.5957601288099763
286.707042	1787825009895108096	47.64262117318217	-122.1402305153354	118.47835552649455	7.537790393975185	-0.04036457602795503	-2.6738441719920005
286.785830	1787825009973108224	47.64264844961574	-122.14019542593194	119.00671489311861	7.569771699376715	-0.07107525457833395	-2.7560228152284125
286.904907	1787825010093108224	47.64262483582935	-122.14024491636148	117.20942905719035	7.464190952722743	0.0201161362977392	-2.779090798456054
287.011966	1787825010201108224	47.64268607275913	-122.14024503887156	119.42561298704823	7.4900808139039325	-0.029333092909342676	-2.9948006510428273
287.096980	1787825010285107968	47.642652884407156	-122.14017943160313	115.90866944456185	7.423116682427663	0.04082675553668019	-3.024007747709582
287.203091	1787825010390108160	47.642660794516125	-122.1402322481719	114.99526005103792	7.411073145521869	0.01129826577384294	-3.076419810426995
287.308179	1787825010495108096	47.642701818086145	-122.14023690087285	118.65604682506446	7.242536361394544	0.043968382000985365	-3.0807783652545524
287.400850	1787825010588108288	47.64267180757854	-122.14028314637827	113.96707461414907	7.227878534795125	0.022986252855070263	-3.2287164533291595
287.497937	1787825010687108352	47.642690164920346	-122.14024307884283	113.79455964160832	7.2950081719507835	0.04086794830513912	-3.3194100773108692
287.590989	1787825010780108288	47.64270164964237	-122.14029048329547	114.21338448429353	7.242819128102052	0.028294721815975577	-3.470160441531637
287.698269	1787825010885108224	47.64271540965818	-122.14024626658767	116.09339681774065	7.258424052987438	0.11285087796097393	-3.48806235955059
287.807003	1787825010996108288	47.642729911284775	-122.14028331153084	119.06549325057453	7.1580912668096035	-0.08616157205273073	-3.51324217009032
287.898639	1787825011086108160	47.64271081063289	-122.14024099341636	113.0997985837883	7.080311820933987	-0.08591889605882813	-3.7020526455768503
288.003925	1787825011191108352	47.6427236632819	-122.14028283049484	117.89049794939314	7.083958751847598	-0.011181093824771593	-3.815090624600972
288.100226	1787825011287108096	47.64270248216602	-122.14028506702978	113.40274217105835	6.992989392587813	0.042382011152465926	-3.830785940642946
288.203481	1787825011392108288	47.64274001774601	-122.14030246545765	116.41059151961832	6.900776523115343	-0.011241368531663522	-3.901925606154159
288.297701	1787825011485108224	47.64272242773334	-122.14029997978231	112.12269198316605	6.883649849723134	0.038358708352543805	-4.009031247961451
288.390422	1787825011578108416	47.64272279480615	-122.14027220450292	118.1623395755698	6.852521566365588	-0.07005055296458942	-4.065370639410748
288.500904	1787825011689108224	47.64275383881533	-122.14028120259157	117.16825761841358	6.8673044449413565	-0.00983222895055872	-4.233781113165055
288.598833	1787825011788108032	47.642771444874604	-122.14028716341767	116.18525197776188	6.793129707101339	-0.02172711175213907	-4.2911432128563165
288.689324	1787825011878108160	47.64276681490853	-122.14028569854521	114.82145655256801	6.621174969066832	-0.06704163054049074	-4.5497595367067
288.789390	1787825011977108224	47.6427826237549	-122.14031497563157	118.35661471837842	6.610846790618665	0.009488836674393528	-4.559311107382313
288.898826	1787825012088108288	47.64277449592557	-122.14031691412899	117.62310063168745	6.526837522119078	-0.04089647264075025	-4.6080506466175635
289.006415	1787825012193108224	47.64277626568947	-122.14032055769599	114.28888262914015	6.373610195504566	0.05136863439755408	-4.702469751118133
289.088664	1787825012277108224	47.642796942359716	-122.14034464601546	114.74907510052088	6.49184423934528	-0.08312994292629042	-4.8444913120046085
289.201052	1787825012388108288	47.64280135421208	-122.14036907728831	113.23598303733436	6.241660263233512	0.013682620783604472	-4.841027891830467
289.299128	1787825012487108352	47.64282613262348	-122.14033502846544	120.25412673593674	6.1706345000343505	0.057650904296205896	-5.024707587291346
289.398527	1787825012586108160	47.6427907023577	-122.14035536290723	116.51633813929878	6.149944114804077	0.05949342188273469	-5.091175773991045
289.512713	1787825012700108288	47.642809293070975	-122.14037463049075	114.37203968644297	6.08216655958086	0.06458730650521938	-5.3347949602661116
289.601548	1787825012790108160	47.64282914872191	-122.14039185703606	117.9176553239546	6.077414476727621	-0.03287127018597948	-5.281632011829681
289.705517	1787825012895108096	47.64282486563235	-122.14040726501307	117.00768573142258	5.947650226265092	-0.022733812461629595	-5.345176221181084
289.804044	1787825012991108096	47.64284651961802	-122.14040542724399	115.77740582236721	5.792324914715001	-0.015219348409866268	-5.450867147592134
289.907533	1787825013096108288	47.64284790609781	-122.14037393925707	114.37492098839333	5.713431320786249	-0.08824402656523012	-5.488487641102203
289.997746	1787825013186108160	47.64281003321612	-122.14038697995237	119.15723397618434	5.608632258948918	0.002539852009087059	-5.685606938419815
290.101833	1787825013291108096	47.642849846697864	-122.14040772212185	114.80567630655838	5.622610202453179	0.05620750058382491	-5.806868331499355
290.193683	1787825013381108224	47.64283830140765	-122.14042967000229	118.65225375792048	5.471585464731796	0.1171026959246382	-5.807072390930088
290.314265	1787825013501108224	47.64282404691075	-122.14040770740772	121.20761788930379	5.3995811793876864	-0.008781341895351175	-5.857884544759815
290.394574	1787825013582108160	47.64284166548317	-122.14043598219106	115.49576838854932	5.287652552391437	0.014630958276430038	-6.036919046266321
290.492734	1787825013681108224	47.64283938503567	-122.14041970921636	120.96040725073743	5.206367147654584	-0.009356892221736775	-6.084224271637762
290.596298	1787825013783108352	47.64285756077319	-122.1404310951262	117.81981009778502	5.086946872573771	-0.053074858978412735	-6.0971165151947995
290.689780	1787825013879108096	47.64286148083557	-122.1404623701456	115.35413967552847	5.0168628614915125	-0.04021582318780247	-6.248868631966354
290.796175	1787825013984108288	47.64287438810838	-122.14044208487832	115.85127416040753	4.781374672625835	-0.10119842054410583	-6.432933930729424
290.882175	1787825014071108096	47.64287523913373	-122.14045749252799	118.65474114972544	4.784228033923699	-0.025968787466100804	-6.355847259906576
291.000141	1787825014188108288	47.64287958704921	-122.14046206717171	116.99317743651343	4.662516716047499	-0.03699233935208321	-6.497667020894869
291.095636	1787825014284108288	47.64287586114195	-122.14048361954339	113.53576807109654	4.510735403385306	-0.04821497719873012	-6.497018449894403
291.196876	1787825014386108160	47.64290498344016	-122.14050249739019	120.9873033016509	4.5286112853630245	-0.06336371253422281	-6.6787564693843695
291.293825	1787825014482108160	47.642892909217274	-122.14049795822878	119.98486473613791	4.345237983325847	-0.03138901261372747	-6.684628115840621
291.394625	1787825014584108032	47.64288938444239	-122.14050991831697	110.60109643088599	4.27934667535422	0.020880865786894465	-6.777403041617119
291.502244	1787825014689108224	47.64289706476661	-122.14053907097833	109.91107134327352	4.090511526151457	-0.01439813663790944	-6.818714958999947
291.610942	1787825014800108288	47.64289753177152	-122.14053965760417	117.90806321743158	4.038980759532805	-0.0326799392013654	-6.959748963512673
291.702478	1787825014890108160	47.64291681191965	-122.14050825840397	114.97634384566962	3.991258396473017	-0.010128762687031756	-6.819163450178415
291.798173	1787825014986108416	47.64294163142825	-122.14057726222045	111.11899354169643	3.883124495048589	0.07991967879326853	-6.981003437429051
291.903962	1787825015091108352	47.64291146588064	-122.14056615437498	117.07678671598835	3.733114311808234	-0.03845348279120649	-7.090446384611376
292.006604	1787825015196108032	47.64293911489335	-122.14061851689152	116.79087061046674	3.532770661874676	0.05503467547875016	-7.082812497548533
292.106313	1787825015295108352	47.64294737957313	-122.14060205827542	115.78297779184528	3.4860663196879536	-0.011372033161143217	-7.242475622649579
292.204875	1787825015394108416	47.64291165380087	-122.14057212122415	120.27110771079683	3.340876862927164	0.06378023566439944	-7.2295174494596
292.297971	1787825015487108352	47.64294869658417	-122.14057521322248	114.73625978942417	3.3348351565952234	-0.048709072176474695	-7.218778083911114
292.407693	1787825015595108352	47.64293137820156	-122.14062166637936	117.17183788890712	3.1972342237112032	-0.040254250521934036	-7.269154468662293
292.501197	1787825015688108288	47.642941534826114	-122.14063047790683	118.5202190692577	3.155989025962364	0.0069575581140411576	-7.407933864972994
292.604961	1787825015793108224	47.64292168822242	-122.1406245860541	117.31950675293443	2.9432014512151166	-0.006062889740641974	-7.466853425416263
292.689560	1787825015877108224	47.64296763612878	-122.14065028882942	117.22195334196127	2.7773413181195834	-0.017508447875350785	-7.519862201060503
292.796022	1787825015985108224	47.64294556796672	-122.14065470072477	112.44816285041702	2.730800292362919	-0.0028968395504052453	-7.536962957411917
292.902656	1787825016090108160	47.64293931684307	-122.14065175557118	112.99975393115788	2.4715114261606494	0.005530149942741411	-7.482386750102581
292.995868	1787825016183108096	47.642942001417424	-122.14065536123817	116.59868531746616	2.4705825569573565	-0.042459886183948636	-7.558229395548553
293.098947	1787825016288108032	47.64296715503978	-122.14067556193739	120.18381069826272	2.40991150480683	-0.06272989401838387	-7.637709872234804
293.199202	1787825016387108096	47.642952266440844	-122.14067676437928	118.98697332669529	2.212685327464508	0.04212715967989934	-7.710770942516427
293.302648	1787825016492108032	47.64295816538872	-122.14071877098213	117.61731011019643	2.081162434843154	-0.028666812987015334	-7.645634402544272
293.392940	1787825016582108160	47.6429211119274	-122.14075023611224	117.55569778519879	1.9271976841185794	0.013461969958246401	-7.704300786046941
293.491851	1787825016681108224	47.642941432575945	-122.1407052726832	114.68644759576077	1.8336881898968327	-0.011289123923546016	-7.802245770463445
293.592778	1787825016780108288	47.64296860947055	-122.14073422345223	119.28476727436502	1.7556247397858376	-0.049030063214108605	-7.836134789172973
293.702526	1787825016891108352	47.64294673216618	-122.14076769831514	117.75555238492981	1.613905987418273	0.04668864572903455	-7.78829920516169
293.803156	1787825016990108160	47.64294712552799	-122.14076641060075	113.04343326744743	1.5909254309909822	-0.011328568517023789	-7.9793178703258505
293.896558	1787825017086108160	47.6429449426276	-122.14077532848465	111.20573374999233	1.3942371455525315	-0.013871482074866949	-7.898570959039834
294.004773	1787825017194108160	47.642964461475756	-122.14078449941093	115.8670330582333	1.2958068725769414	0.04960560030573965	-7.911062937508874
294.106821	1787825017296108288	47.64299503793901	-122.14077389243533	118.72473033126813	1.1854979089282376	0.033361250839416025	-7.898457510258784
294.202184	1787825017389108224	47.64294563923427	-122.14078488637686	120.46676774041067	1.0969041320659423	-0.02944621304635843	-7.882639996557512
294.306142	1787825017494108160	47.64297550098886	-122.14081959838477	115.90339995108418	0.9530168480785202	-0.04365016324079375	-8.007707429368029
294.397921	1787825017587108096	47.64296786604036	-122.14080302235946	118.18229900021619	0.761160821134502	-0.04707244550323851	-7.89471855113165
294.491462	1787825017680108288	47.64298009647129	-122.14081460934257	117.45738904851875	0.6973003548175236	-0.13117993653890672	-7.989287668196495
294.602577	1787825017791108096	47.64296367212647	-122.1408204339857	116.76464193979936	0.4916580728152951	-0.0012298041743018504	-8.052105791153314
294.690097	1787825017878108160	47.6429571249451	-122.14086838734605	120.38972363923264	0.3565953929883604	-0.024551722697435236	-7.8986125250832515
294.794356	1787825017983108352	47.64296760268543	-122.14085589083776	117.42407157012516	0.1997627863368101	0.006765496423038144	-8.044255606940718
294.892479	1787825018079108352	47.642969951333846	-122.14090576305405	117.90886225931159	0.0802665934448013	-0.027351870120130475	-7.963211385939723
294.998061	1787825018187108352	47.64296764109759	-122.14083472333249	116.4783084024546	-0.002089519794582285	-0.035907571698172575	-7.94445153791031
295.101842	1787825018289108224	47.64296100891666	-122.14089891362143	114.03259847546802	-0.00026387765015639664	0.005199099480413905	-8.01983111042159
295.210961	1787825018400108032	47.642968114436826	-122.14091357992156	119.0336328181774	-0.24503700855357738	0.04882242035287257	-8.024012682043427
295.304524	1787825018493108224	47.642974325403166	-122.14094512040494	116.95394646079367	-0.41980235331820615	-0.021533509287812246	-7.954188165730796
295.394442	1787825018583108096	47.642953263383234	-122.14093660540077	117.09430156157221	-0.5539239656838961	0.07779634960030937	-7.998966729216098
295.498604	1787825018688108288	47.642958759544484	-122.14093802541306	117.27066635736927	-0.640968523000211	-0.011350495347837374	-8.053867305871055
295.604625	1787825018793108224	47.642943339340064	-122.14095623497636	120.41464385087642	-0.7571859919826914	-0.11183251786029463	-7.98133386563345
295.698273	1787825018886108160	47.642963979816564	-122.14091263844197	115.24405512820175	-0.784492041574824	0.012289280350507527	-7.986402632546031
295.803487	1787825018991108096	47.64298807108789	-122.14095237644537	116.2668916615938	-1.067662009014018	-0.05169707198026931	-7.911927888302059
295.908798	1787825019096108288	47.642969971976086	-122.14099016744802	113.0421648983873	-1.0820858291159619	-0.11397106021313688	-7.978057680079763
295.996561	1787825019186108160	47.64295449409513	-122.14095880286175	114.46277628890452	-1.2657694049402326	0.06314097656937658	-7.9383088819166385
296.100448	1787825019288108032	47.64294159773973	-122.14103660342268	119.96560896455895	-1.4434168253556456	0.002912518456334628	-7.901492744808427
296.196195	1787825019384108288	47.64294458256784	-122.14100673860781	116.32172047800599	-1.4495620965798597	0.0037731450931205086	-7.881413255272105
296.304430	1787825019492108032	47.64296062021657	-122.14102017694596	115.36462706906093	-1.6278040765935051	-0.041361878991452494	-7.783757909889712
296.398151	1787825019585108224	47.64295154022185	-122.1410297754579	123.90874000884327	-1.7486951458550857	-0.02662318098944473	-7.7618636646688985
296.489815	1787825019678108160	47.642985208322955	-122.14102393468954	119.2080643139348	-1.918769843667852	-0.03424066349925486	-7.801011778429356
296.596724	1787825019786108160	47.64295228995709	-122.14106422610321	112.72342837629785	-1.9642275745182467	-0.005535422499977364	-7.755034143953932
296.706414	1787825019894108416	47.64296443360651	-122.14108277359313	116.34101220884739	-2.1444239656874564	-0.04250187497826638	-7.745243266237251
296.803398	1787825019990108160	47.64295306530165	-122.14105494767539	119.64504181221952	-2.1934791627277024	-0.00556044344421682	-7.692878111884421
296.895409	1787825020083108096	47.64297777030591	-122.1410811185344	119.87166447042715	-2.3883997708946323	0.013429565036998534	-7.623312517104493
297.004225	1787825020191108352	47.642948716894914	-122.14109209380756	117.76517427973222	-2.538152034655698	0.0705022966663665	-7.597335824861154
297.100208	1787825020287108096	47.64294394265002	-122.1410327852707	115.8199340085597	-2.604679310485481	0.00979587643175797	-7.604590066973909
297.191727	1787825020380108032	47.6429400323182	-122.14105699093625	116.96645947505004	-2.688837451893904	0.08838557017718655	-7.497635771702611
297.305333	1787825020494108160	47.6429253109806	-122.14112281305816	120.24718250813902	-2.8879662990205524	0.02063482447979737	-7.519095240427823
297.394485	1787825020581107968	47.64293340687088	-122.14114355866155	116.10513235826308	-2.886400889133433	-0.0008813328199024895	-7.5340043135545
297.490723	1787825020680108288	47.64292404060653	-122.14111666044136	118.85465794373776	-3.0468656957719182	0.005787306111069782	-7.338821707292242
297.596738	1787825020785107968	47.642940935691904	-122.14111369030796	115.70647146205809	-3.154649027806128	-0.04707490442896974	-7.420092576327126
297.706227	1787825020893108224	47.64293905170168	-122.14113888349266	118.88098480414372	-3.3654404753209706	0.02799280962403132	-7.336762185075411
297.793715	1787825020983108352	47.642931518662735	-122.14115671170896	116.03800764474292	-3.4929311841998714	-0.060688003016950036	-7.172067714845371
297.902901	1787825021091108352	47.642904653445	-122.1411813174076	118.03571629830154	-3.5910785595239827	0.03355114840851261	-7.170082371140738
298.000894	1787825021190108416	47.642921296527234	-122.14117357573963	116.99113870312513	-3.6265594940034718	0.06965634114506389	-7.147886881398185
298.103941	1787825021292108288	47.64292212664076	-122.14121720761894	116.48600326448805	-3.645520686937942	0.003808455229835544	-7.055057323978303
298.190267	1787825021379108096	47.64288410389475	-122.14125601918654	119.0676777520057	-3.916269232039719	-0.01731573224007447	-7.050619483854137
298.307438	1787825021496108288	47.64290235159599	-122.14120211381437	115.6617627509119	-3.9002234591499	-0.07133928923174514	-6.973334567484799
298.397898	1787825021586108160	47.64289686375939	-122.14122212679055	111.58822894393609	-4.106343217944434	-0.04484103377767348	-6.876185892816798
298.499887	1787825021688108288	47.64287959858282	-122.14124298991297	116.22794006012745	-4.1975172939711145	-0.01047569805482583	-6.826085908843427
298.597836	1787825021787108096	47.64288926000818	-122.14122957866448	113.49041313379219	-4.32193217595343	0.1413176060626483	-6.684584670549312
298.687866	1787825021877108224	47.64291197768526	-122.14126982754694	117.37398820980259	-4.4015939167100315	-0.01933424302809184	-6.677053318737524
298.800724	1787825021988108032	47.642912384709824	-122.14124611362422	118.48709240686318	-4.5683631551101636	0.04061154203555337	-6.602585298194867
298.901991	1787825022090108160	47.64288871484701	-122.1412429249393	119.42028935230431	-4.686712130349806	0.0012139219089859748	-6.674539713928563
298.982120	1787825022171108352	47.64289231758722	-122.1413134150736	114.66514642336138	-4.675191992769573	-0.04673990072595291	-6.469767144106538
299.091413	1787825022279108352	47.64286529527119	-122.1412987519858	114.95956557724675	-4.817545371576241	0.01737084324443097	-6.405911067830855
299.205100	1787825022393108224	47.64286940146795	-122.14130307761103	114.67245184275941	-4.845072806920129	0.07540653483868043	-6.309664685443029
299.306534	1787825022495108096	47.64286541955458	-122.14127382619732	123.3164278148069	-4.937663591884092	0.001112907324326263	-6.252836379236361
299.400056	1787825022588108288	47.642843769723356	-122.14131318796713	116.15232361588119	-5.052667944328186	-0.10890974613742994	-6.1394450748967815
299.491717	1787825022681108224	47.642851249156394	-122.14131786096415	113.63344070455514	-5.236082532214905	0.04001170928476566	-6.132551569928923
299.605621	1787825022795108352	47.64285531888961	-122.14133667814284	118.27246827720096	-5.383450959711272	-0.06575424080926044	-6.021669665407967
299.709503	1787825022897108224	47.64287674878986	-122.14133743749062	117.58283569226383	-5.393758982769281	-0.07501176364014205	-5.952434048112836
299.798487	1787825022987108352	47.64283981941942	-122.14137634464333	117.6408774152039	-5.396001493013671	-0.03937793700874182	-5.887057169052739
299.899769	1787825023089108224	47.64282748140766	-122.14137120749554	115.01651520803382	-5.559902411710776	-0.0606565073701145	-5.742992333910165
300.003641	1787825023191108352	47.64281725514737	-122.14137130015231	114.38142121293576	-5.583038176761676	-0.0019956802532565374	-5.675917145321769
300.110091	1787825023299108352	47.64284909321634	-122.14134910030536	119.15609168508955	-5.780851792858644	-0.03963182509719086	-5.478682312996487
300.200631	1787825023389108224	47.642826571017224	-122.1413834317706	116.56684027281467	-5.85700263570015	-0.037883709181706644	-5.488274959031039
300.297044	1787825023485108224	47.642798464512765	-122.14141750133423	123.07717791450499	-5.994652279969691	0.06864181598263688	-5.392057390306388
300.403648	1787825023593108224	47.642806428361844	-122.14136719695472	120.72405245267257	-5.981929720026627	-0.06585511907164406	-5.259646108380674
300.509065	1787825023698108160	47.64280490314571	-122.1414030773082	116.67535621889958	-6.010405118071333	-0.026820625050438193	-5.138403056399804
300.597172	1787825023785107968	47.64277052999512	-122.14136935376928	116.66915100126654	-6.1925999579678885	-0.018478593756843725	-5.127419200722634
300.705402	1787825023893108224	47.64280769835849	-122.14143318475058	113.24553185478545	-6.228059190364055	-0.014997897024517147	-5.012967851856665
300.803501	1787825023992108032	47.64278123533612	-122.14145735668086	117.4739766235898	-6.302076130730504	0.026570903037562096	-4.884711757522452
300.891771	1787825024079108352	47.64277920576137	-122.14141855482717	114.65112857362224	-6.387940791500373	0.06033069865927193	-4.775418531084742
300.994659	1787825024184108288	47.64275812790043	-122.141459757578	114.26767416504241	-6.453240237462452	-0.08454273551947533	-4.6851834858055375
301.100972	1787825024289108224	47.642743307083585	-122.14143335962916	118.52241681277532	-6.491735920619914	-0.037118630582095316	-4.631345025048657
301.201031	1787825024388108288	47.64276364938172	-122.14146280439347	117.28928097380283	-6.682034729201173	0.009557729010362268	-4.516932032623216
301.308108	1787825024496108288	47.64280500087313	-122.14141134735293	116.58609453751197	-6.702765997287404	-0.05716149063341136	-4.463330927345438
301.397675	1787825024586108160	47.642770459208634	-122.14145561734875	113.72986126755283	-6.757023857657697	0.03327987879366295	-4.24818520088634
301.497078	1787825024685108224	47.642751922128944	-122.14148643038142	115.78239558558465	-6.922328032026189	0.009313240330212332	-4.212388559410677
301.599192	1787825024787108096	47.64273868657319	-122.14144640072728	114.40383843090744	-6.933953682001149	0.041017818853840066	-4.080912011281179
301.702783	1787825024892108288	47.64272117581714	-122.14147596276445	116.39292929731998	-6.967796356624754	-0.09514247597363969	-3.937929650154422
301.795320	1787825024982108160	47.64274636009097	-122.14147266447584	117.89661865867858	-7.0495261843715395	0.033992822848661695	-3.837088658157209
301.893576	1787825025081107968	47.64272394467022	-122.14152209725714	115.04564738316884	-7.019165863023534	0.016903058765822248	-3.751793194846026
302.000310	1787825025189108224	47.64271453624429	-122.14147485527585	114.46229475150744	-7.147736476818783	-0.002494905534910171	-3.6814451286126784
302.107877	1787825025297108224	47.64269266381406	-122.14149268474361	120.05051904819543	-7.258691864741792	-0.03610323104801934	-3.552679211912937
302.219434	1787825025408108288	47.64272302963046	-122.1415199950501	120.48420752778182	-7.232276029445892	0.06548415713935178	-3.4067030675692966
302.298438	1787825025486108416	47.642690983852816	-122.14150852249352	120.12755647329166	-7.193480211084884	-0.06705080521523231	-3.2597236506158773
302.407635	1787825025597108224	47.642704091957945	-122.14150545449318	114.04407834914977	-7.391841722921603	-0.026837425675555512	-3.0685845082757384
302.499895	1787825025687108352	47.64267102325518	-122.14150471344583	119.61017220636855	-7.3502918378766395	0.014958108038437085	-3.0777077310970187
302.595524	1787825025783108352	47.64269376009389	-122.14150756942746	118.79181130586686	-7.480384390489184	0.036153654997448624	-2.9072443891768947
302.697973	1787825025885108224	47.64267531961035	-122.14152891848984	115.25135126585596	-7.5484368763980605	-0.059287819643864904	-2.8312465044155215
302.799439	1787825025987108352	47.64266216272864	-122.141511177747	113.05575811103245	-7.513000172526788	-0.018721105504246143	-2.6546431085143034
302.904180	1787825026092108288	47.642670269644974	-122.14153105278608	119.20975287216538	-7.575712164421634	-0.012683453827248843	-2.653590990545329
303.009282	1787825026197108224	47.642658815768	-122.14154051688554	119.18503487933864	-7.605195988552863	-0.07951162072864788	-2.4415526866407893
303.094643	1787825026284108288	47.64263794079851	-122.14154498335746	118.95130801506185	-7.612648771521096	0.03045685036155585	-2.390278878561459
303.209553	1787825026398108160	47.64264710089708	-122.14152789640029	123.12990414733584	-7.77419546638917	0.03145777786788641	-2.1274964572144976
303.300974	1787825026488108032	47.642640215542635	-122.1415233734275	115.79245068280565	-7.750192581467113	-0.0363105901870955	-2.04843491599088
303.391626	1787825026581107968	47.642645492326444	-122.14154969048249	113.91311621446037	-7.725406369765397	-0.020623839501178395	-2.047031760958405
303.498587	1787825026686108160	47.64264134727053	-122.141556511771	114.42159469925811	-7.698192924685504	-0.0039480055506757655	-1.8242390607748342
303.600134	1787825026788108032	47.64261051601054	-122.14153251944505	119.4978387587249	-7.896596908648466	0.024615237012041748	-1.748726296487733
303.690287	1787825026878108160	47.64262587921535	-122.14151985777337	117.9576396536604	-7.879240365571546	0.02281774905025458	-1.6033555582112313
303.807837	1787825026995108096	47.64259379905713	-122.1415457579524	119.40844564639713	-7.831400238575647	0.061523277252031716	-1.5792298439071093
303.900370	1787825027088108288	47.64258060771962	-122.14154564154651	117.94024731551228	-7.918147235321384	-0.022804557322801965	-1.3437423301419256
303.989833	1787825027178108160	47.642587065872014	-122.14152853797377	117.62737238782458	-7.9256648327704635	0.06636587827370537	-1.2803873690911407
304.095281	1787825027283108352	47.642609930455045	-122.14154183581404	119.49530418457347	-7.911944152278087	-0.048615571634709184	-1.1504510895942057
304.194403	1787825027382108160	47.64258471473736	-122.14156086555701	118.8958276122725	-7.904746194936341	-0.059539671964601075	-1.0122249700670074
304.298581	1787825027487108352	47.64257142864107	-122.14153934528072	116.77134332204433	-7.894901751892156	-0.08785669845314377	-0.8543181105867812
304.398888	1787825027586108160	47.6425523709423	-122.14151976841656	117.73012993392173	-7.897129828424423	0.047547316867387446	-0.7676877759504298
304.503172	1787825027691108352	47.64253508697867	-122.14157257582471	119.99429625398118	-8.002157066076144	-0.08515855372590904	-0.6460234035558866
304.598101	1787825027787108096	47.64252206463032	-122.14154878566613	114.33859845334119	-7.956207229880396	0.0044411051080457615	-0.5178901689543554
304.707238	1787825027895108096	47.642543087506745	-122.14155884559422	117.57017923037938	-7.926254640845965	-0.032075159500567295	-0.3277405347830891
304.798561	1787825027988108032	47.64251004976679	-122.1415796352232	118.57134553602255	-7.976589783093527	0.07460606801369177	-0.22262538902336876
304.901819	1787825028090108160	47.64250295449195	-122.14151733176234	115.99080730526427	-7.961502178705414	-0.034961122341052635	-0.15103751341975444
304.997719	1787825028186108160	47.642507063231584	-122.14154130055947	115.81403188671734	-7.978534545349489	0.036991129231253694	-0.06254395993865984
305.104521	1787825028294108160	47.64249969783083	-122.14154819563875	116.04832920895016	-7.994314982987678	-0.02066817496766058	0.09058442977656841
305.196581	1787825028384108288	47.6424704748098	-122.1415239925193	118.76191176983998	-7.940117023069711	-0.054949624017355515	0.26700994748185813
305.301092	1787825028489108224	47.64249987326403	-122.1415491717571	114.65960316541904	-8.000101648161536	-0.01814399835080616	0.4119317429738605
305.392033	1787825028579108352	47.64248553960795	-122.14158644732468	115.16162900369896	-8.032968256675453	-0.03355776403549222	0.49244179768434515
305.500477	1787825028687108352	47.64247482414287	-122.14158140606892	111.72538482803935	-7.9772935456940255	0.02317714261219739	0.6553413642988566
305.604515	1787825028792108288	47.642487529540574	-122.14157034144598	116.43091521950305	-7.908646522595078	-0.030833893679057978	0.697643516514426
305.697438	1787825028885108224	47.64245662904371	-122.1415820530218	116.55401304764857	-7.966758406869621	0.019563620866594276	0.9087469535294993
305.794256	1787825028981108224	47.64246124042936	-122.14153522425724	115.37061187271316	-8.013221545179517	-0.04351946954331145	1.0298283613322703
305.907411	1787825029095108352	47.64244870009118	-122.14155264285684	116.411555569528	-7.837426651959435	-0.05454717602425058	1.1186535535757485
306.002590	1787825029191108352	47.64242664002868	-122.14155472997962	120.52241277579355	-7.898934648958595	0.037079497074074465	1.1902455892127604
306.098994	1787825029287108096	47.642405508517236	-122.1415590042514	118.93039101681029	-7.896329104048368	-0.05949073226307398	1.3284099533441378
306.200419	1787825029389108224	47.64243252718324	-122.1415417855592	116.35540756813154	-7.9445898914973885	0.033553423539360715	1.4347638835306922
306.298561	1787825029488108032	47.64240281366464	-122.14153161127221	119.17245818912444	-7.883624498479096	0.01951176617354261	1.6581469609742376
306.391508	1787825029581107968	47.642413278328426	-122.1415120415977	123.2303848485688	-7.842855347012022	-0.037694845275465655	1.6992642853635485
306.507938	1787825029695108096	47.642398279578	-122.14155123534951	117.66158398199185	-7.819646087552542	0.014817980089348494	1.9306997701605135
306.598652	1787825029788108032	47.64240121508898	-122.14150541098662	117.38381721914001	-7.707243216807205	0.009535824131976593	2.0824060857571975
306.698153	1787825029887108096	47.64237663325699	-122.14153248558685	114.99568888259486	-7.6728623981999045	0.0768840999450737	2.048049858054053
306.800718	1787825029989108224	47.64239026884792	-122.14151741002075	116.32881583112002	-7.605535685164164	0.002974140702971941	2.3106567788889665
306.893722	1787825030082108160	47.64239683457712	-122.14155470823476	119.10161080246273	-7.720120458026563	0.021414201560993065	2.340867643618025
306.999427	1787825030187108352	47.642350724835055	-122.14153057390003	115.8156222659348	-7.6592570144230425	0.0426193569663697	2.3323395990394107
307.104302	1787825030292108288	47.64233912727835	-122.1415077875552	115.1573759004855	-7.557168751004667	-0.004421822932310105	2.6659228166747093
307.193229	1787825030382108160	47.64236586113845	-122.14153126165088	116.88406948916285	-7.51631686585243	0.0327855677782582	2.6623284233238094
307.301192	1787825030490108160	47.642332249282674	-122.14153447929374	117.73197980902502	-7.47028565099449	0.06236449513389733	2.876417861876749
307.396117	1787825030583108096	47.64232597960285	-122.14152787614205	112.50364708289558	-7.517324934153683	0.05879767411632079	2.9150864986794036
307.500283	1787825030688108288	47.64233554369298	-122.14152674361591	118.7492579600909	-7.363636974805484	0.0004953316326555412	3.1232560503389144
307.598763	1787825030787108096	47.64230298957565	-122.1414779118823	116.7130615374771	-7.335795312232188	-0.0023059634121222563	3.1913078686801906
307.708655	1787825030898108160	47.64231249654604	-122.14149406487522	116.42788036330933	-7.321539041588576	0.012030522127770803	3.2837979715225307
307.799286	1787825030988108032	47.64232309978586	-122.14151108920416	120.34638204815765	-7.152474697584664	-0.004122462352668106	3.377928567909411
307.892008	1787825031081107968	47.64232137219573	-122.14150499330471	120.1144735227061	-7.270529578282164	-0.08703504452069226	3.52073981496209
308.001960	1787825031189108224	47.642320274952155	-122.1414898858066	114.01481903333541	-7.211532668935123	-0.07106301914149758	3.561069637524828
308.092818	1787825031282108416	47.642304935314165	-122.14148208342073	112.99102010710956	-7.127142543450302	0.054158136037973405	3.681001090806387
308.200264	1787825031387108096	47.642269208758535	-122.14147555718144	113.58825089940072	-7.053978523380266	0.029101359725817916	3.881850452341985
308.294757	1787825031483108352	47.64228797100252	-122.14146763811691	115.43668468956777	-6.871458571407197	-0.014588979487261226	3.9777629668390375
308.397275	1787825031585108224	47.64227384461078	-122.14149536361396	113.1492712538327	-6.810206103586793	-0.025102753801294016	4.013890907002094
308.488618	1787825031678108160	47.64230982109993	-122.1414223623175	115.5030640197089	-6.742962393414117	-0.052197329176617215	4.200744194924114
308.600491	1787825031789108224	47.64227892562122	-122.14147247171043	116.26189443269429	-6.718411554761938	0.004092424917599268	4.315767672173137
308.698682	1787825031888108288	47.64225674233262	-122.141431957982	116.02392620689396	-6.783820335296036	0.05796265282924301	4.355482007018666
308.806465	1787825031993108224	47.642254523105564	-122.14140213574125	113.57013866866465	-6.569452920849592	-0.0007416589569922876	4.564625757897311
308.895071	1787825032083108096	47.64224819620699	-122.14145085583003	121.96041894423355	-6.644666391872578	-0.025615577334030134	4.573806435683775
308.997894	1787825032185108224	47.64225311507165	-122.14141634325479	120.60018356456726	-6.495345660586427	0.04916597337803973	4.790688892884625
309.092755	1787825032281108224	47.642239426493234	-122.14142714433487	117.04855078066826	-6.358160522455806	0.04664933460559389	4.798126533935589
309.212002	1787825032401108224	47.64222886884664	-122.14139300344833	116.0234974221713	-6.284705911476649	-0.02044029809115705	4.915421938415213
309.303653	1787825032491108096	47.642218936677324	-122.14142710182571	120.65944766123685	-6.307615562703324	0.00955128395861367	4.985548983374007
309.401685	1787825032590108160	47.64222073668292	-122.14139772960786	116.77076654057602	-6.196817691174018	0.014465022566740746	5.165942836536269
309.497635	1787825032686108160	47.64220862969084	-122.14143037926623	113.50985721967594	-6.080856374869378	0.10640564413068732	5.1816525375127895
309.610298	1787825032797108224	47.642209803048104	-122.14137599218701	116.85416927106287	-6.001984772388979	-0.02664774175392587	5.349348295159607
309.689591	1787825032878108160	47.64222409626946	-122.14140359836557	117.84649027239522	-5.893814599064442	-0.02685083013248675	5.48898125944469
309.803980	1787825032992108032	47.64218466918961	-122.14139032782273	112.56771222634113	-5.8930665879851025	-0.01365721681361207	5.543652818409989
309.894240	1787825033082108160	47.642171786643665	-122.14135915915854	118.54889751127249	-5.779303902076435	0.07430855681743165	5.497429605530435
310.002007	1787825033190108416	47.64220389904243	-122.14130831598769	114.7868135064584	-5.626285272155225	0.02551218483938311	5.621430425778447
310.106297	1787825033295108352	47.64217801746547	-122.14135965376695	117.06620805988872	-5.571520378452001	-0.07186387752495156	5.717211521851719
310.201365	1787825033388108288	47.6421883621798	-122.14134881864435	119.1841602598603	-5.58585787667039	0.014006043346675018	5.795873622009413
310.305789	1787825033493108224	47.642171439691204	-122.14135754505246	119.09175343847365	-5.3769118735582	-0.0028308020877895472	5.8821140841362505
310.401409	1787825033589108224	47.64217198608456	-122.1413633583372	113.8564892327698	-5.353506719282	0.038680391428191435	5.860975230774274
310.496967	1787825033685108224	47.642153178525625	-122.1412882471443	118.66909357605611	-5.1505694903042	-0.03367908051584908	6.109840350094865
310.603243	1787825033790108160	47.64217192888742	-122.1413467789536	118.12650468743857	-5.0797154794263735	-0.016704365591392305	6.094561403804577
310.698555	1787825033886108160	47.64216379612056	-122.1412995608481	117.91845913457426	-5.011896065083868	-0.0168300394890765	6.266014040759664
310.792270	1787825033979108096	47.64216065341085	-122.14131803305725	116.7184059163389	-4.922864621173339	-0.05681444619435874	6.2537497771237245
310.911776	1787825034099108096	47.642143203682835	-122.14130486995275	124.23571467593452	-4.756736602511341	-0.03545141297725196	6.407565122190993
310.990264	1787825034177108224	47.64213793267571	-122.14129308783934	114.64899995172176	-4.683351114163266	0.09698303845882127	6.441185226984743
311.104146	1787825034291108096	47.64211752060208	-122.14128071918647	116.6345168636951	-4.551611306628329	0.024881037855875292	6.580559495852735
311.196427	1787825034384108288	47.642094809392944	-122.14125548339959	116.27031923100247	-4.512320794902321	0.10644694862318721	6.597077460160294
311.292610	1787825034480108288	47.642124504789486	-122.14126280823592	117.37558946141282	-4.35680369029862	-0.024051219262816437	6.643836015788007
311.406147	1787825034594108160	47.642105095365835	-122.14124124631509	117.23163668011648	-4.315680772334679	-0.009838381569000446	6.679619757548859
311.505069	1787825034693108224	47.64212924696539	-122.14119198147759	117.75609260967204	-4.248304207061858	0.047593538850973886	6.746015852420055
311.601761	1787825034789108224	47.64213711355511	-122.14123716674742	115.75582655653693	-4.057933370391679	0.02594877623423579	6.849307561587076
311.700191	1787825034888108288	47.64210987775498	-122.14122870010314	118.48643394665704	-3.948557674408696	0.015240865277060773	7.000268109935308
311.795939	1787825034984108288	47.64210122812872	-122.14120465855045	113.0041514491676	-3.8224159416587735	-0.06113306244602919	6.958300530840914
311.907351	1787825035095108352	47.64208948738548	-122.14118075734352	118.56891807751305	-3.7078920845197367	0.006467869782337681	6.945105136768752
312.001023	1787825035188108288	47.64210795292241	-122.14122781953749	119.46669160133992	-3.6424147723566516	0.056178811003482945	7.223648786864393
312.100393	1787825035287108096	47.64209393357353	-122.14116367293676	116.08566631427256	-3.4698733766441436	0.03130494386274266	7.174036893890525
312.196412	1787825035383108096	47.642111201109735	-122.14118567629468	122.46823360602161	-3.4031069392810536	0.012406121677881767	7.2446524104869745
312.302583	1787825035491108096	47.64209166896689	-122.14113407648047	115.67323357808442	-3.323480283330234	0.06662067859765827	7.249876100472899
312.405175	1787825035593108224	47.642088107775514	-122.14112513765492	118.22097353281964	-3.184589665095546	-0.03752257783710523	7.432419890788992
312.499758	1787825035689108224	47.64208065074083	-122.14112570586369	119.40040431015288	-3.0926028607443663	0.06113769964738556	7.444240869952922
312.602359	1787825035791108096	47.64208522465327	-122.14112527315635	118.3869009851962	-2.9016159173005924	0.022586613978832715	7.432405352856036
312.700790	1787825035890108160	47.642082484971695	-122.14112350982994	114.2377022077541	-2.83155717746422	-0.0009796605159477446	7.466290909306857
312.808991	1787825035998108160	47.64208434865046	-122.14110303972664	117.32246515873017	-2.6636625032709325	-0.03959696682428584	7.4216204968785355
312.896960	1787825036085108224	47.64207861270599	-122.14114316814542	115.51337135770541	-2.5954711292270143	0.04322677618439996	7.5068702172037325
312.993511	1787825036181108224	47.64207704156234	-122.14113205881162	120.64926687832346	-2.5127690240394958	-0.019700343061118876	7.619904754856688
313.101951	1787825036289108224	47.642076947683925	-122.14110467674521	115.6996037322217	-2.290992876576505	-0.04878746129420781	7.666277088948151
313.192378	1787825036379108096	47.642074385786366	-122.14105260034451	118.04172282800383	-2.2065527827436835	0.05504999944218665	7.60067276904342
313.296825	1787825036484108288	47.64207297726136	-122.14105673517278	117.20877108927252	-2.078092071388111	-0.0005883746372741324	7.7219292053915565
313.402887	1787825036592108288	47.642068254915635	-122.14106970057418	111.842011315673	-2.0788093098901257	0.050307636010529844	7.7952619380242485
313.501388	1787825036688108288	47.64208088855173	-122.14106594755688	119.63260457284069	-1.8007449674279774	0.006291101523038474	7.804569451104171
313.606687	1787825036796108288	47.64208276070111	-122.14105045089912	118.75525967756373	-1.8394917708955858	-0.029421908503933614	7.854449076155278
313.698571	1787825036886108160	47.6420495665587	-122.1410048057162	114.90547469470684	-1.6063924167043557	0.04146138917038781	7.836239769515863
313.801532	1787825036991108096	47.64207154900413	-122.14096727340342	116.77136614323611	-1.4720516718482637	-0.06379979611596036	7.889405007041202
313.890794	1787825037078108416	47.642042975811854	-122.14100553440865	120.18141983702132	-1.4045378366240435	-0.008684651058827103	7.830411737349099
313.999839	1787825037189108224	47.64208219939997	-122.14098942743864	119.9138247648014	-1.164306608167329	0.02580778793543333	7.857292242161002
314.106699	1787825037294108160	47.64205612423111	-122.14098976716073	115.38828002610401	-1.180188283150585	0.0178016712614677	7.927204422386066
314.208578	1787825037396108032	47.642045626831255	-122.14097033121124	113.79364495255031	-0.9547735913999189	0.050640808680943686	7.880766409843987
314.299655	1787825037489108224	47.64203979181872	-122.14095565367421	112.13243385092318	-0.8535476472519373	0.08926005878034744	7.936688664921514
314.406476	1787825037594108160	47.642086129602596	-122.14094112257335	121.31555747266324	-0.807861537221646	-0.07770893733379673	7.9886085233167945
314.502623	1787825037690108416	47.6420533395285	-122.14094664860852	116.32166865991947	-0.6149800049362741	-0.002214534462142	7.991958957537321
314.601408	1787825037789108224	47.64205797092319	-122.14089467958544	116.01706509940962	-0.4818612068457464	-0.0668467385387022	7.9537414681836625
314.701881	1787825037891108352	47.642062720386825	-122.14089729327671	117.46778670608796	-0.36296933148766053	0.03407731075534395	7.969002091204137
314.797957	1787825037987108352	47.64205760415766	-122.14091121558853	116.23553872657611	-0.3362948971757897	-0.017891506447637467	7.954155470041046
314.904009	1787825038092108288	47.642027434796006	-122.14093696816738	117.42679987004517	-0.1288495864858691	-0.0009931436805447078	7.956063283290039
315.005879	1787825038194108160	47.64202885875788	-122.14086604057196	113.25426591480247	0.0795480704957401	0.09474597703754611	8.001329313116127
315.100968	1787825038290108160	47.64206432988592	-122.14085862475312	116.8272218571835	0.10990217097485418	0.08261343177195375	7.9983076890510185
315.190661	1787825038380108032	47.64205488813948	-122.140865038054	116.15151418638652	0.21940176907591316	-0.01043701688122161	7.971892057705331
315.294549	1787825038482108160	47.642044969086555	-122.14083164076176	112.75984485577945	0.364805532340904	-0.01150296260928819	8.065756539422752
315.399839	1787825038587108096	47.642051389780384	-122.14084365237608	119.45062961575802	0.5431310960467427	-0.04687566076117533	8.077948175208114
315.503300	1787825038692108032	47.642061792691614	-122.14083024059727	119.45110119764516	0.6180614234300119	0.17649901768733303	7.9979086914692745
315.598481	1787825038785107968	47.642058341189276	-122.14078630349121	117.75779681653567	0.675934090120602	0.02682719318276135	7.965350202131643
315.685857	1787825038875108352	47.64203925333957	-122.14079223317388	119.19799816608568	0.9156879614363281	0.0007069647415227811	7.873111189785474
315.806208	1787825038995108096	47.642058930711215	-122.1407914646704	112.9721654789789	0.9832092264384188	-0.0447074114247431	8.047013346153994
315.888836	1787825039076108288	47.64206908441347	-122.14077770146338	119.19751074545297	1.1206327830902822	0.02983757553519703	7.892921499823145
315.998796	1787825039187108352	47.64206666790538	-122.14077833030542	116.9760761467255	1.1552756576004568	-0.022822355454043344	7.910017201492729
316.100977	1787825039289108224	47.64205918267327	-122.14076630688353	115.95835112029498	1.3469498706626502	0.11350294731125349	7.923870255293424
316.210651	1787825039400108032	47.642083869328225	-122.14073908381332	116.02138487028961	1.4941324471432578	0.006081846882274751	7.890058577336948
316.311400	1787825039499108352	47.64207421626155	-122.14070604026654	117.1492278753815	1.6924888821045965	-0.008639500098148718	7.87900162521412
316.389317	1787825039577108224	47.642076186347616	-122.14074830076187	119.50457834754705	1.7902502055582212	0.043264304424357636	7.848307536221623
316.502738	1787825039691108352	47.64207819595177	-122.14076353794411	118.4717919918672	1.912266820386995	0.012465855686709885	7.7709880792454795
316.595670	1787825039784108288	47.64207198463797	-122.1406780789546	115.61722555368809	2.008865595165655	0.0014625643690448435	7.708803963585978
316.682948	1787825039871108352	47.64208462054504	-122.1406930377827	116.73941880786442	2.1008416191918666	0.013437258491705226	7.841738053806709
316.802554	1787825039991108096	47.64207011220837	-122.14073616394563	119.48421616117722	2.2478512316853116	0.015405754948320647	7.673404481488041
316.907541	1787825040096108288	47.64205396946212	-122.14066652422348	116.84650073420944	2.3656727377378397	-0.01722350171651253	7.630077306876483
316.995415	1787825040183108096	47.642080667183365	-122.14066022533589	120.00058624052424	2.3966760889128476	-0.0792168362780274	7.720109748710155
317.090213	1787825040279108352	47.64206710549377	-122.14068568667501	114.99511974079097	2.665081203961612	-0.003312581449408695	7.501297695281321
317.196616	1787825040384108288	47.64208343820068	-122.1406494453657	121.21260748275466	2.729651846234751	0.009711105174056803	7.500791284729531
317.302874	1787825040492108032	47.64209409981348	-122.14064794514057	112.88229397847914	2.8469268350322308	-0.06372031929450452	7.460054429485213
317.400243	1787825040588108288	47.642109805596775	-122.14059913419159	116.2432912672834	2.9052012917027663	-0.0012404149469869919	7.4690594152924366
317.494374	1787825040681108224	47.64210009233197	-122.14061694597859	112.53094715642678	3.064082608479889	-0.018251941568357955	7.421001968214719
317.605001	1787825040792108288	47.64209619093875	-122.14058336886134	116.35861479580034	3.0948111908806006	-0.00547187804175977	7.369893310718741
317.702000	1787825040891108352	47.64209321039459	-122.14058910764905	119.6512392964828	3.3435202571429867	-0.03138758806731025	7.293552186212659
317.800767	1787825040990108160	47.642076194746586	-122.14056520998588	116.78522582572914	3.415620539835046	0.0315646070152775	7.301216372068246
317.897376	1787825041086108160	47.64212151044831	-122.14057416150372	117.18493436252758	3.4339893840891462	-0.03756817506680966	7.239659878124807
317.990038	1787825041179108096	47.64210146880539	-122.14054407162752	116.27523188832514	3.592673060671486	0.0550023144906707	7.046495980561404
318.094174	1787825041281108224	47.64209008816757	-122.14054618166118	116.92635756218347	3.7668227529592295	-0.04952496465898575	7.113005893231835
318.194576	1787825041383108096	47.642123049610724	-122.14054500629344	116.67190843769359	3.9541127323819993	-0.05774439479956331	7.063028362157295
318.309408	1787825041497108224	47.642110363356196	-122.14051797647672	114.06549171040679	4.062115522891165	-0.03409176033909644	6.897723095700155
318.405613	1787825041593108224	47.64212048324985	-122.14053253695886	116.9572835596821	4.089800543576249	-0.040074585410887396	6.924636227327234
318.494732	1787825041683108096	47.64213049390036	-122.14051613157572	115.98952534858651	4.252438026464322	-0.01223479522202816	6.800041735636159
318.599601	1787825041788108032	47.64212013714117	-122.14049195448003	117.79737741867578	4.267784015435864	0.004470737279830946	6.663083138215145
318.699802	1787825041887108096	47.642144914695166	-122.14054217946571	120.82711592607826	4.408329615831514	-0.07162574449513792	6.708341880537379
318.794692	1787825041983108352	47.64213572565321	-122.14049566537533	114.01491728156569	4.453206894314477	-0.01835559388562839	6.642069846808099
318.881478	1787825042070108160	47.64214360448834	-122.1405121110788	115.82655839278374	4.604788525493013	-0.02046808756242033	6.613227456354802
318.997803	1787825042187108352	47.64213485194643	-122.14045760484566	119.79577949450444	4.687094914904562	0.0876425825830882	6.4704858752767676
319.104686	1787825042292108288	47.642159109037905	-122.14047076286253	117.03807099227994	4.729179103065328	-0.0002717035221586711	6.420019944072311
319.205577	1787825042394108416	47.642146663107255	-122.14043477068078	116.50911557193409	4.869467658301904	0.041140144449402644	6.3220997684306965
319.293983	1787825042481108224	47.642171695535744	-122.14044661981649	117.72393510894209	4.991076918413943	-0.061669654333210845	6.294898546373895
319.402645	1787825042592108288	47.642158464712224	-122.14047341022682	118.12364433842083	5.154983692433169	0.0772893230770508	6.154572278956728
319.497700	1787825042685108224	47.64213515627033	-122.14047124417392	118.56868674071092	5.1682874422325416	0.02945978249939797	6.140036697226123
319.601452	1787825042790108160	47.64216610730366	-122.14042752517446	119.0693372303829	5.38776513023113	-0.013889907273751168	5.979087949251251
319.710503	1787825042898108160	47.64219034983869	-122.14040260371912	116.38163973158623	5.347905735103834	-0.02074798064295176	5.9902254681656295
319.807742	1787825042997108224	47.64216365109961	-122.14038763125347	111.22837693173466	5.4721608585603505	-0.08950588071983279	5.812158665220303
319.905703	1787825043093108224	47.642188079370555	-122.1404072086153	119.00711244324076	5.695709066627693	0.026138639843296264	5.728998895902784
320.004705	1787825043192108032	47.6421673080674	-122.14040044120638	117.86016566562385	5.661823792439346	0.013620273671262445	5.666451750219218
320.107089	1787825043294108160	47.642196564482305	-122.14039507749709	112.85774135923609	5.6963242718547376	0.0699140747765126	5.5382038632342265
320.197059	1787825043384108288	47.64219207581811	-122.14038278953082	116.46785805455401	5.815016095799917	0.09909481953468473	5.494876727223805
320.313841	1787825043501108224	47.64220439367267	-122.14036999082002	115.22309148020562	5.902913309830205	0.08400839846547449	5.365188808202265
320.409713	1787825043597108224	47.64221177019775	-122.14037864010075	114.29051491500834	6.030013847493785	-0.014105284063975513	5.3041897356986984
320.507858	1787825043696108032	47.64220000615626	-122.14036491044477	120.37578176722906	5.928618692405358	-0.007434338137690766	5.189506568688006
320.606736	1787825043795108352	47.642220192794404	-122.14036641801525	114.39479740269927	6.095176080429966	-0.0576964280461301	5.066938098901275
320.704850	1787825043894108416	47.64220631353246	-122.1403651981446	113.34742013128928	6.134429796307872	0.0007252676412734586	4.973103199578033
320.793623	1787825043981108224	47.642234832862904	-122.14034134024708	116.66990400087076	6.193000433769648	0.06302519268969885	4.860618269988523
320.913318	1787825044101108224	47.642219327602845	-122.14033011380306	119.8583319028613	6.369239944222691	-0.009134312405843743	4.766815120268031
321.007771	1787825044197108224	47.642260262944156	-122.14030835871552	116.19635975761439	6.315621494484133	0.06329203003252952	4.637978272486389
321.101044	1787825044290108160	47.64226047349538	-122.14033754950135	118.19678672279761	6.385690779431466	-0.02832490221649478	4.481252838101728
321.202911	1787825044392108288	47.6422741908016	-122.14031556631596	114.69019801933045	6.336475459368671	-0.055651275655644476	4.349361308031297
321.307490	1787825044494108160	47.64224163939643	-122.14032494864995	117.09050087413524	6.363260559465702	0.02512312793110598	4.283638685586087
321.393125	1787825044581107968	47.642269419254184	-122.1403144029032	118.09780959027285	6.467733116375365	-0.01918140818477864	4.099518546444486
321.493857	1787825044683108096	47.64227806692069	-122.14027335692248	119.77902591693064	6.435573535885728	0.008916752975585984	4.015075334471433
321.599292	1787825044788108032	47.64226059836933	-122.1402728013531	114.64755444699975	6.520660726941737	0.006072963903936713	3.8655784684366616
321.695189	1787825044884108288	47.64226862565507	-122.14031062573935	115.12884762710064	6.424024714841538	-0.09891886937665605	3.7121650038843845
321.792397	1787825044980108288	47.64228832162721	-122.14027114534287	119.10056667607148	6.48578074011475	0.08307039320266357	3.6803629809408576
321.911499	1787825045100108032	47.64229552675413	-122.14029408633183	118.46312271308732	6.490439152015729	0.0048655906689084	3.6368117584644866
321.984681	1787825045172108288	47.64230537996249	-122.14027943610841	118.15420967067487	6.54668260229311	0.045778810954963896	3.557974045931892
322.101078	1787825045289108224	47.64234638721382	-122.14026630796494	113.81230018072733	6.479965771723674	0.04490081983308256	3.2228133559125545
322.197321	1787825045385108224	47.64228727474779	-122.14026115404292	117.37300476861296	6.506905539369342	-0.05619011731008864	3.1521046571821425
322.299555	1787825045487108352	47.642319594369525	-122.14026287943922	117.4521522568309	6.444034340345722	-0.046005820488977216	3.0691470118339805
322.397341	1787825045586108160	47.64233819588494	-122.14025631837286	115.24560114081557	6.362643718347666	-0.0269097658641705	2.8860757894472466
322.492698	1787825045682108160	47.64233380206779	-122.14027448841114	116.168562978354	6.425308715212011	-0.05462159339902698	2.883078413909175
322.596546	1787825045784108288	47.642346880731765	-122.1402441620392	116.52545779308441	6.421326522192851	0.05813738894772855	2.7315902828133196
322.697329	1787825045886108160	47.642368810010595	-122.1402711056875	118.71232977013311	6.300576818991493	0.012833976825886327	2.5818084858201185
322.804628	1787825045994108160	47.642342765933755	-122.14025063871648	116.44445577068169	6.228840902705247	0.07183782161176297	2.345921464607794
322.898165	1787825046087108096	47.64236198872952	-122.14024494742188	117.17007686595352	6.222209652045823	0.013479597987880704	2.3785290670812085
322.997993	1787825046186108160	47.64236113261438	-122.14022508430975	117.24940718380677	6.172271243989938	0.07543739722467448	2.279672108132511
323.112736	1787825046300108288	47.642345180612985	-122.14022008068326	117.01842659695666	6.175735763890539	0.015463635116513736	2.0655310074709767
323.191165	1787825046378108160	47.6423605016338	-122.14021295561729	119.28693333769324	5.98950155950722	-0.013874740719068406	2.0787881462977476
323.307087	1787825046495108096	47.642377128205965	-122.1402374320122	117.70246625715819	5.999795534106101	0.09890395852008511	1.789439427482671
323.392851	1787825046582108160	47.642374200256086	-122.14022881121309	113.33081414647515	5.868447581109868	-0.059987082333943224	1.8202571663150007
323.497881	1787825046687108352	47.642364591108816	-122.14023997857048	117.4301624987367	5.88205530037883	-0.09594920065546675	1.722019859783472
323.606603	1787825046795108352	47.64240005092287	-122.14018819685734	122.08535600801265	5.73231499130056	0.0016700048841328825	1.5661106999027865
323.711810	1787825046900108032	47.64239352941042	-122.14023368006329	115.4460405168562	5.573495154395235	-0.04127465318297965	1.4426576077358129
323.790407	1787825046978108160	47.64240342747696	-122.14021330999863	116.26658748114419	5.52024779829244	0.03641728612787399	1.3641682447043417
323.906616	1787825047095108352	47.642401425976395	-122.14024031892612	114.71564288195067	5.391900845297347	-0.02787465130091429	1.2580919707651061
323.997532	1787825047185108224	47.64242259686926	-122.14021403446888	114.45623829314164	5.358447763935572	0.0281830990725469	1.229093371620221
324.100520	1787825047290108160	47.642424359080955	-122.14019258090272	115.68897395935124	5.160473249728573	0.0978822132668426	1.0796311740830713
324.199225	1787825047386108160	47.64243100413493	-122.14021181764382	115.71310092618899	5.074542196744428	0.0412108218213173	1.0352174995632235
324.302566	1787825047491108096	47.642429026332046	-122.14021862482687	117.27881657156551	4.94274993052708	-0.044597154953720575	0.9321892964987595
324.407829	1787825047596108288	47.642437704849414	-122.14023545195487	118.19872634030179	4.783045029462373	-0.06054784897786586	0.8490126227810876
324.495381	1787825047683108096	47.64242218110492	-122.14019890433504	115.31955796265242	4.669419091383854	-0.05245252501577167	0.8377590317999347
324.603670	1787825047791108096	47.642425029461904	-122.1402165369703	113.82499804351293	4.502667572580848	-0.0477111630915421	0.7553673873751975
324.700489	1787825047887108096	47.64243816220094	-122.1401932169061	119.55870299937308	4.3313488729961245	-0.00039883789811971963	0.7754052114164266
324.798781	1787825047986108416	47.64243195058558	-122.14016165188912	118.33995253366248	4.245673112077899	-0.011517316449854232	0.6908526017711722
324.911171	1787825048100108032	47.64246577562547	-122.14017848301519	115.26470100667234	4.100067610638419	0.017004447614334735	0.5669417561653012
324.997927	1787825048187108352	47.642446401910725	-122.14020630977667	117.60698137734259	3.9543654119603975	-0.04614527854607862	0.4395757924095967
325.102269	1787825048289108224	47.64247888203632	-122.1401930050787	118.1231299679401	3.7980619620632776	-0.0033664854212256835	0.5360927637287023
325.201848	1787825048391108352	47.64246237100135	-122.14021876832658	117.05920053391763	3.666830763477365	-0.03902634024372693	0.4196535171790699
325.298028	1787825048487108352	47.64247930348971	-122.14020138965445	117.82351595046984	3.4359062837200764	0.023685858213420945	0.3359444258539648
325.408015	1787825048595108352	47.64246300081449	-122.14021095909874	119.36117792709449	3.375189798130222	-0.01150704423164685	0.2540223934189849
325.502704	1787825048691108352	47.642459449968904	-122.14016775836762	114.18154708424692	3.206973389817914	-0.04406590113251581	0.3061547334808131
325.594210	1787825048781108224	47.642467295004586	-122.14018285353161	112.62391983215912	3.1087223101222135	0.035891426894160874	0.2752433629511621
325.702404	1787825048889108224	47.642486709333554	-122.14020158025863	111.22438117183862	2.9860336453236083	-0.02082210798811225	0.2606007026314634
325.798955	1787825048988108032	47.642493824176206	-122.14019085072518	113.38891327439785	2.821269329122216	-0.0871965624271949	0.2939992840668328
325.912485	1787825049099108096	47.64248536770664	-122.14020938574046	120.07002197948965	2.6102012576676414	-0.016393310520709106	0.15970359446854784
325.989816	1787825049177108224	47.64249161167844	-122.1401949280421	116.20899167442045	2.5811632770276933	-0.09886609379586396	0.21689059459376372
326.096647	1787825049285107968	47.6425047514147	-122.14018966261082	115.42272254188794	2.484709941618634	-0.009954369240630841	0.15157397118776184
326.207694	1787825049396108032	47.642511281152515	-122.14016497742448	120.13585222383203	2.2199903553374774	-0.020026118774902676	0.15469423821984155
326.296021	1787825049483108352	47.64250346375578	-122.14018180126578	120.83874944590679	2.251301595942479	-0.11801245034824014	0.21795039891746282
326.397037	1787825049585108224	47.64246137722174	-122.14018600839151	117.50374071869898	2.1099864736552147	-0.0011306025847630144	0.10930934679259231
326.502094	1787825049690108416	47.642512363069876	-122.14021059521906	116.29186653944697	1.9187190666003975	-0.04645782043227662	0.1636751455510139
326.601936	1787825049789108224	47.64248174039284	-122.14020281243478	111.87147105780369	1.8330414847491556	0.0474674193508183	0.11637290293772823
326.708715	1787825049897108224	47.64248100941081	-122.14019366026777	111.83593321347973	1.6958548680010037	-0.0904127876726576	0.12264352918646991
326.791283	1787825049978108160	47.64247357042318	-122.14018469904079	118.68291738809589	1.5696934814475607	-0.0018517430172415687	0.05214473116780929
326.894641	1787825050083108096	47.642501573686495	-122.1401989797302	120.266126537249	1.51998423044359	0.01005956018869968	0.025074178851414827
326.991819	1787825050179108096	47.64250074133824	-122.14019805573255	118.03837837689647	1.4746070010948826	0.06334787002649798	0.08429397862534854
327.099641	1787825050287108096	47.642508663365355	-122.14017183285853	118.67766426952768	1.3372613327644287	0.012631334189084005	0.06354747118727619
327.203123	1787825050392108288	47.642498242650504	-122.14022513002607	113.75536911654689	1.1258295847639819	0.02433070462758285	0.06238006638983819
327.307773	1787825050497108224	47.64250633504349	-122.14019737668612	114.99099443163998	1.140166757281453	0.034461692982586195	-0.0314643782881245
327.390251	1787825050578108416	47.64252763085114	-122.14019014510319	115.60064156356046	1.0718669925574245	0.02608780948134495	-0.05478946868653893
327.506790	1787825050695108096	47.64249318201301	-122.14020896947817	119.26917045474299	1.0084150986369318	0.007742164214352901	0.05951913574533541
327.600428	1787825050788108032	47.64252947134283	-122.1402325696546	114.17627210887518	0.9759181816347495	-0.0006709077435996493	-6.159256431485793e-05
327.706528	1787825050896108032	47.64251862013967	-122.14021934944377	115.15586542867548	0.8194554353401602	0.0323980168917707	0.05080597819524526
327.799119	1787825050986108416	47.642528718539616	-122.14020220856077	115.89981598682131	0.7783839216832947	0.07144070093261409	-0.002515899013033781
327.907751	1787825051097108224	47.64248843599891	-122.14022344703345	113.385227649823	0.6985022631044876	-0.06186712127530367	-0.04773375925337287
327.994266	1787825051181108224	47.642494139784844	-122.14022387864759	117.35133822064896	0.697443274500555	-0.07321238641250465	0.014956555550795404
328.099405	1787825051286108160	47.642504164420735	-122.14024062226333	117.03165932682862	0.5404614019440924	0.04048343935541712	0.010686326057564215
328.198229	1787825051385108224	47.642488580306235	-122.14019863047515	118.02709255233111	0.5261390560031611	0.067860693133704	-0.046223031709065
328.306522	1787825051496108288	47.642503167265204	-122.14024561909514	117.03645813993309	0.470422625508564	0.027457373838460742	-0.06595601960649308
328.402598	1787825051592108288	47.64250841509246	-122.14019987487994	111.29681798891177	0.39235081530554683	-0.0015843367015864578	0.06761752505492913
328.495214	1787825051682108160	47.6425110692819	-122.14018832283456	117.82209223149916	0.29184764096439203	-0.03320010500275463	-0.024800966912869343
328.608653	1787825051796108288	47.642505160180825	-122.1402272278231	119.08425222998221	0.3680008844867464	0.03379569169270817	0.052578787053095676
328.699279	1787825051886108160	47.64249318389758	-122.14022131089386	121.41578704184245	0.20057513312822084	0.004568701728221536	-0.016809253885881576
328.807017	1787825051994108160	47.64253277303557	-122.14017229792391	119.20176525443898	0.15775969251144	0.09994942361204352	-0.014644180751341117
328.900747	1787825052090108160	47.64250833533888	-122.1401999240532	117.87662297679113	0.22236763034811122	-0.008591422793019823	0.04875663706336175
329.002066	1787825052189108224	47.64254813452931	-122.1401678871653	122.06905006883659	0.10651376095161366	-0.07819109127967247	0.0851260121770932
329.104712	1787825052294108160	47.6425089542347	-122.1401825338876	118.59429223631501	0.032286067258250825	0.004707440165844244	-0.03460057876012754
329.200781	1787825052390108160	47.64251893293864	-122.14021501527472	118.50181295607102	0.16285826391847097	0.012815863741273706	-0.05276146426316809
329.309376	1787825052498108160	47.642519196369356	-122.1402088463804	119.44268120833131	0.005619696548362987	0.06883224957258448	0.011004002063749768
329.403199	1787825052591108352	47.64249817011208	-122.14016203363062	119.48641729300071	0.07760288533531491	0.043569303707333265	0.012354292044621006
329.513204	1787825052702108160	47.642508242151905	-122.14020346241726	120.83905771280249	0.06544687799783638	-0.07510739121234042	0.03588081958642961
329.595500	1787825052783108352	47.642513559534564	-122.14017618127384	117.6925699659351	0.04670868555183644	-0.04893165084619959	0.00024029282219262238
329.698736	1787825052888108288	47.642504962365685	-122.14015938810324	120.03048557184435	-0.022469540857144327	0.01996829932613524	0.049608252983680316
329.794237	1787825052981108224	47.64252010194656	-122.1402079099761	120.55233553528417	0.06459743624609525	0.020114056109306486	0.007747263064799628
329.902738	1787825053092108288	47.642510363349835	-122.1401891408493	117.57255578164843	-0.042216768011239664	-0.03536522484569955	0.029155666583330662
329.998612	1787825053188108288	47.64251673034383	-122.14020644784438	114.93470032502815	-0.019133404993237835	0.006105818577496245	-0.04095227937726882
330.096153	1787825053284108288	47.64250575661193	-122.14018853844829	116.94691773639794	-0.05677600580600119	-0.010880109523455691	0.031127279472427372
330.201460	1787825053389108224	47.64250946508809	-122.14021302791312	119.79958240008537	-0.014538213181372758	-0.07363803172685125	-0.025811914178709473
330.295349	1787825053482108160	47.642528663745814	-122.14020614775937	116.66886545177819	-0.002805113365639031	-0.05279053324914432	0.09147006396320717
330.405267	1787825053593108224	47.64251574524621	-122.1401697111812	115.86452752312755	0.0875164918372348	-0.007531002879340646	0.01698132421888673
330.496408	1787825053683108096	47.642486782914915	-122.14020129795145	116.02711772374175	-0.008319862769934254	-0.013216569945013443	0.019774186474975298
330.606082	1787825053794108160	47.64250047202651	-122.1402034494935	118.6268359875418	0.018045157831367353	0.0447292554761718	0.02077556765333702
330.701304	1787825053890108160	47.642498369426654	-122.14017302188037	118.82437030426773	0.12482433005335916	-0.04786971233648741	0.05007421421741142
330.808239	1787825053995108096	47.64249042604363	-122.14019106859587	117.79483685506321	0.03493625835595768	0.025633090340987926	0.014017046283740628
330.894728	1787825054082108160	47.642523674714695	-122.14018721608664	120.00495863953059	0.022011696001750833	0.05513759444574654	0.087642349504247
331.000628	1787825054190108416	47.64249744453595	-122.14020465186056	115.98855777462649	-0.054736928650447186	-0.000912474344312388	-0.01907163534322767
331.101397	1787825054289108224	47.64250978327203	-122.14019218019367	112.54801540961901	-0.00971323166799473	-0.04529309753811016	0.030976809004133368
331.202586	1787825054391108352	47.642510957802344	-122.14019831115051	115.68299003201015	0.04856300465695633	-0.08615865802119141	-0.053155420442821025
331.307696	1787825054496108288	47.6425320062604	-122.1401808426475	118.73497758913814	0.007010030457994695	0.038632258404254424	-0.022581258257655425
331.398957	1787825054586108160	47.64250879938593	-122.1402117608069	117.69667267974702	-0.006069438484693775	-0.05174763734987678	0.005453606108700378
331.501751	1787825054691108352	47.6425270950175	-122.1401842399887	117.82367882808629	0.01072722512462188	-0.06932314810601502	-0.027027913986932828
331.602627	1787825054790108160	47.64251716946544	-122.1401446384897	116.23826096664848	-0.008037865473454614	-0.023419974522808095	-0.08021753745810001
331.692677	1787825054880108032	47.64254528909266	-122.14020949685994	119.01607158883964	0.044767394712295364	0.016402322210962533	0.06026471490499013
331.800855	1787825054988108032	47.64251034184783	-122.14024246707585	117.3266565603833	0.019565771056118644	0.016705521781175944	0.009745035018146053
331.893633	1787825055081107968	47.64249505136844	-122.14020979484802	118.58472985906035	0.01345127858333433	0.0474865203041425	0.034933077469625436
332.000780	1787825055189108224	47.64252037963533	-122.14020963559665	115.83100572857778	0.025881236585484364	0.05243642490336273	0.02702826568526387
332.087458	1787825055276108288	47.64250870401129	-122.14021019970728	117.55911850208697	0.05001289448794976	0.025137189128930638	-0.005178566762901095
332.197745	1787825055387108096	47.64249227829114	-122.14020774191788	116.26361120724876	-0.08601566504601729	-0.018125788424487973	0.03302997858018152
332.298483	1787825055486108416	47.64253446358507	-122.14019635297325	116.08101777230442	-0.06226972088035047	-0.05503024897504023	0.06715536259696203
332.406570	1787825055594108160	47.642512689879986	-122.14018298298954	113.3439476852062	-0.023516771581912465	-0.06912806062604658	-0.002367294103600525
332.499456	1787825055687108352	47.642513180077	-122.14021552816247	116.27534526906705	-0.045593213555035574	-0.01755272828091264	0.03579770757706132
332.601824	1787825055789108224	47.642524383682826	-122.14018380166442	120.44932860322525	-0.017977315945227293	0.016562339843555693	-0.10578520786799193
332.700458	1787825055888108288	47.64252838434387	-122.14017101944157	112.81830084934269	-0.04168824914769656	0.147095973342506	-0.03213271836048675
332.802718	1787825055990108160	47.64252842317256	-122.14016371843121	120.63329359434378	-0.012716951100419186	-0.07109508209996178	-0.006750938888164165
332.894418	1787825056083108096	47.64252488610966	-122.14019529224511	114.01547662187642	-0.11267727011266537	-0.011532127671123927	0.04974947428628994
332.999514	1787825056188108288	47.642523346002235	-122.14018790373096	120.3106891977096	-0.03461425359542067	0.020487611978416066	0.06262646541652972
333.092887	1787825056281108224	47.64252701000257	-122.140194374436	114.42025181717102	-0.07835848994391698	-0.02421027967092714	0.046397068681453234
333.196952	1787825056386108160	47.64249984331093	-122.14022332861227	117.93150984410259	0.012267786981400429	0.030306180761886087	-0.06730906250453443
333.306142	1787825056494108160	47.64252833766031	-122.14019236437885	115.93440316775897	-0.04245877197151751	-0.005477328055982289	0.06263051715811839
333.388315	1787825056575108352	47.64252949450278	-122.1401728503712	114.1713544891284	-0.03732571069921949	0.029355748636212837	0.03593959116650486
333.504573	1787825056692108032	47.64251230143176	-122.1401700116107	120.91945239375693	-0.027984667979947916	-0.0015411438244335631	-0.0018985826232975267
333.608635	1787825056797108224	47.642512572785364	-122.14022427053995	121.77276807719527	-0.035751706439203355	-0.005370280284328944	0.05162555721418787
333.700006	1787825056887108096	47.6425101351009	-122.14019951712794	119.31263648267799	0.04250603530387981	-0.008867224414813902	0.049222238540205306
333.784526	1787825056974108160	47.64248720255359	-122.14020301275603	117.49494697168019	0.01938667958930248	0.07879271219840402	-0.013721364877316608
333.898084	1787825057085108224	47.64250973551868	-122.14017348158758	116.48488531924403	0.04650512128671405	0.1015977937704271	0.03568237726135566
333.997727	1787825057187108352	47.64250180431005	-122.14026088322858	114.52445322171273	-0.03339864370354694	0.11081466480840402	-0.004158514182180026
334.104179	1787825057292108288	47.642524304785574	-122.14017255268833	113.4952650276574	0.004927046994721348	0.03089786438917303	-0.02962025554489004
334.204452	1787825057391108352	47.64252419448523	-122.14020869818579	112.10940930572679	0.017605471641775165	0.08690745420758182	-0.05523412421102469
334.292822	1787825057481108224	47.64251415032241	-122.14016368831673	118.35372694653181	-0.04100711270588483	-0.07494602037099639	0.059357010793021914
334.409251	1787825057598108416	47.6425227410671	-122.14020664723854	120.5070484432021	-0.04831074413421305	-0.008133275706702598	-0.04756196498976587
334.492617	1787825057682108160	47.642511454771196	-122.14018537568913	117.5226119729201	-0.09571555429571735	-0.010057845818613085	-0.04648939047013931
334.609078	1787825057796108288	47.64251313301282	-122.14018910609077	121.70613085931558	0.07835560255392272	0.062487925533581234	0.05097957812696716
334.698043	1787825057886108160	47.64251633061699	-122.14019095977295	120.22577923731855	0.052319202486780236	-0.08032723555140825	0.040418864152735705
334.793205	1787825057982108160	47.642541046554925	-122.14021963671996	117.87368293876473	-0.020080090162127612	-0.0494545960207733	-0.00010144445100063274
334.892537	1787825058081107968	47.64249250325144	-122.14019432711716	115.06850874668157	-0.001656068722040469	-0.005035257050522598	0.06257899252957716
334.995180	1787825058183108096	47.64250352810384	-122.14018728455004	115.95173363170471	-0.13708659801523598	-0.003070587649440225	0.06728448209734761
335.097193	1787825058285107968	47.64250729582719	-122.14024186092898	115.63290111355722	0.02793579084343304	-0.019871483474026577	0.040365053103304516
335.202494	1787825058390108160	47.642528382110264	-122.14023735402104	118.45108453599478	-0.0030611250857289296	-0.026357825299614127	-0.036843298181906764
335.294384	1787825058483108352	47.64251041431592	-122.14019050624576	118.83050167175516	-0.023855717143151177	0.003751176554683629	-0.034115404362089534
335.404127	1787825058591108352	47.64250819019412	-122.14020870018412	119.14195612905964	-0.06429674117381533	-0.02856745187448284	-0.00011576051897906784
335.495869	1787825058684108288	47.64251106237988	-122.14022404717086	118.50631784809669	0.02843725465125335	0.07973690789514065	-0.030585890957217
335.608875	1787825058798108160	47.642513171213096	-122.14020086015395	119.62361410421869	-0.03864767807495798	-0.03612059796630782	0.05084798430476872
335.705337	1787825058894108416	47.642506352619264	-122.14019031530607	112.42006843284337	-0.1077051022790102	0.020986708520504962	-0.06515421665046818
335.798014	1787825058987108352	47.64252808456363	-122.14019476978505	116.64134894323392	0.013522113250576985	-0.016245475985167453	0.09755849958507917
335.904463	1787825059092108288	47.64251127792899	-122.14016213881891	118.90294633324983	-0.024556839679090198	-0.08999697148075436	0.03686957345568251
336.006127	1787825059194108160	47.64253997378511	-122.14021183966064	120.06267019771222	-0.02514909150360209	-0.05192236603826559	-0.04044793586646451
336.095534	1787825059284108288	47.64250930861185	-122.14021645862992	115.412410613003	0.019062467555912246	-0.06637295263132204	0.020767036780412543
336.201020	1787825059389108224	47.642530396844336	-122.14017781007959	118.58348710512435	-0.04535523415165018	-0.0355728370561654	-0.14290352262632172
336.295739	1787825059485108224	47.64250547101492	-122.14017814712933	117.48333863355379	0.038957507337154806	0.05311678720148048	0.022861442065707387
336.397241	1787825059584108032	47.64250586659322	-122.14017888598836	114.53821244127025	-0.029238287237919748	0.058298295305101555	0.06798373523740733
336.507330	1787825059695108096	47.64248536812484	-122.14022855865163	117.62384352353796	0.06986075940969248	-0.06965323739340877	0.062158003865006264
336.606143	1787825059794108160	47.64248358043689	-122.14020189490819	115.87430000365539	0.027083411210047478	0.018890706771937875	-0.061598456697857844
336.690735	1787825059878108160	47.6425098205047	-122.14019875532564	118.00080667543061	-0.007444096678518759	-0.035127763406323675	0.02485910534835235
336.813483	1787825060001108224	47.64248700854945	-122.14020924040548	115.91946716651279	-0.042248251732706084	0.019528478419256437	0.015736832321706317
336.905859	1787825060094108160	47.64252455715214	-122.14020992697806	112.59634456883302	0.006740607784119678	0.018145008638148694	-0.05073726698228646
336.998156	1787825060187108352	47.64251562337199	-122.14022267422685	118.90435839142677	0.033349337722655234	-0.061584496430483505	-0.013293928832870082
337.103988	1787825060292108288	47.64253548102587	-122.14017013628295	116.52042780379837	0.03257855467505053	0.020746937698087477	0.034575654521936144
337.204572	1787825060394108416	47.642540414748346	-122.14019686859426	120.15937383085306	0.08767434883002435	0.03482325791512057	0.08502269657557043
337.294498	1787825060481108224	47.64251048647099	-122.14020083182241	114.70545614843684	0.06346127570039811	0.0024289698361288376	-0.0597489142267321
337.399059	1787825060586108160	47.64253277220184	-122.14021927317015	114.51084347506432	0.03030847144135447	-0.023077152377313254	0.06114564999967163
337.496556	1787825060685108224	47.642511548727356	-122.1402088472087	116.77228402569035	-0.0022047315306358436	0.006745091254014801	-0.009623967859766233
337.599631	1787825060787108096	47.64250472982243	-122.14019151158234	122.63662357427664	0.04393020870763303	-0.03846140258123274	-0.003425922227885207
337.706343	1787825060895108096	47.64250836090172	-122.14020065295415	118.60878385058395	-0.06457929851191578	-0.0029549337916288283	-0.02478269017693506
337.801147	1787825060988108032	47.64250129920548	-122.14021519734212	115.39485045624961	-0.07557597030111793	0.07110804562552783	0.0208894028537698
337.890441	1787825061078108416	47.64250117641352	-122.14018376647174	119.49699001962585	-0.022299712066060445	0.03608328525954696	-0.0790879221026476
337.994065	1787825061183108096	47.64249504131108	-122.14019058274332	115.2591069945562	0.10624628925938806	0.02076314935762421	-0.041158473782865905
338.097849	1787825061285107968	47.642507114497306	-122.14016473372573	117.19377076136956	-0.04833174507745852	0.013605701861660456	-0.0056209456265170436
338.195606	1787825061384108288	47.642502299315474	-122.14021754437023	119.03287123610404	0.07597396606865753	-0.0008278331197644509	0.021870582232129468
338.304642	1787825061492108032	47.64251108811644	-122.14023563758656	118.9038837123144	-0.014285842275474477	0.045119575875360585	0.02827804369626935
338.396320	1787825061585108224	47.64252488583096	-122.1401978336874	114.18687047179647	-0.11322834624794509	0.050890905930772716	0.013224754497277731
338.503540	1787825061693108224	47.64252042869954	-122.14022590629146	115.13331794899588	0.06328283071217976	0.03870962021222299	0.04283845331818003
338.594920	1787825061783108352	47.64251388826588	-122.14017313704275	118.58966339916003	0.0170837370268768	-0.02470281394640353	-0.03579270325076927
338.696739	1787825061885108224	47.64250996969986	-122.14017737571196	115.35223144625573	0.02184245012368616	-0.028687915328584553	0.04668639712186262
338.798216	1787825061987108352	47.642529040527	-122.14021281099375	114.68180984048297	0.11925173658092336	0.007403059775463955	-0.027690365633670402
338.903443	1787825062092108288	47.64253140244134	-122.14021329788578	112.14160203879575	-0.05537302471780048	-0.01841677594285432	0.09940034040724571
338.999880	1787825062188108288	47.642514979900916	-122.14021043149754	115.03639501679496	0.03394555609607799	0.018454470836538533	-0.015622708419578342
339.087512	1787825062275108096	47.64250257693717	-122.14020558486638	116.11974223178115	0.06242330141960017	-0.0695911306917815	-0.010711407682694263
339.189142	1787825062377108224	47.64250233856711	-122.14023579697634	111.3836846373861	0.02166736221463394	0.04595086956432954	-0.021983497000943625
339.303850	1787825062491108096	47.64252204237326	-122.14021644777009	120.3472693749638	-0.01186657712627391	-0.02783299401427595	0.01194358620283314
339.403974	1787825062593108224	47.642503320596816	-122.14020541711919	119.28482838074083	0.07418395564608996	0.009524381724214586	-0.06276320526147879
339.499441	1787825062686108160	47.64253455458536	-122.14017464838633	117.11772530292762	0.007838299085669768	0.024712715362127213	0.005801532617677456
339.605085	1787825062794108160	47.64249051356506	-122.14019849769292	117.0150108972743	0.008226989659680661	0.1276439184655271	0.015748036331269585
339.694472	1787825062881108224	47.642508268501935	-122.14021349710555	117.15200475395122	0.0528556307009782	0.05771531379730291	-0.024898727696448117
339.804919	1787825062992108032	47.64250894148783	-122.14023239154065	115.17051176293904	0.021414051242614085	0.008639928249914683	0.013321011145760118
339.896695	1787825063085108224	47.64249317528546	-122.1402114819237	114.43339313691696	-0.08398733092652355	0.025988415164777012	-0.0407963920960994
340.004833	1787825063193108224	47.64251448661123	-122.14020935324278	115.6238926811436	-0.03202475359061787	-0.007164751666922781	0.011932476799297332
340.102168	1787825063289108224	47.64251780026036	-122.14014104190993	112.4663430683537	-0.05891334694896266	0.0282347613465153	0.04194400865970552
340.212854	1787825063400108032	47.64250965155119	-122.14018013393067	118.8386338992008	-0.0378392448378228	0.041783068201958665	-0.040075419329386436
340.291422	1787825063478108160	47.6424908249394	-122.14021296234498	115.15377993940045	0.006518024060773352	-0.10436998907289308	0.045400909488049035
340.402369	1787825063589108224	47.64252058083914	-122.14023945288525	118.14787375965174	-0.06610667788766514	0.029666773513309694	0.011548148256207195
340.488832	1787825063676108032	47.64252005265308	-122.14019950099357	115.00975981188004	0.016982528016422246	0.018356807602401132	-0.010238729752257095
340.594272	1787825063781108224	47.64251260919552	-122.1401685348141	117.99709274959159	-0.0476231325438263	-0.04994065643641091	-0.042195008335434846
340.706191	1787825063895108096	47.64249799729279	-122.14018455962187	115.16717724097285	0.056856206682268574	0.09190378526789533	0.015364764633898902
340.812857	1787825064000108288	47.64250581351346	-122.14018315558444	115.95989677667458	-0.007976368439980812	0.057583541426485224	-0.011504960982137309
340.892071	1787825064081107968	47.642492553315165	-122.14021285575346	119.82797129532716	0.005216529139572016	0.023378665760829535	-0.03384217523217474
340.993344	1787825064180108288	47.64252651044041	-122.14019797957808	118.30895123615629	0.01982597389806426	0.028953801593574136	-0.005286025268333124
341.089616	1787825064279108352	47.64252117040624	-122.14018502975081	118.33611931595823	-0.01436517993599319	0.03847712893453197	-0.007564870551436337
341.202817	1787825064390108160	47.64251453878006	-122.14020468655288	120.26842594568771	-0.01331243410534904	-0.026668812872573184	0.028123859048787166
341.299552	1787825064489108224	47.64252356162441	-122.1401942934372	115.2007978336923	-0.0013641290405450618	0.03508731636275074	-0.01180932114749157
341.395432	1787825064582108160	47.6425168581539	-122.14016616853215	117.97054670058024	0.05863896562114216	0.04522685143292055	-0.042508067528033155
341.493417	1787825064681108224	47.64250048405211	-122.14018532682996	118.42101741612397	-0.03168501421898359	0.08342600212196957	0.007400018136637473
341.595855	1787825064783108352	47.64251188624815	-122.14024215377623	118.98216471390833	-0.03694619639335398	-0.05027022980163586	-0.009937583815628289
341.703504	1787825064891108352	47.642493885581224	-122.14019899860894	121.31057597753166	-0.008465401108953106	-0.025651584356839847	-0.04096100664450274
341.791924	1787825064981108224	47.64250419608433	-122.1401824230432	115.29972405847066	0.044735420296808465	-0.001274925053130544	-0.018673528278164733
341.888344	1787825065077108224	47.64251421984774	-122.14023777219911	117.2082414070574	0.08319547140613638	0.022714340303766973	-0.007068129135017018
341.998844	1787825065188108288	47.642493302415716	-122.14021530164192	117.18198253722072	0.018139206638604372	-0.016972060973167388	0.049386316756548566
342.097888	1787825065287108096	47.64250000287756	-122.14019556849415	120.5110028823025	0.03466413797708961	0.06732941115890952	-0.01226562187763771
342.194890	1787825065383108096	47.642514615795484	-122.14017681558775	120.3333391396791	-0.042006295092587645	0.011106139617908968	0.046242593513131224
342.313883	1787825065503108352	47.64250915735618	-122.14018417361818	119.54042592976847	0.050938291054145504	0.008528761310451783	0.05171429926273642
342.386450	1787825065575108352	47.64252671932502	-122.14022906574374	119.08476914519365	0.030184502286265194	-0.029030638326102438	0.030946971397136314
342.490049	1787825065677108224	47.64250434283245	-122.14017653651051	116.11914326077324	-0.058692483595848305	0.04227451275499221	0.04253435933730052
342.592073	1787825065779108352	47.64252254915216	-122.14020479322367	116.30886144845982	0.04906654436513206	-0.016985637181063634	0.010466029542793014
342.709204	1787825065896108032	47.642522026229265	-122.14018850364141	116.57000464599591	-0.03003359017833203	-0.0687785000530609	0.02792482727630957
342.792341	1787825065980108288	47.64250530934423	-122.14024732238036	117.55950833523666	0.04471294440487775	0.008357890650555044	0.06914129351097548
342.905145	1787825066094108160	47.6425119922947	-122.14018478899295	116.37847028458128	0.003668947646551511	-0.03942862243663318	0.007938250099436748
342.997087	1787825066184108288	47.642513857445365	-122.14019767552399	116.22810111265402	-0.017337129481824164	0.02932514355595608	0.0473226421900027
343.090294	1787825066277108224	47.64252462015168	-122.14021398958485	117.04763401140508	0.006958381585738086	0.06862332445861209	-0.007680411904022268
343.203827	1787825066391108352	47.64252564030464	-122.14019495979427	116.49598757459894	-0.00690539556385878	0.06912134318232806	-0.033271361775946896
343.304230	1787825066493108224	47.642517687561714	-122.14019083551372	116.87906267205861	-0.00970061719926324	-0.018025438206811992	0.015982057429061256
343.396423	1787825066583108096	47.64252163492425	-122.14019673618958	117.19751512155293	0.11081861893279517	-0.05399910078897237	-0.04884190023873407
343.490375	1787825066679108096	47.642531193209365	-122.14023083671091	118.32504567361131	0.0729026165092441	-0.006893016073611778	-0.028211922129819957
343.606786	1787825066796108288	47.64249433615426	-122.140206656273	116.15547270146696	0.06909197379249697	0.07669663833275629	-0.05964142458318002
343.701071	1787825066889108224	47.64252281853003	-122.14020077773634	116.28769893983844	0.020373046855846857	-0.03099328345775644	-0.0597366300267507
343.798758	1787825066988108032	47.64248457697628	-122.14017883740962	118.39312212196273	-0.030262078617627794	-0.040455222042861685	-0.014457488204137937
343.905536	1787825067093108224	47.6425213093382	-122.1402079253883	116.04405721377648	-0.030702306898933177	0.011845632326437178	0.06283898008139667
343.996842	1787825067186108160	47.642502921712406	-122.1401838375654	109.86249417753596	0.0269624824156707	-0.045851946249201275	0.0072379586628392835
344.099738	1787825067288108032	47.64252167449577	-122.1401985174429	115.2385504100889	0.03361439392902728	0.06878004919426399	-0.04018315199066612
344.210598	1787825067399108096	47.64251582467174	-122.14020795472496	116.23288706544234	-0.03829280238965466	0.015945567659564463	0.007402829567711009
344.298743	1787825067486108416	47.64252306671773	-122.14016744927692	118.70863899545603	-0.0026099821036137047	0.02377380606836022	0.04520936067539921
344.399376	1787825067588108288	47.642535508656835	-122.14019681786469	115.34726083864795	-0.017749131119034856	0.015373173889176235	-0.03744491729031207
344.515736	1787825067705108224	47.64249089462556	-122.14019877191963	118.58814153079237	0.06156167193998009	0.03522042704797913	-0.023081032940001137
344.596400	1787825067783108352	47.64251561889871	-122.1402129149229	114.67668860730134	0.07380445899500251	-0.07034496339192658	-0.08522151938894358
344.698926	1787825067888108288	47.64252321471824	-122.14020686278559	115.74314415363055	-0.04235707652518164	0.05216628456341438	0.008632439218271795
344.801218	1787825067990108160	47.642505757126784	-122.14023974511777	115.02056483181615	-0.049815893553318946	-0.05713641723314995	-0.09645506144600605
344.902249	1787825068089108224	47.64250326702121	-122.14021179665934	116.88289846537478	-0.03668568375417732	-0.05901164697493462	-0.01944716544733069
344.998955	1787825068188108288	47.64247270093154	-122.1401968432769	117.70895560968053	0.036376321787377125	0.015489760769540513	0.08203792170707423
345.097632	1787825068287108096	47.642514017556366	-122.14022266989166	117.89244620058554	0.04517375905865027	0.12976301351194594	0.09885443215559216
345.191887	1787825068380108032	47.64249225285205	-122.14021051722145	116.13837492562381	-0.013746698861396192	-0.08320774609402348	-0.027098844657987637
345.307837	1787825068497108224	47.642490081107525	-122.14019600839605	121.7341978332628	-0.01655971646429161	0.005903230535347074	0.06519967136518913
345.393930	1787825068581107968	47.64252004915138	-122.14021594529166	118.37401541387729	-0.029584403719426857	-0.037525577736814676	0.012731810998832705
345.503858	1787825068692108032	47.64249693061124	-122.1401743881709	117.97749384271475	0.006886043649560834	-0.06257981568066782	-0.015530824589377388
345.603381	1787825068791108096	47.64251089410508	-122.14019749486775	112.15782506606936	0.007225427033303856	-0.06588624899241079	0.006410007014157698
345.699349	1787825068887108096	47.64254128075969	-122.14018680307147	117.79429230904981	-0.04370828475522246	0.09189489534313477	0.005154317149396954
345.791280	1787825068980108288	47.64253077518919	-122.14019903874886	117.39455046862854	0.012417721995160433	-0.02028846991821004	-0.09247983935168291
345.898992	1787825069088108288	47.64248964291232	-122.14020879676113	116.03348216823733	0.11143212950666666	-0.06396820858034048	0.046598737974739735
346.004411	1787825069193108224	47.64251534672422	-122.14019203267387	116.43020938413055	-0.026563588068646074	-0.06596131966267148	-0.011798922831995306
346.103643	1787825069292108288	47.6425188312513	-122.14019302099648	119.06031719009135	0.027845278481209126	0.021473407854853313	0.004008705770923645
346.200491	1787825069388108288	47.64251041041004	-122.14018000580091	115.38045999631606	-0.02333074877256107	0.047464502168007176	0.05390435565590599
346.295116	1787825069484108288	47.64248746387393	-122.1402041106653	120.06193319053467	-0.01871861649683371	-0.08452000678606462	0.008341486566767543
346.400610	1787825069589108224	47.64251680533556	-122.14023005226112	117.99594057024757	0.06092437307873331	-0.08188555674469244	-0.0521586965146429
346.490807	1787825069679108096	47.6425276573678	-122.14020955462752	117.9767967762056	-0.027024515987796746	-0.044281035680286226	0.019485829916991583
346.605146	1787825069793108224	47.64251227996806	-122.14019332553853	113.84669902111784	0.008791966059765852	0.0928770875303654	0.04249177781665579
346.699875	1787825069889108224	47.64251649537135	-122.14022343209004	115.78902105098562	0.05236658682514994	0.06923042756237272	-0.02035714413845664
346.802218	1787825069991108096	47.642529539398296	-122.14022997871362	115.05582053046034	0.08684154843308034	-0.11176673083736495	-0.03121885855356842
346.902001	1787825070090108160	47.64252175379896	-122.14023782727001	113.58018451315358	-0.0098737354995436	0.024139987227214534	0.13377051027511297
347.002815	1787825070192108032	47.642510805056574	-122.14020408158301	120.51275244572093	0.03315712632686927	0.09279831912416003	-0.005329300211198778
347.101377	1787825070288108032	47.642522724242745	-122.14021804453449	113.19607742236569	0.03145693149790351	0.027116957701778695	0.017044915028209127
347.202456	1787825070390108160	47.64252144520485	-122.1401522629041	114.32780944887993	-0.030979070448707485	-0.023847388483743008	-0.05572357177043814
347.302657	1787825070492108032	47.6424990938467	-122.14015281398206	115.12829839809294	-0.10181179974521169	0.015894345655557484	-0.007647663362971336
347.393027	1787825070582108160	47.64252287989993	-122.14021331359861	116.99643886391877	0.015102636790911526	0.0646392172834954	-0.026724975254618547
347.502460	1787825070690108416	47.642518616922686	-122.14019831913119	117.55781415240166	0.06953804953895215	0.04252445270332248	-0.011391741710410776
347.601897	1787825070789108224	47.64250687699523	-122.14016776946298	119.60502482893139	-0.059260898939971274	-0.035323156586601456	0.04552127891672664
347.693770	1787825070882108160	47.642488383133696	-122.14018377244898	113.68256859684837	0.029108674779670603	-0.009357834754492571	0.010363211669685731
347.790616	1787825070978108160	47.64249389889682	-122.14015474306646	118.45155808029621	-0.030846622794241114	-0.06661824012950131	0.06991422360382861
347.913436	1787825071101108224	47.64248739856211	-122.1401715551628	119.41800454909036	0.03512529860973072	-0.03891685495516708	0.048925586946415286
347.999764	1787825071188108288	47.64252819807784	-122.14019709848995	115.81112633355848	-0.005894818091579397	-0.09152442076343548	-0.02741354035540143
348.096745	1787825071284108288	47.642522430766405	-122.14015046013937	114.8715633031772	-0.04243797099700632	-0.006311572765661449	-0.008969430628588789
348.195352	1787825071383108096	47.64251655239542	-122.14023470951187	114.39384795047627	0.032110240807387946	0.02820863674545014	-0.05243774302309904
348.298835	1787825071488108032	47.64251230677538	-122.14019501857462	113.64102525597248	-0.016990600148119327	-0.03478732147156504	-0.0405228691539407
348.406960	1787825071596108288	47.64251825212554	-122.14016508672307	114.38537068934973	-0.107287375986061	-0.08023712617866584	0.026218588866158285
348.504515	1787825071692108032	47.642482997341666	-122.1401641480013	114.17313762238017	-0.015359616334931398	-0.026722890358331156	0.06291089697407808
348.585604	1787825071773108224	47.642514045234904	-122.14020077329332	114.06730362055181	0.002038627672079396	-0.03278396208236136	0.04833735931182043
348.696191	1787825071884108288	47.6425198412432	-122.14017857227931	120.41473904682053	0.05076489147530701	-0.042389678360239824	0.05490636152434926
348.801052	1787825071989108224	47.64249976471997	-122.14017577937484	117.37076761181696	0.012461183842540937	-0.07482905881994731	0.01560095701276032
348.896162	1787825072085108224	47.64250777746972	-122.14018496105238	119.95830366085508	-0.05882998672811715	-2.688685856644094e-05	-0.05614782342511113
349.002444	1787825072190108416	47.64252126665411	-122.14017952094667	120.44302241313216	0.0033291993604362535	0.08001985025671247	0.010592120848049613
349.093182	1787825072280108288	47.642511808079014	-122.14026004022934	115.63329409481348	-0.02465289689535517	-0.08169028090529559	-0.04564428709413552
349.204404	1787825072391108352	47.64250209468899	-122.14021904660102	120.01948296091315	0.00602736587035359	0.06282265786814384	0.022419559363985205
349.299275	1787825072487108352	47.64249435831556	-122.14017689527267	119.6319361383396	-0.050076947582539215	0.07234345970973054	0.05815159506779895
349.399563	1787825072589108224	47.64251806929929	-122.14020376456435	119.03642562052863	0.041178218764477685	0.06821160903897196	-0.029022833160989858
349.504448	1787825072691108352	47.642520254128584	-122.14017037434586	113.56303220583796	-0.010259801217692979	-0.04366656668658625	-0.015297753607837632
349.600166	1787825072787108096	47.642508563685915	-122.14017978120431	116.66244803822018	0.03682296417011756	-0.0768348829302884	0.10975490186690405
349.700378	1787825072889108224	47.642505407300106	-122.14017529103248	116.66445585293745	-0.0037606498330823427	-0.061449167480645064	0.07273010781435352
349.806054	1787825072994108160	47.64252881281933	-122.14016833123112	118.18570099538093	0.00733251218009736	-0.027805355613770833	0.05070251968748331
349.903042	1787825073090108160	47.64252451802446	-122.14019053235681	119.3881956137781	-0.0949595939852937	0.07746161991024525	0.027941020863803158
